seed,subject,method,k,file,true_id,true_label,pred_id,conf,correct,logits
43,sub10,supMAE,1,sub10-a__0001__wave.npy,21,wave,21,0.99999976,1,"[-1.53754, 2.53341, -0.38963, 7.7898, -3.38408, -5.22675, -0.12655, 1.66367, 3.3885, -3.3558, 1.50248, -7.89889, 1.13718, 3.60194, -8.78124, 2.78869, -7.84523, 3.63474, -0.91154, -6.45117, 0.99381, 23.02717]"
43,sub10,supMAE,1,sub10-a__0002__wave.npy,21,wave,21,0.99999964,1,"[-0.96827, 2.21032, 0.58891, 7.32871, -3.66297, -5.61111, -0.17617, 1.11116, 3.39122, -3.2205, 1.75148, -8.07665, 1.57089, 3.36306, -8.67613, 3.28717, -9.00577, 4.40277, -2.19974, -6.24167, 2.27465, 22.31846]"
43,sub10,supMAE,1,sub10-a__0003__wave.npy,21,wave,21,0.9999956,1,"[-1.09724, 2.49616, 1.06245, 8.21962, -3.13274, -3.75706, -0.35575, 3.93881, 2.73343, -3.34324, 0.85075, -7.55458, 1.09914, 3.67982, -9.09255, 2.88613, -8.09415, 3.45006, -2.01646, -6.03861, 1.66399, 20.57882]"
43,sub10,supMAE,1,sub10-a__0004__wave.npy,21,wave,21,0.999998,1,"[-0.86122, 1.99845, 1.6452, 8.51495, -3.59807, -4.67116, -0.92178, 2.5393, 3.26057, -3.42862, 1.45766, -7.90172, 1.14459, 3.43054, -8.78523, 2.76209, -8.6678, 3.47287, -2.9826, -5.7418, 2.07462, 21.65265]"
43,sub10,supMAE,1,sub10-a__0005__wave.npy,21,wave,21,0.9999466,1,"[-1.22299, 1.59984, 1.88226, 10.69499, -2.73259, -4.00659, -0.07917, 4.94299, 1.28477, -3.81564, 0.97199, -7.4983, 0.28829, 6.059, -8.85271, 2.34853, -7.22583, 2.46316, -2.22267, -5.99822, 0.69612, 20.5448]"
43,sub10,supMAE,1,sub10-a__0006__wave.npy,21,wave,21,0.999995,1,"[-0.83742, 1.4865, 1.96163, 9.59958, -3.3185, -5.35142, 0.23128, 2.60654, 2.20916, -3.6715, 1.54635, -7.885, 0.81629, 5.44122, -8.41567, 3.08296, -8.40772, 3.29298, -3.11425, -5.99634, 1.52512, 21.82827]"
43,sub10,supMAE,1,sub10-a__0007__bow.npy,2,bow,2,0.9982944,1,"[2.21625, -2.17764, 14.92787, 8.52915, -8.04682, -8.44317, 3.1606, -5.90389, 1.76199, -4.7002, 1.85625, 1.18391, 2.64929, 0.43708, 0.36191, 0.75441, -6.59218, -1.66324, -10.39084, -0.89486, 3.44755, 3.60056]"
43,sub10,supMAE,1,sub10-a__0008__bow.npy,2,bow,2,0.9994222,1,"[2.4459, -2.89026, 15.55047, 8.05808, -7.46741, -7.79453, 3.76566, -5.63112, 1.16231, -4.56715, 1.12426, 2.51844, 2.26326, -0.33033, 0.60549, 1.29535, -6.00028, -1.65003, -10.73507, -1.17725, 2.8005, 2.43917]"
43,sub10,supMAE,1,sub10-a__0009__bow.npy,2,bow,2,0.9981185,1,"[3.01486, -1.93794, 14.37549, 8.07399, -8.31532, -7.67418, 2.68156, -6.29559, 2.01583, -4.1752, 2.44773, 2.03339, 1.51559, -1.15263, 1.28499, 0.13998, -5.87324, -2.77818, -9.7111, -0.30224, 2.70204, 1.09622]"
43,sub10,supMAE,1,sub10-a__0010__bow.npy,2,bow,2,0.9988881,1,"[2.50807, -2.6094, 14.89099, 8.06187, -7.53349, -8.10253, 3.2093, -6.13407, 1.61066, -4.53366, 1.65756, 1.78955, 1.55122, -0.36797, 0.77812, 0.98577, -6.36243, -1.79301, -10.04048, -0.58986, 2.95268, 2.11965]"
43,sub10,supMAE,1,sub10-a__0011__bow.npy,2,bow,2,0.99893934,1,"[2.49551, -2.43697, 14.8301, 7.94231, -7.9754, -8.19457, 3.30203, -6.01465, 1.60994, -4.61389, 1.78114, 1.62434, 2.6391, -0.14508, 0.75133, 0.77071, -6.38453, -1.9547, -10.40836, -0.97806, 3.16753, 2.76704]"
43,sub10,supMAE,1,sub10-a__0013__crossarms.npy,5,crossarms,5,0.9871213,1,"[0.23712, 0.86214, -0.64164, 8.93594, -0.63312, 13.54017, -3.42835, 7.15763, -4.50059, 0.57462, -3.00805, 2.567, -4.9654, 2.35034, -0.03279, -0.49312, 6.85913, -3.65704, 3.64381, -4.65276, -4.66815, -12.28548]"
43,sub10,supMAE,1,sub10-a__0014__crossarms.npy,5,crossarms,3,0.89587826,0,"[0.47916, -0.08284, 0.08897, 13.09196, -1.3965, 10.90757, -4.36776, 6.09113, -4.49009, -0.11804, -1.08639, 0.76094, -6.17342, 4.52264, 0.66211, -2.45251, 7.10336, -5.41477, 3.17075, -4.09315, -4.92242, -10.40966]"
43,sub10,supMAE,1,sub10-a__0015__crossarms.npy,5,crossarms,3,0.9856289,0,"[0.12857, -0.11781, 0.45052, 14.75459, -1.56878, 10.48481, -4.45642, 6.09763, -4.25581, -0.59878, -1.00057, 0.01056, -6.39394, 5.41812, 0.26558, -2.087, 6.72608, -5.1367, 2.54499, -4.00597, -5.28785, -8.20432]"
43,sub10,supMAE,1,sub10-a__0016__crossarms.npy,5,crossarms,3,0.9869646,0,"[0.7408, -0.33721, 0.09861, 14.30792, -1.94093, 9.92682, -4.81558, 5.52959, -4.09429, -0.28881, -0.26425, -0.13353, -6.28377, 4.92587, 0.68865, -2.75887, 6.58714, -5.59244, 2.70126, -4.05774, -4.99505, -8.75195]"
43,sub10,supMAE,1,sub10-a__0017__crossarms.npy,5,crossarms,3,0.99517906,0,"[0.60745, -0.42765, 0.25685, 15.09202, -2.37356, 9.71918, -4.96675, 5.43419, -3.48631, -0.67049, -0.07903, -0.61759, -6.08699, 4.99025, 0.21644, -2.48559, 5.82679, -5.0324, 1.84973, -3.82919, -4.60786, -6.73497]"
43,sub10,supMAE,1,sub10-a__0019__airpunch.npy,1,airpunch,10,0.3579416,0,"[4.76937, 4.27175, 1.52362, 6.43292, -10.64784, -3.14187, -4.62355, -8.33446, 6.38994, -0.06619, 6.79955, -1.16027, -2.08161, -4.69515, 5.26053, -2.37728, -1.38746, -5.72854, -1.72349, 1.02682, -0.64751, -3.23486]"
43,sub10,supMAE,1,sub10-a__0020__airpunch.npy,1,airpunch,1,0.5175788,1,"[-0.15279, 9.78042, -2.53562, -5.30219, -4.65889, 1.06693, -2.30491, -1.70979, 9.7051, 1.07727, -1.02013, -1.16521, 2.09383, -9.984, -0.30265, 0.98983, -2.10107, -0.08162, 2.1103, 3.70212, 2.54362, -3.89943]"
43,sub10,supMAE,1,sub10-a__0021__airpunch.npy,1,airpunch,8,0.66067344,0,"[-0.01482, 7.32203, -3.51848, -3.47654, -3.88292, -0.66588, -0.88267, -1.72046, 8.03984, 0.40752, -0.53269, -3.64812, 1.3618, -6.94684, -1.52256, 2.24117, -4.06225, 1.18309, 3.25265, 2.29116, 3.09802, -0.0077]"
43,sub10,supMAE,1,sub10-a__0022__airpunch.npy,1,airpunch,1,0.993049,1,"[-1.05068, 11.20041, -2.296, -5.7144, -2.20993, 0.27457, -0.41662, -1.13233, 5.90645, 1.45595, -2.27446, -0.47109, 1.37851, -7.20387, -2.16944, 3.34972, -1.61708, 0.32595, 4.4959, 2.49355, -0.13081, -3.77659]"
43,sub10,supMAE,1,sub10-a__0023__airpunch.npy,1,airpunch,1,0.61241263,1,"[-0.31128, 9.63964, -2.8061, -4.17948, -4.47844, 0.57289, -1.67208, -1.14122, 9.17427, 0.80288, -1.06376, -1.68654, 1.914, -8.51004, -0.84961, 1.18651, -2.02337, -0.26613, 3.06221, 3.46876, 1.74681, -2.37903]"
43,sub10,supMAE,1,sub10-a__0024__airpunch.npy,1,airpunch,8,0.9075274,0,"[0.73935, 8.69969, -2.88886, -1.32209, -6.72029, 0.08466, -1.95545, -1.05735, 10.99942, 0.33666, 0.32461, -2.45242, 1.53445, -8.53444, 0.84138, -1.8449, -1.7133, -2.60288, 2.58236, 4.07198, 2.28921, -1.29953]"
43,sub10,supMAE,1,sub10-a__0025__drink.npy,7,drink,7,0.97821254,1,"[-1.06301, 5.43934, 1.04973, 7.00908, 0.63747, 6.3119, -1.2917, 11.47483, -2.67585, -0.86741, -3.84971, -1.76107, -3.35798, 4.98323, -3.21133, -0.47866, 3.53136, -3.13494, 4.23474, -3.68021, -3.63531, -5.92273]"
43,sub10,supMAE,1,sub10-a__0027__drink.npy,7,drink,7,0.96752924,1,"[-1.42605, 4.26804, 0.49059, 8.34575, 0.88823, 6.3355, -1.72488, 12.08518, -4.2062, -0.98445, -3.70898, -1.60113, -3.8004, 6.29253, -2.94055, -1.94391, 4.74526, -3.64369, 6.08436, -3.91734, -4.05437, -7.17237]"
43,sub10,supMAE,1,sub10-a__0028__drink.npy,7,drink,7,0.91684395,1,"[-1.51671, 3.40686, 1.34226, 10.0771, 1.36945, 7.31863, -2.30204, 12.59852, -4.82004, -1.21155, -4.17622, -1.44896, -4.73414, 7.09302, -2.66288, -1.95977, 5.2749, -3.55443, 4.78441, -3.78271, -4.19596, -7.53334]"
43,sub10,supMAE,1,sub10-a__0029__drink.npy,7,drink,7,0.97553366,1,"[-1.84437, 4.02006, 1.03858, 8.85691, 1.36923, 6.90638, -1.98752, 12.80138, -4.51588, -1.3817, -4.38063, -1.73992, -3.87605, 6.58002, -3.72038, -1.40901, 4.50849, -2.80023, 5.30158, -4.39392, -3.94427, -6.22731]"
43,sub10,supMAE,1,sub10-a__0030__drink.npy,7,drink,7,0.9790495,1,"[-2.63833, 3.97116, 1.30663, 9.5915, 1.66988, 6.69665, -1.495, 13.60185, -4.86276, -1.93444, -4.75289, -1.44569, -3.85823, 7.25038, -4.63443, -1.29699, 4.45097, -2.48124, 5.61708, -4.4853, -3.98008, -4.99635]"
43,sub10,supMAE,1,sub10-a__0031__brushteeth.npy,3,brushteeth,3,0.99968684,1,"[-0.0724, 3.36594, 5.80316, 15.15471, -3.06483, 1.87265, -3.13921, -2.1239, -0.89652, -3.12468, 0.58914, -1.62161, -6.82638, 6.70212, -1.82869, 1.7816, 1.59384, -3.35121, -1.70023, -3.18304, -4.10947, -1.45809]"
43,sub10,supMAE,1,sub10-a__0032__brushteeth.npy,3,brushteeth,3,0.99975616,1,"[0.04318, 3.33501, 4.77619, 14.28857, -3.72814, 2.42093, -3.88471, -2.55177, -0.37953, -2.82068, 1.04208, -1.50767, -6.26049, 5.39365, -1.58999, 1.30702, 1.38668, -2.90404, -1.48349, -3.25496, -3.17127, -1.88576]"
43,sub10,supMAE,1,sub10-a__0034__brushteeth.npy,3,brushteeth,3,0.9996339,1,"[-0.05928, 3.13617, 5.50369, 14.68829, -3.23276, 1.99848, -3.75847, -2.28404, -0.94739, -3.16504, 0.85239, -1.79032, -6.55833, 6.37826, -1.89746, 1.23811, 1.2904, -3.05826, -1.58901, -3.22414, -3.20831, -2.13129]"
43,sub10,supMAE,1,sub10-a__0035__brushteeth.npy,3,brushteeth,3,0.9994947,1,"[-0.02489, 3.05737, 5.84621, 14.65659, -3.23599, 1.6016, -3.55657, -2.29943, -1.15338, -3.28406, 0.94897, -1.88252, -6.4095, 6.67134, -1.91944, 1.166, 1.00053, -2.99483, -1.68438, -3.21671, -2.91433, -2.30902]"
43,sub10,supMAE,1,sub10-a__0036__highfive.npy,8,highfive,8,0.9961903,1,"[2.26204, 7.45787, -0.64104, -1.50722, -9.81678, -0.18171, -6.48269, -4.36168, 13.21449, 0.39097, 1.71263, -2.54534, 3.23366, -13.65912, 1.71946, -4.0331, -3.80202, -1.63583, -1.66512, 4.09246, 5.53502, -1.55847]"
43,sub10,supMAE,1,sub10-a__0037__highfive.npy,8,highfive,8,0.98865324,1,"[2.39245, 7.43024, -1.07606, -3.32499, -9.21247, 1.27501, -5.83133, -3.53516, 12.0742, 1.0748, 1.09168, -1.35119, 3.60597, -14.25545, 1.71858, -3.66163, -3.11554, -1.32345, -0.91781, 3.51978, 5.42749, -4.2721]"
43,sub10,supMAE,1,sub10-a__0038__highfive.npy,8,highfive,8,0.9904122,1,"[2.29049, 6.86393, -1.28349, -3.17073, -9.68178, 0.88183, -6.46862, -3.96095, 12.01957, 0.93585, 1.34138, -1.54116, 4.13749, -14.38931, 1.86811, -4.25423, -3.57864, -1.03349, -1.14296, 3.41489, 6.27306, -3.83513]"
43,sub10,supMAE,1,sub10-a__0039__highfive.npy,8,highfive,8,0.9863652,1,"[2.08051, 7.16528, -1.56251, -3.80437, -9.29997, 1.6377, -5.57499, -3.24728, 11.71257, 1.24749, 0.87239, -0.61779, 4.05744, -14.45371, 2.00222, -3.89027, -2.74048, -1.2721, -0.56047, 3.54629, 5.61084, -4.75138]"
43,sub10,supMAE,1,sub10-a__0041__highfive.npy,8,highfive,8,0.9956049,1,"[2.61156, 7.37873, -1.25267, -2.70471, -10.44693, 1.15164, -6.74948, -4.25201, 13.00779, 1.03231, 1.54719, -1.30776, 3.94998, -14.97706, 2.79323, -4.84656, -2.70755, -2.43989, -1.87917, 4.11756, 5.35598, -3.59857]"
43,sub10,supMAE,1,sub10-a__0042__wave.npy,21,wave,21,0.9999975,1,"[-1.50194, 4.55775, 0.5868, 6.70187, -4.81912, -4.36946, 0.09493, 1.18818, 6.41367, -2.75157, 0.49064, -5.73139, 1.82465, 0.29345, -6.93782, 2.77628, -6.98979, 3.08414, -2.61414, -4.13828, 2.1713, 20.29247]"
43,sub10,supMAE,1,sub10-a__0043__wave.npy,21,wave,21,0.99999666,1,"[-1.0499, 4.41174, 1.68425, 6.70285, -5.70076, -5.20264, -0.52974, -0.5079, 7.61486, -2.91877, 0.97596, -5.90413, 2.1277, -0.55602, -6.2053, 2.61385, -7.71088, 3.08421, -4.51837, -3.47592, 3.0417, 20.61836]"
43,sub10,supMAE,1,sub10-a__0044__wave.npy,21,wave,21,0.9999995,1,"[-1.61238, 4.17098, 1.63131, 6.4825, -5.44748, -5.6461, -0.93828, -1.24254, 7.46806, -3.22818, 1.04335, -6.16595, 2.34844, -0.39001, -6.88898, 2.81205, -7.95834, 3.74681, -4.51973, -4.19633, 2.99481, 22.33477]"
43,sub10,supMAE,1,sub10-a__0045__wave.npy,21,wave,21,0.9999598,1,"[-1.21712, 4.78088, 1.71306, 8.42912, -5.4697, -3.57607, -0.63479, 2.09345, 6.86631, -2.88662, 0.50962, -5.35496, 0.90015, 0.22729, -6.06526, 1.35065, -5.90321, 1.14767, -3.3819, -3.02188, 1.66654, 18.76996]"
43,sub10,supMAE,1,sub10-a__0046__wave.npy,21,wave,21,0.9999918,1,"[-1.57199, 3.84056, 2.50655, 9.25081, -5.02861, -4.52536, -1.29033, 1.52007, 6.60241, -3.41378, 0.72401, -6.1822, 0.84985, 1.25523, -6.63868, 1.65533, -6.93284, 2.08519, -4.74834, -3.25846, 2.36177, 21.03551]"
43,sub10,supMAE,1,sub10-a__0047__bow.npy,2,bow,2,0.99929166,1,"[1.95327, -2.49676, 14.31332, 6.4486, -9.86726, -7.09464, 2.83695, -6.08713, 4.00534, -4.20055, 1.5754, 5.15652, 4.06464, -4.38508, 2.11467, -0.86643, -5.28094, -1.71945, -11.91966, 1.33651, 5.24619, 2.76447]"
43,sub10,supMAE,1,sub10-a__0048__bow.npy,2,bow,2,0.9997366,1,"[1.53098, -3.58018, 15.05294, 6.0722, -8.20421, -6.68333, 4.14464, -5.46309, 2.8293, -4.58916, 0.12342, 5.48598, 3.58138, -3.51648, 1.64683, 0.52043, -5.06862, -0.53867, -12.32314, 0.4674, 4.41542, 2.9824]"
43,sub10,supMAE,1,sub10-a__0049__bow.npy,2,bow,2,0.9997404,1,"[1.66716, -3.77852, 15.43912, 6.51276, -8.23093, -6.22902, 4.26842, -5.18533, 2.22648, -4.61514, 0.00867, 6.12274, 3.41012, -3.4278, 1.88478, -0.0015, -4.5958, -1.28509, -12.1104, 0.60715, 3.99381, 1.72009]"
43,sub10,supMAE,1,sub10-a__0050__bow.npy,2,bow,2,0.9997695,1,"[1.37216, -3.01867, 15.90312, 7.09696, -7.87874, -6.63181, 4.98655, -5.05591, 2.28548, -4.77111, -0.25096, 6.05506, 3.04869, -2.62511, 1.51669, 0.32413, -4.22938, -1.68768, -11.84195, 0.37582, 3.17693, 2.39605]"
43,sub10,supMAE,1,sub10-a__0051__bow.npy,2,bow,2,0.99953306,1,"[1.88823, -3.40474, 15.09215, 6.12513, -8.66333, -5.92413, 4.15247, -5.27189, 2.72767, -4.06634, 0.40144, 6.94045, 3.2486, -4.44643, 2.29069, -0.17931, -4.01984, -1.52459, -12.10211, 0.56129, 4.01298, 1.31804]"
43,sub10,supMAE,1,sub10-a__0052__crossarms.npy,5,crossarms,5,0.9990619,1,"[-0.11487, 1.95991, -1.16357, 7.73292, -1.6822, 15.56897, -4.40553, 7.01676, -1.78345, 0.97687, -4.01465, 4.01677, -4.64557, -1.60697, 0.21634, -0.4028, 7.57493, -2.6173, 1.9774, -3.76454, -4.41536, -10.98292]"
43,sub10,supMAE,1,sub10-a__0054__crossarms.npy,5,crossarms,5,0.9737781,1,"[-0.28309, 0.56387, -0.43716, 10.57077, -1.46857, 14.28425, -4.63321, 7.1048, -2.70067, 0.48668, -3.21394, 3.31337, -5.5157, 0.29748, 0.37981, -1.19397, 7.93536, -3.10449, 1.32087, -3.86827, -4.21018, -9.91269]"
43,sub10,supMAE,1,sub10-a__0055__crossarms.npy,5,crossarms,5,0.9857153,1,"[-0.20465, 1.15572, -0.78884, 9.64302, -1.63146, 14.04431, -4.23571, 7.08011, -2.38577, 0.49271, -3.14013, 3.08191, -4.92824, 0.19802, 0.0277, -0.83615, 7.36483, -2.78817, 1.5756, -4.11246, -4.01217, -9.40052]"
43,sub10,supMAE,1,sub10-a__0056__crossarms.npy,5,crossarms,5,0.6382741,1,"[-0.25092, 1.15618, 0.407, 12.47897, -3.10221, 13.05232, -4.94892, 6.09205, -0.96997, -0.27349, -2.22382, 2.40625, -5.08208, 0.19708, 0.29069, -1.37394, 6.88441, -3.50079, -0.47255, -3.05703, -4.10786, -6.29202]"
43,sub10,supMAE,1,sub10-a__0057__airpunch.npy,1,airpunch,8,0.8229048,0,"[-0.06805, 8.8481, -2.35526, 0.00219, -5.68456, 1.25406, -3.11582, 1.05449, 10.39475, 0.0276, -0.00776, -2.95941, 0.66913, -7.18405, -0.00306, -3.26196, -0.73764, -2.82072, 3.14982, 3.17076, 2.49503, -2.63277]"
43,sub10,supMAE,1,sub10-a__0058__airpunch.npy,1,airpunch,8,0.9551099,0,"[0.76918, 9.02151, -2.72101, -0.38806, -7.18142, -0.0533, -3.03894, -1.61316, 12.08931, 0.11967, 0.58446, -2.82411, 0.95327, -9.34125, 0.8603, -3.33552, -1.43944, -2.83233, 2.6222, 3.8547, 2.39076, -0.74359]"
43,sub10,supMAE,1,sub10-a__0059__airpunch.npy,1,airpunch,8,0.7985001,0,"[0.43424, 8.36056, -4.67378, -3.0758, -5.32271, 0.36016, -1.81154, -1.15844, 9.76415, 0.67995, 0.07854, -3.20495, 1.73214, -8.14113, -0.06565, -1.2522, -1.9762, -1.52465, 4.35302, 2.29641, 2.61887, -1.45726]"
43,sub10,supMAE,1,sub10-a__0060__airpunch.npy,1,airpunch,8,0.65014786,0,"[0.149, 8.53316, -4.90426, -2.73936, -5.45319, 1.80416, -1.87897, -0.07893, 9.20202, 1.05583, -0.40868, -1.49231, 1.11785, -8.13962, 1.66486, -2.72071, 0.57471, -3.76467, 5.1869, 3.93644, 1.26203, -4.31969]"
43,sub10,supMAE,1,sub10-a__0061__airpunch.npy,1,airpunch,8,0.7688023,0,"[0.1515, 8.07268, -4.67479, -0.43159, -6.09982, 0.8505, -1.9397, 0.18256, 9.3472, 0.23556, 0.27569, -2.57851, 0.87133, -6.92187, 0.78803, -3.23088, -0.40249, -3.69716, 5.2987, 3.20954, 1.41505, -1.68251]"
43,sub10,supMAE,1,sub10-a__0062__airpunch.npy,1,airpunch,8,0.79012436,0,"[0.0021, 8.51684, -3.8616, -1.45451, -5.59259, 2.23425, -2.64584, 0.9742, 9.86989, 0.56061, -0.63828, -1.82543, 0.96118, -8.02783, 0.99974, -2.8753, 0.13088, -3.23272, 4.05755, 3.96137, 1.7846, -3.64249]"
43,sub10,supMAE,1,sub10-a__0063__drink.npy,7,drink,7,0.9953897,1,"[-2.27832, 4.52231, 0.56531, 6.40133, 1.56805, 6.67087, -0.8211, 12.94001, -3.78663, -1.23874, -4.82451, -1.18089, -2.66359, 5.5285, -4.57722, -0.21696, 3.29487, -1.44719, 5.06441, -4.43166, -2.60101, -5.01816]"
43,sub10,supMAE,1,sub10-a__0064__drink.npy,7,drink,7,0.9366866,1,"[-2.14383, 4.02374, 1.77867, 10.06548, 0.50882, 7.00663, -2.14299, 12.84058, -3.68848, -1.77809, -4.19117, -1.13466, -3.70077, 6.36025, -2.68577, -2.31706, 5.10848, -4.08036, 4.22035, -3.05282, -3.94654, -6.0693]"
43,sub10,supMAE,1,sub10-a__0065__drink.npy,7,drink,7,0.99060297,1,"[-1.74577, 3.7138, 0.28699, 6.40589, 1.63697, 7.54995, -1.2299, 12.76401, -4.79569, -0.79676, -4.7841, -0.53683, -3.15645, 5.73638, -3.39898, -1.02979, 4.35387, -2.08589, 5.91673, -4.19574, -2.83739, -8.40722]"
43,sub10,supMAE,1,sub10-a__0066__drink.npy,7,drink,7,0.985493,1,"[-1.8691, 4.32038, 0.20405, 7.03699, 1.23687, 7.96202, -2.08784, 12.6958, -3.92346, -0.85917, -4.70034, -0.66122, -3.48722, 5.16715, -2.89498, -1.72463, 5.03447, -3.16694, 5.95601, -3.64802, -3.62092, -8.38697]"
43,sub10,supMAE,1,sub10-a__0067__drink.npy,7,drink,7,0.9874183,1,"[-1.91551, 5.07952, 0.41068, 6.88608, 0.69523, 7.29021, -1.91693, 12.36769, -2.80148, -0.9146, -4.43158, -0.78753, -3.08017, 4.33437, -3.35503, -1.62403, 4.55862, -3.29612, 5.36343, -3.46601, -3.41772, -6.43546]"
43,sub10,supMAE,1,sub10-a__0068__drink.npy,7,drink,7,0.98086894,1,"[-2.09808, 3.79185, 0.94911, 8.76642, 1.19493, 7.88139, -2.03497, 13.14583, -4.38265, -1.36116, -4.70153, -0.53797, -3.79266, 6.10303, -2.92988, -2.01079, 5.29691, -3.36532, 5.40474, -3.4595, -3.74914, -7.88579]"
43,sub10,supMAE,1,sub10-a__0069__brushteeth.npy,3,brushteeth,3,0.99925536,1,"[-1.70404, 3.28847, 6.25085, 17.84705, -3.13205, -1.21513, -2.11688, -0.94134, -0.24931, -5.17162, 0.5417, -4.2688, -5.73792, 10.62833, -3.70999, 2.47164, -0.71896, -2.20516, -2.26448, -2.59247, -3.18006, 4.9141]"
43,sub10,supMAE,1,sub10-a__0070__brushteeth.npy,3,brushteeth,3,0.99982893,1,"[-0.52064, 3.2276, 4.87344, 14.60256, -4.04574, 2.11717, -4.03463, -2.6841, 0.26588, -3.24112, 0.75671, -1.59789, -5.74145, 5.29186, -1.81682, 1.43747, 1.13075, -2.46703, -2.18498, -3.00949, -2.7981, -0.2538]"
43,sub10,supMAE,1,sub10-a__0071__brushteeth.npy,3,brushteeth,3,0.9998615,1,"[-0.28673, 3.21833, 4.67352, 14.38271, -4.42206, 2.28627, -4.22889, -2.85597, 0.5769, -2.97505, 0.94876, -1.21648, -5.79975, 4.48789, -1.34199, 1.0155, 1.46583, -2.715, -2.08108, -2.79455, -2.75263, -0.87875]"
43,sub10,supMAE,1,sub10-a__0072__brushteeth.npy,3,brushteeth,3,0.99984396,1,"[-0.29673, 3.32501, 4.60461, 14.06149, -5.09619, 1.39384, -4.38749, -3.46316, 1.28285, -3.22028, 1.3609, -1.63763, -5.09743, 3.98172, -1.36155, 0.73802, 0.54979, -2.40518, -2.48591, -2.47557, -1.76256, 0.02261]"
43,sub10,supMAE,1,sub10-a__0073__brushteeth.npy,3,brushteeth,3,0.9998306,1,"[-0.42863, 3.33711, 5.0795, 14.60082, -4.425, 1.31687, -4.31693, -2.94537, 0.658, -3.42327, 1.15824, -1.85604, -5.57575, 5.11996, -1.72353, 0.83769, 0.73943, -2.64284, -2.29173, -2.6482, -2.19761, -0.32897]"
43,sub10,supMAE,1,sub10-a__0074__brushteeth.npy,3,brushteeth,3,0.99982697,1,"[-0.28935, 3.33255, 5.08075, 14.48877, -4.26508, 2.1176, -4.19287, -2.66201, 0.28504, -3.19657, 0.87711, -1.29459, -5.82549, 4.87199, -1.51683, 0.81717, 1.31549, -2.96198, -2.0097, -2.66638, -2.62091, -1.42018]"
43,sub10,supMAE,1,sub10-a__0075__brushteeth.npy,3,brushteeth,3,0.9998467,1,"[0.10782, 3.88468, 4.38257, 13.92538, -5.57125, 1.51718, -4.76682, -3.66697, 2.06273, -2.8695, 1.61519, -1.14421, -5.45662, 2.85859, -0.73198, 0.00299, 1.27746, -3.42083, -2.28918, -1.98968, -2.35697, -0.65961]"
43,sub10,supMAE,1,sub10-a__0076__highfive.npy,8,highfive,8,0.9971559,1,"[1.66597, 7.46322, -1.42879, -1.80811, -9.80949, -1.04177, -5.99418, -4.97722, 13.61807, -0.14106, 1.52584, -3.13181, 3.92061, -13.28425, 0.84564, -3.17557, -5.03616, -0.06981, -1.84066, 3.09274, 6.22584, 1.66217]"
43,sub10,supMAE,1,sub10-a__0077__highfive.npy,8,highfive,8,0.994466,1,"[1.94752, 7.86919, -0.56722, -2.2843, -9.71214, 0.41667, -5.45381, -3.80211, 13.17232, 0.42747, 1.08758, -1.51734, 3.8963, -13.88069, 1.54498, -3.42275, -3.3673, -1.36592, -1.70042, 3.93471, 5.24605, -2.00766]"
43,sub10,supMAE,1,sub10-a__0078__highfive.npy,8,highfive,8,0.99410796,1,"[2.11462, 7.57735, -0.52252, -2.42347, -9.58031, 0.75997, -5.68505, -3.65784, 12.88329, 0.60165, 1.10022, -1.48154, 3.64582, -13.95212, 2.02368, -3.60677, -3.28698, -1.61548, -1.80382, 4.25901, 5.50766, -3.06077]"
43,sub10,supMAE,1,sub10-a__0079__highfive.npy,8,highfive,8,0.99223536,1,"[2.2783, 7.0426, -1.08056, -3.05542, -9.53142, 0.75247, -5.41474, -3.78074, 12.25238, 0.89759, 1.24038, -1.15475, 3.87625, -14.04974, 2.27076, -3.69874, -3.2839, -1.26235, -1.27309, 4.0025, 5.89452, -3.81659]"
43,sub10,supMAE,1,sub10-a__0080__highfive.npy,8,highfive,8,0.9954364,1,"[1.94964, 7.76096, -0.68503, -2.18786, -9.76691, 0.29654, -5.77594, -4.03478, 13.28715, 0.49832, 1.20804, -1.56292, 3.73996, -14.0579, 1.62279, -3.73163, -3.30261, -1.42053, -1.74859, 4.02503, 5.47137, -1.90579]"
43,sub10,supMAE,1,sub10-a__0081__highfive.npy,8,highfive,8,0.9949203,1,"[1.34401, 7.7616, -0.57744, -1.05065, -9.39296, -0.57395, -5.48283, -3.45599, 13.20415, -0.1901, 1.26543, -2.65193, 3.85395, -12.40689, 0.77198, -3.45452, -4.23913, -1.08237, -1.3907, 4.13693, 5.69897, -0.26923]"
43,sub10,supMAE,1,sub10-a__0083__wave.npy,21,wave,21,0.9997563,1,"[-0.75212, 5.46266, 1.79803, 5.30292, -6.973, -3.96895, -2.33071, -1.13027, 10.02272, -2.65165, 0.74624, -5.13433, 2.77718, -4.10691, -5.43538, 1.61046, -7.53765, 2.59919, -5.26682, -1.94364, 4.00059, 18.36502]"
43,sub10,supMAE,1,sub10-a__0084__wave.npy,21,wave,21,0.9999552,1,"[-1.05287, 5.07864, 0.71804, 4.87542, -7.39358, -5.57302, -2.06019, -3.00992, 9.76568, -2.54874, 1.57267, -4.90301, 3.09699, -3.97152, -5.33811, 1.24854, -7.43614, 2.84606, -4.17832, -2.39157, 3.86513, 19.80103]"
43,sub10,supMAE,1,sub10-a__0085__wave.npy,21,wave,21,0.9999908,1,"[-1.33597, 3.49476, 3.40392, 8.99929, -5.18601, -4.64529, -1.45493, 1.24377, 6.88851, -3.65424, 0.59216, -6.24843, 1.52057, 1.07957, -6.19701, 2.14761, -7.51628, 2.46891, -6.1337, -2.87148, 3.13794, 20.7235]"
43,sub10,supMAE,1,sub10-a__0086__wave.npy,21,wave,21,0.9999956,1,"[-1.85961, 3.53442, 2.9573, 8.70519, -5.34748, -5.01754, -1.00293, 1.1997, 7.07235, -3.68455, 0.48788, -5.74068, 1.87829, 0.75463, -6.3734, 1.51449, -7.36469, 2.43254, -5.32357, -2.60128, 3.45166, 21.21952]"
43,sub10,supMAE,1,sub10-a__0087__bow.npy,2,bow,2,0.9993292,1,"[1.16201, -2.62291, 14.96987, 7.21761, -9.36927, -6.57415, 3.4254, -5.4479, 3.85867, -4.7625, 0.27216, 6.2843, 3.63813, -4.18996, 2.08695, -0.47108, -4.64679, -1.82745, -11.69318, 2.09614, 4.40638, 2.31398]"
43,sub10,supMAE,1,sub10-a__0088__bow.npy,2,bow,2,0.99949706,1,"[1.31881, -2.74325, 15.31767, 6.85229, -8.97667, -6.28219, 4.21028, -5.14792, 3.35174, -4.4814, 0.08592, 7.00637, 3.54736, -4.25272, 1.92679, -0.20943, -4.1181, -1.73573, -11.86479, 1.24191, 3.99181, 2.22401]"
43,sub10,supMAE,1,sub10-a__0089__bow.npy,2,bow,2,0.9993611,1,"[1.50632, -3.36625, 15.0002, 6.50347, -8.82435, -5.75886, 3.73996, -5.25338, 3.28247, -4.55323, -0.00103, 7.13438, 3.07928, -4.91729, 2.34696, -0.53861, -4.0925, -1.76932, -11.76885, 1.86168, 3.93811, 1.1893]"
43,sub10,supMAE,1,sub10-a__0090__bow.npy,2,bow,2,0.9990226,1,"[1.22909, -3.83007, 15.23346, 5.95717, -8.31882, -5.31727, 5.06292, -4.7415, 2.5898, -4.37707, -0.75767, 8.12517, 3.64429, -4.69024, 2.35595, 0.04983, -3.32625, -1.1378, -12.46809, 0.59861, 3.712, 1.75828]"
43,sub10,supMAE,1,sub10-a__0091__bow.npy,2,bow,2,0.9994,1,"[0.7985, -3.70083, 15.37623, 6.13835, -7.81165, -5.94427, 5.71791, -4.70104, 2.34241, -4.73981, -1.15068, 7.58834, 3.75615, -3.62446, 1.82541, 0.61034, -3.74469, -0.74095, -12.27063, 0.32118, 3.57226, 2.68935]"
43,sub10,supMAE,1,sub10-a__0092__crossarms.npy,5,crossarms,5,0.99866474,1,"[-0.16352, 1.72219, -1.75577, 7.0974, -1.71737, 15.36685, -4.31689, 7.05473, -2.21137, 1.25215, -3.92654, 4.5051, -4.4927, -1.84162, 0.76946, -1.15196, 8.24726, -2.92953, 3.02189, -3.65513, -4.20043, -12.46291]"
43,sub10,supMAE,1,sub10-a__0093__crossarms.npy,5,crossarms,5,0.9792763,1,"[0.17829, 1.06862, -1.00391, 10.18295, -3.74583, 14.17644, -5.63028, 5.68327, -0.35709, 0.83118, -2.21967, 3.8691, -4.7244, -2.44588, 1.65106, -2.63569, 8.17629, -4.09644, 0.42688, -2.77629, -4.16735, -8.8992]"
43,sub10,supMAE,1,sub10-a__0094__crossarms.npy,5,crossarms,5,0.9977443,1,"[-0.21468, 0.59447, -1.57387, 8.68341, -1.87368, 15.36728, -4.90879, 7.13833, -2.33968, 0.96624, -3.61364, 4.02236, -4.66267, -1.18148, 0.63275, -1.41527, 8.14214, -2.44711, 1.89037, -3.9389, -3.76304, -11.03648]"
43,sub10,supMAE,1,sub10-a__0095__crossarms.npy,5,crossarms,5,0.9955218,1,"[-0.32132, 0.58187, -1.36482, 9.57961, -2.14355, 15.34801, -5.35366, 6.95102, -2.04575, 0.95372, -3.49357, 4.1084, -5.08016, -1.40712, 0.97034, -1.86966, 8.56429, -2.99624, 1.51512, -3.53034, -4.06358, -10.70707]"
43,sub10,supMAE,1,sub10-a__0096__crossarms.npy,5,crossarms,5,0.9435811,1,"[-0.74081, -0.01368, -0.57901, 11.76663, -2.22019, 14.61338, -5.31122, 7.21581, -2.1103, 0.02753, -3.18753, 3.16217, -5.07002, 0.25684, 0.22244, -1.52685, 7.83017, -2.45359, 0.32335, -3.60009, -3.78012, -8.02134]"
43,sub10,supMAE,1,sub10-a__0097__crossarms.npy,5,crossarms,5,0.9471904,1,"[-0.68597, -0.13748, -0.31672, 11.47413, -1.97502, 14.41, -4.86316, 7.29094, -2.61119, 0.0364, -3.36521, 3.55352, -5.05265, 0.49188, 0.38041, -1.38861, 8.10992, -2.62377, 0.56383, -3.6768, -3.80141, -8.86423]"
43,sub10,supMAE,1,sub10-a__0098__crossarms.npy,5,crossarms,5,0.98011875,1,"[-0.4845, 0.18726, -0.61021, 10.96438, -2.46266, 14.92967, -5.37348, 6.92317, -1.80791, 0.32477, -3.31329, 3.73902, -4.91489, -0.80957, 0.6242, -1.50459, 7.99388, -2.64057, 0.21384, -3.36767, -3.76169, -8.92033]"
43,sub10,supMAE,1,sub10-a__0099__airpunch.npy,1,airpunch,8,0.6851254,0,"[-0.80426, 8.27873, -2.06278, -0.83648, -4.61488, 4.86168, -3.65523, 2.87547, 9.12114, 0.23989, -2.10217, -0.45371, 0.1166, -8.17861, 1.64067, -2.74918, 1.55712, -3.11677, 2.06461, 4.4981, 1.71945, -6.40893]"
43,sub10,supMAE,1,sub10-a__0100__airpunch.npy,1,airpunch,8,0.8719156,0,"[0.52946, 8.84687, -2.58076, -0.35057, -5.67188, 2.46028, -3.61394, 0.84455, 10.77913, 0.36654, -0.40532, -2.32375, -0.22626, -8.30078, 1.51139, -3.33858, 0.24631, -3.48362, 2.22036, 4.06632, 1.92277, -3.96371]"
43,sub10,supMAE,1,sub10-a__0101__airpunch.npy,1,airpunch,8,0.8012999,0,"[-0.15568, 8.02288, -3.01301, -0.35874, -4.98518, 3.66336, -3.8765, 1.56829, 9.46438, 0.35912, -1.37399, -1.94652, -0.38729, -8.05796, 1.45154, -2.4214, 0.48451, -2.4087, 2.94667, 4.20323, 1.94683, -4.89971]"
43,sub10,supMAE,1,sub10-a__0102__airpunch.npy,1,airpunch,8,0.8392331,0,"[-0.33139, 7.17749, -4.36242, 0.20593, -5.10764, -0.25816, -1.71024, 0.15436, 8.9637, -0.4125, -0.07943, -3.82702, 0.36988, -6.06764, -0.76653, -2.09036, -1.95192, -0.759, 5.02099, 1.51591, 3.03213, 0.74878]"
43,sub10,supMAE,1,sub10-a__0103__airpunch.npy,1,airpunch,8,0.84806067,0,"[0.40378, 7.9514, -3.15497, -0.72552, -5.86519, 1.40583, -2.62582, 0.09415, 9.71339, 0.45104, -0.25551, -1.78195, 0.22812, -8.07138, 1.65584, -3.32721, -0.05867, -2.66931, 3.7622, 3.87941, 2.67795, -4.43531]"
43,sub10,supMAE,1,sub10-a__0104__drink.npy,7,drink,7,0.9829815,1,"[-2.25365, 3.77892, 1.83557, 8.77876, 1.16765, 6.69003, -1.15066, 13.05954, -3.99579, -1.72813, -4.61942, -1.12649, -3.20961, 6.52718, -3.55985, -1.17477, 3.988, -2.21662, 3.63725, -3.67847, -2.51872, -5.33388]"
43,sub10,supMAE,1,sub10-a__0105__drink.npy,7,drink,7,0.9760744,1,"[-2.55676, 3.47931, 1.37642, 9.87995, 1.15752, 7.77779, -1.69273, 13.75816, -4.42024, -1.8478, -4.90527, -0.4471, -3.73926, 6.77866, -2.96664, -2.16423, 5.24634, -3.1193, 4.73872, -2.90146, -3.37564, -7.17508]"
43,sub10,supMAE,1,sub10-a__0106__drink.npy,7,drink,7,0.9833824,1,"[-2.40145, 3.88069, 1.14159, 9.0984, 1.0934, 7.52974, -1.6879, 13.44624, -4.12424, -1.62493, -4.76411, -0.58999, -3.58702, 6.26789, -3.19841, -1.92394, 5.02192, -3.06309, 4.95667, -3.26806, -3.43302, -6.70954]"
43,sub10,supMAE,1,sub10-a__0107__drink.npy,7,drink,7,0.988995,1,"[-2.24573, 3.91397, 0.35081, 7.9555, 1.42279, 7.73933, -1.92854, 13.21041, -4.34451, -1.23975, -4.86146, -0.6571, -3.57164, 5.94564, -3.18768, -1.78979, 5.12083, -2.80912, 5.77142, -3.69933, -3.48085, -7.66779]"
43,sub10,supMAE,1,sub10-a__0108__drink.npy,7,drink,3,0.99901795,0,"[-1.61916, 2.83535, 1.91069, 15.22752, -4.0172, -2.08929, -1.78996, 6.54209, -0.43673, -3.29885, 1.18667, -5.29516, -2.5907, 7.86451, -2.04379, -4.21806, 1.04319, -4.43286, 1.74258, -1.81886, -1.77135, 6.55143]"
43,sub10,supMAE,1,sub10-a__0109__brushteeth.npy,3,brushteeth,3,0.997283,1,"[-1.52586, 2.93887, 7.03533, 17.15121, -2.92282, -2.89437, -1.50488, -1.54397, -0.56888, -5.18344, 0.83252, -4.43724, -5.12559, 11.22574, -3.87562, 2.94855, -1.34858, -1.67496, -2.90707, -3.30533, -2.73221, 5.8121]"
43,sub10,supMAE,1,sub10-a__0110__brushteeth.npy,3,brushteeth,3,0.9997857,1,"[-0.52816, 2.80259, 5.82766, 15.03189, -3.74994, 1.90398, -3.56802, -2.22164, -0.14101, -3.60977, 0.46581, -1.32153, -5.8797, 5.84947, -1.80866, 1.72266, 1.2635, -2.39705, -2.72965, -3.02468, -2.82565, -0.52058]"
43,sub10,supMAE,1,sub10-a__0111__brushteeth.npy,3,brushteeth,3,0.9997787,1,"[-0.46089, 2.83686, 5.94778, 14.83922, -3.76461, 1.8242, -3.72664, -2.62, 0.06569, -3.48064, 0.35861, -1.29984, -5.9385, 5.28112, -1.9931, 1.76191, 1.06305, -2.33581, -2.81958, -3.02359, -2.84936, -0.25678]"
43,sub10,supMAE,1,sub10-a__0112__brushteeth.npy,3,brushteeth,3,0.9998503,1,"[-0.6737, 2.96952, 5.52301, 14.84101, -4.26692, 2.04565, -4.06381, -2.529, 0.43202, -3.56925, 0.50259, -1.07096, -5.59958, 4.85453, -1.81478, 1.09644, 1.20536, -2.46283, -2.59763, -2.67808, -2.43541, -0.4491]"
43,sub10,supMAE,1,sub10-a__0113__brushteeth.npy,3,brushteeth,3,0.99978703,1,"[-0.52776, 2.90172, 6.00272, 14.95671, -4.2397, 1.13081, -4.03859, -2.71666, 0.48211, -3.8471, 0.75654, -1.84784, -5.38557, 5.43485, -2.23887, 1.38686, 0.24609, -2.15171, -3.07535, -2.74416, -2.04297, 0.49972]"
43,sub10,supMAE,1,sub10-a__0114__highfive.npy,8,highfive,8,0.9974559,1,"[2.23782, 6.61139, 0.1018, -1.07167, -10.51896, -1.12625, -6.14585, -5.03211, 13.43951, -0.12732, 1.9151, -2.21056, 4.05054, -13.67486, 2.06923, -3.75817, -4.74849, -0.75108, -3.46341, 4.2406, 6.74811, 0.00301]"
43,sub10,supMAE,1,sub10-a__0115__highfive.npy,8,highfive,8,0.99605525,1,"[1.71894, 7.27504, -0.18927, -0.75583, -9.40304, -0.75045, -4.9277, -3.66902, 13.05808, -0.23703, 1.16772, -2.43943, 3.46431, -12.41961, 0.88195, -2.83527, -4.56339, -0.68964, -1.95307, 3.97349, 5.74231, 0.46343]"
43,sub10,supMAE,1,sub10-a__0116__highfive.npy,8,highfive,8,0.9968515,1,"[1.86396, 7.58534, 0.32653, -1.17609, -9.87313, -0.49324, -5.41776, -3.91726, 13.53138, -0.16627, 1.23929, -2.1244, 4.0593, -13.10395, 0.94046, -2.94746, -4.36794, -1.03152, -2.94574, 3.89333, 5.64738, 0.32389]"
43,sub10,supMAE,1,sub10-a__0117__highfive.npy,8,highfive,8,0.99849594,1,"[2.06417, 7.28396, 0.69234, 0.41009, -10.91347, -1.71038, -5.42503, -5.10661, 14.02849, -0.42563, 2.17465, -1.87915, 3.73161, -12.81444, 1.91392, -3.76452, -4.11246, -1.84027, -3.57631, 4.24417, 5.56765, 1.74833]"
43,sub10,supMAE,1,sub10-a__0118__highfive.npy,8,highfive,8,0.99831957,1,"[2.27548, 7.32473, 0.76398, -0.2378, -10.8569, -1.37654, -5.55882, -5.08257, 13.95244, -0.2009, 2.11466, -1.78984, 3.94584, -13.07895, 1.85479, -3.63246, -4.09876, -1.79156, -4.01576, 3.8714, 5.63443, 1.48901]"
43,sub10,supMAE,1,sub10-a__0119__highfive.npy,8,highfive,8,0.99822384,1,"[2.48963, 7.10747, 0.18448, -0.37962, -11.06555, -1.76852, -5.21958, -5.47553, 13.71675, -0.03669, 2.34839, -1.58661, 3.85793, -13.26272, 1.94018, -3.5381, -4.16331, -1.48338, -3.14326, 3.78858, 5.56994, 1.36167]"
43,sub10,supMAE,1,sub10-a__0120__wave.npy,21,wave,21,0.9978916,1,"[-0.75635, 5.32523, 2.55939, 5.99248, -5.99291, -2.12219, -1.42212, 2.23856, 8.81793, -2.47202, -0.41524, -4.16338, 2.22172, -3.11083, -5.01332, 1.58838, -6.24653, 1.58873, -5.03103, -1.33537, 3.55187, 15.07403]"
43,sub10,supMAE,1,sub10-a__0121__wave.npy,21,wave,21,0.9998871,1,"[-0.22984, 4.16443, 2.4891, 5.7854, -7.1222, -5.29727, -1.34485, -1.86046, 8.67755, -2.5045, 1.3093, -5.16068, 3.0302, -2.70872, -4.53278, 2.15547, -8.07551, 2.96731, -5.76984, -2.03639, 4.61091, 17.85673]"
43,sub10,supMAE,1,sub10-a__0122__wave.npy,21,wave,21,0.9995061,1,"[-0.18561, 4.91871, 3.03154, 5.93549, -7.3421, -4.77392, -2.26786, -1.72492, 9.97182, -2.66443, 1.1229, -5.0802, 2.63659, -3.73446, -4.38018, 1.54072, -7.82062, 2.19546, -6.54406, -1.22077, 4.35159, 17.61417]"
43,sub10,supMAE,1,sub10-a__0123__wave.npy,21,wave,21,0.9995987,1,"[0.07937, 4.29011, 1.9952, 4.21174, -7.87264, -5.88239, -1.76849, -3.90941, 9.5401, -2.30365, 1.92926, -4.95089, 3.58764, -4.31266, -3.84262, 2.09282, -8.33878, 3.56337, -5.95816, -2.004, 5.28517, 17.39095]"
43,sub10,supMAE,1,sub10-a__0124__wave.npy,21,wave,21,0.99996746,1,"[-0.70859, 3.71872, 3.36752, 7.15191, -6.91154, -5.97104, -2.20844, -2.03178, 8.69178, -3.25546, 1.53558, -6.09879, 2.58759, -1.53361, -4.63223, 1.51765, -8.39193, 2.87127, -6.5823, -1.73716, 4.82522, 19.24925]"
43,sub10,supMAE,1,sub10-a__0125__bow.npy,2,bow,2,0.9996877,1,"[0.82484, -3.01724, 15.94052, 7.39453, -8.56359, -6.67605, 4.77081, -4.71648, 2.79241, -4.97487, -0.48723, 6.58091, 3.96277, -2.97414, 1.66732, 0.09721, -4.23334, -1.50211, -12.01435, 1.16465, 3.98566, 2.61742]"
43,sub10,supMAE,1,sub10-a__0126__bow.npy,2,bow,2,0.99967957,1,"[0.61998, -2.46284, 16.18624, 8.01226, -7.87646, -7.22642, 4.68098, -4.76665, 2.76922, -5.18105, -0.60892, 5.27437, 3.41165, -1.67261, 1.47569, 0.30585, -4.22229, -1.71287, -11.83583, 0.92497, 3.3394, 3.23681]"
43,sub10,supMAE,1,sub10-a__0127__bow.npy,2,bow,2,0.9997423,1,"[0.37497, -2.99828, 16.3941, 7.60323, -7.13122, -7.15881, 6.51641, -4.33082, 1.8127, -5.25533, -1.68348, 6.40756, 3.70737, -1.11774, 1.24129, 1.25931, -3.78859, -1.33155, -11.89783, 0.07703, 2.43847, 3.70198]"
43,sub10,supMAE,1,sub10-a__0128__bow.npy,2,bow,2,0.9994497,1,"[0.64518, -3.6371, 15.48847, 6.82008, -7.82484, -5.83126, 5.34455, -4.51742, 2.37012, -4.8738, -1.40387, 7.44328, 3.50437, -3.37832, 1.84238, 0.73044, -3.7778, -0.78448, -12.06494, 0.65543, 3.41387, 2.53925]"
43,sub10,supMAE,1,sub10-a__0129__bow.npy,2,bow,2,0.9994355,1,"[0.62563, -3.87858, 15.43117, 6.31327, -7.67669, -5.67865, 5.61909, -4.48612, 2.19228, -4.87564, -1.61828, 7.55251, 3.80794, -3.4885, 1.87941, 0.84102, -3.74075, -0.46412, -12.20875, 0.43386, 3.38707, 2.5161]"
43,sub10,supMAE,1,sub10-a__0130__crossarms.npy,5,crossarms,5,0.9832287,1,"[-0.3817, 0.26472, -1.12555, 9.78614, -3.02173, 14.07502, -5.10823, 6.16959, -1.44689, 0.51307, -2.62178, 3.88123, -4.1447, -1.20802, 1.36857, -2.22681, 8.2397, -3.19558, 0.76564, -3.33014, -3.32074, -9.37053]"
43,sub10,supMAE,1,sub10-a__0131__crossarms.npy,5,crossarms,5,0.75505275,1,"[-0.78616, -0.14512, -0.1699, 12.30202, -2.78149, 13.44737, -5.18722, 6.55205, -1.89397, -0.15546, -2.61399, 3.24553, -4.87573, 0.37062, 0.97814, -2.19519, 8.19516, -3.19281, 0.20158, -3.11962, -3.59769, -8.01658]"
43,sub10,supMAE,1,sub10-a__0132__crossarms.npy,5,crossarms,3,0.6267763,0,"[-0.84391, -0.7472, 0.46837, 13.13703, -2.85486, 12.61116, -4.94832, 6.5007, -1.99833, -0.65155, -2.40485, 2.74754, -4.62494, 1.29731, 0.44917, -1.679, 7.34894, -2.50988, -0.77252, -3.30895, -2.98148, -6.16294]"
43,sub10,supMAE,1,sub10-a__0133__crossarms.npy,5,crossarms,5,0.6609985,1,"[-0.84807, -0.56809, -0.0337, 12.6308, -2.34993, 13.31035, -5.10206, 6.72974, -2.42572, -0.28163, -2.69011, 2.93059, -5.0637, 1.09119, 0.47633, -1.86722, 7.92614, -2.67649, 0.03888, -3.5874, -3.45073, -7.27994]"
43,sub10,supMAE,1,sub10-a__0134__crossarms.npy,5,crossarms,3,0.7124953,0,"[-0.62196, -0.72773, -0.00525, 13.25443, -3.3502, 12.33748, -5.37455, 6.11273, -1.5166, -0.47888, -1.85731, 2.58953, -4.73964, 0.77083, 0.90811, -2.37183, 7.42879, -2.87223, -0.68545, -3.02751, -3.00837, -5.93321]"
43,sub10,supMAE,1,sub10-a__0135__crossarms.npy,5,crossarms,5,0.7475006,1,"[-0.71166, -0.87959, -0.19348, 12.55688, -2.46555, 13.65588, -5.29549, 6.70387, -2.29772, -0.15236, -2.74088, 3.1465, -5.01076, 0.68909, 0.71353, -1.96538, 8.02772, -2.44628, -0.45982, -3.56002, -3.20198, -7.49965]"
43,sub10,supMAE,1,sub10-a__0136__drink.npy,7,drink,7,0.9486623,1,"[-2.44143, 3.36727, 1.55206, 10.09771, 1.29645, 6.49647, -1.37721, 13.15209, -4.98166, -1.95403, -4.44389, -1.3627, -3.59598, 7.87254, -3.09372, -1.84877, 5.03416, -3.19319, 4.68129, -3.794, -3.63362, -6.06501]"
43,sub10,supMAE,1,sub10-a__0137__drink.npy,7,drink,7,0.83909994,1,"[-2.32266, 3.18678, 1.97458, 11.17562, 1.04906, 6.84905, -2.12764, 12.87356, -4.74118, -2.00753, -4.30887, -1.38416, -4.19432, 7.6335, -2.61172, -2.33823, 5.59645, -3.84637, 4.31658, -3.51341, -4.16422, -6.26958]"
43,sub10,supMAE,1,sub10-a__0138__drink.npy,7,drink,7,0.938794,1,"[-2.20415, 3.70426, 2.16406, 9.90557, 0.88501, 6.83368, -2.03456, 12.72319, -3.87701, -1.82401, -4.37944, -1.41186, -3.57438, 6.53644, -2.96672, -1.88276, 4.8354, -3.27776, 3.41476, -3.61609, -3.37568, -5.36492]"
43,sub10,supMAE,1,sub10-a__0139__drink.npy,7,drink,7,0.8019708,1,"[-2.02466, 3.62133, 2.03605, 10.89078, 0.37404, 6.79897, -2.30329, 12.32738, -3.86501, -1.82473, -3.97419, -1.21657, -3.99296, 6.66443, -2.01218, -2.63717, 5.6943, -4.51338, 3.91161, -2.96819, -4.21317, -6.3608]"
43,sub10,supMAE,1,sub10-a__0140__drink.npy,7,drink,3,0.81443566,0,"[-1.75736, 4.30817, 2.32022, 12.23796, -0.82399, 5.56198, -3.39762, 10.73597, -2.18915, -2.0465, -2.69196, -2.30618, -4.38742, 6.00658, -1.33406, -3.95638, 5.6728, -6.11835, 3.08997, -2.25557, -4.56495, -4.35859]"
43,sub10,supMAE,1,sub10-a__0141__airpunch.npy,1,airpunch,8,0.7863956,0,"[0.72126, 7.57561, -1.04591, 4.57581, -6.42632, 1.392, -4.23818, 2.02197, 8.97911, -0.39621, 0.27314, -2.83785, -1.56661, -5.11162, 1.94013, -5.99459, 1.26279, -5.87421, 3.34488, 3.91934, 1.0356, -3.82334]"
43,sub10,supMAE,1,sub10-a__0142__airpunch.npy,1,airpunch,8,0.9794393,0,"[2.33598, 7.21721, -0.36416, 3.7724, -8.75893, -0.34418, -4.64883, -1.513, 11.23852, -0.08081, 2.38883, -3.07989, -0.33741, -7.69101, 3.57038, -5.87121, -0.5939, -5.6343, -0.11977, 4.72381, 2.71299, -2.26762]"
43,sub10,supMAE,1,sub10-a__0143__airpunch.npy,1,airpunch,8,0.78582513,0,"[1.34551, 7.41843, -1.87994, 1.86459, -6.1955, 1.78736, -3.50774, 1.31021, 8.78362, 0.43183, 0.37759, -2.28301, -0.88897, -6.22194, 2.69219, -5.03508, 0.92652, -4.85767, 3.0437, 3.77625, 1.90715, -5.82169]"
43,sub10,supMAE,1,sub10-a__0144__airpunch.npy,1,airpunch,8,0.8467546,0,"[1.30786, 8.07822, -1.84664, 1.77817, -6.31258, 0.38692, -3.52045, -0.05338, 9.81862, 0.06714, 0.77823, -3.36637, -0.85875, -6.26499, 1.87511, -4.40698, -0.32924, -4.24969, 3.17325, 3.83073, 2.13052, -4.22824]"
43,sub10,supMAE,1,sub10-a__0145__airpunch.npy,1,airpunch,1,0.49285987,1,"[0.41735, 7.30811, -2.58735, -1.28004, -4.30301, 4.21191, -2.91804, 2.73993, 7.23071, 0.97372, -1.2792, -0.65695, -0.20601, -7.17761, 1.44229, -3.06599, 1.42115, -2.99657, 3.5837, 2.63524, 1.91787, -7.74913]"
43,sub10,supMAE,1,sub10-a__0146__brushteeth.npy,3,brushteeth,3,0.99985945,1,"[-0.3467, 2.77743, 5.37166, 14.65789, -4.42517, 2.84254, -4.08882, -2.14371, 0.70015, -3.31173, 0.34457, -0.51211, -5.63826, 4.11926, -1.5163, 1.70999, 1.62451, -2.11896, -3.02636, -2.8787, -2.73044, -0.55903]"
43,sub10,supMAE,1,sub10-a__0147__brushteeth.npy,3,brushteeth,3,0.999835,1,"[-0.46241, 2.539, 5.3737, 14.40487, -4.67832, 3.1462, -4.51835, -2.25886, 0.89555, -3.34593, 0.30873, -0.43116, -5.2271, 3.4469, -1.46988, 1.36582, 1.43699, -1.87788, -3.27163, -2.75379, -2.12099, -0.67062]"
43,sub10,supMAE,1,sub10-a__0148__brushteeth.npy,3,brushteeth,3,0.9998259,1,"[-0.55238, 2.45928, 5.72326, 14.60141, -5.19122, 1.35853, -4.59907, -2.97059, 1.7726, -3.81963, 0.8925, -1.35225, -4.60305, 3.72286, -1.80499, 1.18495, -0.00309, -1.56275, -4.07527, -2.28026, -1.08003, 1.60368]"
43,sub10,supMAE,1,sub10-a__0149__brushteeth.npy,3,brushteeth,3,0.9998479,1,"[-0.5162, 2.75178, 6.0417, 15.05198, -4.84731, 1.44381, -4.14838, -2.80313, 1.38368, -3.6603, 0.70643, -1.10181, -5.34192, 4.22255, -1.40692, 1.03404, 0.92122, -2.52135, -3.64195, -2.11673, -2.14717, 0.69706]"
43,sub10,supMAE,1,sub10-a__0150__brushteeth.npy,3,brushteeth,3,0.9998191,1,"[-0.29241, 2.47486, 5.46434, 14.30229, -4.98182, 2.79537, -4.78023, -2.89854, 1.36847, -3.19305, 0.52071, -0.24793, -5.3376, 2.71104, -1.04633, 0.79879, 1.47821, -2.43952, -3.51154, -2.23747, -2.03669, -0.72608]"
43,sub10,supMAE,1,sub10-a__0151__brushteeth.npy,3,brushteeth,3,0.99986494,1,"[-0.66808, 2.42342, 5.48084, 14.65762, -4.82357, 2.27261, -4.42234, -2.83394, 1.20339, -3.50697, 0.50693, -0.78414, -5.14539, 3.64487, -1.53985, 1.13466, 0.99805, -1.87246, -3.53025, -2.43602, -1.82404, 0.48148]"
43,sub10,supMAE,1,sub10-a__0152__highfive.npy,8,highfive,8,0.9989335,1,"[2.3069, 6.70836, 0.02752, -0.41264, -11.30059, -1.29309, -6.44823, -5.60978, 14.11534, -0.03259, 2.39408, -1.39348, 3.73363, -14.06765, 3.22133, -4.94911, -3.40877, -2.09744, -3.82803, 4.82727, 6.00199, 0.2994]"
43,sub10,supMAE,1,sub10-a__0153__highfive.npy,8,highfive,8,0.9973347,1,"[2.63221, 7.22579, -0.7411, -1.02111, -10.29837, 0.03254, -5.63503, -4.4601, 13.40427, 0.49369, 1.8695, -1.33443, 2.65889, -13.68976, 3.17553, -4.42349, -2.58898, -2.30815, -1.83977, 5.14948, 5.08637, -2.67084]"
43,sub10,supMAE,1,sub10-a__0154__highfive.npy,8,highfive,8,0.9971354,1,"[2.71327, 7.1627, 0.61935, -0.14885, -10.58963, -0.74457, -5.60404, -4.66124, 13.33228, 0.13816, 2.15928, -1.5957, 2.94932, -13.06295, 2.83332, -4.07515, -3.35849, -2.35956, -2.89328, 5.12615, 5.51543, -1.82298]"
43,sub10,supMAE,1,sub10-a__0155__highfive.npy,8,highfive,8,0.99540186,1,"[2.31851, 7.34787, -1.13888, -1.45468, -10.06132, 0.0806, -4.99575, -4.34316, 12.95294, 0.63478, 1.77676, -0.90319, 2.66114, -13.48675, 3.17843, -4.36039, -2.3177, -2.23823, -0.84459, 5.022, 5.22628, -3.34406]"
43,sub10,supMAE,1,sub10-a__0156__highfive.npy,8,highfive,8,0.99667144,1,"[1.66818, 7.70142, -0.24502, 0.41368, -9.40601, -0.87619, -4.89612, -3.6971, 13.51984, -0.35998, 1.37186, -2.55186, 2.32996, -11.69374, 1.51934, -3.28212, -3.62198, -1.8008, -1.67062, 4.67982, 4.90975, 0.62698]"
43,sub10,supMAE,1,sub10-b1__0001__walk.npy,20,walk,20,0.9800797,1,"[3.44613, -3.85928, -1.62146, -4.70961, -7.33163, -7.09791, -7.42064, -11.47439, 3.61168, 1.4724, 7.52259, -6.70066, 5.75991, -6.48519, 4.8935, -4.6156, -7.47543, 0.72065, -6.85237, -1.59664, 11.66889, -1.5137]"
43,sub10,supMAE,1,sub10-b1__0002__turnaround.npy,19,turnaround,19,0.9997154,1,"[1.43595, -2.08202, -0.52062, -3.66095, -5.40405, -3.41215, -0.52584, -8.82866, 2.54645, -3.02671, -1.78784, -7.34098, 1.7331, -3.37951, 7.06249, 4.91672, -10.50075, 0.86788, 0.76695, 15.65095, 6.11189, -8.39227]"
43,sub10,supMAE,1,sub10-b1__0003__walk.npy,20,walk,20,0.998628,1,"[0.26698, -5.43725, -5.79, -2.77633, -3.42838, -2.40301, -2.41447, -7.70418, -1.32286, 0.54401, 1.21983, -7.56198, 2.20327, -0.34024, 4.17752, -5.69852, -6.91842, 7.3468, -0.66985, 3.50643, 14.00892, -5.91825]"
43,sub10,supMAE,1,sub10-b1__0004__turnaround.npy,19,turnaround,19,0.9987219,1,"[0.39018, 0.73064, -0.79542, -4.77019, -6.4997, -2.88243, -0.98406, -9.14516, 4.38272, -2.57089, -2.1323, -3.44014, 3.13762, -5.66016, 8.85716, 2.9496, -5.92404, -2.1121, 1.20201, 15.54323, 3.86858, -10.18179]"
43,sub10,supMAE,1,sub10-b1__0005__walk.npy,20,walk,20,0.9937692,1,"[3.07768, -4.32175, -1.37876, -4.83936, -6.77377, -7.45677, -7.0294, -11.03698, 3.49758, 1.3295, 6.49427, -6.60004, 6.01093, -6.18025, 4.27283, -3.59305, -8.14592, 1.59263, -7.31005, -1.30325, 12.16669, -0.49189]"
43,sub10,supMAE,1,sub10-b1__0006__turnaround.npy,19,turnaround,19,0.9992656,1,"[0.67983, 1.17587, -1.02774, -3.72136, -6.41808, -3.0244, -1.71035, -9.25563, 4.88907, -2.7521, -0.69931, -5.56886, 1.59221, -5.26761, 9.464, 1.00714, -6.24013, -3.79141, 1.89166, 16.69665, 4.17679, -10.90913]"
43,sub10,supMAE,1,sub10-b1__0007__walk.npy,20,walk,20,0.9975745,1,"[0.20921, -5.43705, -6.14819, -3.13003, -3.76001, -2.7878, -1.76141, -7.79535, -1.85754, 0.2604, 1.41935, -7.78083, 2.9144, 0.3654, 4.7208, -5.02853, -6.88596, 7.46797, -0.04777, 3.63762, 13.58417, -6.502]"
43,sub10,supMAE,1,sub10-b1__0008__turnaround.npy,19,turnaround,19,0.9982614,1,"[1.87899, 0.34199, -1.94825, -5.11203, -6.52283, -3.69721, -1.35884, -10.20476, 3.52557, -2.42226, -0.36171, -5.44294, 2.18389, -5.11966, 8.57946, 2.3567, -7.27606, -2.66173, 2.99787, 14.95029, 2.61853, -11.06442]"
43,sub10,supMAE,1,sub10-b1__0009__walk.npy,20,walk,20,0.99574333,1,"[2.59911, -3.94068, -0.67162, -3.69493, -7.75051, -7.01968, -7.37295, -10.58972, 4.42592, 0.84122, 6.1392, -5.38969, 6.15361, -7.21281, 4.06842, -4.02888, -7.85959, 1.53736, -7.84201, -0.50524, 12.45734, 0.36442]"
43,sub10,supMAE,1,sub10-b1__0010__turnaround.npy,19,turnaround,19,0.9998004,1,"[0.74387, 0.4593, -0.48189, -2.78913, -6.07012, -2.42622, -1.63711, -8.56747, 4.70922, -3.27694, -1.52457, -5.53307, 0.61831, -5.03138, 9.64418, 2.0201, -6.07568, -3.75144, 1.21218, 18.17263, 2.82911, -10.64172]"
43,sub10,supMAE,1,sub10-b1__0011__walk.npy,20,walk,20,0.99859923,1,"[0.65734, -5.83195, -6.1066, -3.73156, -3.26678, -2.77702, -1.2707, -7.84905, -2.19986, 0.71691, 1.23686, -7.34781, 2.61007, 0.28862, 4.79568, -5.74381, -6.61853, 7.32023, -0.20782, 2.85464, 13.99143, -6.78456]"
43,sub10,supMAE,1,sub10-b1__0012__turnaround.npy,19,turnaround,19,0.99937445,1,"[1.74425, 0.87278, -1.36422, -4.57562, -6.68977, -3.55549, -0.92737, -9.69062, 3.67813, -2.6308, -0.40215, -4.59269, 1.91854, -5.21183, 8.58442, 2.08725, -6.67005, -3.23174, 2.83676, 15.97707, 2.00494, -11.25703]"
43,sub10,supMAE,1,sub10-b1__0013__walk.npy,20,walk,20,0.9961054,1,"[2.05307, -3.99839, -0.39147, -3.30616, -7.82277, -7.10951, -7.28158, -10.37312, 4.80095, 0.31252, 5.4838, -5.42899, 6.45138, -6.95309, 3.77454, -3.35296, -8.27423, 2.22922, -8.24248, -0.34469, 12.51434, 1.57121]"
43,sub10,supMAE,1,sub10-b1__0014__turnaround.npy,19,turnaround,19,0.99951005,1,"[0.62845, 0.76598, -1.44987, -2.99479, -6.62415, -1.73782, -2.18525, -8.88709, 5.08292, -2.94381, -1.06597, -4.55329, 0.70558, -6.18928, 10.31273, 0.47818, -4.61546, -4.75886, 1.75412, 17.93942, 2.17834, -11.38457]"
43,sub10,supMAE,1,sub10-b1__0015__walk.npy,20,walk,20,0.99871814,1,"[0.2294, -5.88559, -6.30748, -3.19475, -3.59125, -2.70357, -1.31065, -7.62842, -2.32007, 0.4031, 1.39578, -7.38107, 2.72466, 0.85416, 4.83561, -6.18813, -6.53807, 6.97608, 0.32332, 3.54977, 13.7953, -7.02379]"
43,sub10,supMAE,1,sub10-b1__0016__turnaround.npy,19,turnaround,19,0.99953485,1,"[1.03708, 0.54016, -1.7474, -4.06526, -6.56408, -2.79209, -0.92748, -9.23062, 4.10968, -2.82651, -1.15023, -4.41483, 1.65434, -5.16916, 9.16326, 2.55627, -6.23291, -2.69739, 2.29346, 16.84677, 2.28708, -10.6524]"
43,sub10,supMAE,1,sub10-b1__0017__walk.npy,20,walk,20,0.9960828,1,"[2.35314, -4.25663, -0.21823, -3.30684, -7.26645, -7.18908, -7.70043, -10.55664, 4.54142, 0.52544, 5.53506, -5.82303, 5.71983, -6.92145, 3.85258, -3.56366, -8.165, 1.42499, -8.15459, -0.15065, 12.118, 1.06085]"
43,sub10,supMAE,1,sub10-b1__0018__turnaround.npy,19,turnaround,19,0.9990759,1,"[1.25293, 1.01429, -1.18322, -3.50666, -7.44488, -2.52904, -1.76564, -9.274, 5.41578, -2.69067, -0.27466, -4.56125, 1.53026, -6.40246, 10.41998, 0.32764, -5.47144, -4.91067, 1.41766, 17.41364, 3.12234, -11.4505]"
43,sub10,supMAE,1,sub10-b1__0019__walk.npy,20,walk,20,0.9984939,1,"[0.5275, -6.16197, -6.42338, -3.68893, -3.08844, -2.82924, -1.17057, -7.63706, -2.92202, 0.63946, 1.50798, -7.69532, 2.49603, 1.13591, 4.47097, -5.95156, -6.87223, 7.3304, 0.56068, 3.13687, 13.91259, -7.24661]"
43,sub10,supMAE,1,sub10-b1__0020__turnaround.npy,19,turnaround,19,0.9989202,1,"[1.2423, 0.29186, -2.01813, -4.46846, -7.21103, -3.01175, -1.36464, -9.78954, 4.58473, -2.84168, -0.71621, -4.44616, 2.33407, -5.99003, 9.36392, 2.09155, -6.5122, -2.81568, 2.24628, 16.20615, 2.5942, -10.49174]"
43,sub10,supMAE,1,sub10-b1__0023__walk.npy,20,walk,20,0.9984914,1,"[0.33638, -6.19842, -6.09609, -3.3861, -2.78481, -3.04274, -0.89085, -7.37378, -3.0387, 0.56369, 1.40003, -7.42996, 2.1619, 1.5468, 4.23983, -6.10633, -6.64722, 7.26662, 0.41948, 3.18934, 13.83991, -7.14337]"
43,sub10,supMAE,1,sub10-b1__0024__turnaround.npy,19,turnaround,19,0.9997162,1,"[1.49034, 1.41261, -1.46417, -3.91113, -6.78438, -3.26153, -1.44754, -9.37657, 4.16407, -2.84836, -0.35805, -4.77483, 1.46967, -5.34961, 8.42952, 1.95826, -6.46409, -3.28294, 3.07973, 16.62116, 1.74108, -11.05741]"
43,sub10,supMAE,1,sub10-b1__0026__hop.npy,9,hop,9,0.8270376,1,"[2.14429, -1.24422, -7.12358, -3.7812, -2.08256, -3.81286, -6.01429, -7.19945, -1.1296, 6.61281, 4.57662, -1.53375, 2.41441, -3.4137, 2.75429, -8.38528, 1.91355, -6.69848, 2.54517, -3.10563, 0.91275, -4.93292]"
43,sub10,supMAE,1,sub10-b1__0027__hop.npy,9,hop,9,0.8178197,1,"[1.89548, -0.12031, -7.07571, -2.83607, -2.48096, -2.82368, -6.34588, -6.7743, 0.42103, 6.72014, 3.95023, -0.33793, 1.14279, -4.55502, 4.02313, -9.38205, 3.93974, -8.20681, 2.41687, -1.55374, -0.13824, -5.61212]"
43,sub10,supMAE,1,sub10-b1__0028__hop.npy,9,hop,9,0.88185716,1,"[1.31991, -2.20136, -6.35186, -3.20879, -1.37587, -3.41751, -6.8997, -6.8693, -0.92558, 6.15063, 3.45528, -1.52193, 2.21661, -3.92403, 1.7457, -7.93016, 1.20225, -5.07076, 1.26006, -2.59875, 1.50235, -4.09801]"
43,sub10,supMAE,1,sub10-b1__0029__hop.npy,9,hop,9,0.83592534,1,"[1.51148, -1.39636, -5.71052, -2.18037, -1.98783, -4.01794, -7.43573, -7.13945, -0.02499, 5.80437, 3.58043, -2.05361, 1.86599, -3.6501, 1.92017, -8.05588, 0.95472, -5.92074, 0.90631, -1.84761, 1.50265, -3.4731]"
43,sub10,supMAE,1,sub10-b1__0030__hop.npy,9,hop,9,0.835621,1,"[2.11337, -2.53422, -5.52973, -1.91021, -0.77293, -3.78643, -7.98857, -7.62649, -1.187, 6.1398, 4.12597, -3.00541, 0.56124, -2.65968, 2.18973, -8.29712, 1.51659, -6.2825, 0.50294, -2.93565, 1.08473, -4.2996]"
43,sub10,supMAE,1,sub10-b1__0032__jump.npy,10,jump,10,0.9692253,1,"[7.32638, -2.63608, -3.32296, -3.69416, -7.56671, -8.22672, -7.29314, -12.64906, 2.52514, 3.02578, 11.77715, -6.55627, 3.36303, -5.38022, 7.83475, -8.47324, -2.75299, -9.30249, -3.28848, -2.07426, 3.27024, -4.92887]"
43,sub10,supMAE,1,sub10-b1__0033__jump.npy,10,jump,10,0.9682233,1,"[7.10461, -2.14819, -1.79169, -1.31245, -8.25683, -8.20806, -7.8251, -12.45786, 4.06802, 1.76682, 11.09888, -6.91162, 1.8797, -5.77556, 6.72473, -7.15739, -4.49708, -7.68728, -4.244, -0.27448, 3.84414, -3.06542]"
43,sub10,supMAE,1,sub10-b1__0034__jump.npy,10,jump,10,0.98234826,1,"[7.43342, -1.75509, -2.81716, -2.34988, -6.78562, -8.64597, -7.86332, -12.60527, 2.65567, 2.84538, 11.93219, -8.03248, 1.6552, -3.76406, 6.89832, -8.00711, -3.0366, -9.32254, -2.88679, -2.25477, 2.59075, -4.27302]"
43,sub10,supMAE,1,sub10-b1__0035__jump.npy,10,jump,10,0.97232777,1,"[7.28218, -1.73297, -2.61777, -1.95548, -8.20524, -8.18182, -7.97965, -12.48676, 3.9287, 2.38401, 11.52889, -6.9859, 2.32192, -5.65929, 7.19546, -7.85319, -3.60604, -8.58175, -3.74714, -0.84955, 3.44909, -3.6273]"
43,sub10,supMAE,1,sub10-b1__0036__jump.npy,10,jump,10,0.9750794,1,"[7.14346, -2.12922, -1.76066, -1.45808, -8.59536, -8.09423, -8.09089, -12.2295, 3.69056, 1.86217, 11.36022, -7.14133, 2.80279, -5.45426, 6.6469, -7.72089, -4.60175, -7.70174, -4.27951, -0.73422, 4.53852, -3.38104]"
43,sub10,supMAE,1,sub10-b1__0037__runonspot.npy,13,runonspot,13,0.98421246,1,"[0.80491, -1.14465, 2.22807, 11.94281, -0.19096, -10.57769, -2.96182, -5.81262, -2.6644, -2.95398, 4.75934, -12.31244, -4.04334, 16.07705, -0.77881, -1.26735, -3.12809, -6.74662, -0.13155, -3.76834, -2.40785, 4.77767]"
43,sub10,supMAE,1,sub10-b1__0038__runonspot.npy,13,runonspot,13,0.98912597,1,"[0.42763, -0.93911, -0.57778, 10.63448, 2.75275, -8.9269, -4.75078, -5.57265, -4.30691, -0.15732, 4.12508, -11.10712, -6.48181, 15.14785, -2.17053, -2.91748, -0.43062, -6.74964, 2.55908, -5.33543, -3.68669, 3.28512]"
43,sub10,supMAE,1,sub10-b1__0039__runonspot.npy,13,runonspot,13,0.9983026,1,"[0.40151, -1.80751, 0.88519, 11.02382, 2.57984, -9.91762, -3.27057, -5.0818, -4.88834, -1.74421, 3.76442, -12.63417, -5.09762, 17.40398, -2.68094, -0.6191, -2.74249, -4.82656, 1.03742, -5.83386, -2.54503, 4.86221]"
43,sub10,supMAE,1,sub10-b1__0040__runonspot.npy,13,runonspot,13,0.99814236,1,"[1.64056, -0.69042, 0.63727, 10.19957, 1.27568, -11.16431, -3.06466, -6.41629, -3.53208, -1.75149, 4.98486, -13.29519, -4.95232, 16.49839, -1.7559, -0.55401, -3.59371, -5.82663, 1.23749, -5.58075, -2.96583, 5.13498]"
43,sub10,supMAE,1,sub10-b1__0041__runonspot.npy,13,runonspot,13,0.988393,1,"[0.53479, -0.94786, 0.83797, 11.47516, 0.9205, -9.91418, -4.39443, -5.60268, -3.30501, -1.885, 5.24775, -12.74083, -5.12434, 15.92245, -2.06151, -2.14764, -2.96464, -5.85472, 1.28358, -4.45904, -1.91744, 4.24479]"
43,sub10,supMAE,1,sub10-b1__0043__buttkicks.npy,4,buttkicks,4,0.9933543,1,"[2.09559, -6.42547, -5.08858, -1.23735, 12.58075, -4.39463, -7.50946, -7.9731, -6.58786, 6.86892, -0.12583, -9.22018, -9.28696, 6.79602, 1.04664, -3.1905, 4.26947, -4.78517, 1.83081, -8.20945, -3.79393, -6.74833]"
43,sub10,supMAE,1,sub10-b1__0044__buttkicks.npy,4,buttkicks,4,0.99173224,1,"[1.36272, -6.61356, -4.3914, -0.88988, 13.74475, -4.7044, -6.45171, -6.88959, -8.32146, 6.22091, -1.00237, -9.78195, -9.01036, 8.88534, -0.93175, -1.74873, 3.04046, -3.01686, 2.52112, -9.38098, -3.87964, -5.73622]"
43,sub10,supMAE,1,sub10-b1__0045__buttkicks.npy,4,buttkicks,4,0.99310005,1,"[1.37757, -6.21185, -4.95756, -1.81775, 12.78345, -5.05877, -7.03623, -7.51746, -7.0435, 6.48263, -0.65306, -9.67474, -7.96656, 7.49047, -0.41918, -2.73123, 2.96185, -3.61475, 1.78352, -9.09777, -3.01009, -4.77583]"
43,sub10,supMAE,1,sub10-b1__0046__buttkicks.npy,4,buttkicks,4,0.9949713,1,"[1.30892, -6.99971, -3.87342, -1.21539, 13.58514, -4.51639, -7.08393, -7.19225, -7.98211, 5.99739, -1.68493, -9.77689, -8.55187, 8.18347, -0.33368, -1.78712, 3.02073, -2.88095, 1.58899, -9.41435, -3.36071, -6.18292]"
43,sub10,supMAE,1,sub10-b1__0047__airkick.npy,0,airkick,9,0.3328188,0,"[2.36025, 0.77464, -3.55095, 4.36468, -3.52062, -3.8193, -5.74777, -5.12362, -0.06986, 4.48051, 3.98377, -1.5101, -1.34976, -0.77723, 1.15154, -8.47279, 2.671, -9.21513, 2.46772, -1.51065, -2.35607, -1.76079]"
43,sub10,supMAE,1,sub10-b1__0049__airkick.npy,0,airkick,0,0.8071544,1,"[9.59881, -4.05648, -3.8454, -7.33635, 3.18809, -6.26623, -1.55104, -10.83598, -3.42948, 6.03772, 2.27235, -8.04871, -2.58551, 1.92694, 8.02562, 1.42459, -0.46071, -5.9136, -1.64162, -8.98474, -4.73282, -10.0343]"
43,sub10,supMAE,1,sub10-b1__0050__airkick.npy,0,airkick,0,0.83100116,1,"[7.40521, -4.26688, 1.79759, -1.01399, 0.32076, -7.30422, -1.91804, -9.77201, -1.00909, 1.11635, 1.15726, -8.99677, -2.33878, 3.2269, 4.90868, 5.0635, -6.33787, -0.38837, -5.55318, -4.34921, -1.24033, -3.97044]"
43,sub10,supMAE,1,sub10-b1__0051__airkick.npy,0,airkick,0,0.9204093,1,"[8.90179, -4.22783, 1.06103, -3.86298, -1.83425, -8.0259, -2.57533, -11.52051, -1.05663, 2.46829, 4.51334, -7.45432, 0.04459, 0.65313, 6.26092, -0.17929, -5.44857, -4.15542, -5.24037, -4.63833, 0.07632, -7.1478]"
43,sub10,supMAE,1,sub10-b1__0052__airkick.npy,0,airkick,0,0.5721226,1,"[6.65749, -4.68911, -0.54031, -3.71611, -0.0553, -7.09877, -0.61435, -9.39777, -1.41776, 2.13367, 1.28122, -7.59402, 0.38319, 2.33304, 5.72219, 5.49834, -5.78797, 1.59763, -5.71854, -6.5594, 0.23823, -3.12637]"
43,sub10,supMAE,1,sub10-b1__0053__airkick.npy,0,airkick,0,0.69009364,1,"[7.18272, -5.44102, -2.22347, -6.54036, 0.8677, -6.75442, -2.42424, -10.46945, -1.70109, 3.52932, 1.27168, -8.60301, 0.62015, 0.8966, 6.22295, 3.62837, -5.03329, 0.51744, -5.17062, -7.36567, 1.07298, -5.04425]"
43,sub10,supMAE,1,sub10-b1__0054__sidekick.npy,14,sidekick,14,0.87630516,1,"[7.02365, -5.14249, 0.70528, -3.07181, 1.13818, -6.88251, -0.94034, -10.84017, -1.12148, 2.10944, 1.03913, -7.29065, -2.82001, 1.78477, 9.01263, 2.48993, -1.06475, -5.36837, -5.16577, -4.15483, -3.82101, -7.70894]"
43,sub10,supMAE,1,sub10-b1__0055__sidekick.npy,14,sidekick,14,0.9406322,1,"[6.52818, -6.51678, 1.0011, -2.04646, 1.86756, -6.2858, -1.68475, -10.51975, -1.44814, 1.75645, 0.02291, -6.97535, -3.86508, 1.86297, 9.32876, 0.79923, 0.00831, -6.06295, -4.82297, -2.98588, -4.05906, -8.57065]"
43,sub10,supMAE,1,sub10-b1__0056__sidekick.npy,14,sidekick,14,0.8702755,1,"[7.24446, -5.23631, 0.36716, -3.05983, 2.43364, -6.56492, -1.20986, -10.77868, -2.19853, 2.88469, 0.86763, -7.17519, -4.11184, 2.4506, 9.18341, 1.29426, 0.58924, -6.6811, -3.70873, -4.99486, -5.20674, -10.03439]"
43,sub10,supMAE,1,sub10-b1__0057__sidekick.npy,14,sidekick,14,0.9152276,1,"[6.44903, -6.35915, 1.68333, -2.58501, -1.15503, -7.14013, -2.70294, -11.64682, -0.15192, 1.02493, 3.14315, -7.42861, -1.19052, -0.15777, 8.88233, -0.40545, -2.5251, -5.79173, -6.36708, -2.20869, -0.79724, -7.24041]"
43,sub10,supMAE,1,sub10-b1__0058__sidekick.npy,14,sidekick,14,0.8443545,1,"[6.47963, -5.60524, 1.22435, -1.92674, 1.41223, -7.1685, -1.49939, -10.84219, -1.01271, 1.34224, 0.90636, -8.3297, -3.43816, 2.42891, 8.23283, 2.7517, -1.75099, -4.90043, -4.93891, -3.91481, -3.8012, -6.35396]"
43,sub10,supMAE,1,sub10-b1__0059__crosstoe.npy,6,crosstoe,6,0.99658537,1,"[1.74105, -2.87014, 0.27553, -2.48655, -6.07347, -4.09847, 15.12534, -7.8896, -3.63179, -2.61105, -1.89832, 6.6501, 3.58952, -0.72208, 9.37854, -1.91506, 1.13452, -5.73517, 3.06392, 3.11878, -3.34739, -10.42196]"
43,sub10,supMAE,1,sub10-b1__0060__crosstoe.npy,6,crosstoe,6,0.9996903,1,"[0.29756, -2.32257, 4.3738, 1.09203, -4.29597, -5.50385, 15.68959, -6.62351, -2.19911, -4.45902, -3.33656, 4.92567, 1.39798, 1.61714, 7.47791, 1.47125, -0.27938, -2.95337, -0.3527, 2.61864, -3.20416, -6.19368]"
43,sub10,supMAE,1,sub10-b1__0061__crosstoe.npy,6,crosstoe,6,0.99936146,1,"[1.3221, -1.24291, 1.38777, -2.16385, -4.51193, -4.3172, 15.90412, -7.18512, -3.2674, -2.41672, -2.98969, 6.61644, 2.00095, 0.09848, 8.37876, 0.06577, 1.0427, -4.97129, 3.04142, 2.77018, -4.15975, -10.2532]"
43,sub10,supMAE,1,sub10-b1__0062__crosstoe.npy,6,crosstoe,6,0.9997987,1,"[0.41156, -0.80013, 1.68638, -0.87192, -4.26188, -4.78338, 16.68387, -6.67251, -2.75604, -3.62353, -3.37077, 5.58047, 1.54466, 1.17213, 8.07441, 0.31419, 0.94193, -4.87832, 3.09402, 3.32822, -4.26702, -8.51502]"
43,sub10,supMAE,1,sub10-b1__0063__crosstoe.npy,6,crosstoe,6,0.9998685,1,"[0.77474, -0.62118, 1.30463, -3.10895, -5.78036, -4.99619, 17.81991, -6.98652, -2.81769, -3.25867, -2.86642, 8.18448, 3.90886, -0.67908, 8.16277, 0.50345, 1.04476, -5.22123, 3.22299, 3.59706, -3.56964, -8.82564]"
43,sub10,supMAE,1,sub10-b1__0065__throw.npy,18,throw,18,0.9871963,1,"[-1.21889, 9.11967, -3.7923, -0.80306, -0.89154, 1.46284, -0.60459, 0.09403, -0.22401, 0.5055, -2.05842, -0.91631, -3.17887, -0.7524, 0.4692, -0.35936, 1.60478, -4.64177, 13.47537, 4.37037, -4.02859, -11.62401]"
43,sub10,supMAE,1,sub10-b1__0066__throw.npy,18,throw,1,0.6192446,0,"[-0.47788, 10.4823, -1.92165, -3.78365, -0.77057, -1.43181, 1.72437, -2.35085, 0.7989, 1.05647, -2.0198, -0.00497, -1.87073, -1.9428, 0.23189, 2.13281, 0.08732, -4.06031, 9.99211, 4.08785, -3.87718, -9.75834]"
43,sub10,supMAE,1,sub10-b1__0067__throw.npy,18,throw,18,0.934967,1,"[-1.13161, 9.84395, -3.13359, -2.11276, -1.14028, -0.43605, 1.07381, -1.0324, 0.85616, 0.53716, -2.04614, -0.72808, -2.28419, -1.35084, -0.09529, 0.72058, 0.74636, -4.64307, 12.51408, 4.25222, -4.10666, -9.34823]"
43,sub10,supMAE,1,sub10-b1__0068__throw.npy,18,throw,1,0.8900427,0,"[-0.46478, 10.32665, -0.36044, -3.28899, -1.30031, -1.20247, 0.24654, -2.75108, 0.45568, 0.66062, -2.6349, 0.16086, -1.35661, -2.53081, 0.44146, 2.52702, -0.61699, -3.57087, 8.16914, 5.38931, -3.5533, -10.39907]"
43,sub10,supMAE,1,sub10-b1__0069__walk.npy,20,walk,20,0.97827303,1,"[2.20454, -4.68863, 2.12896, 0.13111, -5.62812, -9.07437, -7.09202, -10.48232, 3.4106, -1.57142, 5.26545, -9.74624, 3.89655, -1.234, 2.5055, -1.15538, -9.99835, 1.21082, -8.14349, 0.20764, 9.62537, 3.29652]"
43,sub10,supMAE,1,sub10-b1__0070__turnaround.npy,19,turnaround,19,0.9995772,1,"[0.80357, 0.62507, -1.04451, -3.36559, -6.47105, -2.99718, -1.16656, -8.96992, 4.48696, -2.99915, -0.72572, -5.46789, 1.34734, -4.78489, 9.69109, 1.21083, -6.40616, -3.90771, 1.7, 17.4678, 3.37423, -10.89716]"
43,sub10,supMAE,1,sub10-b2__0001__walk.npy,20,walk,20,0.99824035,1,"[2.0184, -4.95772, 0.33229, -2.48147, -6.38666, -7.28653, -7.86421, -10.52212, 3.99858, 0.00326, 5.13115, -6.34757, 4.23034, -5.44535, 3.83943, -3.96118, -8.13344, 2.31388, -8.19347, 0.66171, 12.2323, -0.16966]"
43,sub10,supMAE,1,sub10-b2__0002__turnaround.npy,19,turnaround,19,0.9988097,1,"[-0.81292, -4.42571, -3.72277, -4.31668, -4.4608, -2.03161, -0.29043, -7.74077, 2.24608, -1.41519, -1.2424, -4.35576, 0.15432, -3.96996, 10.04893, -2.22068, -4.99204, 0.45857, 1.06554, 16.99477, 8.61033, -10.91445]"
43,sub10,supMAE,1,sub10-b2__0003__walk.npy,20,walk,20,0.9991025,1,"[0.60934, -6.17444, -6.05834, -3.69318, -3.89294, -2.90562, -1.82281, -8.42758, -2.02928, 0.43575, 1.6099, -7.63943, 3.12752, -0.16241, 5.19368, -6.0557, -6.98245, 6.51944, -0.19041, 3.75655, 13.85485, -7.09692]"
43,sub10,supMAE,1,sub10-b2__0004__turnaround.npy,19,turnaround,19,0.99928695,1,"[1.27497, 0.09898, -1.32127, -3.75406, -6.16108, -3.66946, -2.00613, -9.85315, 4.11881, -2.62096, -0.62574, -5.32322, 0.83609, -4.80774, 8.93541, 1.98115, -6.61207, -2.72928, 2.10674, 16.19373, 2.65333, -11.04226]"
43,sub10,supMAE,1,sub10-b2__0005__walk.npy,20,walk,20,0.99806374,1,"[1.43212, -4.5746, 0.99908, -1.77115, -7.66744, -7.55964, -7.23827, -10.04338, 4.54245, -0.63594, 5.28058, -5.50117, 5.8254, -5.89727, 3.40214, -3.60975, -8.8083, 2.72809, -8.64817, 0.75356, 12.78323, 1.90603]"
43,sub10,supMAE,1,sub10-b2__0006__turnaround.npy,19,turnaround,19,0.9997762,1,"[0.61756, -0.82412, -0.55169, -2.1263, -6.40334, -2.68256, -1.98505, -8.7852, 4.55491, -3.63103, -1.58906, -6.01913, 1.05703, -4.67261, 9.63649, 1.81697, -7.02958, -3.04714, 0.63329, 18.05099, 3.71128, -10.14141]"
43,sub10,supMAE,1,sub10-b2__0007__walk.npy,20,walk,20,0.99925095,1,"[0.01812, -6.56478, -5.93038, -2.71802, -2.77957, -3.08822, -1.35447, -7.58776, -3.00916, 0.35555, 1.59321, -7.1676, 1.89851, 1.33246, 4.65933, -7.08713, -6.07745, 6.06168, 0.44943, 4.14679, 13.62222, -7.7265]"
43,sub10,supMAE,1,sub10-b2__0008__turnaround.npy,19,turnaround,19,0.99971837,1,"[1.29971, 0.00801, -1.15367, -2.73676, -6.01107, -3.71748, -1.78307, -9.70564, 3.99837, -3.00468, -0.57075, -5.86507, 0.22584, -4.29273, 8.55991, 2.10638, -7.10922, -2.65753, 2.17225, 16.75169, 2.19216, -10.4698]"
43,sub10,supMAE,1,sub10-b2__0009__walk.npy,20,walk,20,0.99669516,1,"[1.80418, -5.41801, 1.20454, -1.09096, -6.33078, -8.03767, -7.66452, -10.36015, 3.5867, -0.81622, 4.93579, -7.21494, 4.67003, -4.2523, 2.77895, -2.6695, -9.37116, 2.60061, -8.46339, 0.29532, 11.52542, 2.5296]"
43,sub10,supMAE,1,sub10-b2__0010__turnaround.npy,19,turnaround,19,0.9998343,1,"[0.43209, -1.03783, -1.73063, -2.29735, -6.84238, -2.14261, -3.0391, -8.70636, 4.73608, -3.80984, -1.58893, -6.79816, 1.78963, -5.05807, 9.24472, 1.66322, -7.60816, -2.09256, 1.0307, 17.96857, 4.13512, -9.42943]"
43,sub10,supMAE,1,sub10-b2__0011__walk.npy,20,walk,20,0.99914837,1,"[-0.22441, -6.67641, -6.17532, -2.8471, -2.36976, -3.02459, -0.95712, -7.16033, -3.27908, 0.24028, 1.26691, -7.19511, 1.60615, 1.77102, 4.29218, -7.0848, -6.21365, 6.40437, 1.02801, 4.49951, 13.73632, -7.74083]"
43,sub10,supMAE,1,sub10-b2__0012__turnaround.npy,19,turnaround,19,0.999856,1,"[1.10433, -0.08368, -0.53163, -2.0576, -5.35433, -3.74071, -2.14491, -9.22621, 3.91176, -3.1808, -1.01925, -6.34631, -0.24316, -3.65491, 7.90727, 2.33578, -7.37955, -2.46645, 1.68085, 16.78105, 2.18535, -10.06]"
43,sub10,supMAE,1,sub10-b2__0013__walk.npy,20,walk,20,0.9960751,1,"[0.83612, -5.43644, 1.88675, 0.49263, -5.89954, -7.86487, -8.09152, -9.82839, 3.67624, -1.57173, 4.12, -7.32751, 4.026, -3.32252, 2.33014, -2.76868, -9.08639, 1.97181, -8.2146, 1.26843, 10.88534, 3.06337]"
43,sub10,supMAE,1,sub10-b2__0014__turnaround.npy,19,turnaround,19,0.999882,1,"[0.41978, -0.98861, -2.15726, -2.29307, -6.34317, -2.20879, -2.85963, -8.72802, 4.13602, -3.80298, -1.4938, -7.37735, 1.19082, -4.22749, 8.8337, 1.7535, -7.63029, -1.9517, 2.16759, 17.89658, 3.76503, -9.78032]"
43,sub10,supMAE,1,sub10-b2__0015__walk.npy,20,walk,20,0.9980615,1,"[-0.47917, -6.96267, -5.61124, -2.33014, -1.32855, -3.16039, -0.43492, -6.59698, -3.7324, 0.10426, 0.69221, -7.21721, 0.57672, 2.70915, 3.66353, -6.46646, -6.47476, 7.2311, 0.83092, 4.47619, 13.5786, -7.38822]"
43,sub10,supMAE,1,sub10-b2__0016__turnaround.npy,19,turnaround,19,0.9998678,1,"[0.65693, 0.22531, -0.89594, -2.46122, -4.94992, -4.02045, -2.16512, -9.20009, 4.19887, -3.11737, -0.98766, -6.70295, -0.43453, -3.50389, 7.71134, 2.71566, -7.23417, -2.39311, 1.96452, 16.68655, 1.92319, -9.28578]"
43,sub10,supMAE,1,sub10-b2__0017__walk.npy,20,walk,20,0.99144167,1,"[1.09382, -6.03976, 1.46221, -0.41214, -5.35091, -7.751, -7.79811, -10.14089, 4.00631, -1.5538, 3.02726, -7.29918, 3.539, -3.5709, 3.56052, -1.94831, -8.28641, 1.43599, -8.4979, 1.67371, 9.91975, 2.5165]"
43,sub10,supMAE,1,sub10-b2__0018__turnaround.npy,19,turnaround,19,0.99977916,1,"[0.54823, -0.56896, -2.77407, -2.36825, -7.26018, -2.15025, -2.6473, -8.94212, 4.44399, -3.92204, -0.74022, -6.83093, 1.99977, -4.48658, 9.45486, 0.13038, -6.83471, -3.30343, 2.63944, 17.88385, 3.50882, -10.35377]"
43,sub10,supMAE,1,sub10-b2__0019__walk.npy,20,walk,20,0.9940491,1,"[-0.5244, -7.44564, -5.21572, -2.20825, 0.40197, -3.59813, 0.38695, -5.83796, -5.03033, 0.27278, 0.04669, -7.3142, -0.44507, 4.39668, 2.36246, -5.99585, -6.75003, 8.36785, 1.08235, 3.2722, 13.51533, -7.18142]"
43,sub10,supMAE,1,sub10-b2__0020__turnaround.npy,19,turnaround,19,0.99991894,1,"[0.75018, 0.18414, -0.37187, -1.55682, -5.18396, -4.03746, -1.91025, -8.74588, 4.31116, -3.57973, -1.20922, -6.66317, -0.30844, -3.10508, 7.67409, 2.56537, -7.51694, -2.43683, 1.48046, 17.14171, 2.02862, -9.17129]"
43,sub10,supMAE,1,sub10-b2__0021__walk.npy,20,walk,20,0.9784984,1,"[1.48289, -6.24384, 2.5602, 0.698, -4.13549, -8.41994, -7.04235, -10.19291, 2.27562, -1.66092, 2.86848, -7.84273, 1.77263, -1.64405, 3.09247, -1.16155, -8.71656, 0.18218, -6.93988, 2.87347, 8.38267, 0.5941]"
43,sub10,supMAE,1,sub10-b2__0022__turnaround.npy,19,turnaround,19,0.99834883,1,"[-0.39875, -4.71181, -2.21964, -3.11339, -0.6687, -3.46193, -0.8113, -6.80939, 0.47322, -1.12263, -1.01232, -7.40652, -3.27304, -0.39428, 6.81898, -0.92287, -6.83996, 2.86729, 0.86345, 15.04996, 8.46458, -10.41156]"
43,sub10,supMAE,1,sub10-b2__0023__walk.npy,20,walk,20,0.9965693,1,"[-0.33241, -7.29789, -5.45687, -2.24728, 0.55609, -3.7008, 0.58444, -5.96626, -5.23297, 0.47115, 0.65054, -7.50436, -1.09969, 4.76943, 2.68566, -6.54171, -6.21235, 7.32666, 1.7142, 3.56658, 13.11109, -7.98623]"
43,sub10,supMAE,1,sub10-b2__0024__turnaround.npy,19,turnaround,19,0.9998605,1,"[0.893, 0.14129, -0.23831, -1.56732, -4.98933, -4.37176, -2.66358, -9.31764, 4.62904, -3.45388, -0.76765, -7.22846, -0.65871, -3.39337, 7.499, 2.13536, -7.74785, -2.47732, 1.19832, 16.446, 2.29986, -8.95042]"
43,sub10,supMAE,1,sub10-b2__0025__hop.npy,9,hop,9,0.6337276,1,"[1.17348, -3.22997, -3.04661, 0.59863, -0.44959, -5.69304, -8.44506, -8.41223, -0.59656, 4.9734, 3.31254, -3.24713, -1.43673, -1.28883, 3.33023, -8.67878, 2.316, -7.03697, -1.56968, -1.02095, 2.35202, -3.47831]"
43,sub10,supMAE,1,sub10-b2__0026__hop.npy,9,hop,9,0.31560117,1,"[2.35848, -2.51964, -2.98485, 0.08111, -2.60871, -6.3862, -8.66073, -9.62529, 0.7692, 4.71153, 4.61127, -3.05292, -1.10657, -2.96706, 4.63575, -9.11718, 1.66006, -8.00027, -1.53932, 0.06552, 2.80152, -4.61716]"
43,sub10,supMAE,1,sub10-b2__0027__hop.npy,9,hop,9,0.6540777,1,"[1.93623, -2.96082, -3.2882, 0.69041, -0.38096, -5.56872, -8.82925, -8.78409, -0.56666, 5.3101, 3.7963, -3.63724, -2.30025, -1.43147, 3.54258, -8.77394, 2.52693, -7.76456, -1.09361, -1.26219, 1.4236, -4.27902]"
43,sub10,supMAE,1,sub10-b2__0028__hop.npy,9,hop,9,0.61245173,1,"[1.98831, -1.36355, -4.23254, -1.20835, -2.78991, -4.66015, -8.15894, -8.45557, 1.11075, 5.90429, 4.10794, -0.74988, -0.33421, -4.85232, 4.75352, -9.88913, 3.55642, -8.51501, -0.57911, -0.28338, 1.89283, -5.46991]"
43,sub10,supMAE,1,sub10-b2__0029__hop.npy,9,hop,9,0.72354555,1,"[1.84772, -1.55378, -3.46384, 0.60399, -2.07444, -5.23095, -7.72762, -7.82234, 0.59655, 5.41909, 3.63272, -1.8369, -0.79602, -2.68351, 3.09749, -8.58606, 2.25802, -7.77583, -0.48315, -0.72042, 1.50933, -3.42742]"
43,sub10,supMAE,1,sub10-b2__0030__hop.npy,9,hop,14,0.59159416,0,"[0.65555, -4.33077, -2.03519, 0.7269, 0.24573, -5.91647, -8.54395, -8.91401, -1.05218, 4.00771, 2.18296, -2.77358, -2.18466, -0.66536, 4.95574, -8.24745, 2.96247, -8.08128, -1.41526, 1.0725, 1.64008, -6.52642]"
43,sub10,supMAE,1,sub10-b2__0031__jump.npy,10,jump,14,0.4225594,0,"[3.68352, -5.22511, 1.81909, 1.52007, -3.86661, -8.82856, -7.86251, -11.29564, 1.14298, 0.05658, 5.29738, -6.86344, -0.40007, -0.91618, 5.39248, -5.9875, -3.78906, -7.32104, -4.63691, 1.8751, 3.64002, -4.43622]"
43,sub10,supMAE,1,sub10-b2__0032__jump.npy,10,jump,14,0.5515932,0,"[3.01149, -5.39087, 1.94972, 1.35481, -4.27453, -8.33432, -7.96699, -11.12025, 2.18084, -0.05095, 4.56701, -5.70886, -0.25232, -2.54106, 5.75364, -6.11343, -3.35341, -6.45622, -5.61682, 2.74298, 4.63076, -3.85351]"
43,sub10,supMAE,1,sub10-b2__0033__jump.npy,10,jump,14,0.5078453,0,"[3.37461, -5.69494, 2.16335, 1.48328, -4.12851, -8.70944, -7.51041, -11.24042, 1.93661, -0.426, 4.92538, -6.52929, -0.21297, -1.65129, 5.63348, -5.40747, -4.17847, -6.29889, -5.88938, 2.49321, 4.25075, -3.22768]"
43,sub10,supMAE,1,sub10-b2__0034__jump.npy,10,jump,3,0.9405272,0,"[1.63692, -5.65057, 2.68228, 8.32044, -2.23856, -7.83049, -7.51407, -7.62814, 1.11269, -1.94201, 4.24113, -9.08074, -3.5783, 4.07248, 4.4898, -6.33297, -2.3524, -7.47173, -4.41255, 2.46765, 1.90648, -0.3751]"
43,sub10,supMAE,1,sub10-b2__0035__jump.npy,10,jump,10,0.47322774,1,"[3.67883, -4.52664, 2.6831, 3.13039, -4.60198, -8.76051, -7.94345, -10.9714, 2.42982, -0.65624, 5.51194, -6.80374, -1.35076, -1.43118, 4.82477, -5.56086, -4.59732, -6.53059, -5.31514, 2.81475, 3.80232, -2.69483]"
43,sub10,supMAE,1,sub10-b2__0036__jump.npy,10,jump,14,0.5017483,0,"[3.62829, -4.98291, 1.84335, 2.16273, -4.97628, -8.1857, -7.94976, -11.22704, 2.68215, -0.57061, 5.35651, -6.43423, -0.65131, -2.47227, 5.8801, -5.56259, -4.27769, -6.6585, -5.31682, 3.30659, 3.86192, -3.54264]"
43,sub10,supMAE,1,sub10-b2__0037__runonspot.npy,13,runonspot,13,0.61778355,1,"[0.30982, -3.86896, 4.25312, 10.73225, -0.20396, -9.51404, -5.82733, -6.65404, -1.5653, -3.0891, 3.38266, -10.54976, -4.62206, 11.21481, 1.23758, -4.31885, -2.85833, -7.02948, -2.12852, 0.5067, 0.48411, 0.06173]"
43,sub10,supMAE,1,sub10-b2__0038__runonspot.npy,13,runonspot,13,0.68853253,1,"[-0.19928, -3.32458, 3.09977, 11.34425, 0.94365, -9.05043, -6.1099, -6.18491, -1.84318, -2.34514, 3.29535, -10.68274, -6.13083, 12.13822, 1.24897, -4.85847, -1.14117, -7.81757, -0.96792, 0.17774, -0.50879, -0.18525]"
43,sub10,supMAE,1,sub10-b2__0040__runonspot.npy,13,runonspot,13,0.89686954,1,"[-0.13322, -4.77943, 3.1274, 11.5223, 3.03952, -8.10822, -6.20361, -5.20402, -4.15654, -1.95928, 1.9775, -10.51433, -6.92281, 13.68577, 0.78578, -4.24033, -0.36189, -6.96757, -0.71975, -0.83559, -1.27232, -1.78973]"
43,sub10,supMAE,1,sub10-b2__0041__runonspot.npy,13,runonspot,13,0.9590069,1,"[0.44549, -3.92614, 2.81075, 9.52996, 2.42742, -9.03263, -5.87843, -7.11582, -3.06066, -1.90062, 2.67831, -11.54552, -6.42947, 12.68603, 1.23805, -3.58557, -1.4605, -6.90847, -0.79866, -1.2252, -0.83188, -1.64414]"
43,sub10,supMAE,1,sub10-b2__0042__buttkicks.npy,4,buttkicks,4,0.98954636,1,"[0.90139, -8.5449, -2.49872, -0.85841, 10.28659, -4.01182, -9.49035, -8.23486, -5.26247, 5.16923, -1.78036, -7.91842, -7.74123, 4.36501, 2.94503, -4.04571, 3.482, -3.63279, -1.25205, -5.5058, -0.79804, -7.85981]"
43,sub10,supMAE,1,sub10-b2__0043__buttkicks.npy,4,buttkicks,4,0.9894701,1,"[1.41625, -7.14707, -3.51143, -0.61552, 11.37658, -3.82844, -9.04164, -7.59592, -6.11622, 6.38402, -0.39368, -7.93093, -8.64388, 5.14283, 1.99106, -5.24444, 5.01051, -5.48553, 0.82357, -6.48608, -2.95549, -8.16874]"
43,sub10,supMAE,1,sub10-b2__0044__buttkicks.npy,4,buttkicks,4,0.987656,1,"[0.97242, -7.23062, -2.73569, -0.11776, 11.08346, -5.01172, -8.99696, -8.09417, -5.9379, 5.34183, -0.87853, -9.06534, -8.43736, 6.35025, 1.22402, -3.84769, 3.15081, -4.19519, -0.05822, -6.74013, -1.76088, -6.27722]"
43,sub10,supMAE,1,sub10-b2__0045__buttkicks.npy,4,buttkicks,4,0.97863024,1,"[1.91748, -8.11903, -4.05569, -3.61469, 10.94987, -3.35943, -9.6411, -8.92949, -5.7651, 7.0212, -0.87189, -7.09905, -7.54746, 2.29274, 3.22979, -4.46969, 4.38198, -4.513, -0.34396, -6.67301, -1.77016, -9.8967]"
43,sub10,supMAE,1,sub10-b2__0046__buttkicks.npy,4,buttkicks,4,0.9886801,1,"[1.21974, -8.24511, -3.69629, -2.11978, 10.70989, -4.03012, -9.63653, -8.5349, -5.33897, 6.08588, -1.09795, -8.16214, -7.50849, 3.53305, 2.29836, -4.09726, 3.18642, -3.7574, -0.50733, -6.31003, -0.99952, -7.33426]"
43,sub10,supMAE,1,sub10-b2__0047__buttkicks.npy,4,buttkicks,4,0.9886895,1,"[1.72556, -8.53412, -3.62915, -2.37549, 10.61342, -4.44, -9.02549, -8.9164, -5.79772, 5.88878, -1.0661, -8.45878, -7.25697, 4.16369, 2.76625, -3.78792, 2.83968, -3.97537, -0.57563, -6.56512, -1.01614, -7.90118]"
43,sub10,supMAE,1,sub10-b2__0048__airkick.npy,0,airkick,1,0.29615015,0,"[1.12819, 5.21257, 4.30904, 3.61152, -1.79689, -4.35569, 0.65898, -4.55844, -0.34944, 2.18086, -1.67132, 3.93229, -3.52464, -0.25084, 3.41678, -3.54349, 3.76821, -10.93236, 1.48471, 5.19215, -3.92564, -8.34471]"
43,sub10,supMAE,1,sub10-b2__0049__airkick.npy,0,airkick,19,0.6413455,0,"[2.12475, 6.46472, 5.56951, -1.40678, -1.6172, -2.81734, -1.91761, -5.38119, 1.89337, 2.39571, -2.70699, 1.48307, -1.45421, -3.40012, 4.10925, -0.08547, 0.18783, -7.28593, -2.33776, 7.4887, -0.18164, -11.75801]"
43,sub10,supMAE,1,sub10-b2__0050__airkick.npy,0,airkick,19,0.44557405,0,"[2.208, 5.70641, 4.55916, -0.15573, -0.34154, -3.1541, -3.15278, -6.34625, 0.00827, 2.58902, -1.45991, -0.19244, -2.92711, -1.2972, 3.80707, -1.98093, 1.12118, -8.84293, 0.00768, 5.93866, -2.02925, -12.67149]"
43,sub10,supMAE,1,sub10-b2__0051__airkick.npy,0,airkick,19,0.4757825,0,"[1.60354, 5.89662, 3.85431, 1.3133, -0.00582, -4.51156, -3.98475, -5.83517, -0.67343, 1.67521, -1.55936, -2.32615, -3.27594, 0.92102, 1.87965, -0.65729, -0.99445, -7.04296, 1.30892, 5.99168, -1.4, -10.10678]"
43,sub10,supMAE,1,sub10-b2__0052__airkick.npy,0,airkick,1,0.68767744,0,"[1.75382, 7.15071, 4.11986, 2.84056, -0.75683, -3.56305, -2.92563, -4.66202, 0.14163, 1.54859, -1.49453, -0.52055, -4.22052, 0.75377, 1.82652, -1.52604, 0.67081, -8.92897, 2.20508, 6.14794, -3.32337, -10.36833]"
43,sub10,supMAE,1,sub10-b2__0053__airkick.npy,0,airkick,19,0.6350298,0,"[2.05241, 5.46191, 5.55843, 1.74207, -0.54478, -5.09091, -5.35031, -6.90558, 0.64191, 0.84132, -0.95406, -3.96171, -3.36776, 0.05476, 1.77032, -0.72947, -2.79002, -6.59636, -0.31033, 6.81378, 0.2322, -9.72043]"
43,sub10,supMAE,1,sub10-b2__0054__airkick.npy,0,airkick,1,0.9294007,0,"[2.85516, 7.78358, 4.17551, 0.72207, -1.98328, -2.73263, 0.3777, -3.96779, -0.56048, 2.15544, -1.47832, 1.75691, -2.03637, -1.06559, 0.84127, -0.20059, 0.74762, -8.84217, 3.34315, 3.8483, -4.36432, -10.39754]"
43,sub10,supMAE,1,sub10-b2__0055__sidekick.npy,14,sidekick,14,0.9856194,1,"[3.73823, -9.27795, 0.18146, -3.07174, -0.53019, -4.10628, -3.12282, -10.36016, -1.73908, -0.33399, -1.46065, -5.68751, 0.54772, -1.04603, 8.14727, -0.45831, -2.40434, -2.01465, -4.90722, -1.97345, 0.81777, -7.44721]"
43,sub10,supMAE,1,sub10-b2__0056__sidekick.npy,14,sidekick,14,0.9908949,1,"[5.11228, -7.39402, 0.62186, -1.48499, -1.61511, -3.89211, -2.19168, -10.64242, -0.35597, -0.41475, -0.5845, -4.16265, -2.08275, -1.93628, 9.85159, -0.96326, -1.13328, -5.08154, -3.76871, 1.09543, -2.43402, -10.15591]"
43,sub10,supMAE,1,sub10-b2__0057__sidekick.npy,14,sidekick,14,0.9922862,1,"[4.99096, -7.75117, -0.65183, -2.22909, -0.74076, -3.90663, -2.73984, -11.09638, -1.01386, 0.04954, -0.6816, -5.34934, -2.86842, -1.35175, 9.89262, -1.01157, -1.19739, -4.31602, -2.72342, 0.85738, -1.68069, -10.92977]"
43,sub10,supMAE,1,sub10-b2__0059__sidekick.npy,14,sidekick,14,0.9986119,1,"[4.08393, -7.1547, -1.80093, -2.36742, -1.89745, -2.68481, -2.0842, -10.80619, 0.53432, -0.70651, -1.0042, -4.65065, -1.99177, -2.81735, 10.83542, -1.3307, -0.82399, -4.17282, -2.32044, 1.92024, -1.61059, -9.83884]"
43,sub10,supMAE,1,sub10-b2__0060__sidekick.npy,14,sidekick,14,0.98905504,1,"[5.30353, -7.75496, -0.20655, -1.80466, -0.66088, -3.7566, -2.39563, -10.54616, -0.76864, 0.02945, -1.01455, -5.40165, -2.35747, -1.02729, 9.83829, 0.25701, -1.171, -4.37118, -3.94044, -0.41211, -2.43492, -9.42409]"
43,sub10,supMAE,1,sub10-b2__0061__sidekick.npy,14,sidekick,14,0.98738235,1,"[5.0465, -8.54686, -1.03514, -2.34958, -0.0597, -3.1626, -3.39193, -10.45288, -1.32078, 0.42007, -1.5538, -5.54063, -2.35525, -1.23378, 9.44213, 0.03806, -0.92354, -3.40205, -3.53577, -1.8022, -2.08286, -9.41469]"
43,sub10,supMAE,1,sub10-b2__0062__crosstoe.npy,6,crosstoe,6,0.9857926,1,"[1.43595, 0.09432, -1.47731, -4.52572, -5.8379, -4.01333, 12.81139, -7.39109, -2.9354, -2.87554, -2.07351, 4.45788, 3.67877, -1.01478, 7.68007, -1.63719, -0.49001, -6.00631, 7.65747, 6.76397, -2.99003, -13.02449]"
43,sub10,supMAE,1,sub10-b2__0063__crosstoe.npy,6,crosstoe,6,0.99642134,1,"[-0.10579, 0.20816, 0.07068, -3.51523, -5.60713, -4.59636, 14.37575, -6.60758, -2.39643, -3.54821, -3.14429, 5.49678, 4.16134, -0.53217, 8.08901, -0.58558, 0.2432, -5.93175, 5.86387, 7.76835, -3.0804, -11.50918]"
43,sub10,supMAE,1,sub10-b2__0064__crosstoe.npy,6,crosstoe,6,0.9866745,1,"[-0.01302, 0.73301, -0.47514, -4.23003, -6.92292, -4.76648, 13.25024, -6.59486, -1.66702, -4.09256, -2.48355, 4.97734, 5.84938, -1.16365, 7.66779, -0.95408, -1.26048, -5.3798, 6.3874, 8.39931, -1.97772, -11.32186]"
43,sub10,supMAE,1,sub10-b2__0065__crosstoe.npy,6,crosstoe,6,0.9939818,1,"[0.72124, 0.5475, -1.43902, -5.10253, -5.29051, -3.88265, 13.89313, -6.96526, -3.25242, -2.72779, -2.47166, 5.57723, 3.70576, -1.18825, 8.08292, -1.5035, 0.77511, -6.32713, 7.65933, 6.77117, -3.33055, -13.29819]"
43,sub10,supMAE,1,sub10-b2__0066__crosstoe.npy,6,crosstoe,6,0.97196794,1,"[-0.73143, 2.53345, 0.00294, -3.5902, -5.27157, -2.59175, 12.47917, -4.60456, -2.75403, -2.60187, -3.35707, 7.22522, 3.90209, -1.3517, 6.55673, 0.3179, 1.29811, -5.85808, 7.98799, 7.81894, -3.87974, -12.96168]"
43,sub10,supMAE,1,sub10-b2__0067__crosstoe.npy,6,crosstoe,6,0.99466336,1,"[-0.96541, 2.2232, -0.92065, -4.40389, -5.4576, -3.64554, 13.91846, -5.51947, -2.4519, -3.14139, -3.35365, 7.01122, 4.88084, -1.11639, 6.804, 0.0153, 1.1347, -5.70227, 7.73904, 7.30917, -3.43339, -11.3731]"
43,sub10,supMAE,1,sub10-b2__0068__crosstoe.npy,6,crosstoe,6,0.99541676,1,"[-0.47391, -2.38942, -0.05513, -1.96372, -5.47169, -4.43654, 16.02056, -7.10587, -2.61522, -3.88248, -3.85436, 7.19561, 4.83862, 0.22656, 10.60006, -2.10786, 2.8438, -6.13986, 2.28454, 4.92664, -2.94563, -9.60573]"
43,sub10,supMAE,1,sub10-b2__0069__throw.npy,18,throw,19,0.7774234,0,"[-2.51535, 8.31194, -0.29297, 0.80083, -1.40316, -0.43336, -4.45527, -2.42129, 3.63031, -1.51707, -2.19382, -4.13963, -2.68973, -1.12878, 3.56484, -1.11891, -0.85787, -4.98949, 5.74884, 9.65486, -0.13159, -11.46744]"
43,sub10,supMAE,1,sub10-b2__0070__throw.npy,18,throw,1,0.8087519,0,"[-1.8478, 9.96049, -0.41111, 0.68332, -1.29365, -0.83078, 1.92616, 1.35511, 2.10799, -1.19767, -2.71215, -0.88039, -1.92766, 0.15834, -1.03786, 2.89653, -0.61935, -4.40716, 8.49216, 4.46469, -3.80374, -5.79238]"
43,sub10,supMAE,1,sub10-b2__0071__throw.npy,18,throw,1,0.86659753,0,"[-2.73116, 9.00284, 0.88876, 0.73616, 0.05819, -1.59484, 2.81397, 2.77205, 1.71121, -1.08299, -3.37756, -0.84039, -1.77871, 0.9781, -2.35999, 4.14211, -0.75729, -3.26603, 7.01292, 3.35663, -2.95367, -2.73433]"
43,sub10,supMAE,1,sub10-b2__0072__throw.npy,18,throw,1,0.94570804,0,"[-3.12451, 9.99613, 2.06344, -0.95408, -2.54634, -0.46697, -0.46156, -0.06461, 3.71574, -1.05121, -3.48215, 0.54715, 1.40778, -3.1307, 0.32771, 2.41455, -1.59609, -2.42807, 3.0783, 7.0617, -0.33255, -6.48051]"
43,sub10,supMAE,1,sub10-b2__0073__throw.npy,18,throw,1,0.74716437,0,"[-2.00919, 9.38918, 0.40224, -2.24031, -3.10735, -1.3465, 0.30839, -1.64249, 5.71173, -1.63226, -2.43484, 0.01424, -0.24689, -4.66324, 2.33226, 2.19206, -1.44004, -3.13822, 4.91188, 8.18383, -0.61816, -6.9172]"
43,sub10,supMAE,1,sub10-b2__0074__throw.npy,18,throw,19,0.5271208,0,"[-3.0801, 9.33547, -0.27477, 1.49234, -2.32647, -0.33852, -2.01088, -0.68659, 4.61462, -2.1716, -2.46934, -1.5539, -1.95208, -1.63546, 2.85279, -0.52409, -0.38511, -4.474, 5.51442, 9.47667, -0.79473, -9.14305]"
43,sub10,supMAE,1,sub10-b2__0075__throw.npy,18,throw,19,0.5984654,0,"[-3.59215, 9.27149, 0.25721, -0.06628, -2.24882, -0.94509, -2.5002, -1.35354, 5.73407, -2.21799, -2.56976, -2.47353, -1.18636, -2.57049, 2.93745, -0.41784, -0.78878, -3.73085, 5.0701, 9.71602, 0.824, -8.35405]"
43,sub10,supMAE,1,sub10-b2__0076__walk.npy,20,walk,20,0.7876972,1,"[0.83158, -5.4611, 4.45894, 1.71728, -4.03617, -8.52518, -5.30659, -9.76178, 3.16727, -2.94505, 1.45955, -6.68012, 0.9224, -1.16153, 3.88294, -1.04475, -7.55655, -1.30547, -7.08047, 4.90474, 7.04935, 0.16964]"
43,sub10,supMAE,1,sub10-b2__0077__turnaround.npy,19,turnaround,19,0.9998449,1,"[-0.1863, -0.03457, -2.6065, -1.77404, -6.85524, -1.69691, -2.63301, -8.2725, 4.83762, -4.07629, -1.27353, -6.2727, 1.27971, -4.55431, 9.48172, 0.21836, -5.84124, -3.16436, 2.67521, 18.26555, 3.10306, -10.19087]"
43,sub10,supMAE,1,sub10-b2__0078__walk.npy,20,walk,20,0.99616385,1,"[-1.0039, -7.38938, -5.28555, -1.77109, 0.36824, -3.07888, -0.23949, -4.97032, -4.60978, 0.2151, -0.01582, -6.25447, -0.91403, 3.67619, 2.01975, -6.68038, -6.06425, 8.57335, 0.77796, 3.8732, 14.15202, -7.34121]"
43,sub10,supMAE,1,sub10-b2__0079__turnaround.npy,19,turnaround,19,0.9999591,1,"[1.26207, -0.07902, -0.46151, -1.9151, -4.50056, -4.29859, -1.55301, -8.86694, 3.70237, -3.20341, -1.05716, -7.23836, -1.16605, -2.7122, 6.99141, 3.28334, -8.27976, -1.96642, 1.83469, 17.17207, 1.96899, -8.91819]"
43,sub10,supMAE,1,sub10-b2__0080__walk.npy,20,walk,20,0.98200744,1,"[1.53473, -6.07432, 2.91187, 1.38999, -5.33394, -8.1378, -7.71047, -10.03168, 2.69777, -1.72407, 3.49689, -7.08677, 3.01375, -2.4067, 2.75847, -2.61316, -8.41891, -0.15925, -7.85372, 1.80582, 8.82105, 1.75897]"
43,sub10,supMAE,1,sub10-b2__0081__turnaround.npy,19,turnaround,19,0.9998362,1,"[-0.00942, -0.09293, -2.3627, -1.75692, -7.09298, -1.64143, -3.1446, -8.4152, 5.13142, -4.12616, -1.27964, -6.46409, 1.49069, -4.95666, 9.40055, 0.4393, -6.22846, -3.12307, 2.25408, 18.13495, 3.20428, -9.94503]"
43,sub10,supMAE,1,sub10-b2__0082__walk.npy,20,walk,20,0.98254967,1,"[-0.19966, -7.59943, -5.66794, -1.92456, 1.31055, -3.40549, -0.28269, -5.46323, -5.53978, 0.6918, 0.18305, -7.72752, -1.75102, 4.98064, 1.67282, -5.71098, -6.48286, 8.94904, 1.58394, 2.65042, 13.00278, -7.58416]"
43,sub10,supMAE,1,sub10-b2__0083__turnaround.npy,19,turnaround,19,0.99984574,1,"[0.91528, -0.24886, -0.10851, -1.88465, -5.4742, -4.38358, -1.64549, -9.05494, 4.2221, -3.65068, -0.7961, -6.58924, 0.1164, -3.3563, 7.77938, 2.57051, -8.03068, -2.32807, 1.17298, 16.59689, 2.21251, -8.94909]"
43,sub10,supMAE,1,sub10-b2__0084__walk.npy,20,walk,20,0.9761342,1,"[1.43915, -6.48372, 2.36567, 0.88418, -4.24241, -8.15496, -7.15641, -10.1532, 2.21331, -1.56643, 2.69472, -7.54718, 2.12949, -1.65868, 3.36296, -1.6992, -8.00306, -0.32026, -7.31948, 2.6781, 8.28687, 0.99039]"
43,sub10,supMAE,1,sub10-b2__0085__turnaround.npy,19,turnaround,19,0.9992601,1,"[0.6375, 0.92197, -3.28598, -2.28679, -8.84298, -0.95994, -2.88478, -9.0505, 4.90745, -3.79421, -0.55767, -5.88892, 3.1304, -5.51077, 10.1616, -0.55008, -5.70406, -2.64112, 1.65252, 17.37779, 3.53507, -11.25989]"
43,sub10,supMAE,1,sub10-b2__0086__walk.npy,20,walk,20,0.986033,1,"[-0.60726, -7.41836, -5.51139, -1.51475, 0.3487, -3.16553, -0.14361, -5.22706, -4.98312, 0.12164, 0.18552, -7.21793, -0.93624, 4.40858, 1.89323, -5.75992, -6.70143, 9.14753, 1.38355, 3.66494, 13.41908, -7.23649]"
43,sub10,supMAE,1,sub10-b2__0087__turnaround.npy,19,turnaround,19,0.9999521,1,"[0.63489, -0.22614, 0.40903, -1.41014, -4.37309, -4.2093, -1.91475, -8.59113, 4.12737, -3.64113, -1.52551, -7.53936, -0.90542, -2.61166, 6.87821, 3.27476, -8.52166, -1.59582, 1.00428, 16.93159, 2.60452, -8.22073]"
43,sub10,supMAE,1,sub10-b2__0088__walk.npy,20,walk,20,0.9840942,1,"[1.25542, -6.24384, 2.60362, 0.68218, -5.03308, -7.96109, -7.2338, -10.09473, 3.01728, -1.76034, 2.59783, -6.6821, 2.67935, -2.81942, 3.59095, -2.01232, -8.01234, -0.07857, -7.81517, 3.09812, 8.99128, 0.97816]"
43,sub10,supMAE,1,sub10-b2__0089__turnaround.npy,19,turnaround,19,0.9998518,1,"[0.1952, -0.17757, -2.34887, -2.16838, -7.68244, -1.71271, -3.14905, -8.52849, 5.15769, -4.16419, -1.30089, -6.25932, 2.29943, -5.31048, 9.31095, 0.56513, -6.74564, -2.72573, 1.98054, 18.14903, 3.65357, -9.8895]"
43,sub10,supMAE,1,sub10-b2__0090__walk.npy,20,walk,20,0.96809363,1,"[-0.12485, -7.44067, -5.12699, -1.11162, 1.57032, -3.50585, 0.1932, -4.8942, -6.07573, 0.35792, 0.30995, -7.95231, -2.18371, 6.09298, 0.86976, -5.55873, -6.97375, 9.0841, 2.0772, 2.64466, 12.54936, -7.49675]"
43,sub10,supMAE,1,sub10-b2__0091__turnaround.npy,19,turnaround,19,0.9999095,1,"[0.77889, -0.53411, -0.28906, -1.92993, -4.78375, -4.01873, -1.28109, -8.71749, 3.81679, -3.57753, -1.49573, -6.80281, -0.32139, -2.8646, 7.38364, 3.53171, -8.218, -1.50129, 1.28679, 16.75272, 2.25016, -8.5531]"
43,sub10,supMAE,1,sub10-b2__0092__walk.npy,20,walk,20,0.9877456,1,"[1.3418, -6.01072, 2.09786, 0.68601, -5.26392, -7.88791, -7.59893, -10.18209, 3.13657, -1.63245, 2.97516, -7.13019, 2.7782, -2.92683, 3.39528, -1.93573, -8.48173, 0.29467, -7.59673, 3.12764, 9.258, 1.11984]"
43,sub10,supMAE,1,sub10-b2__0093__turnaround.npy,19,turnaround,19,0.9998803,1,"[-0.0632, -0.17766, -2.0876, -2.12772, -7.01978, -1.94885, -2.9812, -8.48085, 4.96874, -4.20865, -1.47131, -6.68442, 1.8603, -4.78385, 9.03797, 0.56477, -6.92233, -2.43398, 1.98627, 18.09346, 3.9669, -9.65699]"
43,sub10,supMAE,1,sub10-b2__0094__walk.npy,20,walk,20,0.9932207,1,"[-0.49951, -7.35351, -5.10984, -1.62341, 1.11878, -3.6177, 0.2246, -5.5007, -5.33431, 0.33792, 0.44955, -7.58957, -1.84714, 5.12349, 1.92151, -6.32657, -6.3718, 8.01071, 1.56196, 3.43303, 13.0679, -7.68807]"
43,sub10,supMAE,1,sub10-b2__0095__turnaround.npy,19,turnaround,19,0.9999697,1,"[-0.00324, 0.53898, 0.00904, -1.14757, -5.4368, -3.10915, -2.56936, -8.06454, 4.95397, -3.72601, -1.70699, -6.16139, 0.04924, -3.97259, 7.28988, 1.72, -7.52878, -2.21632, 1.22599, 17.81671, 3.52247, -8.9115]"
43,sub10,supMAE,1,sub10-b2__0096__hop.npy,9,hop,20,0.5971792,0,"[1.23991, -4.40015, -2.89441, -1.16112, 0.06935, -7.38477, -8.03525, -9.99238, -1.88096, 4.11534, 4.14846, -6.34815, 0.1206, 0.75761, 2.86584, -7.49129, -0.80794, -4.66199, -1.92109, -1.83253, 5.41291, -3.60951]"
43,sub10,supMAE,1,sub10-b2__0097__hop.npy,9,hop,14,0.3379017,0,"[1.21891, -5.0998, -1.4491, 0.30384, -1.40589, -6.22431, -8.59614, -9.60466, -0.76531, 3.22028, 3.56647, -4.03125, 0.27825, -1.56173, 4.01517, -8.51848, 0.23107, -6.2043, -3.14173, -0.26014, 3.65985, -3.98478]"
43,sub10,supMAE,1,sub10-b2__0098__hop.npy,9,hop,9,0.38908568,1,"[0.41283, -5.38296, -3.37618, -0.45993, 1.78294, -6.30261, -8.93186, -9.3733, -1.86349, 4.24719, 3.10003, -6.20958, -0.9728, 1.11503, 3.78834, -7.79162, 1.44268, -5.92812, -2.31514, -1.78645, 3.30074, -3.36088]"
43,sub10,supMAE,1,sub10-b2__0099__hop.npy,9,hop,9,0.46346796,1,"[1.28378, -4.23003, -3.52723, 0.04649, 0.48982, -5.54439, -8.50455, -9.04117, -1.42917, 4.8598, 3.55077, -4.24024, -1.39367, -0.38455, 4.41246, -9.04173, 2.84806, -7.68511, -1.59195, -1.27518, 1.91006, -4.58079]"
43,sub10,supMAE,1,sub10-b2__0100__hop.npy,9,hop,9,0.7556482,1,"[0.87308, -4.62779, -3.50225, -1.63337, 0.67008, -5.34749, -8.50195, -8.55552, -2.51529, 5.32988, 2.8472, -3.52866, 0.22228, -1.08059, 2.59924, -8.14452, 1.3317, -5.64997, -0.9133, -2.39042, 3.23771, -4.95337]"
43,sub10,supMAE,1,sub10-b2__0101__hop.npy,9,hop,9,0.6658713,1,"[1.49524, -2.45766, -3.9886, -0.28239, -1.35829, -5.22588, -8.53982, -8.35477, -0.15113, 5.35247, 4.06645, -2.93777, -0.47772, -2.43078, 3.12137, -9.37653, 2.14404, -7.29877, -0.562, -1.25923, 2.11672, -3.82925]"
43,sub10,supMAE,1,sub10-b2__0102__hop.npy,9,hop,9,0.69138724,1,"[0.06116, -2.8202, -4.0897, -0.04371, 1.40026, -5.76634, -7.43062, -7.77164, -1.29471, 5.40002, 2.68974, -3.46237, -1.9143, 0.55172, 3.59909, -8.44825, 3.42906, -7.09547, -0.22702, -0.85528, 1.96103, -4.2171]"
43,sub10,supMAE,1,sub10-b2__0103__hop.npy,9,hop,9,0.72790563,1,"[2.37105, -1.75907, -4.06498, 1.06678, -0.37884, -5.15141, -7.3113, -7.28547, -1.46693, 5.65149, 4.26211, -3.57219, -1.77932, 0.13625, 1.76374, -8.41216, 2.32282, -8.3765, 0.93618, -2.42304, -0.37796, -3.32112]"
43,sub10,supMAE,1,sub10-b2__0104__hop.npy,9,hop,9,0.82948506,1,"[1.37502, -3.57413, -3.2955, -0.27752, 0.53784, -5.7269, -8.4921, -7.93253, -1.92062, 5.5117, 3.3512, -3.75758, -0.93189, -0.77859, 1.09631, -7.76215, 0.94084, -5.92592, -0.52992, -2.7966, 2.14864, -2.85658]"
43,sub10,supMAE,1,sub10-b2__0105__jump.npy,10,jump,10,0.8014131,1,"[4.52691, -4.55343, 1.44557, 1.8042, -4.62976, -9.16737, -8.1239, -11.62718, 1.61962, 0.09779, 6.97461, -8.22934, -0.15256, -0.67651, 4.69919, -5.84865, -5.0044, -6.99899, -4.89984, 0.94791, 3.73913, -2.56933]"
43,sub10,supMAE,1,sub10-b2__0106__jump.npy,10,jump,10,0.7409945,1,"[4.8301, -3.78817, 1.75717, 2.69058, -6.22542, -8.44731, -8.31763, -11.24305, 3.09233, 0.04594, 6.98488, -5.88314, -0.71189, -3.26296, 5.10558, -6.71643, -4.28586, -7.51291, -4.99872, 2.50203, 3.43242, -2.97618]"
43,sub10,supMAE,1,sub10-b2__0107__jump.npy,10,jump,10,0.6899934,1,"[4.88462, -4.54667, 1.64149, 2.01062, -6.25866, -8.17493, -8.0501, -11.45028, 2.67998, 0.01553, 6.85863, -6.04165, 0.22666, -3.48407, 5.39459, -6.32005, -4.55107, -7.1447, -5.39117, 2.04014, 3.63772, -2.96174]"
43,sub10,supMAE,1,sub10-b2__0108__jump.npy,10,jump,10,0.6309622,1,"[4.93644, -4.69518, 0.37704, 0.30035, -4.95128, -8.42397, -8.39551, -12.14252, 2.05814, 1.01718, 7.27005, -6.75727, -0.27974, -3.03787, 6.4812, -6.88789, -3.31554, -8.01067, -4.71303, 1.47551, 3.38682, -4.89229]"
43,sub10,supMAE,1,sub10-b2__0109__jump.npy,10,jump,10,0.70538527,1,"[4.95712, -4.20413, 1.51527, 1.85471, -6.19712, -8.56353, -7.84205, -11.5622, 2.56732, 0.23992, 7.06099, -5.94117, 0.09504, -3.14912, 5.57788, -6.54745, -4.31034, -7.49481, -5.15861, 2.30016, 3.77729, -3.37562]"
43,sub10,supMAE,1,sub10-b2__0110__jump.npy,10,jump,10,0.73474663,1,"[4.70287, -4.68992, 1.13549, 1.52735, -5.17259, -8.41561, -8.51299, -11.68437, 2.48532, 0.3263, 6.90157, -7.37429, -0.42972, -2.77384, 5.10217, -6.0169, -4.69409, -6.40479, -5.27196, 1.29366, 4.06987, -2.3657]"
43,sub10,supMAE,1,sub10-b2__0111__runonspot.npy,13,runonspot,13,0.96322167,1,"[1.44352, -4.4781, 3.57021, 9.32351, 0.89427, -9.62459, -4.94196, -7.1587, -2.89186, -2.72731, 3.394, -11.79254, -4.89153, 12.59621, 2.11582, -3.03193, -3.26709, -7.14241, -1.73116, -0.04856, -0.70026, -1.89931]"
43,sub10,supMAE,1,sub10-b2__0112__runonspot.npy,13,runonspot,13,0.9751688,1,"[1.21126, -4.27654, 2.79504, 9.96704, 1.66907, -9.79019, -5.15541, -6.93227, -3.06929, -2.42391, 3.44667, -12.36059, -5.44521, 13.64048, 1.29504, -2.8606, -2.57115, -7.01312, -1.57395, -1.47693, -1.17417, 0.25521]"
43,sub10,supMAE,1,sub10-b2__0113__runonspot.npy,13,runonspot,13,0.9904992,1,"[0.37321, -4.98072, 2.37101, 10.15307, 3.46744, -9.3424, -5.52016, -6.01205, -4.41294, -1.92018, 2.53962, -12.508, -6.16735, 14.80228, -0.37123, -2.45437, -2.41234, -5.29917, -0.80416, -2.85682, -0.6143, 0.90394]"
43,sub10,supMAE,1,sub10-b2__0114__runonspot.npy,13,runonspot,13,0.9841871,1,"[0.52314, -3.9932, 1.7761, 9.99446, 1.51139, -10.04927, -5.4451, -6.57392, -3.03771, -2.14574, 3.88517, -12.81689, -4.48307, 14.12898, 0.18058, -3.17187, -2.65859, -5.89272, -1.15976, -2.93044, -0.25865, 2.62381]"
43,sub10,supMAE,1,sub10-b2__0115__runonspot.npy,13,runonspot,13,0.99872464,1,"[1.22069, -4.74204, 0.66911, 8.10915, 4.34968, -9.49594, -5.16528, -7.02181, -4.62263, -0.66419, 2.87867, -13.01644, -6.24941, 14.80377, 0.73785, -2.77315, -0.95883, -6.39725, -0.17916, -4.4556, -1.87373, -0.08814]"
43,sub10,supMAE,1,sub10-b2__0116__buttkicks.npy,4,buttkicks,4,0.9746421,1,"[1.72492, -7.67583, -5.75192, -4.32865, 11.95776, -3.44122, -8.89248, -8.55303, -6.14102, 8.25865, -0.6181, -7.21755, -7.53349, 2.79018, 2.3418, -4.52036, 5.09762, -4.63194, 0.56263, -8.11432, -1.95861, -7.99111]"
43,sub10,supMAE,1,sub10-b2__0117__buttkicks.npy,4,buttkicks,4,0.9650021,1,"[2.12295, -8.00369, -5.15972, -3.80048, 10.80787, -4.12587, -9.12774, -9.48837, -5.08687, 7.40203, -0.38726, -7.85739, -7.30674, 2.71347, 3.69873, -4.6922, 4.46858, -5.2134, -0.7336, -7.05454, -1.25381, -7.8843]"
43,sub10,supMAE,1,sub10-b2__0118__buttkicks.npy,4,buttkicks,4,0.889877,1,"[2.85014, -7.90887, -5.99383, -4.64717, 10.25367, -3.06723, -9.23865, -9.38595, -5.40931, 8.10293, 0.24941, -6.95378, -7.07816, 1.09686, 3.96714, -5.196, 4.88898, -5.59855, 0.25902, -7.03583, -1.95747, -9.66715]"
43,sub10,supMAE,1,sub10-b2__0119__buttkicks.npy,4,buttkicks,4,0.96537983,1,"[1.96066, -7.26451, -5.92844, -4.46957, 11.76754, -2.87835, -9.33137, -8.74088, -5.51719, 8.34718, -0.66168, -7.10026, -8.18023, 1.91317, 3.24381, -5.17906, 5.90159, -5.35195, 0.66904, -7.43219, -2.30603, -9.17931]"
43,sub10,supMAE,1,sub10-b2__0120__buttkicks.npy,4,buttkicks,4,0.98958886,1,"[1.20212, -7.79662, -4.50345, -2.52387, 11.72905, -3.9012, -9.25344, -8.00811, -5.8476, 7.10149, -0.43194, -8.3042, -7.98659, 3.76784, 1.46993, -4.33435, 3.65086, -3.67007, 0.50138, -6.77922, -1.65217, -6.87339]"
43,sub10,supMAE,1,sub10-b2__0121__buttkicks.npy,4,buttkicks,4,0.9472623,1,"[3.03063, -8.60702, -4.82063, -4.429, 9.48841, -5.08668, -8.69191, -10.24709, -5.30202, 6.45587, -0.01224, -9.05615, -5.90224, 3.04066, 3.87973, -3.41964, 1.909, -4.04814, -1.38533, -7.09745, -0.38313, -7.4848]"
43,sub10,supMAE,1,sub10-b2__0122__airkick.npy,0,airkick,3,0.8880608,0,"[3.39897, 0.18739, -0.11656, 7.30443, -6.43235, -4.98128, -6.62393, -6.30597, 1.8641, 2.48352, 4.7678, -1.1975, -1.42474, -1.87485, 2.43606, -9.16053, 1.40415, -10.0964, -0.81329, 0.65539, -1.06599, -0.9808]"
43,sub10,supMAE,1,sub10-b2__0123__airkick.npy,0,airkick,3,0.30676353,0,"[3.29474, 3.26845, 0.51966, 4.64088, -4.15901, -4.76279, -1.00982, -5.61315, 0.28451, 3.11079, 1.57966, 2.28639, -3.39728, -1.09336, 3.79141, -6.02751, 3.68697, -12.03134, 2.51725, 3.77032, -3.88595, -6.75987]"
43,sub10,supMAE,1,sub10-b2__0124__airkick.npy,0,airkick,3,0.89769983,0,"[2.84433, -2.40775, 2.48526, 7.07623, -3.72332, -7.42751, -6.30085, -7.7848, 0.33811, 0.40846, 3.18722, -2.7704, -3.33582, 1.04966, 3.47844, -6.81081, -0.3568, -9.46963, -2.06744, 3.72135, -0.10571, -3.984]"
43,sub10,supMAE,1,sub10-b2__0125__airkick.npy,0,airkick,3,0.96871847,0,"[3.72967, -0.98701, 2.08994, 8.45547, -6.28118, -5.90061, -6.77684, -6.32594, 1.12502, 1.13131, 4.39353, -1.18381, -1.82048, -0.78638, 2.03587, -8.7231, 0.41085, -10.27177, -1.68201, 1.2981, -0.76712, -1.86657]"
43,sub10,supMAE,1,sub10-b2__0126__airkick.npy,0,airkick,3,0.9010324,0,"[3.65389, -0.08908, 0.98019, 7.06823, -6.15221, -5.95128, -6.30208, -6.05933, 1.07785, 2.35599, 4.06067, -0.32802, -1.57236, -1.36674, 1.85963, -8.81782, 0.69115, -10.04049, -0.74358, 1.36541, 0.17643, -2.85709]"
43,sub10,supMAE,1,sub10-b2__0127__airkick.npy,0,airkick,1,0.920023,0,"[1.58584, 8.42701, 1.09761, 0.62256, -2.21825, -1.0807, 0.36217, -3.09014, 1.59969, 3.6257, -1.62053, 3.45922, -2.45248, -3.09289, 3.27721, -2.00606, 4.32013, -9.74935, 2.56284, 5.27833, -4.10201, -9.4964]"
43,sub10,supMAE,1,sub10-b2__0128__sidekick.npy,14,sidekick,14,0.9856587,1,"[3.89775, -9.0715, -0.17884, -3.27556, -0.33304, -4.51775, -3.49879, -10.51654, -1.32456, 0.00174, -1.21657, -6.13681, -0.11115, -1.01942, 8.26473, 0.05122, -2.38122, -2.03676, -4.84746, -1.87593, 0.28992, -7.27817]"
43,sub10,supMAE,1,sub10-b2__0129__sidekick.npy,14,sidekick,14,0.98875475,1,"[4.93291, -8.01447, -0.19573, -2.32357, -0.01802, -4.6879, -3.72951, -10.903, -0.6692, 0.64454, 0.13656, -6.50137, -2.25574, -0.76623, 9.46228, -0.70671, -1.27334, -4.58151, -4.7948, -0.9397, -1.26677, -8.86586]"
43,sub10,supMAE,1,sub10-b2__0130__sidekick.npy,14,sidekick,14,0.9921968,1,"[4.92952, -7.85293, -0.08316, -2.01821, -1.44658, -3.56556, -3.73244, -10.82093, 0.22165, -0.04427, -0.26131, -4.82338, -2.25233, -2.91898, 9.82223, -1.31566, -1.1458, -4.44621, -4.39898, 0.3064, -1.38377, -9.23144]"
43,sub10,supMAE,1,sub10-b2__0131__sidekick.npy,14,sidekick,14,0.9928885,1,"[3.90246, -8.28157, 0.84154, -2.61836, -0.93036, -4.79171, -1.99332, -10.61703, -0.45518, -0.30587, -0.98069, -4.45436, -0.80314, -1.64658, 8.98544, -0.1934, -1.74321, -3.04258, -5.48112, -0.56258, -0.32324, -7.66372]"
43,sub10,supMAE,1,sub10-b2__0132__sidekick.npy,14,sidekick,14,0.99227166,1,"[4.89842, -7.68725, -1.20599, -2.34959, -1.25987, -3.09684, -1.91214, -10.84291, -0.78255, -0.33184, -1.04958, -4.97517, -2.75781, -1.91557, 9.80074, -0.34638, -1.76083, -3.09134, -2.21273, 0.96213, -1.5257, -10.53588]"
43,sub10,supMAE,1,sub10-b2__0133__crosstoe.npy,6,crosstoe,6,0.9930519,1,"[0.19406, -0.25337, -1.61739, -4.69458, -6.25831, -4.07336, 13.74096, -7.1491, -1.67969, -3.62836, -2.50543, 4.99032, 5.00541, -1.99984, 8.15965, -1.16803, -0.83623, -4.6175, 6.28188, 7.67909, -2.05828, -10.98195]"
43,sub10,supMAE,1,sub10-b2__0134__crosstoe.npy,6,crosstoe,6,0.99794024,1,"[0.36389, -1.70913, 0.03146, -2.70607, -4.93702, -3.23113, 15.30534, -6.9312, -1.96138, -3.31283, -3.85619, 6.06457, 2.90359, -1.21622, 9.01727, -0.89004, 0.71657, -4.18744, 3.10055, 6.07671, -2.4745, -10.17024]"
43,sub10,supMAE,1,sub10-b2__0135__crosstoe.npy,6,crosstoe,6,0.9766341,1,"[-1.06613, 1.5704, 2.58415, -3.76075, -7.46678, -4.47322, 15.66117, -5.18662, -0.5583, -2.80253, -2.67551, 11.80348, 7.95753, -2.92218, 9.57563, -1.56096, 4.60079, -5.44382, -1.62228, 5.98107, -0.54525, -8.61961]"
43,sub10,supMAE,1,sub10-b2__0136__crosstoe.npy,6,crosstoe,6,0.9967752,1,"[0.32595, 0.92251, 3.32036, -3.95118, -6.87054, -5.93059, 14.97653, -7.10056, -1.18077, -3.57229, -2.0516, 6.68059, 6.95204, -1.15342, 8.93884, 0.16261, 0.49772, -4.40327, -0.65031, 6.7216, -1.01724, -8.85528]"
43,sub10,supMAE,1,sub10-b2__0138__crosstoe.npy,6,crosstoe,6,0.9803334,1,"[0.18257, 0.54284, 2.10882, -4.34081, -8.3007, -3.88882, 14.74358, -6.6506, -0.32461, -3.55397, -2.2736, 9.96994, 7.98713, -3.68751, 10.1103, -0.97567, 2.38318, -5.20748, -1.32765, 7.50161, -1.05764, -9.06936]"
43,sub10,supMAE,1,sub10-b2__0139__throw.npy,18,throw,5,0.6387671,0,"[3.80413, 1.19336, -2.77795, 4.83929, -7.21468, 6.63666, -4.15282, 0.24135, 2.42977, -2.31366, 0.83815, -1.9893, -1.29513, -4.94749, 1.7265, -1.89132, -3.08938, -2.66251, 4.66411, 4.86074, -2.99103, -6.2736]"
43,sub10,supMAE,1,sub10-b2__0140__throw.npy,18,throw,18,0.98901796,1,"[3.12632, -0.12304, -3.7986, 2.80104, -3.31987, 4.6636, -0.34041, 1.7941, -2.33636, -2.21029, -0.89543, -4.33769, -2.46806, 0.02946, -1.09888, 1.99511, -3.83338, 2.01723, 9.6411, -0.21519, -2.17343, -6.48991]"
43,sub10,supMAE,1,sub10-b2__0141__throw.npy,18,throw,18,0.83455473,1,"[2.43091, 0.82979, -3.29541, 5.69494, -3.24507, 3.86642, -1.66718, 2.43324, -0.21025, -3.66152, -1.41816, -6.51517, -1.93839, 1.18591, -3.77149, 3.81062, -6.29104, 2.80006, 7.70618, 0.22652, -3.21156, 0.95947]"
43,sub10,supMAE,1,sub10-b2__0142__throw.npy,18,throw,19,0.8350824,0,"[-0.23562, -1.93537, -0.14371, 7.70294, -4.19126, 2.16172, -5.73862, -3.72482, 4.60908, -5.79212, -1.57303, -7.24783, -3.33302, -1.86693, 2.79321, 1.34073, -6.62461, 1.05904, 0.37834, 9.38531, -0.22962, 0.01156]"
43,sub10,supMAE,1,sub10-b2__0143__throw.npy,18,throw,19,0.88668805,0,"[2.31787, 0.56717, -1.36533, 4.18546, -6.89772, 3.89472, -2.94224, -2.1222, 4.43362, -4.18955, 0.09318, -4.62799, -1.72416, -5.09413, 1.54665, 1.1547, -6.98977, 2.2904, 3.67516, 7.66425, 0.83715, -3.46267]"
43,sub10,supMAE,1,sub10-b2__0144__throw.npy,18,throw,19,0.612397,0,"[1.80675, 0.23836, -0.70377, 6.19384, -6.17593, 5.6545, -2.72505, -0.22894, 3.9507, -4.31642, -0.95097, -3.41213, -2.70955, -4.22886, 2.17664, 0.08249, -4.77929, 0.77668, 2.55067, 7.217, -0.13429, -3.89387]"
43,sub10,supMAE,1,sub10-c__0002__stand.npy,17,stand,17,0.9810945,1,"[0.22685, 2.28225, -0.70181, -4.55037, -3.27301, 2.38532, -4.60496, -1.41715, 1.8056, -1.12527, -4.28393, -2.29997, 4.4475, -9.60775, -7.27059, 9.1246, -12.37118, 13.09237, 1.19853, -1.50457, 3.8548, 1.86439]"
43,sub10,supMAE,1,sub10-c__0003__turnaround.npy,19,turnaround,1,0.6271484,0,"[2.51588, 6.2659, 2.25871, -5.1851, -5.6895, 0.42304, -0.35197, -2.88605, 3.63044, 0.11501, -1.41239, 1.1258, 3.78497, -9.58095, -1.7121, 4.21315, -6.21747, -0.73921, 1.53236, 4.85621, 0.04748, -5.06317]"
43,sub10,supMAE,1,sub10-c__0004__sit.npy,15,sit,15,0.96305877,1,"[1.85268, 4.47787, -0.59729, -4.27127, -3.10608, 2.12171, -1.97447, -1.28572, 0.87018, -0.51653, -3.41238, -2.7498, 4.17634, -7.42831, -7.06485, 11.1303, -10.67318, 7.7899, 3.13679, -2.62665, -0.71613, 1.53093]"
43,sub10,supMAE,1,sub10-c__0005__stand.npy,17,stand,17,0.97599834,1,"[0.61746, 2.66335, -0.27394, -4.63518, -3.81043, 1.60113, -5.00992, -2.09352, 3.02368, -1.1156, -3.44274, -3.05672, 4.18603, -9.80656, -6.34304, 8.03479, -12.29534, 11.80222, 0.31568, -0.47918, 4.41043, 1.52926]"
43,sub10,supMAE,1,sub10-c__0006__turnaround.npy,19,turnaround,1,0.5347528,0,"[2.68861, 6.07789, 2.73647, -5.0819, -6.02833, -0.27961, -0.23741, -3.28759, 3.82389, -0.20794, -1.25184, 1.10458, 4.0692, -9.78174, -1.89914, 4.41481, -6.8611, -0.64999, 1.1721, 5.02141, 0.07144, -4.1713]"
43,sub10,supMAE,1,sub10-c__0007__sit.npy,15,sit,15,0.9475821,1,"[1.84872, 4.74975, -0.51513, -3.91729, -2.90967, 2.19572, -2.59312, -1.43752, 1.0049, -0.61402, -3.66149, -3.09553, 3.33876, -7.66329, -7.18097, 11.13108, -10.79038, 8.18133, 3.57798, -2.55192, -0.83423, 0.98374]"
43,sub10,supMAE,1,sub10-c__0008__stand.npy,17,stand,17,0.9808941,1,"[0.83121, 2.27067, -0.48601, -4.71887, -3.18407, 1.86663, -4.89705, -2.04712, 1.64113, -0.8207, -3.52797, -2.65803, 3.78789, -9.6144, -7.1973, 8.00802, -12.31495, 11.9901, 1.27844, -1.14738, 4.06848, 0.89377]"
43,sub10,supMAE,1,sub10-c__0009__turnaround.npy,19,turnaround,1,0.5971114,0,"[2.59847, 6.35969, 2.63775, -4.68191, -5.5622, 0.18441, -1.25215, -3.06143, 4.00431, -0.09022, -1.37511, 0.63966, 3.17287, -9.91067, -2.2533, 4.14894, -6.75482, -0.44096, 1.40694, 5.34781, -0.06469, -4.55705]"
43,sub10,supMAE,1,sub10-c__0010__sit.npy,15,sit,15,0.9333825,1,"[1.64102, 4.80483, -0.61586, -4.08573, -3.15365, 1.83583, -3.09853, -1.61622, 1.6543, -0.61641, -3.49465, -3.48513, 3.76339, -8.02633, -7.10768, 10.89884, -10.99553, 8.20279, 3.03707, -2.463, -0.49772, 1.83426]"
43,sub10,supMAE,1,sub10-c__0011__stand.npy,17,stand,17,0.97680044,1,"[0.55526, 2.52057, 0.09102, -4.15953, -3.37535, 1.80858, -4.79754, -1.72046, 2.10385, -1.26538, -3.88229, -2.64151, 4.20058, -9.35389, -7.30183, 8.62206, -12.61501, 12.39044, 0.6063, -0.95297, 3.97408, 1.89558]"
43,sub10,supMAE,1,sub10-c__0012__turnaround.npy,19,turnaround,1,0.5954437,0,"[2.30374, 6.37986, 2.51613, -4.38048, -5.59856, 0.61787, -1.41315, -2.81438, 4.23825, -0.3614, -1.5404, 0.27971, 3.31595, -9.7191, -2.10597, 3.97378, -6.79615, -0.27454, 1.40526, 5.38239, 0.35109, -4.58835]"
43,sub10,supMAE,1,sub10-c__0013__sit.npy,15,sit,15,0.9577599,1,"[1.5259, 4.7928, -0.26316, -3.99315, -3.41678, 2.51348, -3.00514, -1.57677, 1.93436, -0.81393, -3.76503, -2.97743, 4.24467, -8.01712, -6.03261, 10.65343, -10.28349, 7.40136, 2.24466, -2.09549, -0.63308, 1.12128]"
43,sub10,supMAE,1,sub10-c__0014__stand.npy,17,stand,17,0.9775329,1,"[0.46116, 2.5037, -0.13985, -4.52857, -3.70326, 1.95822, -4.73319, -1.92112, 2.39531, -1.23183, -3.91912, -2.45572, 4.62425, -9.7949, -6.7976, 8.3945, -12.52236, 12.21216, 0.55087, -0.64132, 4.0836, 1.65119]"
43,sub10,supMAE,1,sub10-c__0015__turnaround.npy,19,turnaround,1,0.6186718,0,"[2.79782, 6.40145, 1.97335, -4.78582, -6.33045, 0.77418, -0.80058, -2.83541, 4.31962, 0.09233, -1.11018, 0.91552, 3.93837, -10.16658, -1.28347, 3.58639, -6.26257, -1.00909, 1.3026, 5.15308, 0.33024, -5.18113]"
43,sub10,supMAE,1,sub10-c__0016__squat.npy,16,squat,16,0.9970763,1,"[0.94771, -0.82788, -2.47689, -4.64264, -1.3314, -0.05117, 0.95519, -0.75069, -3.96566, 6.41037, -1.20744, 11.84768, 3.63223, -1.53682, 8.49783, -11.33217, 17.71863, -14.98872, 0.34759, -4.69065, -3.19679, -15.63961]"
43,sub10,supMAE,1,sub10-c__0017__squat.npy,16,squat,16,0.9996872,1,"[0.75847, -0.98119, -3.78295, -5.54194, 0.98775, -0.47614, 0.27491, -1.44178, -4.22337, 7.21665, -1.89104, 9.94938, 2.2148, -0.42869, 8.50084, -10.77294, 18.28187, -14.63841, 0.78619, -5.58389, -3.76415, -15.06388]"
43,sub10,supMAE,1,sub10-c__0018__squat.npy,16,squat,16,0.9972519,1,"[3.2345, -3.26722, -3.21338, -10.61196, 0.21278, 1.64376, -1.78832, -4.82317, -3.17989, 9.12928, -0.3736, 9.7095, 5.32594, -8.07962, 9.11477, -8.26663, 16.35784, -11.14804, -5.39051, -8.08331, -0.91225, -14.47594]"
43,sub10,supMAE,1,sub10-c__0019__squat.npy,16,squat,16,0.9962811,1,"[3.86727, -2.60907, -2.88683, -10.18102, -1.36042, 1.51916, -2.03186, -5.67234, -1.76462, 8.78555, 0.65872, 10.31732, 4.96317, -10.00803, 10.23578, -9.35597, 16.6708, -12.26709, -5.67055, -6.66935, -1.27993, -14.93248]"
43,sub10,supMAE,1,sub10-c__0020__squat.npy,16,squat,16,0.9977049,1,"[3.17752, -2.73162, -2.97816, -10.60716, 0.65508, 1.34781, -1.19704, -4.99659, -2.8145, 9.47001, -0.98095, 10.86305, 4.25574, -8.48446, 9.86493, -8.42161, 17.41945, -11.85927, -5.21398, -7.19223, -1.7208, -15.1449]"
43,sub10,supMAE,1,sub10-c__0021__squat.npy,16,squat,16,0.9985763,1,"[2.84846, -3.55166, -3.71305, -11.28587, 2.01498, 1.39286, -1.83915, -5.28325, -3.82468, 9.67285, -1.48569, 9.152, 4.53395, -7.29, 9.38422, -7.88087, 17.08077, -10.72641, -5.14906, -8.52138, -1.31668, -14.84723]"
43,sub10,supMAE,1,sub10-c__0023__pickup.npy,11,pickup,11,0.9978815,1,"[2.81983, -0.72962, 2.97484, -6.84656, -8.31004, -1.05845, 3.16838, -3.42392, 0.11007, 4.45163, 0.46716, 17.11287, 9.23456, -11.45889, 7.46807, -6.76353, 10.72014, -11.01338, -5.94033, -1.0415, 1.25416, -11.02109]"
43,sub10,supMAE,1,sub10-c__0024__pickup.npy,11,pickup,11,0.9956819,1,"[2.76007, -1.05342, 2.39907, -7.01058, -7.71656, -0.96167, 2.58905, -3.5413, -0.14619, 4.82237, 0.43378, 17.17037, 8.73335, -11.27287, 7.87448, -7.37351, 11.65449, -11.36114, -5.82704, -1.26921, 0.97568, -11.61808]"
43,sub10,supMAE,1,sub10-c__0025__pickup.npy,11,pickup,11,0.9979133,1,"[2.75708, -1.2085, 2.8018, -7.2562, -9.03666, -1.51696, 3.43973, -3.44056, -0.16082, 3.88222, 0.40651, 17.16825, 10.79231, -11.44582, 6.63709, -5.78575, 9.23366, -9.68588, -6.1208, -1.39029, 1.77657, -9.68077]"
43,sub10,supMAE,1,sub10-c__0026__pickup.npy,11,pickup,11,0.9988945,1,"[2.66569, -0.78084, 3.51799, -6.04758, -9.76955, -1.53098, 3.41993, -3.39114, 0.35605, 3.48029, 0.63206, 17.57117, 10.37225, -11.40198, 7.38512, -6.82888, 9.52027, -10.73458, -6.1293, 0.04483, 1.80918, -10.4936]"
43,sub10,supMAE,1,sub10-c__0027__pushchair.npy,12,pushchair,12,0.9933647,1,"[4.19448, -0.25544, 1.9913, -6.43005, -12.90317, -2.25417, 1.86303, -3.64338, 2.05084, 1.12717, 2.39373, 9.62798, 14.65679, -12.01317, 4.0582, -2.72422, -0.18359, -5.55172, -5.39759, -0.70106, 4.98567, -5.31803]"
43,sub10,supMAE,1,sub10-c__0028__pushchair.npy,12,pushchair,12,0.99216,1,"[3.83716, -0.63128, 2.19057, -5.91945, -13.53798, -2.32992, 1.1983, -3.75473, 2.22947, 0.82625, 2.57378, 10.22542, 15.0798, -12.46787, 4.44131, -4.1184, 0.31849, -6.14527, -5.54658, -0.31568, 5.34978, -5.43835]"
43,sub10,supMAE,1,sub10-c__0029__pushchair.npy,12,pushchair,12,0.99440926,1,"[3.61502, 0.04862, 2.40295, -6.12823, -12.76258, -2.52969, 2.18977, -3.52308, 2.33485, 0.85437, 2.35004, 9.46256, 14.66621, -12.06211, 3.55474, -2.5682, -0.53611, -5.36446, -5.1481, -0.66828, 5.17372, -4.3059]"
43,sub10,supMAE,1,sub10-c__0030__pushchair.npy,12,pushchair,12,0.99636275,1,"[4.19344, -0.01095, 1.25524, -6.78877, -12.76543, -2.0564, 1.40486, -4.04428, 2.42851, 1.33253, 2.44108, 8.832, 14.49187, -12.56228, 3.85819, -2.31371, -0.62444, -4.93684, -4.99102, -1.13119, 5.19194, -5.00222]"
43,sub10,supMAE,1,sub10-c__0031__pushchair.npy,12,pushchair,12,0.9862751,1,"[3.62679, -0.21387, 2.38946, -6.85298, -12.501, -2.01725, 1.91049, -3.69977, 2.066, 1.23896, 1.98542, 10.33306, 14.61829, -12.69722, 3.88827, -2.81754, 0.27356, -5.35704, -5.59616, -0.81838, 5.29417, -5.31202]"
43,sub10,supMAE,1,sub10-c__0032__sit.npy,15,sit,15,0.8456855,1,"[1.21557, 4.30395, -0.4128, -3.72482, -3.89601, 2.5431, -3.88669, -1.50377, 2.51625, -0.92552, -3.4793, -2.80877, 3.9915, -9.11859, -6.15058, 9.9016, -10.50899, 8.15273, 1.81795, -1.38295, 0.58621, 1.23872]"
43,sub10,supMAE,1,sub10-c__0033__stand.npy,17,stand,17,0.98639524,1,"[0.34668, 2.10915, -0.15896, -4.38693, -3.38272, 2.09265, -4.83802, -1.68265, 2.4186, -1.19615, -3.92999, -2.58482, 3.92109, -9.76539, -6.79047, 8.30143, -12.29218, 12.62888, 0.27567, -0.70756, 4.53261, 1.54911]"
43,sub10,supMAE,1,sub10-c__0034__turnaround.npy,19,turnaround,1,0.50896174,0,"[2.71151, 5.97501, 2.57631, -4.57596, -5.86701, 0.61586, -0.80538, -2.81003, 3.88727, -0.37457, -1.46542, 0.73587, 3.71823, -9.8476, -2.12188, 4.37934, -7.02983, -0.08979, 1.04917, 5.14217, 0.25798, -4.3477]"
43,sub10,supMAE,1,sub10-c__0035__sit.npy,15,sit,15,0.8709164,1,"[1.32441, 4.24741, -0.60177, -4.36568, -3.30215, 2.0151, -3.23736, -1.61755, 1.92553, -0.71828, -3.51745, -3.36481, 4.17159, -8.42681, -6.76295, 10.77709, -11.13343, 8.84336, 2.09825, -2.00906, 0.47862, 2.16404]"
43,sub10,supMAE,1,sub10-c__0036__stand.npy,17,stand,17,0.98568684,1,"[0.32866, 2.21688, -0.25379, -4.33201, -3.43316, 1.92212, -4.9798, -1.80376, 2.61616, -1.28992, -3.8997, -2.9442, 3.98822, -9.63952, -6.81809, 8.37748, -12.60193, 12.65264, 0.30416, -0.58784, 4.56457, 1.90514]"
43,sub10,supMAE,1,sub10-c__0037__turnaround.npy,19,turnaround,1,0.5757842,0,"[2.81768, 6.44143, 2.07917, -4.61102, -6.30535, 0.5524, -2.23182, -3.22472, 4.54116, 0.16263, -0.86933, 0.44923, 3.3059, -10.50168, -1.25098, 2.67813, -6.2665, -1.17538, 1.27554, 5.67178, 0.70111, -5.87887]"
43,sub10,supMAE,1,sub10-c__0038__sit.npy,15,sit,15,0.7867161,1,"[1.30361, 4.51905, -0.31465, -3.60225, -3.52734, 2.34142, -4.62994, -1.7053, 2.55925, -0.9532, -3.46793, -3.67612, 3.42905, -8.96474, -6.3959, 9.93505, -10.94894, 8.60019, 2.00611, -1.32696, 0.58563, 1.03077]"
43,sub10,supMAE,1,sub10-c__0039__stand.npy,17,stand,17,0.9855682,1,"[0.40548, 2.0482, -0.23427, -4.52872, -3.28723, 1.77727, -4.75642, -1.65554, 2.32148, -1.07315, -3.83103, -2.71549, 3.8236, -9.57753, -6.98643, 8.25781, -12.42881, 12.52455, 0.40108, -0.66172, 4.48739, 1.76157]"
43,sub10,supMAE,1,sub10-c__0040__turnaround.npy,19,turnaround,1,0.57141864,0,"[2.33479, 6.37059, 2.97672, -4.74368, -5.74164, 0.6193, -0.40754, -2.71398, 4.05702, -0.40308, -1.79851, 1.07047, 3.88657, -9.58241, -1.93527, 4.76368, -6.59861, -0.5313, 0.76399, 5.16187, -0.09543, -4.17307]"
43,sub10,supMAE,1,sub10-c__0041__sit.npy,15,sit,15,0.77909464,1,"[1.27405, 4.6328, -0.38057, -3.9425, -3.98742, 2.054, -4.96801, -2.34936, 2.76711, -0.97053, -3.31534, -3.20585, 3.66951, -9.43074, -5.84788, 9.16772, -10.8305, 7.8366, 2.44262, -0.82357, 0.63869, 0.07231]"
43,sub10,supMAE,1,sub10-c__0042__stand.npy,17,stand,17,0.97661203,1,"[0.36029, 2.71789, -0.26894, -4.36015, -3.76378, 1.94175, -4.96221, -1.92967, 3.02316, -1.3358, -3.84275, -2.91085, 4.23667, -9.77271, -6.38527, 8.37467, -12.21522, 12.14937, 0.42496, -0.63369, 4.21305, 1.71945]"
43,sub10,supMAE,1,sub10-c__0043__turnaround.npy,19,turnaround,1,0.83255976,0,"[2.59197, 7.38399, 2.55917, -4.54198, -5.50947, 0.65247, -1.05611, -2.56704, 4.26298, 0.17825, -1.60444, 0.33343, 2.98352, -9.35398, -2.08999, 4.82188, -6.17257, -0.36752, 1.6831, 4.25813, -0.69898, -4.46809]"
43,sub10,supMAE,1,sub10-c__0044__sit.npy,15,sit,15,0.7887666,1,"[1.14057, 4.47018, -0.1421, -3.43333, -3.42531, 2.26101, -4.16813, -1.54125, 2.25826, -1.04577, -3.5975, -3.38788, 3.5321, -8.69229, -6.70981, 9.94314, -11.09933, 8.59665, 2.02154, -1.06897, 0.77097, 1.29906]"
43,sub10,supMAE,1,sub10-c__0046__turnaround.npy,19,turnaround,1,0.62793803,0,"[2.7184, 6.55101, 1.844, -4.85622, -6.37964, 0.40344, -1.33426, -3.00333, 4.53955, 0.14301, -0.9118, 0.49466, 3.84207, -10.16421, -1.19004, 2.99927, -6.30168, -1.34832, 1.45702, 5.39884, 0.63336, -5.50094]"
43,sub10,supMAE,1,sub10-c__0047__squat.npy,16,squat,16,0.994385,1,"[4.04232, -2.34042, -2.6435, -11.25389, -0.60829, 0.71465, -1.62876, -6.17911, -2.33257, 9.26256, 0.94717, 9.15275, 5.38889, -9.42023, 9.523, -8.30367, 15.60871, -11.70155, -5.43461, -7.5157, -1.06977, -14.54097]"
43,sub10,supMAE,1,sub10-c__0048__squat.npy,16,squat,16,0.99280256,1,"[3.33681, -2.61405, -2.42155, -11.77936, 0.16248, 0.1965, -1.35119, -6.06368, -2.61007, 9.45871, -0.13819, 9.69315, 5.56146, -9.07171, 9.18799, -7.41248, 15.50061, -10.79743, -5.78769, -7.54801, -0.53971, -14.02068]"
43,sub10,supMAE,1,sub10-c__0049__squat.npy,16,squat,16,0.9961158,1,"[3.85817, -3.05537, -3.36853, -11.48752, 0.25128, 0.75464, -2.26575, -6.59828, -2.65185, 9.46781, 0.47927, 8.59754, 4.95992, -9.03838, 10.01828, -8.58764, 16.16786, -11.37461, -5.66405, -7.90111, -1.01273, -14.68557]"
43,sub10,supMAE,1,sub10-c__0050__squat.npy,16,squat,16,0.99483204,1,"[4.00699, -2.8296, -2.89687, -11.18141, -0.76853, 1.43366, -1.74355, -5.90123, -2.63799, 9.08901, -0.03005, 10.14999, 5.73395, -9.67726, 10.05104, -8.67162, 16.22826, -11.7065, -5.66175, -7.22625, -1.32565, -15.24701]"
43,sub10,supMAE,1,sub10-c__0051__squat.npy,16,squat,16,0.9956695,1,"[3.46517, -2.58001, -3.00036, -11.45742, 0.35142, 0.84393, -1.66904, -5.83963, -2.50726, 9.51184, -0.27831, 9.44504, 5.12114, -8.94416, 9.78618, -7.85246, 16.13318, -11.25448, -5.63965, -7.38824, -0.96619, -14.53746]"
43,sub10,supMAE,1,sub10-c__0052__squat.npy,16,squat,16,0.99523985,1,"[3.62924, -2.97411, -3.50287, -11.30144, 0.14064, 1.20507, -2.88446, -6.02559, -2.18226, 9.40894, -0.29993, 8.92987, 4.96316, -9.55633, 9.90628, -8.37431, 15.93919, -11.1825, -5.8147, -7.37902, -0.6833, -14.58721]"
43,sub10,supMAE,1,sub10-c__0053__pickup.npy,11,pickup,11,0.9973017,1,"[2.79392, -0.32538, 2.85237, -7.17274, -7.98788, -0.63399, 3.23629, -3.12594, -0.01073, 4.68449, 0.37004, 17.03549, 9.0501, -11.41572, 7.28561, -6.75195, 10.9606, -11.11619, -5.35601, -1.3387, 0.85398, -11.51117]"
43,sub10,supMAE,1,sub10-c__0054__pickup.npy,11,pickup,11,0.9981546,1,"[2.92363, -0.52498, 2.9769, -7.41744, -8.13158, -0.81447, 3.56534, -3.10007, -0.34556, 4.54876, 0.31546, 16.9063, 9.71971, -11.29832, 6.70956, -5.76513, 10.04452, -10.29592, -5.66788, -1.8025, 1.12268, -10.79831]"
43,sub10,supMAE,1,sub10-c__0055__pickup.npy,11,pickup,11,0.9991007,1,"[2.66455, -0.51058, 3.61245, -6.38966, -9.55709, -0.72604, 3.54355, -2.7489, 0.30432, 3.52193, 0.23208, 17.81328, 10.49102, -12.09662, 6.40989, -5.98141, 9.41828, -9.99893, -5.86501, -0.86001, 1.35925, -10.00009]"
43,sub10,supMAE,1,sub10-c__0056__pickup.npy,11,pickup,11,0.998393,1,"[2.79389, -0.4921, 3.50215, -6.81005, -9.41331, -1.04075, 3.90075, -2.90793, 0.07773, 3.68132, 0.3027, 17.2948, 10.68082, -11.59445, 6.60659, -5.80691, 8.96261, -10.06439, -5.78491, -0.87509, 1.6774, -10.32012]"
43,sub10,supMAE,1,sub10-c__0057__pickup.npy,11,pickup,11,0.99875474,1,"[2.79614, -0.75514, 3.2242, -6.58372, -9.41537, -1.44983, 3.01529, -3.56951, 0.56513, 3.8205, 0.87258, 17.13568, 9.98599, -12.05825, 6.88248, -6.5225, 9.36555, -10.33155, -5.96924, -0.70203, 1.83865, -10.00492]"
43,sub10,supMAE,1,sub10-c__0058__pickup.npy,11,pickup,11,0.99843997,1,"[2.53515, 0.0906, 3.2777, -6.6154, -8.88071, -0.25306, 3.35118, -2.59818, 0.55725, 4.03226, 0.34368, 17.01552, 9.57703, -11.81533, 6.82187, -6.30409, 10.03683, -10.89487, -5.28723, -0.64749, 1.04391, -10.9388]"
43,sub10,supMAE,1,sub10-c__0059__pushchair.npy,12,pushchair,12,0.9908556,1,"[3.92678, 0.17912, 2.18687, -5.84774, -13.17672, -2.80989, 1.43031, -3.93467, 2.98758, 1.07006, 2.58753, 9.55545, 14.26371, -12.23842, 4.38109, -3.26759, 0.02218, -6.18679, -5.36911, -0.04542, 4.96251, -5.02995]"
43,sub10,supMAE,1,sub10-c__0060__pushchair.npy,12,pushchair,12,0.9963283,1,"[4.12848, 0.19612, 1.56441, -6.23925, -12.61761, -2.67982, 1.6807, -3.8903, 2.56125, 1.15587, 2.54733, 8.2353, 13.91337, -12.00469, 3.31811, -1.81614, -1.30557, -4.79286, -4.47778, -0.92739, 5.08442, -4.27828]"
43,sub10,supMAE,1,sub10-c__0061__pushchair.npy,12,pushchair,12,0.99694794,1,"[3.98917, -0.22845, 1.59935, -6.80519, -12.55377, -3.07179, 1.4905, -4.20451, 2.39428, 1.31204, 2.88436, 8.45047, 14.31392, -11.98005, 3.76158, -2.53662, -0.75869, -5.3856, -4.9943, -1.14847, 5.40082, -4.38561]"
43,sub10,supMAE,1,sub10-c__0062__pushchair.npy,12,pushchair,12,0.9984862,1,"[3.85154, -0.19992, 1.82356, -5.96932, -13.22915, -2.71509, 0.92184, -4.001, 2.77645, 0.63425, 2.66674, 8.23709, 14.82858, -12.19889, 3.54796, -2.48948, -1.40839, -4.86343, -5.26539, -0.74235, 5.60803, -3.87048]"
43,sub10,supMAE,1,sub10-c__0063__pushchair.npy,12,pushchair,12,0.9951173,1,"[3.7811, -0.09151, 2.20931, -6.30857, -12.69144, -2.68408, 1.47026, -3.88739, 2.53398, 1.03811, 2.51849, 8.89821, 14.26165, -12.32055, 3.48752, -2.2561, -0.86819, -5.03431, -5.34567, -0.85663, 5.42384, -4.06173]"
43,sub10,supMAE,1,sub10-c__0064__sit.npy,15,sit,15,0.84099144,1,"[1.53755, 4.27083, -1.37855, -4.24385, -3.3999, 2.53498, -4.46955, -2.08354, 2.14263, -0.59178, -3.45426, -3.81166, 3.97861, -8.76176, -6.03382, 9.91479, -10.64596, 8.20412, 2.41801, -2.34024, 0.2008, 1.3973]"
43,sub10,supMAE,1,sub10-c__0065__stand.npy,17,stand,17,0.9588561,1,"[0.63245, 2.71577, -0.11403, -4.18616, -3.2813, 1.63799, -4.86016, -2.00104, 2.38504, -1.21713, -3.76839, -3.26313, 3.87751, -9.22043, -7.04756, 8.92315, -12.61185, 12.08876, 0.888, -0.75795, 3.59328, 1.82124]"
43,sub10,supMAE,1,sub10-c__0066__turnaround.npy,19,turnaround,1,0.5993304,0,"[2.66168, 6.53686, 2.48586, -4.33226, -6.16231, 0.75613, -2.47312, -3.1939, 4.68712, -0.06458, -1.25044, 0.47802, 3.15376, -10.61049, -1.50413, 2.93882, -6.28572, -0.90491, 1.27333, 5.61105, 0.35943, -5.57435]"
43,sub10,supMAE,1,sub10-c__0067__sit.npy,15,sit,15,0.8858017,1,"[1.28519, 4.6698, -0.5091, -4.59218, -3.89823, 2.15708, -3.5868, -2.01917, 2.3819, -0.73615, -3.52373, -2.82007, 4.61342, -8.99875, -5.85224, 9.92458, -10.30052, 7.77859, 2.12552, -1.88949, 0.33807, 0.95434]"
43,sub10,supMAE,1,sub10-c__0068__stand.npy,17,stand,17,0.9806451,1,"[0.30884, 2.48261, -0.2232, -4.0453, -3.40469, 1.9445, -5.42059, -1.78785, 2.35585, -1.36481, -3.84259, -3.01827, 4.10479, -9.32363, -7.1471, 8.35022, -12.5554, 12.31169, 0.86339, -1.00874, 3.99934, 1.76667]"
43,sub10,supMAE,1,sub10-c__0069__turnaround.npy,19,turnaround,1,0.46786037,0,"[2.86316, 6.23215, 2.12461, -4.58546, -6.54961, 0.44605, -2.17263, -3.57311, 4.838, -0.17881, -0.83496, 0.08738, 3.62993, -10.55383, -0.85333, 2.80352, -6.40287, -1.34558, 0.72428, 5.89562, 0.77369, -5.26235]"
43,sub10,supMAE,1,sub10-c__0070__sit.npy,15,sit,17,0.9115832,0,"[0.39191, 2.12193, 0.65927, -1.64228, -2.60197, 1.19567, -5.55449, -1.16397, 1.93726, -2.06616, -3.4954, -4.91648, 2.56555, -7.71332, -7.91931, 9.43879, -13.29752, 11.78205, 0.75734, -1.14587, 3.70369, 3.89596]"
43,sub10,supMAE,1,sub10-c__0071__stand.npy,17,stand,17,0.9786174,1,"[0.5488, 2.40443, -0.25384, -4.19344, -3.474, 1.99341, -4.97118, -1.69635, 2.17503, -1.21336, -3.84076, -2.75934, 4.04894, -9.52425, -7.13383, 8.43568, -12.55822, 12.29163, 0.97774, -0.69224, 4.02625, 1.56347]"
43,sub10,supMAE,1,sub10-c__0072__turnaround.npy,19,turnaround,1,0.46890172,0,"[2.73053, 6.29355, 2.85697, -4.5375, -6.45729, 0.27198, -2.00627, -3.5982, 4.79748, -0.27525, -1.13611, 0.67307, 3.50126, -10.68584, -1.09742, 3.10303, -6.41855, -1.27059, 0.79221, 5.97769, 0.45834, -5.2445]"
43,sub10,supMAE,1,sub10-c__0073__sit.npy,15,sit,15,0.78464293,1,"[1.5047, 3.86873, -0.24087, -4.46241, -3.49739, 1.80395, -3.77303, -1.98164, 1.92583, -0.62313, -3.45107, -2.79027, 3.85409, -9.1634, -6.39765, 9.85979, -11.09278, 8.54256, 1.94645, -1.30882, 1.0307, 0.65616]"
43,sub10,supMAE,1,sub10-c__0074__stand.npy,17,stand,17,0.9805055,1,"[0.50024, 2.42632, -0.66119, -4.26526, -3.7476, 2.21788, -5.12629, -1.73549, 2.50438, -1.20361, -3.80935, -2.73271, 4.15857, -9.758, -6.77314, 8.42607, -12.34665, 12.37898, 1.12211, -0.87575, 4.00968, 1.47332]"
43,sub10,supMAE,1,sub10-c__0075__turnaround.npy,19,turnaround,1,0.6175876,0,"[2.47368, 6.84382, 2.84739, -3.651, -5.94006, 0.58333, -3.58092, -3.18467, 4.90823, -0.24782, -1.34105, -0.1994, 2.71604, -10.31372, -1.86991, 2.63801, -6.38186, -1.16007, 1.23389, 5.93546, 0.30956, -5.31522]"
43,sub10,supMAE,1,sub10-c__0076__sit.npy,15,sit,15,0.9191332,1,"[1.37267, 4.44832, -0.3138, -3.84966, -3.31877, 1.91434, -2.97208, -1.88259, 1.55538, -0.89362, -3.81035, -2.85819, 4.01571, -8.08545, -6.53637, 10.83183, -11.23071, 8.36007, 2.8559, -1.44405, -0.06166, 1.09691]"
43,sub10,supMAE,1,sub10-c__0077__stand.npy,17,stand,17,0.9466662,1,"[0.61691, 2.96239, 0.12717, -3.99752, -3.44705, 1.86637, -4.89321, -1.9442, 2.49068, -1.31275, -3.8437, -3.04927, 4.20991, -9.19622, -6.8176, 8.77934, -12.34164, 11.6789, 0.65, -0.75578, 3.57811, 1.70154]"
43,sub10,supMAE,1,sub10-c__0078__turnaround.npy,19,turnaround,1,0.74836093,0,"[2.80965, 7.2057, 1.90528, -4.26222, -6.39911, 0.61342, -2.45398, -2.89258, 4.87757, 0.29991, -0.64497, 0.39099, 3.04492, -10.2926, -1.32138, 2.48253, -5.61043, -2.25631, 1.78713, 5.53242, -0.1235, -5.72938]"
43,sub10,supMAE,1,sub10-c__0079__sit.npy,15,sit,15,0.9069202,1,"[1.0772, 5.23553, 0.46088, -3.56557, -3.61999, 1.55772, -3.52235, -1.88375, 2.75566, -1.35376, -3.55416, -3.63065, 4.05255, -8.27449, -6.37498, 10.42743, -11.20582, 8.06465, 1.78561, -1.04839, 0.34983, 2.02429]"
43,sub10,supMAE,1,sub10-c__0080__stand.npy,17,stand,17,0.9462843,1,"[0.0134, 2.8501, 0.35153, -4.19423, -3.33839, 1.1356, -4.07258, -1.88171, 2.59862, -1.72158, -4.06269, -3.12377, 4.75563, -8.7349, -7.02143, 9.51319, -12.92319, 12.39942, 0.12449, -0.73247, 4.03459, 3.26888]"
43,sub10,supMAE,1,sub10-c__0081__turnaround.npy,19,turnaround,1,0.70654416,0,"[2.85528, 6.81377, 1.98701, -4.67241, -6.33064, 0.54707, -1.54386, -2.97911, 4.54186, 0.35997, -0.91413, 0.65372, 3.48387, -10.14991, -1.0655, 2.95105, -5.86016, -1.79402, 1.57387, 5.27559, 0.20138, -5.82366]"
43,sub10,supMAE,1,sub10-c__0082__squat.npy,16,squat,16,0.99708647,1,"[4.01867, -3.65237, -3.01001, -10.24633, -0.00093, 1.10917, -2.37174, -6.15669, -2.51769, 9.2769, 0.88776, 9.36683, 4.10206, -9.5937, 8.99824, -8.67189, 16.16405, -10.95026, -5.79407, -8.30116, -1.17721, -13.71985]"
43,sub10,supMAE,1,sub10-c__0083__squat.npy,16,squat,16,0.9912101,1,"[3.91038, -3.24068, -2.91331, -11.69852, 0.27952, 0.21587, -2.50433, -6.79233, -2.10619, 9.52118, 0.72045, 8.5964, 4.62922, -9.92195, 8.87132, -7.34299, 14.90418, -9.97493, -6.26612, -8.22756, -0.1705, -13.0457]"
43,sub10,supMAE,1,sub10-c__0084__squat.npy,16,squat,16,0.9968919,1,"[3.53615, -3.80319, -3.2157, -10.57372, 0.19183, 1.01146, -2.43438, -6.12029, -2.40577, 9.25814, -0.00028, 10.30646, 4.19185, -9.93579, 9.36282, -8.59357, 16.63287, -10.72398, -6.06604, -7.89773, -0.96582, -13.89346]"
43,sub10,supMAE,1,sub10-c__0085__squat.npy,16,squat,16,0.99598503,1,"[3.78899, -3.6422, -2.79004, -10.84004, 1.01327, 0.77278, -2.45295, -6.17043, -2.64762, 9.56875, 0.06879, 9.08288, 3.74733, -9.28804, 8.72702, -7.71993, 15.80157, -10.17936, -6.13013, -8.38442, -0.80842, -13.70646]"
43,sub10,supMAE,1,sub10-c__0086__squat.npy,16,squat,16,0.9948401,1,"[4.09379, -3.03298, -2.66537, -10.5475, -0.20119, 0.75795, -1.81671, -5.8993, -1.89839, 9.27276, 0.6183, 9.78643, 3.93076, -9.91506, 9.34999, -7.93143, 15.85954, -10.95808, -5.83438, -7.54308, -0.94771, -13.88899]"
43,sub10,supMAE,1,sub10-c__0087__squat.npy,16,squat,16,0.98862576,1,"[3.92319, -3.17483, -1.73351, -10.57464, -0.90414, 0.58196, -1.01471, -5.46302, -2.12703, 8.7714, 0.27774, 10.70529, 5.37867, -9.8196, 8.97292, -7.54445, 15.4536, -10.64269, -6.62579, -7.52976, -0.5645, -13.39612]"
43,sub10,supMAE,1,sub10-c__0088__pickup.npy,11,pickup,11,0.99457586,1,"[3.08105, -0.78621, 2.47585, -7.6414, -7.21907, -0.66238, 3.13913, -3.19466, -0.1812, 5.06198, 0.54414, 16.32062, 8.74857, -11.46687, 6.52353, -5.75171, 10.99503, -10.04846, -5.91993, -2.93878, 0.88251, -10.15277]"
43,sub10,supMAE,1,sub10-c__0089__pickup.npy,11,pickup,11,0.99372286,1,"[2.86919, -1.33209, 1.88331, -7.65316, -7.32933, -0.67478, 2.00324, -3.58406, 0.038, 5.06577, 0.59981, 16.61888, 8.66399, -12.00863, 6.91644, -6.64801, 11.48486, -10.26825, -6.05657, -2.60444, 1.09964, -10.27986]"
43,sub10,supMAE,1,sub10-c__0090__pickup.npy,11,pickup,11,0.99673575,1,"[2.97503, -1.21421, 2.3057, -6.84034, -8.96836, -0.92847, 1.74646, -3.35727, 0.66259, 4.05392, 1.05295, 16.29606, 9.73295, -12.30579, 6.83426, -6.73544, 9.96321, -10.0542, -6.20612, -1.43168, 1.80169, -9.73022]"
43,sub10,supMAE,1,sub10-c__0091__pickup.npy,11,pickup,11,0.997456,1,"[2.7644, -1.43704, 2.4328, -7.816, -8.06462, -1.09692, 3.1976, -3.5491, -0.46702, 4.55059, 0.61575, 16.68579, 10.18677, -11.58821, 6.16966, -5.28632, 9.78773, -9.12303, -6.29567, -2.84359, 1.65241, -9.36772]"
43,sub10,supMAE,1,sub10-c__0092__pickup.npy,11,pickup,11,0.99779874,1,"[2.99446, -1.0658, 2.40296, -7.50995, -8.27237, -0.77498, 2.81441, -3.40335, 0.09546, 4.5263, 0.62188, 16.71033, 9.57161, -12.08977, 6.52169, -5.85997, 10.11484, -9.77082, -5.99616, -2.12344, 1.45448, -9.86152]"
43,sub10,supMAE,1,sub10-c__0093__pushchair.npy,12,pushchair,12,0.9978861,1,"[4.12392, -0.47348, 1.21869, -6.49691, -13.06811, -2.66054, 1.00769, -4.24529, 2.6801, 0.96967, 2.92276, 8.20677, 14.47196, -12.45831, 3.85136, -2.61319, -1.12713, -5.11873, -5.13454, -0.86246, 5.58426, -3.91517]"
43,sub10,supMAE,1,sub10-c__0094__pushchair.npy,12,pushchair,12,0.99962294,1,"[3.90683, -0.55975, 0.24441, -6.07446, -13.57666, -2.65388, 0.14608, -4.39699, 3.13127, 0.00628, 2.90092, 6.31528, 14.81247, -12.39545, 3.06091, -1.68805, -3.22095, -3.59515, -4.20049, -0.69916, 5.86382, -2.55798]"
43,sub10,supMAE,1,sub10-c__0096__pushchair.npy,12,pushchair,12,0.9986896,1,"[4.0511, -0.74181, 0.72372, -6.68668, -13.18098, -2.76704, 0.9284, -4.48844, 2.3639, 0.88651, 3.09884, 8.01363, 14.77156, -12.39663, 3.81792, -2.52445, -1.23083, -4.97697, -4.82645, -0.99694, 5.50975, -3.72728]"
43,sub10,supMAE,1,sub10-c__0097__pushchair.npy,12,pushchair,12,0.99929535,1,"[4.19298, -0.40319, 0.56541, -6.59762, -13.11084, -2.89316, 0.51125, -4.57138, 3.07149, 0.75448, 2.99118, 6.62435, 14.43959, -12.27627, 3.58929, -1.79904, -2.49243, -4.23084, -4.84345, -0.69877, 6.02093, -3.39944]"
43,sub10,supMAE,1,sub10-c__0098__pushchair.npy,12,pushchair,12,0.9978471,1,"[3.93048, -0.9158, 1.06107, -6.76914, -12.96673, -2.51139, 0.0284, -4.50056, 2.62828, 0.975, 2.8729, 8.26502, 14.53086, -12.91073, 3.91296, -3.03038, -0.89747, -4.95432, -5.58104, -0.81292, 5.95624, -4.02741]"
43,sub10,supMAE,1,sub10-c__0099__sit.npy,15,sit,15,0.8226474,1,"[0.9237, 4.61955, -0.32176, -3.76209, -3.81094, 2.56303, -4.06909, -1.66931, 2.80055, -1.13785, -3.77985, -3.02698, 4.11562, -8.93239, -5.78943, 9.69948, -10.5522, 8.10446, 1.62519, -1.01474, 0.70901, 1.20257]"
43,sub10,supMAE,1,sub10-c__0100__stand.npy,17,stand,17,0.95356166,1,"[0.28661, 3.01159, 0.37233, -3.7838, -3.2644, 1.46337, -5.26735, -1.84035, 2.4588, -1.5134, -3.85949, -3.47899, 4.31186, -8.75064, -7.5965, 9.18154, -12.89381, 12.22067, 0.56493, -1.38564, 3.56792, 2.74341]"
43,sub10,supMAE,1,sub10-c__0101__turnaround.npy,19,turnaround,1,0.54955727,0,"[2.68439, 6.24425, 2.86198, -4.40635, -5.47937, 0.35974, -0.35447, -3.03389, 3.54717, -0.4051, -1.68996, 0.8867, 3.2253, -9.26407, -2.01601, 4.73927, -6.68665, -0.85433, 1.4345, 5.32279, -0.54969, -4.38321]"
43,sub10,supMAE,1,sub10-c__0102__sit.npy,15,sit,15,0.9085305,1,"[1.21582, 4.66883, 0.22047, -3.8577, -3.51854, 1.66185, -3.50414, -1.93567, 2.07181, -1.01785, -3.55826, -3.35516, 4.18606, -8.24978, -6.67844, 10.48988, -11.16151, 8.13542, 1.99315, -1.55099, 0.28464, 1.85823]"
43,sub10,supMAE,1,sub10-c__0103__stand.npy,17,stand,17,0.9735641,1,"[0.38013, 2.45232, 0.11383, -4.48789, -3.36497, 1.98523, -4.69582, -2.02262, 2.27225, -1.29718, -4.18604, -2.54554, 4.34732, -9.56005, -6.73638, 8.61698, -12.4208, 12.2547, 0.36755, -0.75573, 4.10965, 1.57819]"
43,sub10,supMAE,1,sub10-c__0104__turnaround.npy,19,turnaround,1,0.3896203,0,"[2.48492, 5.45001, 2.34189, -4.60306, -5.31195, 0.5374, -0.83944, -2.98052, 3.78927, -0.2425, -1.62716, 0.49787, 3.17933, -9.76546, -2.05531, 4.04484, -6.86099, 0.04311, 0.96603, 5.32635, 0.93699, -4.4667]"
43,sub10,supMAE,1,sub10-c__0105__sit.npy,15,sit,15,0.96471137,1,"[1.26027, 5.03093, 0.76905, -3.58164, -2.75265, 1.2019, -1.94212, -1.48416, 1.95991, -1.26504, -4.025, -3.65673, 3.70773, -6.74764, -6.89193, 11.85854, -11.53958, 8.50417, 1.63613, -1.08215, 0.11143, 2.74319]"
43,sub10,supMAE,1,sub10-c__0106__stand.npy,17,stand,17,0.93880767,1,"[0.20871, 2.82518, 0.69408, -4.18627, -3.15978, 1.23827, -4.1207, -2.03185, 2.3108, -1.69495, -4.26403, -3.01068, 4.53556, -8.65495, -6.97717, 9.6799, -12.92835, 12.42269, 0.06002, -0.98714, 3.93659, 2.78156]"
43,sub10,supMAE,1,sub10-c__0107__turnaround.npy,19,turnaround,1,0.65964544,0,"[2.60278, 6.35834, 2.02163, -4.5272, -5.19673, 0.23956, -1.89444, -3.20157, 3.62015, 0.21054, -1.30829, -0.13979, 2.659, -9.31392, -1.87448, 3.38129, -6.43672, -0.72493, 2.16125, 5.19939, 0.36192, -5.68933]"
43,sub10,supMAE,1,sub10-c__0108__sit.npy,15,sit,15,0.89330155,1,"[1.05851, 4.53976, 0.33818, -4.26288, -3.67113, 1.92013, -3.0894, -1.97716, 2.43145, -1.07778, -3.80324, -2.7176, 4.30156, -8.57519, -5.75241, 10.23518, -10.81694, 8.04833, 1.49217, -0.8903, 0.67421, 0.88894]"
43,sub10,supMAE,1,sub10-c__0109__stand.npy,17,stand,17,0.97071224,1,"[0.3305, 2.49491, -0.21757, -4.57719, -3.53839, 1.84897, -4.82397, -2.18317, 2.45789, -1.34779, -3.9536, -2.80919, 4.49136, -9.55393, -6.47174, 8.50195, -12.39356, 12.04044, 0.58628, -0.85201, 4.09198, 1.54648]"
43,sub10,supMAE,1,sub10-c__0110__turnaround.npy,19,turnaround,1,0.56016403,0,"[3.09469, 6.37225, 1.69008, -4.98345, -6.62655, 0.53722, -0.96344, -3.3442, 4.50652, 0.33398, -0.59385, 1.18318, 3.44274, -10.44339, -0.27355, 2.3414, -5.32669, -2.44187, 1.43693, 5.65654, 0.25268, -6.40549]"
43,sub10,supMAE,1,sub10-c__0111__sit.npy,15,sit,15,0.8949943,1,"[1.02662, 4.67506, 0.4094, -3.34952, -3.55678, 2.35767, -2.98075, -1.38646, 1.85659, -1.20169, -3.88063, -2.72772, 4.04188, -8.03718, -6.61358, 10.49213, -10.8426, 8.30062, 2.33117, -1.36059, 0.19253, 1.11]"
43,sub10,supMAE,1,sub10-c__0112__stand.npy,17,stand,17,0.96613175,1,"[0.41295, 2.74934, 0.30846, -3.54255, -2.93466, 1.75899, -5.34538, -1.7418, 2.11807, -1.39548, -3.94389, -3.32705, 3.64405, -8.72674, -7.69369, 9.05164, -12.79838, 12.41586, 0.69602, -1.39664, 3.45984, 2.25623]"
43,sub10,supMAE,1,sub10-c__0113__turnaround.npy,19,turnaround,1,0.76861537,0,"[3.13266, 6.87528, 0.97083, -5.04183, -6.12755, 0.67024, -0.9306, -2.64367, 4.01063, 1.05322, -0.45323, 0.9901, 3.17441, -9.75042, -0.66364, 2.18325, -4.89971, -2.81141, 2.47191, 5.04987, -0.19618, -6.99494]"
43,sub10,supMAE,1,sub10-c__0114__squat.npy,16,squat,16,0.9918242,1,"[4.42767, -3.64345, -2.62066, -9.9488, -1.7889, 1.16973, -2.33497, -6.11103, -2.15024, 8.60743, 1.55795, 9.88834, 5.26162, -10.53752, 8.77889, -8.75862, 15.17037, -10.85759, -5.94982, -7.99511, -0.75237, -13.43955]"
43,sub10,supMAE,1,sub10-c__0116__squat.npy,16,squat,16,0.98451555,1,"[4.34298, -3.86597, -2.63425, -11.29822, -0.73736, 0.72276, -2.93077, -6.26082, -2.76987, 8.99034, 0.91118, 8.73896, 5.76306, -9.76944, 8.0917, -7.56602, 13.94683, -9.79669, -6.2592, -8.43979, -0.01327, -13.24048]"
43,sub10,supMAE,1,sub10-c__0117__squat.npy,16,squat,16,0.9862309,1,"[4.34007, -3.44404, -2.0226, -10.9984, -0.39431, 0.0129, -1.55, -5.91478, -2.83942, 9.12619, 0.95975, 9.29812, 5.19821, -8.91803, 8.39155, -7.34017, 14.38938, -10.46103, -6.11304, -8.11335, -0.30207, -13.5778]"
43,sub10,supMAE,1,sub10-c__0118__squat.npy,16,squat,16,0.9929178,1,"[3.77461, -3.40082, -2.09674, -9.93316, -1.04973, 1.21191, -2.37299, -5.50449, -2.13188, 8.76053, 0.50756, 10.64038, 4.74939, -9.89501, 9.10945, -8.86255, 15.90037, -11.24302, -6.35105, -7.19822, -0.57956, -14.21693]"
43,sub10,supMAE,1,sub10-c__0119__pickup.npy,11,pickup,11,0.9930483,1,"[3.33037, -1.24965, 2.9641, -6.30314, -9.83852, -1.50593, 2.70634, -2.91634, 0.1405, 3.25036, 1.23981, 15.87192, 10.86235, -11.75051, 5.29457, -5.38549, 7.72007, -8.95035, -6.03409, -1.70248, 1.98632, -8.31876]"
43,sub10,supMAE,1,sub10-c__0120__pickup.npy,11,pickup,11,0.99721897,1,"[3.35999, -1.47091, 2.31666, -7.21169, -8.28787, -1.19312, 2.27476, -3.51466, -0.23093, 4.5163, 1.07043, 16.30686, 9.43563, -11.86492, 6.32457, -6.25287, 9.92568, -9.97633, -5.92071, -2.3311, 1.30604, -9.90004]"
43,sub10,supMAE,1,sub10-c__0121__pickup.npy,11,pickup,11,0.9987342,1,"[3.15053, -1.57371, 3.02656, -6.25546, -9.22864, -1.38779, 2.58734, -3.08161, -0.16474, 3.68377, 0.79221, 17.10445, 10.03824, -11.5883, 6.20893, -6.32775, 9.2588, -9.89905, -6.12355, -1.24363, 1.58018, -9.57503]"
43,sub10,supMAE,1,sub10-c__0122__pickup.npy,11,pickup,11,0.9954987,1,"[3.34475, -1.1703, 2.31758, -7.33668, -8.86307, -1.16134, 2.05076, -3.5322, 0.06174, 4.23925, 1.29726, 15.91384, 10.14382, -12.18605, 6.228, -6.27312, 9.28693, -9.95208, -5.87862, -2.12305, 1.6024, -9.76933]"
43,sub10,supMAE,1,sub10-c__0123__pickup.npy,11,pickup,11,0.9901932,1,"[3.09709, -1.42887, 2.84774, -5.80373, -10.85727, -2.02961, 1.42776, -3.77157, 1.17357, 2.6149, 1.69657, 15.64335, 10.99627, -12.63982, 6.07617, -6.4999, 7.27081, -9.3204, -6.16825, -0.19983, 2.69737, -8.33858]"
43,sub10,supMAE,1,sub10-c__0124__pickup.npy,11,pickup,11,0.9967836,1,"[3.27671, -1.71354, 2.1286, -6.78037, -9.467, -1.37187, 1.31734, -3.78634, 0.39947, 3.74823, 1.16719, 16.111, 10.1371, -12.53852, 6.22511, -6.34056, 8.72855, -9.31684, -6.15141, -1.45679, 2.11483, -9.19866]"
43,sub10,supMAE,1,sub10-c__0125__pushchair.npy,12,pushchair,12,0.999138,1,"[4.10966, -0.3978, 0.97127, -5.57921, -13.48463, -3.28138, 0.16236, -4.33391, 3.109, 0.35693, 3.40463, 6.86303, 14.28753, -12.27437, 3.17052, -2.59488, -2.65539, -4.9622, -4.47601, -0.35301, 5.64465, -2.81114]"
43,sub10,supMAE,1,sub10-c__0126__pickup.npy,11,pickup,12,0.99926466,0,"[4.26972, -0.84847, 0.65278, -5.41652, -13.42915, -3.07504, -0.39739, -4.25443, 2.77009, 0.31703, 3.40212, 6.37269, 14.21606, -12.26405, 2.82699, -2.79464, -2.96845, -4.47155, -4.48009, -0.63367, 5.92212, -2.47524]"
43,sub10,supMAE,1,sub10-c__0127__pushchair.npy,12,pushchair,12,0.99956065,1,"[4.44568, -0.78981, -0.106, -6.08249, -13.18002, -2.93841, -0.05452, -4.31617, 2.49992, 0.57868, 3.54492, 5.73112, 14.36081, -12.04824, 2.72887, -2.26616, -3.15101, -4.22638, -3.85605, -1.15297, 5.69614, -2.63026]"
43,sub10,supMAE,1,sub10-c__0128__pushchair.npy,12,pushchair,12,0.9991792,1,"[4.33376, -0.98225, 0.6536, -6.08278, -13.55278, -2.83739, 0.31209, -4.34162, 2.47411, 0.44994, 3.22942, 7.44578, 14.78426, -12.32488, 3.39994, -2.81194, -2.14418, -4.71906, -4.71415, -0.59818, 5.71228, -3.57321]"
43,sub10,supMAE,1,sub10-c__0129__pushchair.npy,12,pushchair,12,0.99845576,1,"[4.01584, -0.84358, 1.06334, -5.81521, -13.69671, -2.7719, 0.0611, -4.35493, 2.84998, 0.41499, 3.1308, 8.03229, 14.63842, -12.94458, 3.64019, -3.51935, -1.55223, -5.30137, -4.98537, -0.40803, 5.71161, -3.49893]"
43,sub10,supMAE,1,sub10-c__0130__pushchair.npy,12,pushchair,12,0.99855787,1,"[4.10935, -0.94853, 0.73721, -5.98484, -13.86386, -2.5982, 0.00453, -4.48477, 2.74014, 0.38715, 3.1107, 8.20231, 14.86846, -12.94935, 3.82647, -3.51483, -1.54988, -5.09028, -4.91572, -0.24586, 5.82669, -4.2021]"
