seed,subject,method,k,file,true_id,true_label,pred_id,conf,correct,logits
43,sub10,supLP120,0,sub10-a__0001__wave.npy,21,wave,7,0.5937572,0,"[6.21344, 1.79953, -2.92288, 3.30637, -2.35677, 2.74659, -3.27247, 6.94079, 0.47206, -5.29613, -0.50879, -2.42171, -1.54255, -2.43038, -1.90613, -0.50806, -4.51787, -3.20687, 0.81184, -4.4552, -1.60066, 5.029]"
43,sub10,supLP120,0,sub10-a__0002__wave.npy,21,wave,0,0.5920158,0,"[6.19677, 0.87148, -2.35488, 3.26018, -4.11485, 4.28628, -3.39799, 5.01583, 0.51015, -5.77631, 0.11451, -2.51271, -1.73015, -0.95182, -2.04142, 0.22752, -5.0118, -2.23212, 0.1401, -3.05286, 0.54021, 4.36397]"
43,sub10,supLP120,0,sub10-a__0003__wave.npy,21,wave,7,0.48576,0,"[5.46373, 1.93354, -2.7881, 3.817, -3.69172, 4.79535, -3.49197, 6.33095, 0.71027, -5.74169, -0.56613, -2.47197, -1.63641, -1.88631, -2.56204, 0.29836, -4.98486, -2.45707, -0.51782, -3.36723, -0.35823, 5.18916]"
43,sub10,supLP120,0,sub10-a__0004__wave.npy,21,wave,21,0.45252672,1,"[5.53005, 2.53658, -2.5123, 4.05712, -4.45319, 4.22308, -3.98896, 5.88979, 1.269, -5.62519, 0.06329, -2.24438, -1.07705, -3.15348, -2.8477, -0.75127, -5.50948, -2.64694, -1.55798, -3.89264, -0.8207, 6.44111]"
43,sub10,supLP120,0,sub10-a__0005__wave.npy,21,wave,21,0.3995121,1,"[4.74166, 2.5111, -2.55283, 5.08876, -4.01368, 4.46454, -3.91107, 5.57783, 0.96141, -5.75569, -0.17273, -2.07357, -1.30701, -2.23082, -2.58447, -0.3042, -5.22938, -2.45717, -1.42743, -3.19451, -1.34116, 6.06336]"
43,sub10,supLP120,0,sub10-a__0006__wave.npy,21,wave,0,0.30412284,0,"[5.36798, 1.74295, -2.34187, 4.78234, -4.30094, 4.38449, -4.06267, 4.80525, 0.83081, -5.85332, 0.30454, -2.44706, -1.6141, -1.19474, -2.34778, -0.50701, -5.53502, -2.263, -1.1142, -2.6581, 0.02661, 5.05368]"
43,sub10,supLP120,0,sub10-a__0007__bow.npy,2,bow,2,0.9999356,1,"[-2.76683, -5.84384, 19.40727, -0.11579, -6.82623, -3.92439, 3.18438, -7.40886, -0.31944, 4.3992, 2.26588, 9.73709, -0.34732, -2.18121, -3.13256, -4.68533, -6.567, 5.36973, -4.11553, 0.47335, -1.29145, -0.27517]"
43,sub10,supLP120,0,sub10-a__0008__bow.npy,2,bow,2,0.99996674,1,"[-3.69964, -6.00957, 20.67732, 0.30925, -6.36318, -3.94222, 3.17829, -7.11759, -0.31866, 5.68474, 1.85625, 10.3487, -1.23168, -3.12337, -3.57007, -4.94323, -6.72184, 5.49078, -5.01018, 0.13198, -2.16744, 0.16473]"
43,sub10,supLP120,0,sub10-a__0009__bow.npy,2,bow,2,0.99991965,1,"[-5.12741, -4.82567, 20.44052, 0.56117, -7.37378, -3.86462, 2.71445, -7.29225, 0.77849, 5.54908, 2.33634, 10.99458, -1.82084, -2.64315, -2.74218, -4.7048, -6.59988, 6.58202, -4.7917, 0.41908, -3.53508, -0.14607]"
43,sub10,supLP120,0,sub10-a__0010__bow.npy,2,bow,2,0.99995947,1,"[-4.50745, -5.64074, 20.63913, 0.39365, -6.60585, -3.89532, 3.80366, -6.98057, -0.02209, 5.25198, 1.51496, 10.51027, -1.20084, -2.51688, -3.44699, -4.64304, -6.61824, 6.05147, -4.59053, 0.23396, -2.59494, 0.05583]"
43,sub10,supLP120,0,sub10-a__0011__bow.npy,2,bow,2,0.9999664,1,"[-4.4211, -6.08245, 20.51348, 0.15205, -6.15773, -4.14506, 4.31183, -6.91632, -0.39204, 5.64557, 1.63865, 10.18404, -1.28619, -2.20189, -3.57723, -4.85133, -6.66688, 6.05225, -4.73174, 0.1145, -1.77528, 0.27423]"
43,sub10,supLP120,0,sub10-a__0012__bow.npy,2,bow,2,0.9999069,1,"[-5.35223, -5.04789, 20.73324, 0.61761, -7.42433, -3.8021, 3.00526, -7.14522, 1.33726, 5.5698, 1.4328, 11.43619, -2.473, -3.02066, -2.72876, -4.27858, -6.41353, 7.04257, -5.05194, 0.20322, -4.20999, 0.23385]"
43,sub10,supLP120,0,sub10-a__0013__crossarms.npy,5,crossarms,5,0.5396911,1,"[0.64436, 2.53429, -5.3375, 6.15699, 0.0049, 9.71937, -2.37779, 0.03336, -4.50566, -3.00136, -0.59247, -3.35933, -3.00162, 9.52064, 0.06212, 2.46735, 3.70091, -1.25946, 2.03494, -1.40698, -0.95908, -4.45659]"
43,sub10,supLP120,0,sub10-a__0014__crossarms.npy,5,crossarms,13,0.9593648,0,"[-0.79461, 1.94132, -4.70667, 6.61041, 1.33985, 8.1855, -2.62995, -1.36931, -4.0792, -1.25092, 0.51383, -2.84907, -3.45715, 11.55328, -0.21845, 2.08786, 3.96603, -0.83364, 0.55314, -0.38478, -0.52383, -4.12252]"
43,sub10,supLP120,0,sub10-a__0015__crossarms.npy,5,crossarms,13,0.93321574,0,"[-1.30752, 2.29834, -4.49158, 6.94358, 0.77661, 8.51823, -2.71936, -1.77307, -3.71194, -1.24183, 0.617, -2.86711, -3.23027, 11.3541, -1.00379, 2.22852, 3.56402, -0.63669, 0.20758, 0.50284, -0.78521, -3.78352]"
43,sub10,supLP120,0,sub10-a__0016__crossarms.npy,5,crossarms,13,0.9639914,0,"[-0.75229, 2.40748, -4.68543, 6.90169, 1.57625, 8.00495, -2.76178, -1.65507, -3.74157, -1.00957, 0.91852, -2.90314, -3.47109, 11.59661, -0.50635, 1.98458, 3.7029, -0.85026, 0.08385, 0.47704, -0.76373, -4.19881]"
43,sub10,supLP120,0,sub10-a__0017__crossarms.npy,5,crossarms,13,0.94909775,0,"[-0.91475, 2.01683, -4.54352, 6.68902, 0.89031, 8.31652, -2.52966, -1.38099, -3.76852, -1.53552, 0.55831, -2.89902, -3.20427, 11.43097, -1.11277, 2.09301, 3.08766, -0.55269, 0.02513, 0.22163, -0.27921, -3.71486]"
43,sub10,supLP120,0,sub10-a__0018__airpunch.npy,1,airpunch,18,0.970311,0,"[-0.9282, 6.5944, -1.21158, -0.18153, -3.01673, 0.0152, -1.03885, 2.26497, 3.92165, -4.54302, -1.8069, -2.34179, -2.13237, -1.39119, 1.93335, 0.78686, -0.30026, -2.03024, 10.19093, 2.3993, -3.19113, -5.08986]"
43,sub10,supLP120,0,sub10-a__0019__airpunch.npy,1,airpunch,1,0.92636484,1,"[1.93083, 9.73948, -5.42942, 2.81297, 0.83464, 2.28935, -3.88996, -5.7207, 1.95789, -2.01155, 4.49329, -4.26119, -1.40435, 6.63164, 6.09121, 0.43883, 2.24308, -0.67136, 0.1777, 1.17521, -4.27688, -3.82395]"
43,sub10,supLP120,0,sub10-a__0020__airpunch.npy,1,airpunch,18,0.8904713,0,"[1.86716, 5.408, -0.69938, 0.06294, -6.38767, 0.26097, -2.85679, -3.33097, 9.17967, -7.25946, 0.72793, -1.61878, -1.8119, -2.3323, 3.09685, 1.19015, -2.14484, -1.54394, 11.30702, 3.95664, -4.05581, -7.26423]"
43,sub10,supLP120,0,sub10-a__0021__airpunch.npy,1,airpunch,18,0.9882222,0,"[-0.80093, 5.80785, -2.68541, 2.68134, -6.96387, 2.19903, -1.31554, -2.66196, 5.82464, -6.66567, -1.4218, -2.35855, 0.03935, 0.83539, -0.2967, 3.21588, -1.77283, 0.273, 11.09201, 4.0176, -3.09745, -7.12714]"
43,sub10,supLP120,0,sub10-a__0022__airpunch.npy,1,airpunch,18,0.97235775,0,"[0.18152, 7.74823, -2.43503, -1.33214, -2.95886, -0.23517, -1.29247, 0.52993, 3.60301, -6.5931, -1.22927, -1.83042, -0.9643, -1.52369, 3.84256, 1.46096, 0.07817, -2.19718, 11.35367, 2.52311, -2.58799, -5.23056]"
43,sub10,supLP120,0,sub10-a__0023__airpunch.npy,1,airpunch,18,0.9918509,0,"[1.49961, 7.21492, -1.97924, 0.93853, -4.72921, 0.49073, -2.74161, -1.50582, 6.45209, -6.91442, -0.09904, -2.73831, -2.00711, -0.50889, 2.37213, 2.08319, -1.60655, -1.34668, 12.43079, 3.51523, -3.65505, -7.55091]"
43,sub10,supLP120,0,sub10-a__0024__airpunch.npy,1,airpunch,18,0.8422177,0,"[2.63365, 5.83623, -0.55862, 2.01665, -6.71592, -0.57298, -4.48305, -2.43069, 10.14744, -7.11002, 1.76705, -2.63586, -4.34433, -2.086, 4.15076, 1.72139, -2.57727, -1.45836, 11.84055, 3.42247, -5.42459, -7.67212]"
43,sub10,supLP120,0,sub10-a__0025__drink.npy,7,drink,7,0.9676289,1,"[2.7061, 5.83318, -4.62289, 3.20881, 0.37361, 2.94451, -2.41372, 9.41354, -1.56957, -4.12399, -0.98128, -3.99165, -2.0387, -1.6409, -0.85075, 0.33407, -1.49254, -4.29319, 1.43959, -1.34058, -0.47181, -2.38149]"
43,sub10,supLP120,0,sub10-a__0026__drink.npy,7,drink,7,0.9744923,1,"[2.52301, 5.97656, -3.9741, 2.14501, -0.52227, 2.41069, -2.58978, 9.71817, -1.16497, -4.46665, -0.78536, -3.48672, -1.34158, -3.14134, -1.30415, 0.40008, -2.15324, -4.03744, 1.3951, -0.99394, -0.70968, -2.09129]"
43,sub10,supLP120,0,sub10-a__0027__drink.npy,7,drink,7,0.9774057,1,"[2.27173, 4.80187, -4.41752, 3.65622, -0.33972, 1.92567, -1.88746, 8.98618, -1.58771, -4.34705, -1.12783, -3.49475, -1.64555, -1.7735, -1.07354, 0.32274, -1.74246, -3.67379, 0.77549, 0.03442, -0.38957, -2.12163]"
43,sub10,supLP120,0,sub10-a__0028__drink.npy,7,drink,7,0.97517437,1,"[1.53977, 5.66525, -4.42734, 3.41047, -0.57865, 2.79656, -2.74492, 9.5176, -1.2884, -4.19463, -1.16504, -3.37964, -1.32099, -2.76772, -1.61699, 0.32229, -1.89626, -3.74407, 0.33943, -0.60627, -0.42476, -1.62361]"
43,sub10,supLP120,0,sub10-a__0029__drink.npy,7,drink,7,0.99541134,1,"[2.73214, 4.49861, -4.24321, 2.43247, -0.7844, 2.65615, -1.81693, 10.31158, -1.99505, -4.82591, -1.3973, -3.924, -1.37219, -2.07964, -1.4757, 0.42271, -2.95849, -4.14235, 0.88124, -0.75012, 0.25982, -1.07096]"
43,sub10,supLP120,0,sub10-a__0030__drink.npy,7,drink,7,0.9962829,1,"[2.17054, 4.70325, -3.95898, 2.85272, -0.37199, 2.67259, -2.27519, 10.64683, -2.01934, -4.03613, -1.31062, -3.56607, -1.78295, -2.12441, -1.94945, -0.06065, -2.67849, -3.98166, 0.3251, -1.3695, -0.00999, -0.36377]"
43,sub10,supLP120,0,sub10-a__0031__brushteeth.npy,3,brushteeth,5,0.81446487,0,"[-1.61507, 6.36806, -4.06839, 4.19072, 0.66818, 9.24082, -2.58175, -1.30185, -3.42019, -1.09103, -0.98613, -3.06502, -1.4776, 7.34276, -2.55126, 2.02157, 4.9146, -1.84028, 1.11133, 1.23249, -0.77914, -4.84283]"
43,sub10,supLP120,0,sub10-a__0032__brushteeth.npy,3,brushteeth,13,0.5289562,0,"[-1.83112, 4.09409, -4.01281, 3.69331, 0.31405, 8.63189, -1.99309, -1.03581, -4.06474, -0.70675, -1.78556, -2.61391, -2.04608, 8.79231, -2.82531, 2.42605, 4.85619, -1.66992, 1.91836, 1.06985, 0.71021, -4.77851]"
43,sub10,supLP120,0,sub10-a__0033__brushteeth.npy,3,brushteeth,13,0.87380576,0,"[-2.33876, 2.80217, -3.39134, 3.54882, 0.58785, 7.48601, -1.43033, -0.65368, -4.68516, 0.28598, -2.38042, -2.26264, -2.21705, 9.53824, -3.23548, 2.62948, 4.9558, -1.5221, 1.44608, 0.80865, 1.24312, -4.4435]"
43,sub10,supLP120,0,sub10-a__0034__brushteeth.npy,3,brushteeth,5,0.91064274,0,"[-1.41657, 5.77338, -4.07654, 3.49626, 0.46822, 9.34005, -2.44766, 0.06181, -3.90314, -0.69503, -1.44214, -3.22658, -1.48163, 6.38178, -2.74114, 1.9022, 5.02887, -2.06121, 1.61106, 0.63439, -0.02422, -4.93936]"
43,sub10,supLP120,0,sub10-a__0035__brushteeth.npy,3,brushteeth,5,0.48988566,0,"[-2.11311, 3.53646, -3.23522, 3.16421, 0.96341, 7.83168, -1.85864, -0.22205, -4.28667, 0.37828, -2.18744, -2.53486, -1.81676, 7.76863, -3.28486, 2.11904, 5.17566, -1.92136, 1.56829, 0.59584, 0.84192, -4.2828]"
43,sub10,supLP120,0,sub10-a__0036__highfive.npy,8,highfive,8,0.9945431,1,"[5.706, 2.4567, -1.08637, 4.18529, -10.52652, 2.88898, -5.08433, -4.13326, 12.60419, -9.44315, 0.70678, -1.47281, 0.40254, -6.16188, -0.7652, 0.95231, -2.6205, -2.15021, 7.10733, 2.27191, -3.49225, -4.78266]"
43,sub10,supLP120,0,sub10-a__0037__highfive.npy,8,highfive,8,0.94758445,1,"[8.40878, 1.35851, -1.88936, 2.35931, -9.14307, 1.62924, -4.64787, -2.84685, 11.34082, -9.43655, 1.24049, -2.27093, 0.48428, -7.09269, 0.16862, 0.32739, -4.5469, -2.63129, 4.93503, 1.29684, -1.45577, -2.90556]"
43,sub10,supLP120,0,sub10-a__0038__highfive.npy,8,highfive,8,0.6227211,1,"[9.32891, -0.17627, -2.33719, 0.82636, -8.173, 1.69044, -4.19504, -1.89184, 9.84174, -8.88848, 0.64092, -3.16007, 0.46102, -6.38146, 0.70406, 0.17478, -4.89128, -3.44812, 4.71399, 0.45885, 1.3585, -1.98478]"
43,sub10,supLP120,0,sub10-a__0039__highfive.npy,8,highfive,8,0.97580874,1,"[8.53321, 0.48988, -1.01645, 2.20076, -9.93686, 2.13834, -4.65959, -3.37065, 12.29392, -9.80785, 0.78722, -2.03033, 0.39013, -7.00638, 0.69902, 0.24969, -3.93132, -2.68498, 5.7109, 1.28372, -1.72727, -3.45417]"
43,sub10,supLP120,0,sub10-a__0040__highfive.npy,8,highfive,8,0.98485655,1,"[8.67732, 0.39769, -0.47677, 2.25833, -10.92682, 1.22124, -5.2822, -5.34549, 12.87889, -9.3223, 2.33725, -1.67422, 1.15651, -7.56845, 1.81377, -0.27803, -3.98396, -2.74844, 4.72258, 2.30892, -2.26735, -3.6208]"
43,sub10,supLP120,0,sub10-a__0041__highfive.npy,8,highfive,8,0.95640725,1,"[9.8212, 0.73442, -1.01372, 1.93836, -10.47751, 1.42959, -4.79712, -3.99617, 12.92594, -9.73892, 1.63704, -2.25965, -0.01108, -7.83325, 2.32119, -0.04473, -3.82252, -3.18137, 5.5972, 1.53469, -2.66548, -3.85887]"
43,sub10,supLP120,0,sub10-a__0042__wave.npy,21,wave,0,0.46677122,0,"[5.70081, 3.64039, -3.12149, 4.57028, -4.04193, 4.84243, -3.7347, 3.51389, 2.04844, -7.05053, -0.23036, -2.46853, -0.9087, -2.6264, -0.53558, 0.53845, -4.31746, -2.25053, 0.8136, -2.79972, -1.79031, 3.48323]"
43,sub10,supLP120,0,sub10-a__0043__wave.npy,21,wave,0,0.78030324,0,"[6.9387, 4.12473, -3.09346, 4.11381, -5.33305, 4.74688, -4.21851, 2.00411, 3.33759, -8.04213, 0.29786, -2.63452, -0.34354, -3.16182, -0.3219, 0.50916, -4.39427, -2.31787, 1.07312, -2.37374, -1.59428, 2.15433]"
43,sub10,supLP120,0,sub10-a__0044__wave.npy,21,wave,0,0.9161345,0,"[7.41034, 3.41289, -2.41693, 3.54573, -6.08567, 3.54462, -4.62943, 0.88422, 3.32011, -8.09515, 0.97293, -1.89242, 0.65841, -3.40295, -0.19367, 0.04495, -4.04527, -2.40768, 1.24865, -2.87627, -1.45324, 2.39549]"
43,sub10,supLP120,0,sub10-a__0045__wave.npy,21,wave,0,0.3349813,0,"[5.64888, 5.25138, -3.04501, 4.56763, -5.8976, 5.06219, -4.8441, 1.85275, 4.6061, -7.9162, 0.61734, -2.22494, -0.35614, -3.97557, -0.72041, 0.25488, -4.29544, -2.06873, 0.92763, -1.79442, -2.32209, 1.55962]"
43,sub10,supLP120,0,sub10-a__0046__wave.npy,21,wave,0,0.72832,0,"[6.80305, 4.55819, -3.22061, 3.89805, -4.42719, 4.22727, -4.17866, 3.28697, 3.27325, -7.46872, 0.09803, -2.70431, -0.43949, -4.00305, -0.46616, -0.35086, -4.24934, -3.0725, -0.39756, -3.19473, -2.29451, 4.18096]"
43,sub10,supLP120,0,sub10-a__0047__bow.npy,2,bow,2,0.99986446,1,"[-2.20977, -5.78979, 19.55105, 0.14835, -7.73234, -4.72532, 1.83953, -8.03406, 0.92614, 3.49537, 3.48365, 10.63922, -1.45672, -3.34547, -1.80503, -4.95601, -7.95635, 5.02575, -4.63526, 2.33614, -1.73446, -0.22187]"
43,sub10,supLP120,0,sub10-a__0048__bow.npy,2,bow,2,0.9999435,1,"[-3.05533, -6.63093, 20.64247, 0.19257, -6.48715, -4.92897, 2.8998, -7.41067, 0.47458, 4.3932, 2.24411, 10.85527, -2.38253, -3.52282, -2.7258, -4.65971, -7.93577, 5.48829, -5.01886, 1.43723, -1.82266, 0.38714]"
43,sub10,supLP120,0,sub10-a__0049__bow.npy,2,bow,2,0.9999677,1,"[-4.40366, -6.53733, 20.95896, 0.52585, -6.60191, -4.54985, 3.79688, -6.78801, -0.03363, 5.29368, 1.83816, 10.60328, -2.75612, -2.95273, -3.06098, -5.12314, -7.81146, 5.93068, -5.24012, 1.37957, -1.70659, 0.55999]"
43,sub10,supLP120,0,sub10-a__0050__bow.npy,2,bow,2,0.9999652,1,"[-4.62493, -6.4686, 21.16718, 0.33697, -6.15886, -4.57369, 4.25604, -6.72548, 0.38243, 4.88767, 1.08938, 10.88781, -3.03793, -2.72941, -2.90311, -4.42003, -7.50165, 6.52646, -4.92538, 1.01568, -2.79367, 0.6372]"
43,sub10,supLP120,0,sub10-a__0051__bow.npy,2,bow,2,0.9999331,1,"[-4.35264, -6.39333, 21.2317, 0.35599, -7.25533, -4.64285, 3.42969, -7.25227, 0.98627, 4.60794, 1.74103, 11.61027, -3.3155, -3.3079, -1.98031, -4.40117, -7.84139, 6.72748, -5.04125, 1.45264, -3.10728, 0.28245]"
43,sub10,supLP120,0,sub10-a__0052__crossarms.npy,5,crossarms,5,0.9988356,1,"[-1.43168, 5.26974, -5.99367, 6.51998, -0.32735, 13.71077, -3.70707, 1.87856, -4.10581, -0.28449, 0.72786, -4.1619, -2.95717, 4.8299, -1.55353, 1.76957, 3.44644, -1.30028, 1.10734, -0.72218, -2.7219, -5.06812]"
43,sub10,supLP120,0,sub10-a__0053__crossarms.npy,5,crossarms,5,0.9807734,1,"[-1.36706, 4.27862, -5.93214, 6.63731, 0.79789, 11.40502, -3.43912, 1.18393, -3.83386, -0.56413, 0.74168, -3.71509, -3.27254, 6.76339, -0.45483, 2.09821, 3.63048, -1.25608, 1.12741, -0.67247, -2.04036, -5.04979]"
43,sub10,supLP120,0,sub10-a__0054__crossarms.npy,5,crossarms,5,0.9527268,1,"[-1.2621, 3.36598, -5.46786, 6.81282, 0.38154, 11.23708, -3.22317, 0.15, -3.99506, -1.3786, 0.54986, -3.29074, -2.98808, 7.92796, -0.5753, 2.34907, 3.54905, -1.132, 0.41342, -0.51717, -1.3297, -4.13161]"
43,sub10,supLP120,0,sub10-a__0055__crossarms.npy,5,crossarms,5,0.9237853,1,"[-1.70315, 2.992, -5.37005, 6.34634, -0.55022, 10.75013, -2.92068, 0.4141, -3.8068, -1.74102, 0.0744, -3.24695, -2.52862, 8.0794, -1.24689, 2.37969, 2.43616, -0.68386, 0.69596, -0.45259, -0.53114, -3.87811]"
43,sub10,supLP120,0,sub10-a__0056__crossarms.npy,5,crossarms,5,0.9790582,1,"[-1.32636, 4.15063, -5.47994, 6.27196, 0.28664, 11.28374, -3.19278, 0.35617, -3.42951, -1.45484, 0.75115, -3.59786, -2.62319, 6.97739, -0.98213, 2.09117, 2.94179, -1.24129, 0.45724, -0.39636, -1.48829, -4.19786]"
43,sub10,supLP120,0,sub10-a__0057__airpunch.npy,1,airpunch,18,0.6843017,0,"[4.37641, 3.80091, -0.42063, 1.82077, -7.08155, 0.71564, -1.56883, -1.61099, 9.23509, -8.18315, -1.08954, -2.59258, -2.55992, -3.63342, 2.8375, 0.39467, -1.71639, -2.17326, 10.02439, 2.21243, -4.64567, -5.02597]"
43,sub10,supLP120,0,sub10-a__0058__airpunch.npy,1,airpunch,8,0.9970907,0,"[2.09546, 4.80336, 0.9156, 3.3152, -8.64628, 0.5242, -5.11777, -3.53531, 13.0226, -6.47093, 1.47585, -1.83392, -3.44951, -4.90097, 2.4001, 0.02405, -2.15193, -0.97417, 7.0268, 2.70711, -5.97658, -5.12284]"
43,sub10,supLP120,0,sub10-a__0059__airpunch.npy,1,airpunch,18,0.98621964,0,"[0.7095, 3.68925, -2.01213, 3.15644, -8.11238, 2.48572, -1.20716, -2.92703, 7.15479, -7.30649, -1.07231, -1.96972, -0.67009, -0.19475, 0.65968, 3.11169, -2.10067, 0.26111, 11.52777, 3.47408, -3.50367, -6.92328]"
43,sub10,supLP120,0,sub10-a__0060__airpunch.npy,1,airpunch,18,0.9969658,0,"[1.70562, 5.93502, -2.02519, 0.57455, -6.19506, 1.18382, -2.54694, -2.06801, 7.99281, -7.28833, 0.05011, -3.15698, -1.87516, -0.78346, 3.23475, 2.74065, -1.54038, -1.60871, 13.93509, 3.64459, -4.24108, -8.3273]"
43,sub10,supLP120,0,sub10-a__0061__airpunch.npy,1,airpunch,18,0.96621674,0,"[0.69899, 5.86111, -2.30151, 2.49417, -6.88262, 1.36017, -2.50466, -2.13069, 8.86723, -7.44839, -0.65907, -2.66554, -1.03911, -1.69926, 1.57568, 2.5594, -0.88488, -1.03473, 12.27789, 3.36314, -4.04547, -7.7481]"
43,sub10,supLP120,0,sub10-a__0062__airpunch.npy,1,airpunch,18,0.94199014,0,"[0.3757, 6.51372, -2.18584, 2.0599, -6.04236, 0.46863, -3.47662, -1.61166, 9.85816, -6.82251, 0.27933, -2.84475, -2.46375, -2.31261, 2.29508, 2.1533, -0.4619, -1.51399, 12.68257, 2.6724, -4.83545, -7.46974]"
43,sub10,supLP120,0,sub10-a__0063__drink.npy,7,drink,7,0.9943627,1,"[3.29864, 3.60631, -3.87789, 3.61895, -0.25333, 3.0767, -1.92982, 10.07316, -2.29647, -4.78805, -1.27505, -3.66547, -2.5697, 0.01694, -1.00876, 0.02944, -2.56498, -3.71466, 1.78819, -1.53873, 0.07441, -1.41171]"
43,sub10,supLP120,0,sub10-a__0064__drink.npy,7,drink,7,0.9738671,1,"[1.88128, 6.44394, -4.40818, 3.31143, -0.23859, 3.07971, -3.01548, 10.15474, -1.14118, -3.91147, -1.05506, -3.62234, -1.52223, -2.78641, -1.91535, -0.07125, -1.97083, -3.94642, 0.32746, -1.13456, -0.90451, -1.78188]"
43,sub10,supLP120,0,sub10-a__0065__drink.npy,7,drink,7,0.9970481,1,"[3.31462, 3.80178, -4.47639, 2.16834, -0.67358, 3.44782, -1.14066, 10.66754, -2.63553, -5.40361, -1.61524, -4.16112, -1.65697, -0.31345, -1.23936, 0.21407, -2.85721, -3.80278, 2.11419, -1.10142, 0.83046, -2.37127]"
43,sub10,supLP120,0,sub10-a__0066__drink.npy,7,drink,7,0.99310124,1,"[2.04459, 6.31458, -4.59767, 2.13529, -0.32436, 2.94115, -2.73551, 11.35711, -1.38486, -3.95324, -0.95909, -4.20052, -1.55743, -2.91095, -1.77479, -0.31038, -2.30432, -4.14388, 1.08826, -1.3818, -0.40466, -2.14694]"
43,sub10,supLP120,0,sub10-a__0067__drink.npy,7,drink,7,0.98176837,1,"[2.54813, 5.80859, -4.11326, 3.67718, -0.42696, 3.21012, -3.05207, 10.01561, -1.08382, -4.31996, -0.71728, -3.73808, -1.88888, -2.35374, -1.76682, -0.26471, -2.89546, -3.67702, 0.17085, -0.7545, -0.85116, -1.2385]"
43,sub10,supLP120,0,sub10-a__0068__drink.npy,7,drink,7,0.9955413,1,"[1.87688, 5.09909, -4.60174, 1.68494, -0.62255, 3.23924, -1.56325, 10.75414, -2.21654, -4.56582, -1.68388, -4.18872, -1.26688, -1.88396, -1.90468, 0.25032, -2.48379, -3.77219, 1.21252, -0.65889, 0.30763, -2.19193]"
43,sub10,supLP120,0,sub10-a__0069__brushteeth.npy,3,brushteeth,13,0.9904765,0,"[-3.31112, 3.60085, -3.08973, 3.78149, -0.60768, 6.89853, -1.06018, -2.50449, -4.43046, -0.81586, -2.63996, -1.71234, -1.75367, 11.8039, -3.11128, 2.49836, 5.25688, -1.36268, 1.35848, 0.77156, 0.94342, -3.92649]"
43,sub10,supLP120,0,sub10-a__0070__brushteeth.npy,3,brushteeth,5,0.8923894,0,"[-0.98318, 5.68243, -4.07526, 3.18801, 0.59069, 9.13256, -2.1382, -0.1459, -3.83623, -1.33911, -1.46094, -3.1931, -1.40775, 6.47242, -2.49929, 2.00806, 4.86068, -2.13937, 1.87086, 0.80351, 0.19146, -4.95871]"
43,sub10,supLP120,0,sub10-a__0071__brushteeth.npy,3,brushteeth,5,0.8808334,0,"[-0.38622, 6.22274, -3.9356, 3.34705, 0.92965, 9.15526, -2.36953, -0.80626, -3.51673, -1.13256, -0.8835, -3.33034, -1.58547, 6.39471, -1.83643, 1.88041, 4.85202, -2.3338, 1.86329, 1.0217, -0.91949, -5.16366]"
43,sub10,supLP120,0,sub10-a__0072__brushteeth.npy,3,brushteeth,5,0.6410086,0,"[-1.43482, 5.05505, -3.9396, 3.43676, 0.19395, 9.0392, -1.90544, -1.75421, -3.4601, -1.17944, -0.90767, -2.95812, -1.10561, 8.39061, -2.68431, 1.99659, 4.65563, -1.5779, 1.49059, 1.44147, 0.52169, -4.94318]"
43,sub10,supLP120,0,sub10-a__0073__brushteeth.npy,3,brushteeth,5,0.68474054,0,"[-0.69628, 5.45921, -3.85779, 3.4291, 0.97987, 8.53451, -2.11943, -0.95422, -3.79558, -1.05073, -0.9771, -3.22821, -1.57608, 7.58374, -2.47975, 1.96183, 4.49163, -2.11274, 1.59193, 1.21791, -0.05194, -4.94815]"
43,sub10,supLP120,0,sub10-a__0074__brushteeth.npy,3,brushteeth,5,0.8293998,0,"[-0.72943, 5.52268, -4.17513, 2.947, 0.8036, 8.86707, -2.13192, -0.66085, -3.58111, -1.23551, -1.23611, -3.26617, -1.36937, 6.95669, -2.49632, 2.08611, 4.75206, -2.21078, 2.02632, 0.94531, 0.2346, -5.12587]"
43,sub10,supLP120,0,sub10-a__0075__brushteeth.npy,3,brushteeth,5,0.8146535,0,"[0.05291, 6.89868, -3.64831, 3.92872, 0.79289, 9.78463, -2.84164, -2.33569, -2.42866, -1.27912, 0.42671, -3.76849, -2.20552, 7.96973, -1.28089, 1.29132, 4.4581, -1.9995, 1.78568, 1.51164, -2.2113, -5.62982]"
43,sub10,supLP120,0,sub10-a__0076__highfive.npy,8,highfive,8,0.8521625,1,"[8.24817, 0.85281, -2.67564, 2.25406, -9.44184, 3.40592, -4.42693, -3.44841, 10.12418, -9.39377, 0.09919, -3.4502, 0.90858, -4.32219, -0.86861, 1.59435, -3.88968, -2.59728, 6.09743, 1.8693, 1.24565, -3.9767]"
43,sub10,supLP120,0,sub10-a__0077__highfive.npy,8,highfive,8,0.99807113,1,"[5.64162, 2.60543, -0.70915, 3.94133, -10.00905, 0.65596, -5.98211, -5.37971, 12.48438, -7.74424, 3.33902, -1.15016, 0.18598, -5.80964, 1.58128, 0.69205, -4.04233, -1.72447, 4.59113, 3.24884, -4.06945, -4.86122]"
43,sub10,supLP120,0,sub10-a__0078__highfive.npy,8,highfive,8,0.9937722,1,"[6.76553, 2.47388, -1.83187, 3.78501, -9.27322, 2.37516, -5.84504, -4.15519, 12.01273, -8.8119, 1.85624, -1.82758, 1.15558, -6.54635, -0.86794, 0.48419, -4.24423, -2.04744, 4.2949, 2.59484, -2.35189, -3.66713]"
43,sub10,supLP120,0,sub10-a__0079__highfive.npy,8,highfive,8,0.99180704,1,"[7.32666, 1.77316, -1.66696, 3.39251, -10.30651, 2.68521, -5.28517, -4.59145, 12.32346, -9.32916, 1.56062, -2.36364, 0.78071, -6.00679, -0.22123, 0.6883, -3.6843, -2.17077, 5.5582, 2.87033, -2.08825, -4.36712]"
43,sub10,supLP120,0,sub10-a__0080__highfive.npy,8,highfive,8,0.9632687,1,"[8.49283, 0.89952, -0.88435, 2.22167, -9.2526, 0.46589, -4.42059, -3.88274, 11.78666, -8.89566, 1.91506, -2.05048, -0.63825, -6.62453, 1.97013, 0.26926, -4.58713, -2.45696, 4.60069, 1.57152, -3.02133, -2.89901]"
43,sub10,supLP120,0,sub10-a__0081__highfive.npy,8,highfive,8,0.5747576,1,"[7.97158, 1.32177, -3.11352, 2.80685, -7.1069, 1.08917, -3.33845, -1.83793, 8.28861, -8.87369, 0.30404, -2.71209, -0.25535, -4.78172, 0.13048, 0.22564, -4.04145, -2.74224, 2.71715, 0.16361, -1.61063, 0.22914]"
43,sub10,supLP120,0,sub10-a__0082__wave.npy,21,wave,0,0.8356211,0,"[7.21418, 2.74121, -3.70423, 3.35918, -4.84058, 4.99782, -3.49204, 3.83988, 1.99861, -7.69698, -0.55332, -3.05319, -0.7679, -2.54899, -1.82117, 1.71647, -5.03679, -2.28993, 1.29402, -2.79735, 0.07267, 2.2131]"
43,sub10,supLP120,0,sub10-a__0083__wave.npy,21,wave,0,0.80888516,0,"[7.27843, 4.80361, -3.27325, 3.29702, -5.96067, 4.30541, -4.32154, 2.31416, 4.52182, -8.38247, -0.26454, -2.03155, 0.28203, -4.79735, -1.14948, 0.39748, -4.15373, -2.56006, 1.57687, -3.222, -2.38764, 2.07071]"
43,sub10,supLP120,0,sub10-a__0084__wave.npy,21,wave,0,0.87535197,0,"[7.34317, 3.63859, -2.62416, 2.89764, -7.48139, 3.3592, -4.67235, -0.08365, 4.71189, -8.66511, 1.65116, -2.00676, 0.57736, -4.36362, 1.14244, -0.11358, -3.85579, -2.7442, 1.85347, -2.54587, -2.02078, 1.6179]"
43,sub10,supLP120,0,sub10-a__0085__wave.npy,21,wave,0,0.7965138,0,"[7.20522, 4.14023, -4.04668, 4.2815, -4.70538, 5.05203, -4.1397, 3.00477, 2.6211, -7.99921, 0.15084, -3.24001, -0.14368, -3.11394, -0.81344, 0.77254, -4.46633, -2.71856, 0.38914, -2.41951, -1.28918, 2.47274]"
43,sub10,supLP120,0,sub10-a__0086__wave.npy,21,wave,5,0.28860885,0,"[4.68743, 4.36187, -2.82584, 5.07317, -5.76356, 5.27875, -5.10747, 3.41408, 3.50531, -6.00135, 0.75073, -2.04186, -0.49475, -4.16157, -2.6666, 0.02392, -5.05841, -2.09628, -1.28986, -1.9491, -1.8371, 4.22455]"
43,sub10,supLP120,0,sub10-a__0087__bow.npy,2,bow,2,0.9997582,1,"[-4.62068, -5.55256, 20.05467, 0.75374, -7.28926, -4.23541, 2.21673, -7.47125, 0.72247, 3.85276, 2.57286, 11.72529, -1.10118, -2.89523, -2.36907, -4.50748, -7.10469, 5.52498, -4.80684, 2.16288, -2.90188, -0.10067]"
43,sub10,supLP120,0,sub10-a__0088__bow.npy,2,bow,2,0.99989843,1,"[-5.28534, -5.81465, 20.44834, 0.94734, -7.3345, -4.35651, 3.76123, -6.92268, 0.74996, 4.45389, 1.81847, 11.24015, -2.90269, -2.20646, -2.53762, -4.47777, -7.53322, 6.82575, -4.80988, 1.76464, -2.85674, 0.47367]"
43,sub10,supLP120,0,sub10-a__0089__bow.npy,2,bow,2,0.9999267,1,"[-4.45179, -5.62207, 21.1417, 0.7453, -8.01764, -4.23703, 1.42834, -7.69605, 1.65403, 4.91844, 2.63748, 11.6145, -3.2304, -3.90981, -2.01097, -4.65782, -7.55316, 6.37649, -5.31129, 1.63492, -3.49764, 0.05783]"
43,sub10,supLP120,0,sub10-a__0090__bow.npy,2,bow,2,0.99994195,1,"[-3.08402, -6.52761, 20.77044, 0.39245, -6.39993, -4.47529, 2.86886, -7.06097, 0.63623, 4.40528, 1.57926, 11.01124, -2.91234, -3.84586, -2.3615, -4.37461, -7.79035, 5.36054, -5.08579, 1.24867, -2.97275, 0.37509]"
43,sub10,supLP120,0,sub10-a__0091__bow.npy,2,bow,2,0.9999832,1,"[-4.25104, -6.91844, 20.73565, -0.16299, -5.63405, -4.98987, 6.03948, -5.6219, -0.24743, 4.89965, 0.62587, 9.6956, -3.12382, -3.53424, -3.02363, -5.21723, -7.51934, 5.77798, -4.79435, 1.2936, -0.74037, 0.80128]"
43,sub10,supLP120,0,sub10-a__0092__crossarms.npy,5,crossarms,5,0.99569243,1,"[0.27867, 4.99655, -6.09332, 6.05893, 0.14579, 12.12147, -3.18157, 2.55311, -4.04687, -2.09615, 0.45841, -4.27435, -2.85825, 5.08209, -0.57226, 1.97198, 3.23615, -2.02706, 1.95564, -0.77543, -2.16679, -5.64692]"
43,sub10,supLP120,0,sub10-a__0093__crossarms.npy,5,crossarms,5,0.986561,1,"[-0.68336, 5.03278, -5.69047, 6.42831, 1.16893, 11.21649, -3.31725, 1.0682, -3.00607, -1.12207, 0.97291, -3.81677, -2.97215, 5.24743, -0.26622, 2.29698, 3.23226, -1.71454, 1.14774, -0.05287, -2.56852, -5.3455]"
43,sub10,supLP120,0,sub10-a__0094__crossarms.npy,5,crossarms,5,0.98284906,1,"[-2.6865, 3.52338, -5.39585, 6.74863, -0.74045, 11.72262, -2.99897, 0.75889, -3.86803, -0.98624, 0.05778, -3.23038, -2.29925, 7.11665, -1.82902, 2.27723, 2.66169, -0.43235, 0.70787, 0.34126, -1.0189, -4.46938]"
43,sub10,supLP120,0,sub10-a__0095__crossarms.npy,5,crossarms,5,0.9966067,1,"[-1.62666, 4.32702, -5.3518, 6.45243, -0.39838, 12.46429, -3.38939, 0.62063, -3.32741, -0.98104, 0.78636, -3.45634, -2.27232, 4.91334, -1.12705, 2.08321, 2.86741, -1.31597, 0.84785, 0.28228, -1.93802, -4.45083]"
43,sub10,supLP120,0,sub10-a__0096__crossarms.npy,5,crossarms,5,0.95985,1,"[-2.37294, 3.08648, -5.00943, 6.84061, -0.85863, 11.30392, -2.76817, 0.0319, -3.96099, -1.82413, -0.2002, -2.99097, -2.31281, 7.78399, -1.85747, 2.50814, 2.77439, -0.51397, 0.4378, 0.34147, -0.9484, -3.78499]"
43,sub10,supLP120,0,sub10-a__0097__crossarms.npy,5,crossarms,5,0.89668334,1,"[-2.68083, 2.81315, -4.81642, 7.00823, -0.59021, 11.07066, -2.98554, -0.67408, -4.09155, -0.95795, 0.16049, -2.89283, -2.58638, 8.73563, -1.39355, 2.61628, 3.68505, -0.32772, 0.36672, 0.48826, -1.01706, -4.08931]"
43,sub10,supLP120,0,sub10-a__0098__crossarms.npy,5,crossarms,5,0.9933026,1,"[-2.06336, 3.81537, -5.17371, 6.44226, -0.87022, 12.23503, -2.96349, 0.5756, -3.99549, -1.69386, 0.16392, -3.36569, -2.07739, 6.52845, -1.93926, 2.28927, 2.56131, -0.86262, 0.47224, 0.27545, -1.09316, -4.26517]"
43,sub10,supLP120,0,sub10-a__0099__airpunch.npy,1,airpunch,8,0.6835339,0,"[0.92257, 7.43963, -2.1929, 3.72364, -5.18583, 0.21031, -4.49896, 1.00337, 10.2005, -5.68253, 0.40616, -4.16032, -4.80133, -2.98858, 3.30313, 1.16728, -0.75075, -1.72532, 9.27542, 1.91555, -5.15823, -6.62425]"
43,sub10,supLP120,0,sub10-a__0100__airpunch.npy,1,airpunch,8,0.9001467,0,"[2.51073, 7.49245, -1.8148, 2.344, -6.9403, 1.4275, -4.74585, -2.24899, 11.9615, -7.3902, 1.08131, -3.51441, -3.03944, -3.99802, 2.81236, 0.81715, -0.77373, -1.98202, 9.64907, 3.04171, -5.00017, -6.66879]"
43,sub10,supLP120,0,sub10-a__0101__airpunch.npy,1,airpunch,8,0.891234,0,"[1.12555, 7.84734, -2.36803, 2.83077, -6.37071, 1.35118, -4.82562, -1.03406, 11.41687, -6.40814, 0.85838, -3.71763, -2.30109, -4.10819, 2.33435, 0.99104, -0.81797, -1.81367, 9.04432, 2.80612, -4.57336, -6.71609]"
43,sub10,supLP120,0,sub10-a__0102__airpunch.npy,1,airpunch,18,0.65015125,0,"[1.27232, 4.39051, -3.17761, 3.43445, -6.58119, 0.83919, -2.14065, -2.15053, 8.2454, -7.31794, -0.19424, -2.3812, 0.01156, -1.27952, 0.84256, 1.51924, -2.16679, -0.85797, 8.90094, 2.44084, -3.11021, -4.34547]"
43,sub10,supLP120,0,sub10-a__0103__airpunch.npy,1,airpunch,18,0.88892376,0,"[1.68024, 6.04255, -1.97417, 2.00877, -6.95589, 1.66338, -3.17823, -2.38743, 9.63808, -7.5496, 0.16555, -3.39122, -1.62688, -1.92542, 2.30309, 2.35194, -1.37123, -1.3024, 11.75138, 4.10378, -3.8986, -8.14722]"
43,sub10,supLP120,0,sub10-a__0104__drink.npy,7,drink,7,0.9947693,1,"[2.8177, 3.37535, -4.76426, 2.829, -0.66104, 4.24095, -0.87959, 10.22906, -2.83015, -5.14234, -2.22275, -3.88798, -2.06906, 0.56424, -1.35484, 0.20124, -2.68143, -3.45262, 1.68343, -1.428, 1.05713, -1.84519]"
43,sub10,supLP120,0,sub10-a__0105__drink.npy,7,drink,7,0.9963111,1,"[2.53578, 3.8986, -4.81203, 2.16615, -1.24396, 3.94702, -1.17082, 10.49266, -2.4054, -5.90135, -2.23111, -4.13882, -1.48373, -1.1525, -1.30288, 0.47908, -2.68566, -3.72732, 1.44025, -0.88421, 1.0644, -2.03092]"
43,sub10,supLP120,0,sub10-a__0106__drink.npy,7,drink,7,0.9935848,1,"[1.92525, 4.03863, -4.08173, 3.26063, -1.02096, 3.14074, -1.90346, 9.82751, -2.02913, -5.00904, -1.81896, -3.53867, -1.7612, -1.30481, -1.91873, 0.25853, -2.88619, -3.27183, 0.4077, -0.33708, 0.38475, -0.98678]"
43,sub10,supLP120,0,sub10-a__0107__drink.npy,7,drink,7,0.9917434,1,"[2.81866, 3.78035, -4.3898, 3.95111, -0.30593, 2.82605, -1.71686, 9.71344, -2.32182, -4.95252, -1.50336, -3.78366, -2.21507, -0.46121, -1.19912, -0.16353, -2.38304, -3.61653, 0.8897, -0.26635, 0.4503, -1.75208]"
43,sub10,supLP120,0,sub10-a__0108__drink.npy,7,drink,3,0.8694313,0,"[2.40635, 0.09581, -3.18831, 7.3642, 0.23675, 1.16884, -0.73855, 4.30803, -3.24403, -2.26262, -0.31947, -2.20965, -3.86642, 4.88349, -0.62207, -0.13896, -2.00305, -2.05229, -0.762, 1.94037, 1.0729, -0.8192]"
43,sub10,supLP120,0,sub10-a__0109__brushteeth.npy,3,brushteeth,13,0.9939559,0,"[-5.15432, 3.90693, -2.74185, 3.33999, -0.46454, 6.48926, -0.1946, -2.23397, -4.2983, 0.9895, -2.06656, -2.00618, -0.89578, 11.88505, -4.33107, 1.62798, 4.81829, 0.21768, -0.2064, 1.35098, 1.85883, -3.97392]"
43,sub10,supLP120,0,sub10-a__0110__brushteeth.npy,3,brushteeth,5,0.62118345,0,"[-2.49579, 6.07605, -3.67759, 4.21329, 0.13916, 8.38711, -2.4051, -1.15346, -3.92107, -0.35909, -1.31825, -2.58063, -1.46286, 7.61413, -2.78425, 1.95137, 4.85627, -1.5108, 1.25094, 1.54662, -0.36403, -5.05176]"
43,sub10,supLP120,0,sub10-a__0111__brushteeth.npy,3,brushteeth,5,0.8701917,0,"[-1.98846, 6.81205, -4.07026, 3.92604, 0.6123, 9.28105, -2.44719, -0.78681, -3.75039, -0.47609, -1.12396, -3.093, -0.5506, 5.86843, -2.939, 1.48819, 5.60879, -1.79127, 0.99941, 1.01344, -0.1983, -5.0302]"
43,sub10,supLP120,0,sub10-a__0112__brushteeth.npy,3,brushteeth,5,0.67274946,0,"[-1.00828, 5.30293, -3.79197, 3.01208, 1.38475, 8.06011, -2.00475, -0.47864, -4.18474, -0.58902, -1.25074, -3.05345, -1.37337, 7.04476, -2.62366, 1.87509, 5.01118, -2.30823, 1.47177, 1.00409, 0.49562, -4.8289]"
43,sub10,supLP120,0,sub10-a__0113__brushteeth.npy,3,brushteeth,5,0.7487606,0,"[-0.87949, 5.22673, -3.77172, 2.72736, 1.53136, 8.15932, -1.91817, -0.07313, -4.09665, -0.38924, -1.24455, -3.30156, -1.14119, 6.71671, -3.07401, 1.67173, 4.8226, -2.27025, 1.35229, 0.71979, 0.80961, -4.76793]"
43,sub10,supLP120,0,sub10-a__0114__highfive.npy,8,highfive,8,0.9228939,1,"[8.41591, 1.15783, -1.88503, 2.86619, -10.16577, 2.09211, -5.11752, -4.94185, 10.92855, -8.68066, 2.31628, -2.61667, 0.3694, -5.39382, 0.423, 0.61785, -4.91326, -2.18732, 4.34701, 2.84863, -1.1605, -3.58481]"
43,sub10,supLP120,0,sub10-a__0115__highfive.npy,8,highfive,8,0.9893364,1,"[5.99681, 2.331, -2.28965, 4.45134, -9.38358, 3.13509, -5.26808, -4.18617, 10.90089, -8.77626, 1.42112, -2.3738, 0.70599, -4.76197, -0.81174, 0.69713, -4.06258, -1.52683, 3.66758, 2.70179, -2.28746, -3.11707]"
43,sub10,supLP120,0,sub10-a__0116__highfive.npy,8,highfive,8,0.99754804,1,"[5.61779, 2.98514, -1.36584, 3.85578, -9.7041, 1.07463, -6.04009, -5.20009, 12.12449, -7.74135, 2.83657, -1.305, 1.05155, -6.13363, 0.01968, 0.59463, -3.96153, -1.95724, 3.99048, 3.40896, -3.28125, -4.26124]"
43,sub10,supLP120,0,sub10-a__0117__highfive.npy,8,highfive,8,0.9908612,1,"[7.86943, 2.86527, -1.2966, 2.93827, -9.87812, 0.67178, -5.67443, -5.89205, 12.63413, -8.57497, 3.32127, -2.7419, -0.1421, -6.30235, 2.35366, -0.27851, -4.02571, -2.73521, 4.48629, 3.84144, -3.19981, -4.73368]"
43,sub10,supLP120,0,sub10-a__0118__highfive.npy,8,highfive,8,0.9791685,1,"[7.81105, 3.1774, -1.27604, 3.23095, -9.73515, 0.96561, -6.00211, -5.38552, 11.74013, -8.35347, 3.53348, -2.60055, -0.4587, -5.8454, 2.26338, 0.2684, -4.24317, -2.58356, 4.35067, 3.28458, -3.32895, -4.81876]"
43,sub10,supLP120,0,sub10-a__0119__highfive.npy,8,highfive,8,0.9923069,1,"[7.74687, 3.48968, -0.79437, 2.57302, -10.49856, 1.17548, -5.8601, -6.45508, 12.83519, -8.62609, 3.5333, -2.70069, -0.24085, -6.08113, 2.68261, 0.29931, -3.62432, -2.514, 5.97486, 4.60693, -3.2331, -6.59067]"
43,sub10,supLP120,0,sub10-a__0120__wave.npy,21,wave,0,0.8700693,0,"[7.70096, 4.40236, -3.80465, 3.82923, -5.07224, 4.86457, -4.0173, 3.06573, 3.64088, -8.5852, -0.55693, -2.96018, -0.39371, -3.85721, -0.88655, 0.76676, -5.0848, -2.28946, 0.9796, -2.37999, -1.27671, 1.81834]"
43,sub10,supLP120,0,sub10-a__0121__wave.npy,21,wave,0,0.94987917,0,"[8.34575, 3.49843, -3.56532, 3.43248, -6.5569, 4.66428, -4.0884, -0.16306, 3.4845, -8.8579, 1.10107, -3.32295, 0.12151, -2.26717, 0.06729, 1.15862, -4.74926, -2.11623, 2.07793, -0.73564, -0.15467, -0.4043]"
43,sub10,supLP120,0,sub10-a__0122__wave.npy,21,wave,0,0.94849026,0,"[8.95001, 3.90795, -3.39676, 2.84271, -7.12759, 3.19401, -5.09828, -0.89852, 5.70394, -9.1131, 2.65436, -3.29543, 0.19633, -4.18906, 1.59822, 0.04995, -4.82069, -2.78548, 1.00191, -1.19857, -0.83589, 0.55848]"
43,sub10,supLP120,0,sub10-a__0123__wave.npy,21,wave,0,0.9638591,0,"[8.67256, 2.83373, -3.31692, 2.8379, -7.10325, 4.69226, -3.73397, -2.03272, 3.04577, -9.34571, 1.5411, -3.04233, 0.76168, -1.3327, 0.93311, 1.82672, -3.75493, -1.90781, 3.60232, -0.33636, 0.01657, -2.10142]"
43,sub10,supLP120,0,sub10-a__0124__wave.npy,21,wave,0,0.9798346,0,"[8.90293, 3.00217, -4.34704, 3.36429, -6.26269, 3.60049, -4.28508, -1.15061, 3.73189, -9.31276, 2.26916, -4.06433, 0.80652, -1.86881, 1.30592, 0.54586, -4.65039, -2.69742, 0.89797, -0.17816, 0.51747, 0.02935]"
43,sub10,supLP120,0,sub10-a__0125__bow.npy,2,bow,2,0.9999391,1,"[-3.58963, -6.00817, 19.92951, 0.58953, -6.22508, -4.24775, 3.27249, -6.59872, -0.34448, 3.68288, 1.85239, 10.2178, -1.08101, -2.86337, -3.05659, -4.98648, -7.37307, 4.6098, -4.73275, 2.06707, -1.09058, 0.19689]"
43,sub10,supLP120,0,sub10-a__0126__bow.npy,2,bow,2,0.99996006,1,"[-4.39333, -6.0022, 20.56769, 0.3535, -6.11771, -4.28616, 3.74567, -6.69376, 0.20996, 4.39638, 1.3591, 10.42321, -1.94058, -2.54272, -3.34721, -4.46458, -7.26804, 6.05218, -4.67865, 1.32284, -2.00416, 0.37799]"
43,sub10,supLP120,0,sub10-a__0127__bow.npy,2,bow,2,0.99995613,1,"[-3.88328, -6.06102, 20.03937, 0.36509, -4.7645, -4.43947, 4.63538, -5.83804, -0.24415, 3.00695, 0.47319, 9.99189, -1.30567, -2.86665, -3.53787, -4.10546, -7.17127, 4.83589, -4.15539, 1.41585, -1.48696, 0.5041]"
43,sub10,supLP120,0,sub10-a__0128__bow.npy,2,bow,2,0.9999776,1,"[-4.9924, -6.63386, 20.59187, 0.35069, -6.08168, -4.63679, 6.08992, -5.54827, -0.44866, 5.09503, 0.525, 9.83566, -2.61839, -2.78472, -3.52204, -5.12565, -7.35531, 5.8592, -4.64248, 1.22307, -0.96852, 0.71389]"
43,sub10,supLP120,0,sub10-a__0129__bow.npy,2,bow,2,0.99997246,1,"[-4.62614, -6.59102, 20.38663, -0.20614, -5.46422, -4.54408, 5.84978, -5.47987, -0.3545, 5.2589, 0.43528, 9.84459, -2.17629, -3.82506, -3.56196, -5.07853, -7.16066, 5.59437, -4.84466, 1.15048, -0.82157, 0.48008]"
43,sub10,supLP120,0,sub10-a__0130__crossarms.npy,5,crossarms,5,0.7185386,1,"[-2.05177, 3.05528, -4.6075, 7.11713, 0.398, 9.78954, -3.07115, -0.57105, -3.5635, 0.01823, 0.94461, -3.08198, -3.29162, 8.64849, -1.32791, 1.99669, 2.79666, -0.51384, 0.38389, 0.94367, -1.1381, -4.12511]"
43,sub10,supLP120,0,sub10-a__0131__crossarms.npy,5,crossarms,5,0.62137496,1,"[-2.21429, 2.77006, -4.37005, 7.30008, 0.19201, 9.99624, -2.99372, -1.15476, -3.65033, -0.69339, 0.6745, -2.76678, -3.16661, 9.37857, -1.36389, 2.48335, 3.04051, -0.44143, 0.102, 1.13461, -1.12347, -4.01285]"
43,sub10,supLP120,0,sub10-a__0132__crossarms.npy,5,crossarms,13,0.5756893,0,"[-2.75144, 1.99016, -3.93257, 6.69123, -1.16792, 9.74036, -2.29813, -1.54357, -3.83392, -1.25902, -0.16034, -2.63465, -2.52329, 10.09455, -1.80618, 2.69629, 2.96026, 0.16691, -0.12669, 1.06901, -0.20009, -3.25235]"
43,sub10,supLP120,0,sub10-a__0133__crossarms.npy,5,crossarms,5,0.7892452,1,"[-2.7682, 2.74514, -4.53141, 6.83991, -0.73473, 10.39153, -2.70363, -0.52273, -3.93809, -1.11114, 0.23537, -2.89076, -2.35548, 8.95103, -1.88819, 2.50049, 2.67862, -0.20991, 0.13805, 0.84832, -0.54682, -3.91891]"
43,sub10,supLP120,0,sub10-a__0134__crossarms.npy,5,crossarms,5,0.70250446,1,"[-2.28066, 2.76057, -4.19103, 7.08654, -0.20866, 10.04967, -2.90339, -1.15814, -3.4806, -0.78802, 0.7785, -2.89021, -2.93538, 9.05483, -1.47373, 2.34294, 2.37196, -0.20705, -0.02823, 1.31184, -0.81058, -3.86055]"
43,sub10,supLP120,0,sub10-a__0135__crossarms.npy,5,crossarms,5,0.6001228,1,"[-2.84984, 2.58141, -4.29708, 6.81928, -0.96749, 10.0909, -2.44447, -1.12925, -3.80378, -1.33903, 0.23148, -2.90336, -2.25615, 9.62318, -1.93957, 2.48, 2.57551, 0.30617, -0.07549, 1.08464, -0.3056, -3.72016]"
43,sub10,supLP120,0,sub10-a__0136__drink.npy,7,drink,7,0.9832093,1,"[2.11415, 3.26743, -4.06267, 3.98075, -0.23806, 2.91709, -1.34671, 8.82843, -2.99146, -3.98965, -1.62946, -3.41046, -2.16071, 0.20626, -1.28794, 0.30228, -1.66831, -3.64051, 1.05964, -0.11141, 0.40753, -1.83955]"
43,sub10,supLP120,0,sub10-a__0137__drink.npy,7,drink,7,0.97464085,1,"[1.68556, 5.41709, -4.62015, 3.32963, 0.02573, 3.22047, -2.05499, 9.32215, -2.15637, -3.67496, -1.35033, -3.70539, -1.31025, -1.53151, -1.54637, 0.17649, -1.35595, -3.94612, 0.6146, -0.18386, -0.14585, -2.52258]"
43,sub10,supLP120,0,sub10-a__0138__drink.npy,7,drink,7,0.9694453,1,"[2.45482, 5.53893, -4.6648, 3.59706, 0.10539, 3.70876, -2.25264, 9.31405, -2.02095, -4.23367, -1.28562, -3.70634, -1.33864, -1.57571, -1.54884, -0.19564, -1.82607, -3.88443, 0.3188, -0.81593, -0.03199, -2.04054]"
43,sub10,supLP120,0,sub10-a__0139__drink.npy,7,drink,7,0.8559093,1,"[2.30576, 5.04761, -4.09837, 5.18934, 0.44042, 2.80114, -2.35744, 7.69692, -1.51168, -4.19946, -1.12727, -3.38308, -2.33814, -0.68466, -0.8288, 0.4845, -0.96242, -3.58906, 0.57681, 0.40214, -0.75335, -2.8345]"
43,sub10,supLP120,0,sub10-a__0140__drink.npy,7,drink,7,0.70971984,1,"[1.44999, 6.73553, -3.69474, 4.80201, 0.36312, 2.25967, -3.42062, 7.79124, -0.17596, -3.0516, 0.24265, -3.72372, -2.925, -2.2408, -0.08111, 0.55744, -0.27165, -3.78751, 1.36478, -0.26703, -2.17483, -3.28631]"
43,sub10,supLP120,0,sub10-a__0141__airpunch.npy,1,airpunch,8,0.68468624,0,"[1.93211, 6.70641, -0.80589, 4.53404, -5.76936, 0.21882, -5.58738, -0.42262, 9.73526, -5.81754, 1.63476, -3.72606, -4.11798, -3.1421, 2.94671, 0.27251, -1.15445, -2.63909, 8.82905, 2.14439, -5.01795, -5.83935]"
43,sub10,supLP120,0,sub10-a__0142__airpunch.npy,1,airpunch,8,0.69557816,0,"[3.09798, 6.41564, -0.81981, 2.3883, -6.67596, 1.54173, -5.02983, -3.95508, 9.52346, -5.87871, 2.02074, -2.69685, -2.02752, -3.36884, 2.5885, 0.73523, -1.01274, -1.78618, 8.56174, 4.43913, -3.46647, -7.48272]"
43,sub10,supLP120,0,sub10-a__0143__airpunch.npy,1,airpunch,18,0.7289136,0,"[2.81887, 6.73147, -1.92742, 2.64451, -5.96228, 1.2465, -4.56737, -2.65745, 9.46819, -7.00051, 1.55593, -3.56385, -1.96396, -2.08355, 2.66101, 1.44431, -1.35209, -1.99869, 10.528, 3.93405, -3.70791, -7.82517]"
43,sub10,supLP120,0,sub10-a__0144__airpunch.npy,1,airpunch,18,0.6183412,0,"[2.60209, 6.55078, -2.17285, 2.10947, -6.00491, 1.7815, -4.12233, -4.09886, 9.52539, -7.30121, 1.44307, -3.45727, -1.13698, -1.26256, 2.295, 1.43559, -1.42353, -1.61505, 10.0656, 4.20168, -3.39314, -7.68223]"
43,sub10,supLP120,0,sub10-a__0145__airpunch.npy,1,airpunch,18,0.90089506,0,"[1.11316, 6.48315, -2.50304, 2.63055, -6.82813, 1.9115, -3.43843, -2.18854, 8.13449, -6.80446, 0.49543, -3.1887, -1.10865, -1.85803, 1.908, 2.24146, -1.47515, -1.18612, 10.55146, 4.59512, -2.84433, -7.86387]"
43,sub10,supLP120,0,sub10-a__0146__brushteeth.npy,3,brushteeth,5,0.8625816,0,"[-2.57046, 6.92081, -3.73649, 4.84137, 0.65422, 9.82438, -2.81928, -1.14553, -3.77252, 0.18777, -0.60472, -2.79015, -1.83987, 7.43634, -3.10936, 1.58786, 4.50303, -1.36435, 0.6657, 1.71552, -1.85335, -4.84513]"
43,sub10,supLP120,0,sub10-a__0147__brushteeth.npy,3,brushteeth,5,0.7477098,0,"[-0.67658, 5.29184, -3.72434, 3.64902, 0.87627, 8.38512, -2.17881, -0.65926, -4.2605, -0.56644, -1.01143, -2.92148, -1.56173, 7.04185, -2.57432, 1.97702, 4.34344, -2.24653, 1.24489, 1.39744, 0.03097, -4.86065]"
43,sub10,supLP120,0,sub10-a__0148__brushteeth.npy,3,brushteeth,13,0.7076113,0,"[-2.12796, 5.09155, -3.25649, 4.31996, 0.71707, 8.20432, -1.97097, -2.44533, -4.18873, 0.1135, -0.84093, -2.43434, -1.48054, 9.18645, -3.15413, 1.7196, 4.79967, -1.25838, 0.44288, 1.79043, -0.3497, -4.45181]"
43,sub10,supLP120,0,sub10-a__0149__brushteeth.npy,3,brushteeth,5,0.73666036,0,"[-1.32839, 6.59909, -3.40733, 4.24713, 1.42805, 8.98642, -2.60052, -1.42209, -3.69261, -0.07257, -0.48541, -3.1191, -1.8361, 7.55397, -2.74928, 1.30253, 4.85001, -1.92166, 0.80329, 1.46806, -1.60098, -4.91672]"
43,sub10,supLP120,0,sub10-a__0150__brushteeth.npy,3,brushteeth,5,0.80808467,0,"[0.06397, 5.74934, -3.69331, 3.406, 1.65057, 8.44056, -2.27988, -0.72211, -3.7385, -1.04597, -0.85444, -3.1897, -1.47536, 6.4658, -2.39053, 1.93389, 4.49095, -2.68595, 1.40731, 1.38076, -0.41701, -5.03612]"
43,sub10,supLP120,0,sub10-a__0151__brushteeth.npy,3,brushteeth,5,0.898656,0,"[-1.3293, 6.01186, -3.6113, 3.4115, 0.80985, 9.12217, -2.27814, -0.51519, -4.14254, -0.53621, -0.96637, -3.02397, -0.85735, 6.08222, -2.90199, 1.52643, 4.93641, -2.02715, 1.19192, 1.0911, -0.02958, -4.89398]"
43,sub10,supLP120,0,sub10-a__0152__highfive.npy,8,highfive,8,0.980317,1,"[7.98543, 2.62291, -0.40539, 2.92529, -11.47413, 1.84472, -5.67317, -5.75087, 12.79593, -8.99667, 2.98474, -2.79274, -1.68911, -4.94822, 2.96804, 0.77774, -3.54722, -2.69168, 8.33882, 3.71173, -3.9503, -7.02659]"
43,sub10,supLP120,0,sub10-a__0153__highfive.npy,8,highfive,8,0.99727565,1,"[6.81731, 4.12857, 0.44782, 2.91716, -10.28627, 1.0232, -5.94103, -5.4723, 13.79791, -8.43047, 2.70765, -2.73691, -2.64339, -5.9259, 3.35434, -0.15307, -3.17655, -2.45832, 7.33042, 4.74442, -4.79741, -6.71171]"
43,sub10,supLP120,0,sub10-a__0154__highfive.npy,8,highfive,8,0.99021894,1,"[7.24283, 3.80033, -0.65253, 2.78198, -10.08815, 2.19268, -5.47078, -5.61941, 12.57288, -8.6528, 2.62312, -3.42743, -1.66739, -4.79343, 2.05635, 0.43052, -2.83953, -2.66894, 7.12611, 4.74469, -3.53162, -6.88281]"
43,sub10,supLP120,0,sub10-a__0155__highfive.npy,8,highfive,8,0.98068786,1,"[5.37864, 4.4334, 0.17299, 2.26898, -11.12416, 2.04735, -5.30174, -6.10514, 13.54806, -8.8415, 2.02854, -2.2083, -1.07035, -5.64306, 2.93318, 1.03408, -2.2486, -2.19513, 9.57921, 5.56335, -4.48483, -8.47897]"
43,sub10,supLP120,0,sub10-a__0156__highfive.npy,8,highfive,8,0.97952294,1,"[4.60367, 4.17738, -1.34068, 3.52999, -10.36423, 3.30979, -4.60338, -5.25256, 12.68297, -9.63711, 0.95256, -2.65705, -0.35554, -4.28044, 0.99123, 1.28858, -1.4378, -1.94002, 8.77073, 4.02744, -4.1899, -7.08752]"
43,sub10,supLP120,0,sub10-b1__0001__walk.npy,20,walk,20,0.99979216,1,"[4.35436, -8.66214, 1.62786, -3.81239, 0.20007, -4.54249, 0.73066, -3.22864, -5.10204, 7.41221, 5.20556, -3.10066, -2.55341, 0.61899, -2.12498, -4.16297, -4.05288, -1.40681, -4.18624, -0.72735, 16.04492, 1.62804]"
43,sub10,supLP120,0,sub10-b1__0002__turnaround.npy,19,turnaround,19,0.98099446,1,"[0.21218, -1.22408, -3.87036, 0.56082, -2.45288, 0.11518, 0.96641, -1.91171, -4.43745, 0.17358, -1.04637, -1.7206, 1.27791, 4.2058, -2.37839, 4.36921, -2.31231, 0.81118, -2.03008, 11.95339, 7.95449, -4.49418]"
43,sub10,supLP120,0,sub10-b1__0003__walk.npy,20,walk,20,0.9999739,1,"[-0.52545, -3.04576, -5.98696, -2.64307, 0.61024, -0.70389, 1.63344, 0.85968, -5.86336, 2.89752, -1.21128, -3.49934, 0.7132, 6.11272, -2.95746, 2.64647, -2.46353, 2.79661, -2.8396, 4.33675, 16.92726, -4.69379]"
43,sub10,supLP120,0,sub10-b1__0004__turnaround.npy,19,turnaround,19,0.9993173,1,"[5.47446, 2.61908, -0.44422, -1.21211, -2.60487, 0.6171, 1.36341, -0.99027, -1.64698, -3.9522, -0.53635, -3.05673, -2.00647, -0.9715, 2.42524, -1.65642, -2.93269, -2.59941, 0.77283, 13.01037, 3.42953, -4.45276]"
43,sub10,supLP120,0,sub10-b1__0005__walk.npy,20,walk,20,0.9999763,1,"[3.77943, -8.06849, -0.70523, -4.12945, 3.12124, -3.95368, 0.60909, -1.91356, -5.73262, 6.17776, 2.94855, -3.29985, -1.64154, 2.37944, -4.49945, -1.89256, -3.41987, -1.76514, -4.68012, 0.51605, 17.01945, 0.44883]"
43,sub10,supLP120,0,sub10-b1__0006__turnaround.npy,19,turnaround,19,0.9990451,1,"[1.56548, 1.14275, -1.53246, 1.12691, -3.24375, -0.06736, -1.0689, -4.628, -2.8533, -0.0346, 1.57161, -1.03934, 0.37445, 2.91768, -0.91935, -0.26491, -3.18145, 0.78326, -3.26477, 13.56871, 6.55779, -4.48982]"
43,sub10,supLP120,0,sub10-b1__0007__walk.npy,20,walk,20,0.9997378,1,"[-1.40139, -2.57319, -7.73517, -1.87069, -2.19856, 1.27201, 1.77722, 0.79715, -6.22409, 1.7367, -2.15792, -3.69555, 1.85989, 7.59156, -3.41551, 5.00934, -1.95832, 3.89541, -1.38606, 4.579, 15.98793, -6.44319]"
43,sub10,supLP120,0,sub10-b1__0008__turnaround.npy,19,turnaround,19,0.99970776,1,"[3.11686, 2.37998, -0.78369, -1.32294, -2.0462, 1.41882, 1.29213, -0.30109, -3.1163, -2.01641, -0.41523, -2.37305, -0.47794, -1.21728, 0.21797, -0.91916, -1.94534, -2.35353, 0.13152, 12.87955, 4.20525, -4.83897]"
43,sub10,supLP120,0,sub10-b1__0009__walk.npy,20,walk,20,0.99985003,1,"[5.48159, -8.07486, -0.40102, -3.43943, -1.04127, -4.18947, 0.15406, -3.27069, -4.18177, 4.50362, 4.33483, -3.15244, -1.92033, 1.93962, -2.42319, -1.58388, -4.13649, -0.8566, -3.06668, 0.32127, 14.84316, -0.10282]"
43,sub10,supLP120,0,sub10-b1__0010__turnaround.npy,19,turnaround,19,0.99960953,1,"[1.79745, 3.05427, 0.26101, 1.25948, -4.28847, -0.21451, -2.24771, -5.15988, -1.75903, 0.4149, 3.07375, -0.79388, -0.05353, 0.88647, 0.52572, -1.84578, -3.87839, 1.3559, -3.86827, 13.47434, 5.35578, -4.02305]"
43,sub10,supLP120,0,sub10-b1__0011__walk.npy,20,walk,20,0.9989612,1,"[-4.09033, -3.39944, -6.80835, -3.12683, 0.73253, -0.45132, 1.29941, 0.4522, -6.02439, 6.04984, -1.28594, -2.02228, 1.74423, 8.23929, -4.10016, 4.10642, -0.49025, 3.09267, -2.72198, 3.98237, 15.24943, -5.33158]"
43,sub10,supLP120,0,sub10-b1__0012__turnaround.npy,19,turnaround,19,0.9997843,1,"[3.68303, 2.89457, 0.09941, -1.34946, -1.66701, 1.34217, 1.12918, -0.88549, -2.41784, -2.63767, -0.96503, -2.1494, -1.2638, -0.97361, 1.03423, -0.93346, -1.72761, -2.41446, -0.02409, 13.05142, 3.33129, -4.69493]"
43,sub10,supLP120,0,sub10-b1__0013__walk.npy,20,walk,20,0.9999397,1,"[6.78042, -8.3689, -0.99277, -4.03723, 0.11617, -4.4125, 0.63588, -2.80606, -4.84374, 3.58761, 4.42896, -4.16411, -2.19701, 2.28187, -1.68759, -2.30393, -4.92239, -2.07276, -2.73697, 1.11557, 16.6429, 0.60354]"
43,sub10,supLP120,0,sub10-b1__0014__turnaround.npy,19,turnaround,19,0.9997689,1,"[3.73242, 3.84859, 0.98644, 0.96729, -3.41569, 0.31481, -2.47025, -4.06987, -1.18371, -0.7544, 2.27823, -1.63207, -2.78034, 0.69857, 1.66411, -2.19452, -3.69282, 0.42003, -2.8513, 13.64395, 4.37497, -4.54551]"
43,sub10,supLP120,0,sub10-b1__0015__walk.npy,20,walk,20,0.9989642,1,"[-2.00838, -3.27857, -7.08165, -1.85174, 0.08996, -0.018, 1.18843, 0.61491, -6.09948, 2.89514, -2.13426, -2.46331, 1.84293, 8.48605, -3.31806, 4.60632, -1.37767, 3.10202, -2.92497, 4.62704, 15.40936, -6.12303]"
43,sub10,supLP120,0,sub10-b1__0016__turnaround.npy,19,turnaround,19,0.9996056,1,"[4.00051, 2.58566, 0.17176, -1.75013, -1.61902, 0.85442, 1.55301, 0.26606, -2.36047, -2.12418, -0.5539, -2.52408, -1.78473, -2.28337, 1.31274, -1.60949, -2.2253, -3.19557, 0.16208, 12.59841, 3.48439, -4.32549]"
43,sub10,supLP120,0,sub10-b1__0017__walk.npy,20,walk,20,0.999905,1,"[7.32046, -7.73083, 0.43052, -3.53778, 3.29341, -5.2137, 0.44824, -1.84603, -5.10131, 4.82561, 2.44817, -3.4044, -1.74634, -0.6996, -4.02095, -3.373, -4.80111, -3.56883, -4.98983, 1.30158, 16.69102, 0.99555]"
43,sub10,supLP120,0,sub10-b1__0018__turnaround.npy,19,turnaround,19,0.9994155,1,"[2.58879, 4.76746, 0.33991, 0.83104, -2.1621, -0.38982, -3.14169, -4.00156, -1.16868, 0.06136, 2.77006, -1.61997, -2.28384, 1.35627, 1.97813, -1.67761, -3.21287, 1.28811, -2.57932, 13.02906, 4.58657, -5.49853]"
43,sub10,supLP120,0,sub10-b1__0019__walk.npy,20,walk,20,0.99094397,1,"[-3.19997, -3.01848, -7.02907, -1.9452, 0.43677, -0.20056, 0.90224, 0.28424, -5.99448, 4.36528, -2.09965, -1.85956, 1.57997, 9.44825, -4.074, 4.70592, -1.0168, 3.27435, -3.29419, 5.29021, 14.17649, -5.72779]"
43,sub10,supLP120,0,sub10-b1__0020__turnaround.npy,19,turnaround,19,0.9999,1,"[3.92927, 3.27507, 0.28292, -0.69128, -2.51408, 1.78304, 0.40009, -1.4832, -1.78097, -3.29018, -0.73066, -2.04812, -1.1307, -1.51394, 0.79488, -1.01298, -2.63971, -1.97776, -0.8056, 13.98108, 3.28053, -5.03063]"
43,sub10,supLP120,0,sub10-b1__0021__walk.npy,20,walk,20,0.99994826,1,"[6.18778, -8.16549, 0.92172, -3.76087, 0.55375, -4.55654, 1.34227, -1.77456, -5.30994, 4.11915, 2.96126, -3.14581, -1.57298, 0.00017, -3.63073, -2.55625, -5.12056, -2.07137, -4.20527, 1.10275, 16.23893, 1.263]"
43,sub10,supLP120,0,sub10-b1__0022__turnaround.npy,19,turnaround,19,0.9995945,1,"[1.83271, 3.62457, 0.12248, 1.10177, -2.96949, -0.90146, -2.43452, -4.43949, -1.86818, 0.14354, 2.9043, -1.0654, -0.81959, 1.52701, 0.64192, -2.17495, -4.32694, 1.32847, -4.09478, 13.67743, 5.61367, -3.99123]"
43,sub10,supLP120,0,sub10-b1__0023__walk.npy,20,walk,20,0.99921274,1,"[-2.0072, -3.27955, -6.61768, -1.9075, 0.46478, -0.05498, 1.11548, 1.01085, -5.97236, 2.23482, -2.0103, -2.70223, 1.7268, 8.9904, -4.05719, 3.87078, -2.37317, 3.38341, -2.9336, 4.99725, 16.1673, -5.77769]"
43,sub10,supLP120,0,sub10-b1__0024__turnaround.npy,19,turnaround,19,0.999764,1,"[2.05701, 3.22787, 0.01323, -1.53941, -2.45868, 1.47646, 1.61264, -0.01762, -2.41183, -1.70879, -0.717, -2.25499, -0.85422, -2.01285, 0.76174, -1.24334, -1.78493, -2.54963, 0.03216, 12.73594, 3.41111, -4.20939]"
43,sub10,supLP120,0,sub10-b1__0025__hop.npy,9,hop,0,0.36130708,0,"[7.91597, -3.04818, -2.73939, -3.36619, 6.21757, -7.46585, -3.40526, -6.75146, 2.5139, -0.60894, 7.84502, -2.58937, 0.43167, -4.08473, 7.45963, -3.94674, -3.09731, -6.314, -3.36716, -2.28538, 3.08654, 2.83369]"
43,sub10,supLP120,0,sub10-b1__0026__hop.npy,9,hop,10,0.61290807,0,"[7.41425, -3.40657, -2.23929, -3.70212, 6.32072, -7.89991, -3.79678, -6.67353, 1.3309, 1.92309, 9.36446, -2.12927, -0.29345, -3.69157, 8.53937, -4.86449, -3.29253, -6.67261, -3.47231, -2.02636, 2.88837, 2.35682]"
43,sub10,supLP120,0,sub10-b1__0027__hop.npy,9,hop,14,0.9805048,0,"[7.69142, -1.14309, -2.55077, -2.27141, 3.93075, -7.85943, -3.85793, -7.2018, 4.94896, -1.53834, 7.90487, -2.57617, -1.9427, -4.07424, 12.45472, -4.15961, -2.48112, -6.21908, -2.27137, -2.07345, -0.91764, 1.70178]"
43,sub10,supLP120,0,sub10-b1__0028__hop.npy,9,hop,10,0.38353825,0,"[5.0603, -2.59104, -1.72377, -2.63559, 7.30945, -7.93977, -3.16637, -6.10536, 1.71922, 1.94911, 7.47033, -1.30957, -0.09947, -4.14416, 7.03227, -4.88131, -3.19549, -6.52394, -4.09116, -1.40366, 2.14343, 2.60273]"
43,sub10,supLP120,0,sub10-b1__0029__hop.npy,9,hop,4,0.92536205,0,"[6.28009, -2.58644, -3.10871, -3.02395, 9.30587, -6.90374, -1.95443, -5.0404, 1.11635, -0.00753, 5.25096, -2.32837, 0.62651, -3.39238, 4.57675, -3.90483, -3.58868, -6.4424, -4.25533, -1.4753, 3.74007, 2.8263]"
43,sub10,supLP120,0,sub10-b1__0030__hop.npy,9,hop,4,0.9589272,0,"[7.12992, -2.52379, -3.3432, -3.35065, 10.61797, -6.49029, -2.66218, -4.90202, 0.20856, 1.41169, 5.67489, -2.86432, 1.03076, -2.97547, 2.29186, -3.56788, -2.86696, -6.45696, -4.47194, -2.11992, 5.19533, 2.39599]"
43,sub10,supLP120,0,sub10-b1__0031__jump.npy,10,jump,10,0.7540899,1,"[-2.94569, -4.25251, 5.01463, -0.88981, 1.34384, -6.76205, -5.48144, -8.92631, -0.7738, 10.47046, 11.6962, 1.28706, 2.97106, -2.67042, -3.18301, -6.24781, -3.26908, -0.40718, -7.51882, -0.18143, 8.22081, 2.5976]"
43,sub10,supLP120,0,sub10-b1__0032__jump.npy,10,jump,10,0.99998915,1,"[5.73857, -1.72204, 5.0217, 1.30225, -6.91537, -6.591, -9.2769, -12.38513, 4.54816, 3.07545, 18.61303, 1.48873, -1.39002, -4.70232, 6.60554, -6.29831, -6.25777, -2.0953, -5.61113, 1.04789, 0.37525, -0.06848]"
43,sub10,supLP120,0,sub10-b1__0033__jump.npy,10,jump,10,0.9999379,1,"[7.69106, -2.17525, 4.24628, -0.18828, -5.60366, -7.18034, -8.39247, -11.84099, 3.93421, 2.68399, 17.65845, 0.40492, -0.77995, -5.48808, 6.32231, -6.63519, -6.82686, -2.76556, -6.0426, 0.59411, 1.94864, 0.89009]"
43,sub10,supLP120,0,sub10-b1__0034__jump.npy,10,jump,10,0.99998915,1,"[5.17931, -3.08116, 4.53552, -0.14004, -5.482, -7.53759, -8.46042, -11.98092, 3.64243, 3.98193, 17.82416, 1.17579, 0.11827, -5.6059, 5.28172, -6.59505, -6.06958, -2.26157, -6.64682, 0.54425, 3.2121, 1.62632]"
43,sub10,supLP120,0,sub10-b1__0035__jump.npy,10,jump,10,0.9996357,1,"[8.90838, -2.97142, 3.39587, -0.5984, -4.86514, -7.31299, -8.0223, -11.35585, 3.0534, 2.30598, 16.92501, -0.17316, -0.45515, -5.71416, 6.52032, -6.47793, -6.14853, -3.45449, -6.38385, 0.30047, 3.27338, 1.20072]"
43,sub10,supLP120,0,sub10-b1__0036__jump.npy,10,jump,10,0.99996173,1,"[7.17414, -3.3447, 4.11861, -0.14623, -5.09951, -7.32718, -8.30286, -11.5943, 2.75583, 3.16622, 17.57332, 0.17241, -0.49258, -4.20628, 5.00321, -6.50737, -6.50459, -2.56542, -6.25262, 1.06803, 4.36139, 1.03018]"
43,sub10,supLP120,0,sub10-b1__0037__runonspot.npy,13,runonspot,13,0.9999591,1,"[-2.34623, 1.09136, -1.87352, 1.96033, 6.42463, 0.17318, -2.00277, -6.52433, -2.42577, 2.05995, 2.017, -2.2088, -0.43031, 16.62089, -3.5878, 0.63115, 3.00732, -0.55601, -0.57015, 0.97465, 1.55481, -3.30951]"
43,sub10,supLP120,0,sub10-b1__0038__runonspot.npy,13,runonspot,13,0.9947897,1,"[-1.05947, 1.796, -2.83016, 1.24838, 9.45429, -0.78954, -2.25343, -5.41995, -1.96493, 1.47773, 0.54723, -2.10444, -0.09444, 14.71285, -3.51487, 0.7333, 4.12591, -1.90648, -0.69409, -0.21113, 0.6441, -2.85214]"
43,sub10,supLP120,0,sub10-b1__0039__runonspot.npy,13,runonspot,13,0.99997497,1,"[-2.68148, 0.68518, -3.01269, 2.02345, 5.78175, 0.86865, -1.28235, -5.40974, -3.18908, 0.41531, -0.60134, -2.0114, 0.79114, 16.75887, -3.84498, 2.09692, 4.72919, -0.22451, 0.14404, 0.66948, 2.088, -3.91233]"
43,sub10,supLP120,0,sub10-b1__0040__runonspot.npy,13,runonspot,13,0.9999081,1,"[-3.46822, 1.54871, -1.93473, 2.1854, 6.7496, 0.36519, -1.82859, -6.20512, -2.70899, 3.41927, 0.99562, -1.51444, 0.03344, 16.15144, -4.15552, 0.50855, 3.67104, -0.05154, -2.47129, 0.51703, 1.2097, -3.07899]"
43,sub10,supLP120,0,sub10-b1__0041__runonspot.npy,13,runonspot,13,0.9998946,1,"[-1.95113, 1.18599, -2.99433, 2.31546, 7.0825, 0.69552, -2.15938, -5.6548, -2.75322, 1.89364, 1.23944, -2.61885, -0.67134, 16.30649, -3.4849, 0.7528, 3.85216, -1.08046, -0.47866, 0.11762, 1.58729, -3.32838]"
43,sub10,supLP120,0,sub10-b1__0042__buttkicks.npy,4,buttkicks,4,0.9999349,1,"[-4.3833, 0.50234, -0.91597, -3.08043, 20.43937, -3.08555, -0.16215, -0.496, -2.83467, 10.78882, -1.3026, -0.96011, 1.44991, -3.054, -7.05465, -1.82118, 4.97486, -4.55649, -8.02675, -1.86945, 5.77799, 0.22266]"
43,sub10,supLP120,0,sub10-b1__0043__buttkicks.npy,4,buttkicks,4,0.99996233,1,"[-4.56862, 1.07441, -0.16756, -1.92819, 20.18933, -3.61557, -0.744, -1.58996, -1.95046, 10.00004, -0.62431, 0.12426, 2.23462, -3.42348, -6.8479, -2.58798, 3.58781, -4.01646, -7.58938, -0.78833, 3.40247, -0.1711]"
43,sub10,supLP120,0,sub10-b1__0044__buttkicks.npy,4,buttkicks,4,0.9999864,1,"[-4.56253, 1.58481, -1.65319, -1.43169, 18.3121, -2.85847, -1.16753, -1.69302, -1.85508, 6.94436, -1.70422, -1.98264, 1.7246, 1.90456, -6.83406, -1.08654, 4.75213, -3.59445, -6.05901, -2.56337, 3.66365, 0.4043]"
43,sub10,supLP120,0,sub10-b1__0045__buttkicks.npy,4,buttkicks,4,0.9999951,1,"[-3.58072, 1.84055, -2.23638, -2.72924, 20.55229, -3.44051, -1.13699, -1.03151, -1.8092, 8.29437, -1.04675, -0.80133, 2.48178, -2.56852, -5.66049, -2.3665, 4.66127, -5.43266, -7.73239, -2.14375, 3.36359, 0.87938]"
43,sub10,supLP120,0,sub10-b1__0046__buttkicks.npy,4,buttkicks,4,0.999985,1,"[-4.15378, 1.03817, -1.45948, -2.40107, 19.26723, -2.65697, -0.57667, -0.75618, -2.7037, 8.07737, -1.84233, -2.10346, 2.23604, -1.21375, -7.28772, -1.64083, 4.41213, -4.06744, -6.41032, -2.30384, 5.22019, -0.0874]"
43,sub10,supLP120,0,sub10-b1__0047__airkick.npy,0,airkick,0,0.99839276,1,"[15.61627, -1.25846, -3.36814, -2.94095, 6.41622, -4.65725, 0.57488, -2.88235, -0.3423, -4.86904, 1.83521, -3.84654, -1.65783, -2.44169, 9.11804, -3.23089, -3.02691, -7.80441, -0.0465, -0.86957, 1.06354, 0.49806]"
43,sub10,supLP120,0,sub10-b1__0048__airkick.npy,0,airkick,9,0.99724364,0,"[-0.44379, -2.24949, 6.82045, 0.96504, 4.0399, -5.34036, -5.70993, -7.24772, 0.52838, 15.73965, 9.79439, 0.76993, -6.17764, -5.47221, -0.01636, -9.1463, -3.27607, -3.09964, -10.45486, -0.12187, 1.00701, 2.57998]"
43,sub10,supLP120,0,sub10-b1__0049__airkick.npy,0,airkick,9,0.9999218,0,"[-1.713, -2.20344, 6.03073, -0.09787, 7.55508, -5.8152, -3.41194, -5.25482, 0.23073, 17.33945, 5.58251, 1.7729, -4.93383, -7.11465, -2.33654, -8.32768, -1.50072, -3.10252, -10.93078, -1.67238, 0.87107, 3.90775]"
43,sub10,supLP120,0,sub10-b1__0050__airkick.npy,0,airkick,9,0.9983871,0,"[-3.46036, -2.34369, 7.65848, -1.34785, 4.23882, -4.64624, -2.02797, -4.42058, 0.04801, 14.15544, 1.60647, 4.2685, -2.75776, -6.08838, -3.37356, -4.61085, -1.26591, -0.21291, -6.86242, -0.64532, 0.29253, -0.50128]"
43,sub10,supLP120,0,sub10-b1__0051__airkick.npy,0,airkick,9,0.9896013,0,"[-5.56982, -0.04126, 10.33909, 2.82863, 0.83452, -3.63148, -5.3623, -6.30313, 2.30743, 14.91308, 6.13863, 4.2402, -6.48873, -2.41046, -1.64897, -4.3705, -2.34774, 1.88751, -7.22244, 0.96435, -3.29524, -1.04877]"
43,sub10,supLP120,0,sub10-b1__0052__airkick.npy,0,airkick,9,0.99432194,0,"[0.55581, -4.38041, 7.28221, -0.7671, 3.9578, -6.81201, -0.31621, -4.1808, 0.16437, 12.52393, 1.72424, 3.6711, -4.13099, -5.52705, -2.00995, -4.19261, -3.73763, -0.84252, -6.8809, -1.89065, 0.62623, 2.41819]"
43,sub10,supLP120,0,sub10-b1__0053__airkick.npy,0,airkick,9,0.99994993,0,"[-0.69078, -4.43272, 7.46985, -0.76204, 5.61947, -6.36586, -2.52492, -4.87747, -1.36147, 17.68528, 5.79558, 2.9988, -4.93371, -6.60903, -3.58516, -7.15621, -3.13954, -2.32677, -8.94641, -2.0083, 2.33852, 2.10357]"
43,sub10,supLP120,0,sub10-b1__0054__sidekick.npy,14,sidekick,2,0.7355284,0,"[-4.55957, -3.3563, 12.60765, -0.04884, 0.29684, -3.97573, -1.20724, -6.03657, 2.36325, 11.58075, 2.20384, 5.96874, -3.39996, -6.71352, -2.64813, -4.57409, -2.9443, 2.19901, -7.38773, -2.22343, -3.09358, 2.43451]"
43,sub10,supLP120,0,sub10-b1__0055__sidekick.npy,14,sidekick,2,0.9089509,0,"[-2.16842, -2.27269, 10.37542, -0.28643, -0.25473, -2.1895, -2.26057, -6.20631, 3.30117, 8.02224, -0.59197, 4.75835, -5.05182, -5.42355, -0.15608, -1.78418, -0.60562, 2.7026, -5.97235, -0.51827, -4.33732, -1.24801]"
43,sub10,supLP120,0,sub10-b1__0056__sidekick.npy,14,sidekick,2,0.90939474,0,"[-2.86986, -1.98422, 12.93847, 0.42345, -2.30129, -2.1261, -2.40502, -6.95223, 2.86431, 10.62619, 2.60172, 5.13371, -6.19485, -4.2375, -1.44504, -3.42334, -2.36669, 3.78162, -6.08993, -0.5901, -4.91803, -0.37083]"
43,sub10,supLP120,0,sub10-b1__0057__sidekick.npy,14,sidekick,2,0.68297535,0,"[-6.29894, -4.65527, 14.12728, 0.71383, 0.04971, -3.96868, -4.28046, -8.01961, 0.75089, 13.35751, 6.22225, 6.83556, -0.54324, -6.58516, -4.62323, -5.87846, -2.75865, 1.61537, -9.38392, -1.02293, -0.79389, 1.65187]"
43,sub10,supLP120,0,sub10-b1__0058__sidekick.npy,14,sidekick,2,0.84040344,0,"[-2.93564, -3.0875, 11.38948, -0.73956, 1.01673, -3.01284, -0.64003, -6.18145, 2.54033, 9.70476, -0.6793, 5.89595, -3.76904, -6.73611, -1.7471, -2.88129, -0.85606, 1.84991, -6.42962, -1.68319, -3.81991, 0.53975]"
43,sub10,supLP120,0,sub10-b1__0059__crosstoe.npy,6,crosstoe,6,0.94456756,1,"[-2.22439, -1.0791, 0.60781, -2.94499, -1.06132, -2.03145, 10.65675, -0.30605, -3.15473, -2.76529, -4.83394, 0.10672, 1.23625, 0.83218, 3.87156, 0.45523, 0.39837, -0.17659, 0.8163, 7.7804, 3.55243, -3.27081]"
43,sub10,supLP120,0,sub10-b1__0060__crosstoe.npy,6,crosstoe,6,0.9999343,1,"[-3.68384, -4.29577, 7.55182, -1.28316, -2.12948, -4.75312, 17.28693, -0.11872, -1.51065, -1.65849, -5.53828, 2.82723, -2.56598, 1.65977, 4.72115, -0.10183, -2.73034, 3.43741, 0.87916, 3.54583, 0.41924, -1.14371]"
43,sub10,supLP120,0,sub10-b1__0061__crosstoe.npy,6,crosstoe,6,0.9993079,1,"[-3.12812, -2.99003, 4.5253, -2.65837, -2.60165, -4.21906, 15.19013, -0.70868, -1.06619, -0.85559, -3.70855, 4.65343, -1.66532, 0.54577, 7.82754, 0.92225, -0.19164, 2.89897, 1.71284, 0.24836, -1.90273, -1.46445]"
43,sub10,supLP120,0,sub10-b1__0062__crosstoe.npy,6,crosstoe,6,0.9995573,1,"[-3.4287, -1.93768, 1.09352, -1.57354, -1.29842, -2.9597, 14.84836, 0.40741, -2.92967, -1.76756, -4.49056, 0.67999, 1.16694, 2.04784, 7.0893, 0.58178, 1.4848, 1.42356, 2.5712, 0.57655, 0.10017, -1.85565]"
43,sub10,supLP120,0,sub10-b1__0063__crosstoe.npy,6,crosstoe,6,0.9953644,1,"[-2.6345, -1.18413, 0.05065, -2.88772, -0.83117, -1.94613, 12.97771, -0.2739, -3.78184, -1.10566, -3.12139, 2.27037, 1.63986, 0.65121, 7.50609, 2.91757, 3.2097, -0.40336, 4.86357, 0.80256, -1.67588, -2.9961]"
43,sub10,supLP120,0,sub10-b1__0064__throw.npy,18,throw,18,0.8934273,1,"[-2.30399, 7.38133, -1.24016, -0.902, -2.63515, -0.86912, 0.01788, 3.23871, -1.1958, -3.27845, -1.74637, -2.3468, -1.51484, -0.92589, 2.0713, 0.86916, 1.15562, -2.61245, 9.58728, 4.5025, -0.9678, -4.04684]"
43,sub10,supLP120,0,sub10-b1__0065__throw.npy,18,throw,18,0.95652753,1,"[-0.61237, 9.16782, -1.19075, -2.20038, -3.84075, -0.19058, -0.98122, 1.31607, 2.40363, -4.68047, -2.29079, -2.56896, -2.94508, -2.44136, 4.0815, 1.20543, 1.15356, -2.49112, 12.2732, 3.98639, -2.90288, -5.0708]"
43,sub10,supLP120,0,sub10-b1__0066__throw.npy,18,throw,1,0.5485045,0,"[1.1501, 8.5782, -0.61673, -3.21724, -1.66884, 0.04266, -1.20123, -0.4661, 0.98792, -3.60709, -1.71889, -1.69869, -2.66233, -1.82172, 4.48647, -0.40787, 0.90389, -3.06684, 8.28701, 5.70783, -1.4276, -4.2152]"
43,sub10,supLP120,0,sub10-b1__0067__throw.npy,18,throw,18,0.5256864,1,"[0.53433, 7.98121, -0.77682, -3.12914, -1.41542, -0.54453, -0.33877, -0.35214, 0.14886, -3.59869, -1.82137, -1.977, -2.50651, -0.67981, 4.27703, 0.00477, 0.88004, -2.37925, 8.21377, 5.77626, -0.52222, -3.94971]"
43,sub10,supLP120,0,sub10-b1__0068__throw.npy,18,throw,18,0.90222126,1,"[1.30428, 7.86715, -0.49708, -3.147, -2.87577, 0.72368, -1.49578, -0.5379, 1.64533, -4.61163, -1.50628, -1.43713, -2.3537, -2.23749, 4.72803, -0.12771, 1.1794, -3.54238, 10.178, 4.7146, -1.84189, -4.87875]"
43,sub10,supLP120,0,sub10-b1__0069__walk.npy,20,walk,20,0.9991572,1,"[2.90098, -8.29075, 3.35556, -3.51907, 2.54992, -4.82397, 0.33176, -3.73913, -5.11156, 7.22416, 3.84044, -0.84852, 0.87595, -1.58312, -5.24076, -2.83792, -3.0386, -1.35286, -5.91718, -0.98997, 14.38226, 1.14603]"
43,sub10,supLP120,0,sub10-b1__0070__turnaround.npy,19,turnaround,19,0.9986873,1,"[0.76059, 2.43523, -1.0713, 1.09476, -2.27493, -0.51422, -1.56584, -4.58774, -2.52193, 0.52318, 2.53129, -0.98718, 0.46933, 2.90846, -0.41733, -0.70263, -3.05472, 1.31441, -3.31974, 12.64778, 5.86196, -4.01181]"
43,sub10,supLP120,0,sub10-b2__0001__walk.npy,20,walk,20,0.9998441,1,"[7.64323, -6.54525, -1.58738, -3.1751, 4.02128, -2.36134, -0.22907, -1.43216, -5.51404, 1.98694, 1.16579, -3.9536, -0.14915, 1.3675, -4.38764, -0.99787, -3.91301, -2.8114, -3.37463, 2.2882, 16.44834, -0.8379]"
43,sub10,supLP120,0,sub10-b2__0002__turnaround.npy,19,turnaround,19,0.68253845,1,"[2.0432, -1.14736, 0.94981, -0.67799, -6.20272, -1.84305, -0.70614, -4.28968, -2.98883, 0.83653, 3.55842, -0.86802, 2.00425, 0.15638, 2.30657, -1.79853, -4.87703, 3.47739, -2.03365, 9.13974, 8.35069, -3.92627]"
43,sub10,supLP120,0,sub10-b2__0003__walk.npy,20,walk,20,0.9997229,1,"[-1.64767, -3.43, -6.6483, -1.65685, -0.71171, -1.24252, 1.95204, -0.04153, -5.70064, 3.73306, -1.17066, -2.64471, 1.35078, 7.5588, -3.01786, 3.44828, -2.3174, 3.45379, -2.69209, 4.32319, 15.84588, -5.52429]"
43,sub10,supLP120,0,sub10-b2__0004__turnaround.npy,19,turnaround,19,0.9997489,1,"[3.16174, 2.02029, -1.29857, -0.6338, -2.63855, 1.42696, 1.18215, -0.148, -2.57266, -2.87267, -0.75523, -2.61492, 0.14191, -1.13405, 0.11161, -0.96128, -2.48422, -1.676, -0.63163, 13.16692, 4.45997, -5.16456]"
43,sub10,supLP120,0,sub10-b2__0005__walk.npy,20,walk,20,0.9999404,1,"[5.20202, -8.4453, 2.42644, -3.45096, -2.39158, -4.89557, -0.04369, -3.51149, -4.44781, 6.0845, 5.52769, -2.702, -1.10501, -1.36423, -3.01692, -4.6715, -4.97865, -0.94095, -5.12262, 0.77145, 16.52267, 1.45911]"
43,sub10,supLP120,0,sub10-b2__0006__turnaround.npy,19,turnaround,19,0.9992854,1,"[-0.14579, 1.53349, 0.52, 2.37737, -4.30508, -0.26412, -1.20628, -5.06472, -2.7801, 1.59023, 2.98214, -1.01537, 0.30389, 2.54734, -0.88488, -2.24441, -4.00066, 2.39275, -4.89288, 13.68506, 6.32444, -3.74008]"
43,sub10,supLP120,0,sub10-b2__0007__walk.npy,20,walk,20,0.99978834,1,"[-3.13418, -2.89945, -6.88309, -1.95106, 2.05453, -1.53056, 1.8485, 0.44523, -6.09333, 4.73928, -1.5984, -2.31981, 1.24834, 7.25651, -3.59097, 3.55659, -1.78429, 3.22615, -3.63275, 5.50464, 15.98757, -5.12248]"
43,sub10,supLP120,0,sub10-b2__0008__turnaround.npy,19,turnaround,19,0.99969304,1,"[1.25602, 1.27912, -0.34938, -0.8177, -2.25569, 1.23443, 2.07576, 0.78996, -3.0372, -2.35526, -1.70059, -1.72369, 1.01663, -1.91544, -0.95205, -0.48127, -1.92046, -2.11826, -1.16954, 13.09685, 4.80979, -4.79904]"
43,sub10,supLP120,0,sub10-b2__0009__walk.npy,20,walk,20,0.9998518,1,"[3.36518, -8.58614, 2.48306, -4.16031, 1.42948, -5.36549, 0.05223, -2.86657, -5.01115, 7.98194, 4.91121, -1.97937, -0.15927, -1.9101, -4.37379, -4.52065, -3.95603, -1.30556, -6.57401, -0.64718, 16.86278, 2.10651]"
43,sub10,supLP120,0,sub10-b2__0010__turnaround.npy,19,turnaround,19,0.9987991,1,"[-0.83867, 1.83294, 0.37013, 2.75072, -4.89168, -0.4075, -1.28052, -4.79428, -2.87733, 2.40356, 3.68658, -0.91707, 0.90465, 1.86827, -1.72697, -2.48834, -4.81382, 2.96407, -5.48932, 13.61203, 6.77555, -3.59762]"
43,sub10,supLP120,0,sub10-b2__0011__walk.npy,20,walk,20,0.9984787,1,"[-4.05807, -2.51003, -6.92638, -2.34409, 2.40987, -0.57371, 1.34004, 0.65203, -5.55701, 5.53586, -1.63698, -1.65591, 1.16648, 6.73638, -3.88494, 4.70746, -0.36357, 2.78649, -2.63127, 4.83018, 13.70955, -5.63988]"
43,sub10,supLP120,0,sub10-b2__0012__turnaround.npy,19,turnaround,19,0.99974674,1,"[1.92707, 0.92339, 0.87921, -0.91604, -3.44263, 1.49793, 2.24469, 0.74078, -1.94959, -1.99993, -1.88252, -1.03302, 0.71632, -3.54577, -1.06728, -0.41426, -2.11814, -2.15738, -0.50551, 12.6451, 3.82058, -5.17909]"
43,sub10,supLP120,0,sub10-b2__0013__walk.npy,20,walk,20,0.9998202,1,"[2.84209, -7.50957, 2.7213, -3.52331, 3.29328, -4.74891, -0.37224, -2.37152, -5.06302, 7.23248, 2.92072, -1.70863, 1.92553, -2.7774, -6.3004, -4.34952, -2.7106, -2.05608, -7.22861, -0.67769, 15.92102, 1.90701]"
43,sub10,supLP120,0,sub10-b2__0014__turnaround.npy,19,turnaround,19,0.99723357,1,"[-2.19083, 0.88843, -0.08374, 2.20111, -4.15472, -1.1221, -0.72074, -4.41101, -3.23329, 3.43916, 3.11293, -0.52628, 1.2915, 2.63321, -2.03148, -1.91979, -4.20656, 3.19861, -5.77492, 13.455, 7.50902, -3.35556]"
43,sub10,supLP120,0,sub10-b2__0015__walk.npy,20,walk,20,0.9994192,1,"[-3.46805, -1.78968, -6.85686, -2.52599, 2.12624, -0.58214, 1.31775, 0.64428, -5.39661, 4.7702, -1.2189, -1.96169, 1.42904, 5.16801, -3.51827, 5.27533, -1.11787, 2.82916, -2.83108, 5.43332, 14.07691, -5.31048]"
43,sub10,supLP120,0,sub10-b2__0016__turnaround.npy,19,turnaround,19,0.9989654,1,"[1.02654, 2.09705, 0.95625, -0.87097, -3.53594, 2.52614, 1.61828, 0.6842, -2.00181, -1.40578, -1.45104, -1.77765, 1.07414, -3.30251, -1.52886, -0.86946, -1.84882, -1.67615, -0.45576, 11.12856, 3.45444, -5.71579]"
43,sub10,supLP120,0,sub10-b2__0017__walk.npy,20,walk,20,0.99946445,1,"[-0.86406, -6.7841, 3.13914, -2.88698, 4.74614, -5.20688, -0.4628, -1.92259, -5.11273, 8.47904, 3.27114, -0.28664, 3.64264, -4.27708, -6.4993, -4.46999, -2.71265, -1.15657, -8.78976, -0.37933, 16.05332, 1.53488]"
43,sub10,supLP120,0,sub10-b2__0018__turnaround.npy,19,turnaround,19,0.9974806,1,"[-2.38239, 1.14807, -0.14866, 3.10675, -5.18686, -0.75638, -0.52184, -4.17679, -3.52413, 3.49024, 3.19758, -0.36552, 1.62252, 2.02075, -2.1804, -1.92438, -4.52151, 3.46316, -5.84837, 13.25842, 7.18284, -3.25029]"
43,sub10,supLP120,0,sub10-b2__0019__walk.npy,20,walk,20,0.99892175,1,"[-4.32034, -2.18896, -5.6934, -2.22873, 2.0975, -1.59338, 2.16636, -0.06209, -5.0562, 4.44101, -0.4307, -1.40122, 1.76314, 5.46028, -2.22227, 3.11054, -2.21266, 2.55662, -4.00386, 6.56641, 13.82653, -3.75148]"
43,sub10,supLP120,0,sub10-b2__0020__turnaround.npy,19,turnaround,19,0.99915564,1,"[1.20498, 1.35499, 2.09663, -0.62493, -4.59819, 2.27254, 2.15918, -0.22899, -1.5964, -1.19482, -1.20571, -0.64476, 1.06965, -3.75147, -1.3266, -0.81199, -2.28979, -1.12637, -0.31263, 11.22739, 3.10536, -5.64922]"
43,sub10,supLP120,0,sub10-b2__0021__walk.npy,20,walk,20,0.99169284,1,"[-3.77158, -3.40342, 1.18208, -4.2685, 7.2861, -1.87243, 1.08578, 0.34361, -4.53131, 5.2709, -3.41997, 0.26667, 6.08248, -3.14726, -8.71403, 2.06683, 1.02669, -1.87675, -6.70923, 3.2391, 12.45003, -3.26463]"
43,sub10,supLP120,0,sub10-b2__0022__turnaround.npy,19,turnaround,19,0.9878421,1,"[-1.52559, -0.4392, 0.96018, 0.26659, -3.83931, -1.01366, 0.75804, -2.74917, -1.89712, 0.54952, 0.53906, -0.41653, 0.68512, 1.71198, 0.36918, -0.69084, -3.85606, 2.60224, -2.90951, 11.15011, 6.71122, -4.05141]"
43,sub10,supLP120,0,sub10-b2__0023__walk.npy,20,walk,20,0.99926835,1,"[-3.59215, -2.3716, -6.44936, -2.19622, 3.5093, -0.84168, 1.41143, 0.63746, -5.98071, 5.3296, -1.60122, -1.52415, 0.7441, 6.09381, -3.42214, 4.40123, -0.67057, 1.96632, -2.98789, 4.52439, 13.99224, -4.71726]"
43,sub10,supLP120,0,sub10-b2__0024__turnaround.npy,19,turnaround,19,0.9982722,1,"[0.04148, 0.53905, 0.79839, -0.79254, -1.68141, 1.25425, 2.3009, 1.2781, -2.05223, -2.23273, -3.39236, -0.38754, 2.62514, -3.58042, -1.5832, 1.33551, -0.89061, -1.73807, -1.62342, 10.88216, 3.90889, -5.92006]"
43,sub10,supLP120,0,sub10-b2__0025__hop.npy,9,hop,4,0.9150799,0,"[6.30787, -2.37768, 0.2415, -3.57416, 9.10774, -4.31631, 0.41453, -3.01661, 0.33688, -1.97322, -0.85137, -1.31896, 3.80508, -6.27046, 0.36936, -1.33677, -1.91937, -6.16006, -4.74114, 0.66197, 5.45354, 0.11256]"
43,sub10,supLP120,0,sub10-b2__0026__hop.npy,9,hop,4,0.43896478,0,"[6.24464, -3.35707, 0.89537, -4.00694, 7.36715, -4.26756, -0.03658, -3.21814, -0.35273, -0.41361, 0.47098, -1.25278, 4.37895, -6.92419, -0.95385, -0.96861, -2.51443, -5.79713, -5.07023, 1.16524, 7.25613, -0.25435]"
43,sub10,supLP120,0,sub10-b2__0027__hop.npy,9,hop,4,0.9454229,0,"[6.17428, -3.03151, 0.60197, -3.74992, 9.64242, -5.34003, -0.6315, -3.95699, -0.12952, 0.08054, 1.03795, -0.75398, 3.51125, -6.24508, 0.58677, -2.17192, -1.82844, -6.27851, -5.82023, 0.15916, 5.89371, 0.60578]"
43,sub10,supLP120,0,sub10-b2__0028__hop.npy,9,hop,4,0.5732256,0,"[7.21361, -2.53831, -0.71083, -3.75255, 7.76325, -3.7374, 0.09251, -3.0122, 0.1397, -1.88727, -0.368, -1.75471, 3.56454, -5.63388, -0.76686, -0.32146, -2.87201, -6.16762, -3.62523, 1.61739, 5.85117, -0.67545]"
43,sub10,supLP120,0,sub10-b2__0029__hop.npy,9,hop,4,0.91610914,0,"[5.03816, -1.56578, -1.38613, -3.02306, 8.63427, -3.40885, 0.78814, -2.00454, -0.39262, -2.36847, -1.6187, -1.69356, 3.83083, -4.32114, -1.93728, 0.52482, -1.71081, -5.27129, -3.91299, 1.765, 5.7103, -0.57736]"
43,sub10,supLP120,0,sub10-b2__0030__hop.npy,9,hop,4,0.6178058,0,"[0.3473, 0.9094, 0.90568, -1.51524, 6.99157, -0.10684, 0.24442, -0.85166, -1.35604, -0.93799, -3.14424, -0.23972, 6.34872, -4.89458, -4.48772, 1.90202, 0.98819, -3.04468, -4.87243, 3.11165, 4.0661, -3.27526]"
43,sub10,supLP120,0,sub10-b2__0031__jump.npy,10,jump,2,0.932673,0,"[-3.61849, -2.87048, 9.46994, 0.88367, -0.3438, -2.48811, -3.72282, -6.8284, 1.0164, 6.28506, 4.43476, 5.41782, 4.26308, -7.7436, -2.16862, -4.07005, 0.36407, -0.30691, -7.77742, 0.77528, 1.97666, -0.19923]"
43,sub10,supLP120,0,sub10-b2__0032__jump.npy,10,jump,2,0.96764743,0,"[-2.39692, -1.65303, 8.93173, 1.38811, 0.07833, -0.29755, -4.05965, -5.75543, 1.12318, 3.84223, 2.65226, 4.51176, 4.3905, -7.20138, -2.40659, -1.9921, 0.00253, -0.28657, -6.26382, 1.6973, 1.29491, -1.82028]"
43,sub10,supLP120,0,sub10-b2__0033__jump.npy,10,jump,2,0.84802943,0,"[-1.60341, -2.06151, 7.60206, 0.20415, 1.89842, -1.52559, -3.50936, -5.31041, 0.56244, 4.00468, 2.52101, 4.07669, 5.30617, -7.74016, -3.09435, -2.52124, 0.1244, -1.87377, -7.35602, 1.5811, 2.64742, -0.98425]"
43,sub10,supLP120,0,sub10-b2__0034__jump.npy,10,jump,19,0.32631317,0,"[4.45677, 0.22493, 2.9051, 0.47103, 0.74989, -0.57579, -3.81484, -5.85604, 1.44381, -1.67874, 3.0995, 0.02197, 4.21347, -3.56726, -2.74332, -0.03962, 0.27016, -3.17003, -4.15203, 4.68883, 2.81857, -3.25934]"
43,sub10,supLP120,0,sub10-b2__0035__jump.npy,10,jump,2,0.9721521,0,"[-0.48393, -2.09097, 9.43532, 0.84725, -0.68839, -1.81403, -5.41407, -7.43406, 1.92341, 4.01032, 5.31119, 3.8134, 3.53937, -7.69421, -0.92942, -3.65475, -1.70631, -1.82463, -6.86053, 1.80095, 1.21492, -0.80605]"
43,sub10,supLP120,0,sub10-b2__0036__jump.npy,10,jump,2,0.91785187,0,"[-0.49391, -1.49562, 8.83093, 1.7094, -3.39846, -1.46266, -6.03715, -8.30804, 3.03232, 2.81949, 5.98832, 4.58613, 4.01737, -7.59859, -0.09433, -3.22576, -1.0633, -1.33537, -6.42032, 2.58819, -0.23675, -1.55447]"
43,sub10,supLP120,0,sub10-b2__0037__runonspot.npy,13,runonspot,4,0.35913146,0,"[-5.88883, 2.7559, -1.87649, 0.84462, 6.62917, 1.50707, -1.2848, -1.45399, -3.42123, 3.37129, -2.08199, -1.62195, 6.40087, 3.26653, -7.29686, 1.10454, 4.96701, -0.56438, -4.69783, 3.30801, 6.20405, -3.85418]"
43,sub10,supLP120,0,sub10-b2__0038__runonspot.npy,13,runonspot,4,0.74237293,0,"[-3.89045, 4.03621, -1.55187, 1.54743, 7.27769, 1.28689, -1.63159, -1.87033, -2.25709, 1.79155, -2.65746, -2.13773, 4.91095, 4.54746, -6.67614, 1.20028, 5.08632, -1.84863, -2.84296, 2.75056, 2.96511, -3.57892]"
43,sub10,supLP120,0,sub10-b2__0039__runonspot.npy,13,runonspot,16,0.2850901,0,"[-5.11489, 4.4412, -3.18995, 0.40414, 6.03949, 2.82959, -0.48236, 1.06034, -3.04064, 0.38495, -5.30854, -2.69289, 5.27282, 5.24015, -7.32918, 4.61408, 6.19241, -0.96308, -3.24056, 4.11122, 5.02502, -5.76178]"
43,sub10,supLP120,0,sub10-b2__0040__runonspot.npy,13,runonspot,4,0.517262,0,"[-4.17045, 4.25109, -3.8739, 1.12074, 6.85945, 2.7402, -1.5583, 0.4961, -3.27233, 0.85788, -3.58732, -3.06914, 5.02099, 4.67533, -7.84488, 3.09744, 5.75607, -0.66434, -2.3254, 2.96003, 5.18823, -5.01009]"
43,sub10,supLP120,0,sub10-b2__0041__runonspot.npy,13,runonspot,4,0.5753715,0,"[-4.19587, 5.75214, -2.95991, 0.62641, 8.22899, 2.84505, -2.2089, -1.4563, -2.54196, 1.71588, -3.29793, -2.19172, 6.11851, 3.30107, -7.39553, 1.8766, 7.54778, -2.32362, -3.03923, 2.41705, 3.40761, -4.60871]"
43,sub10,supLP120,0,sub10-b2__0042__buttkicks.npy,4,buttkicks,4,0.9985209,1,"[-3.15177, 5.07379, -1.63727, -1.34282, 14.00393, 1.96295, -1.47133, 1.21464, -1.3296, 2.35244, -4.76389, 0.25696, 6.56365, -4.32484, -6.84689, 2.99392, 6.74653, -3.0444, -6.93138, 1.33419, 3.07362, -4.47666]"
43,sub10,supLP120,0,sub10-b2__0043__buttkicks.npy,4,buttkicks,4,0.9999939,1,"[-2.35588, 2.40204, 0.04542, -2.19157, 17.64092, -2.08116, -0.73138, -0.84184, -0.307, 5.18253, -2.20031, -0.52531, 3.55179, -5.71844, -5.86353, -1.32417, 3.68203, -4.67579, -7.32764, -0.3387, 2.78796, -0.75464]"
43,sub10,supLP120,0,sub10-b2__0044__buttkicks.npy,4,buttkicks,4,0.99995744,1,"[-2.53937, 5.34264, -2.53702, -2.0006, 16.70122, 0.02637, -1.8776, 1.36214, -0.9926, 3.05992, -3.81868, -1.6764, 5.19992, -3.9459, -6.89736, 0.75047, 5.69068, -4.29345, -7.12133, -0.37166, 3.80722, -2.3213]"
43,sub10,supLP120,0,sub10-b2__0045__buttkicks.npy,4,buttkicks,4,0.99994206,1,"[-4.43636, 2.18778, 0.1825, -1.8326, 16.94209, -0.43988, -1.01764, 0.06236, -1.82401, 6.88235, -2.44514, 0.62339, 4.5494, -6.10911, -7.42599, -0.50482, 4.9282, -2.76875, -8.28089, -0.73015, 4.56186, -2.48822]"
43,sub10,supLP120,0,sub10-b2__0046__buttkicks.npy,4,buttkicks,4,0.99993634,1,"[-3.42847, 3.12187, -0.65101, -1.5032, 16.71556, 0.03009, -0.96852, 1.38111, -2.24194, 6.28264, -2.92187, -0.52393, 5.29634, -5.99975, -6.9856, -1.16923, 5.55889, -3.54378, -8.31306, -1.14208, 4.89107, -1.92902]"
43,sub10,supLP120,0,sub10-b2__0047__buttkicks.npy,4,buttkicks,4,0.99962366,1,"[-5.55128, 3.70856, -0.8375, -0.84136, 16.09306, 0.19484, -2.24562, -0.38901, -1.46446, 7.24046, -2.29641, 1.5454, 5.30119, -4.51198, -6.846, -0.85892, 7.60185, -3.06372, -8.08963, -0.42096, 3.12724, -2.92436]"
43,sub10,supLP120,0,sub10-b2__0048__airkick.npy,0,airkick,19,0.9560639,0,"[1.23949, 4.47964, 2.43719, -1.66822, -1.10099, 3.1476, 0.54293, -1.24213, 0.37172, -5.46572, -5.46613, 1.46845, 2.20113, -2.21812, -0.44273, 4.1977, 1.28667, -0.5129, 1.42732, 8.47425, -0.35762, -6.67015]"
43,sub10,supLP120,0,sub10-b2__0049__airkick.npy,0,airkick,19,0.9935489,0,"[0.21171, 2.48401, 1.94493, -2.44456, -0.18711, 0.26765, 2.31154, 0.47352, 0.81955, -3.22091, -4.51609, 1.07418, 1.77389, -4.31071, 0.00478, 0.68201, 0.24171, -3.37885, -0.63081, 9.02194, 1.29722, -4.96141]"
43,sub10,supLP120,0,sub10-b2__0050__airkick.npy,0,airkick,19,0.9698299,0,"[0.77497, 3.52932, 0.04461, -0.84615, -0.57294, 3.79582, -0.22399, -1.11083, -0.22766, -5.5511, -4.19821, 1.29969, 4.3412, -3.75314, -0.88448, 2.89716, 1.8337, -1.19, -1.43584, 8.7425, 1.44785, -6.07585]"
43,sub10,supLP120,0,sub10-b2__0051__airkick.npy,0,airkick,19,0.991176,0,"[-1.84042, 3.58217, -1.21505, -1.67911, 1.11864, 2.15519, 1.36113, 1.87598, -1.21151, -2.79568, -5.21884, 0.20528, 3.90139, -2.73337, -2.18629, 3.90724, 2.06589, -2.47288, -1.63369, 9.95719, 2.99506, -6.21187]"
43,sub10,supLP120,0,sub10-b2__0052__airkick.npy,0,airkick,19,0.9869005,0,"[2.52245, 4.92901, 0.36274, -0.96094, -1.90605, 3.36801, -0.80751, -1.84698, 1.98838, -7.12817, -4.05095, 0.73452, 3.12255, -2.85281, 0.33294, 3.26006, 0.66401, -0.99392, 0.79492, 9.83571, 0.49042, -6.61406]"
43,sub10,supLP120,0,sub10-b2__0053__airkick.npy,0,airkick,19,0.97418433,0,"[-2.79732, 3.55492, -0.79034, -1.01873, 0.29469, 3.16698, -0.30823, 0.66186, -0.86183, -3.11542, -5.22285, 1.4233, 4.2433, -1.53377, -3.2054, 5.69489, 2.0367, -0.01595, -3.2589, 9.77203, 3.02284, -6.67505]"
43,sub10,supLP120,0,sub10-b2__0054__airkick.npy,0,airkick,19,0.95731765,0,"[-1.02782, 6.91084, -0.79874, -0.52261, -2.01996, 3.25506, -0.86436, -1.32196, 1.78819, -5.90333, -4.16682, 1.23958, 3.24545, -2.68158, 0.05139, 5.00367, 1.35813, 0.47656, -0.75379, 10.22016, 0.40831, -6.75086]"
43,sub10,supLP120,0,sub10-b2__0055__sidekick.npy,14,sidekick,12,0.4656722,0,"[-4.97458, -0.53075, 5.79575, -1.46046, 7.67768, 0.27496, -0.99414, -1.97184, -1.96804, 4.86016, -3.06566, 4.66869, 7.78332, -5.53446, -7.86146, 0.08199, 1.74809, -3.16746, -7.09507, 1.70938, 2.6866, -2.68713]"
43,sub10,supLP120,0,sub10-b2__0056__sidekick.npy,14,sidekick,2,0.8726682,0,"[-5.34322, -2.38978, 11.71708, 1.40725, -1.50938, 0.55921, -2.79083, -5.504, 0.97074, 5.95292, -2.03545, 9.76756, 0.88055, -5.03688, -4.06229, 0.988, 0.74876, 2.81007, -5.0099, 2.98539, -3.76048, -5.96833]"
43,sub10,supLP120,0,sub10-b2__0057__sidekick.npy,14,sidekick,2,0.80704314,0,"[-4.65928, -1.66527, 9.13056, -0.59515, 2.91514, -0.04691, 1.38094, -2.31196, -0.99618, 2.2146, -5.48109, 7.61034, 2.65883, -4.30855, -3.79086, 1.71566, 0.7467, -1.08578, -5.26541, 4.88459, -1.31883, -4.8409]"
43,sub10,supLP120,0,sub10-b2__0058__sidekick.npy,14,sidekick,4,0.50719124,0,"[-6.05188, -0.64545, 4.29602, -1.77608, 6.80786, 0.66019, 0.36642, -1.5905, -1.74343, 5.27839, -4.37824, 5.66412, 5.53918, -5.04076, -6.30515, 1.90838, 1.87663, -2.19893, -6.24737, 3.82482, 1.19761, -4.86994]"
43,sub10,supLP120,0,sub10-b2__0059__sidekick.npy,14,sidekick,11,0.69573075,0,"[-5.2516, -1.47989, 8.12536, -0.19652, 2.00578, -0.58177, -2.41185, -4.07108, 0.71612, 4.43062, -2.96957, 9.00833, 2.53144, -5.23879, -4.11092, 1.70586, 0.97183, -0.72627, -5.24994, 4.35324, -1.99635, -5.99328]"
43,sub10,supLP120,0,sub10-b2__0060__sidekick.npy,14,sidekick,2,0.79978305,0,"[-5.57218, -2.60002, 10.61087, 0.2377, 1.21481, -0.6338, -1.50792, -5.00894, 0.58653, 6.83266, -2.3189, 9.12713, 2.34372, -6.32204, -4.77563, 0.43127, 0.58474, 1.19286, -6.35827, 1.21049, -2.6715, -4.30067]"
43,sub10,supLP120,0,sub10-b2__0061__sidekick.npy,14,sidekick,9,0.7755181,0,"[-6.99255, -1.60994, 7.46913, -0.42934, 4.02046, -0.10127, -1.30843, -3.75454, -0.2448, 9.27834, -2.11731, 7.05354, 4.70873, -7.58119, -6.03108, -0.70289, 2.72101, -0.19289, -7.54594, 0.4517, -0.60676, -3.26273]"
43,sub10,supLP120,0,sub10-b2__0062__crosstoe.npy,6,crosstoe,6,0.9480146,1,"[-1.78884, 0.99123, -1.35203, -3.57793, -1.68678, -0.60254, 9.61474, 0.77091, -4.55704, -2.37955, -4.61823, -1.27851, 1.57385, 0.51405, 5.14897, 3.07297, 2.56562, -0.87598, 4.97151, 6.11597, 1.42529, -4.40063]"
43,sub10,supLP120,0,sub10-b2__0063__crosstoe.npy,6,crosstoe,6,0.96968573,1,"[-2.28399, -0.11517, -1.84416, -2.93093, -1.66448, -1.17559, 10.96588, 0.77697, -3.90072, -4.07247, -5.20806, -1.25017, 2.43586, 0.95333, 5.33671, 3.43228, 2.05732, -0.90381, 3.76871, 7.30463, 2.58422, -3.86004]"
43,sub10,supLP120,0,sub10-b2__0064__crosstoe.npy,6,crosstoe,6,0.47639748,1,"[-2.53367, 0.83538, -1.24028, -3.14963, -1.18123, 0.18578, 7.04346, 0.48058, -4.16938, -2.17757, -4.76653, -0.54499, 2.82716, 1.59199, 2.12997, 4.44045, 2.29663, -1.34861, 3.76291, 6.9832, 1.72031, -4.35111]"
43,sub10,supLP120,0,sub10-b2__0065__crosstoe.npy,6,crosstoe,6,0.7597727,1,"[-1.3619, 1.12233, -0.78993, -4.03614, -0.13161, -0.28368, 8.0517, 0.62847, -4.74304, -1.94713, -5.13096, -0.63583, 2.03809, 0.08849, 4.21852, 4.16109, 2.93106, -1.94057, 4.4971, 6.59527, 1.23165, -4.86651]"
43,sub10,supLP120,0,sub10-b2__0066__crosstoe.npy,6,crosstoe,6,0.8570594,1,"[-1.26245, 0.47415, -1.80251, -3.68653, -1.44408, -0.90237, 9.3833, 0.44657, -4.65586, -2.1204, -3.89246, -0.50552, 2.2538, 0.2262, 7.20492, 4.09375, 3.94442, -1.01318, 6.04549, 4.43711, 0.76324, -4.40277]"
43,sub10,supLP120,0,sub10-b2__0067__crosstoe.npy,6,crosstoe,6,0.88576686,1,"[-1.80748, 1.54081, -1.86246, -4.28623, -1.04696, -0.984, 9.07313, 0.80002, -5.02817, -1.47332, -3.99868, -0.52446, 2.32576, 0.00988, 6.28816, 4.15144, 3.96982, -1.15219, 5.96534, 4.05902, 0.50709, -4.4186]"
43,sub10,supLP120,0,sub10-b2__0068__crosstoe.npy,6,crosstoe,6,0.99988985,1,"[-4.32688, -3.64345, 4.03019, -1.64847, 1.01855, -2.02972, 15.02677, 0.85457, -3.98765, -0.79373, -6.10181, 1.7049, 0.53615, 0.53327, 3.90379, 1.2802, 1.257, 0.49121, 0.4302, 5.45191, 1.73711, -3.28036]"
43,sub10,supLP120,0,sub10-b2__0069__throw.npy,18,throw,1,0.9250169,0,"[-3.60262, 10.10217, -2.45135, -1.3634, -1.81482, 1.13006, -1.51533, 2.72279, 1.54918, -3.288, -2.19956, -1.95609, -0.10684, -2.22257, 1.21611, 0.79546, 3.18912, -2.39062, 7.54177, 3.61599, -1.73705, -4.34816]"
43,sub10,supLP120,0,sub10-b2__0070__throw.npy,18,throw,1,0.8645261,0,"[-1.96076, 9.10528, -1.54942, -1.84785, -1.79835, -0.29896, -1.16944, 2.97942, 0.9187, -3.16262, -1.91353, -1.66643, -1.88098, -1.88592, 2.7614, 0.91311, 2.14266, -2.61035, 7.1931, 3.36185, -1.75184, -4.08958]"
43,sub10,supLP120,0,sub10-b2__0071__throw.npy,18,throw,1,0.93816113,0,"[-1.29183, 8.92369, -1.6619, -2.36737, -1.60544, -1.07084, -1.17989, 2.77769, 1.37357, -3.09075, -1.99467, -1.51558, -2.01561, -2.21821, 3.51061, 0.77235, 1.49513, -2.52341, 5.97998, 3.60813, -1.40605, -3.17065]"
43,sub10,supLP120,0,sub10-b2__0072__throw.npy,18,throw,1,0.9133462,0,"[-0.77067, 10.07652, -2.77456, -2.66399, -1.75923, 0.01543, -1.43878, 3.35875, 3.94569, -5.90195, -2.29046, -1.93217, -0.49243, -3.36016, 4.01686, -0.0562, 2.06843, -3.5412, 7.64134, 3.23475, -1.63033, -4.41487]"
43,sub10,supLP120,0,sub10-b2__0073__throw.npy,18,throw,1,0.6616425,0,"[0.67959, 8.1314, -1.40511, -2.36598, -3.04965, -0.12306, -1.81673, 2.08754, 3.41497, -4.1825, -0.585, -2.09493, -2.54324, -2.70641, 4.33932, -1.52955, 0.0286, -3.25184, 7.32109, 4.66103, -1.5442, -3.64642]"
43,sub10,supLP120,0,sub10-b2__0074__throw.npy,18,throw,1,0.99334234,0,"[-1.7476, 11.06702, -1.47951, -1.63071, -2.32205, 0.99634, -2.70089, 2.80209, 3.39691, -3.14658, -1.45603, -1.51861, -2.38628, -3.63942, 3.34004, -0.71598, 2.21859, -2.56155, 5.56403, 4.37889, -2.74483, -4.38524]"
43,sub10,supLP120,0,sub10-b2__0075__throw.npy,18,throw,1,0.7113782,0,"[-3.0852, 7.79654, -2.80155, -0.87689, -0.73091, 0.42619, -0.55435, 4.45099, 0.46141, -3.0065, -1.99429, -2.832, -0.92141, -0.79493, 1.36364, 1.87139, 1.86138, -2.36175, 6.73611, 3.56553, -0.35437, -4.23597]"
43,sub10,supLP120,0,sub10-b2__0076__walk.npy,20,walk,20,0.9940924,1,"[-4.93347, -1.61202, -0.52411, -4.18903, 6.55197, -0.5796, 0.99921, 1.57429, -4.18798, 4.93549, -3.97913, -0.5217, 6.66143, -3.25408, -8.27254, 2.67283, 1.99927, -1.09114, -7.05057, 3.44776, 12.55491, -4.68741]"
43,sub10,supLP120,0,sub10-b2__0077__turnaround.npy,19,turnaround,19,0.9964843,1,"[-2.23737, 0.51676, 0.44811, 2.33325, -4.39799, -1.6971, -0.97165, -4.25012, -3.44096, 4.10701, 3.22379, -0.13643, 1.64756, 2.3044, -2.16097, -2.14343, -4.62931, 3.47813, -6.13326, 13.18029, 7.45025, -3.13675]"
43,sub10,supLP120,0,sub10-b2__0078__walk.npy,20,walk,20,0.99998116,1,"[-3.61108, -3.12637, -2.56394, -2.89084, 4.5174, -1.72037, 0.21253, -0.13092, -5.96636, 5.76168, 0.76552, -1.92542, 1.20005, 4.42832, -4.12789, 0.09189, -1.86446, 1.55945, -3.94184, 3.07367, 17.15091, -2.95083]"
43,sub10,supLP120,0,sub10-b2__0079__turnaround.npy,19,turnaround,19,0.9960542,1,"[1.93754, 1.33826, 2.12356, -0.72906, -4.07866, 2.45852, 1.6936, 0.17433, -0.98995, -1.19886, -1.57021, -1.13702, 0.61816, -3.4357, -1.39018, -0.60949, -2.12299, -1.23669, 0.12673, 9.58623, 2.66227, -5.89795]"
43,sub10,supLP120,0,sub10-b2__0080__walk.npy,20,walk,20,0.9860763,1,"[-3.42294, -5.59345, 3.59308, -2.8307, 5.81404, -5.3932, 0.03996, -1.78679, -4.13107, 9.28759, 1.58454, 0.82675, 5.11547, -5.50794, -7.3504, -4.32518, -1.03451, -1.09587, -9.06793, -0.53201, 13.59744, 1.03716]"
43,sub10,supLP120,0,sub10-b2__0081__turnaround.npy,19,turnaround,19,0.99698025,1,"[-1.64659, 1.77792, 0.25335, 2.65352, -5.42321, -0.98806, -1.29107, -4.41681, -3.22284, 3.48023, 3.4065, -0.2443, 2.11172, 0.97752, -1.86781, -2.53703, -5.06721, 3.68927, -6.16801, 12.96836, 7.05737, -3.27481]"
43,sub10,supLP120,0,sub10-b2__0082__walk.npy,20,walk,20,0.99927646,1,"[-4.40457, -2.40252, -5.05121, -2.47779, 3.13763, -0.25922, 1.40447, 1.74094, -5.69093, 3.50442, -2.41693, -1.83114, 0.58429, 6.46527, -4.08337, 3.98083, -1.6883, 1.99556, -2.69326, 4.01899, 13.94998, -3.36889]"
43,sub10,supLP120,0,sub10-b2__0083__turnaround.npy,19,turnaround,19,0.99931526,1,"[1.53455, 1.31717, 0.5509, -0.34841, -3.70653, 1.98886, 0.97408, -0.01327, -1.63371, -1.84964, -1.54882, -0.87594, 2.08319, -3.4369, -1.66087, -0.17975, -2.28019, -0.74029, -1.66666, 11.74261, 3.98148, -5.87995]"
43,sub10,supLP120,0,sub10-b2__0084__walk.npy,20,walk,20,0.9966961,1,"[-4.45949, -4.66016, 0.91708, -4.40737, 5.33234, -3.02107, 1.34316, -0.1448, -4.95133, 6.97791, -2.0367, 0.70697, 5.88593, -2.56621, -8.25989, 0.98321, 0.71807, -1.01681, -7.02954, 2.96287, 13.13204, -2.50046]"
43,sub10,supLP120,0,sub10-b2__0085__turnaround.npy,19,turnaround,19,0.7756756,1,"[-2.90674, 1.93012, 0.18518, 2.55019, -8.19088, -2.46514, -0.23572, -5.1193, -2.32229, 3.3115, 6.31498, 1.21053, 5.91222, -1.88681, 2.95577, -3.50865, -3.68972, 4.74878, -5.83977, 8.40224, 5.18756, -3.32812]"
43,sub10,supLP120,0,sub10-b2__0086__walk.npy,20,walk,20,0.9961034,1,"[-3.68127, -1.61859, -5.5005, -2.27071, 1.64784, -0.55907, 1.15933, 1.45267, -5.34539, 2.95281, -2.09833, -1.60932, 1.24456, 7.25799, -3.99735, 4.23587, -2.20148, 2.28454, -2.17732, 5.75773, 13.06761, -4.42415]"
43,sub10,supLP120,0,sub10-b2__0087__turnaround.npy,19,turnaround,19,0.9948185,1,"[1.66585, 0.79702, 2.64483, -0.70871, -4.83011, 2.33659, 1.06379, -0.49501, -0.58663, -0.41169, -0.72233, -0.7, 0.98727, -4.00567, -1.85946, -0.64115, -2.33434, -0.31244, -0.44267, 9.32869, 2.74896, -5.87255]"
43,sub10,supLP120,0,sub10-b2__0088__walk.npy,20,walk,20,0.9964295,1,"[-3.54994, -4.58071, 1.48415, -4.05309, 5.81205, -3.04782, 0.56478, -0.35727, -4.52085, 7.57357, -1.45962, 0.4637, 5.78776, -4.22268, -8.20103, -0.36956, 0.71331, -1.55456, -7.77755, 1.63692, 13.5038, -1.83536]"
43,sub10,supLP120,0,sub10-b2__0089__turnaround.npy,19,turnaround,19,0.9420768,1,"[-1.78762, -0.35808, 1.34774, 1.78144, -6.70529, -1.93742, -0.31141, -4.91213, -3.53828, 4.86083, 5.04036, 0.06283, 3.22258, -0.11294, -1.0674, -3.22373, -5.18353, 4.34728, -6.08509, 10.89146, 7.9734, -3.43412]"
43,sub10,supLP120,0,sub10-b2__0090__walk.npy,20,walk,20,0.99918395,1,"[-4.90427, -1.79654, -5.19492, -2.89459, 2.11465, -0.50368, 1.26416, 1.07484, -5.69089, 4.585, -1.86125, -1.49782, 1.42019, 6.5896, -4.17534, 3.3673, -1.14065, 2.16488, -2.77265, 5.21068, 14.08281, -4.07231]"
43,sub10,supLP120,0,sub10-b2__0091__turnaround.npy,19,turnaround,19,0.9977703,1,"[1.21991, 1.26398, 0.81488, -0.92814, -3.12564, 2.13307, 1.00665, 0.24886, -1.92824, 0.02515, -1.07929, -1.43044, 0.80316, -2.20164, -2.50482, -0.25747, -1.89993, -0.76016, -0.79892, 10.46814, 3.92217, -5.8217]"
43,sub10,supLP120,0,sub10-b2__0092__walk.npy,20,walk,20,0.99828905,1,"[-3.96178, -4.81266, 0.89642, -4.16586, 5.70204, -3.35749, 0.68057, -0.23018, -4.75416, 7.61276, -1.12139, 0.55755, 5.54986, -3.66464, -7.98134, -0.41222, 0.80774, -1.40321, -7.81531, 1.73477, 14.23117, -1.65531]"
43,sub10,supLP120,0,sub10-b2__0093__turnaround.npy,19,turnaround,19,0.9577553,1,"[-3.83034, -0.32889, -0.07194, 2.18094, -4.64928, -1.65169, -0.12279, -3.91695, -3.91123, 4.79597, 3.01572, 0.15594, 3.81127, 1.4737, -2.19265, -1.59561, -4.00886, 3.98502, -6.23899, 11.2464, 8.04586, -3.41325]"
43,sub10,supLP120,0,sub10-b2__0094__walk.npy,20,walk,20,0.99963975,1,"[-3.21668, -2.33499, -5.58259, -2.50383, 2.79851, -1.05942, 1.97434, 0.65736, -5.76526, 3.89753, -1.59099, -2.30776, 1.23252, 5.67814, -2.9417, 4.60898, -1.63883, 2.29292, -2.63322, 4.96302, 14.36638, -4.74685]"
43,sub10,supLP120,0,sub10-b2__0095__turnaround.npy,19,turnaround,19,0.99592763,1,"[1.62907, 1.61604, 0.5469, -1.05057, -3.99895, 2.49458, 1.49303, 0.13974, -0.85135, -0.00731, -1.25845, -1.6579, 1.112, -3.75563, -2.46673, -0.33143, -2.42159, -0.78764, -0.38122, 10.26338, 4.3854, -6.08754]"
43,sub10,supLP120,0,sub10-b2__0096__hop.npy,9,hop,20,0.9797004,0,"[-1.07388, -5.04038, 0.90733, -3.96793, 7.35232, -4.53019, 1.08724, -1.15772, -3.22619, 6.28724, 0.59711, -0.20811, 3.1108, -3.95953, -4.96393, -0.97704, 0.946, -1.10898, -6.18998, -1.84303, 11.5418, -0.61906]"
43,sub10,supLP120,0,sub10-b2__0097__hop.npy,9,hop,4,0.96016574,0,"[5.07756, -2.49703, -0.32126, -3.42701, 10.16823, -3.91795, -0.08991, -2.86622, -0.48032, -0.32669, -0.23185, -1.2854, 4.69545, -5.92547, -1.43886, -1.60581, -0.98968, -6.39024, -5.76051, 0.79151, 6.688, 0.34611]"
43,sub10,supLP120,0,sub10-b2__0098__hop.npy,9,hop,4,0.94726336,0,"[1.15869, -0.84029, -0.41256, -3.20915, 10.4934, -2.62614, -0.12068, -1.30577, -1.52851, 0.67602, -1.58158, -1.36837, 5.4224, -4.70211, -4.50461, 0.73708, 0.90179, -4.39597, -5.57713, 0.72107, 7.47699, -1.16574]"
43,sub10,supLP120,0,sub10-b2__0099__hop.npy,9,hop,4,0.96996015,0,"[3.42512, -1.77602, 0.23336, -3.5519, 10.58017, -3.74326, -0.48973, -2.80387, -0.7375, 0.75719, -0.23746, -1.08987, 5.25724, -6.43496, -1.68117, -1.70957, 0.36282, -5.87045, -6.13999, 0.33864, 6.89323, 0.19611]"
43,sub10,supLP120,0,sub10-b2__0100__hop.npy,9,hop,4,0.9111624,0,"[1.66329, -2.79032, -0.9473, -3.55126, 11.10711, -3.77596, 0.7404, -2.05038, -1.70648, 0.78659, -1.46555, -1.29959, 3.42948, -3.2311, -3.93275, 0.82328, -0.65208, -4.66156, -5.27093, 1.01878, 8.77178, -0.43388]"
43,sub10,supLP120,0,sub10-b2__0101__hop.npy,9,hop,4,0.9122677,0,"[3.94063, -1.71054, -1.07588, -3.10502, 9.68806, -3.05448, 0.4032, -2.00871, -1.21862, -0.27065, -1.07381, -2.4121, 3.83506, -3.6793, -3.44969, -0.12006, -1.43916, -5.10964, -4.28514, 1.27979, 7.275, -0.50878]"
43,sub10,supLP120,0,sub10-b2__0102__hop.npy,9,hop,4,0.9140298,0,"[2.15726, -1.66036, -1.04014, -3.06636, 9.97168, -3.94008, 0.79284, -1.60424, -0.67376, -0.75734, -1.49248, -2.04481, 4.24024, -4.99397, -2.18861, -0.01783, -0.83783, -4.69032, -5.19303, 0.92449, 7.5634, -0.00518]"
43,sub10,supLP120,0,sub10-b2__0103__hop.npy,9,hop,0,0.8372599,0,"[8.75217, -1.61334, -1.48487, -2.5438, 7.0006, -5.68703, -0.77764, -4.8581, 1.23713, -2.83107, 2.80367, -1.71786, 2.62963, -4.32655, 4.3493, -2.83994, -1.31607, -6.07846, -4.14832, -1.03062, 2.58627, 1.71326]"
43,sub10,supLP120,0,sub10-b2__0104__hop.npy,9,hop,4,0.9328945,0,"[6.153, -2.35062, -1.15225, -2.72689, 9.96157, -4.67262, -0.12534, -2.42026, -0.56185, -0.16453, 0.69627, -2.39165, 3.16985, -6.07267, -0.64028, -2.59373, -1.67548, -6.36247, -6.21947, -1.02659, 6.92385, 2.12807]"
43,sub10,supLP120,0,sub10-b2__0105__jump.npy,10,jump,10,0.4905984,1,"[0.39801, -3.505, 6.6317, -0.83786, 1.53155, -4.30703, -4.40141, -7.38225, 0.17165, 5.19626, 7.18576, 2.74787, 5.39361, -7.28079, -2.64239, -4.47475, -1.72689, -2.72868, -7.69862, 0.82468, 5.20864, 1.05866]"
43,sub10,supLP120,0,sub10-b2__0106__jump.npy,10,jump,2,0.8898549,0,"[3.39722, -3.40797, 9.05291, 0.14151, -2.73222, -4.12004, -5.15703, -8.97897, 3.63785, 2.4159, 6.82829, 3.28678, 1.48434, -8.66459, 2.37438, -5.10069, -3.28107, -2.8501, -7.33822, 1.86123, 1.05002, 0.78975]"
43,sub10,supLP120,0,sub10-b2__0107__jump.npy,10,jump,2,0.60328776,0,"[2.10904, -3.0369, 9.20599, 0.35893, -2.04617, -3.9949, -6.29311, -9.60187, 2.9435, 3.78465, 8.7644, 3.86043, 2.60288, -7.92433, 0.51108, -5.02448, -2.94593, -2.80434, -7.84615, 1.43102, 1.20822, 0.65024]"
43,sub10,supLP120,0,sub10-b2__0108__jump.npy,10,jump,2,0.7231446,0,"[2.24197, -3.33208, 9.12355, -0.25746, -1.92461, -4.46238, -5.54505, -8.9072, 2.85958, 3.92313, 8.10601, 4.46587, 2.97334, -8.94628, 1.43805, -4.84167, -2.81147, -2.96065, -7.32172, 1.06117, 0.89783, 0.24944]"
43,sub10,supLP120,0,sub10-b2__0109__jump.npy,10,jump,10,0.5050641,1,"[1.66704, -3.17235, 8.27811, -0.13959, -2.56855, -3.92022, -5.24905, -8.72958, 2.09105, 3.22194, 8.35085, 3.89013, 4.57284, -8.60377, -0.01932, -4.54724, -3.04736, -2.22285, -6.97542, 1.85006, 2.90459, 0.14961]"
43,sub10,supLP120,0,sub10-b2__0110__jump.npy,10,jump,2,0.4700018,0,"[3.06772, -3.64547, 7.33171, -1.24752, 0.52354, -4.03006, -4.5878, -7.84169, 1.09371, 4.14572, 7.30087, 2.6153, 4.01034, -8.40619, -0.67573, -4.14661, -2.69887, -3.69496, -7.04814, 1.69199, 4.33402, -0.42874]"
43,sub10,supLP120,0,sub10-b2__0111__runonspot.npy,13,runonspot,4,0.64423925,0,"[-6.18591, 1.78189, -1.90392, 1.24956, 7.68239, 1.10763, -2.09674, -1.52556, -3.23499, 4.66434, -2.63432, -1.51264, 5.4552, 5.54446, -8.80635, 1.92732, 5.76382, -0.19654, -4.07194, 1.84451, 5.54684, -4.26601]"
43,sub10,supLP120,0,sub10-b2__0112__runonspot.npy,13,runonspot,4,0.3278114,0,"[-5.95531, 0.92371, -1.92715, 0.8062, 7.14239, 1.02974, -1.65919, -2.29869, -3.71207, 5.63518, -1.95986, -1.89784, 4.85462, 7.12294, -8.73563, 1.05238, 6.00956, -0.14783, -3.76894, 1.8298, 6.25119, -3.78733]"
43,sub10,supLP120,0,sub10-b2__0113__runonspot.npy,13,runonspot,20,0.84093714,0,"[-6.79473, -0.18534, -0.91815, 0.5468, 4.54372, -0.26639, -0.56696, -0.88107, -3.36332, 5.3967, -2.09227, -1.75496, 4.07644, 5.78987, -8.51242, 1.08491, 3.34021, 1.66469, -4.13511, 2.2985, 8.28813, -3.57617]"
43,sub10,supLP120,0,sub10-b2__0114__runonspot.npy,13,runonspot,4,0.46087587,0,"[-4.92861, 1.36192, -2.0645, 0.15092, 8.63846, -0.31441, -1.41883, -2.43329, -3.80892, 5.73416, -1.09804, -2.1828, 3.66142, 8.6156, -6.94609, -0.43603, 6.19695, -1.12233, -3.41806, 0.29087, 5.46983, -3.04114]"
43,sub10,supLP120,0,sub10-b2__0115__runonspot.npy,13,runonspot,13,0.70844096,1,"[-5.83135, -0.11705, -1.8396, 0.86695, 8.00364, 0.6766, -1.76157, -3.01748, -4.04307, 6.95625, -1.20455, -1.65763, 3.42644, 9.44, -8.23001, 0.13717, 6.58125, -0.00875, -3.10723, 0.11088, 5.92645, -3.35013]"
43,sub10,supLP120,0,sub10-b2__0116__buttkicks.npy,4,buttkicks,4,0.9999896,1,"[-3.94995, 2.45895, -1.04314, -2.70517, 19.929, -2.10536, -0.88102, -0.29461, -0.8262, 8.33654, -1.70317, -0.04175, 3.41103, -7.23341, -5.2018, -2.78942, 5.9788, -5.47694, -8.76341, -0.73402, 4.24617, -0.09526]"
43,sub10,supLP120,0,sub10-b2__0117__buttkicks.npy,4,buttkicks,4,0.99993634,1,"[-4.1718, 1.83264, -0.61386, -1.94468, 18.59899, -2.17246, -0.86473, 0.58688, -1.96975, 8.81871, -1.31387, -0.94349, 4.26205, -6.92729, -6.04713, -4.16022, 5.13581, -4.42402, -9.09018, -1.34266, 6.39011, -0.11664]"
43,sub10,supLP120,0,sub10-b2__0118__buttkicks.npy,4,buttkicks,4,0.99993765,1,"[-3.82674, 0.86535, 0.07783, -1.60254, 18.2155, -2.65664, -1.46422, -2.15847, -0.90677, 8.5053, -0.30497, 1.58156, 3.67334, -6.49471, -5.27554, -3.21119, 4.28781, -4.96206, -9.12391, -1.25418, 2.65159, -0.01559]"
43,sub10,supLP120,0,sub10-b2__0119__buttkicks.npy,4,buttkicks,4,0.9999925,1,"[-1.29459, 1.67251, -1.64126, -2.90391, 18.43588, -1.47725, -1.52281, 0.03176, -0.93116, 5.89417, -1.44928, -0.74812, 2.96152, -6.23147, -6.04194, -1.30386, 5.2764, -4.89907, -7.89486, -1.973, 5.12973, -0.54554]"
43,sub10,supLP120,0,sub10-b2__0120__buttkicks.npy,4,buttkicks,4,0.99999,1,"[-3.34931, 0.12835, -0.219, -2.88404, 18.67867, -2.5268, -1.23366, -0.55123, -1.81305, 6.79053, -1.26027, 0.04042, 3.08064, -4.48967, -7.35002, -0.60731, 3.91429, -3.6211, -8.73654, -2.08418, 5.83749, -0.01258]"
43,sub10,supLP120,0,sub10-b2__0121__buttkicks.npy,4,buttkicks,4,0.9998714,1,"[-4.3175, 0.25804, -0.13678, -2.50925, 19.02841, -2.4369, -1.32418, 0.15022, -2.82871, 9.94854, -0.91723, -0.92208, 4.0878, -5.44666, -7.98676, -3.42154, 3.98497, -3.54911, -9.01922, -2.29913, 7.8571, -0.64015]"
43,sub10,supLP120,0,sub10-b2__0122__airkick.npy,0,airkick,0,0.9998129,1,"[14.40582, -3.92096, -1.00356, -2.85446, 2.23631, -3.38194, 0.63537, -5.26613, 1.99205, -7.84711, 0.96815, -2.65311, 2.08474, -2.99743, 5.61836, -2.43207, -4.16663, -6.40209, -0.60914, 1.47585, 3.28693, -0.32689]"
43,sub10,supLP120,0,sub10-b2__0123__airkick.npy,0,airkick,19,0.9677862,0,"[4.14515, 3.80116, 1.52438, -2.23461, 0.10732, 2.01761, 0.92895, -1.32659, 1.09121, -7.33955, -5.75331, -0.35116, 1.73954, -1.64616, 0.8281, 2.57226, 0.33035, -3.30598, 2.42345, 8.49411, -0.05526, -5.03753]"
43,sub10,supLP120,0,sub10-b2__0124__airkick.npy,0,airkick,12,0.3913737,0,"[3.94723, -1.1893, 6.3913, 1.16596, -3.00311, -0.1093, -1.48131, -5.14729, 1.16049, -4.32468, -0.1227, 2.94593, 6.43706, -5.79937, -1.52004, -2.14938, -3.14174, -2.07579, -4.04294, 5.66738, 1.63566, -2.32296]"
43,sub10,supLP120,0,sub10-b2__0125__airkick.npy,0,airkick,0,0.9991123,1,"[11.97044, -2.95483, 4.43464, -2.23233, 1.17346, -3.71033, -0.57616, -6.07377, 2.51554, -4.65537, -0.19036, 0.51466, 0.36249, -4.48832, 2.98188, -2.33764, -3.37642, -5.77892, -2.55435, 2.52537, 1.13898, -1.59817]"
43,sub10,supLP120,0,sub10-b2__0126__airkick.npy,0,airkick,0,0.7957103,1,"[9.23403, -4.54432, 7.81583, -0.45897, -2.07477, -4.49264, -0.89351, -6.80522, 3.75123, -4.1644, 0.1334, 3.11159, 0.87474, -6.03986, 3.68537, -2.64431, -4.75133, -3.43202, -3.10975, 3.62721, 0.45085, -0.86168]"
43,sub10,supLP120,0,sub10-b2__0127__airkick.npy,0,airkick,19,0.50327206,0,"[3.16963, 8.03145, -1.3698, -2.79734, -1.14105, 0.79936, -0.78187, -0.18721, 3.14815, -7.43392, -4.0698, -0.25058, -0.37708, -3.94707, 4.27169, 3.31184, 2.01844, -3.00635, 4.33982, 8.11853, -1.91804, -5.83572]"
43,sub10,supLP120,0,sub10-b2__0128__sidekick.npy,14,sidekick,2,0.8199073,0,"[-5.37079, -2.61313, 8.91037, 0.10079, 3.1781, -0.34325, -1.08266, -3.0811, -0.71691, 4.52474, -2.1492, 7.10639, 5.64279, -5.9827, -6.34433, -0.60283, 0.06206, -0.9839, -7.06577, 1.16873, -0.24397, -2.018]"
43,sub10,supLP120,0,sub10-b2__0129__sidekick.npy,14,sidekick,9,0.5382965,0,"[-6.53599, -2.92795, 9.17977, 0.22994, 2.97021, -1.16223, -2.92102, -5.04515, 0.35572, 9.4992, -0.60398, 7.43263, 3.36434, -6.83096, -5.7776, -1.61436, 1.61023, 0.51972, -8.20649, -0.09403, -0.80585, -2.02417]"
43,sub10,supLP120,0,sub10-b2__0130__sidekick.npy,14,sidekick,2,0.8964524,0,"[-4.80744, -2.19682, 11.27866, 0.72814, 0.86161, -1.35344, -3.6955, -5.82874, 2.11494, 7.09478, -1.48392, 8.97453, -0.20733, -6.38236, -3.04857, -0.48353, 0.67112, 0.34352, -6.19625, 2.72525, -3.15814, -5.02531]"
43,sub10,supLP120,0,sub10-b2__0131__sidekick.npy,14,sidekick,9,0.6561573,0,"[-6.70054, -1.99223, 7.80482, -0.88817, 4.88225, -1.04566, -1.47032, -3.78435, -0.55434, 8.80652, -1.85205, 6.71041, 4.25435, -7.51958, -5.45286, -2.16152, 2.81487, -1.95129, -7.76339, 1.22904, 0.18814, -1.91287]"
43,sub10,supLP120,0,sub10-b2__0132__sidekick.npy,14,sidekick,2,0.709181,0,"[-4.96877, -1.78549, 8.46918, -1.03364, 4.02963, -1.02644, 2.06717, -2.1003, -0.71123, 2.252, -5.49848, 7.45559, 2.60083, -3.95105, -4.30966, 2.17873, 0.15808, -1.78848, -5.27993, 4.83317, -1.17615, -4.27677]"
43,sub10,supLP120,0,sub10-b2__0133__crosstoe.npy,6,crosstoe,6,0.95842224,1,"[-1.6165, -0.38246, -1.73075, -2.77336, -1.63696, -1.01648, 10.82183, 0.67631, -4.26629, -4.05833, -5.32446, -1.54719, 1.93507, 1.4919, 4.97893, 3.1884, 1.42392, -0.97766, 3.96359, 7.557, 2.85628, -4.08795]"
43,sub10,supLP120,0,sub10-b2__0134__crosstoe.npy,6,crosstoe,6,0.96176,1,"[-1.56333, -1.05806, 1.944, -2.6652, -3.36938, -2.92199, 11.11961, -1.59712, -2.63706, -0.57301, -3.56923, 2.12611, -1.61799, 0.67755, 7.84868, -0.0009, 1.84319, 1.63096, 3.19118, 4.1618, -0.4072, -3.52806]"
43,sub10,supLP120,0,sub10-b2__0135__crosstoe.npy,6,crosstoe,6,0.8834238,1,"[-4.28869, 0.10167, -1.92311, -2.65103, -0.64185, 0.72981, 10.02876, -0.42333, -4.0854, -3.19175, -4.5386, 0.8876, 4.33249, -0.10921, 2.28443, 6.56543, 1.6615, 2.94996, 0.2881, 7.67588, 1.77536, -5.2893]"
43,sub10,supLP120,0,sub10-b2__0136__crosstoe.npy,6,crosstoe,6,0.9613853,1,"[-5.10208, -0.85084, -0.74511, -2.83626, 0.44241, -0.04582, 11.51317, 0.92974, -5.12006, -2.79591, -4.98165, 0.72686, 3.03208, 0.48115, 1.79465, 6.32467, 2.14896, 1.93713, 2.01736, 8.12799, 2.47076, -5.92465]"
43,sub10,supLP120,0,sub10-b2__0137__crosstoe.npy,6,crosstoe,6,0.96894115,1,"[-6.25514, -1.1602, 0.11223, -3.28437, 0.20712, -0.00572, 11.76723, 1.14263, -5.14859, -1.87765, -5.15812, 1.37362, 3.30632, 0.24116, 1.28699, 6.2164, 1.59884, 2.43852, 1.00704, 8.17705, 2.49479, -5.92456]"
43,sub10,supLP120,0,sub10-b2__0138__crosstoe.npy,6,crosstoe,6,0.87399566,1,"[-4.78625, -1.08791, -0.87472, -2.97763, 0.72515, -0.15476, 10.80024, 0.65055, -4.81397, -2.77063, -5.04754, 0.65582, 3.07247, 0.18444, 1.25024, 5.95427, 2.25711, 1.53274, 2.16179, 8.79637, 2.8114, -6.31763]"
43,sub10,supLP120,0,sub10-b2__0139__throw.npy,18,throw,18,0.43177703,1,"[5.19833, 6.96887, -5.00577, 0.36214, 0.53942, -1.69129, -4.62566, 0.84981, 2.93879, -7.37102, -1.06416, -3.27537, -5.16536, 1.23421, 4.99559, 2.26321, 0.60309, -3.18134, 7.08234, 4.90531, -0.92374, -6.18078]"
43,sub10,supLP120,0,sub10-b2__0140__throw.npy,18,throw,18,0.9951782,1,"[3.54164, 4.20051, -3.89451, 0.00469, -0.73245, -2.29287, -1.68971, 1.02809, 0.85101, -6.0294, -0.80248, -3.53605, -2.73453, 2.00025, 2.45831, 3.07393, 0.1012, -2.94287, 11.20329, 5.31851, -0.18639, -6.24025]"
43,sub10,supLP120,0,sub10-b2__0141__throw.npy,18,throw,18,0.8340325,1,"[5.14575, 5.76619, -5.44819, 0.58943, -0.41934, -0.71985, -4.19274, 0.41504, 1.86633, -7.57295, -0.97414, -2.84516, -1.76706, 1.90164, 1.42516, 4.06063, -1.07143, -1.88737, 8.1331, 4.65255, -0.15777, -5.85754]"
43,sub10,supLP120,0,sub10-b2__0142__throw.npy,18,throw,19,0.51797533,0,"[4.28437, 5.34119, -5.47817, -0.67382, 2.01054, -0.48485, -2.63541, 0.3931, 0.55335, -6.61219, -2.68747, -3.42819, -1.27063, 1.17923, 1.03837, 3.72352, 0.74035, -2.41536, 5.77366, 6.58352, 2.06881, -5.84355]"
43,sub10,supLP120,0,sub10-b2__0143__throw.npy,18,throw,18,0.9257388,1,"[3.78452, 5.88029, -4.45873, -0.52927, 0.21988, -1.4001, -3.07608, 0.85445, 1.74023, -6.64691, -1.33983, -3.35695, -2.65961, -0.02012, 1.97273, 3.54407, 0.94584, -3.10255, 9.20894, 5.83455, 0.23336, -5.99759]"
43,sub10,supLP120,0,sub10-b2__0144__throw.npy,18,throw,18,0.6526953,1,"[3.80502, 6.38354, -5.10113, 0.04946, 1.23903, -0.42184, -3.86375, 1.21456, 2.12943, -6.68072, -1.64067, -3.25929, -2.28481, -0.18802, 2.14861, 3.35872, 1.16545, -2.80828, 7.36434, 4.9676, -0.39153, -6.13127]"
43,sub10,supLP120,0,sub10-c__0001__sit.npy,15,sit,15,0.95169383,1,"[-1.68975, 1.38899, -4.00776, -2.42254, 0.83825, 1.83979, -0.4753, 1.71524, 0.85951, -4.63426, -4.6908, 0.55602, 1.40799, -0.78728, -4.97818, 7.84627, -1.37172, -1.40999, 4.02141, 3.71622, 1.52478, -5.84358]"
43,sub10,supLP120,0,sub10-c__0002__stand.npy,17,stand,20,0.73752356,0,"[-0.45462, -0.25074, -1.70373, -3.30209, -1.28211, -0.26195, 0.18053, 0.37193, 0.01854, -4.06136, -1.79852, 0.80839, 2.80368, -3.35327, -3.70833, 1.61253, -4.36002, -0.85174, -0.91287, 4.02885, 5.50598, -1.53598]"
43,sub10,supLP120,0,sub10-c__0003__turnaround.npy,19,turnaround,19,0.8363467,1,"[-1.56139, 1.80857, -0.54683, -4.0309, 1.84726, -3.93057, 1.36272, -1.21915, 1.00778, -2.57297, -0.74604, 1.5328, 0.40863, -1.55187, 1.82971, -1.06154, -1.19437, -4.39143, 1.96323, 5.47275, 1.6812, -2.35005]"
43,sub10,supLP120,0,sub10-c__0004__sit.npy,15,sit,15,0.96517557,1,"[-1.54513, 1.84885, -3.81194, -2.37076, 0.33197, 1.38303, -0.84242, 2.02576, 1.28819, -4.58001, -4.59221, 1.10017, 1.39109, -1.89126, -4.52702, 7.95265, -1.00943, -1.22287, 3.71278, 3.29134, 1.15278, -5.75045]"
43,sub10,supLP120,0,sub10-c__0005__stand.npy,17,stand,19,0.8040518,0,"[0.43886, 0.42744, 0.29899, -3.09229, -3.27388, -1.41603, -2.54472, -2.50887, 3.43207, -4.50504, 0.61941, 1.1721, 1.80516, -5.02107, -1.73737, -0.75805, -4.85967, -0.87323, -1.59637, 6.0522, 4.00803, -1.47102]"
43,sub10,supLP120,0,sub10-c__0006__turnaround.npy,19,turnaround,19,0.8982151,1,"[-0.93232, 1.6244, -0.02178, -4.09281, 1.16392, -4.14298, 1.64311, -1.32101, 1.2773, -2.70676, -0.71089, 1.37579, -0.16348, -1.96386, 2.31659, -1.47151, -1.50345, -4.69103, 2.01189, 6.04587, 1.70063, -2.38798]"
43,sub10,supLP120,0,sub10-c__0007__sit.npy,15,sit,15,0.9523752,1,"[-0.83455, 1.79577, -4.41751, -2.19415, 0.24196, 2.13019, -1.16617, 2.24065, 1.11609, -5.14239, -4.38719, 0.41501, 1.1942, -1.37206, -4.60202, 8.17285, -1.03434, -1.44297, 4.76046, 3.05188, 1.50688, -6.30158]"
43,sub10,supLP120,0,sub10-c__0008__stand.npy,17,stand,19,0.60865295,0,"[0.23943, -0.13011, -0.51031, -3.31046, -2.35367, -0.59656, -0.32165, -0.80644, 1.48565, -4.90419, -1.0778, 0.72911, 2.09308, -3.8899, -2.71675, 0.51997, -4.65347, -1.01322, -0.16462, 5.39405, 4.77762, -1.88484]"
43,sub10,supLP120,0,sub10-c__0009__turnaround.npy,19,turnaround,19,0.6833385,1,"[0.07687, 2.80507, -0.46745, -4.03338, 1.53728, -4.25124, 1.51959, -0.88464, 1.44435, -2.50854, -0.43962, 0.7636, -1.00929, -2.05603, 3.22875, -1.8629, -1.33794, -4.96568, 1.93229, 5.03606, 1.12128, -1.90681]"
43,sub10,supLP120,0,sub10-c__0010__sit.npy,15,sit,15,0.9651107,1,"[-1.10334, 1.72553, -4.27576, -2.34567, 0.19411, 1.99192, -0.9911, 1.9722, 1.05088, -4.832, -4.52558, 0.56785, 1.37046, -1.64408, -4.51945, 8.14484, -1.09156, -1.15587, 4.19377, 3.10185, 1.49327, -6.02247]"
43,sub10,supLP120,0,sub10-c__0011__stand.npy,17,stand,20,0.5645682,0,"[0.38949, -0.3772, -0.67252, -3.53837, -2.49434, -1.14904, -0.31931, -1.18855, 1.68147, -4.65759, -1.13426, 1.00235, 2.543, -4.26077, -2.53036, 0.67649, -4.57377, -0.83578, -0.79414, 4.9702, 5.40985, -1.82116]"
43,sub10,supLP120,0,sub10-c__0012__turnaround.npy,19,turnaround,19,0.8683941,1,"[-0.59404, 0.82309, -0.76348, -3.76012, 1.42151, -3.59946, 2.14996, -1.22373, 0.17934, -3.06119, -0.70497, 1.03561, 0.48098, -1.32295, 1.5559, -1.14871, -1.49516, -4.59565, 2.2328, 5.82837, 2.63839, -2.48056]"
43,sub10,supLP120,0,sub10-c__0013__sit.npy,15,sit,15,0.9686401,1,"[-0.78957, 2.41052, -4.72629, -2.07895, 0.02224, 2.31098, -1.43579, 1.99656, 1.60853, -5.62674, -4.46631, 0.6611, 1.71314, -2.14502, -4.05942, 8.49154, -0.46823, -1.34576, 4.50823, 3.0194, 0.94879, -6.37992]"
43,sub10,supLP120,0,sub10-c__0014__stand.npy,17,stand,19,0.8011376,0,"[0.16923, 0.75312, -0.19806, -3.55875, -3.1497, -1.32035, -1.76393, -2.49637, 3.2217, -4.91755, -0.35952, 1.74323, 2.65913, -5.24583, -1.43595, -0.1286, -3.92331, -1.32489, -0.83443, 5.87819, 3.5881, -1.87898]"
43,sub10,supLP120,0,sub10-c__0015__turnaround.npy,19,turnaround,19,0.76712453,1,"[-0.1904, 3.04823, -1.39845, -3.56469, 1.03627, -3.90124, 0.53551, -1.40449, 1.78822, -3.63308, 0.27789, 0.15785, -0.75129, -0.82492, 2.95434, -1.16511, -1.61688, -4.47571, 3.06471, 5.58695, 1.23283, -2.53029]"
43,sub10,supLP120,0,sub10-c__0016__squat.npy,16,squat,14,0.86623734,0,"[3.13278, -2.53283, -0.01588, -1.44922, 2.13935, -4.32239, -0.73729, -3.23566, 2.99879, 0.69558, 0.09875, 0.90143, -3.03366, -3.42863, 8.84297, -3.68624, 6.91672, -2.12559, -2.1489, -4.65436, -2.58714, 0.09825]"
43,sub10,supLP120,0,sub10-c__0017__squat.npy,16,squat,14,0.5651181,0,"[3.22622, -2.54747, -1.03513, -1.38973, 3.88145, -4.52837, -0.6787, -2.95946, 2.46174, 1.49582, 0.37565, 0.79037, -2.23021, -2.66947, 7.50516, -3.93631, 7.17072, -2.91309, -2.83383, -4.64185, -1.92222, 0.92623]"
43,sub10,supLP120,0,sub10-c__0018__squat.npy,16,squat,16,0.9006848,1,"[0.88394, -1.5019, -2.3789, -3.7246, 4.6469, -3.53569, -2.21518, -0.98717, 2.29662, 3.29556, 2.75708, 0.50884, 0.32246, -7.48348, 1.88013, -4.97462, 7.36906, -3.34807, 0.90504, -2.96087, 0.61594, -0.40958]"
43,sub10,supLP120,0,sub10-c__0019__squat.npy,16,squat,16,0.55449265,1,"[3.81132, -0.93533, -1.76277, -4.19825, 2.92381, -3.19942, -1.17523, -0.31436, 3.09769, -0.66035, 1.28732, -0.09939, -0.69477, -7.95113, 3.78144, -4.44879, 5.54232, -3.77998, 4.21262, -2.49462, -1.47987, -1.78972]"
43,sub10,supLP120,0,sub10-c__0020__squat.npy,16,squat,16,0.9105127,1,"[2.19141, -1.53402, -1.05551, -3.80246, 4.10729, -3.68832, -1.31778, -1.76492, 2.87203, 1.5153, 1.92632, 1.27937, -0.50764, -8.08211, 3.6945, -4.66979, 7.35484, -3.36657, 2.17598, -2.10561, -1.32207, -1.85256]"
43,sub10,supLP120,0,sub10-c__0021__squat.npy,16,squat,16,0.9063399,1,"[0.8846, -1.48884, -2.02535, -3.78988, 5.05838, -3.67628, -1.83179, -1.33966, 1.99795, 3.45165, 2.95992, 0.94161, 0.99906, -8.09053, 2.20298, -5.42431, 7.7419, -3.50843, 1.026, -2.77426, 0.4728, -1.06935]"
43,sub10,supLP120,0,sub10-c__0022__pickup.npy,11,pickup,11,0.4019487,1,"[3.80143, -5.29916, 3.61714, -1.90813, -3.38335, -3.95592, 1.02997, -4.30659, 4.20919, -2.44155, 1.27728, 5.47307, -2.41821, -3.77876, 5.08489, -0.80096, -0.7173, -0.77871, 3.54198, -0.26633, -4.18262, -4.02871]"
43,sub10,supLP120,0,sub10-c__0023__pickup.npy,11,pickup,14,0.55599856,0,"[4.13518, -4.95747, 3.65472, -2.30446, -2.79035, -4.0146, 2.11451, -3.81994, 4.13508, -2.82131, -0.04515, 4.50656, -2.64675, -4.88102, 5.9266, -1.57835, 0.02797, -1.58791, 3.50803, -0.46297, -4.49423, -2.91064]"
43,sub10,supLP120,0,sub10-c__0024__pickup.npy,11,pickup,14,0.51641256,0,"[4.18432, -4.5706, 3.09723, -2.00594, -2.32135, -3.98257, 1.68704, -3.58824, 3.93544, -2.8874, -0.15759, 4.20098, -2.61047, -4.39472, 5.53368, -1.35743, 0.45103, -1.45215, 3.08611, -0.58101, -4.35863, -2.97389]"
43,sub10,supLP120,0,sub10-c__0025__pickup.npy,11,pickup,11,0.64808977,1,"[3.07594, -5.58251, 4.24866, -2.26579, -3.63272, -4.55845, 1.07219, -4.86644, 4.42976, -1.27811, 1.97682, 6.50985, -1.88456, -5.28851, 5.05943, -1.40209, -0.79331, -0.85386, 2.92665, 0.07971, -3.83117, -3.5685]"
43,sub10,supLP120,0,sub10-c__0026__pickup.npy,11,pickup,11,0.30886847,1,"[4.10928, -4.94828, 3.34939, -1.94418, -3.07257, -3.37104, 2.44067, -3.72693, 3.46068, -3.2402, -0.23546, 4.95232, -2.06112, -3.97199, 4.68819, -0.25496, -0.42277, -1.22694, 4.26715, -0.04234, -4.32324, -3.70877]"
43,sub10,supLP120,0,sub10-c__0027__pushchair.npy,12,pushchair,0,0.33752328,0,"[3.3148, -5.13697, -0.97065, -2.76871, -2.24214, -2.25494, 1.96764, -0.86612, 1.23911, -0.4046, 1.02784, 2.49902, 1.67945, -5.46055, 0.39784, -1.70722, -2.35918, -0.88196, 2.33208, -2.9393, 2.06014, -0.05512]"
43,sub10,supLP120,0,sub10-c__0028__pushchair.npy,12,pushchair,8,0.31937703,0,"[3.19883, -4.87581, 0.7327, -3.18698, -3.64258, -3.4458, 1.27473, -1.94283, 3.81977, -0.61381, 2.12807, 3.25028, 1.40846, -7.15664, 2.05722, -2.94651, -2.58058, -1.74436, 2.79202, -1.64877, 0.98049, -0.47109]"
43,sub10,supLP120,0,sub10-c__0029__pushchair.npy,12,pushchair,0,0.56440526,0,"[4.3394, -5.06662, -1.07482, -2.65239, -2.0764, -1.53241, 2.07609, 0.15434, 1.85077, -1.5656, -0.27324, 1.02044, 0.42478, -4.92347, -0.2597, -1.41548, -2.58145, -1.76698, 3.3771, -2.58937, 1.74006, 0.26336]"
43,sub10,supLP120,0,sub10-c__0030__pushchair.npy,12,pushchair,11,0.17595184,0,"[2.06278, -5.19877, -0.56804, -2.48105, -2.55451, -2.38017, 0.99706, -1.66597, 2.3873, 0.34101, 2.02461, 2.50907, 1.3207, -5.23302, 0.46994, -2.05817, -2.34653, -0.61571, 2.44225, -2.59832, 1.96142, 0.27813]"
43,sub10,supLP120,0,sub10-c__0031__pushchair.npy,12,pushchair,0,0.53703576,0,"[4.13251, -5.39685, -1.30967, -2.64384, -1.1015, -1.63355, 2.63225, 0.21914, 1.06912, -1.41358, -0.55298, 1.12901, 0.64201, -4.76713, -0.16292, -1.30169, -2.30766, -1.85282, 2.9216, -2.77262, 1.96388, 0.61089]"
43,sub10,supLP120,0,sub10-c__0032__sit.npy,15,sit,15,0.941446,1,"[-0.65629, 2.02399, -3.37445, -1.65183, -0.45911, 1.1346, -2.18438, 1.60967, 2.36527, -5.46376, -3.72055, 1.58651, 1.79398, -3.15169, -3.90201, 7.15389, -1.50718, -0.89623, 2.80442, 3.03406, 1.03411, -5.30508]"
43,sub10,supLP120,0,sub10-c__0033__stand.npy,17,stand,19,0.74569947,0,"[0.14253, 1.45403, -0.40016, -3.13645, -3.2421, -0.25128, -2.3674, -1.25225, 3.3848, -4.71413, -0.53555, 0.55484, 1.67798, -4.82212, -2.32993, 0.27635, -4.53995, -0.59381, -0.64293, 5.73496, 4.06731, -2.4241]"
43,sub10,supLP120,0,sub10-c__0034__turnaround.npy,19,turnaround,19,0.7909095,1,"[-0.1649, 1.70414, -1.18223, -3.68594, 1.26632, -4.05161, 1.36819, -1.25711, 1.0935, -3.43638, -0.17604, 0.60427, -0.36279, -1.14301, 2.53655, -1.10821, -1.67421, -4.48266, 2.71018, 5.3624, 1.93496, -2.32232]"
43,sub10,supLP120,0,sub10-c__0035__sit.npy,15,sit,15,0.9379595,1,"[-0.88845, 1.48263, -3.79324, -2.22775, -0.25827, 1.57929, -0.73877, 1.59325, 1.51706, -5.26838, -4.48473, 0.77614, 1.57066, -2.31734, -4.18459, 7.44155, -1.50689, -1.16614, 3.48561, 3.85287, 1.58006, -5.73968]"
43,sub10,supLP120,0,sub10-c__0036__stand.npy,17,stand,19,0.76591814,0,"[0.49558, 1.07402, -0.24757, -3.41991, -2.97529, -0.61099, -2.26229, -1.64759, 3.21659, -4.75526, -0.48638, 0.88616, 1.95772, -5.27321, -2.19606, -0.01246, -4.36335, -1.02976, -0.87914, 5.81995, 4.08809, -2.13449]"
43,sub10,supLP120,0,sub10-c__0037__turnaround.npy,19,turnaround,19,0.79836255,1,"[-0.19444, 3.33625, -0.50315, -4.14587, 1.64434, -4.04469, -0.04728, -1.56692, 1.9339, -2.91544, 0.02902, 0.72826, -1.17103, -1.69309, 3.40978, -1.43059, -1.15564, -4.66191, 2.50182, 5.89548, 0.79574, -2.88037]"
43,sub10,supLP120,0,sub10-c__0038__sit.npy,15,sit,15,0.9722961,1,"[-0.21347, 2.45358, -4.21816, -1.58679, -0.16878, 1.88865, -2.61927, 1.79834, 2.12576, -5.86928, -3.84106, 1.00559, 1.88332, -3.2189, -4.1188, 7.97766, -1.24974, -0.70644, 2.98803, 2.68328, 1.3363, -5.83895]"
43,sub10,supLP120,0,sub10-c__0039__stand.npy,17,stand,19,0.8333336,0,"[-0.03367, 1.16637, 0.3554, -3.33466, -3.16465, -0.65151, -2.61776, -1.85717, 3.71423, -4.23793, -0.12752, 1.17673, 1.65213, -5.33582, -2.08903, -0.13892, -4.44724, -0.82486, -0.83103, 6.11083, 3.44509, -2.34201]"
43,sub10,supLP120,0,sub10-c__0040__turnaround.npy,19,turnaround,19,0.7223259,1,"[-0.93318, 2.52941, -0.86988, -3.72257, 1.65789, -3.66702, 1.42511, -0.79877, 1.0105, -2.75192, -0.58077, 1.02708, 0.10987, -1.44453, 2.05866, -1.2685, -1.16634, -4.33671, 1.93461, 4.87752, 1.4349, -2.01072]"
43,sub10,supLP120,0,sub10-c__0041__sit.npy,15,sit,15,0.95715916,1,"[0.24952, 2.39428, -4.8832, -1.2421, -0.34425, 2.69347, -2.4455, 2.05567, 1.75798, -5.75628, -3.93287, 0.30647, 1.4799, -2.4619, -4.29327, 7.97967, -0.79671, -0.93005, 4.21376, 2.37495, 1.36739, -5.97834]"
43,sub10,supLP120,0,sub10-c__0042__stand.npy,17,stand,19,0.7313319,0,"[-0.32182, 1.19926, -0.41693, -3.28406, -2.70833, -0.86093, -2.4229, -1.93436, 3.12042, -4.6034, -0.08984, 1.20475, 2.18588, -4.6542, -2.04799, 0.11083, -4.25794, -0.75095, -1.20598, 5.60718, 4.03586, -1.87819]"
43,sub10,supLP120,0,sub10-c__0043__turnaround.npy,19,turnaround,19,0.76554585,1,"[-0.58227, 2.81146, -0.42948, -4.17641, 1.28522, -4.25056, 0.87514, -1.48919, 1.75519, -2.7717, -0.23415, 1.20469, -0.63717, -1.73887, 3.03439, -1.24608, -1.40674, -4.42138, 2.28536, 5.41339, 0.98297, -2.35368]"
43,sub10,supLP120,0,sub10-c__0044__sit.npy,15,sit,15,0.98200846,1,"[-0.65423, 2.28028, -4.63346, -1.9184, -0.47789, 2.50883, -1.3803, 2.11356, 1.2851, -5.94082, -4.47677, 0.37049, 1.62024, -2.20672, -4.24359, 8.64646, -1.34237, -0.56245, 3.65162, 2.87812, 1.59802, -6.06543]"
43,sub10,supLP120,0,sub10-c__0045__stand.npy,17,stand,20,0.65157,0,"[-0.32041, -0.28354, -1.58079, -3.31331, -2.0503, -0.68887, -0.07453, -0.14218, 0.85477, -4.45821, -1.74496, 0.98539, 2.81076, -3.71833, -3.15617, 1.65592, -4.47641, -0.72133, -0.70261, 4.51846, 5.44717, -1.97097]"
43,sub10,supLP120,0,sub10-c__0046__turnaround.npy,19,turnaround,19,0.8822117,1,"[-0.25768, 2.78636, -0.69683, -3.85049, 1.39405, -3.77085, 0.47622, -1.59773, 1.37382, -3.13654, 0.02899, 0.47317, -0.89151, -1.1715, 2.78802, -1.33806, -1.45932, -4.66908, 2.71263, 6.2097, 1.3416, -2.90324]"
43,sub10,supLP120,0,sub10-c__0047__squat.npy,16,squat,16,0.78824997,1,"[2.60697, -0.05456, -1.76472, -4.61109, 4.11963, -3.43838, -1.14747, -0.36277, 2.75443, 0.91507, 1.9208, -0.23669, 0.21283, -8.55572, 3.23637, -5.01593, 6.6294, -4.3424, 4.29107, -2.32326, -1.06135, -2.48118]"
43,sub10,supLP120,0,sub10-c__0048__squat.npy,16,squat,16,0.8046119,1,"[2.07372, -1.12958, -0.69242, -3.94877, 4.35135, -3.78793, -1.68737, -1.88685, 2.98802, 1.47152, 2.69017, 1.30672, 0.37735, -8.42038, 3.15625, -4.9219, 6.54997, -3.6367, 2.69815, -1.99966, -0.98469, -2.40348]"
43,sub10,supLP120,0,sub10-c__0049__squat.npy,16,squat,16,0.86840266,1,"[2.00223, -0.41284, -2.10932, -4.32144, 4.29904, -3.54171, -1.94823, -0.58813, 2.30731, 1.67599, 2.69004, 0.48465, 0.82664, -8.48375, 2.61503, -4.67809, 6.92943, -3.76903, 3.16157, -2.30605, -0.2722, -2.30273]"
43,sub10,supLP120,0,sub10-c__0050__squat.npy,16,squat,16,0.7590901,1,"[2.7313, 0.02898, -1.40778, -4.84241, 3.73372, -3.5369, -1.12549, 0.36102, 2.80761, 0.63406, 1.58166, 0.02131, -0.18709, -9.07478, 3.37923, -4.74108, 6.40208, -4.18744, 4.33118, -2.04972, -0.97391, -2.7647]"
43,sub10,supLP120,0,sub10-c__0051__squat.npy,16,squat,16,0.8900839,1,"[1.83816, -0.49114, -1.88903, -4.02191, 4.63216, -3.37099, -1.79172, -0.8409, 2.53767, 1.64958, 2.44957, 0.41248, 0.52582, -8.38863, 2.98272, -4.82349, 7.2954, -3.81471, 2.90655, -2.355, -0.47846, -2.22266]"
43,sub10,supLP120,0,sub10-c__0052__squat.npy,16,squat,16,0.8705897,1,"[1.15673, -0.47215, -1.48977, -4.16034, 4.73559, -3.5421, -2.22694, -1.12505, 2.80096, 2.95177, 2.9401, 0.80881, 0.32625, -9.14686, 3.02267, -5.37568, 7.22224, -3.62505, 1.6475, -1.88422, -0.09215, -1.83118]"
43,sub10,supLP120,0,sub10-c__0053__pickup.npy,11,pickup,14,0.59643245,0,"[5.11504, -4.54476, 4.28937, -2.17949, -3.7379, -4.04224, 2.07803, -3.55029, 5.27021, -4.21382, -0.17705, 3.99056, -3.83971, -5.02584, 6.8595, -1.84332, -0.97328, -1.3245, 4.98376, -0.14543, -5.53104, -3.40388]"
43,sub10,supLP120,0,sub10-c__0054__pickup.npy,11,pickup,11,0.33933097,1,"[3.011, -5.20611, 3.99487, -2.04745, -3.28317, -4.34954, 0.8293, -4.52307, 4.86237, -1.84124, 1.44418, 5.44321, -2.88918, -4.37278, 5.29042, -1.39371, -0.30722, -0.80601, 3.64883, -0.13381, -4.33559, -3.72878]"
43,sub10,supLP120,0,sub10-c__0055__pickup.npy,11,pickup,14,0.3381239,0,"[4.90324, -5.21285, 4.57215, -2.3268, -4.56816, -4.00008, 2.92353, -3.85477, 4.65204, -4.11735, 0.01984, 5.28552, -3.09088, -5.1205, 5.93287, -1.05315, -1.71615, -0.96247, 5.20743, 0.2538, -5.15061, -3.64295]"
43,sub10,supLP120,0,sub10-c__0056__pickup.npy,11,pickup,14,0.38973096,0,"[4.3542, -5.27233, 4.66037, -2.13922, -4.43221, -4.08459, 2.03621, -4.04223, 4.70855, -3.17654, 0.68497, 5.07791, -2.89995, -5.0527, 5.85207, -1.62858, -1.23867, -0.96239, 4.36031, -0.05704, -4.72743, -3.8577]"
43,sub10,supLP120,0,sub10-c__0057__pickup.npy,11,pickup,14,0.35254028,0,"[4.6805, -5.1454, 4.43327, -2.24392, -3.77391, -3.92101, 2.48341, -4.0388, 4.4602, -3.3574, 0.07421, 4.95304, -2.80934, -5.00638, 5.61053, -1.33133, -1.22865, -1.27303, 4.19801, 0.00767, -4.87336, -3.40781]"
43,sub10,supLP120,0,sub10-c__0058__pickup.npy,11,pickup,14,0.48431394,0,"[4.7527, -3.53576, 3.95548, -2.00185, -4.28706, -3.38698, 1.11169, -3.77425, 6.02772, -4.31555, 0.06956, 3.13693, -4.30294, -4.55151, 6.78035, -1.49669, -0.61175, -1.00508, 5.78271, 0.26946, -5.72645, -4.07489]"
43,sub10,supLP120,0,sub10-c__0059__pushchair.npy,12,pushchair,0,0.5977763,0,"[4.95334, -5.15054, 0.70479, -2.87063, -3.23073, -3.3262, 1.54119, -2.23512, 3.56053, -2.05381, 1.16986, 2.98162, 0.41314, -5.75398, 2.21991, -1.79404, -3.28906, -1.81947, 2.86863, -1.49095, -0.55559, -0.47631]"
43,sub10,supLP120,0,sub10-c__0060__pushchair.npy,12,pushchair,0,0.6041027,0,"[4.96599, -5.09517, -0.06351, -2.93774, -3.77148, -3.11777, 0.88393, -1.68948, 3.8045, -1.80558, 2.01574, 1.7808, 0.87859, -6.42731, 1.72771, -2.93682, -3.64504, -1.99501, 2.90777, -2.4297, 1.27809, 0.46159]"
43,sub10,supLP120,0,sub10-c__0061__pushchair.npy,12,pushchair,0,0.71410775,0,"[4.82019, -5.40373, -0.10854, -3.13648, -1.86036, -3.08264, 1.3148, -1.8699, 2.67552, -0.91213, 1.39467, 2.0072, 0.38064, -5.68305, 1.30849, -2.22854, -3.19447, -2.06125, 2.01277, -2.2283, 1.18665, 0.6447]"
43,sub10,supLP120,0,sub10-c__0062__pushchair.npy,12,pushchair,0,0.7066972,0,"[4.9137, -5.58196, -0.50442, -2.63183, -2.46469, -2.39992, 2.0411, -0.99234, 2.25489, -1.7581, 0.35435, 2.03932, 0.11561, -5.16872, 0.56659, -1.05918, -3.38163, -1.50811, 3.04313, -2.27501, 1.13738, 0.07376]"
43,sub10,supLP120,0,sub10-c__0063__pushchair.npy,12,pushchair,0,0.5969174,0,"[4.37039, -5.75184, -0.79928, -2.87866, -2.27705, -2.2938, 1.9714, -1.33074, 2.0549, -1.103, 0.7225, 1.94353, 0.69218, -5.01836, 0.53698, -1.2808, -3.33911, -1.48612, 2.87174, -2.18048, 1.57236, 0.18645]"
43,sub10,supLP120,0,sub10-c__0064__sit.npy,15,sit,15,0.94558054,1,"[-0.6324, 2.66754, -4.08543, -1.77739, -0.64498, 2.1049, -1.55655, 1.7195, 1.96061, -5.76769, -3.90719, 0.88091, 2.15582, -2.75345, -4.0724, 7.56005, -0.74447, -0.92918, 3.66439, 3.00695, 0.9005, -5.30376]"
43,sub10,supLP120,0,sub10-c__0065__stand.npy,17,stand,19,0.8302491,0,"[-0.49494, 1.43637, -0.70655, -3.28592, -2.49711, -1.14492, -2.6713, -2.70836, 3.47836, -4.65065, 0.25273, 1.75384, 2.66658, -4.75032, -1.62093, 0.13318, -3.857, -1.27928, -1.42262, 6.13903, 3.49634, -1.89534]"
43,sub10,supLP120,0,sub10-c__0066__turnaround.npy,19,turnaround,19,0.83289886,1,"[0.25872, 2.47963, -0.29372, -4.03806, 1.32725, -3.9, 0.72365, -1.50263, 1.54541, -3.05033, 0.0212, 0.81414, -1.06047, -1.67255, 3.13756, -1.58493, -1.62833, -4.75025, 2.53153, 5.82281, 1.12519, -2.75055]"
43,sub10,supLP120,0,sub10-c__0067__sit.npy,15,sit,15,0.96542346,1,"[-0.84596, 2.33134, -4.41061, -1.80086, -0.16544, 1.88991, -1.63991, 1.50875, 1.7586, -5.32391, -4.17199, 1.26011, 2.16418, -2.76476, -4.11682, 7.86475, -0.4884, -1.18681, 3.40684, 2.89522, 1.05082, -5.49764]"
43,sub10,supLP120,0,sub10-c__0068__stand.npy,17,stand,19,0.4677016,0,"[-0.54303, 0.99044, -0.88197, -3.22229, -1.90803, -0.51025, -1.778, -0.87134, 1.97067, -3.90945, -0.94863, 1.17746, 2.35619, -4.47867, -3.03644, 0.72185, -3.75746, -0.69329, -1.60125, 4.74718, 4.62213, -1.70262]"
43,sub10,supLP120,0,sub10-c__0069__turnaround.npy,19,turnaround,19,0.8821514,1,"[-0.12603, 2.66389, -0.84328, -3.79937, 1.48502, -3.99163, 0.18805, -1.79584, 1.60079, -3.46876, 0.09323, 0.84096, -0.55489, -1.24104, 2.79726, -1.12295, -1.65158, -4.5102, 2.34494, 6.14152, 1.36199, -2.75959]"
43,sub10,supLP120,0,sub10-c__0070__sit.npy,15,sit,15,0.7964405,1,"[0.96798, 0.07638, -3.74387, -1.95308, -1.45893, 1.49413, 0.39165, 1.86916, 0.04364, -6.07607, -3.54008, -0.96187, 1.3922, -1.12404, -4.67115, 6.50893, -4.04668, -0.51134, 2.79485, 4.01861, 4.33824, -4.69765]"
43,sub10,supLP120,0,sub10-c__0071__stand.npy,17,stand,19,0.8280114,0,"[0.11344, 1.05944, -0.86893, -3.1827, -2.98179, -0.06616, -1.65126, -1.4494, 2.64391, -5.06798, -0.83435, 0.89603, 2.60746, -4.47897, -2.47473, 0.60958, -4.04421, -1.30408, -0.1068, 6.19677, 4.13377, -2.49217]"
43,sub10,supLP120,0,sub10-c__0072__turnaround.npy,19,turnaround,19,0.86265594,1,"[0.43551, 2.70706, -0.37216, -4.02639, 1.1698, -3.9129, 0.60722, -1.60967, 1.55909, -2.8978, 0.08271, 0.76108, -1.13191, -1.83425, 3.20706, -1.61132, -1.53389, -4.81771, 2.39015, 6.09294, 1.20666, -2.7244]"
43,sub10,supLP120,0,sub10-c__0073__sit.npy,15,sit,15,0.9621997,1,"[-0.09817, 2.35305, -4.40676, -1.3959, -0.41134, 2.29799, -2.03124, 1.88281, 1.94504, -5.45481, -4.06477, 0.68267, 1.53796, -3.00328, -4.19612, 7.89853, -0.82692, -1.13738, 3.73875, 2.86445, 1.00975, -6.08254]"
43,sub10,supLP120,0,sub10-c__0074__stand.npy,17,stand,19,0.86942726,0,"[0.22985, 1.6357, -0.92977, -3.09858, -3.39834, 0.04046, -2.52165, -1.46391, 3.42297, -5.20291, -0.5557, 0.8327, 2.51798, -4.90014, -2.13067, 0.6281, -4.06878, -1.44753, 0.3318, 6.43992, 3.58928, -2.92816]"
43,sub10,supLP120,0,sub10-c__0075__turnaround.npy,19,turnaround,19,0.8765356,1,"[0.72957, 2.36914, -0.19597, -3.93523, 1.24164, -3.74715, 0.84945, -1.79192, 1.0738, -3.05822, 0.08238, 0.79803, -1.23962, -1.7278, 3.06328, -1.63508, -1.56388, -4.85855, 2.7473, 6.181, 1.45765, -2.94497]"
43,sub10,supLP120,0,sub10-c__0076__sit.npy,15,sit,15,0.9535065,1,"[-1.10561, 2.09063, -5.02843, -2.20919, 0.15348, 2.8656, -1.22033, 1.3934, 0.93763, -5.17837, -4.60972, 0.42963, 1.75615, -1.15985, -4.88792, 8.52292, -0.50013, -1.56541, 5.04378, 3.78583, 1.23986, -6.61116]"
43,sub10,supLP120,0,sub10-c__0077__stand.npy,17,stand,19,0.7022459,0,"[-0.43263, 0.99125, -1.42491, -3.39912, -2.14998, -1.28941, -1.81639, -2.27262, 2.52088, -4.94489, -0.12282, 1.67496, 3.1334, -4.1837, -1.78793, 0.35715, -3.75582, -1.4666, -1.23933, 5.50552, 4.02603, -1.45054]"
43,sub10,supLP120,0,sub10-c__0078__turnaround.npy,19,turnaround,19,0.8768939,1,"[0.57597, 3.29356, -0.47704, -4.31582, 1.50663, -3.79251, -0.19863, -2.05763, 1.72317, -3.04348, 0.56916, 0.36703, -1.50698, -1.63791, 3.52953, -1.77664, -1.53811, -4.83764, 2.7764, 6.54253, 1.00218, -3.18825]"
43,sub10,supLP120,0,sub10-c__0079__sit.npy,15,sit,15,0.97585744,1,"[-0.99405, 1.79244, -4.74178, -1.87566, -0.28184, 2.01346, -0.78115, 2.05354, 0.86188, -5.55495, -4.52773, 0.30409, 1.81296, -1.84311, -4.32962, 8.15369, -1.65855, -0.57665, 2.78925, 3.17491, 2.48315, -5.2989]"
43,sub10,supLP120,0,sub10-c__0080__stand.npy,17,stand,19,0.57767504,0,"[0.15313, -0.12101, -0.97704, -3.15303, -2.54415, -1.87931, -1.15088, -2.28242, 2.25872, -5.05526, -0.42849, 1.65172, 3.23732, -4.26289, -1.95005, 0.20025, -4.44871, -1.21749, -1.66606, 5.38425, 4.72696, -0.73596]"
43,sub10,supLP120,0,sub10-c__0081__turnaround.npy,19,turnaround,19,0.91031224,1,"[0.2881, 2.58902, -0.36971, -3.90335, 1.39047, -3.72928, 0.78513, -1.43545, 1.17559, -3.17938, -0.15587, 0.42881, -1.15074, -1.42899, 2.9797, -1.45326, -1.65648, -4.87637, 2.77102, 6.54234, 1.42706, -3.00141]"
43,sub10,supLP120,0,sub10-c__0082__squat.npy,16,squat,16,0.7136802,1,"[3.22944, -0.69091, -1.81359, -4.21361, 3.65993, -3.24359, -1.21201, -0.39842, 2.63299, 0.47939, 1.71467, 0.02513, -0.21978, -7.88264, 2.54598, -4.39485, 5.92054, -3.88817, 3.85838, -2.42427, -1.13843, -1.73158]"
43,sub10,supLP120,0,sub10-c__0083__squat.npy,16,squat,16,0.56773674,1,"[2.16292, -1.99176, -2.10321, -3.8157, 5.25364, -2.92036, -1.47016, -1.08216, 1.02445, 2.40616, 2.00952, 0.92966, 0.75001, -6.67059, 0.26261, -3.51378, 5.73737, -3.48267, 1.75893, -2.21618, 0.58178, -1.19993]"
43,sub10,supLP120,0,sub10-c__0084__squat.npy,16,squat,16,0.8404043,1,"[2.71521, -1.58514, -1.80776, -3.97699, 3.96569, -2.85899, -0.78348, -0.87997, 1.85315, 1.12064, 1.50693, 0.90948, 0.52427, -7.93715, 2.12629, -4.17074, 6.35161, -3.57171, 2.51477, -2.40004, -0.80784, -1.3767]"
43,sub10,supLP120,0,sub10-c__0085__squat.npy,16,squat,16,0.7930291,1,"[2.1519, -1.50526, -1.71957, -4.03744, 4.43, -3.14424, -1.30787, -0.83132, 2.0327, 1.73875, 1.84324, 0.87389, 0.17767, -7.91891, 1.48501, -4.03609, 6.22825, -3.53712, 2.26713, -2.10514, -0.17809, -1.26982]"
43,sub10,supLP120,0,sub10-c__0086__squat.npy,16,squat,16,0.6527275,1,"[3.46118, -1.58433, -1.24796, -4.01394, 3.79438, -3.55416, -1.42818, -1.51708, 2.92855, 1.30817, 1.82793, 0.40007, -0.91111, -8.04532, 3.09418, -4.6633, 5.55995, -3.7507, 2.0071, -1.82084, -1.14037, -0.95821]"
43,sub10,supLP120,0,sub10-c__0087__squat.npy,16,squat,16,0.7166876,1,"[3.00362, -1.68618, -1.25894, -4.10045, 3.43125, -3.44422, -0.59888, -0.74999, 2.31947, 0.84561, 1.12667, 0.43931, -0.32377, -7.51148, 2.42949, -4.05726, 5.51719, -3.69989, 2.75455, -2.29326, -0.96555, -1.07506]"
43,sub10,supLP120,0,sub10-c__0088__pickup.npy,11,pickup,14,0.39968166,0,"[3.87589, -5.13537, 3.2413, -2.45251, -2.59085, -4.60594, 0.92142, -4.27082, 4.87707, -2.26785, 1.17586, 4.56871, -3.13566, -4.91501, 5.40529, -1.77333, 0.13357, -1.09777, 3.19472, -0.49958, -4.17269, -2.45221]"
43,sub10,supLP120,0,sub10-c__0089__pickup.npy,11,pickup,14,0.36440837,0,"[3.64576, -4.97668, 2.69751, -2.22034, -2.03165, -4.64845, 1.15247, -3.90574, 4.18153, -1.79448, 0.85077, 4.65167, -2.34618, -4.94505, 4.9201, -1.81936, 0.47736, -1.33914, 1.93596, -0.83083, -3.94426, -2.07492]"
43,sub10,supLP120,0,sub10-c__0090__pickup.npy,11,pickup,11,0.26428217,1,"[3.94753, -4.97371, 2.32918, -2.02805, -2.31875, -4.2601, 1.31383, -3.59342, 4.15234, -2.06624, 0.41306, 4.37831, -2.83924, -4.12143, 4.31355, -0.90747, -0.16965, -1.18006, 2.60364, -0.48589, -3.6117, -2.36427]"
43,sub10,supLP120,0,sub10-c__0091__pickup.npy,11,pickup,11,0.5926616,1,"[1.81816, -5.12009, 3.93385, -2.2878, -3.15534, -4.64882, 0.18657, -5.09016, 5.01006, -0.20324, 2.57265, 6.13278, -1.90732, -5.39009, 4.33793, -1.92234, 0.07551, -0.90392, 2.69518, -0.02521, -3.82621, -2.97588]"
43,sub10,supLP120,0,sub10-c__0092__pickup.npy,11,pickup,11,0.36136883,1,"[3.57251, -5.26743, 3.58025, -2.60303, -2.78369, -4.26748, 1.50133, -4.25642, 4.50275, -1.64744, 1.04514, 5.14398, -2.42838, -5.44688, 4.70812, -1.63809, -0.13292, -1.23573, 3.02329, -0.70282, -4.00087, -2.46083]"
43,sub10,supLP120,0,sub10-c__0093__pushchair.npy,12,pushchair,0,0.32092676,0,"[3.15651, -5.02506, -1.80172, -2.75165, -2.39329, -1.75949, 0.83581, -1.11567, 1.78964, 0.31678, 1.7052, 1.4384, 1.7116, -4.94881, -0.64009, -1.50354, -2.83312, -0.96767, 2.098, -2.48387, 2.53458, 0.649]"
43,sub10,supLP120,0,sub10-c__0094__pushchair.npy,12,pushchair,18,0.24980085,0,"[2.90637, -5.42348, -1.23138, -2.04364, -3.07862, -1.37072, 2.36079, -0.39099, 0.93323, -0.09249, 0.79204, 1.5585, 0.64662, -4.03861, -0.83188, -0.90235, -2.89257, 0.09345, 2.97281, -3.36095, 2.57987, -0.16757]"
43,sub10,supLP120,0,sub10-c__0095__pushchair.npy,12,pushchair,20,0.26608416,0,"[2.38005, -5.31423, -2.03543, -1.79654, -3.40705, -1.28447, 1.35787, -0.83996, 0.71085, 1.14756, 1.66785, 1.29929, 1.3797, -3.56181, -1.55807, -0.51541, -3.1815, 0.21879, 2.82956, -3.01375, 2.97771, 0.18713]"
43,sub10,supLP120,0,sub10-c__0096__pushchair.npy,12,pushchair,0,0.4870289,0,"[3.70625, -5.14701, -1.74208, -2.56831, -2.16007, -1.90389, 1.16806, -0.9752, 1.87271, -0.32235, 1.30507, 1.63211, 1.11318, -4.99688, -0.18948, -1.44535, -2.45602, -1.34506, 2.30653, -2.54654, 1.84155, 0.60803]"
43,sub10,supLP120,0,sub10-c__0097__pushchair.npy,12,pushchair,20,0.45055422,0,"[1.91485, -5.35041, -1.88948, -2.31656, -2.02492, -1.62457, 0.96397, -1.15417, 0.5653, 1.81591, 2.36268, 1.46233, 1.5644, -4.13017, -1.24978, -1.51554, -2.55421, 0.0211, 1.66307, -3.05865, 3.65344, 0.79225]"
43,sub10,supLP120,0,sub10-c__0098__pushchair.npy,12,pushchair,0,0.33580124,0,"[3.43208, -5.29693, -0.96261, -2.00579, -3.0261, -1.5772, 1.29265, -1.12763, 2.16466, -0.53808, 0.46403, 2.40129, 0.08941, -4.32077, -0.9076, -0.05115, -2.62285, -0.55191, 3.35642, -2.2861, 0.72106, -0.54514]"
43,sub10,supLP120,0,sub10-c__0099__sit.npy,15,sit,15,0.9733017,1,"[-1.15488, 2.88576, -4.58797, -1.77488, -0.37132, 2.11174, -1.51796, 2.08679, 1.48862, -5.5423, -4.16335, 0.68314, 2.07814, -2.77377, -4.19705, 8.04686, -1.00129, -0.64586, 2.81829, 2.63071, 1.39194, -5.08546]"
43,sub10,supLP120,0,sub10-c__0100__stand.npy,17,stand,19,0.5567194,0,"[-0.81778, 0.86177, -0.74999, -3.34101, -2.18665, -1.47279, -1.98038, -2.31522, 2.67168, -4.04313, -0.35038, 1.9901, 2.72991, -4.51195, -2.18455, 0.35396, -3.80733, -0.548, -2.37261, 4.92786, 4.18398, -1.04793]"
43,sub10,supLP120,0,sub10-c__0101__turnaround.npy,19,turnaround,19,0.9082209,1,"[-0.61626, 1.16363, -0.84316, -3.68323, 1.26963, -3.41688, 1.94916, -1.26418, 0.28817, -3.13725, -0.66707, 0.83658, 0.50631, -1.2122, 1.48454, -1.10971, -1.60299, -4.51002, 2.15887, 6.16978, 2.59259, -2.51111]"
43,sub10,supLP120,0,sub10-c__0102__sit.npy,15,sit,15,0.9548531,1,"[-1.1653, 1.7036, -4.41549, -2.46087, -0.39813, 1.85459, -0.26418, 1.4847, 1.08382, -5.44887, -4.55039, 0.42403, 1.90193, -1.7897, -4.1797, 7.82355, -1.27427, -0.94438, 3.76169, 3.64213, 1.91015, -5.67135]"
43,sub10,supLP120,0,sub10-c__0103__stand.npy,17,stand,19,0.60741335,0,"[0.04964, 0.65334, -0.53075, -3.55639, -2.18004, -0.91887, -1.5392, -1.60848, 2.1867, -4.63515, -0.73834, 1.74203, 2.63407, -4.74372, -2.2306, 0.67296, -3.77611, -1.09574, -1.10123, 4.98057, 4.05361, -1.84708]"
43,sub10,supLP120,0,sub10-c__0104__turnaround.npy,19,turnaround,19,0.82763964,1,"[-1.17797, 0.15849, -1.35609, -3.60678, 1.72612, -2.73099, 2.9577, -0.48047, -0.99398, -3.04693, -1.39473, 0.85093, 1.42596, -0.93213, 0.23124, -0.47674, -1.2691, -4.34177, 2.17263, 6.02238, 3.68935, -2.84023]"
43,sub10,supLP120,0,sub10-c__0105__sit.npy,15,sit,15,0.97972727,1,"[-1.72135, 1.69746, -4.80596, -2.24321, 0.32496, 1.91296, -0.45916, 1.88989, 0.62995, -4.77172, -4.80823, 0.09547, 1.29596, -0.91986, -4.50054, 8.71622, -1.05883, -1.17618, 3.99218, 3.58911, 1.94487, -6.01703]"
43,sub10,supLP120,0,sub10-c__0106__stand.npy,17,stand,20,0.5005032,0,"[-0.46569, -0.23381, -1.14804, -3.27099, -1.71609, -1.69507, -0.83565, -1.78644, 1.31868, -4.2727, -0.57912, 1.90149, 2.98997, -3.89589, -2.32615, 0.60577, -4.04077, -1.10615, -2.02307, 4.30421, 4.70859, -0.51407]"
43,sub10,supLP120,0,sub10-c__0107__turnaround.npy,19,turnaround,19,0.9447171,1,"[-0.93749, 1.46453, -0.13339, -3.77152, 1.34237, -3.45535, 1.71368, -1.54549, 0.42074, -3.01275, -0.70701, 1.11856, -0.03778, -1.38354, 1.63352, -1.10472, -1.40037, -4.58146, 2.44435, 6.70523, 2.18903, -2.93412]"
43,sub10,supLP120,0,sub10-c__0108__sit.npy,15,sit,15,0.9754828,1,"[-1.43888, 2.49173, -4.87144, -2.14429, 0.2138, 2.20093, -0.99749, 1.94102, 1.03017, -4.90842, -4.42745, 0.39347, 1.86831, -2.15853, -4.42502, 8.07784, -0.77904, -1.01008, 2.92653, 2.71342, 1.69674, -5.38564]"
43,sub10,supLP120,0,sub10-c__0109__stand.npy,17,stand,19,0.6258218,0,"[-0.35229, 0.70448, -0.88544, -3.47055, -2.13413, -1.0038, -1.53279, -1.46935, 2.12635, -4.40821, -0.65132, 1.52311, 2.82174, -4.57625, -2.33411, 0.42367, -3.94295, -1.23898, -1.25637, 5.16546, 4.21736, -1.56356]"
43,sub10,supLP120,0,sub10-c__0110__turnaround.npy,19,turnaround,19,0.9143143,1,"[0.22236, 3.46354, -0.35093, -3.83285, 1.22881, -3.48854, -0.26622, -1.73519, 2.01887, -3.33342, 0.3218, 0.16622, -1.36383, -1.44172, 2.95994, -1.58147, -1.80611, -4.62419, 2.46711, 6.79032, 1.06885, -3.17235]"
43,sub10,supLP120,0,sub10-c__0111__sit.npy,15,sit,15,0.9742235,1,"[-1.09503, 2.4089, -4.63643, -2.38029, 0.06304, 2.64801, -1.73167, 1.55075, 1.42429, -5.29413, -4.30074, 0.73168, 1.52757, -1.23611, -4.6961, 8.71691, -0.70589, -1.0548, 4.53276, 3.10664, 0.92947, -6.21821]"
43,sub10,supLP120,0,sub10-c__0112__stand.npy,17,stand,19,0.6295266,0,"[-0.97811, 1.46013, -0.53822, -3.19263, -2.32711, -0.92979, -2.77581, -1.90382, 2.9682, -3.889, -0.39692, 2.00285, 2.58408, -4.88939, -2.45035, 0.75018, -3.70594, -0.33536, -2.26561, 5.0441, 3.7186, -1.63348]"
43,sub10,supLP120,0,sub10-c__0113__turnaround.npy,19,turnaround,19,0.91780806,1,"[0.16716, 3.0215, 0.11343, -3.94725, 1.27913, -3.73756, 0.06446, -1.80084, 1.55619, -3.07779, 0.23121, 0.12975, -1.66692, -1.83152, 3.38132, -2.01809, -1.59372, -4.72696, 2.75538, 6.84179, 1.12543, -3.08357]"
43,sub10,supLP120,0,sub10-c__0114__squat.npy,16,squat,16,0.47146925,1,"[4.42249, 0.00566, -1.63734, -4.4966, 2.84089, -3.3155, -1.9831, -0.04426, 3.21745, -0.05843, 2.10629, -0.33053, -0.8772, -8.65559, 2.66253, -4.47157, 5.39486, -4.21669, 4.54393, -2.00148, -1.34215, -2.53562]"
43,sub10,supLP120,0,sub10-c__0115__squat.npy,16,squat,16,0.60080045,1,"[3.56527, -1.1407, -1.73818, -3.85155, 3.43095, -2.95132, -1.64305, -0.58328, 2.26498, 0.29662, 1.99364, 0.60656, -0.02837, -7.67945, 1.83153, -3.68462, 5.32162, -3.77787, 3.69871, -2.10334, -0.94613, -2.08544]"
43,sub10,supLP120,0,sub10-c__0116__squat.npy,16,squat,16,0.6109824,1,"[2.56961, -2.02368, -1.86802, -4.1642, 4.00242, -3.08024, -1.24091, -0.38471, 1.69708, 1.56075, 1.84373, 0.56333, 0.40984, -7.34403, 0.47119, -3.97662, 5.08567, -3.73941, 2.31436, -1.97773, 0.5712, -1.01194]"
43,sub10,supLP120,0,sub10-c__0117__squat.npy,16,squat,16,0.7319443,1,"[2.86575, -1.53977, -0.57942, -3.96036, 3.64308, -3.94532, -2.42284, -1.9255, 3.17405, 2.13811, 2.90891, 0.85588, -0.93547, -8.32125, 2.51219, -4.80846, 5.86855, -3.41821, 1.78265, -1.59011, -0.61823, -1.6309]"
43,sub10,supLP120,0,sub10-c__0118__squat.npy,16,squat,16,0.80278957,1,"[3.16947, -1.58872, -1.03402, -3.58111, 3.43454, -3.37335, -1.11597, -1.60609, 3.10463, 0.18686, 1.43384, 0.87271, -0.97264, -7.9865, 2.96618, -4.35144, 6.16755, -3.54841, 2.3639, -1.65211, -1.52456, -1.40327]"
43,sub10,supLP120,0,sub10-c__0119__pickup.npy,11,pickup,11,0.50914735,1,"[3.73742, -5.35683, 2.18052, -2.32066, -2.52692, -4.01236, 1.28466, -3.33211, 3.59192, -1.27628, 0.90891, 4.94998, -2.57786, -3.99566, 3.20672, -0.46904, -0.88631, -0.85828, 2.73307, -0.53692, -3.00647, -2.57132]"
43,sub10,supLP120,0,sub10-c__0120__pickup.npy,11,pickup,11,0.30248526,1,"[4.41207, -5.20187, 3.07678, -2.46277, -2.59393, -4.45865, 1.9352, -3.8114, 4.0776, -2.1449, 0.59534, 4.86351, -2.5992, -5.32538, 4.68167, -1.53601, -0.7518, -1.49291, 2.81508, -0.47935, -3.84837, -2.2334]"
43,sub10,supLP120,0,sub10-c__0121__pickup.npy,11,pickup,11,0.5784323,1,"[3.60673, -5.10938, 2.62026, -2.18047, -2.39518, -3.86494, 1.93673, -3.59257, 3.24706, -1.62227, 0.52254, 5.22409, -2.04309, -4.47085, 3.57197, -0.67745, -0.30088, -1.10038, 2.4685, -0.31671, -3.3595, -2.5266]"
43,sub10,supLP120,0,sub10-c__0122__pickup.npy,11,pickup,11,0.31227323,1,"[4.00039, -5.11991, 2.64194, -2.66044, -2.31248, -3.97812, 1.06628, -3.90372, 4.16567, -1.43589, 0.99557, 4.57072, -2.66138, -4.79535, 3.74277, -1.06425, -0.24317, -1.42002, 3.37183, -0.33751, -3.43452, -2.58812]"
43,sub10,supLP120,0,sub10-c__0123__pickup.npy,11,pickup,11,0.53621095,1,"[4.28203, -5.06476, 3.08316, -2.73843, -3.52461, -3.8463, 2.32153, -3.83776, 3.70089, -1.70501, 0.98349, 5.55652, -1.84591, -5.50219, 3.7011, -0.86184, -1.33756, -1.37719, 3.51309, -0.17793, -3.81373, -2.82079]"
43,sub10,supLP120,0,sub10-c__0124__pickup.npy,11,pickup,11,0.82238036,1,"[3.14574, -5.57891, 2.7083, -2.71506, -2.31264, -3.8149, 1.52285, -4.20242, 3.13893, -0.03452, 1.52586, 6.23799, -1.93841, -5.14977, 3.06173, -0.37167, -0.48264, -0.99128, 2.68491, -0.09019, -2.81544, -3.03635]"
43,sub10,supLP120,0,sub10-c__0125__pushchair.npy,12,pushchair,0,0.7871618,0,"[5.43511, -5.085, -1.2419, -2.42959, -3.28037, -1.7573, 1.9189, -0.72215, 2.35824, -1.84901, 0.41538, 1.18237, 0.48259, -4.75337, -0.05672, -0.6142, -4.23042, -1.45574, 3.44833, -1.50151, 1.04965, -0.33482]"
43,sub10,supLP120,0,sub10-c__0126__pickup.npy,11,pickup,0,0.7145865,0,"[5.06163, -5.08741, -1.2723, -2.65007, -3.1967, -2.01166, 1.54816, -1.10299, 2.32092, -1.54353, 1.09383, 1.67913, 0.88341, -5.28319, -0.00109, -0.72562, -3.90213, -1.31235, 3.37921, -1.33157, 1.49535, -0.76508]"
43,sub10,supLP120,0,sub10-c__0127__pushchair.npy,12,pushchair,0,0.6063345,0,"[4.81662, -5.10664, -2.5554, -2.44981, -2.99856, -0.99015, 1.20072, -0.41765, 1.39847, -1.09605, 0.99641, 0.51218, 1.45578, -4.2596, -1.30563, -0.44801, -3.32376, -1.10905, 3.89766, -1.9915, 2.42794, -0.60944]"
43,sub10,supLP120,0,sub10-c__0128__pushchair.npy,12,pushchair,0,0.49193943,0,"[3.98763, -5.15893, -1.96765, -2.6873, -2.88264, -1.25231, 2.10645, -0.19329, 0.81539, -0.54669, 0.86277, 1.63437, 1.45076, -5.03549, -0.75692, -0.54615, -2.85827, -0.73735, 2.9754, -2.54087, 2.2618, -0.4668]"
43,sub10,supLP120,0,sub10-c__0129__pushchair.npy,12,pushchair,0,0.83376807,0,"[5.74411, -4.98879, -1.75, -2.85471, -2.5012, -1.61737, 2.09215, -0.24366, 1.57736, -1.84413, -0.00516, 1.09605, 1.06004, -5.46072, -0.51261, -0.3823, -3.40846, -1.76428, 3.5034, -1.59086, 1.73538, -0.91088]"
43,sub10,supLP120,0,sub10-c__0130__pushchair.npy,12,pushchair,18,0.28986418,0,"[2.96141, -4.80572, -1.36652, -2.22602, -3.04319, -0.96553, 1.80113, -0.8254, 0.92295, 0.11127, 1.1051, 2.22671, 1.28618, -5.14294, -1.2587, -0.04072, -2.7433, -0.13504, 3.13311, -2.19021, 2.011, -1.27006]"
