seed,subject,method,k,file,true_id,true_label,pred_id,conf,correct,logits
43,sub10,scratch,0,sub10-a__0001__wave.npy,21,wave,21,0.99932253,1,"[2.63461, 4.69676, 2.64207, 1.7825, -8.04767, -2.24669, -8.55469, -0.38298, 10.82712, -4.64016, -1.92534, -7.03722, 3.3252, 0.71674, -6.28986, -3.74992, -2.68448, 0.42307, 0.52611, -8.65065, 5.992, 18.13487]"
43,sub10,scratch,0,sub10-a__0002__wave.npy,21,wave,21,0.9980209,1,"[3.18032, 4.62208, 3.54945, 0.90098, -7.78758, -1.92998, -8.73978, -1.23155, 11.15786, -4.08977, -1.668, -7.16084, 3.00794, 0.25845, -6.35088, -3.55812, -3.236, 0.76171, -0.32299, -8.15488, 7.03565, 17.39968]"
43,sub10,scratch,0,sub10-a__0003__wave.npy,21,wave,21,0.9987865,1,"[3.4741, 5.32856, 2.38881, 1.35839, -7.22065, -0.57362, -9.60304, 0.75888, 10.27125, -5.3828, -2.00588, -7.1245, 2.75757, 0.01205, -4.47728, -5.0111, -1.9074, -0.72366, -1.22759, -7.81436, 6.3056, 17.01239]"
43,sub10,scratch,0,sub10-a__0004__wave.npy,21,wave,21,0.9990181,1,"[3.55827, 4.76436, 2.98175, 1.36532, -7.02437, -0.80467, -9.90565, -0.49029, 10.20877, -4.29643, -1.19625, -7.43801, 3.17962, 0.21909, -5.7991, -4.50117, -2.32939, -0.26181, -1.20657, -7.78288, 7.26635, 17.19223]"
43,sub10,scratch,0,sub10-a__0005__wave.npy,21,wave,21,0.9999292,1,"[3.50623, 5.5581, 0.99125, 5.32983, -5.61945, -0.05698, -10.64477, 2.02106, 7.1703, -6.14755, -2.37398, -8.48309, 2.58305, 2.65889, -4.41708, -6.24786, 0.12854, -2.12387, -1.60398, -8.03528, 5.53601, 17.20176]"
43,sub10,scratch,0,sub10-a__0006__wave.npy,21,wave,21,0.9998355,1,"[3.36528, 4.90796, 2.62508, 3.94613, -6.51878, -1.13583, -10.07174, -0.06906, 8.8939, -4.87532, -2.21796, -8.2291, 2.93869, 2.25129, -5.8869, -5.01945, -1.27256, -0.60946, -1.46341, -8.31733, 6.64533, 17.73959]"
43,sub10,scratch,0,sub10-a__0007__bow.npy,2,bow,2,0.99932635,1,"[4.80803, 0.86457, 15.5676, -1.04386, -4.0514, -3.30049, -0.76248, -11.06478, 4.55197, 5.18627, -0.53034, -0.23179, 0.64208, 1.32195, -8.99595, 2.14165, -5.19446, 4.75474, -6.66864, -6.28819, 8.11402, 2.71117]"
43,sub10,scratch,0,sub10-a__0008__bow.npy,2,bow,2,0.99969363,1,"[3.8287, -0.04694, 16.09222, -1.38161, -3.64653, -3.26361, 0.40985, -11.32097, 4.17404, 6.25806, -0.46424, 1.05365, 0.16468, 0.71338, -9.10541, 3.14588, -5.17754, 5.39612, -6.46049, -6.02868, 7.64725, 1.6909]"
43,sub10,scratch,0,sub10-a__0009__bow.npy,2,bow,2,0.9996841,1,"[3.62534, 0.59673, 15.84964, -1.0314, -3.44752, -3.42479, 0.17146, -11.28925, 4.1684, 6.21054, -0.62791, 0.49558, 0.51645, 1.56063, -9.51186, 2.84147, -4.81956, 4.94464, -6.27576, -6.1907, 7.40164, 1.96764]"
43,sub10,scratch,0,sub10-a__0010__bow.npy,2,bow,2,0.99949825,1,"[3.73238, 0.2118, 15.78084, -0.67468, -3.27976, -3.43245, -0.13967, -11.21234, 4.09389, 5.92917, -0.7664, 0.07117, 0.49808, 1.34179, -9.65195, 2.90546, -4.835, 5.00699, -6.31807, -5.79859, 7.97891, 2.13956]"
43,sub10,scratch,0,sub10-a__0011__bow.npy,2,bow,2,0.99965763,1,"[4.13054, 0.67644, 15.78733, -1.1515, -3.8115, -3.60758, 0.0049, -11.22502, 4.30049, 5.76573, -0.42751, 0.47064, 0.85832, 1.31526, -9.12662, 2.54492, -5.01217, 4.61454, -6.36286, -6.18487, 7.53506, 2.04711]"
43,sub10,scratch,0,sub10-a__0012__bow.npy,2,bow,2,0.99976295,1,"[3.32739, -0.3124, 16.15901, -0.89963, -3.67468, -3.78329, 0.66148, -11.17098, 4.28767, 6.11551, -0.85417, 1.21785, 1.10221, 0.836, -9.1148, 2.93934, -4.78097, 4.87777, -6.35207, -5.74424, 7.46659, 1.66185]"
43,sub10,scratch,0,sub10-a__0013__crossarms.npy,5,crossarms,5,0.9995315,1,"[2.69829, 8.61027, -7.51203, 4.73321, 0.06922, 16.44641, -5.44442, 4.37585, -4.83295, -5.66927, -1.29966, -1.70211, -6.8939, 4.45436, 5.92754, -4.48306, 5.85997, -2.66901, -2.12397, -5.35616, -2.64156, -3.73096]"
43,sub10,scratch,0,sub10-a__0014__crossarms.npy,5,crossarms,5,0.9957073,1,"[3.46252, 8.13611, -7.1501, 9.2397, 0.90471, 15.11265, -7.52071, 2.58456, -6.13002, -5.39443, -0.65117, -4.5574, -5.80774, 7.10042, 3.40155, -5.04281, 6.64475, -3.17527, -2.66526, -6.07983, -1.08923, -1.44981]"
43,sub10,scratch,0,sub10-a__0015__crossarms.npy,5,crossarms,5,0.9917875,1,"[3.00819, 8.25636, -6.93291, 10.14922, 0.65482, 15.1708, -7.95312, 2.90751, -5.90554, -5.73907, -1.48647, -4.71289, -5.55103, 7.24407, 2.95529, -5.13617, 7.11183, -2.9655, -2.81909, -6.70288, -1.07779, -0.2731]"
43,sub10,scratch,0,sub10-a__0016__crossarms.npy,5,crossarms,5,0.9933495,1,"[3.61907, 7.67022, -7.02075, 9.90067, 0.63629, 15.09466, -7.90146, 2.46027, -6.13143, -5.42913, -0.60864, -4.68556, -5.64056, 7.03717, 3.07175, -5.07179, 6.63255, -3.08498, -2.75599, -6.21522, -0.64168, -0.90803]"
43,sub10,scratch,0,sub10-a__0017__crossarms.npy,5,crossarms,5,0.99158865,1,"[3.51384, 7.65579, -6.46588, 10.16198, 0.06113, 15.0664, -8.54267, 2.43264, -5.3748, -5.6697, -1.04855, -4.83601, -5.13152, 6.60779, 2.64824, -5.23911, 6.70589, -2.87653, -3.13781, -6.78406, -0.07563, 0.57978]"
43,sub10,scratch,0,sub10-a__0018__airpunch.npy,1,airpunch,8,0.9296866,0,"[0.75817, 7.17107, 1.91026, -9.39937, -4.65998, -2.6397, 2.50234, 7.99921, 11.1801, -5.51733, -4.77279, 1.13563, -3.86916, -4.30547, 7.01524, -2.42647, -2.15356, -3.03314, 0.00304, 1.07149, -5.31456, -2.28648]"
43,sub10,scratch,0,sub10-a__0019__airpunch.npy,1,airpunch,0,0.477422,0,"[6.90795, 6.208, 4.53622, 0.79598, -5.91445, 3.76182, -4.724, -9.7442, 3.83692, 2.2635, 5.10385, -4.01121, -1.36604, 4.64472, -6.21636, 0.11464, -2.59381, 2.13579, -2.64946, -8.43879, 4.71637, 2.56783]"
43,sub10,scratch,0,sub10-a__0020__airpunch.npy,1,airpunch,8,0.99946004,0,"[2.59647, 1.93815, 3.85097, -12.22515, -6.60566, -3.11666, 4.61203, 2.77796, 13.39215, -2.94422, -1.37972, 2.13115, -3.73669, -8.30851, 4.95055, 0.62557, -7.37048, 0.87412, 2.04614, 1.94781, -0.67246, -2.87688]"
43,sub10,scratch,0,sub10-a__0021__airpunch.npy,1,airpunch,8,0.99918026,0,"[1.85299, 2.44399, 3.5084, -12.16553, -6.35167, -3.08514, 4.82353, 3.59031, 13.1347, -3.18967, -2.13508, 2.43011, -3.82937, -7.87814, 5.14404, 0.44827, -6.68593, 0.65808, 2.43147, 1.64006, -1.37023, -2.961]"
43,sub10,scratch,0,sub10-a__0022__airpunch.npy,1,airpunch,8,0.9961868,0,"[1.3295, 4.7211, 3.22364, -12.55706, -5.68705, -2.79103, 4.0544, 4.65129, 12.38596, -3.75223, -3.01632, 2.74641, -3.10313, -7.31073, 6.3793, -0.49822, -4.63739, -0.90923, 0.50704, 1.5797, -3.08474, -2.80049]"
43,sub10,scratch,0,sub10-a__0023__airpunch.npy,1,airpunch,8,0.99737644,0,"[2.53259, 2.82548, 1.87035, -10.98916, -6.32278, -3.24735, 4.67005, 4.21871, 12.42937, -4.22419, -2.01923, 1.02742, -4.05018, -6.82272, 6.00313, -0.28155, -6.75202, -0.27786, 3.48621, 1.61475, -1.69078, -2.88891]"
43,sub10,scratch,0,sub10-a__0024__airpunch.npy,1,airpunch,8,0.9995578,0,"[2.59342, 3.12479, 1.79169, -9.96376, -7.48525, -3.10365, 3.18695, 4.1162, 13.67493, -4.66293, -1.74475, 0.03005, -3.27624, -6.82278, 5.06169, -1.03912, -7.13945, -0.54875, 4.54878, -0.01617, -0.66665, -0.42573]"
43,sub10,scratch,0,sub10-a__0025__drink.npy,7,drink,7,0.9402071,1,"[3.46591, 9.28672, -5.369, 4.73628, 1.45548, 5.65531, -5.08203, 12.16133, -3.1322, -9.7131, -6.03126, -5.89548, -5.9779, 4.56839, 6.67329, -8.11463, 3.79265, -5.81588, -1.65811, -1.20098, -1.78152, -1.42748]"
43,sub10,scratch,0,sub10-a__0026__drink.npy,7,drink,7,0.9772784,1,"[3.28377, 8.81228, -6.37716, 5.89158, 1.89323, 5.58081, -4.80181, 12.83894, -4.4574, -10.00016, -6.10949, -6.13262, -6.01964, 5.29339, 7.01665, -8.26159, 4.15871, -6.07554, -0.95051, -0.918, -2.09754, -1.92589]"
43,sub10,scratch,0,sub10-a__0027__drink.npy,7,drink,7,0.98207825,1,"[3.44144, 8.32982, -6.93899, 7.41048, 2.46403, 5.33832, -5.00095, 12.93362, -5.59288, -10.06931, -5.9943, -6.89171, -6.05599, 6.31461, 6.76962, -8.37416, 4.38364, -6.31418, -0.72044, -0.55554, -2.0419, -2.41183]"
43,sub10,scratch,0,sub10-a__0028__drink.npy,7,drink,7,0.96823615,1,"[3.13544, 8.33796, -6.84955, 8.61531, 3.12566, 6.19192, -5.96549, 12.79651, -6.34896, -9.80082, -6.14088, -7.22105, -5.93546, 6.93525, 5.97884, -8.44999, 5.23652, -6.30476, -1.32576, -0.78392, -1.72703, -2.19301]"
43,sub10,scratch,0,sub10-a__0029__drink.npy,7,drink,7,0.98014694,1,"[2.95324, 8.57515, -6.68579, 7.59927, 2.61351, 5.77167, -5.61039, 12.96675, -5.49127, -9.94984, -6.3294, -6.92058, -5.75946, 6.15488, 6.03964, -8.30492, 4.84539, -6.11454, -0.93942, -0.83018, -1.74647, -1.76735]"
43,sub10,scratch,0,sub10-a__0030__drink.npy,7,drink,7,0.9754167,1,"[2.15468, 9.04027, -6.43934, 8.39789, 2.51683, 5.54949, -6.32857, 13.23296, -5.08179, -10.20289, -6.89062, -7.14688, -4.93412, 6.17112, 5.20594, -8.40403, 5.56288, -6.14518, -0.9483, -1.60147, -1.77487, -0.19517]"
43,sub10,scratch,0,sub10-a__0031__brushteeth.npy,3,brushteeth,1,0.8918728,0,"[0.86707, 12.0954, 3.76164, 2.04154, -2.68262, 9.72642, -7.42994, -8.32449, 2.05306, 1.78315, -0.79638, -2.70858, -0.7076, 8.40664, -8.24526, 0.48088, 4.1985, 3.00096, -5.08824, -12.76244, 0.83939, 5.75957]"
43,sub10,scratch,0,sub10-a__0032__brushteeth.npy,3,brushteeth,1,0.75611824,0,"[1.37399, 11.49828, 3.56382, 1.50441, -3.27303, 10.31093, -7.56868, -8.27337, 2.328, 1.6532, -0.27287, -2.29215, -0.78033, 7.20652, -7.61963, 0.43715, 3.77672, 3.17116, -5.10886, -12.52072, 1.49638, 5.49608]"
43,sub10,scratch,0,sub10-a__0033__brushteeth.npy,3,brushteeth,1,0.7909988,0,"[1.35004, 11.19864, 4.03858, 1.81301, -2.83553, 9.72481, -7.8067, -8.51425, 2.14677, 2.04215, -0.32642, -2.81666, -0.53855, 7.64848, -8.48351, 0.49362, 3.62127, 3.18683, -5.20247, -12.28192, 2.10446, 5.75524]"
43,sub10,scratch,0,sub10-a__0034__brushteeth.npy,3,brushteeth,1,0.8476807,0,"[1.25961, 11.72797, 3.72283, 1.9807, -2.64458, 9.81254, -7.60348, -8.48412, 1.7436, 1.90587, -0.33742, -2.71342, -0.51606, 8.20196, -8.24668, 0.40372, 4.02755, 2.84525, -5.19849, -12.41643, 1.38606, 5.41922]"
43,sub10,scratch,0,sub10-a__0035__brushteeth.npy,3,brushteeth,1,0.86315393,0,"[1.43393, 11.63604, 3.9542, 2.1383, -2.326, 9.42207, -7.68918, -8.60001, 1.50496, 2.04911, -0.34508, -3.09555, -0.42808, 8.55637, -8.5436, 0.26744, 3.91271, 2.71315, -5.35602, -12.19286, 1.74981, 5.40477]"
43,sub10,scratch,0,sub10-a__0036__highfive.npy,8,highfive,8,0.9985678,1,"[5.63545, 0.98852, 5.4487, -11.26765, -8.083, -0.60282, -2.24636, -1.58719, 13.87614, -1.43092, 2.78518, -0.02131, 0.01754, -10.03857, 0.30033, -0.62811, -8.36311, 1.31994, 0.07568, -0.5384, 6.87465, 2.67405]"
43,sub10,scratch,0,sub10-a__0037__highfive.npy,8,highfive,8,0.99815077,1,"[5.7632, 0.08372, 4.94553, -12.31786, -7.61762, -0.38835, 0.23481, -0.56247, 12.82071, -1.48746, 2.54589, 1.64089, -1.72873, -10.23807, 3.07209, -0.60256, -8.42401, 1.32923, -0.14374, 0.59226, 5.16312, -0.03871]"
43,sub10,scratch,0,sub10-a__0038__highfive.npy,8,highfive,8,0.9953121,1,"[6.38325, -0.1298, 4.78766, -11.97506, -7.81879, -0.01968, -0.60789, -1.03506, 12.42962, -1.54227, 3.17887, 1.53058, -1.11481, -10.47905, 2.96155, -0.82382, -8.27661, 1.18386, -0.53545, 0.59519, 6.01034, 0.11478]"
43,sub10,scratch,0,sub10-a__0039__highfive.npy,8,highfive,8,0.9978369,1,"[5.68368, -0.01924, 4.34228, -12.36481, -7.69285, -0.0169, 0.41617, -0.05051, 12.5131, -1.95067, 2.42235, 2.18291, -1.70763, -10.40917, 4.26171, -0.87239, -8.00196, 1.08474, -0.33481, 0.71104, 4.75204, -0.3203]"
43,sub10,scratch,0,sub10-a__0040__highfive.npy,8,highfive,8,0.9972589,1,"[6.18943, 0.27241, 4.86714, -11.67836, -8.06794, -0.03951, -1.27889, -0.99509, 12.86763, -1.8113, 3.08518, 1.232, -0.63456, -10.47479, 2.31651, -0.89438, -8.05547, 1.0745, -0.45892, 0.13559, 5.99334, 1.03954]"
43,sub10,scratch,0,sub10-a__0041__highfive.npy,8,highfive,8,0.99636024,1,"[6.36357, 0.65578, 4.28634, -11.63851, -8.20559, 0.53706, -1.96362, -1.03304, 12.60501, -1.92034, 3.53867, 1.39015, 0.08956, -10.33544, 3.24589, -1.67481, -7.38236, 0.1671, -1.0641, -0.03434, 5.88806, 1.06418]"
43,sub10,scratch,0,sub10-a__0042__wave.npy,21,wave,21,0.68678457,1,"[2.09304, 5.42782, 3.85553, -3.91766, -8.94054, -0.43277, -7.35371, 0.25824, 14.11056, -4.59301, -2.76753, -4.11599, 2.45223, -3.94608, -2.77918, -3.46, -3.52472, 0.95762, -0.63803, -7.43576, 6.05518, 14.89623]"
43,sub10,scratch,0,sub10-a__0043__wave.npy,21,wave,21,0.7553842,1,"[2.39906, 4.91445, 5.369, -3.59138, -8.62693, -0.64617, -7.84676, -0.88888, 14.01067, -3.85768, -2.81423, -4.37778, 2.53704, -3.86658, -4.06935, -2.98855, -3.77908, 1.72988, -1.69297, -7.35798, 7.31416, 15.13976]"
43,sub10,scratch,0,sub10-a__0044__wave.npy,21,wave,21,0.89209783,1,"[1.57591, 5.17868, 5.98017, -3.06084, -8.70416, -1.28958, -7.96307, -2.0974, 14.09261, -2.94124, -2.90206, -4.46991, 3.59636, -2.8342, -6.04224, -2.24742, -3.56536, 2.32807, -1.30987, -8.2307, 7.41249, 16.20669]"
43,sub10,scratch,0,sub10-a__0045__wave.npy,21,wave,21,0.9667891,1,"[2.77495, 6.23053, 3.27707, -1.52654, -7.2479, 1.08354, -8.96391, 1.98147, 11.60182, -5.724, -3.58478, -5.27415, 1.56562, -2.65504, -1.94152, -5.09991, -1.65821, -0.4188, -2.51956, -7.15024, 6.09475, 14.98212]"
43,sub10,scratch,0,sub10-a__0046__wave.npy,21,wave,21,0.9844263,1,"[2.46656, 6.01643, 4.07535, -0.97797, -7.30927, 0.59152, -9.62323, 0.54594, 11.98424, -4.85554, -3.36148, -5.84101, 2.39661, -2.02656, -4.02373, -4.37896, -1.84289, 0.31772, -2.38007, -7.68594, 6.96179, 16.14037]"
43,sub10,scratch,0,sub10-a__0047__bow.npy,2,bow,2,0.99834955,1,"[4.7488, -1.05179, 16.30829, -2.33503, -5.27288, -2.66229, -1.56665, -10.22646, 6.02475, 4.75613, -0.90063, 1.8013, 1.70116, -2.00974, -6.90422, 1.43785, -5.41534, 4.77771, -7.92696, -5.47863, 9.86247, 2.91581]"
43,sub10,scratch,0,sub10-a__0048__bow.npy,2,bow,2,0.9995384,1,"[3.20976, -1.6043, 16.98965, -2.13183, -4.62033, -2.89819, -0.58051, -10.23872, 5.92873, 5.63642, -1.73869, 2.64643, 1.42314, -1.78744, -7.77381, 2.43755, -5.0345, 5.53997, -7.70107, -5.35722, 9.21666, 2.39381]"
43,sub10,scratch,0,sub10-a__0049__bow.npy,2,bow,2,0.99958664,1,"[3.43533, -1.88229, 17.06807, -1.9083, -4.20096, -2.85625, -0.22021, -10.33273, 5.08443, 5.8051, -1.60349, 2.7809, 1.3905, -1.64271, -7.64212, 2.40905, -5.00042, 5.23463, -7.89237, -4.98499, 9.20479, 1.61836]"
43,sub10,scratch,0,sub10-a__0050__bow.npy,2,bow,2,0.999889,1,"[2.60528, -0.8705, 17.43011, -1.84274, -4.23054, -3.41377, 0.40065, -10.25488, 5.57263, 5.59982, -2.63564, 2.91256, 1.39172, -0.94283, -7.85908, 2.67417, -4.66148, 5.44175, -7.6128, -5.7103, 8.10189, 1.96003]"
43,sub10,scratch,0,sub10-a__0051__bow.npy,2,bow,2,0.9997799,1,"[3.46839, -1.9958, 17.17187, -2.56683, -4.9114, -2.83752, 0.29883, -10.32883, 5.6354, 5.86119, -1.25842, 3.75024, 1.01583, -2.36217, -6.70377, 2.53675, -5.26604, 5.53991, -7.77553, -5.4183, 8.5821, 1.39957]"
43,sub10,scratch,0,sub10-a__0052__crossarms.npy,5,crossarms,5,0.9999057,1,"[1.12925, 7.87994, -6.17015, 1.25418, -1.35965, 17.75241, -4.46455, 6.07052, -2.52517, -5.89939, -3.56561, 1.68735, -7.39493, 0.76679, 7.29774, -3.58635, 5.58223, -0.45678, -2.83736, -5.55707, -2.53676, -3.30476]"
43,sub10,scratch,0,sub10-a__0053__crossarms.npy,5,crossarms,5,0.99993193,1,"[1.92613, 7.17592, -6.16792, 2.61442, -1.2308, 17.54051, -5.19672, 5.31545, -3.06945, -5.91036, -2.96985, 0.71815, -7.24734, 1.10904, 6.95989, -3.75747, 5.42856, -0.67489, -3.12841, -5.27674, -1.39998, -2.97148]"
43,sub10,scratch,0,sub10-a__0054__crossarms.npy,5,crossarms,5,0.9999167,1,"[1.67541, 7.79176, -5.95385, 4.86785, -0.39882, 17.63515, -6.51268, 5.06657, -4.11374, -5.927, -3.53422, -0.5126, -6.85693, 2.61105, 5.75337, -4.27589, 6.62598, -1.1171, -3.73102, -5.95027, -1.01078, -1.79285]"
43,sub10,scratch,0,sub10-a__0055__crossarms.npy,5,crossarms,5,0.9998661,1,"[1.5255, 8.2005, -5.96073, 3.65823, -0.97267, 17.40255, -6.31022, 5.33221, -3.07468, -6.16863, -3.57184, -0.27643, -6.54411, 1.93661, 5.98298, -4.36396, 6.28751, -1.20128, -3.37614, -5.93319, -1.13904, -1.50957]"
43,sub10,scratch,0,sub10-a__0056__crossarms.npy,5,crossarms,5,0.99989474,1,"[1.36491, 8.3744, -5.31546, 4.16975, -1.1823, 17.81782, -6.98595, 4.74642, -2.81727, -6.11974, -3.91415, -0.16945, -6.12532, 1.93659, 5.53693, -4.39813, 6.88074, -0.94413, -4.23316, -6.70348, -0.83122, -0.45139]"
43,sub10,scratch,0,sub10-a__0057__airpunch.npy,1,airpunch,8,0.9997099,0,"[3.46975, 3.03735, 2.24849, -8.72788, -6.89011, -1.35722, 1.45376, 3.32337, 13.30366, -4.67798, -1.31867, -1.52164, -4.24802, -6.89516, 3.56328, -0.91208, -7.42716, 0.5894, 3.57084, -0.19901, 1.20634, 0.41217]"
43,sub10,scratch,0,sub10-a__0058__airpunch.npy,1,airpunch,8,0.9999,0,"[2.8133, 2.04676, 3.10218, -10.13454, -8.51768, -2.59327, 2.91218, 1.63207, 15.10354, -3.9168, -0.74568, -0.19021, -3.46056, -8.33911, 2.39309, 0.74599, -8.71235, 1.80921, 5.57955, -0.93155, 1.3829, 0.9303]"
43,sub10,scratch,0,sub10-a__0059__airpunch.npy,1,airpunch,8,0.99360305,0,"[3.0858, 1.80288, 2.42075, -11.56789, -6.71739, -3.0411, 5.74658, 3.05578, 12.00082, -3.33696, -1.15737, 1.62161, -4.23893, -7.53616, 6.42941, -0.32995, -7.86818, 0.1353, 3.7813, 1.27216, -0.65764, -3.02316]"
43,sub10,scratch,0,sub10-a__0060__airpunch.npy,1,airpunch,8,0.68156034,0,"[3.32, 3.0275, 0.49321, -9.87144, -5.98513, -2.35976, 5.49487, 5.51531, 9.82166, -5.16253, -2.10221, 1.43139, -4.97193, -5.7946, 8.99119, -1.78986, -6.18612, -1.52004, 3.28205, 1.57417, -2.43673, -4.42289]"
43,sub10,scratch,0,sub10-a__0061__airpunch.npy,1,airpunch,8,0.95075035,0,"[3.43791, 3.32001, 0.3942, -9.3998, -6.61354, -2.06629, 4.43103, 5.1284, 10.88818, -5.89519, -2.27411, 0.29509, -4.62315, -6.21426, 7.78694, -1.70665, -6.52216, -1.29827, 3.83377, 1.06971, -1.56792, -2.87226]"
43,sub10,scratch,0,sub10-a__0062__airpunch.npy,1,airpunch,8,0.97397965,0,"[2.98061, 3.77035, 0.3536, -8.42649, -6.09799, -1.9283, 3.1377, 6.25429, 11.04036, -6.17207, -2.62826, -0.33496, -4.6903, -5.78343, 6.91262, -1.84462, -6.03534, -1.31708, 3.88839, 0.81235, -1.58983, -2.29328]"
43,sub10,scratch,0,sub10-a__0063__drink.npy,7,drink,7,0.9474678,1,"[2.74818, 9.44219, -5.60823, 5.51768, 1.27613, 5.56787, -5.67848, 12.43357, -2.99875, -10.19539, -6.51251, -6.06063, -4.96593, 4.16785, 6.46152, -8.16655, 4.33145, -5.77897, -1.41201, -1.6648, -1.47587, -0.16671]"
43,sub10,scratch,0,sub10-a__0064__drink.npy,7,drink,7,0.9703935,1,"[2.89112, 8.90329, -6.23802, 7.95174, 2.53625, 5.93273, -6.16494, 12.84939, -5.28434, -10.2682, -6.55413, -6.89772, -5.21874, 5.9097, 6.07099, -8.52995, 5.31605, -6.35826, -1.62026, -1.19462, -1.61446, -1.10458]"
43,sub10,scratch,0,sub10-a__0065__drink.npy,7,drink,7,0.97938216,1,"[3.36394, 8.50544, -6.4303, 6.50481, 2.43054, 5.75492, -5.184, 12.74192, -5.12858, -9.92308, -6.13713, -6.54589, -5.86843, 5.55539, 6.80103, -8.2565, 4.25525, -6.09542, -1.22004, -0.41883, -1.46864, -2.36754]"
43,sub10,scratch,0,sub10-a__0066__drink.npy,7,drink,7,0.9860189,1,"[2.99996, 8.64116, -6.67484, 6.569, 2.46509, 5.94787, -5.06828, 13.24803, -5.19966, -10.05519, -6.2277, -6.31426, -5.94621, 5.56277, 6.79094, -8.1576, 4.60668, -6.17491, -0.92171, -0.40018, -2.09721, -2.6789]"
43,sub10,scratch,0,sub10-a__0067__drink.npy,7,drink,7,0.97665566,1,"[2.9137, 9.02973, -6.13171, 5.69549, 1.9736, 5.77935, -5.21438, 12.94378, -4.15518, -10.00473, -6.24199, -6.04559, -5.63113, 4.83164, 6.67638, -8.18934, 4.41146, -6.03835, -1.14054, -0.90911, -1.86581, -1.60828]"
43,sub10,scratch,0,sub10-a__0068__drink.npy,7,drink,7,0.9789834,1,"[2.88859, 8.70575, -6.53798, 7.84538, 2.81305, 6.12169, -5.89879, 13.05976, -5.68139, -10.13878, -6.42949, -6.90297, -5.56774, 6.03805, 6.02407, -8.32448, 5.12002, -6.20866, -1.2832, -0.79878, -1.63923, -1.82135]"
43,sub10,scratch,0,sub10-a__0069__brushteeth.npy,3,brushteeth,13,0.5104865,0,"[-0.8477, 11.99644, 2.13081, 7.64807, -1.42935, 6.81835, -9.42946, -5.86933, 1.83275, -0.33034, -3.62604, -6.68487, 0.98409, 12.26827, -9.48192, -1.55679, 5.93792, 1.41478, -4.22501, -12.95426, 1.0602, 10.55838]"
43,sub10,scratch,0,sub10-a__0070__brushteeth.npy,3,brushteeth,1,0.7270388,0,"[0.68483, 11.39957, 3.99073, 1.62265, -3.75837, 10.37416, -7.73654, -8.11188, 3.12401, 1.22756, -1.23011, -1.82857, -0.35933, 6.63878, -7.55616, 0.68071, 4.10731, 3.59708, -5.35296, -12.82453, 1.57661, 6.29602]"
43,sub10,scratch,0,sub10-a__0071__brushteeth.npy,3,brushteeth,1,0.6265014,0,"[0.77694, 11.18979, 4.03477, 1.36484, -3.97149, 10.64969, -7.31919, -8.09083, 3.1176, 1.35328, -1.11123, -1.27386, -0.85049, 6.18433, -7.10788, 0.91835, 3.94642, 3.87527, -5.28532, -12.82408, 1.34657, 5.68386]"
43,sub10,scratch,0,sub10-a__0072__brushteeth.npy,3,brushteeth,1,0.70445216,0,"[1.0508, 10.88079, 4.55523, 1.23422, -4.26135, 9.96273, -7.63268, -8.30318, 3.69113, 1.2716, -1.09952, -1.61904, -0.35546, 5.77147, -7.35392, 0.77544, 3.57076, 3.82358, -5.50044, -12.50079, 2.22063, 6.24659]"
43,sub10,scratch,0,sub10-a__0073__brushteeth.npy,3,brushteeth,1,0.7732477,0,"[0.80806, 11.25848, 4.22116, 1.66906, -3.68947, 9.96111, -7.72786, -8.29869, 3.09068, 1.51569, -0.97204, -1.90252, -0.27348, 6.80593, -7.77593, 0.65679, 4.02684, 3.45821, -5.39518, -12.62108, 1.71667, 6.10545]"
43,sub10,scratch,0,sub10-a__0074__brushteeth.npy,3,brushteeth,1,0.7623754,0,"[1.00309, 11.52449, 4.06717, 1.55667, -3.52689, 10.31193, -7.65294, -8.19715, 2.71416, 1.42761, -0.94311, -1.84783, -0.49452, 6.86924, -7.54331, 0.55443, 4.07634, 3.30908, -5.45808, -12.62063, 1.54205, 5.70651]"
43,sub10,scratch,0,sub10-a__0075__brushteeth.npy,3,brushteeth,1,0.6623401,0,"[1.00734, 10.87772, 4.63133, 0.7723, -4.59695, 10.17162, -7.37049, -8.2285, 4.02443, 1.37954, -0.97286, -1.09046, -0.6592, 5.32853, -7.17604, 0.98525, 3.44147, 4.04081, -5.35712, -12.61667, 1.8614, 5.9608]"
43,sub10,scratch,0,sub10-a__0076__highfive.npy,8,highfive,8,0.99935204,1,"[5.12333, 0.79323, 5.94525, -11.57275, -9.06431, -1.1911, -1.67555, -2.16986, 14.74263, -1.46324, 2.29231, 0.66113, 0.62612, -10.68651, -0.16592, 0.10356, -8.86305, 1.99938, 0.71469, -1.05051, 6.94819, 2.96196]"
43,sub10,scratch,0,sub10-a__0077__highfive.npy,8,highfive,8,0.99954444,1,"[5.19061, 0.59939, 5.40719, -11.8812, -8.34742, -0.74743, -0.45095, -0.75773, 14.18981, -2.09653, 1.68846, 1.19663, -1.05837, -10.51398, 2.11182, -0.37582, -8.44584, 1.67687, 0.21063, -0.23354, 5.42205, 1.58154]"
43,sub10,scratch,0,sub10-a__0078__highfive.npy,8,highfive,8,0.9990169,1,"[5.50468, 0.50193, 5.4321, -11.9114, -7.87823, -0.55089, -0.50234, -0.61182, 13.56734, -2.02764, 1.79641, 1.17971, -1.2395, -10.37357, 2.43838, -0.6069, -8.32012, 1.44566, -0.27306, 0.10081, 5.55612, 1.1823]"
43,sub10,scratch,0,sub10-a__0079__highfive.npy,8,highfive,8,0.9981883,1,"[5.88239, -0.23242, 5.1009, -12.03146, -7.95922, -0.57739, 0.31474, -0.62607, 13.0019, -1.94015, 2.19889, 1.7197, -1.67529, -10.5315, 3.34697, -0.4786, -8.63982, 1.54673, -0.15392, 0.52325, 5.4203, 0.21401]"
43,sub10,scratch,0,sub10-a__0080__highfive.npy,8,highfive,8,0.99928135,1,"[5.32829, 0.49076, 5.71141, -11.77628, -8.18985, -0.71677, -0.72491, -1.08176, 14.07606, -1.89277, 1.73997, 1.05165, -1.03004, -10.56331, 1.75509, -0.24341, -8.49087, 1.92839, -0.05007, -0.21239, 5.97117, 1.73416]"
43,sub10,scratch,0,sub10-a__0081__highfive.npy,8,highfive,8,0.9994771,1,"[5.27402, 0.99223, 5.50121, -11.34788, -7.94963, -1.06096, -0.68657, -0.66281, 14.23376, -2.59773, 1.15019, 0.17318, -1.29676, -10.15734, 1.57101, -0.33813, -8.55834, 1.69872, 0.51321, -0.13336, 5.78523, 1.93688]"
43,sub10,scratch,0,sub10-a__0082__wave.npy,21,wave,8,0.9742905,0,"[2.73131, 3.86883, 5.57783, -7.11135, -8.70347, 0.04467, -5.97193, -0.05533, 15.13726, -3.92983, -2.53746, -2.282, 1.35046, -7.24704, -1.80007, -2.16633, -5.20131, 2.14432, -1.35487, -5.13603, 7.19813, 11.48529]"
43,sub10,scratch,0,sub10-a__0083__wave.npy,21,wave,8,0.8504987,0,"[2.76147, 4.49759, 6.23656, -6.20206, -8.57242, -0.22527, -7.19092, -1.45529, 14.7347, -3.04405, -2.04838, -3.19839, 2.49597, -5.91567, -3.74002, -2.24449, -4.82532, 2.01076, -1.82936, -6.10341, 7.91404, 12.9885]"
43,sub10,scratch,0,sub10-a__0084__wave.npy,21,wave,8,0.6998966,0,"[2.36361, 4.10613, 6.13646, -5.60219, -8.88851, -1.07085, -7.08135, -2.46789, 14.8198, -2.53764, -1.64063, -3.49256, 3.20984, -5.354, -4.89901, -1.63885, -5.05166, 2.52921, -0.95062, -6.62989, 8.31693, 13.969]"
43,sub10,scratch,0,sub10-a__0085__wave.npy,21,wave,21,0.97484356,1,"[2.76529, 5.40066, 4.73761, -1.214, -7.24149, 0.56676, -9.81825, 0.34911, 11.99249, -4.65718, -3.3152, -5.59918, 2.53649, -2.66721, -4.00942, -4.26999, -2.14108, 0.51175, -3.08213, -7.20816, 7.68174, 15.66525]"
43,sub10,scratch,0,sub10-a__0086__wave.npy,21,wave,21,0.96375275,1,"[2.36838, 5.25479, 4.9219, -1.84114, -7.69858, 0.21059, -9.35636, 0.25113, 12.60368, -4.6581, -3.57933, -5.02287, 2.91867, -3.2522, -3.8501, -4.026, -2.30702, 0.82637, -2.78211, -7.33496, 7.69521, 15.89272]"
43,sub10,scratch,0,sub10-a__0087__bow.npy,2,bow,2,0.9994855,1,"[3.21272, -0.55596, 16.97305, -1.64992, -4.6639, -2.74548, -1.17674, -9.98776, 6.01828, 4.64259, -2.72723, 2.08478, 2.19584, -1.4861, -7.78446, 1.9228, -4.44666, 4.82424, -8.0419, -5.45498, 9.3409, 2.93568]"
43,sub10,scratch,0,sub10-a__0088__bow.npy,2,bow,2,0.9997875,1,"[2.84943, -1.04221, 17.3169, -2.02684, -4.86537, -3.07996, -0.40789, -10.02019, 6.14874, 5.2539, -2.51445, 3.06088, 1.8329, -1.74832, -7.24817, 2.15415, -4.64727, 5.23668, -7.92188, -5.81378, 8.72176, 2.5968]"
43,sub10,scratch,0,sub10-a__0089__bow.npy,2,bow,2,0.99969804,1,"[2.57911, -1.82262, 17.34692, -1.78119, -4.27418, -2.88221, -0.25888, -10.08131, 5.59168, 5.64095, -2.47694, 3.05008, 1.72713, -1.95093, -7.87517, 2.63511, -4.56702, 5.4232, -7.8692, -4.98668, 9.15745, 1.99911]"
43,sub10,scratch,0,sub10-a__0090__bow.npy,2,bow,2,0.99978656,1,"[3.17858, -2.61008, 17.40258, -2.70341, -4.93253, -2.72081, 0.53186, -9.99697, 5.81085, 5.4876, -1.89401, 4.34739, 1.05736, -3.17109, -6.31497, 2.74078, -5.23815, 5.7856, -7.97488, -4.9231, 8.80836, 1.15262]"
43,sub10,scratch,0,sub10-a__0091__bow.npy,2,bow,2,0.999843,1,"[2.29422, -1.74962, 17.50181, -2.29658, -4.69353, -2.99948, 0.34397, -9.94366, 6.1686, 5.51289, -2.77803, 3.8829, 1.4696, -2.27706, -7.09295, 2.76939, -4.70672, 5.82548, -7.8706, -5.38612, 8.53999, 1.91658]"
43,sub10,scratch,0,sub10-a__0092__crossarms.npy,5,crossarms,5,0.99976724,1,"[1.67955, 7.21594, -7.08193, 1.80132, -0.75392, 17.01067, -3.71651, 6.53145, -3.83594, -6.14274, -3.22729, 1.21785, -7.98234, 1.49101, 8.1432, -3.66619, 5.16094, -0.90192, -2.16977, -4.4373, -2.63416, -4.8266]"
43,sub10,scratch,0,sub10-a__0093__crossarms.npy,5,crossarms,5,0.9999465,1,"[1.97086, 6.96592, -6.11698, 3.87541, -1.23678, 17.70243, -5.88916, 5.34786, -3.62812, -6.20062, -3.32803, 0.45197, -6.80382, 1.35009, 6.80097, -4.0636, 5.92797, -0.75445, -3.57841, -5.59005, -0.88113, -2.23352]"
43,sub10,scratch,0,sub10-a__0094__crossarms.npy,5,crossarms,5,0.99993336,1,"[1.94978, 6.8719, -6.43952, 3.64161, -0.906, 17.63067, -5.53145, 5.90805, -4.05351, -6.26277, -3.49403, 0.53732, -7.15614, 1.53216, 7.1637, -4.12964, 5.86704, -0.81897, -3.38827, -5.12763, -1.12532, -3.06269]"
43,sub10,scratch,0,sub10-a__0095__crossarms.npy,5,crossarms,5,0.9999399,1,"[1.8416, 7.09015, -6.44783, 3.93126, -0.73842, 17.85069, -5.65789, 5.90975, -4.27554, -6.28776, -3.64821, 0.53754, -7.22772, 1.70848, 7.13928, -4.1247, 6.22605, -0.85666, -3.53378, -5.23315, -1.26056, -3.11535]"
43,sub10,scratch,0,sub10-a__0096__crossarms.npy,5,crossarms,5,0.9999255,1,"[1.56204, 7.40633, -5.9684, 5.92356, -0.73477, 17.76139, -7.19294, 5.57247, -4.25193, -6.60899, -4.19494, -0.58766, -6.16601, 2.31075, 5.8312, -4.60545, 7.10238, -1.02504, -4.18346, -6.22046, -0.46763, -0.74369]"
43,sub10,scratch,0,sub10-a__0097__crossarms.npy,5,crossarms,5,0.99993634,1,"[1.64748, 7.4029, -5.71555, 5.80705, -0.60987, 17.82355, -7.07327, 5.20693, -4.28711, -6.33972, -4.10919, -0.5598, -6.46032, 2.33823, 5.58787, -4.29469, 6.96237, -0.80237, -4.25921, -6.12923, -0.42117, -1.1491]"
43,sub10,scratch,0,sub10-a__0098__crossarms.npy,5,crossarms,5,0.99995863,1,"[1.72471, 7.10535, -5.97221, 4.87841, -0.80777, 18.0897, -6.5289, 5.39691, -4.22283, -6.25108, -3.79762, 0.20532, -6.6952, 1.84927, 6.33947, -4.21449, 6.70821, -0.73146, -4.13396, -5.88444, -0.70136, -1.86451]"
43,sub10,scratch,0,sub10-a__0099__airpunch.npy,1,airpunch,8,0.5821051,0,"[1.73984, 5.65303, 0.05895, -7.63949, -4.41775, 1.67502, 1.11965, 8.55571, 9.31142, -6.67314, -4.55879, 0.80243, -5.58717, -4.79187, 7.79988, -2.90919, -2.60256, -1.26652, 0.26167, 0.46685, -2.92389, -3.18884]"
43,sub10,scratch,0,sub10-a__0100__airpunch.npy,1,airpunch,8,0.99903345,0,"[2.742, 3.35195, 1.93236, -9.18586, -7.15486, -0.86614, 2.67637, 4.32008, 12.82885, -5.04632, -2.41308, 0.08382, -4.7938, -6.97469, 5.19899, -0.84198, -6.83276, 0.43984, 3.51475, -0.25142, -0.47456, -1.06713]"
43,sub10,scratch,0,sub10-a__0101__airpunch.npy,1,airpunch,8,0.894807,0,"[2.30923, 4.18531, 0.52297, -8.73561, -5.18176, 0.96024, 2.64604, 6.62302, 10.06862, -5.63981, -3.55785, 1.10341, -6.01822, -5.5568, 7.55804, -1.75877, -4.50346, -0.25128, 1.54439, 0.69724, -2.11837, -3.758]"
43,sub10,scratch,0,sub10-a__0102__airpunch.npy,1,airpunch,8,0.9986546,0,"[2.57868, 1.78765, 2.11642, -9.85159, -7.65896, -2.27664, 5.35544, 2.87008, 13.13336, -4.58158, -2.35249, 0.56031, -5.56243, -7.80409, 4.93885, 1.15249, -8.5929, 2.18411, 5.59124, 0.41532, -0.08269, -2.50566]"
43,sub10,scratch,0,sub10-a__0103__airpunch.npy,1,airpunch,8,0.991912,0,"[3.29505, 2.33907, 1.64035, -9.03563, -6.73864, -1.29302, 4.40409, 4.22351, 11.59018, -5.04313, -2.57325, 0.46753, -6.07624, -6.69447, 6.45712, -0.20595, -7.43892, 1.16349, 3.74561, 0.76747, -0.53875, -3.38935]"
43,sub10,scratch,0,sub10-a__0104__drink.npy,7,drink,7,0.9439446,1,"[2.97336, 9.01889, -5.29101, 7.09706, 2.026, 5.98886, -6.62677, 12.08654, -4.15322, -10.04482, -6.79887, -6.72185, -4.86335, 4.99215, 5.92083, -8.47756, 4.82569, -5.83989, -2.39412, -1.64294, -0.49529, 0.08152]"
43,sub10,scratch,0,sub10-a__0105__drink.npy,7,drink,7,0.9850582,1,"[2.42785, 8.63235, -6.40404, 8.37756, 2.8125, 6.13524, -6.3568, 13.54811, -5.59573, -10.38099, -7.09816, -6.87444, -5.20937, 5.99422, 6.15699, -8.59593, 5.65838, -6.23814, -1.76156, -0.99177, -1.47866, -1.24881]"
43,sub10,scratch,0,sub10-a__0106__drink.npy,7,drink,7,0.98128176,1,"[2.57863, 8.80839, -6.33933, 7.90525, 2.49782, 6.11334, -6.24699, 13.24952, -5.20414, -10.31681, -6.7908, -6.76425, -5.18139, 5.72592, 6.07137, -8.49417, 5.35149, -6.15221, -1.55043, -1.21671, -1.50455, -0.96485]"
43,sub10,scratch,0,sub10-a__0107__drink.npy,7,drink,7,0.9836965,1,"[2.80726, 8.64608, -6.77317, 7.37695, 2.7021, 6.02328, -5.7394, 13.18248, -5.44427, -10.11662, -6.33768, -6.71, -5.57502, 5.84574, 6.34622, -8.30175, 5.02518, -6.21354, -1.10288, -0.62514, -1.69301, -2.03089]"
43,sub10,scratch,0,sub10-a__0108__drink.npy,7,drink,7,0.45915958,1,"[3.72497, 8.65614, -5.17672, 9.4976, 1.36017, 4.86401, -7.69171, 9.73741, -4.08137, -9.81349, -5.85062, -8.1119, -4.03813, 6.22623, 4.521, -8.41499, 4.57395, -5.82561, -2.0919, -2.93557, 0.47165, 2.14673]"
43,sub10,scratch,0,sub10-a__0109__brushteeth.npy,3,brushteeth,1,0.4788334,0,"[-0.51434, 11.45997, 3.77545, 5.97526, -2.0883, 5.91244, -9.07617, -7.25437, 2.79767, 0.8963, -2.82151, -5.90563, 1.57106, 11.26778, -10.18861, -0.89767, 4.88854, 1.99201, -4.61025, -12.81751, 1.96419, 10.08535]"
43,sub10,scratch,0,sub10-a__0110__brushteeth.npy,3,brushteeth,1,0.7032597,0,"[0.28244, 11.1882, 4.30952, 2.03894, -3.27037, 10.26103, -7.15023, -8.1659, 2.54545, 1.70226, -1.5808, -1.54657, -0.97897, 7.1954, -7.93956, 1.23898, 4.20798, 4.1572, -5.30069, -12.97619, 1.02365, 5.78694]"
43,sub10,scratch,0,sub10-a__0111__brushteeth.npy,3,brushteeth,1,0.7453542,0,"[0.29175, 11.15163, 4.91405, 1.80953, -3.5167, 10.0044, -7.35099, -8.37259, 3.02733, 1.75232, -1.792, -1.53098, -0.57531, 6.78671, -8.31028, 1.27879, 4.017, 4.25712, -5.55585, -12.90755, 1.55047, 6.19428]"
43,sub10,scratch,0,sub10-a__0112__brushteeth.npy,3,brushteeth,1,0.6512702,0,"[0.36841, 11.12155, 4.5067, 1.82126, -3.68208, 10.45916, -7.52026, -8.17859, 2.97253, 1.49357, -1.56473, -1.33965, -0.51421, 6.49164, -7.93703, 1.17259, 4.21402, 4.07897, -5.50366, -12.87456, 1.48561, 6.05047]"
43,sub10,scratch,0,sub10-a__0113__brushteeth.npy,3,brushteeth,1,0.7746901,0,"[0.3988, 11.05621, 4.90934, 1.96844, -3.51019, 9.70163, -7.84977, -8.3366, 3.19728, 1.69764, -1.62408, -1.97286, -0.10816, 6.93969, -8.59457, 0.91632, 4.03887, 3.85034, -5.59957, -12.71589, 2.02085, 6.62624]"
43,sub10,scratch,0,sub10-a__0114__highfive.npy,8,highfive,8,0.9978442,1,"[5.85378, 0.16819, 6.44809, -11.04876, -8.6756, -0.43988, -2.12563, -2.15022, 14.05355, -1.44007, 2.14714, 0.79459, -0.22281, -10.56349, 0.72244, -0.40242, -8.50138, 2.19252, -0.92055, -0.79748, 7.45018, 2.67529]"
43,sub10,scratch,0,sub10-a__0115__highfive.npy,8,highfive,8,0.9996761,1,"[4.61418, 0.69755, 5.8358, -11.50778, -8.3396, -0.65846, -0.86423, -0.67784, 14.72807, -2.03305, 0.99512, 0.90923, -1.20885, -10.42154, 1.25373, -0.17371, -8.40724, 2.2481, 0.26738, -0.69465, 5.7907, 2.456]"
43,sub10,scratch,0,sub10-a__0116__highfive.npy,8,highfive,8,0.9993772,1,"[5.17169, 0.82579, 6.13794, -11.34452, -8.17651, -0.98543, -1.14947, -1.10587, 14.49673, -2.1884, 1.11065, 0.31511, -0.97668, -10.30032, 0.80743, -0.21338, -8.65206, 2.00038, 0.14494, -0.47424, 6.32761, 2.5049]"
43,sub10,scratch,0,sub10-a__0117__highfive.npy,8,highfive,8,0.99885535,1,"[5.79843, 1.24087, 6.48176, -10.24662, -8.97553, -0.64285, -2.63664, -2.2771, 14.65151, -2.23013, 1.44654, -0.37594, -0.22693, -9.87015, -0.01215, -0.4206, -8.5099, 2.19328, -0.43893, -1.66647, 7.37166, 3.89917]"
43,sub10,scratch,0,sub10-a__0118__highfive.npy,8,highfive,8,0.9982103,1,"[6.11684, 1.16641, 6.45385, -10.5667, -8.61106, -0.46031, -2.50269, -2.14123, 14.22411, -2.16852, 1.5648, -0.16007, -0.40361, -9.93116, 0.59236, -0.70245, -8.40353, 1.81886, -0.88355, -1.14678, 7.357, 3.11881]"
43,sub10,scratch,0,sub10-a__0119__highfive.npy,8,highfive,8,0.99837613,1,"[6.08217, 0.56439, 6.89174, -10.70186, -8.99317, -1.23639, -1.4337, -2.81435, 14.5037, -1.72187, 1.71213, -0.02237, -0.8656, -10.09768, -0.11523, 0.27888, -9.3952, 2.73273, 0.05749, -1.17998, 7.47908, 2.75218]"
43,sub10,scratch,0,sub10-a__0120__wave.npy,21,wave,8,0.8733068,0,"[3.00811, 4.83324, 4.74529, -5.76328, -7.8102, 1.01063, -7.06661, 1.33309, 13.71623, -4.98278, -3.13506, -3.10114, 1.01096, -6.2778, -0.65022, -3.66055, -3.75331, 0.71176, -2.42342, -5.13468, 6.86065, 11.77633]"
43,sub10,scratch,0,sub10-a__0121__wave.npy,21,wave,8,0.87242275,0,"[3.48505, 3.61005, 6.47231, -5.91516, -8.50412, -0.44612, -6.90863, -1.97352, 14.28703, -2.8177, -1.70415, -3.42593, 1.98822, -5.8496, -3.29925, -2.27835, -5.41407, 2.2134, -2.03439, -5.74968, 8.76056, 12.33365]"
43,sub10,scratch,0,sub10-a__0122__wave.npy,21,wave,8,0.8226312,0,"[3.22254, 3.99297, 6.57076, -5.8183, -8.43821, -0.08038, -7.56231, -1.61833, 14.2888, -2.77211, -1.77179, -3.29647, 2.43404, -5.81954, -3.6623, -2.57583, -4.8351, 1.89327, -2.43135, -5.98106, 8.55652, 12.737]"
43,sub10,scratch,0,sub10-a__0123__wave.npy,21,wave,8,0.92224115,0,"[3.29774, 2.97426, 7.41776, -6.26295, -8.83175, -1.03697, -6.4131, -3.30446, 14.62388, -1.6601, -1.26382, -2.91318, 2.234, -5.93379, -4.37878, -1.36571, -5.99755, 3.15135, -1.91592, -5.94173, 9.26347, 12.08352]"
43,sub10,scratch,0,sub10-a__0124__wave.npy,21,wave,21,0.66681963,1,"[3.2514, 3.97541, 6.79859, -3.5743, -8.16795, -0.32552, -8.5477, -2.04312, 13.3871, -2.89116, -2.33521, -4.34635, 2.81439, -4.35444, -4.82231, -2.6714, -4.27129, 2.10009, -2.88104, -6.67486, 9.23502, 14.09806]"
43,sub10,scratch,0,sub10-a__0125__bow.npy,2,bow,2,0.99967766,1,"[3.02917, -0.47332, 17.17763, -1.77831, -4.52506, -2.69519, -0.9828, -9.84683, 6.0072, 4.79806, -2.92659, 2.3456, 1.71072, -1.37633, -7.59466, 1.96876, -4.40199, 5.06871, -8.14553, -5.66583, 9.05434, 2.8084]"
43,sub10,scratch,0,sub10-a__0126__bow.npy,2,bow,2,0.99977714,1,"[2.55077, 0.24118, 16.99933, -0.98428, -4.09718, -3.06492, -1.16401, -9.77087, 5.96546, 4.79851, -3.38892, 1.58641, 1.78476, -0.17491, -8.1113, 1.95761, -3.92129, 5.00677, -7.94357, -6.09821, 8.44799, 3.08733]"
43,sub10,scratch,0,sub10-a__0127__bow.npy,2,bow,2,0.99992263,1,"[1.63058, 0.06105, 17.4704, -1.01364, -4.11266, -3.44026, 0.07073, -9.73519, 5.99744, 4.86583, -4.26654, 2.54619, 1.67976, -0.19668, -8.13151, 2.64908, -3.89067, 5.58812, -7.75496, -6.29301, 7.66665, 2.77763]"
43,sub10,scratch,0,sub10-a__0128__bow.npy,2,bow,2,0.99980253,1,"[2.31195, -1.56655, 17.38895, -1.68229, -4.52933, -2.88413, 0.00651, -9.79313, 5.95468, 5.12756, -3.16327, 3.31521, 1.47302, -2.04222, -7.63381, 2.87496, -4.55642, 5.78316, -7.75164, -5.38765, 8.71475, 2.14364]"
43,sub10,scratch,0,sub10-a__0129__bow.npy,2,bow,2,0.99978787,1,"[2.21196, -1.81364, 17.44901, -1.75069, -4.3522, -2.86267, -0.00882, -9.77744, 5.85821, 5.26133, -3.21084, 3.4152, 1.56544, -2.10832, -7.51271, 2.83553, -4.49541, 5.80781, -7.93625, -5.19431, 8.86573, 2.00373]"
43,sub10,scratch,0,sub10-a__0130__crossarms.npy,5,crossarms,5,0.9999448,1,"[1.82385, 6.90365, -6.20059, 4.43245, -1.19949, 17.6046, -6.2767, 4.82249, -3.62532, -6.12313, -3.07636, 0.18596, -6.38324, 1.36781, 6.55166, -3.96081, 6.25987, -0.79121, -3.51512, -5.62278, -0.54593, -2.07217]"
43,sub10,scratch,0,sub10-a__0131__crossarms.npy,5,crossarms,5,0.9999088,1,"[1.70721, 7.13269, -6.02074, 6.46064, -0.54721, 17.4435, -7.15383, 4.74598, -4.51581, -6.16538, -3.56178, -0.88318, -6.2218, 2.64762, 5.59588, -4.3092, 7.03782, -0.96268, -3.95925, -6.16909, -0.33442, -1.09139]"
43,sub10,scratch,0,sub10-a__0132__crossarms.npy,5,crossarms,5,0.99989164,1,"[1.54175, 7.08248, -4.95866, 7.03187, -0.97644, 17.37641, -8.19481, 3.93444, -3.74462, -5.89383, -3.89289, -1.20722, -5.43802, 2.42768, 4.3241, -4.18956, 7.20187, -0.48082, -4.57949, -6.92327, 0.66137, 0.60155]"
43,sub10,scratch,0,sub10-a__0133__crossarms.npy,5,crossarms,5,0.99990654,1,"[1.64882, 7.12119, -5.54337, 6.8568, -0.74382, 17.48061, -7.92069, 4.47638, -4.23697, -6.09076, -3.79285, -1.19675, -5.65378, 2.5641, 4.73933, -4.34497, 7.1228, -0.79383, -4.28422, -6.47466, 0.40969, -0.08696]"
43,sub10,scratch,0,sub10-a__0134__crossarms.npy,5,crossarms,5,0.99989605,1,"[2.00877, 6.57373, -5.34892, 7.21175, -1.05195, 17.24849, -7.97648, 4.07943, -4.13141, -6.07936, -3.53558, -1.29601, -5.66344, 2.40518, 4.72341, -4.25055, 6.86341, -0.55675, -4.39739, -6.54368, 0.78485, 0.18324]"
43,sub10,scratch,0,sub10-a__0135__crossarms.npy,5,crossarms,5,0.9999393,1,"[1.87848, 6.69747, -5.40612, 6.7789, -0.77467, 17.73129, -7.76596, 4.34437, -4.37604, -6.00653, -3.71352, -0.88103, -5.95063, 2.33787, 4.99165, -4.21803, 7.00685, -0.49554, -4.59446, -6.40947, 0.52476, -0.38409]"
43,sub10,scratch,0,sub10-a__0136__drink.npy,7,drink,7,0.95482355,1,"[2.6845, 8.69742, -6.54321, 8.58925, 2.87958, 5.59021, -6.49592, 12.51211, -5.65533, -10.12103, -6.45897, -7.33272, -4.728, 6.39241, 5.8298, -8.61248, 5.52405, -6.54971, -1.39482, -1.16009, -1.18793, -0.84457]"
43,sub10,scratch,0,sub10-a__0137__drink.npy,7,drink,7,0.95216596,1,"[2.61395, 8.5333, -6.63482, 8.97408, 3.01457, 6.04291, -6.46311, 12.58495, -6.07691, -9.98413, -6.48242, -7.292, -5.04306, 6.55344, 5.55702, -8.42499, 5.64106, -6.32066, -1.29479, -1.08962, -1.26117, -1.27164]"
43,sub10,scratch,0,sub10-a__0138__drink.npy,7,drink,7,0.952945,1,"[2.83497, 8.79413, -5.83277, 7.61301, 2.51124, 6.18965, -6.61701, 12.20837, -5.00303, -9.84083, -6.48969, -6.80508, -4.93496, 5.54676, 5.7556, -8.47492, 5.23537, -6.12501, -1.99561, -1.31241, -0.77031, -0.61984]"
43,sub10,scratch,0,sub10-a__0139__drink.npy,7,drink,7,0.959894,1,"[2.8558, 8.63902, -6.39084, 8.47421, 2.83422, 6.11443, -6.32672, 12.57265, -5.80462, -10.03693, -6.48181, -7.08334, -5.25923, 6.30004, 5.87202, -8.4735, 5.44512, -6.31628, -1.59512, -1.07348, -1.3322, -1.41246]"
43,sub10,scratch,0,sub10-a__0140__drink.npy,7,drink,7,0.9369659,1,"[3.07213, 8.71902, -6.35637, 8.45296, 2.81376, 6.04399, -6.41889, 12.11549, -5.74778, -9.88868, -6.0887, -7.25328, -5.14309, 6.36581, 5.52521, -8.3923, 5.24241, -6.37387, -1.44225, -1.13023, -1.18241, -1.24633]"
43,sub10,scratch,0,sub10-a__0141__airpunch.npy,1,airpunch,8,0.9202468,0,"[4.39473, 6.38724, -0.42399, -3.15526, -5.19717, 1.56401, -2.82106, 5.86358, 9.46738, -7.72793, -2.97183, -4.43368, -4.61038, -3.36192, 4.28209, -3.86337, -4.00809, -1.90002, 2.05102, -1.70112, 1.06338, 1.47179]"
43,sub10,scratch,0,sub10-a__0142__airpunch.npy,1,airpunch,8,0.9989656,0,"[6.27844, 2.69829, 3.07115, -6.6187, -8.66612, -1.44526, -0.18199, 0.09699, 13.4338, -5.21086, -0.3792, -3.46927, -4.05935, -6.62628, 1.57483, -0.40587, -9.22518, 1.36599, 3.9835, -1.41283, 4.17466, 1.82211]"
43,sub10,scratch,0,sub10-a__0143__airpunch.npy,1,airpunch,8,0.97706145,0,"[4.89783, 3.91882, 0.71035, -6.2879, -6.26114, 0.22364, 1.36364, 4.36001, 10.25247, -6.26965, -2.32158, -2.05664, -5.83827, -4.98468, 5.92201, -2.03483, -6.49787, -0.44093, 2.94688, -0.15745, 0.46273, -1.75358]"
43,sub10,scratch,0,sub10-a__0144__airpunch.npy,1,airpunch,8,0.99829453,0,"[4.6671, 2.74256, 2.26087, -7.61, -7.47684, -1.92912, 3.02913, 1.74765, 12.50815, -4.99418, -1.46219, -2.35472, -5.53849, -6.27666, 3.12159, 0.33513, -9.04635, 1.3674, 5.59906, -0.30546, 1.51634, -1.22359]"
43,sub10,scratch,0,sub10-a__0145__airpunch.npy,1,airpunch,8,0.6335105,0,"[3.32433, 3.9346, 0.3856, -7.71022, -5.18296, 1.20156, 2.70829, 6.64986, 8.8845, -6.00116, -3.58632, 0.61039, -6.57323, -5.11365, 8.1006, -2.15155, -4.9987, -0.2079, 1.22841, 0.70741, -1.40556, -3.92203]"
43,sub10,scratch,0,sub10-a__0146__brushteeth.npy,3,brushteeth,5,0.69538534,0,"[0.05698, 10.60594, 3.95373, 1.51087, -3.99774, 11.45, -6.57524, -7.71181, 2.92418, 1.53671, -1.52656, -0.16699, -1.80627, 5.60341, -6.89938, 1.90641, 4.11886, 5.02041, -4.99464, -13.19953, 0.42808, 5.21947]"
43,sub10,scratch,0,sub10-a__0147__brushteeth.npy,3,brushteeth,5,0.7821057,0,"[0.1603, 10.30294, 4.34857, 1.22875, -4.18046, 11.60381, -6.78894, -7.73695, 3.21305, 1.53839, -1.60426, 0.01603, -1.68089, 4.96118, -6.94574, 1.92865, 3.92226, 5.18611, -5.23302, -13.02942, 1.00255, 5.27841]"
43,sub10,scratch,0,sub10-a__0148__brushteeth.npy,3,brushteeth,5,0.51108664,0,"[0.12039, 10.01147, 5.3375, 1.61103, -4.25584, 10.12531, -7.66407, -8.08852, 4.09559, 1.65932, -1.95045, -1.10149, -0.563, 5.27078, -8.27403, 1.58276, 3.60837, 4.9597, -5.48437, -12.78679, 2.38646, 6.83853]"
43,sub10,scratch,0,sub10-a__0149__brushteeth.npy,3,brushteeth,1,0.5289218,0,"[0.17234, 10.61091, 4.87385, 1.83024, -4.07021, 10.46208, -7.1567, -7.99995, 3.42024, 1.37116, -1.98906, -0.88441, -0.98713, 5.80929, -7.68856, 1.60859, 3.96922, 4.75694, -5.40731, -13.03985, 1.38779, 6.19083]"
43,sub10,scratch,0,sub10-a__0150__brushteeth.npy,3,brushteeth,5,0.77857393,0,"[0.43509, 10.10692, 4.77867, 1.23975, -4.38314, 11.39386, -7.21315, -7.98268, 3.48019, 1.45412, -1.56665, -0.15886, -1.16286, 4.61578, -7.17923, 1.76622, 3.80053, 4.98502, -5.58675, -12.75087, 1.73884, 5.59744]"
43,sub10,scratch,0,sub10-a__0151__brushteeth.npy,3,brushteeth,5,0.6348225,0,"[0.10292, 10.29548, 4.95544, 1.63012, -4.27358, 10.88453, -7.36078, -8.00096, 3.62128, 1.4348, -2.02429, -0.52552, -0.82828, 5.22348, -7.55634, 1.62807, 3.99209, 4.97368, -5.63844, -12.96443, 1.77541, 6.21755]"
43,sub10,scratch,0,sub10-a__0152__highfive.npy,8,highfive,8,0.99681515,1,"[6.17838, 0.23793, 6.28333, -10.41861, -8.97195, -0.64046, -2.33771, -2.83124, 13.99462, -1.44061, 2.46912, 0.11567, -0.01493, -10.25291, 0.10985, -0.17365, -8.8614, 2.27003, -0.23469, -1.16543, 7.92093, 3.03466]"
43,sub10,scratch,0,sub10-a__0153__highfive.npy,8,highfive,8,0.99929154,1,"[5.85006, -0.25833, 6.05494, -11.01385, -8.75483, -1.62552, 0.19767, -1.73162, 14.34603, -2.0094, 1.76547, 0.56897, -1.87211, -10.32417, 1.31777, 0.47647, -9.69428, 2.55504, 0.86944, -0.16363, 5.98285, 1.21053]"
43,sub10,scratch,0,sub10-a__0154__highfive.npy,8,highfive,8,0.99834263,1,"[6.24395, 0.31375, 6.09157, -10.90563, -8.08964, -1.07154, -0.50311, -1.97331, 13.79623, -1.83571, 1.8318, 0.07434, -1.87937, -9.7955, 1.4811, -0.04042, -9.26966, 2.07217, 0.08368, 0.02369, 6.46706, 0.90252]"
43,sub10,scratch,0,sub10-a__0155__highfive.npy,8,highfive,8,0.99923646,1,"[5.84949, -0.02093, 5.80464, -11.15702, -8.51058, -1.76202, 1.0807, -1.74288, 14.11373, -2.21607, 1.54382, 0.38912, -2.59591, -10.16457, 1.55713, 0.89819, -10.04044, 2.71553, 1.79484, 0.02051, 5.73433, 0.33887]"
43,sub10,scratch,0,sub10-a__0156__highfive.npy,8,highfive,8,0.9997998,1,"[4.64994, 1.11518, 5.72829, -10.91843, -8.29655, -1.42874, -0.04861, -0.97055, 15.01157, -2.54139, 0.47888, -0.17649, -2.03575, -9.81705, 0.87072, 0.42354, -9.07719, 2.45565, 1.60453, -0.69471, 5.36368, 2.15645]"
43,sub10,scratch,0,sub10-b1__0001__walk.npy,20,walk,20,0.99952435,1,"[6.28734, -3.74055, 4.99283, -1.5111, -0.63819, -0.74252, -8.78033, -10.56845, 2.12526, 7.28379, 8.96536, -5.00827, 6.23146, -0.9958, -8.26229, -1.77582, -3.82871, -1.17465, -4.90491, 0.21125, 16.91202, 3.64084]"
43,sub10,scratch,0,sub10-b1__0002__turnaround.npy,19,turnaround,19,0.9999335,1,"[0.90918, -1.77031, -7.36488, -2.78016, 1.64794, -0.19811, 4.23441, -1.2636, 1.01612, -3.66691, 0.63998, -2.79085, -3.46963, -2.58677, 3.15158, 6.33152, -1.9562, -2.54882, 4.45303, 16.24562, 0.48854, -13.63156]"
43,sub10,scratch,0,sub10-b1__0003__walk.npy,20,walk,20,0.9996431,1,"[-0.06328, -9.45126, -5.5715, 3.00532, 2.74565, 1.90991, 0.62556, -4.71792, -6.14233, 5.28917, -0.76034, -4.21801, -2.03307, 3.32076, -1.19506, 1.92554, -5.16262, 7.11789, 3.30311, 4.03538, 15.31339, -4.74018]"
43,sub10,scratch,0,sub10-b1__0004__turnaround.npy,19,turnaround,19,0.99997115,1,"[0.37719, -0.51517, -7.87944, -3.28787, 1.84598, 0.39855, 2.12906, -0.24256, 1.40114, -3.6127, 1.76727, -2.36646, -1.9371, -2.89217, 4.33066, 4.68145, 0.47206, -4.62122, 3.27624, 15.94097, -0.56901, -12.78587]"
43,sub10,scratch,0,sub10-b1__0005__walk.npy,20,walk,20,0.99986386,1,"[5.52829, -3.10874, 5.59041, -1.23364, -0.97127, -0.40833, -9.58405, -10.0052, 2.90348, 6.44548, 7.10518, -5.02701, 6.80609, -1.07987, -8.99057, -1.66384, -3.48863, -0.77346, -5.14335, -0.6119, 17.05736, 5.24541]"
43,sub10,scratch,0,sub10-b1__0006__turnaround.npy,19,turnaround,19,0.999949,1,"[1.51311, -0.68589, -7.03932, -2.76324, 2.02158, -1.2336, 4.45659, -1.13556, 1.22635, -3.77496, 0.78739, -4.03526, -3.62504, -1.88092, 3.0611, 5.70398, -2.56972, -3.16233, 4.77743, 16.18782, 0.11341, -13.73821]"
43,sub10,scratch,0,sub10-b1__0007__walk.npy,20,walk,20,0.99948394,1,"[-0.26215, -9.31149, -6.87546, 3.11516, 2.77699, 1.85638, 0.93479, -5.08583, -6.24896, 5.17955, 0.13827, -4.52455, -1.5441, 3.85827, -0.46113, 2.01157, -4.77878, 6.18816, 4.02217, 4.73431, 14.41393, -5.36928]"
43,sub10,scratch,0,sub10-b1__0008__turnaround.npy,19,turnaround,19,0.9999454,1,"[1.21732, -1.58429, -8.44696, -2.78772, 2.74513, -1.12157, 4.46224, -2.20506, -0.27118, -2.39004, 3.14951, -3.83987, -3.19259, -1.12299, 3.11541, 5.56966, -1.57063, -4.07196, 5.29258, 16.23851, -0.14063, -13.88175]"
43,sub10,scratch,0,sub10-b1__0009__walk.npy,20,walk,20,0.99992275,1,"[5.57309, -3.4406, 6.00803, -1.49704, -1.68696, -0.09687, -9.65414, -9.64079, 3.53757, 5.87728, 6.38815, -4.37851, 6.40784, -2.2925, -8.38153, -1.41954, -3.62939, -0.10724, -5.38107, -0.73794, 17.31167, 5.63444]"
43,sub10,scratch,0,sub10-b1__0010__turnaround.npy,19,turnaround,19,0.9994821,1,"[-0.17896, -1.2767, -6.61231, -2.59718, 2.98327, -0.59411, 5.03293, -1.87414, 0.85172, -2.88455, -0.3053, -3.70357, -4.43744, -1.63025, 1.74198, 7.6421, -3.0768, -1.1228, 5.8312, 15.43275, 0.5599, -13.95851]"
43,sub10,scratch,0,sub10-b1__0011__walk.npy,20,walk,20,0.9997397,1,"[-0.82332, -9.32724, -5.84695, 2.394, 3.2024, 1.83919, 0.99194, -4.94139, -5.97501, 5.72119, -0.85131, -4.05595, -1.49175, 3.33462, -0.72848, 1.84657, -4.84633, 6.61361, 3.36102, 4.70427, 15.40087, -5.15605]"
43,sub10,scratch,0,sub10-b1__0012__turnaround.npy,19,turnaround,19,0.99993956,1,"[1.18698, -1.23628, -7.64102, -3.05782, 3.13162, -1.67922, 5.17237, -1.99866, -0.16988, -2.75005, 2.00857, -4.08898, -3.83508, -0.95711, 3.02957, 5.80684, -2.10257, -3.66041, 5.36295, 16.37325, -0.10489, -13.99391]"
43,sub10,scratch,0,sub10-b1__0013__walk.npy,20,walk,20,0.9999052,1,"[5.03263, -3.51109, 6.43027, -1.0435, -2.01105, 0.13068, -9.98617, -9.44618, 3.93698, 5.54636, 5.567, -4.11689, 6.70558, -2.65251, -8.61611, -1.14216, -3.21778, 0.34135, -5.69024, -1.08208, 17.15989, 6.25764]"
43,sub10,scratch,0,sub10-b1__0014__turnaround.npy,19,turnaround,19,0.99984014,1,"[0.20794, -1.04737, -7.22768, -2.46312, 2.92741, -1.02781, 4.80456, -1.72847, 0.74185, -3.39431, 0.20788, -4.15187, -3.7847, -1.55811, 2.28229, 6.89399, -2.67795, -2.38211, 5.79923, 16.03722, 0.45791, -13.86287]"
43,sub10,scratch,0,sub10-b1__0015__walk.npy,20,walk,20,0.9997849,1,"[-0.62266, -9.39994, -6.60565, 3.09531, 3.53985, 1.72422, 0.78712, -4.66576, -6.63699, 5.33809, -0.58838, -4.56974, -1.53755, 3.98222, -0.6803, 1.57028, -4.54763, 6.03544, 3.7935, 5.06151, 15.30382, -5.37698]"
43,sub10,scratch,0,sub10-b1__0016__turnaround.npy,19,turnaround,19,0.999887,1,"[0.45965, -1.07948, -7.66661, -2.84518, 3.1104, -1.24029, 5.01007, -1.98168, 0.17155, -2.63256, 1.47982, -4.04703, -3.66951, -1.1253, 2.51685, 6.23428, -2.02955, -3.2621, 5.82678, 16.03835, -0.01073, -13.94896]"
43,sub10,scratch,0,sub10-b1__0017__walk.npy,20,walk,20,0.99991083,1,"[5.4325, -2.77049, 5.87571, -0.15287, -1.00563, 0.20023, -10.36957, -9.62263, 3.04668, 5.14646, 5.75328, -5.44543, 6.59772, -1.51533, -9.53565, -1.11522, -2.84662, -0.25877, -5.42989, -0.75327, 17.06481, 6.14499]"
43,sub10,scratch,0,sub10-b1__0018__turnaround.npy,19,turnaround,19,0.99988174,1,"[1.03232, -1.37452, -7.46281, -2.1322, 1.79043, -0.53915, 4.16363, -1.77994, 1.09424, -3.26594, 1.14455, -3.70034, -3.29844, -2.00687, 2.69254, 6.34232, -2.41707, -2.64639, 5.0197, 15.74715, 0.39059, -13.77383]"
43,sub10,scratch,0,sub10-b1__0019__walk.npy,20,walk,20,0.9998412,1,"[-0.38167, -9.25428, -6.57637, 2.5113, 4.05394, 1.43389, 1.10884, -4.52247, -6.92173, 5.4076, -0.62202, -4.75411, -1.74053, 4.04352, -0.53001, 1.33079, -4.9217, 5.5818, 3.83528, 5.72915, 15.63766, -5.87492]"
43,sub10,scratch,0,sub10-b1__0020__turnaround.npy,19,turnaround,19,0.9999286,1,"[0.33332, -1.8259, -8.19831, -2.99877, 2.55068, -0.7907, 4.41941, -1.96211, 0.3643, -2.50626, 2.34713, -3.20202, -3.19758, -1.79403, 3.31663, 6.1169, -1.35713, -3.46137, 5.21045, 16.20247, -0.16283, -13.61907]"
43,sub10,scratch,0,sub10-b1__0021__walk.npy,20,walk,20,0.99987054,1,"[5.31289, -3.09332, 6.29158, -0.43812, -1.76096, 0.19662, -10.02807, -9.78999, 3.53456, 5.25308, 5.77142, -4.6668, 6.69135, -2.17601, -9.11997, -0.87359, -2.98277, 0.13493, -5.58765, -1.05942, 16.78756, 6.05864]"
43,sub10,scratch,0,sub10-b1__0022__turnaround.npy,19,turnaround,19,0.99970055,1,"[-0.34931, -1.42908, -7.1909, -2.92138, 2.33361, -0.33493, 4.94483, -1.30438, 1.16588, -3.7612, -0.70811, -2.96694, -3.65783, -2.60707, 3.53655, 7.11907, -2.63155, -1.51918, 5.55306, 15.54339, 0.53185, -13.93498]"
43,sub10,scratch,0,sub10-b1__0023__walk.npy,20,walk,20,0.99975353,1,"[-0.72558, -9.44972, -6.09068, 2.5695, 4.196, 1.44659, 1.00619, -4.99661, -6.81066, 6.17051, -0.31464, -4.58766, -1.86345, 4.35153, -1.53817, 1.7659, -4.98671, 6.38942, 3.6802, 4.95662, 15.57145, -5.2628]"
43,sub10,scratch,0,sub10-b1__0024__turnaround.npy,19,turnaround,19,0.9997565,1,"[0.7637, -0.8053, -6.91199, -3.37718, 2.87775, -1.97147, 6.15241, -2.0071, 0.36551, -2.61676, 1.2425, -3.74349, -4.19306, -1.01253, 2.65623, 6.28117, -2.7057, -2.91481, 6.04586, 15.61109, -0.5335, -14.28331]"
43,sub10,scratch,0,sub10-b1__0025__hop.npy,9,hop,10,0.635535,0,"[11.12816, 2.52168, -7.50269, -0.29079, 8.08224, -2.5664, -6.57982, -2.78966, -7.40098, -3.14858, 11.74193, -8.61717, 4.31453, 4.97031, 4.53052, -7.58391, 2.27423, -12.78143, -2.65146, 5.56287, 5.36338, -4.67896]"
43,sub10,scratch,0,sub10-b1__0026__hop.npy,9,hop,10,0.78570575,0,"[11.48225, 1.94777, -8.13664, -0.95523, 6.56904, -2.7087, -5.24735, -2.8858, -7.20375, -2.87306, 12.79785, -7.53495, 4.17579, 4.53371, 6.16879, -7.76194, 1.47231, -12.70009, -2.12633, 5.08148, 4.36473, -5.16383]"
43,sub10,scratch,0,sub10-b1__0027__hop.npy,9,hop,10,0.70931566,0,"[10.77245, 2.31259, -8.41798, -1.08272, 6.62084, -2.42446, -4.91717, -2.05534, -6.93959, -3.6813, 11.73273, -6.7947, 3.73829, 4.13419, 7.73759, -7.80422, 2.4235, -12.78067, -2.31805, 5.12986, 3.32397, -5.46888]"
43,sub10,scratch,0,sub10-b1__0028__hop.npy,9,hop,10,0.6277947,0,"[11.53723, 1.01831, -8.03127, -0.66074, 7.86168, -3.09139, -4.99029, -2.8267, -7.75688, -3.03113, 12.09757, -8.4698, 3.50503, 4.56631, 4.84627, -6.93432, 0.4466, -12.11994, -1.58521, 6.62901, 5.73025, -5.61875]"
43,sub10,scratch,0,sub10-b1__0029__hop.npy,9,hop,0,0.5245511,0,"[11.62015, 1.96348, -7.07035, -0.26152, 7.28511, -2.81043, -6.30943, -3.00675, -6.94289, -3.61955, 11.49626, -8.80452, 4.51072, 4.11182, 4.37031, -7.25859, 1.03821, -12.15182, -2.58607, 5.84528, 6.22389, -4.43725]"
43,sub10,scratch,0,sub10-b1__0030__hop.npy,9,hop,10,0.78761256,0,"[11.19248, 1.9411, -7.29531, 0.91554, 8.57821, -2.4248, -7.25375, -4.00889, -7.97716, -2.04627, 12.59125, -9.58874, 4.72385, 5.91633, 2.66067, -7.38656, 2.24373, -12.56561, -2.91641, 5.66729, 6.34568, -4.49929]"
43,sub10,scratch,0,sub10-b1__0031__jump.npy,10,jump,10,0.5178554,1,"[2.98374, 1.86847, -0.36111, 4.35574, 4.27778, -3.18178, -8.88567, -10.29501, -2.18216, 7.46937, 10.83886, -9.06229, 9.99645, 9.80213, -10.79753, -3.63167, 2.09741, -7.31095, -1.75363, -1.12975, 8.60801, 2.60692]"
43,sub10,scratch,0,sub10-b1__0032__jump.npy,10,jump,10,0.99901557,1,"[8.50805, -1.63413, -1.35168, 0.38247, 0.11176, -1.58727, -8.02319, -10.31946, -1.69941, 6.67411, 17.47568, -6.0918, 8.2547, 2.22978, -6.05263, -3.63452, -1.97221, -7.24202, -1.89473, 0.84509, 10.26435, -0.76578]"
43,sub10,scratch,0,sub10-b1__0033__jump.npy,10,jump,10,0.9822244,1,"[7.93718, -1.78812, 0.57527, 0.75594, -0.58256, -1.71685, -8.20753, -10.87652, -0.42971, 6.72029, 15.53073, -6.40853, 7.80989, 1.95638, -7.92507, -2.59783, -2.56496, -5.38682, -2.07309, 0.16286, 11.45606, 0.95003]"
43,sub10,scratch,0,sub10-b1__0034__jump.npy,10,jump,10,0.9989574,1,"[7.88343, -0.24866, -1.72812, 1.41148, 1.12121, -1.96709, -8.55251, -10.26126, -1.93002, 6.45572, 16.76329, -7.51221, 8.32842, 4.34004, -6.82393, -4.06393, -0.93863, -7.65957, -1.66245, 0.20615, 9.42381, 0.1733]"
43,sub10,scratch,0,sub10-b1__0035__jump.npy,10,jump,10,0.9963869,1,"[8.57173, -1.25649, -0.78041, 1.06893, -0.05718, -1.71698, -8.4961, -10.39597, -1.24369, 6.14887, 16.44707, -6.91564, 7.89435, 2.65711, -7.01792, -3.42216, -2.02473, -6.63724, -1.834, 0.35334, 10.64391, 0.46668]"
43,sub10,scratch,0,sub10-b1__0036__jump.npy,10,jump,10,0.98891723,1,"[9.75118, -1.25027, 0.41663, 0.91726, -0.58275, -1.66594, -7.99369, -10.66799, -1.3397, 5.6605, 15.86243, -6.92965, 6.97952, 2.2785, -7.08443, -3.13365, -3.03661, -5.9393, -2.29571, 0.29647, 11.13068, 0.12004]"
43,sub10,scratch,0,sub10-b1__0037__runonspot.npy,13,runonspot,13,0.9984125,1,"[0.29487, 7.02535, -2.47838, 10.42252, 6.66582, -2.29481, -9.61536, -6.59816, -3.52209, 2.00739, 2.63465, -12.39393, 6.77631, 17.00012, -10.0006, -4.91, 7.28733, -7.21122, -1.87828, -4.1645, 3.51012, 6.21198]"
43,sub10,scratch,0,sub10-b1__0038__runonspot.npy,13,runonspot,13,0.99931276,1,"[1.86354, 7.47239, -4.87677, 9.36965, 10.30814, -2.67635, -9.26996, -5.57618, -6.24645, 1.28434, 4.19474, -13.75748, 5.06733, 18.01377, -8.51694, -5.81058, 7.60509, -9.14799, -1.33563, -1.69732, 3.16513, 3.81569]"
43,sub10,scratch,0,sub10-b1__0039__runonspot.npy,13,runonspot,13,0.9996278,1,"[1.25368, 7.93282, -3.53157, 9.92956, 8.07136, -2.39974, -9.2338, -6.08685, -4.57133, 1.15084, 2.78979, -13.33698, 5.24381, 18.14532, -9.40137, -5.20949, 7.14282, -7.6411, -1.55777, -3.55879, 2.93577, 5.54787]"
43,sub10,scratch,0,sub10-b1__0040__runonspot.npy,13,runonspot,13,0.9998338,1,"[-0.33761, 7.66334, -3.20134, 9.26849, 8.7315, -2.26495, -9.0854, -6.71829, -4.56372, 3.77391, 3.31093, -12.73216, 5.21882, 18.65294, -10.94948, -4.78931, 7.27415, -7.24991, -1.22966, -3.81403, 3.16303, 5.73409]"
43,sub10,scratch,0,sub10-b1__0041__runonspot.npy,13,runonspot,13,0.999395,1,"[2.05868, 7.74457, -3.70424, 9.86605, 7.81362, -1.81562, -9.85685, -6.17613, -4.6102, 1.21275, 3.88208, -13.38138, 5.17261, 17.5626, -9.04066, -5.68301, 7.04725, -7.97023, -1.74495, -3.47286, 3.33063, 5.29483]"
43,sub10,scratch,0,sub10-b1__0042__buttkicks.npy,4,buttkicks,4,0.99988663,1,"[-2.03581, 1.09555, -5.30827, 1.45595, 21.74481, -1.46585, -8.56328, -5.94694, -10.07947, 9.10051, 5.23574, -11.22675, 3.43724, 12.51004, -8.8613, -3.70927, 8.61544, -9.42732, -2.63117, 8.70965, 10.03496, -2.93995]"
43,sub10,scratch,0,sub10-b1__0043__buttkicks.npy,4,buttkicks,4,0.9999187,1,"[-1.81971, 0.85617, -4.57508, 1.54177, 21.53842, -1.55121, -7.92536, -6.17627, -10.34781, 9.01285, 4.85162, -10.95993, 3.35242, 11.83006, -8.75808, -3.41366, 8.81735, -9.6063, -2.7756, 9.33298, 9.91782, -3.93442]"
43,sub10,scratch,0,sub10-b1__0044__buttkicks.npy,4,buttkicks,4,0.9997713,1,"[-2.24403, 1.39251, -5.2223, 2.20515, 21.57261, -1.6186, -7.79485, -5.71421, -10.32739, 8.35425, 4.13799, -11.58015, 3.22734, 13.13783, -9.30396, -3.34174, 8.41063, -9.1592, -2.03521, 8.61745, 9.45427, -3.25332]"
43,sub10,scratch,0,sub10-b1__0045__buttkicks.npy,4,buttkicks,4,0.9998565,1,"[-1.26237, 1.24497, -5.22777, 1.47651, 21.31693, -1.89549, -8.54373, -5.38661, -10.07063, 8.30886, 5.16365, -11.30058, 3.92791, 12.31721, -8.31985, -4.49867, 8.48741, -10.24924, -2.7645, 8.79046, 9.93464, -2.94672]"
43,sub10,scratch,0,sub10-b1__0046__buttkicks.npy,4,buttkicks,4,0.99978787,1,"[-2.91856, 1.32864, -4.26828, 2.00433, 21.19194, -1.29226, -8.16238, -6.03957, -10.01462, 9.22003, 3.74228, -10.9105, 4.22174, 12.591, -10.25706, -3.18355, 8.79245, -9.08628, -2.47437, 8.35167, 10.09299, -3.07334]"
43,sub10,scratch,0,sub10-b1__0047__airkick.npy,0,airkick,0,0.9993818,1,"[16.42909, 3.81012, -4.60621, 2.03345, 2.24679, -3.44295, -4.38959, -3.26908, -6.77808, -7.60046, 8.953, -8.36836, 2.30786, 4.37243, 6.22061, -7.88915, 0.20909, -11.48452, -3.83887, 2.93385, 3.59127, -3.69533]"
43,sub10,scratch,0,sub10-b1__0048__airkick.npy,0,airkick,9,0.99993694,0,"[-5.2526, -3.11641, 0.61823, -3.14036, 9.67293, -1.06393, -4.26158, -11.98909, -3.22857, 22.21557, 12.45819, -1.16921, 7.06122, 7.55674, -11.77076, -0.26995, 2.92497, -4.26243, -2.2668, 2.05365, 8.21198, -3.06967]"
43,sub10,scratch,0,sub10-b1__0049__airkick.npy,0,airkick,9,0.99997747,0,"[-5.63075, -2.88621, 1.28045, -3.06825, 9.12636, -1.05718, -3.42504, -11.90924, -3.04975, 22.47552, 11.66053, -0.08304, 6.49931, 8.01357, -11.19648, -0.13424, 2.99307, -3.71216, -2.59008, 1.11813, 7.03974, -3.35879]"
43,sub10,scratch,0,sub10-b1__0050__airkick.npy,0,airkick,9,0.9999374,0,"[-4.45595, -2.25253, 6.52876, -0.55374, 4.57896, -1.94182, -1.05549, -12.4465, 0.02442, 18.15526, 6.00127, -0.36245, 2.37446, 7.9733, -12.88668, 3.33362, -0.71322, 2.4488, -2.82597, -2.46651, 6.48615, -1.25132]"
43,sub10,scratch,0,sub10-b1__0051__airkick.npy,0,airkick,9,0.9998975,0,"[-2.77895, -2.37249, 5.35518, -1.76874, 5.97569, -2.71544, -1.90058, -12.70847, -1.6571, 18.66323, 8.69132, -1.37746, 5.00597, 7.99363, -12.25706, 1.2427, -1.01949, -0.89916, -2.99907, -0.59541, 8.13142, -2.28037]"
43,sub10,scratch,0,sub10-b1__0052__airkick.npy,0,airkick,9,0.999884,0,"[-3.04814, -3.29371, 7.48595, -1.76439, 3.29334, -1.60756, 0.03076, -12.01869, 0.42996, 17.13597, 6.19823, 1.68837, 1.53056, 5.76822, -10.45505, 3.53916, -1.96827, 3.00448, -3.78964, -2.35665, 6.25603, -2.7458]"
43,sub10,scratch,0,sub10-b1__0053__airkick.npy,0,airkick,9,0.9999682,0,"[-3.46197, -4.24617, 6.10693, -2.46779, 4.45479, -1.29593, -1.78271, -12.23279, -0.33223, 19.68173, 8.83688, 1.25448, 3.60774, 5.26651, -11.04716, 2.07719, -1.006, 0.93537, -3.70346, -1.0236, 8.18349, -2.5481]"
43,sub10,scratch,0,sub10-b1__0054__sidekick.npy,14,sidekick,9,0.9999516,0,"[-7.20492, -3.08012, 4.40643, -0.15143, 8.73159, -1.07773, -3.57395, -12.12987, -1.89302, 19.58121, 5.96594, -0.82952, 7.08888, 7.64798, -13.80221, 1.75684, 4.47807, -1.5527, -3.35884, 1.27666, 8.59651, -1.97517]"
43,sub10,scratch,0,sub10-b1__0055__sidekick.npy,14,sidekick,9,0.9998627,0,"[-8.343, -4.17883, 3.83168, 0.81413, 9.80833, -1.00283, -3.77362, -11.61783, -2.40879, 19.38776, 4.25548, -1.34677, 7.45038, 7.51508, -13.97337, 1.89064, 5.46334, -1.3874, -3.40852, 2.58512, 9.54512, -1.67141]"
43,sub10,scratch,0,sub10-b1__0056__sidekick.npy,14,sidekick,9,0.9998596,0,"[-6.66436, -2.15186, 3.65212, -1.07809, 10.8033, -1.40209, -2.97463, -11.91539, -3.29702, 19.83844, 6.81463, -1.38982, 6.37258, 8.47308, -13.2692, 1.27977, 4.91299, -2.99282, -3.02222, 2.5668, 7.76171, -3.8783]"
43,sub10,scratch,0,sub10-b1__0057__sidekick.npy,14,sidekick,9,0.99920577,0,"[-5.50984, -3.43434, 4.89222, 0.34156, 8.37059, -1.39939, -3.95445, -12.34547, -2.05258, 17.71189, 5.99461, -2.52499, 7.31751, 6.56721, -14.27124, 1.68271, 3.53527, -1.87452, -3.20822, 2.44034, 10.37371, -1.74854]"
43,sub10,scratch,0,sub10-b1__0058__sidekick.npy,14,sidekick,9,0.9995727,0,"[-6.70628, -3.13163, 4.59191, 0.78831, 9.12458, -1.68905, -3.67147, -11.99853, -1.88931, 17.86221, 4.69874, -2.55268, 6.74406, 7.56273, -14.49969, 2.12414, 4.35626, -1.38196, -2.97551, 2.21953, 9.40888, -1.5346]"
43,sub10,scratch,0,sub10-b1__0059__crosstoe.npy,6,crosstoe,6,0.99892753,1,"[6.33912, -3.61618, -0.52419, -4.08693, -3.39463, -8.17554, 16.28488, -5.50765, -3.8707, -0.90465, 1.87748, 3.31922, 1.57803, 0.0605, 9.35236, -1.48887, -5.20657, -5.79266, 1.82501, 6.30256, -0.66707, -10.2964]"
43,sub10,scratch,0,sub10-b1__0060__crosstoe.npy,6,crosstoe,6,0.9989225,1,"[0.6912, -3.36708, 5.82149, 0.16021, -0.75879, -7.5634, 12.9633, -7.96363, -1.50746, 2.8451, -3.00381, 0.78071, 1.5106, 3.60068, -2.07816, 2.6508, -4.09172, 0.2021, 0.04812, 3.2099, 2.81328, -6.04935]"
43,sub10,scratch,0,sub10-b1__0061__crosstoe.npy,6,crosstoe,6,0.9997181,1,"[3.33633, -3.47882, 1.25623, -4.16167, -3.07673, -7.4816, 16.73152, -6.59201, -2.95803, 1.81666, 1.56417, 5.87606, 1.3672, 1.10464, 8.46726, -0.38828, -3.6607, -3.9647, 0.39497, 3.70705, -2.30601, -9.77713]"
43,sub10,scratch,0,sub10-b1__0062__crosstoe.npy,6,crosstoe,6,0.9999609,1,"[3.08473, -3.17945, 2.28889, -3.97088, -3.12798, -7.91869, 16.78516, -6.2322, -1.42987, 0.24095, -1.33736, 3.81521, 1.14879, 0.73476, 6.21842, 0.24212, -4.73061, -2.86453, 1.0437, 5.14251, -0.24904, -8.79286]"
43,sub10,scratch,0,sub10-b1__0063__crosstoe.npy,6,crosstoe,6,0.9999734,1,"[0.36549, -3.39706, 1.07461, -6.13337, -2.14022, -8.70571, 18.21572, -5.22966, -0.78156, 1.80906, -1.34909, 5.36334, 1.11927, -0.56678, 7.27982, 0.69045, -4.32475, -3.16358, 2.9399, 6.15316, -0.99686, -9.35874]"
43,sub10,scratch,0,sub10-b1__0064__throw.npy,18,throw,1,0.56491274,0,"[3.41637, 8.57306, -6.0429, -1.97843, 1.14285, -2.69567, 3.95585, 7.30812, -0.41793, -6.79938, -1.39556, -4.66418, -5.10438, 4.0541, 7.71993, -2.89691, 0.68216, -7.84883, 4.50898, 4.49498, -8.04061, -8.68066]"
43,sub10,scratch,0,sub10-b1__0065__throw.npy,18,throw,1,0.4962983,0,"[2.52607, 9.11143, -5.28024, -2.6584, -0.70112, -2.16632, 4.54467, 7.84769, 0.77827, -7.09385, -2.62578, -2.84616, -5.0549, 2.99169, 8.76286, -2.76864, 0.80955, -6.95295, 4.57315, 2.52529, -8.97865, -7.83358]"
43,sub10,scratch,0,sub10-b1__0066__throw.npy,18,throw,14,0.5699611,0,"[2.40439, 7.97613, -1.77035, -7.79965, -2.62356, -5.28282, 7.38525, 5.5855, 4.96266, -5.59778, -2.98746, -0.57509, -4.17815, -0.82593, 8.80204, -1.63661, -1.82782, -5.62362, 3.57272, 3.56286, -7.65067, -6.88916]"
43,sub10,scratch,0,sub10-b1__0067__throw.npy,18,throw,14,0.6922317,0,"[2.14897, 7.62636, -4.35592, -5.75942, -1.49841, -4.46519, 8.00069, 6.73646, 2.35989, -6.46435, -3.12865, -1.43695, -5.099, 1.12261, 9.54321, -1.74589, -1.06491, -6.09245, 5.51162, 3.98919, -8.57365, -7.91016]"
43,sub10,scratch,0,sub10-b1__0068__throw.npy,18,throw,14,0.48437926,0,"[3.58682, 8.1416, -0.7592, -8.86619, -2.61079, -4.94227, 7.28805, 4.12856, 4.77252, -4.79849, -2.00659, -0.14086, -4.02424, -1.13174, 8.48723, -1.45976, -2.33879, -5.52472, 2.26351, 3.68805, -7.16266, -7.62824]"
43,sub10,scratch,0,sub10-b1__0069__walk.npy,20,walk,20,0.9992405,1,"[3.84671, -1.41471, 5.95553, 2.82056, 0.6267, -1.46483, -10.0197, -10.34619, 2.12188, 5.26747, 4.46578, -7.68603, 7.60751, 2.16146, -11.94623, -0.89226, -1.10209, -0.86949, -4.95139, -1.10269, 15.42925, 6.95858]"
43,sub10,scratch,0,sub10-b1__0070__turnaround.npy,19,turnaround,19,0.99965394,1,"[1.5704, -0.63856, -7.25233, -1.82384, 1.56742, -0.20798, 4.44168, -1.66031, 0.72788, -4.21314, 0.64399, -3.29391, -3.89256, -1.68711, 3.37871, 6.23044, -1.91718, -2.33032, 4.58758, 14.57088, -0.50886, -13.88638]"
43,sub10,scratch,0,sub10-b2__0001__walk.npy,20,walk,20,0.9999597,1,"[6.75467, -3.20449, 6.38528, 0.95401, 1.10407, -0.58823, -9.16289, -9.98512, 0.83233, 4.93689, 4.92423, -6.86227, 4.39661, 0.24713, -9.7509, -1.09915, -3.18954, 0.10447, -6.0907, 0.77546, 17.67133, 4.35674]"
43,sub10,scratch,0,sub10-b2__0002__turnaround.npy,19,turnaround,19,0.99993753,1,"[-1.33682, -7.12043, -9.01286, -1.87908, 5.06418, 0.13931, 3.43101, -1.15916, -3.53284, -0.16287, -0.35229, -2.74508, -3.85162, 0.13244, 5.0321, 4.10971, -2.23743, -1.12686, 3.2749, 17.32831, 7.4153, -11.75528]"
43,sub10,scratch,0,sub10-b2__0003__walk.npy,20,walk,20,0.9997826,1,"[-0.72592, -9.66666, -5.90459, 2.70162, 2.85719, 1.13372, 1.34932, -5.22699, -5.89428, 5.81278, -0.36832, -4.15737, -1.1198, 3.10423, -1.23013, 2.17472, -5.24319, 6.1669, 4.09894, 5.14131, 15.45004, -5.50003]"
43,sub10,scratch,0,sub10-b2__0004__turnaround.npy,19,turnaround,19,0.9998808,1,"[0.84977, -1.24029, -7.50837, -2.16648, 2.75567, -0.48623, 3.87989, -2.34621, 0.29352, -2.32575, 2.45959, -3.88222, -3.62139, -1.19772, 1.74698, 6.35243, -1.39439, -3.07127, 4.9217, 15.71863, 0.08139, -13.64699]"
43,sub10,scratch,0,sub10-b2__0005__walk.npy,20,walk,20,0.9998863,1,"[4.61353, -3.21693, 7.50822, 0.38451, -0.71062, -0.19769, -9.52212, -9.95721, 3.24573, 5.53511, 3.9191, -5.25379, 5.46165, -1.08006, -10.08591, -0.39418, -2.73266, 1.34104, -6.11444, -0.94419, 17.12368, 6.41865]"
43,sub10,scratch,0,sub10-b2__0006__turnaround.npy,19,turnaround,19,0.9990988,1,"[-0.53906, -1.6986, -6.45823, -1.43906, 3.2552, -0.18183, 4.49506, -2.6708, 0.53855, -2.50197, -0.41685, -3.86295, -4.01927, -1.36577, 0.77599, 8.09099, -2.5164, -0.63325, 5.34204, 15.19985, 1.34933, -13.66363]"
43,sub10,scratch,0,sub10-b2__0007__walk.npy,20,walk,20,0.9998611,1,"[-0.85997, -9.31259, -5.88293, 2.8463, 3.9112, 1.34404, 1.11259, -4.58084, -6.8401, 5.49163, -1.1458, -4.32345, -1.3783, 3.71611, -1.53585, 1.86081, -4.82401, 5.98878, 3.9023, 5.21378, 15.78825, -5.58298]"
43,sub10,scratch,0,sub10-b2__0008__turnaround.npy,19,turnaround,19,0.99979836,1,"[0.53626, -1.87331, -6.86359, -2.21917, 3.67312, -1.15723, 4.82145, -3.20139, -0.02636, -1.65125, 1.97424, -4.40343, -4.28769, -0.71348, 0.71809, 7.30107, -2.41629, -2.03312, 5.25024, 16.03234, 0.87892, -13.68883]"
43,sub10,scratch,0,sub10-b2__0009__walk.npy,20,walk,20,0.99985707,1,"[3.95813, -3.323, 7.23802, 1.57246, 0.18776, -0.67078, -9.27476, -10.50287, 2.42059, 6.04939, 3.84336, -5.91783, 5.87148, 0.05904, -11.30277, 0.12844, -2.21206, 1.23236, -5.61554, -0.72243, 16.78827, 6.21816]"
43,sub10,scratch,0,sub10-b2__0010__turnaround.npy,19,turnaround,19,0.997775,1,"[-1.17296, -2.96608, -6.58598, -1.27118, 2.69444, -0.12458, 4.49949, -3.05587, 0.93248, -2.06726, -0.67681, -3.60616, -3.67871, -2.14296, 0.2189, 9.02349, -3.35034, 0.42473, 5.96094, 15.18922, 2.44106, -13.28181]"
43,sub10,scratch,0,sub10-b2__0011__walk.npy,20,walk,20,0.99981385,1,"[-1.11447, -9.30147, -5.70546, 2.48967, 4.34813, 1.16367, 1.48582, -4.43389, -6.78388, 5.4392, -1.53935, -4.31617, -1.84541, 3.66408, -1.99453, 2.39072, -4.96521, 6.29329, 4.03626, 5.76975, 15.75494, -5.75166]"
43,sub10,scratch,0,sub10-b2__0012__turnaround.npy,19,turnaround,19,0.9990957,1,"[-0.16738, -1.6594, -6.45416, -1.71773, 3.53194, -0.82154, 4.56525, -3.37341, 0.41093, -1.77141, 1.10614, -4.40073, -3.97612, -0.91399, -0.15749, 8.11878, -2.49838, -1.13747, 5.5151, 15.23601, 1.11889, -13.42083]"
43,sub10,scratch,0,sub10-b2__0013__walk.npy,20,walk,20,0.9998698,1,"[3.90976, -2.83798, 6.46833, 2.84077, 0.85802, -0.63957, -9.71527, -10.10656, 1.70814, 4.4973, 3.09175, -6.88858, 6.53964, 0.2047, -11.55392, 0.35234, -1.30413, 0.58342, -5.50191, 0.04019, 16.57174, 6.2519]"
43,sub10,scratch,0,sub10-b2__0014__turnaround.npy,19,turnaround,19,0.99367094,1,"[-1.92655, -3.17931, -6.18266, -1.2301, 2.83236, 0.34735, 4.54155, -3.2355, 1.15019, -1.57197, -1.28458, -3.18937, -3.89265, -2.31352, -0.48568, 9.66969, -3.15266, 1.40383, 5.86501, 14.75633, 2.69416, -12.96169]"
43,sub10,scratch,0,sub10-b2__0015__walk.npy,20,walk,20,0.99957055,1,"[-1.51377, -9.37965, -4.95159, 2.51727, 4.66469, 1.38707, 1.56204, -4.71032, -6.81083, 5.95856, -1.84477, -3.89868, -2.48653, 3.92206, -2.54061, 2.92379, -4.86953, 7.37413, 3.46958, 4.97624, 15.51706, -5.37984]"
43,sub10,scratch,0,sub10-b2__0016__turnaround.npy,19,turnaround,19,0.9981875,1,"[-1.13776, -2.13051, -5.77076, -2.35384, 3.76821, -0.83071, 4.74912, -3.60377, 0.93477, -0.88002, 0.53367, -3.87342, -4.11373, -1.42476, -0.8638, 8.883, -2.61991, -0.23353, 5.58691, 15.25323, 1.66457, -13.25344]"
43,sub10,scratch,0,sub10-b2__0017__walk.npy,20,walk,20,0.9997868,1,"[1.88886, -3.15928, 6.53008, 3.1808, 1.41831, -0.15726, -9.85567, -10.12132, 1.77217, 5.53852, 2.36922, -6.24451, 7.31045, 0.03355, -12.21898, 0.97127, -0.05592, 0.74524, -5.5233, 0.29463, 16.47585, 6.3158]"
43,sub10,scratch,0,sub10-b2__0018__turnaround.npy,19,turnaround,19,0.98525596,1,"[-1.80314, -3.82286, -5.81498, -1.01319, 2.32166, 0.02581, 4.99765, -3.72044, 1.19759, -1.11869, -1.37311, -2.92198, -3.91828, -2.19369, -0.87025, 9.95357, -3.70587, 2.09166, 5.98878, 14.18343, 3.06213, -12.78834]"
43,sub10,scratch,0,sub10-b2__0019__walk.npy,20,walk,20,0.99941146,1,"[-1.51522, -8.86421, -4.07751, 1.75322, 5.70138, 1.2526, 1.93321, -4.38686, -7.11376, 6.24047, -2.50349, -3.76352, -3.55693, 4.44819, -2.64762, 2.69159, -4.86571, 7.56417, 2.68507, 5.0894, 15.45468, -5.66554]"
43,sub10,scratch,0,sub10-b2__0020__turnaround.npy,19,turnaround,19,0.9985114,1,"[-1.4541, -2.28887, -5.62988, -2.00679, 4.48581, -0.92955, 4.77957, -3.69924, 0.50227, -0.37517, -0.03016, -4.21976, -4.19873, -0.74438, -0.98269, 8.63007, -2.64099, -0.04713, 5.42579, 15.21578, 2.20853, -13.35054]"
43,sub10,scratch,0,sub10-b2__0021__walk.npy,20,walk,20,0.999811,1,"[1.56276, -2.86427, 5.83306, 3.44729, 3.6566, -0.78177, -8.96423, -10.592, -0.00098, 6.56871, 2.98401, -7.23977, 7.00255, 1.39796, -13.13445, 1.22212, 0.48966, -0.38627, -4.81225, 2.20678, 16.33298, 4.33718]"
43,sub10,scratch,0,sub10-b2__0022__turnaround.npy,19,turnaround,19,0.99937123,1,"[-0.96896, -7.8408, -6.13068, -2.48646, 8.52146, -1.76845, 4.5316, -3.81014, -4.26341, 4.46873, 1.44351, -4.58316, -6.52248, 3.11513, 1.93277, 3.91753, -3.13782, 0.22084, 2.53326, 16.70671, 8.70545, -11.9538]"
43,sub10,scratch,0,sub10-b2__0023__walk.npy,20,walk,20,0.99895406,1,"[-1.58858, -8.92245, -4.47015, 1.96411, 6.43096, 0.65298, 2.10431, -4.75277, -7.42524, 6.94831, -1.68982, -4.55436, -3.85481, 5.38838, -3.43552, 2.88129, -4.94474, 7.43108, 3.3732, 5.36586, 15.11686, -5.72745]"
43,sub10,scratch,0,sub10-b2__0024__turnaround.npy,19,turnaround,19,0.99314934,1,"[-1.31264, -2.62237, -4.84264, -2.06698, 3.8481, -1.13753, 4.88404, -4.59865, 1.17368, 0.2137, 0.63017, -4.08866, -4.27777, -1.0023, -2.23212, 9.49634, -3.29022, 0.84896, 5.44192, 14.50471, 2.34736, -12.80131]"
43,sub10,scratch,0,sub10-b2__0025__hop.npy,9,hop,20,0.3732606,0,"[9.58472, 2.18525, -3.18244, 3.27834, 8.58535, -1.80903, -9.38285, -6.19975, -6.9184, -1.20227, 9.11909, -10.10478, 6.06532, 5.09199, -1.17185, -5.96544, 4.05306, -10.4856, -5.31238, 4.89436, 9.78543, -1.68971]"
43,sub10,scratch,0,sub10-b2__0026__hop.npy,9,hop,20,0.50153875,0,"[9.94395, 1.7327, -2.45136, 2.53789, 7.14835, -1.99852, -9.05967, -6.80143, -6.03519, -0.52392, 9.83558, -9.59883, 6.2605, 3.86359, -1.26574, -5.63447, 2.65216, -9.72095, -5.10729, 4.5046, 10.63912, -1.5104]"
43,sub10,scratch,0,sub10-b2__0027__hop.npy,9,hop,10,0.3918041,0,"[9.44221, 2.36321, -3.67581, 3.24021, 9.25316, -1.88668, -9.39826, -6.49313, -7.33785, -0.18498, 10.11992, -10.53441, 5.91819, 6.11203, -1.89075, -6.11825, 4.02236, -10.87412, -4.71619, 4.87828, 9.57866, -2.0696]"
43,sub10,scratch,0,sub10-b2__0028__hop.npy,9,hop,0,0.63507307,0,"[11.49885, 1.68633, -3.81399, 0.68422, 7.2178, -2.48417, -7.65814, -5.14528, -6.42196, -1.87279, 10.73275, -8.84011, 4.94524, 3.01123, 1.86446, -6.42564, 1.83787, -10.78214, -4.51693, 5.63778, 9.10505, -3.54741]"
43,sub10,scratch,0,sub10-b2__0029__hop.npy,9,hop,0,0.65494084,0,"[11.31114, 2.10364, -3.12889, 1.63671, 7.59336, -2.63758, -8.4142, -5.36069, -6.37125, -1.86185, 9.91429, -9.96617, 5.30262, 3.81865, -0.07649, -6.39177, 1.98761, -10.59218, -4.66906, 5.34588, 9.92221, -2.17254]"
43,sub10,scratch,0,sub10-b2__0030__hop.npy,9,hop,4,0.62760466,0,"[5.60406, 2.62362, -2.3309, 4.30499, 10.796, -1.13186, -9.79252, -6.71797, -7.3602, 1.11421, 7.17357, -9.98505, 7.0581, 6.58972, -4.13111, -4.84286, 6.40405, -10.11005, -5.47671, 5.29679, 10.11089, -1.71987]"
43,sub10,scratch,0,sub10-b2__0031__jump.npy,10,jump,20,0.9454177,0,"[2.15587, 0.10525, 2.0096, 4.56761, 5.54136, -1.43973, -9.07997, -10.66418, -2.67685, 6.96563, 7.14407, -8.46513, 9.34095, 5.61553, -11.66539, -1.3859, 3.27993, -5.54896, -3.65956, 2.21583, 12.42732, 1.63819]"
43,sub10,scratch,0,sub10-b2__0032__jump.npy,10,jump,20,0.98242295,0,"[1.63266, -0.75633, 3.06135, 4.10761, 4.99017, -0.84601, -9.26957, -10.7896, -1.9644, 7.23535, 6.30124, -7.42227, 9.13684, 3.92315, -11.47484, -0.74488, 3.46304, -4.41849, -4.45548, 2.29698, 13.37869, 1.95685]"
43,sub10,scratch,0,sub10-b2__0033__jump.npy,10,jump,20,0.96746117,0,"[1.23236, -0.7606, 2.6002, 4.57249, 5.23442, -1.21402, -9.20102, -10.91413, -2.04167, 7.89181, 6.78677, -7.97669, 9.23374, 5.16002, -12.3608, -0.8309, 3.28981, -4.49249, -3.80619, 1.94975, 12.96157, 2.30962]"
43,sub10,scratch,0,sub10-b2__0034__jump.npy,10,jump,3,0.7825889,0,"[2.55281, 0.28722, -3.1451, 13.03444, 8.28171, -0.86517, -10.81808, -6.06275, -6.86272, 3.47402, 5.70872, -12.7418, 5.90078, 11.65036, -8.69296, -4.62534, 6.05289, -7.38655, -2.341, 1.24839, 8.90515, 2.8655]"
43,sub10,scratch,0,sub10-b2__0035__jump.npy,10,jump,20,0.982704,0,"[2.43666, -0.05661, 3.21089, 4.70213, 4.47836, -1.31051, -8.91553, -11.10182, -1.83013, 6.82202, 6.46145, -8.43595, 8.23953, 5.4099, -12.38292, -0.62028, 2.23866, -3.92622, -3.71883, 1.18821, 12.7107, 2.50045]"
43,sub10,scratch,0,sub10-b2__0036__jump.npy,10,jump,20,0.98819786,0,"[2.31726, -0.99088, 3.21552, 4.62967, 4.03512, -1.03308, -8.9186, -11.04463, -1.46247, 6.95134, 6.62788, -7.95322, 8.35322, 4.25386, -12.22863, -0.34221, 2.12006, -3.61884, -3.79893, 1.69946, 13.18162, 2.47214]"
43,sub10,scratch,0,sub10-b2__0037__runonspot.npy,13,runonspot,13,0.9651523,1,"[0.23152, 4.4287, -0.6784, 10.32884, 8.98737, -1.45469, -9.87553, -7.65815, -4.98756, 3.45875, 2.10227, -12.51408, 6.85947, 14.00484, -11.41738, -3.54406, 7.47213, -6.72167, -3.03436, -0.37791, 7.66944, 3.881]"
43,sub10,scratch,0,sub10-b2__0038__runonspot.npy,13,runonspot,13,0.95402354,1,"[0.2378, 4.48948, -1.57141, 10.96045, 9.85283, -1.09886, -10.35097, -6.86661, -5.61959, 2.74295, 1.95829, -12.76824, 6.36195, 14.36271, -10.39715, -4.06661, 8.43208, -7.31444, -3.18165, -0.01468, 7.24957, 3.63526]"
43,sub10,scratch,0,sub10-b2__0039__runonspot.npy,13,runonspot,13,0.97221845,1,"[-0.65693, 5.06897, -2.4275, 10.51496, 11.2845, -0.57729, -10.21387, -6.8185, -6.66126, 4.11812, 2.54835, -12.84839, 6.11461, 15.31435, -10.82327, -3.98433, 9.19628, -7.78058, -2.77162, 0.42289, 6.81836, 2.54245]"
43,sub10,scratch,0,sub10-b2__0040__runonspot.npy,13,runonspot,13,0.977373,1,"[-0.27125, 4.92113, -2.53819, 11.41031, 11.26658, -0.77245, -9.92305, -6.51624, -6.97893, 3.18225, 1.90848, -13.10903, 5.74033, 15.85743, -10.50445, -4.04742, 9.08765, -7.70787, -3.06797, 0.47807, 6.45073, 2.36645]"
43,sub10,scratch,0,sub10-b2__0041__runonspot.npy,13,runonspot,13,0.9847593,1,"[-1.45091, 5.10623, -1.17216, 9.76486, 10.94546, -0.96949, -9.55256, -7.55179, -5.64241, 4.48488, 1.41833, -12.06108, 6.49095, 15.5112, -11.71299, -3.30811, 9.06185, -7.01425, -3.11461, -0.00498, 6.53683, 2.81768]"
43,sub10,scratch,0,sub10-b2__0042__buttkicks.npy,4,buttkicks,4,0.9994405,1,"[-3.7602, -0.6928, -1.96162, 2.99806, 19.9584, -0.14053, -8.89505, -6.64981, -9.45484, 9.75012, 2.47191, -9.23147, 5.17013, 9.25482, -10.50494, -2.12078, 10.9697, -8.36708, -4.55209, 10.29897, 11.88413, -3.45816]"
43,sub10,scratch,0,sub10-b2__0043__buttkicks.npy,4,buttkicks,4,0.9999281,1,"[-2.71323, 0.02246, -3.88324, 2.22902, 21.58932, -1.11175, -8.07862, -5.7359, -10.49469, 9.05159, 3.5562, -10.38016, 3.99097, 10.80953, -9.05599, -3.10508, 9.83147, -9.54971, -3.40553, 10.62271, 10.87624, -4.50462]"
43,sub10,scratch,0,sub10-b2__0044__buttkicks.npy,4,buttkicks,4,0.9996908,1,"[-2.88166, 1.16399, -2.46541, 3.11487, 20.36758, -0.83632, -9.36646, -6.7294, -9.46327, 9.32487, 3.20899, -10.85861, 4.95604, 11.49743, -11.15031, -2.95249, 10.09335, -8.80683, -4.05456, 8.42235, 11.26539, -2.16844]"
43,sub10,scratch,0,sub10-b2__0045__buttkicks.npy,4,buttkicks,4,0.9995314,1,"[-2.53303, -1.56788, -2.69801, 0.14601, 20.69809, -0.74166, -7.51896, -6.99014, -9.9391, 10.93984, 4.71936, -9.0124, 4.43707, 8.13184, -9.89954, -2.0056, 8.49741, -8.60876, -3.63929, 11.66281, 12.52863, -5.03782]"
43,sub10,scratch,0,sub10-b2__0046__buttkicks.npy,4,buttkicks,4,0.99918824,1,"[-2.38346, -0.92714, -2.29974, 2.06618, 20.06994, -0.63479, -9.2663, -6.88566, -9.54778, 10.28357, 4.30984, -9.81697, 5.11519, 8.8719, -10.56104, -2.54873, 9.25776, -8.55251, -4.31508, 10.06578, 12.7716, -3.18655]"
43,sub10,scratch,0,sub10-b2__0047__buttkicks.npy,4,buttkicks,4,0.99934226,1,"[-3.0571, -0.88912, -2.40088, 1.94178, 20.01599, -0.50582, -8.95667, -7.31589, -9.43368, 10.85988, 4.38734, -9.38078, 5.59303, 9.28922, -10.77349, -2.42382, 9.61305, -8.56322, -4.258, 9.76586, 12.34067, -3.13931]"
43,sub10,scratch,0,sub10-b2__0048__airkick.npy,0,airkick,0,0.967208,1,"[11.36394, 7.26721, 4.23807, -5.79077, -0.54779, -6.02453, 4.34192, -1.20423, -0.24433, -4.71023, 0.07844, -2.60063, -2.19702, -0.24248, 7.17592, -4.09526, -2.25478, -7.33737, -4.16253, 3.42202, -1.04611, -7.61808]"
43,sub10,scratch,0,sub10-b2__0049__airkick.npy,0,airkick,14,0.41019768,0,"[5.68704, 6.95405, 6.83729, -10.75795, -1.58004, -2.98832, 4.81351, 0.75913, 4.73226, -2.10223, -2.54109, 4.36429, -3.86065, -3.54315, 7.50361, -1.1475, -0.49781, -3.95716, -5.64745, 2.76234, -5.02521, -8.44082]"
43,sub10,scratch,0,sub10-b2__0050__airkick.npy,0,airkick,1,0.756786,0,"[6.83669, 8.49644, 5.88644, -9.13914, 1.29319, -2.09002, 1.30531, -1.01428, 1.46166, -1.44469, -0.03936, 1.78089, -1.16896, -1.03368, 5.47154, -3.12538, 2.31144, -6.57542, -7.29119, 2.66707, -2.77035, -8.01601]"
43,sub10,scratch,0,sub10-b2__0051__airkick.npy,0,airkick,1,0.9536999,0,"[7.22549, 10.52686, 5.85467, -6.95185, 0.51364, -1.40327, 0.09451, -0.2702, 1.69694, -3.77971, -1.48793, -0.15765, -1.78589, -0.57605, 3.93962, -1.99568, 2.17208, -6.04304, -7.473, 2.81924, -3.56653, -7.69405]"
43,sub10,scratch,0,sub10-b2__0052__airkick.npy,0,airkick,1,0.51617724,0,"[9.19051, 9.29781, 5.40408, -6.78291, 1.23692, -3.55506, 0.72719, -0.18482, 1.14486, -4.25177, -1.01846, -2.88436, -1.95311, -0.4279, 3.18419, -2.75199, 0.15747, -6.88239, -6.00063, 5.12108, -0.82654, -7.9033]"
43,sub10,scratch,0,sub10-b2__0053__airkick.npy,0,airkick,1,0.8886338,0,"[7.0376, 9.90427, 7.18544, -8.04491, 0.00776, -1.41389, -0.2146, -1.11276, 2.63726, -2.33969, -0.96803, 0.27907, -0.91466, -1.4649, 2.38049, -1.70013, 1.29593, -5.60402, -7.42675, 2.77964, -2.032, -7.35442]"
43,sub10,scratch,0,sub10-b2__0054__airkick.npy,0,airkick,0,0.78386587,1,"[9.51878, 8.00251, 6.40422, -9.65099, -1.16076, -4.41849, 3.14701, -0.42017, 2.32752, -1.77303, 0.8803, -0.05486, -1.36747, -1.41664, 4.67952, -3.84509, -2.04666, -6.58706, -5.32758, 2.63957, -1.43011, -6.80711]"
43,sub10,scratch,0,sub10-b2__0055__sidekick.npy,14,sidekick,9,0.86130565,0,"[-6.42986, -4.95424, 3.8086, 1.48196, 8.4314, -1.22028, -1.02368, -10.53253, -2.32483, 13.08874, 0.61065, -2.66671, 6.62486, 3.98461, -13.19039, 3.52428, 4.0966, -1.44629, -2.0848, 7.24857, 11.16907, -3.60982]"
43,sub10,scratch,0,sub10-b2__0056__sidekick.npy,14,sidekick,9,0.9746995,0,"[-7.93722, -4.45589, 2.48225, 1.22929, 9.89945, -0.91479, -1.04417, -10.02116, -3.03096, 14.53383, 0.1787, -2.22127, 6.96809, 5.16006, -13.19433, 3.05909, 5.55619, -2.06696, -1.71452, 7.40024, 10.31387, -4.34629]"
43,sub10,scratch,0,sub10-b2__0057__sidekick.npy,14,sidekick,9,0.9305264,0,"[-6.27231, -3.46735, 3.43553, 0.42343, 9.66553, -0.73113, -0.25161, -10.38158, -3.20346, 12.95125, 0.59612, -2.52006, 5.22765, 4.33798, -12.79074, 4.23678, 4.46085, -1.69632, -1.46892, 8.00073, 9.41381, -5.96859]"
43,sub10,scratch,0,sub10-b2__0058__sidekick.npy,14,sidekick,9,0.50205964,0,"[-5.81225, -5.44138, 0.21673, 0.23324, 8.84645, -2.04348, 2.98798, -9.05998, -3.20074, 11.54302, 0.90057, -2.56322, 3.92664, 3.43321, -10.63667, 4.38284, 2.96919, -2.50263, 1.05096, 11.39058, 8.78962, -7.91396]"
43,sub10,scratch,0,sub10-b2__0059__sidekick.npy,14,sidekick,9,0.9103434,0,"[-7.19756, -6.40958, 0.87821, 0.91455, 8.39163, -0.70633, 1.13893, -9.47916, -2.43907, 13.21678, 0.54447, -2.04335, 5.10223, 2.89495, -11.72827, 4.36347, 3.79477, -1.2476, -0.00499, 10.08193, 10.14585, -6.14923]"
43,sub10,scratch,0,sub10-b2__0060__sidekick.npy,14,sidekick,9,0.9953241,0,"[-8.54298, -4.71924, 2.73098, 1.71077, 9.11272, -0.37247, -1.25048, -10.46668, -2.50694, 15.54144, 0.79183, -1.51317, 6.51595, 5.19865, -13.56863, 3.80981, 5.37856, -1.02449, -1.37361, 6.02311, 9.66557, -4.06206]"
43,sub10,scratch,0,sub10-b2__0061__sidekick.npy,14,sidekick,9,0.9985991,0,"[-8.90731, -5.23218, 2.60018, 1.13079, 8.79147, 0.23191, -1.46851, -10.63747, -2.38769, 16.72549, 1.56006, -0.52404, 7.108, 4.46319, -13.83087, 3.78154, 5.7849, -1.02565, -1.46343, 6.01939, 9.74457, -4.13942]"
43,sub10,scratch,0,sub10-b2__0062__crosstoe.npy,6,crosstoe,6,0.810017,1,"[2.5457, -0.16917, -4.01838, -4.51938, 1.28049, -6.88118, 14.39995, -2.05361, -2.63553, -2.38337, -0.26658, -0.97106, -2.18522, 0.88975, 6.16798, 0.99743, -2.59505, -6.32718, 5.3816, 12.94812, -2.11088, -13.89165]"
43,sub10,scratch,0,sub10-b2__0063__crosstoe.npy,6,crosstoe,6,0.97658783,1,"[1.52545, 0.05261, -3.03431, -4.45164, 0.58239, -7.25125, 15.39798, -2.13459, -1.79718, -3.27126, -1.63801, 0.19304, -2.00336, 0.36297, 6.81239, 1.72105, -2.32226, -5.50136, 5.172, 11.65768, -2.88477, -13.19219]"
43,sub10,scratch,0,sub10-b2__0064__crosstoe.npy,6,crosstoe,6,0.86913556,1,"[2.8863, 0.63574, -4.67462, -4.5999, -0.25125, -6.72743, 13.95039, -0.90116, -1.66095, -4.29201, -0.58668, -0.43952, -1.71289, 0.37886, 7.66264, 0.48489, -2.40268, -6.58778, 5.6225, 12.04286, -3.17103, -13.60583]"
43,sub10,scratch,0,sub10-b2__0065__crosstoe.npy,6,crosstoe,6,0.90777665,1,"[1.4377, 0.36675, -3.51048, -5.62304, 2.07353, -6.65437, 14.84863, -2.0413, -2.29167, -1.7128, -0.60875, 0.10089, -2.32737, 0.80125, 6.3507, 1.02014, -1.64882, -6.46027, 5.2825, 12.55907, -2.60532, -13.86176]"
43,sub10,scratch,0,sub10-b2__0066__crosstoe.npy,6,crosstoe,6,0.994214,1,"[2.28985, 1.26154, -3.06859, -6.56649, -2.06009, -6.06443, 15.51328, -0.13898, -0.28071, -4.87587, -1.32825, 3.12674, -3.37801, -1.62631, 10.00952, 1.44092, -2.56193, -5.1652, 5.43009, 9.13529, -5.66181, -13.5928]"
43,sub10,scratch,0,sub10-b2__0067__crosstoe.npy,6,crosstoe,6,0.99040765,1,"[1.18962, 1.32203, -4.04895, -6.55395, -1.42295, -6.45458, 15.34704, 0.07412, -0.27512, -4.6415, -1.75146, 2.53996, -2.23681, -1.24122, 10.0149, 0.75387, -1.81105, -6.17883, 5.91184, 10.0009, -5.01039, -12.68817]"
43,sub10,scratch,0,sub10-b2__0068__crosstoe.npy,6,crosstoe,6,0.99869776,1,"[0.78114, -2.77447, -1.9452, -1.78332, -0.14992, -6.88753, 15.7865, -4.40869, -3.32509, -1.13347, -2.12531, 2.43479, 1.26087, 1.56315, 5.33438, 0.97075, -0.75418, -4.51904, 2.59002, 9.11724, -1.07712, -11.19509]"
43,sub10,scratch,0,sub10-b2__0069__throw.npy,18,throw,1,0.78969395,0,"[3.55686, 9.06734, -5.22958, -1.71383, 1.2712, -1.75578, 1.78849, 6.22421, 0.12232, -7.24471, -1.25111, -4.25862, -3.43101, 2.72111, 7.3321, -2.37856, 2.14009, -8.30772, 2.14895, 5.27848, -7.43605, -8.95238]"
43,sub10,scratch,0,sub10-b2__0070__throw.npy,18,throw,14,0.6563131,0,"[2.40162, 7.40581, -3.92962, -4.09212, -3.23537, -4.67068, 6.68071, 8.23746, 4.38267, -8.14098, -3.9332, -2.08297, -5.17567, -0.11594, 9.42835, -1.54148, -1.80338, -5.5155, 5.12776, 3.35685, -8.87041, -6.37167]"
43,sub10,scratch,0,sub10-b2__0071__throw.npy,18,throw,14,0.54008824,0,"[1.5348, 6.12733, -2.39587, -5.30401, -3.63341, -5.55083, 7.88392, 9.08129, 5.95188, -8.02387, -5.52481, -1.27461, -5.99752, -1.47566, 9.58885, -0.7881, -3.18421, -3.6079, 4.60815, 3.71668, -8.43621, -6.05594]"
43,sub10,scratch,0,sub10-b2__0072__throw.npy,18,throw,8,0.56682104,0,"[1.86512, 7.77678, 1.5295, -8.88685, -5.86921, -3.80547, 3.99018, 7.25989, 9.62877, -7.35785, -5.03188, 2.06603, -2.06168, -5.18476, 8.95268, -1.39183, -2.47849, -3.57771, -0.39666, 1.24765, -7.02721, -3.43388]"
43,sub10,scratch,0,sub10-b2__0073__throw.npy,18,throw,14,0.44307974,0,"[1.1211, 5.54789, -2.88264, -5.73539, -4.09531, -4.4249, 7.34086, 8.02855, 7.09031, -7.58978, -4.73589, -0.83624, -5.4249, -2.77967, 8.55348, 0.66884, -3.44495, -3.15378, 5.35826, 5.449, -7.76939, -7.74902]"
43,sub10,scratch,0,sub10-b2__0074__throw.npy,18,throw,14,0.42943117,0,"[3.11617, 8.26478, -4.20332, -2.86286, -1.71275, -2.09713, 3.55548, 6.98936, 3.46034, -8.41864, -3.28337, -2.95784, -4.44124, 0.06948, 8.28396, -0.96138, -0.28498, -6.0446, 3.00081, 5.19004, -7.83183, -8.56892]"
43,sub10,scratch,0,sub10-b2__0075__throw.npy,18,throw,14,0.62437826,0,"[1.6329, 6.84381, -3.68664, -4.55138, -2.03421, -2.90064, 5.3953, 6.93662, 4.80298, -7.26931, -3.76931, -1.56148, -4.78707, -1.11561, 8.44776, 0.05245, -1.12827, -4.76633, 4.00628, 6.07389, -7.53134, -9.18041]"
43,sub10,scratch,0,sub10-b2__0076__walk.npy,20,walk,20,0.99960786,1,"[0.06185, -2.05332, 5.43233, 4.36506, 4.70402, -0.64057, -9.03316, -9.85748, -0.29223, 6.1271, 1.34127, -7.88919, 7.62403, 2.24857, -13.71218, 1.24936, 2.02618, -1.2066, -4.60228, 3.22164, 15.86199, 4.12738]"
43,sub10,scratch,0,sub10-b2__0077__turnaround.npy,19,turnaround,19,0.9383368,1,"[-1.90852, -2.7129, -5.29701, -1.15998, 1.1316, 1.24774, 4.8392, -2.91804, 2.27743, -2.47599, -2.35726, -1.39571, -4.26524, -3.27119, 0.6002, 10.09111, -2.73687, 2.65124, 5.02513, 12.82654, 1.34922, -12.78408]"
43,sub10,scratch,0,sub10-b2__0078__walk.npy,20,walk,20,0.99962306,1,"[-1.41724, -8.90209, -4.51375, 2.35668, 6.02244, 1.53201, 1.07876, -4.21101, -7.54819, 5.7187, -2.49835, -4.32116, -3.49611, 4.70092, -3.09442, 2.73126, -4.56219, 7.56974, 2.61314, 5.15443, 15.88491, -5.15947]"
43,sub10,scratch,0,sub10-b2__0079__turnaround.npy,19,turnaround,19,0.9948644,1,"[-1.3163, -2.51279, -4.66217, -2.12545, 4.36152, -1.28781, 5.4766, -4.1095, 0.66854, -0.27003, -0.60728, -4.10846, -4.90478, -0.83587, -1.99045, 9.50016, -3.32224, 1.1015, 5.48249, 14.80881, 2.4029, -13.08186]"
43,sub10,scratch,0,sub10-b2__0080__walk.npy,20,walk,20,0.99975675,1,"[2.12016, -2.41028, 5.97201, 3.72064, 3.14674, -0.84826, -9.23011, -10.54234, 0.18943, 5.51561, 2.51618, -7.37632, 7.31731, 1.7099, -12.75057, 0.83538, 0.43933, -0.40731, -5.05002, 1.2551, 16.10846, 5.09564]"
43,sub10,scratch,0,sub10-b2__0081__turnaround.npy,19,turnaround,19,0.94136566,1,"[-2.09022, -3.22412, -5.05707, -1.30854, 1.41733, 0.88776, 4.77228, -3.27388, 2.32373, -1.80416, -2.37796, -1.85662, -4.08447, -3.23319, -0.40063, 10.44799, -3.47665, 2.97711, 5.32462, 13.23472, 2.32117, -12.60604]"
43,sub10,scratch,0,sub10-b2__0082__walk.npy,20,walk,20,0.998664,1,"[-1.81011, -8.97178, -3.90822, 2.06404, 6.13773, 1.24818, 1.64056, -4.90541, -7.18432, 7.18515, -2.00464, -3.97098, -3.87062, 5.06062, -3.57931, 2.9673, -4.69122, 8.21223, 2.63199, 4.34265, 15.27428, -5.07829]"
43,sub10,scratch,0,sub10-b2__0083__turnaround.npy,19,turnaround,19,0.99743384,1,"[-0.89339, -3.33819, -5.82898, -1.87167, 3.43106, -1.10775, 4.98638, -4.18588, 0.76011, -0.37667, 1.02597, -3.86774, -4.10582, -1.24383, -1.20537, 9.11158, -3.36099, 0.2447, 5.67073, 15.1266, 2.30977, -13.05451]"
43,sub10,scratch,0,sub10-b2__0084__walk.npy,20,walk,20,0.9997757,1,"[0.73491, -2.72002, 5.97568, 3.54451, 3.82307, -0.57017, -9.13889, -10.48384, 0.20894, 6.36628, 2.00821, -6.9917, 7.26316, 1.49908, -13.01264, 1.39375, 1.06532, -0.0903, -4.98136, 1.86271, 16.27637, 4.75897]"
43,sub10,scratch,0,sub10-b2__0085__turnaround.npy,19,turnaround,15,0.7928426,0,"[-3.31878, -5.17907, -1.79609, -3.50743, -1.51778, 1.28458, 5.94089, -4.55851, 5.43283, 0.88841, -2.79563, 1.76794, -3.53437, -5.75784, -0.47366, 11.52753, -5.35632, 6.80745, 4.0899, 10.12235, 3.50468, -11.0924]"
43,sub10,scratch,0,sub10-b2__0086__walk.npy,20,walk,20,0.9983846,1,"[-1.78832, -8.9755, -4.23209, 2.06642, 5.31587, 1.65384, 1.80347, -4.15285, -6.80486, 5.78514, -2.70812, -3.52731, -3.90718, 4.27929, -2.53631, 3.18034, -4.77858, 8.41747, 2.72833, 4.59779, 14.99913, -5.37281]"
43,sub10,scratch,0,sub10-b2__0087__turnaround.npy,19,turnaround,19,0.9944207,1,"[-1.95012, -2.37397, -4.51569, -1.69811, 4.32553, -0.31232, 4.29762, -3.83322, 1.28045, -0.40759, -1.30801, -4.01052, -4.39832, -1.15997, -2.16445, 9.57318, -2.74519, 1.45504, 4.69786, 14.77603, 2.82449, -12.69632]"
43,sub10,scratch,0,sub10-b2__0088__walk.npy,20,walk,20,0.9997296,1,"[0.91072, -2.6995, 6.5548, 3.43755, 2.47149, -0.34085, -9.38035, -10.29806, 1.08248, 5.97965, 1.72423, -6.32682, 7.44815, 0.61665, -12.7882, 1.46109, 0.76321, 0.42594, -5.29066, 1.02573, 16.26198, 5.48326]"
43,sub10,scratch,0,sub10-b2__0089__turnaround.npy,19,turnaround,19,0.5639747,1,"[-3.17068, -3.8157, -3.67343, -1.65765, 0.4829, 1.48045, 4.91, -3.89824, 3.45256, -0.55897, -3.02278, -0.46876, -3.86963, -3.82486, -1.31842, 11.4173, -3.98495, 4.91798, 5.13259, 11.68007, 2.78768, -11.89632]"
43,sub10,scratch,0,sub10-b2__0090__walk.npy,20,walk,20,0.996451,1,"[-1.42414, -8.67476, -3.75296, 1.96292, 7.0232, 0.76977, 2.189, -5.20228, -7.51708, 7.29103, -1.71101, -4.68425, -4.89261, 6.07428, -3.98342, 3.29292, -4.93945, 8.3888, 2.60651, 4.82611, 14.57417, -5.5559]"
43,sub10,scratch,0,sub10-b2__0091__turnaround.npy,19,turnaround,19,0.9963122,1,"[-1.4682, -2.65613, -5.31572, -1.95414, 4.19302, -0.8026, 4.97305, -4.10319, 0.63569, -0.23441, -0.0405, -4.01236, -4.39276, -0.92022, -1.85124, 9.30304, -3.004, 0.64305, 5.58526, 14.94627, 2.47263, -13.10435]"
43,sub10,scratch,0,sub10-b2__0092__walk.npy,20,walk,20,0.99986744,1,"[1.84497, -2.6818, 6.01119, 3.6992, 2.80712, -0.51724, -9.56083, -10.08988, 0.55509, 5.28588, 2.10704, -7.16244, 7.03536, 0.8169, -12.44832, 1.05396, 0.41585, 0.04806, -5.23499, 1.37992, 16.57111, 5.55073]"
43,sub10,scratch,0,sub10-b2__0093__turnaround.npy,19,turnaround,19,0.7103442,1,"[-2.57746, -3.72812, -3.75722, -1.31617, 0.47259, 1.46018, 4.76646, -3.79794, 3.30875, -0.98823, -3.03613, -0.84252, -4.06917, -3.72087, -1.16975, 11.10271, -3.92437, 4.61026, 4.8124, 12.0057, 2.93272, -11.97788]"
43,sub10,scratch,0,sub10-b2__0094__walk.npy,20,walk,20,0.9985378,1,"[-1.80987, -8.75217, -3.77456, 2.0304, 6.63853, 1.12564, 1.68084, -4.64722, -7.23618, 6.78788, -2.47215, -4.38872, -4.23284, 5.26976, -3.82325, 3.16735, -4.67668, 8.21393, 2.56094, 4.95413, 15.18022, -5.26948]"
43,sub10,scratch,0,sub10-b2__0095__turnaround.npy,19,turnaround,19,0.9971269,1,"[-0.69304, -1.74546, -5.33523, -1.66999, 0.90465, 0.32934, 4.36887, -2.18243, 2.67985, -3.32077, -1.84122, -2.32564, -3.44322, -3.40222, 1.20954, 8.30259, -2.36361, 0.34717, 4.35619, 14.19709, 1.42238, -12.88933]"
43,sub10,scratch,0,sub10-b2__0096__hop.npy,9,hop,20,0.74680096,0,"[6.4824, 0.9735, -2.88641, 1.74426, 10.75721, -2.0944, -8.9135, -7.43851, -6.83651, 2.71018, 9.2869, -10.34868, 6.90516, 5.02116, -4.71183, -4.67403, 3.82963, -10.06034, -3.37122, 6.85089, 12.09335, -2.55654]"
43,sub10,scratch,0,sub10-b2__0097__hop.npy,9,hop,20,0.47654635,0,"[8.58491, 1.37673, -3.55902, 3.37259, 8.98723, -1.45583, -9.39286, -6.95382, -7.2741, 0.21686, 9.94865, -10.11889, 7.35949, 5.34741, -2.88861, -5.59447, 4.0832, -10.66033, -4.64827, 5.47695, 10.40814, -2.35192]"
43,sub10,scratch,0,sub10-b2__0098__hop.npy,9,hop,20,0.4406965,0,"[6.38663, 1.94887, -3.92789, 4.73419, 9.77873, -1.3433, -10.59866, -6.72178, -6.78866, 0.75654, 8.74181, -10.69509, 7.87462, 6.70352, -3.64229, -5.60214, 6.02868, -10.58555, -4.75127, 4.80259, 10.02328, -0.7969]"
43,sub10,scratch,0,sub10-b2__0099__hop.npy,9,hop,10,0.37871924,0,"[8.24966, 2.0906, -4.26595, 3.98525, 9.22641, -1.76393, -9.46494, -6.51738, -7.42211, -0.21808, 9.5978, -10.05348, 7.13321, 6.38194, -1.49765, -6.24682, 5.36563, -11.2786, -4.92451, 4.85353, 8.97848, -2.10753]"
43,sub10,scratch,0,sub10-b2__0100__hop.npy,9,hop,10,0.5944195,0,"[9.32419, 1.9558, -4.50861, 1.85367, 9.39704, -2.04888, -8.89094, -5.66474, -7.34785, -0.08806, 10.8991, -9.8502, 6.357, 5.07879, -0.79293, -6.52363, 3.7054, -11.56476, -4.22466, 5.78285, 9.43794, -3.04597]"
43,sub10,scratch,0,sub10-b2__0101__hop.npy,9,hop,0,0.5777122,0,"[10.94137, 1.85056, -3.99405, 2.26733, 8.22634, -2.62065, -8.28168, -5.50804, -7.06224, -1.95132, 10.00421, -10.24955, 5.49622, 4.57797, -0.0468, -6.32637, 2.46253, -10.89245, -4.30017, 5.81086, 9.59645, -2.82813]"
43,sub10,scratch,0,sub10-b2__0102__hop.npy,9,hop,4,0.537278,0,"[8.39529, 2.9014, -4.90186, 2.33182, 10.02238, -2.61526, -8.47907, -4.58516, -6.93158, -1.30807, 9.30264, -10.06028, 5.05699, 5.87951, 1.25658, -6.91932, 4.73141, -11.53177, -4.37852, 5.41141, 8.0461, -2.59896]"
43,sub10,scratch,0,sub10-b2__0103__hop.npy,9,hop,0,0.5332698,0,"[11.16671, 3.26336, -6.00206, 2.45608, 8.63846, -3.82875, -7.43875, -4.37903, -7.98526, -2.28421, 10.89228, -10.54143, 5.00481, 7.40724, 1.71851, -7.97802, 3.35086, -12.80592, -3.38303, 4.55167, 6.29425, -2.82645]"
43,sub10,scratch,0,sub10-b2__0104__hop.npy,9,hop,10,0.327937,0,"[10.11765, 2.34179, -4.11321, 2.87656, 9.47654, -3.04104, -8.97481, -5.61407, -7.48838, -0.66185, 10.20848, -11.2308, 5.48895, 6.35813, -1.96404, -6.51907, 2.91202, -11.28559, -3.67559, 5.25404, 9.72435, -1.82318]"
43,sub10,scratch,0,sub10-b2__0105__jump.npy,10,jump,20,0.8515162,0,"[3.61859, 0.40273, 1.6043, 4.55493, 4.43358, -2.22126, -8.95022, -10.9073, -2.28188, 6.93948, 9.12554, -9.08475, 8.73994, 6.61303, -11.63018, -1.99948, 1.92151, -5.6012, -3.0041, 0.89085, 11.51383, 2.22455]"
43,sub10,scratch,0,sub10-b2__0106__jump.npy,10,jump,20,0.97684926,0,"[3.73804, -0.54969, 2.55811, 4.03686, 3.75457, -1.72984, -8.88103, -11.20801, -1.69636, 6.97504, 8.49776, -8.48308, 8.07448, 4.89276, -11.8167, -1.04955, 1.03711, -4.25968, -3.25435, 1.1724, 12.90047, 2.46715]"
43,sub10,scratch,0,sub10-b2__0107__jump.npy,10,jump,20,0.949341,0,"[3.90814, -1.04703, 2.63445, 3.80347, 3.28782, -1.81235, -8.41074, -11.33115, -1.71089, 7.10328, 9.031, -7.79785, 8.57417, 4.23454, -11.35534, -1.06873, 1.0256, -4.49777, -3.31223, 1.35868, 12.55215, 1.82482]"
43,sub10,scratch,0,sub10-b2__0108__jump.npy,10,jump,20,0.8404554,0,"[2.87402, -0.9343, 1.58449, 3.12702, 4.98506, -1.27765, -8.79912, -11.44604, -2.5174, 8.92422, 10.35389, -7.67679, 8.85209, 4.97678, -11.53993, -1.41461, 2.14335, -5.41065, -3.28452, 2.03531, 12.40313, 0.79692]"
43,sub10,scratch,0,sub10-b2__0109__jump.npy,10,jump,20,0.9483206,0,"[4.0886, -0.68556, 2.14322, 3.56287, 3.4947, -1.93503, -8.72589, -11.16018, -1.82069, 6.82471, 9.25761, -8.03494, 8.9063, 4.30619, -10.8946, -1.54156, 1.24501, -5.04986, -3.38256, 1.52188, 12.76231, 1.93267]"
43,sub10,scratch,0,sub10-b2__0110__jump.npy,10,jump,20,0.9312081,0,"[4.09845, -0.96766, 1.96919, 4.11968, 3.44757, -1.77243, -8.88978, -11.21789, -1.80347, 7.05241, 9.52817, -8.41374, 8.31839, 4.74753, -11.19674, -1.3741, 1.13847, -4.65958, -3.13724, 1.19889, 12.47262, 2.18991]"
43,sub10,scratch,0,sub10-b2__0111__runonspot.npy,13,runonspot,13,0.9751559,1,"[-0.29433, 3.94281, -1.7766, 10.18713, 10.7173, -1.79727, -9.62641, -7.17388, -6.23608, 4.43251, 2.86832, -12.76042, 7.1764, 14.93046, -11.30119, -4.054, 8.00728, -7.82906, -2.66451, 0.90726, 7.3275, 2.47011]"
43,sub10,scratch,0,sub10-b2__0112__runonspot.npy,13,runonspot,13,0.98779196,1,"[-0.87081, 4.25018, -2.15372, 10.92381, 10.14491, -1.6429, -10.22056, -7.1031, -5.66982, 4.44639, 2.52027, -12.84747, 6.93924, 15.77008, -11.59099, -4.08831, 8.3027, -7.24419, -2.53623, -0.57533, 6.92526, 4.22219]"
43,sub10,scratch,0,sub10-b2__0113__runonspot.npy,13,runonspot,13,0.9816938,1,"[-1.004, 4.29885, -1.99615, 10.99118, 10.72483, -1.40345, -10.30446, -6.91387, -5.74811, 4.29653, 1.8709, -13.17414, 6.3886, 15.60059, -11.8748, -3.77416, 8.27655, -7.02846, -2.57139, -0.04429, 7.37109, 3.91999]"
43,sub10,scratch,0,sub10-b2__0114__runonspot.npy,13,runonspot,13,0.9908794,1,"[0.19612, 5.01634, -2.40677, 10.51856, 8.69859, -1.82408, -10.50064, -6.87131, -4.66619, 3.18375, 3.07905, -12.86737, 7.2255, 15.47082, -10.56118, -4.77994, 7.98293, -7.50842, -2.46137, -1.56503, 6.26233, 5.10741]"
43,sub10,scratch,0,sub10-b2__0115__runonspot.npy,13,runonspot,13,0.9719794,1,"[-0.71222, 4.90592, -3.56885, 9.60338, 13.36039, -1.74281, -10.01567, -6.39747, -7.32105, 4.74447, 3.28801, -13.30426, 5.68416, 16.94818, -10.56275, -4.8436, 9.29816, -8.75328, -2.3985, 1.05548, 6.19286, 2.29123]"
43,sub10,scratch,0,sub10-b2__0116__buttkicks.npy,4,buttkicks,4,0.99976176,1,"[-1.9662, -0.99689, -3.91356, 0.00196, 20.84384, -0.40968, -9.02517, -7.02063, -9.79244, 11.01912, 6.61844, -8.88139, 4.61505, 8.56492, -8.40099, -3.22248, 9.41602, -9.38822, -4.17799, 10.19482, 11.99941, -3.8365]"
43,sub10,scratch,0,sub10-b2__0117__buttkicks.npy,4,buttkicks,4,0.99941766,1,"[-3.06149, -1.24644, -3.28391, 0.46696, 20.38414, -0.28544, -9.48149, -7.45252, -9.0344, 11.96406, 6.25701, -8.54785, 5.44274, 8.54792, -9.18576, -3.04674, 10.17899, -9.07967, -4.60883, 9.69583, 12.2528, -2.95631]"
43,sub10,scratch,0,sub10-b2__0118__buttkicks.npy,4,buttkicks,4,0.9995977,1,"[-1.56642, -1.64266, -3.78406, 0.18149, 20.64446, -0.37663, -8.69164, -6.98926, -10.08695, 11.1189, 6.72767, -8.94437, 4.49527, 8.13539, -8.76303, -3.00764, 8.76562, -9.30925, -3.93523, 10.7912, 12.40962, -4.51316]"
43,sub10,scratch,0,sub10-b2__0119__buttkicks.npy,4,buttkicks,4,0.9997838,1,"[-2.12541, -0.88381, -4.11568, -0.13078, 20.96712, 0.31914, -9.25709, -6.72412, -9.89899, 10.99584, 6.37414, -8.83316, 4.35287, 8.47503, -8.23681, -3.18598, 9.47129, -9.24205, -4.26276, 10.29076, 12.03453, -4.18904]"
43,sub10,scratch,0,sub10-b2__0120__buttkicks.npy,4,buttkicks,4,0.9995443,1,"[-1.75079, -1.2901, -3.63111, 1.80542, 20.52536, -0.9093, -9.12265, -6.81502, -9.78882, 10.03278, 5.24555, -10.5692, 4.46351, 9.51048, -9.91488, -2.71252, 8.29991, -8.50892, -3.65144, 10.24158, 12.62924, -3.19865]"
43,sub10,scratch,0,sub10-b2__0121__buttkicks.npy,4,buttkicks,4,0.9931704,1,"[-3.95263, -1.79331, -2.6467, 0.80434, 18.80828, -0.16102, -9.11569, -8.58299, -8.13474, 13.46826, 6.31297, -8.27719, 6.79604, 8.76421, -10.99112, -2.25955, 9.01841, -8.0878, -4.23887, 8.82903, 12.5555, -2.48886]"
43,sub10,scratch,0,sub10-b2__0122__airkick.npy,0,airkick,0,0.99983525,1,"[16.00957, 4.11108, -0.90246, 4.60819, 1.6437, -3.6094, -5.80491, -5.36015, -5.51221, -7.27117, 6.36384, -10.00571, 3.00892, 4.29395, 1.57666, -6.22547, -0.46759, -9.04797, -4.64804, 1.7574, 6.43746, -1.11929]"
43,sub10,scratch,0,sub10-b2__0123__airkick.npy,0,airkick,0,0.9999188,1,"[16.07422, 5.30618, 1.25007, -1.969, 0.5872, -4.99146, -1.76329, -3.16689, -4.16373, -5.5987, 5.54749, -6.60521, 1.13485, 1.27654, 5.13255, -6.69556, -1.95028, -9.13671, -5.20053, 2.9965, 4.75776, -3.82625]"
43,sub10,scratch,0,sub10-b2__0124__airkick.npy,0,airkick,20,0.578364,0,"[9.44137, 3.19516, 3.14487, 5.59687, 5.76332, -2.04403, -7.09503, -7.76239, -5.63953, -2.29549, 2.71822, -9.33011, 3.26707, 5.24997, -4.74148, -2.85659, 2.86141, -6.15269, -6.76591, 3.06209, 9.82696, -0.7079]"
43,sub10,scratch,0,sub10-b2__0125__airkick.npy,0,airkick,0,0.99172497,1,"[14.32081, 2.81689, 2.60128, 4.41916, 0.41935, -3.21348, -6.41736, -7.56571, -4.13006, -5.36174, 4.91323, -8.93041, 4.55135, 2.45857, -2.67149, -3.98293, -1.07402, -6.58795, -5.44831, 1.43147, 9.50797, 0.41342]"
43,sub10,scratch,0,sub10-b2__0126__airkick.npy,0,airkick,0,0.99845123,1,"[15.98169, 2.52578, 3.84975, 2.11968, 0.10376, -4.11879, -4.25512, -6.70248, -3.92121, -5.77515, 4.0479, -7.74351, 1.93086, 0.64252, -0.08758, -3.71558, -3.04124, -5.73186, -5.74768, 2.50186, 9.50189, -1.32255]"
43,sub10,scratch,0,sub10-b2__0127__airkick.npy,0,airkick,14,0.88283074,0,"[8.50746, 7.36079, 3.42982, -8.72957, -2.44645, -4.8939, 4.66252, 3.05992, 2.59168, -5.37385, -1.10174, 0.99131, -3.29323, -2.09638, 10.83022, -4.52186, -1.56741, -6.80991, -4.10533, 1.78935, -4.72916, -6.25285]"
43,sub10,scratch,0,sub10-b2__0128__sidekick.npy,14,sidekick,9,0.8972972,0,"[-6.23381, -4.99419, 4.37547, 0.67412, 8.94868, -1.59799, -1.37518, -10.64502, -2.18911, 13.83564, 1.20038, -2.68794, 6.31571, 3.65561, -13.3635, 3.42316, 3.96925, -1.38886, -2.27028, 7.38186, 11.57796, -3.58963]"
43,sub10,scratch,0,sub10-b2__0129__sidekick.npy,14,sidekick,9,0.989288,0,"[-7.77054, -4.97473, 2.90757, 1.26375, 10.40278, -0.46829, -3.2308, -10.90403, -2.98119, 16.3547, 2.28115, -2.74175, 7.13265, 5.31424, -14.1477, 2.70041, 5.61815, -1.84052, -2.541, 6.33957, 11.53164, -2.80964]"
43,sub10,scratch,0,sub10-b2__0130__sidekick.npy,14,sidekick,9,0.98917574,0,"[-7.24616, -5.52419, 4.07084, 1.04711, 7.36023, -0.38181, -1.6913, -10.95942, -1.3987, 15.36577, 1.80455, -1.23341, 6.94288, 3.17736, -14.16982, 4.11731, 4.1422, -0.35529, -1.99893, 5.96884, 10.78628, -3.20949]"
43,sub10,scratch,0,sub10-b2__0131__sidekick.npy,14,sidekick,9,0.96810484,0,"[-7.53173, -5.3336, 4.03407, 0.88818, 9.09667, -0.94712, -2.52205, -10.60921, -2.09668, 15.43832, 1.26908, -2.15023, 7.32632, 4.02121, -14.17251, 3.02223, 4.86906, -1.31239, -2.64414, 6.40317, 11.95523, -2.21396]"
43,sub10,scratch,0,sub10-b2__0132__sidekick.npy,14,sidekick,9,0.898322,0,"[-6.02332, -4.30163, 3.66182, 1.10386, 8.22952, -1.22421, 1.06649, -9.91463, -2.4429, 11.88557, -0.33842, -2.2236, 4.33544, 3.71594, -12.25449, 4.93159, 3.12327, -0.53562, -0.92621, 8.00823, 9.14295, -6.07895]"
43,sub10,scratch,0,sub10-b2__0133__crosstoe.npy,6,crosstoe,6,0.79888386,1,"[2.143, -1.04193, -3.44993, -4.76668, 0.90112, -7.08628, 14.92101, -2.28678, -1.60474, -2.18521, -0.7868, -0.75488, -2.57272, 0.10859, 5.79835, 1.59694, -3.30342, -5.25743, 5.19599, 13.54098, -1.27799, -13.38991]"
43,sub10,scratch,0,sub10-b2__0134__crosstoe.npy,6,crosstoe,6,0.9993113,1,"[1.94915, -3.88781, -0.23536, -3.2689, -0.79941, -7.28285, 17.05776, -5.39481, -2.54077, -0.7248, -1.68322, 2.09896, -1.8434, 0.49395, 4.53237, 3.27828, -4.16519, -1.92223, 3.35496, 9.76815, -0.49124, -11.58273]"
43,sub10,scratch,0,sub10-b2__0135__crosstoe.npy,6,crosstoe,6,0.99023217,1,"[-1.80513, -2.30378, 0.35721, -7.2377, -1.11855, -6.69085, 14.44894, -3.75709, 0.02511, 0.33353, -2.67356, 8.03046, 4.44494, -3.53187, 9.47662, 0.91375, -0.68167, -3.90187, 0.30531, 7.76879, -0.58319, -10.08754]"
43,sub10,scratch,0,sub10-b2__0136__crosstoe.npy,6,crosstoe,6,0.9846865,1,"[-1.52642, -1.96328, -0.7396, -5.53827, 0.62701, -7.03259, 13.9534, -5.01273, -0.9416, 1.31676, -2.10144, 3.47648, 4.37304, -1.02947, 4.2776, 2.09643, -1.69241, -4.06683, 2.77629, 9.77755, 0.74646, -10.74864]"
43,sub10,scratch,0,sub10-b2__0137__crosstoe.npy,6,crosstoe,6,0.99041146,1,"[-2.85236, -2.96752, 0.46901, -5.55045, 0.7654, -6.77208, 13.74985, -6.73174, -0.60376, 3.4286, -1.56604, 4.39742, 4.86935, -1.16806, 2.08985, 3.64413, -1.61522, -2.88434, 2.94248, 9.0765, 1.78964, -9.84633]"
43,sub10,scratch,0,sub10-b2__0138__crosstoe.npy,6,crosstoe,6,0.9740734,1,"[-2.36202, -2.50259, -1.63608, -6.55046, -0.85851, -5.2953, 13.89214, -4.11164, 0.65628, 0.24054, -2.68614, 5.7521, 4.30909, -3.42897, 5.93561, 2.94728, -1.08359, -3.33956, 3.00213, 10.23725, 0.03805, -10.91904]"
43,sub10,scratch,0,sub10-b2__0139__throw.npy,18,throw,18,0.92265415,1,"[4.24862, 2.5481, -9.49605, 5.12281, -3.33964, 2.72283, 1.18055, 7.69225, -1.14595, -8.68748, -0.69325, -4.90198, -4.7479, 2.60359, 1.91665, -1.57854, -1.48371, -4.0892, 10.30324, 2.92043, -3.86432, -6.31187]"
43,sub10,scratch,0,sub10-b2__0140__throw.npy,18,throw,18,0.99725705,1,"[4.62185, 0.77395, -10.06606, 4.97376, -3.13678, 1.65438, 1.48787, 6.16435, -1.33908, -6.66196, 1.21387, -5.71444, -5.53225, 2.4931, 0.01812, 0.05807, -2.67664, -3.38662, 12.66209, 4.75621, -2.17212, -8.56012]"
43,sub10,scratch,0,sub10-b2__0141__throw.npy,18,throw,18,0.94758415,1,"[4.58532, 2.51213, -9.14156, 5.76426, -3.48834, -0.24476, 0.34195, 8.26548, -0.02292, -9.83086, -0.86987, -7.39364, -4.17243, 2.82193, 0.26317, -1.88503, -2.33768, -4.12951, 11.27267, 2.45042, -3.01884, -2.84845]"
43,sub10,scratch,0,sub10-b2__0142__throw.npy,18,throw,18,0.5768075,1,"[0.66244, -0.08919, -4.93962, 7.34988, -1.34084, 2.24329, -1.70342, -0.6015, 2.25721, -3.79795, -2.33778, -8.07324, -0.8529, 2.27717, -9.45887, 4.19012, -1.48168, -0.69718, 8.00243, 6.08883, 4.55943, -2.63087]"
43,sub10,scratch,0,sub10-b2__0143__throw.npy,18,throw,18,0.993912,1,"[3.03827, -0.25614, -8.78932, 5.96279, -3.45181, 3.17625, 1.29406, 4.43619, 0.08403, -5.99981, -0.10249, -5.14719, -5.51691, 1.3714, -1.74693, 2.00297, -3.03205, -1.39492, 11.6946, 5.28593, -0.23095, -7.95052]"
43,sub10,scratch,0,sub10-b2__0144__throw.npy,18,throw,18,0.96911776,1,"[2.2045, 1.36846, -8.31289, 7.44391, -4.48914, 3.31942, -0.10916, 6.29473, 1.56963, -7.94556, -2.07462, -5.73316, -4.37803, 1.02622, -1.99439, 0.98472, -1.92802, -1.27282, 11.19643, 2.89883, -1.22544, -4.786]"
43,sub10,scratch,0,sub10-c__0001__sit.npy,15,sit,8,0.7148841,0,"[0.14907, -2.82916, 2.41699, -9.51384, -8.27376, 0.7477, 6.7755, 0.29416, 9.39367, -0.28472, 1.56485, 5.36351, -3.47132, -8.81306, -1.43447, 7.67853, -10.75012, 4.70334, 7.24856, 0.39168, -1.89776, -3.25662]"
43,sub10,scratch,0,sub10-c__0002__stand.npy,17,stand,8,0.74570614,0,"[-0.5248, -4.08962, 5.34505, -8.59152, -8.37207, 1.60151, 5.90157, 0.84014, 10.89702, -1.13789, -2.20485, 3.84575, -4.78307, -10.48557, -4.32086, 8.39974, -11.81139, 9.48857, 4.83561, 0.33404, 2.03539, -0.54501]"
43,sub10,scratch,0,sub10-c__0003__turnaround.npy,19,turnaround,19,0.5552718,1,"[2.73913, -1.97449, 3.62218, -10.80266, -2.16602, -1.27192, 3.32897, 1.04321, 6.37399, 1.80467, 3.12433, 2.46609, -2.75597, -5.89953, 0.89509, 1.0326, -7.05534, -2.72322, 2.0563, 6.81569, 1.80785, -4.91152]"
43,sub10,scratch,0,sub10-c__0004__sit.npy,15,sit,8,0.7280208,0,"[0.12569, -3.05748, 2.23054, -9.37525, -9.12024, 0.70378, 7.2557, 0.59977, 9.63771, -1.317, 1.02084, 5.83391, -3.19284, -9.43849, -0.39179, 7.73655, -10.9476, 4.87131, 7.33266, 0.28605, -1.99838, -3.23384]"
43,sub10,scratch,0,sub10-c__0005__stand.npy,17,stand,8,0.9392297,0,"[-0.07957, -4.02386, 5.86913, -8.42973, -7.94309, 1.27929, 4.5683, 0.92208, 11.25309, -0.93025, -1.78084, 3.14917, -4.36498, -10.22745, -3.93276, 7.07397, -11.02664, 8.09457, 3.41216, 1.29939, 2.79465, -0.48185]"
43,sub10,scratch,0,sub10-c__0006__turnaround.npy,19,turnaround,19,0.48293844,1,"[2.5388, -2.33812, 3.31293, -10.61927, -2.76783, -1.24895, 3.18623, 1.01745, 6.9113, 1.66513, 3.28648, 2.29953, -2.46139, -6.25224, 0.88734, 0.92864, -7.11674, -2.71706, 2.37489, 6.9688, 2.2053, -4.45185]"
43,sub10,scratch,0,sub10-c__0007__sit.npy,15,sit,8,0.5351735,0,"[0.78849, -2.93701, 2.36887, -9.31874, -8.44872, 0.79172, 7.23501, -0.11457, 8.78978, -0.34843, 1.98509, 5.58942, -3.96523, -8.67685, -1.0995, 7.83017, -10.82701, 4.65626, 7.2458, 0.43905, -2.1048, -4.13261]"
43,sub10,scratch,0,sub10-c__0008__stand.npy,17,stand,8,0.85642934,0,"[0.4025, -3.89093, 5.95252, -8.60327, -7.65279, 0.89763, 5.31188, 0.81845, 10.48986, -1.07667, -1.84465, 3.04559, -4.73493, -10.06652, -4.53808, 7.54071, -11.63628, 8.14619, 4.05716, 1.44931, 2.73507, -0.89974]"
43,sub10,scratch,0,sub10-c__0009__turnaround.npy,19,turnaround,8,0.52983147,0,"[2.75412, -2.13001, 3.46908, -10.67163, -2.89389, -1.31048, 3.25078, 1.39946, 6.94883, 1.6802, 3.14383, 2.11639, -2.65255, -6.12041, 0.64041, 0.74088, -7.36023, -2.56476, 2.43311, 6.66733, 2.05016, -4.27635]"
43,sub10,scratch,0,sub10-c__0010__sit.npy,15,sit,8,0.6797982,0,"[0.5671, -2.89231, 2.65721, -9.47384, -8.78722, 0.79197, 7.08545, 0.08548, 9.41513, -0.65941, 1.48849, 5.58896, -3.66287, -9.08483, -1.36403, 7.97591, -10.94155, 5.00315, 7.11791, 0.2831, -2.03507, -3.53137]"
43,sub10,scratch,0,sub10-c__0011__stand.npy,17,stand,8,0.877183,0,"[0.16529, -3.61548, 5.97399, -8.56413, -8.12662, 0.80338, 5.48621, 0.94461, 10.96631, -1.42578, -2.28444, 3.11189, -4.57214, -10.17892, -4.46877, 7.70554, -11.66396, 8.54609, 4.12371, 1.00844, 2.29513, -0.6914]"
43,sub10,scratch,0,sub10-c__0012__turnaround.npy,19,turnaround,19,0.58325124,1,"[2.75409, -2.49573, 3.64008, -10.76826, -2.29225, -1.37163, 4.06808, 0.83073, 6.48809, 1.9666, 3.03252, 2.77765, -3.3645, -5.85717, 1.09772, 1.50968, -7.36806, -2.20624, 2.01058, 7.06414, 1.41405, -5.33074]"
43,sub10,scratch,0,sub10-c__0013__sit.npy,15,sit,8,0.8458469,0,"[-0.3796, -2.01428, 2.15258, -9.7964, -8.88044, 1.14844, 6.57252, 0.60212, 9.96722, -1.20548, 0.95857, 5.98162, -2.34828, -9.32171, -0.52669, 7.38903, -10.09075, 4.04818, 6.98353, 0.24324, -2.37002, -3.46917]"
43,sub10,scratch,0,sub10-c__0014__stand.npy,17,stand,8,0.8870873,0,"[-0.24636, -3.82203, 5.75, -8.85519, -8.1632, 1.20345, 5.47189, 0.83275, 11.04571, -1.29367, -2.18568, 3.6886, -4.12881, -10.49142, -4.07751, 7.74363, -11.4461, 8.5176, 4.03305, 0.99761, 2.30921, -0.68397]"
43,sub10,scratch,0,sub10-c__0015__turnaround.npy,19,turnaround,8,0.47118118,0,"[3.03771, -2.53089, 3.56322, -11.0597, -3.0714, -1.79414, 5.46851, 0.96402, 6.67554, 1.67928, 2.93886, 3.47108, -3.94176, -5.97037, 2.05463, 1.83113, -8.01847, -1.68867, 2.54056, 6.23269, 0.09961, -5.5707]"
43,sub10,scratch,0,sub10-c__0016__squat.npy,16,squat,16,0.83797103,1,"[0.83259, 4.03939, -1.13067, -5.24584, 5.40645, 0.30172, -2.80038, 1.85669, -3.69443, 2.91573, 6.42899, 5.99384, 1.20985, 3.79107, 9.57052, -8.66418, 11.30546, -11.4715, -5.54122, -0.45483, -3.79257, -5.6065]"
43,sub10,scratch,0,sub10-c__0017__squat.npy,16,squat,16,0.97787535,1,"[-0.08964, 4.1193, -1.25749, -5.23549, 6.39899, 0.12379, -4.03757, 1.36641, -3.41173, 4.09136, 7.00638, 5.48618, 2.01842, 4.09722, 8.11278, -8.62182, 12.3974, -11.68317, -5.64541, -0.35374, -3.33314, -4.8013]"
43,sub10,scratch,0,sub10-c__0018__squat.npy,16,squat,11,0.46225736,0,"[0.08929, -0.52521, 1.20639, -10.54967, 3.89013, 1.94993, -2.20954, -1.43679, -0.77691, 7.61498, 9.19763, 9.93897, 1.554, -2.04069, 8.21829, -6.31565, 9.03922, -8.34217, -6.47865, 0.47566, -0.39942, -4.75538]"
43,sub10,scratch,0,sub10-c__0019__squat.npy,16,squat,10,0.3975618,0,"[-0.04229, -1.0045, 1.56674, -10.85144, 4.08059, 2.00388, -2.56045, -2.45989, -0.6521, 8.6685, 10.06007, 9.90301, 2.07917, -2.37091, 7.20201, -5.95574, 9.01305, -8.17045, -6.56738, 0.75882, 0.30069, -4.70469]"
43,sub10,scratch,0,sub10-c__0020__squat.npy,16,squat,11,0.5395033,0,"[-0.66767, -0.65291, 2.01812, -11.0114, 4.80218, 1.3967, -1.80252, -1.98024, -0.83248, 8.87091, 8.95258, 10.45513, 1.37248, -1.93492, 7.79604, -5.9377, 9.41041, -8.18726, -6.77356, 0.6191, -0.46047, -4.94515]"
43,sub10,scratch,0,sub10-c__0021__squat.npy,16,squat,11,0.42646116,0,"[-0.91797, -0.28424, 1.21561, -10.80359, 4.84232, 2.05743, -2.39845, -1.79296, -0.92461, 8.26055, 8.9532, 10.34742, 1.91386, -1.95379, 7.8451, -6.06982, 10.22648, -8.59472, -6.62888, 0.77242, -0.50725, -4.97186]"
43,sub10,scratch,0,sub10-c__0022__pickup.npy,11,pickup,11,0.97543985,1,"[2.10441, -2.31111, 7.26784, -11.92974, -4.27282, -2.51324, 6.001, -2.16341, 3.18767, 4.45613, 4.06659, 14.08258, 0.54831, -7.48971, 10.33749, -2.66403, 0.04195, -3.55576, -4.30837, -2.2649, -0.76005, -4.13016]"
43,sub10,scratch,0,sub10-c__0023__pickup.npy,11,pickup,11,0.97894615,1,"[1.82883, -2.14655, 7.23355, -12.09879, -3.72525, -2.11774, 5.6553, -2.17869, 3.20807, 4.88863, 4.2661, 13.90615, 0.11934, -7.41618, 9.98218, -2.63858, 0.47361, -3.44333, -4.37518, -2.22613, -0.76706, -4.12238]"
43,sub10,scratch,0,sub10-c__0024__pickup.npy,11,pickup,11,0.986302,1,"[1.53146, -1.82088, 7.04227, -11.74713, -2.62754, -1.67748, 4.56103, -2.53366, 2.41788, 5.72197, 5.06575, 13.7514, 0.49075, -6.67675, 9.33229, -3.02481, 1.87101, -4.17089, -4.91459, -2.09075, -0.58586, -4.26669]"
43,sub10,scratch,0,sub10-c__0025__pickup.npy,11,pickup,11,0.9871158,1,"[1.6209, -2.07046, 7.37829, -12.10928, -4.21647, -2.14256, 5.61489, -1.93374, 3.39338, 4.60334, 4.27019, 14.11071, 0.80442, -7.81442, 9.64524, -2.6606, 0.39692, -3.58916, -3.9966, -2.37591, -0.73241, -3.81243]"
43,sub10,scratch,0,sub10-c__0026__pickup.npy,11,pickup,11,0.9701342,1,"[2.40506, -2.40928, 7.06835, -11.65613, -5.12281, -2.55667, 6.51663, -2.02066, 3.38926, 3.382, 3.67645, 14.4013, 0.73764, -8.06822, 10.88442, -2.4114, -0.30108, -3.46582, -3.93784, -2.1749, -0.95013, -4.32287]"
43,sub10,scratch,0,sub10-c__0027__pushchair.npy,12,pushchair,11,0.59339267,0,"[4.53621, -3.39512, 5.7301, -11.34347, -8.13414, -3.01489, 4.79415, -0.42217, 5.57647, 0.37981, 4.18265, 10.46871, 3.67182, -9.62534, 10.05245, -3.03433, -5.20069, -3.29696, -1.85503, -1.23585, 2.41854, -2.1215]"
43,sub10,scratch,0,sub10-c__0028__pushchair.npy,12,pushchair,11,0.7242984,0,"[4.22491, -3.70451, 5.35885, -11.28542, -8.43916, -2.53229, 4.77774, -0.55815, 5.8397, 0.03663, 4.21223, 10.78566, 3.95664, -10.27625, 9.77073, -2.43759, -5.1891, -2.9635, -1.32507, -0.89832, 2.67955, -2.44538]"
43,sub10,scratch,0,sub10-c__0029__pushchair.npy,12,pushchair,14,0.48298904,0,"[3.75401, -3.5341, 5.52336, -11.82482, -8.32938, -3.31109, 6.21292, -0.3091, 6.77547, 0.00954, 3.23694, 10.03594, 2.72687, -10.31445, 10.0405, -1.73208, -6.53062, -1.99175, -0.38207, -1.06036, 2.04131, -2.28729]"
43,sub10,scratch,0,sub10-c__0030__pushchair.npy,12,pushchair,11,0.67614526,0,"[4.11917, -3.8494, 5.27724, -11.80027, -8.3491, -2.77837, 5.31612, -0.816, 6.35166, 0.58475, 4.46228, 10.38932, 3.26239, -10.41938, 9.57559, -1.94831, -5.96178, -2.35072, -0.7967, -0.98523, 2.51405, -2.36788]"
43,sub10,scratch,0,sub10-c__0031__pushchair.npy,12,pushchair,11,0.7627271,0,"[3.24335, -3.57994, 6.0387, -12.39396, -7.88804, -2.72697, 5.8357, -0.69075, 6.54585, 0.93438, 3.44706, 11.16649, 2.87309, -10.57195, 9.92596, -1.82626, -5.48673, -2.02407, -1.35888, -1.09939, 2.14091, -2.45786]"
43,sub10,scratch,0,sub10-c__0032__sit.npy,15,sit,8,0.79143023,0,"[0.02295, -2.55045, 1.80107, -8.91517, -8.90821, 1.62304, 6.00675, 1.34579, 9.66102, -1.65848, 0.99842, 5.21297, -3.31276, -9.24743, -1.21882, 7.5303, -10.44837, 4.85076, 7.33538, 0.36828, -1.79155, -2.89437]"
43,sub10,scratch,0,sub10-c__0033__stand.npy,17,stand,8,0.78349715,0,"[-0.17655, -4.39348, 5.68692, -8.17976, -7.63791, 1.62785, 5.04013, 0.94223, 10.71922, -1.01921, -2.20908, 3.13227, -5.19864, -10.16464, -4.30817, 7.73362, -11.32581, 9.17569, 3.79005, 1.31844, 3.07036, -0.80851]"
43,sub10,scratch,0,sub10-c__0034__turnaround.npy,19,turnaround,19,0.6828526,1,"[3.1727, -2.87488, 3.11022, -10.76313, -2.38458, -1.4629, 4.60652, 0.96587, 6.17533, 1.85211, 3.16761, 2.61558, -3.84135, -5.61938, 1.51567, 1.46988, -7.80673, -2.0054, 2.3717, 7.31481, 1.38961, -5.76178]"
43,sub10,scratch,0,sub10-c__0035__sit.npy,15,sit,8,0.8779913,0,"[-0.23287, -2.93201, 1.94325, -8.9786, -9.18409, 1.16144, 6.21365, 0.93566, 10.28616, -1.53651, 0.77382, 4.99411, -2.90423, -9.46734, -1.30313, 7.50627, -10.65063, 5.02803, 7.27071, 0.47305, -1.20213, -2.18449]"
43,sub10,scratch,0,sub10-c__0036__stand.npy,17,stand,8,0.8330544,0,"[-0.38606, -4.24365, 5.64117, -8.1348, -7.90343, 1.63319, 4.96084, 0.87693, 11.01425, -1.10625, -2.29596, 3.19872, -4.77926, -10.22722, -4.43987, 7.84684, -11.39538, 9.11381, 3.96725, 1.04968, 2.97702, -0.49227]"
43,sub10,scratch,0,sub10-c__0037__turnaround.npy,19,turnaround,19,0.6559976,1,"[3.33311, -1.92986, 3.70406, -10.6093, -1.84707, -2.0322, 4.27258, 0.82828, 5.86619, 1.91222, 3.3744, 2.11189, -3.57098, -5.26117, 0.98538, 1.12802, -7.48229, -2.80257, 2.27005, 6.97209, 1.24916, -5.36624]"
43,sub10,scratch,0,sub10-c__0038__sit.npy,15,sit,8,0.77310723,0,"[0.15191, -2.60161, 2.4446, -8.69258, -8.86978, 1.18138, 6.35478, 0.92829, 9.82135, -1.39069, 0.82204, 4.77246, -3.87203, -9.08772, -2.16582, 7.95922, -10.7994, 5.47167, 7.3721, 0.17352, -1.61209, -2.68811]"
43,sub10,scratch,0,sub10-c__0039__stand.npy,17,stand,8,0.7964878,0,"[-0.00298, -4.53678, 5.60698, -8.112, -7.3319, 1.31033, 4.93725, 1.02293, 10.45345, -0.80514, -2.0179, 2.73705, -5.2205, -9.87737, -4.56625, 7.47599, -11.4629, 8.79042, 3.92546, 1.6742, 3.37187, -0.76108]"
43,sub10,scratch,0,sub10-c__0040__turnaround.npy,19,turnaround,8,0.5316005,0,"[2.66155, -1.51367, 3.46987, -10.8888, -2.82022, -1.05048, 3.2068, 1.92294, 6.9492, 0.98545, 2.16141, 2.40818, -2.44073, -6.15913, 1.40869, 0.49338, -7.02434, -2.78392, 1.93954, 6.68333, 1.70055, -4.54471]"
43,sub10,scratch,0,sub10-c__0041__sit.npy,15,sit,8,0.5772467,0,"[0.8328, -2.68055, 2.30707, -9.21988, -8.44325, 1.27366, 7.08066, 0.5282, 8.92906, -1.48149, 1.19494, 5.51301, -3.99394, -9.01945, -0.63012, 8.05647, -10.76074, 4.79834, 6.67257, 1.28358, -2.29075, -4.80703]"
43,sub10,scratch,0,sub10-c__0042__stand.npy,17,stand,8,0.9195179,0,"[-0.56274, -3.86503, 5.52329, -8.4785, -8.32651, 1.64704, 4.99293, 0.79957, 11.44876, -1.00628, -1.86612, 3.65095, -4.37732, -10.38833, -3.92442, 7.66216, -11.04364, 8.62586, 3.93881, 0.74292, 2.24458, -0.53335]"
43,sub10,scratch,0,sub10-c__0043__turnaround.npy,19,turnaround,8,0.64523154,0,"[2.82327, -1.21832, 4.39626, -10.99912, -2.55179, -1.94671, 3.71301, 1.58989, 7.16061, 1.39067, 2.21386, 2.53142, -2.87924, -5.75088, 1.45571, 0.53817, -7.00964, -2.88364, 1.36278, 6.2641, 0.91523, -4.40675]"
43,sub10,scratch,0,sub10-c__0044__sit.npy,15,sit,8,0.7506434,0,"[-0.11386, -2.43614, 2.43337, -9.03729, -8.81879, 1.49379, 6.38285, 0.97288, 9.88575, -1.89957, 0.1232, 5.10271, -3.47077, -9.46696, -1.82845, 8.2996, -10.80104, 5.56006, 7.29027, 0.51535, -1.52197, -3.11762]"
43,sub10,scratch,0,sub10-c__0045__stand.npy,17,stand,8,0.7606928,0,"[-0.95665, -4.15213, 5.43935, -8.56468, -8.30219, 1.9497, 5.64063, 0.84316, 11.15251, -1.32835, -2.61674, 4.04449, -4.67515, -10.67969, -4.18152, 8.44076, -11.40513, 9.71888, 4.46149, 0.42112, 2.35374, -0.39547]"
43,sub10,scratch,0,sub10-c__0046__turnaround.npy,19,turnaround,19,0.46881053,1,"[2.88051, -2.39942, 3.82469, -10.86279, -2.45845, -1.86044, 4.86952, 0.70406, 6.50209, 1.89072, 2.97369, 2.93592, -3.64754, -5.77813, 1.28862, 1.84407, -7.88729, -1.98742, 2.4668, 6.71243, 0.83155, -5.55355]"
43,sub10,scratch,0,sub10-c__0047__squat.npy,16,squat,10,0.3809885,0,"[-0.16559, -1.03985, 1.86844, -11.68796, 4.22862, 1.03584, -1.86625, -2.69866, -0.46918, 9.39846, 10.03077, 9.88929, 2.32361, -2.47099, 7.25431, -5.88669, 8.19157, -8.02617, -6.35295, 0.62979, 0.33538, -4.62133]"
43,sub10,scratch,0,sub10-c__0048__squat.npy,16,squat,11,0.5544779,0,"[-0.82374, -1.04299, 2.52558, -11.76003, 4.30335, 0.89973, -1.47371, -2.6201, -0.20178, 9.53468, 9.23034, 10.5068, 2.05126, -2.90169, 7.24793, -5.39908, 8.2529, -7.57549, -6.42251, 0.45695, 0.29051, -4.49665]"
43,sub10,scratch,0,sub10-c__0049__squat.npy,16,squat,10,0.43387425,0,"[-0.57178, -1.1165, 1.07207, -11.06014, 5.00194, 1.65186, -2.67391, -2.93301, -1.05543, 9.54941, 10.47218, 9.73521, 2.67056, -2.00192, 6.96718, -5.9615, 9.54019, -8.54108, -6.52386, 1.12795, 0.51175, -4.85381]"
43,sub10,scratch,0,sub10-c__0050__squat.npy,16,squat,11,0.5220829,0,"[-0.37517, -0.91473, 1.4391, -11.5669, 4.2829, 1.37435, -1.85435, -2.41462, -0.91946, 8.84153, 9.68281, 10.53236, 2.87873, -2.5693, 7.93039, -6.08132, 9.04742, -8.83961, -6.45642, 1.20233, 0.04377, -5.32663]"
43,sub10,scratch,0,sub10-c__0051__squat.npy,16,squat,11,0.5050794,0,"[-0.74214, -0.92793, 1.79634, -11.40923, 4.44496, 1.1923, -1.79371, -2.29884, -0.46633, 9.09773, 9.25811, 10.27429, 2.15847, -2.56662, 7.83845, -5.81258, 8.75248, -8.11167, -6.4833, 0.75601, 0.13627, -4.72204]"
43,sub10,scratch,0,sub10-c__0052__squat.npy,16,squat,11,0.34931093,0,"[-0.84599, -1.35158, 1.52751, -11.14275, 4.50812, 1.77616, -2.67352, -2.59344, -0.50254, 9.54103, 9.91387, 10.03233, 2.71843, -2.90119, 6.8679, -5.65662, 8.87707, -8.09431, -6.44418, 1.2004, 1.00721, -4.61437]"
43,sub10,scratch,0,sub10-c__0053__pickup.npy,11,pickup,11,0.95508164,1,"[1.7358, -1.49435, 7.0903, -12.51337, -3.55778, -2.34493, 5.70493, -1.49345, 3.08526, 4.6793, 4.13302, 13.69117, 0.54182, -7.06832, 10.59236, -3.31713, 0.44702, -4.1678, -4.32719, -2.31359, -1.27359, -4.17485]"
43,sub10,scratch,0,sub10-c__0054__pickup.npy,11,pickup,11,0.9602096,1,"[1.71936, -1.55142, 7.2227, -12.49416, -3.34577, -2.34502, 5.73713, -1.59221, 2.99037, 4.94331, 4.17766, 13.62028, 0.19445, -6.84364, 10.37894, -3.27487, 0.50009, -4.03883, -4.38278, -2.37273, -1.309, -4.12488]"
43,sub10,scratch,0,sub10-c__0055__pickup.npy,11,pickup,11,0.97567165,1,"[2.17847, -1.97784, 7.78132, -12.62356, -5.1742, -2.58667, 7.07817, -1.37327, 3.77614, 3.77359, 3.54055, 14.3543, 0.14523, -8.14176, 10.5719, -2.51441, -1.09166, -3.1578, -3.58958, -2.77517, -1.63198, -4.05029]"
43,sub10,scratch,0,sub10-c__0056__pickup.npy,11,pickup,11,0.9480155,1,"[2.17948, -2.06029, 7.20505, -12.30911, -4.89009, -2.62776, 6.66948, -1.31894, 3.53578, 3.58839, 3.49566, 14.11973, 0.59218, -7.84271, 11.18558, -2.86697, -0.78204, -3.62001, -3.89468, -2.33446, -1.20166, -4.21665]"
43,sub10,scratch,0,sub10-c__0057__pickup.npy,11,pickup,11,0.9777765,1,"[2.15384, -2.47007, 7.36474, -12.20655, -4.79782, -2.35356, 6.10199, -2.18033, 3.92861, 4.23679, 4.25794, 13.82018, 0.39137, -8.23618, 9.93335, -2.28088, -0.67348, -2.96876, -3.77747, -2.31424, -0.51223, -3.7284]"
43,sub10,scratch,0,sub10-c__0058__pickup.npy,11,pickup,11,0.8844175,1,"[2.35786, -1.99174, 6.86724, -12.64832, -4.96819, -2.70286, 7.46476, -0.69432, 3.81084, 3.01, 3.20596, 13.67607, -0.54238, -7.8251, 11.61611, -2.65317, -1.41548, -3.12165, -3.33947, -2.37413, -2.00123, -4.15437]"
43,sub10,scratch,0,sub10-c__0059__pushchair.npy,12,pushchair,11,0.6048214,0,"[4.41208, -3.83568, 5.54561, -11.05148, -8.60635, -3.48264, 5.22794, -0.5458, 6.35148, 0.15812, 4.1214, 10.22847, 3.15562, -10.01618, 9.73435, -2.22034, -6.00767, -2.48257, -0.99064, -1.2613, 2.44844, -1.97405]"
43,sub10,scratch,0,sub10-c__0060__pushchair.npy,12,pushchair,11,0.6049368,0,"[4.3556, -3.84517, 5.46658, -11.52536, -8.43621, -3.34337, 5.45888, -0.79046, 6.68645, 0.55527, 4.61548, 9.42511, 2.70216, -10.1899, 8.79657, -1.62051, -6.90292, -1.87312, -0.111, -1.34023, 2.56165, -1.81458]"
43,sub10,scratch,0,sub10-c__0061__pushchair.npy,12,pushchair,11,0.5896795,0,"[3.98441, -4.06434, 5.04731, -11.53372, -7.79637, -3.55301, 5.25595, -0.94987, 6.31766, 1.1758, 4.97219, 9.45692, 3.10669, -9.79431, 8.9567, -1.97399, -6.25118, -2.44786, -0.23408, -0.87684, 2.84628, -1.99161]"
43,sub10,scratch,0,sub10-c__0062__pushchair.npy,12,pushchair,11,0.7249938,0,"[4.50526, -3.8156, 5.42292, -11.09043, -8.77586, -2.86847, 4.54812, -0.84563, 6.47145, 0.17633, 4.82835, 9.7015, 3.61711, -10.35082, 8.5087, -1.88084, -6.26737, -2.17735, -0.56402, -1.48168, 2.89409, -1.45212]"
43,sub10,scratch,0,sub10-c__0063__pushchair.npy,12,pushchair,11,0.7085221,0,"[3.85294, -3.82121, 5.78232, -11.78902, -8.12825, -2.93461, 5.44353, -0.99351, 6.50953, 0.88196, 4.34341, 10.07082, 2.71931, -10.3357, 9.02927, -1.54618, -6.31081, -1.6582, -0.69324, -1.57204, 2.48141, -1.76523]"
43,sub10,scratch,0,sub10-c__0064__sit.npy,15,sit,8,0.6313169,0,"[0.35572, -3.68032, 1.07969, -9.11693, -9.18233, 1.01037, 7.38016, 0.70471, 9.30099, -1.49213, 1.09158, 5.74791, -3.23687, -9.34715, 0.06845, 7.81232, -10.90486, 4.63606, 7.54104, 1.65173, -1.78765, -4.39483]"
43,sub10,scratch,0,sub10-c__0065__stand.npy,17,stand,8,0.8824111,0,"[0.3035, -3.5894, 5.37594, -8.29635, -8.18454, 0.59361, 5.73932, 0.9229, 10.71193, -1.471, -1.82978, 2.94826, -4.49112, -9.79868, -4.30392, 7.65394, -11.76619, 8.07624, 4.53712, 1.12317, 1.88438, -0.87062]"
43,sub10,scratch,0,sub10-c__0066__turnaround.npy,19,turnaround,19,0.53136164,1,"[2.76367, -2.42054, 3.98302, -10.82793, -2.32693, -1.4119, 4.00099, 0.78248, 6.55091, 2.03724, 3.01999, 2.85333, -3.20709, -6.00164, 0.96473, 1.43508, -7.39411, -2.26069, 1.87981, 6.91733, 1.55147, -5.13986]"
43,sub10,scratch,0,sub10-c__0067__sit.npy,15,sit,8,0.7860625,0,"[0.32792, -2.8095, 2.27156, -9.53204, -9.06434, 0.86487, 6.86383, 0.77942, 9.5667, -1.37303, 1.07319, 5.82825, -2.94667, -9.46335, -0.34345, 7.32799, -10.62897, 4.33435, 6.87694, 0.67418, -1.88551, -3.43164]"
43,sub10,scratch,0,sub10-c__0068__stand.npy,17,stand,8,0.81393945,0,"[-0.26668, -3.70768, 5.66237, -8.29896, -8.35719, 1.26836, 5.81687, 0.69154, 10.99197, -1.23297, -2.05075, 3.58139, -4.75597, -10.20447, -4.39829, 8.33289, -11.54321, 9.06631, 4.4545, 0.64031, 1.70295, -1.0555]"
43,sub10,scratch,0,sub10-c__0069__turnaround.npy,19,turnaround,19,0.76718324,1,"[2.97285, -2.9614, 2.77974, -10.55944, -1.71916, -1.82694, 5.20782, 0.23049, 5.44894, 2.22397, 3.70339, 2.85865, -3.86003, -5.17512, 1.64931, 1.95964, -7.43284, -2.30889, 2.45938, 7.4949, 0.68283, -6.13603]"
43,sub10,scratch,0,sub10-c__0070__sit.npy,15,sit,15,0.7527387,1,"[0.06354, -5.68778, 2.9607, -6.43511, -7.58064, 0.69554, 7.33889, -1.01779, 8.42513, -1.02137, 0.26835, 2.96112, -6.05168, -8.6167, -5.41406, 11.04559, -12.63696, 9.28603, 8.20226, 1.10856, 1.2297, -1.92137]"
43,sub10,scratch,0,sub10-c__0071__stand.npy,17,stand,8,0.7976369,0,"[0.28358, -4.06503, 5.58712, -8.26803, -8.14682, 0.90342, 5.77949, 0.90575, 10.56336, -1.39809, -2.10598, 3.14297, -4.81611, -10.20912, -4.46751, 8.01673, -11.93123, 8.7084, 4.56919, 1.21117, 2.35672, -1.0277]"
43,sub10,scratch,0,sub10-c__0072__turnaround.npy,19,turnaround,8,0.48772892,0,"[2.34278, -2.60625, 4.03513, -10.88758, -2.66464, -1.25574, 3.85656, 0.54721, 6.90855, 2.27188, 3.13832, 3.28883, -2.779, -6.40494, 0.80363, 1.60804, -7.16985, -2.17361, 1.94368, 6.75178, 1.64482, -4.93917]"
43,sub10,scratch,0,sub10-c__0073__sit.npy,15,sit,8,0.69011176,0,"[0.66613, -3.02517, 2.76077, -9.11744, -8.45347, 0.67322, 6.84937, 0.68328, 9.32275, -1.27264, 0.83166, 5.16401, -4.09042, -9.30851, -1.20331, 7.89332, -10.86249, 4.98416, 6.95904, 1.26329, -1.44545, -3.76475]"
43,sub10,scratch,0,sub10-c__0074__stand.npy,17,stand,8,0.79603565,0,"[0.20835, -4.2623, 5.31178, -8.26556, -8.63454, 1.14723, 6.0508, 0.8594, 10.71436, -1.45515, -1.81456, 3.59389, -4.80142, -10.41603, -3.8724, 8.16865, -11.98989, 8.88177, 4.79298, 0.93016, 1.9568, -1.23207]"
43,sub10,scratch,0,sub10-c__0075__turnaround.npy,19,turnaround,19,0.61262333,1,"[3.37321, -2.01185, 4.20518, -10.7099, -2.21977, -2.22438, 4.73029, 0.71682, 6.22944, 1.50264, 2.87519, 2.46696, -3.43831, -5.71595, 0.81394, 1.58253, -7.75136, -2.53495, 2.05517, 7.10648, 1.05795, -5.32746]"
43,sub10,scratch,0,sub10-c__0076__sit.npy,15,sit,8,0.8040557,0,"[-0.73903, -2.2513, 3.25411, -9.33325, -8.38355, 1.4476, 5.87287, -0.23517, 10.11988, -0.44206, 1.03419, 5.81787, -2.66824, -9.33091, -2.42387, 8.40452, -9.97993, 5.00939, 6.56042, -0.08703, -1.73019, -2.7322]"
43,sub10,scratch,0,sub10-c__0077__stand.npy,17,stand,8,0.9284454,0,"[0.25808, -3.02707, 5.58275, -8.64599, -8.3915, 0.56658, 5.66866, 1.04417, 11.02081, -1.72801, -2.02283, 3.18309, -4.24014, -9.93392, -3.96373, 7.39238, -11.4599, 7.79384, 4.24322, 0.6939, 1.45553, -0.61728]"
43,sub10,scratch,0,sub10-c__0078__turnaround.npy,19,turnaround,19,0.50420654,1,"[3.37213, -1.92534, 4.01918, -10.50591, -2.0565, -2.99647, 5.38034, 0.4672, 5.98191, 1.79579, 3.49975, 2.30072, -3.85967, -5.26285, 0.77426, 1.85113, -7.8037, -2.64279, 2.74045, 6.66908, 0.23858, -5.14676]"
43,sub10,scratch,0,sub10-c__0079__sit.npy,15,sit,8,0.8780582,0,"[-0.29076, -2.21244, 2.58125, -9.47356, -8.97121, 1.03694, 6.63533, 0.83563, 10.35561, -1.88219, -0.10579, 5.39415, -3.04755, -9.40871, -0.89707, 7.79008, -10.42709, 4.95749, 6.6872, 0.64557, -1.76177, -3.01947]"
43,sub10,scratch,0,sub10-c__0080__stand.npy,17,stand,8,0.95812047,0,"[-1.04502, -2.87614, 5.68333, -8.11764, -8.44507, 0.72666, 4.93195, 1.19787, 12.01919, -2.07642, -3.11548, 2.83522, -3.6884, -9.9141, -4.63947, 7.55226, -10.93457, 8.47972, 4.15743, 0.09874, 1.95199, 1.12472]"
43,sub10,scratch,0,sub10-c__0081__turnaround.npy,19,turnaround,8,0.36610922,0,"[3.12662, -2.5607, 4.04506, -10.88831, -2.72412, -2.46073, 5.75911, 0.44598, 6.48009, 1.90997, 3.16541, 3.34637, -3.92505, -5.84788, 1.70901, 2.08667, -8.08986, -1.95567, 2.53785, 6.46739, 0.10661, -5.63185]"
43,sub10,scratch,0,sub10-c__0082__squat.npy,16,squat,10,0.7041181,0,"[-0.07268, -1.63941, 1.45001, -10.37766, 5.51491, 2.30478, -3.57696, -3.36944, -1.03804, 10.10671, 11.52118, 8.58852, 1.2175, -1.4287, 4.85816, -5.50115, 9.40029, -7.5143, -6.40247, 0.91258, 0.89018, -4.09715]"
43,sub10,scratch,0,sub10-c__0083__squat.npy,16,squat,9,0.49073327,0,"[-0.86864, -2.17428, 2.46547, -11.27393, 4.77158, 1.56141, -2.63411, -3.73252, -0.0404, 11.09388, 10.82252, 9.56927, 1.58301, -2.72258, 4.69099, -4.64436, 8.17176, -6.48484, -6.11306, 0.69337, 1.42347, -3.80808]"
43,sub10,scratch,0,sub10-c__0084__squat.npy,16,squat,9,0.3811608,0,"[-1.20252, -1.94047, 2.10616, -10.82035, 5.39339, 2.32543, -2.87082, -3.6313, -0.65808, 10.82523, 10.66579, 10.07043, 1.34961, -2.39265, 4.76107, -4.70952, 9.5996, -6.927, -6.43838, 0.96177, 1.00326, -4.30214]"
43,sub10,scratch,0,sub10-c__0085__squat.npy,16,squat,9,0.41814235,0,"[-0.8102, -1.49905, 2.17336, -10.83768, 6.04491, 2.10297, -2.97813, -3.2476, -0.81632, 10.56049, 10.42119, 8.9949, 0.70111, -1.50832, 4.9039, -5.24725, 9.34813, -7.15108, -6.48301, 1.03294, 0.9918, -4.18346]"
43,sub10,scratch,0,sub10-c__0086__squat.npy,16,squat,9,0.43591288,0,"[-0.81478, -1.74235, 2.32084, -10.85862, 4.99066, 1.94544, -2.811, -3.18056, -0.21178, 10.66195, 10.60879, 9.17058, 0.95758, -2.13231, 5.01765, -5.05605, 8.48286, -6.75744, -6.10471, 0.59703, 0.99569, -3.90084]"
43,sub10,scratch,0,sub10-c__0087__squat.npy,16,squat,11,0.31615835,0,"[-0.51697, -1.77775, 2.83296, -11.10037, 4.20602, 1.4705, -2.02211, -2.80581, 0.01178, 9.93154, 9.94482, 9.94491, 0.9457, -2.56954, 5.77116, -5.09074, 8.08919, -6.77438, -6.20478, 0.46566, 0.54884, -4.10268]"
43,sub10,scratch,0,sub10-c__0088__pickup.npy,11,pickup,11,0.9849561,1,"[1.05941, -1.85821, 7.65598, -12.55701, -2.54307, -1.7861, 4.57351, -1.9196, 3.56373, 6.39815, 4.89946, 13.00439, -0.73865, -6.44588, 8.24258, -2.86087, 1.02938, -3.04466, -4.40573, -2.66563, -0.98117, -3.24496]"
43,sub10,scratch,0,sub10-c__0089__pickup.npy,11,pickup,11,0.99088216,1,"[0.65559, -2.00267, 7.33161, -12.34758, -2.00347, -1.14908, 3.80452, -2.55648, 3.29005, 6.94504, 5.64358, 13.04472, -0.32725, -6.73529, 7.19055, -2.42218, 1.78667, -3.08936, -4.29302, -2.27393, -0.28901, -3.35246]"
43,sub10,scratch,0,sub10-c__0090__pickup.npy,11,pickup,11,0.99016434,1,"[1.75432, -2.54426, 7.53212, -12.04419, -3.40214, -1.54933, 4.61145, -2.37637, 3.48812, 5.76567, 5.40827, 13.08133, -0.40769, -7.3652, 7.70288, -2.17051, 0.27592, -2.67676, -3.94153, -2.29541, -0.09868, -3.4376]"
43,sub10,scratch,0,sub10-c__0091__pickup.npy,11,pickup,11,0.99117285,1,"[1.21751, -2.31707, 7.42041, -12.49576, -3.31406, -1.49544, 5.31884, -2.04269, 3.41438, 5.54138, 4.73344, 13.90769, -0.53215, -7.34816, 8.92071, -2.31497, 0.79832, -2.73157, -4.19214, -2.56333, -1.00168, -3.622]"
43,sub10,scratch,0,sub10-c__0092__pickup.npy,11,pickup,11,0.9892737,1,"[1.40086, -2.3089, 7.47306, -12.44215, -3.33548, -1.7544, 5.13709, -2.13411, 3.478, 5.81911, 4.99003, 13.45456, -0.356, -7.32394, 8.53774, -2.36754, 0.37163, -2.87328, -3.98109, -2.48196, -0.69055, -3.53766]"
43,sub10,scratch,0,sub10-c__0093__pushchair.npy,12,pushchair,11,0.69716126,0,"[4.57293, -4.41387, 4.8633, -11.00153, -8.85247, -2.83202, 4.8705, -0.98954, 6.24046, 0.32504, 5.28569, 9.66194, 3.41124, -10.31285, 8.64906, -1.58153, -6.59315, -2.02758, -0.0445, -1.2955, 2.86629, -1.71478]"
43,sub10,scratch,0,sub10-c__0094__pushchair.npy,12,pushchair,11,0.6578633,0,"[4.89353, -4.63447, 4.15393, -10.19213, -9.61064, -2.49428, 3.81828, -1.02443, 6.67084, -0.35085, 6.3449, 8.38459, 4.38939, -10.64675, 6.30397, -0.96638, -7.45867, -1.7765, 1.41329, -1.26199, 3.74269, -0.64165]"
43,sub10,scratch,0,sub10-c__0095__pushchair.npy,12,pushchair,11,0.46371368,0,"[4.44721, -4.87249, 4.39817, -10.65912, -9.63521, -3.60928, 6.41761, -0.86604, 7.23262, -0.8562, 4.13345, 8.85791, 2.9266, -10.77886, 8.67545, -0.43374, -8.46842, -0.95669, 1.63711, -0.8153, 3.03597, -1.72949]"
43,sub10,scratch,0,sub10-c__0096__pushchair.npy,12,pushchair,11,0.82530606,0,"[3.91329, -4.13725, 4.67495, -11.19769, -8.4421, -2.43779, 4.25816, -1.19278, 6.12621, 0.91291, 5.80954, 9.83539, 4.01462, -10.2565, 7.95743, -1.69891, -5.73495, -2.29269, 0.02113, -1.57083, 2.9326, -1.27618]"
43,sub10,scratch,0,sub10-c__0097__pushchair.npy,12,pushchair,11,0.6405035,0,"[4.24227, -4.76575, 4.31331, -10.89164, -8.67202, -3.01811, 4.86279, -1.19455, 6.71574, 0.32197, 5.40318, 8.80696, 3.67148, -10.48649, 7.76158, -0.97779, -7.23819, -1.67864, 0.94938, -0.63963, 3.55614, -1.59963]"
43,sub10,scratch,0,sub10-c__0098__pushchair.npy,12,pushchair,11,0.88295615,0,"[3.98454, -4.29929, 5.12203, -11.33265, -8.34723, -1.94372, 3.93606, -1.48242, 6.38209, 1.1974, 5.92676, 10.01716, 3.47835, -10.58432, 7.42061, -1.29843, -5.63178, -1.79565, -0.39422, -1.35828, 3.17184, -1.53237]"
43,sub10,scratch,0,sub10-c__0099__sit.npy,15,sit,8,0.7418384,0,"[-0.31514, -3.06183, 1.67904, -9.40878, -8.76692, 1.57072, 6.80462, 0.99678, 9.63725, -1.62394, 0.35795, 5.85061, -3.28116, -9.53605, -0.25189, 7.96014, -10.46201, 5.00852, 6.95555, 1.4614, -1.62158, -4.08612]"
43,sub10,scratch,0,sub10-c__0100__stand.npy,17,stand,8,0.90130305,0,"[-0.0418, -2.87807, 5.87306, -8.46753, -8.54194, 0.4681, 6.06571, 0.72026, 11.25855, -1.78484, -2.14468, 3.29723, -4.36067, -9.83118, -4.33729, 7.98462, -11.59769, 8.44429, 4.43572, 0.14, 0.99086, -0.41925]"
43,sub10,scratch,0,sub10-c__0101__turnaround.npy,19,turnaround,19,0.5463487,1,"[2.6134, -2.98356, 3.55993, -10.85125, -2.53161, -1.29806, 4.57186, 0.30647, 6.46887, 2.24607, 3.23264, 3.36514, -3.34202, -6.13149, 1.1931, 2.07984, -7.57054, -1.77833, 2.20132, 6.96585, 1.30045, -5.54201]"
43,sub10,scratch,0,sub10-c__0102__sit.npy,15,sit,8,0.78993225,0,"[-0.07153, -2.7716, 2.21559, -9.68615, -8.53094, 1.22998, 6.56453, 0.4698, 9.70313, -1.24046, 0.75341, 5.59968, -2.90893, -9.37998, -0.90822, 7.78675, -10.42032, 4.61044, 6.73697, 1.05079, -1.52875, -3.52328]"
43,sub10,scratch,0,sub10-c__0103__stand.npy,17,stand,8,0.8681213,0,"[-0.8821, -3.60034, 5.87688, -8.7723, -7.99362, 1.60981, 5.23744, 0.66904, 11.18972, -1.0785, -2.53303, 3.87935, -4.15337, -10.45056, -4.42611, 8.08668, -11.04445, 8.86554, 3.86197, 0.74319, 2.30232, -0.66243]"
43,sub10,scratch,0,sub10-c__0104__turnaround.npy,19,turnaround,19,0.7103259,1,"[2.75248, -2.89689, 3.40586, -10.57793, -1.90414, -0.94872, 3.26437, 0.54183, 6.23707, 2.20837, 3.20416, 2.14865, -3.22498, -5.94049, 0.4344, 1.47804, -7.38474, -2.07062, 2.17895, 7.38819, 2.79897, -5.11519]"
43,sub10,scratch,0,sub10-c__0105__sit.npy,15,sit,8,0.8895214,0,"[-0.68381, -1.81951, 3.21618, -9.75104, -7.96822, 1.13978, 5.78162, 0.05477, 10.28542, -0.4823, 0.42693, 5.22947, -2.95745, -8.77944, -2.0791, 7.85627, -9.97474, 5.10758, 5.85057, 0.35326, -1.52252, -2.78068]"
43,sub10,scratch,0,sub10-c__0106__stand.npy,17,stand,8,0.9410469,0,"[-1.03434, -2.70406, 6.08084, -8.58475, -8.3416, 0.85817, 5.35378, 0.69801, 11.73894, -1.48378, -2.84746, 3.52552, -3.69597, -9.952, -4.4166, 7.78992, -10.94137, 8.45381, 3.90037, -0.05283, 1.54021, 0.2746]"
43,sub10,scratch,0,sub10-c__0107__turnaround.npy,19,turnaround,19,0.72021836,1,"[2.81403, -2.0572, 3.68816, -10.50158, -1.36799, -2.12871, 4.46896, 0.55839, 5.9636, 1.88854, 2.9655, 1.8452, -3.85317, -5.34197, 0.35174, 1.91307, -7.57663, -2.29828, 2.73211, 7.33487, 1.44606, -5.4401]"
43,sub10,scratch,0,sub10-c__0108__sit.npy,15,sit,8,0.81163514,0,"[-0.63943, -2.67496, 2.58582, -10.07892, -8.18871, 1.57299, 6.57344, 0.5415, 9.76977, -0.73777, 0.41548, 6.29437, -3.0521, -9.49695, -0.37256, 7.72388, -9.87922, 4.79689, 5.97525, 1.27031, -1.69866, -4.11264]"
43,sub10,scratch,0,sub10-c__0109__stand.npy,17,stand,8,0.90706587,0,"[-0.91539, -3.59883, 5.48446, -8.76204, -8.15734, 1.4579, 5.40943, 0.57413, 11.23766, -1.03215, -2.01571, 4.01271, -3.90857, -10.38788, -4.05659, 7.98345, -10.95409, 8.35324, 4.21843, 0.77756, 1.93889, -0.77556]"
43,sub10,scratch,0,sub10-c__0110__turnaround.npy,19,turnaround,19,0.5867496,1,"[3.01909, -2.62407, 3.73987, -10.4852, -2.02496, -1.94514, 4.43363, 0.4076, 6.03917, 2.15967, 3.46639, 2.53955, -3.60449, -5.55466, 0.8287, 1.7696, -7.67546, -2.24029, 2.47687, 6.82094, 1.37975, -5.29003]"
43,sub10,scratch,0,sub10-c__0111__sit.npy,15,sit,8,0.71914715,0,"[-0.61827, -2.60887, 2.22435, -9.59026, -7.90073, 1.71024, 6.46881, 0.53417, 9.51472, -0.78293, 0.83177, 5.91553, -3.39545, -9.05238, -1.0602, 8.12494, -9.89716, 4.84983, 6.62152, 0.91244, -2.0619, -3.88684]"
43,sub10,scratch,0,sub10-c__0112__stand.npy,17,stand,8,0.79075557,0,"[0.07988, -3.18691, 6.00837, -8.1386, -8.30227, 0.82829, 6.01223, 0.56413, 10.87586, -1.67708, -2.21899, 3.18402, -4.90198, -9.76907, -4.801, 8.43404, -11.70664, 9.04347, 4.37526, 0.26159, 1.2948, -0.77085]"
43,sub10,scratch,0,sub10-c__0113__turnaround.npy,19,turnaround,19,0.4465803,1,"[3.68643, -2.13159, 4.26469, -10.47034, -1.804, -3.30059, 6.1775, 0.51254, 5.56378, 1.7109, 3.04314, 2.25655, -4.60505, -5.03546, 1.17445, 2.04947, -8.36926, -2.18188, 2.92801, 6.61278, 0.15332, -5.70288]"
43,sub10,scratch,0,sub10-c__0114__squat.npy,16,squat,10,0.8491758,0,"[0.51789, -1.81183, 1.47792, -10.47942, 4.20574, 2.48311, -3.42264, -3.30976, -0.65147, 9.50565, 11.89244, 8.81084, 1.51566, -2.08597, 4.97262, -5.4468, 8.62659, -7.42296, -6.03294, 0.64812, 0.84372, -4.02196]"
43,sub10,scratch,0,sub10-c__0115__squat.npy,16,squat,10,0.6533602,0,"[-0.01833, -1.98015, 2.29744, -11.07344, 4.03366, 1.94628, -2.67633, -3.58758, -0.04211, 10.07701, 11.27272, 9.55259, 1.36362, -2.76786, 4.85258, -4.86313, 8.20066, -6.72439, -5.98129, 0.40358, 0.90423, -3.8037]"
43,sub10,scratch,0,sub10-c__0116__squat.npy,16,squat,10,0.6996131,0,"[0.39659, -1.69812, 2.00733, -11.04593, 4.01116, 1.86134, -2.90846, -3.0335, -0.48197, 9.45623, 11.11594, 9.40413, 2.06836, -2.48425, 5.39006, -5.54297, 8.19911, -7.64877, -6.17727, 0.86568, 1.09327, -4.18175]"
43,sub10,scratch,0,sub10-c__0117__squat.npy,16,squat,10,0.5870598,0,"[0.26575, -1.42381, 2.55806, -10.81346, 4.26468, 1.32423, -2.54726, -2.98578, -0.55988, 9.89077, 10.77511, 9.24987, 1.43995, -1.75656, 5.53752, -5.66362, 8.04923, -7.45154, -6.31254, 0.29812, 0.7733, -4.07571]"
43,sub10,scratch,0,sub10-c__0118__squat.npy,16,squat,10,0.36796814,0,"[-0.17591, -1.41926, 2.67679, -10.66079, 4.56911, 2.28118, -2.93858, -2.94632, -0.59306, 9.5239, 10.10148, 9.89092, 1.37345, -2.08522, 5.68489, -5.47334, 8.9892, -7.20249, -7.07411, 0.54798, 0.85579, -4.18905]"
43,sub10,scratch,0,sub10-c__0119__pickup.npy,11,pickup,11,0.98510045,1,"[2.69659, -2.69624, 7.98837, -12.00745, -4.74359, -2.23559, 5.87636, -1.87788, 3.80176, 4.57773, 4.94548, 13.00518, -0.81185, -7.63102, 8.04684, -2.03412, -1.34577, -2.28065, -3.25689, -2.74677, -0.65411, -3.26152]"
43,sub10,scratch,0,sub10-c__0120__pickup.npy,11,pickup,11,0.9891852,1,"[1.93624, -2.48568, 7.50826, -12.11276, -3.00989, -1.8506, 4.92128, -2.60734, 2.90484, 6.28598, 5.93075, 13.0326, -0.45377, -6.87682, 7.64728, -2.34676, 0.35871, -3.04986, -3.86144, -2.34741, -0.40135, -3.74908]"
43,sub10,scratch,0,sub10-c__0121__pickup.npy,11,pickup,11,0.9897509,1,"[2.55906, -2.57045, 7.89337, -11.73931, -4.0687, -2.32736, 5.82022, -2.38031, 2.90227, 5.08849, 5.03939, 13.54753, -0.29645, -7.27972, 8.42381, -2.26688, -0.29617, -3.03918, -3.8018, -2.43616, -0.63589, -3.92959]"
43,sub10,scratch,0,sub10-c__0122__pickup.npy,11,pickup,11,0.9904142,1,"[2.02199, -2.6185, 7.55754, -12.42612, -3.59167, -1.97886, 5.29249, -2.39594, 3.24385, 5.77147, 5.64611, 13.26706, -0.2132, -7.35509, 7.95104, -2.21708, -0.21802, -2.89009, -3.64978, -2.37054, -0.45738, -3.67033]"
43,sub10,scratch,0,sub10-c__0123__pickup.npy,11,pickup,11,0.9919282,1,"[2.72656, -3.38597, 7.94586, -11.56456, -5.67141, -2.04712, 5.7527, -2.82269, 4.22537, 4.31767, 5.34596, 13.25146, 0.05655, -8.87082, 7.01955, -0.93995, -1.9079, -1.59465, -2.59345, -2.52752, 0.44496, -3.13411]"
43,sub10,scratch,0,sub10-c__0124__pickup.npy,11,pickup,11,0.99197584,1,"[2.37565, -2.92341, 7.45591, -11.73049, -3.95017, -1.59371, 4.79446, -2.79889, 3.21023, 5.61799, 6.21282, 13.06746, -0.17155, -7.69812, 7.05964, -1.79669, -0.18955, -2.62561, -3.36836, -2.20812, 0.12499, -3.60868]"
43,sub10,scratch,0,sub10-c__0125__pushchair.npy,12,pushchair,11,0.53932256,0,"[5.70114, -4.94851, 4.32825, -10.08104, -9.75797, -3.58698, 5.35484, -1.06637, 6.22122, -0.6353, 5.84433, 8.36439, 3.36186, -10.23356, 7.6818, -0.94188, -8.46766, -1.65718, 1.49409, -1.1765, 3.2811, -1.374]"
43,sub10,scratch,0,sub10-c__0126__pickup.npy,11,pickup,11,0.5321984,1,"[5.96603, -4.77058, 4.05159, -9.93412, -9.68737, -2.78508, 4.48462, -1.36619, 5.99538, -0.53237, 6.7375, 8.07637, 3.53993, -10.22296, 6.88296, -0.943, -8.03856, -1.8208, 1.57859, -1.24075, 3.40993, -1.36119]"
43,sub10,scratch,0,sub10-c__0127__pushchair.npy,12,pushchair,11,0.45758423,0,"[5.54906, -4.74474, 3.45161, -10.04486, -9.29301, -2.75828, 4.19918, -1.05588, 5.92143, -0.26275, 7.08081, 7.81024, 3.83971, -9.94035, 6.82771, -1.226, -7.73114, -2.25366, 1.88593, -1.09987, 3.31008, -1.18383]"
43,sub10,scratch,0,sub10-c__0128__pushchair.npy,12,pushchair,11,0.82686055,0,"[5.25293, -4.57696, 4.68039, -10.35175, -9.56832, -2.56809, 4.23087, -1.18539, 5.91103, -0.19562, 6.19884, 9.55263, 4.22489, -10.44452, 7.39178, -1.52574, -6.61751, -2.25991, 0.35108, -1.4274, 3.22594, -1.17335]"
43,sub10,scratch,0,sub10-c__0129__pushchair.npy,12,pushchair,11,0.7895776,0,"[4.83287, -4.71702, 4.67413, -10.65618, -9.29408, -2.49958, 4.99692, -1.24292, 6.23587, -0.06223, 5.79985, 9.37546, 3.4556, -10.70895, 7.52913, -0.87687, -7.2517, -1.62232, 0.93401, -1.21095, 3.16389, -1.6757]"
43,sub10,scratch,0,sub10-c__0130__pushchair.npy,12,pushchair,11,0.87091494,0,"[4.4966, -4.89262, 4.74432, -10.71315, -9.16977, -2.42727, 5.09078, -1.27246, 6.07291, -0.0144, 5.43093, 10.02747, 3.8278, -10.92636, 7.71608, -0.92459, -6.75174, -1.80925, 0.60476, -0.76217, 3.45689, -1.94535]"
