seed,subject,method,k,file,true_id,true_label,pred_id,conf,correct,logits
43,sub11,mae,1,sub11-a__0001__wave.npy,21,wave,21,0.935308,1,"[1.15158, -0.8145, 4.75656, 0.67796, -7.36802, -7.57233, -4.04114, -1.42417, 7.19153, -7.4115, -4.33263, 0.66682, 1.79928, -4.83756, -7.98355, 2.77605, -9.30492, -0.02843, -2.26746, -3.0887, -0.33248, 9.96848]"
43,sub11,mae,1,sub11-a__0002__wave.npy,21,wave,21,0.8826255,1,"[-0.16411, -1.01165, 3.24244, 2.19573, -7.25624, -5.6056, -4.24473, 1.05598, 7.47849, -7.36215, -5.58509, 0.8639, 1.35955, -3.73024, -9.29803, 3.13477, -8.5009, 0.44743, -3.15569, -4.91263, -0.16327, 9.53505]"
43,sub11,mae,1,sub11-a__0003__wave.npy,21,wave,21,0.851388,1,"[-0.23106, -0.38223, 3.02304, 2.35655, -6.97844, -6.26248, -4.5963, 0.63384, 8.15715, -7.52402, -5.45557, 0.89349, 1.38588, -3.78287, -8.88879, 2.49449, -8.22201, 0.27422, -2.93015, -4.97911, -0.99091, 9.91827]"
43,sub11,mae,1,sub11-a__0004__wave.npy,21,wave,21,0.8941511,1,"[0.16015, -0.1791, 3.23527, 1.98885, -6.80836, -6.68626, -4.71266, -0.23735, 8.33385, -7.71241, -4.97568, 0.71254, 1.38262, -3.86784, -8.42219, 2.3612, -8.18779, 0.26242, -3.25338, -4.81905, -1.09337, 10.48057]"
43,sub11,mae,1,sub11-a__0005__wave.npy,21,wave,21,0.7878567,1,"[0.14672, -0.59901, 3.19227, 1.92738, -7.05204, -6.43923, -4.28668, 0.41787, 7.66609, -7.36041, -4.89294, 1.35426, 1.26089, -4.19609, -8.09551, 2.49145, -8.18221, 0.05534, -2.35851, -4.86727, -1.4118, 9.00375]"
43,sub11,mae,1,sub11-a__0007__bow.npy,2,bow,2,0.9985856,1,"[4.38263, -5.61797, 13.23584, -6.82925, -12.80534, -7.92367, 1.3335, -4.99615, -0.15027, -4.35802, -2.9154, 5.72759, 5.53331, -9.89277, -3.60212, 2.15447, -11.99445, -2.67391, -4.78418, 1.61574, 3.35636, 4.66294]"
43,sub11,mae,1,sub11-a__0008__bow.npy,2,bow,2,0.9986645,1,"[4.12354, -4.82504, 13.52376, -6.20237, -12.76144, -8.1347, 1.35308, -5.40117, 0.08523, -5.16709, -3.31756, 6.32002, 5.41287, -9.04656, -3.45709, 1.34366, -11.83925, -3.02236, -5.20461, 0.88921, 2.38035, 4.9059]"
43,sub11,mae,1,sub11-a__0009__bow.npy,2,bow,2,0.99786526,1,"[3.87706, -5.96574, 13.36316, -6.69681, -13.1258, -7.61864, 2.15803, -4.79995, -0.97332, -4.25459, -3.5012, 6.76073, 5.82827, -9.62755, -3.19638, 1.75178, -11.6399, -3.16789, -4.39363, 1.70284, 3.07127, 4.21267]"
43,sub11,mae,1,sub11-a__0010__bow.npy,2,bow,2,0.99691784,1,"[3.81272, -5.80995, 13.37134, -6.66714, -13.05778, -7.77547, 2.18884, -4.99834, -1.11756, -4.01843, -3.0776, 7.32657, 5.85865, -9.44987, -2.63299, 1.14765, -11.20861, -3.73632, -4.31818, 1.41341, 2.23061, 3.71825]"
43,sub11,mae,1,sub11-a__0011__bow.npy,2,bow,2,0.9967623,1,"[3.88713, -5.82833, 13.34367, -6.63528, -12.98118, -7.76901, 2.06654, -4.88109, -1.06124, -3.94377, -3.21542, 7.3657, 5.80661, -9.45886, -2.82447, 1.27695, -11.19065, -3.77184, -4.36932, 1.24834, 2.14462, 3.69608]"
43,sub11,mae,1,sub11-a__0012__crossarms.npy,5,crossarms,5,0.98461074,1,"[-4.29592, 4.3747, -5.40587, 5.17236, -1.98328, 11.78721, -0.56737, 7.45988, 0.74493, -2.02979, -6.9048, 2.88567, 1.19589, -3.26558, -2.45792, 0.78175, 2.79911, -1.15869, 3.01064, -4.07325, -5.34533, -10.27967]"
43,sub11,mae,1,sub11-a__0013__crossarms.npy,5,crossarms,5,0.974277,1,"[-4.85968, 4.70724, -6.26107, 6.19354, -2.13695, 12.46037, -1.24318, 8.72602, 1.14252, -2.55297, -7.10903, 2.11684, 1.38996, -1.93061, -3.98203, 0.3888, 3.2831, -0.48939, 1.09895, -5.93989, -4.54215, -9.34432]"
43,sub11,mae,1,sub11-a__0014__crossarms.npy,5,crossarms,5,0.9971316,1,"[-4.76801, 7.05848, -5.96585, 7.05036, 0.3604, 13.82392, -0.99594, 6.25964, 0.33173, -3.08641, -7.04727, 0.89273, -0.11305, -1.01613, -1.86452, 0.23068, 3.70055, -1.76881, 2.55306, -2.61485, -6.4131, -11.39796]"
43,sub11,mae,1,sub11-a__0015__crossarms.npy,5,crossarms,5,0.99567884,1,"[-5.16381, 4.50529, -6.4189, 5.84453, -0.88751, 13.84229, 0.15889, 8.26203, 0.11945, -1.79865, -7.6835, 3.25866, 0.43255, -2.58646, -1.8486, 0.80232, 4.32601, -1.12413, 3.66131, -4.32667, -6.16282, -12.07471]"
43,sub11,mae,1,sub11-a__0016__crossarms.npy,5,crossarms,5,0.99929047,1,"[-4.64446, 5.2797, -5.5254, 5.70522, -0.78696, 14.45768, -0.1209, 6.64491, -0.4791, -2.59843, -7.02585, 1.72547, 0.36944, -2.36229, -1.58705, 1.10836, 3.09331, -1.63506, 3.89204, -1.75807, -5.8266, -11.77279]"
43,sub11,mae,1,sub11-a__0017__airpunch.npy,1,airpunch,1,0.8565185,1,"[-2.2035, 10.80751, -3.59771, 8.95488, 0.21485, 5.96445, -4.80882, 1.78625, 3.32059, -6.41586, -4.0848, -4.56317, -0.73225, 4.62365, -6.21752, -1.98957, -0.56769, -0.68769, -4.88079, -5.12283, -3.32759, -2.28386]"
43,sub11,mae,1,sub11-a__0018__airpunch.npy,1,airpunch,8,0.5335635,0,"[1.35513, 4.95221, 2.82127, 1.27773, -4.78927, -4.78807, -5.57992, -3.12553, 6.53353, -5.44866, 0.71683, -2.77896, 1.46394, -1.32765, -6.77222, -0.60582, -7.44164, -1.07993, -5.32314, -2.2472, 0.08483, 6.05605]"
43,sub11,mae,1,sub11-a__0019__airpunch.npy,1,airpunch,8,0.5698512,0,"[1.66921, 2.36008, 3.45566, -0.66282, -7.91806, -6.2961, -4.65849, -1.36132, 8.23538, -5.52015, -0.62707, -2.85785, 3.49987, -5.8719, -8.08914, 0.40705, -8.96017, -0.88529, -2.93705, -0.65009, 2.2683, 7.92048]"
43,sub11,mae,1,sub11-a__0020__airpunch.npy,1,airpunch,21,0.56224316,0,"[1.48459, 1.38748, 3.64782, -0.82222, -8.49711, -6.14934, -4.28299, -1.05371, 9.08811, -6.60112, -2.11696, -2.56071, 3.78554, -6.78497, -8.05208, 1.25203, -9.21809, -0.11116, -2.92908, -0.81689, 2.58238, 9.35073]"
43,sub11,mae,1,sub11-a__0021__airpunch.npy,1,airpunch,21,0.65078974,0,"[1.5031, 0.66106, 4.17298, -1.48344, -8.99622, -6.72519, -4.37246, -1.05394, 8.97897, -6.0382, -2.12121, -2.14202, 4.57071, -7.4006, -8.35447, 1.36671, -9.31819, -0.43047, -3.05629, -0.44494, 2.96194, 9.62556]"
43,sub11,mae,1,sub11-a__0022__drink.npy,7,drink,7,0.9531125,1,"[-4.27296, -1.14575, -2.70227, 6.17957, -6.48825, 3.08642, -1.29265, 9.29112, 2.65791, -2.68002, -5.41714, 2.02138, 0.53591, -0.7351, -7.82592, 0.59355, -2.03425, -1.51257, 0.10769, -7.26476, -0.88956, -1.57294]"
43,sub11,mae,1,sub11-a__0023__drink.npy,7,drink,7,0.94205153,1,"[-3.93967, -1.8106, -1.64226, 5.70573, -6.77964, 2.53857, -1.29939, 8.62017, 2.1553, -2.94173, -6.18286, 2.32441, 0.712, -0.94531, -8.0517, 1.26598, -2.74531, -1.5304, 0.03993, -6.96316, -0.6644, -1.15763]"
43,sub11,mae,1,sub11-a__0024__drink.npy,7,drink,7,0.8837785,1,"[-4.1814, -1.38851, -1.83676, 6.31763, -6.52111, 2.34235, -1.67428, 8.41584, 2.66939, -3.26579, -6.51748, 1.90334, 0.78205, -0.48741, -8.37291, 0.96608, -2.48898, -1.57824, -0.38035, -7.03665, -0.79761, -0.17596]"
43,sub11,mae,1,sub11-a__0025__drink.npy,7,drink,7,0.8868344,1,"[-4.13412, -1.30373, -1.75992, 6.14624, -6.50535, 2.03522, -1.81712, 8.29195, 2.98306, -3.38333, -6.52311, 1.82856, 0.87774, -0.60048, -8.51593, 0.98698, -2.60371, -1.48534, -0.63341, -7.05193, -0.79048, 0.17106]"
43,sub11,mae,1,sub11-a__0026__drink.npy,7,drink,7,0.8695028,1,"[-4.12153, -1.35907, -1.79409, 6.31998, -6.41747, 2.15914, -1.66166, 8.28415, 2.65407, -3.27825, -6.52978, 2.11769, 0.71417, -0.5201, -8.10846, 0.9045, -2.46384, -1.65622, -0.44076, -7.06016, -1.13722, -0.4345]"
43,sub11,mae,1,sub11-a__0027__brushteeth.npy,3,brushteeth,3,0.8558702,1,"[-2.3509, 0.58455, -0.89894, 7.17059, -4.50586, -0.10499, -3.64577, 5.17527, 3.45641, -4.08234, -5.44903, 0.50745, -0.71515, 0.3991, -7.296, 0.23226, -3.27135, -2.27286, -2.19782, -5.3984, -2.71485, 0.6915]"
43,sub11,mae,1,sub11-a__0028__brushteeth.npy,3,brushteeth,3,0.73948914,1,"[-2.86724, -0.64546, -2.21689, 7.98205, -3.54068, 2.26897, -2.25109, 6.90411, 1.17274, -3.28612, -6.38598, 2.65107, -2.4166, 1.01854, -5.57649, 1.02024, -2.04866, -2.35254, 0.24521, -6.55468, -4.68346, -4.12964]"
43,sub11,mae,1,sub11-a__0029__brushteeth.npy,3,brushteeth,3,0.805011,1,"[-2.67984, -0.57055, -1.99635, 7.98895, -3.60715, 2.07292, -2.16646, 6.52082, 0.9662, -3.46462, -6.2725, 2.77322, -2.53611, 1.22021, -5.30836, 0.93131, -2.24604, -2.43858, 0.19833, -6.56858, -4.8408, -4.19077]"
43,sub11,mae,1,sub11-a__0030__brushteeth.npy,3,brushteeth,3,0.872697,1,"[-2.57953, 0.2067, -2.04319, 8.06196, -3.40101, 1.53546, -2.54332, 6.06859, 1.90558, -4.1105, -6.19174, 2.43614, -2.68414, 1.05158, -5.20812, 0.74938, -2.5137, -2.27563, -0.06693, -6.49442, -5.26875, -3.56957]"
43,sub11,mae,1,sub11-a__0031__brushteeth.npy,3,brushteeth,3,0.9208969,1,"[-2.19907, 0.42399, -1.36649, 7.70634, -3.57607, 0.83145, -3.02283, 5.1216, 2.10682, -4.14548, -5.6651, 1.77918, -2.22421, 0.78237, -5.21922, 0.57919, -2.9051, -2.50342, -0.61035, -5.56958, -4.79844, -2.4713]"
43,sub11,mae,1,sub11-a__0032__highfive.npy,8,highfive,8,0.6205425,1,"[-1.20637, 0.45797, 1.68068, 1.91621, -8.27238, -4.83839, -3.32248, 2.18747, 9.52192, -7.19773, -4.75948, -0.09887, 2.73064, -5.41889, -8.10528, 1.0661, -7.47331, 0.49537, -1.75963, -4.16833, 0.00383, 9.02466]"
43,sub11,mae,1,sub11-a__0033__highfive.npy,8,highfive,8,0.6352105,1,"[-0.63302, 0.77154, 1.98593, 1.15508, -7.60048, -5.62499, -4.01953, 0.87647, 9.60398, -6.51398, -3.8045, -0.46158, 2.8438, -5.65032, -7.60037, 0.9936, -7.37899, 0.0118, -2.24928, -3.2224, -0.19908, 9.04486]"
43,sub11,mae,1,sub11-a__0034__highfive.npy,8,highfive,8,0.5061163,1,"[-1.16425, 0.636, 1.46753, 3.86911, -5.93498, -3.88106, -3.5467, 1.4163, 6.72794, -6.86475, -5.31172, 0.619, 0.20087, -2.11772, -7.18905, 1.28483, -6.53686, -0.53602, -2.57156, -4.95694, -2.20148, 6.61876]"
43,sub11,mae,1,sub11-a__0036__highfive.npy,8,highfive,8,0.74143267,1,"[-1.84168, 1.38766, 0.53569, 3.89346, -5.2738, -4.20435, -3.30583, 1.46129, 7.52065, -6.62471, -5.51045, 0.99333, 0.0512, -2.48701, -7.00679, 0.83071, -5.95193, -0.91385, -0.79411, -4.44369, -3.88414, 6.35844]"
43,sub11,mae,1,sub11-a__0037__highfive.npy,8,highfive,8,0.623504,1,"[-0.93978, 2.01652, 1.41469, 3.69057, -4.80212, -4.19844, -3.87149, -0.07006, 7.26059, -7.15558, -4.98443, 0.16855, -0.34705, -2.34225, -6.37273, 1.02767, -6.43774, -1.02588, -2.02346, -3.69014, -3.58267, 6.68577]"
43,sub11,mae,1,sub11-a__0038__wave.npy,21,wave,21,0.61527973,1,"[-0.20019, -0.63863, 3.34092, 1.13536, -7.12201, -7.00945, -3.90104, 0.15223, 7.26852, -5.89844, -4.44037, 1.71506, 2.06026, -4.82448, -7.73484, 1.83201, -7.72953, -0.97961, -0.74613, -3.91007, -1.76515, 7.77544]"
43,sub11,mae,1,sub11-a__0039__wave.npy,21,wave,8,0.68148154,0,"[-1.09079, -0.45766, 1.97533, 1.45032, -7.71143, -6.38511, -3.90486, 2.06543, 8.22325, -5.5628, -4.51849, 1.82473, 2.57828, -5.30196, -8.09764, 1.29016, -6.95698, -0.83395, -0.51377, -4.71161, -1.64444, 7.43671]"
43,sub11,mae,1,sub11-a__0040__wave.npy,21,wave,8,0.5705491,0,"[-0.98141, -0.30558, 2.07735, 2.114, -7.11673, -6.36867, -4.02636, 1.58994, 7.74081, -5.79165, -4.78482, 1.75294, 1.98783, -4.53956, -7.76941, 1.25694, -6.84938, -0.98206, -0.63422, -4.64383, -2.17305, 7.43338]"
43,sub11,mae,1,sub11-a__0041__wave.npy,21,wave,8,0.6973575,0,"[-1.50505, -0.08358, 1.38966, 2.60697, -7.4039, -5.4343, -4.0366, 2.80756, 8.34667, -6.10576, -4.96961, 1.74648, 1.88223, -4.48046, -8.23878, 1.23368, -6.57873, -0.54569, -1.45527, -5.57327, -1.82986, 7.48307]"
43,sub11,mae,1,sub11-a__0042__bow.npy,2,bow,2,0.99710447,1,"[3.99535, -5.22632, 12.78786, -7.07879, -12.78733, -7.77251, 1.13455, -4.67231, 0.57198, -3.84535, -2.85783, 6.11914, 6.04839, -10.16975, -3.66784, 1.67288, -11.17543, -3.16316, -4.90866, 1.02268, 2.90861, 4.32376]"
43,sub11,mae,1,sub11-a__0043__bow.npy,2,bow,2,0.9970017,1,"[4.14879, -5.49397, 12.69139, -7.11516, -12.6338, -7.66524, 1.16141, -4.59239, 0.201, -3.47572, -2.93255, 6.10002, 5.93483, -10.3108, -3.56592, 1.8733, -11.14827, -3.34497, -4.64996, 1.57984, 2.9504, 4.00706]"
43,sub11,mae,1,sub11-a__0044__bow.npy,2,bow,2,0.9933427,1,"[3.30817, -6.53725, 12.68091, -7.61644, -13.07101, -7.52954, 2.19691, -4.14416, -0.92477, -2.21419, -2.79422, 7.16986, 6.62636, -10.16976, -3.34636, 1.45955, -10.52507, -3.96913, -3.96912, 1.85345, 3.12061, 3.41054]"
43,sub11,mae,1,sub11-a__0045__bow.npy,2,bow,2,0.9926438,1,"[3.42819, -6.64854, 12.62224, -7.65199, -13.12126, -7.53413, 2.37106, -4.13678, -1.00802, -2.24156, -2.92545, 7.27008, 6.56563, -10.40774, -3.10241, 1.53904, -10.60213, -3.97047, -3.6722, 2.00412, 3.01403, 3.24416]"
43,sub11,mae,1,sub11-a__0046__bow.npy,2,bow,2,0.9922753,1,"[3.59585, -6.74436, 12.69278, -7.53408, -12.73114, -7.52191, 2.23844, -4.26342, -1.31077, -1.98861, -2.92322, 7.56964, 6.22714, -10.30287, -2.84656, 1.58759, -10.3524, -4.25328, -3.71704, 2.06337, 2.50393, 2.83249]"
43,sub11,mae,1,sub11-a__0047__crossarms.npy,5,crossarms,5,0.99991095,1,"[-6.13738, 8.56867, -6.77859, 7.3706, 2.83292, 18.28718, 0.46449, 5.80935, -0.89334, -3.103, -8.20123, 0.8639, -0.51842, 0.08863, -0.15888, 0.4953, 6.29154, -1.61089, 3.64262, -1.84211, -7.50729, -14.40074]"
43,sub11,mae,1,sub11-a__0048__crossarms.npy,5,crossarms,5,0.9999124,1,"[-6.02068, 7.13975, -6.54066, 6.85963, 1.60627, 17.43507, 0.67503, 6.35033, -0.70494, -2.55843, -7.9959, 1.58782, -0.10801, -1.05361, 0.05607, 0.48359, 6.03024, -1.49846, 3.90407, -2.10383, -7.09009, -13.88116]"
43,sub11,mae,1,sub11-a__0049__crossarms.npy,5,crossarms,5,0.999928,1,"[-6.20053, 6.90426, -6.85705, 6.40428, 1.63394, 17.64806, 0.96229, 7.0799, -0.49031, -2.27361, -8.38197, 2.13394, -0.22504, -1.42514, -0.45939, 0.81842, 6.08925, -1.37878, 4.28497, -2.44438, -7.14258, -14.33604]"
43,sub11,mae,1,sub11-a__0050__crossarms.npy,5,crossarms,5,0.99994457,1,"[-6.41153, 7.22221, -7.1114, 6.68726, 2.0157, 18.12622, 1.08386, 7.13385, -0.48475, -2.4576, -8.56991, 2.13323, -0.48673, -1.08792, -0.45277, 0.80948, 6.40959, -1.29147, 4.32883, -2.6579, -7.37534, -14.54425]"
43,sub11,mae,1,sub11-a__0051__crossarms.npy,5,crossarms,5,0.9999651,1,"[-6.47298, 7.99528, -7.14916, 7.00999, 2.65992, 18.91114, 0.86514, 6.77523, -0.6211, -2.78961, -8.74362, 1.46149, -0.61843, -0.34285, -0.77453, 0.85915, 6.53531, -1.1493, 3.85129, -2.49831, -7.35304, -14.6231]"
43,sub11,mae,1,sub11-a__0052__crossarms.npy,5,crossarms,5,0.99980944,1,"[-5.80996, 7.81545, -6.60616, 6.81441, 1.82878, 16.91568, 0.20737, 6.42962, -0.0295, -3.17944, -7.97073, 1.16994, -0.61305, -1.01518, -0.92565, 0.8428, 5.11179, -1.36107, 3.68567, -2.18145, -7.20116, -13.62678]"
43,sub11,mae,1,sub11-a__0053__airpunch.npy,1,airpunch,1,0.8616666,1,"[-0.26319, 8.30466, 0.02728, 3.88009, -2.45376, -1.86998, -5.61983, -2.1641, 6.30886, -5.53726, -0.33564, -3.74244, 1.15192, 1.014, -6.17333, -1.86206, -4.40164, -1.09838, -5.12997, -3.1531, -1.44772, 3.72726]"
43,sub11,mae,1,sub11-a__0054__airpunch.npy,1,airpunch,1,0.9555563,1,"[-1.59429, 9.54603, -1.73316, 5.61766, -2.29163, 2.25992, -4.96703, -0.09483, 5.83649, -6.57908, -3.33683, -4.28626, 2.28219, 0.72287, -6.33404, -1.46285, -2.49428, -0.12543, -4.56967, -3.54847, -1.20917, 2.12782]"
43,sub11,mae,1,sub11-a__0055__airpunch.npy,1,airpunch,1,0.8946048,1,"[-1.53076, 9.01268, -1.589, 4.20524, -3.76279, 1.32323, -4.6455, 0.37377, 6.71506, -6.19868, -3.42832, -3.8089, 4.06197, -1.38682, -6.59849, -1.40739, -2.94846, -0.18009, -3.04267, -2.96517, -0.58829, 2.21997]"
43,sub11,mae,1,sub11-a__0056__airpunch.npy,1,airpunch,1,0.95013446,1,"[-1.95233, 9.85988, -2.26718, 5.50976, -2.90617, 2.25302, -4.76103, 0.76492, 6.56285, -6.39422, -4.29187, -3.78393, 3.46792, -0.68191, -6.43757, -1.63002, -2.03908, -0.19575, -3.19588, -3.57696, -1.5614, 1.24245]"
43,sub11,mae,1,sub11-a__0057__airpunch.npy,1,airpunch,1,0.9309001,1,"[-2.26506, 9.44818, -2.43392, 5.77852, -2.66227, 3.3535, -4.60418, 1.20692, 6.32337, -6.74301, -4.62037, -3.61086, 3.08357, -0.42733, -6.37682, -1.20586, -1.74935, 0.3089, -3.8762, -4.17629, -1.51576, 1.3944]"
43,sub11,mae,1,sub11-a__0058__drink.npy,7,drink,18,0.7613271,0,"[-2.76667, -1.7968, -0.09673, 1.76751, -5.44288, 0.11191, 0.7526, 3.16486, 1.4005, -2.78191, -6.65234, 2.73392, 1.389, -3.87889, -3.56902, 2.22326, -4.37436, -3.34297, 5.39261, 0.59898, -4.95603, -1.23777]"
43,sub11,mae,1,sub11-a__0059__drink.npy,7,drink,7,0.92212826,1,"[-3.39907, -2.22976, -0.83027, 5.27592, -6.4414, 1.37795, -1.54696, 7.95421, 2.33967, -2.93149, -6.81617, 3.01507, 0.38537, -1.52958, -8.0236, 1.8319, -3.21933, -1.64229, -0.5055, -6.69718, -1.50083, -1.12437]"
43,sub11,mae,1,sub11-a__0061__drink.npy,7,drink,7,0.8548636,1,"[-3.02466, -2.46552, -0.23985, 5.22622, -6.75482, 0.83849, -1.71116, 7.1784, 1.96591, -2.92071, -6.18099, 2.8999, 0.51714, -1.48556, -7.46183, 1.46089, -3.60014, -1.88674, -0.60012, -6.09401, -1.34089, -0.75832]"
43,sub11,mae,1,sub11-a__0062__drink.npy,7,drink,7,0.8904974,1,"[-5.44056, -2.15277, -3.82495, 4.69978, -4.35188, 4.42773, 1.47122, 8.60579, 0.60041, -1.55687, -8.43159, 3.60024, -0.11753, -1.4277, -5.86841, 1.72681, -1.33782, -2.38426, 6.05876, -3.73285, -5.34443, -5.5951]"
43,sub11,mae,1,sub11-a__0063__drink.npy,7,drink,7,0.8064445,1,"[-3.15613, -1.87, -0.90331, 5.81227, -5.45342, 1.51833, -1.81916, 7.36468, 1.78755, -2.63656, -6.70798, 3.2566, -0.50856, -0.96819, -7.25937, 1.66323, -2.94757, -2.15405, -0.28372, -6.3006, -2.85227, -2.67619]"
43,sub11,mae,1,sub11-a__0064__brushteeth.npy,3,brushteeth,3,0.93238914,1,"[-2.69407, -0.72955, -1.18465, 7.91529, -3.50395, 2.44565, -2.33996, 5.13543, -0.43269, -2.39235, -5.73794, 1.89956, -1.52839, 1.72753, -4.65453, 0.56876, -1.74744, -3.44235, -0.15971, -4.52744, -3.94507, -4.41503]"
43,sub11,mae,1,sub11-a__0065__brushteeth.npy,3,brushteeth,3,0.7632931,1,"[-2.88626, -0.50986, -1.93538, 7.61957, -3.59136, 2.23396, -2.04378, 6.38246, 0.93211, -3.01088, -6.16419, 3.05317, -2.32079, 0.71949, -4.72684, 0.89819, -2.0304, -2.6907, 0.49172, -6.06874, -5.09546, -5.04639]"
43,sub11,mae,1,sub11-a__0066__brushteeth.npy,3,brushteeth,3,0.8986283,1,"[-2.43912, -0.03999, -1.2066, 7.53277, -3.8172, 1.27169, -2.60285, 5.22357, 1.49618, -3.687, -5.88056, 2.36157, -2.02234, 0.66509, -4.82751, 0.72248, -2.70144, -2.72651, -0.31933, -5.39987, -4.77813, -3.40734]"
43,sub11,mae,1,sub11-a__0067__brushteeth.npy,3,brushteeth,3,0.8688008,1,"[-2.35485, -0.85212, -0.77718, 7.18184, -4.43598, 1.31866, -2.40903, 5.17031, 0.72607, -3.07968, -5.66277, 2.3748, -1.44029, 0.62011, -4.92809, 0.66473, -2.70149, -2.99482, -0.30194, -5.00829, -3.90195, -3.11718]"
43,sub11,mae,1,sub11-a__0068__brushteeth.npy,3,brushteeth,3,0.92157716,1,"[-2.18373, 0.21962, -0.71326, 7.17982, -4.1912, 0.4776, -3.14211, 4.51124, 2.09683, -3.87069, -5.44509, 1.56499, -1.35966, 0.3353, -5.19792, 0.58884, -3.25495, -2.7174, -0.77916, -4.61983, -4.06951, -1.89992]"
43,sub11,mae,1,sub11-a__0069__brushteeth.npy,3,brushteeth,3,0.7845628,1,"[-2.66765, -0.65749, -1.23, 7.22332, -4.33585, 1.57111, -2.25705, 5.85057, 1.11455, -3.0324, -5.90373, 2.72327, -1.5722, 0.39237, -5.1089, 0.70632, -2.45295, -2.83945, -0.00337, -5.54617, -4.27607, -3.62624]"
43,sub11,mae,1,sub11-a__0070__highfive.npy,8,highfive,21,0.67805654,0,"[-0.78321, 1.4145, 1.83063, 2.88806, -5.95897, -5.78675, -4.29716, -0.29516, 8.14802, -6.43646, -4.07019, 0.07763, 1.65562, -2.9443, -6.94422, -0.14215, -6.03883, -1.3644, -3.0508, -3.78577, -2.20613, 8.90358]"
43,sub11,mae,1,sub11-a__0071__highfive.npy,8,highfive,8,0.38260165,1,"[-1.34719, 1.63856, 0.90767, 4.89487, -4.04466, -3.04458, -3.11257, 0.22527, 5.00436, -6.47825, -5.54787, -0.0628, -0.63958, -0.90306, -5.64378, 0.81965, -5.62494, -2.08088, -0.93516, -2.10312, -4.17876, 4.53131]"
43,sub11,mae,1,sub11-a__0072__highfive.npy,8,highfive,8,0.6953951,1,"[-1.91306, 1.35801, 1.08399, 2.86224, -6.11911, -4.9766, -3.43005, 0.98416, 8.50586, -6.28001, -5.29529, 0.54238, 1.45612, -4.04114, -7.19047, 0.58052, -6.23817, -1.30952, -0.46689, -2.74933, -3.05898, 7.66361]"
43,sub11,mae,1,sub11-a__0073__highfive.npy,8,highfive,21,0.7350822,0,"[-1.40287, 0.72303, 2.36574, 2.24344, -6.77509, -5.81216, -3.70501, 0.12406, 8.69828, -6.71386, -5.24466, 0.02296, 2.08963, -3.99892, -8.13469, 0.99091, -7.02648, -0.71561, -1.92177, -2.96638, -1.34547, 9.72489]"
43,sub11,mae,1,sub11-a__0074__highfive.npy,8,highfive,8,0.7899713,1,"[-2.23982, 0.48935, 0.93389, 3.15711, -6.77983, -4.37097, -3.04066, 2.51519, 7.80627, -5.92581, -5.79405, 1.07543, 1.61557, -3.84019, -7.93803, 0.95981, -6.1792, -1.06535, -0.25676, -4.04177, -2.47242, 6.39847]"
43,sub11,mae,1,sub11-a__0075__wave.npy,21,wave,8,0.5283334,0,"[-0.99681, -0.31045, 2.29446, 2.56176, -6.94177, -5.90731, -4.36267, 1.47968, 7.18738, -5.47656, -4.96796, 1.46889, 1.98642, -3.95939, -7.97155, 1.34258, -6.96202, -1.34093, -1.5286, -4.03041, -1.86749, 7.03548]"
43,sub11,mae,1,sub11-a__0076__wave.npy,21,wave,8,0.8226202,0,"[-2.37234, 0.25452, -0.12164, 4.35825, -6.1988, -3.63326, -3.65052, 4.45893, 7.00843, -5.24004, -5.93249, 2.68091, 0.5945, -3.17605, -7.51632, 0.85837, -4.97818, -1.33806, -0.87779, -6.22875, -3.63225, 3.95307]"
43,sub11,mae,1,sub11-a__0077__wave.npy,21,wave,8,0.6558082,0,"[-1.31549, -0.05388, 1.73189, 2.75199, -6.74724, -5.7892, -4.12775, 1.70564, 7.21845, -5.35824, -5.09565, 1.76795, 1.96545, -3.99117, -7.28352, 0.7031, -6.13129, -1.66981, -0.78792, -4.11826, -2.68914, 6.5106]"
43,sub11,mae,1,sub11-a__0078__wave.npy,21,wave,8,0.7290811,0,"[-1.58783, -0.15944, 1.22519, 3.20594, -6.80663, -5.03244, -4.05498, 2.62336, 7.34052, -5.5322, -5.21316, 1.92199, 1.63612, -3.82449, -7.40601, 0.94258, -6.00996, -1.30272, -1.2918, -4.75339, -2.61447, 6.24351]"
43,sub11,mae,1,sub11-a__0079__wave.npy,21,wave,8,0.8044416,0,"[-2.57343, 0.02306, -0.49729, 4.48215, -6.54989, -2.87036, -3.58085, 5.44408, 7.40537, -5.36061, -5.96667, 2.63468, 0.62083, -3.4571, -7.63072, 1.07919, -4.85247, -0.76795, -1.5621, -6.73519, -3.06226, 4.07305]"
43,sub11,mae,1,sub11-a__0080__wave.npy,21,wave,8,0.5092418,0,"[-0.88953, -1.14618, 2.49987, 1.87669, -7.62073, -5.70122, -3.64087, 1.92635, 6.27941, -4.9254, -5.01772, 1.9512, 2.42102, -4.6271, -7.48434, 1.24353, -6.80858, -1.70657, -0.63174, -3.55665, -1.60356, 6.14213]"
43,sub11,mae,1,sub11-a__0081__bow.npy,2,bow,2,0.9858948,1,"[3.16517, -7.80145, 13.36412, -7.92363, -13.31856, -7.22636, 3.0195, -4.06474, -1.89169, -1.94456, -3.24604, 9.03566, 6.45177, -10.46832, -2.193, 1.65118, -10.13341, -4.18572, -3.89738, 1.3302, 2.42062, 2.63444]"
43,sub11,mae,1,sub11-a__0082__bow.npy,2,bow,2,0.98632973,1,"[3.15488, -7.89112, 12.69342, -7.71623, -12.84557, -7.29143, 2.7759, -4.16672, -2.42986, -0.86315, -2.54622, 8.25728, 6.35553, -10.15869, -1.84701, 1.41165, -9.67324, -4.7755, -3.29858, 2.50182, 2.64866, 2.36847]"
43,sub11,mae,1,sub11-a__0083__bow.npy,2,bow,2,0.98245114,1,"[3.26905, -7.39267, 12.95761, -7.46362, -12.65687, -7.284, 2.73585, -4.43087, -2.37424, -1.35526, -2.81391, 8.86105, 6.1246, -9.9604, -1.53187, 1.14929, -9.5463, -5.02941, -3.60871, 2.04683, 1.71615, 1.93355]"
43,sub11,mae,1,sub11-a__0084__bow.npy,2,bow,2,0.9783729,1,"[3.12604, -7.67668, 12.94228, -7.45487, -12.83, -7.21178, 3.03415, -4.24261, -2.55933, -1.35028, -3.0487, 9.06855, 6.18283, -9.98795, -1.54461, 1.23586, -9.58736, -4.93978, -3.45479, 2.04118, 1.84126, 1.94132]"
43,sub11,mae,1,sub11-a__0085__bow.npy,2,bow,2,0.9873312,1,"[3.15717, -7.83845, 12.88358, -7.34503, -12.59095, -7.22435, 2.87092, -4.42096, -3.03344, -0.6507, -2.72917, 8.42136, 6.05957, -9.80118, -1.4484, 1.22071, -9.50061, -5.18579, -3.15681, 2.96347, 2.29328, 1.92807]"
43,sub11,mae,1,sub11-a__0086__crossarms.npy,5,crossarms,5,0.99934846,1,"[-5.66473, 8.25916, -6.30398, 6.77213, 1.93386, 15.91744, -0.06651, 5.92354, 0.36917, -3.09761, -7.63346, 1.09956, -0.30391, -1.02438, -0.50382, 0.49496, 5.2344, -1.56339, 3.04182, -2.34022, -7.22019, -13.3156]"
43,sub11,mae,1,sub11-a__0087__crossarms.npy,5,crossarms,5,0.9997305,1,"[-6.21024, 8.84064, -7.21891, 7.34815, 2.75342, 17.40195, 0.1, 6.47368, 0.19923, -2.98413, -8.16456, 1.07862, -0.69401, -0.17149, -0.64489, 0.29609, 6.36291, -1.39461, 2.96968, -2.93192, -7.59288, -14.21324]"
43,sub11,mae,1,sub11-a__0088__crossarms.npy,5,crossarms,5,0.9997234,1,"[-5.8795, 8.24134, -6.76806, 7.13454, 2.47056, 16.87881, -0.03635, 6.18002, -0.22295, -2.9184, -7.87394, 1.09256, -0.70135, -0.26195, -0.36341, 0.406, 5.84853, -1.53434, 3.09298, -2.56499, -7.56744, -14.161]"
43,sub11,mae,1,sub11-a__0090__crossarms.npy,5,crossarms,5,0.99961555,1,"[-5.68049, 7.83968, -6.36874, 7.17599, 1.82435, 16.29289, -0.19145, 6.12799, -0.1932, -2.80485, -7.81896, 0.98014, -0.28854, -0.61605, -0.62259, 0.31623, 5.49108, -1.65244, 2.86149, -2.40649, -7.06966, -13.46504]"
43,sub11,mae,1,sub11-a__0091__crossarms.npy,5,crossarms,1,0.8690691,0,"[-0.33619, 8.15732, 0.11061, 3.70369, -2.32451, -1.99326, -5.54986, -2.18066, 6.10126, -5.16261, -1.05632, -3.5395, 1.27802, 0.73257, -6.11671, -1.55317, -4.21327, -1.47532, -5.15861, -2.7606, -1.76927, 3.39003]"
43,sub11,mae,1,sub11-a__0092__airpunch.npy,1,airpunch,1,0.9548479,1,"[-2.1302, 9.66931, -2.27966, 6.21068, -1.70109, 3.30994, -4.80098, 0.53391, 5.32923, -6.26268, -3.90497, -3.87924, 1.91869, 1.20174, -6.02037, -1.52285, -1.46177, -0.32386, -4.77055, -4.00659, -1.88303, 1.07863]"
43,sub11,mae,1,sub11-a__0093__airpunch.npy,1,airpunch,1,0.93517005,1,"[-2.35643, 9.63004, -2.59657, 6.66946, -1.90118, 4.51622, -4.46336, 1.35322, 5.0612, -6.52893, -4.89193, -3.71609, 2.06299, 0.84019, -6.12098, -1.18865, -1.17039, 0.03037, -4.53582, -4.32412, -1.8363, 0.25029]"
43,sub11,mae,1,sub11-a__0094__airpunch.npy,1,airpunch,1,0.9629961,1,"[-2.39583, 10.24302, -2.82807, 6.76, -1.26577, 4.82629, -4.12939, 0.73556, 4.30802, -6.29237, -3.88548, -4.23111, 1.52666, 2.09686, -5.45729, -1.74159, -0.92642, -0.34063, -4.39245, -3.7637, -1.94681, -0.26738]"
43,sub11,mae,1,sub11-a__0095__airpunch.npy,1,airpunch,1,0.97762644,1,"[-2.29669, 10.11928, -2.46761, 5.81182, -1.99044, 4.06625, -4.04872, 0.411, 5.02235, -6.27689, -3.99981, -4.34232, 2.78143, 0.75187, -5.66058, -1.56747, -1.24367, -0.11354, -3.89399, -3.19468, -1.22796, 0.54293]"
43,sub11,mae,1,sub11-a__0096__airpunch.npy,1,airpunch,1,0.97776365,1,"[-2.43478, 10.46058, -2.96973, 5.78413, -2.1924, 3.92142, -4.19926, 0.82225, 5.96468, -6.31769, -3.95747, -4.25856, 3.02016, 0.43773, -6.04961, -1.88668, -1.13321, 0.08503, -3.66332, -3.74531, -1.28706, 0.89655]"
43,sub11,mae,1,sub11-a__0097__drink.npy,7,drink,7,0.51467955,1,"[-1.83887, -1.4568, 1.44956, 4.36746, -6.35393, -0.772, -2.8229, 4.88294, 3.01736, -3.8841, -6.34114, 1.68171, 0.59382, -2.00674, -8.26606, 2.18535, -5.15812, -1.69412, -2.3004, -4.76393, -0.99843, 1.14032]"
43,sub11,mae,1,sub11-a__0098__drink.npy,7,drink,7,0.8099484,1,"[-3.20095, -1.13754, -1.3454, 6.36507, -5.29135, 1.29683, -1.96881, 7.91287, 3.13025, -3.90696, -7.36139, 3.1806, -1.15707, -1.12915, -7.63836, 1.91804, -3.4218, -1.0536, -0.64544, -7.23283, -3.23802, -1.9582]"
43,sub11,mae,1,sub11-a__0099__drink.npy,7,drink,7,0.7410529,1,"[-2.99564, -1.20671, -0.88868, 6.04642, -5.6018, 0.84604, -2.16405, 7.20172, 2.95623, -3.78457, -6.92811, 2.84579, -0.60573, -1.16632, -7.54092, 1.53732, -3.56588, -1.41657, -0.80398, -6.54671, -2.86945, -1.23937]"
43,sub11,mae,1,sub11-a__0100__drink.npy,7,drink,7,0.86223674,1,"[-3.2931, -1.79696, -0.40798, 5.22042, -6.20292, 0.87352, -1.9962, 7.27828, 2.8618, -3.3427, -7.17264, 2.6802, 0.43017, -1.60467, -8.51532, 2.04285, -3.69852, -1.47651, -0.92958, -6.32213, -1.64027, -0.49893]"
43,sub11,mae,1,sub11-a__0101__drink.npy,7,drink,7,0.9354767,1,"[-3.44629, -2.1901, -1.03319, 5.45105, -6.10469, 1.48375, -1.5131, 8.36041, 2.44649, -2.91452, -7.13017, 3.52838, -0.25215, -1.68066, -8.13017, 2.1669, -3.35937, -1.2896, -0.25091, -7.01824, -2.17677, -2.10995]"
43,sub11,mae,1,sub11-a__0102__drink.npy,7,drink,7,0.848688,1,"[-3.45649, -2.20188, -0.25256, 5.4792, -6.62407, 1.04279, -2.03032, 7.36312, 2.52598, -3.1777, -7.07605, 2.61589, 0.74175, -1.39228, -8.60824, 1.96717, -3.71659, -1.68848, -0.91519, -6.34209, -1.12464, -0.08915]"
43,sub11,mae,1,sub11-a__0104__brushteeth.npy,3,brushteeth,3,0.9252474,1,"[-1.83991, -1.34767, 0.24464, 6.99713, -5.18664, 0.742, -2.72613, 4.27977, 0.4012, -3.3258, -5.45431, 1.71499, -0.7029, 0.64303, -5.11326, 0.69931, -3.40739, -2.91471, -1.12482, -4.21509, -2.47778, -1.4383]"
43,sub11,mae,1,sub11-a__0105__brushteeth.npy,3,brushteeth,3,0.9152986,1,"[-2.07637, -0.99118, -0.28319, 7.30148, -4.56674, 1.06779, -2.67893, 4.77477, 0.60759, -3.46093, -6.13331, 1.77811, -1.14457, 1.11442, -5.81137, 0.99325, -3.17118, -2.78341, -1.1999, -4.94462, -2.96569, -1.91398]"
43,sub11,mae,1,sub11-a__0106__brushteeth.npy,3,brushteeth,3,0.93467855,1,"[-1.84263, -1.58638, 0.08196, 7.06339, -4.67859, 1.06139, -2.61704, 4.17007, -0.46535, -2.6501, -5.53191, 1.47204, -0.74635, 1.38241, -5.31947, 0.85339, -2.99238, -3.18838, -1.1905, -4.09776, -2.2636, -2.0678]"
43,sub11,mae,1,sub11-a__0107__brushteeth.npy,3,brushteeth,3,0.9474397,1,"[-1.98943, -0.22394, -0.2829, 7.37375, -4.24125, 0.66276, -2.98378, 4.26029, 1.0947, -3.77785, -5.87809, 1.58287, -1.25633, 1.15295, -5.5594, 0.69242, -3.22224, -2.87368, -1.40585, -4.80075, -3.49964, -1.80537]"
43,sub11,mae,1,sub11-a__0108__brushteeth.npy,3,brushteeth,3,0.9613311,1,"[-1.77044, 0.48428, -0.13625, 7.23788, -4.29435, -0.04663, -3.53517, 3.57747, 2.14868, -4.48389, -5.41952, 1.15076, -1.20135, 0.72036, -5.28649, 0.49935, -3.75824, -2.70301, -1.63496, -4.37335, -3.73104, -0.84082]"
43,sub11,mae,1,sub11-a__0109__highfive.npy,8,highfive,8,0.85891545,1,"[-1.52313, 0.88358, 1.58485, 2.35824, -7.33668, -5.23014, -3.69906, 2.11971, 9.16001, -6.24672, -5.29796, 1.02422, 2.08628, -4.83241, -7.98831, 0.78657, -6.64831, -0.52244, -1.54526, -4.75656, -1.89847, 7.32746]"
43,sub11,mae,1,sub11-a__0110__highfive.npy,8,highfive,21,0.8146073,0,"[-0.48273, 0.73719, 3.95134, 1.49279, -6.85644, -5.52987, -2.82982, -1.46758, 6.58918, -6.5701, -4.70201, -0.16668, 1.62056, -4.13569, -6.91184, 1.47271, -7.99825, -1.47467, -2.03741, -0.59665, -1.03673, 8.16258]"
43,sub11,mae,1,sub11-a__0111__highfive.npy,8,highfive,21,0.6821364,0,"[-1.48343, 1.29549, 2.61311, 2.30959, -6.56798, -5.21718, -3.10332, -0.32409, 7.78392, -6.63184, -5.13885, 0.15286, 1.63843, -3.77607, -7.4291, 0.90592, -6.99027, -1.32809, -1.71852, -1.83707, -1.85735, 8.5632]"
43,sub11,mae,1,sub11-a__0112__highfive.npy,8,highfive,8,0.58216554,1,"[-2.10591, 0.66802, 1.75092, 2.91159, -7.01403, -4.31521, -2.74351, 1.66, 7.31258, -6.12767, -5.70114, 0.66028, 1.74527, -3.61045, -8.15593, 1.1128, -6.67999, -1.19695, -0.68333, -2.9258, -1.76604, 6.93981]"
43,sub11,mae,1,sub11-a__0113__highfive.npy,8,highfive,8,0.78842044,1,"[-2.92114, 0.58724, 0.29294, 3.70063, -6.77485, -2.85772, -2.57508, 3.45424, 7.47603, -5.98437, -5.86229, 1.32692, 1.16892, -3.09869, -7.99445, 0.97638, -5.65755, -0.61021, -0.9757, -4.82595, -2.17522, 5.95982]"
43,sub11,mae,1,sub11-a__0114__highfive.npy,8,highfive,8,0.78448194,1,"[-3.19612, 0.37325, 0.24737, 3.28765, -7.26463, -3.01162, -2.30661, 3.73581, 8.06549, -5.93216, -5.53857, 1.52038, 1.51709, -3.74981, -7.93822, 0.77578, -5.62908, -0.387, -0.74142, -5.09029, -1.7991, 6.67214]"
43,sub11,mae,1,sub11-a__0115__wave.npy,21,wave,8,0.5845029,0,"[-2.00251, 1.32181, 0.72701, 5.19183, -5.42838, -4.20907, -4.73425, 2.19128, 7.77707, -6.49348, -6.04266, 0.87805, 0.48765, -1.51695, -8.08613, 0.51377, -5.21827, -0.92165, -3.96007, -5.98923, -2.7604, 7.30951]"
43,sub11,mae,1,sub11-a__0116__wave.npy,21,wave,21,0.66602165,1,"[-1.32758, 0.85654, 1.7403, 4.35662, -5.51792, -5.04072, -4.82063, 0.73108, 7.67107, -6.94386, -6.03927, 0.91293, 0.59772, -1.74043, -7.86808, 0.93526, -5.94541, -0.85134, -4.0968, -5.43404, -2.65135, 8.40508]"
43,sub11,mae,1,sub11-a__0117__wave.npy,21,wave,8,0.46110752,0,"[-2.04237, 1.19781, 0.41202, 6.03552, -5.29467, -2.61593, -4.193, 2.88647, 6.21123, -6.25843, -5.95131, 1.20816, -0.28408, -0.90106, -7.02684, 0.41111, -4.72542, -1.30323, -3.67193, -5.86789, -3.15248, 4.90538]"
43,sub11,mae,1,sub11-a__0118__wave.npy,21,wave,21,0.69144267,1,"[-0.89994, 0.9606, 2.34216, 4.17796, -5.81388, -4.78664, -4.86747, 0.3503, 6.78944, -6.40686, -5.1842, 0.31073, 0.96512, -1.8405, -7.24223, 0.50768, -6.01669, -1.35871, -4.5382, -4.24853, -1.93336, 7.68906]"
43,sub11,mae,1,sub11-a__0119__wave.npy,21,wave,21,0.5575904,1,"[-1.1703, 0.70627, 1.89396, 4.23351, -6.00747, -4.4575, -4.69469, 1.19345, 6.73126, -6.10215, -5.26803, 0.70409, 0.98108, -2.19677, -7.2719, 0.695, -5.92803, -1.38514, -3.5854, -4.31045, -2.07219, 7.06301]"
43,sub11,mae,1,sub11-a__0120__bow.npy,2,bow,2,0.99276334,1,"[3.21046, -6.60788, 13.02824, -7.49394, -13.08951, -7.28411, 2.07649, -3.96385, -0.61878, -2.59593, -3.56479, 7.85196, 6.49977, -10.57672, -3.11745, 1.83804, -10.4029, -3.84466, -4.29222, 1.26428, 2.67611, 3.16501]"
43,sub11,mae,1,sub11-a__0121__bow.npy,2,bow,2,0.9953288,1,"[3.29031, -7.42837, 12.67168, -7.76071, -12.86686, -7.34205, 1.76666, -3.75821, -0.94775, -1.37416, -2.87621, 6.66195, 6.35879, -10.82702, -3.3929, 2.37569, -10.45793, -3.77742, -3.82255, 2.52498, 3.85431, 3.45482]"
43,sub11,mae,1,sub11-a__0122__bow.npy,2,bow,2,0.99185807,1,"[2.91864, -7.37493, 12.93678, -7.68815, -13.22714, -7.16504, 2.42643, -3.49633, -0.92912, -1.88126, -3.71203, 7.8812, 6.51024, -10.83029, -3.3844, 2.13267, -10.41459, -3.82706, -3.77572, 1.74738, 3.13657, 3.11247]"
43,sub11,mae,1,sub11-a__0124__bow.npy,2,bow,2,0.9927053,1,"[3.30309, -6.88722, 12.85683, -7.6926, -12.83635, -7.5065, 1.87067, -3.77315, -0.42914, -2.00763, -3.38411, 7.68476, 6.32201, -10.8754, -3.40857, 2.14507, -10.42279, -3.92755, -3.95439, 1.53651, 2.63961, 3.17332]"
43,sub11,mae,1,sub11-a__0125__crossarms.npy,5,crossarms,5,0.9988299,1,"[-5.87391, 9.01264, -5.82515, 8.00328, 1.61178, 16.11148, -0.59369, 5.7547, 0.65956, -4.13187, -8.19563, -0.01617, -0.04632, -0.3424, -1.52854, 0.44966, 4.65622, -1.24736, 1.8705, -2.24373, -6.44087, -12.10139]"
43,sub11,mae,1,sub11-a__0126__crossarms.npy,5,crossarms,5,0.9997694,1,"[-6.27887, 8.3759, -6.67685, 7.15045, 1.78544, 17.24703, 0.46965, 7.11527, 0.49614, -3.3739, -8.82621, 1.63645, -0.61357, -0.86228, -1.41743, 0.83824, 5.51818, -0.75529, 2.76714, -3.53763, -7.04287, -13.90567]"
43,sub11,mae,1,sub11-a__0127__crossarms.npy,5,crossarms,5,0.99791354,1,"[-5.28949, 7.61493, -4.99064, 7.20715, 0.2887, 14.40412, -0.74707, 5.84782, 0.74742, -3.83558, -7.75468, 0.38629, 0.15144, -1.48459, -1.86763, 0.83198, 3.20946, -1.26117, 2.14092, -1.9166, -5.87596, -11.42767]"
43,sub11,mae,1,sub11-a__0128__crossarms.npy,5,crossarms,5,0.9995147,1,"[-6.03001, 8.63188, -6.26732, 7.27133, 1.58234, 16.61523, 0.25689, 6.63123, 0.61144, -3.64447, -8.44876, 1.30523, -0.5683, -1.00018, -1.13681, 0.61473, 5.0196, -0.96731, 2.30213, -3.07703, -6.94741, -13.8107]"
43,sub11,mae,1,sub11-a__0129__crossarms.npy,5,crossarms,5,0.9999459,1,"[-6.46445, 8.00076, -6.41358, 6.3652, 1.62296, 18.34187, 1.25296, 6.99441, 0.00702, -3.23636, -9.07148, 2.25489, -0.17961, -1.4261, -0.93584, 1.12243, 5.68319, -0.78847, 3.38941, -2.79199, -6.88201, -14.57108]"
43,sub11,mae,1,sub11-a__0131__airpunch.npy,1,airpunch,1,0.97923845,1,"[-1.65856, 9.70595, -1.41357, 5.29598, -1.61439, 1.00565, -4.08929, -0.98133, 4.91487, -5.69266, -2.24728, -3.34857, 0.46002, 1.62211, -4.67191, -1.84506, -3.04365, -1.65825, -3.42868, -2.18808, -3.30028, 0.05156]"
43,sub11,mae,1,sub11-a__0132__airpunch.npy,1,airpunch,1,0.97873664,1,"[-2.213, 9.85203, -1.88344, 5.59441, -2.25161, 3.39676, -3.37822, 0.3387, 4.64423, -5.98698, -3.98142, -3.59438, 1.50973, 0.71438, -5.31428, -1.25024, -2.46644, -0.89762, -3.06094, -2.14014, -2.26874, -0.74524]"
43,sub11,mae,1,sub11-a__0133__airpunch.npy,1,airpunch,1,0.97144747,1,"[-2.73454, 9.90346, -2.57866, 5.28225, -2.9059, 3.90221, -3.34212, 1.42323, 5.71092, -5.76788, -4.95509, -3.86695, 3.46645, -0.72481, -6.08908, -1.17048, -1.58791, -0.261, -2.45661, -2.64258, -1.18326, -0.39093]"
43,sub11,mae,1,sub11-a__0134__airpunch.npy,1,airpunch,1,0.955893,1,"[-2.56557, 9.54669, -2.08503, 5.72613, -2.61376, 3.3388, -3.85402, 1.11504, 5.66861, -6.17433, -5.00756, -3.52863, 2.65108, -0.14174, -6.14731, -1.06275, -1.77728, -0.32191, -3.65982, -3.31512, -1.64848, 0.33461]"
43,sub11,mae,1,sub11-a__0135__airpunch.npy,1,airpunch,1,0.9796029,1,"[-2.80019, 9.93612, -2.33, 5.10643, -2.72876, 4.37864, -2.41807, 0.92856, 5.04294, -6.31161, -5.38873, -3.68262, 3.22693, -1.17529, -4.79924, -1.13894, -1.97462, -0.55879, -1.21262, -1.16413, -2.11319, -1.02094]"
43,sub11,mae,1,sub11-a__0136__drink.npy,7,drink,7,0.5932012,1,"[-3.84488, 0.30107, -1.54464, 6.15198, -3.52524, 1.97504, -1.53676, 6.65129, 3.35772, -4.22868, -8.06884, 2.60567, -1.18762, -1.65058, -5.86513, 1.98999, -2.77829, -1.49319, 0.42125, -4.34723, -5.03996, -3.59449]"
43,sub11,mae,1,sub11-a__0137__drink.npy,7,drink,7,0.8995452,1,"[-4.00621, -1.62101, -1.21869, 5.29533, -5.45399, 2.11494, -1.07555, 7.80925, 2.53515, -3.03569, -8.02265, 3.68583, -0.15765, -2.39508, -6.73199, 2.28547, -3.03648, -1.51269, 1.05702, -5.20947, -3.58331, -3.48567]"
43,sub11,mae,1,sub11-a__0138__drink.npy,7,drink,7,0.758545,1,"[-3.77997, -0.14354, -2.05409, 6.46606, -4.32469, 2.30854, -1.72526, 7.72411, 3.27373, -3.66432, -7.82621, 3.43052, -1.29872, -1.77804, -5.92554, 1.76989, -2.4967, -1.44383, 0.64245, -5.97427, -4.84932, -4.20609]"
43,sub11,mae,1,sub11-a__0139__drink.npy,7,drink,7,0.8240087,1,"[-3.92991, -0.48963, -1.67746, 5.97458, -4.47601, 2.25803, -1.44091, 7.70682, 3.13099, -3.69432, -8.40964, 3.55519, -0.97091, -1.97932, -6.60327, 2.30016, -2.83378, -1.41033, 0.79041, -5.59926, -4.61243, -3.9521]"
43,sub11,mae,1,sub11-a__0140__drink.npy,7,drink,7,0.7593544,1,"[-4.75505, -2.20522, -0.82684, 4.09406, -5.34702, 2.85507, 0.90429, 6.3067, 0.69393, -2.79172, -8.4078, 3.76921, 0.66245, -2.36462, -5.1221, 2.12762, -3.21643, -2.44763, 3.6171, -2.09037, -4.54397, -4.16668]"
43,sub11,mae,1,sub11-a__0141__brushteeth.npy,3,brushteeth,3,0.46817297,1,"[-0.83826, -2.14399, 3.41503, 3.97186, -6.7419, -2.23748, -1.96301, 0.01724, 0.15588, -3.84423, -4.8537, 0.42782, 1.49322, -0.99219, -4.1004, 0.88761, -5.75691, -3.44002, -1.37384, 0.93267, -0.46077, 2.68149]"
43,sub11,mae,1,sub11-a__0142__brushteeth.npy,3,brushteeth,3,0.9557722,1,"[-1.73204, -1.44749, 1.23503, 6.73597, -5.89091, 0.29726, -2.45345, 3.1463, 0.21276, -3.74193, -5.50581, 1.26855, -0.03785, 0.23169, -4.50841, 0.68366, -3.99132, -2.71209, -1.4236, -2.81952, -1.4871, -0.23914]"
43,sub11,mae,1,sub11-a__0143__brushteeth.npy,3,brushteeth,3,0.90674734,1,"[-1.97368, -2.53427, 1.1984, 6.52886, -6.13273, 0.9253, -1.97945, 3.94604, -0.68869, -2.84433, -5.76702, 1.68064, 0.18633, 0.35191, -4.88547, 0.99281, -3.60542, -2.7673, -1.3486, -3.25748, -0.81843, -0.94822]"
43,sub11,mae,1,sub11-a__0144__brushteeth.npy,3,brushteeth,3,0.95332706,1,"[-1.85865, -1.49462, 1.16368, 6.83548, -5.78117, 0.32448, -2.45169, 3.38934, 0.23672, -3.69253, -5.77795, 1.25585, -0.02971, 0.4271, -4.90412, 0.77865, -3.93166, -2.65415, -1.58044, -3.06381, -1.44046, -0.26328]"
43,sub11,mae,1,sub11-a__0145__brushteeth.npy,3,brushteeth,3,0.9677091,1,"[-2.00601, -0.80661, 0.81359, 7.21356, -5.25388, 0.40759, -2.7335, 3.38742, 0.85976, -4.22192, -6.09624, 1.09071, -0.2827, 0.50799, -4.98, 0.79164, -3.79985, -2.50516, -1.66683, -3.16967, -2.09539, -0.1491]"
43,sub11,mae,1,sub11-a__0146__highfive.npy,8,highfive,8,0.7519841,1,"[-1.03436, 1.62894, 2.38899, 1.91697, -5.60141, -5.00217, -2.20963, -1.27966, 6.89961, -6.77754, -5.28854, 1.22615, 0.68608, -4.51792, -4.29249, 0.98084, -6.95188, -2.14131, 0.52133, -0.14255, -4.80831, 5.67954]"
43,sub11,mae,1,sub11-a__0147__highfive.npy,8,highfive,21,0.64466137,0,"[-1.19548, 0.52812, 3.01877, 2.45274, -6.4482, -4.61314, -2.77585, -0.51023, 6.10611, -6.52633, -5.41128, 0.69933, 1.26585, -3.51576, -6.11327, 1.30754, -7.09579, -1.82221, -1.5225, -1.2588, -2.4111, 6.79696]"
43,sub11,mae,1,sub11-a__0148__highfive.npy,8,highfive,21,0.580154,0,"[-1.22584, 1.3334, 2.52332, 2.64502, -5.83954, -5.00219, -3.13195, -0.97091, 6.67965, -6.58972, -5.33587, 0.28166, 1.29125, -3.53677, -5.73977, 0.89085, -6.73307, -2.1332, -0.83616, -0.52746, -3.16538, 7.05172]"
43,sub11,mae,1,sub11-a__0149__highfive.npy,8,highfive,21,0.73535055,0,"[-0.93815, -0.14186, 3.74019, 0.21628, -8.01455, -6.34505, -3.36433, -0.62291, 8.48166, -6.07986, -4.82719, 0.42922, 3.50841, -6.07852, -7.4693, 1.56889, -7.76386, -1.15896, -2.16188, -1.20315, -0.28585, 9.52135]"
43,sub11,mae,1,sub11-a__0150__highfive.npy,8,highfive,21,0.6078565,0,"[-0.90716, 0.22766, 3.35555, 0.43909, -7.83241, -6.56667, -3.91835, -0.56303, 9.21787, -6.13365, -4.6062, 0.5558, 3.41296, -6.0803, -7.33894, 1.2575, -7.46989, -1.07043, -2.35898, -1.96317, -0.78762, 9.66302]"
43,sub11,mae,1,sub11-b1__0001__walk.npy,20,walk,2,0.9013808,0,"[5.41088, -4.57172, 9.03503, -7.99495, -8.83736, -7.98335, -2.11587, -4.23018, 0.35767, 2.12347, 2.19307, -0.1774, 5.00702, -9.49029, -6.06123, 3.07497, -9.45069, -3.61719, -4.53381, 3.13717, 6.11174, 3.37704]"
43,sub11,mae,1,sub11-b1__0002__turnaround.npy,19,turnaround,6,0.759956,0,"[4.42139, -3.10359, 2.71618, -7.9125, -8.84914, -2.68887, 8.96866, -4.57579, -3.97655, 1.08195, 0.50165, 1.48059, 1.81468, -6.94322, 2.15833, -0.93658, -9.52782, -2.83595, 3.46749, 7.7453, 2.71102, -4.96112]"
43,sub11,mae,1,sub11-b1__0003__walk.npy,20,walk,20,0.9078685,1,"[4.37724, 0.53529, 0.50239, -3.82524, -0.96289, -1.62362, 6.52702, -1.08925, -3.46249, 2.1814, -2.26312, -5.94529, -3.76315, -1.44167, -7.53556, 3.0501, -8.43837, 3.19165, -0.54854, 1.70146, 9.00696, -4.58449]"
43,sub11,mae,1,sub11-b1__0004__turnaround.npy,19,turnaround,19,0.98288983,1,"[5.00163, -2.03447, 7.16884, -7.21276, -6.94601, -6.56976, 1.02296, -6.79216, -0.9124, 0.18553, 2.36742, -1.81506, 1.85338, -9.70284, -1.45437, 2.59954, -10.95837, -3.88985, 2.28323, 11.36282, 1.64549, -0.30138]"
43,sub11,mae,1,sub11-b1__0005__walk.npy,20,walk,2,0.6351485,0,"[5.31014, -3.75356, 8.13173, -8.74639, -8.27646, -7.73436, -1.72046, -4.55178, 0.70984, 2.97667, 4.00854, -1.5522, 5.14271, -9.77257, -5.77792, 2.58527, -8.99706, -3.30334, -4.05637, 3.49001, 7.26991, 3.00675]"
43,sub11,mae,1,sub11-b1__0006__turnaround.npy,19,turnaround,19,0.5576516,1,"[3.85062, -3.87082, 3.13773, -8.99532, -9.15203, -3.2662, 7.10494, -4.00308, -2.71627, 2.11633, 1.15494, 1.2975, 3.08539, -8.10617, 0.4957, 0.07263, -9.41364, -3.24603, 3.88787, 7.47653, 3.18416, -3.64629]"
43,sub11,mae,1,sub11-b1__0007__walk.npy,20,walk,20,0.94444937,1,"[4.49864, 1.00171, 0.60343, -3.68869, -1.02945, -2.06288, 5.84334, -1.05563, -2.9311, 2.28108, -1.38801, -5.79272, -3.95835, -1.1406, -7.46157, 2.46078, -8.14692, 3.25681, -1.21658, 0.54101, 9.02848, -4.22604]"
43,sub11,mae,1,sub11-b1__0008__turnaround.npy,19,turnaround,19,0.99416685,1,"[5.85491, -0.69353, 6.89874, -6.42842, -5.2633, -6.54115, 1.22662, -8.24388, -1.64105, -0.75566, 2.80915, -2.48395, 0.3379, -8.61742, 0.22481, 2.23339, -11.10132, -3.86115, 2.80855, 12.37637, 0.2158, -1.30704]"
43,sub11,mae,1,sub11-b1__0009__walk.npy,20,walk,20,0.80712014,1,"[4.9926, -3.22096, 7.38995, -8.76853, -8.85736, -7.00892, -0.99445, -3.85685, 1.03014, 2.94391, 4.02245, -2.1732, 5.56699, -9.21548, -6.88837, 2.44081, -9.04946, -2.72835, -4.45204, 2.07753, 9.10697, 3.35808]"
43,sub11,mae,1,sub11-b1__0010__turnaround.npy,19,turnaround,6,0.57160777,0,"[3.99201, -3.66419, 2.23157, -8.51034, -7.52706, -2.22994, 8.68138, -3.8984, -3.66407, 1.95371, -0.03292, 0.57431, 1.25364, -7.37202, 1.28188, 0.6291, -9.25352, -2.11536, 4.31868, 8.34834, 3.55791, -5.01055]"
43,sub11,mae,1,sub11-b1__0011__walk.npy,20,walk,20,0.95017254,1,"[3.5284, 0.83523, 0.52693, -4.0311, -2.45073, -2.09081, 5.96287, -0.45152, -1.9854, 2.57305, -0.94977, -4.8765, -2.99073, -1.99913, -6.33771, 1.96796, -7.63082, 2.97793, -0.55522, -0.09116, 9.10037, -3.83029]"
43,sub11,mae,1,sub11-b1__0012__turnaround.npy,19,turnaround,19,0.99497837,1,"[6.34643, 1.07008, 6.20524, -5.35016, -3.71915, -6.73877, 0.20182, -9.15304, -1.67796, -1.57274, 3.41608, -3.44713, -0.63637, -7.20134, 0.58061, 1.65825, -11.03398, -4.67578, 3.43146, 12.32746, -1.76339, -1.67938]"
43,sub11,mae,1,sub11-b1__0013__walk.npy,20,walk,20,0.8860246,1,"[5.71495, -1.9666, 6.31057, -8.28701, -7.4188, -6.94631, -0.76278, -4.79702, 0.13875, 3.55833, 5.35425, -3.69643, 4.31373, -7.49234, -6.92437, 1.70859, -9.03581, -3.00929, -4.06511, 2.31536, 9.14646, 2.65297]"
43,sub11,mae,1,sub11-b1__0014__turnaround.npy,19,turnaround,19,0.82796085,1,"[4.85372, -2.57416, 2.22134, -7.89816, -6.4139, -2.35632, 8.24221, -5.04472, -4.03263, 0.82806, -0.02005, -0.47834, 0.25411, -6.71466, 1.67835, 0.90408, -9.90608, -2.31921, 4.21105, 9.87464, 3.06568, -5.29691]"
43,sub11,mae,1,sub11-b1__0015__walk.npy,20,walk,20,0.9811473,1,"[3.56942, 1.07663, 0.89892, -3.89249, -2.76683, -2.31657, 4.98369, -0.47541, -1.57631, 2.48994, -0.04784, -4.96679, -2.84209, -1.97198, -6.5858, 1.8985, -7.79136, 2.42567, -0.74257, -0.65199, 9.34636, -3.43032]"
43,sub11,mae,1,sub11-b1__0016__turnaround.npy,19,turnaround,19,0.9967348,1,"[6.23456, 0.82692, 6.43935, -6.4381, -5.50545, -6.54431, 1.30173, -9.25627, -1.74801, -1.68496, 3.97371, -2.95534, 0.63626, -8.1643, 1.27324, 1.34346, -11.39133, -5.02499, 3.10809, 12.83449, -0.32249, -1.77179]"
43,sub11,mae,1,sub11-b1__0017__walk.npy,20,walk,20,0.8230753,1,"[5.87494, -2.1792, 6.12005, -8.45128, -8.3697, -6.54206, 0.75138, -5.15546, -0.2153, 2.81945, 5.48333, -2.38969, 4.43302, -7.89111, -4.01056, 0.74882, -9.02448, -2.83809, -3.15971, 2.21217, 8.60429, 1.71999]"
43,sub11,mae,1,sub11-b1__0018__turnaround.npy,19,turnaround,6,0.7019229,0,"[3.498, -3.91188, 2.08743, -8.20145, -7.52116, -1.83603, 9.41484, -3.55157, -3.61928, 1.51937, -0.97551, 0.61787, 1.05249, -7.40004, 1.5769, 0.93287, -9.23932, -1.44809, 4.29684, 8.52311, 3.87908, -5.06735]"
43,sub11,mae,1,sub11-b1__0019__walk.npy,20,walk,20,0.98967206,1,"[3.08293, 0.80425, 1.03678, -4.21798, -4.02537, -2.65232, 4.69795, -0.44625, -1.1432, 2.87118, 0.98148, -4.49097, -1.90921, -2.40421, -6.16491, 1.33733, -7.64495, 1.71342, -0.57977, -0.84972, 9.69031, -2.80308]"
43,sub11,mae,1,sub11-b1__0020__turnaround.npy,19,turnaround,19,0.99840266,1,"[5.7693, 1.17286, 5.78733, -5.84415, -4.60049, -6.17839, 1.28918, -9.16492, -1.75669, -1.77721, 3.94431, -3.28163, -0.02867, -7.53851, 1.58426, 1.01533, -10.99734, -4.89316, 4.13187, 13.09285, -1.28018, -2.02452]"
43,sub11,mae,1,sub11-b1__0021__hop.npy,9,hop,14,0.9771204,0,"[5.86551, 3.80991, -0.10817, 3.2255, 12.30097, -3.31838, -2.96205, -10.05419, -4.38724, -1.991, 5.11499, -2.63728, -8.38929, 3.07839, 16.05821, -2.21378, 2.94425, -4.19565, 0.41635, -0.97245, -9.63683, -7.39002]"
43,sub11,mae,1,sub11-b1__0022__hop.npy,9,hop,14,0.92653555,0,"[4.40672, 3.88849, -0.95086, 3.74718, 13.5834, -2.39631, -2.99433, -8.97623, -4.76796, -0.23188, 5.2341, -2.71157, -8.27621, 3.42108, 16.11882, -2.63921, 5.39866, -4.45471, 0.81044, -2.12095, -9.72758, -8.34213]"
43,sub11,mae,1,sub11-b1__0023__hop.npy,9,hop,14,0.87839395,0,"[4.3305, 4.30372, -1.20394, 4.39512, 14.05867, -2.08257, -3.25587, -8.51659, -4.29157, -0.92227, 4.27119, -2.8531, -8.58374, 3.32642, 16.03645, -2.25958, 5.56667, -4.05448, 0.79177, -2.48682, -10.05125, -8.26813]"
43,sub11,mae,1,sub11-b1__0024__hop.npy,9,hop,14,0.9274546,0,"[5.86831, 3.86531, -0.02747, 3.2707, 12.10894, -3.01038, -3.05695, -9.33531, -4.37506, -1.38305, 5.2818, -3.17384, -8.44237, 2.7501, 14.66081, -1.84386, 2.87718, -3.97573, -0.00413, -1.42273, -8.53929, -7.15011]"
43,sub11,mae,1,sub11-b1__0025__hop.npy,9,hop,14,0.98955476,0,"[5.00673, 4.08858, -0.16534, 3.81145, 10.62062, -3.33703, -2.68945, -8.90236, -3.65802, -1.88289, 5.27319, -2.6229, -7.69256, 2.971, 15.18357, -2.65523, 2.84267, -4.02121, -0.04243, -2.4638, -8.66297, -6.37382]"
43,sub11,mae,1,sub11-b1__0026__hop.npy,9,hop,14,0.99511504,0,"[4.27527, 3.26616, -0.22568, 4.42439, 11.49519, -2.4693, -2.20089, -8.29286, -3.55346, -3.28951, 3.06143, -1.13986, -8.22407, 2.91214, 16.81469, -1.89868, 3.91776, -3.24878, -0.08805, -3.09355, -9.92135, -7.21062]"
43,sub11,mae,1,sub11-b1__0027__jump.npy,10,jump,10,0.99696714,1,"[6.71071, 2.11997, 2.86241, -4.41076, -0.25498, -7.30771, -2.06872, -8.69996, -2.24923, 4.78352, 12.68963, -5.031, -2.03847, -1.69958, 1.04396, -2.82835, -5.05534, -4.71741, -1.20539, 2.17508, 1.87676, -1.05374]"
43,sub11,mae,1,sub11-b1__0028__jump.npy,10,jump,10,0.9927527,1,"[6.90972, 2.02842, 3.24762, -4.11336, -1.23869, -7.22939, -1.78355, -8.61347, -2.13326, 3.57909, 11.91404, -4.52353, -1.68563, -1.85202, 1.55535, -2.90889, -5.53, -4.58056, -1.69628, 1.75831, 1.92383, -0.5703]"
43,sub11,mae,1,sub11-b1__0030__jump.npy,10,jump,10,0.99732023,1,"[6.13964, 1.59869, 2.99567, -4.03431, -0.71169, -6.87353, -1.0981, -8.2194, -2.77018, 4.6045, 12.34017, -3.75129, -1.96408, -1.86632, 2.81269, -3.27141, -4.33272, -4.66069, -1.04328, 1.20622, 1.36303, -1.58374]"
43,sub11,mae,1,sub11-b1__0031__jump.npy,10,jump,10,0.9380452,1,"[7.70058, 1.15443, 4.10152, -4.6815, -2.54787, -7.0879, -0.48853, -8.69938, -2.40075, 2.19593, 10.46388, -3.47066, -1.41536, -3.22945, 2.22396, -2.06791, -6.83548, -4.06072, -1.48369, 2.38942, 2.21434, -0.81371]"
43,sub11,mae,1,sub11-b1__0032__runonspot.npy,13,runonspot,13,0.9909219,1,"[0.10941, 1.12617, -1.32625, 3.75423, 4.67016, 0.36193, -0.90212, -2.22494, -5.7646, 3.77452, 5.07287, -1.75435, -5.85956, 10.58987, -1.0039, -2.40972, 1.40839, -3.96768, -2.35459, -6.33248, -2.40091, -5.52302]"
43,sub11,mae,1,sub11-b1__0034__runonspot.npy,13,runonspot,13,0.99769336,1,"[-0.32203, 1.79582, -1.85105, 4.90828, 4.76753, 1.36542, -1.33738, -2.33272, -5.2223, 1.60866, 4.2685, -0.71347, -6.30671, 11.91858, -0.00413, -2.68115, 1.51893, -4.08763, -2.63065, -6.63382, -4.10952, -5.84016]"
43,sub11,mae,1,sub11-b1__0035__runonspot.npy,13,runonspot,13,0.9970619,1,"[-0.72142, 1.45654, -2.53095, 6.17708, 3.77431, 2.54374, -0.19972, -1.52397, -5.82029, -0.07748, 3.81133, 0.74923, -6.75545, 12.25629, 3.10115, -3.32782, 1.65445, -4.12754, -1.9202, -6.65658, -5.32314, -7.68186]"
43,sub11,mae,1,sub11-b1__0036__runonspot.npy,13,runonspot,13,0.99645966,1,"[-0.4202, 1.9072, -2.45738, 5.59599, 3.00287, 2.18413, -0.4187, -2.04046, -5.7857, 0.52253, 5.22342, 0.76226, -6.26048, 11.9143, 3.40279, -4.20845, 1.49094, -4.59248, -1.59263, -6.08191, -5.20682, -7.43644]"
43,sub11,mae,1,sub11-b1__0037__buttkicks.npy,4,buttkicks,4,0.9998417,1,"[4.04453, 3.5036, -1.18018, 3.26959, 16.02299, -0.93854, -3.0345, -6.23046, -4.85355, 2.33623, 1.91106, -5.68147, -9.67872, 3.92568, 7.08078, 0.80316, 4.10768, -1.76024, 0.66267, -2.485, -6.34646, -8.32928]"
43,sub11,mae,1,sub11-b1__0038__buttkicks.npy,4,buttkicks,4,0.9999721,1,"[3.61671, 3.51408, -0.98462, 3.19637, 16.08724, -0.44444, -2.54133, -4.94078, -4.64204, 3.57448, -0.00059, -5.85612, -9.73118, 4.23585, 2.76955, 2.05812, 3.77762, -1.45408, 0.32719, -3.6048, -4.86113, -8.28894]"
43,sub11,mae,1,sub11-b1__0039__buttkicks.npy,4,buttkicks,4,0.999613,1,"[4.1497, 3.52682, -0.92546, 3.78628, 15.93234, -1.03046, -2.78981, -6.56599, -4.83451, 1.26846, 1.44367, -4.61305, -9.78789, 4.43434, 7.97703, 0.75672, 4.16188, -2.09477, 0.4812, -3.16602, -7.05273, -8.52219]"
43,sub11,mae,1,sub11-b1__0040__buttkicks.npy,4,buttkicks,4,0.99995303,1,"[3.03437, 3.50089, -1.4551, 3.14934, 16.1536, -0.63996, -2.81874, -4.50339, -4.69035, 5.17399, 1.01965, -6.24273, -9.50603, 4.70919, 1.94387, 1.43558, 4.6587, -1.78237, 0.20737, -4.07789, -4.48844, -7.97805]"
43,sub11,mae,1,sub11-b1__0041__buttkicks.npy,4,buttkicks,4,0.9999776,1,"[3.60107, 3.75805, -1.75511, 3.41398, 17.03811, -0.57015, -2.96074, -5.42263, -5.09342, 4.18053, 1.26359, -5.90897, -9.79694, 4.831, 4.54239, 1.09393, 5.07385, -2.34313, 0.90033, -3.54214, -5.94813, -8.88833]"
43,sub11,mae,1,sub11-b1__0042__airkick.npy,0,airkick,13,0.968781,0,"[2.42778, 0.12468, 0.04412, 3.87909, 2.9015, -0.71837, 1.02677, -3.75911, -5.5935, -1.4738, 3.1443, 1.85886, -7.04716, 8.90665, 4.8205, -2.11413, -1.15478, -2.79726, -2.86674, -5.32324, -4.61845, -5.5263]"
43,sub11,mae,1,sub11-b1__0043__airkick.npy,0,airkick,0,0.49921826,1,"[5.68958, 0.50953, 3.5091, -0.02436, 1.65395, -5.27666, 0.63292, -7.33121, -4.34686, -0.95822, 5.14084, 0.23323, -5.76318, 4.04271, 3.14889, -1.52022, -4.43613, -2.80272, -3.08201, -1.94315, -2.34849, -2.01502]"
43,sub11,mae,1,sub11-b1__0044__airkick.npy,0,airkick,0,0.58350855,1,"[7.19466, 1.88796, 2.76883, 0.43022, 3.35898, -4.04144, 1.08131, -8.26484, -5.53041, -2.04138, 3.98167, -0.59648, -6.29127, 2.35194, 6.72033, -1.20203, -3.92602, -3.41967, -1.54822, -0.41542, -3.51869, -4.86133]"
43,sub11,mae,1,sub11-b1__0045__airkick.npy,0,airkick,0,0.9656191,1,"[8.3531, 0.68839, 4.22825, -1.31435, -0.02424, -5.07557, 1.33507, -8.16846, -4.86604, -2.28781, 3.63824, -0.51981, -4.72844, 0.67139, 3.46882, -0.15402, -6.7563, -2.98561, -2.86315, 0.21822, -0.96483, -2.8198]"
43,sub11,mae,1,sub11-b1__0046__airkick.npy,0,airkick,0,0.9307208,1,"[7.92996, 1.22415, 3.46623, -0.77292, 1.85471, -4.60869, 1.09093, -7.97933, -4.66564, -2.05592, 3.3355, -0.91067, -5.26956, 0.55515, 4.86108, -0.14812, -5.29766, -2.65493, -2.15536, -0.17443, -1.80395, -3.75793]"
43,sub11,mae,1,sub11-b1__0047__sidekick.npy,14,sidekick,14,0.9999391,1,"[7.45501, 1.94105, 3.70993, 0.44962, 0.88458, -4.72888, 0.92912, -10.48614, -4.70968, -6.21981, 3.55966, 2.20217, -2.73581, -0.68135, 17.21612, -3.5091, -2.54342, -5.18162, -1.35261, -0.25289, -6.73155, -4.69567]"
43,sub11,mae,1,sub11-b1__0048__sidekick.npy,14,sidekick,14,0.9999988,1,"[5.30375, 2.55324, 2.06427, 2.13718, 1.96825, -2.89776, 1.45244, -9.30266, -5.46573, -5.89205, 3.653, 2.82913, -3.10221, 1.20165, 19.32841, -5.04938, 0.11644, -5.56974, -0.44661, -1.59159, -8.19543, -6.17481]"
43,sub11,mae,1,sub11-b1__0049__sidekick.npy,14,sidekick,14,0.9964283,1,"[8.37175, 1.37822, 4.74398, -1.51715, -2.0481, -5.56939, 1.06678, -10.82882, -5.24627, -4.27549, 6.13287, 1.3424, -1.18002, -1.4117, 14.13105, -4.19162, -4.43365, -6.12439, -2.02043, 1.29869, -3.93439, -3.48204]"
43,sub11,mae,1,sub11-b1__0051__sidekick.npy,14,sidekick,14,0.99906594,1,"[7.90104, 1.52105, 4.57369, -2.02477, -1.77017, -5.58617, 1.16622, -10.71946, -4.06819, -4.27275, 5.29865, 1.20536, -0.66929, -2.67562, 14.98583, -3.84418, -4.12685, -5.62726, -1.55348, 1.38267, -3.85608, -3.67786]"
43,sub11,mae,1,sub11-b1__0052__crosstoe.npy,6,crosstoe,6,0.6973303,1,"[2.38086, -3.44204, 4.23816, -4.37934, -10.17652, -5.63931, 7.63414, -4.16752, -2.27089, -3.21133, -0.34333, 6.14583, 3.98409, -4.36906, 5.6515, -1.98391, -7.08958, -4.65039, 2.05829, 0.69284, -1.77529, 0.03004]"
43,sub11,mae,1,sub11-b1__0053__crosstoe.npy,6,crosstoe,6,0.8039886,1,"[3.82901, -3.35617, 4.53997, -5.95347, -9.38294, -5.08556, 7.11857, -4.85489, -3.11435, -2.46979, 0.56062, 3.3854, 3.99452, -4.89466, 3.94454, -0.73857, -8.36237, -3.72697, 0.57363, 2.88235, 1.1417, -0.47333]"
43,sub11,mae,1,sub11-b1__0054__crosstoe.npy,6,crosstoe,14,0.6288046,0,"[4.27993, -2.91138, 3.3761, -3.37149, -8.37762, -5.28982, 7.35253, -5.60304, -3.63655, -4.99083, -1.28443, 5.94782, 2.31924, -3.3042, 8.1659, -1.13916, -7.62555, -4.71762, 2.884, 1.29537, -3.80931, -1.51778]"
43,sub11,mae,1,sub11-b1__0055__crosstoe.npy,6,crosstoe,11,0.9483813,0,"[3.63296, -5.56794, 4.11011, -4.08162, -9.99884, -5.14543, 5.2841, -3.60905, -2.59469, -4.44678, -3.01557, 10.0892, 3.94242, -5.39181, 6.86556, 0.39739, -6.23076, -3.86265, 0.97752, -3.40224, -4.41324, -2.07994]"
43,sub11,mae,1,sub11-b1__0056__crosstoe.npy,6,crosstoe,11,0.9259717,0,"[3.72795, -5.35343, 4.14002, -4.16008, -9.90234, -5.35967, 4.63985, -3.33078, -1.65116, -4.316, -2.42154, 8.58823, 3.8142, -5.30569, 5.14652, 0.79724, -6.69939, -3.28892, -0.16321, -3.54034, -3.03578, -0.65588]"
43,sub11,mae,1,sub11-b1__0057__crosstoe.npy,6,crosstoe,6,0.6251302,1,"[3.52119, -3.95167, 3.92108, -4.64833, -9.89409, -4.8322, 7.19628, -4.09395, -2.81434, -3.6972, -0.83217, 5.76711, 4.13201, -4.45042, 5.79545, -0.95086, -7.26961, -3.91743, 0.65447, 0.0931, -1.20947, -0.08316]"
43,sub11,mae,1,sub11-b1__0058__throw.npy,18,throw,18,0.9999745,1,"[0.81754, -2.76706, -2.29628, -1.32801, -1.97124, -1.47844, 3.51905, -1.40245, -2.67762, -1.76673, -2.53138, 2.26202, -0.3299, -1.59505, 2.16089, 0.98021, -5.4934, -3.85802, 14.7867, 2.06958, -5.24384, -5.24865]"
43,sub11,mae,1,sub11-b1__0059__throw.npy,18,throw,18,0.9996724,1,"[0.60718, 0.65661, -5.93131, 2.20869, -1.84638, 1.06408, 2.00819, 0.54438, -1.63651, -1.9762, 0.14529, -0.13571, -1.67184, 1.33783, 3.35482, -1.8944, -3.49711, -4.17864, 12.1324, -0.5395, -5.56225, -5.23988]"
43,sub11,mae,1,sub11-b1__0060__throw.npy,18,throw,18,0.9167646,1,"[2.80205, -0.58966, 1.6682, -3.13073, -3.61975, -6.48673, 0.62474, -5.7562, 1.7928, -4.38349, -1.99695, -0.22764, 1.80461, -3.16651, -1.50768, 1.50453, -8.38492, -3.52985, 6.94522, 3.37876, -2.5649, 3.12435]"
43,sub11,mae,1,sub11-b1__0061__throw.npy,18,throw,18,0.9997516,1,"[1.08297, -5.39329, -1.55719, -1.76904, -3.22228, -1.66178, 3.87439, -0.20733, -3.50482, -0.92869, -2.536, 4.46109, 0.03746, -2.47107, 2.82904, 2.17592, -5.28513, -3.47697, 13.42386, 0.25463, -4.79266, -5.55678]"
43,sub11,mae,1,sub11-b1__0062__throw.npy,18,throw,18,0.99969494,1,"[1.59994, -4.26368, -1.26029, -0.97763, -3.36063, -3.05805, 3.11753, -0.92682, -2.29154, -2.10702, -2.47518, 3.51045, 0.07761, -2.10433, 2.58618, 1.92941, -5.93902, -3.24815, 12.53695, 0.05617, -4.87555, -4.23916]"
43,sub11,mae,1,sub11-b1__0063__throw.npy,18,throw,18,0.9632175,1,"[2.88344, -2.4863, 2.12246, -3.51969, -4.75937, -6.53612, 1.84052, -4.89615, 0.49806, -4.06458, -2.69011, 0.58179, 2.50402, -3.32292, -1.48372, 1.86852, -8.58723, -2.91124, 7.65292, 2.87314, -1.35755, 1.98756]"
43,sub11,mae,1,sub11-b1__0064__walk.npy,20,walk,0,0.44934937,0,"[6.52837, -1.41897, 3.29288, -7.00162, -4.93053, -5.13738, 2.54394, -5.32689, -2.26195, 3.35613, 4.76698, -2.70155, 1.79524, -5.37283, -1.19589, 0.27643, -7.71355, -2.47672, -0.83678, 1.6884, 6.45902, -1.52699]"
43,sub11,mae,1,sub11-b1__0065__turnaround.npy,19,turnaround,19,0.9802515,1,"[5.14859, -1.10288, 1.60247, -7.11023, -5.29975, -2.50898, 7.488, -6.04106, -3.59796, 0.04119, 0.48477, -2.52446, -0.55684, -5.59719, 0.76856, 0.83006, -10.27855, -1.55827, 3.03202, 11.5166, 3.37557, -4.55512]"
43,sub11,mae,1,sub11-b1__0066__walk.npy,20,walk,20,0.9901211,1,"[3.49324, 1.9942, 1.23198, -4.4331, -5.18942, -4.06286, 2.3956, -1.66644, 0.33095, 2.77893, 4.58432, -5.29366, -0.79247, -3.03565, -5.7719, 0.01592, -7.94447, -0.33052, -0.85295, -0.38473, 9.76572, -1.51245]"
43,sub11,mae,1,sub11-b1__0067__turnaround.npy,19,turnaround,19,0.9984394,1,"[6.10139, 1.83708, 4.58596, -5.55836, -3.42172, -5.55501, 1.73062, -9.80851, -3.09457, -1.31821, 4.79376, -2.83448, -0.41779, -6.17738, 3.64083, 0.36801, -9.83279, -6.02937, 4.68869, 13.1785, -2.7864, -3.93355]"
43,sub11,mae,1,sub11-b1__0068__walk.npy,20,walk,20,0.793198,1,"[5.74708, -1.98251, 3.55383, -7.53704, -6.68569, -5.16506, 3.33454, -4.63981, -1.89086, 3.15857, 3.88657, -2.21925, 3.08622, -6.0017, -2.03202, 0.37161, -8.2164, -2.44492, -0.5486, 1.77138, 7.51691, -0.84841]"
43,sub11,mae,1,sub11-b1__0069__turnaround.npy,19,turnaround,19,0.9673084,1,"[4.78323, -1.45981, 1.5777, -7.37543, -5.73052, -2.136, 8.16018, -5.55544, -3.91404, 0.45896, 0.47077, -1.99477, -0.17112, -5.6542, 0.78335, 0.69082, -10.10745, -2.06024, 4.11626, 11.60674, 2.93, -4.85668]"
43,sub11,mae,1,sub11-b1__0070__walk.npy,20,walk,20,0.99590164,1,"[2.45712, 1.10189, 1.49891, -4.35269, -5.89063, -3.55095, 2.97611, -0.66257, 0.24662, 2.97467, 3.60201, -4.40981, -0.21608, -2.9894, -6.15616, 0.33306, -7.50586, -0.11471, -0.84824, -1.64476, 10.10779, -1.13715]"
43,sub11,mae,1,sub11-b1__0071__turnaround.npy,19,turnaround,19,0.99848205,1,"[6.16994, 2.135, 4.78234, -5.21581, -3.26991, -5.63176, 1.66651, -9.81243, -2.79169, -2.14516, 4.4462, -3.22099, -0.71303, -6.16451, 3.43895, 0.52365, -10.32781, -5.58228, 4.60033, 13.21007, -2.69218, -3.56127]"
43,sub11,mae,1,sub11-b1__0072__walk.npy,20,walk,20,0.69634575,1,"[5.46896, -2.2011, 3.12645, -7.44998, -6.65897, -4.81846, 3.7905, -4.59394, -2.03902, 3.35518, 4.26678, -1.674, 3.25357, -6.29549, -0.13279, -0.32668, -7.48384, -2.54368, 0.00206, 1.70792, 6.91432, -1.68741]"
43,sub11,mae,1,sub11-b1__0073__turnaround.npy,19,turnaround,19,0.9853101,1,"[5.20968, -0.82375, 1.75133, -6.92564, -5.17275, -2.48963, 7.71345, -6.12198, -3.83399, -0.07718, 0.68877, -2.83242, -0.80731, -5.36583, 0.56505, 0.8385, -10.49251, -1.92436, 3.52575, 12.02582, 3.03208, -4.70215]"
43,sub11,mae,1,sub11-b1__0076__walk.npy,20,walk,20,0.918622,1,"[5.04544, -2.66013, 3.41729, -7.20984, -7.63983, -4.74919, 3.70924, -3.43847, -2.08031, 3.33819, 2.89651, -1.62491, 3.4692, -5.39675, -3.48947, 0.53571, -8.0122, -2.17893, -1.00289, 0.35988, 8.15971, -0.35437]"
43,sub11,mae,1,sub11-b1__0077__turnaround.npy,19,turnaround,19,0.98553514,1,"[5.27275, -0.68227, 1.70862, -6.8216, -4.77849, -2.60998, 7.66432, -6.37237, -3.90211, -0.20665, 0.63547, -3.06934, -1.0542, -5.1055, 0.50359, 0.82994, -10.62378, -1.73432, 3.3326, 11.99903, 2.95623, -4.72173]"
43,sub11,mae,1,sub11-b1__0078__walk.npy,20,walk,20,0.998069,1,"[2.72917, 0.70275, 1.80056, -4.61684, -6.13625, -3.85114, 2.47937, -0.79172, 0.55643, 2.89101, 3.72298, -4.74682, 0.19082, -3.6239, -6.62639, 0.84999, -7.85723, -0.04233, -1.0247, -1.46229, 10.87879, -0.63287]"
43,sub11,mae,1,sub11-b1__0079__turnaround.npy,19,turnaround,19,0.99911684,1,"[6.40043, 2.23511, 4.24408, -5.34504, -3.00621, -5.18005, 2.1856, -9.78368, -3.45927, -1.48492, 3.86893, -3.17895, -0.63131, -5.68568, 3.13814, 0.85977, -10.35326, -6.15905, 5.31854, 13.90663, -2.66251, -4.3847]"
43,sub11,mae,1,sub11-b1__0080__walk.npy,20,walk,20,0.7558451,1,"[5.41658, -2.26154, 2.76299, -7.19974, -6.36459, -4.58155, 4.24849, -4.3768, -2.57115, 3.62957, 3.78227, -1.88692, 2.72746, -5.50564, -0.84132, -0.26522, -7.55962, -2.30342, 0.01876, 1.61493, 7.16007, -1.81672]"
43,sub11,mae,1,sub11-b1__0081__turnaround.npy,19,turnaround,19,0.96892786,1,"[5.35354, -0.84672, 1.56295, -6.76987, -4.80993, -2.45856, 7.99545, -5.90983, -3.93655, 0.09547, 0.47551, -3.11164, -1.16495, -5.07142, 0.19119, 0.86923, -10.54122, -1.41711, 3.28426, 11.52617, 3.4627, -4.75504]"
43,sub11,mae,1,sub11-b1__0082__walk.npy,20,walk,20,0.9951018,1,"[3.87579, 1.19217, 2.00399, -4.64248, -5.91861, -4.65749, 1.52367, -1.85675, 0.65456, 2.7131, 5.14951, -5.67955, -0.1564, -3.55236, -6.88032, 0.67072, -8.53043, -0.44251, -1.43579, -0.35254, 10.86827, -0.14236]"
43,sub11,mae,1,sub11-b1__0083__turnaround.npy,19,turnaround,19,0.9990404,1,"[6.13518, 1.96216, 4.46484, -5.38456, -3.34745, -5.31487, 1.85774, -9.64728, -3.26791, -1.44212, 4.35956, -3.23049, -0.40074, -5.7129, 2.81375, 0.59131, -10.10955, -5.92242, 4.59748, 13.5804, -2.30012, -3.76103]"
43,sub11,mae,1,sub11-b1__0084__hop.npy,9,hop,14,0.9631059,0,"[4.26993, 1.57998, 0.43914, 3.8258, 9.6696, -1.80654, 0.33728, -6.81607, -3.99379, -4.15644, 0.26124, -0.69572, -8.80001, 3.02219, 12.9413, 0.09088, 0.88077, -1.07965, -0.06856, -3.16713, -7.48098, -6.65575]"
43,sub11,mae,1,sub11-b1__0085__hop.npy,9,hop,10,0.35983086,0,"[5.29704, 0.69592, 1.51011, -0.46237, 2.77219, -4.15762, 0.6413, -6.6028, -3.33358, 0.44348, 5.35619, -2.28866, -5.24762, 1.11443, 4.98307, -1.40946, -3.30321, -1.32699, -0.76621, -1.37979, -1.53226, -2.99984]"
43,sub11,mae,1,sub11-b1__0086__hop.npy,9,hop,9,0.69452965,1,"[1.70618, -2.22876, 1.58522, -3.82598, -1.7621, -3.18422, 1.92439, -0.90155, -1.07883, 6.32211, 2.26708, -2.47713, -1.33376, -1.84075, -7.29026, 1.18222, -4.27665, 1.59769, -0.58491, -3.27584, 5.32893, 0.30385]"
43,sub11,mae,1,sub11-b1__0087__hop.npy,9,hop,9,0.8109417,1,"[1.62355, -2.03076, 1.38168, -4.3567, -1.55207, -3.25605, 2.42795, -1.54082, -1.34, 6.92569, 2.80913, -2.77689, -0.95293, -2.124, -6.02562, 0.51645, -3.9969, 0.99682, 0.08463, -2.19809, 5.26086, -0.38534]"
43,sub11,mae,1,sub11-b1__0088__hop.npy,9,hop,9,0.8871419,1,"[0.73146, -1.94123, 1.34294, -3.52966, -1.43153, -2.82335, 2.34215, -0.95754, -1.15494, 6.78838, 2.50243, -1.78382, -1.0517, -1.78772, -4.96868, 0.15741, -2.74952, 1.02158, -0.21332, -3.75366, 4.34314, -0.32464]"
43,sub11,mae,1,sub11-b1__0089__hop.npy,9,hop,9,0.78086066,1,"[1.295, -2.69446, 1.67376, -4.422, -1.89016, -2.73824, 2.55106, -0.8687, -1.56001, 6.84877, 1.8838, -1.911, -0.53939, -2.14945, -6.42519, 1.04989, -3.61815, 1.30855, -0.48698, -3.25806, 5.42256, -0.34136]"
43,sub11,mae,1,sub11-b1__0090__hop.npy,9,hop,9,0.97240216,1,"[-0.04444, -2.17409, 0.73307, -3.66156, -0.94283, -2.29844, 2.18258, -0.09729, -1.44816, 8.53122, 2.78615, -1.97919, -0.7656, -1.26107, -6.24089, -0.08205, -1.5419, 0.79927, -0.01006, -4.32868, 4.68431, -0.64057]"
43,sub11,mae,1,sub11-b1__0091__jump.npy,10,jump,0,0.9356734,0,"[7.69481, -0.15133, 3.424, -4.21174, -3.00889, -5.43407, 1.91465, -6.78987, -2.02924, -0.25681, 4.27227, -2.91683, -1.78867, -3.79813, 0.73886, 0.37482, -8.47004, -0.82115, -1.02789, 2.10147, 3.28943, -0.811]"
43,sub11,mae,1,sub11-b1__0092__jump.npy,10,jump,0,0.90449005,0,"[7.39408, -0.14164, 3.31153, -4.84678, -3.37747, -5.40093, 2.28211, -6.86482, -2.14377, 0.71679, 4.22409, -3.01274, -0.82781, -3.83323, 0.8373, -0.1498, -8.13212, -1.45757, -1.21855, 2.3749, 3.86713, -1.0406]"
43,sub11,mae,1,sub11-b1__0093__jump.npy,10,jump,0,0.9415288,0,"[7.80779, -0.98426, 3.60815, -4.96475, -4.62695, -5.34992, 3.12268, -6.74911, -2.39545, -0.31082, 3.2025, -2.13393, -0.65811, -4.15825, 1.0348, 0.19836, -9.05741, -1.24098, -1.21693, 2.49508, 3.90383, -1.05468]"
43,sub11,mae,1,sub11-b1__0094__jump.npy,10,jump,0,0.5797694,0,"[5.7042, -0.5894, 2.97165, -3.42624, -2.26487, -5.23498, 1.81191, -5.72, -2.01142, 1.19151, 5.13352, -2.1205, -2.42296, -2.53009, 0.858, -0.42628, -6.66027, -0.5605, -0.5144, 0.42974, 2.4602, -0.82291]"
43,sub11,mae,1,sub11-b1__0095__jump.npy,10,jump,0,0.7934323,0,"[6.52381, -0.92155, 3.07007, -4.21779, -3.61093, -5.44515, 2.22698, -5.86816, -2.05666, 0.97731, 4.62285, -2.41239, -1.41467, -3.30428, 0.37665, -0.21395, -7.66957, -0.83802, -0.90635, 1.19198, 3.53382, -0.71203]"
43,sub11,mae,1,sub11-b1__0096__runonspot.npy,13,runonspot,13,0.97397906,1,"[0.73277, -1.65886, -0.44793, 3.65816, 1.72714, 1.57077, 2.65169, -0.37345, -5.76946, 0.23602, 0.91635, 2.02153, -7.07122, 8.03801, 0.83624, -0.07666, -1.36428, -0.67932, -1.07723, -6.60069, -2.75869, -6.30062]"
43,sub11,mae,1,sub11-b1__0097__runonspot.npy,13,runonspot,13,0.95357794,1,"[0.07655, -0.70104, -2.00002, 5.31877, 3.03439, 3.18261, 2.67795, -0.82012, -7.09625, -0.91595, 1.5717, 3.0974, -7.73314, 9.70161, 6.21127, -2.02587, 0.99467, -2.53466, 0.26553, -6.47988, -5.72936, -9.37906]"
43,sub11,mae,1,sub11-b1__0098__runonspot.npy,13,runonspot,13,0.9909609,1,"[-0.20412, -1.03889, -1.61451, 4.823, 2.40215, 2.82256, 2.16696, -0.34012, -7.00894, 0.45865, 2.03631, 2.70135, -7.12992, 10.06055, 3.15607, -1.66095, 0.54379, -2.79787, -0.18688, -6.77444, -4.41334, -8.61457]"
43,sub11,mae,1,sub11-b1__0099__runonspot.npy,13,runonspot,13,0.98834294,1,"[0.44901, -0.94719, -0.72734, 4.33113, 1.84373, 1.67329, 1.85217, -1.67016, -6.16162, -0.64694, 2.61317, 2.71128, -6.95355, 9.6068, 3.87612, -1.80286, -0.40423, -2.29593, -1.40148, -6.46659, -4.23113, -6.90734]"
43,sub11,mae,1,sub11-b1__0100__runonspot.npy,13,runonspot,13,0.9925299,1,"[0.27882, -1.90472, -0.90425, 3.19827, 0.45671, 1.05643, 2.28414, -0.88286, -6.50189, 1.75687, 3.26985, 2.26109, -5.79978, 9.35888, 1.23427, -1.74699, -0.80745, -2.58744, -1.07176, -6.4291, -2.44071, -6.39053]"
43,sub11,mae,1,sub11-b1__0101__buttkicks.npy,4,buttkicks,4,0.9980129,1,"[3.55501, 1.77313, 0.387, 1.44613, 10.70891, -1.71862, -0.62032, -3.79192, -3.32343, 2.65907, -0.60392, -4.70486, -7.97378, 2.10321, -0.1074, 2.61673, 0.16057, 0.75299, -0.50355, -3.86755, -1.67337, -5.22959]"
43,sub11,mae,1,sub11-b1__0103__buttkicks.npy,4,buttkicks,4,0.9992736,1,"[3.9921, 2.62348, -0.23209, 2.30648, 12.7435, -1.03596, -0.54797, -5.00071, -3.82357, 1.02205, -0.80424, -4.17649, -8.5639, 2.01415, 4.97166, 1.8339, 1.62841, 0.04613, 0.48946, -3.1593, -4.0568, -7.23792]"
43,sub11,mae,1,sub11-b1__0104__buttkicks.npy,4,buttkicks,4,0.9994086,1,"[3.2817, 3.18538, -0.56119, 2.47001, 12.95985, -1.13136, -1.26001, -5.08341, -3.90986, 2.27486, 1.15877, -4.95587, -8.59529, 2.41476, 4.98875, 0.53694, 2.44749, -0.35, 1.02521, -2.78035, -4.28781, -6.71912]"
43,sub11,mae,1,sub11-b1__0105__buttkicks.npy,4,buttkicks,4,0.9989128,1,"[3.54897, 2.95172, -0.41725, 3.01626, 13.53078, -0.45725, -0.47156, -5.00841, -4.14036, 0.8298, -0.71604, -3.65413, -8.91117, 2.4827, 6.56032, 1.27908, 2.685, -0.4097, 0.8083, -3.60721, -5.02265, -7.88334]"
43,sub11,mae,1,sub11-b1__0106__airkick.npy,0,airkick,0,0.9368193,1,"[6.73557, -0.19652, 2.31285, -3.1501, -0.59179, -4.27156, 3.02877, -5.08024, -3.66773, 1.13311, 1.75694, -1.45839, -3.33281, -0.8805, -1.28121, 0.71227, -6.39686, -1.1005, -1.08086, -0.36227, 2.41745, -3.01147]"
43,sub11,mae,1,sub11-b1__0107__airkick.npy,0,airkick,0,0.95104414,1,"[7.36771, 0.05836, 2.43531, -2.53988, -0.73752, -4.4896, 3.78244, -6.39836, -4.65341, -0.39724, 2.18582, -0.98861, -3.76979, -0.44669, 2.00522, -0.19678, -6.72392, -1.86565, -0.59319, 0.87279, 0.94754, -3.9016]"
43,sub11,mae,1,sub11-b1__0108__airkick.npy,0,airkick,0,0.96807903,1,"[7.60901, 0.61609, 1.92915, -1.05651, 2.47254, -3.38047, 2.60431, -6.18648, -4.32224, -1.16334, 0.23525, -1.69098, -5.15781, -0.219, 3.17257, 1.31201, -5.40612, -1.09352, -1.60349, -0.65135, -0.28349, -4.75742]"
43,sub11,mae,1,sub11-b1__0110__airkick.npy,0,airkick,0,0.9693234,1,"[7.5252, 0.11822, 2.4101, -2.10394, 0.15382, -4.05333, 3.23062, -6.15308, -4.33188, -0.90918, 1.26007, -0.99586, -4.14127, -0.71869, 2.24235, 0.68666, -6.41037, -1.30412, -1.03174, 0.1356, 0.59195, -4.01219]"
43,sub11,mae,1,sub11-b1__0111__sidekick.npy,14,sidekick,14,0.9998068,1,"[4.79146, 0.98782, 1.21289, 2.47212, 1.40463, -3.03692, 2.33143, -7.27776, -5.70058, -4.14251, 3.51839, 2.69497, -4.73055, 3.72099, 14.04683, -4.1881, -1.01661, -4.65355, -1.06442, -3.36746, -6.5443, -5.25624]"
43,sub11,mae,1,sub11-b1__0113__sidekick.npy,14,sidekick,14,0.9998721,1,"[5.81779, 1.69441, 0.69636, 1.37007, 4.20146, -2.61118, 2.5691, -8.00304, -6.12466, -3.13428, 2.84624, 1.24509, -5.04783, 1.85751, 15.08974, -3.27767, -0.31851, -3.98336, 0.42277, -1.5995, -6.26085, -7.22701]"
43,sub11,mae,1,sub11-b1__0114__sidekick.npy,14,sidekick,14,0.99889636,1,"[6.55571, 1.0744, 2.67284, -0.21434, -0.25595, -4.06915, 3.18989, -8.501, -5.80633, -3.2858, 4.08798, 2.09545, -2.99884, 0.36636, 13.51354, -4.00107, -2.74856, -4.7674, -0.69607, -0.90212, -4.45652, -5.1897]"
43,sub11,mae,1,sub11-b1__0115__sidekick.npy,14,sidekick,14,0.998697,1,"[5.82598, 1.01035, 2.48089, -0.06022, 0.51315, -3.72476, 3.1775, -7.96392, -5.93858, -2.47794, 3.94126, 2.10939, -3.30467, 0.92277, 12.73666, -3.89024, -1.98156, -4.48858, -0.6541, -1.62886, -4.36307, -5.60704]"
43,sub11,mae,1,sub11-b1__0116__sidekick.npy,14,sidekick,14,0.9985354,1,"[6.32838, 0.77641, 2.14259, -0.02916, 1.52552, -3.59773, 3.02861, -8.10016, -5.98898, -2.57848, 3.71104, 1.53275, -3.94553, 0.82596, 12.99603, -3.24732, -2.13026, -4.02713, -0.37959, -1.03177, -4.4818, -5.96824]"
43,sub11,mae,1,sub11-b1__0117__sidekick.npy,14,sidekick,14,0.99287146,1,"[7.05117, 0.59124, 2.94487, -1.33514, -0.89776, -4.58608, 2.94103, -8.55749, -5.53022, -2.26824, 4.96836, 1.38089, -2.3519, -0.44539, 12.14032, -3.7891, -3.39558, -4.6078, -0.93809, -0.22429, -3.11321, -4.78312]"
43,sub11,mae,1,sub11-b1__0118__crosstoe.npy,6,crosstoe,6,0.8218553,1,"[4.23276, -3.46251, 3.32917, -4.11631, -9.16039, -4.81467, 6.71568, -3.72027, -2.94122, -2.71142, -0.89341, 3.77293, 2.85428, -3.41753, 2.68076, -0.10607, -7.69788, -3.42989, -0.08383, 0.0346, 0.67013, 0.10281]"
43,sub11,mae,1,sub11-b1__0119__crosstoe.npy,6,crosstoe,11,0.73663205,0,"[4.49767, -5.38685, 2.94785, -3.60398, -8.48038, -4.6464, 4.12927, -2.8206, -1.96104, -3.81267, -2.61605, 6.38875, 2.58571, -3.91791, 2.7311, 2.44144, -6.84235, -2.27241, -1.33602, -3.66573, -1.52958, -0.37453]"
43,sub11,mae,1,sub11-b1__0120__crosstoe.npy,6,crosstoe,11,0.7980116,0,"[4.53426, -5.53259, 2.53334, -3.95906, -8.6936, -4.45677, 4.65305, -2.76082, -2.25294, -3.6762, -2.72922, 7.08902, 3.00501, -4.31797, 4.16579, 1.90551, -6.38685, -2.652, -0.46448, -3.41789, -2.24422, -1.33206]"
43,sub11,mae,1,sub11-b1__0121__crosstoe.npy,6,crosstoe,11,0.6795873,0,"[4.87715, -5.12306, 1.95969, -3.39697, -8.12199, -4.22901, 4.40516, -3.20762, -2.35115, -4.15661, -2.49242, 6.53219, 2.26506, -3.58231, 4.45574, 1.86362, -6.56912, -2.53424, -0.43755, -2.96724, -2.80425, -1.26977]"
43,sub11,mae,1,sub11-b1__0122__crosstoe.npy,6,crosstoe,11,0.6778934,0,"[4.53363, -5.369, 2.51907, -3.90563, -8.6987, -4.73531, 4.32125, -2.7892, -1.7122, -3.72427, -2.42902, 6.14775, 2.88129, -3.84505, 2.60452, 2.0949, -6.95038, -2.24327, -1.4324, -3.47109, -1.33056, -0.12623]"
43,sub11,mae,1,sub11-b1__0123__throw.npy,18,throw,18,0.99898595,1,"[1.98391, -3.60949, -2.64587, -2.29425, -3.75832, -2.10312, 4.33309, -0.99931, -2.12566, -1.05225, -1.75337, 1.62124, 0.59536, -2.26627, 3.22029, 0.38689, -5.46401, -3.00778, 11.69427, 1.17542, -2.52281, -3.92548]"
43,sub11,mae,1,sub11-b1__0125__throw.npy,18,throw,18,0.99271774,1,"[3.0205, -1.3122, -0.10906, -2.56315, -3.7338, -5.08791, 3.68812, -5.00451, -1.29745, -3.54599, -1.71963, 0.3687, 1.65655, -1.59999, 2.27623, -0.19855, -7.34691, -4.132, 9.76604, 3.86836, -2.74718, -1.40033]"
43,sub11,mae,1,sub11-b1__0126__throw.npy,18,throw,18,0.9987583,1,"[2.6284, -3.02197, -3.2035, -0.88558, -3.09748, -2.21064, 4.23757, -1.30985, -3.0716, -1.74538, -1.60688, 2.14203, -0.06468, -0.62981, 4.43248, -0.02021, -5.349, -3.43912, 11.88803, 0.26297, -4.09619, -5.05518]"
43,sub11,mae,1,sub11-b1__0127__throw.npy,18,throw,18,0.90468466,1,"[2.8579, -0.67841, -0.01121, -1.83713, -3.32443, -4.98653, 2.32221, -5.33157, -0.05203, -4.88422, -2.70335, -0.13784, 1.19228, -0.50436, 0.40933, 0.28353, -7.28308, -3.52027, 6.28671, 2.67819, -2.8927, 1.39118]"
43,sub11,mae,1,sub11-b2__0001__walk.npy,20,walk,9,0.7454544,0,"[2.2021, -7.50993, 7.00844, -6.784, -7.40508, -7.28818, -1.61136, -3.69361, -3.83009, 8.64977, 4.39533, 0.04376, 5.04901, -6.38295, -4.20756, 1.67659, -5.29981, -6.22166, -1.09357, 5.33071, 5.93462, 1.78622]"
43,sub11,mae,1,sub11-b2__0002__turnaround.npy,19,turnaround,19,0.99656576,1,"[6.82121, 0.29683, 4.34668, -5.53904, -3.7281, -4.307, 5.58743, -9.40627, -5.68854, -0.63363, 2.61675, -0.65168, -1.39983, -4.32195, 4.21198, -0.35158, -9.93192, -6.15539, 4.12348, 12.92031, -2.23224, -5.76864]"
43,sub11,mae,1,sub11-b2__0003__walk.npy,20,walk,20,0.6796911,1,"[5.37345, -0.322, 0.57619, -3.29188, -0.78401, -2.36583, 5.26282, -2.98738, -5.10539, 2.20659, -0.55387, -6.0795, -3.57077, 0.95176, -6.75619, 1.48965, -7.98135, -0.01193, -2.26904, 2.05597, 6.83323, -4.36143]"
43,sub11,mae,1,sub11-b2__0004__turnaround.npy,19,turnaround,20,0.64242053,0,"[2.62677, -2.92029, 1.1498, -5.18984, -3.67616, -2.92411, 3.74266, -2.71547, -3.50617, 6.68895, 3.02428, -5.0147, -0.13948, -2.07186, -3.75401, -0.97983, -4.72407, -1.89698, -3.7433, 3.61712, 7.41279, -3.34035]"
43,sub11,mae,1,sub11-b2__0005__walk.npy,20,walk,9,0.93346494,0,"[1.58076, -6.65333, 3.91578, -5.43261, -3.71034, -3.81873, 3.39492, -0.95421, -3.88502, 9.45285, 0.97171, -3.49247, -0.53203, -3.97535, -6.87424, 0.85241, -3.81198, -1.9213, -5.37844, 1.98375, 6.69698, -2.98584]"
43,sub11,mae,1,sub11-b2__0006__turnaround.npy,19,turnaround,6,0.60049045,0,"[4.51305, 1.92676, 0.69692, -2.02655, 0.74009, -2.22681, 5.86355, -4.41786, -4.27799, 1.63472, 1.50446, -6.46936, -6.20049, 1.03711, -3.20315, -1.79854, -6.45004, -0.42219, -1.8655, 4.7384, 1.38756, -5.96492]"
43,sub11,mae,1,sub11-b2__0007__walk.npy,20,walk,20,0.7445829,1,"[3.09998, -0.82877, -0.28768, -3.73191, -2.09915, -2.05891, 3.53737, -1.7742, -3.98282, 4.58234, 1.70664, -4.27122, -0.93912, 1.13649, -4.26169, -0.75887, -4.37091, -2.11571, -2.56785, -0.72823, 6.18302, -4.39749]"
43,sub11,mae,1,sub11-b2__0008__turnaround.npy,19,turnaround,20,0.4945678,0,"[1.61617, -3.76301, 1.46692, -5.79739, -4.39452, -2.51306, 4.27736, -1.62932, -3.09569, 7.26643, 1.89854, -3.98034, 0.20983, -3.35, -4.43753, -0.43803, -4.41473, -1.52056, -3.53123, 3.03652, 7.31972, -3.72685]"
43,sub11,mae,1,sub11-b2__0009__walk.npy,20,walk,9,0.81829095,0,"[1.99042, -5.52485, 3.76319, -5.39497, -3.703, -3.83587, 3.62159, -0.5823, -2.44642, 7.85726, 0.26352, -3.53062, -1.20771, -4.29152, -7.76594, 1.02192, -4.60901, -0.72778, -5.87638, 0.88595, 6.16959, -2.81986]"
43,sub11,mae,1,sub11-b2__0010__turnaround.npy,19,turnaround,6,0.76628035,0,"[3.65156, 1.69775, 0.08049, -2.58946, -0.0591, -1.61664, 6.13976, -3.60655, -3.99793, 2.38043, 1.68715, -6.01091, -5.34962, 0.63602, -2.98701, -2.43873, -5.8212, -0.39315, -1.53947, 4.21916, 2.08495, -6.13713]"
43,sub11,mae,1,sub11-b2__0011__walk.npy,20,walk,20,0.8320734,1,"[1.19808, -2.34256, -0.81006, -4.95214, -3.89124, -0.98864, 4.63415, 0.27262, -3.3743, 6.06007, 0.65714, -2.41367, 0.79296, -0.57006, -3.63698, -0.70133, -3.28875, -1.06681, -2.15924, -2.37267, 7.89724, -5.04319]"
43,sub11,mae,1,sub11-b2__0012__turnaround.npy,19,turnaround,9,0.59908634,0,"[0.90709, -3.67781, 1.11915, -5.78665, -4.21347, -2.13968, 4.841, -1.18999, -2.63682, 6.9742, 1.23505, -3.69451, -0.42385, -3.848, -4.38094, -0.19484, -4.34946, -0.8872, -2.73451, 3.07909, 6.31951, -4.34279]"
43,sub11,mae,1,sub11-b2__0013__walk.npy,20,walk,9,0.5535678,0,"[2.09413, -4.43738, 3.10941, -5.18292, -3.62431, -3.40752, 3.9518, -0.2001, -1.66042, 6.60027, 0.21132, -4.10722, -1.69447, -3.80932, -8.55865, 0.83257, -4.93658, 0.2075, -5.82439, -0.0714, 6.22127, -2.64354]"
43,sub11,mae,1,sub11-b2__0014__turnaround.npy,19,turnaround,6,0.8492537,0,"[3.08865, 1.92468, -0.11706, -2.76353, -0.42465, -1.24979, 6.672, -3.51884, -3.91638, 2.15081, 1.4641, -5.23931, -5.15499, 0.40084, -2.05913, -2.82088, -5.49, -0.6574, -0.82285, 4.50707, 1.18033, -6.57107]"
43,sub11,mae,1,sub11-b2__0015__walk.npy,20,walk,20,0.86922175,1,"[0.13188, -1.86099, -1.16824, -4.9154, -4.91659, -0.73301, 4.82271, 0.97984, -1.90432, 5.71351, 1.07716, -1.77052, 1.08877, -1.70371, -2.15144, -1.27229, -2.81941, -0.27852, -1.98777, -2.78243, 7.98048, -4.76812]"
43,sub11,mae,1,sub11-b2__0016__turnaround.npy,19,turnaround,9,0.52809364,0,"[0.96595, -3.9357, 1.60005, -5.62044, -3.799, -1.94949, 5.23298, -0.85733, -2.64185, 6.63934, 0.50344, -4.15299, -1.35923, -3.99563, -5.62536, 0.65349, -4.76151, -0.21912, -2.80981, 3.10077, 6.13266, -4.33493]"
43,sub11,mae,1,sub11-b2__0017__walk.npy,20,walk,20,0.6537501,1,"[2.18606, -3.66722, 2.77806, -4.63325, -3.52938, -2.93858, 4.20159, -0.03088, -1.63671, 5.5755, 0.17047, -4.46322, -2.06639, -3.04694, -8.73173, 0.71419, -5.08616, 0.6747, -5.98314, -0.68651, 6.52972, -2.55604]"
43,sub11,mae,1,sub11-b2__0018__turnaround.npy,19,turnaround,6,0.84220916,0,"[3.05161, 1.91301, -0.24366, -3.03838, -0.40044, -1.09557, 6.685, -3.30448, -3.79124, 2.47119, 1.53344, -5.54636, -4.95955, 0.16525, -2.25428, -2.64935, -5.49867, -0.42187, -0.73187, 4.54792, 1.90325, -6.54021]"
43,sub11,mae,1,sub11-b2__0019__walk.npy,20,walk,20,0.8434877,1,"[-1.09077, -3.5835, -1.16209, -5.91382, -5.9397, 0.20937, 5.60731, 2.86151, -1.85517, 7.39505, -0.2537, -0.11784, 2.27377, -2.76044, -2.89321, -0.56266, -1.86401, 0.2278, -2.02066, -4.79993, 9.25149, -5.34908]"
43,sub11,mae,1,sub11-b2__0020__turnaround.npy,19,turnaround,9,0.385051,0,"[0.93327, -3.18063, 1.23806, -4.90121, -2.91828, -1.40361, 5.86406, -0.87227, -2.85129, 5.96386, 0.07251, -4.69706, -2.36192, -3.29654, -5.46924, 0.50152, -4.59618, 0.10406, -2.31206, 3.16109, 5.4586, -4.92094]"
43,sub11,mae,1,sub11-b2__0021__hop.npy,9,hop,9,0.9817883,1,"[0.80427, -2.45314, 0.55811, -4.33984, 0.15124, -1.88523, 4.48111, -0.00159, -2.67203, 9.55053, 2.74618, -5.90047, -3.86018, -0.38765, -8.92367, -1.53535, -1.29919, -0.27607, -4.02025, -0.88265, 4.99649, -4.99522]"
43,sub11,mae,1,sub11-b2__0022__hop.npy,9,hop,9,0.9909526,1,"[0.25499, -1.7403, -0.49117, -3.47677, 1.38466, -1.24268, 4.42712, 0.20455, -2.82877, 9.93371, 2.8345, -6.40778, -4.50713, 0.58749, -8.38344, -2.05432, -0.10843, -0.61362, -3.56578, -1.22556, 4.3322, -5.95133]"
43,sub11,mae,1,sub11-b2__0023__hop.npy,9,hop,9,0.98896575,1,"[0.91009, -2.03308, 0.08831, -3.81363, 1.02958, -2.01422, 3.9576, 0.0914, -2.36815, 9.62106, 2.69207, -6.23291, -4.4029, -0.23249, -8.96816, -1.35116, -0.90328, -0.25119, -4.05425, -1.36038, 4.50829, -5.26294]"
43,sub11,mae,1,sub11-b2__0024__hop.npy,9,hop,9,0.9949405,1,"[0.55785, -1.85961, -0.18515, -3.86352, 1.78203, -1.57592, 4.23028, -0.11643, -3.22679, 10.6665, 3.48074, -6.69757, -4.53425, 0.66917, -8.68726, -2.02278, -0.09076, -0.60574, -3.67012, -1.02886, 4.63603, -5.90582]"
43,sub11,mae,1,sub11-b2__0025__hop.npy,9,hop,9,0.9904122,1,"[0.58214, -2.17631, -0.10454, -4.07391, 1.40352, -1.33281, 4.70473, -0.06875, -3.22651, 10.08844, 2.90113, -6.21632, -4.40864, 0.18683, -8.31299, -1.76028, -0.23489, -0.36668, -3.25891, -0.89052, 4.53074, -5.86581]"
43,sub11,mae,1,sub11-b2__0026__hop.npy,9,hop,20,0.6702439,0,"[2.96566, -2.55223, 2.16792, -4.40534, -2.86871, -2.56686, 4.52898, -1.15716, -1.4217, 3.86247, 1.07251, -5.42726, -3.03382, -2.41089, -7.26021, 0.10215, -5.67127, 1.58949, -5.04553, 0.49692, 5.90213, -2.55212]"
43,sub11,mae,1,sub11-b2__0027__hop.npy,9,hop,20,0.60939956,0,"[2.86953, -2.30415, 1.93468, -4.18006, -2.18418, -2.33488, 4.52149, -1.21206, -1.69409, 4.27835, 1.30422, -5.7968, -3.53019, -1.90793, -7.36442, -0.05936, -5.3432, 1.53415, -4.9518, 0.54416, 5.74651, -2.98232]"
43,sub11,mae,1,sub11-b2__0028__hop.npy,9,hop,20,0.60946256,0,"[2.94372, -2.16191, 1.9874, -4.1466, -2.30948, -2.54885, 4.41985, -1.33673, -1.56196, 4.09622, 1.38705, -5.75235, -3.4557, -1.97854, -7.19547, -0.18875, -5.42518, 1.44167, -4.98268, 0.57942, 5.64546, -2.86572]"
43,sub11,mae,1,sub11-b2__0029__hop.npy,9,hop,20,0.6167748,0,"[2.91889, -2.22714, 2.16702, -4.1498, -2.47967, -2.59458, 4.41448, -1.38667, -1.55048, 4.0057, 1.32814, -5.69791, -3.32653, -2.03785, -7.22502, -0.14743, -5.50596, 1.32445, -5.06158, 0.62177, 5.64665, -2.754]"
43,sub11,mae,1,sub11-b2__0030__hop.npy,9,hop,20,0.5913783,0,"[3.03046, -2.01403, 2.08001, -3.94121, -2.49478, -2.60321, 4.31527, -1.41823, -1.48662, 3.6639, 1.24777, -5.5901, -3.38248, -1.84745, -7.15413, -0.21824, -5.55939, 1.30267, -5.16214, 0.4503, 5.40104, -2.69427]"
43,sub11,mae,1,sub11-b2__0031__runonspot.npy,13,runonspot,13,0.82736015,1,"[-0.18187, 3.75677, -3.48223, 3.42043, 7.50139, 1.17155, 1.7638, -0.905, -3.66726, 5.28097, 1.38626, -7.06171, -8.6476, 9.21889, -5.5567, -3.5628, 2.22631, -2.05355, -4.85636, -3.62309, -1.45429, -9.16956]"
43,sub11,mae,1,sub11-b2__0032__runonspot.npy,13,runonspot,13,0.9488406,1,"[0.07726, 3.60739, -2.27226, 2.93032, 4.74633, 0.74622, 1.58392, -0.87651, -2.8718, 3.83825, 0.90986, -7.08524, -7.14329, 8.36048, -7.60886, -3.05346, -0.14516, -1.69212, -6.10227, -3.31668, 0.01577, -7.21061]"
43,sub11,mae,1,sub11-b2__0033__runonspot.npy,13,runonspot,13,0.94461244,1,"[0.20942, 3.16011, -1.84873, 2.41454, 3.96972, 0.4801, 1.82565, -0.73522, -2.67209, 3.84669, 0.95081, -6.79679, -6.98639, 7.84356, -7.87503, -2.75862, -0.79745, -1.41544, -6.12043, -3.24244, 0.56562, -6.73115]"
43,sub11,mae,1,sub11-b2__0034__runonspot.npy,13,runonspot,13,0.9511819,1,"[0.3129, 4.02691, -2.10242, 3.39001, 4.5733, 0.38, 1.54027, -1.22912, -2.42342, 2.73673, 1.00886, -6.91435, -7.64353, 8.31773, -6.8197, -3.17907, -0.74036, -1.36966, -6.00287, -3.21928, -0.51203, -6.95153]"
43,sub11,mae,1,sub11-b2__0035__runonspot.npy,13,runonspot,13,0.9288643,1,"[0.53386, 2.7965, -1.89491, 2.40193, 4.83944, 0.72899, 2.08967, -0.83487, -3.42574, 4.08141, 0.69852, -6.87482, -7.56026, 8.00787, -7.58192, -2.37562, -0.484, -1.45512, -5.78598, -3.14415, 0.44227, -7.31954]"
43,sub11,mae,1,sub11-b2__0036__buttkicks.npy,4,buttkicks,9,0.9642211,0,"[1.9052, -0.59432, -1.20279, -2.06102, 6.17599, -1.64254, 3.13013, -1.79789, -4.17324, 9.60799, 3.13374, -7.25358, -6.81864, 1.83402, -4.57639, -1.954, 1.62296, -1.19379, -3.12386, -0.76284, 1.60937, -7.85241]"
43,sub11,mae,1,sub11-b2__0037__buttkicks.npy,4,buttkicks,9,0.9295976,0,"[2.04158, -0.38433, -1.46472, -2.02073, 6.26898, -1.28487, 3.03395, -2.00374, -4.19606, 8.97201, 3.1549, -7.4388, -6.76448, 1.59451, -3.48108, -2.05243, 1.6237, -0.99978, -3.07514, -0.21618, 1.39213, -8.11605]"
43,sub11,mae,1,sub11-b2__0038__buttkicks.npy,4,buttkicks,9,0.9590136,0,"[1.90917, -0.37642, -1.31761, -2.20251, 5.95542, -1.46357, 3.11808, -1.84558, -4.0391, 9.28724, 3.3566, -7.78177, -6.66568, 1.64584, -4.57212, -1.95803, 1.21717, -0.98097, -2.91578, -0.19277, 1.82763, -7.70418]"
43,sub11,mae,1,sub11-b2__0039__buttkicks.npy,4,buttkicks,9,0.92623085,0,"[1.78474, -0.28458, -1.88976, -1.88859, 6.63427, -0.97621, 3.34617, -1.86835, -4.37385, 9.25832, 2.97041, -7.25969, -6.96788, 1.71062, -2.86905, -2.29712, 2.29461, -1.19825, -2.69793, -0.30822, 0.99138, -8.66994]"
43,sub11,mae,1,sub11-b2__0040__buttkicks.npy,4,buttkicks,9,0.9325761,0,"[1.98756, -0.52386, -1.65292, -2.07459, 6.73731, -1.26335, 3.16997, -1.68616, -4.24535, 9.44023, 2.76082, -7.69461, -6.86571, 1.83116, -4.64237, -1.64167, 1.56413, -0.8997, -2.91987, -0.59002, 1.79433, -8.18518]"
43,sub11,mae,1,sub11-b2__0041__airkick.npy,0,airkick,9,0.24034853,0,"[3.59801, 0.56793, 1.26825, -1.2628, 1.69112, -2.68904, 2.87654, -3.08747, -3.22901, 3.68853, 2.71436, -5.49188, -6.40434, 3.53858, -6.27834, -1.92958, -3.76505, -0.45204, -6.52358, -0.98588, 2.32311, -4.24428]"
43,sub11,mae,1,sub11-b2__0042__airkick.npy,0,airkick,13,0.23873083,0,"[3.46084, 1.24821, 1.23341, -0.58123, 1.20486, -2.62095, 3.40087, -3.202, -3.03891, 2.6014, 2.82934, -5.16512, -6.75975, 3.53027, -4.9384, -2.59093, -3.87068, -0.50154, -5.82929, -0.94523, 1.50361, -4.22833]"
43,sub11,mae,1,sub11-b2__0043__airkick.npy,0,airkick,13,0.4546278,0,"[3.24561, 1.75212, 1.3513, 0.23604, 1.00293, -2.87647, 3.61968, -3.67965, -2.98233, 1.41104, 3.00072, -4.73452, -7.02009, 4.46264, -3.42287, -3.07392, -4.10438, -0.60411, -5.79602, -1.02834, 0.71157, -4.03983]"
43,sub11,mae,1,sub11-b2__0044__airkick.npy,0,airkick,6,0.57502234,0,"[4.08031, 0.57485, 1.72082, -1.24596, -0.22204, -2.11134, 4.84942, -2.73188, -2.80827, 1.36309, 1.15244, -5.32951, -6.23897, 0.52987, -3.87418, -1.45206, -4.92859, 0.91903, -5.11231, 0.02985, 2.63123, -4.32475]"
43,sub11,mae,1,sub11-b2__0045__airkick.npy,0,airkick,6,0.476936,0,"[4.18151, 1.22434, 1.36586, -0.78745, 0.24999, -2.20659, 4.51062, -3.07775, -3.06825, 1.43501, 1.85199, -5.47017, -6.55619, 1.50281, -3.62234, -2.05664, -4.6294, 0.24963, -5.17844, -0.06152, 2.02476, -4.61337]"
43,sub11,mae,1,sub11-b2__0046__airkick.npy,0,airkick,0,0.4536446,1,"[4.33288, 0.70676, 1.74892, -0.98824, 0.34567, -2.58868, 3.99717, -3.1919, -2.95874, 1.44083, 1.77047, -5.22828, -6.48077, 1.73537, -4.29093, -1.53068, -4.9075, 0.49493, -5.86587, -0.44221, 2.22338, -4.02448]"
43,sub11,mae,1,sub11-b2__0047__sidekick.npy,14,sidekick,6,0.60724205,0,"[3.68838, -0.94112, 2.52679, -2.66548, -2.65092, -2.86916, 4.86624, -2.93137, -2.20095, 1.4534, 0.82394, -3.93215, -3.93905, -1.41849, -2.84095, -1.50711, -5.26778, 0.47097, -5.69301, 0.68823, 2.99474, -3.47722]"
43,sub11,mae,1,sub11-b2__0048__sidekick.npy,14,sidekick,6,0.4607826,0,"[3.85106, -0.94435, 2.52056, -2.61505, -2.81205, -3.24591, 4.30167, -2.64202, -1.32377, 1.18118, 0.36274, -3.87829, -3.78567, -2.12252, -3.28389, -1.04968, -5.5103, 0.71477, -5.94392, 0.34078, 2.84868, -3.11562]"
43,sub11,mae,1,sub11-b2__0049__sidekick.npy,14,sidekick,6,0.38421074,0,"[4.10971, -1.40191, 2.96718, -2.89238, -3.25409, -3.67328, 4.20432, -2.84144, -1.24911, 1.03462, 0.08761, -3.61446, -3.4844, -2.46992, -3.70471, -0.73605, -6.05619, 0.6449, -6.16517, 0.56106, 2.88961, -2.71163]"
43,sub11,mae,1,sub11-b2__0050__sidekick.npy,14,sidekick,6,0.43938282,0,"[4.08157, -1.46319, 2.79641, -2.8768, -2.85889, -3.26856, 4.40816, -2.8411, -1.83329, 1.37964, 0.35356, -3.76147, -3.7077, -2.17899, -3.33293, -0.89912, -5.64807, 0.53465, -5.89363, 0.69667, 2.93319, -3.17377]"
43,sub11,mae,1,sub11-b2__0051__sidekick.npy,14,sidekick,6,0.4941376,0,"[3.7777, -0.87907, 1.94733, -2.46033, -1.93532, -2.83705, 4.40404, -2.74514, -1.76145, 1.47001, 0.48749, -4.68716, -4.08453, -1.52074, -3.39092, -1.06806, -5.1235, 0.83733, -5.53175, 0.74643, 3.04406, -3.30892]"
43,sub11,mae,1,sub11-b2__0052__crosstoe.npy,6,crosstoe,6,0.99605656,1,"[0.50168, -3.35899, 2.93619, -4.36462, -6.87687, -1.54401, 9.56778, -0.25414, -3.50793, 2.14505, -1.75052, 0.18481, -1.6756, -2.40453, -5.09474, -1.12358, -5.74207, -0.79294, -2.15489, 0.67352, 3.089, -3.81614]"
43,sub11,mae,1,sub11-b2__0053__crosstoe.npy,6,crosstoe,6,0.9958047,1,"[1.82993, -2.50088, 2.10821, -3.17569, -5.59678, -1.24328, 8.73864, -0.12848, -3.15957, 0.60484, -2.56703, 0.85992, -3.39123, -2.13566, -3.72269, -0.44004, -5.67665, 0.22132, -2.27342, -0.9743, 1.29595, -5.23729]"
43,sub11,mae,1,sub11-b2__0054__crosstoe.npy,6,crosstoe,6,0.99505436,1,"[1.97567, -2.61212, 2.33618, -3.46343, -6.12329, -1.44142, 8.68795, -0.59379, -3.26303, 0.42358, -2.66367, 1.46981, -3.04446, -2.26723, -3.75097, -0.56655, -5.96628, -0.20521, -2.1807, -0.83805, 1.0766, -4.95938]"
43,sub11,mae,1,sub11-b2__0055__crosstoe.npy,6,crosstoe,6,0.99352247,1,"[1.86377, -3.00672, 2.26301, -3.88967, -6.83068, -1.69277, 8.58522, -0.06913, -2.49369, 0.65404, -2.65402, 0.94108, -2.37487, -3.04887, -4.35473, -0.23697, -6.18137, 0.19082, -2.66559, -0.95852, 2.34029, -4.21202]"
43,sub11,mae,1,sub11-b2__0057__crosstoe.npy,6,crosstoe,6,0.99496526,1,"[1.80563, -3.00561, 2.22761, -3.47837, -7.00523, -1.78789, 8.84907, -0.30932, -3.37534, 0.65509, -2.58127, 2.51528, -2.73713, -2.33568, -3.69132, -0.82311, -5.77505, -0.49501, -2.06375, -1.71304, 1.08481, -5.19254]"
43,sub11,mae,1,sub11-b2__0058__throw.npy,18,throw,20,0.6943376,0,"[3.49114, -3.98083, 3.18019, -4.6062, -4.00796, -3.74999, 3.14135, -1.65993, -0.03416, 1.62957, -1.85768, -4.50945, -2.45022, -3.32093, -8.91196, 3.32771, -7.58544, 1.18068, -4.17773, 2.15861, 5.66781, -0.03379]"
43,sub11,mae,1,sub11-b2__0059__throw.npy,18,throw,20,0.9921469,0,"[2.4205, -7.87077, 2.5816, -4.4003, -7.53264, -1.80947, 2.9075, 1.73039, -1.59366, 3.73136, -2.52787, -1.68353, -0.17018, -3.05479, -9.4812, 2.71965, -4.8043, 2.14069, -4.04945, -3.05915, 9.61173, 1.02828]"
43,sub11,mae,1,sub11-b2__0060__throw.npy,18,throw,20,0.9792139,0,"[2.42665, -8.54463, 2.10935, -4.20978, -6.84242, -1.40189, 3.10044, 2.43608, -2.09421, 4.07208, -3.021, -1.22044, -0.80688, -3.15143, -9.34169, 3.65983, -4.65011, 2.4965, -2.85068, -3.5329, 8.95836, -0.21993]"
43,sub11,mae,1,sub11-b2__0061__throw.npy,18,throw,20,0.9872399,0,"[2.68222, -7.84381, 2.27379, -4.10678, -6.52479, -1.51394, 2.61595, 1.78675, -2.175, 4.25361, -2.23805, -2.13234, -0.85194, -2.78732, -9.54959, 3.2167, -4.65122, 2.01981, -3.63541, -2.8539, 9.35392, 0.2017]"
43,sub11,mae,1,sub11-b2__0062__throw.npy,18,throw,20,0.988893,0,"[2.63435, -7.76556, 2.31506, -4.92254, -6.72446, -2.31749, 2.76014, 1.5136, -1.13401, 4.13958, -2.19794, -2.16317, -0.27963, -3.7256, -9.46496, 3.27045, -4.77102, 2.35514, -3.2589, -2.64127, 9.48683, 0.91331]"
43,sub11,mae,1,sub11-b2__0063__throw.npy,18,throw,20,0.9704264,0,"[2.05516, -8.69614, 1.50927, -4.30548, -6.41965, -1.41361, 3.2344, 3.06299, -2.11423, 5.03294, -2.79295, -1.58014, -0.68168, -3.15317, -9.65132, 3.49475, -4.00745, 2.43388, -2.08134, -3.68566, 9.04668, -0.62325]"
43,sub11,mae,1,sub11-b2__0064__walk.npy,20,walk,20,0.8818161,1,"[1.13174, -6.73466, 0.54386, -4.35601, -5.15284, -1.44256, 2.40455, 2.88097, -2.48179, 8.11388, -0.43047, -2.9256, 0.03142, -1.59736, -11.54992, 1.59184, -1.66541, -0.11206, -3.70438, -3.93229, 10.13625, -0.91572]"
43,sub11,mae,1,sub11-b2__0065__turnaround.npy,19,turnaround,20,0.49294078,0,"[2.16057, -6.57602, 4.85262, -5.39375, -3.0751, -0.35659, 1.51289, 0.24227, -0.88447, 2.84865, -5.8836, -1.3559, -1.56335, -4.83904, -10.14888, 7.46957, -6.466, 5.25395, -5.0509, -1.26949, 7.62482, -1.91124]"
43,sub11,mae,1,sub11-b2__0066__walk.npy,20,walk,20,0.5223922,1,"[-2.90467, -8.33432, 3.52605, -7.0953, -6.28948, 2.82211, 3.14425, 3.92139, 0.60852, 4.81757, -8.20434, 3.38537, 2.63367, -7.52405, -8.04981, 7.474, -3.69911, 5.70914, -4.59826, -4.39483, 7.85469, -3.98899]"
43,sub11,mae,1,sub11-b2__0067__turnaround.npy,19,turnaround,20,0.71664256,0,"[1.42731, -4.85115, 3.49727, -6.32059, -3.61685, -1.45395, 2.52932, -1.31641, -1.27855, 5.93451, -0.90809, -3.12499, -0.59847, -4.80003, -7.13709, 3.22226, -5.16141, 0.08637, -5.16453, 2.89229, 7.0884, -3.12046]"
43,sub11,mae,1,sub11-b2__0068__walk.npy,20,walk,20,0.8665957,1,"[1.19165, -6.3127, 0.41844, -3.87022, -4.54786, -1.04506, 2.5269, 2.66743, -2.56434, 7.57916, -0.60279, -3.08829, -0.57813, -1.41, -10.87403, 1.56667, -1.53784, 0.12777, -3.32164, -3.63824, 9.47061, -1.39983]"
43,sub11,mae,1,sub11-b2__0069__turnaround.npy,19,turnaround,20,0.5196901,0,"[1.17591, -6.48507, 4.5372, -5.36673, -4.11987, 0.24261, 1.99435, 1.15183, -0.01715, 2.71021, -6.05248, -0.53485, -1.2168, -5.63421, -9.34649, 7.08028, -6.15352, 5.6436, -4.47607, -1.78245, 7.45434, -2.22738]"
43,sub11,mae,1,sub11-b2__0070__walk.npy,20,walk,20,0.5139876,1,"[-2.61703, -7.73563, 3.51556, -6.74715, -6.19588, 2.63851, 2.98204, 3.39025, 0.81286, 4.38121, -7.64381, 3.14168, 2.23494, -7.33038, -7.32624, 6.92903, -3.90361, 5.84467, -4.74777, -3.96776, 7.42035, -3.97972]"
43,sub11,mae,1,sub11-b2__0071__turnaround.npy,19,turnaround,20,0.62648416,0,"[1.27762, -4.20004, 2.98251, -6.15928, -3.44905, -1.58427, 2.80393, -1.35047, -0.9463, 5.9224, -0.63583, -3.2751, -0.5718, -4.76249, -6.52803, 2.51379, -4.77706, -0.22931, -4.99633, 3.12925, 6.62915, -3.46849]"
43,sub11,mae,1,sub11-b2__0072__walk.npy,20,walk,20,0.86622214,1,"[1.20126, -6.50199, 0.58269, -4.11607, -4.77284, -1.35488, 2.40953, 2.64482, -2.61128, 7.84213, -0.42207, -2.9279, -0.25601, -1.37775, -11.17418, 1.47346, -1.54293, -0.09735, -3.6269, -3.81559, 9.72501, -1.13011]"
43,sub11,mae,1,sub11-b2__0073__turnaround.npy,19,turnaround,20,0.584059,0,"[2.37459, -5.95116, 4.5534, -4.38854, -3.36022, -0.47203, 1.73578, 0.50246, -0.72625, 2.18863, -5.19116, -1.85603, -2.48268, -4.40784, -9.93484, 6.8964, -6.57864, 4.93959, -4.05637, -1.2855, 7.47219, -1.55457]"
43,sub11,mae,1,sub11-b2__0074__walk.npy,20,walk,20,0.528348,1,"[-2.85008, -7.88784, 3.39175, -6.9358, -6.13057, 2.91045, 3.10734, 3.71315, 0.69524, 4.82236, -7.81169, 3.17607, 2.41405, -7.45351, -7.55891, 7.05774, -3.61572, 5.66469, -4.65267, -4.08034, 7.56549, -4.27463]"
43,sub11,mae,1,sub11-b2__0075__turnaround.npy,19,turnaround,20,0.66261363,0,"[1.25814, -3.83708, 2.91573, -6.18544, -3.25451, -1.41438, 2.67939, -1.22108, -0.70729, 5.86577, -0.83638, -3.31999, -0.74146, -4.66475, -7.10115, 2.87126, -4.88574, 0.0714, -5.22645, 2.88563, 6.7342, -3.67806]"
43,sub11,mae,1,sub11-b2__0076__walk.npy,20,walk,20,0.8355895,1,"[1.40601, -5.99717, 0.43303, -3.75429, -4.31238, -1.20593, 2.45155, 2.2667, -2.51898, 7.34157, -0.39449, -3.09033, -0.84507, -1.25814, -10.3668, 1.278, -1.57482, 0.06802, -3.22682, -3.26371, 8.98907, -1.46241]"
43,sub11,mae,1,sub11-b2__0077__turnaround.npy,19,turnaround,20,0.4902833,0,"[1.05684, -6.57953, 4.67623, -5.5114, -4.26224, 0.31543, 2.0492, 1.04173, -0.02772, 2.63396, -6.29971, -0.15, -1.01953, -5.68508, -9.25811, 7.11421, -6.1314, 5.76687, -4.81046, -1.98697, 7.39211, -2.27082]"
43,sub11,mae,1,sub11-b2__0078__walk.npy,20,walk,20,0.55183786,1,"[-2.66866, -8.07183, 3.6575, -6.97532, -6.36358, 2.49852, 3.04302, 3.60171, 0.84298, 4.55865, -7.73321, 3.12416, 2.49434, -7.52747, -7.69886, 7.2248, -3.99266, 5.80318, -4.93076, -4.13183, 7.7815, -3.78885]"
43,sub11,mae,1,sub11-b2__0079__turnaround.npy,19,turnaround,20,0.5621049,0,"[1.23846, -3.71345, 1.74317, -5.79819, -3.01858, -1.72405, 2.6958, -0.85904, -0.6375, 6.47721, -0.07971, -4.11819, -0.76392, -4.08271, -7.12567, 1.98842, -4.14505, -0.3181, -4.55623, 2.7324, 6.80111, -3.58128]"
43,sub11,mae,1,sub11-b2__0081__turnaround.npy,19,turnaround,20,0.4864238,0,"[0.37621, -6.07958, 4.43964, -5.25554, -4.60183, 0.513, 2.17797, 1.34295, 0.64281, 2.65275, -5.95079, -0.03485, -0.96474, -5.99068, -8.46268, 6.46621, -5.7039, 5.71383, -4.29724, -1.98648, 6.91576, -2.44663]"
43,sub11,mae,1,sub11-b2__0082__walk.npy,20,walk,20,0.55697435,1,"[-2.66987, -8.00618, 3.49427, -7.01606, -6.10782, 2.69605, 3.13283, 3.6184, 0.60268, 4.88057, -7.69913, 3.0567, 2.36229, -7.37554, -7.76311, 7.13376, -3.79231, 5.66249, -4.95605, -4.10595, 7.73271, -4.18302]"
43,sub11,mae,1,sub11-b2__0083__turnaround.npy,19,turnaround,20,0.6451492,0,"[1.22598, -3.97514, 2.26015, -5.97503, -3.39383, -1.60082, 2.81793, -0.88615, -0.65903, 6.11238, -0.49694, -3.54947, -0.60931, -4.48568, -6.86846, 2.30121, -4.38442, -0.07006, -4.86284, 2.5982, 6.82814, -3.44553]"
43,sub11,mae,1,sub11-b2__0084__hop.npy,9,hop,20,0.85752535,0,"[1.60242, -6.34876, 1.06517, -3.68678, -4.24653, -1.59648, 2.26831, 2.01783, -3.23361, 7.73965, -0.29626, -3.4031, -0.78121, -0.87879, -11.20703, 1.40824, -1.90258, -0.32776, -3.4932, -3.02308, 9.54853, -1.02161]"
43,sub11,mae,1,sub11-b2__0085__hop.npy,9,hop,9,0.856123,1,"[0.26042, -5.89809, 0.17437, -3.87257, -2.39446, -1.01198, 2.21726, 2.28179, -3.321, 10.70142, 1.13667, -3.92127, -1.16163, -0.18398, -11.29821, 0.2876, 0.70063, -0.87815, -2.6149, -3.16875, 8.9139, -2.11714]"
43,sub11,mae,1,sub11-b2__0087__hop.npy,9,hop,9,0.93573827,1,"[0.01581, -6.01061, -0.36489, -3.86089, -1.88511, -1.03559, 2.12926, 2.49192, -3.47646, 11.61288, 1.37699, -4.24066, -1.05411, -0.03228, -11.51758, 0.04197, 1.40846, -1.07595, -2.47349, -3.33775, 8.93005, -2.37097]"
43,sub11,mae,1,sub11-b2__0088__hop.npy,9,hop,9,0.97967315,1,"[-0.41944, -5.64786, -0.56629, -3.59054, -1.23068, -0.7319, 2.17605, 2.53558, -3.49003, 12.13026, 1.64247, -4.06073, -1.44416, 0.27737, -10.90476, -0.3842, 2.38417, -1.30842, -2.19792, -3.48561, 8.24395, -2.99582]"
43,sub11,mae,1,sub11-b2__0089__hop.npy,9,hop,9,0.9063774,1,"[0.10412, -5.92085, 0.2166, -3.97687, -2.24919, -1.24011, 2.08346, 2.26384, -3.23928, 11.01302, 1.05478, -3.76028, -0.90768, -0.19729, -11.48175, 0.19046, 0.9891, -1.03725, -2.52455, -3.24195, 8.73818, -2.00212]"
43,sub11,mae,1,sub11-b2__0090__jump.npy,10,jump,20,0.9677037,0,"[2.39311, -6.04767, 1.40765, -3.56528, -4.42147, -1.56277, 2.20946, 1.41213, -2.59707, 5.63518, -0.91372, -3.29234, -1.16626, -1.28816, -10.32676, 2.08183, -2.972, 0.60894, -3.47551, -2.72561, 9.16918, -0.56564]"
43,sub11,mae,1,sub11-b2__0091__jump.npy,10,jump,20,0.9515757,0,"[2.44034, -5.799, 1.41309, -3.48641, -3.98099, -1.75751, 2.1004, 1.25023, -2.59467, 5.91043, -0.55245, -3.52424, -1.6102, -0.98577, -10.51241, 1.96745, -2.99053, 0.51921, -3.40826, -2.60685, 8.98716, -0.66581]"
43,sub11,mae,1,sub11-b2__0092__jump.npy,10,jump,20,0.9295116,0,"[2.39167, -5.73145, 1.33095, -3.37157, -3.85607, -1.81673, 2.00667, 1.07165, -2.83728, 6.25255, -0.03427, -3.64421, -1.61668, -0.73752, -10.23204, 1.48629, -2.6941, 0.21623, -3.48249, -2.4599, 8.89398, -0.75505]"
43,sub11,mae,1,sub11-b2__0093__jump.npy,10,jump,20,0.9420573,0,"[2.37358, -5.84734, 1.3118, -3.45791, -4.07132, -1.65626, 2.19418, 1.22937, -2.78484, 6.01057, -0.35651, -3.42122, -1.49952, -0.92178, -10.14468, 1.66367, -2.76131, 0.37398, -3.32889, -2.50736, 8.8835, -0.78153]"
43,sub11,mae,1,sub11-b2__0094__jump.npy,10,jump,20,0.95088404,0,"[2.38807, -5.84727, 1.457, -3.54375, -4.04009, -1.71856, 2.12894, 1.15089, -2.6076, 5.8629, -0.48997, -3.4596, -1.49272, -1.03993, -10.25557, 1.87162, -2.91679, 0.54425, -3.39232, -2.49296, 8.92665, -0.63145]"
43,sub11,mae,1,sub11-b2__0095__jump.npy,10,jump,20,0.9466335,0,"[2.60408, -5.92536, 1.60064, -3.68483, -4.10202, -1.93957, 1.97828, 0.99028, -2.7995, 5.9717, -0.30043, -3.39415, -1.43932, -0.96332, -10.43162, 1.90564, -3.12977, 0.33481, -3.52818, -2.39128, 8.94199, -0.56077]"
43,sub11,mae,1,sub11-b2__0096__runonspot.npy,13,runonspot,9,0.6534469,0,"[-0.63362, -2.77131, -3.21186, 1.1027, 0.67242, 6.12702, 1.47691, 4.3976, -5.77598, 7.69461, -1.43609, -3.73116, -3.90839, 6.09044, -9.27927, 0.01093, 3.02341, -0.9817, -3.29143, -5.85397, 5.02191, -7.93129]"
43,sub11,mae,1,sub11-b2__0097__runonspot.npy,13,runonspot,9,0.858294,0,"[0.41272, -3.85814, -1.13766, 0.12891, -0.64088, 0.62962, 1.45879, 2.27369, -4.88391, 8.21922, 1.22459, -3.68826, -3.91767, 5.21519, -9.24982, -1.05099, 0.8393, -1.94591, -3.90709, -4.44388, 5.99901, -4.36242]"
43,sub11,mae,1,sub11-b2__0098__runonspot.npy,13,runonspot,9,0.8113962,0,"[0.48093, -2.98857, -1.56279, 0.65825, -0.31908, 0.77916, 1.26113, 2.30799, -4.59242, 7.91896, 1.40503, -4.13554, -4.26075, 5.68103, -9.48879, -1.45522, 0.83327, -1.91694, -3.7626, -4.43058, 5.76385, -4.54871]"
43,sub11,mae,1,sub11-b2__0099__runonspot.npy,13,runonspot,9,0.8885009,0,"[0.0967, -3.32965, -1.86401, 0.89803, 0.45293, 1.46859, 1.57028, 2.7969, -4.81093, 8.20653, 1.05512, -3.40896, -4.96857, 5.70953, -8.41292, -1.24181, 1.73733, -1.74548, -3.32495, -4.97975, 4.77233, -5.7507]"
43,sub11,mae,1,sub11-b2__0100__runonspot.npy,13,runonspot,9,0.7877324,0,"[0.47226, -3.98201, -0.72524, -0.57543, -1.18161, 0.41638, 1.52849, 2.34626, -4.42537, 8.13809, 0.87954, -3.63344, -3.3148, 4.18767, -10.04018, -0.5313, 0.38385, -1.65736, -3.87848, -4.31336, 6.72384, -3.85903]"
43,sub11,mae,1,sub11-b2__0101__runonspot.npy,13,runonspot,9,0.8876169,0,"[0.00305, -2.99263, -1.9006, 0.51382, -0.28397, 1.18429, 1.42268, 2.59396, -4.61873, 8.52389, 1.23952, -4.17832, -3.79857, 5.52448, -9.46274, -1.68595, 1.59924, -2.1029, -3.58779, -4.48182, 5.8674, -4.81453]"
43,sub11,mae,1,sub11-b2__0102__buttkicks.npy,4,buttkicks,9,0.9702057,0,"[1.021, -3.58525, -1.40859, -1.07736, 2.66984, -0.7479, 1.00787, 1.09582, -3.28075, 9.03298, 0.2816, -4.98673, -4.03446, 1.2275, -7.36158, 0.12562, 3.03154, -0.95757, -2.03611, -3.37315, 5.32752, -4.39125]"
43,sub11,mae,1,sub11-b2__0103__buttkicks.npy,4,buttkicks,9,0.9506762,0,"[1.07456, -4.08976, -0.92742, -1.70805, 1.58641, -0.9404, 1.0154, 1.15707, -3.14866, 9.00433, 0.49029, -4.66725, -3.38813, 0.73793, -7.89371, 0.29908, 2.36278, -0.90356, -2.21303, -3.21731, 5.96906, -3.82993]"
43,sub11,mae,1,sub11-b2__0104__buttkicks.npy,4,buttkicks,9,0.94381493,0,"[1.32259, -3.8152, -1.01507, -1.44725, 1.98891, -1.01076, 0.8552, 0.9673, -3.09034, 8.60456, 0.2936, -4.85452, -3.64101, 0.76307, -7.56621, 0.40174, 2.36401, -0.75061, -2.24814, -3.18604, 5.67491, -3.86277]"
43,sub11,mae,1,sub11-b2__0105__buttkicks.npy,4,buttkicks,9,0.93929225,0,"[1.43238, -3.84167, -1.63287, -1.56138, 2.11127, -0.58447, 1.01489, 1.3073, -3.18158, 8.75533, 0.08947, -5.02471, -3.45957, 0.57715, -7.56844, 0.49783, 2.62268, -0.71659, -2.12869, -3.22956, 5.91654, -4.16452]"
43,sub11,mae,1,sub11-b2__0106__buttkicks.npy,4,buttkicks,9,0.9787553,0,"[0.91017, -3.96231, -1.58804, -1.62053, 2.28107, -0.51821, 0.87233, 1.26217, -3.28343, 9.57104, 0.64054, -4.87786, -3.50071, 0.72674, -7.07823, -0.06286, 3.36473, -0.88735, -2.12286, -3.20597, 5.55153, -4.48879]"
43,sub11,mae,1,sub11-b2__0107__airkick.npy,0,airkick,20,0.7576642,0,"[2.9601, -4.58724, 1.32633, -1.74284, -1.68899, -1.29855, 1.41609, 0.69857, -3.58664, 5.52073, -0.29012, -3.1074, -3.84251, 1.51738, -9.57354, 1.187, -2.16407, 0.08553, -4.23579, -3.09234, 6.80893, -1.91394]"
43,sub11,mae,1,sub11-b2__0108__airkick.npy,0,airkick,20,0.78755015,0,"[2.49218, -5.54408, 1.85636, -2.14437, -3.25349, -1.56754, 1.74665, 0.82444, -3.272, 5.32538, 0.30875, -1.98788, -3.11532, 1.00455, -8.45333, 0.73819, -2.37997, 0.18926, -4.17551, -3.2192, 6.79293, -0.97052]"
43,sub11,mae,1,sub11-b2__0109__airkick.npy,0,airkick,20,0.5015525,0,"[1.72797, -6.17822, 1.11408, -0.83076, -2.9351, 0.9295, 2.55123, 2.81913, -4.52602, 5.57045, -0.92409, -0.90894, -4.45236, 1.86557, -8.00587, 1.3804, -1.75306, 0.50766, -3.73881, -4.43431, 5.76508, -3.75856]"
43,sub11,mae,1,sub11-b2__0110__airkick.npy,0,airkick,20,0.92206097,0,"[2.85436, -6.16298, 2.69847, -2.88081, -4.30799, -2.06231, 1.87372, 0.58809, -2.79183, 4.40375, -0.14409, -1.5733, -2.66162, 0.20679, -8.80559, 1.74808, -3.73087, 1.03603, -4.61025, -3.27036, 7.37299, 0.04136]"
43,sub11,mae,1,sub11-b2__0111__airkick.npy,0,airkick,9,0.49727497,0,"[1.56617, -6.60583, 1.19141, -1.15469, -3.29169, 1.4367, 2.95784, 3.01418, -4.79156, 5.82811, -0.73734, -0.12105, -4.56918, 1.69225, -7.36813, 1.54678, -1.68522, 0.75303, -3.62308, -4.8448, 5.6251, -4.3672]"
43,sub11,mae,1,sub11-b2__0112__sidekick.npy,14,sidekick,9,0.464676,0,"[1.90909, -2.87315, -0.90721, 0.29185, -2.05893, 0.20415, 2.16427, 1.37879, -4.40612, 5.46205, 0.90704, -2.72297, -3.96449, 4.22413, -6.90885, -1.82223, -0.37595, -1.52429, -4.11105, -3.89657, 5.17507, -4.02122]"
43,sub11,mae,1,sub11-b2__0113__sidekick.npy,14,sidekick,20,0.8643603,0,"[3.18144, -4.55888, 0.54069, -2.28184, -3.70261, -1.64232, 2.63713, 0.54, -3.22852, 4.96561, -0.08319, -2.96129, -2.19678, -0.33748, -7.27504, 0.09438, -2.17586, -0.29489, -3.23927, -2.20003, 7.09538, -1.88392]"
43,sub11,mae,1,sub11-b2__0114__sidekick.npy,14,sidekick,20,0.94052076,0,"[3.0035, -4.89259, 0.84251, -2.66115, -4.57807, -1.61316, 2.79057, 0.77635, -2.75659, 4.46543, -0.60208, -2.8593, -1.60916, -0.88146, -7.78808, 0.4979, -2.76469, 0.16023, -3.21928, -2.18072, 7.64955, -1.26811]"
43,sub11,mae,1,sub11-b2__0115__sidekick.npy,14,sidekick,20,0.91616136,0,"[2.79298, -4.74331, 0.51099, -2.69661, -4.13704, -1.51843, 2.74596, 0.96638, -2.75387, 5.13116, -0.34163, -3.17219, -1.67192, -0.84487, -7.9722, 0.38268, -2.27754, 0.01887, -3.08096, -2.19469, 7.73895, -1.58311]"
43,sub11,mae,1,sub11-b2__0116__sidekick.npy,14,sidekick,20,0.9398444,0,"[3.18686, -4.81773, 0.5648, -2.51522, -4.43559, -1.71462, 2.79303, 0.92499, -2.81014, 4.6099, -0.48234, -3.20471, -1.74056, -0.90064, -8.12333, 0.50811, -2.82167, 0.11336, -3.05913, -2.22867, 7.76038, -1.30779]"
43,sub11,mae,1,sub11-b2__0117__crosstoe.npy,6,crosstoe,20,0.9489292,0,"[3.31799, -9.25311, 4.729, -4.61384, -8.26858, -1.19775, 4.6532, 1.41345, -5.56566, 4.37771, -3.34623, 1.24105, -0.54239, -2.50919, -9.61398, 3.47822, -5.57321, 0.42436, -4.77774, -3.39246, 8.83082, -1.19295]"
43,sub11,mae,1,sub11-b2__0118__crosstoe.npy,6,crosstoe,20,0.79107267,0,"[4.08453, -9.72468, 6.22391, -4.7613, -8.32, -2.46658, 4.35019, -0.4561, -6.41526, 3.8421, -2.43042, 1.09267, -0.78878, -2.7067, -8.21412, 3.4758, -7.08731, -0.06474, -4.98161, -1.44129, 7.91965, -0.74403]"
43,sub11,mae,1,sub11-b2__0119__crosstoe.npy,6,crosstoe,20,0.4703447,0,"[4.40427, -9.59815, 7.01715, -4.66358, -8.31379, -2.66255, 4.71987, -1.24077, -6.99402, 3.37915, -2.64928, 1.70334, -1.28249, -2.38789, -7.45475, 3.21723, -7.49341, -0.61053, -5.37905, -0.96212, 7.10483, -1.17188]"
43,sub11,mae,1,sub11-b2__0120__crosstoe.npy,6,crosstoe,20,0.6550828,0,"[4.27614, -9.74763, 6.65521, -4.884, -8.51921, -2.74826, 4.4335, -0.90679, -6.4307, 3.51288, -2.50569, 1.5251, -0.94094, -2.6696, -7.86012, 3.34163, -7.41206, -0.21928, -5.42273, -1.29799, 7.55133, -0.49629]"
43,sub11,mae,1,sub11-b2__0121__crosstoe.npy,6,crosstoe,2,0.43646947,0,"[4.36125, -10.35439, 6.66408, -4.93309, -9.05081, -2.49996, 5.29914, -1.14467, -7.2924, 3.32869, -2.47106, 2.84041, -1.02961, -2.62708, -5.87391, 2.77391, -7.27386, -0.35858, -4.90918, -1.0907, 6.50749, -1.48163]"
43,sub11,mae,1,sub11-b2__0122__throw.npy,18,throw,20,0.96831214,0,"[3.14751, -6.37366, 1.27216, -3.08428, -4.22478, -2.00328, 2.05489, 1.52767, -1.63547, 2.98929, -3.05529, -3.44789, -1.91947, -0.99833, -11.31084, 3.72424, -4.88653, 2.31056, -2.61857, -3.11691, 8.15041, 0.48448]"
43,sub11,mae,1,sub11-b2__0123__throw.npy,18,throw,20,0.93822867,0,"[2.83424, -7.39817, 1.03807, -3.26698, -4.24149, -0.47063, 2.62405, 2.54114, -2.31885, 3.71821, -3.39402, -2.61239, -2.5364, -1.57405, -10.17447, 4.26364, -4.43457, 2.91946, -2.42347, -3.46593, 7.90618, -1.32027]"
43,sub11,mae,1,sub11-b2__0124__throw.npy,18,throw,20,0.93929315,0,"[2.96925, -7.6653, 1.42208, -3.42078, -4.37332, -0.62707, 2.63362, 2.31426, -2.59422, 4.00435, -3.42118, -2.44222, -2.41329, -1.80494, -9.96636, 4.2657, -4.43789, 2.75918, -2.42598, -3.29599, 7.99088, -1.4103]"
43,sub11,mae,1,sub11-b2__0125__throw.npy,18,throw,20,0.9628242,0,"[2.46956, -6.97541, 0.47931, -3.51364, -4.2991, -0.85681, 2.69529, 2.56797, -1.83001, 3.82836, -3.24227, -2.97321, -1.45385, -1.59442, -10.37117, 3.42035, -3.64488, 2.63531, -1.57766, -3.25925, 8.14894, -1.02149]"
43,sub11,mae,1,sub11-b2__0126__throw.npy,18,throw,20,0.9033659,0,"[2.63778, -7.74906, 0.72272, -3.51024, -4.2184, -0.44486, 2.99312, 2.8962, -2.4716, 4.25565, -3.44678, -2.16733, -2.26594, -2.00672, -9.45068, 4.0883, -3.76937, 2.98883, -1.38847, -3.65927, 7.56139, -2.289]"
43,sub11,mae,1,sub11-b2__0127__throw.npy,18,throw,20,0.9657824,0,"[1.80975, -5.90768, -0.20737, -2.10807, -4.26826, -0.52618, 2.24935, 3.3671, -1.24935, 3.25227, -3.96728, -3.46379, -1.71851, -0.30497, -11.74536, 2.91319, -3.59536, 2.20259, -2.45727, -4.16467, 7.9595, -0.50894]"
43,sub11,mae,1,sub11-c__0001__sit.npy,15,sit,15,0.995741,1,"[2.31864, -3.3328, 2.34491, -2.22093, -1.11497, -1.30509, 3.53405, 0.89189, -0.63495, -0.89366, -7.36876, -1.58131, -2.85841, -3.58224, -8.57554, 10.55458, -8.00302, 4.01137, 1.27362, -2.92529, 3.82061, -1.23148]"
43,sub11,mae,1,sub11-c__0002__stand.npy,17,stand,17,0.6137446,1,"[1.8922, 0.67873, -0.53951, 2.0845, 1.22539, -0.24864, 2.88309, 1.88179, 3.43978, -4.67514, -9.30894, -3.57638, -5.25816, -1.81224, -7.13487, 9.03236, -7.03402, 9.50709, 1.25202, -7.68498, 2.82143, -0.6225]"
43,sub11,mae,1,sub11-c__0003__turnaround.npy,19,turnaround,19,0.99891365,1,"[5.23572, 0.19477, 5.56593, -7.73202, -6.89873, -5.54348, 3.01611, -8.29088, -1.36819, -1.0705, 4.04083, -2.38973, 2.07513, -9.23817, 2.11849, 0.97736, -11.13319, -5.19134, 4.16435, 13.24344, 0.64201, -2.23739]"
43,sub11,mae,1,sub11-c__0004__sit.npy,15,sit,15,0.992941,1,"[2.71059, -2.21261, 4.25799, -2.46578, -0.86121, -2.88594, 0.2479, -0.61568, 0.00483, 0.55155, -4.19074, -2.3891, -2.40903, -3.8849, -9.41712, 9.74955, -7.81749, 1.18158, 0.18075, -1.82825, 3.23388, -0.29749]"
43,sub11,mae,1,sub11-c__0005__stand.npy,17,stand,17,0.5865052,1,"[1.63571, 1.06978, -1.28393, 1.87868, 1.46641, 0.813, 3.29193, 2.62721, 2.48049, -3.70606, -9.63505, -3.15021, -5.31976, -1.07514, -7.44495, 8.66548, -6.60055, 9.03029, 1.70138, -8.65036, 2.20901, -2.56775]"
43,sub11,mae,1,sub11-c__0006__turnaround.npy,19,turnaround,19,0.997633,1,"[5.61929, -0.07109, 6.36869, -7.63076, -6.59365, -6.18546, 2.10022, -8.66724, -1.69159, -0.54955, 4.75965, -2.4348, 1.46484, -8.71473, 0.85095, 0.94806, -11.12166, -5.38408, 3.09682, 12.97026, 0.54152, -1.8145]"
43,sub11,mae,1,sub11-c__0007__sit.npy,15,sit,15,0.99717414,1,"[2.54639, -2.03312, 3.70652, -2.23942, 0.50897, -2.50087, 0.13451, -0.39149, -0.31796, 1.15768, -4.48144, -2.71599, -2.92398, -3.16522, -9.7487, 10.35435, -7.25949, 1.49507, 0.35229, -2.52493, 3.05304, -0.7814]"
43,sub11,mae,1,sub11-c__0008__stand.npy,17,stand,15,0.6172686,0,"[1.99077, 0.69044, -0.68622, 1.89544, 1.57467, 0.4105, 2.70616, 2.28398, 3.14598, -4.54904, -10.42607, -3.07723, -5.28525, -1.8006, -7.75554, 9.90921, -7.20751, 9.42443, 1.83355, -8.56144, 1.96992, -1.44847]"
43,sub11,mae,1,sub11-c__0009__turnaround.npy,19,turnaround,19,0.99797314,1,"[5.85913, 0.42978, 6.04422, -7.18002, -5.82759, -6.21558, 1.79311, -8.83326, -1.9024, -0.43027, 4.51044, -2.91938, 0.90141, -7.97724, 0.28212, 1.17789, -11.17609, -5.39391, 3.16266, 13.00548, 0.20881, -2.13881]"
43,sub11,mae,1,sub11-c__0010__sit.npy,15,sit,15,0.9941077,1,"[2.65495, -2.47651, 4.03615, -3.05774, -0.34264, -2.64557, 0.5412, -0.58062, -0.51801, 1.68737, -3.43499, -3.03964, -2.78519, -3.69178, -10.02589, 10.06588, -7.90581, 1.34715, 0.30815, -1.37831, 3.97561, -0.67485]"
43,sub11,mae,1,sub11-c__0011__stand.npy,17,stand,15,0.5521182,0,"[1.66579, 0.23604, -0.5659, 1.85604, 1.51584, 0.74601, 3.11734, 2.8726, 2.80349, -4.23876, -10.02655, -3.04384, -5.66892, -1.80412, -8.12707, 9.99314, -7.20412, 9.77862, 1.81931, -8.95464, 2.31631, -1.82865]"
43,sub11,mae,1,sub11-c__0012__turnaround.npy,19,turnaround,19,0.99372673,1,"[4.03423, -1.59662, 6.07587, -8.56773, -8.35937, -5.52971, 2.89768, -6.85191, -0.43325, 0.49313, 4.38675, -1.51013, 2.64363, -10.22075, 0.66199, 1.23876, -10.55421, -4.23113, 3.30071, 11.54345, 2.40582, -1.50982]"
43,sub11,mae,1,sub11-c__0013__sit.npy,15,sit,15,0.987772,1,"[2.67637, -1.89627, 4.44302, -2.35619, -0.8092, -2.46959, 0.41391, -0.59335, -0.3754, 0.81084, -3.81787, -2.9738, -2.54382, -3.60625, -10.01834, 9.47415, -7.78716, 1.0558, 0.11711, -1.29938, 3.9262, -0.41357]"
43,sub11,mae,1,sub11-c__0014__stand.npy,17,stand,15,0.51461476,0,"[2.2972, 0.67535, -0.79792, 1.44186, 1.92277, 0.55062, 3.01964, 2.13062, 2.46661, -3.81064, -9.55734, -3.67915, -5.49118, -1.469, -8.10118, 9.47829, -7.1163, 9.41293, 1.29125, -8.08615, 2.69304, -2.05799]"
43,sub11,mae,1,sub11-c__0015__turnaround.npy,19,turnaround,19,0.9951748,1,"[4.56619, -0.71669, 5.79967, -8.03942, -7.63428, -5.16466, 2.60291, -7.00059, -0.62451, 0.00493, 4.58177, -2.62565, 2.03464, -9.64659, 0.28663, 1.38796, -10.95529, -3.94196, 3.06769, 11.70938, 2.75373, -1.3884]"
43,sub11,mae,1,sub11-c__0016__squat.npy,16,squat,16,0.9961051,1,"[-7.44037, 0.13191, -8.68212, 1.18583, 9.3709, 5.22792, 0.47077, 2.51137, -5.40185, 14.24016, 7.54625, 1.86269, -0.3634, 3.79084, 7.25708, -7.74551, 19.79459, -6.38796, 6.10362, -6.6489, -6.57251, -10.93685]"
43,sub11,mae,1,sub11-c__0017__squat.npy,16,squat,16,0.99861944,1,"[-7.34283, 0.66473, -9.44717, 1.57196, 10.64791, 6.4168, 0.67443, 2.39462, -5.55146, 13.8696, 6.95338, 1.41613, -1.07565, 3.813, 8.58897, -7.65226, 20.50009, -6.13921, 6.97352, -6.16671, -7.26746, -12.09893]"
43,sub11,mae,1,sub11-c__0019__squat.npy,16,squat,16,0.9975011,1,"[-7.36672, 0.44141, -9.24382, 0.99672, 9.22925, 6.40926, 0.96763, 2.26113, -5.614, 13.67277, 7.44447, 2.06102, -0.07179, 3.2996, 8.3209, -7.84159, 19.68314, -6.33386, 7.44859, -5.62791, -6.83061, -11.6365]"
43,sub11,mae,1,sub11-c__0020__squat.npy,16,squat,16,0.9992575,1,"[-7.77556, 0.73294, -9.85593, 1.72663, 9.84017, 7.6579, 1.04256, 2.94288, -5.64446, 13.3318, 6.49101, 2.20917, -0.62225, 3.77315, 8.2942, -7.72685, 20.58044, -6.15223, 7.57898, -6.11839, -7.3894, -12.32459]"
43,sub11,mae,1,sub11-c__0021__squat.npy,16,squat,16,0.9994838,1,"[-7.76006, 1.01259, -9.79878, 2.28331, 10.28607, 7.33179, 0.67858, 2.8462, -5.71848, 13.40918, 6.33002, 2.58358, -1.25645, 4.38227, 7.97041, -7.93745, 21.02941, -6.34996, 6.86551, -6.93035, -8.05337, -12.49421]"
43,sub11,mae,1,sub11-c__0022__pickup.npy,11,pickup,11,0.99925417,1,"[-3.04236, -4.05528, 2.33681, -0.83856, -10.50303, -3.16066, 5.62185, -0.27341, -2.72053, -2.23461, -0.01514, 14.61792, 5.53437, -1.43756, 7.02026, -5.99575, 0.6477, -5.34262, 0.0895, -8.03445, -7.09385, -2.71819]"
43,sub11,mae,1,sub11-c__0023__pickup.npy,11,pickup,11,0.9978046,1,"[-1.45808, -3.84423, 2.66898, -1.41656, -9.66733, -4.23307, 5.16136, -1.90264, -3.18543, -1.90591, 1.7259, 14.02911, 4.54191, -1.5524, 7.79597, -6.31267, 0.5214, -5.976, 0.83792, -6.71588, -7.8484, -2.982]"
43,sub11,mae,1,sub11-c__0024__pickup.npy,11,pickup,11,0.9996117,1,"[-1.90866, -3.68347, 2.98809, -0.90894, -11.11235, -4.25104, 5.0876, -1.19811, -2.54491, -3.7563, -1.28262, 14.64557, 5.65249, -1.62527, 6.0437, -5.71206, -1.29671, -5.48901, 0.16741, -7.36813, -7.86792, -2.15092]"
43,sub11,mae,1,sub11-c__0025__pickup.npy,11,pickup,11,0.98660696,1,"[-0.16745, -5.54811, 4.08166, -3.72759, -13.20995, -5.60572, 5.08731, -1.44521, -0.84997, -4.65747, -2.55016, 12.6538, 8.28544, -5.53517, 4.01469, -3.41033, -5.04435, -3.7604, 0.51023, -4.84831, -4.52568, 0.93985]"
43,sub11,mae,1,sub11-c__0026__pickup.npy,11,pickup,11,0.9816481,1,"[0.36345, -5.04489, 4.26775, -3.80825, -13.25635, -5.75857, 4.85112, -1.78243, -0.62546, -4.5988, -2.17051, 11.76231, 7.68126, -5.25365, 3.27712, -3.35869, -5.76006, -3.89183, 0.11207, -4.55507, -4.14518, 0.87355]"
43,sub11,mae,1,sub11-c__0027__pushchair.npy,12,pushchair,12,0.8917961,1,"[0.42622, -3.94378, 3.01351, -4.40299, -13.42432, -5.66635, 2.53492, -1.74903, 1.78161, -4.59435, 0.08539, 7.50729, 9.67886, -6.1934, 1.63189, -3.89184, -5.75212, -3.25765, 0.05182, -3.02254, -0.72778, 4.22928]"
43,sub11,mae,1,sub11-c__0028__pushchair.npy,12,pushchair,12,0.91803247,1,"[3.63524, -4.22988, 5.37227, -7.01031, -13.48882, -6.56101, 2.65939, -4.07706, 1.20249, -3.98754, 1.5158, 4.1641, 8.49084, -8.13079, 0.43761, -1.45385, -9.41664, -2.41562, -1.247, 0.61771, 3.27407, 4.16773]"
43,sub11,mae,1,sub11-c__0029__pushchair.npy,12,pushchair,12,0.93561333,1,"[1.34867, -3.90368, 3.69968, -5.31635, -13.35696, -6.26693, 2.24603, -2.48335, 2.15618, -4.2131, 1.04385, 6.37952, 9.26179, -6.88107, 1.14791, -3.17839, -6.75604, -3.05472, -0.46814, -2.10665, 0.32504, 4.16116]"
43,sub11,mae,1,sub11-c__0030__pushchair.npy,12,pushchair,12,0.9745306,1,"[2.71714, -4.0349, 4.45421, -6.91404, -13.26852, -6.60638, 1.96666, -2.89767, 2.39881, -3.31611, 1.47363, 3.71236, 9.37453, -8.46239, -0.63045, -1.47616, -8.38243, -2.37737, -0.97648, -0.28908, 3.70482, 4.61168]"
43,sub11,mae,1,sub11-c__0032__pushchair.npy,12,pushchair,12,0.9734331,1,"[2.18931, -4.20754, 4.47164, -6.95082, -13.641, -5.92142, 2.48228, -2.00222, 1.91713, -2.55906, 0.94055, 3.69339, 9.4967, -8.11843, -1.80264, -1.22964, -8.17013, -2.47104, -1.23975, -1.19971, 4.8325, 4.36415]"
43,sub11,mae,1,sub11-c__0033__sit.npy,15,sit,15,0.9967079,1,"[2.16975, -1.16281, 2.69307, -1.19162, 0.49081, -1.49905, 0.92263, -0.64369, 0.0735, -0.89097, -5.35383, -2.31449, -2.99924, -2.91284, -7.17618, 9.63261, -6.80304, 2.53443, 0.82539, -2.66105, 1.48241, -1.29275]"
43,sub11,mae,1,sub11-c__0034__stand.npy,17,stand,17,0.58456165,1,"[1.79509, 1.37183, -0.9909, 2.86992, 1.83254, -0.01776, 2.83536, 1.64918, 3.08046, -5.00862, -9.59976, -3.5713, -5.43546, -0.58121, -6.78522, 8.7602, -6.78825, 9.11541, 1.11234, -8.27351, 1.54845, -1.19287]"
43,sub11,mae,1,sub11-c__0035__turnaround.npy,19,turnaround,19,0.99821424,1,"[5.30643, -0.02743, 5.52426, -7.95308, -6.93832, -5.57661, 2.84809, -7.94501, -0.99574, -0.89983, 4.35577, -2.85759, 1.67243, -9.05458, 0.72971, 1.45782, -11.54146, -4.35967, 3.67117, 12.73099, 1.45729, -1.77704]"
43,sub11,mae,1,sub11-c__0036__sit.npy,15,sit,15,0.9973531,1,"[2.8174, -2.06158, 3.69809, -2.63095, 0.66219, -2.21057, 0.33119, -0.76098, -0.88585, 1.27615, -3.88543, -2.99019, -3.17192, -3.16049, -9.55945, 10.45138, -7.5738, 1.34692, 0.42315, -1.62112, 3.02653, -1.39512]"
43,sub11,mae,1,sub11-c__0037__stand.npy,17,stand,17,0.5118003,1,"[1.40244, 0.58449, -1.1676, 2.06868, 1.49085, 0.8448, 3.59487, 3.07691, 2.39907, -3.72712, -10.28506, -3.09488, -5.22556, -1.03577, -8.06882, 9.32725, -6.61902, 9.38393, 1.53822, -9.04708, 2.46828, -2.3077]"
43,sub11,mae,1,sub11-c__0038__turnaround.npy,19,turnaround,19,0.9983298,1,"[5.85488, 0.87017, 5.46063, -7.38383, -5.45246, -6.10475, 2.22369, -9.12149, -1.96508, -1.31298, 4.23972, -2.5833, 1.27382, -7.67696, 1.05786, 1.14211, -11.0605, -5.43383, 3.57872, 12.96122, -0.35523, -2.22433]"
43,sub11,mae,1,sub11-c__0039__sit.npy,15,sit,15,0.99515116,1,"[2.81801, -1.98601, 3.71338, -2.40155, -0.08375, -2.20022, 0.38218, -1.08646, -0.95844, 0.79641, -3.61101, -2.64044, -2.8942, -3.136, -8.82312, 9.74249, -7.73592, 1.09791, 0.37203, -1.21304, 2.66541, -1.41879]"
43,sub11,mae,1,sub11-c__0041__turnaround.npy,19,turnaround,19,0.99063605,1,"[4.01826, -1.51095, 5.97403, -8.55194, -8.30901, -5.24771, 2.34038, -6.28514, -0.21601, 0.77899, 4.4147, -2.0413, 2.67134, -10.03928, -0.78884, 1.68476, -10.69454, -3.80236, 2.60882, 11.06788, 3.2742, -1.18216]"
43,sub11,mae,1,sub11-c__0042__sit.npy,15,sit,15,0.99427766,1,"[2.51285, -1.54481, 3.61548, -2.19508, 0.28393, -2.137, 0.47711, -0.91237, -0.53216, 0.97832, -3.7182, -3.15701, -3.13638, -2.97363, -9.31136, 9.57143, -7.4282, 1.48049, 0.52635, -1.55476, 2.95342, -0.89279]"
43,sub11,mae,1,sub11-c__0043__stand.npy,17,stand,15,0.5670258,0,"[1.93618, -0.32148, -0.11677, 2.2572, 1.6029, -0.30436, 2.85699, 2.26393, 3.13735, -4.80309, -9.90943, -2.85822, -5.65336, -1.63708, -7.92433, 10.27349, -7.23319, 9.99988, 1.0122, -8.61135, 2.1057, -0.56774]"
43,sub11,mae,1,sub11-c__0044__turnaround.npy,19,turnaround,19,0.99277484,1,"[3.84218, -0.85332, 5.84815, -8.16822, -7.79177, -5.33168, 2.37213, -6.67434, 0.13331, 0.14018, 4.20323, -1.85798, 2.31656, -10.02224, 0.27698, 1.35012, -10.39186, -4.0524, 3.29053, 11.18408, 2.03576, -1.41109]"
43,sub11,mae,1,sub11-c__0045__sit.npy,15,sit,15,0.99673575,1,"[2.60472, -1.30912, 3.38786, -1.64432, 0.74939, -2.09922, 0.47041, -0.50574, 0.04999, 0.04823, -4.52159, -3.46443, -3.66774, -2.89322, -9.75403, 10.1366, -7.59811, 2.42172, 0.26092, -2.24922, 2.95235, -0.4888]"
43,sub11,mae,1,sub11-c__0046__stand.npy,17,stand,17,0.5951605,1,"[1.5763, -0.14866, -0.38616, 2.20645, 1.48836, 0.32538, 3.38469, 2.80136, 3.28452, -5.0056, -10.0768, -2.56818, -6.01154, -2.20549, -7.06481, 10.27614, -7.21651, 10.66505, 1.12917, -8.91662, 1.8355, -1.59171]"
43,sub11,mae,1,sub11-c__0047__turnaround.npy,19,turnaround,19,0.99555063,1,"[3.85953, -1.15696, 5.44564, -8.39008, -8.35885, -5.07376, 3.27738, -6.49398, -0.42047, 0.24067, 4.12585, -1.82256, 2.7617, -9.92032, 0.39927, 1.1695, -10.74371, -4.15061, 3.7069, 11.5041, 2.4393, -1.56794]"
43,sub11,mae,1,sub11-c__0048__sit.npy,15,sit,15,0.99228597,1,"[2.6277, 0.03979, 2.88375, -0.98199, 1.42127, -2.21103, 0.08204, -1.82196, -0.24855, -0.56257, -3.81615, -3.53625, -3.75922, -1.82353, -7.89341, 8.78296, -7.17395, 1.45584, 0.92191, -1.33155, 1.12599, -1.11109]"
43,sub11,mae,1,sub11-c__0050__turnaround.npy,19,turnaround,19,0.9965534,1,"[6.80235, 2.82877, 5.08924, -5.16957, -2.05103, -6.02583, 0.56785, -10.07793, -2.70178, -1.22095, 5.17066, -4.84066, -1.99225, -4.98233, 0.30668, 0.90376, -10.8793, -5.14989, 3.50536, 12.83309, -2.13649, -2.99495]"
43,sub11,mae,1,sub11-c__0051__squat.npy,16,squat,16,0.99957126,1,"[-7.53113, 0.59851, -9.39655, 2.12773, 10.51248, 6.56712, 0.70056, 2.35118, -6.17591, 13.47666, 6.67616, 2.70631, -1.02692, 4.41063, 9.50583, -8.16836, 21.30156, -6.69185, 6.07599, -6.96372, -8.31756, -12.65759]"
43,sub11,mae,1,sub11-c__0052__squat.npy,16,squat,16,0.9930568,1,"[-6.82312, 1.10269, -8.69181, 1.4414, 11.13108, 5.36298, 0.12768, 1.77303, -5.85035, 14.56639, 7.70692, 0.87699, -1.70456, 4.76044, 5.90038, -7.56189, 19.56277, -6.40008, 6.50558, -6.11539, -7.17147, -11.63468]"
43,sub11,mae,1,sub11-c__0053__squat.npy,16,squat,16,0.9944969,1,"[-7.13358, 1.19781, -9.14139, 1.35722, 10.65704, 6.09912, 0.15899, 2.36565, -5.61077, 14.5622, 7.45228, 0.94345, -1.1614, 4.55572, 5.44535, -7.60999, 19.78065, -6.33114, 6.78124, -6.12651, -6.89422, -11.58402]"
43,sub11,mae,1,sub11-c__0054__squat.npy,16,squat,16,0.9960146,1,"[-7.0102, 1.72839, -9.15529, 1.92863, 11.31621, 6.50381, -0.12164, 2.00528, -5.85735, 14.1774, 7.4701, 0.70489, -1.99409, 5.35261, 5.70684, -7.60738, 19.7565, -6.42829, 6.44182, -6.3017, -7.42677, -12.19395]"
43,sub11,mae,1,sub11-c__0055__squat.npy,16,squat,16,0.9989354,1,"[-7.39125, 2.01951, -9.53641, 2.81319, 11.48093, 7.09245, -0.06791, 2.56677, -5.87567, 13.61347, 6.54578, 1.59201, -2.3982, 5.99751, 5.90014, -7.84244, 20.57297, -6.41508, 5.88564, -7.36751, -8.32243, -12.70671]"
43,sub11,mae,1,sub11-c__0056__pickup.npy,11,pickup,11,0.96976435,1,"[1.11277, -4.80973, 4.71844, -3.99854, -13.16616, -5.85924, 4.78638, -2.39989, -0.46531, -4.78718, -1.05105, 10.52873, 6.80041, -5.29413, 3.29362, -2.98641, -6.74303, -3.55939, -0.2998, -3.95013, -3.26806, 1.16648]"
43,sub11,mae,1,sub11-c__0057__pickup.npy,11,pickup,11,0.98592156,1,"[0.7674, -4.20901, 4.25849, -3.21471, -12.80367, -5.74833, 4.67749, -2.37653, -0.56089, -4.98813, -1.05686, 10.92021, 6.32929, -4.44197, 3.79044, -3.53759, -6.24739, -3.78629, -0.29603, -4.55116, -4.2379, 0.74264]"
43,sub11,mae,1,sub11-c__0058__pickup.npy,11,pickup,11,0.9826434,1,"[0.47858, -4.20849, 4.4597, -3.32386, -13.03976, -5.62343, 4.74636, -2.28165, -0.56426, -4.95601, -1.1937, 10.94534, 6.6431, -4.3611, 3.26542, -3.616, -6.30012, -3.87926, -0.38576, -4.37838, -3.96183, 0.95577]"
43,sub11,mae,1,sub11-c__0059__pickup.npy,11,pickup,11,0.9947996,1,"[0.13062, -4.53072, 3.89694, -3.01542, -12.85764, -5.30203, 4.92405, -1.76566, -0.80219, -4.86008, -1.91471, 12.15929, 6.61942, -4.28251, 4.0429, -3.73682, -5.48944, -3.96594, 0.04723, -5.15306, -5.00414, 0.27438]"
43,sub11,mae,1,sub11-c__0060__pickup.npy,11,pickup,11,0.991008,1,"[0.28073, -4.03322, 3.85168, -2.58436, -12.69392, -5.15194, 4.56724, -1.9784, -0.85356, -5.19991, -1.51428, 11.36528, 6.37346, -3.80504, 3.88539, -3.75054, -5.71392, -3.90214, -0.20487, -5.10016, -4.7643, 0.45889]"
43,sub11,mae,1,sub11-c__0061__pickup.npy,11,pickup,11,0.9932795,1,"[0.37633, -4.69939, 4.12632, -3.11308, -12.70376, -5.72577, 4.73609, -1.87359, -0.56929, -4.99369, -2.16273, 11.80942, 6.54205, -4.39037, 3.55775, -3.24234, -5.733, -3.5725, -0.45495, -5.29931, -4.73954, 0.83336]"
43,sub11,mae,1,sub11-c__0062__pushchair.npy,12,pushchair,12,0.960215,1,"[0.98778, -4.32461, 3.2442, -5.38061, -13.79386, -5.53016, 2.71087, -1.68466, 2.00512, -4.22378, 0.18949, 6.4387, 9.81191, -7.10999, 0.52365, -2.84524, -6.89861, -2.58877, -0.06752, -2.04041, 0.99221, 4.28692]"
43,sub11,mae,1,sub11-c__0063__pushchair.npy,12,pushchair,12,0.95703775,1,"[3.19322, -4.72669, 4.80234, -7.21393, -13.59092, -6.27753, 2.41392, -2.92291, 1.84241, -3.44441, 0.90013, 3.88635, 9.00095, -8.50198, -0.86847, -0.80377, -9.20215, -1.87665, -1.17566, -0.03133, 4.09549, 4.46353]"
43,sub11,mae,1,sub11-c__0064__pushchair.npy,12,pushchair,20,0.68082964,0,"[4.30933, -4.96772, 6.32732, -8.85935, -12.76108, -5.49877, 3.04885, -2.9257, 0.46582, -0.84689, 0.91533, 1.02503, 7.33434, -9.11665, -4.03862, 1.89231, -10.88131, -1.55701, -1.99567, 1.3006, 8.465, 2.97409]"
43,sub11,mae,1,sub11-c__0065__pushchair.npy,12,pushchair,12,0.9791926,1,"[2.21467, -4.48148, 4.60755, -7.34829, -13.92254, -5.95667, 2.62633, -2.34026, 1.81711, -2.70203, 1.15837, 3.92916, 9.75716, -8.44238, -1.41446, -1.23115, -8.55066, -2.39017, -0.8481, -0.37583, 4.72166, 4.24043]"
43,sub11,mae,1,sub11-c__0066__pushchair.npy,12,pushchair,12,0.9798851,1,"[2.13433, -4.79512, 4.5479, -7.29836, -14.02033, -5.73344, 3.03933, -2.04642, 1.52216, -2.74857, 0.53122, 4.36651, 9.80309, -8.41309, -1.42708, -1.07201, -8.43941, -2.27578, -0.69918, -0.72398, 4.63385, 4.05575]"
43,sub11,mae,1,sub11-c__0067__pushchair.npy,12,pushchair,12,0.9131892,1,"[3.49913, -3.92202, 5.01475, -8.16353, -13.1454, -6.33063, 2.03084, -3.37163, 1.89843, -1.86869, 2.56962, 1.86351, 9.01794, -9.00097, -1.89537, -0.76226, -9.2894, -2.2198, -1.47495, 1.21956, 6.22573, 4.03603]"
43,sub11,mae,1,sub11-c__0068__pushchair.npy,12,pushchair,12,0.5613899,1,"[4.50886, -3.67491, 5.446, -8.46411, -12.37003, -6.33341, 1.71476, -3.94253, 1.48129, -1.04722, 3.14693, 0.4692, 7.82647, -8.74376, -2.72909, -0.04859, -9.90614, -2.1297, -2.29682, 1.69638, 7.34545, 3.79059]"
43,sub11,mae,1,sub11-c__0069__sit.npy,15,sit,15,0.9937264,1,"[1.96329, -1.56433, 3.26836, -2.08994, 0.0326, -1.85442, 0.9432, -0.70634, -0.5049, 0.81048, -4.12838, -2.49088, -2.79201, -2.94059, -8.34251, 9.18862, -6.88906, 1.68408, 0.39361, -1.84493, 2.59587, -1.21436]"
43,sub11,mae,1,sub11-c__0070__stand.npy,17,stand,17,0.5742398,1,"[1.58049, 0.96029, -1.15813, 2.969, 2.27356, -0.43772, 2.6968, 1.5281, 3.07725, -4.90596, -9.46953, -3.32052, -5.68872, -0.49316, -6.26794, 8.94039, -6.57578, 9.2508, 1.44753, -8.0564, 0.80961, -1.18135]"
43,sub11,mae,1,sub11-c__0071__turnaround.npy,19,turnaround,19,0.9984401,1,"[4.75887, 0.59695, 5.24509, -7.28892, -5.92305, -5.62322, 2.52011, -8.13316, -1.476, -0.29804, 4.87107, -2.99414, 0.9368, -7.95072, 0.56086, 0.78392, -10.74414, -4.92835, 4.00378, 12.70525, 0.30908, -2.33444]"
43,sub11,mae,1,sub11-c__0072__sit.npy,15,sit,15,0.99243754,1,"[3.06388, -2.53334, 4.15069, -2.886, -0.53449, -2.48953, 0.82639, -1.13695, -1.02791, 1.34571, -3.45683, -2.98776, -2.78156, -3.46046, -9.44677, 9.88432, -8.15977, 1.07245, -0.19393, -0.87446, 3.95557, -0.80075]"
43,sub11,mae,1,sub11-c__0073__stand.npy,17,stand,17,0.51747775,1,"[1.67933, 1.86321, -1.61946, 2.80583, 2.5931, 0.12717, 2.54158, 1.62867, 2.9842, -4.6595, -10.03619, -3.51004, -5.73719, -0.40657, -6.46475, 8.995, -6.52372, 9.07584, 1.63731, -8.54319, 0.6123, -2.24423]"
43,sub11,mae,1,sub11-c__0074__turnaround.npy,19,turnaround,19,0.99752074,1,"[4.36677, 0.16402, 5.44233, -7.6757, -6.97409, -5.45022, 2.54444, -7.56138, -0.66287, -0.37534, 4.48776, -2.57425, 1.74061, -8.89333, 0.54211, 0.87933, -10.75632, -4.52456, 3.73394, 12.14701, 1.0471, -1.86355]"
43,sub11,mae,1,sub11-c__0075__sit.npy,15,sit,15,0.99321365,1,"[2.52661, -1.89892, 3.78134, -2.52148, -0.30224, -2.42107, 0.60631, -0.82918, -0.4852, 1.27406, -3.38789, -2.70612, -3.20544, -3.61015, -8.88897, 9.45033, -7.67462, 1.09639, 0.81559, -0.98847, 2.82375, -1.14084]"
43,sub11,mae,1,sub11-c__0076__stand.npy,17,stand,15,0.5253291,0,"[1.8615, -0.00799, -1.00027, 2.19821, 2.16461, -0.02509, 2.94686, 2.20217, 2.62669, -4.30606, -10.16755, -2.87999, -5.60164, -1.14654, -7.38609, 9.88446, -6.94049, 9.77866, 1.50003, -8.68132, 1.47003, -1.69856]"
43,sub11,mae,1,sub11-c__0077__turnaround.npy,19,turnaround,19,0.9980089,1,"[4.91367, 0.11321, 5.43619, -7.71675, -6.99471, -5.46945, 2.63363, -7.83314, -1.0173, -0.73953, 4.25596, -2.53263, 1.79673, -8.94937, 0.87906, 1.13438, -11.13726, -4.64196, 3.77954, 12.45214, 0.9698, -2.0218]"
43,sub11,mae,1,sub11-c__0078__sit.npy,15,sit,15,0.98579365,1,"[1.43389, -0.4636, 2.74727, -1.06239, -0.22463, -2.69183, 0.90271, -1.84881, 0.34507, -1.39181, -4.48251, -1.62997, -2.67967, -3.11436, -4.64556, 7.90061, -6.8973, 0.73694, 2.23332, -0.52368, -0.81677, -1.66896]"
43,sub11,mae,1,sub11-c__0079__stand.npy,17,stand,17,0.5790327,1,"[0.92411, 0.10191, -0.47787, 2.63377, 2.30613, -0.94538, 3.60794, 1.46167, 2.4952, -4.36981, -8.52686, -2.77345, -6.1745, -0.43477, -5.4961, 8.88771, -6.37221, 9.21865, 1.15301, -7.76605, 0.89709, -1.73203]"
43,sub11,mae,1,sub11-c__0080__turnaround.npy,19,turnaround,19,0.9965766,1,"[4.16857, -0.76791, 5.67164, -8.24355, -7.80435, -5.28319, 2.81771, -7.12991, -0.37705, -0.30078, 4.07064, -1.83248, 2.65138, -9.95912, 1.27294, 1.15195, -10.61071, -4.32438, 3.39437, 11.86695, 1.79161, -1.54885]"
43,sub11,mae,1,sub11-c__0081__sit.npy,15,sit,15,0.99798906,1,"[2.72902, -1.58789, 3.01592, -1.41843, 2.03607, -2.10499, 0.15548, -1.41639, -0.93044, 0.15641, -4.80627, -2.90655, -3.46026, -2.06451, -7.91912, 10.28004, -6.77841, 1.76114, 0.23065, -2.05733, 1.41363, -1.35394]"
43,sub11,mae,1,sub11-c__0082__stand.npy,17,stand,15,0.5110915,0,"[1.96875, -0.00461, -0.93372, 2.46042, 2.1205, 0.25212, 3.05439, 1.94995, 2.62289, -5.0728, -10.89623, -2.25864, -5.67063, -1.40124, -6.45441, 10.11633, -7.02609, 10.06861, 1.48015, -9.0104, 0.83434, -1.86811]"
43,sub11,mae,1,sub11-c__0083__turnaround.npy,19,turnaround,19,0.9986197,1,"[5.5392, 0.61535, 5.60858, -7.10872, -5.4526, -5.88499, 2.22494, -8.92084, -1.88176, -0.67881, 4.82986, -2.87753, 0.62063, -7.90692, 1.50257, 0.83403, -10.83146, -5.39152, 3.83394, 13.16329, -0.3351, -2.41168]"
43,sub11,mae,1,sub11-c__0084__squat.npy,16,squat,16,0.9938233,1,"[-6.77785, -0.21406, -7.67146, 0.80014, 8.06609, 4.09854, 0.34845, 1.6093, -5.35207, 13.11901, 8.46178, 2.69037, -0.10181, 3.29004, 8.03888, -7.98294, 18.22236, -6.36472, 5.54076, -6.26636, -6.70464, -10.06899]"
43,sub11,mae,1,sub11-c__0085__squat.npy,16,squat,16,0.99726164,1,"[-7.00776, 1.17115, -9.23097, 1.98649, 11.17908, 6.5947, 0.21111, 1.82123, -6.23577, 14.27227, 7.68137, 1.0484, -1.93908, 5.02384, 8.28434, -7.85581, 20.21876, -6.43447, 5.80876, -6.55136, -7.42454, -12.55309]"
43,sub11,mae,1,sub11-c__0086__squat.npy,16,squat,16,0.9995579,1,"[-7.57486, 1.88943, -10.08123, 3.03665, 11.31918, 8.29929, 0.31665, 2.68512, -6.10189, 13.17378, 6.56039, 1.60705, -2.25886, 5.76936, 8.15801, -8.0258, 21.0576, -6.26881, 5.99362, -7.22697, -8.2766, -13.12539]"
43,sub11,mae,1,sub11-c__0087__squat.npy,16,squat,16,0.999747,1,"[-7.75424, 2.15576, -10.44102, 3.59734, 11.50558, 9.00842, 0.22318, 3.17158, -6.00042, 12.67467, 5.996, 1.69579, -2.64874, 6.12404, 8.15, -7.84602, 21.25742, -6.13681, 5.89346, -7.61569, -8.65609, -13.55222]"
43,sub11,mae,1,sub11-c__0088__squat.npy,16,squat,16,0.9996289,1,"[-7.44017, 2.58595, -10.28628, 3.86273, 11.83281, 8.32265, -0.39837, 2.60548, -5.6329, 12.51289, 6.53423, 1.25451, -3.14609, 6.38624, 8.15056, -7.95248, 20.84356, -6.15316, 5.48204, -7.75232, -8.82419, -13.23603]"
43,sub11,mae,1,sub11-c__0089__pickup.npy,11,pickup,11,0.84971714,1,"[1.34511, -3.42165, 4.03663, -3.52563, -12.6221, -4.48132, 4.00768, -2.35399, -0.84723, -3.49755, 1.71031, 7.49292, 5.21591, -3.00314, 2.22451, -3.26533, -7.16381, -3.48985, -1.71193, -3.69947, -1.12187, 0.58226]"
43,sub11,mae,1,sub11-c__0090__pickup.npy,11,pickup,11,0.89548445,1,"[1.80392, -3.76752, 4.71663, -3.64854, -12.90792, -5.41698, 4.12997, -2.83593, -0.42777, -4.29138, 0.70678, 8.12626, 5.2924, -4.03517, 2.30885, -2.88306, -7.7119, -3.46027, -1.78833, -3.63072, -1.53232, 0.91508]"
43,sub11,mae,1,sub11-c__0091__pickup.npy,11,pickup,11,0.96108925,1,"[0.62092, -4.79719, 4.36162, -3.77166, -13.5615, -5.12576, 4.69117, -1.70073, -0.5362, -4.2407, -0.72388, 10.2465, 6.83691, -4.68465, 2.76621, -3.16726, -6.48583, -3.50784, -0.94396, -4.62191, -2.49908, 0.90018]"
43,sub11,mae,1,sub11-c__0092__pickup.npy,11,pickup,11,0.9581941,1,"[0.67318, -4.32562, 4.25452, -3.45353, -13.35903, -5.05217, 4.30672, -1.87501, -0.20341, -4.59333, -0.58744, 9.92075, 6.57564, -4.48541, 2.93225, -3.33019, -6.48755, -3.48893, -1.10048, -4.59953, -2.68379, 1.08481]"
43,sub11,mae,1,sub11-c__0093__pickup.npy,11,pickup,11,0.95106834,1,"[0.76152, -4.13051, 4.30488, -3.19368, -13.31533, -4.88733, 4.31592, -2.09833, -0.45482, -4.69166, -0.29383, 9.57348, 6.32997, -4.11822, 3.11641, -3.48614, -6.58796, -3.64641, -1.24368, -4.42587, -2.52822, 1.07766]"
43,sub11,mae,1,sub11-c__0095__pushchair.npy,12,pushchair,12,0.9317893,1,"[0.93765, -4.31276, 3.49926, -5.4018, -13.98439, -4.87661, 2.87878, -1.79142, 1.46904, -3.76268, 1.03429, 6.17103, 8.98893, -6.48838, 0.35196, -2.82556, -7.24761, -2.51248, -0.57605, -1.98407, 1.58044, 3.68981]"
43,sub11,mae,1,sub11-c__0096__pushchair.npy,12,pushchair,12,0.986264,1,"[1.01979, -4.91752, 4.11677, -6.58185, -14.33367, -5.63385, 2.78035, -1.39174, 2.30633, -3.42873, 0.01891, 5.47238, 10.39619, -8.36065, -1.03234, -1.6144, -7.7313, -2.02963, -0.49529, -1.50281, 3.50704, 4.51533]"
43,sub11,mae,1,sub11-c__0097__pushchair.npy,12,pushchair,12,0.98788214,1,"[1.59133, -4.72925, 3.6036, -6.6872, -14.03852, -5.38327, 2.85205, -1.4426, 2.45577, -3.46441, 0.04626, 4.85457, 10.12404, -8.71872, -0.4692, -1.44343, -7.79657, -1.74994, -0.12786, -1.0689, 3.65379, 4.16998]"
43,sub11,mae,1,sub11-c__0098__pushchair.npy,12,pushchair,12,0.9192098,1,"[0.14231, -4.14064, 3.22008, -4.73304, -13.81791, -5.55265, 2.80152, -1.43231, 1.87014, -4.23534, -0.13942, 7.57436, 10.06094, -6.67796, 1.35608, -3.62225, -5.79524, -3.26972, 0.12927, -3.12147, -0.11523, 3.98217]"
43,sub11,mae,1,sub11-c__0099__pushchair.npy,12,pushchair,20,0.46007186,0,"[3.98752, -4.32115, 5.89972, -8.37115, -12.76756, -5.88919, 2.48711, -3.15797, 1.21108, -1.16384, 1.66292, 1.00225, 7.84301, -9.03601, -3.12588, 0.77357, -10.13346, -1.77682, -2.20503, 1.08463, 7.85837, 3.70033]"
43,sub11,mae,1,sub11-c__0100__pushchair.npy,12,pushchair,12,0.9833838,1,"[2.08489, -4.00966, 3.91052, -6.68828, -13.6671, -6.22183, 2.72624, -2.73204, 2.37339, -3.55919, 1.22092, 4.85164, 9.73262, -8.48977, 0.88617, -2.32071, -7.71541, -2.51648, -0.0126, -0.52124, 2.57423, 3.95348]"
43,sub11,mae,1,sub11-c__0101__pushchair.npy,12,pushchair,12,0.9832592,1,"[1.06974, -4.16692, 3.33578, -6.09686, -13.87455, -5.67372, 2.72351, -1.71259, 2.20598, -3.25792, 0.88948, 5.69041, 10.10204, -7.73108, 0.43413, -2.87055, -6.62432, -2.83205, 0.12901, -1.86467, 2.0441, 3.92423]"
43,sub11,mae,1,sub11-c__0102__sit.npy,15,sit,15,0.9979311,1,"[2.19543, -0.92739, 2.9327, -0.97782, 0.76226, -1.2935, 1.03835, -0.1656, 0.12959, -1.12347, -5.52105, -2.66022, -3.73401, -2.95016, -7.65, 10.49163, -7.1677, 3.31651, 0.19142, -3.22718, 2.24222, -1.64114]"
43,sub11,mae,1,sub11-c__0103__stand.npy,17,stand,17,0.59814745,1,"[1.41305, 1.61772, -1.04278, 2.64729, 2.17911, 0.27295, 3.24743, 1.88745, 2.44002, -4.34097, -9.15395, -3.17276, -5.80235, -0.52984, -5.95712, 8.56374, -6.33419, 8.97759, 1.13622, -8.32888, 1.29353, -2.90501]"
43,sub11,mae,1,sub11-c__0104__turnaround.npy,19,turnaround,19,0.99778336,1,"[4.6674, -0.45605, 5.70577, -7.89125, -6.90478, -5.73608, 2.78631, -7.79321, -1.16256, -0.35299, 4.5356, -2.31809, 1.67841, -9.01681, 1.01138, 1.13323, -10.91483, -4.70695, 3.73918, 12.46264, 0.93465, -1.83472]"
43,sub11,mae,1,sub11-c__0105__sit.npy,15,sit,15,0.9976169,1,"[2.5111, -0.7769, 3.11975, -1.31717, 1.3326, -1.68765, 0.24875, -0.77596, -0.09046, -0.39575, -4.9763, -3.45988, -3.54878, -2.57887, -8.81359, 10.23248, -7.2313, 2.37791, 0.32808, -2.20998, 2.36343, -1.05538]"
43,sub11,mae,1,sub11-c__0106__stand.npy,17,stand,15,0.58376217,0,"[1.47004, 0.3266, -0.51459, 2.31333, 1.88259, 0.00403, 3.16268, 2.48308, 2.44203, -4.13039, -10.00892, -3.0169, -5.4111, -0.76945, -7.99121, 9.61234, -6.74954, 9.26625, 0.9757, -8.9361, 2.17818, -1.68936]"
43,sub11,mae,1,sub11-c__0107__turnaround.npy,19,turnaround,19,0.99856025,1,"[5.81225, 1.34932, 5.3831, -6.78274, -5.26785, -5.92444, 1.93477, -8.80355, -1.50057, -1.25266, 4.39177, -3.40948, 0.4816, -7.79919, 0.8364, 1.20721, -11.27427, -5.14827, 3.93156, 13.09767, -0.2848, -2.24803]"
43,sub11,mae,1,sub11-c__0108__sit.npy,15,sit,15,0.99085087,1,"[2.7464, -1.74389, 4.0961, -2.65795, -1.02743, -2.45409, 0.51814, -0.64599, 0.14399, 0.38269, -3.79289, -2.86062, -2.57515, -3.99707, -9.36205, 9.58684, -8.13908, 1.32612, 0.27413, -1.36816, 3.85347, -0.38826]"
43,sub11,mae,1,sub11-c__0109__stand.npy,17,stand,15,0.59795576,0,"[1.97179, 0.24213, -0.86348, 1.70204, 2.05143, 0.35778, 3.03224, 2.43993, 2.38011, -3.80427, -9.8673, -2.93365, -5.59483, -1.26648, -7.93509, 9.81734, -6.97736, 9.41401, 1.49265, -8.78496, 1.92415, -2.32768]"
43,sub11,mae,1,sub11-c__0110__turnaround.npy,19,turnaround,19,0.9873412,1,"[3.4653, -2.53486, 6.37826, -9.12496, -8.96712, -5.1691, 3.0509, -5.78993, -0.30576, 1.14891, 3.809, -1.68913, 3.19683, -10.55542, -1.37256, 2.16162, -10.84875, -3.55535, 2.72451, 11.04251, 4.1044, -0.88072]"
43,sub11,mae,1,sub11-c__0111__sit.npy,15,sit,15,0.9975605,1,"[2.27698, -1.71393, 3.21458, -2.13013, 0.66583, -1.74231, 0.64514, -0.00143, -0.21451, 1.09394, -4.48341, -3.4336, -3.52257, -3.12002, -10.14577, 10.5283, -7.43424, 2.33455, 0.47744, -2.33975, 3.55922, -1.16367]"
43,sub11,mae,1,sub11-c__0112__stand.npy,17,stand,15,0.5098232,0,"[1.69707, 0.08277, -0.53362, 1.89817, 1.53996, 0.28439, 3.26268, 2.79337, 2.74522, -4.21712, -9.91017, -2.83118, -5.64735, -1.62507, -7.93532, 9.9066, -7.10894, 9.8625, 1.33057, -8.79864, 2.33736, -1.8972]"
43,sub11,mae,1,sub11-c__0113__turnaround.npy,19,turnaround,19,0.9987644,1,"[6.08195, 1.39835, 5.31523, -6.68329, -4.42372, -5.96581, 1.57749, -9.18332, -1.95625, -1.10912, 4.48794, -3.99127, 0.00768, -6.98932, -0.04041, 1.53085, -11.47175, -5.05355, 3.63067, 13.36022, -0.40826, -2.31151]"
43,sub11,mae,1,sub11-c__0114__sit.npy,15,sit,15,0.997479,1,"[2.1771, -1.82512, 3.52685, -2.17992, 0.1034, -1.61306, 1.24661, -0.41009, -0.27059, 0.10067, -4.32915, -2.82517, -3.47385, -3.77802, -7.99358, 10.35045, -7.63697, 2.14914, 0.87597, -1.25602, 2.83039, -1.35149]"
43,sub11,mae,1,sub11-c__0115__stand.npy,17,stand,15,0.53970754,0,"[1.99214, -0.86864, -0.3354, 1.29481, 1.44996, 0.17544, 3.4622, 2.74846, 2.48535, -3.89812, -9.73051, -2.15736, -5.85013, -2.33928, -7.36573, 10.32127, -7.32797, 10.15862, 1.54392, -8.92064, 2.05493, -2.27806]"
43,sub11,mae,1,sub11-c__0116__turnaround.npy,19,turnaround,19,0.98861456,1,"[4.4577, -0.91439, 5.95051, -8.55432, -7.79848, -5.42167, 2.01806, -6.78178, -0.4514, 1.1094, 5.12947, -2.77047, 2.31285, -9.40096, -1.24764, 1.53227, -10.76196, -4.09672, 2.16318, 11.02815, 3.53571, -1.04938]"
43,sub11,mae,1,sub11-c__0117__squat.npy,16,squat,16,0.99808466,1,"[-7.04655, 0.71802, -8.65547, 1.49386, 9.65177, 5.49042, 0.42984, 1.86823, -5.70941, 13.41628, 7.72706, 2.17302, -0.70167, 4.0297, 7.89598, -8.10236, 19.70361, -6.4913, 6.33773, -6.22854, -7.44316, -11.21878]"
43,sub11,mae,1,sub11-c__0118__squat.npy,16,squat,16,0.998621,1,"[-7.4166, 1.19283, -9.46116, 1.90167, 10.7459, 7.382, 0.71314, 2.1741, -6.23666, 13.81356, 7.07485, 1.49596, -1.29124, 4.76391, 8.2913, -7.96129, 20.45162, -6.48408, 6.92055, -6.12437, -7.60081, -12.72712]"
43,sub11,mae,1,sub11-c__0119__squat.npy,16,squat,16,0.9989825,1,"[-7.61005, 1.49774, -9.8953, 2.32602, 11.29469, 8.0677, 0.45655, 2.49793, -6.29637, 13.95568, 6.80806, 1.0422, -1.63609, 5.36128, 8.00531, -7.90912, 20.91921, -6.45511, 6.74517, -6.40947, -7.72806, -13.12264]"
43,sub11,mae,1,sub11-c__0120__squat.npy,16,squat,16,0.99922645,1,"[-7.62756, 1.72986, -9.95164, 2.4591, 11.22014, 7.88818, 0.23435, 2.4698, -6.00963, 13.80175, 6.87653, 1.19794, -1.60484, 5.25331, 8.17008, -8.17869, 21.0459, -6.57199, 6.49477, -6.58676, -7.93129, -13.05425]"
43,sub11,mae,1,sub11-c__0121__squat.npy,16,squat,16,0.9993352,1,"[-7.86867, 0.91144, -9.96086, 2.07583, 10.34401, 7.7075, 0.83317, 3.02304, -5.80122, 13.68611, 6.45259, 2.03771, -0.9502, 4.38522, 7.88375, -7.85864, 21.04424, -6.33795, 7.43987, -6.37543, -7.69729, -12.5308]"
43,sub11,mae,1,sub11-c__0122__pickup.npy,11,pickup,11,0.9810276,1,"[0.61181, -4.56102, 4.36532, -3.60444, -13.42356, -5.10744, 5.09052, -1.93169, -0.658, -4.44616, -0.73818, 10.69652, 6.35607, -4.66625, 3.47712, -3.32278, -6.51285, -3.6238, -0.47729, -4.6044, -3.19208, 0.44151]"
43,sub11,mae,1,sub11-c__0123__pickup.npy,11,pickup,11,0.99683136,1,"[-0.35318, -4.35158, 3.9957, -2.59755, -12.89492, -4.93137, 5.24433, -1.56255, -1.25101, -4.56186, -1.5752, 12.41053, 6.1601, -3.50489, 4.0908, -3.90293, -5.24219, -3.98069, -0.47619, -5.85071, -4.96448, -0.46087]"
43,sub11,mae,1,sub11-c__0124__pickup.npy,11,pickup,11,0.9848029,1,"[0.0981, -4.11658, 3.99686, -3.03248, -13.09239, -4.90396, 4.63748, -1.77633, -0.74246, -4.43415, -0.85326, 10.88595, 6.45633, -3.81131, 3.24027, -3.79856, -5.8428, -3.84451, -0.58885, -5.04263, -3.77292, 0.39107]"
43,sub11,mae,1,sub11-c__0125__pickup.npy,11,pickup,11,0.9914209,1,"[0.10407, -3.95855, 3.97548, -2.62646, -12.81842, -5.25192, 4.43599, -1.93788, -0.47562, -4.86595, -0.94105, 11.20654, 6.10612, -3.75595, 3.83097, -3.85719, -5.71001, -3.83366, -0.64735, -5.39445, -4.4726, 0.45847]"
43,sub11,mae,1,sub11-c__0126__pickup.npy,11,pickup,11,0.993192,1,"[-0.70399, -5.17133, 4.07327, -3.20733, -13.50856, -5.09177, 5.12184, -1.13535, -0.77922, -4.71561, -2.58581, 12.98123, 7.9022, -4.83515, 3.74318, -3.72219, -4.94376, -3.75209, -0.07179, -5.72325, -4.58593, 0.65468]"
43,sub11,mae,1,sub11-c__0127__pushchair.npy,12,pushchair,12,0.79456824,1,"[1.89995, -4.3256, 4.55165, -5.39857, -13.44943, -6.09787, 2.78861, -2.8299, 2.01915, -4.58353, 0.88067, 6.55288, 8.13311, -7.37736, 1.94094, -2.40208, -7.57739, -2.56973, -0.56771, -2.08307, 0.47229, 3.7374]"
43,sub11,mae,1,sub11-c__0128__pushchair.npy,12,pushchair,12,0.9814068,1,"[0.83569, -4.15375, 3.33823, -6.11766, -14.00743, -5.36734, 3.00907, -1.89076, 2.2039, -3.44139, 1.23995, 5.94705, 10.18439, -7.97251, 1.37631, -3.08733, -6.55765, -2.74977, 0.38945, -1.44899, 1.84851, 3.7746]"
43,sub11,mae,1,sub11-c__0129__pushchair.npy,12,pushchair,12,0.9821306,1,"[0.84901, -3.8266, 3.87426, -6.11751, -13.95041, -5.7792, 2.68759, -2.33646, 2.25926, -3.30086, 1.86417, 5.76007, 10.13654, -7.89297, 1.37362, -3.38394, -6.52204, -3.10739, -0.15893, -1.48662, 1.91482, 3.88694]"
43,sub11,mae,1,sub11-c__0130__pushchair.npy,12,pushchair,12,0.9691891,1,"[1.09213, -3.91028, 3.94736, -5.87751, -13.96785, -5.78034, 2.52854, -2.27432, 2.38457, -3.67077, 1.51997, 5.95304, 9.71039, -7.82138, 1.41181, -3.1454, -6.68976, -3.00486, -0.31332, -1.89108, 1.53269, 3.8424]"
43,sub11,mae,1,sub11-c__0131__pushchair.npy,12,pushchair,12,0.9802234,1,"[0.96629, -4.54735, 3.96396, -6.32094, -14.20157, -5.56749, 2.88018, -1.81017, 2.08173, -3.20249, 1.04222, 5.88786, 10.1487, -8.03649, 0.47828, -2.71955, -6.87746, -2.71111, -0.23229, -1.68218, 2.43435, 4.03763]"
