seed,subject,method,k,file,true_id,true_label,pred_id,conf,correct,logits
43,sub10,mae,0,sub10-a__0001__wave.npy,21,wave,21,0.99886775,1,"[3.35966, 1.75632, 0.29914, -0.56256, -5.59907, -6.67358, -3.14587, 4.83295, 3.9283, -9.73537, -1.43277, -4.39936, -0.55164, 0.34555, -0.58343, -3.18843, -4.22813, -1.77661, 8.32526, -6.04231, -0.00217, 15.1588]"
43,sub10,mae,0,sub10-a__0002__wave.npy,21,wave,21,0.9884079,1,"[5.15618, 2.07252, 0.22632, -3.44347, -5.9391, -5.79159, -3.22944, 2.69603, 5.84888, -9.09545, -0.98836, -4.52834, -0.82332, -0.95684, -0.16583, -1.59862, -5.32638, -1.72387, 8.46725, -4.29767, 1.11297, 13.02245]"
43,sub10,mae,0,sub10-a__0003__wave.npy,21,wave,21,0.97768,1,"[5.66294, 2.55258, -0.29494, -2.96119, -5.58569, -4.98758, -3.559, 4.51571, 5.85715, -9.08467, -1.56314, -4.59337, -1.31688, -1.25602, 0.247, -2.02408, -5.07264, -2.29735, 8.07473, -4.70821, 0.88807, 12.06365]"
43,sub10,mae,0,sub10-a__0004__wave.npy,21,wave,21,0.9885648,1,"[5.43493, 2.56193, 0.11402, -2.90739, -5.66902, -5.22305, -3.83026, 3.68856, 5.91799, -8.97971, -1.10651, -4.73466, -1.13681, -1.09571, -0.02241, -2.0852, -5.06532, -2.24925, 7.66052, -4.34463, 1.31054, 12.39117]"
43,sub10,mae,0,sub10-a__0005__wave.npy,21,wave,21,0.9949044,1,"[5.85743, 3.31113, -0.27142, -0.11744, -4.92576, -5.12725, -3.87514, 5.48858, 3.26626, -9.84949, -1.98806, -5.45997, -1.62919, 0.88528, -0.10682, -2.53727, -4.27161, -2.26026, 6.97405, -5.70988, 0.88331, 12.72545]"
43,sub10,mae,0,sub10-a__0006__wave.npy,21,wave,21,0.9973514,1,"[5.42407, 2.91522, 0.44499, -0.80883, -5.5376, -5.52734, -3.4713, 4.38817, 3.48863, -9.73719, -1.5732, -5.4964, -1.182, 0.86171, -0.21059, -2.53327, -4.5304, -2.12807, 7.3302, -5.57941, 1.2948, 13.47739]"
43,sub10,mae,0,sub10-a__0007__bow.npy,2,bow,2,0.99999225,1,"[1.84779, 0.00995, 18.7835, -3.50388, -9.13045, -3.67246, 6.99534, -6.28239, 0.12376, -2.1483, 1.10003, 2.10084, -4.64023, -0.23157, 2.40675, -0.82112, -8.26363, 2.08202, 1.01735, -0.72079, -0.95752, 1.75977]"
43,sub10,mae,0,sub10-a__0008__bow.npy,2,bow,2,0.9999862,1,"[1.0584, -0.77019, 18.85238, -3.40833, -8.58707, -3.41274, 7.63115, -6.31872, -0.33249, -1.17276, 0.91444, 3.5764, -4.82476, -0.79328, 1.91607, -0.40765, -8.10065, 2.59148, 0.30809, -0.57754, -1.83426, 1.02397]"
43,sub10,mae,0,sub10-a__0009__bow.npy,2,bow,2,0.9999871,1,"[0.54216, -0.48337, 18.63118, -3.37166, -8.19462, -3.42069, 7.32783, -6.89186, -0.34007, -0.70056, 1.37868, 3.51359, -4.82792, -0.11011, 2.41357, -0.66461, -7.51841, 2.56479, -0.28088, -0.73188, -2.44464, 0.65236]"
43,sub10,mae,0,sub10-a__0010__bow.npy,2,bow,2,0.99999213,1,"[1.05422, -0.49249, 19.10451, -3.10412, -8.47273, -3.5449, 7.31928, -6.5273, -0.26069, -1.27787, 0.84178, 2.96584, -4.92855, -0.44811, 1.80952, -0.35994, -8.03295, 2.64196, 0.10868, -0.44437, -1.74683, 1.31261]"
43,sub10,mae,0,sub10-a__0011__bow.npy,2,bow,2,0.99999094,1,"[1.29689, -0.26052, 19.02157, -3.26219, -8.83529, -3.55056, 7.37728, -6.41265, -0.29916, -1.75146, 1.00401, 3.03633, -4.34105, -0.39327, 1.99982, -0.70331, -8.07337, 2.15501, 0.32202, -0.79924, -1.70801, 1.50652]"
43,sub10,mae,0,sub10-a__0012__bow.npy,2,bow,2,0.9999926,1,"[0.53311, -0.9414, 18.95987, -3.14424, -8.22717, -3.82529, 7.06912, -7.00138, -0.32386, -0.78751, 1.52276, 4.18379, -4.61735, -0.4223, 2.09071, -0.80107, -7.66657, 2.56928, -0.58325, -0.50944, -2.64771, 1.05115]"
43,sub10,mae,0,sub10-a__0013__crossarms.npy,5,crossarms,5,0.9995239,1,"[0.30718, 3.80635, -5.70693, 0.76455, 0.69227, 13.24973, 3.21592, 2.09018, -5.60545, 1.88955, -0.76679, -2.00012, -4.94721, 4.49293, 2.58233, -1.55444, 4.228, -1.05074, 2.00405, -4.67559, -0.38753, -10.85436]"
43,sub10,mae,0,sub10-a__0014__crossarms.npy,5,crossarms,5,0.8742583,1,"[0.34256, 4.45863, -5.00705, 6.14206, 1.28105, 10.86538, 2.59765, 0.23789, -9.05301, 0.64053, 0.51082, -3.5359, -4.59234, 8.8012, 2.9568, -3.09742, 5.66215, -0.73973, 0.18298, -4.99931, 0.18861, -9.95258]"
43,sub10,mae,0,sub10-a__0015__crossarms.npy,5,crossarms,5,0.81100905,1,"[0.01378, 4.7895, -4.90473, 7.08055, 0.97255, 11.03065, 2.64781, -0.03023, -9.59317, 0.04085, -0.06864, -3.66181, -4.03853, 9.4387, 2.42626, -3.19821, 6.16935, -0.44782, -0.05519, -5.6553, -0.03055, -9.43292]"
43,sub10,mae,0,sub10-a__0016__crossarms.npy,5,crossarms,5,0.6129543,1,"[0.45373, 4.31937, -4.42378, 7.13903, 0.76896, 10.19003, 2.65529, -0.15338, -9.61729, 0.05017, 0.7747, -3.69605, -4.39007, 9.62846, 2.90782, -3.51449, 5.51799, -0.65008, 0.34049, -5.28247, 0.38496, -9.32887]"
43,sub10,mae,0,sub10-a__0017__crossarms.npy,5,crossarms,5,0.7424589,1,"[0.32256, 4.37164, -4.70926, 6.94604, 0.58127, 10.55015, 2.25092, -0.03605, -9.32168, -0.11809, 0.67482, -3.83283, -4.04101, 9.3737, 2.50436, -3.61199, 5.76595, -0.81585, 0.48345, -5.48353, 0.67748, -8.81184]"
43,sub10,mae,0,sub10-a__0018__airpunch.npy,1,airpunch,18,0.9950611,0,"[0.24223, 2.5636, 1.7529, -8.1785, -5.48481, -4.13859, 2.37791, 3.85458, 7.49612, -3.55236, 0.09702, -1.32555, -5.5468, -3.10434, 5.31896, -2.04407, -6.94418, -0.49782, 12.94878, -1.31626, -4.61683, -0.61013]"
43,sub10,mae,0,sub10-a__0019__airpunch.npy,1,airpunch,14,0.9805068,0,"[2.61329, 2.92969, 3.23543, -4.81769, -6.22588, -0.69341, 4.15368, -6.31974, 2.19208, 0.46023, 7.03991, -1.80208, -8.60019, 1.86379, 11.44219, -4.05432, -3.01204, 2.4325, 6.3181, 1.55672, 0.17122, -7.18412]"
43,sub10,mae,0,sub10-a__0020__airpunch.npy,1,airpunch,18,0.513604,0,"[1.60427, 2.32862, 1.2604, -10.57129, -6.53852, -3.94536, 0.71027, 2.25345, 12.0868, -3.15793, 0.29569, -0.79055, -5.60429, -6.28496, 6.58755, -1.4495, -7.44045, 0.22687, 12.14551, 0.68825, -2.85653, -1.31438]"
43,sub10,mae,0,sub10-a__0021__airpunch.npy,1,airpunch,18,0.88435596,0,"[1.32302, 1.16041, 0.92602, -11.15131, -5.93769, -4.49177, 0.5298, 3.54491, 11.28234, -3.1858, 0.24385, -1.21479, -4.92371, -5.52372, 5.79409, -1.21618, -6.94538, 0.02644, 13.32145, -0.98473, -3.81162, 0.55011]"
43,sub10,mae,0,sub10-a__0022__airpunch.npy,1,airpunch,18,0.8029634,0,"[0.79948, 2.83501, 0.79228, -10.18198, -5.49006, -3.63749, 0.73794, 2.73908, 10.20272, -3.34106, -0.4073, -0.43002, -4.82095, -5.49208, 5.44746, -0.66325, -6.9165, 0.63311, 11.61782, -0.18583, -4.02881, -1.0359]"
43,sub10,mae,0,sub10-a__0023__airpunch.npy,1,airpunch,18,0.9762822,0,"[1.60069, 1.88563, 1.10477, -8.7298, -6.32862, -5.01435, 1.1475, 2.76193, 9.73267, -4.77289, 0.12988, -1.86448, -5.42215, -3.546, 6.09442, -2.06109, -6.92797, 0.35933, 13.47848, -1.30911, -3.40531, 1.27569]"
43,sub10,mae,0,sub10-a__0024__airpunch.npy,1,airpunch,18,0.96439195,0,"[1.62718, 2.32708, 1.00599, -8.00471, -6.57006, -5.3185, 0.81115, 2.86308, 10.21196, -5.41634, 0.09895, -1.97372, -5.45577, -3.75791, 6.47081, -3.16758, -6.65581, -0.31252, 13.53613, -1.82474, -3.1316, 2.30011]"
43,sub10,mae,0,sub10-a__0025__drink.npy,7,drink,7,0.9944564,1,"[4.43858, 4.86055, -0.96257, 2.07096, -3.2742, -0.6624, -1.77608, 11.5497, 0.56417, -6.13302, -2.76861, -4.73359, -7.34471, 0.97056, 4.74692, -3.3402, -3.24928, -0.73921, 5.45196, -4.79198, 0.14677, -0.11028]"
43,sub10,mae,0,sub10-a__0026__drink.npy,7,drink,7,0.99194443,1,"[4.47905, 4.12043, -0.85397, 2.59101, -3.64772, -1.16049, -0.89586, 12.01064, -0.1944, -6.51443, -2.49055, -4.28859, -7.44817, 1.00464, 4.54869, -3.62356, -3.71242, -0.76382, 6.97625, -4.81236, 0.12104, -0.08946]"
43,sub10,mae,0,sub10-a__0027__drink.npy,7,drink,7,0.99737453,1,"[4.38686, 4.38016, -1.32623, 4.2344, -2.93569, -0.67664, -0.78734, 12.5143, -1.84851, -6.53894, -2.92226, -4.50871, -7.35095, 2.06086, 4.22765, -3.46832, -3.07501, -0.46742, 6.00745, -4.93026, 0.58782, -0.9598]"
43,sub10,mae,0,sub10-a__0028__drink.npy,7,drink,7,0.99871624,1,"[4.45225, 4.7239, -2.31955, 4.17147, -2.17687, 1.40355, -1.00913, 12.64716, -2.17876, -5.41716, -3.26359, -4.44484, -7.32705, 1.83209, 4.11454, -3.04399, -2.12924, -0.47501, 4.10347, -4.6981, 0.98206, -2.64108]"
43,sub10,mae,0,sub10-a__0029__drink.npy,7,drink,7,0.9990988,1,"[3.94357, 3.96221, -2.58685, 1.57303, -2.7392, 1.11227, -0.21618, 13.28271, -0.57824, -5.78583, -4.14238, -4.18144, -6.38149, 0.17374, 3.07221, -2.5393, -2.94283, -0.73878, 5.96168, -4.84588, 1.31508, -0.7321]"
43,sub10,mae,0,sub10-a__0030__drink.npy,7,drink,7,0.99953973,1,"[3.64694, 4.74978, -2.73287, 3.3116, -2.01624, 0.81115, -0.99041, 13.55943, -1.21439, -5.78137, -4.00158, -4.23098, -6.87326, 0.92921, 3.35835, -2.78785, -2.31243, -0.58531, 4.92963, -4.90494, 0.37083, -1.62749]"
43,sub10,mae,0,sub10-a__0031__brushteeth.npy,3,brushteeth,1,0.677845,0,"[-0.26305, 10.37992, -1.12738, -1.69902, 0.5662, 6.38397, 2.48777, -5.8727, -4.4124, -1.74758, -0.64458, -5.20576, -4.56846, 9.59083, 2.76671, 0.22752, 3.5271, 2.80294, -0.52689, -3.9245, -3.30997, -5.50308]"
43,sub10,mae,0,sub10-a__0032__brushteeth.npy,3,brushteeth,1,0.52288663,0,"[-0.17732, 9.58651, -2.36979, -2.15156, 0.32977, 7.9795, 2.97421, -5.67868, -4.92732, -1.21759, -0.31881, -5.13461, -4.06836, 9.23865, 2.35501, 0.37453, 3.62052, 2.3051, 0.35188, -3.62986, -1.26646, -6.29647]"
43,sub10,mae,0,sub10-a__0033__brushteeth.npy,3,brushteeth,1,0.3728685,0,"[0.27389, 9.14293, -2.5328, -2.00381, -0.02023, 8.92681, 3.16349, -5.37609, -5.56578, -1.1828, -1.15174, -6.08158, -3.38376, 9.00174, 1.15622, 1.26845, 3.36541, 1.99085, 0.19464, -3.52398, 1.19911, -5.82212]"
43,sub10,mae,0,sub10-a__0034__brushteeth.npy,3,brushteeth,1,0.60665506,0,"[-0.12058, 10.07561, -1.65437, -1.65326, 0.89931, 7.26123, 2.57429, -5.9522, -5.08698, -1.38637, -0.37508, -5.10065, -4.34624, 9.53891, 2.56086, 0.34282, 3.80724, 2.45789, -0.69727, -3.54393, -2.52972, -6.30281]"
43,sub10,mae,0,sub10-a__0035__brushteeth.npy,3,brushteeth,13,0.47785947,0,"[0.11198, 9.32209, -1.93729, -1.53899, 0.29098, 8.73932, 3.60931, -5.62773, -6.10782, -1.14376, -1.29095, -5.94593, -3.68368, 9.68233, 1.28713, 1.36982, 3.41868, 2.40783, -0.35292, -3.55733, 0.1155, -6.11887]"
43,sub10,mae,0,sub10-a__0036__highfive.npy,8,highfive,8,0.958966,1,"[3.26278, -0.01885, 0.85709, -12.07817, -6.23879, -3.84002, -1.49774, -0.16816, 14.00164, -1.21537, 3.08409, -0.27641, -5.02171, -8.02406, 7.35874, -2.21108, -6.59673, -1.0025, 10.81797, 2.18672, 0.25594, -0.95724]"
43,sub10,mae,0,sub10-a__0037__highfive.npy,8,highfive,8,0.95821214,1,"[3.49263, -0.46008, 1.15471, -12.38472, -6.1384, -3.16671, -0.84674, 0.12562, 13.41833, -0.07002, 3.53842, 0.66746, -5.28646, -8.38659, 7.83641, -2.22859, -6.80253, -0.96001, 10.19224, 2.42666, 0.39802, -2.91093]"
43,sub10,mae,0,sub10-a__0038__highfive.npy,8,highfive,8,0.9641151,1,"[3.86789, -0.55104, 1.10145, -12.09942, -6.07709, -3.13714, -1.15885, -0.2875, 13.1377, 0.01533, 4.21506, 0.86732, -5.02164, -8.48002, 7.99492, -2.49545, -6.61866, -1.461, 9.66674, 3.08572, 0.89079, -3.21037]"
43,sub10,mae,0,sub10-a__0039__highfive.npy,8,highfive,8,0.9457624,1,"[3.54809, -0.56838, 1.1125, -12.25989, -6.1708, -3.04909, -0.6879, 0.43558, 13.1886, 0.00895, 3.71527, 1.04853, -5.23209, -8.54288, 8.12968, -2.4467, -6.85593, -1.17703, 10.20892, 2.47981, 0.49417, -3.42705]"
43,sub10,mae,0,sub10-a__0040__highfive.npy,8,highfive,8,0.97561395,1,"[3.51339, -0.32956, 0.98926, -11.57471, -6.22767, -3.59836, -1.28369, -0.47292, 13.64032, -0.31346, 4.13294, 0.74628, -5.30571, -8.43752, 8.3138, -2.95686, -6.44363, -1.27215, 9.72766, 2.89251, 0.81914, -2.673]"
43,sub10,mae,0,sub10-a__0041__highfive.npy,8,highfive,8,0.9662161,1,"[4.15848, -0.40052, 1.0475, -11.27152, -6.35923, -3.50378, -1.55887, -0.72119, 13.04523, -0.14098, 4.809, 0.92884, -5.06676, -8.09952, 9.11204, -3.36983, -6.14303, -1.64939, 8.8405, 2.76317, 0.812, -3.03407]"
43,sub10,mae,0,sub10-a__0042__wave.npy,21,wave,21,0.4425804,1,"[3.49041, 1.91734, 0.65134, -6.32608, -6.73261, -6.26716, -3.66506, 3.37842, 10.46784, -7.34364, -0.47398, -3.93309, -2.84115, -3.14514, 3.53373, -2.58439, -5.38285, -0.80202, 9.92264, -4.30698, -1.67885, 10.69632]"
43,sub10,mae,0,sub10-a__0043__wave.npy,21,wave,8,0.44774708,0,"[3.60925, 1.89972, 1.19464, -6.62159, -6.96871, -6.42262, -3.64562, 2.48197, 10.88861, -7.2871, -0.34072, -4.12016, -3.02512, -3.21957, 3.53646, -2.38779, -5.58388, -0.51733, 9.69633, -3.83783, -1.30026, 10.814]"
43,sub10,mae,0,sub10-a__0044__wave.npy,21,wave,21,0.8208581,1,"[3.31178, 2.01707, 1.21748, -6.02705, -6.73585, -6.65999, -3.85858, 1.42352, 10.34536, -7.54996, -0.55477, -4.31675, -2.38597, -2.65856, 2.41418, -2.003, -5.27613, -0.35104, 9.36794, -3.81224, -1.20942, 12.18822]"
43,sub10,mae,0,sub10-a__0045__wave.npy,21,wave,18,0.5022497,0,"[4.31657, 2.33499, 1.05838, -4.96714, -6.8187, -5.71125, -3.03003, 3.59492, 9.06336, -7.77221, -0.86963, -4.47194, -4.40902, -2.25204, 4.15244, -2.78247, -5.60424, -0.46339, 9.99213, -4.05992, -0.86953, 9.45992]"
43,sub10,mae,0,sub10-a__0046__wave.npy,21,wave,21,0.93278724,1,"[4.12252, 2.5713, 1.18747, -3.75637, -6.51346, -6.4327, -4.26003, 3.63754, 8.62604, -8.22308, -0.69843, -5.09029, -3.36487, -1.59887, 3.08856, -2.92207, -4.93232, -0.8095, 8.53937, -4.6934, -0.90443, 11.92009]"
43,sub10,mae,0,sub10-a__0047__bow.npy,2,bow,2,0.99999595,1,"[1.38207, -0.67214, 18.50928, -3.47695, -9.028, -4.05026, 5.85872, -5.66743, 0.95985, -2.10491, 0.89476, 3.59429, -5.16212, -1.67535, 3.12602, -1.38421, -8.11364, 2.19241, 0.95085, -0.21293, -0.71413, 1.3831]"
43,sub10,mae,0,sub10-a__0048__bow.npy,2,bow,2,0.99999475,1,"[0.97172, -1.24292, 18.82485, -3.40744, -8.92653, -4.02627, 6.56221, -5.85981, 0.54559, -1.73559, 0.64041, 4.02018, -4.79802, -1.8095, 1.82248, -0.78986, -8.29836, 2.64383, 0.46662, -0.11245, -1.11399, 1.84761]"
43,sub10,mae,0,sub10-a__0049__bow.npy,2,bow,2,0.9999943,1,"[1.10701, -1.36005, 19.02631, -2.869, -8.68509, -3.58973, 6.83655, -5.93882, -0.40999, -1.53156, 0.70256, 4.60366, -4.82102, -1.45608, 1.71448, -0.72814, -8.20546, 2.65326, -0.28978, -0.1537, -1.33096, 1.15873]"
43,sub10,mae,0,sub10-a__0050__bow.npy,2,bow,2,0.9999951,1,"[0.81903, -1.09601, 19.28806, -3.14822, -8.63369, -3.71475, 6.96305, -5.99963, -0.05372, -1.72123, 0.19889, 4.5233, -4.68205, -1.48566, 1.5274, -0.5209, -8.29824, 2.8551, -0.18285, -0.5027, -1.86279, 1.70012]"
43,sub10,mae,0,sub10-a__0051__bow.npy,2,bow,2,0.9999927,1,"[0.77582, -1.43176, 18.75097, -3.26461, -8.60124, -3.63429, 6.70925, -5.63422, 0.20764, -1.32076, 0.46459, 5.09569, -5.10773, -1.94455, 2.11076, -0.8024, -8.12027, 2.83742, -0.05142, -0.43119, -1.7105, 1.05495]"
43,sub10,mae,0,sub10-a__0052__crossarms.npy,5,crossarms,5,0.99967563,1,"[-0.45343, 4.02527, -4.66555, -0.34629, -1.71943, 13.37424, 3.62612, 3.06895, -3.42196, 1.04765, -2.06169, -0.57816, -5.26102, 2.03676, 3.08075, -1.88004, 3.04842, 0.27012, 3.58683, -5.50971, -0.95789, -10.27979]"
43,sub10,mae,0,sub10-a__0053__crossarms.npy,5,crossarms,5,0.9991142,1,"[-0.28123, 3.10762, -4.24531, 0.80792, -2.01151, 12.38126, 3.8372, 2.70059, -3.99511, 0.99016, -1.13549, -0.68816, -5.61889, 2.51583, 3.67524, -2.57222, 2.74174, 0.17724, 3.93689, -4.94628, 0.03964, -10.10297]"
43,sub10,mae,0,sub10-a__0054__crossarms.npy,5,crossarms,5,0.99947804,1,"[-0.24405, 3.77049, -4.85367, 2.32123, -0.99652, 12.99502, 3.0604, 2.45528, -5.43096, 0.90974, -1.46238, -1.64182, -5.26634, 3.76955, 2.98984, -2.38815, 4.12849, 0.08993, 2.43215, -5.16275, 0.29216, -10.02779]"
43,sub10,mae,0,sub10-a__0055__crossarms.npy,5,crossarms,5,0.9988299,1,"[-0.11977, 4.17454, -4.79976, 1.16527, -1.39621, 12.16756, 2.4291, 3.16778, -4.21463, 0.096, -1.37716, -1.94698, -5.20119, 3.40473, 3.1921, -2.63125, 3.46344, -0.16037, 3.43332, -5.40717, 0.16594, -8.97264]"
43,sub10,mae,0,sub10-a__0056__crossarms.npy,5,crossarms,5,0.9975936,1,"[-0.12782, 5.18514, -4.38074, 2.85057, -1.58855, 12.19207, 2.0156, 1.86414, -5.38154, -0.69471, -1.56884, -2.56081, -4.60321, 4.9237, 3.10452, -3.22556, 4.52525, -0.01859, 2.27808, -5.982, 0.06015, -8.27931]"
43,sub10,mae,0,sub10-a__0057__airpunch.npy,1,airpunch,8,0.5236554,0,"[2.12266, 2.85673, 0.24837, -7.80008, -6.28651, -4.81274, -0.60789, 3.21945, 12.4162, -5.22671, -0.75132, -3.02807, -6.68382, -4.88295, 6.63303, -2.5031, -6.38732, 0.14039, 12.31785, -0.72588, -1.88842, 1.85477]"
43,sub10,mae,0,sub10-a__0058__airpunch.npy,1,airpunch,8,0.6612415,0,"[1.57554, 2.23593, 0.51924, -9.12311, -6.41194, -4.883, -0.42381, 1.76329, 13.04024, -4.52016, -0.0008, -1.81464, -5.86152, -5.57404, 6.43167, -2.55093, -6.1286, 0.08247, 12.36863, -0.35071, -2.59593, 1.89744]"
43,sub10,mae,0,sub10-a__0059__airpunch.npy,1,airpunch,18,0.8121433,0,"[2.05185, 1.18392, 0.34523, -10.86793, -5.9663, -4.47046, 0.51936, 3.47046, 12.04426, -2.95335, 0.77452, -1.36266, -5.4647, -5.67163, 7.53752, -2.49829, -6.56392, -1.20348, 13.51953, -0.79132, -3.01531, -0.48272]"
43,sub10,mae,0,sub10-a__0060__airpunch.npy,1,airpunch,18,0.98292464,0,"[2.02738, 2.11271, 0.13255, -8.68216, -5.52673, -4.0505, 1.87896, 4.08411, 9.41143, -3.85789, 0.33817, -1.31552, -6.61268, -3.84999, 8.14881, -3.20912, -6.28968, -1.07135, 13.7189, -1.0912, -3.42201, -1.85477]"
43,sub10,mae,0,sub10-a__0061__airpunch.npy,1,airpunch,18,0.92883295,0,"[2.18554, 1.55923, 0.21621, -9.25622, -5.73174, -3.68723, 1.32416, 4.12344, 10.36062, -3.2898, 0.74452, -1.26748, -6.88048, -4.51918, 8.55507, -3.16439, -6.16249, -0.86298, 13.08399, -0.81705, -3.07757, -2.08534]"
43,sub10,mae,0,sub10-a__0062__airpunch.npy,1,airpunch,18,0.9530503,0,"[2.16042, 2.54047, -0.3993, -7.83746, -5.3215, -4.05603, 0.5913, 4.86601, 10.04971, -4.58529, -0.3444, -2.27391, -6.81486, -3.93326, 7.39797, -2.94776, -6.02516, -0.87925, 13.13472, -1.44885, -2.95296, -0.60112]"
43,sub10,mae,0,sub10-a__0063__drink.npy,7,drink,7,0.99665594,1,"[3.28667, 3.51472, -2.491, -0.98243, -2.89115, 1.21167, 0.00248, 12.43323, 1.72368, -4.48264, -3.48158, -3.34831, -6.78355, -1.32846, 4.22647, -2.46263, -3.15616, -0.93287, 6.55146, -3.98928, 0.48108, -2.15643]"
43,sub10,mae,0,sub10-a__0064__drink.npy,7,drink,7,0.9987313,1,"[4.34806, 5.25902, -2.11174, 4.22393, -2.35146, 0.44548, -1.93802, 12.8392, -1.05812, -6.18777, -3.38043, -4.65915, -7.05347, 1.39841, 4.26716, -3.40777, -2.0931, -0.87028, 4.09968, -4.8213, 0.55592, -1.43549]"
43,sub10,mae,0,sub10-a__0065__drink.npy,7,drink,7,0.9972927,1,"[2.94994, 2.85605, -2.74675, -1.0167, -2.93994, 2.83101, 1.65699, 12.70799, 0.30446, -3.39879, -3.58106, -2.92035, -7.07874, -1.03836, 4.10462, -2.04428, -3.14332, -0.4653, 6.64708, -4.00523, 1.35247, -4.12695]"
43,sub10,mae,0,sub10-a__0066__drink.npy,7,drink,7,0.9990626,1,"[3.52975, 4.13694, -2.57223, 1.4876, -2.56813, 1.51846, -0.38179, 13.13988, 0.05377, -4.69712, -3.26256, -3.5848, -7.4952, -0.11358, 4.40379, -2.71213, -2.75045, -0.5309, 5.65203, -4.23728, 0.34402, -3.37715]"
43,sub10,mae,0,sub10-a__0067__drink.npy,7,drink,7,0.99791723,1,"[3.92486, 4.52169, -1.8369, 2.06009, -2.97927, -0.38482, -1.3974, 12.78691, 0.68594, -6.06808, -3.27471, -4.2008, -7.29086, 0.07271, 4.44055, -3.25341, -3.14491, -0.73219, 6.22355, -4.55127, 0.1105, -0.82002]"
43,sub10,mae,0,sub10-a__0068__drink.npy,7,drink,7,0.9994597,1,"[2.9892, 3.74439, -3.17764, 1.06749, -2.40656, 2.97012, 0.61085, 13.39257, -0.60356, -4.12755, -4.01186, -3.43807, -6.97078, -0.21744, 3.68343, -2.28964, -2.32064, -0.39306, 5.40356, -4.48452, 1.22084, -3.8917]"
43,sub10,mae,0,sub10-a__0069__brushteeth.npy,3,brushteeth,13,0.8685643,0,"[-0.28082, 12.27562, -1.61693, 4.47058, 0.54603, 1.87435, 0.0301, -3.48494, -6.89328, -7.00936, -4.56592, -9.59861, -1.75853, 14.16522, 0.2156, 0.26269, 4.85466, 3.46286, -1.94742, -7.24214, -1.44548, 2.45379]"
43,sub10,mae,0,sub10-a__0070__brushteeth.npy,3,brushteeth,1,0.8207156,0,"[-0.50459, 10.41786, -2.10347, -2.36046, 0.14887, 6.44582, 1.89473, -5.86136, -3.59125, -2.06648, -0.23032, -4.78722, -4.27787, 8.79177, 3.16421, -0.33435, 3.91725, 2.45763, 0.42983, -3.67154, -2.62059, -5.58351]"
43,sub10,mae,0,sub10-a__0071__brushteeth.npy,3,brushteeth,1,0.7934892,0,"[-0.72521, 9.80846, -1.67305, -2.449, -0.25157, 6.40424, 2.6231, -6.0702, -3.55775, -1.34213, 0.2141, -4.16821, -4.74284, 8.29639, 3.87504, -0.73277, 3.64925, 2.54645, 0.97801, -3.47184, -2.67249, -6.28131]"
43,sub10,mae,0,sub10-a__0072__brushteeth.npy,3,brushteeth,1,0.79781574,0,"[-0.7966, 9.51787, -1.22362, -2.56245, -1.00667, 5.68312, 2.46673, -6.19421, -3.23162, -1.7544, 0.85197, -4.13203, -4.45139, 8.01837, 4.12877, -1.25986, 3.23121, 2.26436, 1.26161, -3.06327, -1.92419, -5.79255]"
43,sub10,mae,0,sub10-a__0073__brushteeth.npy,3,brushteeth,1,0.7902885,0,"[-0.33664, 10.15797, -1.61505, -2.18397, 0.04735, 5.91336, 1.81185, -6.11895, -3.70806, -1.88152, 0.55026, -4.62503, -4.48525, 8.7599, 3.69712, -0.75165, 3.67109, 2.29679, 0.40564, -3.29673, -2.55512, -5.90719]"
43,sub10,mae,0,sub10-a__0074__brushteeth.npy,3,brushteeth,1,0.7772138,0,"[-0.44425, 10.0277, -1.65174, -2.1274, 0.11227, 6.64595, 2.37937, -5.99096, -4.07021, -1.53868, 0.17332, -4.40554, -4.5496, 8.63312, 3.63399, -0.57903, 3.74256, 2.35326, 0.31325, -3.40342, -2.65203, -6.42097]"
43,sub10,mae,0,sub10-a__0075__brushteeth.npy,3,brushteeth,1,0.7933088,0,"[-0.39406, 8.88661, -0.64053, -2.79848, -1.36824, 5.25501, 2.72318, -6.20766, -2.77616, -1.4326, 1.44716, -3.47142, -5.13601, 7.32526, 4.80348, -1.4993, 2.63831, 2.35116, 1.95394, -2.83483, -2.34299, -6.1462]"
43,sub10,mae,0,sub10-a__0076__highfive.npy,8,highfive,8,0.9798308,1,"[3.33582, 0.0051, 0.39568, -12.32848, -6.05305, -3.46219, -1.80747, 0.05846, 14.12132, -1.11096, 2.82357, 0.08607, -4.19321, -8.60556, 6.54916, -1.8041, -6.38248, -1.37208, 10.21032, 2.63456, 0.72722, -1.06377]"
43,sub10,mae,0,sub10-a__0077__highfive.npy,8,highfive,8,0.97335887,1,"[2.75846, -0.06527, 1.05805, -11.69485, -6.69684, -4.44738, -1.4618, -0.27029, 14.36822, -1.6306, 2.63401, -0.26179, -4.85372, -7.89434, 7.44477, -2.47765, -6.43993, -0.51267, 10.73237, 1.39877, -0.08879, 0.24198]"
43,sub10,mae,0,sub10-a__0078__highfive.npy,8,highfive,8,0.98311144,1,"[3.39308, -0.15713, 1.00799, -12.35627, -6.27113, -3.41169, -1.46939, 0.13134, 14.18572, -0.5885, 3.15141, 0.22779, -5.20282, -8.40483, 7.77052, -2.07282, -6.59044, -0.85696, 10.01835, 2.25327, 0.20227, -2.08592]"
43,sub10,mae,0,sub10-a__0079__highfive.npy,8,highfive,8,0.95964915,1,"[3.42893, -0.54784, 1.19085, -12.49199, -6.31104, -3.431, -0.87408, 0.14252, 13.65772, -0.29102, 3.47251, 0.67892, -5.36109, -8.45443, 8.08544, -2.11593, -6.81517, -0.83365, 10.39142, 2.37819, 0.27304, -2.74882]"
43,sub10,mae,0,sub10-a__0080__highfive.npy,8,highfive,8,0.9740598,1,"[2.72445, -0.15276, 1.0842, -11.702, -6.50127, -4.22911, -1.3018, -0.31101, 14.17782, -1.21576, 2.74033, 0.02656, -5.13852, -8.21226, 7.64161, -2.41285, -6.50767, -0.51694, 10.49488, 1.87706, 0.31741, -0.48856]"
43,sub10,mae,0,sub10-a__0081__highfive.npy,8,highfive,8,0.9851281,1,"[2.98356, 0.46645, 0.93988, -11.72006, -6.52537, -4.6103, -2.3451, 0.45819, 14.91325, -2.49276, 2.20738, -1.01694, -4.68547, -7.82956, 6.92807, -2.18799, -6.50813, -0.89047, 10.69616, 1.34225, -0.32636, 1.17124]"
43,sub10,mae,0,sub10-a__0082__wave.npy,21,wave,8,0.8962794,0,"[3.62021, 1.63723, 0.58895, -7.40416, -6.39619, -4.9617, -4.05167, 3.65833, 11.46169, -6.29093, -0.36317, -3.05506, -2.70821, -5.02021, 3.52005, -2.57787, -5.38171, -1.64678, 8.63999, -2.97494, -0.19904, 8.56069]"
43,sub10,mae,0,sub10-a__0083__wave.npy,21,wave,8,0.89994067,0,"[3.87613, 1.89175, 0.97805, -7.74951, -6.94877, -5.45113, -3.65437, 2.10996, 12.12887, -6.33014, -0.33901, -3.63852, -3.70712, -4.66636, 4.27692, -2.12795, -5.82016, -0.7122, 9.66768, -2.49357, -0.49146, 8.44378]"
43,sub10,mae,0,sub10-a__0084__wave.npy,21,wave,8,0.78816885,0,"[3.46693, 1.71822, 1.10305, -7.54263, -7.02821, -6.34956, -3.44562, 0.62927, 12.02847, -6.82195, -0.06126, -3.37413, -3.35946, -4.56521, 3.87206, -1.99044, -5.98643, -0.31096, 10.40205, -1.85401, -0.27181, 9.39147]"
43,sub10,mae,0,sub10-a__0085__wave.npy,21,wave,21,0.8335807,1,"[4.66669, 3.11798, 1.00165, -3.811, -6.10193, -5.66834, -5.58213, 4.41363, 9.28099, -8.07946, -0.72195, -4.67765, -2.92282, -2.5108, 3.06807, -3.15453, -4.52079, -1.61234, 6.49212, -4.21341, -0.47221, 10.9725]"
43,sub10,mae,0,sub10-a__0086__wave.npy,21,wave,21,0.85851294,1,"[4.00657, 2.7843, 1.31117, -4.03808, -6.40258, -6.29194, -5.24501, 4.1548, 9.74117, -8.27085, -0.66578, -4.28606, -2.69023, -3.05485, 3.01433, -3.43868, -4.83119, -1.61671, 7.41311, -4.14054, -0.53506, 11.64575]"
43,sub10,mae,0,sub10-a__0087__bow.npy,2,bow,2,0.9999981,1,"[0.85238, -0.71326, 19.61779, -2.83882, -8.69494, -3.76871, 6.28752, -5.84792, 0.02034, -2.10502, -0.14572, 4.0509, -4.76436, -1.44231, 1.69799, -0.79689, -8.18755, 2.38638, 0.10958, -0.12842, -1.1425, 1.61692]"
43,sub10,mae,0,sub10-a__0088__bow.npy,2,bow,2,0.9999964,1,"[0.58924, -1.03971, 19.28828, -3.28403, -8.75738, -3.84205, 6.55823, -5.61348, 0.46208, -1.85542, -0.09898, 4.75593, -4.92234, -1.86921, 1.99612, -0.83057, -8.23701, 2.73563, 0.25782, -0.63674, -1.75486, 1.60913]"
43,sub10,mae,0,sub10-a__0089__bow.npy,2,bow,2,0.99999523,1,"[0.50882, -1.51527, 19.13819, -2.68448, -8.27188, -3.6006, 6.63183, -6.04498, -0.38489, -1.24706, 0.31717, 5.22787, -4.93798, -1.72169, 1.41446, -0.66832, -8.00344, 2.85938, -0.55267, 0.01187, -1.66974, 1.00809]"
43,sub10,mae,0,sub10-a__0090__bow.npy,2,bow,2,0.99999,1,"[0.674, -1.64965, 18.61845, -3.20949, -8.66099, -3.62342, 6.86724, -5.63401, 0.16801, -1.5152, 0.30362, 5.39572, -4.90994, -2.26269, 1.82251, -0.80857, -8.1329, 2.88302, -0.02659, -0.17437, -1.67774, 1.1813]"
43,sub10,mae,0,sub10-a__0091__bow.npy,2,bow,2,0.9999939,1,"[0.17657, -1.42728, 19.24534, -3.31326, -8.98332, -3.57586, 7.09884, -5.62286, 0.33062, -1.78236, -0.33835, 4.86382, -4.33991, -2.28838, 1.10048, -0.53107, -8.30463, 2.9341, -0.02252, -0.32623, -1.46096, 2.03594]"
43,sub10,mae,0,sub10-a__0092__crossarms.npy,5,crossarms,5,0.99917763,1,"[-0.40234, 3.27889, -4.73324, -0.07484, -1.64853, 12.6873, 4.09134, 3.44741, -3.94852, 1.28028, -1.55808, -0.27933, -5.60356, 2.06852, 3.73156, -2.16163, 2.6845, 0.26728, 4.3282, -5.11538, -0.41688, -10.98981]"
43,sub10,mae,0,sub10-a__0093__crossarms.npy,5,crossarms,5,0.9987556,1,"[-0.27694, 3.8693, -3.7877, 2.36821, -2.31265, 12.17851, 3.49106, 1.9305, -4.95733, -0.01375, -1.3546, -0.98721, -5.5024, 3.33873, 3.85611, -3.51921, 3.41455, 0.24063, 3.49999, -5.19349, 0.28166, -9.49142]"
43,sub10,mae,0,sub10-a__0094__crossarms.npy,5,crossarms,5,0.99975544,1,"[-0.37298, 2.44671, -5.13062, 0.15573, -1.81274, 13.65369, 4.24278, 3.00031, -4.24719, 1.79122, -1.43935, -0.15351, -5.10964, 1.90226, 3.01007, -2.11118, 3.19333, 0.12258, 3.75838, -4.88763, 0.80183, -10.70063]"
43,sub10,mae,0,sub10-a__0095__crossarms.npy,5,crossarms,5,0.9996111,1,"[-0.25482, 3.03934, -4.62806, 1.77932, -1.64077, 13.15301, 3.71439, 2.36641, -5.16956, 1.23477, -1.31603, -0.52045, -5.27663, 2.85451, 3.38642, -2.66323, 3.71528, 0.24455, 3.25072, -4.94303, 0.44436, -10.69503]"
43,sub10,mae,0,sub10-a__0096__crossarms.npy,5,crossarms,5,0.9996493,1,"[-0.4041, 3.50004, -5.21372, 2.76464, -1.25143, 13.51629, 2.80917, 2.18106, -5.47527, 0.78835, -1.51038, -1.28519, -4.73397, 3.53663, 2.69124, -2.7743, 4.79902, 0.05361, 2.13778, -5.29655, 0.60071, -9.78397]"
43,sub10,mae,0,sub10-a__0097__crossarms.npy,5,crossarms,5,0.9993735,1,"[-0.4848, 3.65342, -4.97933, 2.89763, -1.06598, 13.0133, 2.92484, 1.98374, -5.67756, 0.9028, -1.4645, -1.52817, -4.92148, 3.87523, 2.97991, -2.71417, 4.7566, 0.10378, 1.99607, -5.13287, 0.57046, -9.81924]"
43,sub10,mae,0,sub10-a__0098__crossarms.npy,5,crossarms,5,0.9996749,1,"[-0.51676, 3.31342, -4.98538, 2.02837, -1.27817, 13.43828, 3.04834, 1.86482, -5.26516, 1.26722, -1.24992, -0.74627, -4.79447, 3.14405, 2.97859, -2.71092, 4.60694, 0.07513, 2.25644, -5.10775, 0.32256, -10.28509]"
43,sub10,mae,0,sub10-a__0099__airpunch.npy,1,airpunch,8,0.76511645,0,"[1.89576, 3.38644, -0.35535, -6.35292, -4.91291, -3.09809, -1.03598, 4.87951, 10.97765, -3.80264, -0.65371, -2.30102, -8.0467, -4.50223, 7.79912, -2.8029, -4.91992, 0.24729, 9.6398, -0.24763, -2.73737, -1.89232]"
43,sub10,mae,0,sub10-a__0100__airpunch.npy,1,airpunch,8,0.8859559,0,"[2.29387, 2.90072, -0.02689, -7.9432, -5.9076, -3.9236, -1.33395, 3.43004, 12.68714, -4.25207, -0.44496, -2.38759, -7.10431, -5.33565, 7.2406, -2.56185, -5.52196, -0.02759, 10.6014, -0.20666, -2.32719, 0.31557]"
43,sub10,mae,0,sub10-a__0101__airpunch.npy,1,airpunch,8,0.548402,0,"[1.84565, 2.55889, -0.13372, -7.82096, -5.44043, -2.78928, -0.10833, 4.19196, 10.95011, -2.97983, 0.07147, -2.02628, -7.88488, -4.75051, 8.10594, -2.49637, -5.37696, 0.54301, 10.68052, -0.1986, -2.69086, -2.37499]"
43,sub10,mae,0,sub10-a__0102__airpunch.npy,1,airpunch,8,0.62382215,0,"[1.73615, 1.16321, 0.22776, -10.77722, -6.07637, -3.78108, 0.1049, 4.12617, 12.90962, -2.59637, -0.05212, -1.2576, -6.49358, -6.80029, 7.31516, -1.37105, -6.43524, 0.56052, 12.39731, -0.1746, -2.44697, -1.03884]"
43,sub10,mae,0,sub10-a__0103__airpunch.npy,1,airpunch,18,0.912137,0,"[1.96831, 2.20153, 0.56606, -8.58885, -6.09974, -4.03697, 1.33888, 3.15157, 11.00803, -3.97383, -0.3186, -2.13695, -7.71618, -4.7798, 8.099, -2.73215, -6.41549, 0.49017, 13.4019, -0.39273, -2.24461, -0.97232]"
43,sub10,mae,0,sub10-a__0104__drink.npy,7,drink,7,0.99835485,1,"[2.96998, 3.3073, -3.02747, -0.69651, -3.22448, 3.09786, 1.46697, 12.78473, 0.24867, -4.18711, -4.57687, -3.74794, -6.26448, -0.89526, 3.60208, -2.11349, -2.71509, -0.70726, 6.13876, -4.64774, 2.42331, -2.45542]"
43,sub10,mae,0,sub10-a__0105__drink.npy,7,drink,7,0.9996208,1,"[2.82268, 3.65931, -3.4819, 1.11027, -2.48457, 3.35285, 0.99644, 13.65328, -0.79038, -4.147, -4.48935, -3.55022, -6.70064, -0.25016, 3.61699, -2.24004, -2.0962, -0.2958, 5.23659, -4.78639, 1.57916, -3.7254]"
43,sub10,mae,0,sub10-a__0106__drink.npy,7,drink,7,0.99952686,1,"[3.27756, 4.18409, -2.91862, 2.08867, -2.37987, 2.16177, -0.20081, 13.41717, -0.61453, -4.65782, -3.7608, -3.67236, -7.18388, 0.18859, 4.13003, -2.72539, -2.21258, -0.38272, 4.94853, -4.64879, 0.72362, -3.46315]"
43,sub10,mae,0,sub10-a__0107__drink.npy,7,drink,7,0.9993204,1,"[3.25584, 3.86115, -3.08098, 1.51282, -2.27877, 2.04425, 0.00815, 13.27707, -0.43175, -4.27349, -3.45039, -3.50734, -7.39636, -0.0081, 4.34272, -2.57684, -2.39816, -0.39358, 5.4321, -4.26095, 0.68017, -3.83123]"
43,sub10,mae,0,sub10-a__0108__drink.npy,7,drink,21,0.5818284,0,"[4.50682, 4.56774, 0.11548, 5.55341, -5.83354, -4.32403, -1.24436, 7.03724, -1.28806, -10.19905, -3.5779, -7.13269, -4.8973, 3.41153, 2.99085, -4.06295, -3.42364, 0.0412, 7.25147, -5.15101, 4.81136, 8.3916]"
43,sub10,mae,0,sub10-a__0109__brushteeth.npy,3,brushteeth,13,0.8785951,0,"[0.48643, 11.87038, -1.10692, 2.90065, 0.58362, 0.66644, -0.70619, -4.30134, -5.96009, -6.61986, -3.43154, -9.96932, -1.65345, 13.85031, 0.2197, 0.43443, 3.65174, 2.87717, -1.30238, -6.0606, -0.22994, 3.03225]"
43,sub10,mae,0,sub10-a__0110__brushteeth.npy,3,brushteeth,1,0.7644977,0,"[-0.85874, 10.18606, -1.17033, -1.88614, 0.12297, 6.26864, 2.64687, -6.09328, -3.97958, -1.67271, -0.71263, -4.6341, -4.43468, 8.92704, 3.06693, 0.04301, 3.93788, 3.03191, -0.54851, -3.7206, -3.28015, -5.66338]"
43,sub10,mae,0,sub10-a__0111__brushteeth.npy,3,brushteeth,1,0.7733302,0,"[-1.14353, 9.71222, -0.47078, -2.40309, -0.48764, 6.03829, 3.02351, -6.4466, -3.73722, -1.36019, -0.24441, -4.14956, -4.49372, 8.37306, 3.10083, -0.21259, 3.29764, 2.93457, 0.26978, -3.34464, -2.84422, -5.77233]"
43,sub10,mae,0,sub10-a__0112__brushteeth.npy,3,brushteeth,1,0.8070779,0,"[-1.02375, 10.02184, -1.27147, -1.99201, -0.08819, 6.3786, 2.60873, -6.29085, -3.92792, -1.67955, -0.22954, -4.20322, -4.32511, 8.45296, 3.07017, -0.4586, 3.91168, 2.60651, 0.20791, -3.34647, -2.76705, -5.9929]"
43,sub10,mae,0,sub10-a__0113__brushteeth.npy,3,brushteeth,1,0.7328431,0,"[-0.59445, 10.158, -1.13164, -2.05808, -0.16805, 5.94532, 2.11166, -6.31103, -4.0463, -2.08353, 0.03012, -4.78365, -4.01843, 9.09861, 2.82508, -0.33875, 3.61572, 2.493, 0.05823, -3.48306, -2.32296, -5.31643]"
43,sub10,mae,0,sub10-a__0114__highfive.npy,8,highfive,8,0.97578657,1,"[3.66828, -0.36664, 1.34351, -12.24149, -6.43622, -4.36798, -1.63572, -1.15517, 14.08723, -0.8544, 3.7375, -0.03558, -5.34495, -8.06991, 8.0778, -2.14199, -6.6002, -0.67196, 10.28307, 2.76416, 0.45437, -1.29785]"
43,sub10,mae,0,sub10-a__0115__highfive.npy,8,highfive,8,0.9795902,1,"[3.04262, 0.10361, 0.98915, -12.37673, -6.30941, -4.0247, -1.80012, 0.30958, 14.59241, -1.43142, 2.6212, -0.38878, -5.14989, -8.03789, 7.20238, -1.8067, -6.57675, -0.54147, 10.6901, 1.76648, -0.52923, -0.51204]"
43,sub10,mae,0,sub10-a__0116__highfive.npy,8,highfive,8,0.9851002,1,"[2.95536, 0.16537, 1.0901, -11.46003, -6.78426, -4.71332, -2.27691, 0.05453, 14.68436, -2.3979, 2.31351, -0.85946, -4.51362, -7.73821, 6.83843, -2.30949, -6.40534, -0.74503, 10.46546, 1.08156, -0.00985, 1.65268]"
43,sub10,mae,0,sub10-a__0117__highfive.npy,8,highfive,8,0.97961843,1,"[2.71354, 0.4139, 1.99797, -10.12145, -7.18624, -5.4226, -2.03032, -1.43026, 13.92969, -3.12647, 2.52852, -0.9953, -5.08548, -6.90459, 7.30008, -2.63513, -6.32527, 0.11565, 9.989, 1.45203, 0.33112, 2.49579]"
43,sub10,mae,0,sub10-a__0118__highfive.npy,8,highfive,8,0.9862112,1,"[3.24186, 0.39457, 1.90033, -10.22136, -7.20177, -5.05655, -2.22467, -1.5576, 13.82847, -2.84025, 2.80935, -0.72832, -4.95974, -7.1555, 7.51784, -2.78648, -6.24524, -0.17285, 9.41384, 1.84734, 0.82038, 1.75001]"
43,sub10,mae,0,sub10-a__0119__highfive.npy,8,highfive,8,0.9749024,1,"[3.01925, 0.30146, 2.29795, -10.14505, -7.11039, -5.18968, -1.57727, -1.91161, 13.36131, -2.75624, 2.64045, -0.37943, -5.43882, -7.04089, 7.56395, -2.39973, -6.48187, 0.38191, 9.57198, 2.08351, 0.59785, 1.25153]"
43,sub10,mae,0,sub10-a__0120__wave.npy,21,wave,8,0.9483501,0,"[3.81593, 2.04295, 0.88024, -7.36156, -6.72831, -4.93184, -3.89754, 4.29458, 12.00279, -5.96255, -0.25041, -3.53112, -4.1627, -4.79948, 5.10684, -2.86317, -5.53559, -1.16477, 8.89745, -3.06261, -0.90223, 7.15457]"
43,sub10,mae,0,sub10-a__0121__wave.npy,21,wave,8,0.87633854,0,"[3.52678, 1.15756, 1.76276, -8.53619, -7.42783, -6.00291, -3.20624, 1.33543, 12.146, -5.75396, 0.77001, -3.20832, -3.4243, -4.65716, 4.95399, -2.48463, -6.06594, -0.58329, 10.05483, -2.39238, -0.4486, 8.04453]"
43,sub10,mae,0,sub10-a__0122__wave.npy,21,wave,8,0.954012,0,"[3.65622, 1.53478, 1.81991, -7.92552, -7.24946, -5.82824, -3.79894, 1.49459, 12.43794, -5.71629, 0.92742, -3.29515, -3.58595, -4.82853, 4.93262, -2.83435, -5.81505, -0.84136, 9.12474, -2.02074, -0.34756, 7.9304]"
43,sub10,mae,0,sub10-a__0123__wave.npy,21,wave,8,0.87880915,0,"[3.56082, 0.85603, 1.95574, -9.23829, -7.53456, -6.06868, -2.78542, -0.174, 12.35345, -5.11817, 1.10282, -2.88478, -3.62187, -4.92075, 5.11206, -1.98902, -6.32345, -0.04632, 10.31974, -1.42092, -0.03669, 7.25692]"
43,sub10,mae,0,sub10-a__0124__wave.npy,21,wave,8,0.7376865,0,"[3.98623, 1.80669, 2.34805, -6.42939, -7.30481, -6.31266, -4.50203, 1.32378, 11.12505, -6.83426, 0.67318, -3.83384, -2.88756, -4.05171, 3.8192, -2.87257, -5.61062, -1.01935, 8.06474, -2.26388, 0.59403, 9.94377]"
43,sub10,mae,0,sub10-a__0125__bow.npy,2,bow,2,0.99999607,1,"[0.77229, -0.59658, 19.32422, -3.08502, -8.87277, -3.56033, 6.80688, -5.51767, 0.19312, -2.16786, -0.39665, 3.85592, -4.77755, -1.72467, 1.78232, -0.81604, -8.23307, 2.4564, 0.46444, -0.19693, -1.00775, 1.54121]"
43,sub10,mae,0,sub10-a__0126__bow.npy,2,bow,2,0.99999785,1,"[1.01141, -0.1791, 19.54299, -3.05686, -8.95743, -3.5619, 6.43329, -5.82854, 0.3845, -2.18817, -0.31597, 3.05907, -4.56969, -1.30685, 1.73387, -0.53109, -8.2281, 2.65304, -0.10592, -0.4486, -1.10722, 2.01032]"
43,sub10,mae,0,sub10-a__0127__bow.npy,2,bow,2,0.999998,1,"[0.69904, -0.49122, 19.96363, -3.26688, -9.02214, -3.72853, 6.78887, -5.74886, 0.29621, -2.54461, -0.90168, 3.59382, -4.17241, -1.55377, 0.96383, -0.07276, -8.61425, 2.88056, 0.00229, -0.6364, -1.6441, 2.79165]"
43,sub10,mae,0,sub10-a__0128__bow.npy,2,bow,2,0.99999475,1,"[0.68995, -1.25644, 19.19889, -2.85592, -8.75295, -3.56646, 6.92135, -5.69003, 0.05119, -1.87745, -0.35257, 4.50555, -4.62096, -2.08326, 1.01272, -0.29258, -8.29428, 2.89048, -0.10248, 0.06275, -1.33993, 1.77191]"
43,sub10,mae,0,sub10-a__0129__bow.npy,2,bow,2,0.9999956,1,"[0.38761, -1.49277, 19.44257, -3.15473, -9.05258, -3.71189, 6.98632, -5.75448, 0.13262, -1.8423, -0.31479, 4.59799, -4.27339, -2.1104, 0.84976, -0.27674, -8.45201, 3.03692, -0.03965, -0.27636, -1.2831, 2.19815]"
43,sub10,mae,0,sub10-a__0130__crossarms.npy,5,crossarms,5,0.99708766,1,"[-0.42139, 3.27378, -4.43059, 2.28414, -1.6853, 11.39746, 3.28487, 2.04364, -4.87614, 0.58664, -0.57282, -1.21096, -5.39635, 3.64822, 4.18238, -3.56514, 3.73674, -0.0742, 3.62459, -4.79233, 0.52906, -9.68601]"
43,sub10,mae,0,sub10-a__0131__crossarms.npy,5,crossarms,5,0.9965861,1,"[-0.59924, 3.69601, -4.80477, 4.07257, -1.02704, 11.74813, 2.7337, 1.68621, -6.11886, 0.56237, -0.81599, -1.80624, -5.05775, 4.76875, 3.63822, -3.53734, 4.96758, 0.16444, 2.02529, -5.07754, 0.71415, -9.58334]"
43,sub10,mae,0,sub10-a__0132__crossarms.npy,5,crossarms,5,0.9954573,1,"[-0.51384, 3.97506, -4.72136, 4.01857, -1.15354, 11.5476, 2.06244, 1.46871, -5.84114, 0.3063, -0.81867, -2.43773, -4.77924, 4.86928, 3.35053, -3.60161, 5.1929, -0.15953, 1.68342, -5.08338, 1.26328, -8.50614]"
43,sub10,mae,0,sub10-a__0133__crossarms.npy,5,crossarms,5,0.9976172,1,"[-0.65018, 3.79396, -5.00102, 3.7333, -0.95283, 12.09313, 2.3945, 1.64496, -6.22085, 0.51323, -1.04349, -2.18478, -4.68642, 4.78439, 3.10602, -3.35441, 5.11356, -0.06629, 2.12354, -5.06029, 1.29504, -9.06645]"
43,sub10,mae,0,sub10-a__0134__crossarms.npy,5,crossarms,5,0.9905744,1,"[-0.21383, 3.48684, -4.15475, 4.42001, -1.73507, 10.77863, 2.45318, 1.45706, -6.13035, -0.10864, -0.35801, -2.32297, -5.11758, 5.12576, 3.85211, -4.0653, 4.43969, -0.01539, 2.78667, -4.91115, 1.57135, -8.42671]"
43,sub10,mae,0,sub10-a__0135__crossarms.npy,5,crossarms,5,0.999433,1,"[-0.59678, 2.89769, -5.25153, 2.85819, -1.22906, 13.14343, 3.16606, 1.66342, -5.83861, 1.3877, -1.11122, -1.40417, -4.79432, 3.69752, 2.98289, -3.03752, 4.97022, -0.04254, 2.18174, -4.72261, 1.73553, -9.77203]"
43,sub10,mae,0,sub10-a__0136__drink.npy,7,drink,7,0.9990901,1,"[4.00132, 4.70546, -2.65323, 2.90674, -2.2222, 1.09184, -1.02804, 13.01077, -1.12559, -5.39398, -3.3714, -4.31872, -7.0864, 1.22707, 4.5442, -3.08404, -2.11877, -0.85233, 4.78624, -4.8069, 0.60528, -2.6022]"
43,sub10,mae,0,sub10-a__0137__drink.npy,7,drink,7,0.99837434,1,"[4.04814, 5.26945, -2.36358, 4.8224, -2.11742, 0.61027, -1.6254, 12.66302, -2.00522, -6.04253, -3.4996, -4.86021, -6.98133, 2.08949, 4.10609, -3.42749, -1.75034, -0.65719, 4.15206, -4.97825, 0.99355, -1.66492]"
43,sub10,mae,0,sub10-a__0138__drink.npy,7,drink,7,0.99821776,1,"[4.29407, 4.95402, -1.98578, 2.88069, -2.64553, 0.34069, -1.7516, 12.46472, -0.2475, -5.82621, -3.18936, -4.57086, -7.16312, 0.8046, 4.56865, -3.44794, -2.38848, -0.94126, 4.83141, -4.59568, 0.78251, -1.30049]"
43,sub10,mae,0,sub10-a__0139__drink.npy,7,drink,7,0.9921388,1,"[4.26684, 5.39062, -1.43519, 6.29002, -2.49711, -0.49693, -1.85925, 11.7471, -2.49582, -6.67915, -3.0715, -5.08498, -7.20462, 2.94983, 4.44137, -3.89691, -1.85132, -0.39477, 4.12666, -4.97203, 1.14936, -0.88379]"
43,sub10,mae,0,sub10-a__0140__drink.npy,7,drink,7,0.9043002,1,"[4.15593, 5.45556, -0.50515, 6.33345, -3.37927, -2.08178, -2.18689, 9.25131, -1.69487, -7.59949, -2.75716, -5.63447, -7.01633, 3.19408, 4.30155, -4.2655, -2.18354, -0.15418, 4.86313, -4.80839, 1.51142, 1.98605]"
43,sub10,mae,0,sub10-a__0141__airpunch.npy,1,airpunch,18,0.9759276,0,"[2.55293, 3.44983, 0.53013, -3.15428, -5.88292, -5.40096, -0.61932, 3.2701, 7.86683, -6.9366, -0.696, -4.42164, -7.17379, -1.20699, 6.70933, -4.3464, -4.99051, 0.00704, 11.8795, -2.35254, -1.16557, 3.99458]"
43,sub10,mae,0,sub10-a__0142__airpunch.npy,1,airpunch,18,0.84094095,0,"[3.35769, 2.93123, 0.70607, -6.04217, -6.67679, -5.60372, -0.63942, 1.33818, 10.45414, -6.21235, -0.17236, -4.01583, -7.09244, -3.0195, 7.40173, -3.4961, -5.79244, 0.25293, 12.16838, -1.20522, -0.46621, 3.8277]"
43,sub10,mae,0,sub10-a__0143__airpunch.npy,1,airpunch,18,0.9525619,0,"[2.76538, 2.58395, 0.98988, -5.90829, -6.29302, -4.50791, 0.56122, 3.2141, 9.20841, -5.16992, -0.18291, -3.30768, -7.97948, -3.00429, 8.09703, -3.70833, -5.88869, 0.26547, 12.4974, -1.08681, -1.29328, 0.66126]"
43,sub10,mae,0,sub10-a__0144__airpunch.npy,1,airpunch,18,0.9210803,0,"[2.3628, 2.55003, 0.81375, -7.1974, -6.30472, -4.83206, 0.4009, 2.18615, 10.52914, -4.99394, -0.09281, -3.24247, -7.54104, -3.5567, 7.6092, -3.15854, -6.06696, 0.39667, 13.03986, -0.54433, -1.5779, 1.09017]"
43,sub10,mae,0,sub10-a__0145__airpunch.npy,1,airpunch,18,0.873903,0,"[2.26183, 1.89728, 0.40617, -7.32873, -5.63973, -2.74566, 1.20877, 5.32157, 9.37366, -3.16023, -0.14385, -1.90185, -8.38896, -4.70525, 8.73273, -2.88893, -5.91107, 0.31909, 11.74543, -0.36936, -1.60953, -3.13552]"
43,sub10,mae,0,sub10-a__0146__brushteeth.npy,3,brushteeth,1,0.78615206,0,"[-1.35273, 9.57045, -1.66232, -2.41621, -0.08004, 6.21445, 3.01347, -6.13394, -3.37631, -0.91644, -0.12123, -3.61314, -4.63363, 8.08712, 3.59075, -0.36577, 4.19056, 2.97986, 0.14883, -3.68976, -3.69748, -6.25686]"
43,sub10,mae,0,sub10-a__0147__brushteeth.npy,3,brushteeth,1,0.7884413,0,"[-1.18322, 9.09934, -1.46587, -2.67673, -0.45265, 6.51349, 2.94335, -6.21157, -3.01865, -0.7456, 0.26252, -3.32428, -4.69365, 7.37477, 3.7293, -0.64671, 3.94894, 2.63273, 0.58213, -3.29303, -2.98454, -6.51755]"
43,sub10,mae,0,sub10-a__0148__brushteeth.npy,3,brushteeth,1,0.82223076,0,"[-0.53786, 9.62535, -0.66684, -2.48548, -0.86232, 5.25813, 1.77923, -6.38088, -2.73886, -1.92804, 0.43385, -4.56044, -4.34643, 8.00946, 3.23804, -0.65314, 3.14811, 2.5017, 0.53625, -2.98849, -1.8361, -4.84555]"
43,sub10,mae,0,sub10-a__0149__brushteeth.npy,3,brushteeth,1,0.80745476,0,"[-0.9913, 9.68383, -0.65677, -2.09519, -0.66672, 5.48954, 2.74179, -6.24832, -3.201, -1.69508, -0.27308, -4.15132, -4.7733, 8.15333, 3.61745, -0.53841, 3.51837, 3.011, 0.47164, -3.38048, -2.88515, -5.3812]"
43,sub10,mae,0,sub10-a__0150__brushteeth.npy,3,brushteeth,1,0.7398668,0,"[-0.98352, 8.61822, -1.04642, -2.61029, -0.82857, 6.40709, 2.96371, -6.56067, -3.13781, -0.77205, 0.83047, -3.14678, -4.80192, 7.10443, 3.90374, -1.0357, 3.52082, 2.33856, 1.29084, -2.79337, -2.18419, -6.61947]"
43,sub10,mae,0,sub10-a__0151__brushteeth.npy,3,brushteeth,1,0.8278143,0,"[-1.13955, 9.69147, -1.00159, -2.3499, -0.73239, 6.15791, 2.63048, -6.51004, -3.3173, -1.49694, 0.02389, -3.94146, -4.44414, 7.93049, 3.50391, -0.82361, 3.81857, 2.66036, 0.63432, -3.23854, -2.36351, -5.8919]"
43,sub10,mae,0,sub10-a__0152__highfive.npy,8,highfive,8,0.9911466,1,"[3.01432, 0.32174, 1.84304, -9.82481, -6.90923, -5.33798, -2.56625, -1.79626, 13.99478, -2.23706, 3.56809, -0.47213, -5.45012, -7.42355, 8.47951, -3.37767, -5.73613, -0.33242, 8.66346, 2.62921, 0.80847, 0.87947]"
43,sub10,mae,0,sub10-a__0153__highfive.npy,8,highfive,8,0.96873885,1,"[3.20958, 0.62988, 1.05092, -10.61787, -6.43022, -3.96163, -0.56483, -1.06932, 13.5348, -1.5842, 2.17868, 0.00256, -6.85165, -7.44972, 8.61925, -2.16564, -6.15762, 0.48752, 9.84023, 2.84548, 0.18137, -2.21788]"
43,sub10,mae,0,sub10-a__0154__highfive.npy,8,highfive,8,0.9805474,1,"[3.06257, 0.41713, 1.94979, -10.41526, -6.57225, -4.51544, -1.4642, -1.51999, 13.39859, -1.82158, 2.97707, -0.27597, -6.20915, -7.09027, 8.58548, -2.47702, -6.13911, 0.22011, 8.94285, 2.67778, 0.3718, -0.93957]"
43,sub10,mae,0,sub10-a__0155__highfive.npy,8,highfive,8,0.9127989,1,"[2.76496, 0.57532, 0.93472, -10.79193, -6.32778, -3.93076, -0.16512, -0.66388, 13.06076, -1.73901, 1.93416, 0.02416, -6.55656, -7.2917, 8.47789, -2.1129, -6.31189, 0.44996, 10.5982, 2.27275, -0.04806, -1.99929]"
43,sub10,mae,0,sub10-a__0156__highfive.npy,8,highfive,8,0.9819843,1,"[2.44402, 0.67249, 0.91497, -11.18324, -6.44825, -4.43243, -1.75974, -0.07158, 14.48571, -2.45683, 1.82083, -1.00542, -5.61293, -7.29276, 7.40221, -1.96724, -6.10957, 0.06268, 10.43965, 1.41725, -0.69927, 0.67675]"
43,sub10,mae,0,sub10-b1__0001__walk.npy,20,walk,20,0.99914896,1,"[5.37104, -0.42277, 1.51717, -5.53119, -5.85444, -3.52843, -0.64896, -5.11181, 0.25669, 0.77309, 7.9422, -2.66687, -2.58493, -2.81197, 5.21504, -4.03706, -5.71195, -5.08584, 6.99577, 6.03954, 15.53077, -3.07728]"
43,sub10,mae,0,sub10-b1__0002__turnaround.npy,19,turnaround,19,0.99981695,1,"[0.14977, -2.989, -3.63708, -7.12404, 4.26253, -2.75777, 2.76041, -10.39525, -1.21435, 8.34158, 6.23438, 0.15583, -4.7091, -2.00092, 1.01623, 4.8989, -1.28543, -1.04022, 2.15211, 17.13432, 4.77855, -11.87278]"
43,sub10,mae,0,sub10-b1__0003__walk.npy,20,walk,20,0.9999989,1,"[-1.1552, -0.62694, -9.42644, 0.05923, -1.60562, 0.58101, 4.70197, -4.92886, -7.78089, 5.51177, -2.11841, -4.63906, 0.64845, 1.81544, 1.28519, 4.17642, -0.76212, 3.11292, 4.83731, 5.49261, 20.49586, -7.89373]"
43,sub10,mae,0,sub10-b1__0004__turnaround.npy,19,turnaround,19,0.9967313,1,"[-2.70815, -0.70658, -1.52473, -6.15884, 4.15596, -3.40705, -1.20099, -7.71403, 0.63119, 7.82657, 7.09438, 3.18845, -5.02962, -3.5894, 4.20877, -0.07721, 0.44421, -1.32278, 0.35895, 13.98262, 0.58145, -11.62642]"
43,sub10,mae,0,sub10-b1__0005__walk.npy,20,walk,20,0.999461,1,"[5.43925, -1.11762, -0.25576, -4.62463, -3.00145, -2.9742, -0.23082, -5.29754, -3.18486, 3.38932, 8.16506, -2.78007, -0.66371, -0.76723, 2.97453, -2.77426, -4.31439, -6.72861, 5.13247, 4.87073, 15.84369, -3.4608]"
43,sub10,mae,0,sub10-b1__0006__turnaround.npy,19,turnaround,19,0.99964046,1,"[-0.24837, -0.75036, -0.14591, -5.11398, 3.05393, -4.51293, -0.74743, -8.21649, 0.66261, 5.01449, 7.37787, 2.27753, -5.03942, -3.10863, 3.4762, 0.31979, -1.19736, -1.69909, 0.85135, 15.43985, 0.88764, -10.09784]"
43,sub10,mae,0,sub10-b1__0007__walk.npy,20,walk,20,0.999998,1,"[-0.59577, 0.08618, -8.26632, 0.25919, -2.56791, 1.19117, 4.99007, -4.86136, -7.96356, 3.38488, -2.59527, -4.29096, 1.41471, 2.18225, 0.24754, 4.72391, -1.69169, 2.93561, 5.04101, 5.5323, 19.70376, -7.36805]"
43,sub10,mae,0,sub10-b1__0008__turnaround.npy,19,turnaround,19,0.99959,1,"[-0.2339, 0.19883, -1.29505, -5.72147, 4.76307, -2.85045, -0.62036, -8.51829, -1.2254, 6.47744, 7.63356, 1.82084, -5.20525, -2.58822, 1.98813, 1.25655, -0.82815, -1.61796, 0.74994, 15.7574, 1.33977, -11.91686]"
43,sub10,mae,0,sub10-b1__0009__walk.npy,20,walk,20,0.99916434,1,"[8.01367, 0.59718, 0.12268, -4.62818, -4.53172, -3.33641, -2.33727, -4.08253, 0.01185, -0.9958, 6.44739, -3.01119, -2.59614, -3.42503, 4.47473, -2.66778, -5.65347, -5.21272, 6.56866, 5.90935, 15.56824, -2.74917]"
43,sub10,mae,0,sub10-b1__0010__turnaround.npy,19,turnaround,19,0.9987313,1,"[-1.28845, -0.13518, -0.93009, -6.01566, 1.61533, -4.33989, 0.57397, -7.9761, 0.88944, 4.64051, 7.99017, 3.10421, -4.07064, -2.98944, 4.67797, -0.45719, -1.34665, -0.80455, 1.358, 14.74007, -0.16614, -10.9706]"
43,sub10,mae,0,sub10-b1__0011__walk.npy,20,walk,20,0.99999845,1,"[-1.50657, -1.4198, -7.601, -0.18045, -2.77317, 0.36597, 5.68854, -4.90849, -8.24282, 4.8136, -1.41369, -3.67511, 1.45105, 2.54438, 1.00949, 3.22102, -2.04676, 2.83881, 5.89179, 4.47451, 20.19121, -7.06332]"
43,sub10,mae,0,sub10-b1__0012__turnaround.npy,19,turnaround,19,0.99978846,1,"[0.63494, 1.2513, -0.81593, -5.02478, 4.74297, -2.92574, -1.08111, -7.48452, -1.37223, 4.98864, 6.43395, 1.71133, -5.43574, -2.64683, 2.37322, 1.26112, -0.96177, -1.5644, 0.36803, 15.27989, 0.85625, -11.46124]"
43,sub10,mae,0,sub10-b1__0013__walk.npy,20,walk,20,0.99975604,1,"[5.41178, -0.22849, 1.28367, -4.98181, -6.02426, -3.61991, -1.52263, -4.5067, 1.22243, 0.32671, 6.26801, -2.67036, -2.57119, -4.15942, 4.61283, -2.97768, -5.44899, -4.57696, 6.10857, 6.28074, 15.83851, -2.13934]"
43,sub10,mae,0,sub10-b1__0014__turnaround.npy,19,turnaround,19,0.9981237,1,"[-1.11334, -0.43617, -1.27775, -5.76788, 1.3833, -4.52077, 0.65618, -8.27091, 0.33738, 4.35514, 8.43693, 3.35923, -3.26825, -2.89067, 4.34455, -0.46715, -1.32972, -1.16992, 1.6104, 14.7558, 0.07229, -10.762]"
43,sub10,mae,0,sub10-b1__0015__walk.npy,20,walk,20,0.99999833,1,"[-1.66546, -1.10919, -8.64698, 0.20258, -2.01335, 0.93612, 6.12812, -4.82321, -8.4259, 4.61803, -2.61297, -4.08862, 1.25823, 2.6024, 0.60937, 4.04806, -1.37661, 2.98336, 5.49925, 5.22696, 20.25695, -7.29445]"
43,sub10,mae,0,sub10-b1__0016__turnaround.npy,19,turnaround,19,0.99922144,1,"[-0.98395, 0.04433, -1.14191, -6.34346, 3.77809, -3.26073, -0.48548, -8.04664, 0.18376, 6.47914, 7.19914, 2.44027, -5.03761, -3.40582, 3.04727, 0.90442, -0.86059, -0.9182, 1.06132, 14.79616, 0.5667, -11.64281]"
43,sub10,mae,0,sub10-b1__0017__walk.npy,20,walk,20,0.99741215,1,"[8.71185, 1.08424, -0.18141, -3.65663, -3.15209, -3.93521, -3.63042, -5.04903, -0.87612, -1.14105, 7.41076, -3.46538, -2.65577, -2.22117, 4.23891, -2.04422, -5.08391, -5.22633, 4.70389, 6.54281, 15.01464, -2.69387]"
43,sub10,mae,0,sub10-b1__0018__turnaround.npy,19,turnaround,19,0.9954853,1,"[-1.15016, -1.33527, -1.9458, -6.15519, 0.82863, -4.28269, 2.18075, -9.14644, 0.16056, 4.94182, 9.09961, 3.10669, -3.26024, -2.34892, 4.80418, -0.57087, -1.13115, -1.1454, 2.52611, 14.52984, 0.32612, -11.09632]"
43,sub10,mae,0,sub10-b1__0019__walk.npy,20,walk,20,0.9999968,1,"[-1.50365, -1.52236, -8.48053, 0.06819, -1.54677, 1.00636, 6.62774, -4.88089, -8.83595, 4.95416, -2.57062, -4.02576, 1.09647, 2.90784, 0.16742, 4.31612, -1.61038, 3.13423, 5.59243, 5.42959, 19.9655, -7.45854]"
43,sub10,mae,0,sub10-b1__0020__turnaround.npy,19,turnaround,19,0.9998704,1,"[-0.48137, 0.34577, -0.5141, -4.94368, 3.7413, -3.41205, -0.51566, -7.56926, -0.87682, 5.01096, 6.29649, 2.25461, -4.9137, -3.09195, 2.13091, 1.1672, -1.0436, -1.48649, 0.67212, 15.59178, 1.14797, -10.76911]"
43,sub10,mae,0,sub10-b1__0021__walk.npy,20,walk,20,0.9981699,1,"[8.18528, 0.7549, -0.03866, -4.56442, -3.9777, -4.07294, -3.19235, -4.74913, 0.46092, -1.00135, 7.00084, -3.22184, -2.51514, -3.31067, 4.29469, -2.36372, -5.20595, -5.40702, 5.75413, 6.36612, 14.94297, -2.22669]"
43,sub10,mae,0,sub10-b1__0022__turnaround.npy,19,turnaround,19,0.9969825,1,"[-0.81053, -0.53492, -2.38003, -6.72319, 1.28002, -4.10052, 1.26481, -8.77134, 0.68896, 4.8625, 8.70128, 3.34128, -3.38427, -3.02633, 5.45179, -0.45166, -0.96801, -0.85584, 1.76959, 14.56753, 0.06742, -11.6063]"
43,sub10,mae,0,sub10-b1__0023__walk.npy,20,walk,20,0.9999975,1,"[-0.982, -1.21469, -7.61033, 0.46047, -1.41131, 0.60895, 5.99862, -4.95337, -8.95623, 3.65625, -2.44496, -3.70202, 0.71118, 3.06263, 0.02379, 4.05524, -2.10221, 3.61461, 5.28939, 5.77042, 19.86479, -7.157]"
43,sub10,mae,0,sub10-b1__0024__turnaround.npy,19,turnaround,19,0.9998381,1,"[-0.02493, 1.37444, -0.43597, -5.3886, 3.53147, -3.03045, -0.81562, -7.04526, -0.28489, 4.35166, 5.84599, 2.05961, -4.94395, -3.33957, 2.23465, 1.3883, -1.49452, -1.10672, 0.83388, 14.92267, 0.39152, -10.87574]"
43,sub10,mae,0,sub10-b1__0025__hop.npy,9,hop,4,0.8010067,0,"[14.8223, 2.20849, -10.44507, -2.17082, 16.21528, -4.65773, -10.30695, -4.17869, -3.99896, -1.64954, 6.77459, -1.99419, -3.38494, 3.82661, 2.80589, -1.53225, 1.90599, -8.23877, 1.10136, 4.15062, 2.91932, -5.09998]"
43,sub10,mae,0,sub10-b1__0026__hop.npy,9,hop,4,0.55743784,0,"[14.05978, 1.67403, -9.73253, -3.09604, 14.29446, -4.94549, -9.5022, -4.53504, -3.19261, -1.24293, 8.48247, -1.37465, -3.12194, 3.74273, 4.3341, -2.74234, 1.31092, -8.6483, 2.1328, 3.54078, 2.38816, -5.38167]"
43,sub10,mae,0,sub10-b1__0027__hop.npy,9,hop,0,0.8077332,0,"[14.41911, 2.37836, -9.2687, -2.38171, 12.97207, -5.32677, -9.39698, -4.73489, -2.50606, -2.48323, 8.36745, -1.26732, -4.33251, 3.57259, 6.46017, -3.04054, 1.45117, -7.81077, 1.41747, 3.99721, 1.42427, -5.64353]"
43,sub10,mae,0,sub10-b1__0028__hop.npy,9,hop,0,0.50932366,0,"[14.27883, 1.29728, -9.06603, -2.65794, 14.24016, -4.64963, -9.13639, -4.65561, -3.71101, -1.99935, 7.55942, -1.40727, -3.04922, 3.82818, 2.89444, -1.4791, 0.39771, -7.65699, 1.84136, 4.36152, 3.04623, -4.80794]"
43,sub10,mae,0,sub10-b1__0029__hop.npy,9,hop,4,0.71986985,0,"[14.20853, 2.35081, -9.76738, -2.06874, 15.15319, -5.1048, -10.15638, -4.50315, -3.5504, -2.2715, 6.95817, -2.33606, -3.31661, 3.98502, 3.1815, -1.58816, 1.36328, -7.94534, 1.06041, 4.54417, 2.87005, -4.47274]"
43,sub10,mae,0,sub10-b1__0030__hop.npy,9,hop,4,0.89795005,0,"[14.44928, 2.32374, -10.57048, -2.04918, 16.62483, -4.68034, -10.48899, -5.14989, -4.3998, -0.98792, 7.24264, -2.73947, -3.31637, 4.52032, 2.45731, -1.70957, 2.4052, -8.37871, 0.38797, 4.91674, 3.5937, -5.29849]"
43,sub10,mae,0,sub10-b1__0031__jump.npy,10,jump,10,0.97660154,1,"[3.14619, -1.08653, 0.29175, -1.98554, 3.54095, -7.16645, -0.8733, -12.10584, -7.28225, 4.34837, 15.07177, -2.38129, 0.22208, 11.33734, 3.42925, -5.13372, 0.57023, -7.33876, -1.31881, 2.50684, 4.24952, -1.72012]"
43,sub10,mae,0,sub10-b1__0032__jump.npy,10,jump,10,0.99998426,1,"[4.87397, -2.34414, 3.41135, -4.17795, -1.57987, -8.26012, -1.68571, -10.30201, -2.10046, 2.08957, 18.63758, 1.18202, -2.68894, 4.26065, 7.40471, -6.27864, -2.58096, -6.16787, 1.89386, 4.02919, 2.46963, -2.87332]"
43,sub10,mae,0,sub10-b1__0033__jump.npy,10,jump,10,0.9999783,1,"[3.93216, -2.6919, 2.98472, -4.38426, -0.91506, -7.97152, -1.82897, -10.58124, -1.12099, 3.18032, 17.66612, 0.60506, -3.55038, 3.35423, 6.47663, -5.05231, -2.28727, -4.98966, 1.24572, 5.38146, 2.77192, -2.91714]"
43,sub10,mae,0,sub10-b1__0034__jump.npy,10,jump,10,0.9999881,1,"[5.19359, -1.61751, 2.3049, -3.96576, -0.37061, -8.29905, -2.21788, -10.66658, -2.62112, 2.10858, 18.85457, 0.06668, -2.57417, 5.72832, 7.14275, -6.38364, -1.97803, -6.67983, 1.36229, 3.77593, 2.24553, -2.56775]"
43,sub10,mae,0,sub10-b1__0035__jump.npy,10,jump,10,0.99997747,1,"[5.51759, -2.12101, 2.87423, -4.3354, -1.4758, -8.53795, -2.06076, -10.29631, -1.6393, 1.8003, 18.62968, 1.01546, -2.85914, 3.90747, 7.76766, -6.32624, -2.45671, -6.29357, 1.9342, 4.2032, 2.43534, -2.708]"
43,sub10,mae,0,sub10-b1__0036__jump.npy,10,jump,10,0.9999808,1,"[5.58101, -2.25434, 3.75142, -3.87711, -1.7669, -7.99303, -1.4314, -10.26658, -2.41798, 1.83222, 18.20587, 0.83209, -2.97282, 4.01619, 6.9558, -5.73727, -3.01344, -5.88201, 1.63322, 4.55798, 3.06607, -2.90468]"
43,sub10,mae,0,sub10-b1__0037__runonspot.npy,13,runonspot,13,0.9974598,1,"[4.91547, 7.93073, -7.84812, 6.42666, 11.9534, -5.36181, -6.19861, -8.29461, -9.87505, -2.88969, 4.1806, -9.91539, -0.68416, 17.97682, 0.86342, -2.62499, 8.39606, -3.91579, -4.96444, -1.23631, -0.50844, 0.37561]"
43,sub10,mae,0,sub10-b1__0038__runonspot.npy,13,runonspot,13,0.67601424,1,"[5.9489, 7.90163, -10.48793, 5.94739, 16.3015, -5.05545, -7.87808, -7.45879, -10.19333, -2.36087, 2.63793, -9.71123, -1.57824, 17.03843, 0.30925, -1.72137, 9.51166, -3.90444, -4.86876, -0.82171, -0.82197, -0.76727]"
43,sub10,mae,0,sub10-b1__0039__runonspot.npy,13,runonspot,13,0.99970716,1,"[2.11679, 6.03449, -7.6052, 5.75144, 10.83322, -4.89361, -4.59965, -7.84211, -10.75, -0.72981, 3.15991, -10.65766, 1.39114, 19.02424, -2.05275, -1.61681, 7.6617, -3.73063, -3.8538, -2.40276, 2.16762, 2.21326]"
43,sub10,mae,0,sub10-b1__0040__runonspot.npy,13,runonspot,13,0.99965024,1,"[1.2721, 6.24997, -7.01265, 4.99288, 10.87366, -5.97785, -4.13603, -8.47145, -9.50014, -0.57373, 4.5007, -9.43908, -0.57364, 18.90984, 0.59726, -3.01505, 8.16638, -2.93434, -3.57909, -2.59776, -1.59047, 1.20627]"
43,sub10,mae,0,sub10-b1__0041__runonspot.npy,13,runonspot,13,0.96621424,1,"[4.40917, 7.29413, -9.661, 5.79289, 14.8257, -4.28364, -6.54461, -7.87611, -10.93763, -1.42098, 4.26965, -9.49854, -1.3769, 18.18275, 0.13527, -2.20578, 9.01367, -3.80483, -4.5086, -1.02896, -0.23546, -1.57151]"
43,sub10,mae,0,sub10-b1__0042__buttkicks.npy,4,buttkicks,4,0.9999995,1,"[6.71291, 2.83671, -15.08158, 0.05488, 24.20716, -2.7381, -8.73992, -7.4716, -9.17442, 5.50333, 2.10649, -7.23809, -1.26456, 9.13987, -4.57336, 1.55957, 8.52159, -6.02612, -2.65106, 4.57366, 4.6582, -5.13967]"
43,sub10,mae,0,sub10-b1__0043__buttkicks.npy,4,buttkicks,4,0.99999976,1,"[7.52076, 2.90361, -15.50562, 1.49204, 25.85475, -3.32501, -9.01183, -8.17812, -9.34334, 6.16121, 2.82484, -7.16312, -3.15481, 9.30083, -2.45287, 0.57449, 10.20289, -6.06679, -4.18332, 5.16124, 2.70227, -6.70197]"
43,sub10,mae,0,sub10-b1__0044__buttkicks.npy,4,buttkicks,4,0.99999774,1,"[4.526, 2.78284, -15.12825, 0.57404, 24.01348, -1.75729, -6.43284, -8.48968, -10.17789, 7.40455, 1.41483, -8.29462, -1.21586, 10.68619, -4.87937, 2.01054, 9.57962, -5.21838, -3.36918, 4.33627, 4.19623, -6.00188]"
43,sub10,mae,0,sub10-b1__0045__buttkicks.npy,4,buttkicks,4,0.99999976,1,"[6.06223, 1.80432, -15.53915, -0.55974, 25.23178, -2.70317, -8.27869, -8.28573, -8.4601, 7.98655, 2.84685, -7.20142, -2.32985, 8.57374, -3.57155, 1.1736, 9.31449, -6.17105, -3.02362, 5.29222, 3.87313, -6.35882]"
43,sub10,mae,0,sub10-b1__0046__buttkicks.npy,4,buttkicks,4,0.9999994,1,"[4.49647, 1.6581, -15.68916, -0.74537, 24.90064, -1.11157, -6.49397, -8.71001, -9.30938, 9.69904, 2.11039, -7.71995, -1.8098, 8.59937, -4.58901, 1.91104, 9.8009, -6.04787, -3.30105, 5.91254, 4.93701, -7.70221]"
43,sub10,mae,0,sub10-b1__0047__airkick.npy,0,airkick,0,0.9999844,1,"[21.13283, 5.62552, -7.81403, 2.22093, 10.00741, -4.83622, -6.77004, -3.86823, -5.45935, -7.77723, 4.57333, -2.99845, -4.96313, 5.14793, 6.30447, -1.99897, 0.72359, -7.17168, -0.24322, 2.78783, 1.48134, -4.04172]"
43,sub10,mae,0,sub10-b1__0048__airkick.npy,0,airkick,10,0.8273446,0,"[-3.49374, -5.94181, 2.50457, -4.34984, 2.05422, -5.8384, 3.17354, -10.92653, -5.70774, 13.17315, 14.74349, 2.97944, -1.52727, 7.41549, 4.2948, -4.51555, 0.14177, -3.61883, -1.04939, 0.81454, 0.07848, -5.64658]"
43,sub10,mae,0,sub10-b1__0049__airkick.npy,0,airkick,9,0.9964575,0,"[-6.51109, -6.2949, 0.14366, -4.49794, 3.66045, -3.90874, 5.99166, -10.86682, -6.48927, 18.1508, 12.50257, 2.56704, -0.96786, 7.52771, 4.12927, -4.57997, 2.64934, -2.60503, -1.83626, -0.27955, -1.42449, -7.98325]"
43,sub10,mae,0,sub10-b1__0050__airkick.npy,0,airkick,9,0.99740064,0,"[-5.98785, -6.18653, 3.11677, -4.23446, 0.1736, -3.32587, 8.67527, -10.90503, -5.67086, 16.3722, 10.19543, 1.64708, -1.82272, 6.80776, 3.24059, -2.05269, 0.1698, 0.61393, -1.57329, -0.16196, -0.74947, -6.51362]"
43,sub10,mae,0,sub10-b1__0051__airkick.npy,0,airkick,10,0.7419958,0,"[-3.56481, -5.48639, 5.00713, -3.15145, 0.2132, -5.16509, 4.6982, -10.77266, -6.43429, 11.78525, 12.86014, 2.63926, -0.99958, 7.67458, 3.13288, -3.15054, -1.00984, -1.58694, -1.85078, 0.49487, -0.05654, -4.83703]"
43,sub10,mae,0,sub10-b1__0052__airkick.npy,0,airkick,9,0.9985039,0,"[-6.07173, -6.15565, 2.73519, -3.48495, -0.21071, -2.97235, 8.02772, -9.39766, -5.36721, 15.81426, 8.95045, 2.5677, -1.549, 5.39989, 3.19993, -2.20238, 0.07493, 0.79666, -1.62117, -0.37116, -0.70323, -6.35487]"
43,sub10,mae,0,sub10-b1__0053__airkick.npy,0,airkick,9,0.9996749,0,"[-6.51637, -6.8838, 1.12608, -4.02603, 1.42167, -2.71399, 7.47936, -9.6563, -5.56431, 17.88343, 9.74191, 2.78484, -1.41244, 5.10821, 2.9432, -2.44215, 1.0197, -0.17313, -1.65333, 0.10914, -0.30996, -7.43024]"
43,sub10,mae,0,sub10-b1__0054__sidekick.npy,14,sidekick,9,0.9860422,0,"[-6.61242, -5.31864, 4.26559, -4.51479, 0.92302, -4.33674, 7.92463, -13.38451, -4.80269, 16.21189, 11.92951, 0.59248, -0.84086, 6.81451, 3.17015, -3.96871, 1.59307, -1.91279, -3.44166, 2.76168, -1.00535, -5.99774]"
43,sub10,mae,0,sub10-b1__0055__sidekick.npy,14,sidekick,9,0.93212193,0,"[-5.39029, -4.95128, 5.65386, -3.60406, 0.6606, -4.20579, 7.41586, -13.85357, -4.61199, 13.63935, 10.97588, -0.26187, -1.31547, 6.16379, 1.54268, -2.6858, 0.49023, -1.39849, -3.85334, 5.18246, 0.01955, -5.25019]"
43,sub10,mae,0,sub10-b1__0056__sidekick.npy,14,sidekick,9,0.9314492,0,"[-6.5169, -5.01261, 4.98154, -4.73612, 1.31254, -4.91211, 6.91787, -13.53058, -4.72957, 15.36715, 12.75215, 1.24567, -0.91951, 6.68649, 3.49331, -4.60383, 1.86331, -2.24458, -3.41319, 2.70892, -1.73031, -6.09526]"
43,sub10,mae,0,sub10-b1__0057__sidekick.npy,14,sidekick,9,0.68260694,0,"[-5.29615, -5.25298, 6.97045, -4.61218, -0.49064, -4.83178, 7.43127, -13.92061, -4.22305, 13.02516, 12.24388, 0.80687, -0.85782, 5.82023, 1.9369, -3.52296, -0.38349, -2.37457, -3.02475, 4.96687, 0.31973, -4.68995]"
43,sub10,mae,0,sub10-b1__0058__sidekick.npy,14,sidekick,9,0.9660673,0,"[-6.10437, -5.28563, 5.1042, -4.71983, 0.87558, -4.83498, 7.75383, -14.11846, -3.92936, 15.21113, 11.84103, -0.15023, -1.22504, 5.94123, 2.09027, -3.48808, 1.11506, -1.78766, -3.1113, 4.51296, -0.5449, -5.15834]"
43,sub10,mae,0,sub10-b1__0059__crosstoe.npy,6,crosstoe,6,0.999998,1,"[-1.37402, -3.63418, 2.90141, -5.47633, -6.48348, 2.43335, 20.14736, -9.1708, -4.99159, 3.35862, -0.22937, -0.38187, 0.57383, 1.38523, 0.06525, 1.94791, -5.06241, -0.11188, 4.92103, 6.7526, 3.69449, -5.5873]"
43,sub10,mae,0,sub10-b1__0060__crosstoe.npy,6,crosstoe,6,0.9999974,1,"[-3.62341, -2.3268, 7.82884, -5.4647, -8.15289, 2.39998, 20.74319, -7.77927, -3.94299, 2.79608, -1.54076, 1.30195, -0.38106, 0.87737, 0.522, 1.27271, -6.089, 2.21385, 3.43895, 3.13204, 0.10989, -4.76343]"
43,sub10,mae,0,sub10-b1__0061__crosstoe.npy,6,crosstoe,6,1.0,1,"[-4.13356, -2.61745, 4.99648, -6.07339, -7.75155, 2.48974, 22.77085, -6.64394, -4.40223, 2.86617, -2.35609, 1.93576, 0.45304, 0.79104, 0.90352, 0.61639, -5.5416, 1.04677, 5.53839, 2.12504, 0.08869, -5.07952]"
43,sub10,mae,0,sub10-b1__0062__crosstoe.npy,6,crosstoe,6,1.0,1,"[-4.65314, -2.6204, 5.66238, -6.52286, -8.21624, 2.35613, 23.36916, -7.3199, -3.87808, 3.20498, -2.2966, 1.02959, 0.03395, 0.93101, 1.17793, 0.82719, -5.7262, 1.56525, 5.63994, 2.61073, -0.08976, -4.66101]"
43,sub10,mae,0,sub10-b1__0063__crosstoe.npy,6,crosstoe,6,0.99999964,1,"[-6.49817, -2.83084, 5.26108, -7.22547, -7.40757, 1.10706, 21.91585, -8.10317, -3.97757, 4.33969, 0.29799, 5.19499, 0.5025, 0.24989, 3.44495, -2.02318, -4.72416, 0.59829, 6.24936, 2.09036, -2.52843, -7.48658]"
43,sub10,mae,0,sub10-b1__0064__throw.npy,18,throw,18,0.89059097,1,"[2.73984, 4.52377, -1.6614, -6.21435, -1.57073, -1.90026, -2.03819, 5.74954, 6.62992, -4.4893, -1.75331, -2.53848, -5.99617, -4.24297, 3.05029, -0.22907, -4.48301, -1.75902, 9.19548, 2.08152, -3.6844, -1.93841]"
43,sub10,mae,0,sub10-b1__0065__throw.npy,18,throw,18,0.9939342,1,"[1.39108, 3.6788, -0.47318, -2.5553, -2.10803, -3.74742, 1.26209, 3.2304, 2.56025, -5.36351, -1.25988, -1.79033, -5.93549, -1.54541, 3.56898, -1.06109, -4.28379, -0.1935, 10.03274, 2.72107, -3.9445, -2.10487]"
43,sub10,mae,0,sub10-b1__0066__throw.npy,18,throw,18,0.7695866,1,"[1.36923, 5.23471, -2.72884, -6.92454, -0.13283, -3.26802, -1.57722, 1.84259, 7.02107, -3.51692, -1.0173, -1.41102, -6.07955, -4.61519, 5.05895, -0.05913, -3.6814, -0.64255, 8.64462, 5.40159, -4.2503, -4.7623]"
43,sub10,mae,0,sub10-b1__0067__throw.npy,18,throw,18,0.99831957,1,"[1.51734, 3.91518, -2.99474, -5.29455, -1.2464, -4.03768, 0.57884, 4.39683, 5.57072, -5.55677, -2.26052, -2.68836, -6.69941, -3.11777, 4.02896, -1.05022, -4.09421, -0.95797, 12.53901, 2.4508, -3.96503, -1.86379]"
43,sub10,mae,0,sub10-b1__0068__throw.npy,18,throw,19,0.27006984,0,"[2.2319, 6.14244, -2.29072, -6.5883, -0.14691, -2.08807, -2.54696, 1.36655, 6.18293, -2.73025, -0.73992, -0.30044, -5.17031, -5.42823, 5.30656, 0.53214, -3.37094, -0.45511, 5.22906, 6.218, -3.81157, -6.48829]"
43,sub10,mae,0,sub10-b1__0069__walk.npy,20,walk,20,0.9999707,1,"[3.27451, 1.56419, 1.05296, -2.40462, -1.9937, -2.92585, -1.55295, -6.77917, -3.27918, 3.24976, 4.58021, -6.995, 0.3584, 1.86028, -0.48734, -0.82485, -2.52207, -6.43166, 0.70607, 5.47218, 16.45004, 0.30415]"
43,sub10,mae,0,sub10-b1__0070__turnaround.npy,19,turnaround,19,0.9980629,1,"[0.38221, -0.46821, -2.07253, -5.46559, 3.49292, -4.0731, 0.61114, -9.58783, -0.6886, 5.30058, 9.43776, 2.03111, -5.13, -1.49695, 4.60397, -0.2385, -0.57762, -1.68129, 1.51876, 15.71014, 0.38591, -12.32084]"
43,sub10,mae,0,sub10-b2__0001__walk.npy,20,walk,20,0.9999502,1,"[4.26841, 0.56453, 3.36108, -2.62203, -5.53651, -3.60787, -1.42676, -5.70085, -2.25148, 1.10605, 5.91794, -3.34254, -1.99329, -1.65508, 2.06853, -2.25863, -5.04155, -3.59709, 3.04679, 6.81906, 17.16682, -1.40467]"
43,sub10,mae,0,sub10-b2__0002__turnaround.npy,19,turnaround,19,0.9957361,1,"[-0.42146, -3.58633, -3.70638, -4.5073, 0.23584, -5.08949, 2.29752, -9.25875, -2.33726, 4.32686, 8.41645, 1.14349, -4.70746, 0.02163, 5.70838, 0.46883, -3.00981, 3.86115, 4.17849, 14.30214, 7.56924, -9.89766]"
43,sub10,mae,0,sub10-b2__0003__walk.npy,20,walk,20,0.99999785,1,"[-2.06631, -1.28356, -8.55077, 0.19114, -2.02578, 1.18283, 6.50978, -5.3923, -8.57765, 5.98535, -2.32267, -4.03919, 1.75948, 2.28957, 0.29878, 4.28515, -1.12964, 2.39587, 4.77147, 5.72389, 20.44478, -7.81002]"
43,sub10,mae,0,sub10-b2__0004__turnaround.npy,19,turnaround,19,0.9999064,1,"[-0.0148, 0.89027, -1.00136, -5.06717, 4.8371, -3.23942, -1.0695, -8.32327, -0.81254, 5.39815, 6.7433, 1.18157, -5.73919, -2.4416, 2.02391, 1.65318, -0.87681, -0.95557, 0.1807, 16.38333, 1.23514, -11.42851]"
43,sub10,mae,0,sub10-b2__0005__walk.npy,20,walk,20,0.99990463,1,"[6.70984, 1.32394, 1.87745, -3.57081, -4.87842, -3.03441, -2.29997, -4.41045, -0.42206, -0.77931, 4.46406, -4.34496, -2.78769, -3.33817, 2.75506, -1.47818, -5.67453, -4.25549, 4.81275, 7.47505, 17.20306, -1.83183]"
43,sub10,mae,0,sub10-b2__0006__turnaround.npy,19,turnaround,19,0.99945253,1,"[-1.26683, -0.52901, -1.02782, -5.16404, 1.78214, -4.41208, 1.1075, -8.96629, -0.17674, 4.70295, 8.30406, 2.70103, -3.74693, -2.52058, 4.10925, -0.26343, -1.12396, -0.82439, 0.91857, 15.86298, 0.90975, -11.06992]"
43,sub10,mae,0,sub10-b2__0007__walk.npy,20,walk,20,0.9999975,1,"[-1.36465, -1.59648, -8.90273, 0.4352, -0.78339, 0.56978, 6.30487, -5.07411, -9.31981, 5.35589, -2.41531, -3.83173, 1.04899, 2.69686, 0.38835, 3.95508, -0.93673, 2.48893, 5.02949, 6.11327, 20.20442, -7.78355]"
43,sub10,mae,0,sub10-b2__0008__turnaround.npy,19,turnaround,19,0.9999298,1,"[0.42261, 0.37963, -1.31244, -5.88676, 4.12578, -3.50312, -0.76511, -9.06104, 0.05312, 5.48261, 7.04179, 1.37168, -5.23477, -3.31504, 2.12438, 1.99832, -1.2284, -0.52521, 0.44197, 16.86369, 1.76636, -11.52162]"
43,sub10,mae,0,sub10-b2__0009__walk.npy,20,walk,20,0.99995947,1,"[5.45448, 0.94419, 1.4209, -3.16536, -4.18306, -2.97613, -1.29402, -5.3687, -1.50985, 1.15868, 4.40255, -5.12899, -2.2239, -1.99701, 1.82789, -0.91989, -4.66003, -4.56621, 3.60171, 7.42622, 17.73663, -1.65565]"
43,sub10,mae,0,sub10-b2__0010__turnaround.npy,19,turnaround,19,0.9995497,1,"[-0.95883, -1.14285, -1.67274, -5.50332, 1.07457, -4.13248, 2.2905, -9.47031, -0.66889, 4.787, 8.35299, 2.49779, -2.8863, -2.38747, 3.54108, 0.61548, -1.68166, -0.25895, 1.30115, 16.10271, 1.86472, -11.10416]"
43,sub10,mae,0,sub10-b2__0011__walk.npy,20,walk,20,0.999995,1,"[-1.79016, -2.03959, -8.78015, 0.48001, -0.29355, 0.76827, 6.93541, -4.81538, -9.48841, 5.41809, -3.07193, -3.42465, 0.75138, 2.59235, -0.36744, 4.4686, -1.03059, 3.08173, 4.99402, 6.38974, 19.86044, -7.74979]"
43,sub10,mae,0,sub10-b2__0012__turnaround.npy,19,turnaround,19,0.9999471,1,"[0.79869, 0.46438, -1.95583, -6.11214, 5.00602, -3.3566, -1.06773, -9.65012, 0.11199, 5.91291, 7.13419, 0.91499, -5.39944, -3.1088, 1.66065, 2.3224, -1.05754, -0.74277, 0.40582, 17.34717, 2.19511, -11.83476]"
43,sub10,mae,0,sub10-b2__0013__walk.npy,20,walk,20,0.99979717,1,"[6.15597, 1.98747, -0.00605, -2.38351, -1.0641, -2.68203, -3.17996, -5.82432, -1.93208, 1.22961, 3.23772, -6.2248, -2.09637, -1.64674, -0.2161, 0.89053, -3.56429, -5.18011, 1.46119, 9.16037, 17.71585, -1.74315]"
43,sub10,mae,0,sub10-b2__0014__turnaround.npy,19,turnaround,19,0.9995289,1,"[-1.64756, -1.79305, -2.45296, -5.88439, 1.73966, -3.81263, 2.79661, -9.96279, -1.15811, 6.05348, 8.38408, 2.55656, -3.03106, -2.12549, 3.3286, 1.00294, -1.38433, -0.16129, 1.62886, 16.15439, 2.60606, -11.57783]"
43,sub10,mae,0,sub10-b2__0015__walk.npy,20,walk,20,0.99998283,1,"[-2.69286, -2.85755, -7.79853, -0.09217, -0.18459, 0.27185, 7.14311, -5.01444, -9.12263, 5.75224, -2.71787, -2.70229, 0.10046, 2.37658, -0.70376, 4.62425, -1.49187, 4.17993, 4.99874, 6.74445, 18.89479, -7.52654]"
43,sub10,mae,0,sub10-b2__0016__turnaround.npy,19,turnaround,19,0.99979955,1,"[-0.44406, 0.16, -1.95994, -6.43455, 5.07077, -3.20734, -1.05919, -9.54696, 0.08616, 7.08581, 7.29316, 1.38116, -5.05765, -3.29835, 1.80284, 2.1151, -0.73286, -0.5704, 0.34714, 16.47222, 2.03327, -11.95372]"
43,sub10,mae,0,sub10-b2__0017__walk.npy,20,walk,20,0.9985568,1,"[2.47231, -0.10343, -0.98418, -2.23273, 1.20095, -2.63645, -1.88303, -7.26251, -2.68995, 6.28342, 3.55362, -5.90089, -1.53869, -1.54239, -1.02021, 1.27755, -1.09618, -5.34636, -0.75322, 10.55299, 17.10775, -2.70775]"
43,sub10,mae,0,sub10-b2__0018__turnaround.npy,19,turnaround,19,0.9989662,1,"[-1.32693, -2.10202, -2.78393, -5.62147, 1.78132, -3.72382, 3.801, -10.34564, -2.5523, 5.98696, 8.80295, 2.56862, -2.67371, -0.89434, 2.81142, 1.05609, -1.60028, 0.0739, 2.00299, 15.74999, 2.83812, -11.58191]"
43,sub10,mae,0,sub10-b2__0019__walk.npy,20,walk,20,0.99996066,1,"[-3.42034, -3.86494, -6.56705, -0.48097, -0.239, -0.51638, 7.58478, -5.49388, -9.18515, 6.78384, -0.93905, -2.06489, -0.55837, 2.70879, -0.00504, 3.26028, -1.9912, 4.62983, 4.98666, 6.94705, 18.48207, -7.56117]"
43,sub10,mae,0,sub10-b2__0020__turnaround.npy,19,turnaround,19,0.9999243,1,"[-0.00293, -0.29995, -2.26871, -6.3815, 4.8103, -3.51328, -0.50868, -10.05486, 0.40455, 7.01993, 7.31185, 0.97057, -5.39271, -3.25214, 2.02618, 2.34354, -0.86762, -0.26117, 0.48552, 17.41979, 2.54451, -12.11865]"
43,sub10,mae,0,sub10-b2__0021__walk.npy,20,walk,20,0.9988852,1,"[5.23675, 1.62378, -2.41992, -1.33363, 3.22899, -1.85939, -3.53686, -6.83693, -3.96559, 3.87755, 2.19539, -7.02201, -1.21504, -0.57134, -2.42642, 2.64041, -1.29875, -6.04493, -0.80448, 10.64552, 17.45052, -2.74501]"
43,sub10,mae,0,sub10-b2__0022__turnaround.npy,19,turnaround,19,0.99552816,1,"[3.60214, -2.05854, -1.03483, -3.05601, 2.28228, -3.70718, 3.05747, -9.00859, -6.96801, 3.07585, 8.51126, -1.19294, -5.32436, 3.21093, 2.2667, 0.67345, -4.92329, 2.21192, 3.72501, 15.02557, 9.202, -10.16332]"
43,sub10,mae,0,sub10-b2__0023__walk.npy,20,walk,20,0.9999597,1,"[-3.07953, -3.54042, -7.45071, -0.09795, 0.75778, 0.1913, 7.76841, -5.18983, -9.96592, 6.52926, -1.99354, -2.5984, -0.52185, 3.61622, -0.80025, 4.11169, -1.51396, 4.45845, 4.92694, 6.59605, 18.44187, -7.70866]"
43,sub10,mae,0,sub10-b2__0024__turnaround.npy,19,turnaround,19,0.99994564,1,"[0.98964, 0.6785, -2.11545, -5.85766, 6.04729, -2.84017, -0.87855, -9.97836, -0.94111, 6.72951, 6.90645, 0.04829, -5.5075, -2.55216, 0.90868, 2.93031, -1.01912, -0.9502, 0.09966, 17.56559, 2.91291, -12.16227]"
43,sub10,mae,0,sub10-b2__0025__hop.npy,9,hop,4,0.9937405,0,"[13.8912, 3.32165, -11.13598, 1.15685, 18.96407, -4.87185, -10.66004, -6.88275, -6.13886, 0.71477, 5.07335, -3.77609, -5.35934, 3.6562, 2.68915, -0.64069, 5.05478, -7.45943, -3.37816, 8.58073, 5.29673, -6.95647]"
43,sub10,mae,0,sub10-b2__0026__hop.npy,9,hop,4,0.98793226,0,"[12.54433, 2.99316, -9.83792, 0.71387, 16.97715, -5.02976, -9.99219, -6.48811, -5.26942, 1.56662, 5.80108, -3.45033, -6.21808, 2.3771, 3.87181, -1.41283, 4.23346, -7.49819, -2.31412, 8.865, 5.77921, -7.48099]"
43,sub10,mae,0,sub10-b2__0027__hop.npy,9,hop,4,0.99806446,0,"[13.22587, 2.77924, -11.30474, 0.732, 19.47948, -4.69603, -10.80086, -7.05256, -5.90925, 1.92547, 5.98615, -3.38397, -5.52268, 3.54423, 2.84704, -1.13291, 5.38348, -7.72117, -3.33101, 8.22805, 4.71075, -7.50558]"
43,sub10,mae,0,sub10-b2__0028__hop.npy,9,hop,4,0.94934696,0,"[13.30057, 2.68613, -10.30379, -0.81578, 16.23507, -5.04438, -9.31923, -4.62101, -3.96071, -0.23683, 5.19855, -2.55336, -6.18, 1.67795, 4.89864, -1.57341, 2.86139, -7.35745, -0.01142, 7.47832, 4.67281, -7.12092]"
43,sub10,mae,0,sub10-b2__0029__hop.npy,9,hop,4,0.9214232,0,"[14.75314, 2.90467, -10.94709, -0.5078, 17.21571, -4.8773, -9.69436, -4.68601, -4.00062, -0.49801, 3.86114, -3.37341, -5.81531, 1.80066, 3.59739, -0.74843, 3.21052, -7.37079, -0.69962, 7.32634, 5.28368, -6.20659]"
43,sub10,mae,0,sub10-b2__0030__hop.npy,9,hop,4,0.9998307,0,"[10.15269, 2.91934, -10.17735, 2.45397, 19.28675, -3.70181, -10.01355, -6.80248, -7.51439, 2.93685, 3.28726, -2.78973, -4.80526, 2.92553, 1.56476, -0.40502, 6.45949, -6.9051, -5.0119, 9.51712, 5.54087, -8.19998]"
43,sub10,mae,0,sub10-b2__0031__jump.npy,10,jump,10,0.8119708,1,"[4.43199, 0.50059, 2.29999, 0.84727, 6.16736, -6.43988, -4.17292, -12.09069, -7.43296, 4.77653, 11.99349, -1.99746, -1.85317, 5.32096, 0.42378, -2.79779, 0.82159, -7.30284, -5.00746, 10.47439, 7.04329, -4.45826]"
43,sub10,mae,0,sub10-b2__0032__jump.npy,10,jump,19,0.9231237,0,"[4.40703, 0.21133, 2.09516, 0.71078, 6.61331, -5.61273, -4.29052, -11.137, -5.95839, 5.23217, 8.9894, -2.05895, -3.11384, 2.62107, -0.11101, -0.73795, 0.57535, -5.7565, -5.5337, 11.86256, 7.9205, -4.58848]"
43,sub10,mae,0,sub10-b2__0033__jump.npy,10,jump,19,0.6072314,0,"[4.30034, 0.19023, 2.9736, 0.33265, 4.84391, -6.5732, -3.56824, -11.55307, -5.50623, 3.79997, 10.29743, -2.98268, -2.67135, 4.23057, -0.18168, -1.44901, -0.56085, -5.70936, -4.09424, 10.823, 7.80417, -2.67602]"
43,sub10,mae,0,sub10-b2__0034__jump.npy,10,jump,13,0.8998944,0,"[4.12339, 0.84431, 0.34778, 8.89047, 4.69191, -7.59814, -2.8473, -8.35009, -8.98234, 0.12296, 7.11626, -7.06599, -2.02515, 11.32898, -0.00431, -3.99102, 2.65566, -4.93484, -3.90653, 3.96866, 6.23579, 1.80191]"
43,sub10,mae,0,sub10-b2__0035__jump.npy,10,jump,19,0.6765631,0,"[6.13997, 1.65604, 1.90744, 1.09991, 5.25125, -6.09652, -4.36, -10.90752, -5.74805, 2.68114, 9.5516, -3.74786, -3.47074, 4.1587, 0.72654, -1.1088, -0.02797, -5.50441, -4.58916, 10.47235, 7.63456, -3.2884]"
43,sub10,mae,0,sub10-b2__0036__jump.npy,10,jump,10,0.6589319,1,"[4.35688, 0.41943, 2.1905, 0.44694, 4.79447, -6.56874, -3.83514, -11.53524, -5.25867, 4.10337, 11.44065, -2.35186, -3.21342, 3.78999, 1.38702, -2.22126, 0.45423, -5.81098, -4.45938, 10.75947, 6.6283, -4.05588]"
43,sub10,mae,0,sub10-b2__0037__runonspot.npy,13,runonspot,4,0.6433587,0,"[3.82745, 6.54719, -7.87628, 6.9005, 14.76657, -3.15339, -6.17952, -9.82263, -11.31044, 1.99939, 2.63625, -10.96009, -0.5156, 14.17032, -2.43291, -0.51255, 8.82326, -5.3355, -7.41214, 4.84589, 5.71456, -2.91497]"
43,sub10,mae,0,sub10-b2__0038__runonspot.npy,13,runonspot,4,0.90195256,0,"[4.66566, 7.19299, -8.11406, 7.7098, 16.21468, -4.13456, -7.35568, -9.48904, -10.6526, 0.36828, 2.40898, -9.77302, -2.34732, 13.97919, -0.75844, -1.14845, 9.66054, -4.41308, -7.90396, 4.22487, 2.31858, -2.84963]"
43,sub10,mae,0,sub10-b2__0039__runonspot.npy,13,runonspot,4,0.992042,0,"[1.78992, 6.73969, -10.6988, 6.86273, 17.38065, -1.94009, -7.04922, -8.17988, -11.19789, 3.78788, 0.41812, -11.07517, -1.21449, 12.17944, -2.10164, 0.19638, 11.36618, -4.84973, -8.22699, 5.51816, 5.78976, -4.85894]"
43,sub10,mae,0,sub10-b2__0040__runonspot.npy,13,runonspot,4,0.84096044,0,"[2.66136, 7.33274, -9.21349, 7.95883, 16.39849, -2.33887, -7.11511, -8.91062, -12.19665, 1.76039, 0.94153, -11.03986, 0.10288, 14.71359, -3.21454, -0.40167, 10.68581, -4.9178, -8.11237, 3.90851, 5.14283, -3.34512]"
43,sub10,mae,0,sub10-b2__0041__runonspot.npy,13,runonspot,4,0.87329,0,"[2.95575, 6.80551, -8.34974, 5.85306, 16.79123, -3.81177, -6.91869, -10.75676, -10.61654, 1.84023, 3.32737, -9.6433, -1.60378, 14.85226, -1.76508, -1.0641, 10.04335, -4.32186, -7.10921, 4.10763, 1.5158, -3.45415]"
43,sub10,mae,0,sub10-b2__0042__buttkicks.npy,4,buttkicks,4,0.9999989,1,"[3.93417, 1.48314, -15.43736, 2.44411, 26.28446, -2.50343, -9.24536, -10.02906, -9.26841, 11.09134, 2.2682, -7.82756, -3.08812, 6.8202, -3.502, 0.68831, 12.12484, -6.50199, -7.02403, 9.80661, 5.87471, -8.79177]"
43,sub10,mae,0,sub10-b2__0043__buttkicks.npy,4,buttkicks,4,0.9999999,1,"[7.90181, 2.90645, -14.8361, 2.03668, 26.25841, -2.93166, -9.57555, -8.45517, -9.62809, 6.69886, 2.12279, -7.29695, -3.19655, 8.11303, -3.62419, 0.84625, 9.6726, -6.4624, -4.68687, 7.33088, 4.42428, -7.57602]"
43,sub10,mae,0,sub10-b2__0044__buttkicks.npy,4,buttkicks,4,0.99999976,1,"[5.21313, 2.44455, -15.52398, 1.26223, 26.36563, -2.30681, -9.5398, -9.18983, -8.92226, 9.31056, 1.41371, -8.20996, -2.70819, 7.35839, -4.50626, 1.84549, 10.91935, -6.31677, -5.80222, 8.16856, 5.78407, -7.50145]"
43,sub10,mae,0,sub10-b2__0045__buttkicks.npy,4,buttkicks,4,0.99999976,1,"[5.65486, 0.543, -15.64187, -0.36648, 26.8904, -1.54929, -8.88998, -8.8835, -8.782, 11.52108, 2.62496, -6.11195, -3.16301, 4.70354, -4.27306, 1.76532, 9.93102, -6.78493, -4.98061, 9.60554, 6.63906, -9.64051]"
43,sub10,mae,0,sub10-b2__0046__buttkicks.npy,4,buttkicks,4,0.9999995,1,"[4.40901, 0.53312, -15.6589, 0.25302, 26.61782, -2.07954, -9.24047, -8.86097, -8.47014, 11.7188, 1.74174, -6.45627, -2.74998, 4.62036, -4.7932, 1.8082, 10.37667, -6.5983, -5.06969, 9.77046, 7.2415, -8.83747]"
43,sub10,mae,0,sub10-b2__0047__buttkicks.npy,4,buttkicks,4,0.9999993,1,"[4.14913, 0.4498, -15.34018, 0.06042, 26.59077, -2.4021, -8.97875, -10.03005, -8.61658, 12.14803, 3.25681, -6.48029, -2.7501, 5.91727, -4.25372, 1.10944, 10.66113, -6.88481, -5.32416, 9.52202, 5.88035, -8.89903]"
43,sub10,mae,0,sub10-b2__0048__airkick.npy,0,airkick,19,0.54483163,0,"[11.30005, 6.94773, -2.57058, 0.93962, 8.32551, -1.20518, -4.64329, -3.21979, -4.20845, -1.28787, -3.40494, -2.19351, -7.99964, -2.16984, 4.29655, 2.92574, 0.60929, -2.16986, -3.73575, 11.54327, 3.23124, -9.80718]"
43,sub10,mae,0,sub10-b2__0049__airkick.npy,0,airkick,0,0.821038,1,"[10.78024, 5.65654, -2.89643, -6.36076, 5.77828, 0.46955, -1.61975, -0.61349, 0.6308, 1.68483, -1.70604, -1.97238, -9.64127, -4.60231, 6.2207, 2.98832, -2.48717, -1.44317, 2.46663, 9.13983, 0.92696, -12.72603]"
43,sub10,mae,0,sub10-b2__0050__airkick.npy,0,airkick,0,0.94005424,1,"[12.56779, 8.18676, -0.62364, -1.74634, 5.85583, 0.40986, -3.63993, -1.1555, -3.8385, -2.18768, -2.49471, -1.25038, -7.57329, -2.46566, 4.33385, 1.98245, -1.65173, -3.23484, -1.38579, 9.56633, 1.82864, -11.11601]"
43,sub10,mae,0,sub10-b2__0051__airkick.npy,0,airkick,0,0.8524448,1,"[11.50392, 9.13519, 0.37945, -1.72638, 4.7651, 0.31555, -4.57774, -0.0655, -2.8137, -2.49664, -2.9322, -1.58831, -7.64202, -3.14132, 4.03129, 2.657, -2.46782, -1.70251, -1.63653, 8.9467, 1.12685, -10.3535]"
43,sub10,mae,0,sub10-b2__0052__airkick.npy,0,airkick,0,0.9597541,1,"[13.33459, 9.72569, -2.87413, -2.22959, 7.15212, 0.52035, -6.11095, -0.24664, -1.85286, -2.19939, -3.2737, -3.07083, -8.6394, -2.84887, 4.54379, 3.35525, -1.21338, -1.99254, -1.72582, 8.95861, 1.40359, -10.68919]"
43,sub10,mae,0,sub10-b2__0053__airkick.npy,0,airkick,0,0.7407565,1,"[10.84346, 8.00838, 0.22197, -1.40005, 6.39417, 0.07209, -5.82324, -1.97588, -3.43476, -0.60522, -1.89956, -0.8064, -7.52804, -2.64442, 3.77093, 2.40175, -1.26246, -1.79801, -3.55138, 9.56453, 1.449, -10.54706]"
43,sub10,mae,0,sub10-b2__0054__airkick.npy,0,airkick,0,0.71135676,1,"[10.95145, 7.13112, -0.24316, -3.02724, 4.26642, -0.16356, -3.3864, -1.33549, -1.35388, -1.53736, -1.88018, -0.71569, -7.45726, -3.63942, 4.51771, 2.56868, -2.35995, -2.83542, -1.2622, 9.98559, 0.78821, -10.16406]"
43,sub10,mae,0,sub10-b2__0055__sidekick.npy,14,sidekick,9,0.9990594,0,"[-7.50838, -7.80011, 1.54954, -5.33, 3.24191, 0.20102, 12.00837, -14.43206, -5.6224, 19.09904, 7.4931, 1.05346, -0.36839, 1.98299, -1.92192, -0.98102, 1.43122, -2.31708, -2.72751, 9.88166, 3.06533, -9.48565]"
43,sub10,mae,0,sub10-b2__0056__sidekick.npy,14,sidekick,19,0.5562303,0,"[-2.18249, -4.12016, 6.16618, -3.37376, 0.50524, -1.90391, 8.4212, -14.09377, -4.63757, 10.30351, 7.81085, -0.10479, -1.53176, 3.169, -1.24409, -0.14484, -1.55496, -1.31929, -3.86434, 10.75427, 2.28979, -6.14651]"
43,sub10,mae,0,sub10-b2__0057__sidekick.npy,14,sidekick,9,0.6188051,0,"[-3.25132, -5.95606, 3.08829, -4.30849, 2.16611, 0.31168, 10.8762, -14.40673, -5.12293, 13.095, 6.50429, 1.03575, -2.58768, 1.60789, -1.39848, 0.93265, -1.16294, 0.00584, -2.1756, 12.41334, 2.86626, -9.75845]"
43,sub10,mae,0,sub10-b2__0058__sidekick.npy,14,sidekick,9,0.99004537,0,"[-6.34966, -7.87379, -0.60394, -5.39679, 3.30723, 1.78166, 13.96222, -14.7335, -5.89505, 18.59838, 7.34507, 2.03769, -1.28437, 1.63933, -1.26637, -0.91901, 1.09857, -1.3199, -0.80768, 10.63015, 2.22417, -11.97713]"
43,sub10,mae,0,sub10-b2__0059__sidekick.npy,14,sidekick,19,0.62990856,0,"[-3.77341, -5.20829, 1.58506, -4.73809, 1.64112, 0.37654, 10.17375, -14.84598, -3.45054, 12.91566, 7.58865, 0.48418, -2.69273, 0.83083, -0.10485, -0.28609, -0.05974, -0.17579, -1.89621, 13.51457, 2.67045, -10.32511]"
43,sub10,mae,0,sub10-b2__0060__sidekick.npy,14,sidekick,9,0.7357515,0,"[-5.04418, -6.14174, 5.15241, -4.89488, -0.72768, -1.11816, 12.4605, -14.34377, -4.28944, 13.52603, 7.48796, 1.17968, -0.85343, 2.35899, -0.23238, -0.66304, -1.03402, -0.15655, -2.5179, 9.10007, 1.29847, -7.5814]"
43,sub10,mae,0,sub10-b2__0061__sidekick.npy,14,sidekick,9,0.9841912,0,"[-7.16301, -7.44494, 2.07993, -5.35029, 1.13364, 0.37469, 13.28331, -14.94559, -4.64559, 17.45196, 7.60043, 1.59989, -0.49878, 1.54428, -1.15104, -0.96514, 0.48375, -0.57923, -1.75986, 9.92083, 1.84037, -9.76884]"
43,sub10,mae,0,sub10-b2__0062__crosstoe.npy,6,crosstoe,6,0.9999901,1,"[-3.94875, -2.5072, 4.64434, -4.66413, -5.97304, 1.23977, 19.34328, -8.14046, -5.15796, 3.4209, -0.37319, 0.79025, 0.66628, 0.79007, -0.17378, 0.48875, -4.83622, -0.891, 4.75253, 7.71418, 2.21188, -6.06968]"
43,sub10,mae,0,sub10-b2__0063__crosstoe.npy,6,crosstoe,6,0.99999034,1,"[-4.42573, -0.98056, 5.51865, -4.61143, -6.35564, 0.47893, 18.3208, -6.45542, -4.4488, 0.6042, -2.51778, 1.80355, 1.43001, 0.05719, -0.28363, 0.76852, -5.08227, -0.67544, 4.68663, 6.19295, 0.68191, -4.59198]"
43,sub10,mae,0,sub10-b2__0064__crosstoe.npy,6,crosstoe,6,0.9998714,1,"[-4.6786, 0.14442, 4.60635, -4.08696, -5.0675, 0.98271, 16.28204, -6.35242, -5.29052, 0.96312, -1.79902, 0.90881, 1.94449, 0.95554, -0.42037, 0.53302, -3.97413, -2.14872, 3.59424, 7.21084, 1.26607, -5.76476]"
43,sub10,mae,0,sub10-b2__0065__crosstoe.npy,6,crosstoe,6,0.9999621,1,"[-5.64609, -0.8717, 3.99453, -5.40719, -4.6808, 1.02669, 17.84365, -6.04793, -4.95572, 3.16039, -1.57692, 1.99182, 0.96174, -0.6379, 0.39855, -0.013, -4.08031, -1.84885, 5.16255, 7.52905, 1.0674, -7.1663]"
43,sub10,mae,0,sub10-b2__0066__crosstoe.npy,6,crosstoe,6,0.9858379,1,"[-6.86696, 3.47625, 3.9441, -5.9954, -5.3, 0.00525, 11.15415, -2.04497, -1.45684, 0.03827, -1.21728, 6.38757, 1.14831, -3.06631, 4.09532, -3.35612, -3.2232, -1.44381, 5.50743, 2.50902, -4.82751, -8.23026]"
43,sub10,mae,0,sub10-b2__0067__crosstoe.npy,6,crosstoe,6,0.9956357,1,"[-6.27555, 2.43109, 3.438, -6.8637, -5.8767, -0.589, 12.80654, -3.05233, -1.30144, -0.9814, -1.97164, 5.75316, 1.89179, -2.42313, 4.19721, -2.73163, -3.85271, -1.70362, 7.05537, 1.87517, -4.23812, -6.63064]"
43,sub10,mae,0,sub10-b2__0068__crosstoe.npy,6,crosstoe,6,0.9999999,1,"[-5.9382, -2.75206, 3.71734, -5.96899, -6.58402, 2.93371, 22.46109, -9.72829, -5.52303, 5.38755, 0.19623, 3.1864, 1.54049, 1.70697, 2.60664, -1.02767, -2.9666, 0.21893, 3.70284, 4.35455, -0.98827, -8.82814]"
43,sub10,mae,0,sub10-b2__0069__throw.npy,18,throw,1,0.64387715,0,"[0.91936, 7.50126, -3.99009, -5.20656, 1.31891, -1.5271, -4.47027, 2.75511, 6.54196, -2.2784, -1.23563, -1.51541, -5.15401, -4.96099, 4.73655, 0.33387, -1.5109, -0.39488, 3.22563, 4.96468, -4.36846, -5.78777]"
43,sub10,mae,0,sub10-b2__0070__throw.npy,18,throw,18,0.9925755,1,"[1.41812, 4.34565, -3.5164, -4.21608, -1.47959, -4.68465, -0.61967, 6.27708, 6.55048, -6.78871, -3.69249, -3.77371, -6.76645, -2.95565, 3.60301, -0.34058, -3.93386, -0.33545, 12.10797, 0.71831, -4.20546, 0.68683]"
43,sub10,mae,0,sub10-b2__0071__throw.npy,18,throw,18,0.9752407,1,"[0.07927, 4.11442, -3.73999, -5.89888, -2.41756, -4.78388, -0.25941, 8.15701, 8.06876, -6.21329, -4.56483, -3.67853, -6.15021, -4.33527, 3.96318, -0.18482, -4.24117, 0.32578, 12.4988, -0.96538, -4.78465, 1.60058]"
43,sub10,mae,0,sub10-b2__0072__throw.npy,18,throw,8,0.39995995,0,"[1.89393, 7.50002, -3.69173, -6.08131, -1.44727, -1.31529, -2.70271, 6.2232, 7.53006, -5.0696, -3.98389, -1.31869, -4.59433, -5.35002, 5.70855, 0.8787, -2.98558, 0.86846, 5.11583, 0.87489, -5.15416, -3.60007]"
43,sub10,mae,0,sub10-b2__0073__throw.npy,18,throw,8,0.93739194,0,"[-2.43296, 5.95722, -3.66264, -6.51418, -2.20666, -3.94288, -2.99357, 3.8728, 10.23357, -3.52327, -1.97814, -1.94421, -4.18692, -5.87995, 5.1736, -0.95527, -2.22932, 1.09826, 7.11549, 2.47022, -5.62516, -1.55928]"
43,sub10,mae,0,sub10-b2__0074__throw.npy,18,throw,8,0.8762526,0,"[0.78618, 7.07186, -4.04569, -4.80617, -0.15719, -2.46862, -5.33861, 4.08184, 9.27401, -3.7702, -2.26415, -2.28273, -5.64932, -5.60261, 5.09197, 0.24601, -1.83162, 0.59033, 4.00358, 3.76817, -4.48935, -3.4788]"
43,sub10,mae,0,sub10-b2__0075__throw.npy,18,throw,18,0.35741156,1,"[-1.02251, 6.39875, -4.33001, -3.82099, -0.43082, -2.93577, -2.77039, 7.08501, 7.21275, -4.58471, -4.08916, -2.86523, -5.86029, -4.91182, 3.47369, -0.11334, -2.37498, 0.17422, 7.48461, 2.60758, -3.47711, -2.21446]"
43,sub10,mae,0,sub10-b2__0076__walk.npy,20,walk,20,0.99201185,1,"[1.38241, 1.42424, 2.42441, -0.46127, 0.81799, -1.71201, -1.43723, -6.34941, -4.60476, 4.22696, -0.4708, -6.10863, 0.4192, -0.66967, -4.53769, 3.82198, -1.41963, -5.06389, -3.33735, 10.42387, 15.2498, -0.75799]"
43,sub10,mae,0,sub10-b2__0077__turnaround.npy,19,turnaround,19,0.9995327,1,"[-0.72465, -1.09232, -2.99578, -5.35409, 1.92213, -3.54047, 2.40707, -10.01501, -1.82406, 5.13621, 8.19708, 2.274, -3.30148, -1.53539, 3.6425, 1.18931, -1.11202, 0.21445, 1.49918, 15.93439, 2.62935, -11.80995]"
43,sub10,mae,0,sub10-b2__0078__walk.npy,20,walk,20,0.9999875,1,"[-1.33845, -3.045, -6.91793, 0.25658, 0.97988, -0.40622, 5.68972, -4.81428, -9.64993, 4.81882, -1.81863, -2.04733, -0.96358, 2.63996, -0.80277, 4.06358, -2.00268, 4.67234, 4.51135, 6.80001, 18.65947, -7.04728]"
43,sub10,mae,0,sub10-b2__0079__turnaround.npy,19,turnaround,19,0.99960846,1,"[-0.03673, -1.07009, -3.05022, -6.9976, 5.98402, -3.15649, -0.15245, -10.9859, -0.23631, 8.88588, 7.80975, 0.70591, -5.83511, -2.45282, 1.99882, 2.9288, -0.77591, 0.54696, 0.74556, 17.06985, 2.90059, -12.92441]"
43,sub10,mae,0,sub10-b2__0080__walk.npy,20,walk,20,0.999635,1,"[5.72582, 2.09374, -1.44023, -1.03096, 1.96333, -2.0827, -2.77999, -6.60289, -4.29505, 2.6939, 1.65754, -7.09824, -0.75633, 0.00258, -2.36474, 2.57429, -1.58233, -6.24533, -0.66319, 9.31874, 17.26567, -1.81072]"
43,sub10,mae,0,sub10-b2__0081__turnaround.npy,19,turnaround,19,0.99941266,1,"[-0.83566, -1.37753, -3.01403, -5.667, 1.75032, -3.41142, 2.79856, -10.10332, -1.75417, 5.67581, 8.38154, 2.40851, -2.9552, -1.75858, 3.37926, 1.22513, -1.20828, 0.16079, 1.43233, 15.90468, 2.75841, -11.86958]"
43,sub10,mae,0,sub10-b2__0082__walk.npy,20,walk,20,0.999943,1,"[-3.30111, -3.87946, -7.53457, -0.1968, 1.13963, -0.14238, 7.22682, -5.54699, -9.57492, 6.94357, -1.30487, -2.33869, -0.99687, 3.35586, -0.6181, 4.09549, -1.44178, 5.11829, 4.92086, 6.55046, 17.93573, -7.73276]"
43,sub10,mae,0,sub10-b2__0083__turnaround.npy,19,turnaround,19,0.9999336,1,"[0.67307, 0.14152, -1.69627, -6.33828, 4.36502, -3.27414, -0.20408, -10.17554, -0.02632, 6.05922, 7.54514, 0.66055, -5.14927, -2.73146, 1.82361, 2.41924, -1.44928, -0.42501, 0.5933, 17.41689, 2.35869, -11.92115]"
43,sub10,mae,0,sub10-b2__0084__walk.npy,20,walk,20,0.9996959,1,"[5.3026, 2.12714, -2.32418, -1.06432, 2.08881, -1.76851, -2.56335, -6.49851, -4.06694, 2.87977, 0.70948, -7.3072, -0.53932, -0.36587, -2.34607, 2.8317, -1.2047, -6.1277, -0.55719, 9.55619, 17.67241, -1.82777]"
43,sub10,mae,0,sub10-b2__0085__turnaround.npy,19,turnaround,19,0.99332845,1,"[-0.61845, -2.41553, -4.96311, -5.29647, 1.40287, -4.18844, 3.08396, -10.13003, -2.79504, 5.58072, 8.83815, 1.90963, -2.84267, -0.37484, 4.36471, 1.27268, -1.64207, 2.2604, 3.40782, 13.9112, 4.34651, -11.60704]"
43,sub10,mae,0,sub10-b2__0086__walk.npy,20,walk,20,0.9999689,1,"[-2.60676, -3.55096, -7.32687, -0.22378, 1.04772, -0.37093, 6.59238, -5.42559, -9.54355, 6.09491, -1.47905, -2.13514, -0.55755, 2.89544, -0.94119, 4.16222, -1.69334, 4.64602, 5.04991, 6.81866, 18.1746, -7.50851]"
43,sub10,mae,0,sub10-b2__0087__turnaround.npy,19,turnaround,19,0.99936455,1,"[-0.40571, -1.30047, -3.54192, -6.68978, 6.72586, -2.67112, -0.89728, -11.09004, 0.04607, 9.78748, 7.27926, 0.30291, -5.7416, -2.98202, 1.7167, 3.19274, -0.14724, 0.89362, -0.21499, 17.27306, 3.95249, -12.99338]"
43,sub10,mae,0,sub10-b2__0088__walk.npy,20,walk,20,0.9995402,1,"[3.74342, 1.55943, -0.42801, -1.39979, 0.85361, -1.71431, -2.28328, -6.25066, -3.42863, 3.32465, 0.53198, -6.45375, -0.45233, -1.40937, -2.73533, 2.98547, -1.7158, -5.5956, -0.93483, 9.8532, 17.54305, -1.59363]"
43,sub10,mae,0,sub10-b2__0089__turnaround.npy,19,turnaround,19,0.9994735,1,"[-1.57443, -2.31073, -3.36073, -5.50983, 1.49395, -2.99194, 3.96193, -10.06705, -2.71666, 6.48107, 7.65466, 2.47942, -2.54712, -1.30253, 2.64041, 2.07099, -1.64102, 1.13153, 1.61247, 15.52916, 4.09803, -11.7985]"
43,sub10,mae,0,sub10-b2__0090__walk.npy,20,walk,20,0.9999434,1,"[-2.14406, -3.44915, -6.90248, 0.16955, 1.54345, -0.30397, 6.9264, -5.64907, -10.32162, 6.09622, -0.80549, -2.48942, -1.11403, 4.1023, -0.88187, 3.7341, -1.91567, 4.72294, 4.86101, 6.90164, 17.72083, -7.84667]"
43,sub10,mae,0,sub10-b2__0091__turnaround.npy,19,turnaround,19,0.99958104,1,"[-0.9822, -1.41824, -2.5529, -7.07928, 4.94083, -3.28223, 0.24654, -11.02523, 0.43526, 8.85229, 7.66332, 1.10304, -5.37554, -2.70311, 2.46474, 2.60969, -0.69836, 0.82685, 0.39569, 16.91657, 2.92667, -12.44839]"
43,sub10,mae,0,sub10-b2__0092__walk.npy,20,walk,20,0.9990552,1,"[3.6765, 1.54497, -0.19825, -1.32279, 0.8313, -1.77074, -1.91358, -6.05339, -3.42695, 3.12637, 0.48283, -6.45122, -1.07021, -1.33757, -2.61901, 3.00448, -2.01642, -5.27085, -0.76812, 10.34592, 17.31253, -1.81595]"
43,sub10,mae,0,sub10-b2__0093__turnaround.npy,19,turnaround,19,0.9997265,1,"[-1.06019, -2.29611, -3.88331, -5.25867, 2.53163, -2.56821, 3.42341, -10.40419, -3.33751, 6.9261, 7.18219, 1.66126, -2.89593, -1.10213, 2.06612, 2.86576, -1.54927, 1.08534, 1.261, 16.07644, 5.33529, -12.01702]"
43,sub10,mae,0,sub10-b2__0094__walk.npy,20,walk,20,0.99996305,1,"[-2.7891, -3.56233, -7.12496, -0.05366, 1.19043, -0.15751, 6.90009, -5.30466, -9.79515, 6.55313, -1.48384, -2.29079, -1.01943, 3.20056, -0.92445, 4.00599, -1.59068, 4.7922, 4.4904, 7.15708, 18.29917, -7.74472]"
43,sub10,mae,0,sub10-b2__0095__turnaround.npy,19,turnaround,19,0.9998926,1,"[1.57491, -0.40025, -4.66229, -5.90185, 7.05398, -3.00675, -1.61088, -10.88959, -0.65234, 7.97239, 6.62421, -0.23943, -5.57744, -2.94594, 1.35263, 3.81982, 0.20546, -0.0212, -0.18991, 17.65754, 4.9241, -12.4309]"
43,sub10,mae,0,sub10-b2__0096__hop.npy,9,hop,4,0.7022566,0,"[9.11737, 2.94316, -13.60655, 1.33251, 14.50232, -0.77143, -3.42947, -2.91087, -7.462, 3.79627, -2.8015, -8.65105, -3.01447, 1.92303, -0.58159, 2.93086, 4.87779, -6.95901, -0.4531, 7.25689, 13.63141, -6.10778]"
43,sub10,mae,0,sub10-b2__0097__hop.npy,9,hop,4,0.992802,0,"[13.07405, 3.30484, -10.71132, 1.60878, 18.01995, -4.83647, -10.33677, -7.7148, -7.38727, 0.5748, 6.202, -4.22276, -3.64829, 4.9443, 1.31654, -1.29861, 4.53455, -8.29392, -3.09206, 8.91531, 6.9187, -6.44387]"
43,sub10,mae,0,sub10-b2__0098__hop.npy,9,hop,4,0.99982965,0,"[10.17356, 3.83831, -12.73636, 1.15571, 19.12688, -4.3567, -11.66386, -7.03694, -6.79525, 2.83603, 4.77711, -5.60796, -1.84252, 4.28046, -0.06639, -0.76917, 7.14994, -8.79032, -4.16906, 7.99689, 8.24397, -5.83069]"
43,sub10,mae,0,sub10-b2__0099__hop.npy,9,hop,4,0.9978654,0,"[13.00971, 3.57614, -11.45687, 1.50048, 19.16764, -5.11547, -10.80065, -7.95032, -7.40449, 1.22072, 6.66969, -3.93578, -3.90196, 5.55588, 2.35945, -1.72069, 6.20725, -8.26138, -4.26385, 7.9958, 5.26246, -6.87638]"
43,sub10,mae,0,sub10-b2__0100__hop.npy,9,hop,4,0.99923146,0,"[11.735, 2.86474, -12.25138, -0.07784, 18.93701, -3.90405, -10.48, -6.02641, -6.36329, 1.81873, 4.6882, -4.23175, -2.28387, 3.64788, -0.0787, -0.77982, 5.06262, -8.88523, -1.90028, 7.42813, 7.61829, -6.04744]"
43,sub10,mae,0,sub10-b2__0101__hop.npy,9,hop,4,0.9816922,0,"[13.91484, 3.35312, -11.51506, 0.32622, 17.89886, -4.35632, -9.74289, -4.90718, -5.78313, -0.69101, 3.59591, -3.80721, -4.36628, 3.01447, 1.91534, -0.58204, 3.71895, -7.62874, -1.09972, 7.2352, 6.64175, -5.96444]"
43,sub10,mae,0,sub10-b2__0102__hop.npy,9,hop,4,0.9999411,0,"[10.63157, 3.1096, -13.09277, 0.76679, 20.45881, -4.68682, -10.73948, -5.66937, -6.03109, 2.23996, 3.83825, -5.04499, -4.22643, 3.96344, 1.30509, -0.41027, 6.43751, -7.31017, -2.88794, 7.80121, 6.23275, -6.27476]"
43,sub10,mae,0,sub10-b2__0103__hop.npy,9,hop,4,0.88476366,0,"[15.84797, 3.94281, -11.07881, 1.07976, 17.88647, -5.64761, -10.24123, -5.41694, -6.81335, -2.44947, 6.14282, -3.4987, -4.27552, 6.28697, 3.01377, -1.96143, 3.85484, -8.19097, -1.40897, 5.14752, 3.21136, -5.09254]"
43,sub10,mae,0,sub10-b2__0104__hop.npy,9,hop,4,0.9981207,0,"[13.54468, 2.75258, -11.52968, 0.42608, 19.8215, -4.88779, -10.65082, -5.35511, -6.66313, 0.43876, 5.11662, -3.56089, -4.00128, 4.46239, 0.58272, -0.93056, 4.17083, -8.42136, -1.23379, 6.77351, 5.47125, -5.69509]"
43,sub10,mae,0,sub10-b2__0105__jump.npy,10,jump,10,0.97208834,1,"[5.52636, 1.10392, 1.62951, 0.68204, 4.66325, -7.32044, -3.71972, -11.47061, -6.32524, 2.11, 12.0948, -3.79034, -2.06862, 7.12597, 0.78121, -2.8951, -0.35245, -6.52997, -2.83621, 7.89538, 6.72171, -1.5235]"
43,sub10,mae,0,sub10-b2__0106__jump.npy,10,jump,10,0.9139049,1,"[6.10538, 0.31134, 3.51526, -0.28381, 2.83275, -7.04135, -3.15874, -10.69963, -4.91022, 2.1799, 11.91192, -2.38776, -3.71941, 3.72865, 1.99789, -2.21785, -1.74854, -5.51024, -2.29484, 9.39093, 7.31394, -2.89743]"
43,sub10,mae,0,sub10-b2__0107__jump.npy,10,jump,10,0.97710174,1,"[5.58408, -0.1511, 3.77855, -0.20025, 2.61881, -7.27034, -2.44938, -11.37892, -5.21862, 2.66195, 12.74543, -1.5819, -2.81402, 4.28681, 1.88726, -3.00452, -1.31383, -6.02265, -2.80035, 8.87117, 6.20329, -2.8249]"
43,sub10,mae,0,sub10-b2__0108__jump.npy,10,jump,10,0.9799421,1,"[5.32438, -0.43121, 1.61778, -0.73142, 4.89823, -7.21467, -3.79057, -11.64495, -5.2906, 4.26582, 13.59391, -1.68715, -3.42014, 4.3389, 2.36768, -2.90713, -0.19765, -6.28117, -3.19707, 9.63385, 6.43246, -4.15829]"
43,sub10,mae,0,sub10-b2__0109__jump.npy,10,jump,10,0.95781326,1,"[6.1097, 0.46433, 3.21028, -0.69363, 2.68368, -7.42355, -3.39176, -11.0632, -4.30073, 1.88624, 12.16245, -2.28285, -3.08385, 3.92083, 2.11611, -2.58615, -1.52216, -5.95547, -2.35668, 8.87128, 6.62124, -2.14033]"
43,sub10,mae,0,sub10-b2__0110__jump.npy,10,jump,10,0.98306483,1,"[5.09706, -0.62563, 2.22928, -1.25369, 4.0679, -7.21794, -3.21052, -12.11195, -4.82998, 4.35229, 13.75305, -2.24797, -3.27193, 4.56222, 2.02916, -2.88849, -0.71698, -6.05085, -2.81894, 9.61559, 6.65046, -3.58276]"
43,sub10,mae,0,sub10-b2__0111__runonspot.npy,13,runonspot,13,0.86388445,1,"[3.58095, 6.09944, -8.07019, 8.98163, 13.835, -3.65695, -5.49638, -8.34447, -12.4534, 1.353, 2.03503, -11.86689, 0.24274, 15.69985, -2.54459, -1.14303, 9.03655, -5.40338, -7.30864, 3.17733, 6.24292, -1.7294]"
43,sub10,mae,0,sub10-b2__0112__runonspot.npy,13,runonspot,13,0.9802429,1,"[3.19518, 6.13094, -7.87779, 8.41605, 12.99446, -4.52511, -5.73887, -8.78307, -11.72527, 0.26146, 2.14623, -11.71897, 0.70123, 16.93157, -2.62747, -1.22881, 9.1603, -4.87, -6.57865, 1.37828, 4.99543, 0.39623]"
43,sub10,mae,0,sub10-b2__0113__runonspot.npy,13,runonspot,4,0.5215189,0,"[3.41563, 6.44446, -9.77248, 7.62955, 14.83463, -2.61594, -6.32292, -8.29556, -11.68104, 1.86816, 0.68679, -12.45176, 0.48128, 14.7391, -3.78548, 0.62116, 9.90102, -5.22291, -7.10456, 2.92364, 7.00167, -1.46648]"
43,sub10,mae,0,sub10-b2__0114__runonspot.npy,13,runonspot,13,0.72815526,1,"[3.22156, 5.65358, -9.18404, 5.9597, 14.39732, -3.04047, -6.21998, -9.32148, -11.39263, 2.79856, 3.51044, -11.06066, 0.38634, 15.38811, -2.63082, -0.96511, 9.05187, -5.70696, -6.27917, 2.82158, 6.37205, -2.17293]"
43,sub10,mae,0,sub10-b2__0115__runonspot.npy,13,runonspot,13,0.8776279,1,"[2.04235, 5.81355, -9.68826, 7.42601, 15.11012, -3.12592, -5.1687, -9.04365, -12.25851, 2.42331, 1.44158, -11.74535, 1.01214, 17.09012, -3.39072, -0.4737, 10.43235, -4.58746, -6.96623, 0.97312, 4.70781, -1.07856]"
43,sub10,mae,0,sub10-b2__0116__buttkicks.npy,4,buttkicks,4,1.0,1,"[8.2601, 1.40113, -15.33686, -0.00676, 26.32788, -3.40202, -10.25785, -8.47084, -8.26987, 7.98228, 4.27727, -4.51063, -3.562, 5.6359, -2.46729, 0.36278, 9.32346, -7.01965, -4.01304, 7.72444, 4.14498, -8.38178]"
43,sub10,mae,0,sub10-b2__0117__buttkicks.npy,4,buttkicks,4,0.99999976,1,"[7.38156, 1.26346, -15.46085, 0.37311, 25.79724, -2.8353, -9.87953, -8.84582, -8.52139, 9.01309, 4.02366, -5.42135, -2.82094, 5.8876, -2.76655, 0.21112, 10.13929, -7.40013, -5.12641, 7.74599, 5.69177, -7.91949]"
43,sub10,mae,0,sub10-b2__0118__buttkicks.npy,4,buttkicks,4,0.99999976,1,"[6.94174, 0.08917, -15.58615, -0.71761, 26.51109, -2.80701, -9.26083, -9.09932, -7.99791, 10.44365, 5.54754, -3.51738, -3.86219, 4.95896, -1.4636, -0.55067, 10.18996, -7.42589, -4.47849, 7.97802, 3.67565, -9.92509]"
43,sub10,mae,0,sub10-b2__0119__buttkicks.npy,4,buttkicks,4,0.9999988,1,"[4.36447, 0.2268, -16.33205, -1.25007, 26.0201, -1.67613, -8.16894, -8.74421, -8.26764, 12.20888, 2.47278, -5.47401, -2.83379, 4.3683, -4.27742, 1.90734, 10.17461, -6.37648, -3.82246, 8.51111, 6.84869, -9.44616]"
43,sub10,mae,0,sub10-b2__0120__buttkicks.npy,4,buttkicks,4,0.9999999,1,"[6.59068, 0.54038, -15.54904, -0.99843, 26.17492, -3.02296, -9.12745, -8.71489, -8.12271, 9.95656, 2.88286, -6.23846, -2.93896, 5.17458, -4.47954, 1.96157, 8.87624, -6.43126, -3.30931, 8.96952, 6.55522, -7.85693]"
43,sub10,mae,0,sub10-b2__0121__buttkicks.npy,4,buttkicks,4,0.99999523,1,"[4.97459, -0.04234, -15.04155, -1.07805, 24.49505, -1.97649, -8.13815, -10.07263, -8.37798, 12.11121, 4.70136, -6.4435, -1.86969, 6.26342, -3.32945, 0.9298, 9.96556, -7.35723, -4.90288, 8.22752, 7.0314, -8.30761]"
43,sub10,mae,0,sub10-b2__0122__airkick.npy,0,airkick,0,0.99999714,1,"[21.50954, 8.45038, -4.30416, 6.01736, 6.12402, -5.35963, -5.92006, -4.99995, -6.59071, -9.93439, 2.40707, -5.2542, -5.03502, 5.20056, 5.66728, -1.8596, 0.22435, -6.13848, -2.72299, 4.59855, 4.75566, -2.33392]"
43,sub10,mae,0,sub10-b2__0123__airkick.npy,0,airkick,0,0.9983229,1,"[16.21736, 5.94201, -6.37091, 0.83464, 8.20656, -2.58991, -3.74239, -2.62693, -2.76182, -2.94772, -1.44919, -5.60998, -8.62811, -1.37204, 5.24324, 1.4906, -0.14076, -4.50108, 0.38455, 9.51599, 6.59638, -7.32018]"
43,sub10,mae,0,sub10-b2__0124__airkick.npy,0,airkick,0,0.97461456,1,"[14.37211, 6.97582, -2.5883, 6.70398, 8.52975, -3.96569, -5.92146, -6.2693, -8.63573, -4.07576, 1.33629, -4.27424, -5.48948, 3.05193, 2.35766, 0.32871, 1.87029, -4.87604, -6.15232, 10.53205, 6.8601, -5.67065]"
43,sub10,mae,0,sub10-b2__0125__airkick.npy,0,airkick,0,0.9999223,1,"[18.48053, 7.24298, -2.7222, 6.35635, 6.81582, -4.49399, -4.97208, -6.96818, -8.21922, -6.14651, 2.64558, -5.91043, -5.49924, 4.86829, 2.85017, -0.55587, 0.51196, -5.68191, -4.1542, 7.99205, 7.71732, -3.80338]"
43,sub10,mae,0,sub10-b2__0126__airkick.npy,0,airkick,0,0.9999814,1,"[19.53055, 7.61919, -2.40545, 5.98573, 4.63339, -4.44931, -4.98732, -3.39928, -6.5538, -8.30263, -0.09363, -4.29784, -5.50498, 1.44551, 4.668, 0.18881, -0.93761, -5.06804, -3.31553, 6.37744, 7.77722, -3.31698]"
43,sub10,mae,0,sub10-b2__0127__airkick.npy,0,airkick,0,0.94313365,1,"[11.55933, 6.14645, -4.05167, -6.13799, 3.13899, -1.18542, -1.73414, 1.09157, 3.92254, -2.13002, -1.97082, -2.15626, -9.29621, -5.10714, 7.95847, 2.28671, -3.23093, -1.9555, 3.94074, 7.95489, -0.34237, -10.06252]"
43,sub10,mae,0,sub10-b2__0128__sidekick.npy,14,sidekick,9,0.99977654,0,"[-8.57733, -7.85301, 1.60891, -5.10684, 3.56006, -0.77355, 10.76266, -14.64653, -5.17782, 19.49259, 8.3178, 1.61852, -0.43185, 1.98102, -1.62519, -1.88265, 1.97061, -2.20637, -2.76175, 9.53891, 2.58688, -9.10722]"
43,sub10,mae,0,sub10-b2__0129__sidekick.npy,14,sidekick,9,0.9959304,0,"[-6.18407, -6.37807, 3.80789, -4.5402, 1.66921, -2.31209, 9.66167, -14.96212, -4.72582, 16.20668, 9.98767, 0.82814, -0.61673, 3.5873, -0.11232, -2.25797, 1.11861, -1.95491, -3.61679, 8.86617, 1.62958, -7.80272]"
43,sub10,mae,0,sub10-b2__0130__sidekick.npy,14,sidekick,9,0.67310077,0,"[-3.88941, -5.50306, 4.55548, -3.86057, 0.81633, -1.50199, 8.92322, -14.39883, -3.8294, 12.25965, 7.93144, 1.03667, -1.97238, 1.50571, -1.03757, -0.40932, -0.67672, -0.57533, -3.0493, 11.43032, 2.52858, -7.53549]"
43,sub10,mae,0,sub10-b2__0131__sidekick.npy,14,sidekick,9,0.9967873,0,"[-7.52562, -7.03748, 4.49012, -4.50799, 1.39435, -2.49472, 9.86574, -14.80476, -4.67836, 16.27342, 8.98501, 2.02836, -0.31036, 2.62962, -1.02858, -2.26739, 0.51689, -1.80596, -2.78474, 9.23774, 2.15319, -7.3323]"
43,sub10,mae,0,sub10-b2__0132__sidekick.npy,14,sidekick,9,0.5174946,0,"[-3.43862, -6.20135, 2.83431, -4.4459, 1.0305, 0.42092, 11.97401, -13.83644, -4.55961, 12.65876, 5.96463, 1.55077, -2.51838, 0.76637, -0.91942, 0.87062, -1.5738, 0.86711, -1.32761, 11.80725, 2.85991, -9.84293]"
43,sub10,mae,0,sub10-b2__0133__crosstoe.npy,6,crosstoe,6,0.9999933,1,"[-4.46829, -2.19158, 3.81317, -5.62112, -5.7723, 1.04871, 19.2817, -6.95596, -4.3255, 2.9725, -1.37117, 1.14529, 0.4946, -0.0967, 0.12294, 1.24, -4.90058, -0.57392, 5.48178, 7.13536, 1.64795, -5.89448]"
43,sub10,mae,0,sub10-b2__0134__crosstoe.npy,6,crosstoe,6,0.9999995,1,"[-3.57841, -3.4499, 0.0123, -6.16576, -5.73733, 2.52869, 22.17541, -7.27484, -3.49072, 5.23103, 0.11572, -0.25235, -1.82915, 0.58444, 3.86853, 1.0495, -4.25641, 2.63131, 7.45305, 4.34598, 0.02068, -8.4624]"
43,sub10,mae,0,sub10-b2__0135__crosstoe.npy,6,crosstoe,6,0.9997372,1,"[-1.21059, -0.27314, -1.55139, -7.1016, -6.77848, -0.51487, 13.57361, -4.08742, 1.47721, -2.48293, -2.68077, 2.35986, 2.58323, -3.52459, 4.67229, 1.43029, -4.18539, 3.43314, 3.41459, 1.01375, -0.36691, -2.67431]"
43,sub10,mae,0,sub10-b2__0136__crosstoe.npy,6,crosstoe,6,0.99999547,1,"[-1.86563, -1.59669, -0.42469, -6.58818, -6.76146, 0.4576, 17.18254, -5.38609, -1.067, -0.12904, -1.71266, 0.67755, 2.25571, -2.07723, 3.02557, 2.13109, -4.60358, 2.77545, 4.02602, 2.71663, 0.32534, -3.48445]"
43,sub10,mae,0,sub10-b2__0137__crosstoe.npy,6,crosstoe,6,0.999972,1,"[-2.36164, -1.39006, 0.11102, -7.44073, -7.00787, -0.60594, 15.64753, -5.09684, 0.20467, -1.2766, -2.65204, 1.60412, 2.18458, -2.65442, 3.09692, 2.6136, -4.86717, 4.01932, 4.11833, 1.32851, -0.61717, -1.84885]"
43,sub10,mae,0,sub10-b2__0138__crosstoe.npy,6,crosstoe,6,0.9999572,1,"[-2.21357, -1.4008, -1.2046, -7.75743, -6.71002, 0.03561, 15.38122, -5.26914, 0.46938, -0.29931, -1.86099, 2.60584, 1.81871, -3.43819, 3.53354, 1.84218, -4.51509, 3.28988, 4.59345, 2.65571, -0.70728, -4.07295]"
43,sub10,mae,0,sub10-b2__0139__throw.npy,18,throw,18,0.97959155,1,"[5.69037, 0.97729, -3.31747, -4.62702, -2.92183, 2.34103, 3.02858, -1.23999, 2.6843, -4.51392, 1.74497, -1.58186, -4.94388, -2.04049, 0.3922, -1.14004, -4.39423, -1.37844, 10.69297, 6.33531, -0.54687, -6.05217]"
43,sub10,mae,0,sub10-b2__0140__throw.npy,18,throw,18,0.9987392,1,"[5.63329, -1.63319, -3.78458, -7.51934, -4.74146, -0.7824, 5.97892, -3.06864, 3.61143, -3.36726, 2.6245, -2.89959, -3.78228, -3.16385, 1.22189, 2.57743, -6.45457, 0.23068, 13.85299, 6.33764, 0.08957, -3.3451]"
43,sub10,mae,0,sub10-b2__0141__throw.npy,18,throw,18,0.9991736,1,"[8.62152, -0.51985, -4.74709, -5.15459, -3.20207, -0.54103, 5.21897, 2.0368, 1.54935, -7.02304, -0.65571, -5.67681, -5.91066, 0.67982, 0.70723, 1.41688, -5.90926, -0.68358, 15.75676, 1.2756, -0.65615, 0.02973]"
43,sub10,mae,0,sub10-b2__0142__throw.npy,18,throw,18,0.76482385,1,"[2.742, 0.09864, -3.56204, -3.33565, -2.28328, 0.341, 3.98325, -4.80689, 2.69835, -3.42137, 1.79293, -4.41604, -5.27827, -0.23927, -0.78189, 0.93086, -3.6596, 0.99121, 10.2659, 9.07518, -0.16659, -2.85422]"
43,sub10,mae,0,sub10-b2__0143__throw.npy,18,throw,18,0.9993875,1,"[4.63351, -1.21526, -3.20092, -6.67449, -4.28546, -0.15021, 5.65881, -0.46809, 4.60313, -3.09096, 1.23216, -2.94441, -6.08574, -3.38015, 2.26973, 0.50952, -5.91522, 0.7756, 13.98625, 5.38254, -0.09201, -4.54351]"
43,sub10,mae,0,sub10-b2__0144__throw.npy,18,throw,18,0.9991116,1,"[3.6973, -0.16852, -3.96989, -4.98676, -4.00845, 0.97518, 5.93551, 1.58204, 4.05095, -3.38827, -0.24144, -3.37877, -6.94539, -2.58285, 2.31709, -0.12729, -5.00233, 1.23895, 13.32495, 3.78795, -0.85367, -4.90998]"
43,sub10,mae,0,sub10-c__0001__sit.npy,15,sit,18,0.5553971,0,"[2.65012, 0.67516, 4.31431, -7.29908, -5.0708, -0.0947, -1.20486, 2.71112, 4.99618, -2.39697, 0.05265, 0.57699, 0.27373, -5.5587, -2.05827, 3.31868, -7.83863, -1.24973, 5.88867, -0.75858, -1.50462, -0.04099]"
43,sub10,mae,0,sub10-c__0002__stand.npy,17,stand,2,0.3697829,0,"[0.2956, -0.3233, 5.65491, -6.78705, -5.90298, 0.29183, -0.02717, 2.4532, 4.0783, -1.88078, -1.80275, 1.87236, -0.46386, -6.65332, -2.97502, 4.61113, -8.76564, 3.58439, 5.5826, -0.55498, -0.75669, -0.09489]"
43,sub10,mae,0,sub10-c__0003__turnaround.npy,19,turnaround,8,0.88597405,0,"[3.83938, 2.05848, 3.54638, -7.83977, -3.25941, -1.16197, -4.40556, 1.87203, 7.51225, -2.11175, 2.83864, 1.4339, -2.74701, -5.94436, 1.73855, -0.95349, -6.33121, -3.4093, 4.61457, 2.39773, -2.47846, -2.64684]"
43,sub10,mae,0,sub10-c__0004__sit.npy,15,sit,18,0.52595264,0,"[2.25443, 0.49212, 3.78929, -7.43737, -5.61985, 0.06462, -1.20741, 3.16595, 5.39774, -2.36027, -0.09823, 0.98062, 0.26895, -5.96563, -1.26333, 3.1416, -7.61124, -0.90983, 5.90738, -1.03188, -1.48594, -0.38152]"
43,sub10,mae,0,sub10-c__0005__stand.npy,17,stand,2,0.38172632,0,"[1.30083, 0.31946, 5.64869, -6.42943, -5.73591, -0.22017, -1.28505, 2.61367, 5.2955, -2.09192, -1.75864, 0.81077, -1.42897, -6.59748, -2.11242, 4.5518, -8.62986, 3.64327, 4.6202, 0.54252, -0.74653, 0.00526]"
43,sub10,mae,0,sub10-c__0006__turnaround.npy,19,turnaround,8,0.86278397,0,"[3.71496, 2.21199, 4.29967, -7.5738, -3.56492, -1.43298, -4.71236, 1.58332, 7.39326, -2.43382, 3.08902, 1.4559, -2.54101, -5.83443, 1.47789, -1.13487, -6.48438, -3.43896, 4.43144, 2.64262, -2.746, -2.25437]"
43,sub10,mae,0,sub10-c__0007__sit.npy,15,sit,18,0.52613324,0,"[2.78933, 1.125, 4.63258, -6.72342, -5.08195, 0.51171, -0.8687, 2.9994, 4.2792, -2.54726, -0.4372, 0.53771, -0.07224, -5.58451, -2.20886, 3.77425, -8.14851, -0.87239, 5.68587, -0.23365, -1.47287, -0.83129]"
43,sub10,mae,0,sub10-c__0008__stand.npy,17,stand,2,0.39981714,0,"[1.4481, -0.08025, 5.84782, -6.67135, -5.58313, 0.05087, -0.33362, 2.466, 4.09697, -2.32844, -1.67547, 1.34195, -0.96433, -6.5642, -3.05346, 4.88874, -9.07716, 3.02129, 5.63651, 0.31009, -0.39711, -0.14339]"
43,sub10,mae,0,sub10-c__0009__turnaround.npy,19,turnaround,8,0.8468155,0,"[3.61892, 1.86686, 3.8663, -8.08324, -3.53569, -1.49301, -4.15624, 1.6538, 7.58463, -1.86481, 3.50542, 1.25214, -2.86357, -5.81156, 1.75607, -1.27645, -6.56537, -3.43729, 5.30416, 2.67465, -2.73917, -2.68938]"
43,sub10,mae,0,sub10-c__0010__sit.npy,15,sit,18,0.5546901,0,"[2.65965, 0.885, 4.81242, -7.03378, -5.23363, 0.26835, -0.88556, 2.90633, 4.43805, -2.60109, -0.61402, 0.55681, 0.20658, -5.70542, -2.49469, 3.96897, -8.32838, -0.68944, 5.93374, -0.45465, -1.49528, -0.25469]"
43,sub10,mae,0,sub10-c__0011__stand.npy,17,stand,2,0.43406594,0,"[1.19486, 0.02145, 5.93881, -6.73659, -5.93922, -0.12752, -0.51755, 2.33239, 4.65786, -2.36578, -2.03935, 1.19846, -0.67742, -6.69077, -2.98778, 4.93646, -8.93621, 3.61861, 5.2431, 0.10879, -0.66265, 0.53448]"
43,sub10,mae,0,sub10-c__0012__turnaround.npy,19,turnaround,8,0.9204854,0,"[3.8322, 2.30515, 3.77417, -8.0447, -3.59703, -1.01526, -4.42421, 2.19511, 8.03018, -2.39381, 2.08387, 0.97372, -2.91957, -6.11276, 1.58432, -0.66716, -6.70144, -2.95711, 4.88392, 2.03362, -2.3758, -2.24662]"
43,sub10,mae,0,sub10-c__0013__sit.npy,15,sit,18,0.37176102,0,"[1.83498, 1.28073, 4.83615, -7.41181, -5.7603, 0.39298, -0.92948, 2.66168, 5.48025, -2.38746, -0.71938, 0.69595, 0.55952, -5.9075, -1.4439, 2.83915, -7.82773, -0.67757, 5.5048, -0.94946, -2.26648, -0.1438]"
43,sub10,mae,0,sub10-c__0014__stand.npy,17,stand,2,0.44909126,0,"[1.04717, 0.10286, 5.85321, -6.64711, -5.97579, 0.04137, -0.66941, 2.3163, 4.59374, -2.49069, -2.19611, 1.39149, -0.28439, -6.61201, -2.92657, 4.91746, -8.828, 3.50181, 4.90469, -0.0895, -0.81604, 0.51987]"
43,sub10,mae,0,sub10-c__0015__turnaround.npy,19,turnaround,8,0.8482451,0,"[3.62357, 2.15036, 4.47242, -7.3914, -4.28439, -1.71872, -4.26496, 1.56765, 7.47348, -2.60179, 3.42905, 1.68389, -2.27867, -5.82012, 1.2483, -1.3978, -6.67077, -3.54198, 4.79295, 2.7326, -2.89502, -2.19395]"
43,sub10,mae,0,sub10-c__0016__squat.npy,16,squat,16,0.52104276,1,"[-3.23781, -0.58972, -8.13031, -0.59557, 10.78294, -0.89059, -2.31127, -3.04228, -5.63357, 9.36132, 4.5599, 5.10345, -1.66617, 1.29657, 5.39682, -6.9142, 11.09144, -6.80357, -3.83712, -2.22544, -1.60282, -10.06759]"
43,sub10,mae,0,sub10-c__0017__squat.npy,16,squat,16,0.5409128,1,"[-4.4147, -0.37393, -10.2538, -0.22768, 13.15244, -0.98892, -3.21057, -3.10859, -5.32909, 10.91122, 3.31305, 3.88135, -2.0964, 1.23887, 4.83187, -6.58559, 13.41787, -6.32365, -4.65927, -2.09939, -1.77298, -9.88829]"
43,sub10,mae,0,sub10-c__0018__squat.npy,16,squat,9,0.9660134,0,"[-3.06425, -4.0055, -8.35234, -6.50704, 8.28989, -0.97274, -1.26425, -5.59539, -3.2194, 13.20507, 7.81211, 7.08577, 0.26023, -3.27815, 5.25471, -6.21924, 9.32934, -7.60893, -1.76608, -0.89019, 0.48216, -10.47042]"
43,sub10,mae,0,sub10-c__0019__squat.npy,16,squat,9,0.90855676,0,"[-1.97435, -4.24232, -6.19784, -7.24313, 6.00811, -2.10182, -0.28729, -5.94626, -2.38981, 12.42137, 9.84649, 7.61295, -1.05436, -3.66181, 7.76135, -7.10299, 7.16298, -7.39986, -0.48539, -0.74517, -0.27135, -10.80926]"
43,sub10,mae,0,sub10-c__0020__squat.npy,16,squat,9,0.9811778,0,"[-3.29654, -3.91837, -7.46352, -6.73194, 7.74787, -1.51699, -0.35281, -5.44432, -3.0492, 13.27033, 7.06312, 7.68936, -0.4426, -3.58258, 6.19426, -6.01597, 8.50881, -6.82102, -1.59987, -0.98534, 0.00493, -10.81472]"
43,sub10,mae,0,sub10-c__0021__squat.npy,16,squat,9,0.956095,0,"[-3.5618, -3.86343, -9.44555, -6.52238, 9.72994, -1.03682, -1.68555, -6.08611, -3.42827, 14.02074, 7.05515, 7.0247, 0.36419, -3.35603, 4.97825, -5.94204, 10.52236, -7.36064, -2.30975, -0.52049, 0.24322, -10.89588]"
43,sub10,mae,0,sub10-c__0022__pickup.npy,11,pickup,11,0.98852134,1,"[-2.62897, -4.45246, 0.38466, -6.99209, 0.20543, -1.32003, 7.36, -2.63086, -3.61532, 5.72342, 1.46771, 12.03234, -1.42502, -4.31528, 3.70353, -2.16517, -0.58915, -3.52224, 3.15329, -0.48567, 0.17264, -8.33621]"
43,sub10,mae,0,sub10-c__0023__pickup.npy,11,pickup,11,0.9802536,1,"[-2.6174, -4.29585, 0.32646, -7.02141, 0.17381, -1.45512, 7.63558, -2.42211, -3.25167, 6.10547, 1.64754, 11.79342, -2.40933, -4.42744, 4.65488, -2.51944, -0.60778, -3.27345, 3.47347, -0.53144, -0.13734, -8.82373]"
43,sub10,mae,0,sub10-c__0024__pickup.npy,11,pickup,11,0.9812588,1,"[-2.89271, -4.37649, -0.41592, -6.83473, 1.1005, -1.39254, 7.16164, -2.67369, -3.54416, 6.98221, 1.91393, 11.78471, -2.55751, -4.28835, 4.65764, -2.67763, 0.26133, -3.4603, 3.03078, -0.25022, -0.18692, -9.44495]"
43,sub10,mae,0,sub10-c__0025__pickup.npy,11,pickup,11,0.99092966,1,"[-2.71893, -4.73336, 0.197, -7.02735, 0.25585, -1.65189, 7.0641, -2.85808, -3.54437, 6.00581, 2.11367, 12.10525, -1.05513, -4.58695, 3.73432, -2.46342, -0.38586, -3.86692, 3.16586, -0.14304, 0.30748, -8.22276]"
43,sub10,mae,0,sub10-c__0026__pickup.npy,11,pickup,11,0.9882768,1,"[-2.28441, -4.23588, 1.17878, -6.38497, -0.45336, -1.46783, 7.766, -2.4195, -3.77682, 4.79511, 1.17232, 12.28741, -1.89908, -4.18712, 4.04008, -2.21338, -1.18486, -3.26496, 3.28692, -0.30109, 0.01596, -8.26966]"
43,sub10,mae,0,sub10-c__0027__pushchair.npy,12,pushchair,6,0.731733,0,"[0.35063, -4.10892, 1.19453, -6.32366, -4.91547, -2.33526, 7.60482, -1.12148, -2.08778, 1.38766, 3.56972, 6.1135, 3.00197, -3.82269, 3.19196, -1.67662, -3.59952, -5.14996, 5.15607, -1.94576, 3.04575, -3.2295]"
43,sub10,mae,0,sub10-c__0028__pushchair.npy,12,pushchair,11,0.70507354,0,"[0.6548, -4.49819, 2.85515, -5.86199, -4.73609, -3.09975, 6.6144, -2.12697, -2.4845, 1.35939, 4.72194, 7.82196, 2.30658, -3.98873, 4.1548, -2.5564, -3.68577, -5.18569, 4.35751, -0.83697, 2.25337, -4.02647]"
43,sub10,mae,0,sub10-c__0029__pushchair.npy,12,pushchair,11,0.4851722,0,"[0.7105, -3.98346, 3.12623, -6.35666, -5.45543, -3.11753, 6.92895, -1.38657, -1.55968, 0.48455, 3.8056, 7.12648, 2.4942, -4.21065, 4.09124, -2.06831, -4.34072, -4.76755, 4.99638, -1.87328, 1.95087, -2.85373]"
43,sub10,mae,0,sub10-c__0030__pushchair.npy,12,pushchair,6,0.58422667,0,"[0.62446, -3.97209, 1.27944, -6.3103, -4.99018, -2.55451, 7.07228, -1.36525, -1.52085, 1.1033, 3.91562, 6.26311, 2.98361, -4.16319, 3.4949, -1.79296, -3.6593, -5.04364, 5.23182, -1.80577, 2.67989, -3.18429]"
43,sub10,mae,0,sub10-c__0031__pushchair.npy,12,pushchair,11,0.520736,0,"[0.1148, -4.12704, 2.10678, -6.71232, -4.79568, -2.59745, 7.01235, -1.58139, -1.71423, 1.35315, 3.68128, 7.30011, 2.83331, -4.49084, 3.52108, -1.87491, -3.73342, -4.91891, 4.92221, -1.57349, 2.33569, -3.54046]"
43,sub10,mae,0,sub10-c__0032__sit.npy,15,sit,18,0.39386663,0,"[1.86171, 0.76736, 5.31775, -6.9189, -5.76905, 0.27853, -1.01288, 2.82386, 5.15879, -2.5393, -0.85121, 0.957, -0.68951, -6.12394, -1.50256, 3.58452, -8.46812, 0.70408, 5.67466, -0.34536, -1.40434, -0.54537]"
43,sub10,mae,0,sub10-c__0033__stand.npy,17,stand,2,0.26793224,0,"[0.98221, -0.04774, 5.22178, -6.40522, -5.45019, 0.09415, -0.62994, 2.29528, 4.8788, -1.83833, -2.02386, 1.30301, -1.58704, -6.78868, -2.38794, 5.13168, -8.5217, 4.37435, 4.63608, 0.69992, -0.30289, -0.38042]"
43,sub10,mae,0,sub10-c__0034__turnaround.npy,19,turnaround,8,0.92538834,0,"[3.76442, 2.27394, 3.69326, -7.78139, -3.56214, -1.21364, -4.85713, 1.74942, 7.92178, -2.38164, 2.95044, 1.4203, -2.78401, -5.98436, 1.70296, -1.0743, -6.3867, -2.92098, 4.41274, 2.41595, -2.70749, -2.4284]"
43,sub10,mae,0,sub10-c__0035__sit.npy,15,sit,18,0.59434867,0,"[1.77598, 0.54701, 4.82274, -7.29662, -5.561, 0.32663, -0.92062, 2.98321, 4.72105, -2.46855, -0.7488, 0.95481, -0.1793, -5.93578, -1.67163, 3.77087, -8.29961, 0.1464, 6.13741, -0.57248, -1.44711, -0.54521]"
43,sub10,mae,0,sub10-c__0036__stand.npy,17,stand,2,0.32502544,0,"[1.08771, 0.04658, 5.44485, -6.48063, -5.39305, 0.02439, -0.93758, 2.26029, 4.70527, -2.03725, -2.00763, 1.05776, -1.25006, -6.54089, -2.65676, 5.14366, -8.69746, 4.05587, 4.78237, 0.56033, -0.39783, -0.06282]"
43,sub10,mae,0,sub10-c__0037__turnaround.npy,19,turnaround,8,0.7603417,0,"[4.47874, 2.53559, 4.52336, -6.80384, -3.58311, -1.46597, -5.04481, 1.64458, 6.89396, -2.89648, 3.19651, 1.64334, -2.60023, -5.71586, 1.07695, -1.03908, -6.67848, -3.60028, 3.98111, 3.2473, -2.33847, -2.52171]"
43,sub10,mae,0,sub10-c__0038__sit.npy,15,sit,18,0.41188022,0,"[2.17365, 0.95607, 5.3375, -6.81604, -5.34922, 0.28041, -1.14135, 3.13416, 4.71568, -2.59673, -1.3328, 0.66279, -0.95813, -6.07621, -1.92575, 4.09235, -8.74779, 1.02969, 5.6908, -0.26466, -1.21012, -0.51532]"
43,sub10,mae,0,sub10-c__0039__stand.npy,17,stand,2,0.29599586,0,"[1.51888, -0.16788, 5.22918, -6.34851, -4.69814, -0.2849, -1.02487, 2.14939, 4.43336, -1.68183, -1.55951, 1.36388, -1.99847, -6.23428, -2.51397, 5.16856, -8.67777, 4.00505, 4.65815, 1.09004, -0.51615, -0.67734]"
43,sub10,mae,0,sub10-c__0040__turnaround.npy,19,turnaround,8,0.94330496,0,"[3.25884, 2.02627, 3.15524, -8.3781, -3.59708, -1.17555, -4.46623, 1.92297, 8.4127, -1.84856, 2.81873, 1.21496, -2.67593, -6.25387, 2.04011, -1.28878, -6.19266, -3.18721, 5.12573, 2.26476, -2.56857, -2.55212]"
43,sub10,mae,0,sub10-c__0041__sit.npy,15,sit,18,0.36995795,0,"[2.30264, 1.09273, 5.15665, -6.56666, -4.95744, 0.50569, -1.62959, 2.91793, 4.39488, -2.62446, -0.9934, 1.05214, -0.77754, -6.31226, -1.97397, 3.87803, -8.35452, 0.16827, 5.30729, 0.52891, -1.15283, -1.29985]"
43,sub10,mae,0,sub10-c__0042__stand.npy,17,stand,2,0.33848742,0,"[0.83435, 0.49567, 5.44473, -6.44934, -5.76701, 0.05491, -1.1907, 2.39293, 5.18804, -2.09819, -2.05764, 0.85568, -0.97924, -6.59212, -2.21785, 4.72421, -8.42084, 3.86222, 4.51169, 0.15703, -0.84238, 0.1338]"
43,sub10,mae,0,sub10-c__0043__turnaround.npy,19,turnaround,8,0.9519582,0,"[3.66078, 2.50912, 3.55515, -7.80719, -3.87291, -1.38403, -4.86491, 1.94288, 8.2838, -2.2569, 2.91071, 1.07464, -2.61505, -5.90249, 2.06084, -1.45869, -6.11377, -3.37934, 4.21619, 2.17749, -3.10065, -2.07586]"
43,sub10,mae,0,sub10-c__0044__sit.npy,15,sit,18,0.38091907,0,"[2.78075, 1.21266, 4.62947, -6.55555, -4.67887, 0.90303, -1.20335, 2.97817, 4.03027, -2.89207, -1.46731, 0.29215, -0.23793, -5.94243, -2.84014, 4.85097, -8.31224, 0.10319, 5.3265, 0.21907, -0.77526, -0.64766]"
43,sub10,mae,0,sub10-c__0045__stand.npy,17,stand,2,0.38253805,0,"[0.2079, -0.31551, 5.79149, -6.8554, -6.03995, 0.01471, -0.21357, 2.14774, 4.47617, -2.17673, -1.96921, 1.8835, -0.69083, -6.77243, -2.69491, 4.66337, -8.78894, 3.90339, 5.57142, -0.05118, -0.57969, 0.08893]"
43,sub10,mae,0,sub10-c__0046__turnaround.npy,19,turnaround,8,0.73291206,0,"[4.15267, 2.5703, 4.90651, -6.66152, -3.80198, -1.71246, -4.96592, 1.41821, 6.81028, -2.98201, 3.21166, 1.61742, -2.44331, -5.54932, 0.76763, -1.05702, -6.68336, -3.64953, 4.07214, 3.13497, -2.63665, -2.13121]"
43,sub10,mae,0,sub10-c__0047__squat.npy,16,squat,9,0.9349822,0,"[-1.90881, -3.97622, -6.42977, -7.67538, 6.04646, -2.4029, -0.628, -5.73935, -2.11461, 12.20187, 9.23149, 7.0894, -0.07043, -3.79886, 7.02448, -6.46142, 6.78631, -7.4863, -0.31237, -1.03259, 0.33626, -10.02492]"
43,sub10,mae,0,sub10-c__0048__squat.npy,16,squat,9,0.97842693,0,"[-2.71407, -4.19302, -6.78577, -7.53443, 6.9842, -2.29101, -0.63834, -5.65503, -2.60819, 12.6952, 7.76199, 7.7154, 0.35196, -4.14632, 5.82559, -5.49707, 7.06968, -7.09198, -0.86043, -0.4835, 0.80835, -10.11448]"
43,sub10,mae,0,sub10-c__0049__squat.npy,16,squat,9,0.9635527,0,"[-2.12828, -4.1204, -7.55135, -7.17947, 7.3303, -2.13549, -1.30802, -6.53605, -2.77901, 13.18569, 9.43528, 6.83386, 0.21443, -3.48767, 6.75425, -6.57535, 8.36874, -7.82327, -1.41042, -0.53598, 0.58702, -10.52018]"
43,sub10,mae,0,sub10-c__0050__squat.npy,16,squat,9,0.9589716,0,"[-2.04076, -4.10628, -7.05578, -7.2045, 6.4188, -1.96721, -0.51447, -6.1202, -2.88849, 12.64539, 8.89872, 7.59601, 0.58359, -3.5684, 6.83872, -6.76047, 7.78857, -7.65572, -1.13172, -0.96397, 0.25318, -10.64054]"
43,sub10,mae,0,sub10-c__0051__squat.npy,16,squat,9,0.9776012,0,"[-2.56021, -4.01701, -7.34594, -7.22983, 7.01372, -2.14727, -0.83188, -5.70664, -2.6228, 12.96548, 8.35041, 7.16696, 0.32991, -3.79073, 6.51174, -6.1921, 7.81412, -7.44787, -1.1224, -0.81181, 0.57277, -10.37092]"
43,sub10,mae,0,sub10-c__0052__squat.npy,16,squat,9,0.9827831,0,"[-2.7847, -4.30704, -7.30357, -6.90833, 7.04466, -2.10344, -0.77749, -6.001, -2.91157, 13.49678, 8.84769, 7.25969, 0.48669, -3.84247, 6.28671, -6.3667, 7.8888, -7.69882, -1.27427, -0.40639, 0.89016, -10.6071]"
43,sub10,mae,0,sub10-c__0053__pickup.npy,11,pickup,11,0.9804003,1,"[-1.74986, -4.02874, 0.57615, -7.4625, -0.41787, -1.94213, 7.19721, -2.12856, -2.65857, 5.56145, 2.74358, 11.49473, -2.35315, -4.38134, 5.68884, -3.35172, -1.10479, -3.82609, 3.94546, -0.91505, -0.56856, -8.67281]"
43,sub10,mae,0,sub10-c__0054__pickup.npy,11,pickup,11,0.98449755,1,"[-2.22953, -4.14803, 0.40496, -7.35145, -0.19976, -1.35689, 7.08715, -2.27386, -3.05115, 5.65585, 2.02284, 11.52899, -1.42965, -4.44083, 4.31815, -2.67309, -0.80901, -3.81884, 3.40424, -1.04486, 0.02667, -8.16276]"
43,sub10,mae,0,sub10-c__0055__pickup.npy,11,pickup,11,0.9828615,1,"[-1.63912, -4.36639, 1.48327, -7.17526, -1.53834, -1.85468, 7.9694, -2.23289, -2.97269, 4.56995, 2.19117, 12.1104, -1.67834, -4.66601, 4.68108, -2.6846, -1.96141, -3.49229, 4.06117, -0.81534, -0.33472, -7.80439]"
43,sub10,mae,0,sub10-c__0056__pickup.npy,11,pickup,11,0.98491144,1,"[-2.0022, -4.18874, 1.32681, -7.04648, -1.18716, -1.44604, 7.72896, -2.19138, -3.30041, 4.58398, 1.68266, 11.99513, -1.04516, -4.43405, 4.08223, -2.50699, -1.67442, -3.71143, 3.65702, -0.99287, 0.06246, -7.77509]"
43,sub10,mae,0,sub10-c__0057__pickup.npy,11,pickup,11,0.9822484,1,"[-2.15492, -4.55411, 1.40373, -7.24762, -0.8562, -1.95634, 7.74141, -2.50366, -2.93347, 5.19422, 2.0917, 11.90124, -2.16887, -4.70433, 4.62894, -2.5041, -1.64786, -3.41865, 4.1773, -0.24187, 0.01507, -8.11276]"
43,sub10,mae,0,sub10-c__0058__pickup.npy,11,pickup,11,0.9763005,1,"[-1.27222, -3.75846, 1.33449, -7.56239, -1.6345, -2.05604, 7.42522, -1.40556, -1.91048, 3.75749, 2.62875, 11.40277, -2.56288, -4.54143, 5.64595, -3.40673, -2.13686, -3.60327, 5.01686, -1.24243, -0.99556, -7.81509]"
43,sub10,mae,0,sub10-c__0059__pushchair.npy,12,pushchair,11,0.82682586,0,"[0.79021, -4.35676, 3.64398, -5.83171, -4.537, -3.86982, 5.73899, -1.90937, -1.86395, 1.11293, 4.89031, 8.12238, 1.24882, -4.18013, 4.80845, -2.84884, -3.9785, -4.97269, 4.45763, -0.73639, 1.63366, -3.67538]"
43,sub10,mae,0,sub10-c__0060__pushchair.npy,12,pushchair,11,0.33002836,0,"[1.10875, -4.0153, 2.35604, -6.61062, -5.13751, -3.57202, 6.05598, -1.54525, -0.39393, 0.85974, 5.12214, 6.2388, 1.6146, -4.38618, 4.81677, -2.11545, -4.28189, -4.71099, 5.6867, -1.32524, 1.54084, -3.02764]"
43,sub10,mae,0,sub10-c__0061__pushchair.npy,12,pushchair,11,0.6210513,0,"[0.665, -4.39673, 2.84748, -6.49438, -4.67563, -3.73332, 5.94093, -1.80172, -1.17164, 1.29418, 5.07891, 7.26729, 1.54196, -4.32011, 4.7918, -2.55187, -3.95481, -4.94187, 5.18758, -1.07728, 1.65083, -3.37129]"
43,sub10,mae,0,sub10-c__0062__pushchair.npy,12,pushchair,6,0.464377,0,"[0.96847, -4.03873, 1.43011, -5.7546, -5.00349, -3.14319, 6.41442, -1.48856, -1.49111, 0.73122, 4.43053, 5.88881, 2.82936, -3.9904, 3.63999, -1.8412, -3.67346, -5.11309, 5.17508, -1.42076, 2.86476, -2.71977]"
43,sub10,mae,0,sub10-c__0063__pushchair.npy,12,pushchair,11,0.43565932,0,"[0.82576, -4.12568, 2.24033, -6.59777, -5.02485, -3.18598, 6.40245, -1.53288, -0.99533, 1.04989, 4.49294, 6.64321, 2.13358, -4.42826, 4.29517, -1.93753, -4.01948, -4.7664, 5.27786, -1.49745, 2.10282, -3.15793]"
43,sub10,mae,0,sub10-c__0064__sit.npy,15,sit,18,0.56161404,0,"[2.08202, 0.82479, 4.61619, -7.08253, -5.55247, 0.2652, -1.25578, 2.69138, 4.97977, -2.6018, -0.38768, 0.7728, 0.01693, -5.93692, -1.55804, 3.2602, -8.08103, -0.3535, 5.96962, -0.54213, -1.6162, -0.50411]"
43,sub10,mae,0,sub10-c__0065__stand.npy,17,stand,15,0.31422937,0,"[2.1537, 0.75931, 5.22564, -6.37824, -4.8609, -0.11978, -1.65139, 2.17338, 4.68554, -2.4274, -1.68424, 0.61548, -1.15882, -6.14011, -2.69752, 5.30186, -8.58887, 3.32107, 4.49695, 0.65781, -1.26219, -0.11103]"
43,sub10,mae,0,sub10-c__0066__turnaround.npy,19,turnaround,8,0.83111817,0,"[4.12151, 2.42423, 4.57125, -7.08868, -3.87327, -1.46031, -4.86386, 1.45504, 7.26643, -2.56996, 3.37489, 1.57606, -2.53251, -5.77682, 1.32199, -1.23133, -6.53698, -3.59388, 4.10563, 2.867, -2.71742, -2.41719]"
43,sub10,mae,0,sub10-c__0067__sit.npy,15,sit,18,0.43756366,0,"[1.67428, 0.74339, 5.37094, -7.28769, -5.84707, 0.11934, -1.10453, 2.80278, 5.05476, -2.34079, -0.61087, 1.33721, -0.17736, -6.1243, -1.29819, 3.08935, -8.34607, -0.03436, 5.80563, -0.62161, -1.80348, -0.60521]"
43,sub10,mae,0,sub10-c__0068__stand.npy,17,stand,2,0.42734495,0,"[0.57708, 0.25252, 5.71463, -6.51222, -5.89086, 0.14607, -0.9741, 2.14119, 4.92788, -1.98381, -1.9221, 1.36786, -0.57982, -6.7707, -2.62222, 4.66563, -8.47678, 3.78479, 4.57839, 0.10283, -0.90008, 0.19407]"
43,sub10,mae,0,sub10-c__0069__turnaround.npy,19,turnaround,8,0.87343156,0,"[3.81, 2.5236, 3.94807, -6.87284, -3.40979, -1.60849, -5.56894, 1.21304, 7.27342, -2.7075, 3.27322, 1.78259, -2.27542, -5.73573, 1.04152, -1.12568, -6.00237, -3.56837, 3.57439, 3.18866, -2.45947, -2.24637]"
43,sub10,mae,0,sub10-c__0070__sit.npy,15,sit,15,0.7399534,1,"[3.00879, -0.25363, 3.43515, -6.01676, -2.75617, 0.15023, 0.08531, 2.43927, 1.82889, -1.96963, -1.64981, 0.10441, -1.62902, -4.98537, -4.39211, 7.30537, -8.93401, 2.0112, 6.07408, 1.49851, 0.91545, -0.92364]"
43,sub10,mae,0,sub10-c__0071__stand.npy,17,stand,2,0.3473146,0,"[1.5042, -0.01151, 5.57236, -6.3662, -5.45962, 0.00308, -0.53585, 2.45574, 4.23398, -2.28355, -1.87163, 1.40729, -1.07206, -6.64278, -3.04688, 5.25014, -8.92534, 3.58008, 5.15007, 0.43115, -0.53079, -0.17488]"
43,sub10,mae,0,sub10-c__0072__turnaround.npy,19,turnaround,8,0.82750666,0,"[3.61419, 2.37723, 4.64601, -6.97075, -3.87018, -1.59806, -5.09023, 1.14773, 7.18763, -2.4571, 3.5275, 1.81426, -2.24327, -5.78423, 1.00971, -1.40409, -6.27949, -3.77427, 3.96367, 3.18294, -2.65, -2.30188]"
43,sub10,mae,0,sub10-c__0073__sit.npy,15,sit,18,0.47621515,0,"[2.55313, 0.82994, 5.39339, -6.85015, -4.92668, 0.38179, -0.82491, 2.97752, 4.18441, -2.59143, -0.94331, 0.79209, -0.74355, -6.15544, -2.34112, 4.05702, -8.6559, -0.27977, 5.8615, 0.40819, -1.021, -0.97872]"
43,sub10,mae,0,sub10-c__0074__stand.npy,17,stand,2,0.31615382,0,"[1.15712, -0.09791, 5.44823, -6.49543, -5.7592, 0.0255, -0.5714, 2.40529, 4.79097, -1.92213, -1.79188, 1.49719, -1.22722, -6.88304, -2.46616, 4.99029, -8.71729, 3.88322, 5.08748, 0.37858, -0.71023, -0.31231]"
43,sub10,mae,0,sub10-c__0075__turnaround.npy,19,turnaround,8,0.76721287,0,"[4.81942, 2.88407, 4.05083, -6.70385, -3.16831, -1.26774, -5.52431, 1.48384, 6.89682, -3.01972, 3.0329, 1.35191, -2.58261, -5.65349, 1.02352, -0.7847, -6.3323, -3.77129, 3.77548, 3.19293, -2.39268, -2.61939]"
43,sub10,mae,0,sub10-c__0076__sit.npy,15,sit,18,0.46849945,0,"[2.47901, 1.1295, 4.71163, -6.623, -4.83973, 0.67036, -1.10877, 2.62993, 3.86375, -2.46849, -0.73424, 0.70174, 0.37786, -5.73602, -2.60404, 4.03771, -7.91119, -1.1252, 5.40797, 0.31964, -1.3759, -1.03877]"
43,sub10,mae,0,sub10-c__0077__stand.npy,17,stand,2,0.34435928,0,"[1.64299, 0.79144, 5.53215, -6.5787, -5.81405, -0.03501, -1.29616, 2.52778, 4.98182, -2.96376, -2.17524, 0.66909, -0.34244, -6.48074, -2.71201, 4.9894, -8.70297, 3.3134, 4.89642, -0.24402, -1.22417, 0.74485]"
43,sub10,mae,0,sub10-c__0078__turnaround.npy,19,turnaround,8,0.8097108,0,"[4.49076, 2.74689, 3.72678, -6.7067, -3.75865, -1.6704, -5.07522, 1.80318, 7.09912, -3.28659, 3.17545, 1.54843, -2.24259, -5.73788, 1.17812, -1.2771, -6.23093, -4.27701, 4.34557, 3.1045, -2.52154, -2.20041]"
43,sub10,mae,0,sub10-c__0079__sit.npy,15,sit,18,0.4019561,0,"[2.46854, 1.64221, 5.20604, -6.98344, -5.61096, 0.36036, -1.48116, 3.08362, 4.94826, -3.48762, -1.43157, 0.05221, 0.12133, -5.82784, -1.86507, 3.80243, -8.33212, -0.04716, 5.62901, -0.693, -1.99049, 0.34029]"
43,sub10,mae,0,sub10-c__0080__stand.npy,17,stand,2,0.36592364,0,"[1.07581, 0.67597, 5.88267, -6.83547, -6.24297, -0.55261, -1.64133, 2.39141, 5.41597, -3.57027, -2.40768, 0.38893, -0.01923, -6.32372, -2.69301, 4.99941, -8.73666, 3.6994, 5.19567, -0.68836, -1.45479, 2.01287]"
43,sub10,mae,0,sub10-c__0081__turnaround.npy,19,turnaround,8,0.77890944,0,"[4.14268, 2.48328, 4.51788, -6.87194, -3.84393, -1.71034, -4.74545, 1.2787, 6.99817, -2.70917, 3.50722, 1.70725, -2.46267, -5.69666, 1.22877, -1.29557, -6.41638, -3.93831, 4.25112, 3.30498, -2.76501, -2.53972]"
43,sub10,mae,0,sub10-c__0082__squat.npy,16,squat,9,0.9488344,0,"[-2.10713, -4.71631, -7.12913, -7.55213, 7.38872, -2.01059, -0.96886, -6.69768, -2.04917, 13.24808, 10.07038, 6.99383, -1.43684, -3.71103, 6.73756, -6.57971, 8.12788, -7.25355, -0.37881, -0.4638, -0.08156, -10.57861]"
43,sub10,mae,0,sub10-c__0083__squat.npy,16,squat,9,0.99127626,0,"[-3.48565, -5.02407, -6.77927, -7.96792, 7.19139, -2.30541, -0.40617, -6.48704, -2.1275, 14.28569, 9.09736, 7.25289, -0.74592, -4.25782, 6.0219, -5.71656, 7.59811, -6.7693, -0.45189, -0.32797, 0.70885, -10.3109]"
43,sub10,mae,0,sub10-c__0084__squat.npy,16,squat,9,0.98852265,0,"[-3.77175, -4.83471, -7.38276, -7.08906, 7.85181, -1.86823, -0.20564, -6.67451, -2.97373, 14.17027, 8.44722, 8.02335, -0.77607, -4.03243, 5.956, -6.05079, 8.67949, -6.7272, -1.09199, -0.2266, 0.17934, -10.92492]"
43,sub10,mae,0,sub10-c__0085__squat.npy,16,squat,9,0.98734206,0,"[-3.03797, -4.83085, -7.19876, -7.4749, 7.85699, -1.77418, -0.67345, -6.65942, -2.6908, 14.23779, 9.28889, 7.22598, -0.97748, -3.8176, 6.13535, -6.10468, 8.36991, -7.0291, -0.92931, -0.35905, 0.37083, -10.95356]"
43,sub10,mae,0,sub10-c__0086__squat.npy,16,squat,9,0.986347,0,"[-3.39421, -4.91653, -6.21176, -7.61385, 6.62406, -2.4379, 0.35981, -6.14824, -2.18341, 14.10767, 9.48176, 7.40333, -1.94393, -3.88358, 7.3519, -6.47459, 7.28791, -6.50988, 0.01552, -0.72338, -0.07226, -10.91855]"
43,sub10,mae,0,sub10-c__0087__squat.npy,16,squat,9,0.9690878,0,"[-2.98957, -4.91572, -5.46019, -7.54676, 5.71585, -2.43416, 0.51043, -5.8971, -2.23955, 12.92406, 9.02244, 7.95614, -1.08308, -3.99539, 6.72325, -6.29792, 6.68508, -6.55454, -0.23709, -0.8194, 0.07184, -10.15725]"
43,sub10,mae,0,sub10-c__0088__pickup.npy,11,pickup,11,0.9551286,1,"[-2.74601, -4.4914, -0.15485, -7.90835, 0.23015, -2.12822, 6.45011, -2.68703, -2.01999, 7.16513, 3.71235, 10.79926, -2.50684, -4.71874, 5.66735, -3.62936, 0.03514, -3.74572, 3.69266, -1.2731, -0.47031, -8.31535]"
43,sub10,mae,0,sub10-c__0089__pickup.npy,11,pickup,11,0.9466551,1,"[-3.49972, -4.72027, -0.97505, -7.53282, 1.31648, -1.84344, 6.2898, -3.08518, -2.60765, 8.02036, 3.13014, 11.10481, -2.35351, -4.89086, 4.68438, -3.1072, 0.88355, -3.77449, 3.24275, -0.4094, 0.04834, -8.81873]"
43,sub10,mae,0,sub10-c__0090__pickup.npy,11,pickup,11,0.97028613,1,"[-2.64266, -4.86564, 0.03891, -7.27039, 0.26945, -2.01627, 6.88705, -2.78273, -2.74454, 6.81383, 3.18776, 11.11926, -2.44029, -4.75863, 4.69747, -2.78439, -0.30148, -3.62547, 3.59022, -0.00797, 0.19684, -8.49271]"
43,sub10,mae,0,sub10-c__0091__pickup.npy,11,pickup,11,0.9886768,1,"[-2.66906, -4.75356, -0.26684, -7.66286, 0.59377, -1.85002, 6.12106, -3.05389, -2.63599, 6.43452, 2.99468, 11.55442, -1.451, -4.90438, 4.13864, -2.82828, 0.11145, -3.86456, 3.2773, -0.42593, 0.22149, -8.02147]"
43,sub10,mae,0,sub10-c__0092__pickup.npy,11,pickup,11,0.97370875,1,"[-2.80203, -4.75641, 0.15837, -7.62404, -0.0201, -1.88316, 7.08874, -2.70674, -2.58327, 6.65879, 2.81294, 11.2808, -2.00296, -4.88657, 4.5767, -2.7791, -0.47271, -3.63926, 3.77946, -0.56359, 0.16972, -8.1761]"
43,sub10,mae,0,sub10-c__0093__pushchair.npy,12,pushchair,6,0.431189,0,"[0.5792, -4.34915, 1.26234, -6.35084, -4.85499, -3.1042, 6.51547, -1.67482, -1.07334, 1.53786, 4.85262, 6.08092, 2.35128, -4.06289, 3.9068, -1.9829, -3.5737, -4.97373, 5.48922, -1.5906, 2.50921, -3.11604]"
43,sub10,mae,0,sub10-c__0094__pushchair.npy,12,pushchair,6,0.7277407,0,"[-0.16944, -4.31252, -0.20638, -6.05994, -5.07117, -2.34646, 7.48259, -1.12077, -1.11386, 1.68806, 3.59065, 4.68987, 3.16542, -4.19864, 2.45801, -0.8009, -3.52678, -4.7507, 6.06168, -1.62251, 3.84037, -2.37598]"
43,sub10,mae,0,sub10-c__0095__pushchair.npy,12,pushchair,6,0.6626316,0,"[0.72522, -3.99506, 1.14266, -6.08334, -5.5365, -2.9415, 7.1923, -1.19579, -0.75373, 0.50016, 3.70545, 5.42199, 2.6657, -4.03728, 3.46281, -1.12485, -4.12984, -4.40654, 5.83176, -1.83872, 2.6493, -2.2769]"
43,sub10,mae,0,sub10-c__0096__pushchair.npy,12,pushchair,6,0.3484474,0,"[0.15964, -4.35383, 0.40681, -6.37124, -4.42075, -3.0516, 6.0726, -1.93657, -1.17201, 1.90919, 5.08392, 5.82999, 2.90823, -4.10738, 3.62522, -1.94475, -2.96703, -5.33796, 5.41897, -1.44407, 2.8591, -3.00391]"
43,sub10,mae,0,sub10-c__0097__pushchair.npy,12,pushchair,6,0.5164028,0,"[0.32235, -4.14205, 0.42577, -6.4077, -4.84634, -2.80516, 6.48031, -1.55583, -0.63394, 1.5351, 4.44715, 5.149, 2.80134, -4.10297, 3.22047, -1.33297, -3.50033, -4.90433, 5.6421, -1.50799, 3.02301, -2.65037]"
43,sub10,mae,0,sub10-c__0098__pushchair.npy,12,pushchair,11,0.37876615,0,"[0.03418, -4.6417, 0.73733, -6.58399, -4.15163, -2.96945, 6.23289, -2.04244, -1.20561, 2.26759, 4.896, 6.35306, 2.31805, -4.36309, 3.44979, -1.77603, -3.06177, -4.98971, 5.42658, -0.88332, 2.76536, -3.6683]"
43,sub10,mae,0,sub10-c__0099__sit.npy,15,sit,18,0.37785366,0,"[2.00531, 1.16674, 4.54832, -6.80425, -5.37271, 0.54646, -1.53096, 3.01817, 4.89899, -2.60765, -1.03439, 0.70895, -0.10622, -6.04357, -1.61579, 3.69045, -7.95924, 0.10108, 5.23084, -0.43327, -1.58129, -0.57677]"
43,sub10,mae,0,sub10-c__0100__stand.npy,17,stand,2,0.3690121,0,"[1.08229, 0.79461, 5.62564, -6.7171, -6.0223, -0.09592, -1.53155, 2.19955, 5.28684, -2.76111, -2.12348, 0.78789, 0.02858, -6.39543, -2.58524, 4.8734, -8.44669, 3.63842, 4.44258, -0.53736, -1.53816, 1.19799]"
43,sub10,mae,0,sub10-c__0101__turnaround.npy,19,turnaround,8,0.9321962,0,"[3.59711, 2.4108, 3.41817, -7.87085, -3.12338, -1.19637, -4.97342, 1.51603, 7.8974, -2.13415, 2.7874, 1.38212, -2.69737, -5.91206, 1.63338, -1.06454, -6.00142, -3.38297, 4.31671, 2.45295, -2.76541, -2.50011]"
43,sub10,mae,0,sub10-c__0102__sit.npy,15,sit,18,0.48083284,0,"[2.86391, 1.1514, 4.62947, -7.1526, -4.82988, 0.30084, -1.95059, 2.89413, 4.547, -3.04541, -0.83732, 0.4824, 0.25119, -5.75474, -2.26154, 4.07967, -8.15161, -0.74139, 5.63374, -0.30456, -1.42122, -0.15035]"
43,sub10,mae,0,sub10-c__0103__stand.npy,17,stand,2,0.41371688,0,"[0.71573, 0.23826, 5.69756, -6.59515, -5.74065, 0.19123, -0.7262, 2.1332, 4.44422, -2.26858, -2.32693, 1.35967, -0.24629, -6.55038, -3.07432, 5.08396, -8.65406, 3.69086, 4.742, -0.17867, -0.83814, 0.44448]"
43,sub10,mae,0,sub10-c__0104__turnaround.npy,19,turnaround,8,0.9062066,0,"[3.92782, 2.13326, 4.15963, -8.34878, -3.59625, -1.27199, -4.45364, 1.94728, 8.2659, -2.33775, 2.29211, 0.65091, -3.03779, -6.30243, 0.87357, -0.53414, -7.02361, -3.37916, 5.48832, 2.69355, -1.8212, -2.08492]"
43,sub10,mae,0,sub10-c__0105__sit.npy,15,sit,8,0.49236524,0,"[2.00451, 1.52994, 3.55449, -7.0928, -4.97437, 0.33455, -1.72508, 2.54923, 5.51659, -2.27661, -1.23065, -0.40953, 0.51109, -5.58915, -2.27971, 4.53195, -7.27512, 0.21833, 4.5623, -0.32834, -1.72284, 0.33127]"
43,sub10,mae,0,sub10-c__0106__stand.npy,17,stand,2,0.4990318,0,"[0.64351, 0.84966, 6.12406, -6.79552, -6.08628, -0.26964, -1.50213, 2.26902, 5.09612, -3.02943, -2.3542, 0.61004, 0.16035, -6.17724, -2.65859, 4.749, -8.58782, 3.58297, 4.7864, -0.93802, -1.6829, 1.62407]"
43,sub10,mae,0,sub10-c__0107__turnaround.npy,19,turnaround,8,0.6363466,0,"[4.88165, 2.87445, 4.05596, -6.42453, -2.4838, -1.28032, -5.6694, 1.48017, 6.26751, -3.08958, 2.58772, 1.19097, -2.80492, -5.4658, 0.50392, -0.17215, -6.44914, -3.54254, 3.47079, 3.62618, -1.80932, -2.61663]"
43,sub10,mae,0,sub10-c__0108__sit.npy,15,sit,18,0.31921607,0,"[2.09815, 1.20074, 4.77059, -6.96963, -5.08565, 0.62619, -1.3933, 2.70866, 4.7227, -2.43026, -0.95024, 0.88182, 0.05994, -5.96272, -1.67163, 3.58732, -7.86326, -0.24191, 4.95148, -0.23898, -1.76137, -0.83583]"
43,sub10,mae,0,sub10-c__0109__stand.npy,17,stand,2,0.45854712,0,"[0.65864, 0.31306, 5.75365, -6.55045, -5.9489, 0.14082, -0.96707, 2.22572, 4.56906, -2.43169, -2.04248, 1.3754, -0.04327, -6.50833, -2.73292, 4.69948, -8.5444, 3.28949, 4.76382, -0.36049, -0.99069, 0.48484]"
43,sub10,mae,0,sub10-c__0110__turnaround.npy,19,turnaround,8,0.8517936,0,"[4.0992, 2.68852, 4.12739, -6.68068, -3.79544, -1.72478, -5.06442, 1.54072, 7.30585, -3.04133, 3.2904, 1.43829, -2.36109, -5.64052, 1.01412, -1.25402, -6.25788, -4.01549, 4.06986, 3.1839, -2.51593, -2.01092]"
43,sub10,mae,0,sub10-c__0111__sit.npy,15,sit,18,0.38439763,0,"[2.81663, 1.37366, 4.32284, -6.58377, -4.82751, 0.67193, -1.83917, 3.00815, 4.28034, -3.04238, -0.91237, 0.50572, 0.36583, -5.67492, -2.30423, 4.13235, -7.94523, -0.58432, 5.0854, -0.37125, -1.26658, -0.43269]"
43,sub10,mae,0,sub10-c__0112__stand.npy,17,stand,2,0.31726915,0,"[1.22412, 0.7249, 5.38249, -6.52197, -5.5708, 0.23736, -1.35185, 2.02744, 4.99493, -2.41057, -2.17464, 0.82521, -0.47049, -6.43787, -2.70744, 5.22848, -8.36104, 3.96311, 4.10271, 0.04788, -1.30548, 0.58043]"
43,sub10,mae,0,sub10-c__0113__turnaround.npy,19,turnaround,8,0.6606348,0,"[4.5174, 2.66942, 4.34677, -6.37366, -3.75965, -1.79035, -4.45767, 1.85694, 6.41141, -3.33678, 2.84947, 1.89686, -2.53324, -5.6458, 0.9833, -0.93863, -6.59074, -3.94364, 4.19972, 3.36273, -2.53102, -2.47691]"
43,sub10,mae,0,sub10-c__0114__squat.npy,16,squat,9,0.7533925,0,"[-1.28062, -4.96758, -5.93461, -7.80887, 5.75654, -2.0873, -0.50286, -6.63229, -1.83904, 12.15376, 10.96985, 7.3228, -1.6058, -3.78972, 7.15469, -6.84184, 6.82196, -7.40557, 0.50539, -0.3576, -0.04442, -10.47286]"
43,sub10,mae,0,sub10-c__0115__squat.npy,16,squat,9,0.91274226,0,"[-2.1825, -4.9061, -6.01227, -8.01949, 5.91389, -2.44338, -0.25999, -6.46921, -1.67584, 12.56793, 10.04395, 7.66506, -1.32474, -4.24849, 6.89432, -6.43124, 6.85223, -6.97959, 0.42833, -0.43854, 0.01907, -10.12419]"
43,sub10,mae,0,sub10-c__0116__squat.npy,16,squat,9,0.9507109,0,"[-1.9989, -5.14677, -6.44588, -7.70443, 6.71771, -1.58642, -0.87807, -6.63584, -2.78802, 13.10147, 9.96266, 7.46595, 0.11137, -3.77065, 5.22266, -6.02321, 7.24511, -7.7898, -0.58961, -0.07711, 0.97949, -10.25792]"
43,sub10,mae,0,sub10-c__0117__squat.npy,16,squat,9,0.9693561,0,"[-2.23861, -5.06195, -5.93733, -7.68112, 6.85034, -1.99934, -0.29789, -6.31677, -2.86212, 13.27023, 9.58889, 7.30791, -0.6898, -3.40639, 5.81886, -5.85242, 6.85215, -7.29775, -0.45618, -0.39148, 0.64516, -10.35899]"
43,sub10,mae,0,sub10-c__0118__squat.npy,16,squat,9,0.97473484,0,"[-2.84211, -4.63832, -5.9583, -7.12572, 6.83686, -1.35683, -0.22061, -6.07418, -3.12367, 12.94847, 8.50028, 8.0651, -0.79023, -3.63983, 5.7781, -5.98136, 7.33636, -6.94533, -1.00223, -0.56174, 0.31451, -10.76061]"
43,sub10,mae,0,sub10-c__0119__pickup.npy,11,pickup,11,0.9782649,1,"[-1.85775, -4.96173, 0.77095, -7.23518, -0.49038, -2.05248, 7.03691, -2.70708, -3.00251, 5.55471, 3.43327, 11.13741, -1.45988, -4.59314, 3.98771, -2.55092, -1.02528, -3.8962, 3.66547, -0.28498, 0.25141, -7.56697]"
43,sub10,mae,0,sub10-c__0120__pickup.npy,11,pickup,11,0.96703553,1,"[-2.3259, -4.96313, -0.21544, -7.31841, 0.63563, -1.99142, 6.80126, -3.06153, -3.10565, 7.04721, 3.49961, 11.07611, -2.02656, -4.5277, 4.42156, -2.78179, -0.13761, -4.02111, 3.43858, -0.09176, 0.24045, -8.52301]"
43,sub10,mae,0,sub10-c__0121__pickup.npy,11,pickup,11,0.984132,1,"[-2.47755, -4.98775, 0.3141, -6.8433, 0.47084, -1.56775, 7.40313, -2.83149, -3.81024, 6.33516, 2.28505, 11.85899, -1.925, -4.36443, 3.54852, -2.12082, -0.45241, -3.55649, 3.12093, 0.0687, 0.2615, -8.51075]"
43,sub10,mae,0,sub10-c__0122__pickup.npy,11,pickup,11,0.9759805,1,"[-2.07399, -4.82269, 0.18127, -7.45776, 0.02055, -1.97767, 6.85716, -2.84575, -2.85135, 6.37312, 3.57743, 11.14627, -1.88845, -4.63966, 4.4436, -2.85378, -0.62072, -4.04572, 3.76063, -0.27936, 0.10243, -8.28162]"
43,sub10,mae,0,sub10-c__0123__pickup.npy,11,pickup,11,0.97559506,1,"[-2.10831, -5.2457, 1.32186, -6.78566, -0.56671, -2.31256, 7.50351, -3.14923, -3.36612, 5.60767, 3.18226, 11.39062, -1.87577, -4.67277, 3.80137, -2.03328, -1.42236, -3.61997, 3.87478, 0.96738, 0.59658, -7.90206]"
43,sub10,mae,0,sub10-c__0124__pickup.npy,11,pickup,11,0.9794169,1,"[-2.47195, -5.32002, 0.13203, -6.94923, 0.63824, -1.86567, 6.86536, -3.35737, -3.57661, 6.98258, 3.45128, 11.53392, -1.82173, -4.71841, 3.79017, -2.35708, -0.23305, -4.00562, 3.24802, 0.77872, 0.60569, -8.63448]"
43,sub10,mae,0,sub10-c__0125__pushchair.npy,12,pushchair,11,0.39751694,0,"[1.34725, -4.59104, 2.40837, -6.08075, -5.134, -3.73768, 6.1685, -1.78467, -1.12994, 0.87491, 5.37114, 6.55295, 1.61865, -4.0024, 4.36258, -1.95717, -4.32837, -4.65905, 5.56667, -1.13044, 1.92003, -2.96519]"
43,sub10,mae,0,sub10-c__0126__pickup.npy,11,pickup,11,0.29166016,1,"[1.78459, -4.61214, 1.7773, -6.01986, -5.06345, -3.65172, 5.95392, -2.09091, -1.20951, 1.01978, 5.96261, 6.14542, 1.93341, -3.93571, 4.29217, -2.01626, -4.00794, -4.90471, 5.53862, -0.99659, 2.21909, -3.17143]"
43,sub10,mae,0,sub10-c__0127__pushchair.npy,12,pushchair,6,0.34806868,0,"[1.2809, -4.3191, 0.6712, -6.1299, -5.13844, -3.14182, 6.10459, -1.5329, -0.7873, 0.95179, 5.46861, 5.12503, 2.73102, -3.79251, 3.43084, -1.66449, -3.78186, -5.13138, 5.89697, -1.71357, 2.6423, -2.37092]"
43,sub10,mae,0,sub10-c__0128__pushchair.npy,12,pushchair,6,0.58873016,0,"[0.63125, -4.53708, 0.42487, -6.03201, -4.62618, -2.74609, 6.94994, -1.86848, -1.71319, 1.62304, 4.67429, 5.66577, 2.87465, -3.77111, 2.95023, -1.47008, -3.34621, -5.19552, 5.57327, -1.18267, 3.13711, -3.10569]"
43,sub10,mae,0,sub10-c__0129__pushchair.npy,12,pushchair,11,0.625934,0,"[0.92802, -4.7445, 2.25162, -6.18843, -4.87972, -3.49499, 6.22134, -2.33863, -1.58124, 1.29182, 5.32107, 7.37254, 2.21588, -4.32855, 4.0997, -2.1172, -3.81384, -4.76981, 5.00596, -0.77615, 2.04859, -3.44717]"
43,sub10,mae,0,sub10-c__0130__pushchair.npy,12,pushchair,6,0.5614959,0,"[0.10313, -4.60642, 0.69902, -6.13664, -4.45216, -2.51529, 7.12411, -2.02439, -2.09732, 1.9339, 4.16709, 6.49681, 3.07782, -4.13102, 2.76425, -1.36987, -3.25938, -5.0807, 5.10721, -0.91207, 3.33607, -3.59233]"
