seed,subject,method,k,file,true_id,true_label,pred_id,conf,correct,logits
43,sub11,scratch,3,sub11-a__0002__wave.npy,21,wave,21,0.97104114,1,"[-5.19824, 5.24074, 6.71812, 6.35729, -5.10813, -3.1561, -2.57288, 3.14953, 12.42902, -10.27959, -9.36945, -0.36721, -6.06751, -2.06372, -8.88156, 2.88294, -4.02842, 4.22996, -2.72256, -5.95319, -1.91005, 15.9483]"
43,sub11,scratch,3,sub11-a__0003__wave.npy,21,wave,21,0.9723092,1,"[-5.14965, 5.39772, 6.50202, 6.17184, -5.18627, -3.28909, -2.57666, 3.1362, 12.55995, -10.25177, -9.39254, 0.17032, -5.65179, -2.54533, -8.59646, 2.63364, -3.96008, 4.06826, -2.99325, -6.00572, -2.32082, 16.12364]"
43,sub11,scratch,3,sub11-a__0004__wave.npy,21,wave,21,0.9645686,1,"[-5.19702, 5.41261, 7.86067, 5.164, -4.77397, -4.51519, -3.0059, 1.53133, 14.15708, -9.93978, -9.48278, 0.12504, -5.47366, -3.83192, -8.67183, 3.00054, -4.15118, 4.64511, -2.99974, -5.56679, -1.4606, 17.46338]"
43,sub11,scratch,3,sub11-a__0005__wave.npy,21,wave,21,0.983331,1,"[-5.14794, 5.52152, 5.66118, 6.07501, -5.08315, -2.36781, -2.48137, 4.03496, 11.87995, -10.39635, -9.61612, 0.49324, -6.02282, -2.40663, -8.44829, 2.82382, -3.44587, 4.24174, -2.98463, -6.21099, -2.65841, 15.96504]"
43,sub11,scratch,3,sub11-a__0006__wave.npy,21,wave,21,0.954955,1,"[-5.0985, 5.78445, 6.85532, 5.46359, -5.52281, -3.12386, -2.84254, 3.01991, 13.50082, -10.51445, -9.65321, 0.46854, -5.66137, -3.53146, -8.39943, 3.02922, -4.22719, 4.58413, -3.06015, -5.8526, -2.1035, 16.55708]"
43,sub11,scratch,3,sub11-a__0007__bow.npy,2,bow,2,0.99757665,1,"[-1.17341, -2.58172, 17.49836, -0.48976, -13.41879, -1.03644, -1.7628, -1.89926, 11.42413, -7.0676, -0.6503, 5.31964, 8.45131, -10.84924, -2.09231, 0.40027, -13.65098, -1.39001, -0.87226, 4.05378, 4.91099, -5.4393]"
43,sub11,scratch,3,sub11-a__0009__bow.npy,2,bow,2,0.9984327,1,"[-1.47129, -2.5806, 17.22056, -0.09017, -14.41962, -0.12019, -1.30736, -1.6793, 10.53916, -7.54471, -0.33966, 6.06274, 9.10008, -10.15832, -1.6993, -0.23053, -13.72527, -2.12329, -1.00185, 3.92637, 4.2317, -5.97549]"
43,sub11,scratch,3,sub11-a__0010__bow.npy,2,bow,2,0.999534,1,"[-1.14645, -2.21122, 17.98461, -0.72406, -13.98817, -0.50061, -1.05454, -2.01102, 9.74213, -7.0169, -0.08842, 6.98407, 9.38765, -10.68164, -1.29123, -0.96554, -13.38139, -2.45725, -1.45896, 3.88318, 4.00032, -5.96632]"
43,sub11,scratch,3,sub11-a__0011__bow.npy,2,bow,2,0.9994666,1,"[-1.11904, -2.19747, 17.94731, -0.68179, -13.54154, -0.70391, -1.42114, -2.11811, 10.06864, -6.78311, -0.12506, 6.54807, 9.08774, -10.74809, -1.58176, -0.69874, -13.09339, -2.15505, -1.61935, 3.76714, 4.20174, -5.4897]"
43,sub11,scratch,3,sub11-a__0012__crossarms.npy,5,crossarms,5,0.9996935,1,"[-4.905, 2.5945, -2.28393, 6.73729, -11.26621, 15.50264, -4.30156, 5.58256, 0.62143, -7.67992, -1.04332, 5.43456, 5.66618, 1.02393, -2.89309, -0.70183, 2.37464, -2.00925, -6.10795, -2.7695, -4.92796, -1.75941]"
43,sub11,scratch,3,sub11-a__0013__crossarms.npy,5,crossarms,5,0.99983716,1,"[-5.47439, 4.13697, -2.61418, 7.43817, -11.62098, 16.59363, -4.34174, 6.12281, 0.02723, -8.80927, -1.12904, 4.85708, 5.46124, 2.80255, -2.96407, -1.56452, 2.92769, -2.04576, -6.54377, -3.71464, -5.40596, -0.83807]"
43,sub11,scratch,3,sub11-a__0015__crossarms.npy,5,crossarms,5,0.99986076,1,"[-5.24639, 2.14827, -3.45143, 5.94203, -10.50412, 16.52134, -3.56671, 6.82243, -0.69076, -8.09505, -1.54086, 5.41978, 6.27274, 1.41975, -2.25933, -0.89943, 2.66558, -3.49433, -5.03391, -1.36801, -5.30117, -2.80557]"
43,sub11,scratch,3,sub11-a__0016__crossarms.npy,5,crossarms,5,0.99982303,1,"[-5.0544, 2.3417, -3.8888, 5.84273, -9.15524, 16.0903, -3.10163, 6.87279, -0.97382, -7.78129, -2.30014, 4.17832, 5.74364, 1.83154, -2.64649, -0.17084, 2.70067, -4.26673, -4.94981, -0.34013, -5.2086, -3.20447]"
43,sub11,scratch,3,sub11-a__0018__airpunch.npy,1,airpunch,1,0.9694045,1,"[-2.91623, 15.7496, 8.72501, 2.49652, -10.01279, -3.2492, -3.80041, -0.95881, 12.26274, -9.71581, -3.07951, -2.9033, 2.32116, 0.6931, -2.03153, -5.18205, -6.49186, -1.43644, -2.81054, -3.94072, -3.60521, 6.20002]"
43,sub11,scratch,3,sub11-a__0019__airpunch.npy,1,airpunch,8,0.99932814,0,"[-3.51714, 8.37558, 12.19186, 2.72968, -13.15591, -3.27532, -5.11134, 1.45162, 19.51983, -12.22681, -4.77387, -1.678, 2.75639, -6.32471, -5.07453, -0.93997, -11.39018, -0.07973, 0.35697, -0.93317, 0.40286, 5.51671]"
43,sub11,scratch,3,sub11-a__0020__airpunch.npy,1,airpunch,8,0.99980706,0,"[-4.34333, 5.19869, 13.05729, 2.10308, -13.08742, -3.28282, -5.2944, 0.95805, 21.61126, -12.22835, -5.93635, -0.35233, 3.55453, -8.78404, -6.16286, 1.0659, -11.68404, 1.03873, 1.27261, 0.28473, 1.62968, 5.98413]"
43,sub11,scratch,3,sub11-a__0021__airpunch.npy,1,airpunch,8,0.99951446,0,"[-4.78696, 3.20398, 13.15817, 2.29771, -12.03944, -3.14822, -5.88957, 0.34025, 20.7918, -11.2322, -5.61112, 0.70928, 4.07187, -9.30052, -6.34126, 1.42807, -10.1124, 1.10217, -0.02098, -0.02739, 1.60228, 7.61313]"
43,sub11,scratch,3,sub11-a__0022__drink.npy,7,drink,3,0.57063496,0,"[-4.12199, 2.88267, 0.19241, 8.69874, -6.20802, 5.08161, -2.97706, 8.30498, 4.65725, -9.08057, -5.95618, -0.91832, -1.90386, 3.01527, -5.35453, 0.16879, -1.81897, -0.28999, -2.29487, -5.09763, -3.61179, 5.0655]"
43,sub11,scratch,3,sub11-a__0023__drink.npy,7,drink,3,0.53250295,0,"[-3.8315, 0.4766, 0.06569, 8.76758, -6.99272, 5.61786, -2.23126, 8.56667, 3.95908, -8.67953, -5.51887, -0.56423, -1.72096, 2.98744, -5.42178, 0.94645, -2.75069, -0.16485, -1.55164, -4.51406, -3.10078, 3.40319]"
43,sub11,scratch,3,sub11-a__0024__drink.npy,7,drink,3,0.5998592,0,"[-4.0323, 0.28509, 0.02329, 8.93372, -6.5424, 5.66681, -2.24383, 8.4421, 3.95059, -8.41856, -5.6623, -0.56941, -1.9715, 3.14413, -6.00222, 1.1538, -2.22883, -0.02271, -1.88033, -4.63107, -2.9544, 3.87878]"
43,sub11,scratch,3,sub11-a__0025__drink.npy,7,drink,7,0.54772425,1,"[-4.06668, 0.61216, -0.14451, 8.57139, -6.21257, 5.64771, -2.27981, 8.83786, 3.91508, -8.50223, -6.0235, -0.42058, -1.92951, 3.01883, -5.9144, 1.07935, -2.06059, 0.13972, -1.65457, -4.68252, -3.0861, 3.88515]"
43,sub11,scratch,3,sub11-a__0026__drink.npy,7,drink,3,0.5129418,0,"[-3.97763, 0.66083, -0.18851, 8.72178, -6.14533, 5.69514, -2.11735, 8.59624, 3.50374, -8.25761, -5.82715, -0.29459, -2.13546, 3.16456, -5.95915, 1.0694, -1.80336, 0.03824, -2.11971, -4.72695, -3.14411, 3.94857]"
43,sub11,scratch,3,sub11-a__0027__brushteeth.npy,3,brushteeth,3,0.7388059,1,"[-3.97202, 2.83393, 1.89152, 9.21061, -3.85544, 1.65197, -2.89718, 5.21782, 5.64461, -7.57011, -6.07168, -2.00631, -2.9957, 2.63634, -6.97531, 0.75304, -1.17776, 0.06282, -4.05014, -5.36578, -2.77939, 8.01378]"
43,sub11,scratch,3,sub11-a__0028__brushteeth.npy,3,brushteeth,3,0.73161066,1,"[-3.03847, 2.21058, -0.36753, 8.9206, -4.16262, 4.50734, -1.14442, 7.81035, 1.4674, -6.99354, -5.7341, -1.07314, -4.51445, 4.48701, -6.42382, 1.11652, -0.75205, 0.17339, -3.46501, -5.16157, -3.30085, 4.38786]"
43,sub11,scratch,3,sub11-a__0030__brushteeth.npy,3,brushteeth,3,0.5173446,1,"[-3.16935, 4.05968, -0.22972, 8.27931, -3.21875, 3.76021, -0.97326, 8.08834, 1.61856, -7.43126, -6.89612, -0.88332, -5.3375, 4.3667, -6.51774, 1.0647, -0.37951, 0.80065, -3.56623, -5.57309, -3.69227, 5.43199]"
43,sub11,scratch,3,sub11-a__0031__brushteeth.npy,3,brushteeth,3,0.7783002,1,"[-3.16285, 2.9933, 0.3952, 8.67098, -3.63413, 3.45611, -1.49113, 7.18906, 2.4019, -7.13779, -6.16909, -1.22447, -4.47373, 3.81003, -6.55132, 1.05209, -0.78584, 0.32394, -3.7199, -5.20533, -3.23144, 5.40031]"
43,sub11,scratch,3,sub11-a__0033__highfive.npy,8,highfive,8,0.89514226,1,"[-5.64986, 6.55329, 8.3197, 4.21079, -6.87409, -3.17574, -3.15862, 3.91977, 15.35477, -11.19168, -9.67284, 0.60454, -3.58391, -4.55135, -7.92136, 1.87346, -5.64588, 1.96396, -0.98782, -3.31403, -2.02719, 13.20131]"
43,sub11,scratch,3,sub11-a__0034__highfive.npy,8,highfive,21,0.9599069,0,"[-5.30536, 7.94996, 5.1753, 5.79523, -3.35317, -2.57398, -1.23258, 4.86744, 9.12021, -9.95647, -9.96059, -0.25976, -6.35723, 0.08845, -7.74097, 1.17329, -2.41907, 1.45771, -2.00547, -4.65859, -3.24944, 12.6186]"
43,sub11,scratch,3,sub11-a__0035__highfive.npy,8,highfive,21,0.8474264,0,"[-4.95011, 7.38495, 4.00129, 5.36803, -2.13051, -1.6833, -0.63078, 6.086, 7.65416, -8.88002, -10.0208, -0.45798, -6.91882, 0.66958, -8.28708, 1.72434, -1.87147, 0.66386, -1.29508, -3.85862, -3.21725, 10.11323]"
43,sub11,scratch,3,sub11-a__0036__highfive.npy,8,highfive,7,0.38484475,0,"[-4.18546, 7.01428, 2.94972, 5.24051, -2.94843, -0.80904, 0.7822, 7.31859, 5.96432, -8.68957, -9.63911, -0.33842, -6.91475, 1.5364, -7.6339, 1.71144, -2.97456, -0.55317, -0.20835, -2.95834, -3.68331, 6.53074]"
43,sub11,scratch,3,sub11-a__0037__highfive.npy,8,highfive,8,0.6724138,1,"[-4.94669, 7.35126, 6.71278, 4.81075, -4.6077, -4.1411, -0.74593, 3.30305, 12.17513, -9.78886, -9.84922, -0.49919, -5.82775, -1.96579, -8.04199, 2.45223, -5.10721, -0.0596, -1.01851, -2.34731, -2.65443, 11.42869]"
43,sub11,scratch,3,sub11-a__0038__wave.npy,21,wave,21,0.9581278,1,"[-5.51483, 5.98825, 6.16536, 5.76885, -4.85755, -2.05978, -3.00342, 3.90448, 11.8013, -9.63778, -9.27935, 1.15345, -5.1992, -2.59052, -8.71842, 2.26042, -2.39147, 3.49805, -3.3485, -5.7405, -2.66443, 14.94129]"
43,sub11,scratch,3,sub11-a__0039__wave.npy,21,wave,21,0.842156,1,"[-5.58574, 5.66395, 6.26844, 4.96821, -5.45127, -1.85678, -3.48976, 4.11221, 13.03548, -9.8364, -9.41786, 1.8724, -3.96653, -4.13334, -8.23417, 2.26515, -2.838, 3.40444, -3.10711, -5.25999, -2.80278, 14.71217]"
43,sub11,scratch,3,sub11-a__0040__wave.npy,21,wave,21,0.9537163,1,"[-5.30928, 5.86117, 5.09313, 5.78456, -4.74822, -1.32162, -2.97295, 4.64299, 11.21877, -9.44769, -9.33065, 1.48839, -5.13017, -2.6769, -8.43528, 2.31386, -2.00083, 3.33468, -3.47239, -5.80823, -3.08942, 14.2575]"
43,sub11,scratch,3,sub11-a__0041__wave.npy,21,wave,21,0.8542918,1,"[-5.46064, 5.45049, 6.16226, 5.52334, -5.62016, -1.41854, -3.69222, 4.15376, 12.69822, -9.77932, -9.08043, 1.37595, -4.03368, -3.57975, -8.26439, 2.30517, -2.86812, 3.3819, -3.44364, -5.43553, -2.57468, 14.47014]"
43,sub11,scratch,3,sub11-a__0042__bow.npy,2,bow,2,0.9987185,1,"[-2.17343, -2.06569, 18.48109, -1.46789, -11.96459, -1.07504, -2.88026, -2.45629, 11.62205, -6.5659, -1.14781, 6.78702, 10.07633, -11.49601, -2.137, -0.86649, -11.44314, -1.10913, -1.7358, 3.38917, 4.55128, -3.64893]"
43,sub11,scratch,3,sub11-a__0043__bow.npy,2,bow,2,0.9976082,1,"[-2.32057, -2.39457, 17.75953, -0.94689, -12.0646, -0.57537, -3.12903, -2.19192, 11.51473, -6.48522, -0.97318, 6.46048, 10.03604, -11.13789, -2.3304, -0.60895, -11.19756, -1.25545, -1.87609, 3.42563, 4.48439, -3.78573]"
43,sub11,scratch,3,sub11-a__0045__bow.npy,2,bow,2,0.99715084,1,"[-2.17155, -3.66303, 16.49128, -0.47985, -12.74349, 0.62274, -2.54685, -1.44249, 9.66162, -5.73551, -0.05956, 6.81268, 10.11639, -10.34274, -1.9864, -0.59865, -11.08076, -2.25496, -1.48133, 3.94225, 4.42598, -5.84471]"
43,sub11,scratch,3,sub11-a__0046__bow.npy,2,bow,2,0.9981528,1,"[-2.02378, -3.75379, 16.51463, -0.5381, -12.23212, 0.54361, -2.38767, -1.62968, 8.87684, -5.1122, 0.09386, 7.19346, 9.84606, -10.30811, -1.97047, -0.67011, -10.48106, -2.48061, -1.89936, 3.9773, 4.32232, -5.8533]"
43,sub11,scratch,3,sub11-a__0047__crossarms.npy,5,crossarms,5,0.99996865,1,"[-6.327, 4.27442, -3.88906, 6.43816, -8.6343, 18.27499, -5.40326, 6.3295, -0.87375, -7.60497, -1.9323, 3.78026, 6.93607, 3.29456, -4.21865, -0.98912, 5.87273, -3.30857, -6.23701, -1.60691, -4.71513, -1.92159]"
43,sub11,scratch,3,sub11-a__0049__crossarms.npy,5,crossarms,5,0.9999454,1,"[-6.11429, 2.51762, -3.44826, 6.067, -9.1045, 17.77316, -5.31793, 6.5385, -0.32265, -7.49065, -1.75304, 4.81589, 7.27538, 1.77559, -3.97172, -0.72495, 4.97131, -3.04424, -5.68995, -1.37986, -4.33379, -2.25357]"
43,sub11,scratch,3,sub11-a__0050__crossarms.npy,5,crossarms,5,0.9999689,1,"[-6.27058, 3.29375, -3.60807, 6.35528, -9.03096, 18.22273, -5.39163, 6.71913, -0.38183, -7.74255, -2.01394, 4.86653, 6.5642, 2.1776, -4.43952, -0.70758, 5.58288, -2.52759, -5.9957, -1.91435, -4.44053, -1.71144]"
43,sub11,scratch,3,sub11-a__0051__crossarms.npy,5,crossarms,5,0.99997747,1,"[-6.4914, 4.0581, -3.83693, 6.38361, -8.6342, 18.70056, -5.72822, 6.6979, -0.5285, -7.81599, -2.10683, 4.18553, 6.89898, 2.88296, -4.62076, -0.91996, 6.10581, -2.6043, -6.14333, -1.97471, -4.41138, -1.5941]"
43,sub11,scratch,3,sub11-a__0052__crossarms.npy,5,crossarms,5,0.9999565,1,"[-6.27144, 4.14839, -3.7095, 5.96789, -8.75455, 17.8716, -4.99123, 7.03594, -0.16394, -8.22082, -2.76107, 4.51341, 6.48464, 2.24083, -4.31012, -0.63535, 5.11623, -2.85555, -5.72177, -1.50925, -4.75328, -1.82725]"
43,sub11,scratch,3,sub11-a__0053__airpunch.npy,1,airpunch,1,0.9999677,1,"[-4.91405, 17.88441, 4.03514, 4.63913, -8.79373, 2.19375, -3.84758, 0.07492, 7.14914, -8.95681, -3.38228, -2.67223, 3.03528, 5.72356, -2.49264, -5.69283, -0.71307, -1.84123, -5.20272, -5.17047, -5.84759, 4.7505]"
43,sub11,scratch,3,sub11-a__0054__airpunch.npy,1,airpunch,1,0.9998154,1,"[-7.18126, 17.32541, 1.52682, 7.10699, -10.12613, 7.83775, -5.64059, 1.0347, 7.28982, -10.33192, -3.72719, -2.16578, 4.29334, 6.49905, -4.57749, -4.42375, 2.51988, -0.52476, -6.86038, -5.68679, -6.22244, 5.29027]"
43,sub11,scratch,3,sub11-a__0055__airpunch.npy,1,airpunch,1,0.9679909,1,"[-7.68835, 14.57991, 4.25857, 6.16217, -12.19794, 7.08747, -6.93721, -0.11371, 11.12902, -10.56144, -3.15667, 0.24604, 6.72446, 2.17936, -4.84099, -3.68124, 0.80684, 0.29168, -6.42517, -4.96849, -5.17162, 5.73795]"
43,sub11,scratch,3,sub11-a__0056__airpunch.npy,1,airpunch,1,0.9978114,1,"[-7.89476, 15.75286, 2.23511, 7.16049, -10.26466, 8.59488, -6.39053, 0.47635, 8.93839, -10.28501, -4.50288, 0.29961, 4.26038, 3.73352, -5.74768, -2.96003, 3.54255, 0.8147, -7.93034, -5.74878, -6.00041, 6.62178]"
43,sub11,scratch,3,sub11-a__0057__airpunch.npy,1,airpunch,1,0.98899734,1,"[-8.04377, 15.5395, 1.56683, 7.38925, -10.9321, 10.96686, -6.47481, 1.47957, 7.73209, -10.80904, -4.15233, 0.63458, 4.63751, 4.19401, -5.59053, -2.98655, 3.97256, 0.69497, -8.13354, -5.64102, -6.05503, 5.7656]"
43,sub11,scratch,3,sub11-a__0058__drink.npy,7,drink,7,0.9677182,1,"[-1.72314, 1.91198, -2.37607, 2.75598, -4.87168, 2.19421, 1.50874, 8.96617, 2.27484, -3.36264, -5.04434, -1.49961, -3.0574, 1.12626, -4.70391, 3.09265, -3.12323, -7.07516, 5.08372, 3.34564, -2.55982, -6.14587]"
43,sub11,scratch,3,sub11-a__0059__drink.npy,7,drink,3,0.493461,0,"[-3.87428, 1.11685, 0.5471, 8.32814, -5.53145, 4.71111, -2.03699, 8.27867, 4.06829, -8.25813, -6.40322, -0.0391, -2.72193, 2.2613, -6.26259, 1.29294, -1.85863, 0.43993, -2.3906, -4.68312, -3.07, 4.77728]"
43,sub11,scratch,3,sub11-a__0060__drink.npy,7,drink,3,0.6325096,0,"[-3.88963, 0.5546, 0.54305, 8.59091, -5.82212, 4.94663, -2.26335, 7.94931, 4.02349, -7.974, -5.84423, -0.17279, -2.18454, 2.33634, -6.18446, 1.15137, -1.79128, -0.00402, -2.479, -4.47719, -2.89802, 4.3528]"
43,sub11,scratch,3,sub11-a__0061__drink.npy,7,drink,3,0.7073117,0,"[-3.6407, 0.08373, 0.98132, 8.6291, -6.2325, 4.69866, -1.89404, 7.64265, 3.86868, -7.86211, -5.55663, -0.10896, -2.27613, 2.26121, -6.04982, 1.27804, -2.45498, -0.00568, -2.48022, -4.29588, -2.70324, 3.94551]"
43,sub11,scratch,3,sub11-a__0063__drink.npy,7,drink,3,0.626222,0,"[-3.54574, 1.03016, 0.3801, 8.38827, -4.78262, 4.72467, -1.78481, 7.78541, 2.82086, -7.27271, -5.87886, -0.22962, -2.77674, 2.91416, -6.34108, 1.13513, -1.16089, 0.01874, -3.0552, -4.48322, -2.87992, 4.10016]"
43,sub11,scratch,3,sub11-a__0064__brushteeth.npy,3,brushteeth,3,0.9518478,1,"[-2.8866, -0.61185, -0.05216, 9.52007, -4.98957, 5.12261, -1.52559, 5.95626, 0.38477, -5.18706, -3.13768, -1.21713, -2.40221, 4.72276, -5.9049, 0.93756, -0.48802, -1.16306, -4.07652, -4.21191, -2.39308, 2.76316]"
43,sub11,scratch,3,sub11-a__0065__brushteeth.npy,3,brushteeth,3,0.6122759,1,"[-3.08779, 2.295, -0.40375, 8.49629, -4.07359, 4.90927, -1.12145, 7.94448, 0.834, -6.72448, -5.6631, -0.48939, -4.07602, 4.42416, -6.12585, 0.92655, -0.31683, 0.11334, -3.60945, -4.92175, -3.30966, 3.77149]"
43,sub11,scratch,3,sub11-a__0066__brushteeth.npy,3,brushteeth,3,0.76405257,1,"[-3.16188, 2.51982, 0.02636, 8.74033, -3.92936, 4.47661, -1.31123, 7.41379, 1.35669, -6.78712, -5.76091, -0.74923, -4.24463, 4.30158, -6.42296, 0.99243, -0.30243, 0.24326, -3.9118, -5.07135, -3.14945, 4.46194]"
43,sub11,scratch,3,sub11-a__0067__brushteeth.npy,3,brushteeth,3,0.9043231,1,"[-3.05171, 1.24077, 0.09528, 9.29153, -4.58653, 4.93374, -1.42927, 6.75455, 1.06465, -6.20028, -4.61433, -0.9952, -3.71259, 4.57193, -6.25984, 0.93756, -0.46361, -0.38268, -4.08577, -4.7694, -2.70493, 3.73224]"
43,sub11,scratch,3,sub11-a__0068__brushteeth.npy,3,brushteeth,3,0.8669562,1,"[-3.10806, 2.34611, 0.17224, 9.01942, -4.11808, 4.37308, -1.60024, 6.9264, 1.66492, -6.62009, -5.35164, -1.10032, -3.93036, 4.2779, -6.37472, 0.90826, -0.37531, -0.12121, -4.05004, -4.90727, -2.96196, 4.33118]"
43,sub11,scratch,3,sub11-a__0069__brushteeth.npy,3,brushteeth,3,0.8212466,1,"[-3.13494, 1.73084, 0.02617, 8.93531, -4.46317, 4.92265, -1.4021, 7.23226, 1.22701, -6.50472, -5.10667, -0.69313, -3.72239, 4.31006, -6.24185, 0.86205, -0.43204, -0.23373, -3.87019, -4.77693, -2.93812, 3.76766]"
43,sub11,scratch,3,sub11-a__0070__highfive.npy,8,highfive,21,0.9586723,0,"[-5.01942, 6.76591, 6.23368, 5.39577, -1.51282, -4.99908, -2.32882, 0.93028, 10.34295, -6.59789, -8.47617, -0.39236, -5.36297, -1.15994, -8.17477, 0.87818, -0.95787, -0.36398, -2.6757, -3.82512, -2.17728, 13.5374]"
43,sub11,scratch,3,sub11-a__0071__highfive.npy,8,highfive,8,0.84207493,1,"[-4.26102, 5.68485, 3.27666, 6.36815, -5.77199, -1.36352, -0.38429, 5.45542, 9.50395, -8.41211, -8.30023, -1.07506, -5.83736, -0.05106, -7.70583, 2.61327, -4.48345, -2.21913, -0.23092, -1.90785, -3.26193, 7.21566]"
43,sub11,scratch,3,sub11-a__0072__highfive.npy,8,highfive,8,0.8028827,1,"[-4.71129, 5.99248, 4.24811, 6.0038, -4.7024, -2.0446, -0.83857, 4.76908, 10.40022, -8.20287, -8.98075, -0.31952, -5.83707, -0.73527, -8.72083, 2.59629, -3.5796, -0.98573, -0.776, -2.75106, -3.03694, 8.86219]"
43,sub11,scratch,3,sub11-a__0073__highfive.npy,8,highfive,8,0.75571144,1,"[-5.36476, 4.3512, 5.96941, 5.78775, -4.90129, -3.48428, -1.19038, 2.73527, 12.03974, -8.34959, -8.89305, -0.43062, -4.78011, -1.66962, -8.72133, 2.88857, -4.31761, -0.62566, -0.70142, -2.15978, -1.95747, 10.89513]"
43,sub11,scratch,3,sub11-a__0074__highfive.npy,8,highfive,7,0.5341408,0,"[-4.3686, 4.89712, 2.46751, 6.13944, -4.20855, 0.29264, -0.02341, 7.74197, 6.86324, -8.40422, -9.05011, -0.09341, -5.79372, 1.20513, -8.09565, 2.13058, -3.17113, -0.33241, -0.06947, -3.24258, -3.38655, 6.05415]"
43,sub11,scratch,3,sub11-a__0075__wave.npy,21,wave,21,0.9109947,1,"[-5.17598, 5.90749, 4.10559, 7.07263, -4.98676, 0.09098, -3.12577, 5.06951, 9.48953, -8.81824, -8.31517, 0.71487, -4.69986, -0.76914, -8.63189, 1.66123, -1.2254, 2.12766, -3.84466, -5.7229, -3.20859, 11.94199]"
43,sub11,scratch,3,sub11-a__0077__wave.npy,21,wave,21,0.95925653,1,"[-5.16226, 5.45717, 3.98099, 6.63646, -3.86479, -0.48525, -3.02596, 4.88932, 9.55127, -8.52407, -8.85962, 0.99139, -4.91001, -1.33949, -8.69947, 1.9481, -0.79692, 2.40006, -3.93129, -5.69678, -3.07687, 12.79238]"
43,sub11,scratch,3,sub11-a__0078__wave.npy,21,wave,21,0.9082163,1,"[-5.07495, 4.53718, 3.62229, 6.73463, -4.79878, 0.63625, -2.99993, 5.86856, 9.08077, -8.79494, -8.51267, 1.40995, -4.39003, -1.40475, -8.3563, 1.99208, -1.29295, 2.28658, -3.5001, -5.50103, -3.16555, 11.51572]"
43,sub11,scratch,3,sub11-a__0079__wave.npy,21,wave,21,0.8309905,1,"[-5.11317, 4.24036, 3.86952, 5.99448, -5.01324, 0.73789, -3.26056, 6.12095, 9.57475, -8.9272, -8.56587, 1.96238, -3.27608, -2.35722, -7.61475, 1.83167, -1.7301, 2.31293, -3.2728, -5.22113, -3.20037, 11.23455]"
43,sub11,scratch,3,sub11-a__0080__wave.npy,21,wave,21,0.52775246,1,"[-4.9145, 3.97083, 4.89078, 6.84326, -5.55247, -0.4604, -3.45205, 4.87163, 10.89418, -8.66579, -8.15818, 0.4716, -3.65226, -2.02018, -8.34092, 2.30564, -2.74805, 1.96954, -3.10101, -4.76445, -2.46607, 11.02869]"
43,sub11,scratch,3,sub11-a__0081__bow.npy,2,bow,2,0.9984016,1,"[-2.14127, -4.93487, 16.68977, -1.0983, -12.14392, 0.7428, -1.57747, -1.35834, 7.88351, -4.54095, -0.18007, 8.51317, 9.92905, -10.72735, -1.7048, -0.42634, -10.25973, -3.16447, -1.40802, 4.79487, 4.39978, -6.89398]"
43,sub11,scratch,3,sub11-a__0082__bow.npy,2,bow,2,0.9957444,1,"[-2.04686, -5.15716, 14.86565, 0.02984, -12.26982, 1.56732, -1.87372, -1.09845, 6.79331, -3.76061, 0.96531, 7.34736, 9.17019, -9.12268, -1.80489, -0.17007, -9.44788, -3.60782, -1.56662, 4.47436, 4.18929, -7.31446]"
43,sub11,scratch,3,sub11-a__0084__bow.npy,2,bow,2,0.99720347,1,"[-2.04316, -4.66865, 15.74538, -0.21096, -12.39584, 1.36665, -1.63482, -1.39532, 6.82604, -4.20573, 0.58619, 8.35529, 9.54896, -9.60222, -1.68826, -0.69208, -9.55608, -3.43663, -2.13293, 4.15885, 3.75879, -6.73803]"
43,sub11,scratch,3,sub11-a__0085__bow.npy,2,bow,2,0.9962064,1,"[-1.79328, -5.00276, 14.2872, 0.73787, -12.07668, 1.43241, -1.65604, -1.19377, 6.26504, -3.76217, 1.07448, 6.88073, 8.41019, -8.43833, -1.79025, 0.08325, -9.31999, -3.58279, -2.12955, 4.11364, 3.65889, -6.86077]"
43,sub11,scratch,3,sub11-a__0086__crossarms.npy,5,crossarms,5,0.99997747,1,"[-6.34856, 4.37753, -3.31025, 6.13922, -9.01587, 18.5877, -6.11362, 6.25095, 0.01867, -7.4625, -1.86313, 5.17236, 6.69244, 2.13922, -4.62733, -0.82726, 6.40952, -1.35352, -6.42295, -2.49745, -4.13497, -1.69179]"
43,sub11,scratch,3,sub11-a__0087__crossarms.npy,5,crossarms,5,0.9999826,1,"[-6.57195, 5.3323, -3.96912, 6.37399, -8.61887, 19.19574, -6.17288, 6.64474, -0.47455, -7.73546, -2.11692, 4.86821, 6.20898, 3.0101, -4.97459, -1.19924, 7.35463, -1.46671, -6.68834, -2.98778, -4.43046, -0.96281]"
43,sub11,scratch,3,sub11-a__0088__crossarms.npy,5,crossarms,5,0.9999838,1,"[-6.45735, 4.46231, -3.64892, 6.2827, -8.63031, 19.10924, -6.0224, 6.72538, -0.7567, -7.54282, -1.90616, 4.7131, 6.6681, 3.09322, -4.76629, -1.15209, 6.75489, -1.74911, -6.26439, -2.60193, -4.16746, -1.80833]"
43,sub11,scratch,3,sub11-a__0089__crossarms.npy,5,crossarms,5,0.9999864,1,"[-6.59138, 4.34219, -3.6151, 6.10398, -8.82334, 19.35829, -6.06055, 6.79655, -0.57863, -7.69847, -1.97541, 5.08948, 6.87913, 2.72975, -4.79935, -1.09157, 6.77993, -1.76192, -6.15489, -2.4199, -4.16174, -1.85536]"
43,sub11,scratch,3,sub11-a__0090__crossarms.npy,5,crossarms,5,0.9999813,1,"[-6.24629, 4.35265, -3.66469, 6.77818, -8.72238, 18.89773, -5.99919, 6.26852, -0.7598, -7.30017, -1.64368, 4.60646, 6.15343, 3.10422, -4.78209, -1.0402, 6.85059, -1.60674, -6.82288, -2.89804, -4.13846, -1.48253]"
43,sub11,scratch,3,sub11-a__0091__crossarms.npy,5,crossarms,1,0.9995925,0,"[-4.67226, 15.79323, 4.47057, 4.82186, -6.3036, -0.77681, -3.2747, -1.18892, 7.7012, -7.70797, -4.60627, -3.17295, 2.08711, 4.82712, -2.94509, -4.34815, -1.08805, -2.0924, -5.37528, -4.27148, -5.24956, 5.96246]"
43,sub11,scratch,3,sub11-a__0092__airpunch.npy,1,airpunch,1,0.99961615,1,"[-7.25627, 16.49396, 1.34078, 7.45375, -9.06498, 7.41187, -5.59862, 0.51302, 7.07007, -9.87568, -4.22217, -2.01678, 3.69964, 6.15797, -4.69814, -3.82158, 3.15183, -0.65589, -7.73719, -5.2803, -6.05874, 6.19635]"
43,sub11,scratch,3,sub11-a__0093__airpunch.npy,1,airpunch,1,0.9985226,1,"[-7.57321, 16.38138, 0.80299, 7.92804, -9.25984, 9.6033, -5.97707, 1.22066, 6.5431, -10.23554, -4.41162, -1.39213, 3.47568, 6.18629, -5.33871, -3.27986, 4.22391, 0.12331, -8.31826, -5.73952, -6.03997, 5.92892]"
43,sub11,scratch,3,sub11-a__0094__airpunch.npy,1,airpunch,1,0.9996954,1,"[-6.49489, 17.01932, 0.08084, 7.43429, -8.13758, 7.93296, -4.27161, 1.39475, 4.42263, -9.60551, -4.25753, -2.78642, 2.66141, 7.93872, -3.98051, -4.12916, 3.12812, -1.69874, -7.44781, -4.80056, -6.34822, 4.54412]"
43,sub11,scratch,3,sub11-a__0095__airpunch.npy,1,airpunch,1,0.9995529,1,"[-7.13829, 16.61186, 0.78965, 7.62324, -9.49483, 8.16933, -5.12691, 0.80149, 6.4973, -10.03903, -4.05439, -2.3547, 3.67636, 6.78619, -4.58828, -3.83789, 2.78782, -1.09744, -7.28528, -4.73827, -6.04215, 4.97287]"
43,sub11,scratch,3,sub11-a__0097__drink.npy,7,drink,3,0.60024315,0,"[-3.70747, 1.74268, 1.33969, 8.15789, -4.70806, 3.29792, -1.97631, 7.53874, 4.92488, -8.31167, -6.9629, -0.55383, -3.01136, 1.84162, -6.66968, 1.56467, -2.26013, 0.82146, -2.83278, -4.60763, -2.84054, 5.54807]"
43,sub11,scratch,3,sub11-a__0098__drink.npy,7,drink,7,0.5577189,1,"[-3.62372, 2.70338, 0.87053, 7.85956, -4.3451, 3.33612, -1.31576, 8.23564, 4.0874, -8.49954, -7.59991, -0.09539, -4.12257, 2.25459, -6.68839, 1.56932, -1.89777, 1.12452, -2.67506, -4.96381, -3.35176, 5.62686]"
43,sub11,scratch,3,sub11-a__0099__drink.npy,7,drink,3,0.5238752,0,"[-3.48205, 2.29149, 1.14045, 8.05194, -4.62674, 3.27809, -1.43222, 7.8559, 4.35469, -8.1936, -7.19365, -0.44813, -3.72954, 2.28842, -6.58669, 1.47674, -2.269, 0.60054, -2.54429, -4.59933, -3.03561, 4.92814]"
43,sub11,scratch,3,sub11-a__0102__drink.npy,7,drink,7,0.6714326,1,"[-3.68794, 0.92022, 0.01154, 8.04012, -5.0175, 5.24771, -1.37416, 8.84325, 2.91579, -7.89196, -6.65119, 0.36913, -3.14229, 2.86123, -6.63432, 1.59019, -1.44278, 0.9262, -2.43793, -4.71794, -3.02964, 3.86688]"
43,sub11,scratch,3,sub11-a__0104__brushteeth.npy,3,brushteeth,3,0.9774145,1,"[-3.0173, -0.00356, 0.97025, 9.86972, -5.63418, 4.17478, -1.46078, 5.52258, 2.13016, -6.30716, -3.90709, -1.32197, -3.20536, 4.09489, -6.29521, 1.23945, -1.65359, -0.65086, -4.04119, -4.54252, -2.21787, 3.99806]"
43,sub11,scratch,3,sub11-a__0105__brushteeth.npy,3,brushteeth,3,0.96520907,1,"[-3.02661, 1.29759, 0.22094, 9.9441, -4.85618, 4.45636, -1.14761, 6.02479, 1.24853, -6.33464, -4.44843, -1.59635, -4.00872, 5.16775, -6.43886, 0.97032, -0.87375, -0.62063, -4.27478, -4.98499, -2.63554, 4.14064]"
43,sub11,scratch,3,sub11-a__0106__brushteeth.npy,3,brushteeth,3,0.97680306,1,"[-2.66086, 0.0573, 0.3153, 10.03288, -5.23417, 4.64696, -1.02992, 5.27804, 0.54586, -5.36062, -3.17654, -1.74083, -3.5166, 5.35805, -6.0676, 1.05883, -1.03454, -1.22929, -4.34257, -4.48453, -2.12583, 2.96974]"
43,sub11,scratch,3,sub11-a__0107__brushteeth.npy,3,brushteeth,3,0.95720243,1,"[-3.00573, 1.85633, 0.34121, 9.71666, -4.47107, 4.0226, -1.19603, 6.08727, 1.47396, -6.47034, -4.84628, -1.61725, -4.03302, 4.99408, -6.45385, 0.84349, -0.83595, -0.46547, -4.23792, -5.05933, -2.75477, 4.40677]"
43,sub11,scratch,3,sub11-a__0108__brushteeth.npy,3,brushteeth,3,0.92997533,1,"[-3.08617, 2.9239, 0.45803, 9.40257, -4.04482, 3.48246, -1.30001, 6.3658, 2.14557, -6.94236, -5.7026, -1.58655, -4.39961, 4.60748, -6.56804, 0.91087, -0.81831, -0.11124, -4.17299, -5.20811, -3.05859, 5.10591]"
43,sub11,scratch,3,sub11-a__0109__highfive.npy,8,highfive,8,0.8901182,1,"[-4.97233, 5.63354, 6.02852, 5.14813, -4.45551, -2.44201, -1.66614, 4.94372, 11.55047, -8.91202, -9.56959, 0.05247, -4.46962, -1.97354, -8.37026, 2.25927, -4.27432, 0.42201, -0.96281, -2.78148, -2.38687, 9.37556]"
43,sub11,scratch,3,sub11-a__0111__highfive.npy,8,highfive,8,0.98930395,1,"[-4.82119, 4.27738, 7.08879, 4.90914, -6.73447, -3.80902, -1.20482, 1.64523, 13.2827, -7.97085, -7.87286, -0.27699, -3.57997, -3.09161, -8.11173, 3.35021, -6.03863, -1.59992, -0.2623, -0.53184, -1.34879, 8.49767]"
43,sub11,scratch,3,sub11-a__0112__highfive.npy,8,highfive,8,0.523267,1,"[-4.52731, 3.84101, 3.30505, 6.32993, -5.87447, 0.40817, 0.1783, 6.50657, 7.43133, -8.39692, -8.07746, -0.06866, -5.14347, 0.62224, -7.89717, 2.55707, -4.14365, -1.95698, -0.06435, -1.53937, -2.87891, 5.36457]"
43,sub11,scratch,3,sub11-a__0113__highfive.npy,8,highfive,7,0.6926014,0,"[-4.58125, 5.41161, 2.68688, 5.73966, -4.83297, 1.30018, 0.20302, 7.92, 6.09067, -8.87384, -8.77016, 0.31932, -5.62496, 1.25312, -7.49718, 1.7532, -3.10928, -1.40653, -0.13274, -2.18348, -3.50395, 5.36174]"
43,sub11,scratch,3,sub11-a__0114__highfive.npy,8,highfive,8,0.5465889,1,"[-5.40998, 4.36004, 4.07029, 6.00017, -6.02011, 1.48577, -0.92241, 7.36893, 8.2896, -9.57384, -8.73484, 0.60522, -4.73978, 0.11029, -8.078, 1.9267, -3.60044, -0.43854, -0.25811, -2.52607, -2.72206, 7.05694]"
43,sub11,scratch,3,sub11-a__0115__wave.npy,21,wave,21,0.99471575,1,"[-5.95271, 6.20633, 5.21933, 7.36326, -2.24945, -2.02146, -3.52057, 2.33497, 10.10311, -8.05628, -9.03889, -0.3037, -5.28507, -0.07233, -9.64369, 1.65386, 0.60801, 2.78549, -4.96598, -6.25686, -2.28004, 15.43059]"
43,sub11,scratch,3,sub11-a__0116__wave.npy,21,wave,21,0.995839,1,"[-5.88444, 6.6002, 5.64089, 6.9959, -1.50782, -2.61302, -3.01932, 2.18307, 9.7906, -7.90946, -9.50342, -0.46916, -6.058, 0.19711, -9.91672, 1.936, 0.56389, 3.18131, -4.64985, -6.15148, -2.02832, 15.38223]"
43,sub11,scratch,3,sub11-a__0117__wave.npy,21,wave,21,0.98712015,1,"[-5.53997, 5.94408, 4.04045, 8.07425, -3.15514, 0.37063, -3.13837, 4.02791, 8.19696, -8.33607, -8.53231, -0.25763, -5.44887, 1.06125, -9.21271, 1.61881, 0.53429, 2.44812, -5.22001, -6.35346, -2.59786, 13.24277]"
43,sub11,scratch,3,sub11-a__0118__wave.npy,21,wave,21,0.9816846,1,"[-5.68036, 5.01899, 6.87748, 7.11688, -2.3115, -2.949, -4.05429, 0.84954, 10.93969, -7.48189, -8.2314, -0.77295, -4.14708, -0.74338, -9.29554, 1.75459, -0.36334, 2.6756, -5.09203, -5.55222, -1.14895, 14.96256]"
43,sub11,scratch,3,sub11-a__0120__bow.npy,2,bow,2,0.9987288,1,"[-2.66275, -3.48943, 17.30158, -0.97152, -11.75347, -0.13499, -2.11178, -1.69614, 9.81416, -5.56082, -1.37571, 7.92835, 9.92166, -10.88847, -2.18028, -0.42681, -10.31466, -2.43648, -1.68225, 4.3988, 3.95688, -4.9481]"
43,sub11,scratch,3,sub11-a__0121__bow.npy,2,bow,2,0.9936853,1,"[-2.70467, -4.93899, 15.23121, 0.67988, -11.81073, 0.70305, -2.76823, -0.98031, 9.9824, -5.05456, -0.85909, 6.07391, 8.28298, -9.63182, -3.20877, 1.1413, -9.90435, -1.70248, -1.54925, 3.95602, 4.43731, -4.8892]"
43,sub11,scratch,3,sub11-a__0122__bow.npy,2,bow,2,0.99689627,1,"[-2.92191, -4.60416, 16.17506, 0.07793, -11.81514, 0.41823, -2.53488, -1.22467, 10.00512, -5.46592, -1.1973, 7.05645, 9.16332, -10.21647, -2.87129, 0.43012, -9.99878, -1.74214, -1.68996, 3.95621, 4.10603, -4.51427]"
43,sub11,scratch,3,sub11-a__0123__bow.npy,2,bow,2,0.9941326,1,"[-2.66354, -5.00653, 15.26933, 0.39073, -11.87152, 0.46597, -2.54506, -0.9897, 9.86049, -5.24357, -0.86418, 6.22977, 8.60099, -9.85685, -2.75781, 1.07211, -10.19958, -1.82114, -1.49471, 4.33262, 4.2664, -4.89302]"
43,sub11,scratch,3,sub11-a__0124__bow.npy,2,bow,2,0.99633265,1,"[-3.00124, -4.03697, 16.59844, -0.22204, -11.22964, -0.1559, -3.09532, -1.61709, 10.77896, -5.48449, -1.55269, 7.16168, 9.22234, -10.77472, -3.0813, 0.3782, -9.55177, -1.01909, -2.18299, 3.52774, 4.06658, -3.21704]"
43,sub11,scratch,3,sub11-a__0126__crossarms.npy,5,crossarms,5,0.99998116,1,"[-6.66973, 5.5669, -3.39271, 6.51342, -8.77148, 18.92497, -5.71729, 6.91617, 0.06705, -8.47467, -3.03112, 5.01407, 5.61061, 2.8637, -5.24782, -0.76481, 6.59441, -0.84897, -6.80609, -3.04392, -4.4664, -0.67342]"
43,sub11,scratch,3,sub11-a__0127__crossarms.npy,5,crossarms,5,0.99996865,1,"[-6.35567, 4.12678, -2.72367, 7.28647, -9.64334, 18.29939, -5.96953, 5.93625, 0.35937, -8.06415, -1.93119, 4.70564, 6.11048, 2.48721, -4.84933, -0.66157, 5.70051, -1.14221, -7.10098, -2.97716, -4.15435, -0.93326]"
43,sub11,scratch,3,sub11-a__0128__crossarms.npy,5,crossarms,5,0.99997866,1,"[-6.54054, 5.63939, -2.99657, 6.54541, -9.04678, 18.68274, -5.99827, 6.43055, 0.37635, -8.45247, -2.6757, 5.16537, 5.99331, 2.28684, -4.98322, -0.91431, 6.37136, -0.64743, -7.1529, -3.18766, -4.35263, -0.60731]"
43,sub11,scratch,3,sub11-a__0129__crossarms.npy,5,crossarms,5,0.9999851,1,"[-6.82064, 4.88414, -2.75465, 5.93984, -9.00905, 19.22353, -6.48131, 6.47816, 0.75546, -8.34992, -2.55363, 5.41618, 7.17444, 1.78193, -5.19794, -0.91924, 6.43164, -0.54081, -6.48988, -2.62538, -3.74345, -1.2294]"
43,sub11,scratch,3,sub11-a__0131__airpunch.npy,1,airpunch,1,0.99953234,1,"[-4.2191, 14.68189, 1.18053, 5.81676, -8.02037, 2.56089, -0.80251, 1.68377, 4.72825, -8.06733, -4.59745, -2.65394, 1.13667, 6.45255, -2.77928, -3.47851, -2.02099, -4.38334, -3.85835, -2.678, -6.40914, 1.36604]"
43,sub11,scratch,3,sub11-a__0132__airpunch.npy,1,airpunch,1,0.99916553,1,"[-4.99148, 14.73115, 0.0452, 6.73301, -9.42823, 5.58612, -1.51915, 2.38551, 4.63341, -9.06434, -4.24121, -2.27769, 1.81396, 6.75173, -3.22013, -3.27417, -1.01716, -3.82726, -4.49864, -2.73369, -6.63266, 1.05589]"
43,sub11,scratch,3,sub11-a__0133__airpunch.npy,1,airpunch,1,0.9993963,1,"[-6.32949, 15.71659, 0.53104, 7.75597, -9.04284, 5.86803, -3.31029, 0.77918, 6.71548, -9.31335, -5.06537, -1.81513, 1.90242, 6.0979, -4.72012, -2.61957, 1.37393, -1.54965, -6.53635, -4.12058, -6.53499, 4.23145]"
43,sub11,scratch,3,sub11-a__0134__airpunch.npy,1,airpunch,1,0.9990841,1,"[-6.80683, 15.6905, 1.10236, 7.948, -9.48453, 6.33873, -3.83468, 0.88443, 7.67071, -9.90168, -5.35494, -1.36483, 2.11426, 5.56384, -5.37283, -2.50223, 1.51196, -0.97409, -6.74868, -4.48748, -6.41699, 5.06246]"
43,sub11,scratch,3,sub11-a__0135__airpunch.npy,1,airpunch,1,0.9983298,1,"[-5.74193, 14.16735, 0.71094, 6.68985, -11.20368, 6.29232, -1.94794, 1.87218, 6.81998, -9.49718, -4.2378, -0.71383, 2.22061, 4.55599, -4.05363, -2.04087, -0.85392, -3.25222, -4.27466, -1.93241, -6.24953, 1.2642]"
43,sub11,scratch,3,sub11-a__0136__drink.npy,7,drink,7,0.8640905,1,"[-3.88213, 6.75839, -0.31937, 6.20954, -3.77792, 3.41659, -1.37666, 9.23549, 5.23164, -7.79939, -8.3656, -0.60618, -3.82851, 2.642, -7.05069, 1.42206, -0.64343, -0.15679, -1.22689, -3.48263, -4.27257, 2.71746]"
43,sub11,scratch,3,sub11-a__0137__drink.npy,7,drink,7,0.62790686,1,"[-3.31593, 1.87965, 0.7719, 7.82193, -5.83626, 4.42074, -0.88821, 8.41837, 4.19897, -7.72197, -6.8344, 0.16209, -3.41433, 2.56306, -6.82638, 2.05478, -2.63768, -0.0251, -1.86008, -3.53824, -2.92233, 1.98043]"
43,sub11,scratch,3,sub11-a__0138__drink.npy,7,drink,7,0.48747364,1,"[-3.3653, 2.71236, 0.88494, 8.02261, -5.25809, 4.26331, -1.14156, 8.03221, 4.0694, -7.69842, -6.94718, 0.07983, -3.67934, 2.71424, -7.02174, 1.7772, -1.92327, 0.12346, -2.55506, -3.95555, -3.02355, 2.81455]"
43,sub11,scratch,3,sub11-a__0139__drink.npy,7,drink,7,0.57365686,1,"[-3.46488, 3.28381, 0.88253, 7.88666, -5.29488, 3.8846, -0.96003, 8.26463, 4.62616, -8.06958, -7.47619, 0.01331, -3.9018, 2.66215, -7.16343, 1.93053, -2.22313, 0.30898, -2.24559, -4.05346, -3.27428, 3.04096]"
43,sub11,scratch,3,sub11-a__0140__drink.npy,7,drink,7,0.9631888,1,"[-1.91272, 2.54387, -1.02565, 5.34866, -7.3473, 4.90655, 1.22916, 9.28363, 1.86927, -5.63473, -5.07292, -0.30472, -3.90046, 2.49444, -5.87346, 3.10827, -3.05196, -4.33371, 1.61288, 0.78784, -3.04769, -4.34531]"
43,sub11,scratch,3,sub11-a__0141__brushteeth.npy,3,brushteeth,3,0.81360143,1,"[-1.67451, -1.43923, 3.52044, 6.80586, -7.85537, 1.04229, 0.64234, 4.25282, 3.90307, -5.35539, -3.02968, -1.16269, -3.34288, 0.70973, -5.2492, 3.69574, -5.9444, -4.80471, -0.4043, 1.31933, -0.58377, -0.92214]"
43,sub11,scratch,3,sub11-a__0143__brushteeth.npy,3,brushteeth,3,0.9900079,1,"[-2.99032, -1.04107, 1.29205, 10.46195, -6.67657, 4.89246, -1.07789, 4.44381, 1.23802, -5.964, -2.77639, -0.86321, -3.0481, 4.4865, -6.07937, 1.40232, -1.6238, -0.62051, -4.74217, -4.54091, -1.73834, 3.47464]"
43,sub11,scratch,3,sub11-a__0144__brushteeth.npy,3,brushteeth,3,0.99157786,1,"[-3.0967, -0.43985, 1.77006, 10.34273, -6.63434, 4.07275, -1.27306, 4.29248, 2.2948, -6.3242, -3.21378, -1.10747, -2.98048, 4.06415, -6.20951, 1.41061, -2.04107, -0.58667, -4.47457, -4.46159, -1.83959, 3.93825]"
43,sub11,scratch,3,sub11-a__0145__brushteeth.npy,3,brushteeth,3,0.99079144,1,"[-3.14715, 0.48373, 1.50837, 10.46616, -6.30556, 4.11561, -1.35976, 4.36552, 2.34415, -6.49643, -3.63785, -1.22384, -3.52502, 4.29507, -6.51964, 1.36885, -1.52439, -0.48385, -4.79449, -4.79003, -2.04272, 4.50914]"
43,sub11,scratch,3,sub11-a__0146__highfive.npy,8,highfive,8,0.9937878,1,"[-2.67556, 6.50533, 2.76624, 2.83832, -7.10068, -4.54131, 0.06461, 3.41938, 11.81607, -5.83046, -6.95594, -1.55836, -4.00339, -3.1487, -6.00535, 3.56663, -6.58825, -4.64805, 4.04697, 1.42227, -2.33494, 2.76832]"
43,sub11,scratch,3,sub11-a__0147__highfive.npy,8,highfive,8,0.99311674,1,"[-4.36914, 2.74618, 6.53665, 5.06974, -8.06017, -2.67837, -0.86372, 2.52627, 12.54334, -8.01717, -7.32942, 0.34023, -3.18937, -3.49705, -7.39923, 3.92254, -6.8356, -2.05084, -0.0824, -0.08044, -1.35818, 6.91799]"
43,sub11,scratch,3,sub11-a__0148__highfive.npy,8,highfive,8,0.9974033,1,"[-3.39012, 5.50314, 3.63781, 4.78023, -7.20807, -3.53166, -0.82528, 2.46263, 12.27985, -5.9472, -6.86392, -1.7897, -4.01022, -2.1216, -7.31276, 3.68456, -5.90926, -3.08865, 1.55311, -0.13864, -1.83831, 4.60286]"
43,sub11,scratch,3,sub11-a__0149__highfive.npy,8,highfive,8,0.9989435,1,"[-4.49284, 4.18496, 6.79291, 4.55073, -7.47169, -4.52988, -1.88237, 1.02824, 15.26163, -7.24486, -7.66307, -0.41778, -2.94435, -4.23208, -8.04274, 4.02288, -6.65589, -0.92532, 0.33194, -0.71954, -1.06019, 8.12475]"
43,sub11,scratch,3,sub11-b1__0001__walk.npy,20,walk,2,0.97504824,0,"[0.39897, -3.67099, 12.4232, -1.68318, -3.43136, -2.49555, -5.15901, -2.47416, 7.62515, 2.35555, 1.57288, 0.61861, 5.94757, -9.23611, -3.14483, 1.10998, -5.85628, -2.4629, -1.3391, 4.85251, 8.23659, -6.46062]"
43,sub11,scratch,3,sub11-b1__0002__turnaround.npy,19,turnaround,19,0.9054375,1,"[5.5237, -2.54997, 3.8277, -3.10149, -0.90686, -4.89305, 9.97921, 2.30247, -3.71912, -0.06366, -4.3485, -1.31242, -6.1988, -4.08468, 2.30327, 6.80977, -12.9058, -4.18354, 3.02774, 12.29923, 4.68376, -13.90756]"
43,sub11,scratch,3,sub11-b1__0003__walk.npy,20,walk,20,0.7423213,1,"[6.07317, -0.90802, -0.1646, -3.03018, 5.28673, -3.72186, 7.46133, 1.37324, -10.46299, 5.93184, -0.24553, -3.09376, -8.11428, 1.82189, 4.18042, -1.72832, -4.6814, 0.53215, 2.42565, 4.5047, 9.04061, -11.64897]"
43,sub11,scratch,3,sub11-b1__0004__turnaround.npy,19,turnaround,19,0.98777056,1,"[4.73133, -0.87378, 3.74793, -3.15479, -2.8929, -4.65072, 8.41068, 3.90388, -2.21315, -0.08537, -3.17234, -0.63719, -5.64182, -5.4741, 2.19548, 6.71413, -12.27423, -7.32131, 4.7086, 13.03303, 2.71973, -14.85936]"
43,sub11,scratch,3,sub11-b1__0005__walk.npy,20,walk,2,0.915503,0,"[1.07893, -2.90442, 12.01685, -2.58082, -3.68508, -1.46206, -5.81188, -2.62686, 6.91891, 2.75754, 3.12224, 0.37734, 7.0345, -9.20944, -2.3636, -0.08089, -5.56778, -2.52926, -0.57395, 4.74739, 9.47041, -8.35744]"
43,sub11,scratch,3,sub11-b1__0006__turnaround.npy,19,turnaround,19,0.9794937,1,"[4.86948, -3.56098, 3.7499, -3.3364, -0.97099, -3.88507, 8.93676, 2.71876, -3.00204, 0.33703, -4.2465, -0.919, -4.96522, -4.5896, 1.91446, 6.9896, -12.33192, -4.22916, 3.40921, 12.9864, 5.38456, -14.54474]"
43,sub11,scratch,3,sub11-b1__0007__walk.npy,20,walk,20,0.80645984,1,"[6.52286, 0.33882, 0.34599, -2.23626, 5.54876, -4.1329, 7.25793, 1.12936, -9.63737, 5.66681, -1.17317, -3.61863, -8.95804, 2.76571, 2.77018, -2.00917, -4.91182, 2.15091, 1.93732, 2.53034, 9.33273, -10.71634]"
43,sub11,scratch,3,sub11-b1__0008__turnaround.npy,19,turnaround,19,0.9870635,1,"[4.91843, -1.27727, 3.31742, -3.89578, -3.34293, -4.16025, 8.88349, 3.93295, -3.60024, 0.81462, -2.00492, 0.08767, -4.46578, -5.34077, 3.84887, 5.66628, -11.91113, -7.86209, 5.13641, 13.31564, 2.56393, -16.16441]"
43,sub11,scratch,3,sub11-b1__0009__walk.npy,20,walk,2,0.5886108,0,"[1.53496, -3.35075, 10.70022, -2.80998, -4.28284, -0.69211, -5.6219, -2.27224, 6.30004, 2.92593, 4.12894, -0.34238, 7.29635, -8.58601, -1.93703, -0.25963, -6.03924, -2.17581, 0.67256, 4.5384, 10.26831, -9.78213]"
43,sub11,scratch,3,sub11-b1__0010__turnaround.npy,19,turnaround,19,0.98035485,1,"[5.08224, -4.21496, 3.07555, -3.75302, 0.46077, -4.48503, 9.36862, 2.5896, -3.79774, 0.97946, -4.5139, -1.08357, -5.50511, -4.53435, 2.55183, 7.47317, -11.82437, -4.30113, 3.636, 13.45429, 5.46763, -14.51168]"
43,sub11,scratch,3,sub11-b1__0011__walk.npy,20,walk,20,0.908421,1,"[6.27667, -0.44, 1.48754, -1.99551, 4.09078, -3.74196, 7.07401, 1.32474, -8.11473, 5.03492, -1.53022, -2.71186, -8.89806, 1.70227, 1.70144, -1.20645, -5.87518, 2.73109, 2.19128, 2.72711, 9.88863, -10.91629]"
43,sub11,scratch,3,sub11-b1__0012__turnaround.npy,19,turnaround,19,0.9860372,1,"[5.26871, -0.76189, 3.24573, -4.07172, -3.31542, -4.1411, 8.70465, 3.72619, -3.86703, 1.25496, -1.51972, -0.20855, -4.22143, -5.15865, 3.9231, 5.37415, -11.65709, -8.41889, 5.11639, 13.07345, 2.46828, -16.4817]"
43,sub11,scratch,3,sub11-b1__0013__walk.npy,20,walk,20,0.91869164,1,"[3.12269, -3.42437, 7.8113, -3.2744, -3.92072, -0.43999, -4.27249, -1.87872, 3.03722, 4.77832, 6.39602, -2.22933, 6.49623, -6.4985, -0.83208, -1.03993, -6.52399, -3.21123, 2.30083, 4.60103, 10.71982, -12.65152]"
43,sub11,scratch,3,sub11-b1__0014__turnaround.npy,19,turnaround,19,0.9823667,1,"[5.8954, -3.41058, 2.49281, -3.93597, 0.67757, -5.06278, 9.62408, 2.30442, -4.6437, 1.25281, -3.93091, -1.6048, -5.97465, -4.3173, 3.79733, 7.60532, -11.9066, -5.52393, 3.46791, 13.8019, 4.66051, -14.55298]"
43,sub11,scratch,3,sub11-b1__0016__turnaround.npy,19,turnaround,19,0.9875842,1,"[5.75939, -0.44887, 3.55424, -4.46264, -3.4305, -4.60943, 8.60777, 3.11061, -3.84447, 1.50237, -1.06122, -0.1579, -4.04363, -5.64241, 4.13858, 5.30529, -11.81547, -8.75972, 5.05429, 13.12318, 2.7248, -16.60887]"
43,sub11,scratch,3,sub11-b1__0018__turnaround.npy,19,turnaround,19,0.9916745,1,"[4.85374, -4.82276, 2.72839, -3.92952, -0.42215, -4.23486, 9.13754, 2.69778, -3.66823, 0.85187, -4.03771, -0.78587, -4.8987, -5.00459, 3.64154, 8.05616, -11.86111, -5.40578, 3.76483, 14.23904, 4.85658, -14.51028]"
43,sub11,scratch,3,sub11-b1__0019__walk.npy,20,walk,20,0.9794739,1,"[6.07939, -1.26258, 3.05812, -2.03314, 1.745, -3.02644, 5.82475, 1.00273, -6.5091, 4.96155, -0.09035, -1.71058, -8.0299, 0.08941, 1.11124, -1.05974, -6.69656, 2.43783, 2.12896, 2.89372, 10.76489, -11.03829]"
43,sub11,scratch,3,sub11-b1__0020__turnaround.npy,19,turnaround,19,0.98965096,1,"[5.61497, -1.01302, 3.33861, -4.49373, -3.93653, -4.07296, 8.41699, 3.26723, -3.98835, 1.76743, -0.42085, -0.00823, -3.36496, -5.5526, 4.47577, 4.74801, -11.5165, -9.13396, 5.45769, 13.13875, 2.83554, -16.98308]"
43,sub11,scratch,3,sub11-b1__0021__hop.npy,9,hop,9,0.9253809,1,"[10.38183, 5.11273, -1.47078, -3.18802, 9.10667, -9.20446, 2.79766, -7.47694, -12.23945, 13.54504, 6.47107, 1.46842, -9.72118, -0.45798, 9.86986, -1.18376, 4.25425, -2.94671, -4.0977, -2.57561, -0.97246, -5.01838]"
43,sub11,scratch,3,sub11-b1__0022__hop.npy,9,hop,9,0.96687573,1,"[10.37543, 4.68013, -2.18634, -2.9075, 9.19746, -8.55319, 2.61748, -7.69697, -12.17216, 14.27199, 6.86097, 1.46174, -9.89311, -0.8289, 9.29837, -0.53297, 4.95608, -2.32104, -4.29307, -2.66141, -0.77855, -5.62911]"
43,sub11,scratch,3,sub11-b1__0024__hop.npy,9,hop,9,0.96295035,1,"[10.10804, 4.59486, -1.75945, -2.26185, 9.01359, -8.47064, 2.51685, -7.58086, -11.5281, 13.7922, 6.35736, 1.41081, -10.91892, -0.76303, 8.28906, 0.16699, 5.0773, -1.44348, -4.86995, -3.35217, -0.86407, -4.30839]"
43,sub11,scratch,3,sub11-b1__0025__hop.npy,9,hop,9,0.8746232,1,"[10.60055, 5.04135, -1.29011, -2.40081, 6.24782, -8.92423, 3.43622, -7.55385, -10.83833, 12.79795, 7.10505, 1.09513, -10.41086, -0.84494, 9.18226, -0.22471, 2.42834, -1.50509, -3.90755, -3.43028, -1.16074, -4.84034]"
43,sub11,scratch,3,sub11-b1__0026__hop.npy,9,hop,9,0.78143513,1,"[9.19508, 4.58585, -1.05115, -1.75982, 6.22762, -8.6534, 3.41809, -7.27654, -10.11156, 11.15021, 4.82306, 3.09623, -11.07078, -1.61961, 9.08147, 0.6058, 3.59926, -0.7802, -4.78336, -3.47054, -2.02751, -2.55105]"
43,sub11,scratch,3,sub11-b1__0027__jump.npy,10,jump,10,0.88319546,1,"[6.51251, 0.69899, -0.2694, -3.68919, -0.69107, -0.10051, -2.76281, -4.74786, -9.71754, 15.16581, 17.18909, -2.53658, 1.366, 0.83751, 3.45467, -5.66578, 2.60495, -4.04314, -0.04031, -2.55548, 5.27754, -12.32044]"
43,sub11,scratch,3,sub11-b1__0028__jump.npy,10,jump,10,0.9677003,1,"[6.71894, 1.10687, -0.74994, -3.39927, -2.62977, 0.47593, -2.17483, -4.19597, -9.5185, 13.75654, 17.15753, -2.77694, 1.71939, 1.33358, 4.08005, -5.96373, 0.92804, -4.25546, 0.61544, -2.38782, 5.02715, -13.06624]"
43,sub11,scratch,3,sub11-b1__0030__jump.npy,10,jump,10,0.95115286,1,"[5.38261, 1.06755, -0.84324, -2.61868, -2.28309, 1.29635, -2.51712, -5.06952, -10.61372, 14.75746, 17.7266, 0.04819, 0.31476, 1.32838, 3.8671, -5.82324, 4.70596, -2.98395, -1.42213, -4.39317, 3.22387, -10.33024]"
43,sub11,scratch,3,sub11-b1__0031__jump.npy,10,jump,10,0.99460983,1,"[6.51194, -0.13278, 1.41569, -3.42611, -6.90626, 0.5228, -1.28581, -3.59728, -6.76254, 10.26149, 15.51528, -0.75444, 2.78224, -1.39463, 4.37743, -5.2053, -2.94351, -3.66539, 1.89408, -1.25893, 5.58432, -13.67432]"
43,sub11,scratch,3,sub11-b1__0032__runonspot.npy,13,runonspot,13,0.9117246,1,"[8.05571, 3.45435, -6.84306, 2.42571, 8.03669, -2.67331, 3.24666, -1.06066, -16.81793, 10.82118, 5.32343, -5.92494, -10.33283, 13.28578, 5.88461, -1.28458, 4.0503, -1.73907, -4.38343, -5.92955, -1.71547, -6.07885]"
43,sub11,scratch,3,sub11-b1__0033__runonspot.npy,13,runonspot,13,0.99856323,1,"[6.945, 5.19907, -8.36375, 3.98517, 5.25007, -1.44623, 3.27954, 0.79636, -16.45494, 7.21393, 3.66457, -6.03614, -9.56945, 14.87949, 7.13547, -2.33865, 3.17761, -2.59551, -4.27568, -6.93648, -3.90997, -4.15149]"
43,sub11,scratch,3,sub11-b1__0034__runonspot.npy,13,runonspot,13,0.9975763,1,"[4.56978, 0.48572, -8.87069, 3.68723, 8.2348, 0.65937, 1.27888, 1.96207, -15.68228, 10.83917, 4.75962, -8.82033, -7.81871, 16.94229, 1.58407, -2.09797, 5.91926, -0.94036, -2.31598, -7.26052, -0.56103, -4.52075]"
43,sub11,scratch,3,sub11-b1__0035__runonspot.npy,13,runonspot,13,0.9994499,1,"[6.56525, 3.02741, -7.90803, 3.93122, 2.48148, -0.22114, 3.49055, 1.9759, -15.81777, 6.36304, 4.20185, -5.8654, -7.67561, 15.3331, 6.93378, -2.7978, 0.97562, -2.18108, -2.93573, -6.71603, -3.14387, -5.33388]"
43,sub11,scratch,3,sub11-b1__0037__buttkicks.npy,4,buttkicks,4,0.9954085,1,"[7.80188, 0.41325, -3.96555, -2.01483, 23.03343, -8.91817, 2.7671, -6.30148, -11.67391, 17.65372, -0.33798, -4.48356, -14.34318, 2.64133, -0.09405, 4.22674, 10.42746, 1.5983, -4.27513, -0.94575, 4.0038, -3.72377]"
43,sub11,scratch,3,sub11-b1__0038__buttkicks.npy,4,buttkicks,4,0.9985384,1,"[6.71449, -0.58827, -3.96493, -1.97457, 24.48704, -8.45398, 2.55213, -5.67517, -10.95046, 17.95921, -1.44923, -5.54219, -14.18905, 3.09235, -2.52135, 4.75765, 11.0662, 1.92039, -3.66717, -0.57385, 4.96759, -3.54245]"
43,sub11,scratch,3,sub11-b1__0039__buttkicks.npy,4,buttkicks,4,0.99576026,1,"[6.89616, -0.23246, -4.42992, -1.79358, 24.398, -8.43081, 2.21203, -5.87314, -12.08501, 18.93759, 0.06579, -5.19305, -14.66838, 3.80477, -2.06942, 4.07445, 12.35495, 1.46779, -4.02951, -1.60832, 4.15838, -3.15582]"
43,sub11,scratch,3,sub11-b1__0040__buttkicks.npy,4,buttkicks,4,0.9981432,1,"[6.71039, -0.28763, -4.30178, -1.81011, 24.68426, -8.3379, 2.31961, -5.79912, -11.4659, 18.39587, -0.90072, -5.50989, -14.29668, 3.51408, -2.32805, 4.43149, 11.78879, 1.82783, -3.94205, -0.9763, 4.71442, -3.52543]"
43,sub11,scratch,3,sub11-b1__0041__buttkicks.npy,4,buttkicks,4,0.9970061,1,"[6.832, -0.26667, -5.15284, -2.09946, 25.49016, -8.08745, 2.05959, -5.78278, -12.63829, 19.68084, 0.1048, -5.65255, -13.88927, 4.11098, -1.95042, 3.72782, 12.91413, 0.90573, -3.8626, -1.07233, 4.54324, -4.0489]"
43,sub11,scratch,3,sub11-b1__0042__airkick.npy,0,airkick,13,0.8084757,0,"[9.47588, 1.15286, -7.20679, 2.25183, 2.51447, -2.44187, 5.50506, 0.6503, -16.23087, 7.63022, 4.10998, -4.1909, -8.58875, 11.5277, 9.06031, -1.34953, -1.88335, -2.66701, -2.7899, -4.52009, -1.86509, -7.80577]"
43,sub11,scratch,3,sub11-b1__0043__airkick.npy,0,airkick,0,0.87159693,1,"[13.54859, 1.71356, -2.72619, -1.93433, 5.63646, -9.1779, 6.83467, -4.02611, -13.29963, 11.55519, 5.01713, -3.68318, -10.38059, 3.96499, 8.86306, 0.49348, -4.99108, -3.13525, -1.45875, -1.55653, 1.2367, -9.23455]"
43,sub11,scratch,3,sub11-b1__0044__airkick.npy,0,airkick,0,0.9361954,1,"[13.45588, 3.85139, -2.59979, -1.85427, 4.58822, -8.57402, 6.15172, -5.00267, -12.05378, 10.52029, 5.26294, -2.32537, -10.19158, 1.46291, 9.17885, 0.75477, -4.46489, -2.75404, -2.38355, -1.63617, 0.39251, -8.89387]"
43,sub11,scratch,3,sub11-b1__0045__airkick.npy,0,airkick,0,0.9870187,1,"[14.05185, 2.32869, -1.27507, -2.65531, 2.63596, -8.64722, 7.02237, -3.92545, -10.9963, 9.3186, 4.98174, -3.07475, -9.04388, 0.92525, 8.34451, 0.75632, -8.01177, -2.9173, -0.55821, -0.25171, 2.30246, -10.45544]"
43,sub11,scratch,3,sub11-b1__0046__airkick.npy,0,airkick,0,0.95814276,1,"[13.708, 2.18648, -1.23262, -2.77493, 3.53926, -8.29573, 6.29475, -4.58485, -10.92006, 10.49074, 5.58725, -2.35298, -9.20816, 0.07094, 7.77641, 1.00606, -6.14811, -2.26712, -1.0837, -0.61731, 2.38457, -10.19332]"
43,sub11,scratch,3,sub11-b1__0047__sidekick.npy,14,sidekick,14,0.9262003,1,"[10.77451, 6.47385, 0.82705, -3.50906, -2.42, -8.44681, 5.12505, -6.73242, -8.03994, 7.14056, 6.3166, 4.59636, -5.72791, -4.38474, 13.35989, -2.08857, -4.62137, -3.48553, -2.15826, -0.94967, -2.27067, -6.75748]"
43,sub11,scratch,3,sub11-b1__0048__sidekick.npy,14,sidekick,14,0.96585375,1,"[10.57301, 7.1954, 0.8759, -3.3234, -4.72414, -7.24147, 4.87609, -6.24478, -8.05031, 6.11655, 7.19177, 4.46291, -4.20434, -3.72144, 13.99731, -3.244, -5.64562, -4.17087, -2.07769, -1.08367, -2.52106, -7.44921]"
43,sub11,scratch,3,sub11-b1__0049__sidekick.npy,14,sidekick,14,0.596385,1,"[11.38051, 5.59307, 2.98302, -5.01283, -9.66943, -5.78795, 3.56312, -4.68862, -5.08177, 4.84664, 10.19104, 2.2704, 0.88999, -6.02977, 12.04081, -4.52374, -10.96557, -5.97224, 1.31636, 1.33395, 1.58786, -12.9181]"
43,sub11,scratch,3,sub11-b1__0051__sidekick.npy,14,sidekick,14,0.8808644,1,"[10.97639, 6.569, 2.17222, -4.63484, -6.91198, -6.25716, 3.0703, -6.15877, -6.58818, 6.4062, 10.17405, 3.69496, -0.80837, -5.42563, 13.3637, -4.59998, -7.1078, -5.05816, -0.6267, -0.186, -0.20487, -10.29048]"
43,sub11,scratch,3,sub11-b1__0052__crosstoe.npy,6,crosstoe,6,0.92494047,1,"[4.39703, -3.21426, 5.22656, -2.99607, -11.27012, -7.63838, 13.52459, 1.37126, -0.35413, -4.28811, -3.07836, 11.00001, -1.3534, -8.05913, 5.92595, 0.87909, -15.67969, -3.29428, 4.88208, 2.31873, -3.26735, -5.81435]"
43,sub11,scratch,3,sub11-b1__0053__crosstoe.npy,6,crosstoe,6,0.96957123,1,"[4.78102, -3.44871, 4.86029, -2.88684, -11.01028, -7.76725, 13.27674, 1.73268, -0.24628, -4.58802, -3.06111, 9.76809, -1.01116, -7.60548, 5.79281, 1.01386, -16.44586, -3.03358, 5.51173, 2.34139, -2.74961, -6.39856]"
43,sub11,scratch,3,sub11-b1__0054__crosstoe.npy,6,crosstoe,6,0.9609203,1,"[5.24554, -2.25243, 4.86241, -2.87311, -11.73109, -8.3028, 12.81693, 1.26316, 0.93203, -4.99734, -3.28985, 9.53472, -1.1656, -8.57988, 6.50448, 1.54192, -17.10799, -2.91347, 4.96771, 2.1506, -3.50545, -5.73556]"
43,sub11,scratch,3,sub11-b1__0055__crosstoe.npy,6,crosstoe,6,0.8170579,1,"[4.60784, -2.5462, 5.44341, -2.91594, -12.63042, -7.8002, 12.89293, 1.1995, 0.17047, -5.63209, -2.94185, 11.37227, -0.23648, -8.82742, 7.43253, 0.52299, -16.85631, -2.88048, 4.47252, 1.581, -4.16125, -5.5166]"
43,sub11,scratch,3,sub11-b1__0056__crosstoe.npy,6,crosstoe,6,0.7611882,1,"[4.24484, -3.34302, 5.77886, -2.92956, -13.33194, -7.15373, 12.43663, 1.73414, 1.1895, -5.94108, -2.91163, 11.2575, 0.89514, -8.9465, 6.89834, 0.66021, -17.34437, -2.36687, 5.05596, 1.64194, -3.64513, -5.89389]"
43,sub11,scratch,3,sub11-b1__0057__crosstoe.npy,6,crosstoe,6,0.9250526,1,"[4.98651, -3.04587, 4.75991, -3.13958, -12.16233, -7.4684, 13.09159, 1.3638, 0.15873, -4.88881, -2.97552, 10.5346, -0.36208, -8.63159, 7.16037, 1.13734, -16.81729, -3.45815, 4.74762, 2.57689, -3.58376, -6.17635]"
43,sub11,scratch,3,sub11-b1__0058__throw.npy,18,throw,18,0.96429425,1,"[1.20261, -4.25665, -2.91909, 1.11935, -12.11736, 1.93816, 4.02271, 7.90457, 0.09603, -4.20246, 0.60693, -0.06703, 1.53251, 2.24838, 1.64144, -1.31706, -11.35547, -2.77208, 11.23587, 1.1299, 0.24458, -10.91298]"
43,sub11,scratch,3,sub11-b1__0059__throw.npy,18,throw,18,0.87331146,1,"[2.71647, -0.23976, -5.04908, 1.60316, -12.84516, 2.74766, 3.75965, 7.30683, -0.17053, -4.57083, 1.59343, -2.67608, 0.61459, 2.77853, 3.14077, -1.16906, -11.76572, -5.26283, 9.32139, 1.3188, -1.56617, -11.16074]"
43,sub11,scratch,3,sub11-b1__0060__throw.npy,18,throw,18,0.9730366,1,"[3.56699, 1.93806, -0.00998, -1.98775, -11.86367, -4.42223, 6.12503, 3.32491, 5.77988, -4.61768, -1.09544, -1.17141, 0.43234, -3.99768, 2.4171, 0.6242, -15.97133, -4.51331, 10.55831, 5.27289, 1.45748, -10.43233]"
43,sub11,scratch,3,sub11-b1__0061__throw.npy,18,throw,18,0.95329964,1,"[1.07502, -6.63083, -1.57177, 1.42285, -11.37573, 0.36855, 4.48605, 7.72229, 0.99348, -4.62058, -0.8133, 0.78928, 0.98507, 0.62565, 1.09763, 0.43269, -12.37726, -1.06974, 10.78967, 1.44271, 0.74725, -9.729]"
43,sub11,scratch,3,sub11-b1__0062__throw.npy,18,throw,18,0.98626083,1,"[0.53363, -5.87381, -0.27301, 1.54339, -11.2968, -2.03278, 4.72871, 7.1271, 3.42386, -5.79863, -2.34832, 0.66374, 0.42991, -0.11637, 0.17361, 1.10584, -13.45128, -0.22358, 11.52584, 1.22933, 0.63659, -8.00653]"
43,sub11,scratch,3,sub11-b1__0063__throw.npy,18,throw,18,0.994113,1,"[1.71237, -0.77659, 1.53585, -1.46599, -12.80845, -4.66119, 5.3106, 3.61218, 6.52523, -5.71312, -1.15712, -0.00691, 2.9461, -3.08533, 1.74283, -0.78842, -15.90429, -2.68846, 12.05388, 3.88991, 2.20956, -9.30333]"
43,sub11,scratch,3,sub11-b1__0064__walk.npy,20,walk,10,0.46735248,0,"[6.54011, -4.41673, 0.3781, -3.7312, -5.05579, 0.25353, 0.68656, -0.60706, -4.49843, 7.34766, 8.99519, -2.11101, 3.94634, -2.08245, 3.43916, -2.68209, -7.19723, -3.29685, 4.91842, 2.89566, 8.81023, -15.78068]"
43,sub11,scratch,3,sub11-b1__0065__turnaround.npy,19,turnaround,19,0.99647,1,"[5.80199, -4.66507, 1.2643, -4.87216, 0.13656, -5.29392, 9.48878, 2.35834, -5.84127, 2.07511, -2.36786, -1.00722, -4.30872, -5.1776, 6.47096, 7.5348, -11.56644, -8.11165, 3.7959, 15.33381, 3.72466, -15.02009]"
43,sub11,scratch,3,sub11-b1__0066__walk.npy,20,walk,20,0.9932287,1,"[5.83418, -1.41525, 4.6024, -2.51745, -1.76302, -2.73769, 3.96024, 0.30317, -4.0857, 4.52575, 2.50761, -0.59399, -6.31444, -2.28223, 1.36876, -1.68718, -7.7923, 1.67339, 2.68602, 2.89609, 11.45507, -11.04086]"
43,sub11,scratch,3,sub11-b1__0067__turnaround.npy,19,turnaround,19,0.969177,1,"[6.95179, 0.38424, 2.70921, -5.24113, -3.18073, -5.16846, 9.03908, 2.36468, -5.67827, 2.79844, 0.74642, -0.25452, -3.42575, -5.24148, 5.85305, 3.6068, -11.20659, -10.22773, 5.24478, 12.66862, 2.20549, -17.23385]"
43,sub11,scratch,3,sub11-b1__0068__walk.npy,20,walk,10,0.4613593,0,"[6.11777, -4.1024, 0.81846, -3.43359, -6.70392, 0.60016, 0.84144, -0.24535, -3.51171, 5.8517, 8.44724, -1.52307, 4.45108, -2.39404, 3.6955, -2.61378, -8.12673, -3.61323, 5.31485, 3.34173, 8.36081, -16.15774]"
43,sub11,scratch,3,sub11-b1__0069__turnaround.npy,19,turnaround,19,0.99786323,1,"[5.32679, -5.04254, 1.29362, -4.91052, -0.10309, -4.73909, 9.29226, 2.50994, -5.54342, 1.82529, -2.29891, -0.99741, -3.40109, -5.11406, 6.25594, 7.14955, -11.60851, -8.24796, 4.13926, 15.61849, 3.95157, -15.36983]"
43,sub11,scratch,3,sub11-b1__0070__walk.npy,20,walk,20,0.99412787,1,"[5.4873, -0.98299, 5.16966, -2.06889, -3.17278, -2.029, 3.2288, 0.2353, -3.31637, 3.94807, 3.13148, -0.39221, -6.26082, -2.39324, 1.08224, -1.81207, -7.66233, 2.16518, 2.36004, 2.26492, 11.44566, -10.50317]"
43,sub11,scratch,3,sub11-b1__0071__turnaround.npy,19,turnaround,19,0.9803269,1,"[6.79357, 0.12216, 3.19289, -4.9234, -3.7583, -4.78289, 8.77619, 2.40868, -5.05443, 2.20372, 0.57235, -0.41276, -3.54349, -5.32229, 5.45795, 4.14723, -11.6242, -9.83585, 5.08619, 12.88203, 2.50817, -17.10103]"
43,sub11,scratch,3,sub11-b1__0072__walk.npy,20,walk,10,0.58720374,0,"[5.43371, -4.34413, 1.06479, -3.0936, -8.1292, 1.65326, 0.59734, -0.01382, -3.17649, 5.04607, 8.51379, -0.45109, 5.16778, -2.71589, 3.82569, -2.73785, -7.93136, -3.3102, 5.09091, 3.03278, 7.90177, -15.96488]"
43,sub11,scratch,3,sub11-b1__0073__turnaround.npy,19,turnaround,19,0.9970722,1,"[5.71473, -4.73905, 1.31259, -4.85689, -0.18356, -4.97871, 9.4155, 2.32679, -5.87769, 2.07616, -1.99338, -1.09081, -3.8904, -5.1101, 6.60317, 7.36721, -11.61393, -8.41581, 3.84722, 15.44705, 3.64938, -15.34371]"
43,sub11,scratch,3,sub11-b1__0075__turnaround.npy,19,turnaround,19,0.97412914,1,"[6.84572, 0.96357, 2.84397, -5.02048, -3.1621, -5.07865, 8.69289, 2.3299, -5.14515, 2.47253, 0.3455, -0.41493, -3.64862, -5.2489, 5.37187, 4.04875, -11.06426, -10.09064, 5.03609, 12.53468, 1.97113, -16.89363]"
43,sub11,scratch,3,sub11-b1__0076__walk.npy,20,walk,20,0.55420303,1,"[5.13992, -4.9338, 0.6843, -3.07628, -7.03566, 1.53438, 0.59983, 0.23265, -3.23612, 5.38192, 8.04843, -1.18782, 5.11724, -2.06207, 3.14556, -2.65652, -7.77892, -3.02497, 5.44214, 3.09831, 8.50433, -15.8055]"
43,sub11,scratch,3,sub11-b1__0077__turnaround.npy,19,turnaround,19,0.9964503,1,"[5.70618, -4.83401, 1.12528, -4.96908, -0.30965, -5.07717, 9.58077, 2.45655, -5.90277, 1.9677, -2.02842, -1.01827, -3.67807, -5.00882, 6.78505, 7.04431, -11.82913, -8.4052, 4.15151, 15.37478, 3.63556, -15.38248]"
43,sub11,scratch,3,sub11-b1__0078__walk.npy,20,walk,20,0.9956416,1,"[5.26088, -1.28117, 5.79315, -1.65002, -3.31544, -2.4826, 2.81494, -0.04889, -1.65559, 3.31356, 2.23128, -0.60717, -6.64648, -3.19581, 0.15866, -0.58357, -8.35397, 3.07218, 2.28408, 2.47347, 11.86341, -9.94962]"
43,sub11,scratch,3,sub11-b1__0079__turnaround.npy,19,turnaround,19,0.99294066,1,"[6.80727, -0.35975, 2.73406, -5.26621, -3.32801, -4.93301, 8.09983, 2.00109, -4.82915, 2.81381, 1.0588, -0.59478, -2.56308, -5.87046, 5.86144, 4.04487, -11.27148, -10.53216, 5.19259, 13.43201, 2.67823, -17.14277]"
43,sub11,scratch,3,sub11-b1__0080__walk.npy,20,walk,20,0.48980305,1,"[5.46614, -4.88601, 0.19688, -3.06723, -7.35246, 1.3599, 1.41574, 0.40368, -3.87328, 5.208, 7.89243, -0.8373, 4.64456, -1.82202, 3.77593, -2.77724, -8.13827, -3.08285, 5.6079, 3.11901, 8.13407, -15.99743]"
43,sub11,scratch,3,sub11-b1__0081__turnaround.npy,19,turnaround,19,0.99667114,1,"[5.85136, -5.51801, 0.76882, -5.17198, -0.25571, -4.85699, 9.55899, 2.51607, -6.5831, 2.45755, -1.39612, -0.8591, -2.94863, -4.88742, 7.39727, 6.30416, -11.72748, -8.67493, 4.39991, 15.43432, 3.93538, -16.00833]"
43,sub11,scratch,3,sub11-b1__0082__walk.npy,20,walk,20,0.99648595,1,"[5.61603, -1.98215, 5.43339, -1.94094, -2.69166, -2.67699, 2.94701, -0.05021, -2.44677, 4.13414, 2.80657, -0.89043, -6.23523, -3.06351, 0.5449, -0.88861, -8.3871, 2.38551, 2.43294, 2.76396, 12.11504, -10.51156]"
43,sub11,scratch,3,sub11-b1__0083__turnaround.npy,19,turnaround,19,0.98770124,1,"[6.90927, -0.17022, 2.39575, -5.28398, -2.77604, -4.8517, 8.44051, 2.19584, -5.61608, 3.18802, 1.04155, -0.68764, -2.87094, -5.21214, 5.78416, 3.69651, -10.78247, -10.67505, 5.22334, 13.12529, 2.51079, -17.25773]"
43,sub11,scratch,3,sub11-b1__0084__hop.npy,9,hop,0,0.68871444,0,"[10.78562, 1.62668, -1.48984, -1.31962, 4.43589, -8.6114, 6.23799, -5.66833, -10.53886, 9.71451, 3.89086, 1.31387, -11.86281, -0.33281, 8.43712, 2.27361, -1.39471, 1.07266, -3.05492, -3.23181, -0.42758, -4.86458]"
43,sub11,scratch,3,sub11-b1__0085__hop.npy,9,hop,9,0.8267866,1,"[10.76188, -1.69294, -2.209, -2.49785, 1.71229, -5.16616, 5.18203, -4.33191, -11.86315, 12.56054, 9.37991, -0.58852, -7.44232, 1.60269, 6.172, -0.69454, -2.35883, 0.35452, -0.22144, -3.36383, 2.93555, -9.59529]"
43,sub11,scratch,3,sub11-b1__0086__hop.npy,9,hop,9,0.73635656,1,"[2.79529, -7.82877, -0.82937, -0.54097, 1.2998, -1.23988, 1.5434, -0.10046, -2.09372, 9.05587, 3.17619, -2.63619, -3.74136, 0.88637, -4.57426, 1.78781, -1.98568, 6.09807, 4.30557, -2.56977, 7.81967, -6.74761]"
43,sub11,scratch,3,sub11-b1__0087__hop.npy,9,hop,9,0.8015195,1,"[2.34976, -7.74741, -1.37591, -0.49909, 0.22445, 0.07039, 0.76746, -0.10357, -2.42301, 9.24349, 4.41553, -2.1525, -2.43788, 1.19057, -4.18978, 0.81371, -1.06137, 5.54064, 4.52028, -2.7706, 7.65318, -7.41519]"
43,sub11,scratch,3,sub11-b1__0088__hop.npy,9,hop,9,0.5554038,1,"[1.85122, -6.67515, -0.9028, 0.57257, 0.08, -0.6288, 1.18742, -0.48716, -1.20668, 8.20253, 2.82346, -1.33003, -4.97943, 1.01643, -4.99872, 2.23166, -0.29501, 7.80186, 3.36795, -4.34018, 6.00008, -4.78613]"
43,sub11,scratch,3,sub11-b1__0089__hop.npy,9,hop,9,0.7285049,1,"[1.92594, -8.20447, -1.27433, -0.73639, 1.16894, -0.00288, 1.04958, 0.00706, -2.27532, 8.96016, 3.27314, -1.7587, -2.06322, 0.94644, -4.52035, 0.93452, -0.85211, 5.81635, 4.6751, -2.647, 7.78769, -7.02503]"
43,sub11,scratch,3,sub11-b1__0090__hop.npy,9,hop,9,0.92359895,1,"[0.85823, -7.46925, -1.71651, 0.15876, 3.29623, 0.13239, 0.29361, -0.43124, -2.40554, 10.27014, 2.89058, -1.69061, -4.25676, 1.83871, -6.2663, 1.60159, 2.73179, 7.29901, 3.1085, -4.32039, 6.69352, -4.50123]"
43,sub11,scratch,3,sub11-b1__0091__jump.npy,10,jump,10,0.8165426,1,"[7.39193, -2.81456, -0.36049, -2.40592, -8.43795, -1.16961, 3.04024, -1.32222, -4.34524, 5.65867, 9.32233, -0.73675, -0.02062, -1.5074, 4.01425, -2.24114, -8.66047, -0.3996, 5.08241, -0.24527, 5.88962, -13.09215]"
43,sub11,scratch,3,sub11-b1__0093__jump.npy,10,jump,10,0.58608735,1,"[7.4456, -3.7655, 0.11929, -2.61536, -9.38676, -1.26433, 3.98779, -0.59587, -4.23033, 4.15413, 8.2674, -0.27106, 0.81006, -1.94305, 4.86418, -2.14962, -10.6405, -1.1017, 5.68211, 1.07401, 6.19224, -14.07329]"
43,sub11,scratch,3,sub11-b1__0094__jump.npy,10,jump,10,0.91192067,1,"[6.47835, -3.17486, -0.48636, -1.12363, -8.29134, -0.62942, 2.75821, -1.66082, -4.59708, 6.604, 9.70671, -0.15503, -2.24319, -0.33449, 2.78961, -1.40254, -6.39222, 1.78328, 3.77222, -2.37972, 4.7232, -10.82467]"
43,sub11,scratch,3,sub11-b1__0095__jump.npy,10,jump,10,0.8102914,1,"[6.90044, -3.54313, -0.60229, -1.94759, -8.67775, -0.68314, 3.34334, -0.87854, -4.53942, 5.53341, 8.93973, -0.59726, -0.28526, -0.80701, 3.77613, -1.98768, -8.57824, 0.10206, 5.02928, -0.45119, 5.73777, -12.85464]"
43,sub11,scratch,3,sub11-b1__0096__runonspot.npy,13,runonspot,13,0.727344,1,"[8.21695, -1.14816, -4.95995, 3.0078, 2.76238, -2.51733, 6.13629, 1.56676, -13.39961, 5.42482, 0.90169, -3.47254, -11.17937, 9.43485, 5.49413, 1.92758, -2.78006, 1.61889, -2.34475, -4.37567, -0.47446, -6.45475]"
43,sub11,scratch,3,sub11-b1__0097__runonspot.npy,13,runonspot,13,0.9524218,1,"[7.48144, -0.39703, -6.73222, 3.72971, -0.58196, 0.02953, 5.11488, 2.27567, -14.65244, 4.98369, 3.74233, -2.85541, -8.81241, 11.12951, 7.10603, -0.51693, -1.96043, 0.0915, -2.35496, -5.494, -2.02731, -6.90949]"
43,sub11,scratch,3,sub11-b1__0099__runonspot.npy,13,runonspot,13,0.9909083,1,"[6.23419, -3.1913, -6.50488, 3.34663, 0.91979, 0.85865, 4.14246, 2.85451, -13.35973, 6.75539, 3.89705, -4.77371, -7.93626, 12.05338, 3.54089, -0.33484, -1.27997, 1.72181, -0.81189, -5.43115, 0.77561, -7.07574]"
43,sub11,scratch,3,sub11-b1__0100__runonspot.npy,13,runonspot,13,0.9707225,1,"[7.27795, -2.53928, -6.42719, 2.55597, -0.31667, 0.6303, 4.60346, 2.10687, -14.33043, 7.3736, 5.43542, -4.36022, -6.88618, 11.69381, 5.37304, -1.25977, -2.4233, 0.41321, -0.74334, -5.06177, 0.58719, -8.63853]"
43,sub11,scratch,3,sub11-b1__0101__buttkicks.npy,4,buttkicks,4,0.99485886,1,"[6.99105, -2.30882, -1.97791, -1.28511, 18.80348, -8.62415, 4.08776, -4.98044, -8.1327, 13.53524, -2.76224, -4.16048, -14.27028, 1.28783, -2.37695, 5.98648, 5.41489, 5.07047, -2.83884, -1.08082, 5.64489, -2.50114]"
43,sub11,scratch,3,sub11-b1__0103__buttkicks.npy,4,buttkicks,4,0.99465215,1,"[6.39311, -2.10136, -2.8564, -1.52062, 20.60384, -7.91663, 3.43975, -4.81976, -9.05674, 15.37743, -2.08667, -4.65311, -13.91762, 2.19855, -3.26798, 5.28492, 7.6659, 4.10036, -2.80177, -0.91539, 5.84301, -3.21542]"
43,sub11,scratch,3,sub11-b1__0104__buttkicks.npy,4,buttkicks,4,0.9830983,1,"[6.58139, -0.7936, -3.09239, -1.14603, 18.82285, -7.56723, 3.61139, -4.97339, -9.31732, 14.75815, -1.37375, -3.82036, -14.67846, 2.27155, -2.22852, 5.07653, 7.82536, 3.9259, -3.12455, -1.51158, 4.61559, -3.14906]"
43,sub11,scratch,3,sub11-b1__0105__buttkicks.npy,4,buttkicks,4,0.9784775,1,"[7.12567, -1.28315, -3.08844, -1.33148, 18.51728, -7.93343, 4.09604, -4.85891, -9.26007, 14.69943, -1.4771, -4.23874, -14.50062, 2.1377, -2.0518, 5.28818, 6.42236, 3.68615, -2.68078, -1.04643, 4.98105, -3.80192]"
43,sub11,scratch,3,sub11-b1__0106__airkick.npy,0,airkick,0,0.85103166,1,"[11.30213, -2.36256, -2.68453, -2.58428, 2.33957, -5.03283, 6.87159, -1.44009, -10.30297, 9.45368, 4.09751, -3.06345, -7.16725, 1.52251, 4.50134, 1.03821, -7.01594, -0.98512, 1.99685, 0.84979, 5.63226, -12.50053]"
43,sub11,scratch,3,sub11-b1__0107__airkick.npy,0,airkick,0,0.9406984,1,"[12.07888, -1.20466, -3.05173, -2.84992, 0.28026, -4.86855, 7.08195, -1.52705, -10.95667, 9.08646, 5.74507, -3.06236, -5.86143, 1.46578, 6.44419, -0.12987, -8.20503, -2.79784, 2.20276, 1.24546, 4.74982, -14.06822]"
43,sub11,scratch,3,sub11-b1__0109__airkick.npy,0,airkick,0,0.94227606,1,"[12.05178, -1.51213, -2.95052, -3.18419, 1.65177, -5.52161, 6.88098, -1.29965, -10.15157, 9.09603, 4.62448, -3.82979, -6.08114, 0.88698, 5.67444, 0.85507, -8.38006, -2.68259, 2.60702, 1.84722, 5.20921, -13.58218]"
43,sub11,scratch,3,sub11-b1__0110__airkick.npy,0,airkick,0,0.9560747,1,"[11.82364, -1.87458, -2.28828, -2.72905, 0.64246, -5.15283, 7.18926, -1.22732, -9.71154, 8.40682, 4.24644, -2.91361, -6.59352, 0.6364, 5.31578, 1.22401, -8.65129, -1.77813, 2.39815, 1.62969, 5.12613, -13.3308]"
43,sub11,scratch,3,sub11-b1__0111__sidekick.npy,14,sidekick,14,0.92149866,1,"[10.39275, 3.98372, -3.70886, -0.81114, -5.80938, -4.75393, 6.6444, -3.01986, -10.94872, 5.31177, 6.88125, 1.15614, -6.07466, 1.72384, 12.91539, -1.65601, -6.80732, -2.82377, -1.30368, -2.86001, -2.50883, -7.86994]"
43,sub11,scratch,3,sub11-b1__0113__sidekick.npy,14,sidekick,14,0.6123619,1,"[12.24782, 2.917, -2.50982, -3.13918, -1.09054, -7.25605, 7.23487, -4.77072, -11.62745, 8.6202, 6.73543, 2.19004, -6.46274, -1.37131, 12.7418, -1.42861, -5.90038, -3.42716, -0.76549, -0.54401, -0.39498, -10.3718]"
43,sub11,scratch,3,sub11-b1__0114__sidekick.npy,14,sidekick,14,0.66264445,1,"[12.14939, 3.45933, -1.21158, -3.29583, -4.49692, -6.39301, 7.10578, -4.47192, -10.8534, 7.392, 8.10362, 2.49995, -5.07591, -1.63297, 12.85675, -2.39307, -7.8028, -3.86677, -0.39157, -0.61755, -0.21405, -11.04838]"
43,sub11,scratch,3,sub11-b1__0115__sidekick.npy,14,sidekick,0,0.5779588,0,"[12.36449, 2.18395, -1.24144, -3.4144, -3.42665, -6.04125, 7.1379, -4.39941, -11.40002, 8.33486, 8.23524, 2.30191, -5.20661, -1.5719, 11.9947, -1.96238, -7.25527, -3.67492, -0.29367, -0.2888, 0.61406, -11.87625]"
43,sub11,scratch,3,sub11-b1__0116__sidekick.npy,14,sidekick,0,0.54742366,0,"[12.54093, 1.60076, -1.34802, -3.71713, -3.12434, -6.5197, 7.31561, -4.22128, -11.24696, 8.45368, 7.87777, 2.22872, -4.91726, -2.13535, 12.3116, -1.73438, -7.7224, -4.01618, 0.16904, 0.33656, 0.86951, -12.30764]"
43,sub11,scratch,3,sub11-b1__0117__sidekick.npy,14,sidekick,14,0.53557014,1,"[12.1479, 2.06361, -0.48324, -4.20722, -6.39735, -5.48349, 6.19785, -3.96793, -9.86325, 7.59957, 9.78868, 2.37354, -2.29013, -3.02206, 12.39283, -3.14921, -8.93632, -4.85604, 1.12037, 0.61051, 1.403, -13.5974]"
43,sub11,scratch,3,sub11-b1__0119__crosstoe.npy,6,crosstoe,6,0.9423472,1,"[4.39255, -3.43455, 4.49952, -1.8714, -10.9037, -7.63807, 11.6602, 1.90693, 2.84091, -5.69103, -4.70017, 8.80791, -1.75059, -8.34433, 4.4859, 3.76592, -16.4971, -0.07962, 4.26449, 0.9919, -3.27173, -3.64512]"
43,sub11,scratch,3,sub11-b1__0120__crosstoe.npy,6,crosstoe,6,0.9686822,1,"[5.08074, -2.98124, 3.7054, -2.47956, -10.23926, -8.15898, 12.25869, 1.67087, 1.22939, -4.97453, -4.22709, 8.70911, -1.76005, -8.139, 6.10369, 2.87808, -16.40328, -1.86044, 4.3277, 1.74046, -3.55297, -4.33336]"
43,sub11,scratch,3,sub11-b1__0121__crosstoe.npy,6,crosstoe,6,0.9730033,1,"[5.40211, -3.28345, 3.5871, -2.31719, -9.73868, -8.44513, 12.14533, 1.37172, 1.18519, -4.60323, -4.17501, 8.40123, -2.29037, -8.06561, 6.06346, 3.28125, -16.19834, -1.20919, 3.77392, 1.30775, -3.3964, -3.61095]"
43,sub11,scratch,3,sub11-b1__0122__crosstoe.npy,6,crosstoe,6,0.94552535,1,"[4.44442, -3.64893, 4.68131, -2.45423, -10.85598, -7.50487, 12.11832, 1.91773, 2.12908, -5.14904, -4.18681, 9.22195, -1.0911, -8.25102, 4.79457, 2.70289, -16.40571, -0.91307, 4.48799, 1.33235, -2.85252, -3.84344]"
43,sub11,scratch,3,sub11-b1__0123__throw.npy,18,throw,18,0.98918205,1,"[1.84342, -5.02861, -2.84763, -0.0828, -12.00881, 1.09881, 3.91265, 6.68722, 1.45827, -3.47907, 0.56088, -0.06953, 2.75015, 0.13308, 2.28128, -0.6687, -12.12069, -2.77336, 11.33375, 2.42608, 1.84227, -11.43794]"
43,sub11,scratch,3,sub11-b1__0124__throw.npy,18,throw,18,0.9877958,1,"[1.63158, -3.01258, -3.13701, 1.46081, -12.38888, -0.57934, 4.53236, 6.88001, 2.3873, -4.96299, -0.5554, -0.93958, 0.57749, 1.51196, 1.57612, -0.23803, -12.95824, -2.2038, 11.39991, 1.01355, 0.11003, -9.11122]"
43,sub11,scratch,3,sub11-b1__0126__throw.npy,18,throw,18,0.99176824,1,"[1.56362, -4.80815, -2.34277, 0.56041, -11.21284, -0.82048, 4.67904, 6.81623, 1.84496, -4.25332, -0.80099, -0.43322, 2.12477, 0.87756, 1.74637, -0.66203, -13.1638, -2.12529, 11.76147, 2.03344, 1.54944, -10.28785]"
43,sub11,scratch,3,sub11-b2__0001__walk.npy,20,walk,9,0.56526715,0,"[3.43511, -8.04368, 4.61106, 1.11243, 0.52904, -3.83691, 0.44238, -0.74492, -1.57845, 7.50233, 3.35688, -2.10591, -2.46905, -3.51706, -1.94847, 4.58569, -4.90588, -5.51661, -0.36911, 5.48023, 6.78829, -8.42853]"
43,sub11,scratch,3,sub11-b2__0002__turnaround.npy,19,turnaround,19,0.94690335,1,"[6.59958, -2.52274, 2.71613, -4.79849, -1.93205, -5.80693, 10.51591, 1.42868, -7.19645, 2.22558, -0.66367, -0.10212, -2.9846, -4.00973, 6.91704, 2.83482, -12.6636, -9.36099, 4.05824, 13.44656, 3.25805, -16.02094]"
43,sub11,scratch,3,sub11-b2__0003__walk.npy,20,walk,13,0.5457163,0,"[6.77699, 4.50798, -8.49128, -1.39989, 2.93484, 1.55461, 3.44409, -0.81979, -16.12454, 9.30001, 10.38139, -8.43585, -2.32824, 10.95799, 8.17639, -7.73838, 1.32048, -4.24117, 0.11835, -2.055, 2.7231, -10.10886]"
43,sub11,scratch,3,sub11-b2__0004__turnaround.npy,19,turnaround,19,0.898873,1,"[3.61166, -5.93466, 1.54846, -0.58415, -0.87839, -1.71322, 7.36342, 1.45936, -6.04319, 2.24263, 0.18494, -3.11743, -2.9812, -1.25981, 3.66701, 3.72399, -9.1182, -4.57098, 0.19045, 9.97729, 6.55852, -11.38823]"
43,sub11,scratch,3,sub11-b2__0005__walk.npy,20,walk,9,0.8321778,0,"[3.09776, -8.33998, 2.12193, -0.04495, 5.79998, -2.40915, 4.54584, -0.99785, -7.51575, 9.37358, 2.32488, -5.23653, -0.55891, 1.07487, 1.94335, 2.06796, -4.02719, -2.57831, -2.07141, 5.94911, 7.31693, -11.07618]"
43,sub11,scratch,3,sub11-b2__0006__turnaround.npy,19,turnaround,6,0.67815256,0,"[9.32071, 2.81148, -1.65024, -2.73867, 3.21353, -5.54928, 10.21881, -0.61175, -11.64772, 6.3372, 2.73165, -7.40736, -6.49289, 3.8958, 6.93962, -1.32793, -8.33734, -4.2031, 1.09438, 4.45422, 3.90875, -12.69865]"
43,sub11,scratch,3,sub11-b2__0007__walk.npy,20,walk,10,0.5701751,0,"[5.04682, 4.87885, -8.809, -0.99383, 0.53458, 4.21951, 1.39784, -0.70618, -14.85184, 8.99197, 11.07442, -7.00647, -0.30111, 10.53274, 7.88629, -7.48889, 3.41771, -4.28318, -0.51213, -2.40369, 1.89946, -9.42683]"
43,sub11,scratch,3,sub11-b2__0008__turnaround.npy,19,turnaround,19,0.9007461,1,"[3.35196, -5.88331, 0.75544, -1.43336, 0.50039, -1.46819, 8.07929, 2.35215, -7.0278, 3.24381, -0.58773, -2.73819, -2.19081, -0.88099, 3.53999, 3.36843, -8.31965, -5.04032, 0.95885, 10.4491, 6.08656, -12.80004]"
43,sub11,scratch,3,sub11-b2__0009__walk.npy,20,walk,9,0.58100474,0,"[3.19909, -7.30584, 3.64612, -1.21715, 6.61937, -3.50494, 4.08005, -1.8554, -6.51994, 8.80337, 1.82518, -5.21719, 0.54076, -0.16812, 2.32635, 0.76, -4.83365, -1.40764, -2.07516, 5.78879, 8.18323, -10.36004]"
43,sub11,scratch,3,sub11-b2__0010__turnaround.npy,19,turnaround,6,0.74650925,0,"[8.54308, 1.48979, -1.63875, -2.81985, 3.14462, -4.43624, 9.88275, 0.12161, -11.23145, 6.01994, 1.8828, -6.90793, -5.52326, 3.55599, 6.48889, -0.8814, -8.2144, -4.18751, 1.2853, 5.59118, 4.68923, -13.21366]"
43,sub11,scratch,3,sub11-b2__0011__walk.npy,20,walk,5,0.520803,0,"[-0.71628, 4.36397, -7.69673, -0.11933, -3.76854, 10.67888, -2.71813, 0.33471, -11.4393, 6.95623, 10.34482, -1.64748, 3.45242, 7.90219, 6.04506, -7.05053, 8.4276, -1.49466, -1.89083, -3.14236, 1.36599, -7.14673]"
43,sub11,scratch,3,sub11-b2__0012__turnaround.npy,19,turnaround,19,0.8716116,1,"[3.42587, -5.26724, -0.681, -2.69445, 1.45935, -1.08638, 8.59989, 3.03059, -8.68209, 4.81395, -0.3314, -2.49913, -1.16446, -0.22464, 4.65764, 2.22162, -7.02923, -5.91401, 1.90444, 10.60901, 5.44316, -14.18431]"
43,sub11,scratch,3,sub11-b2__0013__walk.npy,20,walk,20,0.47555006,1,"[4.29778, -5.80027, 3.3957, -2.54799, 7.0181, -4.39663, 4.63956, -2.10059, -7.26541, 8.5623, 2.28771, -5.92169, 0.82031, -0.06869, 3.74178, -0.76621, -5.81187, -1.30423, -1.09671, 5.46198, 8.73359, -10.86065]"
43,sub11,scratch,3,sub11-b2__0014__turnaround.npy,19,turnaround,6,0.82655865,0,"[8.14956, 1.41162, -0.93113, -2.64199, 2.82126, -3.88111, 9.97986, 0.68383, -10.17629, 5.40298, 0.47506, -6.14117, -6.10913, 2.85047, 5.44547, 0.50151, -8.42013, -3.25992, 1.14897, 6.1254, 4.69768, -13.26197]"
43,sub11,scratch,3,sub11-b2__0015__walk.npy,20,walk,5,0.9699562,0,"[-2.11202, 3.66144, -5.23157, 0.55475, -4.89425, 11.80658, -2.75526, 1.36915, -8.86721, 4.80098, 6.42567, 1.52085, 2.73124, 5.72798, 3.92029, -5.38366, 7.99853, 1.04098, -2.58035, -2.97068, 2.59991, -6.11758]"
43,sub11,scratch,3,sub11-b2__0016__turnaround.npy,19,turnaround,19,0.75859004,1,"[3.91222, -4.85142, -0.75089, -2.78202, 1.57723, -1.49092, 8.82438, 2.67705, -8.85871, 5.20929, 0.01, -3.1287, -1.04483, 0.20363, 5.02857, 1.8902, -7.4118, -5.587, 1.88213, 10.05292, 5.14127, -14.36098]"
43,sub11,scratch,3,sub11-b2__0017__walk.npy,20,walk,20,0.685749,1,"[5.07895, -5.09674, 3.18052, -2.80587, 5.57888, -4.34055, 5.19036, -2.0464, -7.64411, 7.74086, 3.11586, -6.20382, 0.65532, 0.28702, 4.63777, -1.42158, -6.99519, -1.16871, -0.29324, 5.1056, 8.859, -11.55008]"
43,sub11,scratch,3,sub11-b2__0018__turnaround.npy,19,turnaround,6,0.8608922,0,"[7.66914, 0.28014, -0.54266, -2.82692, 3.27408, -3.66719, 10.05951, 1.09643, -10.06638, 5.37678, -0.18832, -5.88014, -5.89792, 2.58501, 5.10037, 0.83301, -8.40965, -2.93919, 1.49625, 6.8959, 5.37154, -13.57829]"
43,sub11,scratch,3,sub11-b2__0019__walk.npy,20,walk,5,0.985698,0,"[-1.62178, -0.10234, -3.29971, 0.20987, -5.22039, 10.37534, -1.07662, 1.97775, -7.49058, 3.73754, 3.78936, 2.93368, 3.25114, 4.0192, 3.32202, -4.42014, 4.17679, 1.52577, -1.56043, -1.12697, 5.13994, -7.40377]"
43,sub11,scratch,3,sub11-b2__0020__turnaround.npy,19,turnaround,19,0.5652271,1,"[4.60516, -3.84544, -1.1538, -3.2858, 2.61627, -1.76068, 9.21026, 2.21437, -10.13758, 6.10481, 0.44881, -3.74047, -1.0515, 1.12225, 5.70135, 0.93039, -7.03208, -5.77032, 1.85134, 9.56969, 4.8993, -14.8439]"
43,sub11,scratch,3,sub11-b2__0021__hop.npy,9,hop,9,0.66150486,1,"[4.69118, -5.36189, 0.17802, -4.59046, 13.56849, -4.64358, 4.85166, -2.47679, -12.69101, 14.24755, 4.17499, -7.34176, -0.245, 3.76104, 3.71537, -3.19888, 0.51108, -2.30275, 0.1824, 3.60191, 8.80617, -11.3934]"
43,sub11,scratch,3,sub11-b2__0022__hop.npy,9,hop,9,0.6102652,1,"[5.14324, -4.60525, -0.75196, -4.31646, 14.21332, -4.59296, 5.07015, -2.54595, -13.57103, 14.66475, 4.28661, -7.9575, -1.26139, 4.68678, 4.05723, -2.99055, 1.16393, -2.41069, -0.25558, 3.06235, 8.26362, -10.99644]"
43,sub11,scratch,3,sub11-b2__0023__hop.npy,9,hop,4,0.5348716,0,"[5.0107, -5.10666, 0.14579, -4.49891, 14.53091, -5.33839, 5.2233, -2.65321, -12.68167, 14.38762, 3.49731, -7.38749, -1.34228, 3.39787, 3.5717, -2.49474, 0.60708, -1.92758, -0.24515, 3.57794, 8.67846, -10.76594]"
43,sub11,scratch,3,sub11-b2__0024__hop.npy,9,hop,9,0.64120096,1,"[5.25286, -5.19753, -0.69382, -4.39094, 14.28181, -4.73189, 5.04831, -2.49126, -13.65552, 14.86656, 4.58231, -7.98717, -1.02761, 4.64052, 3.98932, -3.18844, 0.87964, -2.0989, 0.18468, 3.07416, 8.70681, -11.5716]"
43,sub11,scratch,3,sub11-b2__0025__hop.npy,9,hop,9,0.70963234,1,"[5.17304, -5.30493, -0.37941, -4.72275, 13.70047, -4.58886, 5.06444, -2.57009, -13.27208, 14.6031, 4.65794, -7.47026, -0.69898, 3.86414, 3.97328, -3.17163, 0.68153, -2.34525, 0.51688, 3.55622, 8.92364, -11.84571]"
43,sub11,scratch,3,sub11-b2__0026__hop.npy,9,hop,9,0.46151158,1,"[7.31039, -3.22322, 1.48626, -3.74027, 6.13848, -5.40553, 6.29816, -2.5809, -10.4322, 8.72133, 5.08106, -7.23055, -0.59133, 1.68709, 6.61121, -2.82088, -7.07816, -2.38211, 0.4002, 4.37932, 8.20417, -12.50571]"
43,sub11,scratch,3,sub11-b2__0027__hop.npy,9,hop,9,0.49015924,1,"[7.15424, -3.73906, 1.39136, -3.70776, 6.68084, -5.42673, 6.22086, -2.46927, -10.40149, 8.99311, 4.89391, -7.43914, -0.65465, 1.72047, 6.32628, -2.58365, -6.89318, -2.19796, 0.55959, 4.54149, 8.51567, -12.61879]"
43,sub11,scratch,3,sub11-b2__0029__hop.npy,9,hop,9,0.76279217,1,"[7.43569, -3.10401, 1.3018, -4.09069, 8.04242, -5.86618, 6.41378, -3.00704, -11.78158, 10.30958, 5.3626, -7.17421, -0.9952, 2.1103, 6.63883, -3.08808, -5.61282, -2.87039, -0.12953, 4.2208, 7.95871, -12.5297]"
43,sub11,scratch,3,sub11-b2__0030__hop.npy,9,hop,9,0.503553,1,"[7.58941, -2.95122, 1.43831, -3.80605, 6.46019, -5.8053, 6.59336, -2.71236, -10.83156, 8.91709, 5.17292, -7.29777, -0.94516, 1.84909, 6.79725, -2.97457, -7.05322, -2.51255, 0.31617, 4.30825, 7.95431, -12.51745]"
43,sub11,scratch,3,sub11-b2__0031__runonspot.npy,13,runonspot,4,0.9622553,0,"[6.7761, 5.9739, -6.49732, -0.84368, 15.79387, -6.78442, 6.2471, -1.59161, -16.02557, 9.86888, -0.46963, -9.96665, -6.68138, 12.47018, 7.62376, -4.10294, 3.17215, -3.17484, -3.02921, -2.39522, 0.1377, -4.6307]"
43,sub11,scratch,3,sub11-b2__0032__runonspot.npy,13,runonspot,13,0.7776123,1,"[5.12963, 6.24253, -5.72772, -0.08803, 12.46823, -4.58525, 6.16274, -0.18128, -14.6162, 7.12783, -0.57579, -10.72435, -4.31808, 13.73127, 6.26346, -5.19876, 1.21198, -3.10279, -2.43636, -2.86803, 0.11166, -4.46426]"
43,sub11,scratch,3,sub11-b2__0033__runonspot.npy,13,runonspot,13,0.6866659,1,"[5.0287, 5.53866, -5.20603, -0.24853, 12.63817, -4.89937, 6.23945, -0.01765, -14.21704, 7.16077, -0.95263, -10.80272, -4.51796, 13.43102, 5.83721, -4.90016, 0.87162, -2.72608, -1.95722, -2.67638, 0.7146, -4.49387]"
43,sub11,scratch,3,sub11-b2__0034__runonspot.npy,13,runonspot,13,0.79313534,1,"[5.34862, 6.2581, -4.91074, -0.10942, 11.65378, -5.48834, 6.63388, -0.28481, -13.88718, 6.33016, -1.02805, -10.36855, -4.78601, 13.02102, 6.48702, -4.9321, -0.08153, -2.84898, -2.12076, -2.79178, 0.15671, -4.11653]"
43,sub11,scratch,3,sub11-b2__0035__runonspot.npy,13,runonspot,13,0.51821697,1,"[5.99606, 5.40759, -5.53251, -0.43526, 12.95212, -5.65813, 6.55918, -0.48446, -14.81493, 7.58037, -0.60681, -10.70552, -5.10025, 13.03514, 6.90054, -4.66152, 0.40842, -3.17455, -2.15528, -2.29759, 0.68539, -4.90544]"
43,sub11,scratch,3,sub11-b2__0038__buttkicks.npy,4,buttkicks,4,0.93018013,1,"[9.60199, -1.44716, -3.89349, -4.04084, 19.86663, -8.7605, 6.52665, -4.916, -16.62812, 17.27663, 3.37249, -8.19612, -7.00621, 4.42822, 7.10281, -1.25414, 3.00867, -2.47671, -2.52126, 2.5162, 6.32468, -10.56432]"
43,sub11,scratch,3,sub11-b2__0039__buttkicks.npy,4,buttkicks,4,0.9133421,1,"[9.57583, -1.49775, -4.15091, -4.30637, 19.94213, -8.59044, 6.74531, -4.91569, -17.18345, 17.58657, 3.18016, -6.98637, -6.88576, 3.93709, 7.83444, -1.39877, 3.70654, -2.80015, -2.82322, 2.69149, 5.90814, -10.59961]"
43,sub11,scratch,3,sub11-b2__0040__buttkicks.npy,4,buttkicks,4,0.9630527,1,"[9.22593, -2.21569, -4.20315, -4.25563, 20.99135, -8.69055, 6.56606, -4.83795, -16.9285, 17.73048, 2.80073, -7.95676, -6.53965, 4.37957, 6.90074, -1.21808, 3.7405, -2.36854, -2.40282, 2.63292, 6.56901, -10.4711]"
43,sub11,scratch,3,sub11-b2__0041__airkick.npy,0,airkick,4,0.6390422,0,"[10.13101, 1.2487, -2.33936, -3.33861, 11.97157, -8.83912, 8.34333, -2.99601, -15.05543, 10.83449, 2.68766, -8.37157, -5.54401, 6.44921, 9.05464, -3.65517, -4.15333, -3.89532, -1.45723, 1.52952, 4.47707, -9.58503]"
43,sub11,scratch,3,sub11-b2__0042__airkick.npy,0,airkick,0,0.3319442,1,"[10.7732, 3.31001, -2.80126, -2.97092, 10.19954, -8.39257, 8.33962, -3.22629, -15.66365, 10.49508, 3.81985, -7.53256, -6.80807, 6.65266, 10.23867, -4.08834, -3.59342, -3.71683, -1.99987, 0.23404, 3.01522, -9.05361]"
43,sub11,scratch,3,sub11-b2__0043__airkick.npy,0,airkick,0,0.4635725,1,"[10.87755, 3.00314, -2.14091, -2.71526, 8.10041, -8.60742, 9.06959, -2.80104, -14.81706, 9.35087, 3.39152, -7.12585, -7.26568, 6.64611, 10.51771, -3.9198, -5.06859, -2.89663, -1.36862, 0.0936, 3.06685, -8.94078]"
43,sub11,scratch,3,sub11-b2__0045__airkick.npy,0,airkick,0,0.6450094,1,"[11.29274, 3.14151, -1.10431, -3.00069, 7.73399, -8.03677, 9.01479, -3.59334, -14.24652, 9.07416, 4.06643, -6.48422, -7.3288, 4.08832, 10.11563, -3.18211, -5.56712, -2.3399, -1.81212, 0.98496, 3.97822, -9.88285]"
43,sub11,scratch,3,sub11-b2__0046__airkick.npy,0,airkick,0,0.67364925,1,"[11.34093, 2.76247, -1.0101, -2.97778, 8.78027, -9.16553, 9.20639, -3.60023, -13.80849, 9.01977, 2.93059, -6.96671, -7.85988, 4.19101, 9.67328, -2.7, -5.91231, -2.2533, -1.65347, 1.16551, 4.21957, -9.0962]"
43,sub11,scratch,3,sub11-b2__0048__sidekick.npy,14,sidekick,14,0.49541715,1,"[9.14141, 1.8512, 2.27992, -4.03867, 5.84561, -8.53535, 8.2372, -4.36408, -10.59638, 7.53289, 3.0075, -4.14624, -3.51706, -0.30905, 9.62867, -2.94121, -7.42177, -2.63701, -1.97266, 3.11445, 4.48039, -9.12749]"
43,sub11,scratch,3,sub11-b2__0049__sidekick.npy,14,sidekick,14,0.3610273,1,"[8.33712, 1.17631, 3.61124, -3.85256, 4.73291, -8.79189, 8.42006, -4.29736, -8.88408, 6.11458, 2.24428, -3.71746, -3.01709, -1.25294, 8.58436, -2.47576, -8.66868, -2.03464, -1.79036, 3.30733, 4.67415, -8.16887]"
43,sub11,scratch,3,sub11-b2__0050__sidekick.npy,14,sidekick,14,0.3834395,1,"[8.37448, 0.38902, 3.56638, -4.01595, 4.29605, -8.25064, 8.37091, -4.14346, -9.15342, 6.38282, 2.87416, -3.91757, -2.5729, -1.27317, 8.69713, -2.47977, -8.93778, -1.9845, -1.41793, 3.74632, 5.33475, -9.16106]"
43,sub11,scratch,3,sub11-b2__0051__sidekick.npy,14,sidekick,14,0.46588278,1,"[9.43603, 2.0683, 1.21578, -4.07005, 7.26363, -8.71095, 7.9935, -4.58185, -11.37802, 8.49441, 3.31048, -4.81713, -3.81909, 0.28613, 9.86031, -3.08757, -6.36667, -2.92418, -1.85597, 2.95996, 4.52661, -9.27557]"
43,sub11,scratch,3,sub11-b2__0053__crosstoe.npy,6,crosstoe,14,0.66175586,0,"[7.65354, -1.56566, -1.10651, -4.46374, -3.42489, -4.73253, 12.42947, 0.15698, -12.64447, 3.36312, 5.13555, 1.06641, -1.37145, -0.56259, 13.11011, -4.31739, -10.05681, -6.13204, 2.49078, 4.18508, 0.09377, -11.8902]"
43,sub11,scratch,3,sub11-b2__0054__crosstoe.npy,6,crosstoe,14,0.7413654,0,"[7.71272, -0.45214, -1.15161, -4.52036, -3.73091, -4.52089, 12.2422, 0.04585, -12.52445, 3.0812, 4.96953, 1.17493, -1.48551, -0.65198, 13.30717, -4.12906, -9.9847, -6.80019, 1.9747, 4.17317, -0.56337, -11.66957]"
43,sub11,scratch,3,sub11-b2__0055__crosstoe.npy,6,crosstoe,14,0.6838696,0,"[7.72042, -2.02154, -0.73324, -4.50653, -3.36897, -5.32392, 12.34665, -0.10998, -11.6684, 3.05417, 4.41281, 1.06137, -1.45185, -1.64049, 13.12917, -3.28883, -10.72873, -6.16382, 2.21505, 5.01944, 0.45793, -11.46712]"
43,sub11,scratch,3,sub11-b2__0056__crosstoe.npy,6,crosstoe,6,0.5852416,1,"[7.24878, -2.17787, -0.11512, -4.31737, -4.61345, -4.21978, 12.9264, 0.55615, -12.13679, 1.96334, 4.30456, 2.556, -1.01705, -1.33725, 12.57668, -4.18738, -10.99763, -5.13411, 2.24609, 3.93035, 0.35447, -11.77921]"
43,sub11,scratch,3,sub11-b2__0057__crosstoe.npy,6,crosstoe,6,0.6894736,1,"[7.10672, -1.32948, -0.10795, -4.18461, -4.6838, -4.29348, 13.12082, 0.47447, -12.15892, 1.68041, 4.06619, 2.89347, -1.4127, -0.96707, 12.31719, -4.53853, -10.637, -4.96601, 2.04552, 3.16019, -0.13664, -11.0926]"
43,sub11,scratch,3,sub11-b2__0058__throw.npy,18,throw,6,0.61626863,0,"[4.57779, -5.38002, 0.82868, -3.82109, 1.84291, -7.39539, 9.55284, 2.24667, -6.17627, 2.35488, 0.10571, -4.07299, -2.33555, -2.11674, 5.9053, 1.37657, -10.5114, -7.08983, 5.8251, 8.97119, 4.09685, -11.27291]"
43,sub11,scratch,3,sub11-b2__0059__throw.npy,18,throw,18,0.6101043,1,"[0.74099, -9.34286, 3.11507, 1.00145, -4.60375, -4.60451, 3.37284, 0.37846, 1.42929, -1.33527, 2.59739, -2.09266, 1.52262, -2.56648, 2.09666, 0.86584, -9.14353, -1.40837, 6.03284, 1.05781, 5.1482, -4.36555]"
43,sub11,scratch,3,sub11-b2__0061__throw.npy,18,throw,18,0.70786375,1,"[1.88065, -9.82324, 2.91468, 0.59053, -5.01906, -4.86391, 4.25711, 0.92715, 0.3894, -1.21091, 3.08444, -1.9364, 1.0189, -2.81471, 2.9544, 0.99221, -10.39265, -1.56055, 6.61913, 1.54789, 5.04906, -6.36093]"
43,sub11,scratch,3,sub11-b2__0062__throw.npy,18,throw,18,0.7243178,1,"[1.70262, -9.15772, 3.52925, 0.02479, -4.13056, -7.64299, 4.74016, -0.37232, 2.9754, -1.66447, 1.09882, -1.10231, 0.63517, -4.90316, 2.75219, 1.88028, -11.11488, -0.53643, 6.74147, 1.90515, 4.71816, -3.9748]"
43,sub11,scratch,3,sub11-b2__0063__throw.npy,18,throw,18,0.8619063,1,"[1.08702, -10.77738, 1.53729, 0.85848, -5.08194, -2.02068, 3.87977, 3.44311, -1.57913, -0.97175, 2.97026, -1.51347, 1.27247, -1.09074, 2.80172, 0.40125, -8.80957, -1.11115, 7.36608, 1.07889, 4.77166, -8.0345]"
43,sub11,scratch,3,sub11-b2__0064__walk.npy,20,walk,20,0.74131864,1,"[3.98496, -8.45909, 1.84954, -0.38671, 0.00434, -5.45907, 4.02395, -1.23032, -3.2377, 3.66124, 5.05101, -3.26424, -0.19418, -1.88402, 3.47269, -0.24467, -7.53035, -2.44243, 3.52759, 1.43021, 7.00737, -7.31668]"
43,sub11,scratch,3,sub11-b2__0065__turnaround.npy,19,turnaround,19,0.46943653,1,"[3.07381, -9.76125, 4.2367, -2.21396, 2.17974, -6.89007, 3.87857, -0.45088, 2.20705, 1.76468, -2.33342, -1.91707, -2.2583, -6.9978, 0.80947, 7.0037, -7.93709, -2.39484, 4.97057, 7.28707, 5.48228, -6.77468]"
43,sub11,scratch,3,sub11-b2__0066__walk.npy,20,walk,8,0.654735,0,"[-5.16751, -10.29905, 5.95051, 0.60405, -1.48833, 1.58899, -3.34635, 0.81125, 7.99306, -1.75774, -5.23454, 4.47726, 5.89493, -6.48158, -4.24097, 4.03514, -0.97288, 5.6232, 2.69532, 1.73647, 5.89199, -1.61315]"
43,sub11,scratch,3,sub11-b2__0067__turnaround.npy,19,turnaround,19,0.9830494,1,"[2.65417, -6.74244, 3.78496, -3.0712, 0.9513, -4.34361, 4.36334, 0.14648, -0.59306, 1.63939, -0.62729, -1.99364, 0.40129, -6.25382, 3.35697, 4.47059, -8.64386, -6.49412, 2.93315, 10.61279, 6.03453, -10.5781]"
43,sub11,scratch,3,sub11-b2__0068__walk.npy,20,walk,20,0.59317714,1,"[4.47992, -7.96848, 1.74568, -0.57921, -0.13336, -5.61314, 4.21336, -1.29927, -3.65243, 3.68261, 5.43236, -3.34542, -0.36048, -1.81187, 3.91462, -0.53689, -7.60261, -2.87905, 3.79017, 1.33138, 6.6527, -7.70762]"
43,sub11,scratch,3,sub11-b2__0069__turnaround.npy,19,turnaround,15,0.41539845,0,"[1.43765, -10.49904, 4.87984, -1.84515, 0.33394, -5.06397, 2.85264, 0.2379, 3.6559, 0.66256, -2.72419, -0.40976, -0.80733, -7.65358, 0.08001, 7.11274, -7.54842, -1.65806, 5.01264, 7.06457, 5.33919, -6.47841]"
43,sub11,scratch,3,sub11-b2__0070__walk.npy,20,walk,8,0.68585306,0,"[-5.03782, -10.25148, 5.95543, 0.59548, -1.81145, 1.53442, -3.34126, 0.77474, 8.09239, -1.82739, -5.03868, 4.42249, 5.89737, -6.5999, -4.00208, 4.08274, -1.22522, 5.53513, 2.70856, 1.75563, 5.77235, -1.67068]"
43,sub11,scratch,3,sub11-b2__0071__turnaround.npy,19,turnaround,19,0.97925013,1,"[2.47616, -6.6283, 3.59921, -3.41126, 1.18626, -4.33933, 4.04377, 0.07197, -0.8083, 1.80764, -0.57492, -1.55789, 1.04935, -6.4317, 3.9119, 3.88462, -7.95426, -6.2925, 2.93134, 10.36992, 6.08263, -10.49989]"
43,sub11,scratch,3,sub11-b2__0073__turnaround.npy,19,turnaround,19,0.43543267,1,"[1.87413, -10.55858, 4.6982, -1.98016, 0.73904, -5.55871, 3.37694, 0.11532, 3.10224, 1.05791, -2.43897, -0.68001, -1.14807, -7.50538, 0.4742, 7.13746, -7.78921, -2.12685, 5.06682, 7.24082, 5.37273, -6.75641]"
43,sub11,scratch,3,sub11-b2__0074__walk.npy,20,walk,8,0.66896003,0,"[-5.04459, -10.16715, 6.00056, 0.60497, -1.65436, 1.60066, -3.46451, 0.69857, 8.06556, -1.75034, -5.00514, 4.36926, 5.97661, -6.5648, -4.03012, 4.03593, -1.08346, 5.58705, 2.54085, 1.75175, 5.84819, -1.64885]"
43,sub11,scratch,3,sub11-b2__0075__turnaround.npy,19,turnaround,19,0.9776523,1,"[2.83982, -5.96311, 2.92712, -3.70467, 2.06072, -4.45264, 4.44829, -0.05593, -2.04991, 2.32665, -0.39743, -1.66601, 1.17508, -5.83124, 4.65413, 2.96142, -7.42672, -6.58757, 2.71585, 10.15115, 5.70913, -10.90752]"
43,sub11,scratch,3,sub11-b2__0076__walk.npy,20,walk,20,0.47137502,1,"[4.83262, -7.66276, 1.64471, -0.85772, 0.0821, -5.85322, 4.27377, -1.45426, -4.14338, 4.05689, 5.85142, -3.34227, -0.2922, -1.71871, 4.25909, -0.9782, -7.41121, -3.30424, 3.85941, 1.2729, 6.48242, -7.95468]"
43,sub11,scratch,3,sub11-b2__0077__turnaround.npy,19,turnaround,19,0.4073093,1,"[1.88366, -10.28906, 4.83392, -1.96622, 0.75691, -5.62807, 3.24136, 0.14796, 3.33543, 0.79908, -2.73956, -0.71554, -1.28786, -7.51215, 0.18592, 7.01401, -7.76549, -1.62059, 5.10921, 7.06414, 5.43798, -6.53902]"
43,sub11,scratch,3,sub11-b2__0078__walk.npy,20,walk,8,0.719275,0,"[-4.96036, -10.37147, 6.01525, 0.669, -1.87382, 1.32514, -3.318, 0.6729, 8.33096, -1.95086, -5.08588, 4.32394, 5.90747, -6.70016, -3.89676, 4.2718, -1.54641, 5.79811, 2.65855, 1.75842, 5.82039, -1.60749]"
43,sub11,scratch,3,sub11-b2__0079__turnaround.npy,19,turnaround,19,0.98025036,1,"[3.19772, -7.05284, 2.61715, -3.82171, 2.62294, -5.24991, 4.65449, -0.10464, -1.91754, 3.07599, -0.20272, -2.1239, 0.60803, -6.2328, 4.7263, 3.68669, -7.63378, -6.432, 3.18136, 10.56227, 6.03854, -10.87742]"
43,sub11,scratch,3,sub11-b2__0080__walk.npy,20,walk,20,0.49247098,1,"[4.59489, -7.85721, 1.9399, -0.71741, -0.33611, -5.89385, 4.26837, -1.35778, -3.48244, 3.57671, 5.58383, -3.3212, -0.28929, -1.93683, 3.91718, -0.65421, -7.77069, -3.06211, 4.14919, 1.27822, 6.36582, -7.79069]"
43,sub11,scratch,3,sub11-b2__0081__turnaround.npy,19,turnaround,15,0.41038895,0,"[1.54454, -10.33283, 5.10406, -1.94013, 0.26701, -5.03938, 2.71524, 0.17638, 3.63038, 0.83446, -2.52386, -0.20558, -0.87903, -7.85216, 0.13028, 7.07835, -7.27508, -1.7992, 5.00535, 7.0321, 5.26039, -6.64607]"
43,sub11,scratch,3,sub11-b2__0082__walk.npy,20,walk,8,0.6376904,0,"[-4.90668, -10.20438, 5.96168, 0.56537, -1.48426, 1.47788, -3.31033, 0.66997, 7.9694, -1.69316, -5.04945, 4.22642, 5.91075, -6.54547, -3.92029, 4.05526, -1.29571, 5.75984, 2.44831, 1.88293, 6.02764, -1.78672]"
43,sub11,scratch,3,sub11-b2__0084__hop.npy,9,hop,20,0.5407985,0,"[4.02282, -8.77658, 1.59683, -0.83372, 1.91176, -5.84347, 4.28311, -1.53735, -4.75157, 5.46914, 5.89098, -3.75837, -0.63186, -1.04978, 2.98267, -0.80013, -5.91374, -2.95441, 4.10952, 1.07371, 6.87857, -7.97563]"
43,sub11,scratch,3,sub11-b2__0085__hop.npy,9,hop,9,0.4342477,1,"[2.99143, -9.49865, 0.97984, -1.16838, 4.21011, -5.13274, 3.39467, -1.52195, -5.53071, 7.38206, 5.97937, -3.92531, -0.66482, -0.35612, 1.71373, -0.90608, -2.83003, -2.57648, 4.33882, 0.6713, 7.30796, -7.51469]"
43,sub11,scratch,3,sub11-b2__0086__hop.npy,9,hop,9,0.5931338,1,"[2.98484, -9.70944, 0.51326, -0.99106, 5.0974, -4.84289, 3.32845, -1.46946, -5.94752, 8.00552, 5.83127, -4.22535, -1.14935, -0.03862, 1.41516, -0.5353, -1.99275, -2.41665, 4.15687, 0.56584, 7.26539, -7.61961]"
43,sub11,scratch,3,sub11-b2__0087__hop.npy,9,hop,9,0.5509844,1,"[2.78862, -9.78696, 0.49929, -1.07297, 5.5959, -5.30398, 3.44839, -1.60257, -5.7961, 8.08698, 5.55233, -4.30973, -1.00445, -0.03568, 1.17074, -0.71134, -2.23591, -2.30639, 4.12079, 0.63618, 7.603, -7.27122]"
43,sub11,scratch,3,sub11-b2__0088__hop.npy,9,hop,9,0.80727434,1,"[2.8138, -9.93816, 0.38114, -1.56218, 6.84422, -5.37388, 3.32088, -1.81252, -6.76843, 9.49939, 5.92775, -3.98883, -1.12162, 0.18308, 1.146, -1.03484, -0.57605, -2.44732, 4.07107, 0.4204, 7.47404, -7.36255]"
43,sub11,scratch,3,sub11-b2__0090__jump.npy,10,jump,20,0.40639585,0,"[4.8458, -7.40244, 2.19212, -0.48887, -1.04203, -6.26501, 4.56773, -1.4303, -2.60941, 2.73188, 5.11857, -3.36297, -0.98634, -2.26126, 3.56188, -0.02311, -8.6382, -2.99952, 4.55014, 1.19004, 5.93272, -7.52184]"
43,sub11,scratch,3,sub11-b2__0091__jump.npy,10,jump,20,0.33775318,0,"[5.11133, -7.14776, 2.09748, -0.63815, -0.78729, -6.59095, 4.80141, -1.37681, -2.89954, 2.91445, 5.15698, -3.58013, -1.30442, -2.06282, 3.74284, -0.1686, -8.71693, -3.19235, 4.69004, 1.17047, 5.79546, -7.65129]"
43,sub11,scratch,3,sub11-b2__0092__jump.npy,10,jump,20,0.30619815,0,"[5.06197, -7.18605, 1.86931, -0.61144, -0.6631, -6.49856, 4.81418, -1.40838, -3.33794, 3.20589, 5.51044, -3.71131, -1.15593, -1.70056, 3.89644, -0.50101, -8.50791, -3.3661, 4.64078, 1.01566, 5.75808, -7.75454]"
43,sub11,scratch,3,sub11-b2__0093__jump.npy,10,jump,20,0.31396288,0,"[5.06018, -7.24062, 1.90279, -0.64042, -0.92134, -6.29014, 4.73469, -1.35117, -3.3112, 3.05467, 5.59052, -3.57497, -0.98963, -1.82177, 3.96025, -0.54491, -8.53114, -3.36211, 4.63765, 1.06421, 5.80907, -7.82805]"
43,sub11,scratch,3,sub11-b2__0094__jump.npy,10,jump,20,0.32125968,0,"[5.01156, -7.28645, 2.02257, -0.77078, -0.69498, -6.51023, 4.72983, -1.37645, -3.13992, 3.08891, 5.40358, -3.54862, -1.10872, -2.00491, 3.82232, -0.3505, -8.45161, -3.22936, 4.8397, 1.12159, 5.7928, -7.76805]"
43,sub11,scratch,3,sub11-b2__0097__runonspot.npy,13,runonspot,14,0.29029742,0,"[6.12742, -3.89846, -3.92083, 0.94184, 2.74085, -4.95686, 5.73432, 0.77207, -10.13711, 5.05153, 5.90031, -6.93114, -3.07191, 6.76986, 6.80602, -3.81848, -5.26597, -5.85699, 2.90728, -2.10564, 2.2324, -7.25137]"
43,sub11,scratch,3,sub11-b2__0098__runonspot.npy,13,runonspot,13,0.41703838,1,"[5.98503, -3.03224, -4.34287, 0.99076, 2.68432, -4.81369, 5.64351, 0.75493, -10.40004, 4.81063, 6.08462, -7.19379, -2.6781, 7.48327, 7.09186, -4.50731, -5.02413, -6.07005, 2.76989, -2.50248, 1.77763, -7.00713]"
43,sub11,scratch,3,sub11-b2__0099__runonspot.npy,13,runonspot,13,0.45719305,1,"[6.32214, -3.32935, -4.80927, 0.75015, 3.68843, -4.5308, 5.69372, 1.25144, -11.49558, 5.7291, 5.83643, -6.94009, -3.58843, 7.83365, 7.26413, -4.10422, -3.93785, -6.02386, 2.64633, -2.5705, 1.5601, -7.3824]"
43,sub11,scratch,3,sub11-b2__0100__runonspot.npy,13,runonspot,14,0.29390734,0,"[5.94545, -3.90874, -3.85788, 0.62561, 2.75749, -4.78275, 5.60337, 0.71942, -10.14199, 5.11604, 6.22161, -6.85379, -2.39338, 6.61255, 6.78356, -4.16669, -5.03605, -6.01049, 3.20057, -2.01947, 2.24011, -7.58227]"
43,sub11,scratch,3,sub11-b2__0101__runonspot.npy,13,runonspot,13,0.5311061,1,"[5.37913, -3.07004, -4.44227, 1.35136, 2.62665, -3.68329, 5.39151, 1.04822, -10.56235, 4.47233, 5.85623, -6.96927, -2.61755, 7.55186, 6.64588, -4.31672, -4.1038, -5.7768, 2.48824, -2.68537, 1.69232, -6.89826]"
43,sub11,scratch,3,sub11-b2__0102__buttkicks.npy,4,buttkicks,9,0.5614511,0,"[8.23483, -5.20925, -1.5089, -1.39155, 9.92094, -9.70304, 5.29652, -4.22664, -8.44025, 10.35709, 4.39456, -4.2535, -6.91679, -0.2717, 4.53766, 0.53551, -1.26922, -3.19328, 1.33299, -0.21833, 4.4362, -6.1928]"
43,sub11,scratch,3,sub11-b2__0103__buttkicks.npy,4,buttkicks,9,0.7017559,0,"[7.83014, -5.77056, -1.11631, -1.44787, 8.63857, -8.93135, 4.86778, -3.97539, -7.98701, 9.91957, 5.07645, -3.96877, -5.8614, -0.61742, 4.30881, 0.35534, -1.5046, -3.24253, 1.65054, -0.20047, 4.6424, -6.48248]"
43,sub11,scratch,3,sub11-b2__0104__buttkicks.npy,4,buttkicks,9,0.5619567,0,"[8.46369, -5.05431, -0.88919, -1.41978, 8.26556, -9.62467, 5.22775, -4.16992, -7.56717, 9.36667, 4.51086, -3.79253, -6.61423, -1.12556, 4.8162, 0.67533, -2.31525, -3.01866, 1.56161, -0.07495, 4.3453, -6.31328]"
43,sub11,scratch,3,sub11-b2__0105__buttkicks.npy,4,buttkicks,9,0.5502447,0,"[7.79633, -5.92949, -1.79746, -1.68733, 10.58514, -9.19084, 4.8073, -3.97776, -8.41395, 10.8569, 4.48504, -4.29274, -5.95081, -0.52124, 4.04242, 0.42884, -0.60775, -3.25878, 1.46646, 0.21887, 5.09434, -6.59366]"
43,sub11,scratch,3,sub11-b2__0106__buttkicks.npy,4,buttkicks,9,0.64216673,0,"[7.84076, -6.12627, -1.32116, -1.82154, 10.38742, -9.24985, 4.95237, -4.05691, -8.47349, 11.05982, 4.40775, -3.66952, -6.27843, -0.93587, 4.17943, 0.69469, -0.36927, -3.11411, 1.38209, 0.26961, 4.87866, -6.66991]"
43,sub11,scratch,3,sub11-b2__0107__airkick.npy,0,airkick,0,0.74979836,1,"[8.40685, -5.32261, 1.00643, -0.91474, 1.69245, -8.7375, 6.57798, -1.36014, -6.09817, 4.40098, 4.78636, -4.2228, -4.40718, -0.54932, 6.12849, -0.61763, -8.74772, -4.61386, 3.71822, 0.74233, 4.12147, -8.07425]"
43,sub11,scratch,3,sub11-b2__0108__airkick.npy,0,airkick,0,0.6130049,1,"[7.76801, -6.75026, 1.60213, -0.97164, -0.66176, -7.79223, 6.21192, -0.76046, -5.24957, 3.7609, 5.28766, -3.22335, -3.0406, -1.45593, 6.3847, -0.66237, -9.44718, -4.5528, 4.39592, 0.99553, 4.23446, -8.56913]"
43,sub11,scratch,3,sub11-b2__0110__airkick.npy,0,airkick,0,0.5287822,1,"[7.20231, -8.0474, 3.03682, -1.28247, -1.38806, -8.23173, 6.30889, -0.59248, -3.30867, 2.76307, 4.02603, -2.56014, -2.76562, -3.02038, 5.51135, 0.6064, -10.70481, -3.36132, 5.09359, 1.8547, 4.89927, -8.31059]"
43,sub11,scratch,3,sub11-b2__0111__airkick.npy,0,airkick,0,0.44562197,1,"[7.69418, -8.06642, -0.01718, -0.37601, -2.32469, -4.54379, 6.48185, 1.94417, -7.92343, 3.16849, 5.60896, -2.71366, -3.01544, 0.62876, 7.42262, -0.76984, -9.11561, -4.44181, 4.29072, 0.4919, 3.10258, -10.50054]"
43,sub11,scratch,3,sub11-b2__0113__sidekick.npy,14,sidekick,0,0.5530002,0,"[8.71548, -2.90226, 0.58751, -0.92666, -0.70246, -9.00246, 6.72201, -2.76482, -5.888, 3.86283, 5.90211, -3.06642, -3.23137, -1.42027, 8.20107, -2.20729, -9.55449, -5.34925, 2.61292, 0.18399, 3.05033, -7.37515]"
43,sub11,scratch,3,sub11-b2__0114__sidekick.npy,14,sidekick,0,0.5028873,0,"[8.61214, -3.05899, 1.08192, -1.13541, -1.65649, -8.94586, 6.5283, -2.82302, -5.02748, 3.28811, 5.86767, -2.5317, -2.79638, -2.37016, 8.3716, -1.9212, -9.97809, -5.06722, 2.96949, 0.52116, 3.1247, -7.50853]"
43,sub11,scratch,3,sub11-b2__0115__sidekick.npy,14,sidekick,14,0.41688427,1,"[7.75407, -4.17103, 1.38436, -1.26047, -2.07749, -8.1456, 6.10501, -2.44156, -4.7485, 3.26265, 6.28962, -2.3625, -1.70189, -2.6743, 7.80284, -1.98048, -9.74125, -4.95407, 3.39447, 0.87458, 3.73964, -8.0978]"
43,sub11,scratch,3,sub11-b2__0116__sidekick.npy,14,sidekick,0,0.5136507,0,"[7.90519, -3.6594, 1.08501, -0.40031, -2.53299, -8.11279, 6.36402, -2.4136, -4.17016, 2.51681, 5.80401, -2.94994, -2.53616, -2.2262, 7.36903, -1.41776, -10.67282, -4.5707, 2.9371, 0.46285, 3.45728, -7.49387]"
43,sub11,scratch,3,sub11-b2__0118__crosstoe.npy,6,crosstoe,6,0.91039264,1,"[6.09528, -6.9287, 5.84707, -0.88094, -3.21815, -7.91251, 9.31828, -1.42487, -4.03628, 1.02427, 2.70155, -1.29548, -2.30938, -3.6043, 4.82632, 1.06925, -13.79067, -5.1414, 2.70449, 4.0501, 4.47342, -9.71486]"
43,sub11,scratch,3,sub11-b2__0119__crosstoe.npy,6,crosstoe,6,0.92526746,1,"[6.24774, -6.39764, 5.93997, -1.10389, -3.94284, -7.32751, 9.7174, -1.34357, -4.81243, 0.62858, 2.90306, -0.88478, -1.73099, -3.43709, 5.62926, 0.44858, -14.01503, -5.9546, 2.47342, 4.31133, 4.035, -10.43089]"
43,sub11,scratch,3,sub11-b2__0120__crosstoe.npy,6,crosstoe,6,0.88719577,1,"[6.09919, -6.99083, 5.87581, -1.03717, -3.56953, -7.4223, 9.1149, -1.3576, -4.12096, 0.99701, 2.97629, -1.12493, -1.9663, -3.75267, 5.0044, 0.92121, -13.61349, -5.42856, 2.584, 4.24913, 4.55988, -9.97027]"
43,sub11,scratch,3,sub11-b2__0121__crosstoe.npy,6,crosstoe,6,0.91095805,1,"[6.4323, -7.12902, 5.83422, -1.31504, -4.30189, -7.34151, 9.70289, -1.33124, -5.25999, 1.12941, 3.57444, -0.30622, -1.06414, -3.50608, 6.15408, -0.22877, -13.98029, -5.97186, 2.7118, 3.92358, 4.0721, -10.75157]"
43,sub11,scratch,3,sub11-b2__0122__throw.npy,18,throw,18,0.8675506,1,"[2.87473, -8.76042, 0.91752, 0.3139, -2.43976, -5.11089, 5.01538, 2.36499, -2.14242, -0.49097, 2.77469, -3.72251, -0.45, -0.54226, 3.2495, 0.24076, -9.72569, -2.08278, 7.60899, 1.10791, 4.33817, -7.11109]"
43,sub11,scratch,3,sub11-b2__0123__throw.npy,18,throw,18,0.9175507,1,"[2.46013, -9.31676, 0.34989, 0.27653, -2.38199, -4.8077, 4.6466, 2.65066, -1.86931, -0.62381, 2.52925, -3.50294, 0.35524, -0.75883, 3.47848, 0.21544, -9.40684, -2.21509, 7.92989, 1.25461, 4.16453, -6.97801]"
43,sub11,scratch,3,sub11-b2__0124__throw.npy,18,throw,18,0.9047992,1,"[2.71924, -9.52698, 0.49222, 0.02385, -2.13638, -4.61792, 4.6482, 2.52019, -2.31239, -0.02571, 2.86246, -3.50432, 0.35641, -0.7475, 3.50322, 0.16208, -9.17056, -1.97858, 7.92578, 1.36423, 4.57953, -7.79408]"
43,sub11,scratch,3,sub11-b2__0125__throw.npy,18,throw,18,0.93968403,1,"[2.24983, -9.08745, -0.0617, 0.0767, -1.73355, -4.39582, 4.74338, 2.89834, -3.04664, -0.47384, 2.54258, -3.41188, 1.02117, 0.27381, 3.60768, -1.03553, -8.67704, -1.81884, 8.3777, 0.80086, 4.34844, -7.5596]"
43,sub11,scratch,3,sub11-b2__0126__throw.npy,18,throw,18,0.91282946,1,"[2.61364, -9.22836, 0.31057, 0.00378, -2.64025, -4.35166, 4.86886, 2.89656, -2.82814, -0.60244, 2.72611, -3.16235, 0.84277, -0.28323, 4.04104, -0.44445, -9.30763, -1.48946, 8.0836, 0.97028, 4.18531, -7.92338]"
43,sub11,scratch,3,sub11-b2__0127__throw.npy,18,throw,18,0.9185192,1,"[1.99904, -7.9266, -0.56163, 0.6561, -1.60439, -4.03959, 4.5681, 3.20978, -2.81859, -1.0435, 1.96012, -4.23308, 0.34346, 1.11738, 3.383, -0.75946, -8.32611, -2.0542, 7.76743, 0.16043, 3.55844, -6.34734]"
43,sub11,scratch,3,sub11-c__0001__sit.npy,15,sit,15,0.99880767,1,"[2.73143, 0.14987, 2.30394, 1.52344, -4.11116, -3.29473, 6.52084, 2.39086, 4.55165, -3.40383, -8.10577, -2.15915, -8.64808, -2.51133, -2.99388, 13.61822, -11.47908, 4.1559, 1.75048, 4.52771, 0.43529, -6.92713]"
43,sub11,scratch,3,sub11-c__0002__stand.npy,17,stand,17,0.9991008,1,"[-0.45318, 5.42845, 3.50356, 6.92608, -5.754, -2.91314, 1.66494, 0.3176, 10.6735, -6.49731, -9.52946, -2.26441, -10.11203, 1.25625, -7.48318, 6.52433, -8.01741, 17.73195, 0.32146, -7.1278, 2.85203, 2.48823]"
43,sub11,scratch,3,sub11-c__0003__turnaround.npy,19,turnaround,19,0.99789965,1,"[5.29271, -1.64893, 2.98722, -5.16477, -3.5328, -3.85588, 7.24473, 2.86952, -3.14363, 2.16604, -0.11439, -0.28281, -1.50218, -6.34477, 4.55995, 4.68283, -11.11806, -9.86914, 5.70115, 13.85618, 3.72482, -17.21434]"
43,sub11,scratch,3,sub11-c__0004__sit.npy,15,sit,15,0.9991116,1,"[2.47528, 1.46973, 2.24554, 1.33086, -3.78484, -2.97504, 5.96574, 2.3521, 4.71934, -2.35235, -7.83167, -2.06032, -8.58173, -2.67955, -3.73583, 13.49851, -10.11524, 3.46835, 1.41217, 4.21986, 0.1134, -7.1622]"
43,sub11,scratch,3,sub11-c__0005__stand.npy,17,stand,17,0.9994418,1,"[-0.43049, 6.09761, 2.49389, 6.95678, -5.14776, -2.82319, 2.17054, 0.42976, 9.76825, -6.06552, -9.65436, -2.50386, -10.01397, 2.13836, -7.13685, 6.23267, -7.54028, 17.36983, 0.37943, -7.47129, 2.07595, 2.0729]"
43,sub11,scratch,3,sub11-c__0006__turnaround.npy,19,turnaround,19,0.9939036,1,"[5.85087, -1.25298, 2.93467, -5.15642, -3.07019, -4.72455, 8.46671, 2.92027, -4.07754, 2.13463, -0.38697, -0.44864, -2.71667, -5.89659, 4.88954, 4.71149, -11.79639, -9.74684, 5.61376, 13.74176, 3.41629, -17.20213]"
43,sub11,scratch,3,sub11-c__0007__sit.npy,15,sit,15,0.9991173,1,"[2.46558, 2.00104, 1.97077, 1.62034, -3.61169, -2.78616, 5.77636, 2.39676, 4.33929, -2.19621, -7.70281, -2.25079, -8.80135, -2.10905, -4.10393, 13.28616, -9.61327, 3.53133, 1.16661, 3.69051, -0.12645, -7.00976]"
43,sub11,scratch,3,sub11-c__0008__stand.npy,17,stand,17,0.9991159,1,"[-0.69059, 5.47387, 3.10368, 7.22624, -6.01193, -2.65403, 1.85481, 0.50471, 10.71656, -6.82783, -9.89793, -1.966, -10.112, 1.40486, -7.55279, 6.83267, -7.99159, 17.80269, 0.32061, -7.53349, 2.04417, 2.7991]"
43,sub11,scratch,3,sub11-c__0009__turnaround.npy,19,turnaround,19,0.99063194,1,"[6.04706, -0.51984, 2.54384, -5.04035, -2.66898, -4.65149, 8.33476, 3.03371, -4.46984, 2.5816, -0.3241, -0.6469, -3.11831, -5.43973, 4.67583, 4.6027, -11.1292, -9.88896, 5.51703, 13.20019, 2.84782, -17.14689]"
43,sub11,scratch,3,sub11-c__0010__sit.npy,15,sit,15,0.99861085,1,"[2.90025, 0.45026, 1.90169, 0.83966, -3.24236, -2.77526, 6.37426, 2.653, 3.28973, -1.60494, -7.18842, -2.15655, -8.54602, -2.6991, -3.0424, 13.36001, -10.06817, 2.37009, 1.69745, 5.33525, 0.44801, -8.34859]"
43,sub11,scratch,3,sub11-c__0011__stand.npy,17,stand,17,0.99939466,1,"[-0.41382, 5.07021, 3.07836, 6.84447, -6.15692, -2.56647, 2.02862, 0.73476, 10.28557, -6.41935, -9.31229, -1.84588, -10.18563, 1.11346, -7.13864, 6.59046, -8.11005, 17.75697, 0.69989, -7.30247, 2.37736, 2.07794]"
43,sub11,scratch,3,sub11-c__0012__turnaround.npy,19,turnaround,19,0.9965333,1,"[5.65771, -1.50499, 3.31382, -5.35517, -3.15501, -5.0422, 7.62863, 2.55665, -3.63321, 2.33922, 0.30819, -0.65592, -2.61497, -6.38276, 4.949, 4.38242, -11.38026, -9.7274, 5.99614, 13.69925, 4.35907, -17.01529]"
43,sub11,scratch,3,sub11-c__0014__stand.npy,17,stand,17,0.99953425,1,"[-0.4201, 5.55606, 2.81135, 6.98276, -4.89787, -3.06158, 2.09271, 0.31984, 10.0325, -6.1372, -9.96694, -2.40101, -10.18033, 1.7339, -7.40043, 6.66455, -7.70613, 17.79527, 0.29609, -7.38675, 2.30696, 2.37835]"
43,sub11,scratch,3,sub11-c__0015__turnaround.npy,19,turnaround,19,0.9958794,1,"[6.14362, -1.4505, 2.87073, -5.23811, -1.68673, -5.22822, 7.58182, 2.09184, -4.40933, 3.20124, 0.59264, -1.97766, -3.14135, -5.41681, 4.86411, 4.33703, -10.93392, -9.5458, 5.46242, 13.51213, 4.88659, -16.88943]"
43,sub11,scratch,3,sub11-c__0016__squat.npy,16,squat,16,0.99892443,1,"[-0.89804, -1.51013, -8.18831, -0.92871, 15.07305, 5.09382, -4.842, -3.60634, -15.04579, 19.75481, 9.0255, 5.36653, -2.97213, 4.68475, -3.06721, -3.97539, 26.59789, -3.07122, -4.50856, -5.4212, 0.0968, -4.64589]"
43,sub11,scratch,3,sub11-c__0018__squat.npy,16,squat,16,0.9990908,1,"[-1.01663, -1.57534, -7.97848, -1.29941, 14.58152, 5.1196, -4.82635, -3.52771, -14.78934, 19.28867, 9.02236, 5.82032, -2.42579, 4.26133, -2.87181, -4.27937, 26.2996, -3.2631, -3.94822, -5.09495, 0.16354, -4.95085]"
43,sub11,scratch,3,sub11-c__0019__squat.npy,16,squat,16,0.9986823,1,"[-1.05144, -1.69353, -7.7923, -1.44458, 13.88949, 5.10624, -4.97046, -3.61097, -14.51493, 19.14594, 9.43134, 6.04819, -1.65998, 3.86979, -2.657, -4.61761, 25.78181, -3.50387, -3.68791, -4.9921, 0.26062, -5.17788]"
43,sub11,scratch,3,sub11-c__0020__squat.npy,16,squat,16,0.99932265,1,"[-1.16604, -1.57771, -7.92878, -1.28501, 13.97686, 5.33472, -4.79259, -3.37444, -14.54961, 18.81135, 8.98725, 6.31698, -2.22377, 3.976, -2.95186, -4.41702, 26.11596, -3.39115, -3.71891, -5.0791, 0.03766, -4.96101]"
43,sub11,scratch,3,sub11-c__0021__squat.npy,16,squat,16,0.9995784,1,"[-0.98196, -1.05396, -8.06115, -0.99489, 14.82301, 4.8611, -4.40414, -3.40521, -14.73815, 18.98997, 8.33901, 6.44698, -3.76109, 4.10776, -3.36273, -3.91784, 26.77642, -3.14051, -4.34254, -5.37783, -0.37009, -4.31197]"
43,sub11,scratch,3,sub11-c__0022__pickup.npy,11,pickup,11,0.9999968,1,"[-0.94957, -0.88198, 9.17233, -1.46156, -11.97475, 0.77685, 6.07991, -1.36052, -3.3071, -2.20259, 1.9256, 21.85514, 0.7016, -8.42626, 3.14915, -3.84071, -1.92799, -2.27276, -3.26463, -2.83049, -4.94396, -2.61192]"
43,sub11,scratch,3,sub11-c__0023__pickup.npy,11,pickup,11,0.99999774,1,"[-0.06166, 0.12251, 7.90074, -1.81456, -8.59323, -0.09183, 5.45281, -3.01915, -5.22461, 1.01461, 3.1451, 20.99879, -1.38799, -7.81633, 2.91471, -3.95146, 1.72853, -2.31674, -4.30142, -3.52049, -4.92582, -2.50742]"
43,sub11,scratch,3,sub11-c__0024__pickup.npy,11,pickup,11,0.999987,1,"[-0.49089, -0.62906, 9.73657, -1.99019, -13.24571, -0.76339, 7.92203, -1.19423, -2.4012, -4.30711, 0.28295, 21.14959, 2.89835, -8.95226, 4.81681, -4.33475, -6.03015, -2.98397, -2.59526, -1.98479, -5.85121, -2.55329]"
43,sub11,scratch,3,sub11-c__0025__pickup.npy,11,pickup,11,0.99940205,1,"[-0.10069, -2.897, 11.02768, -2.38601, -16.29991, -2.27154, 8.19769, -0.44575, 2.23862, -7.6181, -1.32182, 18.53372, 7.23478, -11.22949, 6.02166, -3.389, -13.24466, -2.71719, -0.30581, -0.13264, -4.81577, -2.78734]"
43,sub11,scratch,3,sub11-c__0026__pickup.npy,11,pickup,11,0.9993237,1,"[0.06266, -2.50095, 10.79535, -2.62848, -15.12951, -2.92056, 8.53586, -0.59593, 1.8452, -7.17703, -1.76353, 18.21782, 6.76061, -10.90864, 6.19554, -3.46683, -12.74958, -2.58402, -0.52109, -0.27155, -4.96912, -2.2732]"
43,sub11,scratch,3,sub11-c__0027__pushchair.npy,12,pushchair,12,0.9822364,1,"[-0.34045, -2.75896, 8.64108, -3.03375, -19.9886, 1.67868, 2.26845, 0.48986, 4.02313, -8.0152, 4.77851, 11.00264, 15.1236, -9.48278, 6.87373, -6.82528, -14.65076, -5.539, 3.69009, 1.99837, -0.96685, -8.04504]"
43,sub11,scratch,3,sub11-c__0029__pushchair.npy,12,pushchair,12,0.99433523,1,"[-0.01117, -3.27535, 8.77617, -3.17, -19.02891, 1.72081, 1.10825, 0.36867, 4.48772, -6.8414, 5.51382, 9.19586, 14.91367, -9.42103, 5.74019, -6.27408, -14.3124, -5.2399, 4.3004, 2.54611, 1.19924, -9.53949]"
43,sub11,scratch,3,sub11-c__0030__pushchair.npy,12,pushchair,12,0.9979824,1,"[-0.11905, -4.69359, 7.47628, -2.6826, -17.38997, 2.71197, -0.19523, 0.9344, 5.06888, -5.66174, 5.39856, 6.45896, 14.24566, -8.47862, 4.15274, -4.79163, -13.69735, -4.40713, 5.14376, 3.39269, 3.69319, -11.03469]"
43,sub11,scratch,3,sub11-c__0031__pushchair.npy,12,pushchair,12,0.9958204,1,"[0.33448, -3.81361, 8.25936, -3.11131, -18.5255, 1.73024, 0.83981, 0.61615, 4.89982, -6.36003, 5.39272, 7.78488, 14.33061, -9.20903, 5.3897, -5.49103, -14.69211, -4.77777, 4.91762, 3.1857, 2.49519, -10.52572]"
43,sub11,scratch,3,sub11-c__0032__pushchair.npy,12,pushchair,12,0.99797684,1,"[0.08259, -4.59482, 7.41918, -2.74553, -17.1537, 2.76, -0.26258, 0.85687, 4.74598, -5.33994, 5.66046, 6.0788, 14.15088, -8.16251, 4.26385, -4.94497, -13.5696, -4.42622, 5.01997, 3.38779, 4.03027, -11.26685]"
43,sub11,scratch,3,sub11-c__0033__sit.npy,15,sit,15,0.99848014,1,"[2.26593, 2.12839, 1.90146, 1.83788, -4.44663, -2.65799, 6.20443, 2.18637, 4.31938, -2.64088, -7.61196, -1.62816, -8.42478, -1.90789, -3.49109, 13.04037, -9.79431, 4.16871, 1.13467, 3.10977, -0.61825, -6.84295]"
43,sub11,scratch,3,sub11-c__0034__stand.npy,17,stand,17,0.99885,1,"[-0.58804, 6.60252, 2.86586, 7.4962, -5.96169, -3.38091, 1.87408, -0.1343, 10.72359, -6.72236, -9.69581, -2.55454, -9.99932, 2.03857, -7.01008, 6.49311, -7.91885, 17.55993, -0.03673, -7.99836, 1.46958, 3.26316]"
43,sub11,scratch,3,sub11-c__0035__turnaround.npy,19,turnaround,19,0.9967092,1,"[6.10679, -1.51627, 2.59207, -5.58099, -2.19074, -4.93844, 7.61514, 2.47536, -4.1988, 2.94036, 0.63684, -1.45191, -2.06679, -5.7707, 5.25436, 3.91399, -11.26251, -9.74604, 6.11369, 13.81961, 4.57834, -17.55873]"
43,sub11,scratch,3,sub11-c__0036__sit.npy,15,sit,15,0.99903035,1,"[2.80885, 0.83177, 1.57101, 1.08948, -3.06231, -2.48574, 6.19323, 2.54766, 3.42282, -1.59917, -7.47422, -2.18411, -8.33315, -2.28312, -3.29543, 13.47195, -9.73862, 3.12904, 1.35148, 4.6096, 0.13889, -7.99428]"
43,sub11,scratch,3,sub11-c__0037__stand.npy,17,stand,17,0.9995111,1,"[-0.53374, 6.18352, 2.58291, 7.51611, -4.92482, -2.91211, 2.06792, 0.20182, 9.86829, -6.3291, -9.98623, -2.84295, -10.06759, 2.59561, -7.3377, 6.47843, -7.49564, 17.6369, -0.07508, -7.85545, 1.84116, 2.73188]"
43,sub11,scratch,3,sub11-c__0038__turnaround.npy,19,turnaround,19,0.99455655,1,"[5.6548, -0.58021, 3.28535, -5.38966, -2.35692, -4.59906, 8.38527, 2.43733, -3.76762, 2.0274, -1.15081, -0.30491, -2.28755, -5.9257, 4.29083, 4.89689, -11.35182, -9.53396, 5.11965, 13.74852, 3.37105, -16.74747]"
43,sub11,scratch,3,sub11-c__0039__sit.npy,15,sit,15,0.998694,1,"[2.88537, 0.53665, 1.80677, 0.94289, -3.66319, -2.47889, 6.41559, 2.52931, 3.24196, -1.85013, -7.07405, -1.90604, -7.92002, -2.62146, -2.76042, 13.36973, -10.32069, 2.62765, 1.35776, 4.94381, 0.05247, -8.33954]"
43,sub11,scratch,3,sub11-c__0040__sit.npy,15,sit,17,0.999721,0,"[-0.19131, 5.07091, 2.56496, 6.94576, -4.98606, -2.70381, 2.06156, 0.51418, 9.68522, -5.90948, -9.58886, -2.37913, -10.14221, 1.75246, -7.23078, 6.79635, -7.73767, 17.99464, 0.21506, -7.41781, 2.4687, 2.05889]"
43,sub11,scratch,3,sub11-c__0041__turnaround.npy,19,turnaround,19,0.9962457,1,"[5.68831, -1.25168, 3.13965, -5.18906, -2.23969, -4.96057, 7.63817, 2.44955, -4.05496, 2.69667, 0.23786, -1.48043, -2.94909, -5.61553, 4.56732, 4.39249, -10.99933, -9.49138, 5.58337, 13.57484, 4.57042, -16.85879]"
43,sub11,scratch,3,sub11-c__0042__sit.npy,15,sit,15,0.99850696,1,"[2.76487, 1.34598, 1.93761, 1.19928, -3.61343, -2.62248, 6.2844, 2.43992, 3.47936, -1.82484, -7.13555, -2.25445, -8.45778, -2.05046, -3.20253, 13.08331, -9.85996, 2.90484, 1.53684, 4.43677, 0.00149, -7.96855]"
43,sub11,scratch,3,sub11-c__0043__stand.npy,17,stand,17,0.9992417,1,"[-0.54669, 5.0753, 3.35747, 7.19309, -5.83495, -2.96652, 1.58738, 0.34088, 10.91359, -6.57645, -9.63278, -2.17261, -10.11647, 1.19629, -7.60268, 6.91858, -8.05836, 18.14288, 0.30984, -7.49521, 2.48142, 2.93241]"
43,sub11,scratch,3,sub11-c__0044__turnaround.npy,19,turnaround,19,0.99497896,1,"[5.75249, -0.63165, 3.21653, -5.36682, -2.29311, -5.10008, 7.69154, 2.35942, -3.96416, 2.62662, 0.29219, -1.4836, -3.02285, -5.59119, 4.60426, 4.05443, -10.97227, -9.463, 5.78291, 13.33916, 4.55775, -16.80299]"
43,sub11,scratch,3,sub11-c__0045__sit.npy,15,sit,15,0.99864966,1,"[2.74445, 2.2032, 2.09655, 1.68616, -3.7862, -2.93527, 6.18072, 2.40534, 4.33552, -2.55313, -7.63645, -2.61639, -9.21839, -1.91217, -3.82114, 13.15885, -10.11135, 3.85202, 1.44386, 3.67854, -0.06434, -7.06396]"
43,sub11,scratch,3,sub11-c__0047__turnaround.npy,19,turnaround,19,0.995729,1,"[5.64918, -1.41977, 2.88796, -5.48486, -3.22286, -4.74517, 7.49714, 2.73786, -3.75804, 2.66543, 0.67943, -0.76444, -2.09475, -5.90847, 5.13304, 3.67245, -11.04162, -9.88881, 6.50536, 13.48966, 4.39767, -17.30105]"
43,sub11,scratch,3,sub11-c__0048__sit.npy,15,sit,15,0.99724007,1,"[2.82695, 2.60558, 1.89556, 1.2005, -3.96436, -2.72868, 6.4976, 2.48122, 3.34407, -2.07767, -7.19041, -2.1589, -8.45612, -1.71181, -3.12135, 12.60141, -9.82852, 2.56126, 1.50815, 4.07847, -0.5429, -7.96282]"
43,sub11,scratch,3,sub11-c__0049__stand.npy,17,stand,17,0.99947304,1,"[-0.25947, 6.14615, 2.87033, 6.95411, -5.45721, -3.01863, 2.08312, 0.25417, 10.08487, -6.38644, -9.57865, -2.38882, -10.20129, 1.75523, -7.13835, 6.42969, -7.86528, 17.71997, 0.19553, -7.47992, 2.16719, 2.30454]"
43,sub11,scratch,3,sub11-c__0050__turnaround.npy,19,turnaround,19,0.9634632,1,"[7.32483, 0.14349, 2.07975, -5.18586, -0.73339, -5.80281, 9.24301, 2.42543, -6.1672, 3.5526, 0.23101, -2.26484, -4.16674, -4.06553, 5.33232, 3.63739, -11.1982, -9.45791, 5.41138, 12.69781, 3.26331, -17.2951]"
43,sub11,scratch,3,sub11-c__0051__squat.npy,16,squat,16,0.99926287,1,"[-0.54935, -0.99027, -8.54562, -1.01044, 15.54932, 4.48343, -4.2933, -3.82071, -15.5162, 19.76605, 8.48529, 6.14223, -3.69488, 4.44159, -2.44292, -3.9003, 26.99277, -3.31051, -4.86776, -5.41169, -0.64545, -4.58057]"
43,sub11,scratch,3,sub11-c__0052__squat.npy,16,squat,16,0.9976858,1,"[-0.34052, -1.07138, -7.99413, -1.42234, 16.76672, 4.43334, -4.23959, -3.43838, -15.78532, 20.34692, 8.92638, 4.14098, -3.87414, 5.62752, -3.69604, -4.02513, 26.44083, -3.49463, -4.03671, -5.07, 0.49953, -5.36872]"
43,sub11,scratch,3,sub11-c__0053__squat.npy,16,squat,16,0.99868375,1,"[-0.72092, -1.07154, -8.35412, -1.40805, 16.17834, 5.33222, -4.54002, -3.08101, -16.01035, 19.92426, 9.18, 4.13457, -2.94057, 5.9828, -3.52438, -4.4658, 26.57921, -3.83831, -3.95727, -5.01054, 0.4009, -5.50196]"
43,sub11,scratch,3,sub11-c__0054__squat.npy,16,squat,16,0.99785006,1,"[-0.64371, -1.49858, -7.62513, -1.6548, 16.2123, 4.73907, -4.5725, -3.39207, -15.32755, 20.11494, 9.05022, 4.58311, -2.83335, 5.1018, -3.78146, -4.2767, 26.27512, -3.61862, -3.69299, -4.87397, 0.75202, -5.57132]"
43,sub11,scratch,3,sub11-c__0055__squat.npy,16,squat,16,0.9992273,1,"[-0.60784, -0.69468, -7.93122, -1.29641, 16.36685, 4.84252, -4.26406, -3.25417, -15.84971, 19.74934, 8.6253, 4.94864, -3.99473, 5.52468, -3.75876, -4.09048, 26.94753, -3.59215, -4.38991, -5.25321, 0.02701, -4.98545]"
43,sub11,scratch,3,sub11-c__0056__pickup.npy,11,pickup,11,0.99834776,1,"[0.17675, -2.79854, 11.73909, -2.63836, -16.17455, -3.00794, 8.38671, -0.64615, 2.72575, -7.69627, -1.73259, 18.18771, 6.81895, -11.58638, 6.00442, -2.9687, -13.83142, -2.29515, -0.24058, -0.01853, -4.52471, -2.59987]"
43,sub11,scratch,3,sub11-c__0057__pickup.npy,11,pickup,11,0.9989526,1,"[0.47521, -2.15222, 11.09793, -2.8305, -15.66886, -3.23102, 8.7971, -0.67285, 1.53814, -7.14799, -1.24946, 18.07296, 6.33714, -10.81355, 6.72547, -3.54468, -13.26196, -2.61667, -0.39472, -0.29389, -4.98682, -2.57241]"
43,sub11,scratch,3,sub11-c__0058__pickup.npy,11,pickup,11,0.9992951,1,"[-0.00972, -2.21626, 11.10999, -2.57752, -15.78605, -2.73026, 8.64651, -0.48055, 1.68384, -7.53594, -1.53973, 18.46756, 6.74743, -10.67906, 6.28133, -3.74394, -12.97825, -2.73172, -0.49811, -0.32695, -5.0671, -2.44831]"
43,sub11,scratch,3,sub11-c__0059__pickup.npy,11,pickup,11,0.99961734,1,"[-0.24725, -2.4426, 10.65603, -2.72791, -14.9794, -2.56479, 8.55262, -0.28053, 1.46509, -7.29459, -1.86426, 18.66976, 6.83264, -10.70477, 6.29059, -3.74324, -12.24791, -2.77862, -0.52032, -0.1926, -5.11125, -2.32853]"
43,sub11,scratch,3,sub11-c__0060__pickup.npy,11,pickup,11,0.9988738,1,"[0.1664, -2.00119, 11.14286, -2.45365, -16.19654, -2.41888, 8.61146, -0.35069, 1.59898, -7.83498, -1.31706, 18.02604, 6.65142, -10.46536, 6.46256, -3.63072, -13.39962, -2.65466, -0.60522, -0.42666, -5.05721, -2.43962]"
43,sub11,scratch,3,sub11-c__0061__pickup.npy,11,pickup,11,0.99874675,1,"[0.11902, -2.26297, 11.17463, -2.59047, -14.7613, -3.28503, 8.88549, -0.52259, 1.89839, -7.35755, -2.16517, 17.96042, 5.70278, -10.65276, 5.88349, -3.05939, -12.85083, -1.96198, -0.68975, -0.52234, -4.76812, -1.57271]"
43,sub11,scratch,3,sub11-c__0062__pushchair.npy,12,pushchair,12,0.9953028,1,"[-0.89665, -3.90249, 7.86856, -2.44076, -19.48036, 2.90874, 1.49955, 1.22427, 4.20708, -8.02296, 4.66359, 9.95696, 15.45415, -8.69837, 5.76436, -6.44567, -14.24169, -5.16853, 4.02063, 2.11431, 0.02719, -8.48774]"
43,sub11,scratch,3,sub11-c__0063__pushchair.npy,12,pushchair,12,0.9977628,1,"[0.2747, -5.10364, 7.14059, -2.21486, -17.75764, 2.79222, 0.31039, 1.42604, 4.75167, -6.2051, 5.17277, 5.96641, 13.84482, -7.77646, 4.45114, -4.57864, -14.70713, -4.30343, 5.23779, 3.40121, 3.6162, -11.23905]"
43,sub11,scratch,3,sub11-c__0064__pushchair.npy,12,pushchair,12,0.99044144,1,"[0.29275, -6.42442, 6.12386, -1.86786, -14.472, 3.45644, -1.28238, 1.46057, 4.97981, -3.76914, 4.79163, 2.95671, 12.13413, -6.56686, 2.25467, -2.60429, -12.70968, -2.99702, 5.43357, 3.95891, 6.5869, -12.21092]"
43,sub11,scratch,3,sub11-c__0065__pushchair.npy,12,pushchair,12,0.9983588,1,"[-0.12751, -5.52681, 6.29436, -2.21305, -16.12651, 3.754, -0.93073, 1.37176, 4.37363, -4.5399, 5.74003, 4.7384, 13.7517, -6.90566, 3.38902, -4.38772, -12.69257, -4.21092, 5.46703, 3.54811, 4.9892, -12.06324]"
43,sub11,scratch,3,sub11-c__0066__pushchair.npy,12,pushchair,12,0.9986994,1,"[-0.02248, -5.32857, 6.44834, -2.40078, -16.67012, 3.64322, -0.41111, 1.3842, 4.08115, -4.93498, 5.74126, 5.4389, 14.06244, -7.15056, 3.93538, -4.79648, -13.10839, -4.35387, 5.40401, 3.44873, 4.44944, -12.00882]"
43,sub11,scratch,3,sub11-c__0067__pushchair.npy,12,pushchair,12,0.9966402,1,"[0.33347, -5.27101, 5.66508, -2.2403, -14.62939, 3.95608, -1.87557, 1.10794, 3.77148, -3.00327, 6.57651, 2.90528, 13.23246, -5.84862, 3.01277, -4.33018, -11.57395, -4.14977, 5.34183, 3.56148, 6.19841, -12.72366]"
43,sub11,scratch,3,sub11-c__0069__sit.npy,15,sit,15,0.9979006,1,"[2.45614, 1.6912, 2.07731, 1.44138, -4.00947, -2.57961, 6.4457, 2.25945, 3.59023, -2.22556, -7.34918, -1.65476, -8.22773, -1.83399, -3.19785, 12.83879, -9.74871, 3.72912, 1.26216, 3.70135, -0.19925, -7.5599]"
43,sub11,scratch,3,sub11-c__0070__stand.npy,17,stand,17,0.9989496,1,"[-0.73968, 6.37793, 2.92846, 7.6235, -6.01917, -3.23166, 1.49695, -0.06717, 10.9794, -6.73517, -9.69593, -2.47468, -10.00914, 1.86267, -7.17512, 6.76399, -7.74174, 17.89596, -0.17672, -8.11274, 1.44081, 3.55075]"
43,sub11,scratch,3,sub11-c__0071__turnaround.npy,19,turnaround,19,0.9930167,1,"[5.9045, -0.99422, 2.80779, -5.31572, -2.62522, -4.19401, 8.03613, 2.98031, -4.46518, 2.81289, 0.093, -0.72495, -2.58158, -5.21073, 4.67251, 4.01437, -10.80932, -9.40616, 5.96044, 13.27657, 3.6866, -17.57616]"
43,sub11,scratch,3,sub11-c__0073__stand.npy,17,stand,17,0.9995345,1,"[-0.45788, 6.49298, 2.30882, 7.38989, -5.2001, -3.07364, 2.09039, 0.00905, 9.85814, -6.21144, -9.75769, -2.72384, -10.03709, 2.48337, -6.85286, 6.61913, -7.51988, 17.67925, -0.18548, -7.96926, 1.40193, 2.82386]"
43,sub11,scratch,3,sub11-c__0074__turnaround.npy,19,turnaround,19,0.9956956,1,"[5.65121, -0.64995, 2.62741, -5.45845, -2.73212, -4.55738, 7.42841, 2.72735, -3.96276, 2.76888, 0.56604, -1.10221, -2.15105, -5.5806, 4.87246, 3.70682, -10.65279, -9.8913, 6.24666, 13.36607, 4.00067, -17.33249]"
43,sub11,scratch,3,sub11-c__0075__sit.npy,15,sit,15,0.99836546,1,"[2.69314, 0.96495, 2.08807, 1.13084, -3.99647, -2.30307, 6.36074, 2.79732, 3.6207, -2.11771, -7.22062, -1.88985, -8.59117, -2.26997, -3.27357, 13.07396, -9.99361, 3.37349, 1.72822, 4.40834, 0.3475, -8.02111]"
43,sub11,scratch,3,sub11-c__0077__turnaround.npy,19,turnaround,19,0.997416,1,"[5.48221, -1.22008, 2.73322, -5.40206, -2.72826, -4.30321, 7.56213, 2.93834, -3.79698, 2.37568, -0.1042, -0.73766, -1.88196, -5.84927, 4.77505, 4.25943, -11.02905, -9.92184, 5.92553, 13.90258, 3.93726, -17.3695]"
43,sub11,scratch,3,sub11-c__0078__sit.npy,15,sit,15,0.99696296,1,"[1.70956, 2.49642, 2.09964, 1.80833, -5.78022, -1.86948, 6.27296, 2.97084, 4.76565, -3.79677, -7.88752, -1.19745, -7.60104, -1.85594, -3.23624, 12.45683, -10.37253, 3.94263, 1.6982, 3.25288, -0.86114, -7.27826]"
43,sub11,scratch,3,sub11-c__0079__stand.npy,17,stand,17,0.9994766,1,"[-0.49164, 6.39899, 3.12509, 7.37083, -5.64762, -3.20048, 1.85648, 0.0613, 10.29477, -6.62937, -9.64503, -2.53001, -10.09991, 2.03268, -7.06329, 6.47124, -7.81157, 17.94297, -0.14267, -7.93817, 1.87133, 3.03705]"
43,sub11,scratch,3,sub11-c__0080__turnaround.npy,19,turnaround,19,0.9961085,1,"[5.61237, -0.88143, 2.61475, -5.5481, -3.30959, -4.75618, 7.08871, 2.61297, -3.46328, 2.65295, 0.89084, -0.76806, -1.82665, -6.11666, 5.14504, 3.55615, -10.70189, -10.1522, 6.62818, 13.3868, 4.1699, -17.18976]"
43,sub11,scratch,3,sub11-c__0081__sit.npy,15,sit,15,0.99912053,1,"[3.0339, 2.46571, 1.3184, 2.04494, -2.37768, -3.40143, 6.38983, 1.6323, 2.72954, -2.01601, -7.769, -2.82279, -9.44332, -0.98423, -3.03167, 13.62275, -9.22168, 3.73079, -0.07188, 3.08677, -0.95932, -6.05936]"
43,sub11,scratch,3,sub11-c__0082__stand.npy,17,stand,17,0.99969375,1,"[-0.21941, 4.83277, 2.6071, 7.02869, -5.36127, -3.29289, 2.52384, 0.52228, 9.88675, -6.54711, -9.82986, -2.14516, -10.44347, 1.43578, -6.96136, 7.10123, -8.40486, 18.09804, 0.47761, -7.40384, 2.07104, 2.3491]"
43,sub11,scratch,3,sub11-c__0083__turnaround.npy,19,turnaround,19,0.99387866,1,"[6.36502, -0.85305, 2.26481, -5.52235, -2.7039, -5.01391, 8.09799, 2.75314, -4.55956, 2.84791, 0.56915, -0.97056, -2.3459, -5.60841, 5.5877, 3.83549, -11.35783, -10.34387, 6.12821, 13.54956, 3.53799, -17.48886]"
43,sub11,scratch,3,sub11-c__0085__squat.npy,16,squat,16,0.99895453,1,"[-0.25107, -0.69349, -8.76014, -0.75311, 15.73152, 4.46977, -4.58076, -3.90494, -15.62502, 20.06289, 9.01239, 5.01992, -4.21967, 5.01807, -2.5328, -3.71163, 26.93825, -3.02663, -5.09258, -5.68013, -0.42907, -4.42333]"
43,sub11,scratch,3,sub11-c__0086__squat.npy,16,squat,16,0.9995573,1,"[-0.63387, -0.57413, -8.7911, -0.76558, 15.02914, 5.26441, -4.64742, -3.43722, -15.54149, 19.25573, 8.94622, 5.43804, -3.77231, 5.12279, -2.78611, -4.0536, 26.99225, -3.2352, -4.7675, -5.66353, -0.54018, -4.49238]"
43,sub11,scratch,3,sub11-c__0087__squat.npy,16,squat,16,0.99970645,1,"[-0.79439, -0.67753, -8.94938, -0.68354, 14.87288, 5.82126, -4.72046, -3.15351, -15.70621, 19.02119, 8.89857, 5.53157, -3.63122, 5.24828, -2.81291, -4.02571, 27.17007, -3.25226, -4.82036, -5.5982, -0.55346, -4.52044]"
43,sub11,scratch,3,sub11-c__0088__squat.npy,16,squat,16,0.9997311,1,"[-0.62802, 0.06451, -8.85127, -0.48094, 14.39699, 5.27584, -4.73107, -3.38421, -15.4502, 18.81383, 9.05172, 5.52303, -4.33038, 5.21755, -2.60714, -4.03127, 27.04706, -3.07512, -5.12665, -6.01616, -0.99928, -3.85626]"
43,sub11,scratch,3,sub11-c__0089__pickup.npy,11,pickup,11,0.9947174,1,"[-0.04443, -4.39409, 11.60777, -2.34721, -18.36801, -1.32067, 7.4683, 0.61779, 3.24153, -8.32952, -0.23039, 16.93709, 9.00769, -10.90306, 6.32018, -3.41587, -15.34732, -2.90683, 1.35541, 0.73376, -3.38107, -4.69894]"
43,sub11,scratch,3,sub11-c__0090__pickup.npy,11,pickup,11,0.99312496,1,"[0.36905, -2.4925, 12.01146, -2.79508, -17.51985, -2.57853, 7.78295, -0.36303, 2.66214, -8.12289, -0.62691, 17.03418, 8.396, -10.90894, 7.34723, -3.83202, -14.87898, -2.78766, -0.03032, 0.11205, -4.35712, -3.14664]"
43,sub11,scratch,3,sub11-c__0092__pickup.npy,11,pickup,11,0.9937903,1,"[-0.25934, -3.13087, 12.21065, -2.65849, -17.38339, -1.82981, 7.35905, -0.07016, 3.13845, -8.43279, -0.89486, 17.34047, 9.10012, -11.10704, 6.52192, -3.85131, -14.50263, -2.77385, 0.108, 0.24552, -3.97105, -3.00546]"
43,sub11,scratch,3,sub11-c__0094__pickup.npy,11,pickup,11,0.9925761,1,"[-0.45912, -2.71258, 12.17744, -2.2641, -17.92492, -1.25805, 7.19091, 0.11288, 3.04745, -8.89746, -0.74324, 17.13551, 9.25985, -10.53135, 6.50794, -4.09609, -14.62132, -2.82162, -0.17731, -0.06601, -4.16231, -2.814]"
43,sub11,scratch,3,sub11-c__0095__pushchair.npy,12,pushchair,12,0.99813074,1,"[-0.44891, -4.17472, 7.30204, -1.77831, -19.47657, 3.97689, 0.70087, 1.73408, 3.94104, -7.4143, 5.38535, 7.55689, 14.57624, -7.00632, 5.1009, -5.7189, -14.4564, -5.05207, 4.56876, 2.4755, 1.82448, -10.45516]"
43,sub11,scratch,3,sub11-c__0096__pushchair.npy,12,pushchair,12,0.9971596,1,"[-0.88761, -5.43229, 7.87328, -1.99528, -18.08262, 3.45431, -0.0012, 1.50812, 5.62568, -6.79352, 4.15075, 7.16119, 14.28321, -8.28049, 3.69656, -4.1415, -14.16278, -4.02738, 5.00633, 3.43584, 3.49894, -10.63561]"
43,sub11,scratch,3,sub11-c__0097__pushchair.npy,12,pushchair,12,0.9979206,1,"[-0.63683, -5.65735, 7.16234, -2.08298, -17.66929, 3.53758, -0.20747, 1.59592, 5.45716, -6.3431, 4.4126, 6.76341, 14.11883, -8.26355, 3.82939, -4.06149, -13.80531, -3.78999, 5.24803, 3.41341, 3.74417, -10.92544]"
43,sub11,scratch,3,sub11-c__0098__pushchair.npy,12,pushchair,12,0.9597984,1,"[-0.59504, -3.2929, 9.623, -3.04734, -20.11542, 1.85995, 2.32047, 0.43948, 4.43406, -7.7904, 4.45645, 11.46259, 14.78973, -9.97593, 6.25828, -6.10282, -14.69168, -5.02716, 3.62165, 2.27919, -0.22736, -8.43676]"
43,sub11,scratch,3,sub11-c__0099__pushchair.npy,12,pushchair,12,0.9963977,1,"[-0.04042, -5.73828, 6.6562, -2.19844, -15.68507, 3.38386, -1.19248, 1.23335, 5.16793, -4.44933, 5.17679, 4.34062, 13.10604, -7.38508, 2.94426, -3.52305, -12.72472, -3.5906, 5.3761, 3.76699, 5.55532, -11.77905]"
43,sub11,scratch,3,sub11-c__0100__pushchair.npy,12,pushchair,12,0.9982272,1,"[-0.1902, -4.75943, 7.12078, -2.72379, -17.58307, 3.30911, -0.22339, 1.06643, 4.45224, -5.29812, 5.82101, 6.69337, 14.29007, -8.11665, 4.39731, -5.09335, -13.16266, -4.48407, 5.30943, 3.35953, 3.75473, -11.67822]"
43,sub11,scratch,3,sub11-c__0101__pushchair.npy,12,pushchair,12,0.99833703,1,"[-0.66718, -4.41895, 7.56951, -2.87288, -18.11375, 3.53347, -0.16687, 0.86206, 4.20689, -5.62607, 6.01568, 7.96949, 15.03047, -8.43377, 4.68772, -5.82622, -12.69994, -4.78866, 4.8239, 2.88813, 2.89079, -10.95152]"
43,sub11,scratch,3,sub11-c__0102__sit.npy,15,sit,15,0.99861264,1,"[2.84681, 1.60296, 2.33103, 1.77893, -4.14176, -2.63956, 6.3252, 2.22345, 3.64514, -2.51444, -7.37034, -1.96446, -8.84681, -1.86168, -3.12622, 13.20113, -10.20913, 4.1261, 0.87024, 3.7211, 0.01238, -7.33446]"
43,sub11,scratch,3,sub11-c__0103__stand.npy,17,stand,17,0.99969614,1,"[-0.31795, 6.75097, 2.75108, 7.17167, -5.7165, -2.52725, 1.87094, 0.03786, 9.45592, -6.1396, -8.99625, -2.53693, -9.60938, 2.535, -6.60427, 5.84442, -7.41739, 17.73611, -0.27013, -7.88746, 1.86149, 2.08272]"
43,sub11,scratch,3,sub11-c__0104__turnaround.npy,19,turnaround,19,0.9959109,1,"[5.86537, -1.48385, 2.50149, -5.52478, -3.1363, -4.5013, 7.45465, 2.81971, -4.05656, 2.94614, 0.94542, -0.74361, -1.69203, -5.87137, 5.28331, 3.68252, -11.01795, -10.12681, 6.39406, 13.50911, 4.01267, -17.5972]"
43,sub11,scratch,3,sub11-c__0105__sit.npy,15,sit,15,0.9987789,1,"[2.6826, 1.98046, 2.19015, 1.52881, -3.59382, -2.65092, 6.09215, 2.23573, 3.874, -2.22178, -7.58818, -2.36843, -8.73694, -1.80677, -3.59482, 13.15318, -9.79163, 3.47546, 1.19886, 4.0614, 0.01181, -7.45625]"
43,sub11,scratch,3,sub11-c__0106__stand.npy,17,stand,17,0.9996306,1,"[-0.22935, 5.76874, 2.48936, 6.89419, -4.61252, -2.96664, 2.07884, 0.25943, 9.4403, -5.54965, -9.44687, -2.78216, -9.93352, 2.23571, -6.99873, 6.25967, -7.40841, 17.48274, 0.27399, -7.3289, 2.42607, 1.8461]"
43,sub11,scratch,3,sub11-c__0109__stand.npy,17,stand,17,0.9996419,1,"[-0.24255, 5.19478, 2.37399, 6.95663, -4.63819, -2.77709, 2.06351, 0.54162, 9.64228, -5.72973, -9.68672, -2.67874, -10.06259, 1.95717, -7.30411, 6.71378, -7.60854, 17.70443, 0.31707, -7.28231, 2.43074, 1.88921]"
43,sub11,scratch,3,sub11-c__0110__turnaround.npy,19,turnaround,19,0.99827707,1,"[5.18468, -2.54982, 3.61118, -5.20117, -2.28247, -4.96551, 7.10281, 2.45569, -2.99371, 2.55587, -0.10105, -1.20101, -2.40063, -6.38235, 4.12049, 4.93038, -11.13619, -9.10354, 5.87722, 14.06302, 5.28212, -16.73919]"
43,sub11,scratch,3,sub11-c__0111__sit.npy,15,sit,15,0.9987639,1,"[2.66903, 1.06504, 1.83448, 1.16014, -3.26818, -2.32741, 6.16237, 2.66268, 3.53562, -1.73736, -7.42923, -2.25123, -8.62782, -2.11579, -3.48467, 13.22117, -9.61379, 3.24785, 1.53906, 4.61177, 0.39312, -8.03822]"
43,sub11,scratch,3,sub11-c__0112__stand.npy,17,stand,17,0.9995459,1,"[-0.25766, 4.97181, 3.15769, 6.95066, -5.49768, -2.7903, 1.75511, 0.58524, 10.29952, -6.30948, -9.37225, -2.41779, -10.16784, 1.30899, -7.41313, 6.68789, -8.04664, 18.06304, 0.4402, -7.25821, 2.75921, 2.21502]"
43,sub11,scratch,3,sub11-c__0114__sit.npy,15,sit,15,0.99930775,1,"[2.632, 0.38535, 1.89391, 1.53028, -4.14561, -2.04569, 5.7312, 2.85785, 4.02177, -1.9523, -7.19892, -1.79398, -8.42038, -2.56273, -3.36901, 13.52426, -9.75662, 3.58669, 1.4899, 4.20527, 0.25061, -7.73145]"
43,sub11,scratch,3,sub11-c__0116__turnaround.npy,19,turnaround,19,0.9981116,1,"[5.86686, -1.66572, 2.94682, -5.47981, -0.82823, -5.23604, 6.90684, 1.9437, -4.27439, 3.59738, 0.60037, -2.13592, -2.76578, -5.6317, 4.74605, 4.46767, -10.29916, -9.66717, 5.39067, 13.88889, 5.28326, -16.74573]"
43,sub11,scratch,3,sub11-c__0118__squat.npy,16,squat,16,0.9988255,1,"[-0.80353, -1.45595, -8.12137, -1.40469, 14.89962, 5.07051, -4.64476, -3.48982, -15.24167, 19.50765, 9.16675, 5.50962, -2.36737, 4.71441, -2.79753, -4.5214, 26.26323, -3.62908, -3.84284, -5.01932, 0.14442, -5.42282]"
43,sub11,scratch,3,sub11-c__0119__squat.npy,16,squat,16,0.9989184,1,"[-0.99713, -1.50872, -8.15467, -1.30667, 14.63707, 5.56551, -5.08782, -3.40266, -15.22493, 19.52203, 9.52315, 5.16831, -1.80461, 4.97389, -2.83638, -4.65805, 26.35773, -3.65642, -3.91788, -5.08934, 0.32214, -5.40684]"
43,sub11,scratch,3,sub11-c__0120__squat.npy,16,squat,16,0.9994066,1,"[-0.94786, -1.01708, -8.74513, -1.23476, 15.0554, 5.69099, -4.90372, -3.26424, -15.78566, 19.54541, 9.25681, 5.18663, -2.23641, 5.39931, -2.6363, -4.71841, 26.98561, -3.79155, -4.2264, -5.21235, -0.13522, -5.27306]"
43,sub11,scratch,3,sub11-c__0121__squat.npy,16,squat,16,0.99957174,1,"[-1.42534, -1.34989, -8.01057, -1.15035, 14.20138, 5.9979, -5.02463, -2.95048, -14.91514, 18.84069, 9.00211, 5.92845, -2.13713, 4.75485, -3.44014, -4.57005, 26.60564, -3.58238, -3.89759, -5.18172, 0.10077, -4.92906]"
43,sub11,scratch,3,sub11-c__0122__pickup.npy,11,pickup,11,0.99866796,1,"[-0.26003, -3.3545, 12.0981, -2.72046, -16.77737, -2.21855, 8.16681, -0.17764, 2.85336, -7.8508, -1.54511, 18.74725, 7.30806, -11.70327, 5.80488, -3.09854, -13.65401, -2.21213, -0.0579, 0.12944, -4.19312, -2.88647]"
43,sub11,scratch,3,sub11-c__0123__pickup.npy,11,pickup,11,0.9995247,1,"[-0.38964, -2.24047, 11.37273, -2.36897, -15.53549, -2.1184, 8.77136, -0.03442, 1.34596, -7.53044, -1.97492, 19.1028, 5.96082, -10.31148, 5.69121, -3.46474, -12.20303, -2.26748, -0.83745, -0.61127, -4.9483, -2.35383]"
43,sub11,scratch,3,sub11-c__0124__pickup.npy,11,pickup,11,0.99810445,1,"[-0.49087, -2.66006, 12.05306, -2.52236, -16.76653, -1.87276, 8.09849, -0.04487, 2.29198, -8.12939, -1.2744, 18.35465, 7.81673, -10.66078, 5.91173, -3.97302, -13.48153, -2.8116, -0.14239, -0.14367, -4.45214, -2.79526]"
43,sub11,scratch,3,sub11-c__0126__pickup.npy,11,pickup,11,0.99940777,1,"[-0.75751, -2.65462, 11.67613, -2.27934, -16.68649, -1.58808, 8.2386, -0.04984, 2.16222, -8.20285, -1.73812, 19.15545, 7.45829, -10.71338, 5.67717, -3.78388, -12.87685, -2.56953, -0.52948, -0.39222, -4.83792, -2.44662]"
43,sub11,scratch,3,sub11-c__0127__pushchair.npy,12,pushchair,12,0.9840806,1,"[-0.71507, -3.13207, 9.15498, -2.83642, -20.8444, 2.68138, 1.14518, 0.45855, 4.64867, -7.73695, 5.35472, 11.07404, 15.34931, -9.66956, 6.50998, -6.53364, -14.17817, -4.82639, 3.6867, 1.92461, 0.05499, -8.69057]"
43,sub11,scratch,3,sub11-c__0128__pushchair.npy,12,pushchair,12,0.99802506,1,"[-1.10204, -4.66889, 7.53572, -2.44209, -18.93941, 4.29071, -0.39871, 1.13548, 4.56846, -6.13604, 5.8249, 8.61688, 15.22999, -8.46769, 4.62629, -5.72467, -12.56747, -4.48649, 4.63548, 2.64651, 2.50984, -10.57987]"
43,sub11,scratch,3,sub11-c__0129__pushchair.npy,12,pushchair,12,0.9976915,1,"[-1.1666, -4.2865, 8.3538, -2.65477, -18.92028, 4.08766, -0.67525, 0.6947, 4.70839, -5.93964, 6.04022, 8.7752, 15.41962, -8.75068, 4.52399, -5.89978, -12.3969, -4.59508, 4.32304, 2.60702, 2.70365, -10.49688]"
43,sub11,scratch,3,sub11-c__0131__pushchair.npy,12,pushchair,12,0.99809474,1,"[-1.52459, -5.03478, 8.16362, -2.42239, -18.72127, 4.29172, -0.505, 1.04687, 4.94357, -6.29267, 5.32741, 8.88014, 15.59352, -8.72218, 4.23094, -5.57039, -12.49982, -4.28421, 4.35402, 2.68643, 2.66963, -10.05079]"
