seed,subject,method,k,file,true_id,true_label,pred_id,conf,correct,logits
43,sub10,supLP120,3,sub10-a__0001__wave.npy,21,wave,21,0.99443996,1,"[1.29762, 0.33585, -1.39133, 2.93453, -2.98188, 0.74192, -4.13859, 8.97056, 3.38479, -2.67735, 0.60067, -2.01651, -0.45435, -6.18667, -3.72788, 1.37396, -4.94177, -2.04698, 0.68407, -7.03142, -3.34755, 14.16529]"
43,sub10,supLP120,3,sub10-a__0002__wave.npy,21,wave,21,0.9994624,1,"[1.01024, -0.37878, -0.7863, 3.2996, -5.41747, 2.17912, -4.27426, 6.43071, 4.70909, -2.7562, 1.79429, -2.51431, -0.88049, -5.63807, -3.95165, 2.16503, -6.18783, -0.29314, -1.35569, -6.42807, -1.51467, 14.19736]"
43,sub10,supLP120,3,sub10-a__0003__wave.npy,21,wave,21,0.9995517,1,"[0.05468, 0.63008, -1.38656, 3.62996, -4.70508, 2.81485, -4.35734, 7.69686, 5.04809, -2.67824, 1.23406, -2.87602, -1.24587, -6.54906, -4.03056, 2.48752, -6.24244, -0.64722, -1.80148, -6.83763, -2.29392, 15.50593]"
43,sub10,supLP120,3,sub10-a__0005__wave.npy,21,wave,21,0.99989486,1,"[0.0086, 1.40916, -1.40214, 4.43541, -4.70251, 2.93931, -4.82512, 7.10097, 5.36938, -3.22637, 1.60452, -2.59545, -1.34363, -6.87527, -3.76615, 1.47935, -6.4937, -0.80873, -2.81101, -6.47004, -3.28994, 16.50508]"
43,sub10,supLP120,3,sub10-a__0006__wave.npy,21,wave,21,0.999713,1,"[0.82325, 0.32907, -1.02349, 4.17991, -5.30102, 2.85514, -4.88392, 6.84166, 5.13365, -3.25307, 2.04803, -2.82296, -1.48363, -6.14663, -3.91969, 1.12193, -6.8403, -0.29892, -2.33924, -6.10669, -1.94406, 15.24966]"
43,sub10,supLP120,3,sub10-a__0008__bow.npy,2,bow,2,0.9921765,1,"[4.31943, -3.47541, 13.06814, 0.63016, -6.19324, -4.4762, -0.04612, -10.32343, -1.43519, -4.85932, 2.49525, 4.8753, -0.67911, -1.28418, 8.12713, -9.86621, -8.61362, 4.82358, -10.08958, -1.3527, 0.2046, 0.28141]"
43,sub10,supLP120,3,sub10-a__0009__bow.npy,2,bow,2,0.9806426,1,"[3.65562, -2.03284, 12.9899, 0.89684, -6.22658, -4.34668, -0.02636, -10.39973, -0.55291, -6.32699, 2.3304, 5.78858, -0.98725, -1.40497, 8.97536, -9.64439, -8.51125, 5.87929, -9.86995, -0.95224, -1.07175, -0.14092]"
43,sub10,supLP120,3,sub10-a__0010__bow.npy,2,bow,2,0.99404967,1,"[3.23942, -3.00409, 13.35639, 0.78458, -6.11763, -4.44385, 1.00678, -10.10802, -1.3388, -5.39842, 2.27281, 5.13625, -0.62333, -0.83506, 8.12365, -9.50475, -8.67846, 5.27238, -9.67031, -1.03732, -0.07351, 0.11608]"
43,sub10,supLP120,3,sub10-a__0011__bow.npy,2,bow,2,0.99699533,1,"[3.14848, -3.34081, 13.54508, 0.62668, -5.7328, -4.7221, 1.61245, -10.00403, -1.69352, -4.84317, 2.13767, 5.07735, -0.42201, -0.23282, 7.56002, -9.50791, -8.59783, 5.16573, -9.79241, -0.67062, 0.87283, -0.01607]"
43,sub10,supLP120,3,sub10-a__0012__bow.npy,2,bow,2,0.93573827,1,"[3.70582, -2.15529, 12.67052, 0.8274, -6.16084, -4.26816, 0.10876, -10.37899, -0.16601, -6.78363, 1.15182, 6.00464, -1.65556, -1.6932, 9.94688, -9.44179, -8.19973, 6.23775, -10.15406, -1.42747, -1.81814, 0.20299]"
43,sub10,supLP120,3,sub10-a__0013__crossarms.npy,5,crossarms,5,0.9754362,1,"[-1.38651, 0.74561, -3.81536, 7.11762, 0.26273, 11.00279, -0.46973, 4.94679, -3.09896, -1.63893, 1.06508, -3.23804, -4.03475, 3.24169, -2.25856, 4.46759, 1.39892, -3.01174, 2.5212, -1.31634, -0.80613, -1.795]"
43,sub10,supLP120,3,sub10-a__0014__crossarms.npy,5,crossarms,5,0.94248897,1,"[-1.69222, 0.44182, -3.60127, 6.93406, 1.99623, 10.22061, -0.40052, 4.27774, -2.72835, -1.00326, 1.97361, -3.11329, -5.16336, 6.21798, -1.79136, 3.84515, 1.58891, -2.84014, 1.22224, 0.17766, 0.33098, -2.81795]"
43,sub10,supLP120,3,sub10-a__0015__crossarms.npy,5,crossarms,5,0.97698486,1,"[-1.81392, 0.92077, -3.6946, 6.8376, 1.34427, 10.98709, -0.55908, 3.88537, -2.28095, -1.23479, 2.36676, -3.3774, -5.44045, 5.77643, -2.31351, 4.14318, 0.77394, -2.34898, 0.66898, 0.79928, 0.01584, -2.38796]"
43,sub10,supLP120,3,sub10-a__0016__crossarms.npy,5,crossarms,5,0.95391583,1,"[-1.04654, 0.98214, -3.75599, 6.80689, 2.27495, 10.3874, -0.54047, 4.24342, -2.46757, -1.03715, 2.32147, -3.23312, -5.57106, 6.25314, -1.97883, 3.69768, 1.23063, -2.72562, 0.8538, 1.00805, 0.09623, -3.06727]"
43,sub10,supLP120,3,sub10-a__0017__crossarms.npy,5,crossarms,5,0.97348106,1,"[-1.6667, 0.51835, -3.62419, 6.45565, 1.39535, 10.73595, -0.29052, 4.57541, -2.29272, -1.26422, 2.23229, -3.39254, -5.34184, 6.08676, -2.44038, 4.01884, 0.39901, -2.30356, 0.65787, 0.48566, 0.58509, -2.20106]"
43,sub10,supLP120,3,sub10-a__0018__airpunch.npy,1,airpunch,18,0.827198,0,"[-0.79214, 7.69775, -0.48834, 0.34981, -2.88703, -1.06467, -3.04442, 2.12962, -1.24129, -3.87048, -1.99736, 0.91639, -0.96174, -3.24839, -1.11915, 0.7087, 0.29582, -1.01066, 9.27343, 1.04695, -5.31913, -3.54501]"
43,sub10,supLP120,3,sub10-a__0019__airpunch.npy,1,airpunch,1,0.99216676,1,"[3.44474, 10.28884, -4.23708, 4.52014, 1.11075, 2.24286, -1.85021, -4.68764, 2.43934, -2.29375, 3.72498, -2.50363, -1.75125, 1.97863, 2.91439, -0.42425, 2.03448, -1.88546, 0.26765, 2.00095, -5.15413, -1.655]"
43,sub10,supLP120,3,sub10-a__0020__airpunch.npy,1,airpunch,1,0.99556184,1,"[2.01471, 10.64332, -1.23787, 0.18, -7.63737, -0.8678, -7.91531, -5.33552, 4.2735, -6.72399, 1.86203, 2.52726, 0.05569, -5.29858, -0.24318, 0.99868, -2.01635, 1.91843, 4.30142, 0.31493, -9.63407, -4.02113]"
43,sub10,supLP120,3,sub10-a__0021__airpunch.npy,1,airpunch,1,0.98790014,1,"[-2.12584, 10.00169, -2.5961, 4.1363, -8.14262, 0.3882, -4.42117, -4.30087, 3.09863, -5.45906, 0.74218, -0.35333, 1.06167, -2.67185, -2.94729, 4.40133, -3.79723, 2.67166, 4.38808, 0.34619, -6.95082, -3.31907]"
43,sub10,supLP120,3,sub10-a__0022__airpunch.npy,1,airpunch,18,0.9336071,0,"[-0.33994, 8.09365, -1.51026, -0.68798, -3.22723, -1.60276, -3.84259, 0.06456, -1.91514, -4.87691, -0.77346, 1.64267, 0.55456, -3.74318, 0.08681, 0.71303, 0.81504, -0.58423, 10.74272, 0.72374, -5.97145, -2.91279]"
43,sub10,supLP120,3,sub10-a__0023__airpunch.npy,1,airpunch,1,0.95306194,1,"[0.98411, 11.00252, -1.45809, 0.97664, -5.49814, -0.34795, -6.21808, -2.16047, 1.19519, -5.73366, 0.60157, 0.93682, -0.20541, -3.30043, -1.4381, 2.69448, -1.66829, 0.91146, 7.9798, 0.80253, -7.76982, -4.59225]"
43,sub10,supLP120,3,sub10-a__0024__airpunch.npy,1,airpunch,1,0.99560887,1,"[2.85764, 11.50482, -0.6699, 0.8907, -7.29722, -0.73581, -9.17576, -3.12351, 5.03504, -7.43722, 2.02388, 2.14767, -1.9382, -5.19652, 0.25686, 2.4339, -1.67769, 2.23978, 5.4085, 0.02112, -10.43559, -4.10579]"
43,sub10,supLP120,3,sub10-a__0025__drink.npy,7,drink,7,0.99992895,1,"[0.29347, 2.52615, -3.4882, 2.52061, -0.26506, 2.56591, -2.71055, 14.50329, -1.62557, -1.65571, -0.52407, -4.09292, -2.45516, -5.16817, -2.60416, 2.29878, -2.03621, -3.78466, 4.40162, -2.62294, -1.25776, 2.06545]"
43,sub10,supLP120,3,sub10-a__0026__drink.npy,7,drink,7,0.99989164,1,"[0.2656, 2.54311, -3.2069, 1.65243, -1.36373, 1.61774, -3.1595, 13.86596, -1.13457, -2.08814, 0.07029, -4.04071, -1.94228, -6.23164, -2.54933, 1.84268, -2.90953, -3.03581, 4.19264, -3.0443, -1.6355, 2.69333]"
43,sub10,supLP120,3,sub10-a__0028__drink.npy,7,drink,7,0.99993026,1,"[-0.64513, 2.14655, -3.70405, 2.66295, -1.10212, 2.40235, -3.34003, 14.03758, -0.94545, -2.14534, -0.22155, -4.31803, -2.41916, -6.05381, -2.51048, 1.71823, -3.00003, -2.35088, 3.20903, -2.92412, -1.22595, 2.98984]"
43,sub10,supLP120,3,sub10-a__0029__drink.npy,7,drink,7,0.99997973,1,"[-0.49824, 1.11097, -2.9594, 1.2414, -1.77083, 2.37128, -2.12972, 15.57995, -1.68004, -1.64841, -0.44353, -4.57395, -2.45033, -5.40242, -2.77567, 2.36044, -4.0537, -2.99279, 3.6687, -2.63584, -0.42713, 3.87986]"
43,sub10,supLP120,3,sub10-a__0030__drink.npy,7,drink,7,0.99996996,1,"[-0.58816, 1.27158, -2.87658, 1.95597, -0.80465, 2.27509, -2.54705, 15.37498, -1.46882, -1.89905, -0.71525, -4.52071, -2.43018, -5.2546, -2.83415, 1.76307, -3.71293, -2.91857, 3.27377, -3.12541, -0.38385, 4.46917]"
43,sub10,supLP120,3,sub10-a__0032__brushteeth.npy,3,brushteeth,3,0.9859321,1,"[-2.2416, 0.90973, -3.52013, 9.63151, 0.24495, 5.03957, -0.1432, 2.10589, -1.75787, 0.09285, -0.32004, -4.14208, -3.51059, 2.81352, -3.38857, 2.59799, 0.95436, -3.26514, 2.33815, -0.34484, 1.38938, -2.00112]"
43,sub10,supLP120,3,sub10-a__0033__brushteeth.npy,3,brushteeth,3,0.9231658,1,"[-2.48838, -0.06063, -3.39974, 8.39666, 0.50061, 4.72195, 0.52438, 3.19905, -2.94444, 0.93022, -1.03853, -4.2088, -4.09329, 5.18787, -2.89774, 2.78396, 1.27014, -3.66727, 2.31706, -0.33807, 2.69369, -2.67413]"
43,sub10,supLP120,3,sub10-a__0034__brushteeth.npy,3,brushteeth,3,0.9869326,1,"[-1.47676, 2.06678, -3.49482, 9.76671, 0.52767, 5.18445, -0.56517, 2.63136, -1.69694, 0.2769, -0.09782, -4.72009, -3.02952, 0.1222, -3.69084, 1.69531, 1.44244, -3.41252, 2.54496, -1.08034, 0.44789, -1.6691]"
43,sub10,supLP120,3,sub10-a__0035__brushteeth.npy,3,brushteeth,3,0.96398574,1,"[-2.18528, 0.46665, -3.22578, 8.46904, 0.85646, 4.45872, -0.01688, 3.08684, -2.49768, 1.13397, -0.86299, -4.41806, -3.62699, 3.31534, -3.10885, 1.98626, 1.67477, -3.87207, 2.53046, -0.78534, 2.03487, -2.24073]"
43,sub10,supLP120,3,sub10-a__0036__highfive.npy,8,highfive,8,0.9967631,1,"[2.45351, 9.1381, -2.51758, 4.89918, -13.80188, -0.27036, -11.67611, -8.35374, 14.90122, -6.93206, 4.29352, 0.89446, 1.90304, -9.74447, -2.99779, 1.69266, -3.84434, 3.77581, -4.39582, -5.65369, -11.33148, 3.58291]"
43,sub10,supLP120,3,sub10-a__0037__highfive.npy,8,highfive,8,0.99966264,1,"[3.87963, 6.62792, -2.58857, 3.12238, -13.18356, -1.66598, -10.90471, -7.21515, 15.23298, -5.76677, 4.30163, 0.28386, 2.62543, -10.86059, -2.90387, 1.7091, -5.02816, 3.51008, -5.592, -6.14466, -9.5365, 6.08128]"
43,sub10,supLP120,3,sub10-a__0038__highfive.npy,8,highfive,8,0.9995216,1,"[3.51247, 4.1743, -2.37288, 2.40157, -12.88402, -2.20281, -9.83237, -6.2756, 14.71352, -4.14654, 3.15893, -1.04681, 3.18471, -10.30071, -2.69409, 2.20696, -5.37595, 2.62925, -5.15766, -6.38552, -6.39954, 6.90141]"
43,sub10,supLP120,3,sub10-a__0039__highfive.npy,8,highfive,8,0.9998853,1,"[4.04007, 6.52476, -1.97369, 3.18786, -14.02348, -1.34725, -11.22382, -8.06915, 16.04372, -6.447, 3.85773, 0.74677, 2.75227, -10.8198, -2.20768, 1.52165, -4.36601, 3.69409, -5.64774, -6.49722, -9.99267, 5.25815]"
43,sub10,supLP120,3,sub10-a__0040__highfive.npy,8,highfive,8,0.9998497,1,"[5.45667, 6.81928, -2.14558, 2.56033, -15.03772, -1.59973, -12.17406, -9.79478, 16.26918, -6.89332, 5.93445, 1.06999, 3.22727, -11.15269, -0.81638, 0.05609, -4.18899, 3.87263, -7.02723, -5.62907, -10.6349, 4.86995]"
43,sub10,supLP120,3,sub10-a__0041__highfive.npy,8,highfive,8,0.9998448,1,"[6.14107, 6.88622, -2.13111, 2.27651, -14.38408, -1.61798, -11.35682, -8.55035, 16.21601, -6.76192, 4.43851, 1.40334, 2.54751, -11.5423, -1.05349, 0.36035, -3.54864, 3.12877, -5.52862, -6.18621, -11.21954, 4.88574]"
43,sub10,supLP120,3,sub10-a__0042__wave.npy,21,wave,21,0.9996537,1,"[0.78436, 2.5315, -2.04535, 4.03758, -5.38899, 3.48181, -4.90716, 4.3957, 5.62137, -3.8024, 2.39455, -1.95823, -0.91454, -7.82329, -2.81523, 1.98972, -5.29386, -0.47211, -0.91034, -6.58726, -5.06479, 14.14471]"
43,sub10,supLP120,3,sub10-a__0045__wave.npy,21,wave,21,0.98913735,1,"[1.36909, 5.24757, -2.73628, 4.04114, -7.62224, 3.47481, -7.1566, 1.88789, 8.08727, -4.89386, 3.63324, -1.69871, -0.36944, -9.24922, -2.78793, 1.31146, -5.29503, 0.56196, -2.4687, -6.80373, -6.67602, 12.69659]"
43,sub10,supLP120,3,sub10-a__0046__wave.npy,21,wave,21,0.99973387,1,"[1.87644, 3.91565, -2.22488, 3.59834, -6.01965, 2.26285, -5.77804, 3.53465, 7.20321, -3.75445, 2.70315, -1.95153, -0.57563, -8.79382, -2.94396, 0.49613, -4.6901, -1.00569, -2.70068, -7.24701, -6.05157, 15.54338]"
43,sub10,supLP120,3,sub10-a__0048__bow.npy,2,bow,2,0.9803545,1,"[5.48848, -3.95298, 12.92809, -0.00304, -6.5867, -5.21231, -1.0043, -10.72538, -1.02436, -5.97186, 2.35249, 5.56366, -1.75217, -1.92973, 8.9144, -9.77931, -9.6791, 5.68398, -10.39996, -0.13694, -0.39189, 0.24046]"
43,sub10,supLP120,3,sub10-a__0049__bow.npy,2,bow,2,0.9893742,1,"[4.33449, -3.82368, 13.41457, 0.47341, -6.26698, -4.79459, 0.58454, -9.90114, -1.58085, -5.68106, 1.73746, 5.04197, -2.08652, -1.33635, 8.79782, -10.23362, -9.70498, 5.79264, -10.40456, 0.30422, 0.48293, -0.01546]"
43,sub10,supLP120,3,sub10-a__0050__bow.npy,2,bow,2,0.986199,1,"[3.96756, -3.628, 13.58284, 0.25015, -5.51777, -4.76023, 1.25131, -9.81294, -1.44348, -6.27078, 0.86395, 5.59642, -2.48767, -1.10936, 9.24365, -9.50394, -9.31652, 6.03479, -10.01883, -0.02215, -0.59667, -0.09905]"
43,sub10,supLP120,3,sub10-a__0051__bow.npy,2,bow,2,0.9612662,1,"[4.67677, -3.56768, 13.42515, 0.09962, -6.64121, -4.82144, 0.00366, -10.50775, -0.81532, -6.84409, 1.55329, 6.40706, -2.5283, -2.11661, 10.15364, -9.6648, -9.45524, 6.76203, -10.42292, -0.1398, -1.34051, -0.04713]"
43,sub10,supLP120,3,sub10-a__0052__crossarms.npy,5,crossarms,5,0.9997712,1,"[-1.32458, 3.4165, -5.04438, 7.13591, 1.27416, 15.79573, -1.62163, 5.64838, -3.07844, -1.36611, 1.26902, -5.00535, -3.19414, -2.53864, -3.43682, 4.21167, 1.0, -2.43369, 2.09006, -0.65865, -2.1107, -2.68571]"
43,sub10,supLP120,3,sub10-a__0053__crossarms.npy,5,crossarms,5,0.9983308,1,"[-1.72001, 2.44805, -4.85009, 6.8288, 2.20811, 13.65233, -1.16604, 5.90329, -2.86669, -1.14553, 1.38836, -4.33768, -4.02256, 0.16219, -2.27021, 4.4631, 1.4784, -2.71833, 2.38755, -0.40153, -1.32127, -3.09461]"
43,sub10,supLP120,3,sub10-a__0055__crossarms.npy,5,crossarms,5,0.99857783,1,"[-3.06657, 0.9999, -4.44401, 6.03811, 0.12671, 13.27975, -0.85636, 5.55893, -2.35895, -1.4361, 1.78531, -4.31254, -4.12105, 1.67357, -2.53745, 4.87911, -0.32679, -1.82583, 1.51063, -0.77533, 0.04047, -1.25222]"
43,sub10,supLP120,3,sub10-a__0056__crossarms.npy,5,crossarms,5,0.9992816,1,"[-2.13541, 2.21244, -4.59813, 5.99599, 1.16134, 13.81364, -1.11037, 5.28715, -2.21475, -1.42488, 2.23768, -4.34204, -4.17078, 0.3506, -2.59964, 4.46299, 0.53694, -2.42073, 1.44462, -0.48696, -1.01711, -1.60147]"
43,sub10,supLP120,3,sub10-a__0058__airpunch.npy,1,airpunch,1,0.809234,1,"[2.91189, 11.9058, -0.60146, 2.22144, -9.36442, 0.05685, -10.44703, -5.97336, 10.45824, -7.93153, 2.2965, 1.76974, -1.77568, -7.22352, 0.44048, -0.28299, -1.33245, 3.66429, -1.58803, -2.25732, -11.26441, -0.75786]"
43,sub10,supLP120,3,sub10-a__0059__airpunch.npy,1,airpunch,1,0.9701806,1,"[-1.19735, 9.4154, -2.18852, 4.10102, -9.6763, 0.84795, -4.8193, -5.04606, 5.16536, -5.9368, 0.99394, 0.66028, 0.79856, -4.06729, -2.00098, 4.49316, -3.839, 3.08832, 3.00043, -0.69687, -8.32314, -2.62121]"
43,sub10,supLP120,3,sub10-a__0060__airpunch.npy,1,airpunch,1,0.96764934,1,"[0.29656, 10.86984, -1.40873, 1.04804, -7.51975, -0.14278, -6.23411, -3.50972, 3.33579, -5.64138, 1.2348, 1.16889, 0.01685, -4.35921, -1.1805, 3.75762, -1.65564, 1.26096, 7.4194, 0.31495, -9.14323, -4.75407]"
43,sub10,supLP120,3,sub10-a__0062__airpunch.npy,1,airpunch,1,0.9967693,1,"[-0.70319, 12.12196, -2.24259, 2.26771, -7.08566, -0.94949, -7.947, -2.92787, 5.24508, -5.95904, 1.432, 1.15463, -0.51819, -5.09679, -1.32851, 3.08385, 0.02615, 1.74472, 5.88158, -0.91361, -9.70757, -3.89393]"
43,sub10,supLP120,3,sub10-a__0063__drink.npy,7,drink,7,0.99997103,1,"[0.26654, 0.64412, -2.26187, 2.30677, -0.8941, 3.3234, -1.84052, 15.57781, -1.89261, -2.2533, -0.81355, -3.58829, -3.01869, -3.71701, -2.85298, 2.42987, -3.55584, -3.59299, 4.512, -2.427, -0.20082, 3.13699]"
43,sub10,supLP120,3,sub10-a__0064__drink.npy,7,drink,7,0.99995327,1,"[0.01448, 2.9101, -3.5559, 2.67351, -0.53071, 2.60916, -3.37329, 14.59074, -0.78059, -2.02955, -0.52513, -4.45691, -2.38878, -6.10442, -3.03703, 1.37016, -2.87853, -2.97532, 3.36755, -3.12224, -1.54002, 2.93956]"
43,sub10,supLP120,3,sub10-a__0065__drink.npy,7,drink,7,0.99998665,1,"[-0.08169, 0.52044, -2.64698, 1.09308, -1.80467, 3.39644, -0.99586, 16.43981, -2.48579, -1.96101, -0.92474, -4.25121, -2.4199, -4.03552, -3.25739, 2.5432, -4.07835, -3.23446, 4.82781, -2.41708, 0.39148, 2.00485]"
43,sub10,supLP120,3,sub10-a__0066__drink.npy,7,drink,7,0.9999783,1,"[-0.05024, 2.73643, -3.39638, 1.66564, -0.62045, 2.32254, -2.93368, 15.51667, -1.22185, -1.95493, -0.80802, -4.9489, -2.03193, -6.0121, -3.17134, 1.24089, -3.118, -2.94175, 4.27395, -3.18226, -1.0353, 2.31664]"
43,sub10,supLP120,3,sub10-a__0067__drink.npy,7,drink,7,0.9999505,1,"[0.62893, 2.44908, -3.2271, 2.66851, -0.86587, 2.95527, -3.35479, 14.72582, -0.40168, -2.30606, -0.17747, -4.55104, -2.91955, -5.89802, -2.90715, 1.35989, -4.00273, -2.69992, 2.95547, -2.80314, -1.55904, 3.91543]"
43,sub10,supLP120,3,sub10-a__0068__drink.npy,7,drink,7,0.99998105,1,"[-0.66898, 1.5042, -3.23142, 0.9601, -1.32632, 2.96855, -1.53808, 15.57509, -2.26526, -1.8983, -1.17449, -4.92501, -2.27848, -5.22352, -3.26934, 1.8328, -3.81292, -2.55754, 4.23505, -2.42324, -0.21782, 1.74237]"
43,sub10,supLP120,3,sub10-a__0069__brushteeth.npy,3,brushteeth,3,0.76064724,1,"[-3.18273, 1.19295, -3.2794, 8.56523, -0.75658, 4.62953, 0.45245, 1.09699, -3.16837, -0.6844, -0.91228, -3.65747, -3.91661, 7.31585, -2.54843, 2.54736, 1.51848, -3.59682, 1.58171, 0.15268, 2.42998, -2.11485]"
43,sub10,supLP120,3,sub10-a__0070__brushteeth.npy,3,brushteeth,3,0.98914844,1,"[-1.12993, 1.86283, -3.32466, 9.66887, 0.53021, 4.81012, -0.35195, 2.40401, -1.67257, -0.18361, -0.1181, -4.35514, -2.78843, -0.11855, -3.78403, 1.89263, 1.28151, -3.38134, 2.71959, -0.81642, 0.41902, -1.57107]"
43,sub10,supLP120,3,sub10-a__0071__brushteeth.npy,3,brushteeth,3,0.98664814,1,"[-0.11023, 2.79794, -3.17688, 9.65067, 1.27057, 5.05816, -0.57967, 1.58716, -1.5135, -0.47334, 0.26641, -4.23506, -2.85463, -0.42017, -3.27867, 1.66615, 1.47914, -3.61953, 2.53449, -0.41102, -0.82034, -1.65162]"
43,sub10,supLP120,3,sub10-a__0073__brushteeth.npy,3,brushteeth,3,0.9874078,1,"[-0.60962, 1.98621, -3.27156, 9.40378, 0.95624, 4.69139, -0.29438, 2.04709, -1.69562, -0.11367, 0.43852, -4.45385, -3.21954, 1.26378, -3.49939, 1.80979, 0.84185, -3.60984, 2.27977, -0.19862, 0.25558, -1.66721]"
43,sub10,supLP120,3,sub10-a__0074__brushteeth.npy,3,brushteeth,3,0.98879224,1,"[-1.14283, 1.96715, -3.4278, 9.4122, 0.55462, 4.5236, -0.38211, 1.89986, -1.26678, 0.13159, 0.234, -4.39813, -2.78506, 0.53521, -3.75344, 1.9913, 1.14022, -3.50789, 2.55519, -0.71059, 0.33828, -1.69043]"
43,sub10,supLP120,3,sub10-a__0075__brushteeth.npy,3,brushteeth,3,0.9320756,1,"[1.12832, 4.64316, -2.73653, 9.49848, 1.36827, 6.73287, -0.84137, 0.05417, -0.7644, -1.26721, 1.38737, -3.96888, -3.40435, 0.80986, -3.2618, 0.92403, 1.20983, -3.60618, 1.64826, 0.54282, -2.27125, -2.39584]"
43,sub10,supLP120,3,sub10-a__0077__highfive.npy,8,highfive,8,0.99712294,1,"[3.9442, 8.93273, -2.40335, 3.7495, -12.86623, -1.23829, -12.4892, -9.24022, 14.91576, -6.61162, 6.7639, 1.24285, 1.38732, -9.72364, -0.67234, 1.03733, -4.70735, 4.59233, -6.60183, -4.21336, -11.88504, 3.20203]"
43,sub10,supLP120,3,sub10-a__0078__highfive.npy,8,highfive,8,0.9996141,1,"[3.28834, 7.91657, -3.25005, 4.50954, -12.92082, -0.55304, -12.2852, -8.60039, 16.01152, -6.1481, 5.63741, -0.3494, 2.27153, -10.65366, -2.95917, 1.53441, -5.60428, 4.47538, -6.69306, -5.48495, -10.35509, 5.42068]"
43,sub10,supLP120,3,sub10-a__0079__highfive.npy,8,highfive,8,0.9996841,1,"[3.54653, 7.80541, -2.85303, 4.2775, -14.06375, -0.37186, -11.64029, -8.91568, 16.04411, -6.57595, 5.23148, -0.17439, 2.4488, -10.26154, -2.87645, 1.78105, -4.8803, 4.4112, -5.91342, -5.29289, -10.11669, 4.46325]"
43,sub10,supLP120,3,sub10-a__0080__highfive.npy,8,highfive,8,0.9993304,1,"[5.45512, 6.92089, -1.83896, 2.17308, -12.72199, -1.89243, -10.53693, -8.03687, 14.64884, -6.37752, 4.30191, 1.40296, 1.52891, -10.13651, -1.1407, 0.90307, -4.4561, 3.44084, -6.04383, -5.1683, -10.96524, 5.12871]"
43,sub10,supLP120,3,sub10-a__0082__wave.npy,21,wave,21,0.998004,1,"[1.01246, 2.21182, -2.47782, 3.7178, -7.21641, 2.66346, -5.43842, 3.65722, 6.68942, -2.96619, 1.94948, -2.85898, 0.05527, -7.66434, -4.10816, 4.278, -6.45574, 0.15232, -1.99208, -7.43396, -3.87902, 13.11413]"
43,sub10,supLP120,3,sub10-a__0083__wave.npy,21,wave,21,0.99286205,1,"[1.99363, 5.23435, -2.58268, 3.91151, -8.02333, 1.37974, -7.04176, 0.90688, 8.63433, -4.34166, 2.52555, -1.04055, 1.06505, -9.45632, -3.53866, 1.47931, -4.87935, -0.00178, -2.70544, -8.3052, -7.24873, 13.61688]"
43,sub10,supLP120,3,sub10-a__0084__wave.npy,21,wave,21,0.98085773,1,"[2.41739, 4.67367, -1.79912, 3.22154, -9.61905, 0.8689, -7.29888, -1.4193, 8.71514, -5.15453, 4.48472, -0.26697, 1.7854, -9.11289, -1.98994, 0.41498, -4.14079, 0.20614, -3.09778, -7.35543, -6.93183, 12.69101]"
43,sub10,supLP120,3,sub10-a__0085__wave.npy,21,wave,21,0.9985461,1,"[1.82495, 3.33886, -2.85568, 4.08379, -6.85394, 3.22181, -5.74117, 3.52883, 6.87505, -3.49616, 3.01714, -2.59588, -0.20679, -8.37302, -3.54974, 2.21873, -5.52515, -0.52084, -2.18514, -6.85028, -5.30375, 13.58138]"
43,sub10,supLP120,3,sub10-a__0086__wave.npy,21,wave,21,0.99916327,1,"[0.7052, 4.09985, -2.5151, 4.5716, -6.77296, 3.55528, -6.92851, 3.05669, 8.3082, -3.65162, 3.1143, -2.74815, -0.45263, -9.05434, -3.75228, 1.22874, -6.55117, 0.69491, -4.45266, -6.9152, -5.36956, 15.45179]"
43,sub10,supLP120,3,sub10-a__0087__bow.npy,2,bow,2,0.9717852,1,"[4.11972, -2.9614, 12.62728, 0.86776, -6.81441, -4.70072, -1.29464, -10.61496, -0.70196, -6.60694, 3.34521, 6.2548, -0.94968, -1.97211, 8.97639, -9.87004, -9.22367, 5.7615, -10.34976, 0.18159, -1.3272, -0.10013]"
43,sub10,supLP120,3,sub10-a__0088__bow.npy,2,bow,2,0.98535466,1,"[3.46132, -2.89255, 13.3019, 0.86396, -6.34982, -4.57408, 1.0363, -9.7277, -0.97861, -6.7974, 1.71374, 6.12656, -2.23623, -1.11873, 8.94454, -9.45649, -9.46346, 6.58277, -10.02003, 0.5805, -0.64088, -0.04055]"
43,sub10,supLP120,3,sub10-a__0089__bow.npy,2,bow,2,0.8857406,1,"[5.67258, -2.78513, 12.63501, 0.47447, -7.28037, -4.40122, -2.50601, -11.12002, 0.00356, -7.33616, 2.30128, 6.08958, -2.55453, -2.89469, 10.54877, -10.19551, -9.17107, 6.60853, -10.81331, -0.60981, -1.91584, 0.01159]"
43,sub10,supLP120,3,sub10-a__0090__bow.npy,2,bow,2,0.94064003,1,"[5.76591, -3.80727, 12.6929, 0.09615, -6.30423, -4.61503, -1.04231, -10.30641, -0.96179, -6.31862, 1.45847, 5.63864, -2.4676, -2.52396, 9.88891, -9.63798, -9.46471, 5.38057, -10.43752, -0.49334, -1.60585, 0.17415]"
43,sub10,supLP120,3,sub10-a__0091__bow.npy,2,bow,2,0.9947455,1,"[3.42933, -4.30579, 13.76409, -0.25455, -5.72837, -5.34061, 3.13619, -8.64905, -2.13489, -5.1077, 0.40183, 4.5351, -2.52303, -1.25848, 8.43163, -10.09293, -9.11745, 5.59647, -9.45778, 0.84564, 1.64232, -0.32584]"
43,sub10,supLP120,3,sub10-a__0092__crossarms.npy,5,crossarms,5,0.9978332,1,"[-0.47455, 2.90415, -4.8715, 6.44706, 1.21028, 13.86972, -1.31255, 7.33219, -3.47284, -1.89833, 1.20323, -4.52953, -3.22517, -1.85808, -2.85818, 4.28807, 1.2795, -3.08772, 3.38589, -0.77248, -2.03517, -3.17325]"
43,sub10,supLP120,3,sub10-a__0093__crossarms.npy,5,crossarms,5,0.9988606,1,"[-1.05449, 3.49682, -4.95645, 6.08547, 2.1764, 13.63922, -1.45565, 5.86039, -2.39271, -1.38675, 2.04177, -4.37284, -4.21309, -1.32286, -1.9133, 4.61828, 1.26244, -2.87774, 2.23386, -0.10859, -2.29193, -3.08514]"
43,sub10,supLP120,3,sub10-a__0094__crossarms.npy,5,crossarms,5,0.99936575,1,"[-3.25952, 1.49665, -4.85932, 6.57232, 0.19312, 14.36379, -0.97183, 5.57369, -2.75239, -1.46348, 1.78064, -4.75272, -3.99576, 0.38994, -2.68271, 4.58842, -0.48125, -1.31493, 1.56648, -0.06079, -0.30692, -2.2346]"
43,sub10,supLP120,3,sub10-a__0095__crossarms.npy,5,crossarms,5,0.9997625,1,"[-2.10414, 2.46334, -4.81124, 6.25762, 0.55028, 14.96173, -1.62175, 4.85, -2.2958, -1.36513, 2.41109, -4.48243, -3.64033, -2.08499, -2.48481, 4.18379, 0.29121, -2.02203, 1.54849, -0.18512, -1.68665, -1.70116]"
43,sub10,supLP120,3,sub10-a__0096__crossarms.npy,5,crossarms,5,0.9990231,1,"[-3.35979, 0.99687, -4.51158, 6.64372, -0.25063, 13.89473, -0.83351, 5.02269, -2.60591, -1.78541, 2.07174, -4.33929, -4.39751, 0.99259, -2.76238, 4.77427, -0.5065, -1.3162, 1.05474, -0.23048, -0.43284, -1.16326]"
43,sub10,supLP120,3,sub10-a__0098__crossarms.npy,5,crossarms,5,0.99962866,1,"[-2.88246, 1.49602, -4.66969, 6.34535, -0.13993, 14.69338, -1.05109, 5.34541, -2.82043, -1.7579, 2.2938, -4.80994, -3.90528, -0.5297, -2.9724, 4.51916, -0.58146, -1.47986, 1.30199, -0.44176, -0.66361, -1.33392]"
43,sub10,supLP120,3,sub10-a__0099__airpunch.npy,1,airpunch,1,0.9960788,1,"[0.93394, 12.21188, -1.7363, 3.12015, -5.39185, -0.41374, -7.6602, 0.97416, 6.44723, -5.6887, -0.39842, 0.07256, -3.01597, -5.71226, -0.52826, 1.91246, 0.69367, 1.2015, 4.76582, -1.07771, -9.00004, -3.47452]"
43,sub10,supLP120,3,sub10-a__0100__airpunch.npy,1,airpunch,1,0.9928884,1,"[1.74964, 13.43778, -2.05019, 2.0071, -7.90821, 0.38468, -9.30167, -3.94934, 8.48862, -6.8437, 1.99459, 0.71085, -1.20838, -7.03962, -1.00638, 0.75121, 0.20618, 2.09101, 2.60166, -1.33726, -10.49063, -1.97835]"
43,sub10,supLP120,3,sub10-a__0101__airpunch.npy,1,airpunch,1,0.9919159,1,"[0.50907, 13.22551, -2.57146, 2.60529, -7.34703, 0.24185, -8.94553, -2.46376, 8.40488, -5.85256, 1.61809, -0.15564, -0.83905, -6.92437, -1.19063, 1.15951, -0.09535, 1.99968, 2.62451, -1.47364, -9.53246, -2.41989]"
43,sub10,supLP120,3,sub10-a__0102__airpunch.npy,1,airpunch,1,0.9368935,1,"[-1.44047, 9.84259, -2.84291, 3.73255, -7.95116, -0.51401, -5.6698, -3.80999, 7.07212, -5.79201, 1.44593, 0.45226, 1.54488, -4.28616, -2.32717, 2.91895, -2.90747, 2.38249, 1.43287, -0.85776, -7.99145, 0.44744]"
43,sub10,supLP120,3,sub10-a__0103__airpunch.npy,1,airpunch,1,0.99478596,1,"[0.29159, 11.70093, -1.80787, 2.4641, -8.51707, 0.17175, -7.32682, -4.00825, 6.24492, -6.03637, 1.77737, 0.3961, -0.21208, -5.57849, -1.65504, 3.13659, -1.66002, 2.37755, 4.08536, -0.20482, -9.26125, -3.97095]"
43,sub10,supLP120,3,sub10-a__0104__drink.npy,7,drink,7,0.99998176,1,"[-0.82042, 0.14483, -2.77564, 1.67692, -1.57513, 4.39167, -0.62761, 16.20642, -2.62995, -1.89146, -1.61031, -3.84405, -2.54086, -3.46622, -3.4555, 2.71836, -4.0503, -3.07395, 4.37539, -2.42037, 0.80875, 2.57427]"
43,sub10,supLP120,3,sub10-a__0106__drink.npy,7,drink,7,0.99995923,1,"[-1.03059, 0.65761, -2.9563, 2.14403, -1.80197, 3.14994, -2.2293, 14.74666, -1.43596, -2.49239, -0.75918, -4.44961, -3.10962, -4.94386, -2.93323, 2.12368, -4.49122, -1.75938, 2.97045, -2.4719, -0.23388, 3.66261]"
43,sub10,supLP120,3,sub10-a__0107__drink.npy,7,drink,7,0.99998415,1,"[0.13023, 0.55218, -2.95073, 2.72697, -1.07083, 2.9273, -1.76494, 15.57818, -1.96973, -2.26348, -0.84345, -4.00478, -3.2559, -4.17403, -2.81487, 1.66215, -3.61408, -2.80288, 3.62559, -1.66801, -0.07563, 2.32308]"
43,sub10,supLP120,3,sub10-a__0109__brushteeth.npy,3,brushteeth,13,0.5330056,0,"[-3.70895, 1.49144, -3.36064, 8.39915, -0.4175, 4.0745, 1.7232, 0.8095, -3.19098, 0.23491, -0.49609, -4.70029, -3.13032, 8.56344, -2.9587, 0.89669, 0.8396, -2.18651, 0.25205, 0.78527, 4.13647, -3.44694]"
43,sub10,supLP120,3,sub10-a__0110__brushteeth.npy,3,brushteeth,3,0.99412596,1,"[-1.72647, 2.6513, -3.51727, 10.211, 0.58811, 4.75739, -0.74992, 1.42549, -2.17532, -0.41704, 0.18983, -4.34267, -3.26979, 1.46165, -3.18381, 1.52331, 0.99187, -2.88623, 1.96581, 0.18976, 0.24601, -2.17506]"
43,sub10,supLP120,3,sub10-a__0111__brushteeth.npy,3,brushteeth,3,0.9962745,1,"[-1.4134, 2.96316, -3.71277, 10.7049, 0.87102, 4.78981, -0.73311, 1.35815, -1.53553, -0.01311, 0.41271, -4.77289, -2.17814, -0.6155, -3.73041, 0.79406, 1.87827, -3.06046, 1.79647, -0.74702, 0.13787, -1.77293]"
43,sub10,supLP120,3,sub10-a__0112__brushteeth.npy,3,brushteeth,3,0.98980343,1,"[-0.89786, 1.57573, -3.30488, 9.21601, 1.35373, 3.93416, -0.27247, 2.36356, -2.33294, 0.34233, -0.00049, -4.39522, -2.91658, 1.22221, -3.49251, 1.55106, 1.5966, -3.80604, 2.53157, -0.20393, 1.00683, -1.92629]"
43,sub10,supLP120,3,sub10-a__0113__brushteeth.npy,3,brushteeth,3,0.9853317,1,"[-0.79671, 1.49128, -3.33383, 8.88788, 1.30619, 3.95012, -0.12797, 2.78746, -2.12457, 0.75656, -0.05254, -4.77766, -2.74401, 1.19298, -3.81069, 1.21969, 1.39842, -3.85496, 2.44278, -0.66155, 1.3696, -1.90612]"
43,sub10,supLP120,3,sub10-a__0114__highfive.npy,8,highfive,8,0.99967694,1,"[4.89146, 6.54476, -2.8316, 3.50804, -13.95709, -0.56535, -10.84877, -8.99338, 15.27392, -6.04563, 5.46054, -0.5923, 2.41889, -10.00156, -2.41674, 1.62226, -6.10909, 4.13093, -6.54446, -4.71744, -8.98466, 5.35713]"
43,sub10,supLP120,3,sub10-a__0115__highfive.npy,8,highfive,8,0.99927634,1,"[2.35097, 7.55242, -3.38794, 5.02683, -12.53466, 0.87233, -10.65253, -8.01992, 15.11888, -6.56203, 5.05148, -1.10132, 1.672, -9.38839, -2.87237, 1.98543, -5.67796, 4.53312, -6.78713, -4.71763, -9.44282, 5.8094]"
43,sub10,supLP120,3,sub10-a__0116__highfive.npy,8,highfive,8,0.9976476,1,"[3.46923, 8.81615, -3.18625, 3.91167, -12.87645, -1.11057, -12.69312, -9.20302, 14.99816, -6.04079, 6.55996, 0.37846, 1.91593, -9.82494, -1.86802, 1.05967, -4.99942, 4.51597, -6.99868, -4.29195, -11.10648, 4.10165]"
43,sub10,supLP120,3,sub10-a__0117__highfive.npy,8,highfive,8,0.9962913,1,"[6.09707, 9.00669, -2.62708, 2.46437, -13.05845, -0.95064, -11.75851, -9.44897, 14.71739, -6.86345, 6.20755, 0.54659, 1.31683, -10.10357, -0.90974, -0.48668, -4.05085, 3.57122, -5.97398, -3.18303, -11.05499, 3.01357]"
43,sub10,supLP120,3,sub10-a__0119__highfive.npy,8,highfive,8,0.98616123,1,"[6.41522, 9.73917, -2.23214, 2.25542, -13.71967, -0.56119, -12.27194, -9.99918, 14.08964, -7.02036, 6.69713, 0.85179, 1.32438, -10.13679, -0.7448, -0.26096, -3.85301, 3.86443, -4.74977, -2.90983, -11.31724, 1.03936]"
43,sub10,supLP120,3,sub10-a__0120__wave.npy,21,wave,21,0.99421656,1,"[2.13404, 3.94186, -2.77526, 3.83393, -7.41556, 2.82065, -6.22142, 2.70409, 7.95985, -4.11799, 2.24975, -2.03578, -0.07028, -9.1899, -3.65761, 2.4638, -6.08878, 0.30664, -2.26617, -7.24493, -5.95496, 13.16177]"
43,sub10,supLP120,3,sub10-a__0121__wave.npy,21,wave,21,0.94021493,1,"[3.1325, 3.51827, -2.52853, 3.31568, -9.53992, 2.96256, -6.3438, -0.1409, 7.4938, -4.1082, 4.57324, -1.93729, 0.47224, -7.85238, -3.37602, 2.47963, -5.97001, 0.78287, -2.11131, -5.84592, -5.16346, 10.36337]"
43,sub10,supLP120,3,sub10-a__0122__wave.npy,21,wave,21,0.7687659,1,"[3.87952, 5.01347, -2.55726, 2.91246, -10.16827, 1.20214, -7.7838, -2.49047, 10.50127, -4.89316, 5.56698, -1.29328, 1.15765, -9.44171, -2.25242, 0.81865, -5.13426, 0.82261, -4.34898, -6.25499, -6.5553, 11.71603]"
43,sub10,supLP120,3,sub10-a__0123__wave.npy,21,wave,21,0.8043156,1,"[3.28365, 3.01316, -2.31341, 2.92283, -10.47269, 2.95505, -6.11473, -1.9579, 6.42489, -4.21201, 5.67689, -1.24368, 1.18384, -6.94609, -2.86418, 2.7995, -4.94908, 0.81028, -1.01427, -5.49059, -5.13843, 8.33791]"
43,sub10,supLP120,3,sub10-a__0124__wave.npy,21,wave,21,0.8916207,1,"[3.2671, 3.09268, -2.91922, 3.22482, -9.82856, 2.03875, -6.38619, -0.96618, 8.34153, -3.8583, 5.89058, -2.30477, 0.67655, -7.32882, -2.82038, 1.57073, -5.50364, 0.49591, -3.44299, -4.80445, -4.68834, 10.55123]"
43,sub10,supLP120,3,sub10-a__0125__bow.npy,2,bow,2,0.9944851,1,"[4.25578, -3.74678, 13.0416, 0.8078, -6.56141, -4.81925, -0.07372, -9.56492, -1.58831, -5.44156, 2.66896, 4.74233, -1.09876, -1.49687, 7.70901, -10.02086, -9.57543, 4.79477, -9.82168, 0.63097, 0.64102, 0.02696]"
43,sub10,supLP120,3,sub10-a__0126__bow.npy,2,bow,2,0.9950134,1,"[3.49404, -3.46342, 13.51632, 0.50997, -5.74132, -4.74539, 0.83198, -9.76726, -1.25818, -5.91653, 1.67246, 5.02396, -1.56591, -0.88103, 8.06999, -9.25501, -9.39504, 5.7681, -9.63659, 0.0715, 0.26089, 0.09984]"
43,sub10,supLP120,3,sub10-a__0127__bow.npy,2,bow,2,0.9955219,1,"[2.92903, -3.6876, 13.19254, 0.43384, -5.24599, -4.88636, 1.51415, -8.84941, -1.86667, -5.49113, 1.46384, 4.37765, -1.67595, -1.07239, 7.6926, -8.71594, -9.40338, 4.67382, -9.01597, 0.3072, 0.3628, 0.0946]"
43,sub10,supLP120,3,sub10-a__0129__bow.npy,2,bow,2,0.99438524,1,"[2.75688, -4.05612, 13.36553, -0.15524, -5.51043, -5.02948, 2.91961, -8.62996, -2.10077, -4.66304, 0.43405, 4.31175, -1.62164, -1.36352, 8.09013, -9.85195, -9.01406, 5.3869, -9.52233, 0.50103, 1.72796, -0.47441]"
43,sub10,supLP120,3,sub10-a__0130__crossarms.npy,5,crossarms,5,0.997869,1,"[-1.70206, 1.81441, -4.12626, 6.45848, 1.46507, 12.9017, -1.04035, 4.59906, -2.57959, -1.07093, 2.09219, -4.12851, -5.06296, 2.66728, -2.21038, 4.3324, -0.02986, -1.91814, 1.09194, 1.30497, -0.21331, -2.89372]"
43,sub10,supLP120,3,sub10-a__0131__crossarms.npy,5,crossarms,5,0.9976712,1,"[-2.15336, 1.33701, -4.06408, 6.74254, 1.05065, 13.03951, -1.02227, 4.15087, -2.43292, -1.46148, 2.42995, -3.97865, -5.39372, 3.11396, -2.09714, 4.74406, -0.12375, -1.6564, 0.58275, 1.11935, -0.31643, -2.33448]"
43,sub10,supLP120,3,sub10-a__0132__crossarms.npy,5,crossarms,5,0.9977664,1,"[-3.22086, 0.38293, -3.60162, 6.19037, -0.52271, 12.68767, -0.17798, 3.79992, -2.53988, -1.64916, 2.14856, -4.02902, -5.01908, 4.10616, -2.3524, 4.72584, -0.47446, -0.84785, 0.19544, 0.69353, 0.71636, -1.42051]"
43,sub10,supLP120,3,sub10-a__0133__crossarms.npy,5,crossarms,5,0.99833125,1,"[-3.18941, 0.86884, -4.1371, 6.42813, 0.05908, 13.18818, -0.52577, 4.8752, -2.68183, -1.54337, 2.32941, -4.44774, -4.64325, 2.71521, -2.43275, 4.66862, -0.69633, -1.31398, 0.82192, 0.45208, 0.40645, -1.87004]"
43,sub10,supLP120,3,sub10-a__0135__crossarms.npy,5,crossarms,5,0.99843806,1,"[-3.22997, 0.91894, -3.89869, 6.2781, -0.41552, 13.09933, -0.28168, 4.29521, -2.57084, -1.6397, 2.58358, -4.29949, -4.76987, 3.42944, -2.57637, 4.64042, -0.9288, -0.77244, 0.35416, 0.74605, 0.54675, -2.00467]"
43,sub10,supLP120,3,sub10-a__0136__drink.npy,7,drink,7,0.999964,1,"[-0.2236, 0.23645, -2.85081, 2.54709, -0.7853, 3.44274, -1.2707, 14.93073, -2.99577, -1.74453, -1.03438, -3.74919, -3.17776, -3.30593, -2.54133, 2.29316, -2.98211, -3.23313, 3.83141, -1.14694, 0.24271, 1.55862]"
43,sub10,supLP120,3,sub10-a__0137__drink.npy,7,drink,7,0.99995935,1,"[-0.02677, 1.86702, -3.67763, 2.45394, -0.39537, 3.19413, -2.09694, 14.69276, -2.24937, -1.55509, -0.85101, -4.3807, -2.45599, -4.87444, -2.7181, 1.57642, -2.50613, -3.18374, 3.78262, -1.71253, -0.59067, 1.08442]"
43,sub10,supLP120,3,sub10-a__0138__drink.npy,7,drink,7,0.99995184,1,"[0.28945, 1.89411, -3.58601, 2.74071, -0.5044, 3.55709, -2.44759, 14.57646, -1.71117, -1.80491, -0.55808, -4.28735, -2.32625, -5.26411, -2.94756, 1.34669, -2.91818, -3.13109, 3.29005, -2.46848, -0.70706, 2.42641]"
43,sub10,supLP120,3,sub10-a__0139__drink.npy,7,drink,7,0.99984276,1,"[0.73461, 2.07237, -3.41858, 4.10169, -0.28108, 2.96437, -2.62465, 13.58949, -1.51536, -1.97505, -0.31142, -3.67053, -3.87804, -4.43372, -2.06179, 1.92712, -2.05618, -3.13842, 3.16882, -1.1265, -1.52369, 0.76054]"
43,sub10,supLP120,3,sub10-a__0140__drink.npy,7,drink,7,0.99921596,1,"[0.80486, 4.29186, -3.35805, 4.18419, 0.26167, 1.93905, -3.65978, 12.5119, -0.6147, -2.00719, 0.19703, -3.8415, -3.49882, -5.49147, -1.17731, 1.82988, -0.56222, -3.44425, 3.97589, -1.56217, -3.07248, 0.11345]"
43,sub10,supLP120,3,sub10-a__0141__airpunch.npy,1,airpunch,1,0.9935893,1,"[1.71472, 11.55154, -0.62018, 3.48714, -6.12835, -0.25344, -9.35614, -0.21283, 6.35438, -5.73211, 1.9925, 0.19767, -2.71532, -5.75652, -0.64935, 0.59162, 0.11407, 0.49417, 3.71465, -1.20401, -9.26104, -1.6767]"
43,sub10,supLP120,3,sub10-a__0142__airpunch.npy,1,airpunch,1,0.99633384,1,"[3.12933, 11.79634, -1.46424, 1.64642, -7.97093, 0.94564, -9.96678, -5.19528, 5.94504, -5.2371, 4.04593, 0.6018, -1.12862, -6.05253, -0.60608, 0.1048, -0.63135, 2.14634, 1.55295, 0.00617, -8.94885, -3.18882]"
43,sub10,supLP120,3,sub10-a__0143__airpunch.npy,1,airpunch,1,0.9971011,1,"[1.73223, 12.04819, -1.73414, 2.2077, -7.27067, 0.49919, -8.84477, -3.46097, 5.98752, -5.73408, 2.95937, 0.26398, -0.56387, -5.30075, -1.39874, 1.84035, -1.13633, 1.52765, 3.86761, -0.00101, -9.04714, -3.47989]"
43,sub10,supLP120,3,sub10-a__0145__airpunch.npy,1,airpunch,1,0.9936985,1,"[-0.11408, 10.94583, -2.42913, 3.10507, -8.36789, 0.48566, -7.19244, -3.402, 5.52263, -5.20598, 2.21357, -0.31612, -0.1164, -5.61283, -1.64148, 2.80011, -2.21564, 2.34977, 3.80812, 0.28173, -8.0192, -3.53134]"
43,sub10,supLP120,3,sub10-a__0146__brushteeth.npy,3,brushteeth,3,0.9623062,1,"[-0.883, 3.79267, -3.59864, 10.28921, 1.80482, 6.98625, -0.97784, 1.11957, -2.201, -0.83563, 0.25227, -4.56916, -3.45049, 0.72381, -3.57724, 1.32302, 0.54582, -2.70762, 1.42463, 0.72131, -1.25077, -2.07881]"
43,sub10,supLP120,3,sub10-a__0147__brushteeth.npy,3,brushteeth,3,0.98128164,1,"[-0.27683, 1.87919, -3.39419, 9.17481, 1.03576, 4.92922, -0.68316, 2.29914, -2.51268, -0.10714, 0.21355, -4.34988, -3.0846, 0.92482, -3.31436, 1.94064, 0.77093, -3.54768, 2.12099, 0.19948, 0.39853, -1.83563]"
43,sub10,supLP120,3,sub10-a__0148__brushteeth.npy,3,brushteeth,3,0.98657924,1,"[-0.90851, 2.10417, -3.30527, 9.81828, 1.31362, 5.26238, -0.20833, 0.47348, -2.42171, -0.50608, 0.55092, -4.24803, -3.29995, 3.30857, -3.19348, 1.09441, 0.81777, -3.0579, 0.88221, 0.9705, 0.5729, -2.01559]"
43,sub10,supLP120,3,sub10-a__0149__brushteeth.npy,3,brushteeth,3,0.97730184,1,"[0.20891, 3.56502, -3.18289, 9.79164, 2.31861, 5.84518, -0.76211, 1.19149, -2.26634, -0.60989, 0.38509, -4.48742, -3.51403, 1.27254, -3.45182, 0.8305, 1.3214, -3.54214, 1.61467, 0.64661, -0.98721, -2.18452]"
43,sub10,supLP120,3,sub10-a__0150__brushteeth.npy,3,brushteeth,3,0.9859293,1,"[0.35048, 2.25694, -3.18172, 9.23528, 1.64846, 4.5827, -0.77193, 2.05611, -1.88537, -0.10985, 0.3713, -4.24265, -3.03609, 0.14639, -3.53176, 1.79783, 1.09206, -3.93388, 2.23562, 0.05483, -0.38076, -1.74917]"
43,sub10,supLP120,3,sub10-a__0152__highfive.npy,8,highfive,8,0.9781617,1,"[6.28536, 9.70779, -1.32598, 2.71353, -14.27351, -0.12275, -11.7113, -8.86298, 13.55672, -7.62663, 5.31903, 1.51476, 0.95261, -9.27066, -0.94642, 0.70173, -3.74176, 3.05747, -2.70133, -3.42265, -11.84145, 0.69114]"
43,sub10,supLP120,3,sub10-a__0153__highfive.npy,8,highfive,8,0.81994104,1,"[6.72559, 11.15294, -1.10444, 1.96342, -12.53953, -0.02832, -12.30429, -8.41998, 12.68306, -8.10294, 4.73624, 1.62396, -0.74435, -9.47345, 0.04814, -0.95279, -2.62828, 3.45145, -2.66235, -1.87612, -12.20711, -0.34498]"
43,sub10,supLP120,3,sub10-a__0154__highfive.npy,8,highfive,8,0.89684623,1,"[5.95344, 10.62414, -1.80217, 2.57449, -12.81761, 0.57986, -11.37845, -8.63328, 12.80137, -7.33047, 5.16529, 0.43706, 0.07709, -8.88387, -1.57512, 0.25848, -3.06018, 3.11945, -3.31853, -2.1111, -10.87391, 0.14271]"
43,sub10,supLP120,3,sub10-a__0155__highfive.npy,8,highfive,8,0.5138262,1,"[5.20254, 11.60928, -1.54003, 1.87444, -13.58768, 0.49309, -12.02613, -9.29547, 11.668, -8.15532, 4.85323, 1.77959, 0.62302, -9.38154, -0.1961, 0.12622, -2.51666, 3.83118, -1.07723, -1.80241, -12.12426, -2.39392]"
43,sub10,supLP120,3,sub10-a__0156__highfive.npy,8,highfive,8,0.7659355,1,"[2.41646, 11.35127, -2.32698, 3.9612, -12.86551, 1.18824, -10.48698, -8.50683, 12.53889, -7.91898, 4.1824, 0.78103, 1.06962, -8.38075, -2.26166, 1.5406, -2.28915, 3.60788, -2.2854, -2.94685, -11.46914, -0.20034]"
43,sub10,supLP120,3,sub10-b1__0001__walk.npy,20,walk,20,0.9999722,1,"[4.70098, -9.08303, -0.16987, -3.14592, -3.58848, -5.33809, -1.02679, -3.67157, -2.31283, 6.6515, 2.48065, -4.57987, 0.91892, 4.64272, -1.18994, -4.73434, -3.05377, -0.48285, -4.78119, 0.49822, 17.40727, 0.89755]"
43,sub10,supLP120,3,sub10-b1__0002__turnaround.npy,19,turnaround,19,0.79699874,1,"[1.20426, -3.06202, -4.02394, 1.39601, -4.72347, -0.66638, 0.09256, 0.82188, -3.74424, 2.68659, 0.13924, -4.2502, -0.81324, 3.26885, -2.02311, 4.4791, -6.06373, 3.20168, -2.16727, 9.49586, 8.07771, -5.01264]"
43,sub10,supLP120,3,sub10-b1__0003__walk.npy,20,walk,20,0.9999776,1,"[-3.26024, -5.9616, -4.39976, -1.82977, -2.05029, -1.42663, 2.15608, 2.88297, -4.0752, 6.95267, -0.91104, -6.73702, 0.30222, 7.66351, -4.35708, 5.24478, -4.0518, 5.77568, -1.42672, 3.49686, 18.93363, -5.80498]"
43,sub10,supLP120,3,sub10-b1__0004__turnaround.npy,19,turnaround,19,0.6742891,1,"[10.89225, -1.25779, -1.24604, -2.13886, -4.27933, 0.71084, -0.55317, 1.41072, -4.94947, -2.70017, -1.28634, -2.71663, -3.67192, -3.352, 1.06215, -5.42178, -4.37393, 0.22924, 3.341, 11.62068, 0.52554, -4.96454]"
43,sub10,supLP120,3,sub10-b1__0005__walk.npy,20,walk,20,0.9999721,1,"[2.79424, -9.25928, -2.63064, -3.12418, -1.62271, -4.90316, -1.32247, -2.19093, -2.76291, 7.56595, 0.67745, -6.03735, 0.35999, 6.58561, -2.9175, -1.96466, -3.62408, -0.70012, -4.97695, 1.38798, 18.37831, -0.62102]"
43,sub10,supLP120,3,sub10-b1__0006__turnaround.npy,19,turnaround,19,0.9855285,1,"[6.60094, -1.48564, -2.51085, 2.2546, -4.81871, -1.06788, -2.78511, -2.95688, -2.88228, 0.34922, 2.63, -3.36175, -2.14991, 0.79001, -0.69732, -2.94212, -6.67638, 3.67034, -3.3248, 11.09098, 5.07064, -4.82849]"
43,sub10,supLP120,3,sub10-b1__0007__walk.npy,20,walk,20,0.9998833,1,"[-4.92556, -4.8684, -6.01351, -0.81115, -5.07862, 0.85503, 2.85599, 2.84424, -4.03313, 6.07519, -1.35709, -7.33782, 1.6229, 8.50631, -4.6212, 7.98521, -4.86025, 6.78352, -0.85621, 3.27008, 18.19072, -7.46498]"
43,sub10,supLP120,3,sub10-b1__0008__turnaround.npy,19,turnaround,19,0.9345487,1,"[8.43067, -1.94784, -1.99708, -1.49695, -3.50822, 1.04721, -0.37378, 1.47116, -5.77711, -1.09912, -0.60019, -3.36559, -2.49789, -2.90734, -0.1317, -4.73663, -4.22223, 0.29198, 2.72533, 11.09732, 2.2333, -5.58842]"
43,sub10,supLP120,3,sub10-b1__0009__walk.npy,20,walk,20,0.9999083,1,"[4.64915, -8.24992, -1.69817, -2.89344, -5.70787, -5.01547, -1.87267, -3.38159, -1.33518, 5.2883, 2.33214, -4.23148, 1.12664, 5.0796, -2.19107, -1.51585, -3.96467, 0.30055, -4.35922, 0.51415, 15.47465, -0.03975]"
43,sub10,supLP120,3,sub10-b1__0010__turnaround.npy,19,turnaround,19,0.9156526,1,"[8.67653, 0.27182, -1.20682, 1.91853, -5.61994, -0.94203, -4.15594, -3.65442, -2.63788, -0.44857, 3.77091, -3.32244, -2.3455, -1.62481, 1.02289, -5.20057, -6.77368, 4.01798, -3.23311, 11.08812, 3.8729, -4.2893]"
43,sub10,supLP120,3,sub10-b1__0011__walk.npy,20,walk,20,0.99933964,1,"[-6.49552, -5.18515, -6.314, -2.44424, -1.11749, -0.30916, 2.10234, 2.1407, -4.83912, 8.26486, -1.19727, -6.47066, 1.45166, 11.4281, -3.65252, 6.45088, -2.41236, 5.49363, -1.4728, 3.61259, 18.80131, -7.99045]"
43,sub10,supLP120,3,sub10-b1__0012__turnaround.npy,19,turnaround,19,0.9030411,1,"[9.10964, -1.3513, -1.11874, -1.74943, -3.08546, 1.20897, -0.68285, 0.95874, -5.55608, -1.59645, -0.91984, -2.79269, -3.70182, -2.89996, 0.57214, -4.99045, -3.62198, 0.20498, 2.60411, 11.34415, 1.04568, -5.44618]"
43,sub10,supLP120,3,sub10-b1__0013__walk.npy,20,walk,20,0.9999696,1,"[5.27585, -9.14981, -1.3703, -3.36128, -4.69852, -5.34751, -1.00583, -2.5773, -1.72791, 5.57034, 2.14507, -4.6408, 0.86852, 4.86245, -2.82005, -2.02614, -4.52645, -0.41068, -3.65239, 1.95997, 16.81606, 0.64151]"
43,sub10,supLP120,3,sub10-b1__0014__turnaround.npy,19,turnaround,19,0.66048944,1,"[11.14452, 0.82221, -0.18065, 0.36633, -4.45381, 0.55922, -4.29617, -1.4327, -3.67571, -1.49872, 1.95697, -2.93005, -5.17424, -1.76162, 1.4643, -5.50966, -5.53158, 2.89673, -0.71391, 11.81073, 2.62571, -5.32828]"
43,sub10,supLP120,3,sub10-b1__0015__walk.npy,20,walk,20,0.9993236,1,"[-4.96216, -5.75985, -6.20179, -1.63828, -2.60507, 0.21109, 1.77802, 3.1625, -4.55717, 6.8772, -1.23496, -6.64244, 0.73895, 10.55987, -3.59332, 7.36727, -3.76819, 5.9666, -1.68155, 3.23812, 17.93291, -7.82924]"
43,sub10,supLP120,3,sub10-b1__0016__turnaround.npy,19,turnaround,19,0.8258575,1,"[9.77638, -1.77894, -1.04864, -2.48568, -2.87971, 0.88986, -0.23227, 2.22064, -5.63159, -1.65832, -1.42195, -2.75936, -3.5978, -3.93415, 0.73083, -5.82388, -3.72115, -0.67286, 3.44475, 11.33587, 1.46399, -5.3536]"
43,sub10,supLP120,3,sub10-b1__0017__walk.npy,20,walk,20,0.9997073,1,"[7.61222, -9.26221, -2.58779, -2.9603, -2.43854, -6.54608, -3.18103, -2.45937, -2.59857, 6.88309, 0.10686, -6.16837, -0.51399, 3.2212, -2.00376, -4.54771, -4.66662, -1.57822, -5.38108, 1.50214, 16.1533, 0.90288]"
43,sub10,supLP120,3,sub10-b1__0018__turnaround.npy,19,turnaround,19,0.8429255,1,"[9.64456, 1.68355, -0.64649, 0.67896, -3.06044, -0.2585, -4.73841, -1.65921, -3.67026, -0.63932, 2.47255, -3.08923, -4.49328, -0.7571, 1.74154, -4.83431, -4.98001, 3.54815, -0.35386, 11.33038, 3.20329, -6.77757]"
43,sub10,supLP120,3,sub10-b1__0019__walk.npy,20,walk,20,0.9938751,1,"[-5.31376, -4.84764, -6.66758, -2.18512, -1.4486, 0.73989, 1.53274, 2.80679, -5.02429, 6.88793, -1.6564, -6.44741, 0.40501, 12.17137, -3.52173, 7.11121, -3.53083, 6.02028, -1.95481, 4.476, 17.27464, -8.21991]"
43,sub10,supLP120,3,sub10-b1__0020__turnaround.npy,19,turnaround,19,0.8642696,1,"[9.74521, -0.83632, -1.34485, -1.35715, -4.32965, 1.76476, -2.03697, 0.41612, -4.88988, -2.20166, -0.24827, -3.25827, -4.01539, -3.9182, 0.70388, -4.95227, -4.92557, 1.35247, 1.30065, 11.59763, 0.49875, -5.2619]"
43,sub10,supLP120,3,sub10-b1__0022__turnaround.npy,19,turnaround,19,0.9469386,1,"[9.02532, 0.3226, -1.16609, 1.37806, -4.10876, -1.3024, -4.17339, -2.27152, -3.30871, -0.67638, 2.75423, -3.52413, -3.20672, -0.59849, 1.08974, -5.39716, -6.97478, 3.93867, -2.32061, 11.92434, 4.20543, -4.95925]"
43,sub10,supLP120,3,sub10-b1__0023__walk.npy,20,walk,20,0.9993948,1,"[-5.0114, -5.85136, -5.47309, -1.84787, -2.21698, 0.16876, 1.82599, 3.80417, -4.37024, 6.50617, -1.32475, -6.94965, 0.32925, 11.08323, -4.41777, 6.49162, -5.03443, 6.4411, -1.67409, 3.66793, 18.52366, -7.55141]"
43,sub10,supLP120,3,sub10-b1__0024__turnaround.npy,19,turnaround,19,0.9642363,1,"[7.74809, -1.21875, -1.24948, -1.73115, -3.49874, 1.20436, 0.06457, 1.60869, -5.40024, -1.4039, -0.85099, -3.07243, -3.0519, -3.97513, 0.45069, -5.39195, -3.75401, 0.09639, 2.87441, 11.05805, 1.59327, -4.96717]"
43,sub10,supLP120,3,sub10-b1__0025__hop.npy,9,hop,0,0.52671707,0,"[7.56455, -2.44933, -4.64733, -4.75933, 1.68517, -6.81394, -7.70733, -8.08954, 3.4905, 2.55154, 7.16619, -0.52263, 0.54506, -3.35863, 5.5945, -6.05139, 0.1299, -3.6384, -5.65671, -1.33322, -3.37913, 4.73748]"
43,sub10,supLP120,3,sub10-b1__0026__hop.npy,9,hop,0,0.4545031,0,"[8.1441, -3.19683, -4.03147, -5.31649, 2.63352, -6.89692, -7.36655, -7.45164, 2.3174, 3.62367, 8.06488, -0.12511, -0.00304, -2.97698, 6.72599, -7.15805, 0.29735, -4.43474, -5.03747, -0.4201, -2.63469, 3.95362]"
43,sub10,supLP120,3,sub10-b1__0027__hop.npy,9,hop,14,0.7306965,0,"[8.54173, 0.28782, -4.12947, -4.40698, 0.85612, -6.57983, -7.63199, -7.62737, 4.65207, -0.13741, 6.4697, 1.54008, -1.58453, -4.67414, 9.68605, -6.52413, 2.23664, -3.63309, -4.26183, -0.90527, -7.37765, 3.6135]"
43,sub10,supLP120,3,sub10-b1__0028__hop.npy,9,hop,14,0.45102444,0,"[6.39862, -2.01248, -4.41109, -4.197, 3.81564, -6.99754, -7.26864, -6.59508, 2.07256, 3.3412, 6.16881, -0.48895, -0.92517, -3.01022, 6.89508, -7.26896, -0.25579, -4.504, -5.85324, 0.34986, -3.35652, 3.64137]"
43,sub10,supLP120,3,sub10-b1__0029__hop.npy,9,hop,0,0.56430227,0,"[6.08293, -2.65967, -5.48224, -4.12658, 4.57516, -6.50156, -6.27722, -5.76044, 1.9423, 3.91215, 3.96505, -1.81904, -0.73568, -1.9758, 4.36607, -5.97923, -1.55168, -4.46888, -5.81408, -0.03974, -2.40492, 3.92757]"
43,sub10,supLP120,3,sub10-b1__0030__hop.npy,9,hop,0,0.53801906,0,"[6.67614, -2.99291, -5.95345, -3.74732, 5.22111, -6.60191, -6.93874, -6.06563, 1.59201, 5.76653, 4.7656, -3.22705, -0.11527, -0.6887, 2.5605, -5.8916, -1.23927, -5.13993, -5.73229, -0.90116, -0.34898, 3.6477]"
43,sub10,supLP120,3,sub10-b1__0031__jump.npy,10,jump,10,0.991121,1,"[2.89474, -3.48132, -0.8296, -2.02079, -1.39249, -5.52382, -10.09464, -10.40178, 0.31257, 5.66256, 12.97625, -3.37324, 2.9879, 2.38532, 1.749, -9.3105, -2.84995, 0.71691, -10.04714, -0.29414, 8.16547, 1.70565]"
43,sub10,supLP120,3,sub10-b1__0032__jump.npy,10,jump,10,0.99711823,1,"[13.26613, 1.29306, 0.10759, -1.21588, -9.13072, -4.48489, -14.59462, -13.4264, 5.8494, -3.21392, 19.1155, 2.08935, 1.22434, -6.01733, 7.15311, -9.56999, -4.25747, 0.84596, -10.88426, -0.55755, -4.18791, 3.74588]"
43,sub10,supLP120,3,sub10-b1__0033__jump.npy,10,jump,10,0.9533268,1,"[14.72886, 0.22405, -0.59016, -2.14946, -8.68515, -5.65364, -13.80727, -13.3639, 5.80081, -2.47359, 17.74617, 1.03389, 1.93238, -6.34937, 6.75038, -10.379, -4.89827, 0.0247, -10.91485, -0.72017, -2.96683, 4.64636]"
43,sub10,supLP120,3,sub10-b1__0034__jump.npy,10,jump,10,0.99890304,1,"[11.8139, -0.71564, -0.39784, -2.47513, -8.52151, -5.65032, -13.94405, -13.49577, 5.58291, -1.14555, 18.63442, 0.94154, 2.25277, -5.51131, 6.15391, -9.99115, -3.97615, 0.87877, -11.65625, -0.75729, -1.11869, 4.7774]"
43,sub10,supLP120,3,sub10-b1__0035__jump.npy,10,jump,10,0.93805283,1,"[14.62817, -1.10769, -0.85858, -2.68114, -8.45916, -5.80445, -13.22765, -12.59073, 5.38914, -1.34472, 17.34608, 0.72764, 1.86235, -6.31586, 6.19067, -9.89227, -3.61349, -0.49767, -10.82963, -0.88563, -1.57306, 5.03421]"
43,sub10,supLP120,3,sub10-b1__0036__jump.npy,10,jump,10,0.99428755,1,"[13.07064, -1.43169, 0.01697, -2.39392, -8.5423, -5.61375, -13.29046, -12.52808, 5.10182, -0.86947, 18.23088, 0.467, 1.66265, -4.43529, 4.89963, -9.69942, -4.50879, 0.47637, -10.89563, -0.15931, 0.11222, 4.51228]"
43,sub10,supLP120,3,sub10-b1__0037__runonspot.npy,13,runonspot,13,0.9999794,1,"[-1.95675, 0.5443, -2.40343, 4.6062, 5.91777, -0.26338, -1.00158, -3.73549, -1.91758, 1.94421, 3.6882, -3.63273, -2.60389, 17.09643, -3.05504, 0.58711, 0.24669, -2.73536, -1.03364, 2.191, 2.70101, -3.966]"
43,sub10,supLP120,3,sub10-b1__0038__runonspot.npy,13,runonspot,13,0.9994418,1,"[-1.57506, 0.82263, -3.51983, 3.82203, 8.593, -1.68788, -2.1425, -2.83575, -1.90301, 2.76852, 1.86799, -3.52656, -2.7791, 16.09934, -2.75627, 0.65563, 2.05985, -3.72775, -0.39083, 0.86717, 0.89479, -3.46759]"
43,sub10,supLP120,3,sub10-b1__0039__runonspot.npy,13,runonspot,13,0.99999535,1,"[-3.59253, -0.01677, -3.48024, 4.43815, 5.01639, 0.52121, -0.16112, -2.01702, -2.81425, 1.51153, 1.43063, -3.9324, -1.80987, 18.00523, -2.9043, 2.30183, 1.72418, -2.41897, 0.06648, 1.1032, 3.65924, -4.87365]"
43,sub10,supLP120,3,sub10-b1__0042__buttkicks.npy,4,buttkicks,4,0.99949193,1,"[-1.6884, -1.31116, -7.4541, -1.82506, 18.56202, -3.93506, -4.9605, -1.86831, -3.7517, 10.97038, -3.28652, -7.14458, -1.92555, 4.08194, 0.70982, -4.55275, 5.28643, -5.67045, -6.57333, -0.95207, 5.12115, -3.81301]"
43,sub10,supLP120,3,sub10-b1__0044__buttkicks.npy,4,buttkicks,4,0.9993837,1,"[-3.91161, 0.03035, -6.45542, 0.35073, 16.23715, -3.96856, -4.37018, -2.18727, -2.10131, 8.24592, -2.70892, -7.42108, -2.05352, 8.02233, -0.36691, -2.74643, 4.11556, -5.12808, -4.75644, -1.48091, 3.00777, -2.32917]"
43,sub10,supLP120,3,sub10-b1__0045__buttkicks.npy,4,buttkicks,4,0.9998789,1,"[-1.63074, -0.24558, -8.14202, -1.45421, 18.64855, -4.51891, -5.7723, -2.00042, -2.44855, 9.61904, -2.5229, -6.47638, -1.78521, 3.6018, 1.47263, -5.34546, 4.72367, -6.46921, -6.20424, -1.27411, 1.52612, -1.71354]"
43,sub10,supLP120,3,sub10-b1__0046__buttkicks.npy,4,buttkicks,4,0.998538,1,"[-3.13725, -0.73588, -6.95265, -0.67279, 16.5191, -3.9892, -4.70527, -1.93868, -3.20212, 9.97591, -3.25421, -8.11927, -1.38091, 5.44501, -0.1873, -3.76966, 4.14212, -5.46137, -5.22123, -1.39173, 4.19506, -3.2384]"
43,sub10,supLP120,3,sub10-b1__0047__airkick.npy,0,airkick,0,0.9999497,1,"[15.01236, -2.60036, -3.18342, -3.83296, 2.1469, -5.00054, -2.17674, -2.00594, -0.60461, 1.29884, -0.41475, 1.1421, -1.72306, -3.93374, 4.87443, -6.33911, -0.17925, -7.3949, 0.1041, 0.33914, -5.94872, 2.73004]"
43,sub10,supLP120,3,sub10-b1__0049__airkick.npy,0,airkick,0,0.8944742,1,"[11.31583, -2.00231, -4.22101, -0.96685, 8.06435, -4.64938, -8.53871, -6.63811, -0.05901, 5.74395, -1.01382, -3.57847, -4.63803, -2.78205, 8.73052, -13.67652, -0.08672, -4.48726, -10.75319, -0.45959, 0.47488, 0.49263]"
43,sub10,supLP120,3,sub10-b1__0050__airkick.npy,0,airkick,14,0.7641257,0,"[7.87871, -2.09507, -2.77148, -1.59317, 4.39166, -4.42358, -7.60181, -6.33312, -1.33716, 3.90951, -2.70747, -1.74129, -3.32481, -1.72688, 9.10363, -9.46851, -1.33496, -1.23757, -7.58541, -1.61785, 0.33087, -3.86675]"
43,sub10,supLP120,3,sub10-b1__0051__airkick.npy,0,airkick,14,0.7096261,0,"[8.41454, 2.09944, 1.12159, 2.40643, 2.76664, -2.7364, -9.05682, -7.10535, 0.95838, 1.27853, 1.90979, -1.00741, -6.92141, -0.51243, 9.32029, -8.4843, -2.37495, 0.65302, -9.08421, -0.16319, -1.69697, -3.69733]"
43,sub10,supLP120,3,sub10-b1__0052__airkick.npy,0,airkick,0,0.55260664,1,"[9.61618, -3.78966, -2.40453, -1.60403, 2.97904, -6.21815, -5.69374, -6.62239, -0.4348, 3.37605, -2.48678, -1.22916, -2.63233, -1.39845, 9.40059, -8.64494, -3.29635, -1.50768, -8.07275, -2.16091, -0.3798, 0.36501]"
43,sub10,supLP120,3,sub10-b1__0053__airkick.npy,0,airkick,0,0.92483115,1,"[10.77629, -4.01822, -2.84731, -1.69336, 5.38754, -5.43371, -8.07411, -6.86676, -1.78349, 6.50576, 0.52784, -2.89888, -3.32226, -1.58843, 8.00252, -12.01153, -2.13677, -3.42641, -9.44028, -1.33377, 2.43384, -0.48678]"
43,sub10,supLP120,3,sub10-b1__0055__sidekick.npy,14,sidekick,14,0.990455,1,"[8.30299, -0.82131, -0.07371, -1.21704, -0.09919, -1.45475, -7.35987, -7.47214, 1.34522, -2.17853, -3.48953, 0.00888, -6.66464, -2.95462, 12.94866, -6.63883, 0.20065, 1.62929, -7.78135, -3.23976, -4.54933, -3.68863]"
43,sub10,supLP120,3,sub10-b1__0056__sidekick.npy,14,sidekick,14,0.84383315,1,"[8.96396, 0.55956, 3.314, -0.31087, -0.9533, -1.13435, -6.16036, -8.5438, 1.18502, -2.35004, -1.00387, 0.96496, -5.96396, -2.20571, 10.65667, -8.01751, -2.14131, 1.94452, -8.59467, -2.11769, -3.49463, -2.2749]"
43,sub10,supLP120,3,sub10-b1__0057__sidekick.npy,14,sidekick,14,0.9669039,1,"[5.5697, -2.57142, 2.48817, -0.17734, 0.01755, -2.8593, -10.15446, -11.08256, 0.4053, 1.16743, 5.81791, -1.5243, -2.20102, -2.34053, 9.81075, -11.27642, -3.44848, 1.37123, -12.96407, -3.21588, 0.31263, -0.25156]"
43,sub10,supLP120,3,sub10-b1__0058__sidekick.npy,14,sidekick,14,0.9954235,1,"[7.18672, -1.5824, 0.16923, -1.4844, 1.25583, -2.48319, -6.07792, -8.40125, 0.65868, -1.21747, -3.66768, 0.2252, -4.64983, -3.16345, 12.57764, -8.1469, -0.49256, 0.65746, -8.53885, -3.58009, -3.931, -1.70736]"
43,sub10,supLP120,3,sub10-b1__0059__crosstoe.npy,6,crosstoe,6,0.9894867,1,"[-1.51669, -3.16023, 1.49397, -1.15253, -2.76893, -4.00166, 12.77609, 0.46254, -5.50559, 0.4801, -4.17024, -0.11004, -1.1094, 0.23608, 2.86955, -1.80193, -0.9311, 1.3552, 1.13417, 8.21231, 3.57195, -5.31882]"
43,sub10,supLP120,3,sub10-b1__0060__crosstoe.npy,6,crosstoe,6,0.99999726,1,"[-2.72807, -3.79466, 7.53144, -0.51444, -2.93008, -5.59145, 21.08845, -0.2405, -3.70413, -2.67368, -7.02518, 2.95244, -2.49863, 2.0883, 6.90809, -2.6139, -3.96256, 2.14387, -0.0761, 6.93708, 1.9472, -3.91014]"
43,sub10,supLP120,3,sub10-b1__0061__crosstoe.npy,6,crosstoe,6,0.99996674,1,"[-2.05134, -4.27479, 4.76925, -1.72049, -2.76483, -5.11127, 19.0204, -0.73144, -2.80373, -1.85004, -4.95065, 6.46522, -0.57455, -0.29699, 8.56965, -1.2986, -0.15148, 1.05491, 2.00006, 2.49946, -1.25278, -3.08091]"
43,sub10,supLP120,3,sub10-b1__0062__crosstoe.npy,6,crosstoe,6,0.9999988,1,"[-4.07388, -3.6108, 2.98577, 0.41734, -2.02331, -4.6183, 19.30649, 1.29096, -4.43543, 0.08039, -4.59584, 2.17433, 1.51166, 1.23525, 5.42417, -0.58261, 1.17846, -0.27527, 3.12776, 2.75359, 0.98849, -3.66345]"
43,sub10,supLP120,3,sub10-b1__0063__crosstoe.npy,6,crosstoe,6,0.99997425,1,"[-2.50832, -3.23374, 1.62007, -0.72862, -1.35815, -3.82941, 16.93493, -0.03533, -5.66092, 1.09134, -3.31086, 4.32645, 2.24501, -0.76188, 5.16929, 1.82685, 3.23838, -2.28821, 5.60041, 2.37168, -1.67457, -4.2069]"
43,sub10,supLP120,3,sub10-b1__0064__throw.npy,18,throw,18,0.9997563,1,"[-0.52547, 4.4191, -0.38907, -0.26879, -2.47343, -1.84845, 0.19815, 4.24758, -6.69286, -2.4124, -1.77693, -0.52512, -1.6859, -1.80629, -0.4597, -1.11408, 1.43664, -2.0832, 13.7011, 3.99191, -0.99974, -3.97377]"
43,sub10,supLP120,3,sub10-b1__0065__throw.npy,18,throw,18,0.9996617,1,"[0.73193, 7.29125, 0.35636, -1.58319, -3.38605, -1.44217, -1.43342, 1.72779, -4.22461, -3.52569, -2.66857, 1.17624, -2.09322, -4.13111, 0.101, -0.70029, 2.49479, -1.54663, 15.30921, 2.48917, -4.28177, -3.9795]"
43,sub10,supLP120,3,sub10-b1__0067__throw.npy,18,throw,18,0.999198,1,"[3.2344, 4.32045, 0.43995, -2.76545, -1.12079, -1.34002, -0.60767, 0.56625, -6.11951, -2.49527, -2.362, 0.58592, -2.77484, -1.8935, 1.00313, -3.09956, 2.02481, -1.47075, 12.92019, 5.34584, -1.55472, -3.88819]"
43,sub10,supLP120,3,sub10-b1__0068__throw.npy,18,throw,18,0.99953985,1,"[3.66482, 4.95512, 0.17775, -2.43276, -2.63323, -0.69803, -3.32062, -0.57419, -4.75651, -3.60593, -1.75222, 1.92292, -1.68424, -4.22126, 1.12358, -3.88746, 2.40852, -2.02388, 13.10731, 3.0787, -4.38807, -3.51237]"
43,sub10,supLP120,3,sub10-b1__0069__walk.npy,20,walk,20,0.9996697,1,"[3.7788, -8.41667, -1.06956, -3.07513, -2.52266, -5.67214, -3.84834, -5.4903, -3.21605, 6.9772, 3.07849, -4.90341, 2.60818, 4.31877, -1.00318, -4.35705, -3.06357, -0.39278, -7.67487, -1.22184, 15.12941, 0.19959]"
43,sub10,supLP120,3,sub10-b1__0070__turnaround.npy,19,turnaround,19,0.98685515,1,"[6.10793, -0.35483, -2.03661, 1.85971, -3.42401, -1.10624, -2.97575, -2.81546, -3.1651, 0.40668, 3.29656, -3.39345, -1.83815, 1.15535, -0.05648, -3.30825, -6.06045, 3.55506, -2.43338, 10.8022, 4.86182, -4.91627]"
43,sub10,supLP120,3,sub10-b2__0001__walk.npy,20,walk,20,0.9998087,1,"[5.63207, -8.3126, -3.25464, -1.66805, -2.29873, -4.31421, -2.788, -1.71431, -2.14938, 6.79277, 0.48703, -6.95094, 0.13984, 4.1227, -3.17719, -1.6214, -5.23928, -1.02861, -4.06761, 1.70858, 15.68652, -0.25708]"
43,sub10,supLP120,3,sub10-b2__0002__turnaround.npy,19,turnaround,20,0.5433422,0,"[5.51546, -2.80339, 1.5427, -0.85631, -7.07772, -2.20715, -1.30618, -4.17358, -3.07248, 0.38441, 4.32215, -1.92485, 1.7676, -0.33863, 0.64228, -3.10009, -6.22758, 6.29152, -2.70184, 7.32896, 7.95846, -4.31588]"
43,sub10,supLP120,3,sub10-b2__0003__walk.npy,20,walk,20,0.99980265,1,"[-4.62219, -5.5484, -5.29205, -1.5037, -3.26148, -1.21524, 2.74137, 2.41846, -4.12908, 7.29047, -0.73136, -5.92872, 1.10304, 9.90915, -3.96321, 5.87676, -4.04716, 6.05723, -1.41518, 3.58963, 18.5482, -7.05531]"
43,sub10,supLP120,3,sub10-b2__0005__walk.npy,20,walk,20,0.9999764,1,"[6.02904, -8.77538, -0.03144, -3.40206, -7.17244, -5.5678, -2.84379, -4.53568, -1.65497, 5.73948, 4.2338, -4.80112, 1.53469, 2.84276, -1.63007, -5.90569, -4.43336, 0.99292, -6.42773, 0.80693, 17.37503, 1.4824]"
43,sub10,supLP120,3,sub10-b2__0006__turnaround.npy,19,turnaround,19,0.9867944,1,"[6.83305, -0.87538, -0.93056, 2.91712, -5.35039, -0.62637, -2.28987, -3.08035, -3.09005, 0.063, 3.77814, -4.31423, -2.59994, 0.58902, 0.27494, -5.07127, -7.44058, 4.86952, -4.43272, 11.62587, 5.91861, -4.88227]"
43,sub10,supLP120,3,sub10-b2__0007__walk.npy,20,walk,20,0.9998336,1,"[-5.56663, -5.26704, -5.80581, -1.98293, -0.16295, -1.3165, 2.63019, 3.34052, -4.91443, 8.18754, -1.35492, -6.44455, 0.07221, 9.76073, -3.88053, 5.8752, -3.74513, 6.14279, -2.06749, 5.39556, 18.7009, -7.46218]"
43,sub10,supLP120,3,sub10-b2__0008__turnaround.npy,19,turnaround,19,0.9899721,1,"[5.87629, -2.74226, -2.25551, -0.82627, -4.51997, 0.61705, 0.11788, 2.18257, -5.34349, -0.87407, -0.50387, -4.18159, -2.3425, -3.22178, -0.06253, -4.07247, -4.87323, 1.16963, 0.54263, 10.60013, 3.41967, -5.71206]"
43,sub10,supLP120,3,sub10-b2__0009__walk.npy,20,walk,20,0.9999713,1,"[4.2982, -9.1402, -1.0896, -3.59949, -3.60884, -6.27454, -3.26012, -4.82265, -2.29224, 7.57428, 3.60356, -5.71205, 2.06213, 3.71061, -1.12599, -6.1621, -3.51368, 0.16617, -7.62465, -0.37467, 18.11142, 0.95908]"
43,sub10,supLP120,3,sub10-b2__0010__turnaround.npy,19,turnaround,19,0.98267823,1,"[6.34589, -0.59853, -1.22961, 3.06728, -5.75773, -0.65128, -2.30647, -2.89006, -2.88786, 0.29358, 4.2097, -4.86298, -1.6379, 0.17815, -0.19162, -4.92131, -8.5333, 5.52365, -4.96603, 11.51542, 6.74809, -4.6601]"
43,sub10,supLP120,3,sub10-b2__0011__walk.npy,20,walk,20,0.9987949,1,"[-6.27832, -4.5073, -6.52178, -2.19666, 0.58562, -0.38516, 1.95997, 3.11353, -4.66972, 8.37641, -1.44262, -5.95536, 0.0125, 9.33383, -3.34609, 7.13354, -2.32319, 5.28694, -1.20327, 4.22922, 16.47339, -8.02046]"
43,sub10,supLP120,3,sub10-b2__0012__turnaround.npy,19,turnaround,19,0.8954679,1,"[7.11235, -2.50691, -1.78526, -1.0077, -5.81888, 0.64548, -0.31249, 1.50617, -4.42115, -1.04412, -0.63656, -3.44618, -2.23647, -4.79281, 0.46096, -4.35307, -5.05029, 1.13464, 0.54463, 9.27963, 2.1764, -5.71347]"
43,sub10,supLP120,3,sub10-b2__0013__walk.npy,20,walk,20,0.99985576,1,"[3.80599, -8.39723, -2.08885, -2.97976, -2.44683, -5.83623, -4.72573, -4.52881, -3.05062, 7.85531, 2.78202, -6.96853, 2.43741, 3.68009, -1.35193, -6.62142, -2.94762, -0.68558, -8.24718, -1.17801, 16.74226, 0.80458]"
43,sub10,supLP120,3,sub10-b2__0014__turnaround.npy,19,turnaround,19,0.9709117,1,"[4.53324, -1.51011, -1.56336, 2.62666, -4.7408, -1.33802, -1.4802, -2.72065, -3.24326, 1.25282, 3.52422, -4.74474, -1.26097, 1.79601, -0.25048, -4.16173, -7.76652, 5.90433, -5.11648, 11.69678, 8.03321, -5.24767]"
43,sub10,supLP120,3,sub10-b2__0015__walk.npy,20,walk,20,0.99928623,1,"[-5.38234, -4.05133, -5.96379, -2.51057, 0.16115, -0.42642, 2.36641, 2.90494, -4.25897, 8.08801, -1.20101, -5.70245, 0.01332, 7.18248, -3.86271, 7.61597, -3.02613, 5.83904, -1.46079, 4.88313, 16.11338, -7.4556]"
43,sub10,supLP120,3,sub10-b2__0016__turnaround.npy,19,turnaround,19,0.81132084,1,"[6.14796, -1.15657, -1.72467, -0.91026, -5.8544, 1.90473, -0.67943, 1.29782, -4.32273, -0.57237, 0.00099, -4.31133, -2.27629, -4.41395, 0.14359, -4.41449, -4.78261, 1.01809, 0.48166, 7.6637, 2.13359, -6.0296]"
43,sub10,supLP120,3,sub10-b2__0017__walk.npy,20,walk,20,0.9995957,1,"[0.44253, -7.68695, -2.56686, -3.03805, -1.34939, -5.59088, -5.4128, -4.40619, -3.88058, 9.33382, 4.8387, -7.50757, 2.80019, 3.21538, -0.10222, -7.00191, -3.2105, 0.7206, -9.66665, -0.84948, 17.16188, -0.482]"
43,sub10,supLP120,3,sub10-b2__0018__turnaround.npy,19,turnaround,19,0.9531791,1,"[4.29557, -1.30457, -1.58133, 3.30188, -5.55324, -0.90126, -0.93145, -2.19928, -3.25031, 1.13653, 3.68458, -4.89262, -0.91151, 0.93473, -0.29328, -4.07011, -8.31697, 6.05921, -5.09463, 11.20772, 8.02072, -4.64005]"
43,sub10,supLP120,3,sub10-b2__0019__walk.npy,20,walk,20,0.9995727,1,"[-5.79034, -4.37493, -4.61443, -2.80646, 0.55528, -0.98836, 3.4614, 2.82301, -4.0729, 7.21219, -0.39088, -4.9716, -0.14647, 7.57644, -2.69607, 5.16172, -3.76472, 5.44362, -2.56049, 6.55279, 16.16189, -6.29261]"
43,sub10,supLP120,3,sub10-b2__0020__turnaround.npy,19,turnaround,19,0.68228924,1,"[6.68739, -1.21424, -0.74769, -0.54822, -6.70438, 1.3854, -0.31323, 0.08259, -3.79116, -1.21156, 0.1522, -3.05082, -1.55357, -4.97677, 0.64754, -4.83539, -5.23861, 1.62841, -0.14375, 7.47956, 1.76853, -5.73913]"
43,sub10,supLP120,3,sub10-b2__0021__walk.npy,20,walk,20,0.9611792,1,"[-4.01705, -5.11012, -5.03398, -3.24638, 0.23032, -3.26063, -4.24921, -2.27077, -5.12506, 10.05142, 0.26794, -8.9482, 1.42875, 3.39677, -0.9634, 1.20138, -1.69993, 0.7524, -7.45643, 0.28092, 13.26253, -5.92247]"
43,sub10,supLP120,3,sub10-b2__0022__turnaround.npy,19,turnaround,19,0.9159854,1,"[1.22103, -1.82288, 1.10644, 0.04985, -4.61677, -0.91674, -0.0364, -1.94337, -2.37552, 1.15813, 1.92487, -2.49572, -1.83476, 1.09773, 0.05241, -1.33682, -6.27674, 6.13078, -4.01673, 9.31565, 6.28305, -5.56497]"
43,sub10,supLP120,3,sub10-b2__0023__walk.npy,20,walk,20,0.99923766,1,"[-5.70395, -4.65739, -5.65358, -2.06213, 1.84232, -0.64824, 2.32138, 3.22341, -4.80421, 8.415, -1.94415, -5.37738, -0.43084, 8.42999, -3.36561, 6.72942, -2.27339, 4.29007, -1.31892, 4.65204, 16.40395, -7.17076]"
43,sub10,supLP120,3,sub10-b2__0024__turnaround.npy,19,turnaround,19,0.92412114,1,"[3.49458, -2.54381, -2.40284, -0.83581, -5.18887, 0.53665, -0.48224, 1.4118, -4.1709, 0.47735, -0.28596, -4.16066, -2.07628, -3.96071, 1.21525, -1.60371, -4.05346, 1.47381, -1.18779, 6.68187, 2.69002, -6.73803]"
43,sub10,supLP120,3,sub10-b2__0025__hop.npy,9,hop,0,0.6338625,0,"[6.42908, -3.50247, -4.99051, -3.69033, 1.22897, -5.50955, -6.28406, -5.40024, -0.09751, 5.66537, 1.56117, -4.21885, -1.03647, -3.20284, 4.04713, -5.15953, -2.22735, -4.27397, -6.71635, -1.80566, -1.05823, 0.56623]"
43,sub10,supLP120,3,sub10-b2__0026__hop.npy,9,hop,9,0.5444664,1,"[6.53934, -4.19411, -4.85879, -4.05357, -1.21987, -5.52793, -6.9784, -6.12764, -0.11907, 6.81477, 3.525, -5.28893, 0.0626, -3.52331, 3.35089, -4.33402, -3.27165, -3.58425, -7.80433, -1.8191, 1.38613, 0.39521]"
43,sub10,supLP120,3,sub10-b2__0027__hop.npy,9,hop,0,0.64543664,0,"[7.16183, -4.22373, -5.11156, -3.92631, 2.11177, -6.27761, -7.31731, -6.45061, -0.01731, 6.31896, 3.17921, -4.00458, -0.89245, -2.7478, 4.75049, -6.36477, -1.79226, -4.65784, -7.62629, -1.89059, -0.03806, 0.91817]"
43,sub10,supLP120,3,sub10-b2__0028__hop.npy,9,hop,0,0.7231506,0,"[6.89236, -3.39676, -5.5371, -3.71005, -0.31471, -5.1513, -6.60037, -5.16246, 0.05733, 5.87088, 1.75274, -4.62185, -0.38451, -3.0329, 2.42621, -3.29856, -3.78875, -4.0329, -6.26656, -1.03862, -0.71424, 0.59588]"
43,sub10,supLP120,3,sub10-b2__0029__hop.npy,9,hop,9,0.91531456,1,"[3.50528, -2.71605, -5.37353, -2.83362, 0.88872, -4.86569, -5.06376, -3.8099, -0.58802, 6.20341, 1.02354, -4.72901, -0.83621, -1.31654, 0.93193, -1.81881, -2.82359, -3.31073, -5.96044, -0.63699, 0.10924, 0.30999]"
43,sub10,supLP120,3,sub10-b2__0032__jump.npy,10,jump,10,0.8775338,1,"[3.63578, -1.50515, 0.19049, 1.14503, -4.3954, -0.67327, -10.30218, -9.41748, 1.01604, 2.75587, 8.91839, -3.25362, -1.1837, -4.87214, 6.88198, -6.716, -1.86111, 1.57183, -10.2362, -4.16695, -1.07241, -0.77039]"
43,sub10,supLP120,3,sub10-b2__0033__jump.npy,10,jump,10,0.8542893,1,"[3.90587, -2.49441, -1.48398, -0.271, -3.29624, -1.70606, -10.40806, -8.55218, 0.25619, 3.87336, 8.36127, -3.95698, -0.36941, -4.50252, 6.43907, -7.43847, -1.48972, 0.04649, -10.51442, -3.426, -0.06878, -0.63795]"
43,sub10,supLP120,3,sub10-b2__0035__jump.npy,10,jump,10,0.8992646,1,"[7.05694, -1.41696, 0.13866, 0.32353, -5.40252, -1.81213, -12.52177, -10.88987, 2.03095, 1.56377, 10.55708, -3.07521, -1.10594, -5.71136, 8.04802, -9.13193, -3.1609, 0.07334, -11.47661, -3.30426, -2.02837, 0.42899]"
43,sub10,supLP120,3,sub10-b2__0036__jump.npy,10,jump,10,0.965247,1,"[7.07374, -0.3258, -0.32551, 0.97402, -7.62601, -1.31398, -13.16542, -11.54666, 3.08633, -0.13343, 11.8409, -1.77435, -0.39117, -6.54608, 8.23876, -8.5675, -2.50192, 1.05507, -11.76732, -3.12178, -3.84784, 0.42513]"
43,sub10,supLP120,3,sub10-b2__0037__runonspot.npy,13,runonspot,13,0.41672188,1,"[-5.86811, 0.59322, -5.79069, 2.72262, 2.86566, 0.14267, -3.51564, -0.79668, -3.65906, 6.98702, 2.61006, -8.57099, 0.70889, 7.57327, -2.14004, -0.70331, 1.60836, -0.4908, -4.04492, 0.84139, 7.36525, -5.11259]"
43,sub10,supLP120,3,sub10-b2__0038__runonspot.npy,13,runonspot,13,0.8941667,1,"[-4.15201, 2.15693, -5.08343, 3.53739, 4.12389, -0.37429, -3.90474, -1.07378, -3.07995, 5.611, 1.77784, -7.92012, -0.94279, 8.16358, -2.123, -0.76114, 2.13954, -1.98181, -2.43033, 0.32688, 2.95242, -3.89736]"
43,sub10,supLP120,3,sub10-b2__0039__runonspot.npy,13,runonspot,13,0.8924022,1,"[-6.04968, 1.89944, -6.45832, 2.60983, 2.07929, 1.23284, -1.92988, 1.98808, -3.88256, 5.61668, -0.44366, -9.39292, -1.38001, 8.93061, -2.72418, 3.53341, 2.5197, -0.58621, -1.90183, 0.58034, 6.30487, -6.80366]"
43,sub10,supLP120,3,sub10-b2__0040__runonspot.npy,13,runonspot,13,0.81898844,1,"[-5.13542, 1.48316, -6.69921, 3.3815, 3.24947, 0.93027, -2.89848, 1.92064, -3.69209, 5.73466, 0.61589, -8.89241, -0.63874, 8.16042, -3.96444, 1.70406, 2.26781, -0.777, -0.78358, -0.14752, 5.92878, -5.73499]"
43,sub10,supLP120,3,sub10-b2__0041__runonspot.npy,13,runonspot,13,0.4878648,1,"[-4.58375, 2.90846, -6.75481, 3.97618, 4.74889, 0.09982, -4.53055, -1.07493, -3.08806, 6.23677, 1.44441, -8.6445, -0.13844, 6.64738, -2.48325, -0.69791, 4.30033, -2.73781, -2.15409, -0.67903, 3.37331, -4.51464]"
43,sub10,supLP120,3,sub10-b2__0042__buttkicks.npy,4,buttkicks,4,0.897528,1,"[-2.1642, 1.29549, -7.92953, -0.26507, 10.1713, 0.34409, -6.55998, -0.13477, -2.44337, 7.96574, -0.39178, -8.11402, -1.26307, 0.23152, 1.07427, -0.3813, 4.48445, -2.40131, -5.21091, -3.68153, 0.95502, -4.93788]"
43,sub10,supLP120,3,sub10-b2__0043__buttkicks.npy,4,buttkicks,4,0.99743205,1,"[0.03893, 0.33107, -6.75895, -1.26805, 14.1178, -3.46538, -6.81488, -2.41049, -1.50393, 8.14569, -1.73572, -6.93913, -2.13869, -0.05563, 2.1753, -5.05575, 3.02718, -4.71011, -6.71584, -2.06813, -0.44499, -2.55426]"
43,sub10,supLP120,3,sub10-b2__0044__buttkicks.npy,4,buttkicks,4,0.9832297,1,"[-2.43425, 1.92922, -7.95475, -0.55039, 12.86526, -1.94268, -7.08353, 0.08731, -1.81201, 8.77638, -1.52408, -8.53806, -1.4093, 1.60948, -0.19037, -2.25895, 4.56366, -4.4267, -5.22167, -3.20794, 1.38147, -2.84001]"
43,sub10,supLP120,3,sub10-b2__0045__buttkicks.npy,4,buttkicks,4,0.96739274,1,"[-2.10599, -0.23426, -7.05082, -1.23657, 13.469, -1.42823, -6.99259, -2.38474, -2.93192, 10.07616, -0.30087, -7.49974, -1.795, 0.07954, 1.50038, -4.16277, 3.83374, -2.427, -7.59779, -3.49018, 2.43047, -4.55833]"
43,sub10,supLP120,3,sub10-b2__0046__buttkicks.npy,4,buttkicks,4,0.96950644,1,"[-1.40794, -0.08615, -7.34662, -0.80104, 13.52078, -1.13012, -6.63405, -0.64142, -3.28204, 10.05503, -0.70628, -8.05593, -0.92979, 0.22779, 0.94778, -5.18521, 4.83793, -3.84075, -6.71614, -3.98302, 2.87748, -3.51622]"
43,sub10,supLP120,3,sub10-b2__0047__buttkicks.npy,4,buttkicks,4,0.9908703,1,"[-2.81524, 0.77336, -7.75058, 0.36623, 14.02417, -1.07874, -7.46016, -2.19404, -2.20747, 9.27456, 0.45691, -6.29258, -1.16798, 1.11962, 1.68639, -5.13648, 6.50281, -3.41825, -6.70798, -3.47278, 1.89898, -4.68267]"
43,sub10,supLP120,3,sub10-b2__0049__airkick.npy,0,airkick,0,0.6833103,1,"[5.32148, -1.98757, -2.28368, -2.2135, -2.98155, -1.19451, -2.08285, 0.1383, -2.66442, -0.85159, -2.56848, -1.58088, -2.73357, -4.56784, 3.26197, -4.41778, -1.86933, -0.11197, 0.75701, 4.13676, -1.97133, -5.45232]"
43,sub10,supLP120,3,sub10-b2__0050__airkick.npy,0,airkick,0,0.73448193,1,"[4.48951, -1.23415, -3.49792, -0.07866, -3.67676, 1.97842, -4.32231, -1.26103, -2.20312, -1.29021, -0.29503, -2.24722, -1.20176, -5.22686, 1.57238, -1.2067, -0.95239, 2.30785, -0.91315, 1.75785, -2.33269, -4.98797]"
43,sub10,supLP120,3,sub10-b2__0051__airkick.npy,0,airkick,19,0.74476206,0,"[1.29114, -1.37977, -4.25192, -0.8347, -1.80595, 0.43081, -1.78103, 1.81059, -3.7462, 1.44089, -1.97164, -4.04133, -1.44858, -2.72357, 0.46651, 0.97701, -0.99193, 0.68844, 0.15496, 4.39149, 1.05391, -6.72231]"
43,sub10,supLP120,3,sub10-b2__0052__airkick.npy,0,airkick,0,0.947061,1,"[6.40261, 0.60259, -2.10136, 0.18405, -4.70179, 0.93272, -5.15231, -2.3858, -0.07859, -2.87876, -0.65495, -0.76835, -1.21479, -5.08741, 0.84278, -0.88874, -1.90342, 2.3684, 0.38769, 2.36116, -4.36163, -4.52328]"
43,sub10,supLP120,3,sub10-b2__0053__airkick.npy,0,airkick,17,0.40884987,0,"[0.38531, -1.14774, -4.33421, 0.18213, -2.59739, 1.35989, -3.39302, 0.25206, -2.5927, 0.62693, -0.98465, -4.18139, -1.81323, -2.18389, 0.47489, 3.17336, -1.95225, 3.80138, -2.291, 3.17919, 1.39934, -6.60151]"
43,sub10,supLP120,3,sub10-b2__0054__airkick.npy,0,airkick,17,0.5047533,0,"[2.63708, 2.91604, -3.12227, 1.19005, -4.45339, 0.81468, -4.02349, -2.30724, 0.38447, -2.34545, -0.2011, -1.66054, -1.91474, -5.18274, 1.1711, 1.87861, -1.86288, 4.23152, -1.42923, 2.79861, -3.08998, -4.74859]"
43,sub10,supLP120,3,sub10-b2__0055__sidekick.npy,14,sidekick,9,0.75630456,0,"[-1.81379, -1.4409, -3.4075, -1.19007, 3.13716, -0.57001, -7.48487, -4.00721, -2.84127, 6.25216, 1.24533, -6.48802, 1.18502, -0.43375, 4.86312, -3.35983, -1.71535, -2.13359, -8.87413, -3.06906, 1.72908, -3.97]"
43,sub10,supLP120,3,sub10-b2__0056__sidekick.npy,14,sidekick,14,0.9986243,1,"[3.34797, -1.71867, 0.86111, 1.48517, -2.39136, -0.13468, -8.5979, -7.69853, -0.39599, -1.36687, 0.48009, 0.89541, -3.14468, -2.66438, 10.72921, -4.26572, -1.8121, 3.05427, -8.76543, -3.57642, -3.66986, -6.4086]"
43,sub10,supLP120,3,sub10-b2__0057__sidekick.npy,14,sidekick,14,0.9993325,1,"[2.07202, -3.42441, -0.77053, 0.1849, -0.13144, -1.68542, -4.00568, -4.01688, -3.34735, 0.62531, -2.02137, -2.23864, -3.88838, -2.02875, 10.02272, -3.55781, -2.62178, 0.45177, -6.93698, -1.44079, -2.25528, -6.26199]"
43,sub10,supLP120,3,sub10-b2__0058__sidekick.npy,14,sidekick,14,0.8367566,1,"[-2.11892, -1.96352, -5.13227, -2.01334, 3.66298, 0.29705, -5.29929, -3.48565, -3.15445, 5.2387, -1.19127, -5.50594, -0.88291, -0.84066, 7.08496, -1.54404, -1.68988, -0.40765, -7.6196, -1.35802, 0.19175, -6.53154]"
43,sub10,supLP120,3,sub10-b2__0060__sidekick.npy,14,sidekick,14,0.9997168,1,"[1.82533, -1.90038, -0.86637, 0.03533, -0.40213, -1.06743, -7.95375, -7.65757, -0.71913, 0.63819, 0.09168, -0.73555, -1.9531, -2.52588, 11.05442, -4.39142, -1.74636, 1.5379, -9.9147, -4.42382, -3.06346, -5.26978]"
43,sub10,supLP120,3,sub10-b2__0061__sidekick.npy,14,sidekick,14,0.9913271,1,"[-0.76028, -1.482, -3.65793, -0.71448, 2.29259, -0.21191, -7.4803, -6.54583, -1.09174, 4.2947, 0.52968, -3.80044, -0.08574, -2.50847, 9.26202, -5.1003, 0.68405, 0.2929, -10.07583, -4.57664, -0.70571, -4.80822]"
43,sub10,supLP120,3,sub10-b2__0062__crosstoe.npy,6,crosstoe,6,0.99714416,1,"[-0.45556, -2.39133, 0.20148, -1.23346, -3.07462, -2.97436, 13.14702, 0.9623, -7.34679, 1.25645, -4.37346, -0.50378, -0.16045, -0.6792, 2.76618, 0.8402, 1.75912, -1.07406, 6.98394, 5.85399, 1.6474, -6.10973]"
43,sub10,supLP120,3,sub10-b2__0063__crosstoe.npy,6,crosstoe,6,0.9989317,1,"[-1.83919, -3.58473, -0.14471, -0.98188, -3.69954, -3.20947, 14.19247, 1.58249, -6.44536, 0.54044, -4.38117, -0.3623, 0.2217, -0.38317, 2.53337, 1.35835, 0.97355, -0.01316, 5.70633, 7.10328, 2.44632, -5.76894]"
43,sub10,supLP120,3,sub10-b2__0064__crosstoe.npy,6,crosstoe,6,0.9425127,1,"[-1.53213, -2.28909, -0.65189, -0.97759, -2.83307, -1.88172, 9.08343, 0.99238, -6.40708, 1.40421, -3.85105, -1.01649, 0.4718, 0.86596, 1.19925, 2.90297, 0.7167, -1.16516, 5.42253, 5.58874, 1.93425, -5.65389]"
43,sub10,supLP120,3,sub10-b2__0065__crosstoe.npy,6,crosstoe,6,0.9748092,1,"[0.25451, -2.65584, -0.11389, -1.23039, -1.82013, -3.06672, 10.56568, 0.50342, -7.39561, 1.95228, -4.70281, -0.60789, -0.08756, -0.93107, 2.87707, 1.77861, 2.02934, -2.08381, 6.57625, 5.46694, 1.04805, -6.37418]"
43,sub10,supLP120,3,sub10-b2__0066__crosstoe.npy,6,crosstoe,6,0.9922259,1,"[-0.28215, -2.58854, -0.15857, -1.31213, -2.67375, -3.22358, 12.98239, 0.54236, -7.22318, 1.23066, -3.95572, 1.34222, 1.48409, -1.1585, 4.09011, 2.14376, 4.08186, -1.95287, 8.06413, 4.40512, 0.73043, -5.91147]"
43,sub10,supLP120,3,sub10-b2__0067__crosstoe.npy,6,crosstoe,6,0.98884416,1,"[-0.49921, -1.82035, -0.27175, -1.52549, -2.20746, -3.60733, 12.74896, 0.38644, -7.82127, 1.89269, -3.96724, 0.79147, 1.21125, -1.0539, 3.59359, 1.97061, 3.98645, -2.25792, 8.21997, 3.97414, 0.74193, -5.84719]"
43,sub10,supLP120,3,sub10-b2__0068__crosstoe.npy,6,crosstoe,6,0.9999875,1,"[-3.03372, -4.73021, 3.65688, -0.21218, -0.25312, -3.42479, 18.30448, 1.21992, -6.10399, 0.76291, -5.99738, 0.35698, -1.33479, 1.30646, 5.58408, -1.66023, -0.11021, -0.22987, 0.3252, 6.64562, 2.95353, -6.41651]"
43,sub10,supLP120,3,sub10-b2__0069__throw.npy,18,throw,18,0.98999476,1,"[-1.43715, 6.34457, -2.53889, 0.47856, -1.77355, -1.13955, -2.72147, 2.53639, -3.47177, -2.07508, -1.12125, -1.30726, -1.2981, -3.45286, -0.28369, -2.21841, 3.24111, -1.31189, 11.01787, 1.29523, -2.8601, -3.25961]"
43,sub10,supLP120,3,sub10-b2__0070__throw.npy,18,throw,18,0.9973339,1,"[0.21826, 5.39092, -1.02019, -0.79251, -1.51283, -1.77773, -1.84481, 3.31585, -4.4544, -2.39764, -1.90074, 0.15856, -2.23869, -3.00695, 0.38459, -1.78343, 3.01886, -1.858, 11.5781, 2.46693, -2.21253, -3.33661]"
43,sub10,supLP120,3,sub10-b2__0071__throw.npy,18,throw,18,0.9960299,1,"[0.86845, 4.76419, -1.02631, -1.81024, -1.36865, -2.18268, -2.03012, 3.46155, -3.67528, -2.19232, -2.17851, 0.39434, -2.18018, -3.34066, 1.05769, -2.05653, 2.60061, -1.59139, 10.76084, 2.81003, -2.14247, -2.41181]"
43,sub10,supLP120,3,sub10-b2__0073__throw.npy,18,throw,18,0.9971317,1,"[3.54211, 4.65101, -0.95088, -2.36993, -2.70088, -1.01374, -3.81593, 2.61644, -1.81375, -3.65356, -1.36936, 0.87101, -2.07094, -4.60183, 1.26761, -5.33802, 1.18671, -1.33461, 11.10277, 3.28985, -3.90879, -2.3386]"
43,sub10,supLP120,3,sub10-b2__0074__throw.npy,18,throw,18,0.9112169,1,"[1.93655, 7.41558, -1.51557, -0.88864, -1.53373, -0.22867, -4.2046, 2.90476, -2.19925, -3.31845, -1.67229, 0.11537, -3.14762, -5.29387, 1.24189, -4.49331, 3.3028, -0.83926, 9.78762, 2.66028, -3.79825, -3.4854]"
43,sub10,supLP120,3,sub10-b2__0075__throw.npy,18,throw,18,0.9947337,1,"[-1.59309, 3.92511, -2.30728, 0.82958, -0.93031, -1.41483, -0.67861, 5.10515, -3.25864, -1.74277, -1.96072, -1.75866, -1.42393, -2.30103, -0.63406, -0.04672, 1.72946, -1.85568, 10.70984, 2.23102, -0.897, -3.76463]"
43,sub10,supLP120,3,sub10-b2__0076__walk.npy,20,walk,20,0.96346813,1,"[-5.77526, -3.89645, -5.94774, -3.16913, -0.1637, -1.82581, -3.66326, -0.91277, -4.94231, 10.34648, 0.21676, -9.48165, 1.82802, 3.15472, -1.48336, 1.68274, -0.61306, 1.85041, -7.01811, 0.20431, 13.62032, -7.15943]"
43,sub10,supLP120,3,sub10-b2__0077__turnaround.npy,19,turnaround,19,0.93912035,1,"[4.82442, -2.08066, -1.3298, 2.55425, -4.88261, -1.98667, -1.83883, -2.65218, -3.49052, 1.59156, 3.51898, -4.93333, -0.95337, 1.88043, 0.13975, -4.51694, -8.19827, 6.36137, -5.31564, 11.10111, 8.16916, -4.96213]"
43,sub10,supLP120,3,sub10-b2__0078__walk.npy,20,walk,20,0.99997294,1,"[-4.71923, -6.13479, -2.04236, -1.80956, 2.69892, -2.69804, 0.67941, 0.98973, -4.45037, 8.26475, 0.26047, -5.96387, 0.46633, 8.17078, -3.89333, 1.02695, -2.85803, 3.90539, -2.2243, 3.2204, 19.44046, -5.38464]"
43,sub10,supLP120,3,sub10-b2__0079__turnaround.npy,19,turnaround,0,0.80421364,0,"[7.09757, -1.03374, -1.08142, -0.80718, -6.38606, 1.70759, -1.0466, 0.54196, -3.09542, -0.97533, -0.43398, -3.26562, -2.02238, -4.45753, 0.92122, -4.29138, -4.86093, 1.01924, 0.33934, 5.61762, 0.87958, -5.7453]"
43,sub10,supLP120,3,sub10-b2__0080__walk.npy,20,walk,20,0.99314475,1,"[-1.39416, -6.31109, -3.45854, -3.0568, 0.11859, -5.78374, -5.82607, -4.73234, -4.1785, 9.59409, 3.55764, -7.21314, 3.22914, 2.69345, 0.60148, -7.09058, -1.52933, 0.80216, -10.05978, -1.50311, 14.57549, -1.68666]"
43,sub10,supLP120,3,sub10-b2__0081__turnaround.npy,19,turnaround,19,0.92933035,1,"[5.64396, -0.99992, -1.67757, 3.05248, -6.15353, -1.49121, -2.34818, -3.03436, -3.09022, 0.96961, 3.86145, -5.236, -0.28736, -0.11283, 0.48443, -5.14159, -8.85873, 6.45099, -5.3331, 10.52176, 7.51251, -4.42219]"
43,sub10,supLP120,3,sub10-b2__0082__walk.npy,20,walk,20,0.9991781,1,"[-6.8719, -4.93906, -4.22104, -2.36092, 1.58662, -0.22972, 2.19984, 4.10774, -4.87256, 6.69893, -3.21526, -5.85374, -0.4574, 9.28765, -3.7099, 6.82124, -3.45506, 4.03597, -0.69004, 4.02046, 16.5541, -5.63223]"
43,sub10,supLP120,3,sub10-b2__0083__turnaround.npy,19,turnaround,19,0.7219333,1,"[6.34345, -1.48015, -2.50265, -0.42843, -6.66107, 1.31883, -2.03517, 0.54011, -3.46769, -0.65418, 0.79293, -4.22069, -1.5558, -4.68521, 0.56478, -3.56537, -5.6501, 2.6539, -1.62855, 7.35964, 2.37085, -5.82159]"
43,sub10,supLP120,3,sub10-b2__0085__turnaround.npy,19,turnaround,10,0.44578692,0,"[2.58045, 0.33364, -0.34961, 2.79727, -7.88643, -2.80713, -0.08174, -4.70788, -1.29559, 0.4134, 7.59356, -2.40241, 5.39057, -3.01816, 3.52547, -6.14961, -5.45699, 6.66607, -6.17607, 6.88988, 6.02281, -4.02098]"
43,sub10,supLP120,3,sub10-b2__0086__walk.npy,20,walk,20,0.9974853,1,"[-5.36061, -4.25408, -4.29156, -2.46481, 0.16218, -0.25642, 2.18888, 4.14022, -4.88949, 6.14036, -2.45424, -5.19009, -0.32354, 9.36781, -4.36708, 6.65192, -4.29949, 4.811, -0.37138, 5.46896, 15.48454, -6.76411]"
43,sub10,supLP120,3,sub10-b2__0087__turnaround.npy,19,turnaround,0,0.8466544,0,"[7.02109, -0.77728, -1.08907, -0.91517, -7.23857, 1.78842, -1.99814, -0.51643, -2.55309, -1.1245, 0.90425, -3.54952, -1.35395, -4.69945, 1.20071, -4.18565, -5.12854, 2.14466, -0.99221, 5.16618, 1.45309, -5.73042]"
43,sub10,supLP120,3,sub10-b2__0088__walk.npy,20,walk,20,0.99037826,1,"[-3.0355, -5.915, -5.0627, -3.53035, -0.70289, -3.99557, -4.84647, -3.21343, -4.79206, 10.30504, 1.51612, -8.33829, 2.68347, 3.24871, -0.45783, -2.05853, -0.9801, 0.84496, -8.50965, -0.65897, 14.94075, -4.58901]"
43,sub10,supLP120,3,sub10-b2__0089__turnaround.npy,19,turnaround,20,0.58533067,0,"[4.8026, -1.89328, -0.03339, 1.70677, -6.89228, -2.09638, -0.63504, -4.11838, -2.77494, 1.25732, 5.40149, -4.20576, 2.10363, 0.08506, 0.76347, -5.45796, -8.07107, 6.72392, -5.91729, 9.01687, 9.49729, -4.96019]"
43,sub10,supLP120,3,sub10-b2__0090__walk.npy,20,walk,20,0.9994573,1,"[-6.33426, -4.5462, -4.34521, -2.52938, 0.78556, -0.58231, 2.34924, 3.16707, -5.06952, 7.23021, -2.37881, -5.30622, 0.01947, 9.32637, -4.2348, 5.37938, -2.94955, 4.52814, -0.8317, 5.17494, 17.00153, -6.80412]"
43,sub10,supLP120,3,sub10-b2__0091__turnaround.npy,19,turnaround,19,0.64113474,1,"[6.40754, -1.31744, -2.09162, -0.76638, -5.20681, 1.41621, -1.45806, 0.80478, -3.82833, 0.06519, -0.21984, -4.1501, -1.84987, -2.86873, -0.29543, -3.51417, -4.96807, 1.65387, -0.28334, 7.04102, 2.82085, -6.22651]"
43,sub10,supLP120,3,sub10-b2__0092__walk.npy,20,walk,20,0.9963014,1,"[-3.54354, -6.34381, -5.17623, -3.3968, -0.5991, -4.49831, -4.3645, -3.03031, -4.87382, 10.26663, 1.44594, -7.8791, 2.81203, 3.76708, -0.81672, -2.06331, -0.7241, 1.04306, -8.32241, -0.14312, 15.86517, -4.57002]"
43,sub10,supLP120,3,sub10-b2__0093__turnaround.npy,19,turnaround,20,0.56704366,0,"[1.65914, -2.39576, -1.62402, 2.59833, -5.20788, -1.92562, -0.49087, -3.03409, -3.17761, 2.59745, 4.02761, -5.03272, 1.42364, 1.65744, 0.28842, -3.36923, -7.3716, 6.87797, -6.10172, 9.1329, 9.51218, -5.28518]"
43,sub10,supLP120,3,sub10-b2__0095__turnaround.npy,19,turnaround,0,0.5989936,0,"[6.76889, -0.64587, -2.62822, -1.08819, -6.54534, 1.67797, -1.30165, 0.26234, -2.76305, 0.0548, -0.16577, -4.81159, -1.07254, -4.00917, -0.1041, -4.00423, -5.60447, 1.90709, -0.17643, 6.29607, 3.06976, -6.2098]"
43,sub10,supLP120,3,sub10-b2__0096__hop.npy,9,hop,20,0.75693333,0,"[-1.42959, -5.41045, -4.24778, -3.74797, 1.50539, -5.08382, -4.21128, -4.59681, -3.66707, 9.60305, 2.5703, -4.93931, 1.75094, 3.16267, -0.18586, -2.84374, 1.23035, 0.23689, -7.56169, -2.91487, 10.74256, -2.99241]"
43,sub10,supLP120,3,sub10-b2__0097__hop.npy,9,hop,9,0.8367183,1,"[5.05913, -3.78126, -5.93701, -3.31559, 2.27506, -5.10741, -6.57839, -4.9126, -0.31873, 6.97287, 2.31901, -5.61597, -0.22187, -2.14361, 3.17152, -5.25257, -1.66744, -4.55498, -7.43275, -1.43863, 1.11718, 0.62055]"
43,sub10,supLP120,3,sub10-b2__0098__hop.npy,9,hop,9,0.9890075,1,"[-0.21083, -2.39372, -5.67056, -2.44816, 2.62761, -4.11803, -5.98504, -3.89501, -1.74219, 8.74224, 2.20456, -7.00123, -0.24854, 0.18368, 0.61415, -1.6608, -0.43011, -2.7182, -6.55936, -1.83932, 3.6979, -1.48122]"
43,sub10,supLP120,3,sub10-b2__0099__hop.npy,9,hop,9,0.95776504,1,"[3.5099, -3.23586, -5.51901, -3.06681, 2.91342, -5.1333, -6.83877, -5.49809, -0.67754, 7.79637, 2.9034, -5.85843, -0.08105, -2.07617, 3.23226, -5.53959, -0.06821, -4.26596, -7.483, -2.01967, 2.06681, 0.14247]"
43,sub10,supLP120,3,sub10-b2__0100__hop.npy,9,hop,9,0.9689332,1,"[0.49927, -4.07632, -6.0815, -2.67935, 2.93236, -5.24292, -5.0826, -4.4399, -1.58651, 8.30102, 0.69403, -6.35506, -1.12218, 1.36538, 0.97005, -1.24396, -2.17964, -2.85612, -6.72546, -0.69189, 4.58812, -1.3471]"
43,sub10,supLP120,3,sub10-b2__0103__hop.npy,9,hop,0,0.9363648,0,"[8.10752, -1.88927, -4.26078, -3.4239, 1.27417, -5.94571, -5.84039, -6.03931, 1.09193, 2.997, 4.50481, -0.97067, 0.14705, -2.72526, 4.14114, -6.16349, 0.5264, -4.49072, -5.95557, -1.54, -3.71051, 3.73576]"
43,sub10,supLP120,3,sub10-b2__0104__hop.npy,9,hop,9,0.66791767,1,"[5.85822, -3.68096, -5.80639, -3.25379, 2.73426, -5.34091, -6.15245, -4.43216, -0.20163, 6.70149, 2.01888, -5.0159, -0.56789, -2.41571, 2.23244, -5.73029, -1.24382, -4.70929, -7.37555, -2.27573, 1.18837, 2.82833]"
43,sub10,supLP120,3,sub10-b2__0106__jump.npy,10,jump,0,0.71503234,0,"[11.86203, -2.05043, -0.34065, -1.33604, -7.67864, -3.41984, -12.83259, -11.86759, 3.64931, -0.87989, 10.4704, -1.2739, -1.69464, -7.65526, 9.96161, -10.98282, -3.42136, -0.42749, -12.34613, -2.43874, -3.70398, 2.32158]"
43,sub10,supLP120,3,sub10-b2__0107__jump.npy,10,jump,10,0.9172936,1,"[10.31848, -1.52372, -0.16749, -0.95316, -6.75767, -3.20407, -13.90493, -12.58708, 3.33857, 0.05895, 12.86499, -1.47844, -0.36081, -6.22159, 8.41678, -10.74571, -3.40505, -0.62514, -13.01274, -2.64614, -2.85797, 2.30956]"
43,sub10,supLP120,3,sub10-b2__0108__jump.npy,10,jump,10,0.8445669,1,"[10.19603, -1.99392, -0.29048, -1.50884, -6.69036, -3.9467, -13.32686, -12.30429, 2.94586, 0.56489, 12.26931, -0.69348, 0.02751, -7.04906, 9.42412, -10.84711, -2.96018, -0.80185, -12.41633, -3.14033, -3.44762, 1.89786]"
43,sub10,supLP120,3,sub10-b2__0109__jump.npy,10,jump,10,0.9913455,1,"[8.42876, -2.0008, -0.24269, -1.21475, -7.82882, -3.56933, -12.73006, -12.17372, 2.59615, 1.06319, 13.38718, -1.58623, 1.78765, -6.58534, 6.98417, -9.76597, -3.81699, 0.31551, -12.28402, -2.40315, -1.12574, 1.9037]"
43,sub10,supLP120,3,sub10-b2__0110__jump.npy,10,jump,10,0.93777937,1,"[9.10444, -3.01228, -1.451, -1.93656, -5.67184, -4.03909, -12.26496, -11.12486, 1.70417, 3.27575, 11.91734, -3.27688, 0.86738, -5.65068, 6.81107, -9.37666, -3.51773, -1.39343, -11.55295, -2.25139, 0.29441, 0.85519]"
43,sub10,supLP120,3,sub10-b2__0111__runonspot.npy,13,runonspot,13,0.95845026,1,"[-6.79964, 0.26876, -6.10033, 2.88749, 4.68036, 0.21288, -4.32556, -0.81121, -3.48284, 7.1813, 1.58993, -8.64717, 0.47215, 11.2022, -2.94399, 1.13611, 2.70649, -0.71091, -3.44128, -0.45774, 7.44309, -5.93052]"
43,sub10,supLP120,3,sub10-b2__0112__runonspot.npy,13,runonspot,13,0.9715782,1,"[-6.00548, -0.65053, -5.67358, 2.95972, 4.46887, -0.06058, -3.0276, -1.04208, -3.7525, 7.33997, 1.66083, -8.26026, 0.57117, 12.56241, -3.51965, -0.17719, 2.97673, -1.26836, -2.94241, 0.28684, 8.80641, -5.84031]"
43,sub10,supLP120,3,sub10-b2__0113__runonspot.npy,13,runonspot,13,0.6539826,1,"[-7.25458, -1.3864, -4.41517, 1.44514, 1.3835, -0.66479, -2.05126, -0.28595, -3.95436, 7.30002, 1.56533, -8.1908, 0.16152, 11.91675, -3.58659, 0.68129, 0.77727, 1.9734, -3.15826, 0.84235, 11.26092, -5.94335]"
43,sub10,supLP120,3,sub10-b2__0114__runonspot.npy,13,runonspot,13,0.9964575,1,"[-5.0557, -0.04218, -5.06686, 2.44439, 6.35043, -1.40896, -2.24606, -1.09958, -3.87276, 7.26313, 1.22275, -7.23213, -0.1492, 14.12637, -2.54931, -2.16467, 4.28415, -3.11477, -2.37873, 0.20562, 7.92301, -5.15649]"
43,sub10,supLP120,3,sub10-b2__0116__buttkicks.npy,4,buttkicks,4,0.9992335,1,"[-0.10443, -0.36784, -8.53633, -1.74305, 17.29987, -3.24646, -6.87835, -2.40524, -2.05486, 10.10796, -1.81118, -6.69017, -2.32048, -1.10732, 3.0581, -7.67566, 6.09461, -5.68389, -7.13943, -1.96642, 1.43345, -3.09454]"
43,sub10,supLP120,3,sub10-b2__0117__buttkicks.npy,4,buttkicks,4,0.98871326,1,"[-1.07288, -0.98738, -7.62477, -1.30608, 15.50873, -3.12979, -6.43983, -1.3157, -2.8898, 11.03115, -0.77831, -8.25556, -1.35264, 0.05526, 2.02327, -8.85961, 5.24998, -4.80096, -7.2667, -2.30401, 4.57064, -2.89858]"
43,sub10,supLP120,3,sub10-b2__0120__buttkicks.npy,4,buttkicks,4,0.99459815,1,"[-1.80825, -2.01103, -7.06105, -2.07373, 14.97306, -3.52893, -7.21158, -3.05699, -2.32539, 9.75267, -0.75218, -6.7122, -1.6743, 2.29213, 0.72382, -3.70477, 3.40622, -3.63415, -8.0017, -3.3284, 3.66801, -2.39582]"
43,sub10,supLP120,3,sub10-b2__0121__buttkicks.npy,4,buttkicks,4,0.96304077,1,"[-1.857, -2.23485, -7.67402, -1.69189, 15.1994, -3.39863, -7.19146, -2.22365, -3.42077, 11.93332, -0.64058, -9.0453, -0.61766, 2.62595, 1.11055, -7.6107, 3.84794, -4.05179, -7.55325, -3.08104, 6.70931, -3.76536]"
43,sub10,supLP120,3,sub10-b2__0122__airkick.npy,0,airkick,0,0.999926,1,"[13.77634, -3.5617, -3.0266, -3.8898, -4.5321, -3.73726, -4.60051, -5.33633, 1.78662, -0.80114, 2.06555, -0.04645, 0.69435, -3.98929, 3.81888, -5.81921, -3.62274, -4.33513, -3.82933, 0.19336, -4.54624, 1.93066]"
43,sub10,supLP120,3,sub10-b2__0123__airkick.npy,0,airkick,0,0.95609117,1,"[6.57566, 0.49523, -0.57625, -0.47693, -3.64796, -1.02581, -2.7058, -1.88925, -1.73308, -1.75364, -2.47539, -1.50543, -2.7111, -3.50261, 1.42786, -1.78705, -1.90817, -0.94373, 1.82717, 2.86941, -4.681, -3.16286]"
43,sub10,supLP120,3,sub10-b2__0125__airkick.npy,0,airkick,0,0.99993575,1,"[15.7122, -2.41817, -1.39574, -2.78759, -5.04945, -4.68558, -7.70554, -7.14543, 1.16761, -1.3816, 1.04268, 0.53733, -2.13371, -4.34352, 6.03514, -7.65046, -3.3765, -4.14223, -6.40138, -0.81027, -5.55979, 0.41174]"
43,sub10,supLP120,3,sub10-b2__0126__airkick.npy,0,airkick,0,0.9986683,1,"[14.86895, -3.6292, 0.7872, -1.86765, -7.79149, -4.93334, -8.6882, -8.73384, 2.56847, -2.98462, 2.60615, 2.07532, -1.81206, -6.09309, 8.23836, -8.22638, -5.11287, -1.17243, -8.36671, -1.20498, -6.36262, 1.05763]"
43,sub10,supLP120,3,sub10-b2__0127__airkick.npy,0,airkick,0,0.4624037,1,"[5.91502, 4.00322, -2.02302, -1.57515, -2.91904, -1.7195, -4.11147, -0.48574, -0.87013, -3.34267, -2.38148, 1.24104, -2.78453, -6.50125, 2.03926, -0.40928, 1.79848, -0.22739, 5.80512, 3.15974, -6.29527, -3.84236]"
43,sub10,supLP120,3,sub10-b2__0128__sidekick.npy,14,sidekick,14,0.9920243,1,"[0.00935, -2.55397, -1.3302, -0.20584, -0.08809, -0.69216, -7.50798, -5.18303, -1.56181, 2.28248, 1.43938, -3.40849, 0.01645, -1.93022, 7.82766, -4.80392, -3.10972, -0.2989, -10.03318, -3.7003, -1.2374, -2.96453]"
43,sub10,supLP120,3,sub10-b2__0129__sidekick.npy,14,sidekick,14,0.9978375,1,"[0.98512, -2.28562, -2.42322, -0.27392, 1.42928, -0.96173, -9.38926, -7.77275, -0.13849, 2.93363, 1.61231, -2.9402, -1.08586, -1.95581, 9.73993, -6.37741, -0.10266, 0.69472, -11.10528, -4.69231, -0.78189, -3.51329]"
43,sub10,supLP120,3,sub10-b2__0130__sidekick.npy,14,sidekick,14,0.9994517,1,"[5.14679, -1.97428, -0.91716, 0.47598, -0.57417, -1.82283, -10.96623, -8.01936, 0.31366, -0.37728, -0.0315, -0.18122, -5.00363, -3.46413, 12.71654, -6.51612, -1.10761, 1.33276, -9.24495, -3.37259, -4.27226, -6.28555]"
43,sub10,supLP120,3,sub10-b2__0131__sidekick.npy,14,sidekick,14,0.9888837,1,"[0.09406, -2.31766, -3.05077, -0.99632, 2.97109, -1.38792, -7.97321, -6.1411, -1.49455, 4.32979, 0.17612, -3.58426, -0.99422, -2.63114, 9.1248, -7.28585, 1.08414, -1.33566, -9.79873, -2.87771, -0.34559, -3.91613]"
43,sub10,supLP120,3,sub10-b2__0133__crosstoe.npy,6,crosstoe,6,0.9979962,1,"[-1.34395, -3.57586, -0.08404, -0.77948, -3.79881, -3.14703, 13.80897, 1.59558, -6.86561, 0.76678, -4.60825, -0.7754, -0.26167, 0.07815, 2.30541, 1.30541, 0.09367, -0.0016, 5.52396, 7.44168, 2.44515, -5.78863]"
43,sub10,supLP120,3,sub10-b2__0135__crosstoe.npy,6,crosstoe,6,0.99811816,1,"[-3.86054, -2.51358, -0.87381, -0.5363, -2.64443, -0.97576, 12.99082, -1.21706, -5.34106, 0.43725, -2.34942, 0.2179, 2.14628, -1.62164, 0.54152, 5.92142, -0.26407, 4.21732, 0.23223, 5.87951, 2.38359, -7.04163]"
43,sub10,supLP120,3,sub10-b2__0138__crosstoe.npy,6,crosstoe,6,0.9961766,1,"[-3.52569, -4.03234, -0.73447, -0.76875, -2.10262, -2.03679, 13.15742, -0.33749, -7.07938, 1.00492, -3.02064, -1.3235, 0.25293, -0.69877, 0.81196, 4.76064, -0.17645, 3.01785, 2.1024, 7.49791, 3.32976, -9.04505]"
43,sub10,supLP120,3,sub10-b2__0139__throw.npy,18,throw,18,0.9956553,1,"[5.25957, 3.76422, -3.96553, -0.53097, -0.70138, -1.91146, -6.41661, 4.03091, -1.31739, -3.8927, -2.11812, -0.89688, -5.6922, -0.51678, 1.74793, 1.06118, 1.69793, -1.13037, 11.33347, 4.02049, -4.54376, -4.75079]"
43,sub10,supLP120,3,sub10-b2__0140__throw.npy,18,throw,18,0.99939,1,"[2.27692, 2.88688, -2.48124, -0.14122, -2.40791, -3.08792, -2.91815, 2.88907, -3.68165, -2.52687, -0.51341, -0.7057, -2.35123, 0.72826, -1.49617, 3.10935, 0.43517, -1.52172, 12.67138, 4.78581, -3.23098, -4.9522]"
43,sub10,supLP120,3,sub10-b2__0141__throw.npy,18,throw,18,0.977505,1,"[3.1426, 4.47018, -4.46477, 0.19971, -2.45494, -1.51202, -6.70246, 2.3223, -1.46593, -3.23485, 0.03542, -1.52144, -2.04722, 0.00394, -1.47027, 4.28439, -1.42453, 0.57741, 9.14719, 2.78748, -4.26658, -3.07082]"
43,sub10,supLP120,3,sub10-b2__0143__throw.npy,18,throw,18,0.9983076,1,"[2.67545, 3.46772, -3.59141, -0.4279, -1.69394, -2.66063, -5.2703, 2.5061, -2.62035, -2.57761, -0.76658, -1.62311, -2.71921, -1.3391, -1.2062, 2.94369, 1.14244, -0.87904, 11.42841, 4.27649, -3.38022, -4.11697]"
43,sub10,supLP120,3,sub10-b2__0144__throw.npy,18,throw,18,0.99585426,1,"[3.08316, 3.47482, -4.90779, -0.02664, -0.55621, -1.46057, -6.21813, 3.07248, -1.59861, -2.81463, -1.20553, -2.43161, -3.14573, -1.6146, 0.16558, 2.27318, 1.2653, -0.5734, 10.22528, 3.0656, -4.21286, -4.3019]"
43,sub10,supLP120,3,sub10-c__0001__sit.npy,15,sit,15,0.99989164,1,"[-5.09777, 0.39128, -5.62741, -2.17157, -2.56675, 0.77896, -6.14131, 0.5722, -1.45653, 0.52839, -2.20699, -2.64806, 0.16709, -1.99821, -3.57348, 13.79848, -4.19668, 4.55385, 0.65057, -0.91224, -3.67611, -3.70319]"
43,sub10,supLP120,3,sub10-c__0003__turnaround.npy,19,turnaround,19,0.9741432,1,"[-0.4162, 0.00217, -2.20482, -3.56991, -0.29463, -4.86126, -3.5205, -2.15801, -3.36001, -0.56952, -0.89876, 1.38847, -0.50754, -1.59093, 1.98448, -2.72435, -1.24713, -0.44335, 0.71946, 6.57099, -2.9058, -2.88214]"
43,sub10,supLP120,3,sub10-c__0004__sit.npy,15,sit,15,0.9997768,1,"[-4.65738, 0.86741, -5.63411, -2.05624, -2.96605, 0.06604, -6.61616, 0.60868, -1.05216, 0.35846, -2.08151, -1.94916, 0.1471, -3.01604, -2.93088, 13.43394, -3.63078, 4.95551, 0.38046, -1.78025, -4.17903, -3.33257]"
43,sub10,supLP120,3,sub10-c__0005__stand.npy,17,stand,17,0.99774027,1,"[1.1408, -0.45989, -2.43848, -3.90374, -5.9773, -2.03937, -9.04839, -4.94336, 1.19783, -3.52875, 2.34216, -1.19846, 0.29054, -5.54682, -0.22069, -1.30349, -5.49599, 9.35357, -5.61644, 1.21877, -2.70306, 0.79249]"
43,sub10,supLP120,3,sub10-c__0006__turnaround.npy,19,turnaround,19,0.9802168,1,"[0.72854, -0.23611, -1.80712, -3.81862, -1.0332, -5.00853, -3.33749, -2.25188, -3.34428, -0.88822, -1.1308, 1.57568, -1.07127, -2.0312, 2.40743, -3.57829, -1.46046, -0.55176, 0.90278, 7.08664, -3.07396, -2.92953]"
43,sub10,supLP120,3,sub10-c__0007__sit.npy,15,sit,15,0.9999144,1,"[-4.45632, 0.64356, -5.85549, -1.77349, -3.19616, 0.73201, -6.80438, 0.99749, -1.00806, 0.30013, -1.81313, -2.41221, 0.18239, -2.91127, -3.57582, 14.10625, -3.75205, 4.60089, 1.52, -2.16006, -3.98294, -3.50644]"
43,sub10,supLP120,3,sub10-c__0008__stand.npy,17,stand,17,0.997523,1,"[-0.69556, -1.37172, -2.29359, -3.70945, -5.37031, -1.54457, -6.18037, -3.04193, -0.82601, -2.40035, 0.72403, -1.59662, 0.74555, -4.59788, -1.86696, 1.2076, -5.82153, 8.67201, -3.86372, 1.24557, -1.503, 0.19551]"
43,sub10,supLP120,3,sub10-c__0009__turnaround.npy,19,turnaround,19,0.958621,1,"[1.78582, 0.78684, -1.74078, -3.71324, -0.37542, -5.06437, -2.84428, -1.57104, -2.88812, -0.80669, -1.55892, 1.78176, -1.56072, -2.32139, 2.56325, -4.09704, -0.79042, -1.54496, 1.58336, 6.69661, -3.41366, -2.27847]"
43,sub10,supLP120,3,sub10-c__0010__sit.npy,15,sit,15,0.9998708,1,"[-4.55861, 0.66598, -5.80602, -2.01, -3.16832, 0.71418, -6.66088, 0.5852, -1.13332, 0.43196, -1.9617, -2.3347, 0.29374, -2.97085, -3.35497, 14.0022, -3.75366, 4.9684, 0.85941, -2.07972, -3.91705, -3.40479]"
43,sub10,supLP120,3,sub10-c__0011__stand.npy,17,stand,17,0.9985128,1,"[-0.60685, -1.56017, -2.62458, -3.9106, -5.77223, -2.22988, -6.35905, -3.74695, -0.47288, -1.94721, 0.66962, -1.43772, 1.2039, -4.60118, -1.58136, 1.09084, -5.58534, 9.15856, -4.63163, 0.72714, -1.106, 0.23299]"
43,sub10,supLP120,3,sub10-c__0014__stand.npy,17,stand,17,0.99748296,1,"[0.471, -0.16212, -2.89562, -3.95435, -5.78394, -2.43411, -8.52008, -5.09249, 0.47021, -3.46536, 1.38378, -0.4787, 1.27632, -5.67025, -0.05986, -0.8392, -4.62429, 8.87669, -4.90689, 1.0603, -3.43679, 0.27365]"
43,sub10,supLP120,3,sub10-c__0015__turnaround.npy,19,turnaround,19,0.9720463,1,"[0.66814, 1.53553, -2.1259, -3.44748, -0.94353, -4.5058, -3.80642, -1.67061, -2.66678, -1.43395, -0.14705, 1.31407, -1.28339, -1.4265, 1.56192, -2.39902, -1.19561, -0.59223, 2.18334, 6.86176, -3.39554, -2.58625]"
43,sub10,supLP120,3,sub10-c__0017__squat.npy,16,squat,16,0.999721,1,"[2.02899, -2.07772, -2.23026, -1.87331, 3.52932, -4.10433, -3.66088, -4.11014, 1.01469, 1.47645, -0.49852, 5.67054, -0.47392, -1.21989, 5.48156, -5.46213, 14.55113, -2.20961, -3.72902, -3.26427, -4.19138, -0.19663]"
43,sub10,supLP120,3,sub10-c__0018__squat.npy,16,squat,16,0.9996991,1,"[0.83424, -2.27889, -4.24984, -3.27972, 3.9528, -4.25183, -7.34093, -3.40652, -0.52955, 2.53661, 1.72606, 3.65992, 4.39049, -5.14368, 0.40707, -6.72678, 13.38804, -1.80984, 0.26115, -2.07967, -2.31987, -1.75609]"
43,sub10,supLP120,3,sub10-c__0019__squat.npy,16,squat,16,0.9980392,1,"[3.49286, -1.46946, -3.19127, -4.34378, 1.72841, -3.86595, -6.77832, -2.08113, -0.91899, -0.05008, 0.12893, 4.66254, 3.01154, -6.94647, 1.28491, -6.26265, 11.51178, -2.20746, 3.2036, -2.17195, -5.86976, -2.13645]"
43,sub10,supLP120,3,sub10-c__0020__squat.npy,16,squat,16,0.9995414,1,"[2.99764, -2.12421, -3.27665, -3.47849, 3.43052, -4.50338, -6.91331, -3.70364, -0.78485, 0.53638, 0.62625, 5.77877, 3.08665, -6.52062, 2.0207, -7.30917, 13.70695, -1.94421, 1.15094, -1.80265, -5.03587, -3.03699]"
43,sub10,supLP120,3,sub10-c__0021__squat.npy,16,squat,16,0.99971205,1,"[1.2573, -2.35783, -4.18538, -3.26462, 4.28505, -4.50946, -7.1875, -3.70718, -1.1023, 2.56779, 2.09287, 4.16613, 4.85041, -5.58364, 0.85492, -7.92651, 13.83667, -2.06411, 0.30746, -2.0689, -2.67392, -2.53183]"
43,sub10,supLP120,3,sub10-c__0022__pickup.npy,11,pickup,11,0.9948337,1,"[4.89837, -2.56329, 0.7112, -2.80983, -4.29578, -4.02316, -4.8355, -6.46118, 0.96291, -5.06935, 0.40048, 10.82435, 2.51978, -4.26611, 4.50838, -2.12017, 2.56028, 1.33908, -1.94245, -1.72834, -8.49805, -3.60321]"
43,sub10,supLP120,3,sub10-c__0024__pickup.npy,11,pickup,11,0.9782348,1,"[5.1795, -2.50645, 0.17658, -3.03554, -3.32913, -3.97009, -4.00923, -5.24515, 0.36006, -4.69059, -1.42793, 9.843, 1.2663, -4.71465, 5.02222, -2.96865, 4.39295, 0.36807, -1.28773, -1.66349, -8.85275, -2.96822]"
43,sub10,supLP120,3,sub10-c__0025__pickup.npy,11,pickup,11,0.99524826,1,"[5.14134, -2.94625, 0.55163, -3.33523, -4.53615, -4.58771, -5.39973, -7.4945, 0.98445, -4.76329, 1.13584, 11.35738, 3.09165, -5.3633, 5.24444, -3.38999, 2.52982, 1.7323, -2.69791, -1.56355, -8.32616, -3.33739]"
43,sub10,supLP120,3,sub10-c__0026__pickup.npy,11,pickup,11,0.99431956,1,"[4.86592, -2.41456, 0.7136, -2.77686, -4.13066, -3.59369, -3.23163, -5.6924, -0.2365, -4.88432, -1.28808, 10.52145, 2.35614, -4.58979, 3.94326, -1.48519, 2.63485, 0.58143, -0.9018, -1.27308, -8.87718, -3.42206]"
43,sub10,supLP120,3,sub10-c__0027__pushchair.npy,12,pushchair,12,0.9740665,1,"[1.01704, -3.77436, -2.12466, -3.04823, -4.00019, -2.88521, -3.14711, -3.81017, -0.29572, -0.51638, -0.27866, 4.99264, 8.70311, -4.58483, -0.90702, -1.058, -0.11965, 1.37397, -1.90653, -3.01841, -1.96397, 0.62346]"
43,sub10,supLP120,3,sub10-c__0028__pushchair.npy,12,pushchair,12,0.838483,1,"[2.64735, -2.98624, -1.53064, -3.83634, -5.44106, -4.06179, -4.97711, -5.68386, 1.91377, -1.83088, 1.11884, 6.02405, 7.7546, -6.25665, 1.28462, -3.7997, -0.20192, 1.67664, -2.41726, -2.6563, -4.10812, 0.4703]"
43,sub10,supLP120,3,sub10-c__0029__pushchair.npy,12,pushchair,12,0.9587652,1,"[1.70044, -3.60764, -2.13806, -3.09062, -3.88329, -2.16057, -3.15595, -2.89615, 0.44887, -1.03185, -1.95512, 3.6147, 7.11945, -4.48654, -1.68931, -0.01423, -0.70172, 0.89618, -0.90809, -3.12096, -2.75055, 1.22491]"
43,sub10,supLP120,3,sub10-c__0030__pushchair.npy,12,pushchair,12,0.9701723,1,"[0.44116, -3.18411, -2.11597, -2.84387, -3.99907, -2.79334, -4.4282, -4.79824, 1.07078, -0.77602, 0.84002, 4.63155, 8.28539, -4.41174, -0.38858, -1.39768, -0.41985, 2.02937, -2.48608, -2.91562, -2.11402, 0.79497]"
43,sub10,supLP120,3,sub10-c__0031__pushchair.npy,12,pushchair,12,0.9611531,1,"[1.3489, -4.10988, -2.33622, -3.13843, -2.98921, -2.10895, -2.49223, -2.60386, -0.41231, -0.58574, -2.30872, 3.70689, 7.20077, -4.22446, -1.60531, 0.26761, -0.29668, 0.55281, -1.15867, -2.9244, -2.4603, 1.20523]"
43,sub10,supLP120,3,sub10-c__0032__sit.npy,15,sit,15,0.99789184,1,"[-3.75578, 1.15455, -5.20418, -1.53659, -3.81623, -0.31185, -8.36359, -0.32769, 0.68878, -0.59561, -0.74013, -1.2553, 0.52168, -4.35007, -2.46188, 12.06942, -3.93355, 5.88045, -0.96985, -2.82781, -4.80342, -1.99128]"
43,sub10,supLP120,3,sub10-c__0034__turnaround.npy,19,turnaround,19,0.9776782,1,"[0.55879, 0.07427, -2.16919, -3.56982, -0.95388, -4.72689, -3.19464, -1.79311, -3.25641, -1.10817, -0.69701, 1.49073, -0.8178, -1.46457, 1.52161, -2.42038, -1.44168, -0.51359, 1.6835, 6.80387, -2.79964, -2.51595]"
43,sub10,supLP120,3,sub10-c__0035__sit.npy,15,sit,15,0.99931943,1,"[-4.0965, 0.4742, -5.43545, -2.00235, -3.75322, 0.27128, -6.69992, -0.05104, -0.54581, -0.09619, -1.79736, -2.03789, 0.33154, -3.67354, -3.05971, 12.89235, -4.11145, 5.56888, -0.21698, -1.52239, -4.1689, -3.02112]"
43,sub10,supLP120,3,sub10-c__0036__stand.npy,17,stand,17,0.9985222,1,"[0.70684, -0.22439, -2.81579, -3.90192, -5.79943, -1.65859, -8.75107, -4.24073, 0.89139, -3.09607, 1.386, -1.66253, 0.30641, -5.90536, -0.78639, -0.22074, -5.22076, 9.26351, -4.6187, 0.53712, -2.71847, 0.34376]"
43,sub10,supLP120,3,sub10-c__0037__turnaround.npy,19,turnaround,19,0.9494701,1,"[1.89267, 1.26912, -2.0817, -3.9812, -0.16864, -4.71006, -4.9871, -2.0761, -3.06608, -1.38232, -0.66059, 1.53906, -1.96049, -2.07158, 2.94059, -3.6672, -0.54519, -0.78247, 2.12612, 6.75082, -4.06493, -3.34855]"
43,sub10,supLP120,3,sub10-c__0038__sit.npy,15,sit,15,0.99940026,1,"[-3.88423, 1.30914, -5.87907, -1.32695, -3.77992, 0.29825, -8.79207, 0.00179, 0.74804, -0.24999, -0.5967, -1.9416, 0.54585, -4.64929, -2.90484, 13.41878, -3.87206, 5.96916, -0.62369, -3.57097, -4.67013, -2.13941]"
43,sub10,supLP120,3,sub10-c__0040__turnaround.npy,19,turnaround,19,0.96756124,1,"[0.02236, 0.80134, -2.03007, -3.22495, -0.36716, -4.57617, -2.8295, -1.56978, -2.95742, -0.66743, -0.96082, 1.32252, -0.63485, -1.68638, 1.61757, -2.7845, -1.11468, -0.84978, 0.98229, 6.31299, -2.83434, -2.29466]"
43,sub10,supLP120,3,sub10-c__0041__sit.npy,15,sit,15,0.9997434,1,"[-3.7491, 1.22784, -6.03108, -0.75592, -3.64467, 1.06937, -8.04153, 0.54972, 0.36581, -0.34145, -0.81289, -2.27997, 0.65412, -4.1243, -3.65851, 13.62687, -3.27555, 5.28082, 0.88843, -3.56111, -4.24552, -2.1574]"
43,sub10,supLP120,3,sub10-c__0042__stand.npy,17,stand,17,0.9985481,1,"[-0.16124, -0.00427, -2.88194, -3.78683, -5.31953, -1.75863, -8.67635, -4.27158, 0.82068, -3.1323, 1.67841, -1.37559, 0.51868, -5.26267, -0.58175, -0.03805, -5.15966, 9.36251, -4.84125, 0.76645, -2.59804, 0.3654]"
43,sub10,supLP120,3,sub10-c__0043__turnaround.npy,19,turnaround,19,0.95496595,1,"[1.08949, 1.0182, -1.88216, -3.76737, -0.62963, -5.15295, -3.77492, -2.25435, -2.75216, -1.14874, -0.87963, 1.82491, -1.23876, -2.06301, 2.66395, -3.32554, -1.05312, -0.66874, 1.41476, 6.56451, -3.65905, -2.69425]"
43,sub10,supLP120,3,sub10-c__0044__sit.npy,15,sit,15,0.9998828,1,"[-4.66561, 1.10587, -5.81041, -1.71889, -4.04112, 1.20152, -7.0407, 0.85418, -0.52551, -0.15724, -1.47079, -2.5446, 0.47439, -3.82249, -3.43452, 14.85494, -4.13138, 5.76093, 0.27972, -2.78648, -3.95161, -2.8328]"
43,sub10,supLP120,3,sub10-c__0045__stand.npy,17,stand,17,0.99655306,1,"[-2.02545, -1.66583, -3.13993, -3.6846, -5.21841, -1.64351, -5.84416, -2.42976, -1.08989, -1.32028, 0.19428, -1.7242, 1.55484, -4.20899, -2.37212, 2.97548, -5.77568, 9.07295, -4.28331, 0.39902, -0.63297, -0.0058]"
43,sub10,supLP120,3,sub10-c__0046__turnaround.npy,19,turnaround,19,0.97968036,1,"[1.37326, 0.83003, -1.95071, -3.71223, -0.55116, -4.38886, -4.18291, -1.93591, -3.39779, -1.2563, -0.40438, 1.20669, -1.79878, -1.65999, 2.02777, -3.10829, -1.15729, -0.67972, 2.12379, 7.23395, -3.32738, -3.24557]"
43,sub10,supLP120,3,sub10-c__0047__squat.npy,16,squat,16,0.99939406,1,"[2.82862, -0.70217, -3.44516, -3.97727, 2.9845, -4.68237, -6.92755, -2.48562, -1.38084, 1.09006, 0.76851, 3.94354, 3.88284, -7.09125, 1.02043, -7.43115, 12.5584, -2.81992, 3.27959, -1.89752, -5.25232, -3.24861]"
43,sub10,supLP120,3,sub10-c__0048__squat.npy,16,squat,16,0.99863476,1,"[3.03929, -1.75696, -3.12978, -3.20068, 3.26661, -5.12093, -7.85018, -4.23356, -0.58778, 0.5982, 1.68188, 5.21499, 4.12724, -6.77744, 1.74371, -7.94026, 12.33319, -1.87575, 1.18874, -2.20241, -5.1928, -3.2592]"
43,sub10,supLP120,3,sub10-c__0050__squat.npy,16,squat,16,0.9993069,1,"[2.9141, -1.11565, -3.05157, -4.36662, 2.57747, -4.8489, -6.97537, -1.82814, -1.41532, 0.94541, 0.57567, 4.19291, 3.29102, -7.56757, 1.1712, -7.2363, 12.42826, -2.26215, 3.68676, -2.13787, -5.20692, -3.25818]"
43,sub10,supLP120,3,sub10-c__0051__squat.npy,16,squat,16,0.99965274,1,"[2.04199, -1.41624, -3.71699, -3.30235, 3.63163, -4.58663, -7.43757, -3.00074, -1.06085, 1.44268, 1.61407, 4.21383, 4.25686, -6.69364, 1.01607, -7.24996, 13.28656, -2.21286, 2.0678, -2.11945, -4.29732, -3.11967]"
43,sub10,supLP120,3,sub10-c__0052__squat.npy,16,squat,16,0.9996842,1,"[2.35775, -1.57865, -3.875, -3.65113, 3.86709, -4.54576, -8.0663, -3.59444, -0.57891, 1.90067, 2.00587, 4.04926, 3.64487, -7.02777, 1.7938, -8.48524, 13.24194, -1.67973, 0.95999, -1.89941, -3.77404, -2.99567]"
43,sub10,supLP120,3,sub10-c__0053__pickup.npy,11,pickup,11,0.9719749,1,"[6.67035, -2.0381, 1.44948, -3.59638, -4.79271, -3.86085, -4.07053, -5.08133, 0.93535, -6.43244, -1.81683, 10.62149, 0.52088, -5.92732, 5.88482, -3.76852, 3.07334, 0.78968, 0.15369, -1.48801, -10.68493, -3.12941]"
43,sub10,supLP120,3,sub10-c__0054__pickup.npy,11,pickup,11,0.9943178,1,"[4.76524, -2.50686, 0.77337, -2.97561, -3.99285, -4.41261, -5.26298, -6.69917, 1.34972, -5.08881, 0.23192, 10.87862, 1.99744, -4.72033, 4.93542, -3.04304, 3.28658, 1.50726, -1.77835, -1.58163, -8.73327, -3.58905]"
43,sub10,supLP120,3,sub10-c__0055__pickup.npy,11,pickup,11,0.993729,1,"[6.22281, -2.5248, 1.71495, -3.70491, -5.69184, -3.97947, -3.29144, -5.77263, 0.35889, -6.3876, -1.34116, 11.6092, 1.73056, -5.93709, 5.11735, -2.67826, 1.72468, 1.36841, -0.19865, -1.18279, -10.28789, -3.14295]"
43,sub10,supLP120,3,sub10-c__0056__pickup.npy,11,pickup,11,0.9902535,1,"[5.93586, -2.48647, 1.57293, -3.32959, -5.49314, -4.09553, -4.19614, -6.13641, 0.7976, -5.90716, -0.45186, 11.0176, 1.91984, -5.63495, 5.25707, -3.36185, 2.35312, 1.32138, -1.20228, -1.64875, -9.52648, -3.46868]"
43,sub10,supLP120,3,sub10-c__0058__pickup.npy,11,pickup,11,0.96590024,1,"[6.1451, -0.3698, 1.49917, -3.23432, -5.12461, -3.20039, -4.80853, -5.26644, 1.54597, -6.67687, -1.52362, 9.92784, 0.07021, -5.67797, 5.34883, -2.83264, 3.39899, 1.17554, 0.61292, -1.09886, -10.54268, -3.87627]"
43,sub10,supLP120,3,sub10-c__0059__pushchair.npy,12,pushchair,12,0.52391636,1,"[3.85724, -2.81375, -1.44081, -3.98924, -5.00543, -3.39214, -4.48374, -5.35155, 1.51156, -2.91058, -0.06585, 6.51724, 6.70089, -5.33234, 1.34828, -1.71159, -0.87985, 0.91244, -2.32732, -2.23584, -5.6818, 0.58983]"
43,sub10,supLP120,3,sub10-c__0060__pushchair.npy,12,pushchair,12,0.92674375,1,"[3.21654, -2.97635, -1.75842, -3.77634, -5.8952, -3.52552, -4.92095, -4.94374, 2.56236, -2.27539, 0.77863, 4.74791, 7.66119, -5.87906, 0.44114, -2.73692, -1.20009, 1.18217, -2.20218, -3.22692, -3.84104, 1.90746]"
43,sub10,supLP120,3,sub10-c__0061__pushchair.npy,12,pushchair,12,0.8507501,1,"[3.54462, -3.61777, -2.14629, -3.99169, -3.74089, -3.28393, -4.67579, -5.14075, 1.08467, -1.52161, -0.41071, 4.85823, 6.91312, -4.89413, 0.5035, -1.83474, -0.79963, 0.75301, -2.63046, -2.66629, -3.82722, 1.4627]"
43,sub10,supLP120,3,sub10-c__0062__pushchair.npy,12,pushchair,12,0.8635557,1,"[2.7317, -3.74967, -1.98259, -3.35893, -4.34465, -2.83269, -3.64569, -4.1559, 0.73817, -1.74425, -1.35232, 4.99283, 7.00953, -4.8067, -0.64866, 0.10136, -1.39771, 1.3472, -1.77843, -2.87904, -3.75641, 1.22471]"
43,sub10,supLP120,3,sub10-c__0063__pushchair.npy,12,pushchair,12,0.94407517,1,"[2.32942, -3.8114, -2.34701, -3.58197, -4.14938, -2.59228, -3.72349, -4.45144, 0.54366, -1.30837, -0.8709, 4.57516, 7.60285, -4.59094, -0.59113, -0.14186, -1.4708, 1.37709, -2.1039, -2.66419, -3.21913, 1.04781]"
43,sub10,supLP120,3,sub10-c__0064__sit.npy,15,sit,15,0.998965,1,"[-3.83904, 1.66223, -5.39901, -1.35245, -3.8191, 0.52332, -7.15686, 0.03642, 0.15807, -0.56839, -0.82568, -1.71836, 0.79822, -4.23441, -3.27611, 12.51196, -3.27167, 5.58709, 0.19318, -2.66664, -4.84475, -2.10767]"
43,sub10,supLP120,3,sub10-c__0065__stand.npy,17,stand,17,0.9965412,1,"[0.05517, 0.40095, -3.42632, -3.64132, -4.92834, -2.12674, -9.19834, -4.99826, 1.17653, -3.4503, 1.91596, -0.78892, 0.93355, -5.39749, -0.05643, -0.35166, -4.77274, 8.77575, -5.36404, 1.3142, -3.43728, 0.21962]"
43,sub10,supLP120,3,sub10-c__0066__turnaround.npy,19,turnaround,19,0.96586823,1,"[2.11225, 0.63861, -1.7371, -3.9884, -0.64292, -4.47451, -4.0861, -2.02521, -3.25374, -1.39628, -0.66401, 1.71753, -1.78091, -2.15257, 2.5105, -3.63848, -1.1528, -0.82484, 1.81165, 6.95317, -3.68933, -3.10062]"
43,sub10,supLP120,3,sub10-c__0067__sit.npy,15,sit,15,0.99958473,1,"[-4.27126, 1.30928, -5.93947, -1.30709, -3.37912, 0.32043, -7.47198, -0.27387, 0.07605, -0.10284, -1.19582, -1.43319, 1.03975, -4.19052, -3.11993, 13.12805, -3.03156, 5.27955, -0.22546, -2.72252, -4.70935, -2.24231]"
43,sub10,supLP120,3,sub10-c__0068__stand.npy,17,stand,17,0.9987116,1,"[-0.94186, -0.53109, -3.15947, -3.47549, -4.62689, -1.57057, -7.67387, -3.41408, -0.07534, -1.86607, 0.89847, -1.85565, 0.52828, -4.85804, -1.43687, 0.93157, -4.83723, 9.16896, -4.88427, 0.1697, -1.62492, 0.40876]"
43,sub10,supLP120,3,sub10-c__0069__turnaround.npy,19,turnaround,19,0.9736197,1,"[1.38758, 0.78339, -2.23805, -3.77177, -0.54512, -4.58408, -4.69772, -2.21291, -3.07598, -1.54028, -0.2552, 1.43119, -1.43018, -1.66161, 2.25352, -2.94635, -1.38499, -0.31679, 1.60182, 6.95039, -3.56677, -2.95784]"
43,sub10,supLP120,3,sub10-c__0071__stand.npy,17,stand,17,0.99762964,1,"[-0.09524, -0.29262, -3.10236, -3.23982, -5.85042, -1.37107, -7.83334, -3.79813, 0.42724, -2.96017, 1.24348, -1.62703, 0.90494, -5.55588, -1.44334, 0.74167, -5.32821, 8.82183, -3.99487, 1.08338, -2.64128, -0.01767]"
43,sub10,supLP120,3,sub10-c__0072__turnaround.npy,19,turnaround,19,0.9688476,1,"[2.51149, 0.80211, -1.83974, -3.95434, -0.79601, -4.50527, -4.16013, -2.13413, -3.22445, -1.30805, -0.66647, 1.72238, -1.85674, -2.3394, 2.53367, -3.81191, -1.06173, -0.89922, 1.81744, 7.16547, -3.58136, -3.07127]"
43,sub10,supLP120,3,sub10-c__0074__stand.npy,17,stand,17,0.9971073,1,"[0.28106, 0.37494, -3.38665, -3.16004, -6.21099, -1.33158, -8.98107, -3.96941, 1.10235, -3.35263, 1.67116, -1.6279, 0.90519, -6.14203, -1.08309, 0.59226, -5.32788, 8.81637, -3.69361, 0.82483, -3.40214, -0.10939]"
43,sub10,supLP120,3,sub10-c__0075__turnaround.npy,19,turnaround,19,0.97409093,1,"[2.67128, 0.37728, -1.57956, -4.02973, -0.76273, -4.21783, -4.01831, -2.18663, -3.95808, -1.39821, -0.57911, 1.92671, -1.86757, -2.22361, 2.15653, -3.80278, -1.03387, -0.92146, 2.26455, 7.40713, -3.32947, -3.27497]"
43,sub10,supLP120,3,sub10-c__0076__sit.npy,15,sit,15,0.9999386,1,"[-4.77789, 0.9171, -6.57817, -1.68894, -3.19713, 1.52526, -7.01467, 0.12184, -1.35945, 0.20065, -1.68876, -2.6425, 0.70892, -2.77851, -3.81917, 14.38975, -3.52487, 4.52178, 1.52243, -1.5431, -4.32078, -3.76661]"
43,sub10,supLP120,3,sub10-c__0077__stand.npy,17,stand,17,0.9957651,1,"[-0.74217, -0.21895, -3.64555, -3.64498, -4.74569, -2.33702, -8.11246, -4.47416, 0.32701, -2.96656, 1.54228, -0.69307, 1.61809, -4.84411, -0.74061, 0.14803, -4.71935, 8.48099, -4.99529, 1.31792, -2.87348, 0.66801]"
43,sub10,supLP120,3,sub10-c__0078__turnaround.npy,19,turnaround,19,0.96686983,1,"[2.94478, 1.1992, -1.99664, -4.46517, -0.34706, -4.14873, -5.27157, -2.34633, -3.6242, -1.59033, -0.12853, 1.50721, -2.26894, -2.23488, 2.6755, -4.06513, -0.80449, -0.69604, 2.48513, 7.41066, -3.98979, -3.66705]"
43,sub10,supLP120,3,sub10-c__0079__sit.npy,15,sit,15,0.9996712,1,"[-4.91179, 0.58116, -5.79774, -1.67972, -3.7915, 0.78391, -6.19203, 0.7647, -0.67928, 0.28145, -1.69105, -2.6247, 0.4117, -3.3905, -3.64654, 14.20397, -4.46935, 6.16173, -0.60856, -2.14482, -3.04215, -2.36123]"
43,sub10,supLP120,3,sub10-c__0080__stand.npy,17,stand,17,0.9972338,1,"[-0.51506, -1.15634, -3.07909, -3.67164, -5.38854, -2.81158, -7.50663, -4.66857, 0.32122, -2.80167, 1.43458, -0.66621, 1.83958, -4.59458, -1.04554, 0.0602, -5.35154, 9.01517, -5.76438, 1.2172, -2.13574, 1.4793]"
43,sub10,supLP120,3,sub10-c__0081__turnaround.npy,19,turnaround,19,0.9820271,1,"[2.21246, 0.47344, -1.69084, -3.87239, -0.66269, -4.27476, -3.85656, -1.69413, -3.73372, -1.26423, -0.69326, 1.28038, -2.18748, -1.96481, 2.18857, -3.51751, -1.3544, -0.8968, 2.36382, 7.60248, -3.22096, -3.44245]"
43,sub10,supLP120,3,sub10-c__0082__squat.npy,16,squat,16,0.9985782,1,"[3.20996, -1.23118, -3.61448, -4.1446, 2.50211, -4.04258, -6.99454, -2.33747, -1.32368, 0.85269, 0.61905, 4.08582, 3.51648, -6.47597, 0.6416, -6.26354, 11.58686, -2.44455, 2.77493, -2.09115, -5.3471, -2.24921]"
43,sub10,supLP120,3,sub10-c__0083__squat.npy,16,squat,16,0.9945813,1,"[2.13722, -2.86287, -4.43454, -3.49263, 4.02446, -3.6968, -7.36424, -3.30454, -2.17863, 2.49256, 1.08153, 3.4179, 4.65027, -4.60371, -0.50514, -4.84693, 10.59552, -1.90903, 0.56834, -1.8902, -3.17048, -2.30662]"
43,sub10,supLP120,3,sub10-c__0084__squat.npy,16,squat,16,0.99853694,1,"[2.83259, -2.36619, -3.87738, -3.87716, 2.95975, -3.55423, -6.44288, -2.72986, -1.82297, 1.13683, 0.54137, 4.61613, 4.27432, -6.35415, 0.65934, -6.08494, 11.9256, -2.2222, 1.53453, -2.02783, -4.78003, -2.27181]"
43,sub10,supLP120,3,sub10-c__0085__squat.npy,16,squat,16,0.99860364,1,"[2.42646, -2.39362, -4.01445, -3.82765, 3.39128, -4.00895, -7.24084, -3.12893, -1.48176, 1.57883, 0.7607, 4.16666, 3.943, -6.02074, 0.34406, -5.89389, 11.70675, -1.69048, 1.21081, -2.0185, -4.20922, -2.18216]"
43,sub10,supLP120,3,sub10-c__0086__squat.npy,16,squat,16,0.9978223,1,"[4.35574, -2.25171, -3.72427, -4.17783, 2.81628, -4.08487, -7.40556, -3.58584, -0.62263, 0.64887, 0.1946, 4.52684, 2.62323, -6.51964, 1.79315, -7.1016, 11.49227, -1.918, 0.91979, -1.71008, -5.5225, -1.6794]"
43,sub10,supLP120,3,sub10-c__0088__pickup.npy,11,pickup,11,0.9874342,1,"[5.32376, -2.75931, 0.09553, -3.62395, -3.39765, -4.44525, -5.26453, -6.2592, 1.36415, -5.16123, -0.64452, 10.42774, 1.72596, -5.14427, 4.86846, -3.14924, 4.37702, 1.15412, -1.59539, -1.42461, -8.75157, -2.56761]"
43,sub10,supLP120,3,sub10-c__0089__pickup.npy,11,pickup,11,0.97963583,1,"[4.89581, -2.86462, -0.71854, -3.50739, -2.93874, -4.3302, -4.88497, -5.80929, 0.951, -4.40614, -0.65982, 9.85069, 1.93545, -4.86896, 4.98655, -3.19658, 4.61559, 0.71326, -2.49622, -1.65133, -8.30534, -2.26156]"
43,sub10,supLP120,3,sub10-c__0090__pickup.npy,11,pickup,11,0.9850738,1,"[4.77157, -2.55489, -0.74343, -3.30142, -3.24452, -3.95895, -4.54824, -5.57156, 0.9196, -4.39498, -1.3148, 9.59908, 1.87492, -4.20659, 4.09593, -1.74336, 3.47078, 0.91971, -2.08167, -1.29626, -7.96776, -2.47113]"
43,sub10,supLP120,3,sub10-c__0091__pickup.npy,11,pickup,11,0.9941901,1,"[4.25673, -2.31697, 0.11211, -3.18543, -3.72328, -4.68108, -6.22549, -7.67449, 1.68043, -4.35792, 1.40862, 10.71212, 3.05782, -5.19572, 4.77396, -3.84592, 3.58857, 1.56544, -2.85062, -1.33578, -7.93831, -3.17069]"
43,sub10,supLP120,3,sub10-c__0092__pickup.npy,11,pickup,11,0.9906719,1,"[5.05415, -2.70896, 0.08915, -3.74289, -3.72131, -4.17002, -4.82507, -6.70718, 0.97339, -4.62949, -0.47521, 10.46335, 2.51185, -5.34825, 4.72137, -3.16507, 3.70507, 1.00788, -2.11393, -1.75534, -8.56544, -2.51777]"
43,sub10,supLP120,3,sub10-c__0093__pushchair.npy,12,pushchair,12,0.99375904,1,"[0.88479, -3.37934, -3.28552, -3.34083, -4.15578, -1.95025, -4.55398, -4.1824, 0.60491, -0.05782, 0.64431, 2.96786, 8.7251, -3.98223, -1.46196, -0.0963, -1.18418, 1.79445, -2.35332, -2.92256, -1.48315, 1.37598]"
43,sub10,supLP120,3,sub10-c__0094__pushchair.npy,12,pushchair,12,0.98435485,1,"[-0.01199, -3.32183, -2.02019, -2.38739, -4.58618, -1.75556, -2.28667, -3.28586, -0.64777, -0.41195, -0.75414, 3.77788, 8.24317, -3.11175, -2.1287, 1.00123, -1.13682, 2.09298, -1.48717, -3.14769, -0.82685, 0.37196]"
43,sub10,supLP120,3,sub10-c__0098__pushchair.npy,12,pushchair,12,0.924307,1,"[1.24076, -3.0076, -2.75725, -2.62849, -4.53067, -1.87787, -4.25632, -4.10012, 0.45619, -1.24442, -0.88863, 4.55546, 7.26585, -3.87247, -1.40933, 1.80862, -1.05142, 1.99352, -1.63433, -3.15204, -3.36499, 0.44354]"
43,sub10,supLP120,3,sub10-c__0099__sit.npy,15,sit,15,0.99963534,1,"[-4.84535, 1.68279, -5.77246, -1.53221, -3.68075, 0.74577, -6.96397, 0.75174, -0.07885, 0.05416, -1.13675, -2.28099, 0.57104, -4.24699, -3.25884, 13.74, -3.65893, 5.77827, -0.34082, -2.85903, -4.12261, -1.90753]"
43,sub10,supLP120,3,sub10-c__0100__stand.npy,17,stand,17,0.99883455,1,"[-0.7479, -0.1983, -3.26528, -3.8433, -4.60673, -2.29464, -8.16677, -4.91338, 0.52481, -2.6175, 1.23259, -0.78712, 1.08757, -4.61215, -0.52304, -0.04407, -4.63375, 9.52519, -6.09491, 0.66813, -2.36748, 0.82609]"
43,sub10,supLP120,3,sub10-c__0101__turnaround.npy,19,turnaround,19,0.9921376,1,"[0.18958, -0.60582, -2.0575, -3.29748, -1.17774, -4.24362, -2.60112, -2.00059, -3.78262, -0.65191, -0.64462, 1.01969, -0.46738, -1.60662, 0.89067, -2.47229, -1.91339, -0.37545, 0.81569, 7.39834, -1.89655, -2.85668]"
43,sub10,supLP120,3,sub10-c__0102__sit.npy,15,sit,15,0.99953794,1,"[-4.79428, 0.6982, -5.60674, -2.06811, -3.83672, 0.46149, -5.84654, 0.02236, -1.08178, 0.08267, -1.84631, -2.31122, 0.67055, -3.24894, -3.49097, 13.45989, -3.95987, 5.74939, 0.10334, -1.37096, -3.73322, -3.01949]"
43,sub10,supLP120,3,sub10-c__0103__stand.npy,17,stand,17,0.9976059,1,"[-0.25822, -0.62316, -2.91007, -3.84073, -4.92933, -2.05387, -7.82259, -4.02499, -0.11093, -2.62919, 0.95993, -0.78117, 1.08272, -5.20517, -0.76075, 0.63059, -4.6706, 8.65701, -4.72622, 0.41289, -2.56145, 0.27261]"
43,sub10,supLP120,3,sub10-c__0104__turnaround.npy,19,turnaround,19,0.99214476,1,"[-1.14138, -1.82303, -2.53515, -3.17777, -1.00368, -3.54033, -1.67055, -1.33612, -4.96194, -0.01082, -1.0474, 0.43262, 0.4763, -1.26304, -0.2001, -1.06623, -1.97058, 0.08772, 0.66536, 7.24661, -0.67457, -3.41867]"
43,sub10,supLP120,3,sub10-c__0105__sit.npy,15,sit,15,0.99995446,1,"[-5.36034, 0.55543, -6.13088, -1.9875, -3.07481, 0.84103, -5.82573, 0.92831, -1.54275, 0.68483, -2.42986, -2.83211, 0.1908, -2.25905, -3.57353, 14.96432, -3.85713, 4.87043, 0.83981, -1.10824, -3.24084, -3.73688]"
43,sub10,supLP120,3,sub10-c__0106__stand.npy,17,stand,17,0.9962365,1,"[-1.40799, -1.34953, -3.07861, -3.72659, -4.32564, -2.5038, -6.77444, -4.09593, -0.51549, -2.03355, 0.96784, -0.53101, 1.75545, -4.11194, -1.25669, 0.77812, -4.87456, 8.51463, -5.71354, 0.70673, -1.65056, 1.31133]"
43,sub10,supLP120,3,sub10-c__0108__sit.npy,15,sit,15,0.99983156,1,"[-5.14717, 1.31507, -6.05756, -1.80509, -3.02211, 0.96539, -6.44097, 0.69608, -0.72399, 0.59419, -1.78654, -2.48295, 0.5999, -3.58599, -3.59578, 14.02008, -3.35568, 5.26106, -0.25157, -2.29851, -3.71283, -2.62539]"
43,sub10,supLP120,3,sub10-c__0109__stand.npy,17,stand,17,0.99746966,1,"[-0.73299, -0.62558, -3.19527, -3.81826, -4.82267, -2.02487, -7.75324, -3.85832, -0.13664, -2.4348, 1.15604, -1.16537, 1.23742, -4.9904, -0.92299, 0.38826, -4.91667, 8.68172, -4.85857, 0.72649, -2.31992, 0.56337]"
43,sub10,supLP120,3,sub10-c__0110__turnaround.npy,19,turnaround,19,0.9778373,1,"[2.39448, 1.58839, -1.78358, -3.92712, -0.6623, -3.87223, -5.12758, -1.99172, -2.96985, -1.78267, -0.12926, 0.95697, -2.39926, -2.10873, 2.24767, -3.51143, -1.43553, -0.37154, 1.94013, 7.42649, -3.72824, -3.53244]"
43,sub10,supLP120,3,sub10-c__0111__sit.npy,15,sit,15,0.9999236,1,"[-4.64953, 1.39442, -6.04078, -2.01977, -3.1229, 1.36016, -7.38751, 0.28123, -0.69976, 0.04443, -1.51409, -2.24667, 0.35888, -2.82409, -3.6117, 14.60809, -3.59751, 5.03049, 1.11524, -2.32731, -4.6135, -3.29149]"
43,sub10,supLP120,3,sub10-c__0112__stand.npy,17,stand,17,0.9990796,1,"[-0.61715, 0.19656, -3.30777, -3.60922, -4.7283, -1.88427, -8.99621, -4.60827, 0.88553, -2.59648, 1.41862, -1.17122, 0.61894, -5.22006, -0.3709, 0.40963, -4.72323, 9.75423, -5.85729, 0.0962, -2.77334, 0.53275]"
43,sub10,supLP120,3,sub10-c__0113__turnaround.npy,19,turnaround,19,0.9773297,1,"[2.67821, 0.94692, -1.39157, -4.16443, -0.51169, -4.02014, -4.923, -2.06341, -3.88568, -1.7434, -0.361, 1.2064, -2.60562, -2.3006, 2.59999, -4.34809, -0.88467, -0.57542, 2.48536, 7.65696, -3.58745, -3.81823]"
43,sub10,supLP120,3,sub10-c__0114__squat.npy,16,squat,16,0.9971745,1,"[4.47499, -0.66642, -3.42004, -4.47595, 1.54438, -4.32766, -8.14414, -2.07802, -0.96836, 0.40793, 1.04686, 4.01648, 2.93297, -7.40895, 0.44192, -6.43549, 11.20768, -2.24962, 3.54807, -2.2108, -5.87434, -2.37101]"
43,sub10,supLP120,3,sub10-c__0115__squat.npy,16,squat,16,0.99544734,1,"[3.41567, -1.75949, -3.69576, -3.8971, 2.16418, -3.73432, -7.70511, -2.45445, -1.58059, 0.71969, 1.14242, 4.26932, 3.88096, -6.36741, 0.18644, -5.14946, 10.56867, -2.03611, 2.44412, -2.17414, -5.24589, -2.31137]"
43,sub10,supLP120,3,sub10-c__0116__squat.npy,16,squat,16,0.99364614,1,"[2.37489, -2.82332, -4.06902, -4.02936, 2.65223, -3.91068, -7.23876, -2.93603, -1.60939, 1.80491, 0.82941, 3.36054, 4.48044, -5.36924, -0.54584, -5.23323, 10.09337, -1.66367, 1.01105, -1.81729, -3.47094, -1.82804]"
43,sub10,supLP120,3,sub10-c__0117__squat.npy,16,squat,16,0.9983706,1,"[4.19239, -2.20805, -3.24703, -3.59575, 2.70199, -4.97934, -8.57498, -4.45518, -0.1178, 0.77931, 1.34274, 4.72391, 3.02286, -6.5242, 1.38351, -7.48729, 11.84507, -1.27806, 0.49823, -1.86368, -4.66185, -2.44083]"
43,sub10,supLP120,3,sub10-c__0118__squat.npy,16,squat,16,0.99846005,1,"[3.83438, -2.10981, -3.4319, -3.63685, 2.44049, -4.04795, -7.11635, -3.4575, -0.54019, -0.28176, -0.04694, 5.26961, 2.61727, -6.76968, 1.56699, -6.57189, 12.09701, -1.78025, 1.11093, -1.61739, -5.86942, -2.21724]"
43,sub10,supLP120,3,sub10-c__0119__pickup.npy,11,pickup,11,0.9921985,1,"[4.28001, -3.0463, -0.71341, -3.47039, -3.34509, -3.83943, -4.61567, -5.71306, 0.46568, -3.74715, -0.80281, 9.70493, 2.92501, -3.91966, 2.98466, -0.82783, 2.3224, 1.49224, -2.08139, -1.33483, -7.22156, -2.46716]"
43,sub10,supLP120,3,sub10-c__0120__pickup.npy,11,pickup,11,0.98456776,1,"[5.7463, -3.04036, -0.31895, -3.85835, -3.70682, -4.23842, -4.46139, -5.99778, 0.51249, -4.56288, -1.17208, 10.25618, 2.17858, -5.35893, 4.59432, -2.98847, 2.97555, 0.82782, -1.94804, -1.44998, -8.76576, -2.19251]"
43,sub10,supLP120,3,sub10-c__0122__pickup.npy,11,pickup,11,0.98673105,1,"[5.03994, -2.68546, -0.5449, -3.79898, -3.27424, -3.87975, -5.22645, -6.35332, 0.65476, -3.90758, -0.68533, 9.75931, 2.44831, -4.65874, 3.45105, -2.08549, 3.36057, 0.95937, -1.56808, -1.35231, -8.07587, -2.60566]"
43,sub10,supLP120,3,sub10-c__0123__pickup.npy,11,pickup,11,0.99183524,1,"[5.33125, -2.56544, -0.2453, -3.99542, -4.66843, -3.82694, -4.09839, -6.44436, 0.0014, -4.15967, -0.36666, 10.47481, 3.43244, -5.43571, 3.74438, -2.11508, 1.7055, 1.02753, -1.75071, -1.33975, -8.64486, -2.42675]"
43,sub10,supLP120,3,sub10-c__0124__pickup.npy,11,pickup,11,0.99498016,1,"[4.73801, -3.19992, -0.93418, -3.811, -3.20219, -3.71656, -4.95795, -7.05278, -0.37114, -3.10598, 0.12365, 10.57684, 3.49574, -4.79151, 3.42813, -1.60937, 2.5141, 1.50114, -2.55138, -1.2442, -7.18931, -3.25474]"
43,sub10,supLP120,3,sub10-c__0125__pushchair.npy,12,pushchair,12,0.9571229,1,"[3.02382, -3.12802, -2.69821, -3.43603, -5.24593, -1.90256, -3.75988, -3.66247, 0.73454, -1.72477, -0.93118, 3.69112, 7.42567, -4.52589, -1.22964, 1.22005, -2.73415, 1.51988, -1.32497, -2.40948, -3.75229, 1.03851]"
43,sub10,supLP120,3,sub10-c__0126__pickup.npy,11,pickup,12,0.9603161,0,"[2.96497, -3.34003, -2.95854, -3.63136, -5.23205, -2.26004, -4.62723, -4.26392, 0.45562, -1.4493, -0.05917, 4.03686, 7.70497, -4.72489, -1.09379, 0.68533, -2.3103, 2.09292, -1.48361, -2.42693, -3.62621, 0.58194]"
43,sub10,supLP120,3,sub10-c__0127__pushchair.npy,12,pushchair,12,0.99378467,1,"[1.5239, -3.4779, -3.54468, -3.07688, -5.0311, -1.36082, -4.25735, -3.12678, -0.07017, -0.38112, 0.10046, 2.34332, 8.63658, -3.72684, -2.78009, 2.0497, -1.87447, 1.8383, -0.569, -2.85421, -1.94433, 0.7051]"
43,sub10,supLP120,3,sub10-c__0128__pushchair.npy,12,pushchair,12,0.99088293,1,"[1.17202, -3.80793, -2.91475, -3.10179, -4.67537, -1.77638, -3.03402, -3.21322, -0.74131, -0.28388, -0.40192, 3.82049, 8.84607, -4.35441, -2.24932, 1.20516, -1.03772, 1.91204, -1.29409, -2.99074, -1.80469, 0.53715]"
43,sub10,supLP120,3,sub10-c__0129__pushchair.npy,12,pushchair,12,0.97283125,1,"[3.05295, -3.76941, -3.18471, -3.60331, -4.90298, -2.15809, -3.79437, -3.3367, -0.28326, -0.77705, -1.16579, 3.38067, 7.71071, -4.91507, -1.83869, 1.21466, -1.74289, 1.42181, -0.8176, -2.72149, -3.30867, 0.45317]"
43,sub10,supLP120,3,sub10-c__0130__pushchair.npy,12,pushchair,12,0.98678106,1,"[0.69432, -3.02304, -2.83928, -2.65496, -4.89294, -1.45382, -3.64784, -3.76196, -0.93668, -0.18145, -0.02916, 3.93513, 8.59557, -4.36072, -2.05081, 1.49222, -1.34547, 2.37524, -1.54238, -2.99016, -1.9415, -0.52076]"
