seed,subject,method,k,file,true_id,true_label,pred_id,conf,correct,logits
43,sub7,supMAE,1,sub7-a__0001__wave.npy,21,wave,21,0.9879281,1,"[-2.30037, 5.63247, 0.98398, 8.65748, -2.86567, -8.68112, -1.77122, 2.91446, 9.53511, -5.05856, -5.90993, -3.89795, -2.63054, 4.21085, -4.83602, 0.61013, -7.37234, 5.90517, 2.37315, -7.28455, 4.55724, 14.32963]"
43,sub7,supMAE,1,sub7-a__0002__wave.npy,21,wave,21,0.9884123,1,"[-2.57306, 5.57345, 1.26785, 9.296, -3.11993, -7.61628, -2.17558, 3.79823, 9.02821, -5.39508, -5.91724, -3.78235, -2.8071, 4.21032, -4.92829, 0.20466, -7.02772, 5.82815, 2.11613, -7.26394, 4.91494, 14.35434]"
43,sub7,supMAE,1,sub7-a__0003__wave.npy,21,wave,21,0.98484635,1,"[-2.5562, 6.1365, 1.52041, 9.87261, -3.33951, -6.65543, -2.89349, 4.78065, 8.86034, -5.50016, -5.63695, -4.17908, -3.40088, 4.49923, -4.79694, -0.42643, -6.60826, 5.23964, 1.77559, -7.25186, 4.85282, 14.39394]"
43,sub7,supMAE,1,sub7-a__0005__wave.npy,21,wave,21,0.97727066,1,"[-2.47838, 6.14804, 1.47462, 10.15132, -3.43564, -6.69239, -2.49301, 4.70573, 9.10598, -5.75462, -5.52547, -4.06007, -3.60841, 4.54708, -4.63314, -0.39423, -6.4881, 5.08783, 2.13837, -7.26653, 4.45441, 14.24033]"
43,sub7,supMAE,1,sub7-a__0006__bow.npy,2,bow,2,0.85722023,1,"[-1.94952, 1.64991, 8.54371, -1.35714, -2.98351, -10.2097, 0.37157, -5.50205, 0.82307, -4.40368, -3.81721, -0.10382, 6.62149, -0.18612, -0.68848, 0.69657, -8.85289, 0.69671, -3.0482, -2.0056, 4.22617, 2.98659]"
43,sub7,supMAE,1,sub7-a__0007__bow.npy,2,bow,2,0.8902798,1,"[-1.80356, 1.91971, 8.55863, -1.09674, -2.61105, -10.12993, 0.68392, -5.30202, 0.4372, -4.60739, -4.16411, -0.5433, 6.35762, -0.00823, -0.62789, 0.80996, -8.42132, 0.43178, -2.61232, -1.81229, 3.60238, 2.45424]"
43,sub7,supMAE,1,sub7-a__0008__bow.npy,2,bow,2,0.91444784,1,"[-1.76847, 1.88741, 8.70699, -1.04407, -2.71565, -10.22756, 0.92497, -5.32483, 0.52865, -4.71478, -4.01217, -0.5323, 6.23728, 0.12657, -0.30653, 0.58549, -8.2013, 0.06158, -2.61448, -1.64897, 3.33839, 2.18447]"
43,sub7,supMAE,1,sub7-a__0009__bow.npy,2,bow,2,0.9008208,1,"[-1.78462, 1.94865, 8.57264, -1.03492, -2.59461, -10.42342, 0.90661, -5.20738, 0.61434, -4.6788, -4.25085, -0.63373, 6.25465, 0.11913, -0.56229, 0.70309, -8.34961, 0.42685, -2.53815, -1.93188, 3.44028, 2.50822]"
43,sub7,supMAE,1,sub7-a__0010__bow.npy,2,bow,2,0.94687265,1,"[-1.48752, 2.27647, 8.64938, -0.80175, -2.58769, -10.05441, 0.44902, -5.10657, 0.4117, -4.53634, -3.69918, -1.15366, 5.63314, 0.52399, 0.02251, 0.36923, -7.76189, -0.42015, -2.45655, -1.72718, 2.75912, 1.76797]"
43,sub7,supMAE,1,sub7-a__0011__crossarms.npy,5,crossarms,5,0.9999223,1,"[-1.09452, 5.55437, -4.45086, 2.58372, -0.29687, 22.13641, -7.83024, 12.67054, -7.04174, 1.69516, -5.6485, -5.6948, -5.89339, -0.74409, -4.03373, -3.26176, 5.94489, -1.28827, 3.61405, 0.21359, 0.87006, -3.52802]"
43,sub7,supMAE,1,sub7-a__0012__crossarms.npy,5,crossarms,5,0.99989927,1,"[-1.35334, 5.12983, -4.39996, 2.08143, -0.22473, 21.5633, -7.69102, 12.35836, -6.95028, 1.65551, -6.1799, -5.21183, -4.98477, -1.20058, -4.73268, -2.91433, 5.22402, -0.5041, 3.31895, 0.07563, 1.7948, -2.66708]"
43,sub7,supMAE,1,sub7-a__0013__crossarms.npy,5,crossarms,5,0.99991536,1,"[-1.49027, 4.51055, -4.50539, 2.31733, -0.14035, 22.0043, -7.64036, 12.62573, -7.72584, 1.56478, -6.17477, -5.19876, -5.00215, -1.1162, -4.82623, -2.91413, 5.78955, -0.41911, 3.44708, 0.12553, 1.72746, -3.45576]"
43,sub7,supMAE,1,sub7-a__0014__crossarms.npy,5,crossarms,5,0.99991333,1,"[-1.35344, 4.44882, -4.70423, 1.53503, -0.31054, 21.69427, -7.30738, 12.33937, -7.37212, 1.78191, -5.94876, -4.8418, -4.81957, -1.45158, -4.48466, -2.96333, 5.53868, -0.58514, 3.51636, 0.38126, 1.61203, -3.68813]"
43,sub7,supMAE,1,sub7-a__0015__crossarms.npy,5,crossarms,5,0.9998785,1,"[-1.5127, 4.6977, -4.59861, 2.34339, -0.13496, 21.87852, -7.48449, 12.86129, -7.82074, 1.52729, -6.09307, -5.35492, -5.22686, -0.85802, -4.81745, -3.11938, 6.18036, -0.68401, 3.63879, 0.13316, 1.51694, -3.96458]"
43,sub7,supMAE,1,sub7-a__0016__airpunch.npy,1,airpunch,1,0.97683525,1,"[-4.21646, 11.96641, -2.95077, 4.74322, 2.50596, -5.81731, -3.1843, 4.04265, 4.42132, 0.81984, -11.14306, -10.61064, -3.68163, 4.23959, -8.86818, 2.83352, -1.15598, 2.955, 8.10789, -3.4436, 2.16062, 3.30635]"
43,sub7,supMAE,1,sub7-a__0017__airpunch.npy,1,airpunch,1,0.96299344,1,"[-3.70586, 12.49647, -3.41606, 3.11632, 3.23023, -6.52017, -2.02581, 3.83024, 4.26058, 1.54757, -11.47355, -10.66316, -3.40064, 3.44577, -8.49924, 3.63308, -0.57889, 2.03485, 9.21264, -2.80393, 0.72406, 1.20359]"
43,sub7,supMAE,1,sub7-a__0018__airpunch.npy,1,airpunch,1,0.9317461,1,"[-4.94171, 10.95347, -2.96183, 4.59522, 2.78082, -5.39081, -2.71006, 4.15507, 3.82647, 0.83407, -12.04131, -9.90619, -3.30096, 2.81781, -8.31053, 3.08443, -0.77173, 3.21357, 8.26006, -3.00007, 2.20067, 2.99563]"
43,sub7,supMAE,1,sub7-a__0019__airpunch.npy,1,airpunch,1,0.9748917,1,"[-5.3366, 12.00188, -2.26866, 6.32937, 1.96772, -4.25687, -2.7048, 5.78659, 4.27891, -0.29654, -12.05695, -10.0739, -4.27717, 3.31971, -8.41662, 1.98906, -0.31686, 2.95543, 8.04354, -3.64325, 1.95465, 4.0447]"
43,sub7,supMAE,1,sub7-a__0020__airpunch.npy,1,airpunch,1,0.9376411,1,"[-6.16962, 10.45016, -1.99724, 6.23666, 2.63599, -4.85266, -3.3624, 4.87132, 3.42766, -0.37959, -12.69292, -9.54929, -2.58582, 2.99464, -10.0941, 3.07336, -0.75502, 4.7722, 7.11945, -3.89379, 4.07113, 5.04845]"
43,sub7,supMAE,1,sub7-a__0022__drink.npy,7,drink,7,0.9948496,1,"[-4.28347, 10.10402, 0.7068, 12.00794, -3.60478, 4.30886, -3.7217, 17.41974, 1.99797, -5.2558, -8.734, -7.06859, -8.01494, 3.90308, -6.00812, -4.05882, 0.98835, 1.7409, 3.69612, -6.64665, 2.04886, 7.37069]"
43,sub7,supMAE,1,sub7-a__0023__drink.npy,7,drink,7,0.9967685,1,"[-4.25677, 9.87045, 0.59756, 12.14538, -3.69296, 4.94307, -3.61974, 17.97993, 1.55721, -5.38852, -8.74119, -7.08851, -8.23956, 3.89533, -5.98177, -4.05926, 1.27515, 1.68573, 3.91727, -6.52644, 1.87536, 6.69856]"
43,sub7,supMAE,1,sub7-a__0024__drink.npy,7,drink,7,0.9928489,1,"[-4.54516, 9.50128, 0.2892, 13.54049, -3.61355, 5.1201, -3.07614, 18.49214, 0.8907, -5.94934, -8.58235, -7.34969, -8.78205, 4.71807, -6.42319, -4.09278, 2.42754, 1.82421, 4.71841, -6.84524, 1.44826, 5.59531]"
43,sub7,supMAE,1,sub7-a__0025__drink.npy,7,drink,7,0.99573636,1,"[-4.49318, 9.47009, 0.15488, 12.8953, -3.57733, 4.73101, -2.88967, 18.38219, 1.10118, -5.72087, -8.8218, -7.09082, -8.54948, 4.38747, -6.44357, -3.97218, 2.13058, 1.93027, 4.80753, -6.74689, 1.54517, 5.6524]"
43,sub7,supMAE,1,sub7-a__0026__brushteeth.npy,3,brushteeth,3,0.98420435,1,"[-4.00832, 9.14327, 1.72649, 15.80733, -2.99013, -4.12807, -2.20007, 10.44145, 6.00506, -7.12154, -7.22954, -8.20498, -7.1446, 7.63966, -6.27142, -2.10837, -1.68591, 3.73783, 4.1021, -8.96857, 2.06619, 11.17633]"
43,sub7,supMAE,1,sub7-a__0027__brushteeth.npy,3,brushteeth,3,0.9434437,1,"[-4.1357, 8.65447, 1.63849, 15.07548, -2.89988, -5.12596, -1.67686, 9.48375, 6.56086, -6.94871, -7.54352, -7.37096, -6.1583, 7.0021, -6.61095, -1.50255, -2.43737, 4.60512, 3.95709, -9.24078, 2.62333, 12.15727]"
43,sub7,supMAE,1,sub7-a__0028__brushteeth.npy,3,brushteeth,3,0.95998245,1,"[-4.16156, 8.70463, 1.72293, 15.40881, -3.03585, -4.73238, -1.87648, 9.83135, 6.39585, -7.02939, -7.30751, -7.36411, -6.36145, 7.15207, -6.52453, -1.78596, -2.22243, 4.45603, 3.77689, -9.29046, 2.64871, 12.09193]"
43,sub7,supMAE,1,sub7-a__0029__brushteeth.npy,3,brushteeth,3,0.91235113,1,"[-4.19231, 8.53572, 1.76356, 14.808, -3.03904, -5.10359, -1.76864, 9.4181, 6.59512, -6.87229, -7.47694, -6.93561, -5.9307, 6.69701, -6.45882, -1.68572, -2.55119, 4.60804, 3.65565, -9.16802, 2.89994, 12.38874]"
43,sub7,supMAE,1,sub7-a__0030__brushteeth.npy,3,brushteeth,3,0.8859944,1,"[-4.12824, 8.48091, 1.7739, 14.70638, -3.12334, -5.01271, -1.8168, 9.40044, 6.75292, -6.8583, -7.33395, -6.69966, -5.91262, 6.55114, -6.22902, -1.82079, -2.66884, 4.58828, 3.46782, -9.10837, 2.96582, 12.59468]"
43,sub7,supMAE,1,sub7-a__0031__highfive.npy,8,highfive,8,0.5172267,1,"[-1.09278, 7.33139, 0.05464, 5.17089, -2.30099, -10.83229, 1.14564, 2.90563, 10.91471, -3.8, -7.28129, -4.1345, -3.12811, 2.99069, -2.71782, 0.70866, -7.36532, 3.69906, 4.81885, -5.71065, 1.44987, 10.8077]"
43,sub7,supMAE,1,sub7-a__0032__highfive.npy,8,highfive,8,0.64661944,1,"[-1.60694, 5.87228, -0.59481, 2.97818, -2.04562, -11.3459, 1.62309, 1.43225, 10.34658, -2.79106, -7.72971, -2.56659, -1.49214, 1.21085, -2.72258, 1.46317, -7.67654, 4.49322, 4.85235, -4.90525, 2.46225, 9.70514]"
43,sub7,supMAE,1,sub7-a__0033__highfive.npy,8,highfive,8,0.92345774,1,"[0.06939, 6.17669, -0.10315, 1.56848, -3.53075, -11.06721, 0.28683, -0.18995, 12.83785, -1.95196, -4.54437, -1.2941, -2.34563, 0.66266, 1.25708, -0.0659, -8.65019, 2.11112, 2.96545, -3.7658, 1.50748, 10.33044]"
43,sub7,supMAE,1,sub7-a__0034__highfive.npy,8,highfive,8,0.8927153,1,"[-2.10754, 3.17012, -0.20205, 1.093, -4.34115, -9.49754, -0.60232, -1.20662, 12.40935, -1.9036, -4.50397, 1.8559, 0.1014, -1.8782, 0.7267, 0.31537, -8.5541, 3.94865, 1.51125, -2.90628, 4.99183, 10.28227]"
43,sub7,supMAE,1,sub7-a__0035__highfive.npy,8,highfive,8,0.96182436,1,"[-0.20007, 4.63363, 0.37609, 0.46, -4.58864, -9.73406, -2.25648, -1.97399, 14.1491, -1.53707, -2.4963, 0.57282, -0.9656, -0.64496, 2.35963, -0.27006, -9.42939, 2.19973, 0.35311, -2.39579, 3.86987, 10.91922]"
43,sub7,supMAE,1,sub7-a__0036__wave.npy,21,wave,21,0.9045701,1,"[-3.71522, 7.18625, 1.60027, 11.00288, -4.0119, -5.01523, -2.19043, 7.49146, 8.77923, -5.67166, -6.58134, -3.59257, -4.87998, 3.41231, -3.45466, -2.23451, -4.50793, 3.98037, 2.25511, -6.85609, 3.91923, 13.40257]"
43,sub7,supMAE,1,sub7-a__0037__wave.npy,21,wave,21,0.9532609,1,"[-3.82135, 6.60473, 2.00842, 10.55247, -4.18893, -4.85333, -3.05129, 6.84886, 8.87793, -5.64153, -6.19682, -3.15543, -4.2535, 3.06776, -3.33559, -2.22677, -5.14891, 4.21556, 1.26582, -6.37837, 5.01869, 13.7812]"
43,sub7,supMAE,1,sub7-a__0038__wave.npy,21,wave,21,0.96004707,1,"[-3.7225, 6.9409, 2.0973, 10.49147, -4.47264, -4.75274, -2.9326, 6.93999, 9.36088, -5.65052, -5.88005, -2.87206, -4.32688, 2.99791, -2.8912, -2.52925, -5.1679, 3.82224, 1.10942, -6.46327, 4.74011, 13.99686]"
43,sub7,supMAE,1,sub7-a__0039__wave.npy,21,wave,21,0.9411768,1,"[-3.5269, 7.18414, 2.31036, 10.37797, -4.68913, -3.53232, -3.50721, 8.00703, 8.85997, -5.65131, -5.86198, -3.11813, -4.78294, 2.85397, -2.56729, -3.02051, -4.97477, 3.23076, 0.89764, -5.98034, 4.62554, 13.45691]"
43,sub7,supMAE,1,sub7-a__0040__wave.npy,21,wave,21,0.8922846,1,"[-3.69785, 7.17376, 2.38967, 11.43822, -4.68076, -3.55958, -3.81556, 8.03177, 8.54502, -5.8335, -5.44911, -3.47648, -5.05459, 3.50493, -2.85882, -3.0892, -4.58127, 3.33241, 0.73184, -6.52872, 4.70372, 13.652]"
43,sub7,supMAE,1,sub7-a__0041__bow.npy,2,bow,2,0.90804845,1,"[-1.65922, 2.33523, 7.97731, -1.04103, -1.8922, -9.29716, -0.15826, -4.55846, -0.47986, -3.9283, -4.40034, -1.64923, 5.53959, 0.17558, -0.27864, 0.4157, -7.248, -0.24117, -2.05203, -1.2272, 3.02271, 0.94074]"
43,sub7,supMAE,1,sub7-a__0042__bow.npy,2,bow,2,0.8871347,1,"[-1.93013, 2.1302, 7.7763, -0.90994, -1.75583, -9.49592, 0.24161, -4.38729, -0.6141, -4.07141, -4.81899, -1.64009, 5.56001, 0.10742, -0.58641, 0.70626, -7.21369, 0.2533, -1.89311, -1.41655, 3.18188, 1.01296]"
43,sub7,supMAE,1,sub7-a__0043__bow.npy,2,bow,2,0.8714212,1,"[-1.7991, 1.93597, 7.57757, -1.00311, -1.71094, -9.5337, -0.25934, -4.4987, -0.44633, -3.77216, -4.73062, -1.90749, 5.49943, 0.06026, -0.5248, 0.80643, -7.40161, 0.34423, -1.89712, -1.37626, 3.25116, 1.08788]"
43,sub7,supMAE,1,sub7-a__0044__bow.npy,2,bow,2,0.89449126,1,"[-1.73519, 2.15077, 7.6681, -1.15039, -1.87537, -9.34101, -0.07372, -4.37987, -0.59048, -3.68511, -4.61319, -1.80353, 5.38033, 0.06321, -0.13519, 0.43269, -7.03602, -0.21711, -1.84947, -1.2717, 2.86252, 0.71765]"
43,sub7,supMAE,1,sub7-a__0045__bow.npy,2,bow,2,0.8686251,1,"[-1.8463, 1.84286, 7.74077, -1.26728, -1.90227, -9.51584, 0.53509, -4.53785, -0.48234, -3.94479, -4.87555, -1.43746, 5.74644, -0.18608, -0.12294, 0.51155, -7.1101, -0.02737, -1.83061, -1.13337, 2.89665, 0.86209]"
43,sub7,supMAE,1,sub7-a__0046__crossarms.npy,5,crossarms,5,0.9998424,1,"[-1.67607, 5.1218, -4.33249, 3.63945, 0.16596, 21.88837, -8.25492, 13.13141, -7.80989, 1.46308, -6.23435, -5.91821, -5.80789, -0.36831, -4.74198, -3.62116, 6.66976, -0.70045, 3.38537, -0.11082, 1.75833, -3.56755]"
43,sub7,supMAE,1,sub7-a__0047__crossarms.npy,5,crossarms,5,0.9997851,1,"[-1.85524, 5.47552, -4.49327, 2.54116, 0.25707, 21.146, -7.89763, 12.69906, -6.96555, 1.66515, -6.79752, -5.62444, -5.22201, -0.98548, -5.1114, -3.1941, 5.8642, -0.37303, 3.5465, 0.34905, 2.26709, -2.91655]"
43,sub7,supMAE,1,sub7-a__0048__crossarms.npy,5,crossarms,5,0.9998677,1,"[-1.73499, 4.81708, -4.45318, 2.80661, 0.30693, 22.08273, -7.56428, 13.15046, -8.07821, 1.42412, -6.75239, -5.53399, -5.32546, -1.02836, -4.71815, -3.27758, 6.60581, -0.44158, 3.79792, 0.24751, 1.57744, -3.94216]"
43,sub7,supMAE,1,sub7-a__0049__crossarms.npy,5,crossarms,5,0.99985516,1,"[-1.8345, 4.82938, -4.43653, 3.07294, 0.28898, 22.27723, -7.65447, 13.43562, -8.09322, 1.25652, -6.75363, -5.63928, -5.4577, -0.90957, -4.82731, -3.3021, 6.84432, -0.44878, 3.86434, 0.16497, 1.52987, -4.0093]"
43,sub7,supMAE,1,sub7-a__0050__crossarms.npy,5,crossarms,5,0.9998301,1,"[-1.78789, 4.78862, -4.66431, 2.63489, 0.33746, 22.25815, -7.18268, 13.57595, -8.15699, 1.23456, -6.84298, -5.46873, -5.43337, -1.0068, -4.80304, -3.22201, 7.0543, -0.51671, 4.22619, 0.30133, 1.30291, -4.5914]"
43,sub7,supMAE,1,sub7-a__0051__airpunch.npy,1,airpunch,1,0.86043906,1,"[-4.45888, 10.58295, -3.06068, 4.51745, 3.02301, -6.01198, -2.53757, 4.17745, 3.49164, 0.86123, -11.92023, -9.67771, -3.33049, 2.45587, -8.50951, 3.29941, -1.18037, 3.60183, 8.71539, -2.94411, 1.8878, 2.14834]"
43,sub7,supMAE,1,sub7-a__0052__airpunch.npy,1,airpunch,1,0.9322306,1,"[-3.72171, 11.5974, -2.97972, 3.94797, 3.62646, -6.42412, -2.33171, 4.03951, 3.24713, 0.7802, -11.92726, -10.69672, -3.26309, 3.36704, -9.00112, 3.58056, -0.83584, 3.07822, 8.94128, -2.90008, 1.2496, 1.50616]"
43,sub7,supMAE,1,sub7-a__0053__airpunch.npy,1,airpunch,1,0.98986816,1,"[-4.19609, 12.5867, -2.08077, 6.24688, 2.00092, -5.56449, -3.42535, 5.36633, 4.40103, 0.048, -10.92039, -10.57168, -4.90764, 4.1114, -7.84311, 1.31656, -0.87957, 2.08546, 7.63489, -3.38913, 1.49261, 3.32698]"
43,sub7,supMAE,1,sub7-a__0054__airpunch.npy,1,airpunch,1,0.9697982,1,"[-4.95817, 11.56541, -2.24803, 5.98361, 1.33513, -4.86503, -2.89807, 5.73683, 4.50528, -0.29255, -11.73877, -9.28177, -4.29697, 2.93863, -7.69685, 1.00859, -1.30419, 2.71214, 7.7802, -2.98953, 2.25434, 3.70344]"
43,sub7,supMAE,1,sub7-a__0055__airpunch.npy,1,airpunch,1,0.9763291,1,"[-4.9157, 11.75374, -1.9998, 6.61154, 2.5262, -2.99391, -3.95435, 6.50144, 3.16919, -0.45286, -12.32255, -10.21154, -4.5631, 3.24466, -8.59429, 1.26894, -0.2581, 2.87803, 7.3273, -2.89057, 2.69767, 3.98593]"
43,sub7,supMAE,1,sub7-a__0056__drink.npy,7,drink,7,0.9994165,1,"[-3.04711, 8.88075, -1.26722, 12.62228, -2.55966, 8.3872, -2.86886, 20.11117, -2.60288, -5.56335, -7.60835, -8.97452, -10.21621, 6.23968, -6.7502, -3.9084, 5.3084, 0.16706, 6.97515, -5.22153, -0.77387, -1.29968]"
43,sub7,supMAE,1,sub7-a__0057__drink.npy,7,drink,7,0.9996464,1,"[-2.88421, 8.7001, -1.58763, 12.21922, -3.06305, 8.66795, -1.87619, 20.23348, -2.24147, -5.60883, -7.12207, -8.01883, -10.39843, 5.9407, -5.88789, -4.2889, 5.63496, -0.35124, 7.37748, -4.83842, -1.38543, -2.25396]"
43,sub7,supMAE,1,sub7-a__0058__drink.npy,7,drink,7,0.9995492,1,"[-2.9049, 8.52638, -1.52743, 12.42447, -3.28936, 8.44146, -1.50274, 20.17549, -1.90434, -5.85312, -6.91989, -7.48123, -10.42587, 5.81886, -5.70117, -4.33586, 5.58031, -0.303, 7.4367, -4.86412, -1.42892, -2.17552]"
43,sub7,supMAE,1,sub7-a__0059__drink.npy,7,drink,7,0.99952435,1,"[-2.93585, 8.61311, -1.53587, 12.4429, -3.22377, 8.40107, -1.60471, 20.14117, -2.04108, -5.80996, -6.99118, -7.77798, -10.40924, 6.03183, -5.81089, -4.3178, 5.63862, -0.34868, 7.4696, -4.85747, -1.42425, -2.34495]"
43,sub7,supMAE,1,sub7-a__0060__drink.npy,7,drink,7,0.99183017,1,"[-3.24019, 8.2675, -1.28734, 14.49581, -3.10643, 7.08406, -2.0987, 19.29895, -1.48342, -6.22917, -6.69351, -8.41864, -10.64703, 7.09171, -6.332, -4.04012, 5.36881, 0.43809, 7.31429, -5.81095, -1.00038, -0.70573]"
43,sub7,supMAE,1,sub7-a__0061__drink.npy,7,drink,7,0.9995103,1,"[-3.07442, 8.29135, -1.7557, 12.31182, -2.99119, 7.89815, -1.34554, 19.97727, -2.15923, -5.77878, -7.41874, -7.82406, -10.193, 6.06148, -6.31169, -3.95135, 5.61646, 0.11204, 7.89402, -4.90124, -1.22259, -2.47827]"
43,sub7,supMAE,1,sub7-a__0062__brushteeth.npy,3,brushteeth,3,0.9349905,1,"[-3.06821, 9.24068, 1.34641, 14.47966, -2.4069, -5.80589, -1.899, 8.90139, 6.6388, -6.56417, -7.15238, -8.34335, -6.40867, 7.97955, -6.8346, -1.2899, -2.90716, 4.07101, 4.41081, -9.21858, 1.96983, 11.64042]"
43,sub7,supMAE,1,sub7-a__0063__brushteeth.npy,3,brushteeth,3,0.92706245,1,"[-3.04091, 9.23604, 1.5119, 14.54939, -2.59997, -5.31573, -2.34221, 9.15775, 6.53472, -6.57409, -6.81139, -8.08952, -6.51515, 7.90648, -6.56363, -1.74524, -2.88521, 3.90115, 3.90497, -9.08999, 2.2806, 11.85388]"
43,sub7,supMAE,1,sub7-a__0064__brushteeth.npy,3,brushteeth,3,0.95597893,1,"[-3.09318, 9.01812, 1.42001, 14.84651, -2.58821, -5.22969, -2.18239, 9.24586, 6.28999, -6.70872, -6.85879, -8.18489, -6.55814, 8.03615, -6.77549, -1.56749, -2.71366, 4.05989, 4.18529, -9.19022, 2.14469, 11.5781]"
43,sub7,supMAE,1,sub7-a__0065__brushteeth.npy,3,brushteeth,3,0.8398958,1,"[-2.97534, 9.11831, 1.40584, 13.99516, -2.4829, -5.83313, -2.17052, 8.56077, 6.90388, -6.36215, -6.93263, -7.83375, -6.11591, 7.6087, -6.58865, -1.45062, -3.28067, 4.13935, 3.86958, -9.07089, 2.38224, 12.25798]"
43,sub7,supMAE,1,sub7-a__0066__brushteeth.npy,3,brushteeth,3,0.69498336,1,"[-2.96322, 9.05236, 1.44919, 13.41698, -2.4708, -6.34767, -2.08457, 8.10299, 7.17399, -6.14403, -7.06725, -7.51647, -5.74523, 7.27563, -6.52255, -1.30486, -3.65432, 4.23857, 3.74418, -9.02115, 2.55015, 12.54219]"
43,sub7,supMAE,1,sub7-a__0067__highfive.npy,8,highfive,8,0.6524121,1,"[0.35398, 6.74979, -0.41239, 3.25874, -2.88891, -10.61939, -0.09701, 0.84839, 11.88224, -2.28441, -4.95646, -2.48641, -2.96951, 2.03981, -0.76758, 0.36417, -8.43364, 2.82758, 3.68048, -5.07046, 1.497, 11.2401]"
43,sub7,supMAE,1,sub7-a__0068__highfive.npy,8,highfive,8,0.6153573,1,"[1.03423, 7.49569, 0.52718, 3.08405, -3.31647, -9.93725, -1.57217, 0.8519, 12.61732, -2.43553, -4.01286, -3.18759, -3.38368, 2.64498, 0.35326, -0.58484, -9.15298, 1.77631, 2.12207, -4.37862, 1.57555, 12.1375]"
43,sub7,supMAE,1,sub7-a__0069__highfive.npy,8,highfive,8,0.9037444,1,"[1.05044, 5.89577, -0.15954, 0.71796, -3.54835, -10.44655, -2.30799, -1.87481, 13.73813, -1.29086, -2.79906, -1.28949, -1.67383, 0.97732, 1.13453, 0.26709, -10.00729, 2.29449, 1.24142, -3.22481, 3.01216, 11.49442]"
43,sub7,supMAE,1,sub7-a__0070__highfive.npy,8,highfive,8,0.90422916,1,"[1.50528, 5.84154, 0.32224, 0.14119, -3.79915, -10.36022, -3.55565, -2.90621, 14.19793, -1.09007, -1.55768, -1.38067, -1.24459, 1.22032, 1.65369, 0.00458, -10.73695, 2.00993, -0.21017, -2.79067, 3.57452, 11.95018]"
43,sub7,supMAE,1,sub7-a__0071__highfive.npy,8,highfive,8,0.6877081,1,"[0.76038, 5.69854, 0.28423, 1.25867, -3.39038, -10.60651, -2.9566, -2.12976, 13.20607, -1.45886, -2.80326, -1.60607, -1.20117, 1.38641, 0.29647, 0.40259, -10.24025, 2.92173, 0.49692, -3.76863, 3.76906, 12.41512]"
43,sub7,supMAE,1,sub7-a__0072__wave.npy,21,wave,21,0.9540612,1,"[-2.30229, 7.29095, 1.03652, 9.63128, -2.98843, -8.0421, -1.45583, 4.73066, 9.79491, -5.16323, -6.38383, -4.49862, -4.17919, 4.41603, -4.10361, -0.57134, -6.19, 4.37102, 3.21128, -7.12107, 3.17941, 13.49569]"
43,sub7,supMAE,1,sub7-a__0073__wave.npy,21,wave,21,0.9541338,1,"[-2.46175, 6.91737, 1.21079, 9.8404, -2.85646, -8.07881, -1.57791, 4.66733, 9.34036, -5.42349, -6.55149, -4.61139, -3.90169, 4.64184, -4.57044, -0.42411, -6.28957, 4.79007, 3.12571, -7.11793, 3.68092, 13.39512]"
43,sub7,supMAE,1,sub7-a__0074__wave.npy,21,wave,21,0.95808566,1,"[-2.27639, 6.92791, 1.17832, 9.58347, -2.8724, -8.36599, -1.56755, 4.26957, 9.59806, -5.28293, -6.35371, -4.57865, -3.8735, 4.65209, -4.30994, -0.42882, -6.55009, 4.68926, 3.02015, -7.01247, 3.65881, 13.45898]"
43,sub7,supMAE,1,sub7-a__0075__wave.npy,21,wave,21,0.9667587,1,"[-2.29059, 6.70965, 1.02281, 8.74611, -2.86921, -9.04128, -0.93547, 3.48993, 10.16207, -5.09573, -6.47918, -3.79172, -3.12704, 4.05037, -4.23882, -0.11293, -6.94888, 5.01625, 3.06267, -7.09552, 3.72443, 13.78396]"
43,sub7,supMAE,1,sub7-a__0076__wave.npy,21,wave,21,0.96432066,1,"[-2.25166, 6.80678, 1.32469, 9.50955, -2.95086, -8.51453, -1.49536, 3.99995, 9.69878, -5.3879, -6.27067, -4.33629, -3.60962, 4.60315, -4.30195, -0.37636, -6.78448, 4.80448, 2.89761, -7.07423, 3.76564, 13.63964]"
43,sub7,supMAE,1,sub7-a__0077__bow.npy,2,bow,2,0.92870235,1,"[-2.09442, 2.5989, 8.17931, -0.70394, -2.0826, -9.60531, 0.6766, -4.21177, -0.50004, -4.36916, -4.82581, -1.46578, 5.42541, 0.27835, -0.47795, 0.41765, -7.13696, -0.10561, -1.99087, -1.54601, 3.07624, 1.18664]"
43,sub7,supMAE,1,sub7-a__0078__bow.npy,2,bow,2,0.93435633,1,"[-1.83225, 2.11435, 8.25931, -0.81982, -2.24041, -9.7, 0.55143, -4.53053, -0.36807, -4.34753, -4.40602, -1.33528, 5.4452, 0.18983, 0.04787, 0.26285, -7.41544, -0.18711, -2.16119, -1.33678, 3.00815, 1.11474]"
43,sub7,supMAE,1,sub7-a__0079__bow.npy,2,bow,2,0.9334375,1,"[-1.6405, 2.13832, 8.14695, -0.94947, -2.1032, -9.54905, 0.90653, -4.62405, -0.46459, -4.32584, -4.40578, -1.3745, 5.37344, 0.11862, 0.42355, 0.17515, -7.03507, -0.59459, -1.91031, -1.03991, 2.41671, 0.65618]"
43,sub7,supMAE,1,sub7-a__0080__bow.npy,2,bow,2,0.907943,1,"[-1.68115, 1.89366, 7.90397, -1.03567, -1.8501, -9.54603, 0.5183, -4.55293, -0.54233, -4.11843, -4.64945, -1.56941, 5.49023, -0.02317, 0.04086, 0.53423, -7.21861, -0.06482, -1.89934, -1.19261, 2.69867, 0.88817]"
43,sub7,supMAE,1,sub7-a__0082__crossarms.npy,5,crossarms,5,0.99992657,1,"[-0.91767, 5.44383, -4.45989, 1.98074, -0.36577, 21.95521, -7.65099, 12.43309, -6.92779, 1.98308, -5.35911, -5.13035, -5.92022, -1.16762, -3.0122, -3.91421, 6.17809, -1.80484, 3.40218, 0.64484, 0.76575, -4.07251]"
43,sub7,supMAE,1,sub7-a__0083__crossarms.npy,5,crossarms,5,0.99991846,1,"[-1.64551, 4.75426, -4.48866, 2.14749, 0.15472, 22.56677, -7.47141, 13.15087, -7.87147, 1.44802, -6.56513, -5.09271, -5.17952, -1.49823, -4.48909, -3.00511, 6.54866, -0.65161, 3.78563, 0.48907, 1.44334, -4.18023]"
43,sub7,supMAE,1,sub7-a__0085__crossarms.npy,5,crossarms,5,0.9998951,1,"[-1.76796, 5.58385, -4.21396, 2.82854, 0.12095, 22.05658, -8.14494, 12.89186, -7.24933, 1.58791, -6.41381, -5.55081, -5.46108, -1.12347, -4.7148, -3.402, 6.16492, -0.64963, 3.20542, 0.10252, 1.85401, -2.71686]"
43,sub7,supMAE,1,sub7-a__0086__crossarms.npy,5,crossarms,5,0.9999181,1,"[-1.73732, 4.91726, -4.27255, 2.38851, 0.10649, 22.16026, -7.76378, 12.74879, -7.57177, 1.51874, -6.46478, -5.05744, -5.05849, -1.48326, -4.55802, -3.29474, 5.94732, -0.40819, 3.24468, 0.28051, 1.97818, -3.00586]"
43,sub7,supMAE,1,sub7-a__0087__crossarms.npy,5,crossarms,5,0.9998234,1,"[-1.89122, 5.57563, -4.22752, 3.22643, 0.14656, 21.80044, -8.09068, 13.15688, -7.34355, 1.45517, -6.6283, -5.86869, -5.60839, -0.79157, -4.89729, -3.49811, 6.24809, -0.57616, 3.38409, -0.02722, 1.88601, -2.78551]"
43,sub7,supMAE,1,sub7-a__0088__airpunch.npy,1,airpunch,1,0.9782615,1,"[-4.80595, 12.01583, -2.46575, 6.32554, 1.85718, -4.80175, -3.14599, 5.12571, 4.86379, 0.03228, -11.60244, -10.26136, -4.54617, 3.52387, -7.67485, 1.79179, -0.99469, 2.65904, 7.89198, -3.45196, 1.70246, 4.31058]"
43,sub7,supMAE,1,sub7-a__0089__airpunch.npy,1,airpunch,1,0.9439633,1,"[-4.98528, 10.97191, -2.37902, 5.91661, 2.80713, -5.60834, -2.83282, 4.47508, 3.93009, -0.25288, -12.15157, -10.13915, -3.39762, 3.39477, -9.19244, 3.07556, -0.88813, 3.73312, 7.92701, -3.52012, 2.57513, 3.92189]"
43,sub7,supMAE,1,sub7-a__0090__airpunch.npy,1,airpunch,1,0.9633898,1,"[-4.71036, 11.88374, -2.48831, 6.00753, 1.8995, -5.28, -2.35249, 5.38184, 3.88423, -0.08614, -11.58947, -10.06348, -4.38668, 3.66371, -8.12837, 1.74937, -0.58688, 2.55621, 8.46498, -3.50464, 1.52255, 2.85009]"
43,sub7,supMAE,1,sub7-a__0091__airpunch.npy,1,airpunch,1,0.9471577,1,"[-3.84881, 12.16271, -2.72025, 5.14783, 2.50359, -5.73185, -1.52114, 5.08132, 3.76104, 0.46068, -11.18476, -10.35226, -4.85477, 3.6686, -7.10977, 2.08418, -0.26332, 1.74444, 9.23363, -3.16242, 0.19601, 1.35514]"
43,sub7,supMAE,1,sub7-a__0092__airpunch.npy,1,airpunch,1,0.96979326,1,"[-4.50683, 12.24361, -2.52052, 6.03103, 2.22962, -4.76798, -2.12524, 5.8283, 3.92231, -0.07493, -11.79354, -10.03985, -4.80167, 3.45468, -7.71845, 1.6784, -0.18552, 2.26262, 8.6277, -3.31448, 1.08231, 2.78653]"
43,sub7,supMAE,1,sub7-a__0093__drink.npy,7,drink,7,0.9988211,1,"[-3.11875, 9.24561, -1.15338, 13.18487, -2.80611, 7.22018, -2.40324, 19.95266, -2.05009, -5.61462, -7.10111, -8.83821, -10.56028, 6.84228, -6.24053, -4.29167, 5.63019, -0.23057, 6.8611, -5.68423, -1.12765, -1.30028]"
43,sub7,supMAE,1,sub7-a__0094__drink.npy,7,drink,7,0.9954857,1,"[-3.211, 9.33157, -0.81977, 14.07338, -3.29518, 6.11439, -2.366, 19.47969, -0.77481, -5.89329, -6.84587, -8.38429, -10.4985, 6.83658, -6.08286, -4.40742, 4.76178, 0.19849, 6.47661, -6.43112, -0.86233, 0.71708]"
43,sub7,supMAE,1,sub7-a__0095__drink.npy,7,drink,7,0.98371464,1,"[-3.42984, 8.93666, -0.98453, 14.80875, -3.18996, 5.38282, -1.87884, 18.91371, -0.56814, -6.25095, -6.85702, -8.32471, -10.38621, 7.28164, -6.47619, -4.08857, 4.84669, 0.73318, 7.00348, -6.71275, -0.78503, 0.79571]"
43,sub7,supMAE,1,sub7-a__0096__drink.npy,7,drink,7,0.99477756,1,"[-3.39244, 8.78303, -1.1907, 14.13349, -3.20704, 6.07952, -1.54198, 19.38994, -0.96135, -6.15581, -7.1667, -8.0277, -10.32362, 6.78555, -6.39421, -4.02542, 5.04793, 0.61024, 7.3084, -6.27765, -0.98417, 0.00577]"
43,sub7,supMAE,1,sub7-a__0097__drink.npy,7,drink,7,0.98950666,1,"[-3.22647, 8.69796, -1.07605, 14.49045, -3.07728, 5.73036, -1.87622, 19.04145, -0.77379, -6.14273, -7.00011, -8.43117, -10.49878, 7.11061, -6.31304, -4.00317, 4.83117, 0.64553, 7.14713, -6.40982, -0.9983, 0.47061]"
43,sub7,supMAE,1,sub7-a__0098__brushteeth.npy,3,brushteeth,3,0.851914,1,"[-3.10536, 9.14608, 1.41782, 13.95366, -2.25529, -6.84698, -1.61509, 7.93962, 7.32992, -6.51966, -7.2411, -7.98427, -5.8865, 7.64653, -6.73361, -0.76453, -3.31913, 4.30692, 4.2448, -9.20683, 2.04626, 12.12063]"
43,sub7,supMAE,1,sub7-a__0099__brushteeth.npy,3,brushteeth,3,0.9764193,1,"[-3.34161, 9.14092, 1.40464, 15.32728, -2.67806, -5.24671, -2.00815, 9.50626, 6.31181, -6.87657, -6.82153, -8.23183, -6.77376, 8.22037, -6.705, -1.58899, -2.23784, 3.89497, 4.25982, -9.37004, 1.94956, 11.31866]"
43,sub7,supMAE,1,sub7-a__0100__brushteeth.npy,3,brushteeth,3,0.8984161,1,"[-3.31885, 9.10903, 1.1713, 14.24608, -2.60023, -6.1117, -1.07403, 8.86817, 7.08206, -6.65886, -7.37295, -7.34579, -5.98261, 7.36002, -6.74633, -1.17429, -2.81031, 4.34073, 4.50915, -9.43538, 1.94208, 11.95012]"
43,sub7,supMAE,1,sub7-a__0101__brushteeth.npy,3,brushteeth,3,0.9565016,1,"[-3.34518, 9.16165, 1.41919, 14.86801, -2.74585, -5.19904, -1.80037, 9.68542, 6.43547, -6.81893, -7.1192, -7.82272, -6.60459, 7.70579, -6.56241, -1.64489, -2.40554, 3.91424, 4.22051, -9.23853, 1.95717, 11.52978]"
43,sub7,supMAE,1,sub7-a__0103__highfive.npy,8,highfive,8,0.9871579,1,"[0.79726, 3.66021, -2.60639, -0.90702, -2.35281, -11.44882, 2.81316, -1.56334, 10.87641, -1.04234, -4.95278, 0.07703, -1.38998, -0.80109, 0.67885, 2.20186, -8.52098, 3.20999, 5.83745, -2.48232, 1.02782, 5.50578]"
43,sub7,supMAE,1,sub7-a__0104__highfive.npy,8,highfive,8,0.88332117,1,"[0.13106, 6.25098, -1.11677, 2.79241, -2.53837, -10.30513, 1.25336, 1.46665, 11.09645, -2.46677, -6.03382, -2.41437, -3.14781, 1.26919, -0.9377, 1.0834, -7.73536, 2.79248, 5.21407, -4.23133, 0.83718, 8.98166]"
43,sub7,supMAE,1,sub7-a__0105__highfive.npy,8,highfive,8,0.96919787,1,"[0.28443, 4.82837, -1.24931, 1.05088, -2.84654, -11.276, 1.56855, -0.7392, 11.76267, -2.13149, -5.13697, -0.78474, -1.73813, 0.31468, -0.09764, 1.6269, -8.59755, 3.0824, 4.68458, -3.52334, 1.55629, 8.24327]"
43,sub7,supMAE,1,sub7-a__0106__highfive.npy,8,highfive,8,0.79178447,1,"[-0.12747, 6.21066, -0.39388, 3.19629, -2.58911, -10.68582, 0.80867, 1.05574, 11.37172, -3.04293, -5.99635, -2.40537, -2.53019, 1.699, -1.49447, 1.3841, -7.98989, 3.1264, 4.50486, -4.60025, 1.45688, 10.00682]"
43,sub7,supMAE,1,sub7-a__0107__highfive.npy,8,highfive,8,0.9614964,1,"[0.49135, 5.28422, -0.92783, 1.26613, -3.18485, -10.79851, 0.33282, -0.7011, 12.52559, -1.88105, -4.29219, -0.89899, -2.04252, 0.50762, 0.41618, 1.24446, -8.65388, 2.58678, 3.7083, -3.62362, 1.6742, 9.28291]"
43,sub7,supMAE,1,sub7-a__0108__highfive.npy,8,highfive,8,0.9247912,1,"[-0.34961, 5.36237, -1.02772, 1.94174, -2.74635, -11.08613, 1.25664, 0.17832, 11.57722, -2.36818, -5.90375, -1.53707, -1.93481, 0.69607, -0.98397, 1.6964, -8.25706, 3.28942, 4.7184, -4.05839, 1.67273, 9.0233]"
43,sub7,supMAE,1,sub7-a__0109__wave.npy,21,wave,21,0.94450253,1,"[-2.62263, 7.35578, 0.85691, 9.51218, -3.07243, -8.28109, -0.66247, 4.70735, 10.00146, -5.22756, -6.70491, -3.84804, -3.9181, 3.98745, -3.93434, -0.56507, -5.83793, 4.42081, 3.45625, -7.26247, 3.04368, 13.36512]"
43,sub7,supMAE,1,sub7-a__0110__wave.npy,21,wave,21,0.9547808,1,"[-2.54629, 7.13962, 1.23709, 9.38379, -3.32902, -8.05182, -1.09324, 4.60898, 10.0925, -5.39372, -6.34308, -3.48158, -3.69237, 3.95142, -3.71574, -0.88175, -6.15925, 4.32375, 2.84342, -6.97548, 3.55641, 13.58474]"
43,sub7,supMAE,1,sub7-a__0111__wave.npy,21,wave,21,0.9649535,1,"[-2.47989, 7.01272, 1.37536, 9.18986, -3.42571, -8.07329, -1.38155, 4.37397, 10.15627, -5.28437, -6.07404, -3.30916, -3.50932, 3.91038, -3.56048, -0.98191, -6.38049, 4.30708, 2.43436, -6.95632, 3.78024, 13.83201]"
43,sub7,supMAE,1,sub7-a__0112__wave.npy,21,wave,21,0.9469523,1,"[-2.64409, 6.91272, 1.29271, 9.77164, -3.31467, -7.87923, -1.18344, 4.74802, 9.73419, -5.54589, -6.32806, -3.63422, -3.74877, 4.16679, -3.93645, -0.82002, -5.9658, 4.38642, 2.91608, -7.0537, 3.60539, 13.36607]"
43,sub7,supMAE,1,sub7-a__0113__wave.npy,21,wave,21,0.9405973,1,"[-2.57554, 7.11817, 1.22513, 9.95446, -3.41941, -7.69424, -1.14712, 5.0126, 9.86065, -5.53418, -6.25383, -3.78508, -4.11604, 4.20359, -3.67312, -0.95324, -5.87887, 4.17586, 3.01098, -7.0807, 3.30919, 13.40225]"
43,sub7,supMAE,1,sub7-a__0114__bow.npy,2,bow,2,0.9515664,1,"[-2.2777, 2.86964, 8.4841, -0.32248, -2.55006, -10.13662, 1.52045, -4.20295, 0.33621, -4.76707, -4.69338, -0.96821, 5.28612, 0.17665, 0.05267, 0.20145, -7.11774, -0.41765, -2.01563, -1.76281, 2.64378, 1.6507]"
43,sub7,supMAE,1,sub7-a__0115__bow.npy,2,bow,2,0.9451137,1,"[-2.25967, 2.52215, 8.34176, -0.25496, -2.3799, -9.73925, 1.16392, -4.02123, -0.18201, -4.75798, -4.80066, -1.07377, 5.29534, 0.04703, -0.12996, 0.48252, -7.1362, -0.0699, -2.02985, -1.71339, 2.85749, 1.4332]"
43,sub7,supMAE,1,sub7-a__0116__bow.npy,2,bow,2,0.93341434,1,"[-2.08804, 2.06279, 8.31238, -0.55526, -2.48699, -9.83486, 1.08837, -4.46438, -0.04281, -4.48, -4.58372, -0.94993, 5.52879, -0.17733, 0.22846, 0.58725, -7.39878, -0.19244, -2.06217, -1.51862, 2.81702, 1.38481]"
43,sub7,supMAE,1,sub7-a__0117__bow.npy,2,bow,2,0.9043763,1,"[-2.09925, 1.91752, 7.93332, -0.91271, -2.18061, -9.58183, 1.21714, -4.30063, -0.52102, -4.31915, -4.8664, -1.11644, 5.5656, -0.22621, 0.15051, 0.56515, -6.89527, -0.14647, -1.89175, -1.29771, 2.6705, 0.8527]"
43,sub7,supMAE,1,sub7-a__0118__bow.npy,2,bow,2,0.90800256,1,"[-2.09454, 1.58558, 8.33567, -0.96127, -2.40536, -9.75555, 1.41002, -4.71323, -0.17038, -4.51408, -4.6071, -0.54221, 5.95521, -0.448, 0.28132, 0.50109, -7.22313, -0.11051, -2.17825, -1.2419, 2.85058, 1.25255]"
43,sub7,supMAE,1,sub7-a__0119__crossarms.npy,5,crossarms,5,0.99981695,1,"[-1.21521, 6.49562, -4.3164, 3.36342, -0.67413, 21.83797, -7.8854, 13.22998, -6.07452, 1.839, -5.30794, -5.48026, -6.87848, -0.64934, -3.01965, -4.52072, 6.46249, -1.96773, 3.20091, -0.10504, 0.61973, -2.7131]"
43,sub7,supMAE,1,sub7-a__0120__crossarms.npy,5,crossarms,5,0.99977046,1,"[-2.03407, 6.13031, -4.26195, 3.85051, -0.08299, 21.77426, -8.24544, 13.3934, -6.78787, 1.49884, -6.4609, -5.88667, -6.03701, -0.5191, -4.8732, -3.67609, 6.59282, -0.81719, 3.24457, -0.33354, 1.80582, -2.37595]"
43,sub7,supMAE,1,sub7-a__0121__crossarms.npy,5,crossarms,5,0.9997422,1,"[-2.17375, 5.85611, -4.17508, 4.4466, 0.01695, 21.84089, -8.37409, 13.57637, -7.08393, 1.22628, -6.68539, -6.05439, -5.9697, -0.33207, -5.34787, -3.5916, 6.64655, -0.40629, 3.25153, -0.60948, 2.01976, -2.07352]"
43,sub7,supMAE,1,sub7-a__0122__crossarms.npy,5,crossarms,5,0.9995486,1,"[-2.24361, 5.90558, -4.22904, 4.26506, 0.00517, 21.30839, -8.13237, 13.60427, -6.94716, 1.2031, -6.87797, -5.89575, -5.76638, -0.33553, -5.65979, -3.54354, 6.47696, -0.19661, 3.28411, -0.82048, 2.23353, -1.89171]"
43,sub7,supMAE,1,sub7-a__0123__crossarms.npy,5,crossarms,5,0.9997086,1,"[-2.18263, 6.02882, -4.02147, 4.64982, -0.09153, 21.74115, -8.54173, 13.59913, -7.12288, 1.31666, -6.52347, -6.2092, -6.18868, -0.20013, -5.15157, -3.81285, 6.63941, -0.68695, 3.12158, -0.59424, 1.91714, -2.07638]"
43,sub7,supMAE,1,sub7-a__0124__airpunch.npy,1,airpunch,1,0.9690159,1,"[-4.15496, 11.94298, -3.0446, 4.17562, 2.38239, -6.90893, -2.38216, 3.51311, 4.30354, 1.5823, -10.56234, -10.08631, -3.94503, 3.54147, -7.26278, 2.73457, -0.54174, 1.9194, 8.447, -3.12779, 1.11761, 1.72677]"
43,sub7,supMAE,1,sub7-a__0125__airpunch.npy,1,airpunch,1,0.9838451,1,"[-4.11821, 12.7111, -2.52361, 5.21183, 1.9647, -6.6107, -2.01202, 4.6293, 4.63033, 0.66926, -10.71177, -10.3608, -4.56545, 4.12267, -7.36129, 2.06227, -0.32068, 1.45783, 8.50862, -3.55957, 0.60465, 2.32162]"
43,sub7,supMAE,1,sub7-a__0127__airpunch.npy,1,airpunch,1,0.9948072,1,"[-4.49407, 13.03092, -1.81421, 5.51164, 1.84469, -6.63003, -2.58309, 4.76332, 4.11973, 0.35247, -10.53241, -10.36111, -4.37923, 4.38811, -7.6359, 1.4149, -0.07834, 1.39208, 7.51868, -3.64986, 1.29604, 2.50631]"
43,sub7,supMAE,1,sub7-a__0128__airpunch.npy,1,airpunch,1,0.9722205,1,"[-4.0068, 12.28873, -2.91297, 3.6267, 2.19414, -6.66806, -1.78439, 4.15773, 4.26452, 1.35528, -10.76332, -10.13243, -4.29711, 3.35683, -6.52023, 2.066, -0.41652, 1.05981, 8.69578, -2.25512, 0.51643, 0.58972]"
43,sub7,supMAE,1,sub7-a__0129__airpunch.npy,1,airpunch,1,0.98597205,1,"[-4.14682, 12.93757, -2.9228, 4.22756, 2.85309, -5.6824, -2.34266, 4.71304, 3.81829, 1.21171, -11.16799, -10.59998, -4.15592, 3.7575, -7.9684, 2.35154, 0.20602, 1.64347, 8.63073, -2.98473, 0.94669, 1.28287]"
43,sub7,supMAE,1,sub7-a__0130__drink.npy,7,drink,7,0.9993,1,"[-3.21632, 8.98189, -1.55523, 12.90261, -3.08736, 8.01521, -1.88713, 20.1989, -2.01184, -5.43288, -6.96053, -8.07025, -10.74649, 6.20132, -5.73728, -4.63552, 6.15291, -0.34672, 7.14039, -5.38557, -1.33882, -1.88907]"
43,sub7,supMAE,1,sub7-a__0131__drink.npy,7,drink,7,0.9992725,1,"[-3.43335, 8.57002, -1.59773, 12.80662, -3.0506, 7.70056, -1.74085, 20.05718, -1.94721, -5.52321, -7.35048, -7.58026, -10.29101, 5.8747, -6.11817, -4.38023, 5.70198, 0.30738, 7.09516, -5.44819, -0.76464, -1.29421]"
43,sub7,supMAE,1,sub7-a__0132__drink.npy,7,drink,7,0.99933344,1,"[-3.4722, 8.72296, -1.55271, 12.58399, -3.13119, 7.09121, -1.32592, 19.92841, -1.65801, -5.60562, -7.53323, -7.36008, -10.12505, 5.81377, -6.13252, -4.42831, 5.53267, 0.31079, 7.27349, -5.52476, -0.78602, -1.23597]"
43,sub7,supMAE,1,sub7-a__0133__drink.npy,7,drink,7,0.9997968,1,"[-3.41851, 9.07954, -1.60502, 11.68209, -3.29095, 7.48681, -1.24659, 20.28251, -1.32371, -5.35044, -7.78465, -7.01133, -9.92926, 5.04297, -5.98995, -4.39301, 5.30169, 0.09649, 7.24426, -5.27547, -0.86211, -1.13601]"
43,sub7,supMAE,1,sub7-a__0134__drink.npy,7,drink,7,0.97824246,1,"[-3.72343, 8.35076, -1.44936, 14.82573, -3.20259, 5.46951, -1.29626, 18.63422, -0.48591, -6.15597, -6.97327, -7.59446, -10.28231, 6.91162, -6.41175, -4.10251, 5.17897, 1.08465, 7.47047, -6.49999, -0.65633, 0.47866]"
43,sub7,supMAE,1,sub7-a__0135__drink.npy,7,drink,7,0.9964743,1,"[-3.74794, 8.48186, -1.3933, 13.63687, -2.9574, 5.99568, -1.19437, 19.29023, -0.99159, -6.09488, -7.757, -7.5278, -9.89777, 6.26139, -6.75143, -3.8894, 5.03002, 1.08342, 7.51365, -6.00174, -0.47404, -0.03785]"
43,sub7,supMAE,1,sub7-a__0136__brushteeth.npy,3,brushteeth,3,0.78196794,1,"[-3.07251, 9.27771, 1.31382, 13.6659, -2.54457, -6.87588, -1.21683, 7.78692, 7.8621, -6.3428, -7.00807, -7.16175, -5.95504, 7.1081, -5.98125, -1.36159, -3.45631, 4.08552, 4.2219, -9.03183, 2.01191, 12.315]"
43,sub7,supMAE,1,sub7-a__0137__brushteeth.npy,3,brushteeth,3,0.60746694,1,"[-3.32877, 8.59192, 1.14528, 13.06667, -2.48699, -6.78482, -1.1001, 7.6942, 7.62373, -6.19927, -7.48423, -6.47787, -5.2973, 6.44428, -6.31703, -1.09519, -3.75089, 4.73034, 4.0795, -8.83937, 2.73388, 12.5952]"
43,sub7,supMAE,1,sub7-a__0138__brushteeth.npy,3,brushteeth,3,0.57652193,1,"[-3.34852, 8.92378, 1.32095, 13.02421, -2.54695, -6.76531, -1.61913, 7.62061, 7.75754, -6.07424, -7.2311, -6.63402, -5.45043, 6.53858, -6.07643, -1.35192, -3.70869, 4.33446, 3.67461, -8.64029, 2.87963, 12.67675]"
43,sub7,supMAE,1,sub7-a__0139__brushteeth.npy,3,brushteeth,3,0.6827088,1,"[-3.19786, 8.92888, 1.20653, 13.2463, -2.57697, -6.80557, -1.32214, 7.68172, 7.86529, -6.25673, -7.08882, -6.75517, -5.6859, 6.71185, -5.94264, -1.25131, -3.61739, 4.30136, 4.02996, -8.71856, 2.44181, 12.42822]"
43,sub7,supMAE,1,sub7-a__0140__brushteeth.npy,3,brushteeth,3,0.64347583,1,"[-3.30618, 8.94345, 1.44465, 13.11557, -2.5061, -6.64751, -1.60996, 7.90089, 7.462, -6.21719, -7.19088, -6.71932, -5.42798, 6.72988, -6.16311, -1.47122, -3.49648, 4.29935, 3.68589, -8.76624, 2.76378, 12.47643]"
43,sub7,supMAE,1,sub7-a__0141__highfive.npy,8,highfive,8,0.97077954,1,"[0.36955, 5.65649, -1.43936, 1.60872, -2.07883, -11.3833, 1.92081, 0.0482, 11.2807, -2.16448, -5.86161, -2.14046, -2.78531, 0.96294, -0.31486, 1.4974, -8.07089, 2.80018, 5.60404, -3.22501, 0.79784, 7.48832]"
43,sub7,supMAE,1,sub7-a__0143__highfive.npy,8,highfive,8,0.9622743,1,"[0.69077, 6.33878, -1.02982, 0.92251, -2.6871, -11.26729, 0.7734, -0.47434, 12.46576, -1.60669, -4.89193, -1.67345, -2.45688, 0.9266, 0.60439, 0.47669, -8.58833, 2.27874, 4.06285, -3.32846, 1.29475, 9.16053]"
43,sub7,supMAE,1,sub7-a__0144__highfive.npy,8,highfive,8,0.98954916,1,"[1.21685, 5.99311, -1.13712, -0.03569, -2.95575, -11.26276, 0.42428, -1.23969, 12.8964, -1.17328, -3.88788, -1.31634, -2.51072, 0.64601, 1.72827, 0.42553, -8.82145, 1.58808, 3.72002, -2.55593, 1.04944, 8.22859]"
43,sub7,supMAE,1,sub7-a__0145__highfive.npy,8,highfive,8,0.90609473,1,"[0.27807, 6.6905, -0.71456, 2.44763, -2.71056, -10.37531, 0.64589, 1.28484, 11.67652, -2.29214, -5.64589, -2.51289, -3.34225, 1.40059, -0.13086, 0.28514, -7.84339, 2.22505, 4.45438, -3.79865, 0.99309, 9.33058]"
43,sub7,supMAE,1,sub7-a__0146__highfive.npy,8,highfive,8,0.96065813,1,"[0.61217, 5.82517, -1.1436, 0.97235, -2.85858, -10.96489, 1.45692, -0.30527, 11.98583, -1.75625, -4.92047, -1.08449, -2.526, 0.66134, 0.88317, 0.37668, -8.28363, 2.29104, 4.43635, -3.42967, 0.89543, 8.71926]"
43,sub7,supMAE,1,sub7-b1__0002__turnaround.npy,19,turnaround,19,0.9726792,1,"[1.99997, -2.15281, -6.16801, -6.25966, 0.59819, -4.01413, 1.32772, -5.79264, 2.25451, 0.39199, -0.69385, -3.07009, -0.30735, 0.64359, 0.77646, 6.70161, -4.41336, -0.36842, 3.02991, 10.33659, 0.50456, -9.95269]"
43,sub7,supMAE,1,sub7-b1__0003__walk.npy,20,walk,17,0.7041107,0,"[0.09848, -7.69956, -5.66973, -3.43324, 1.18264, -5.58623, -1.78947, -7.47671, -2.33872, 2.85443, -0.93135, -0.42859, 5.48222, 1.25313, -5.17921, 4.53116, -5.39085, 9.07402, 0.15883, -0.5458, 8.10302, -0.28023]"
43,sub7,supMAE,1,sub7-b1__0004__turnaround.npy,19,turnaround,19,0.92402506,1,"[7.23246, -1.20651, -4.94493, -6.19455, 2.66218, -4.55689, 0.11441, -6.63907, -0.49498, -0.15899, -1.10082, -5.79092, -0.12846, 1.86226, 0.66778, 6.51206, -10.29501, 0.6562, 3.91527, 10.16564, 0.43648, -7.3101]"
43,sub7,supMAE,1,sub7-b1__0005__walk.npy,20,walk,20,0.9909149,1,"[1.86703, -2.14151, -2.75567, -4.44271, 0.15388, -6.15289, -7.51042, -7.68318, 1.94417, 3.2486, -0.04329, -1.82047, 4.56248, 0.56143, -2.77672, 2.79046, -9.80714, 4.83844, -1.39073, 1.48022, 10.3634, 1.36453]"
43,sub7,supMAE,1,sub7-b1__0006__turnaround.npy,19,turnaround,19,0.9628902,1,"[1.20481, -3.06775, -5.59763, -6.24776, 0.30906, -4.04476, 1.6496, -6.07831, 2.0292, -0.21278, -1.76319, -2.27227, 1.04046, 0.01356, 0.12688, 7.26923, -5.31517, 0.7901, 2.51922, 10.55592, 1.85189, -9.21445]"
43,sub7,supMAE,1,sub7-b1__0007__walk.npy,20,walk,17,0.72514224,0,"[1.36149, -8.14069, -5.73698, -3.83254, -0.0213, -5.51792, -0.12038, -7.12455, -1.7228, 2.29788, 0.08774, 1.32456, 4.56597, 0.83919, -1.99135, 3.07738, -5.87918, 7.8912, 0.19283, -0.08357, 6.76837, -1.19381]"
43,sub7,supMAE,1,sub7-b1__0008__turnaround.npy,19,turnaround,19,0.9511233,1,"[4.98851, -0.9877, -4.66691, -5.48364, 4.45411, -3.71665, -1.76827, -5.69004, -1.33702, 0.25872, -3.03173, -6.88674, 0.04535, 1.26667, -1.89071, 7.29628, -8.95433, 2.02166, 3.76789, 10.45001, 2.29433, -7.59485]"
43,sub7,supMAE,1,sub7-b1__0009__walk.npy,20,walk,20,0.9716099,1,"[4.24482, -2.98602, -3.23992, -5.30781, 1.18179, -6.15657, -9.08569, -9.49896, 1.80849, 3.97195, 2.27002, -2.49485, 4.93789, 1.332, -3.29082, 4.29506, -10.28081, 4.8795, -1.92285, 1.33218, 9.74596, 1.61521]"
43,sub7,supMAE,1,sub7-b1__0010__turnaround.npy,19,turnaround,19,0.930926,1,"[1.45051, -3.3749, -6.03768, -6.22154, 0.66923, -3.90076, 1.50159, -5.96201, 1.9767, -0.24706, -1.74299, -2.15185, 0.94671, 0.04163, -0.394, 7.57044, -5.17555, 1.40792, 2.5438, 10.19536, 1.91654, -9.02244]"
43,sub7,supMAE,1,sub7-b1__0011__walk.npy,20,walk,17,0.7260442,0,"[1.71186, -8.04983, -5.96826, -3.35048, 0.92609, -4.89007, -0.76759, -6.43445, -2.65885, 2.20926, -0.41566, 0.16417, 3.75569, 1.48671, -2.37427, 2.96628, -5.13307, 7.80918, 0.50542, 0.40177, 6.73318, -2.01692]"
43,sub7,supMAE,1,sub7-b1__0012__turnaround.npy,19,turnaround,19,0.95997936,1,"[5.42346, -0.67363, -4.31456, -5.15223, 4.73482, -3.4398, -2.30908, -5.54336, -1.73394, 0.09795, -2.86213, -7.2075, -0.23161, 1.73956, -1.67759, 6.77035, -8.86231, 1.74934, 3.51612, 10.32398, 2.24175, -7.48514]"
43,sub7,supMAE,1,sub7-b1__0013__walk.npy,20,walk,20,0.9661234,1,"[4.42437, -3.38124, -2.80519, -5.21197, 0.11928, -5.95938, -9.27332, -10.31572, 2.55503, 3.93565, 3.85029, -1.60117, 5.11592, 1.15859, -1.89487, 4.13424, -10.56028, 4.24164, -2.99195, 1.09905, 9.58883, 2.39759]"
43,sub7,supMAE,1,sub7-b1__0014__turnaround.npy,19,turnaround,19,0.98928714,1,"[2.36161, -3.04144, -5.36653, -6.55682, -0.13561, -3.8693, 1.88051, -6.41974, 2.75033, -0.56276, -0.60897, -1.54865, 0.50431, -0.29437, 2.05684, 6.39661, -5.71233, -0.29277, 2.32541, 11.01493, 0.70094, -9.39875]"
43,sub7,supMAE,1,sub7-b1__0015__walk.npy,20,walk,17,0.8061444,0,"[0.83371, -8.17715, -6.03894, -3.37225, 0.79153, -5.23509, 0.47812, -6.06687, -2.42874, 1.77702, -1.64667, 0.78958, 4.20726, 0.9367, -2.91285, 3.26995, -5.18995, 8.69187, 0.897, 0.41954, 7.18309, -1.43078]"
43,sub7,supMAE,1,sub7-b1__0016__turnaround.npy,19,turnaround,19,0.9719435,1,"[0.1735, -3.20664, -2.78605, -3.37913, 1.67198, -2.46917, -2.56389, -4.06568, 0.00782, -0.47813, -4.69853, -2.75891, 1.48345, -1.20176, 0.48875, 4.87771, -7.25407, 2.36721, -0.23227, 9.76089, 5.83756, -4.93688]"
43,sub7,supMAE,1,sub7-b1__0017__walk.npy,20,walk,20,0.93135184,1,"[4.80918, -4.68337, -3.48649, -5.88247, 0.98823, -6.37208, -8.71759, -11.06971, 1.93333, 4.25905, 4.07322, -1.4256, 5.80551, 1.2308, -2.74632, 5.30925, -10.41832, 5.20749, -2.67696, 0.88256, 9.50958, 2.22612]"
43,sub7,supMAE,1,sub7-b1__0018__turnaround.npy,19,turnaround,19,0.9738635,1,"[2.45016, -3.43127, -5.84815, -6.35633, 0.5553, -3.74617, 1.4646, -6.38203, 2.44203, -0.48732, -0.88396, -1.98093, 0.51714, 0.00644, 1.1317, 7.08681, -5.42733, 0.57639, 2.45997, 10.74774, 1.06045, -9.21343]"
43,sub7,supMAE,1,sub7-b1__0019__walk.npy,20,walk,17,0.77477515,0,"[1.44817, -7.92946, -6.2801, -3.19389, 1.06108, -4.65084, -0.21234, -5.79375, -2.89888, 1.81809, -1.30556, 0.12288, 3.55678, 1.38169, -2.78112, 2.90072, -4.86448, 8.26093, 1.02856, 0.83771, 6.95345, -2.08251]"
43,sub7,supMAE,1,sub7-b1__0020__turnaround.npy,19,turnaround,19,0.95587045,1,"[5.96346, -0.16641, -3.84269, -5.1088, 4.59098, -3.34794, -2.76943, -5.41938, -1.422, -0.00999, -2.43505, -7.31217, -0.56719, 1.94163, -1.22595, 6.39892, -9.12596, 1.12845, 3.44941, 10.11366, 1.76868, -7.41978]"
43,sub7,supMAE,1,sub7-b1__0021__hop.npy,9,hop,9,0.9808406,1,"[6.95216, -5.48791, -8.52185, -7.39361, 5.28359, -6.87984, -7.11369, -12.01868, -3.55491, 14.02938, 10.02983, -6.06337, 0.27824, 4.23824, 5.14976, 1.26068, 1.96363, -1.06435, -0.00453, -0.5411, -1.96871, -6.69058]"
43,sub7,supMAE,1,sub7-b1__0022__hop.npy,9,hop,9,0.9570872,1,"[7.9053, -5.78333, -8.49294, -8.39773, 4.27766, -6.46145, -7.03263, -11.88945, -2.65197, 13.75017, 10.56783, -4.79405, 0.61061, 3.20133, 5.76663, 1.39018, -0.02443, -0.96201, -0.08374, -0.35631, -2.00479, -6.54951]"
43,sub7,supMAE,1,sub7-b1__0023__hop.npy,9,hop,9,0.90757835,1,"[8.57415, -6.06126, -8.24939, -8.74873, 4.09875, -6.04167, -6.0976, -11.8836, -2.31288, 13.28133, 10.87323, -3.87693, 0.45629, 2.53258, 7.35914, 1.15722, -0.59531, -1.37531, -0.01624, -0.04736, -3.19114, -6.65334]"
43,sub7,supMAE,1,sub7-b1__0024__hop.npy,9,hop,9,0.99578696,1,"[6.42039, -6.59754, -8.27183, -7.98208, 6.54899, -7.06587, -5.95568, -11.92333, -4.79032, 13.17319, 6.62859, -6.29457, 1.70009, 3.00908, 4.63409, 2.97457, 0.39519, 0.12196, 1.21077, 0.7108, -1.30778, -7.15727]"
43,sub7,supMAE,1,sub7-b1__0025__hop.npy,9,hop,9,0.9977811,1,"[7.47596, -5.58806, -9.60902, -8.64989, 6.58423, -6.26853, -6.86161, -11.25661, -4.27032, 14.65076, 7.84208, -6.02557, 1.12619, 3.28722, 3.52584, 2.75143, 2.03324, -0.47174, 1.41616, -0.26209, -2.45568, -7.2925]"
43,sub7,supMAE,1,sub7-b1__0026__hop.npy,9,hop,9,0.9978815,1,"[6.5649, -7.26959, -9.55412, -8.94116, 6.65063, -6.29268, -6.50258, -11.92411, -5.06453, 14.65471, 8.11676, -4.65288, 2.5372, 2.26083, 2.74633, 3.28328, 2.33229, 0.96952, 0.67567, -0.58124, -1.28276, -6.8149]"
43,sub7,supMAE,1,sub7-b1__0027__hop.npy,9,hop,9,0.9979613,1,"[6.49168, -6.97832, -8.96721, -8.34984, 6.1312, -5.6365, -5.64859, -11.41711, -5.52282, 14.06029, 7.12107, -5.24731, 1.46308, 2.16157, 5.37529, 2.23999, 1.96609, -0.34646, 1.32953, 0.66139, -2.16516, -7.81159]"
43,sub7,supMAE,1,sub7-b1__0028__jump.npy,10,jump,10,0.9958579,1,"[8.83132, -5.53586, -6.28419, -7.87341, -1.79675, -5.43379, -5.69022, -11.97, 2.4318, 8.13089, 14.89604, 0.90297, 0.97178, 1.99713, 7.59254, 0.6503, -6.16994, -0.30936, -2.64333, -0.76321, -0.12644, -3.13475]"
43,sub7,supMAE,1,sub7-b1__0030__jump.npy,10,jump,10,0.9972114,1,"[9.6886, -5.35347, -6.83438, -7.95513, -1.59135, -4.55633, -5.3667, -11.76614, 2.10838, 8.5524, 16.02337, 1.29174, 0.23127, 2.32721, 8.31838, 0.02722, -4.50843, -1.13535, -2.71235, -1.17338, -1.73712, -3.70271]"
43,sub7,supMAE,1,sub7-b1__0031__jump.npy,10,jump,10,0.99697745,1,"[9.80194, -5.62933, -6.26207, -7.81681, -1.5, -5.33787, -5.84087, -12.61768, 2.13325, 8.10318, 15.90307, 0.7681, 0.68748, 2.54462, 8.02245, 0.76538, -6.00579, -0.81995, -2.88517, -0.68083, -1.04436, -3.39393]"
43,sub7,supMAE,1,sub7-b1__0032__jump.npy,10,jump,10,0.99720037,1,"[9.70117, -5.51659, -6.47046, -7.85412, -1.59885, -5.38978, -5.64416, -12.4452, 2.26232, 8.30353, 15.95147, 0.89686, 0.53182, 2.51645, 8.12024, 0.68229, -5.53379, -0.9032, -2.78004, -0.9072, -1.21624, -3.61362]"
43,sub7,supMAE,1,sub7-b1__0033__jump.npy,10,jump,10,0.9989648,1,"[9.54817, -5.14654, -6.88855, -7.18649, -1.99421, -4.41429, -5.42733, -11.54149, 2.40075, 8.32328, 16.86689, 1.79973, -0.17557, 2.81845, 8.22636, -0.43312, -3.81968, -1.03065, -3.23579, -1.99854, -1.85675, -3.37804]"
43,sub7,supMAE,1,sub7-b1__0034__runonspot.npy,13,runonspot,13,0.9989963,1,"[3.43339, 8.91591, -3.15933, 8.32699, 1.78016, -5.892, -10.40501, -4.51648, 0.44428, 3.37633, 6.56201, -13.97741, -6.24833, 16.32679, -3.3203, -1.25835, 2.44258, -3.44291, -0.68404, -6.83737, 0.00723, 1.81692]"
43,sub7,supMAE,1,sub7-b1__0035__runonspot.npy,13,runonspot,13,0.99925286,1,"[3.02582, 8.80217, -3.63481, 7.93115, 3.31289, -6.14211, -9.91549, -4.36847, -0.72249, 3.47861, 4.67618, -14.5271, -5.42826, 16.37453, -5.27781, -0.26318, 3.50056, -2.40209, 0.04419, -6.98093, 0.64835, 1.5835]"
43,sub7,supMAE,1,sub7-b1__0036__runonspot.npy,13,runonspot,13,0.9977083,1,"[3.2623, 8.8239, -4.6287, 6.55868, 5.32577, -5.11401, -9.30019, -4.01853, -1.59374, 4.12045, 1.73844, -14.25978, -4.31759, 15.05018, -6.8086, 0.64677, 4.43709, -1.94692, 1.36008, -6.41341, 0.53413, 1.32155]"
43,sub7,supMAE,1,sub7-b1__0037__runonspot.npy,13,runonspot,13,0.9979996,1,"[3.04276, 9.23232, -3.22502, 8.36, 4.84858, -4.95513, -10.14239, -3.69829, -1.40538, 2.59157, 2.0373, -15.0607, -4.88914, 15.80813, -6.85031, 0.79097, 3.12882, -1.97504, 0.77154, -6.45014, 0.90923, 2.07421]"
43,sub7,supMAE,1,sub7-b1__0038__runonspot.npy,13,runonspot,13,0.9992841,1,"[4.27852, 8.76414, -5.14799, 6.8416, 6.22473, -5.02175, -8.60022, -3.37884, -2.95161, 4.19557, 2.18533, -15.20638, -5.6232, 16.2775, -6.51325, -0.37454, 6.00182, -2.60882, 2.01758, -6.58235, -1.04021, -0.69696]"
43,sub7,supMAE,1,sub7-b1__0039__airkick.npy,0,airkick,10,0.9714537,0,"[6.79417, -4.08003, -1.83097, -4.9799, -4.62818, -6.11042, -6.57753, -11.40076, 6.57227, 2.72317, 11.20049, 3.76061, 4.19488, 1.33434, 4.63476, 1.61533, -10.95565, 1.72575, -5.81964, -2.22711, 5.39366, 4.38284]"
43,sub7,supMAE,1,sub7-b1__0040__buttkicks.npy,4,buttkicks,4,0.86150855,1,"[6.12353, 1.17561, -8.94143, -0.3521, 14.23887, -0.42323, -10.76057, -5.8321, -10.36417, 9.98794, 2.37309, -13.19281, -2.29093, 11.48289, -8.48035, 1.8413, 11.7456, -0.30512, 1.65988, -1.49921, -0.32336, -7.43866]"
43,sub7,supMAE,1,sub7-b1__0041__buttkicks.npy,4,buttkicks,4,0.9297276,1,"[7.22103, 1.49722, -9.16782, -1.03718, 14.42552, 0.64814, -10.37574, -5.72533, -10.24739, 10.12262, 1.62608, -12.7242, -2.22132, 10.3136, -8.00957, 2.0836, 11.32257, -1.04953, 2.55557, -0.96271, -1.35621, -8.07119]"
43,sub7,supMAE,1,sub7-b1__0042__buttkicks.npy,4,buttkicks,4,0.86919737,1,"[7.80651, 0.01368, -10.12049, -3.42247, 13.8739, -0.59344, -9.02793, -7.03606, -9.16038, 11.5764, 2.64241, -10.91788, -1.59913, 8.84057, -5.84837, 2.12422, 10.68217, -1.18426, 2.92601, -0.23799, -1.93016, -8.81202]"
43,sub7,supMAE,1,sub7-b1__0043__buttkicks.npy,4,buttkicks,4,0.69647044,1,"[6.09405, 2.25653, -8.92359, 0.70831, 13.54074, -0.84198, -10.6563, -5.71393, -9.18123, 9.91906, 2.27847, -13.86447, -2.75158, 12.13403, -8.19309, 1.70922, 11.72976, -0.78353, 2.12553, -2.45134, -0.85266, -6.50384]"
43,sub7,supMAE,1,sub7-b1__0044__buttkicks.npy,4,buttkicks,4,0.4285257,1,"[6.56036, 2.13133, -9.54718, -0.53437, 12.44204, -0.53545, -9.78411, -5.75664, -8.34954, 10.97366, 3.25698, -12.17708, -2.8593, 11.11083, -6.4826, 0.72311, 12.26309, -1.72524, 2.04576, -2.69639, -1.94863, -6.63759]"
43,sub7,supMAE,1,sub7-b1__0045__airkick.npy,0,airkick,10,0.93835926,0,"[9.22454, -2.44156, -1.89583, -5.81548, -5.79494, -5.63168, -5.04068, -11.02499, 7.62987, 2.8914, 12.62494, 4.34329, 2.30975, 1.25096, 8.9421, -0.74596, -10.69461, -1.89876, -5.12574, -1.91963, 1.51359, 2.28238]"
43,sub7,supMAE,1,sub7-b1__0046__airkick.npy,0,airkick,10,0.6493191,0,"[8.95981, -4.65297, -4.01947, -6.0494, -1.45329, -4.6187, -6.5569, -11.18085, 4.24541, 3.90243, 9.61852, 2.2607, 3.88113, 1.71525, 2.47882, 2.65335, -9.31071, 2.23384, -4.01805, -1.13971, 4.66805, 2.61911]"
43,sub7,supMAE,1,sub7-b1__0047__airkick.npy,0,airkick,0,0.6780851,1,"[9.98793, -4.36196, -3.99289, -7.06612, -1.2241, -5.22503, -6.01313, -11.34775, 3.99586, 4.37488, 9.21591, 1.80056, 3.84109, 1.87743, 3.19513, 2.52353, -9.33944, 1.14879, -3.37114, -0.61435, 3.63652, 1.30217]"
43,sub7,supMAE,1,sub7-b1__0048__airkick.npy,0,airkick,0,0.80568767,1,"[10.49007, -4.7724, -5.27314, -6.38491, 1.45188, -3.85753, -8.07607, -11.66496, 1.63306, 5.59463, 9.01695, -0.36657, 3.34849, 2.7575, 0.63684, 3.95807, -7.72715, 1.98786, -2.71512, -0.10185, 3.76159, 0.34517]"
43,sub7,supMAE,1,sub7-b1__0049__airkick.npy,0,airkick,0,0.6770706,1,"[10.60297, -4.66303, -4.83277, -7.21476, -0.46917, -4.38157, -6.69211, -11.54975, 3.17519, 5.16245, 9.84648, 1.40615, 3.47234, 1.84939, 2.91163, 2.96127, -8.75066, 1.21211, -2.96783, -0.40652, 3.10511, 0.36475]"
43,sub7,supMAE,1,sub7-b1__0050__sidekick.npy,14,sidekick,14,0.9979551,1,"[5.51361, -4.13622, -4.06335, -9.15673, -5.1498, -6.09444, 2.16353, -8.83105, 6.34843, 5.65872, 4.45568, 6.27827, 3.33959, -3.20784, 13.66928, -1.24756, -7.99823, -2.80065, -0.34988, 1.68972, 0.28724, -1.46934]"
43,sub7,supMAE,1,sub7-b1__0051__sidekick.npy,14,sidekick,14,0.9940719,1,"[3.37585, -2.86274, -2.30197, -8.00893, -7.28835, -5.5065, 3.41287, -7.28963, 9.24846, 3.2315, 3.41004, 8.54178, 3.13426, -4.77176, 14.78112, -1.89381, -9.76825, -2.67027, -1.10934, 1.84266, 0.82443, 0.52524]"
43,sub7,supMAE,1,sub7-b1__0052__sidekick.npy,14,sidekick,14,0.99963605,1,"[5.76865, -2.82334, -3.99845, -9.63123, -5.61534, -3.45877, 5.20682, -6.27553, 5.5887, 5.79151, 4.14033, 9.14204, 1.01175, -4.73056, 17.17869, -4.31153, -5.0924, -5.30676, 0.56276, 2.22535, -3.20422, -3.83601]"
43,sub7,supMAE,1,sub7-b1__0053__sidekick.npy,14,sidekick,14,0.9968189,1,"[4.10764, -4.23007, -3.89637, -9.12098, -5.80241, -5.38346, 3.98961, -7.60139, 6.85507, 4.85964, 2.83165, 7.89416, 3.4217, -4.67392, 14.0249, -1.31614, -8.12118, -2.47528, 0.29356, 2.22602, 0.48614, -1.80035]"
43,sub7,supMAE,1,sub7-b1__0054__sidekick.npy,14,sidekick,14,0.993321,1,"[2.63421, -4.20987, -3.60052, -8.70266, -5.10382, -5.36582, 3.94666, -7.15654, 6.42571, 4.20758, 0.84082, 7.03661, 4.00511, -4.89604, 12.59147, -0.48915, -8.20632, -1.56951, 0.52046, 3.14013, 1.80612, -1.66712]"
43,sub7,supMAE,1,sub7-b1__0055__sidekick.npy,14,sidekick,14,0.99961555,1,"[4.90088, -3.7449, -3.85771, -8.88177, -6.18985, -3.9677, 3.9727, -6.84842, 6.17764, 5.24942, 4.32311, 8.28919, 1.81078, -4.46937, 16.36705, -3.19211, -6.48353, -4.12685, -0.15946, 2.23672, -1.4291, -2.62017]"
43,sub7,supMAE,1,sub7-b1__0056__crosstoe.npy,6,crosstoe,6,0.9995097,1,"[-2.67296, -6.26811, 0.20778, -7.01524, -3.81066, -7.35913, 18.3273, -7.5818, -0.25049, -4.84966, -2.59014, 10.66861, 6.60023, -5.47487, 6.59027, -1.22473, -3.06154, 0.24222, 2.05765, 5.37045, -0.60311, -6.41895]"
43,sub7,supMAE,1,sub7-b1__0057__crosstoe.npy,6,crosstoe,6,0.9988494,1,"[-2.94762, -6.13705, 1.27379, -6.55299, -4.4339, -7.68393, 17.83752, -7.72713, 0.76831, -5.6266, -2.69736, 11.04119, 7.05686, -5.78787, 6.36043, -0.79836, -4.20021, 0.69985, 1.3301, 4.97761, -0.04484, -5.15836]"
43,sub7,supMAE,1,sub7-b1__0059__crosstoe.npy,6,crosstoe,6,0.9977406,1,"[-3.57805, -5.59192, 2.80014, -5.67598, -5.38582, -8.18053, 17.54379, -7.47933, 1.9522, -6.437, -2.41228, 11.43399, 6.93028, -5.82556, 6.52021, -1.10851, -5.3326, 0.81542, 0.31608, 4.32645, 0.3405, -3.79738]"
43,sub7,supMAE,1,sub7-b1__0060__crosstoe.npy,6,crosstoe,6,0.99626714,1,"[-3.39618, -5.76051, 3.06089, -5.7913, -5.38246, -8.30177, 17.27047, -7.79589, 1.80506, -6.41394, -2.57304, 11.65926, 7.58244, -5.99401, 6.69907, -1.16998, -5.19607, 0.74025, -0.1376, 3.92805, 0.51499, -3.25164]"
43,sub7,supMAE,1,sub7-b1__0061__crosstoe.npy,6,crosstoe,6,0.9973144,1,"[-3.2197, -5.88081, 2.8613, -6.00597, -4.93069, -8.29368, 17.41428, -7.78864, 1.4568, -6.22839, -2.77649, 11.47029, 7.62916, -5.94984, 6.10581, -0.79068, -5.10824, 0.9442, 0.27797, 4.26809, 0.49619, -3.6895]"
43,sub7,supMAE,1,sub7-b1__0062__throw.npy,18,throw,18,0.56452334,1,"[-0.83708, 8.23641, -5.75294, -1.41602, 2.98675, -8.67841, -2.37328, 0.25725, 3.97229, 3.31506, -7.92973, -10.50901, -2.72036, 3.16699, -6.8317, 9.04683, -2.7789, 0.51353, 9.68518, 1.68271, 0.25483, -5.38489]"
43,sub7,supMAE,1,sub7-b1__0063__throw.npy,18,throw,18,0.50941813,1,"[0.25734, 8.43328, -6.04499, -0.96424, 5.11234, -5.59221, -4.07042, 0.41392, 1.72249, 4.31904, -7.09852, -12.01187, -3.66773, 3.66401, -5.98054, 9.0318, -0.80323, -0.70789, 9.53024, 2.08473, -1.47482, -7.16231]"
43,sub7,supMAE,1,sub7-b1__0064__throw.npy,18,throw,15,0.52835,0,"[0.48651, 8.21134, -5.85112, -1.0991, 6.45231, -4.93229, -4.19391, 0.0951, 1.8706, 3.92043, -8.63573, -11.43455, -2.51906, 2.79247, -7.23322, 9.9295, -1.43434, 0.58864, 9.54117, 2.02346, -0.88834, -5.10251]"
43,sub7,supMAE,1,sub7-b1__0065__throw.npy,18,throw,18,0.49517155,1,"[0.65049, 8.44293, -5.8448, -0.93652, 5.95035, -4.50973, -4.41587, 0.24194, 1.93473, 4.28742, -7.94478, -11.26434, -2.75479, 2.82557, -6.81848, 9.23296, -0.95018, 0.03561, 9.62025, 1.36662, -1.42342, -5.56494]"
43,sub7,supMAE,1,sub7-b1__0066__throw.npy,18,throw,18,0.53972125,1,"[-0.29607, 7.85143, -6.0888, -0.74359, 4.63607, -4.82322, -3.05069, 0.33333, 3.03067, 4.03939, -8.03693, -9.56249, -2.66301, 1.85949, -6.09174, 9.3084, -0.76974, 0.24226, 9.69122, 0.99198, -1.45209, -4.88374]"
43,sub7,supMAE,1,sub7-b1__0067__walk.npy,20,walk,20,0.5711095,1,"[5.66317, -5.02904, -3.72186, -5.40858, -0.67655, -5.65506, -8.46822, -11.85429, 3.57028, 4.39584, 7.50526, 0.62033, 5.37679, 1.25599, 0.02976, 4.29372, -10.00547, 4.2625, -4.03546, -0.55554, 8.16068, 3.64996]"
43,sub7,supMAE,1,sub7-b1__0068__turnaround.npy,19,turnaround,19,0.9946346,1,"[2.86744, -2.76054, -5.55718, -7.22767, -0.02413, -2.85692, 1.95524, -6.38077, 3.24322, -0.27846, 0.01169, -0.95582, 0.06907, -1.09466, 3.50384, 5.97136, -5.0783, -1.30214, 2.35447, 11.42032, -0.3655, -9.69806]"
43,sub7,supMAE,1,sub7-b1__0069__walk.npy,20,walk,17,0.8349074,0,"[1.25933, -7.63719, -6.39477, -3.63105, 1.77518, -4.73356, 0.64362, -5.16135, -4.13378, 1.84387, -1.88806, -0.47715, 3.3883, 1.76282, -3.25788, 2.34361, -3.88388, 8.2033, 1.33091, 1.23766, 6.47799, -3.20246]"
43,sub7,supMAE,1,sub7-b1__0070__turnaround.npy,19,turnaround,19,0.97215265,1,"[2.50529, -3.76551, -4.24562, -4.92124, 1.79134, -2.04889, -1.13829, -4.07173, -1.19159, 0.02305, -1.87379, -1.90294, -0.08837, -0.55916, 1.55999, 1.68165, -6.27639, 3.31529, 0.9129, 8.20234, 3.74969, -6.55608]"
43,sub7,supMAE,1,sub7-b1__0071__walk.npy,20,walk,20,0.7137657,1,"[5.5714, -5.75589, -3.84093, -5.25369, 0.14504, -5.62998, -8.94009, -12.06311, 2.50332, 4.61652, 7.22939, 0.03519, 5.51383, 1.33343, -0.86159, 4.82519, -9.93413, 4.98637, -3.93716, -0.40603, 8.65997, 3.43565]"
43,sub7,supMAE,1,sub7-b1__0072__turnaround.npy,19,turnaround,19,0.99275196,1,"[2.64593, -2.6604, -5.82504, -7.30572, 0.17249, -3.1938, 1.769, -6.32536, 3.10416, -0.12671, -0.41104, -1.10797, 0.14731, -0.89863, 2.83931, 6.22869, -4.72471, -0.9645, 2.20116, 11.28541, -0.08373, -9.72991]"
43,sub7,supMAE,1,sub7-b1__0073__walk.npy,20,walk,17,0.8019525,0,"[1.09781, -7.93511, -6.37311, -3.44377, 1.59935, -4.79383, 1.17421, -5.16013, -4.13306, 1.46869, -2.2828, -0.14548, 3.55778, 1.69498, -3.04209, 2.42025, -3.77008, 8.24105, 1.37247, 1.28682, 6.75787, -3.0046]"
43,sub7,supMAE,1,sub7-b1__0074__turnaround.npy,19,turnaround,19,0.9429565,1,"[6.94527, -0.00956, -3.87746, -5.20611, 4.40698, -3.44235, -2.86604, -5.8695, -1.05982, -0.34513, -1.40401, -6.87042, -0.85205, 2.32954, -0.7465, 5.62287, -9.24236, 0.69045, 3.22362, 10.07861, 1.34182, -7.32522]"
43,sub7,supMAE,1,sub7-b1__0075__walk.npy,20,walk,20,0.894283,1,"[4.62537, -5.75545, -3.54529, -5.35328, 0.01513, -4.92015, -9.178, -11.45876, 2.48779, 4.3441, 6.25954, 0.72735, 6.09066, 0.50307, -1.44644, 4.85105, -9.47602, 5.4191, -4.40375, -0.14616, 9.4933, 3.98017]"
43,sub7,supMAE,1,sub7-b1__0076__turnaround.npy,19,turnaround,19,0.9932688,1,"[2.25704, -2.79521, -5.65986, -7.03946, -0.03004, -3.23006, 1.82385, -6.33263, 3.16866, -0.29058, -0.48522, -1.08942, 0.28825, -0.97574, 2.74819, 6.14221, -4.88834, -0.80361, 2.2983, 11.27909, 0.22608, -9.53752]"
43,sub7,supMAE,1,sub7-b1__0077__walk.npy,20,walk,17,0.8370267,0,"[1.04049, -8.08706, -6.54691, -3.60199, 1.68659, -4.63664, 1.05841, -5.19022, -4.22349, 1.76966, -2.16759, 0.15588, 3.69206, 1.42546, -3.0847, 2.3136, -3.58926, 8.46399, 1.397, 1.14859, 6.73702, -3.03348]"
43,sub7,supMAE,1,sub7-b1__0078__turnaround.npy,19,turnaround,19,0.9229428,1,"[6.97341, 0.28181, -4.01128, -5.32411, 4.75778, -3.61915, -2.40023, -5.50932, -1.57161, -0.13167, -1.79914, -7.14741, -1.05539, 2.48615, -0.77497, 5.19721, -8.78422, 0.73162, 3.50707, 9.74071, 1.05705, -7.61274]"
43,sub7,supMAE,1,sub7-b1__0079__walk.npy,20,walk,20,0.78690153,1,"[4.73957, -5.78032, -3.46824, -5.42476, -0.61415, -4.96536, -9.2864, -11.71707, 2.96949, 4.8143, 7.24216, 1.09908, 5.88131, 0.35356, -0.36202, 4.42699, -9.56403, 4.78154, -4.61571, -0.26093, 9.03065, 3.70674]"
43,sub7,supMAE,1,sub7-b1__0080__turnaround.npy,19,turnaround,19,0.99371535,1,"[2.10609, -2.96491, -5.54492, -6.89897, -0.0287, -3.16131, 1.91605, -6.27775, 2.95988, -0.43713, -0.58399, -1.13177, 0.27931, -0.93257, 2.74751, 6.2218, -4.73512, -0.81058, 2.25415, 11.40743, 0.27472, -9.63912]"
43,sub7,supMAE,1,sub7-b1__0081__walk.npy,20,walk,17,0.8424171,0,"[1.43345, -8.06672, -6.47628, -3.74666, 1.49736, -4.93956, 1.56266, -5.15527, -4.18831, 1.60834, -1.92315, 0.09368, 3.51158, 1.62898, -2.48553, 1.98712, -3.75781, 8.06101, 1.50392, 1.18976, 6.2522, -3.40189]"
43,sub7,supMAE,1,sub7-b1__0082__turnaround.npy,19,turnaround,19,0.94337773,1,"[5.68168, -0.75017, -4.16326, -5.31906, 4.66544, -3.31175, -2.61147, -5.70907, -1.24513, -0.60257, -2.73762, -6.2675, -0.04537, 1.33041, -2.25843, 6.66785, -9.33577, 2.32797, 3.20497, 9.93669, 2.58984, -6.76603]"
43,sub7,supMAE,1,sub7-b1__0083__walk.npy,20,walk,20,0.59934926,1,"[5.38153, -6.25698, -4.2224, -5.637, 0.14033, -4.87251, -9.434, -12.03778, 2.46608, 5.44799, 7.75706, 0.52249, 5.42264, 0.66722, -0.35666, 4.85591, -9.19361, 4.91415, -4.21508, -0.04647, 8.50949, 2.97719]"
43,sub7,supMAE,1,sub7-b1__0084__turnaround.npy,19,turnaround,19,0.99059767,1,"[1.80966, -3.51781, -5.53874, -6.98168, 0.78267, -3.10426, 1.214, -6.55746, 1.83287, 0.00109, -1.14203, -1.50668, 0.83615, -0.90549, 1.65535, 6.78695, -4.19944, -0.2586, 1.92853, 11.48647, 1.10522, -9.65771]"
43,sub7,supMAE,1,sub7-b1__0085__walk.npy,20,walk,17,0.8212657,0,"[1.10784, -7.87339, -6.40405, -3.19162, 1.77278, -4.56935, 1.08383, -4.99604, -4.33373, 1.42743, -2.22739, -0.10993, 3.30931, 1.77717, -3.02094, 2.09801, -3.35045, 8.2419, 1.44342, 1.22946, 6.63329, -3.1844]"
43,sub7,supMAE,1,sub7-b1__0086__turnaround.npy,19,turnaround,19,0.9141604,1,"[5.87916, -0.73705, -4.16988, -5.16513, 4.57409, -3.22134, -2.67692, -5.76316, -0.79947, -0.71833, -2.51809, -6.35173, -0.20388, 1.24964, -2.07591, 7.22166, -9.66195, 2.30326, 3.34235, 9.9031, 2.27265, -6.4617]"
43,sub7,supMAE,1,sub7-b1__0087__hop.npy,9,hop,9,0.9420477,1,"[5.05291, -8.71938, -8.07603, -7.26243, 5.31286, -6.37133, -5.68546, -13.35431, -5.04232, 12.9928, 10.18364, -3.87178, 2.32109, 2.4517, 4.99859, 2.11301, 2.50584, 0.72737, -0.88927, 0.1464, -0.34862, -6.14885]"
43,sub7,supMAE,1,sub7-b1__0088__hop.npy,9,hop,9,0.83838576,1,"[7.50853, -7.67484, -8.79352, -8.19119, 4.79442, -5.37149, -6.08289, -12.98603, -3.74608, 13.35041, 11.684, -3.40914, 1.31231, 2.38623, 6.08937, 1.93678, 1.49075, -0.44372, -0.50639, 0.00416, -2.22779, -6.66986]"
43,sub7,supMAE,1,sub7-b1__0089__hop.npy,9,hop,9,0.99012905,1,"[6.49138, -8.31224, -9.80209, -8.06346, 6.62068, -5.21253, -5.57879, -12.66444, -5.86885, 14.23454, 9.51489, -4.509, 1.67903, 2.53677, 4.6826, 2.1353, 3.89305, 0.35551, 0.59319, 0.18424, -1.9448, -7.3785]"
43,sub7,supMAE,1,sub7-b1__0090__hop.npy,9,hop,9,0.93487793,1,"[8.02064, -6.80977, -8.62785, -8.74937, 4.81396, -5.87039, -5.33886, -12.45996, -3.84435, 13.65123, 10.9089, -3.78902, 0.93851, 2.57521, 7.12931, 0.77325, 2.2668, -1.62026, -0.08407, 0.12607, -3.55585, -7.14997]"
43,sub7,supMAE,1,sub7-b1__0091__hop.npy,9,hop,9,0.994958,1,"[6.24431, -8.04955, -9.43137, -8.24207, 6.63833, -5.35252, -6.0281, -12.39706, -6.02976, 14.52729, 9.09575, -4.28233, 2.22633, 2.32093, 3.83729, 2.2494, 3.91905, 0.36244, 0.30999, 0.0053, -1.66121, -7.18846]"
43,sub7,supMAE,1,sub7-b1__0092__hop.npy,9,hop,9,0.9004497,1,"[7.31527, -8.0645, -9.02476, -7.7867, 5.23714, -4.91122, -6.38391, -12.70349, -4.77156, 13.81655, 11.59704, -3.57568, 1.3612, 2.65939, 5.10634, 1.69682, 2.63197, 0.01612, -0.53723, -0.54417, -2.15264, -6.55834]"
43,sub7,supMAE,1,sub7-b1__0093__hop.npy,9,hop,9,0.9254014,1,"[8.06998, -7.73605, -9.55809, -8.26776, 5.49573, -4.88853, -5.19249, -12.40989, -4.68775, 13.79887, 11.22384, -4.04312, 0.37245, 2.80459, 6.79826, 1.16014, 3.24841, -1.15263, 0.49411, 0.20171, -3.78983, -7.79505]"
43,sub7,supMAE,1,sub7-b1__0094__jump.npy,10,jump,10,0.99912804,1,"[8.84041, -5.51975, -5.73399, -7.10264, -2.50937, -4.38565, -6.12776, -12.24741, 3.27995, 7.25077, 16.32943, 2.56577, 1.22544, 1.72946, 7.78826, 0.25812, -6.06757, -0.29777, -4.00354, -1.47704, -0.09552, -1.75627]"
43,sub7,supMAE,1,sub7-b1__0095__jump.npy,10,jump,10,0.99912006,1,"[8.62523, -5.13456, -6.40736, -7.03066, -2.40673, -3.67269, -6.31149, -11.60618, 3.4286, 7.55546, 16.15957, 2.51654, 0.97839, 1.63903, 7.4046, 0.30486, -5.36392, -0.16472, -3.82565, -1.80644, -0.24938, -1.69069]"
43,sub7,supMAE,1,sub7-b1__0096__jump.npy,10,jump,10,0.9983583,1,"[9.85976, -5.96002, -7.16974, -7.71946, -1.29508, -3.86624, -5.35991, -12.17365, 2.17598, 8.34077, 16.6062, 2.15418, 0.50997, 1.95974, 8.13899, 0.24765, -3.99667, -0.69037, -2.99086, -1.35725, -1.8525, -3.2677]"
43,sub7,supMAE,1,sub7-b1__0097__jump.npy,10,jump,10,0.9996182,1,"[9.12924, -5.50867, -6.99972, -6.53426, -1.73233, -3.68521, -5.82978, -11.67534, 2.09056, 8.22393, 17.48597, 2.21643, 0.03395, 2.71354, 7.60722, -0.33695, -2.73965, -0.54438, -3.86371, -2.57027, -1.65344, -2.71867]"
43,sub7,supMAE,1,sub7-b1__0098__jump.npy,10,jump,10,0.9994221,1,"[8.69538, -5.85671, -7.5322, -6.84931, -1.73624, -3.30801, -5.49647, -11.32561, 2.01865, 8.75692, 17.00201, 2.88308, 0.28645, 2.01088, 7.39689, -0.24423, -2.12567, -0.29396, -3.552, -2.66709, -1.58163, -2.81927]"
43,sub7,supMAE,1,sub7-b1__0099__jump.npy,10,jump,10,0.99933654,1,"[9.10698, -6.52985, -7.33487, -7.04058, -1.14607, -3.68858, -5.85026, -12.23395, 1.19173, 8.88874, 17.1149, 2.07357, 0.44058, 2.34491, 7.43349, 0.26416, -2.66051, -0.30756, -3.54921, -1.91503, -1.40593, -3.29331]"
43,sub7,supMAE,1,sub7-b1__0100__runonspot.npy,13,runonspot,13,0.99845004,1,"[5.60673, 8.95806, -5.2079, 5.69257, 4.77789, -4.56915, -8.98616, -4.3306, -1.72847, 5.53529, 5.44865, -14.16209, -6.70459, 15.66823, -2.34818, -2.2171, 6.85903, -5.30116, 1.00786, -5.86816, -2.99679, -1.91675]"
43,sub7,supMAE,1,sub7-b1__0101__runonspot.npy,13,runonspot,13,0.9977574,1,"[5.57292, 8.84138, -5.1957, 5.73602, 4.13668, -3.69748, -10.19222, -4.69692, -1.07247, 5.7901, 6.2125, -13.87852, -6.47972, 15.17333, -2.21644, -1.81147, 5.88516, -5.14481, 0.30559, -5.70775, -2.33574, -0.91438]"
43,sub7,supMAE,1,sub7-b1__0103__runonspot.npy,13,runonspot,13,0.9672819,1,"[5.2171, 8.14029, -6.50027, 5.15024, 6.95052, -0.53286, -9.21625, -3.15312, -4.94085, 6.81003, 3.82411, -13.76499, -6.35453, 14.14923, -3.79672, -1.97865, 10.63188, -5.23372, 1.73497, -5.01695, -3.29637, -4.17565]"
43,sub7,supMAE,1,sub7-b1__0104__runonspot.npy,13,runonspot,13,0.89062726,1,"[5.00029, 7.43747, -7.54691, 4.40041, 8.30201, -0.18475, -9.04153, -2.66935, -5.46219, 7.6237, 2.24818, -13.72789, -5.59408, 13.59542, -5.65902, -1.33841, 11.41327, -3.938, 2.43057, -5.23101, -2.76349, -3.78203]"
43,sub7,supMAE,1,sub7-b1__0105__buttkicks.npy,4,buttkicks,9,0.50163406,0,"[8.52115, -0.40167, -10.39269, -3.60704, 12.36165, -0.8151, -9.54155, -7.37461, -8.09978, 12.89704, 6.12836, -10.44535, -2.4399, 9.24964, -3.48354, 0.61638, 11.898, -2.00096, 1.51495, -1.71598, -3.44303, -8.02261]"
43,sub7,supMAE,1,sub7-b1__0106__buttkicks.npy,4,buttkicks,4,0.8643768,1,"[5.21815, 2.74414, -8.97402, 0.30588, 14.49613, -0.70392, -10.7037, -4.53162, -9.36081, 9.72936, 0.56621, -13.98431, -2.06589, 11.41118, -10.27719, 2.27597, 12.2187, 0.46015, 2.41622, -2.54956, -0.07174, -5.93392]"
43,sub7,supMAE,1,sub7-b1__0107__buttkicks.npy,4,buttkicks,4,0.7714826,1,"[5.13271, 2.98101, -8.51224, 1.1848, 13.90746, -1.00139, -10.52019, -4.44173, -8.76506, 9.2485, 0.81853, -13.83759, -2.32585, 11.83056, -9.61514, 1.57901, 12.08248, 0.23839, 2.0364, -3.10727, -0.15205, -5.00513]"
43,sub7,supMAE,1,sub7-b1__0108__buttkicks.npy,4,buttkicks,4,0.49506482,1,"[4.82821, 4.22432, -7.55907, 3.45686, 13.36547, -0.21322, -11.4809, -3.77689, -8.59579, 8.13526, 1.23678, -15.12034, -3.58679, 13.20795, -9.39208, 1.42614, 11.53256, -0.31936, 1.61488, -3.31665, -0.12876, -4.49765]"
43,sub7,supMAE,1,sub7-b1__0109__buttkicks.npy,4,buttkicks,4,0.66694045,1,"[5.24335, 2.6475, -8.50664, 1.49965, 13.79001, -0.56447, -10.668, -4.78213, -9.53342, 9.24791, 1.33911, -14.1429, -2.72247, 12.238, -9.16642, 1.66654, 12.50511, -0.38805, 2.05992, -2.65719, -0.45514, -6.10268]"
43,sub7,supMAE,1,sub7-b1__0110__airkick.npy,0,airkick,10,0.8248677,0,"[9.4777, -4.09152, -2.97378, -6.95393, -3.75068, -4.61644, -5.47352, -11.37372, 6.19064, 3.39922, 11.10529, 4.90413, 4.106, 0.34975, 5.73912, 1.14568, -9.91573, 0.24739, -4.73568, -1.38954, 2.83358, 2.39602]"
43,sub7,supMAE,1,sub7-b1__0111__airkick.npy,0,airkick,0,0.9707916,1,"[11.69336, -5.41695, -7.75452, -8.15488, 5.72887, -1.33909, -7.43895, -10.9131, -1.77781, 7.47846, 7.20439, -0.71969, 3.61069, 1.80956, -1.9108, 4.77697, -2.6593, 2.18225, -1.02352, 1.2019, 1.7227, -2.7488]"
43,sub7,supMAE,1,sub7-b1__0112__airkick.npy,0,airkick,0,0.9728606,1,"[11.30823, -5.40077, -6.69244, -7.11259, 5.56982, -2.13558, -8.18586, -11.24566, -1.71027, 6.39976, 6.98126, -1.67678, 3.60853, 2.50465, -2.64358, 5.4945, -4.43039, 2.83171, -1.30482, 1.47511, 2.89502, -2.03954]"
43,sub7,supMAE,1,sub7-b1__0113__airkick.npy,0,airkick,0,0.64389884,1,"[10.23496, -4.88121, -5.0586, -7.05792, 0.15479, -3.77726, -6.68354, -11.58252, 3.51218, 4.97258, 9.62277, 1.97837, 3.79102, 1.46949, 2.24465, 3.22491, -7.79781, 1.71695, -3.2447, -0.17521, 3.19613, 0.94361]"
43,sub7,supMAE,1,sub7-b1__0114__airkick.npy,0,airkick,0,0.963589,1,"[12.66439, -4.99244, -6.92282, -8.19454, 4.05202, -1.67397, -7.51874, -11.38542, -0.70272, 7.30126, 9.2441, 0.02211, 2.84066, 2.01994, 0.57103, 3.49044, -3.92186, 0.67402, -1.72291, 1.12215, 0.74385, -2.89253]"
43,sub7,supMAE,1,sub7-b1__0115__sidekick.npy,14,sidekick,14,0.9997353,1,"[7.17555, -3.62244, -5.11307, -9.14437, -6.05644, -4.78032, 2.75021, -7.9025, 6.25951, 6.86116, 7.59296, 8.01021, 0.72972, -2.97396, 17.19865, -4.01018, -4.6946, -5.10789, -0.61305, 0.36593, -3.28322, -3.02179]"
43,sub7,supMAE,1,sub7-b1__0116__sidekick.npy,14,sidekick,14,0.999739,1,"[7.32836, -2.61559, -4.76671, -8.49168, -6.60318, -3.96853, 1.89818, -7.67151, 7.59839, 6.4301, 8.48823, 7.91903, -0.19921, -2.79907, 17.62251, -4.43172, -5.61324, -5.37794, -1.0881, 0.56501, -3.38805, -2.14501]"
43,sub7,supMAE,1,sub7-b1__0117__sidekick.npy,14,sidekick,14,0.9880846,1,"[5.5691, -4.52548, -4.91222, -9.67644, -4.84266, -4.3958, 2.50222, -8.12316, 6.45924, 5.99943, 4.4334, 8.40634, 3.59056, -4.43292, 13.10386, -1.21888, -6.49788, -2.51343, -0.50039, 1.53708, 0.03611, -1.39336]"
43,sub7,supMAE,1,sub7-b1__0119__sidekick.npy,14,sidekick,14,0.99850684,1,"[4.58043, -2.23758, -3.70932, -8.9325, -7.23012, -5.02661, 4.21938, -6.89845, 8.4442, 4.74379, 4.18321, 9.11356, 2.35136, -4.40579, 16.05839, -3.52242, -6.49287, -4.57566, -0.68588, 1.05463, -1.442, -0.87348]"
43,sub7,supMAE,1,sub7-b1__0120__crosstoe.npy,6,crosstoe,6,0.9981622,1,"[-2.34172, -7.02427, 0.74861, -7.32102, -4.63689, -7.63477, 18.35042, -7.98583, 0.47172, -5.22743, -2.15599, 12.03658, 7.00249, -6.21952, 7.32911, -1.21068, -4.65034, 0.63863, 1.32143, 5.1581, -0.27025, -5.42081]"
43,sub7,supMAE,1,sub7-b1__0121__crosstoe.npy,6,crosstoe,6,0.99902964,1,"[-1.73681, -6.79323, -0.41813, -7.42639, -4.67389, -7.54049, 18.53103, -7.56147, 1.2486, -5.00339, -2.0549, 11.56539, 6.12573, -5.96299, 7.74989, -0.85084, -4.34984, 0.24113, 2.44354, 5.61756, -1.26784, -6.33524]"
43,sub7,supMAE,1,sub7-b1__0122__crosstoe.npy,6,crosstoe,6,0.9983254,1,"[-3.53485, -5.61005, 2.02244, -5.81993, -5.65736, -8.27861, 17.86197, -7.30424, 2.32485, -5.99845, -2.10893, 11.44911, 6.32147, -5.88977, 7.28606, -1.32526, -5.09914, 0.41605, 0.8411, 4.46575, -0.26101, -4.29121]"
43,sub7,supMAE,1,sub7-b1__0123__crosstoe.npy,6,crosstoe,6,0.9990281,1,"[-3.89662, -5.0048, 1.61117, -6.25583, -5.48795, -8.62488, 18.57515, -6.72569, 2.36009, -5.95896, -2.71291, 11.63002, 6.23788, -5.64591, 6.09474, -1.09708, -4.71955, 0.4267, 1.40361, 4.88374, -0.17426, -5.1093]"
43,sub7,supMAE,1,sub7-b1__0124__crosstoe.npy,6,crosstoe,6,0.99886847,1,"[-3.00747, -5.57065, 1.97085, -6.15701, -5.15993, -8.24836, 18.24626, -7.23381, 1.7537, -6.20877, -2.5456, 11.44617, 6.72766, -5.66826, 6.48037, -1.07558, -4.86307, 0.59365, 1.3129, 4.6781, -0.32237, -4.71143]"
43,sub7,supMAE,1,sub7-b1__0125__crosstoe.npy,6,crosstoe,18,0.7785588,0,"[1.16614, 8.12758, -6.35058, -2.29676, 5.24516, -5.78026, -2.69127, -0.44539, 2.44821, 4.2948, -7.72165, -10.39735, -2.53058, 2.7987, -6.19245, 8.70635, -2.40549, 0.27843, 10.44015, 1.50438, -1.37355, -5.7437]"
43,sub7,supMAE,1,sub7-b1__0126__throw.npy,18,throw,18,0.91378146,1,"[-0.62756, 7.23568, -5.22771, -0.78478, 0.54353, -8.91176, 1.78628, 1.17227, 6.97547, 2.03795, -7.13342, -7.36908, -3.95441, 1.93407, -1.67071, 5.82402, -3.15531, -0.34862, 10.30725, 0.58012, -2.84837, -4.71358]"
43,sub7,supMAE,1,sub7-b1__0128__throw.npy,18,throw,1,0.54934275,0,"[-1.91421, 9.52887, -5.45886, -1.06201, 3.05873, -6.56792, -3.02038, 0.65874, 4.60054, 3.85847, -8.37802, -9.57399, -2.26362, 2.27237, -6.50444, 8.00387, -1.14654, -0.18185, 8.99995, 1.09137, -0.07627, -4.26978]"
43,sub7,supMAE,1,sub7-b1__0129__throw.npy,18,throw,1,0.59824485,0,"[-1.34833, 9.84948, -5.23933, -1.57755, 2.61109, -6.9223, -1.9742, 0.75562, 5.85777, 3.41174, -8.48527, -8.60288, -2.10838, 1.69382, -5.84451, 8.03403, -2.12224, -0.4362, 9.13078, 0.76048, -0.56585, -2.88459]"
43,sub7,supMAE,1,sub7-b1__0130__throw.npy,18,throw,1,0.59137183,0,"[-2.45961, 9.69752, -5.21386, 0.34055, 2.35104, -5.57063, -1.72982, 2.08999, 4.72179, 3.23973, -8.14853, -8.63673, -3.03856, 2.2516, -6.136, 6.53992, -0.0167, -0.37363, 9.24806, -0.48438, -0.43037, -3.2755]"
43,sub7,supMAE,1,sub7-b1__0131__throw.npy,18,throw,18,0.4162188,1,"[-4.05202, 8.31408, -4.38643, -0.59592, 0.74256, -7.95492, 0.2032, 1.00334, 7.12261, 2.4911, -9.42788, -5.41259, -1.23093, -0.32358, -4.55033, 6.02463, -1.68115, 0.91347, 8.32033, -0.20111, 0.68621, -0.81174]"
43,sub7,supMAE,1,sub7-b2__0001__walk.npy,20,walk,20,0.9732876,1,"[0.31988, -0.98096, -3.33652, -4.09152, 2.39037, -5.442, -4.2385, -3.9551, -0.90551, 2.45165, -4.70997, -2.54591, 2.71298, 0.18072, -2.68977, -0.20527, -7.47309, 5.58931, 1.36872, 3.13227, 9.41423, -2.24708]"
43,sub7,supMAE,1,sub7-b2__0002__turnaround.npy,19,turnaround,19,0.95142275,1,"[1.09662, -2.0898, -5.69679, -6.53561, 1.66393, -4.40365, 0.97778, -6.30566, 0.88066, 0.63709, -2.75499, -3.91232, 1.23302, 0.25822, -1.18359, 8.29451, -5.35495, 0.5638, 3.621, 11.28712, 2.50644, -9.7094]"
43,sub7,supMAE,1,sub7-b2__0003__walk.npy,20,walk,20,0.51688385,1,"[1.37913, -5.80883, -5.27295, -4.08859, 3.17649, -5.31395, -6.21935, -10.51259, -2.34721, 5.23875, 3.39956, -2.60262, 4.78521, 2.26522, -4.71641, 4.08903, -2.80827, 5.75421, -1.4905, -0.28186, 6.69073, -1.62839]"
43,sub7,supMAE,1,sub7-b2__0004__turnaround.npy,19,turnaround,19,0.9938298,1,"[1.87858, -3.37855, -5.66128, -6.40927, 2.87521, -3.36105, 1.66015, -5.64418, -2.03851, 1.2608, -4.02424, -4.34708, 1.52217, -0.58882, 0.02616, 6.18519, -6.53193, 2.22863, 2.82583, 11.444, 3.34557, -8.25393]"
43,sub7,supMAE,1,sub7-b2__0005__walk.npy,20,walk,20,0.98347986,1,"[0.56619, -0.78542, -2.99615, -3.72403, 2.51768, -4.95473, -5.47422, -4.17333, -0.71061, 2.43585, -4.11966, -2.68473, 2.68715, 0.27602, -2.93137, -0.23193, -7.44555, 5.39537, 0.68082, 3.07074, 9.74834, -1.70498]"
43,sub7,supMAE,1,sub7-b2__0006__turnaround.npy,19,turnaround,19,0.9414694,1,"[-0.04961, -2.93415, -5.65458, -6.08483, 0.45175, -3.75398, 2.4123, -5.55009, 1.74733, -0.34902, -3.40174, -2.27049, 1.5921, -0.74284, -0.94997, 8.17547, -5.67358, 1.37898, 3.50323, 10.97525, 2.72856, -8.92704]"
43,sub7,supMAE,1,sub7-b2__0007__walk.npy,20,walk,20,0.5654919,1,"[0.93099, -6.39956, -5.42951, -3.57253, 3.55319, -5.1471, -5.72038, -9.9386, -3.04093, 4.27415, 1.33009, -2.78937, 5.40847, 2.29624, -6.62832, 5.41589, -3.80142, 7.44519, -0.71665, -0.04151, 7.99749, -1.31193]"
43,sub7,supMAE,1,sub7-b2__0008__turnaround.npy,19,turnaround,19,0.9963406,1,"[4.329, -2.0642, -5.3753, -6.38669, 3.767, -3.99415, 0.82494, -6.63901, -1.98257, -0.23176, -4.04602, -5.11508, 1.08001, 0.68576, -1.05491, 6.38747, -7.63219, 1.35568, 3.00532, 12.23937, 2.58435, -8.59935]"
43,sub7,supMAE,1,sub7-b2__0009__walk.npy,20,walk,20,0.9858714,1,"[0.59858, -1.22899, -2.88941, -3.69343, 2.21828, -5.42552, -5.93613, -4.84194, -0.34198, 2.45679, -3.54059, -2.46881, 3.23337, 0.38281, -3.47692, 0.37916, -7.92901, 5.85765, 0.24154, 2.55665, 10.27773, -0.83032]"
43,sub7,supMAE,1,sub7-b2__0010__turnaround.npy,19,turnaround,19,0.96980435,1,"[0.5756, -3.14164, -5.7608, -6.63257, 0.62936, -3.77722, 2.51336, -5.99526, 1.6267, -0.18462, -2.65369, -1.91749, 1.36383, -0.83975, -0.08351, 7.69982, -5.25161, 0.90969, 3.23496, 11.19717, 1.97644, -9.43111]"
43,sub7,supMAE,1,sub7-b2__0011__walk.npy,20,walk,20,0.44060102,1,"[1.5581, -6.69216, -5.81356, -3.19015, 3.61982, -5.31369, -5.01303, -9.78545, -3.27258, 4.33537, 1.97634, -2.79429, 4.39399, 2.86876, -5.3038, 4.41603, -2.87458, 6.8031, -0.43701, 0.01798, 6.85933, -2.31536]"
43,sub7,supMAE,1,sub7-b2__0012__turnaround.npy,19,turnaround,19,0.9900849,1,"[1.48115, -3.56079, -5.7545, -5.56189, 2.8133, -3.56398, 1.02069, -5.50908, -2.25974, 1.04074, -3.9399, -4.42078, 1.41387, 0.09017, -1.04372, 5.73916, -5.79271, 2.70336, 2.43628, 10.65801, 4.03127, -7.86413]"
43,sub7,supMAE,1,sub7-b2__0013__walk.npy,20,walk,20,0.9849641,1,"[1.74495, -1.03444, -3.21441, -4.29784, 2.2143, -5.61837, -6.56721, -5.5959, 0.27255, 2.8155, -2.58237, -2.94239, 3.27883, 0.7492, -3.3659, 1.01034, -8.66572, 5.3749, 0.18112, 2.61153, 9.87293, -0.68756]"
43,sub7,supMAE,1,sub7-b2__0014__turnaround.npy,19,turnaround,19,0.958121,1,"[1.17097, -2.7657, -6.27565, -6.68055, 0.92481, -4.27345, 2.43348, -6.18693, 1.87385, 0.19883, -2.22859, -2.57049, 0.93383, -0.14692, -0.19657, 7.74498, -4.98353, 0.62711, 3.75481, 10.90857, 1.49875, -9.75944]"
43,sub7,supMAE,1,sub7-b2__0015__walk.npy,20,walk,17,0.52061033,0,"[1.35015, -6.80665, -5.69721, -3.19197, 1.54459, -6.28873, -3.14354, -9.19048, -2.33602, 3.96801, 2.80784, -1.83997, 3.91865, 2.96351, -3.37552, 3.25425, -3.71119, 6.45456, -0.41138, -0.65533, 6.01605, -2.05025]"
43,sub7,supMAE,1,sub7-b2__0016__turnaround.npy,19,turnaround,19,0.52684253,1,"[8.77948, -0.60623, -4.35771, -5.1953, 5.59398, -3.41519, -3.29051, -6.20556, -3.56638, 0.3743, -0.67862, -7.30165, -0.69454, 3.52621, -1.23293, 4.21079, -8.58435, 0.98704, 2.66436, 8.94605, 1.60842, -7.38851]"
43,sub7,supMAE,1,sub7-b2__0017__walk.npy,20,walk,20,0.9809094,1,"[2.41035, -1.32918, -3.33274, -4.92808, 1.88863, -5.97653, -6.5302, -6.15989, 0.88282, 3.11879, -1.63796, -2.59059, 3.42719, 0.63365, -2.61629, 1.1728, -9.28293, 5.11846, 0.00301, 2.51543, 9.50137, -0.57149]"
43,sub7,supMAE,1,sub7-b2__0018__turnaround.npy,19,turnaround,19,0.9598434,1,"[1.32225, -2.09301, -5.99256, -6.70059, 0.93351, -4.65573, 1.51124, -6.30434, 1.85266, 0.79078, -1.81326, -2.88989, 0.8308, -0.03876, -0.30635, 7.5215, -4.91841, -0.05487, 3.50828, 10.72895, 1.56062, -9.71622]"
43,sub7,supMAE,1,sub7-b2__0019__walk.npy,20,walk,17,0.41591275,0,"[2.30114, -6.35379, -5.5537, -2.90999, 1.99764, -6.01205, -3.43743, -8.81544, -2.55762, 3.86371, 2.90727, -2.33568, 3.00942, 3.5431, -2.65539, 2.87215, -3.57836, 5.54449, -0.31734, -0.45012, 5.30651, -2.85987]"
43,sub7,supMAE,1,sub7-b2__0020__turnaround.npy,19,turnaround,19,0.9849834,1,"[5.5612, -1.42308, -5.28439, -6.24302, 4.04792, -3.97983, 0.42373, -6.11542, -1.83412, 0.81364, -2.23913, -6.50262, -0.26125, 1.5324, 0.16244, 6.30821, -8.42469, 1.00637, 4.19177, 11.03964, 1.24765, -8.7161]"
43,sub7,supMAE,1,sub7-b2__0021__walk.npy,20,walk,20,0.98678905,1,"[2.73116, -1.68197, -3.21539, -4.69292, 1.8248, -5.45937, -7.62551, -6.76097, 0.77645, 3.19727, -0.65794, -2.59242, 3.75568, 0.83684, -3.04725, 1.52534, -9.1851, 5.19701, -0.74702, 2.14314, 9.98164, 0.04657]"
43,sub7,supMAE,1,sub7-b2__0023__walk.npy,20,walk,17,0.63048446,0,"[2.16611, -7.41504, -5.53577, -3.16148, 1.07988, -5.5838, -1.83109, -8.43135, -2.27206, 3.0985, 2.46028, -0.34047, 3.55251, 2.19778, -1.7972, 2.67009, -4.55634, 6.41585, -0.26976, -0.43038, 5.52844, -2.19342]"
43,sub7,supMAE,1,sub7-b2__0024__turnaround.npy,19,turnaround,19,0.9748907,1,"[5.75551, -0.64703, -4.78752, -5.95905, 4.32274, -3.74286, -1.04592, -6.07883, -1.22877, 0.64872, -2.31243, -6.65882, -0.0853, 1.30594, -0.6497, 6.68749, -9.26733, 1.14022, 3.9219, 10.79911, 1.76717, -7.79521]"
43,sub7,supMAE,1,sub7-b2__0025__hop.npy,9,hop,9,0.903149,1,"[6.30932, -0.53343, -6.11167, -6.77723, 1.37297, -4.94616, -7.56361, -6.94239, 2.39458, 8.88977, 3.88942, -3.85332, -0.12659, 0.60653, 4.99002, 0.29015, -8.11382, 0.49311, 1.13792, 1.32527, 1.5304, -3.17163]"
43,sub7,supMAE,1,sub7-b2__0027__hop.npy,9,hop,9,0.98654896,1,"[5.41904, -2.35215, -7.25152, -6.73721, 3.47764, -4.66765, -7.30625, -7.14795, 0.13609, 10.06597, 1.86416, -4.24182, 0.93846, 0.41839, 2.92389, 1.62181, -6.20981, 2.23202, 1.95823, 1.13797, 2.04303, -3.18468]"
43,sub7,supMAE,1,sub7-b2__0028__hop.npy,9,hop,9,0.9678665,1,"[5.37124, -2.95955, -6.61098, -6.85542, 2.81108, -4.6602, -7.31068, -7.26376, 0.53904, 9.15852, 2.04593, -3.11874, 1.9343, -0.1708, 2.26406, 1.74969, -7.48393, 3.05711, 1.20291, 0.92703, 3.15976, -2.35012]"
43,sub7,supMAE,1,sub7-b2__0029__hop.npy,9,hop,9,0.9838753,1,"[4.94029, -2.86854, -6.75817, -6.9516, 3.20304, -4.4842, -7.53043, -7.30104, 0.20642, 9.66389, 1.68614, -3.34131, 2.27628, -0.37659, 1.8108, 2.23034, -7.1401, 3.27716, 1.24105, 0.75145, 3.35891, -2.20063]"
43,sub7,supMAE,1,sub7-b2__0030__jump.npy,10,jump,10,0.53528076,1,"[6.54977, -0.8096, -4.81476, -6.77711, -2.11956, -5.60757, -6.5473, -8.22808, 4.52129, 6.34254, 7.68917, -1.3519, 0.38568, 1.04903, 6.23956, -0.36943, -10.26967, -0.06471, -0.70272, 1.04035, 2.66858, -1.89084]"
43,sub7,supMAE,1,sub7-b2__0031__jump.npy,10,jump,10,0.74346,1,"[7.3131, -1.43851, -5.81994, -7.35467, -2.16805, -5.73202, -5.53809, -8.72011, 4.93941, 6.72221, 9.14898, -0.06987, 0.39417, 1.12935, 6.63117, -0.70025, -9.47814, 0.16872, -0.76183, 0.51381, 1.92758, -1.78132]"
43,sub7,supMAE,1,sub7-b2__0032__jump.npy,10,jump,10,0.44108197,1,"[7.5476, -1.18634, -5.74209, -7.67221, -1.55551, -5.99658, -5.57222, -8.61722, 4.24152, 6.98659, 8.01766, -1.22067, 0.3201, 1.15147, 6.66016, -0.07408, -9.81173, -0.2817, -0.04852, 1.20979, 1.57117, -2.61238]"
43,sub7,supMAE,1,sub7-b2__0033__jump.npy,10,jump,10,0.5429998,1,"[8.57913, -1.36512, -5.74151, -7.97895, -1.95825, -5.69094, -5.18588, -8.84083, 4.67599, 6.78953, 9.22239, -0.57885, -0.10458, 1.28641, 7.69192, -0.7512, -9.79318, -0.80709, -0.27307, 1.17482, 0.60485, -2.75292]"
43,sub7,supMAE,1,sub7-b2__0034__jump.npy,10,jump,10,0.54001063,1,"[8.13599, -1.85791, -5.80656, -8.0185, -1.74832, -6.17249, -5.25067, -9.01057, 4.4432, 6.97194, 8.93718, -0.75469, 0.27747, 1.1104, 7.55082, -0.2032, -9.99156, -0.31434, -0.24498, 1.09567, 0.9893, -2.68616]"
43,sub7,supMAE,1,sub7-b2__0035__runonspot.npy,13,runonspot,1,0.8254615,0,"[2.2605, 8.82945, -4.39771, 1.21019, 5.21132, -7.91792, -5.01838, -3.59041, 3.26774, 3.01279, -6.44131, -10.10765, -1.4943, 6.78357, -5.15425, 3.40993, -4.78566, 1.05351, 5.54791, -2.24934, 1.90686, 3.0751]"
43,sub7,supMAE,1,sub7-b2__0036__runonspot.npy,13,runonspot,1,0.6930974,0,"[5.26877, 8.13293, -6.06245, -1.22531, 5.44497, -5.76811, -4.68703, -4.14804, 1.76992, 5.43354, -3.66045, -9.35597, -2.68507, 6.32394, -1.46803, 1.72769, -3.24509, -1.43063, 5.63951, -1.1006, -1.00825, -0.38626]"
43,sub7,supMAE,1,sub7-b2__0037__runonspot.npy,13,runonspot,1,0.67489696,0,"[3.40664, 8.17896, -5.34629, 0.3959, 6.41627, -6.1183, -5.42728, -3.61627, 1.57169, 3.90135, -6.48641, -10.01853, -1.32837, 6.50558, -5.32949, 3.20267, -3.725, 0.97674, 5.74046, -1.61827, 1.7359, 1.81992]"
43,sub7,supMAE,1,sub7-b2__0038__runonspot.npy,13,runonspot,1,0.7778931,0,"[3.82694, 9.13158, -4.94406, 0.96729, 6.51969, -6.79905, -4.35762, -3.28779, 1.9621, 3.04419, -6.69655, -10.70805, -2.03015, 7.1185, -5.09395, 3.30814, -3.15857, 0.18349, 6.41952, -1.92516, 0.22634, 1.70119]"
43,sub7,supMAE,1,sub7-b2__0039__runonspot.npy,13,runonspot,1,0.55035716,0,"[3.16049, 7.68776, -5.74497, 0.07934, 6.69469, -5.52024, -4.48585, -3.35287, 1.43085, 3.79185, -7.24858, -9.39611, -0.9891, 5.76087, -5.49203, 3.44641, -3.45562, 1.47179, 6.28351, -1.34849, 1.81669, 1.62426]"
43,sub7,supMAE,1,sub7-b2__0040__runonspot.npy,13,runonspot,4,0.52178395,0,"[2.37601, 6.73114, -5.8873, 0.98055, 7.65979, -5.17367, -4.83351, -3.27489, 0.4323, 3.4908, -7.82821, -9.71247, -0.4046, 6.01298, -7.34708, 4.17504, -2.42459, 2.85153, 6.29725, -2.10864, 2.62671, 2.24144]"
43,sub7,supMAE,1,sub7-b2__0041__buttkicks.npy,4,buttkicks,4,0.9725423,1,"[7.2501, 4.29846, -7.01188, -2.67834, 11.78228, -2.25716, -8.05379, -5.30375, -3.89892, 7.32297, -2.66053, -10.39404, -1.59239, 6.40351, -5.04251, 2.78393, 0.67012, 0.29716, 4.20388, 1.89619, 0.65113, -3.7092]"
43,sub7,supMAE,1,sub7-b2__0042__buttkicks.npy,4,buttkicks,4,0.9918739,1,"[6.54426, 3.72865, -6.71426, -2.42012, 12.478, -2.59031, -8.60607, -5.17434, -4.34772, 6.83164, -3.88878, -10.39398, -0.43335, 5.88335, -7.18518, 3.74053, -0.06859, 2.1017, 4.12257, 1.70447, 2.15122, -2.92919]"
43,sub7,supMAE,1,sub7-b2__0043__buttkicks.npy,4,buttkicks,4,0.993284,1,"[6.01069, 2.92457, -7.65975, -2.89168, 13.01149, -2.31617, -7.57882, -4.92452, -5.19539, 7.67551, -4.81348, -9.89467, 0.12537, 5.41238, -7.35894, 3.79674, 1.7106, 2.14519, 5.01124, 1.33645, 1.88237, -3.90767]"
43,sub7,supMAE,1,sub7-b2__0045__buttkicks.npy,4,buttkicks,4,0.9982638,1,"[5.27112, 2.29621, -7.1248, -1.92399, 13.54176, -2.51216, -8.1774, -4.87366, -5.49702, 6.04217, -5.78133, -10.13061, 1.13684, 5.50306, -10.234, 5.17989, 0.32323, 4.7778, 4.50481, 1.00087, 4.04944, -1.92344]"
43,sub7,supMAE,1,sub7-b2__0046__airkick.npy,0,airkick,0,0.9020761,1,"[9.24521, -2.09693, -3.82583, -7.17325, -0.92035, -6.89703, -4.483, -9.83364, 4.64096, 3.2262, 6.78895, -0.02151, 2.33226, 1.80199, 3.33777, 0.91353, -11.4747, 1.5338, -1.21692, 0.869, 3.91815, 0.07889]"
43,sub7,supMAE,1,sub7-b2__0047__airkick.npy,0,airkick,0,0.99178183,1,"[10.61389, -2.51728, -6.11908, -8.05828, 4.41717, -4.01791, -5.05012, -9.00774, -0.24849, 4.8511, 3.54962, -2.1419, 2.33112, 1.98007, -0.61373, 2.65067, -7.7999, 2.3738, 1.25996, 2.999, 3.1812, -3.38135]"
43,sub7,supMAE,1,sub7-b2__0048__airkick.npy,0,airkick,0,0.87133133,1,"[8.5034, -2.59893, -5.2819, -7.21465, 5.17107, -4.72049, -5.88883, -8.67938, -1.09398, 3.73878, 0.76163, -3.12733, 4.01176, 2.02084, -4.28817, 4.26942, -8.25034, 4.31662, 1.15258, 2.87023, 5.62517, -2.05737]"
43,sub7,supMAE,1,sub7-b2__0049__airkick.npy,0,airkick,0,0.9441169,1,"[9.77472, -3.00897, -5.89666, -7.23158, 6.39029, -4.14299, -6.49643, -8.8564, -2.16782, 4.40681, 1.34806, -4.11429, 3.31702, 2.70538, -4.282, 4.41188, -7.49099, 4.20434, 1.51523, 3.02089, 4.95321, -2.89782]"
43,sub7,supMAE,1,sub7-b2__0051__sidekick.npy,14,sidekick,14,0.7539962,1,"[0.75373, -1.07674, -3.33719, -7.30899, -2.12289, -5.56943, 0.89166, -5.41774, 4.20395, 3.98633, -2.25446, 2.58501, 3.17028, -3.43345, 6.82293, -0.77964, -8.09091, 0.56987, 1.73157, 3.75538, 4.45354, -2.4809]"
43,sub7,supMAE,1,sub7-b2__0052__sidekick.npy,14,sidekick,14,0.99368215,1,"[1.38285, -1.47302, -1.92307, -6.73714, -6.03862, -5.61208, 0.82726, -6.09661, 6.83837, 3.03943, 2.59376, 4.58221, 1.67242, -3.60087, 12.08228, -3.13802, -10.16267, -1.18982, -0.61044, 3.10579, 3.14089, -1.5894]"
43,sub7,supMAE,1,sub7-b2__0053__sidekick.npy,14,sidekick,14,0.92937434,1,"[0.52547, -1.37493, -1.80244, -6.76989, -4.77706, -4.7897, 0.97252, -5.69373, 6.83449, 3.01459, 0.57673, 5.33425, 2.74041, -4.79798, 9.72605, -2.35109, -9.81294, 0.12417, -0.18224, 3.56446, 4.02238, -0.86765]"
43,sub7,supMAE,1,sub7-b2__0054__sidekick.npy,14,sidekick,14,0.9685107,1,"[0.88904, -2.2563, -3.23637, -7.5038, -4.26234, -3.9422, 1.14647, -5.4981, 5.49502, 4.26188, 0.89794, 5.483, 2.58997, -4.75758, 9.93088, -2.42129, -8.08866, -0.15874, 0.39139, 3.82119, 3.77535, -2.44258]"
43,sub7,supMAE,1,sub7-b2__0055__sidekick.npy,14,sidekick,14,0.92665744,1,"[-0.03028, -1.2552, -1.2387, -6.17263, -5.28949, -4.58322, 0.33467, -5.5068, 7.38661, 2.96059, 1.10687, 5.55173, 2.54723, -5.00656, 10.14225, -2.7922, -9.63437, 0.05458, -0.99212, 3.27307, 4.26312, -0.0682]"
43,sub7,supMAE,1,sub7-b2__0056__sidekick.npy,14,sidekick,14,0.97466564,1,"[0.50777, -1.91492, -2.53937, -7.1875, -4.32099, -4.30751, 1.70061, -5.39589, 5.81275, 3.69351, 0.1555, 5.46652, 2.69626, -5.04524, 10.22276, -2.36113, -8.61008, -0.16923, 0.46863, 3.84325, 3.44249, -1.8546]"
43,sub7,supMAE,1,sub7-b2__0057__crosstoe.npy,6,crosstoe,6,0.99902797,1,"[-2.71933, -5.11179, 1.72228, -5.63339, -2.00301, -8.65328, 14.10739, -8.37202, -1.91802, -4.36748, -3.90913, 4.96671, 6.83593, -3.31089, 4.18694, 0.43861, -4.20439, 0.93145, 1.46215, 4.986, 0.7469, -5.32619]"
43,sub7,supMAE,1,sub7-b2__0058__crosstoe.npy,6,crosstoe,6,0.99843127,1,"[-4.09638, -3.68305, 3.15264, -3.99102, -2.65479, -8.49409, 12.92093, -7.62692, -0.84706, -4.79002, -3.69506, 4.44146, 5.97479, -3.11938, 3.91621, -0.20543, -4.02019, 0.66896, 0.68297, 4.41031, 0.99304, -4.31309]"
43,sub7,supMAE,1,sub7-b2__0059__crosstoe.npy,6,crosstoe,6,0.99123245,1,"[-4.81893, -3.0454, 4.73212, -2.93756, -3.04307, -9.14563, 11.42737, -7.2575, -0.21326, -5.23362, -4.1163, 4.20826, 6.30924, -3.10193, 3.63387, -0.24754, -4.43302, 0.79353, -0.43253, 3.4599, 1.9696, -2.80675]"
43,sub7,supMAE,1,sub7-b2__0060__crosstoe.npy,6,crosstoe,6,0.99781054,1,"[-4.9714, -4.21577, 2.94332, -4.17366, -2.83069, -8.51747, 13.27414, -7.60297, -0.33074, -4.91016, -4.34496, 5.65705, 6.72668, -4.1924, 3.16047, 0.13222, -4.01245, 1.62137, 0.53821, 4.57912, 2.01189, -3.78117]"
43,sub7,supMAE,1,sub7-b2__0061__crosstoe.npy,6,crosstoe,6,0.9928924,1,"[-4.72351, -3.70218, 3.69712, -3.78415, -2.38957, -8.77516, 12.34303, -7.54808, -0.65506, -5.01679, -5.03636, 4.96238, 7.21654, -3.87252, 2.44276, 0.66807, -4.42906, 1.66305, 0.49602, 4.15934, 2.45777, -3.22536]"
43,sub7,supMAE,1,sub7-b2__0063__throw.npy,18,throw,18,0.8697283,1,"[-3.53551, 2.94577, -4.12369, -0.06994, 3.11227, -4.47576, -1.5852, 1.31957, -0.02101, 1.41383, -10.05184, -4.90791, -0.80013, -0.90415, -5.22267, 1.84524, -1.91139, 3.92779, 7.42588, 2.57803, 4.85692, -4.86743]"
43,sub7,supMAE,1,sub7-b2__0064__throw.npy,18,throw,18,0.921053,1,"[-2.06221, 3.11037, -4.52106, -0.34406, 3.51743, -3.72795, -2.52554, 0.73947, 0.32502, 1.84644, -9.37806, -5.61275, -1.19536, -0.63951, -4.91787, 2.32313, -3.01449, 3.53318, 7.7377, 2.90598, 4.19031, -4.87031]"
43,sub7,supMAE,1,sub7-b2__0065__throw.npy,18,throw,18,0.90995663,1,"[-3.87336, 3.61295, -4.21885, 1.188, 3.17358, -0.99648, -3.01527, 2.61472, -1.1673, 1.65557, -9.93134, -5.2717, -1.96019, -1.45692, -5.24852, 1.60668, -0.59509, 3.44025, 7.70484, 2.57748, 4.44717, -5.41136]"
43,sub7,supMAE,1,sub7-b2__0066__throw.npy,18,throw,18,0.878532,1,"[-2.9621, 3.79764, -4.25765, 0.00232, 3.61483, -2.60367, -2.84947, 1.48731, -1.06744, 1.96685, -9.56259, -5.5518, -1.57647, -0.77294, -4.87309, 1.39965, -0.92713, 2.9839, 7.37493, 3.07702, 4.37128, -5.83929]"
43,sub7,supMAE,1,sub7-b2__0067__walk.npy,20,walk,20,0.98235106,1,"[3.24159, -2.42413, -3.04341, -5.00744, 0.92705, -6.28533, -7.27437, -8.24574, 1.96821, 3.12792, 0.58549, -1.4553, 4.93091, 0.76147, -2.80078, 2.63444, -10.27637, 5.40428, -1.48627, 1.04309, 10.12274, 1.95792]"
43,sub7,supMAE,1,sub7-b2__0068__turnaround.npy,19,turnaround,19,0.9794883,1,"[1.5277, -2.55388, -6.04168, -6.83367, 0.8035, -3.23055, 1.2582, -5.69492, 1.44529, 0.27487, -1.93435, -2.71591, 0.47295, -0.20544, 0.46822, 7.31955, -4.5131, -0.09633, 2.99818, 11.21454, 1.13073, -9.94504]"
43,sub7,supMAE,1,sub7-b2__0069__walk.npy,20,walk,17,0.6856259,0,"[1.6609, -7.39276, -6.13741, -2.86964, 1.85771, -5.70284, -1.74372, -7.64802, -3.2424, 3.48966, 0.98755, -1.64086, 3.26222, 2.94302, -3.11473, 3.21065, -3.33636, 6.83817, 0.52413, -0.45175, 5.72929, -2.74864]"
43,sub7,supMAE,1,sub7-b2__0070__turnaround.npy,19,turnaround,19,0.96021926,1,"[6.43248, -0.28568, -4.5657, -6.12492, 4.67707, -4.05967, -0.89971, -6.07833, -1.27079, 0.54939, -2.0906, -6.88461, -0.43686, 1.63268, -0.513, 6.39048, -9.43168, 0.98047, 4.28022, 10.43729, 1.14123, -7.96178]"
43,sub7,supMAE,1,sub7-b2__0071__walk.npy,20,walk,20,0.97658294,1,"[3.73173, -2.84691, -3.569, -5.56667, 0.81551, -5.75489, -7.45994, -8.50498, 2.28813, 3.81866, 1.52598, -1.24906, 4.43186, 0.22065, -1.54276, 2.39995, -10.27221, 5.04695, -1.42946, 1.82283, 9.63334, 1.13232]"
43,sub7,supMAE,1,sub7-b2__0072__turnaround.npy,19,turnaround,19,0.9715588,1,"[1.16033, -3.10349, -6.01881, -6.17365, 0.23764, -3.37179, 1.85415, -5.71655, 2.23712, -0.28448, -1.47393, -1.96015, 0.4263, -0.35065, 0.63593, 7.14582, -4.87777, 0.58966, 2.76858, 10.7133, 1.32432, -9.33174]"
43,sub7,supMAE,1,sub7-b2__0073__walk.npy,20,walk,17,0.6800106,0,"[2.05475, -7.39239, -6.0815, -2.86288, 1.67035, -6.06848, -1.57654, -8.08614, -2.77173, 3.14694, 1.44521, -1.53562, 3.13046, 2.99082, -2.50635, 2.9938, -3.74939, 6.63023, 0.5408, -0.09059, 5.52068, -2.73104]"
43,sub7,supMAE,1,sub7-b2__0074__turnaround.npy,19,turnaround,19,0.9700772,1,"[6.23921, -0.70225, -4.65651, -6.0309, 3.99367, -4.11796, -0.42084, -6.14181, -0.82313, 0.35359, -1.99278, -6.64085, -0.49177, 1.52562, 0.1609, 6.56361, -9.65867, 0.8742, 4.15235, 10.68939, 0.9801, -7.84344]"
43,sub7,supMAE,1,sub7-b2__0075__walk.npy,20,walk,20,0.982192,1,"[3.46957, -2.60524, -3.02311, -5.28858, 0.6018, -5.80702, -8.00999, -8.44971, 2.60071, 3.58773, 1.58473, -1.45079, 4.35844, 0.14565, -1.44179, 2.36626, -10.64352, 4.89718, -1.80437, 1.90231, 9.791, 1.44855]"
43,sub7,supMAE,1,sub7-b2__0076__turnaround.npy,19,turnaround,19,0.9885357,1,"[1.66599, -2.51554, -6.13296, -6.54199, 0.10228, -3.34301, 1.86695, -5.81987, 2.43684, 0.16473, -0.66315, -2.12078, -0.28921, -0.21494, 1.87751, 6.46848, -4.46269, -0.68063, 3.0074, 11.00951, 0.35523, -10.06525]"
43,sub7,supMAE,1,sub7-b2__0077__walk.npy,20,walk,17,0.7024046,0,"[1.54291, -7.54244, -6.11302, -3.03753, 0.90725, -5.96783, -0.65806, -7.88244, -2.25742, 2.97416, 1.18466, -0.49521, 3.35038, 2.29216, -1.88719, 2.73492, -3.98141, 6.70005, 0.62225, -0.21054, 5.54588, -2.37148]"
43,sub7,supMAE,1,sub7-b2__0078__turnaround.npy,19,turnaround,19,0.98487836,1,"[5.4522, -1.37737, -4.73013, -6.0376, 4.49764, -3.68883, -0.63183, -6.02845, -1.93946, 0.25313, -2.80496, -6.39318, 0.05135, 1.15044, -0.81747, 6.49113, -8.8889, 1.59292, 3.90004, 11.13358, 1.95114, -8.12053]"
43,sub7,supMAE,1,sub7-b2__0079__walk.npy,20,walk,20,0.9726007,1,"[4.09138, -2.98431, -3.54963, -5.7627, 1.08744, -5.92188, -7.95017, -8.77346, 2.13589, 3.8558, 1.9606, -1.40925, 4.70213, 0.4524, -2.13399, 2.77639, -10.28534, 5.23733, -1.76013, 1.58237, 9.68046, 1.30868]"
43,sub7,supMAE,1,sub7-b2__0080__turnaround.npy,19,turnaround,19,0.98815817,1,"[2.37707, -2.3141, -5.85616, -6.7629, 0.3634, -3.45357, 1.57434, -6.14328, 2.47885, 0.09517, -0.40531, -2.1176, -0.14246, -0.20594, 1.72925, 6.5545, -5.04311, -0.74121, 2.89044, 11.05812, 0.23811, -10.03633]"
43,sub7,supMAE,1,sub7-b2__0081__walk.npy,20,walk,17,0.6735859,0,"[1.56932, -7.70421, -5.83099, -2.76814, 1.49507, -5.99392, -0.99157, -7.87449, -2.82984, 2.91492, 1.05383, -0.80847, 3.2309, 2.49701, -1.96173, 2.58296, -3.66773, 6.70075, 0.32761, -0.02701, 5.73389, -2.58798]"
43,sub7,supMAE,1,sub7-b2__0082__turnaround.npy,19,turnaround,19,0.9741666,1,"[6.27843, -0.96363, -4.58185, -6.32327, 4.21595, -4.04626, -0.09748, -6.45825, -0.97329, -0.01677, -2.30422, -6.36298, -0.02957, 1.24004, -0.1657, 7.11394, -9.9021, 0.97563, 4.13217, 11.1825, 1.08495, -7.88964]"
43,sub7,supMAE,1,sub7-b2__0083__walk.npy,20,walk,20,0.9656267,1,"[4.17019, -3.13311, -3.90181, -6.07501, 1.16502, -6.0557, -7.92729, -9.06408, 2.49261, 4.24775, 1.92339, -1.51219, 4.71551, 0.2842, -1.79348, 3.10739, -10.43659, 5.13974, -1.50927, 1.8726, 9.49576, 1.25987]"
43,sub7,supMAE,1,sub7-b2__0084__turnaround.npy,19,turnaround,19,0.9948783,1,"[2.05731, -2.95007, -5.66928, -6.5475, -0.17591, -3.09759, 1.9163, -6.39247, 2.5389, -0.25104, -0.15171, -1.44542, 0.04201, -0.50272, 2.60318, 5.95073, -4.74115, -0.84573, 2.43873, 11.36147, 0.24294, -9.89913]"
43,sub7,supMAE,1,sub7-b2__0085__walk.npy,20,walk,17,0.66880643,0,"[2.09561, -7.36901, -5.82702, -2.57148, 1.37958, -5.096, -1.3427, -7.18518, -3.01072, 2.62415, 1.1932, -0.89782, 2.69794, 2.68639, -1.84215, 2.29708, -3.60025, 6.37937, 0.34608, 0.15269, 5.39209, -2.9495]"
43,sub7,supMAE,1,sub7-b2__0086__turnaround.npy,19,turnaround,19,0.9660385,1,"[6.30811, -0.20382, -4.34707, -5.76013, 4.17818, -3.81539, -1.20587, -5.66965, -1.21367, 0.28272, -1.72242, -6.91611, -0.99575, 1.82833, 0.01917, 5.72855, -9.30935, 0.77176, 3.96015, 10.24531, 0.97625, -8.02641]"
43,sub7,supMAE,1,sub7-b2__0087__hop.npy,9,hop,9,0.996083,1,"[6.52404, -2.32212, -8.49317, -7.34871, 4.47783, -4.20211, -7.86336, -8.13637, -0.98462, 12.3407, 4.36176, -5.52892, 0.2668, 1.39923, 3.28091, 1.75758, -3.88896, 0.68956, 2.13121, 0.74897, 0.23092, -4.87655]"
43,sub7,supMAE,1,sub7-b2__0088__hop.npy,9,hop,9,0.9814202,1,"[6.02499, -3.16371, -7.19206, -7.3087, 2.98886, -4.42706, -8.23496, -8.29119, -0.03049, 10.27666, 4.07607, -3.76625, 1.70319, 0.37707, 2.62505, 1.93906, -6.50579, 2.14774, 0.92151, 1.11772, 2.67738, -3.31383]"
43,sub7,supMAE,1,sub7-b2__0089__hop.npy,9,hop,9,0.9913967,1,"[6.33899, -2.28086, -8.24967, -7.44651, 3.54322, -4.59502, -7.71868, -8.18941, 0.77824, 11.30069, 4.04451, -3.67482, 1.2358, 0.60277, 2.13465, 1.97963, -5.56759, 2.07195, 1.5967, 0.35665, 1.84285, -2.78311]"
43,sub7,supMAE,1,sub7-b2__0090__hop.npy,9,hop,9,0.9917034,1,"[5.21727, -2.5307, -7.0789, -6.64534, 4.12323, -3.8831, -9.08324, -7.81792, -0.36122, 10.57829, 2.58174, -4.27393, 1.96396, 0.30105, 0.70369, 2.52127, -5.61833, 2.78018, 0.92541, 0.59265, 3.21226, -2.31033]"
43,sub7,supMAE,1,sub7-b2__0091__hop.npy,9,hop,9,0.9952362,1,"[6.29316, -1.03649, -8.22351, -6.50155, 4.39335, -3.38765, -8.61169, -7.30759, -0.79148, 11.8873, 3.85552, -5.12841, 0.10879, 1.63858, 1.65689, 1.45181, -3.16585, 0.77564, 1.68454, 0.06815, 0.51157, -3.6438]"
43,sub7,supMAE,1,sub7-b2__0092__jump.npy,10,jump,10,0.97656494,1,"[7.11047, -1.82974, -4.38632, -6.33989, -3.77066, -5.21788, -6.10819, -9.00277, 5.65644, 5.1185, 11.79732, 0.98734, 0.30657, 1.56619, 7.30807, -1.39971, -9.56851, 0.0202, -2.82209, -0.50069, 2.0038, -0.62811]"
43,sub7,supMAE,1,sub7-b2__0093__jump.npy,10,jump,10,0.8197765,1,"[7.92012, -2.44203, -5.42166, -7.70751, -1.74936, -6.06085, -6.25503, -10.04819, 4.72642, 6.88797, 9.96732, -0.36318, 1.17974, 1.08105, 6.71222, 0.47276, -10.20186, 0.13059, -1.19022, 0.66767, 1.87901, -1.6324]"
43,sub7,supMAE,1,sub7-b2__0094__jump.npy,10,jump,10,0.7828308,1,"[8.28168, -2.47167, -5.58263, -8.15917, -2.17642, -6.23364, -5.3893, -9.89173, 4.89468, 6.85316, 10.12586, 0.0332, 0.95005, 1.00399, 7.54115, 0.11382, -10.13412, -0.30526, -0.94725, 0.77297, 1.29515, -2.20765]"
43,sub7,supMAE,1,sub7-b2__0095__jump.npy,10,jump,10,0.9252501,1,"[8.42357, -2.73221, -6.17834, -8.09903, -2.79907, -5.38849, -4.71794, -9.56455, 4.68763, 7.20262, 11.86061, 1.14249, 0.17598, 0.92491, 8.59835, -0.95163, -8.64588, -0.73646, -1.08593, 0.16045, 0.17142, -2.93201]"
43,sub7,supMAE,1,sub7-b2__0096__jump.npy,10,jump,10,0.6779302,1,"[9.3456, -2.49405, -6.67538, -8.76615, -0.9903, -7.01093, -5.16787, -10.55764, 4.07434, 8.24312, 10.48523, -1.10121, 0.75073, 1.82184, 7.4245, 0.64452, -8.89913, -0.74728, -0.18586, 0.39763, -0.17604, -3.03544]"
43,sub7,supMAE,1,sub7-b2__0097__jump.npy,10,jump,10,0.9471922,1,"[9.10239, -2.95094, -6.48745, -8.18837, -1.95663, -5.76447, -4.80841, -10.15616, 4.25299, 7.24385, 12.35137, 0.36032, 0.24931, 1.77972, 7.79784, -0.20467, -8.25012, -0.45666, -1.19243, -0.22292, -0.09347, -2.79626]"
43,sub7,supMAE,1,sub7-b2__0098__runonspot.npy,13,runonspot,13,0.676433,1,"[3.34205, 7.8789, -5.64215, 2.9227, 8.88496, -4.37156, -8.99626, -3.44014, -1.23831, 4.4592, -4.11215, -13.13021, -2.53701, 9.96008, -8.19384, 3.43182, -0.02848, 0.94856, 4.37541, -2.07006, 2.32428, 0.84961]"
43,sub7,supMAE,1,sub7-b2__0099__runonspot.npy,13,runonspot,4,0.7745329,0,"[5.03823, 7.1351, -7.55156, 0.36407, 10.08528, -2.52522, -6.90527, -3.43281, -3.01382, 6.60079, -4.12201, -11.51756, -2.56551, 8.41271, -6.57101, 2.33978, 2.9892, -0.31574, 5.70253, -1.2663, -0.07292, -2.14537]"
43,sub7,supMAE,1,sub7-b2__0100__runonspot.npy,13,runonspot,4,0.67066103,0,"[4.16589, 7.71809, -5.89904, 1.91534, 9.98916, -4.00142, -7.40413, -3.43509, -1.95567, 4.42727, -5.61019, -12.64242, -1.89213, 8.98496, -8.33426, 3.85289, 0.79416, 0.8028, 5.5522, -1.75381, 1.19428, -0.11165]"
43,sub7,supMAE,1,sub7-b2__0101__runonspot.npy,13,runonspot,4,0.96867114,0,"[4.10196, 5.9143, -7.26482, 1.49702, 12.37811, -1.60537, -8.36069, -3.2241, -5.26077, 5.77359, -5.71765, -12.70932, -1.17999, 8.79022, -10.61493, 3.91447, 4.19241, 1.78379, 5.42171, -1.29872, 1.89686, -2.09526]"
43,sub7,supMAE,1,sub7-b2__0102__runonspot.npy,13,runonspot,4,0.9723145,0,"[4.343, 5.81789, -7.58955, 0.37062, 11.39247, -1.60013, -6.76373, -3.31455, -3.82267, 5.66069, -6.45093, -11.04762, -1.05492, 7.13785, -8.88147, 3.84892, 2.81795, 1.64008, 6.19458, -1.19061, 1.24293, -1.5036]"
43,sub7,supMAE,1,sub7-b2__0103__runonspot.npy,13,runonspot,4,0.94531316,0,"[4.06909, 6.7269, -6.61939, 2.02032, 11.76661, -1.89217, -7.54531, -2.8928, -4.05264, 4.86672, -6.17696, -12.75243, -1.75958, 8.70512, -9.57113, 3.87291, 3.32331, 1.25322, 5.73111, -1.4888, 1.02241, -1.10283]"
43,sub7,supMAE,1,sub7-b2__0104__buttkicks.npy,4,buttkicks,4,0.99703896,1,"[6.17288, 0.08074, -8.81913, -3.33112, 14.72285, 0.41898, -9.80863, -5.70799, -8.54855, 8.74376, -2.71045, -10.24438, 0.48494, 5.79974, -9.27138, 4.5819, 4.41008, 3.18768, 3.71382, 2.24401, 2.9195, -5.86598]"
43,sub7,supMAE,1,sub7-b2__0105__buttkicks.npy,4,buttkicks,4,0.9985228,1,"[6.5119, 0.8214, -8.94861, -2.93862, 15.32666, -0.30553, -9.51248, -5.7732, -8.39576, 8.51438, -2.92349, -10.9522, 0.38744, 6.51521, -10.06947, 4.55875, 5.14777, 3.14638, 4.0951, 1.5273, 2.30549, -5.51793]"
43,sub7,supMAE,1,sub7-b2__0106__buttkicks.npy,4,buttkicks,4,0.99552405,1,"[5.93947, 1.13562, -8.81279, -3.12344, 14.47372, -0.95738, -9.11232, -5.60102, -7.26395, 8.93171, -3.33482, -10.40704, 0.56006, 6.16401, -9.32604, 4.20486, 4.38581, 3.01956, 4.25151, 1.18792, 2.61128, -4.79658]"
43,sub7,supMAE,1,sub7-b2__0107__buttkicks.npy,4,buttkicks,4,0.98644024,1,"[7.63619, -1.20662, -9.67159, -5.72317, 14.30559, -0.56757, -8.26026, -6.71693, -7.76961, 9.90592, -1.86698, -8.60479, 1.09073, 4.51153, -7.24369, 4.27757, 3.84435, 2.76749, 4.24024, 2.63926, 1.75471, -6.78002]"
43,sub7,supMAE,1,sub7-b2__0108__buttkicks.npy,4,buttkicks,4,0.9942028,1,"[7.37726, -0.47991, -8.75778, -5.02796, 14.14636, -0.881, -8.38508, -6.33042, -7.28839, 8.72884, -2.68155, -8.74293, 1.46174, 4.50986, -8.35616, 4.78117, 2.25726, 3.5744, 4.00658, 2.30499, 2.63908, -5.47052]"
43,sub7,supMAE,1,sub7-b2__0109__buttkicks.npy,4,buttkicks,4,0.9957123,1,"[7.40478, -1.08357, -8.74079, -4.9136, 14.37865, -0.99681, -9.21913, -6.66069, -7.71799, 8.59999, -2.49311, -9.49624, 1.55088, 4.96873, -8.70386, 5.29521, 1.96633, 3.91339, 3.82506, 2.58868, 3.09319, -5.64477]"
43,sub7,supMAE,1,sub7-b2__0110__airkick.npy,0,airkick,0,0.9937261,1,"[11.16682, -3.26337, -5.72079, -8.08493, 4.60779, -4.25969, -6.1147, -9.95116, -0.6631, 4.81786, 4.04406, -2.33492, 3.4578, 2.43121, -2.16664, 3.68618, -8.0975, 3.07183, 0.3585, 2.27997, 3.89028, -2.22394]"
43,sub7,supMAE,1,sub7-b2__0111__airkick.npy,0,airkick,0,0.9920893,1,"[10.8084, -3.68492, -5.10792, -8.47474, 4.01793, -4.59764, -5.7776, -10.17807, 0.03127, 4.59992, 4.19367, -1.51706, 3.81083, 1.57799, -1.19679, 3.40549, -8.94192, 3.01198, -0.11054, 2.78184, 3.98132, -1.98491]"
43,sub7,supMAE,1,sub7-b2__0112__airkick.npy,0,airkick,0,0.9982843,1,"[12.60671, -3.62986, -5.69527, -8.75057, 4.7943, -3.76848, -5.15148, -9.94629, -0.76765, 5.19881, 4.83656, -1.75024, 2.76126, 1.83355, -0.14836, 3.39582, -8.00634, 2.14776, 0.48353, 2.70577, 1.88022, -3.57029]"
43,sub7,supMAE,1,sub7-b2__0113__airkick.npy,0,airkick,0,0.9985435,1,"[12.71812, -3.49566, -6.20732, -9.23775, 5.01144, -4.25184, -4.80152, -10.03235, -0.76024, 5.16598, 4.11734, -2.32913, 2.78451, 2.17389, -0.27874, 3.41832, -7.74768, 1.83233, 1.33057, 3.30341, 1.77639, -4.11307]"
43,sub7,supMAE,1,sub7-b2__0114__airkick.npy,0,airkick,0,0.99432486,1,"[12.07243, -3.31442, -6.72041, -7.73251, 6.28518, -3.85656, -6.60171, -9.87301, -1.08682, 5.56017, 3.92021, -3.69814, 2.33501, 3.09479, -2.41257, 4.015, -7.27627, 3.24185, 1.30053, 2.61497, 3.02286, -2.8101]"
43,sub7,supMAE,1,sub7-b2__0115__airkick.npy,0,airkick,0,0.98619914,1,"[10.42107, -3.90561, -5.41223, -7.26856, 3.54223, -3.7572, -6.64193, -9.81896, 0.53737, 4.35132, 5.12839, -1.90333, 2.7152, 1.78099, -1.00236, 3.60031, -9.25903, 3.57389, -0.19088, 2.59284, 4.36709, -1.7907]"
43,sub7,supMAE,1,sub7-b2__0116__sidekick.npy,14,sidekick,14,0.9989544,1,"[1.82149, -1.88556, -3.07191, -8.45281, -4.79456, -4.67425, 4.36924, -5.50175, 4.47784, 4.15611, 0.21203, 5.71253, 2.00956, -4.69563, 13.30214, -3.53023, -7.446, -2.56445, 1.75502, 4.24653, 0.7201, -4.17506]"
43,sub7,supMAE,1,sub7-b2__0117__sidekick.npy,14,sidekick,14,0.99897873,1,"[1.22336, -1.59881, -1.98837, -7.52185, -5.26267, -4.50949, 4.5308, -5.21088, 5.14185, 3.10153, 0.3176, 6.12769, 1.72533, -4.82404, 13.58957, -3.78227, -7.97684, -2.30033, 1.20047, 4.00213, 0.7675, -3.41052]"
43,sub7,supMAE,1,sub7-b2__0118__sidekick.npy,14,sidekick,14,0.9990638,1,"[2.28086, -1.5618, -3.23395, -8.44651, -5.3948, -5.51137, 5.64605, -5.61258, 6.0796, 3.76374, 0.58713, 6.41177, 1.66784, -4.58657, 14.2447, -3.57967, -8.19884, -2.59902, 2.01414, 3.7265, -0.00488, -3.34836]"
43,sub7,supMAE,1,sub7-b2__0119__sidekick.npy,14,sidekick,14,0.99048597,1,"[1.47018, -1.53447, -2.64675, -7.51489, -3.57736, -3.7196, 2.70471, -5.14773, 4.23913, 3.23271, -0.45955, 4.7192, 2.0885, -4.35658, 10.59379, -2.37733, -7.79043, -1.29242, 1.38236, 4.90144, 2.21188, -3.8783]"
43,sub7,supMAE,1,sub7-b2__0120__sidekick.npy,14,sidekick,14,0.93272936,1,"[1.4281, -2.17717, -2.84521, -7.59761, -2.53343, -3.68225, 1.60031, -5.60461, 4.46311, 3.48257, -1.28452, 4.47373, 2.97854, -4.68023, 8.68841, -1.34756, -8.19362, 0.11414, 1.37388, 5.0034, 3.61944, -2.89418]"
43,sub7,supMAE,1,sub7-b2__0121__crosstoe.npy,6,crosstoe,6,0.9995553,1,"[-3.29407, -4.91198, 1.39821, -5.3478, -2.1983, -8.43429, 14.72802, -8.2121, -2.0927, -4.40255, -3.52364, 5.5026, 6.4889, -3.10457, 3.827, -0.17374, -3.25441, 0.94692, 1.56306, 4.9682, 0.89343, -5.80474]"
43,sub7,supMAE,1,sub7-b2__0122__crosstoe.npy,6,crosstoe,6,0.99918944,1,"[-4.47054, -4.98531, 1.82684, -4.87956, -2.74035, -8.40296, 14.28332, -7.96838, -0.56485, -4.4068, -3.633, 6.18273, 6.45853, -4.16688, 3.79882, -0.01522, -3.7141, 1.61148, 1.178, 4.68343, 1.27366, -4.73471]"
43,sub7,supMAE,1,sub7-b2__0123__crosstoe.npy,6,crosstoe,6,0.99931896,1,"[-4.51318, -5.41125, 1.16155, -5.5165, -3.19071, -8.22681, 15.35024, -7.93747, 0.31188, -4.48575, -3.60084, 7.66483, 6.65629, -5.08374, 3.78481, 0.38848, -4.02037, 1.93937, 1.63973, 5.22809, 1.24411, -4.80223]"
43,sub7,supMAE,1,sub7-b2__0124__crosstoe.npy,6,crosstoe,6,0.9543575,1,"[-4.43448, -1.58954, 5.29266, -1.69288, -2.22962, -8.07614, 9.2001, -6.45511, -2.04183, -4.90448, -4.03385, 2.10179, 5.40746, -1.57695, 2.98433, -0.83108, -2.83168, -0.31877, -0.56378, 2.78832, 1.51475, -3.66905]"
43,sub7,supMAE,1,sub7-b2__0125__crosstoe.npy,6,crosstoe,6,0.9315215,1,"[-4.46335, -2.22892, 4.0772, -2.42232, -1.20935, -8.04946, 8.83416, -7.01887, -1.90286, -4.13721, -5.10643, 1.40725, 5.97036, -2.28598, 2.0738, 0.66235, -3.43558, 0.74537, 0.25249, 3.3622, 1.9391, -3.55189]"
43,sub7,supMAE,1,sub7-b2__0126__throw.npy,18,throw,18,0.9755619,1,"[-0.76706, 3.45296, -5.56393, -1.45938, 3.99166, -2.45083, -2.71012, 0.54442, -0.1237, 3.41112, -8.969, -6.42429, -1.91959, -0.77414, -3.80754, 3.48841, -3.20271, 2.81526, 8.97282, 2.80303, 2.4374, -5.84375]"
43,sub7,supMAE,1,sub7-b2__0127__throw.npy,18,throw,20,0.54177135,0,"[-2.98898, 2.01812, -3.78093, -1.09715, 1.64328, -3.83943, -3.09541, -0.21825, 1.5301, 2.17223, -8.99499, -2.59573, 1.17561, -2.92269, -4.96749, 2.7242, -5.12397, 5.0052, 5.81985, 1.65344, 6.45454, -1.41655]"
43,sub7,supMAE,1,sub7-b2__0128__throw.npy,18,throw,18,0.87510085,1,"[-3.52943, 2.51297, -4.0158, -0.75602, 2.2528, -4.11372, -1.78205, 0.84453, 0.85276, 1.92035, -9.19764, -4.46366, -0.78349, -1.91595, -3.3856, 2.11591, -2.28097, 3.2851, 7.04381, 3.20024, 4.23657, -5.37212]"
43,sub7,supMAE,1,sub7-b2__0129__throw.npy,18,throw,18,0.9327006,1,"[-2.54135, 3.46256, -4.18517, -1.20019, 3.15139, -4.45009, -2.10445, 0.67595, 0.79226, 2.21164, -9.57941, -5.30173, -0.98046, -1.77971, -4.03728, 3.01226, -3.34797, 3.78483, 7.86377, 2.9764, 3.52669, -5.17135]"
43,sub7,supMAE,1,sub7-b2__0130__throw.npy,18,throw,18,0.9415995,1,"[-2.79949, 3.97555, -4.22947, -0.46943, 2.39361, -2.3786, -2.83742, 1.55528, 0.50751, 2.52486, -9.11248, -5.25131, -1.61238, -1.82158, -3.47043, 2.05914, -2.60148, 2.76576, 7.79469, 2.84489, 3.22663, -5.49072]"
43,sub7,supMAE,1,sub7-c__0001__sit.npy,15,sit,15,0.98002076,1,"[3.03257, -4.12174, -5.92667, -4.56471, 3.22192, -4.39197, -0.43026, -5.35168, 0.59953, 0.01296, -1.59677, -3.47507, 0.36744, 1.01606, -3.7479, 10.45505, -4.40966, 4.75256, 1.30335, 6.27129, 1.65782, -6.87976]"
43,sub7,supMAE,1,sub7-c__0002__stand.npy,17,stand,17,0.96957415,1,"[4.62857, -8.40495, -7.67686, -2.80609, -0.40994, -5.54449, -0.01447, -5.27918, -2.09872, 2.53349, 3.70082, -0.29076, 0.41655, 2.79787, -0.45343, 2.83609, -4.40606, 8.82436, 0.9794, -1.65551, 2.81839, -2.8452]"
43,sub7,supMAE,1,sub7-c__0004__stand.npy,17,stand,17,0.9685033,1,"[3.89901, -5.9205, -6.33355, 0.1258, 0.80021, -4.64143, -2.57343, -3.60431, -3.12984, 2.08207, 2.77202, -2.95111, -0.11749, 4.81465, -4.59801, 3.27475, -3.6085, 8.98902, 0.12329, -4.11858, 3.44565, -0.64282]"
43,sub7,supMAE,1,sub7-c__0005__sit.npy,15,sit,15,0.95495385,1,"[3.34317, -4.27873, -5.5216, -5.32076, 2.22266, -5.9626, 1.76974, -5.69297, 1.63353, -0.13597, -0.99066, -2.06641, 0.5844, 1.03153, -2.2777, 9.22933, -4.73635, 3.76504, 1.41945, 5.92996, 0.98158, -7.19027]"
43,sub7,supMAE,1,sub7-c__0006__stand.npy,17,stand,17,0.93388706,1,"[4.27388, -5.95317, -6.5102, -0.89525, 0.15751, -6.08593, -0.98442, -3.93357, -2.92293, 2.65573, 3.30691, -2.61431, -0.22069, 5.05836, -3.15987, 2.76118, -3.50607, 8.35827, 0.37964, -4.60181, 2.37388, -1.28017]"
43,sub7,supMAE,1,sub7-c__0007__sit.npy,15,sit,15,0.9539437,1,"[3.19518, -4.01627, -5.67279, -4.82108, 2.49424, -5.37134, 0.19066, -5.64825, 1.01143, -0.05699, -1.02838, -3.77619, 0.13718, 1.53246, -2.77569, 9.78649, -5.38097, 4.1403, 1.54174, 6.60541, 1.55027, -6.95136]"
43,sub7,supMAE,1,sub7-c__0008__stand.npy,17,stand,17,0.9499152,1,"[3.95328, -6.47581, -6.55146, -0.51967, 0.35153, -4.83558, -1.56835, -3.79436, -3.66446, 2.71975, 3.71336, -2.15213, 0.07306, 4.82038, -3.9186, 2.40521, -2.71897, 8.51692, 0.18776, -4.38167, 2.72405, -1.79125]"
43,sub7,supMAE,1,sub7-c__0009__sit.npy,15,sit,15,0.95063496,1,"[3.99892, -4.47091, -4.97792, -5.34608, 0.87736, -7.20131, 2.9905, -5.33683, 2.57756, -0.68315, -0.6457, -1.73042, 0.52675, 0.9529, -1.07925, 8.77761, -7.23646, 3.97499, 1.7529, 5.19452, 0.53595, -6.23127]"
43,sub7,supMAE,1,sub7-c__0010__stand.npy,17,stand,17,0.94392854,1,"[5.3841, -6.68853, -6.56276, -1.0165, 0.76892, -4.10413, -2.22792, -3.39063, -3.50307, 2.20381, 3.45267, -2.19451, -0.09569, 4.40742, -3.7026, 2.95255, -4.37565, 8.7628, 0.53579, -3.96682, 2.66055, -2.06126]"
43,sub7,supMAE,1,sub7-c__0011__sit.npy,15,sit,15,0.92326385,1,"[5.03217, -5.18702, -5.66625, -5.54045, 2.64238, -5.24711, 2.28705, -5.19809, 1.13027, -0.51343, -0.27506, -1.27675, 0.13806, 0.55123, -1.20615, 8.64255, -5.17573, 4.14182, 1.468, 5.38443, -0.32186, -7.45211]"
43,sub7,supMAE,1,sub7-c__0012__stand.npy,17,stand,17,0.9568977,1,"[4.79985, -6.08446, -6.6326, 0.12507, 0.92185, -3.59813, -2.98105, -3.02277, -3.6814, 2.11336, 3.16622, -3.03502, -0.72228, 4.84104, -4.34839, 3.06988, -3.79942, 8.88257, 0.72569, -4.03826, 2.79109, -1.74595]"
43,sub7,supMAE,1,sub7-c__0013__sit.npy,15,sit,15,0.94928473,1,"[4.37112, -4.45856, -5.66665, -4.38944, 2.7297, -5.19197, 0.55653, -5.65206, 1.3454, -0.33787, -0.04127, -3.10116, -0.48525, 1.6319, -1.94946, 9.24533, -5.21154, 3.95635, 1.28376, 5.96122, 0.4928, -7.12479]"
43,sub7,supMAE,1,sub7-c__0014__stand.npy,17,stand,17,0.9693797,1,"[3.97356, -6.64039, -6.97937, -0.49383, 0.8813, -4.77299, -2.03328, -3.92703, -3.92314, 2.63596, 2.7215, -3.32662, -0.26774, 4.89988, -3.88276, 3.20383, -3.38758, 9.06581, 0.85923, -3.4172, 3.23921, -1.80954]"
43,sub7,supMAE,1,sub7-c__0015__squat.npy,16,squat,16,0.9999558,1,"[-3.74458, 3.46545, -7.33756, 6.13994, 6.90653, 9.40509, -7.68884, 3.98002, -12.96977, 9.50422, -0.96544, -12.13112, -5.93853, 8.25159, -4.4302, -4.81976, 20.36769, -3.84916, 2.43644, -2.96392, -2.04862, -8.70822]"
43,sub7,supMAE,1,sub7-c__0016__squat.npy,16,squat,16,0.9998727,1,"[-3.89863, 4.51877, -6.65416, 7.36604, 5.94367, 7.37457, -8.20553, 3.22067, -11.56311, 8.97614, -0.08177, -12.94761, -6.29109, 9.72875, -4.38252, -5.16743, 19.2218, -4.05402, 1.65665, -3.90961, -1.60561, -7.09256]"
43,sub7,supMAE,1,sub7-c__0017__squat.npy,16,squat,16,0.9998944,1,"[-4.36753, 3.62745, -6.824, 7.02765, 7.17549, 9.86409, -8.21344, 4.3382, -13.58314, 8.00584, -2.59949, -12.46332, -4.57274, 8.52948, -7.53861, -3.68022, 19.45955, -2.19255, 2.42925, -3.75707, -0.30057, -7.06148]"
43,sub7,supMAE,1,sub7-c__0018__squat.npy,16,squat,16,0.99987674,1,"[-4.31888, 3.45767, -7.28084, 6.76857, 7.39784, 11.09379, -8.40875, 5.05328, -14.03708, 8.262, -2.75899, -12.50437, -4.95818, 8.10616, -7.38923, -3.78092, 20.23475, -2.33628, 2.6819, -3.35489, -0.60908, -7.99954]"
43,sub7,supMAE,1,sub7-c__0019__squat.npy,16,squat,16,0.99986327,1,"[-4.32454, 3.5983, -6.70242, 7.36581, 7.46909, 10.1352, -8.57876, 4.61418, -13.79919, 7.59268, -2.98728, -13.07714, -4.73062, 8.73722, -7.82825, -3.46398, 19.41351, -2.08488, 2.48221, -3.5068, -0.18363, -7.30291]"
43,sub7,supMAE,1,sub7-c__0020__squat.npy,16,squat,16,0.99983907,1,"[-4.5136, 3.40299, -5.88094, 7.76468, 7.02304, 9.26298, -8.83135, 3.97148, -13.84877, 7.13584, -2.58221, -13.04078, -4.39352, 9.0406, -7.81182, -3.41855, 18.81214, -2.11231, 1.82514, -3.51085, 0.35565, -7.11954]"
43,sub7,supMAE,1,sub7-c__0021__squat.npy,16,squat,16,0.99985445,1,"[-4.68817, 3.21999, -6.65089, 6.88902, 7.31728, 10.45097, -8.18057, 4.53044, -13.68948, 7.69574, -3.26878, -12.31543, -4.26058, 7.87643, -7.75871, -3.36289, 19.48083, -1.77855, 2.42821, -3.4948, -0.03663, -6.95051]"
43,sub7,supMAE,1,sub7-c__0022__pickup.npy,11,pickup,12,0.9945123,0,"[0.5285, -4.62816, 5.54401, -7.99468, -2.58609, -6.61195, 3.67214, -9.41978, -3.11079, -0.52618, -2.8506, 6.33396, 12.00659, -5.0985, 2.46433, -0.25129, -6.18586, -1.11926, -2.9661, 2.25391, 3.0196, -1.6282]"
43,sub7,supMAE,1,sub7-c__0023__pickup.npy,11,pickup,12,0.9963934,0,"[-0.03107, -4.12037, 4.93897, -7.51489, -1.71783, -6.59774, 3.54587, -9.1773, -3.66089, -0.26514, -3.29698, 4.89728, 11.44449, -4.31319, 1.68212, -0.04947, -4.37967, -1.46844, -2.28822, 2.2254, 2.4676, -2.73295]"
43,sub7,supMAE,1,sub7-c__0024__pickup.npy,11,pickup,12,0.99696004,0,"[0.07255, -4.46177, 4.29785, -7.73738, -1.30048, -6.48906, 3.76498, -9.36281, -4.14105, 0.20412, -3.29131, 4.82214, 11.39722, -4.30427, 1.76632, -0.02155, -3.78152, -1.44943, -1.90337, 2.38768, 2.28807, -3.31101]"
43,sub7,supMAE,1,sub7-c__0025__pushchair.npy,12,pushchair,12,0.99664176,1,"[0.30914, -4.5211, 5.26053, -6.98475, -1.8668, -7.44349, 0.15218, -10.1392, -2.40785, -0.04287, -2.89768, 3.08453, 11.82905, -3.28815, -0.21216, 1.63165, -7.77732, 0.21099, -3.46834, 2.3654, 5.41719, -0.13068]"
43,sub7,supMAE,1,sub7-c__0026__pushchair.npy,12,pushchair,12,0.99082875,1,"[0.5158, -1.44061, 4.23904, -5.4465, -0.25086, -7.3536, -0.20184, -8.68814, -3.8194, 0.55833, -3.34077, -0.54812, 9.28461, -0.35099, -0.63249, 0.60246, -3.40562, -2.32864, -1.74782, 1.81905, 2.69958, -2.90948]"
43,sub7,supMAE,1,sub7-c__0027__pushchair.npy,12,pushchair,12,0.7357029,1,"[2.14028, -0.95955, 0.24274, -5.51063, 2.75137, -6.34107, -0.74503, -7.98748, -6.59588, 4.22147, -1.78097, -3.73437, 5.91144, 2.38983, 0.86787, -0.74975, 2.85796, -4.47227, 0.51005, 1.5412, -0.74486, -7.35906]"
43,sub7,supMAE,1,sub7-c__0028__pushchair.npy,12,pushchair,12,0.992912,1,"[0.92083, -3.71481, 0.24782, -7.51354, 3.06993, -7.124, 0.24939, -9.78671, -6.61955, 4.15679, -3.76544, -1.16029, 9.75675, -0.49972, -1.79485, 1.67514, 0.04691, -1.14167, -0.00102, 2.5034, 2.46235, -5.75115]"
43,sub7,supMAE,1,sub7-c__0029__pushchair.npy,12,pushchair,12,0.9658251,1,"[0.3652, -1.26877, 0.82623, -5.02157, 3.2621, -6.25425, -0.86501, -8.04824, -6.7803, 3.25041, -4.15665, -3.48876, 7.75342, 1.41943, -2.25676, 0.9046, 1.88729, -2.40757, 0.43716, 1.85059, 1.55253, -5.9922]"
43,sub7,supMAE,1,sub7-c__0030__sit.npy,15,sit,15,0.47810334,1,"[5.08166, -1.16236, -3.83998, -3.29482, 3.11665, -7.14196, -4.43194, -3.91925, -0.06979, -0.20711, -1.08794, -8.00624, -1.30504, 4.34305, -3.27884, 5.94041, -7.61986, 4.83143, 0.80344, 2.83719, 1.92581, -5.02195]"
43,sub7,supMAE,1,sub7-c__0031__stand.npy,17,stand,17,0.9941784,1,"[4.12923, -8.14855, -8.16633, -2.88008, 2.78865, -5.19593, -1.56358, -4.62772, -4.31063, 3.05629, 0.1481, -2.534, 1.42028, 2.9081, -4.73625, 4.22626, -3.45615, 10.76131, 1.96007, -1.52926, 4.33926, -2.95748]"
43,sub7,supMAE,1,sub7-c__0032__sit.npy,15,sit,15,0.6187879,1,"[4.99764, -1.53803, -4.26171, -3.29407, 4.02125, -6.14124, -5.38428, -4.4715, -0.49553, 0.01774, -0.93787, -8.02123, -0.91578, 3.83914, -4.66301, 6.7587, -7.27514, 5.44794, 1.19995, 3.49242, 2.22455, -5.7206]"
43,sub7,supMAE,1,sub7-c__0033__stand.npy,17,stand,17,0.98333144,1,"[3.89058, -5.76588, -7.59252, -1.33347, 5.85749, -4.61522, -4.25579, -3.71475, -7.03333, 2.82767, -2.0883, -6.93569, 1.23504, 5.37241, -9.47956, 5.12292, -2.50335, 10.98002, 2.7951, -1.67149, 5.16713, -3.73842]"
43,sub7,supMAE,1,sub7-c__0034__sit.npy,15,sit,15,0.98485225,1,"[3.67762, -4.44614, -6.26283, -4.79837, 3.67935, -4.56977, -1.81531, -6.15716, 0.6803, 0.51594, -0.66667, -4.22562, 0.42417, 1.42736, -3.70778, 10.91607, -4.40693, 4.81764, 1.21476, 6.43825, 1.63637, -7.09652]"
43,sub7,supMAE,1,sub7-c__0035__stand.npy,17,stand,17,0.99508935,1,"[4.00084, -8.11274, -7.95561, -2.4756, 1.9139, -5.402, -1.22583, -4.48353, -3.85242, 2.7548, 0.82492, -2.24333, 1.11365, 3.02866, -4.17242, 3.90761, -3.74361, 10.68698, 1.84543, -1.92517, 4.02599, -2.68789]"
43,sub7,supMAE,1,sub7-c__0036__sit.npy,15,sit,15,0.984852,1,"[1.7573, -4.75289, -4.44742, -3.00423, 1.79315, -5.52127, -0.27802, -5.08898, 1.008, -1.41409, -2.76092, -4.00346, 1.3746, 1.32242, -4.73563, 10.78194, -6.89591, 5.91684, 1.65691, 5.75425, 3.22136, -5.14897]"
43,sub7,supMAE,1,sub7-c__0037__stand.npy,17,stand,17,0.9661983,1,"[4.49269, -5.9273, -6.97773, -0.42417, 2.70939, -4.90841, -3.57501, -3.4864, -5.02542, 2.74204, 1.16658, -5.33321, -0.20245, 5.62577, -5.6691, 3.56501, -3.48409, 9.53969, 1.05941, -3.34218, 3.82242, -1.93588]"
43,sub7,supMAE,1,sub7-c__0038__sit.npy,15,sit,15,0.9705009,1,"[3.49377, -4.66628, -6.1065, -4.99792, 2.19415, -4.96944, -0.05228, -5.37582, 1.49515, 0.46256, -0.11536, -2.86107, 0.10868, 0.98788, -2.08012, 9.48674, -4.76973, 4.33689, 1.10414, 5.5786, 1.0111, -7.15812]"
43,sub7,supMAE,1,sub7-c__0039__stand.npy,17,stand,17,0.9695934,1,"[4.3421, -6.59199, -7.00478, -1.03888, 1.32877, -4.49946, -2.15905, -3.75157, -4.15913, 2.78111, 2.54231, -3.01921, 0.15536, 4.53548, -4.26317, 3.31308, -3.10731, 9.01832, 0.50541, -3.71038, 3.21814, -2.09631]"
43,sub7,supMAE,1,sub7-c__0040__squat.npy,16,squat,16,0.9998123,1,"[-5.0197, 4.01653, -5.84178, 7.89269, 7.00452, 8.50969, -8.28317, 4.16643, -13.05707, 6.99838, -3.43013, -13.02515, -4.1208, 8.87311, -8.12475, -3.22197, 18.32766, -1.84597, 2.37713, -3.87714, 0.48043, -6.33264]"
43,sub7,supMAE,1,sub7-c__0041__squat.npy,16,squat,16,0.99990904,1,"[-4.51862, 4.06494, -5.93329, 7.56995, 7.17004, 8.52654, -7.5403, 4.45576, -13.25518, 6.46907, -3.61273, -13.09567, -4.36058, 9.09093, -7.7254, -3.60269, 19.102, -2.38042, 2.71735, -3.63865, -0.37592, -7.30007]"
43,sub7,supMAE,1,sub7-c__0042__squat.npy,16,squat,16,0.99981207,1,"[-4.86849, 3.93943, -5.82582, 7.66873, 7.09184, 8.40416, -7.98317, 4.03573, -13.08948, 6.73252, -3.68186, -12.99925, -3.94223, 8.91487, -8.29053, -3.00791, 18.2727, -1.7724, 2.49365, -3.78215, 0.27334, -6.51387]"
43,sub7,supMAE,1,sub7-c__0044__squat.npy,16,squat,16,0.99990916,1,"[-5.17295, 3.61601, -5.96891, 7.40525, 7.16064, 8.276, -7.67583, 4.04, -13.03621, 6.97321, -3.71464, -12.70704, -3.81053, 8.56371, -8.22585, -3.06876, 18.80097, -1.59421, 2.46479, -3.8217, 0.32654, -6.46859]"
43,sub7,supMAE,1,sub7-c__0045__squat.npy,16,squat,16,0.99991596,1,"[-4.9004, 3.18489, -5.54746, 7.01093, 6.60348, 8.77213, -7.63868, 3.97687, -13.69711, 6.82845, -2.91444, -12.16383, -3.80907, 8.51574, -7.4732, -3.70516, 18.95054, -2.37255, 1.99332, -3.26224, 0.09329, -7.75612]"
43,sub7,supMAE,1,sub7-c__0046__pickup.npy,11,pickup,12,0.9058229,0,"[1.36482, -3.4943, 7.31076, -7.15711, -4.87065, -6.70954, 3.80143, -8.96984, -0.72815, -1.8612, -0.73021, 7.20151, 10.32569, -4.60054, 5.60266, -2.12877, -7.53167, -3.25693, -3.89924, 2.15097, 1.33421, -0.98424]"
43,sub7,supMAE,1,sub7-c__0047__pickup.npy,11,pickup,12,0.9290971,0,"[1.11879, -3.43049, 6.68136, -6.82993, -4.19326, -6.9627, 3.78296, -8.70742, -1.33564, -1.72613, -1.41335, 5.81727, 9.82829, -4.12367, 5.40196, -1.59657, -6.81346, -3.13642, -3.2224, 2.2284, 1.06579, -1.75438]"
43,sub7,supMAE,1,sub7-c__0048__pickup.npy,11,pickup,12,0.96493185,0,"[1.47616, -4.00454, 5.25007, -7.92082, -3.48692, -6.74266, 4.01136, -9.32369, -2.08627, -0.31095, -1.18108, 5.92033, 10.09314, -4.37199, 5.47946, -1.38547, -5.80303, -3.30493, -2.65595, 2.52906, 0.70277, -2.79416]"
43,sub7,supMAE,1,sub7-c__0049__pickup.npy,11,pickup,12,0.97664136,0,"[1.48808, -4.24232, 4.33244, -8.18325, -2.69367, -6.57039, 4.12854, -9.3728, -3.0243, 0.41554, -1.30031, 5.4555, 10.05218, -4.16278, 5.0852, -1.32469, -4.48854, -3.29777, -2.04876, 2.55226, 0.40278, -3.86646]"
43,sub7,supMAE,1,sub7-c__0050__pickup.npy,11,pickup,12,0.9881021,0,"[-0.01686, -3.60638, 6.37454, -6.71676, -2.98023, -7.27955, 3.40519, -8.88215, -2.25274, -1.6065, -2.8856, 5.08129, 11.11595, -3.91364, 2.18325, -0.21238, -6.12275, -1.55477, -3.10393, 1.71591, 2.67908, -1.33901]"
43,sub7,supMAE,1,sub7-c__0052__pushchair.npy,12,pushchair,12,0.9947048,1,"[0.3954, -1.81159, 3.92327, -5.78927, 0.02294, -7.6081, 0.34395, -9.02591, -4.00629, 0.52355, -3.71088, -0.56003, 9.66675, -0.42892, -1.07086, 1.00193, -3.42855, -1.83146, -1.54958, 1.79885, 2.82414, -2.81479]"
43,sub7,supMAE,1,sub7-c__0053__pushchair.npy,12,pushchair,12,0.98970187,1,"[0.94837, -0.82109, 2.52819, -5.80384, 1.13862, -7.7747, 0.29244, -8.64072, -5.08469, 2.1448, -2.79874, -1.89368, 8.29034, 1.12277, -0.69815, 0.15137, -0.39852, -3.19588, -0.71337, 1.30991, 1.11216, -4.84192]"
43,sub7,supMAE,1,sub7-c__0054__pushchair.npy,12,pushchair,12,0.9961696,1,"[0.55685, -2.3711, 2.12917, -6.40556, 1.73035, -7.45347, 0.48699, -9.21155, -5.56572, 2.24396, -3.54929, -1.06403, 9.44886, -0.05343, -1.5376, 1.22632, -0.87233, -1.7711, -0.66617, 1.93001, 2.18721, -4.64628]"
43,sub7,supMAE,1,sub7-c__0055__pushchair.npy,12,pushchair,12,0.9642261,1,"[-0.25397, -0.86818, 1.09414, -4.51626, 3.74556, -7.47672, -0.83177, -8.07255, -6.72689, 3.17103, -4.2638, -4.29629, 7.94669, 2.27934, -3.57322, 1.32831, 2.27732, -1.65415, 0.13986, 0.75554, 1.97873, -5.16723]"
43,sub7,supMAE,1,sub7-c__0056__sit.npy,15,sit,15,0.94676346,1,"[4.6687, -5.98605, -6.42924, -5.6288, 3.9133, -3.5087, 0.11625, -5.92429, 0.50417, 0.10916, -0.32934, -1.62824, 0.54299, 0.02447, -1.51716, 9.83097, -4.27875, 4.73078, 1.24127, 6.63725, 0.49818, -7.8905]"
43,sub7,supMAE,1,sub7-c__0057__stand.npy,17,stand,17,0.97511816,1,"[5.62953, -8.67189, -7.86991, -3.7781, 1.41962, -5.11103, -0.73356, -5.08765, -3.33946, 2.5525, 2.29939, -0.74434, 0.99376, 2.43808, -1.91011, 3.15683, -4.64564, 9.60298, 1.32145, -0.81349, 3.37918, -3.65042]"
43,sub7,supMAE,1,sub7-c__0058__sit.npy,15,sit,15,0.9713324,1,"[4.36823, -5.69541, -6.7405, -5.2604, 4.42375, -3.71478, -0.44629, -5.89789, -0.0925, 0.21025, -1.22573, -2.96732, 0.80187, 0.80235, -3.74304, 10.47624, -3.90712, 5.54849, 1.79121, 6.41488, 1.0772, -7.7813]"
43,sub7,supMAE,1,sub7-c__0059__stand.npy,17,stand,17,0.990777,1,"[2.94579, -6.1481, -7.72229, -0.85688, 4.76178, -4.26751, -4.02315, -3.40214, -6.16627, 2.97553, -1.69632, -6.26948, 1.18853, 5.16964, -9.02323, 5.04215, -2.43298, 11.25904, 2.37792, -2.61937, 5.39775, -2.20108]"
43,sub7,supMAE,1,sub7-c__0060__sit.npy,15,sit,15,0.9572059,1,"[4.1377, -5.4197, -6.75312, -4.85977, 4.58602, -3.19994, -1.58569, -6.24909, -0.34985, 0.36313, -0.69333, -3.64208, 0.48195, 0.91327, -3.63946, 10.49467, -4.13802, 5.3649, 1.60967, 7.10938, 1.59734, -7.92332]"
43,sub7,supMAE,1,sub7-c__0061__stand.npy,17,stand,17,0.99719137,1,"[3.30385, -8.18397, -8.2549, -2.40983, 3.55137, -4.95804, -2.01811, -4.23178, -4.80123, 2.72409, -1.0072, -3.46157, 1.88704, 3.15563, -7.02919, 5.1511, -3.22942, 11.95974, 2.76526, -1.47461, 4.96613, -3.07702]"
43,sub7,supMAE,1,sub7-c__0062__sit.npy,15,sit,15,0.9443084,1,"[3.58039, -5.19341, -7.00261, -4.95556, 3.87987, -3.34846, -1.04972, -6.21134, 0.03193, 0.65353, -0.38186, -3.54145, 0.23812, 1.0709, -2.97039, 10.23044, -3.38915, 4.66587, 1.66113, 7.26376, 1.36103, -8.19791]"
43,sub7,supMAE,1,sub7-c__0063__stand.npy,17,stand,17,0.9965836,1,"[3.90642, -8.13167, -8.06393, -2.92274, 2.92111, -5.74161, -1.62967, -4.76524, -3.77391, 2.70779, 0.11094, -2.76623, 1.70826, 2.97504, -5.749, 5.00996, -3.89842, 11.55524, 2.23649, -1.6588, 4.47998, -2.72702]"
43,sub7,supMAE,1,sub7-c__0064__sit.npy,15,sit,15,0.9706218,1,"[2.42152, -4.81204, -5.68686, -4.62236, 1.98136, -5.59493, 0.71439, -6.28226, 1.23169, -0.37366, -1.45257, -2.80394, 1.1871, 0.817, -3.52888, 10.38434, -6.11022, 5.14213, 1.64968, 6.63189, 2.59202, -6.22527]"
43,sub7,supMAE,1,sub7-c__0065__stand.npy,17,stand,17,0.99695766,1,"[3.143, -8.70345, -8.47597, -3.44227, 3.96874, -5.61655, -1.09161, -4.86414, -4.4867, 2.93206, -1.64879, -2.52265, 2.65946, 2.26724, -6.89829, 5.70841, -3.41024, 12.30923, 2.87026, -1.41882, 5.47143, -2.81876]"
43,sub7,supMAE,1,sub7-c__0066__squat.npy,16,squat,16,0.9999212,1,"[-4.67038, 2.21107, -5.93705, 7.43615, 6.78135, 9.17227, -8.08436, 3.35817, -14.40162, 7.41954, -1.71975, -12.09468, -3.94743, 8.78529, -7.19584, -3.81435, 19.37439, -2.13908, 1.38546, -3.3547, 0.2756, -7.73467]"
43,sub7,supMAE,1,sub7-c__0067__squat.npy,16,squat,16,0.99988616,1,"[-4.3747, 2.33748, -6.09463, 7.46962, 7.14698, 9.47556, -8.42735, 3.28415, -14.12643, 7.43047, -1.98929, -12.43819, -3.98068, 8.78051, -7.5822, -3.36113, 19.17877, -1.90903, 1.59815, -3.54552, 0.15073, -7.1294]"
43,sub7,supMAE,1,sub7-c__0068__squat.npy,16,squat,16,0.9999608,1,"[-4.49369, 2.25235, -6.06703, 7.18129, 6.42861, 9.60614, -7.897, 3.5545, -14.0413, 7.50677, -1.13107, -11.63028, -4.31552, 8.70627, -6.80017, -4.13879, 20.26017, -2.5033, 1.19888, -3.59457, -0.31966, -7.84284]"
43,sub7,supMAE,1,sub7-c__0069__squat.npy,16,squat,16,0.9999472,1,"[-4.50463, 2.72243, -5.56416, 7.39797, 6.46189, 9.05386, -7.82509, 3.61879, -13.96743, 6.89814, -1.65297, -12.10508, -4.20104, 9.02174, -6.92963, -4.04037, 19.76031, -2.52929, 1.14336, -3.74693, -0.18451, -7.43538]"
43,sub7,supMAE,1,sub7-c__0070__squat.npy,16,squat,16,0.99983764,1,"[-4.84628, 2.31134, -5.25895, 7.94183, 6.64241, 9.06548, -8.26322, 3.25711, -13.98548, 6.52697, -2.256, -12.08667, -3.48595, 8.80404, -8.03122, -3.16034, 18.60942, -1.5977, 1.19924, -3.55759, 0.7446, -6.71275]"
43,sub7,supMAE,1,sub7-c__0071__pickup.npy,11,pickup,12,0.95483124,0,"[-0.71951, -4.43022, 8.38945, -5.66733, -5.01982, -6.89745, 2.76036, -8.67705, 0.00738, -3.31797, -2.17347, 7.52738, 11.8173, -5.03787, 2.72769, -0.35406, -9.00931, -0.26262, -5.25397, 1.28351, 4.69097, 2.08923]"
43,sub7,supMAE,1,sub7-c__0072__pickup.npy,11,pickup,12,0.7835232,0,"[1.02816, -2.97831, 7.89827, -6.3798, -5.48834, -6.36165, 3.45132, -8.26116, -0.1632, -2.44724, -0.6729, 7.3645, 9.7657, -4.73062, 6.20662, -2.54741, -7.50373, -3.55485, -4.22244, 1.94265, 1.21903, -0.54807]"
43,sub7,supMAE,1,sub7-c__0073__pickup.npy,11,pickup,12,0.9649827,0,"[0.69305, -5.04523, 5.838, -7.69021, -3.72224, -6.48696, 5.09851, -9.51899, -1.91943, -1.34397, -1.76226, 7.73723, 11.31243, -5.37082, 4.99564, -1.43157, -5.92369, -2.10784, -3.12368, 2.63811, 1.7275, -1.88823]"
43,sub7,supMAE,1,sub7-c__0074__pickup.npy,11,pickup,12,0.932917,0,"[0.39175, -4.13807, 7.57719, -6.68393, -4.91673, -6.69789, 3.97561, -8.93045, -0.57724, -2.42912, -1.52093, 7.84092, 11.08479, -5.25339, 4.75014, -1.50753, -7.66332, -2.09532, -4.18705, 1.96444, 2.39956, -0.13633]"
43,sub7,supMAE,1,sub7-c__0075__pickup.npy,11,pickup,12,0.9452172,0,"[0.05838, -3.62437, 7.59324, -6.18551, -4.53747, -6.72431, 3.38922, -8.5179, -0.90302, -2.47559, -2.0678, 6.77526, 10.84354, -4.76389, 4.03761, -1.29423, -7.09129, -2.10234, -3.99472, 1.71541, 2.49082, -0.21205]"
43,sub7,supMAE,1,sub7-c__0076__pushchair.npy,12,pushchair,12,0.9959628,1,"[3.47755, -5.28525, 3.16917, -7.48261, 0.4567, -7.63349, 0.8626, -11.80078, -4.87138, 1.66711, -0.09006, 1.36388, 10.11346, -0.5124, 1.70391, 0.81413, -4.07952, -1.96354, -2.97389, 2.36356, 2.35625, -3.75609]"
43,sub7,supMAE,1,sub7-c__0077__pushchair.npy,12,pushchair,12,0.9595684,1,"[1.49546, -1.33639, 4.60584, -4.94233, -1.11886, -7.51409, 1.73466, -8.72074, -4.12136, 0.09246, -1.18745, 0.33705, 8.03124, 0.8157, 2.10211, -1.70798, -1.33222, -4.32593, -2.10537, 1.24285, 0.38701, -4.11462]"
43,sub7,supMAE,1,sub7-c__0078__pushchair.npy,12,pushchair,12,0.97000676,1,"[1.14567, -1.58583, 5.48573, -5.56522, -1.74267, -7.74224, 2.2539, -9.00132, -3.49037, -0.57734, -1.42458, 1.83206, 9.09481, -0.37419, 1.88232, -1.33515, -2.63573, -3.74839, -2.71229, 1.28537, 1.01755, -3.08648]"
43,sub7,supMAE,1,sub7-c__0079__pushchair.npy,12,pushchair,12,0.9859634,1,"[1.0399, -2.56434, 5.69747, -5.73323, -1.60195, -7.6659, 2.11505, -9.50399, -3.63113, -0.6509, -1.67053, 2.38176, 10.0731, -0.91658, 1.27085, -0.70263, -3.39767, -2.88534, -2.97199, 1.47872, 1.97835, -2.6645]"
43,sub7,supMAE,1,sub7-c__0080__pushchair.npy,12,pushchair,12,0.99428034,1,"[0.79379, -3.59393, 6.09624, -6.5661, -2.19357, -8.00679, 2.36205, -10.01663, -2.6661, -0.88403, -1.99076, 3.69818, 11.43655, -2.17842, 0.92932, -0.03781, -5.49372, -1.62021, -3.55982, 1.57583, 3.25178, -1.1512]"
43,sub7,supMAE,1,sub7-c__0081__pushchair.npy,12,pushchair,12,0.995122,1,"[1.11844, -4.50795, 5.5051, -7.20854, -2.58367, -7.43905, 2.80645, -10.43117, -2.58437, -0.45653, -1.24869, 4.75861, 11.35668, -2.93146, 2.20525, -0.465, -5.46486, -1.87215, -3.38336, 2.23593, 2.80899, -1.78214]"
43,sub7,supMAE,1,sub7-c__0082__sit.npy,15,sit,15,0.49493915,1,"[4.80032, -3.30809, -5.33165, -3.12528, 3.02609, -5.66002, -1.37511, -3.81098, -0.64421, -0.8979, -1.86407, -6.50881, -1.07661, 3.95376, -3.42913, 6.34358, -6.81054, 5.74913, 1.86066, 4.08235, 1.549, -5.74722]"
43,sub7,supMAE,1,sub7-c__0083__stand.npy,17,stand,17,0.99476755,1,"[3.93385, -8.16883, -8.18754, -2.78462, 1.60482, -5.79381, -0.47591, -4.34184, -3.84749, 3.00843, 1.17591, -2.36502, 0.81008, 3.40268, -3.66459, 3.67651, -3.44884, 10.49114, 2.17827, -2.15878, 3.33572, -3.30259]"
43,sub7,supMAE,1,sub7-c__0084__sit.npy,15,sit,15,0.98728,1,"[3.81626, -4.70623, -6.42396, -4.46122, 4.5273, -3.08055, -2.23927, -5.04937, -0.26444, 0.75213, -0.80197, -3.78415, 0.25983, 0.94322, -4.50914, 10.7806, -3.6315, 5.61177, 1.39292, 5.25973, 1.38105, -7.37424]"
43,sub7,supMAE,1,sub7-c__0085__stand.npy,17,stand,17,0.9972422,1,"[4.07261, -8.67218, -8.40724, -3.28789, 2.53561, -4.7483, -0.93147, -4.21621, -3.77804, 2.77269, 0.24857, -1.38975, 1.75736, 2.21833, -5.37368, 4.77456, -3.89506, 11.59545, 2.58586, -2.11355, 4.16013, -3.08463]"
43,sub7,supMAE,1,sub7-c__0086__sit.npy,15,sit,15,0.96078664,1,"[3.14273, -5.39689, -6.4608, -4.97813, 3.42965, -4.16834, -0.00733, -6.03484, 0.01197, 0.31044, -0.90748, -3.07331, 0.64633, 0.79186, -3.49847, 10.20254, -4.53971, 5.11395, 1.87767, 6.75648, 1.84036, -7.67318]"
43,sub7,supMAE,1,sub7-c__0087__stand.npy,17,stand,17,0.984822,1,"[3.69967, -6.58663, -7.33764, -0.94699, 1.74742, -4.58268, -2.04815, -3.66932, -4.62729, 2.64505, 1.30079, -3.5395, 0.43727, 4.75376, -5.37395, 3.44237, -3.09978, 9.76246, 1.43007, -3.2438, 3.91119, -2.15585]"
43,sub7,supMAE,1,sub7-c__0088__sit.npy,15,sit,15,0.9618705,1,"[3.86653, -5.82708, -6.60535, -4.74434, 4.50006, -2.95118, -1.4637, -6.23538, -0.26848, 0.47531, -0.47467, -3.14226, 0.42832, 0.51926, -3.27876, 10.46248, -4.21387, 5.68547, 1.46971, 6.84343, 1.71673, -7.63834]"
43,sub7,supMAE,1,sub7-c__0090__sit.npy,15,sit,15,0.46634,1,"[-0.40142, -5.68865, -2.81831, -3.1933, 0.82796, 0.01987, -3.53867, -6.5831, 0.40925, -1.72374, -1.17745, 1.00759, 5.90298, -2.51825, -4.97459, 8.65506, -5.32721, 8.37075, -4.87212, 3.76376, 7.50412, 2.70742]"
43,sub7,supMAE,1,sub7-c__0091__stand.npy,17,stand,17,0.9722124,1,"[-0.60217, -7.15515, -2.59694, -1.28215, 1.97981, 0.1188, -6.01778, -5.95524, -3.18371, -1.04728, -0.76482, 1.21686, 6.38637, -2.03036, -5.97942, 6.81257, -5.47416, 13.14672, -5.68074, -0.32802, 9.45608, 5.83013]"
43,sub7,supMAE,1,sub7-c__0092__sit.npy,15,sit,15,0.78349257,1,"[2.3626, -7.30016, -2.74316, -2.91228, 3.89778, -1.13538, -1.7456, -9.71764, -1.93315, -2.80697, -1.59181, -1.72451, 4.42496, -1.24405, -1.66468, 9.72374, -7.52796, 5.99789, -0.80684, 8.25666, 5.36839, 0.48053]"
43,sub7,supMAE,1,sub7-c__0093__stand.npy,17,stand,17,0.9760518,1,"[-0.87992, -6.52192, -2.67867, -0.96434, 3.19084, -0.03934, -6.53029, -5.50811, -3.90661, -1.14888, -2.29384, -0.19503, 6.48404, -1.51441, -7.92035, 7.47597, -5.24775, 13.81442, -4.93137, -0.18621, 9.98861, 5.64836]"
43,sub7,supMAE,1,sub7-c__0094__sit.npy,15,sit,19,0.5076525,0,"[1.98786, -7.08811, -2.64854, -3.19624, 2.05354, -1.58818, -0.56413, -9.60763, -0.21122, -2.96202, -0.97323, -0.6136, 4.25938, -1.80062, 0.79603, 8.3925, -8.00115, 4.70347, -0.81153, 8.49471, 4.81711, 0.82944]"
43,sub7,supMAE,1,sub7-c__0095__stand.npy,17,stand,17,0.97456306,1,"[-0.83917, -7.31639, -3.09367, -1.34035, 2.09599, 0.32575, -6.01372, -5.69973, -3.25231, -0.95307, -1.28914, 1.32664, 6.75247, -2.15335, -6.82248, 7.28583, -5.3066, 13.61997, -5.29025, -0.55169, 9.84004, 5.89567]"
43,sub7,supMAE,1,sub7-c__0096__sit.npy,15,sit,15,0.90004206,1,"[0.78209, -7.39547, -2.63063, -2.58253, 2.78702, -0.89836, -2.4897, -9.3238, -0.75743, -2.34965, -1.51922, -0.91076, 4.74398, -2.17686, -2.05593, 10.34986, -7.60893, 6.88914, -1.76477, 7.46765, 6.39404, 1.61533]"
43,sub7,supMAE,1,sub7-c__0097__stand.npy,17,stand,17,0.9794907,1,"[-0.44759, -6.79501, -3.01247, -1.44181, 3.21887, 0.0287, -6.52953, -5.69343, -4.05755, -0.84621, -1.8585, 0.13953, 6.64457, -1.55211, -7.821, 7.38986, -5.26318, 13.80783, -4.87625, -0.37846, 9.80673, 5.32451]"
43,sub7,supMAE,1,sub7-c__0098__squat.npy,16,squat,16,0.9999896,1,"[-5.80948, 0.75101, -6.38398, 8.23406, 6.44545, 8.07755, -4.73499, 5.18871, -14.66467, 5.39091, -0.36023, -8.74187, -5.24928, 7.63983, -6.83632, -4.09302, 20.68832, 0.49347, 0.57641, -4.83952, 0.21197, -7.0988]"
43,sub7,supMAE,1,sub7-c__0099__squat.npy,16,squat,16,0.9999963,1,"[-4.31227, 0.51085, -6.85387, 7.85803, 6.51467, 8.82929, -4.69825, 5.13514, -15.17605, 5.50858, 1.21134, -8.81123, -6.25163, 8.41331, -5.76318, -4.94413, 22.10631, -0.69307, 0.39299, -4.94638, -1.31912, -8.29316]"
43,sub7,supMAE,1,sub7-c__0100__squat.npy,16,squat,16,0.999998,1,"[-4.77441, 0.13836, -6.61207, 7.80504, 6.11624, 8.21335, -3.99963, 4.95433, -15.32602, 5.51603, 1.3874, -8.04765, -5.90563, 8.26246, -5.49457, -5.17764, 22.41654, -0.81697, 0.14088, -4.89325, -1.20835, -8.82281]"
43,sub7,supMAE,1,sub7-c__0101__squat.npy,16,squat,16,0.99999857,1,"[-4.80311, 0.37041, -6.61966, 7.1514, 6.26994, 7.8663, -3.86296, 4.83992, -14.99981, 5.62994, 0.97843, -7.56031, -5.38236, 7.59239, -5.67827, -4.91403, 22.31539, -0.6192, 0.02381, -4.98696, -1.10045, -8.2152]"
43,sub7,supMAE,1,sub7-c__0102__squat.npy,16,squat,16,0.9999956,1,"[-4.75785, 0.65468, -6.3506, 8.41996, 6.06801, 7.74148, -4.03256, 5.03587, -14.96516, 4.96041, 1.23754, -8.87094, -6.15818, 8.98597, -5.83932, -5.11354, 21.98209, -0.73013, 0.37919, -5.15753, -1.2213, -8.37139]"
43,sub7,supMAE,1,sub7-c__0103__pickup.npy,11,pickup,11,0.9905393,1,"[-3.68545, -6.73259, 5.62909, -5.24447, -6.5817, -6.26629, 5.84435, -6.34888, 2.14654, -4.26958, 0.07514, 15.87607, 11.19869, -8.62927, 2.46045, 0.44203, -8.95697, 5.31728, -7.30781, -1.30416, 6.92464, 4.32952]"
43,sub7,supMAE,1,sub7-c__0104__pickup.npy,11,pickup,11,0.97758955,1,"[-4.02921, -6.81989, 4.97734, -6.0349, -5.5312, -6.24491, 5.84107, -6.48557, 1.14162, -3.26719, -0.82218, 15.65386, 11.86589, -9.07592, 1.37827, 0.93956, -7.52096, 5.42535, -6.89019, -1.09675, 6.92348, 3.57903]"
43,sub7,supMAE,1,sub7-c__0105__pickup.npy,11,pickup,11,0.98997015,1,"[-3.47746, -7.19603, 5.05862, -6.18159, -5.98214, -6.47705, 6.51707, -6.80854, 1.45443, -3.56378, -0.05288, 16.21952, 11.61292, -9.08615, 2.74993, 0.35898, -7.91541, 5.00229, -6.90633, -0.91737, 6.3684, 3.25733]"
43,sub7,supMAE,1,sub7-c__0106__pickup.npy,11,pickup,11,0.98837864,1,"[-3.56514, -6.50067, 5.70553, -5.7056, -6.2163, -6.24792, 5.64772, -6.57157, 1.65394, -3.71205, 0.03803, 15.86681, 11.40807, -8.94459, 2.73108, 0.10694, -8.3652, 4.62589, -7.31728, -0.826, 6.48844, 3.69737]"
43,sub7,supMAE,1,sub7-c__0107__pickup.npy,11,pickup,11,0.98734236,1,"[-3.70472, -6.74188, 5.26559, -5.58123, -6.1798, -6.4871, 5.96799, -6.68644, 2.02239, -3.81012, -0.06858, 15.81609, 11.44206, -8.8201, 2.268, 0.63416, -8.32413, 5.20264, -7.02742, -1.16621, 6.67523, 3.80518]"
43,sub7,supMAE,1,sub7-c__0108__pushchair.npy,12,pushchair,11,0.91993254,0,"[0.38927, -9.14059, 1.11485, -7.83606, -2.65407, -7.06014, 5.02023, -10.31474, -0.82988, -1.10763, 3.41108, 13.04553, 10.58121, -6.38797, 2.52394, 1.98999, -6.7721, 5.12905, -6.23716, 0.2945, 6.27963, 0.36174]"
43,sub7,supMAE,1,sub7-c__0109__pushchair.npy,12,pushchair,11,0.9840041,0,"[-3.67997, -7.78167, 2.2963, -7.39347, -3.92419, -5.93706, 6.09163, -7.25813, -0.87787, -0.955, 0.55498, 15.6912, 11.56179, -8.87142, 1.72666, 0.1323, -3.50427, 4.74407, -6.56102, -0.65965, 6.18785, 1.36316]"
43,sub7,supMAE,1,sub7-c__0110__pushchair.npy,12,pushchair,11,0.9546633,0,"[-4.28905, -6.78282, 2.48176, -6.71546, -3.58345, -5.97839, 5.33364, -6.92823, -1.22729, -0.87317, 0.04924, 14.55603, 11.49769, -8.06129, 0.12103, 0.23525, -2.72993, 4.80457, -6.54847, -1.11347, 6.61914, 1.49327]"
43,sub7,supMAE,1,sub7-c__0111__pushchair.npy,12,pushchair,11,0.9540484,0,"[-4.01311, -6.82218, 1.94186, -7.33892, -3.19022, -5.85152, 5.61497, -6.64891, -2.17664, -0.1574, 0.46543, 14.32416, 11.28167, -7.69926, 0.42342, -0.62378, -1.10818, 4.2053, -6.45823, -1.44727, 5.96883, 0.75559]"
43,sub7,supMAE,1,sub7-c__0112__pushchair.npy,12,pushchair,11,0.91895276,0,"[-4.71512, -6.62813, 1.99706, -6.66768, -2.86428, -5.73732, 5.0184, -6.4101, -2.4187, -0.06591, -0.34342, 13.86474, 11.4236, -7.66359, -0.78279, -0.06635, -1.09273, 4.83979, -6.31063, -1.49094, 6.80147, 1.07542]"
43,sub7,supMAE,1,sub7-c__0113__pushchair.npy,12,pushchair,11,0.8707052,0,"[-4.61234, -7.32523, 0.1035, -7.49135, -1.30635, -6.09292, 5.66615, -7.09586, -3.56255, 1.80918, -0.32022, 13.36965, 11.45272, -7.67482, -1.05914, 0.1736, 1.18735, 4.78014, -5.09666, -1.10691, 6.20955, -0.54787]"
43,sub7,supMAE,1,sub7-c__0114__sit.npy,15,sit,15,0.8387454,1,"[1.62185, -7.1808, -3.00686, -3.3427, 3.35788, -0.51407, -2.57741, -9.28215, -0.96126, -1.97681, -1.05132, -0.93151, 4.91356, -2.06235, -1.80073, 9.57584, -6.53645, 6.0147, -1.49432, 7.52942, 5.77626, 1.49147]"
43,sub7,supMAE,1,sub7-c__0115__stand.npy,17,stand,17,0.9761988,1,"[-0.86549, -7.46255, -3.15006, -1.64649, 2.2933, 0.86661, -5.94143, -5.4455, -3.54197, -0.84083, -1.508, 1.91875, 6.94201, -2.63775, -6.94856, 7.25889, -5.00757, 13.65845, -5.23717, -0.62849, 9.80165, 5.6958]"
43,sub7,supMAE,1,sub7-c__0116__sit.npy,15,sit,15,0.7864096,1,"[2.11458, -6.32971, -1.93706, -2.78831, 1.35466, 0.09267, -4.39957, -8.91254, 0.91228, -2.37752, 0.90011, 0.0577, 4.78844, -2.3387, -0.40707, 8.79765, -8.00593, 5.7318, -3.49413, 6.87328, 5.91227, 2.56265]"
43,sub7,supMAE,1,sub7-c__0117__stand.npy,17,stand,17,0.97407824,1,"[-0.27277, -6.17025, -2.75717, -1.08887, 3.04449, 0.71928, -7.44504, -5.38457, -3.21362, -1.10483, -1.98376, 0.22246, 6.58242, -2.0754, -8.10129, 7.82148, -5.96343, 13.70879, -5.0117, -0.38751, 9.91497, 6.09655]"
43,sub7,supMAE,1,sub7-c__0118__sit.npy,15,sit,15,0.7356427,1,"[1.31194, -6.59077, -2.001, -2.76778, 0.95188, -0.77161, -3.00344, -8.92608, 1.32895, -2.64294, 0.03554, 0.13519, 4.79693, -2.476, -0.05691, 8.75981, -8.36001, 5.73334, -2.78793, 7.24532, 6.06395, 2.65763]"
43,sub7,supMAE,1,sub7-c__0119__stand.npy,17,stand,17,0.97431314,1,"[-0.15104, -6.5914, -3.50738, -1.83056, 3.91355, 0.51085, -7.2061, -5.89977, -4.49058, -0.35371, -2.02013, -0.32773, 6.81353, -1.65563, -8.51665, 7.74735, -4.86195, 13.64071, -4.71862, -0.05655, 9.83709, 4.93902]"
43,sub7,supMAE,1,sub7-c__0120__sit.npy,15,sit,15,0.7654202,1,"[2.40847, -6.87638, -2.99151, -3.17988, 3.15917, -2.94387, -0.27258, -10.25626, -0.67391, -2.76845, -1.5899, -1.87767, 4.14942, -0.79644, -1.18456, 9.81646, -8.23254, 5.00965, 0.33253, 8.56518, 4.78669, -0.02427]"
43,sub7,supMAE,1,sub7-c__0121__stand.npy,17,stand,17,0.9808657,1,"[0.1358, -6.28059, -3.3196, -1.90782, 4.05311, 0.12921, -7.08265, -5.90829, -4.29517, -0.57194, -2.30108, -0.41815, 6.82532, -1.71257, -8.7723, 8.10174, -5.52548, 13.80149, -4.38606, -0.11552, 9.60348, 4.91319]"
43,sub7,supMAE,1,sub7-c__0122__sit.npy,15,sit,15,0.5097157,1,"[2.30895, -7.43661, -2.51638, -3.21472, 2.84012, -2.02138, -0.72257, -10.38109, -0.86218, -2.79995, -0.82634, -1.0991, 4.45461, -1.48608, 0.18535, 8.81359, -7.93003, 4.85882, -0.63569, 8.71624, 4.79172, -0.13569]"
43,sub7,supMAE,1,sub7-c__0123__stand.npy,17,stand,17,0.9800475,1,"[-0.26865, -6.58043, -3.32249, -1.45835, 3.28918, 0.61808, -7.07512, -5.57051, -3.83371, -0.63586, -1.77815, 0.20836, 6.614, -1.89518, -8.11157, 7.66494, -5.29383, 13.79778, -4.7912, -0.44738, 9.73357, 5.37463]"
43,sub7,supMAE,1,sub7-c__0124__sit.npy,15,sit,15,0.9533612,1,"[1.13647, -6.73882, -3.16622, -2.61611, 3.69128, -1.89127, -2.34488, -9.40593, -0.93464, -1.84519, -1.88064, -2.50109, 4.38246, -1.23201, -3.20304, 10.99532, -6.79959, 6.58737, -0.43298, 7.41605, 5.98882, 1.00552]"
43,sub7,supMAE,1,sub7-c__0125__stand.npy,17,stand,17,0.980225,1,"[0.31898, -6.25679, -3.87886, -2.08859, 4.63152, 0.2167, -7.23129, -6.08789, -4.88263, -0.18938, -2.11659, -1.17686, 6.55697, -1.12741, -8.89812, 7.80897, -4.79294, 13.58486, -4.16538, 0.22013, 9.44785, 4.13464]"
43,sub7,supMAE,1,sub7-c__0126__squat.npy,16,squat,16,0.99999607,1,"[-5.46098, 0.49319, -6.44943, 7.65681, 5.63033, 7.94014, -4.14558, 5.01535, -14.22423, 5.70573, 0.9278, -7.71162, -5.9049, 7.21539, -4.85564, -4.92696, 21.28193, -0.62386, 0.06768, -4.57716, -0.87213, -7.91096]"
43,sub7,supMAE,1,sub7-c__0127__squat.npy,16,squat,16,0.9999945,1,"[-5.19097, -0.01339, -6.25701, 8.08554, 5.51679, 7.72002, -4.11196, 4.75514, -15.02726, 5.21907, 1.4721, -7.9311, -5.6519, 8.23285, -5.50341, -5.06229, 21.30455, -0.53568, -0.25195, -4.82931, -0.65165, -8.34465]"
43,sub7,supMAE,1,sub7-c__0128__squat.npy,16,squat,16,0.999997,1,"[-5.60104, -0.01544, -6.34951, 7.62488, 5.99734, 6.03948, -2.81221, 3.76962, -14.18111, 5.29675, 0.89953, -7.71562, -4.9662, 8.035, -5.43386, -4.82742, 21.47643, -0.12946, 0.21289, -5.13103, -0.58367, -7.60979]"
43,sub7,supMAE,1,sub7-c__0129__squat.npy,16,squat,16,0.99999857,1,"[-5.50668, -0.00036, -6.36573, 7.20991, 5.98246, 6.2822, -3.1343, 4.04139, -14.36152, 5.64188, 1.09666, -7.42546, -5.02018, 7.63581, -5.38992, -4.90374, 21.88429, -0.19223, -0.15175, -5.18544, -0.61211, -7.65931]"
43,sub7,supMAE,1,sub7-c__0130__squat.npy,16,squat,16,0.9999989,1,"[-5.57896, -0.6332, -6.5823, 6.54369, 5.98964, 6.46065, -3.07567, 3.9059, -14.47361, 6.06948, 1.13095, -6.78762, -4.67768, 6.85775, -5.04482, -4.7262, 21.73963, -0.01516, -0.33061, -4.88719, -0.55577, -7.86504]"
43,sub7,supMAE,1,sub7-c__0131__pickup.npy,11,pickup,11,0.9943704,1,"[-3.72277, -7.40562, 4.72511, -6.02788, -6.22357, -6.02849, 6.06648, -6.49976, 1.59221, -3.17175, 0.35331, 16.48077, 11.28873, -9.19521, 3.07995, 0.21612, -7.62261, 5.17099, -7.07507, -1.12008, 6.51203, 3.23103]"
43,sub7,supMAE,1,sub7-c__0132__pickup.npy,11,pickup,11,0.9936422,1,"[-3.68396, -6.94296, 5.54259, -5.18197, -6.69313, -6.10563, 5.71552, -6.37213, 2.18353, -4.1259, 0.26107, 16.19285, 11.11459, -8.81065, 3.07958, 0.14486, -8.72491, 5.13749, -7.33531, -1.13369, 6.89338, 4.08344]"
43,sub7,supMAE,1,sub7-c__0133__pickup.npy,11,pickup,11,0.9870063,1,"[-4.0304, -7.43684, 4.47466, -6.2508, -5.53361, -6.12828, 6.24764, -6.53502, 0.53734, -2.84839, -0.15625, 15.98252, 11.63769, -8.96265, 2.13087, 0.21838, -6.38106, 5.18948, -6.88742, -1.16635, 6.75044, 2.89478]"
43,sub7,supMAE,1,sub7-c__0135__pickup.npy,11,pickup,11,0.9953288,1,"[-3.30355, -7.21869, 4.35777, -6.98519, -5.71343, -6.04849, 6.61746, -6.81556, 0.70603, -2.41723, 0.55872, 16.72937, 11.3544, -9.467, 3.8728, -0.38945, -6.00273, 3.95348, -6.87373, -0.66456, 5.33039, 1.97284]"
43,sub7,supMAE,1,sub7-c__0136__pushchair.npy,12,pushchair,11,0.99567765,0,"[-3.9913, -7.43006, 3.18449, -6.88793, -5.0908, -6.33237, 7.75603, -6.77914, -0.24752, -1.86811, 1.04283, 16.51233, 11.0306, -8.57889, 3.46011, -1.32581, -3.06127, 3.66759, -6.68908, -0.83671, 5.38644, 1.12154]"
43,sub7,supMAE,1,sub7-c__0137__pushchair.npy,12,pushchair,11,0.9705876,0,"[-5.2168, -6.97041, 2.28315, -6.24796, -4.01349, -6.29677, 6.05344, -6.57885, -0.96741, -0.65806, -0.13938, 14.70553, 11.19068, -7.96349, 0.67663, -0.14459, -1.83543, 4.71931, -6.44327, -1.35243, 6.66727, 1.39833]"
43,sub7,supMAE,1,sub7-c__0138__pushchair.npy,12,pushchair,11,0.9675234,0,"[-5.01696, -6.89896, 2.36201, -6.70702, -3.63291, -5.90089, 6.08012, -6.09034, -1.86423, -0.43355, -0.23183, 14.88101, 11.4742, -8.03092, 0.44954, -0.74718, -0.87805, 4.52528, -6.54562, -1.74979, 6.50788, 1.42719]"
43,sub7,supMAE,1,sub7-c__0139__pushchair.npy,12,pushchair,11,0.9933647,0,"[-5.0527, -6.90808, 0.92202, -6.70649, -3.42914, -4.82663, 5.79539, -6.04414, -2.22036, 0.89656, 1.0638, 15.4237, 10.39692, -8.14779, 1.33865, -1.53506, 1.51383, 3.48687, -6.37195, -1.56764, 5.38717, 0.06395]"
43,sub7,supMAE,1,sub7-c__0140__pushchair.npy,12,pushchair,11,0.9092795,0,"[-5.0227, -6.47925, -1.60381, -5.8998, -1.45508, -6.42469, 4.42789, -6.45699, -3.44685, 3.5103, 2.11669, 10.89151, 8.49916, -4.82654, -0.38927, -0.81711, 5.10906, 3.7836, -5.51712, -2.95061, 4.71893, -1.40565]"
