seed,subject,method,k,file,true_id,true_label,pred_id,conf,correct,logits
43,sub7,supLP120,0,sub7-a__0001__wave.npy,21,wave,21,0.9999987,1,"[3.80804, -3.14202, -1.75409, 1.48608, -1.69604, -2.31608, -1.14776, 1.10843, 1.98693, 0.40203, -0.28632, -2.87923, -0.75524, -1.53705, 0.21047, -1.91107, -4.3617, -3.35809, 2.74603, -2.91332, 1.35128, 17.93051]"
43,sub7,supLP120,0,sub7-a__0002__wave.npy,21,wave,21,0.9999956,1,"[2.9208, -4.01715, -1.75322, 0.28442, -1.17324, -1.97397, -1.0355, 1.28379, 1.86106, 0.46178, -0.22047, -2.56939, 0.28141, -1.95727, -0.00219, -2.25604, -3.58003, -2.21751, 2.93468, -2.94417, 2.56337, 16.54897]"
43,sub7,supLP120,0,sub7-a__0003__wave.npy,21,wave,21,0.99999785,1,"[1.98305, -3.84753, -1.58631, 0.68671, -1.22353, -2.08701, -1.06254, 2.01105, 2.40434, 0.20914, -0.37798, -2.50377, 0.60544, -2.31516, 0.15435, -1.9578, -3.60635, -2.4257, 2.43984, -3.01157, 2.15389, 16.97981]"
43,sub7,supLP120,0,sub7-a__0004__wave.npy,21,wave,21,0.9999975,1,"[1.12941, -3.54919, -1.78416, 1.19097, -0.41041, -2.22894, -1.91992, 2.45721, 2.86688, 1.04738, -0.12153, -2.58644, 1.02314, -2.90959, 0.27387, -2.2661, -3.11617, -2.88587, 1.8837, -3.74148, 0.61731, 16.82783]"
43,sub7,supLP120,0,sub7-a__0005__wave.npy,21,wave,21,0.99999547,1,"[1.47542, -3.73474, -1.8017, 1.66682, -0.67641, -2.32099, -1.31391, 2.05234, 2.77812, 1.06323, -0.27856, -2.84097, 0.43917, -2.2183, 0.47216, -2.10518, -2.97044, -2.76696, 2.35901, -3.76902, 1.06548, 16.31794]"
43,sub7,supLP120,0,sub7-a__0006__bow.npy,2,bow,2,0.69567174,1,"[-2.60968, -7.13802, 12.71957, -3.49095, -3.75487, -2.54929, 11.88652, -1.22199, -1.059, -5.01327, -2.29236, 3.63214, 3.64565, -5.07241, 3.69523, 1.70826, -2.99286, 6.03661, -2.11953, 2.39244, 5.89367, -2.40879]"
43,sub7,supLP120,0,sub7-a__0007__bow.npy,2,bow,6,0.8103612,0,"[-3.25472, -6.53685, 10.63328, -3.03967, -2.75266, -2.68197, 12.12879, -0.6511, -1.2537, -4.8932, -2.63583, 2.67987, 3.0651, -4.10734, 3.51788, 3.33516, -2.25716, 6.9538, -2.14132, 2.25526, 6.51286, -3.00729]"
43,sub7,supLP120,0,sub7-a__0008__bow.npy,2,bow,2,0.9289876,1,"[-2.58608, -6.82089, 13.7187, -3.40456, -4.19099, -2.34148, 11.13955, -1.45357, -0.43223, -5.3403, -2.48525, 4.4791, 3.2982, -5.56659, 3.96524, 1.90324, -2.68209, 5.74453, -2.36148, 1.63679, 3.95968, -2.1182]"
43,sub7,supLP120,0,sub7-a__0009__bow.npy,2,bow,2,0.5719819,1,"[-3.21217, -7.08881, 12.80746, -3.7211, -3.3973, -2.63432, 12.5134, -1.10552, -1.11395, -5.09719, -2.62519, 3.72987, 3.438, -5.06068, 4.11173, 2.22997, -2.80095, 6.62543, -2.41302, 2.20913, 5.3585, -2.76191]"
43,sub7,supLP120,0,sub7-a__0010__bow.npy,2,bow,2,0.90649736,1,"[-2.48673, -7.12316, 13.92136, -3.55067, -4.35304, -2.37851, 11.64469, -1.5281, -0.27473, -5.77627, -2.58995, 4.79382, 3.05396, -5.78185, 4.69361, 1.87196, -2.65813, 5.68922, -2.48838, 1.33046, 3.071, -2.29535]"
43,sub7,supLP120,0,sub7-a__0011__crossarms.npy,5,crossarms,5,0.99983406,1,"[-3.82145, 4.58888, -2.6428, -0.66321, -0.47802, 15.63268, -2.10677, 6.80236, -1.87259, -2.0424, -1.53156, -2.7044, 0.53861, 1.74346, -3.66691, 1.27384, 1.90866, -0.23917, -0.74289, 0.29497, -0.33139, -2.04607]"
43,sub7,supLP120,0,sub7-a__0012__crossarms.npy,5,crossarms,5,0.993222,1,"[-3.47356, 4.43624, -3.07542, -2.50085, -0.64764, 13.22779, -1.77233, 8.21144, -1.61814, -1.99169, -1.7856, -1.96569, 1.32646, 1.6603, -3.66724, 1.87895, 1.00208, -0.90499, -1.11203, 0.50711, 0.42431, -0.66817]"
43,sub7,supLP120,0,sub7-a__0013__crossarms.npy,5,crossarms,5,0.98606354,1,"[-3.55977, 4.75834, -2.88422, -2.84356, -0.63584, 13.10204, -2.07227, 8.82277, -1.37189, -2.0195, -1.67986, -1.92967, 1.22527, 1.35601, -3.6237, 1.70333, 0.81455, -1.12287, -0.71162, 0.57042, 0.351, -0.93031]"
43,sub7,supLP120,0,sub7-a__0014__crossarms.npy,5,crossarms,5,0.93692917,1,"[-3.68085, 5.33532, -3.06053, -3.75252, -0.45703, 12.69278, -2.28071, 9.98398, -1.2633, -2.06378, -1.98334, -1.74137, 1.59894, 0.85455, -4.04369, 1.4598, 0.9018, -1.61319, -0.43629, 0.42025, 0.41964, -0.60838]"
43,sub7,supLP120,0,sub7-a__0015__crossarms.npy,5,crossarms,5,0.9724087,1,"[-3.63818, 5.26714, -2.77316, -3.10242, -0.43698, 13.25475, -2.28015, 9.67934, -1.51452, -2.20269, -1.64659, -1.75956, 1.2012, 0.84611, -3.70499, 1.34434, 0.64605, -1.63637, -0.34663, 0.67143, 0.16174, -1.10467]"
43,sub7,supLP120,0,sub7-a__0016__airpunch.npy,1,airpunch,18,0.9071728,0,"[-2.1293, 4.41661, -1.55274, 1.93232, -2.43917, 0.21393, -3.12007, -0.35534, 2.5419, -0.59197, -1.30165, -2.08734, -1.85901, 3.65798, -1.317, 4.31396, -0.98332, 1.92, 7.71568, 0.91078, -5.20956, -1.97803]"
43,sub7,supLP120,0,sub7-a__0017__airpunch.npy,1,airpunch,18,0.76323456,0,"[-1.54705, 4.6864, -1.9126, 2.02537, -2.20193, 0.07344, -1.93045, 1.87156, 2.42476, -0.25886, -2.71892, -2.36578, -1.86145, 0.7311, -0.9429, 5.05229, 0.37871, 0.32902, 6.87903, 0.1579, -5.34107, 0.66149]"
43,sub7,supLP120,0,sub7-a__0018__airpunch.npy,1,airpunch,18,0.82492834,0,"[-1.28895, 6.10036, -1.78651, 1.49916, -2.59119, -0.53413, -2.97458, 0.63707, 3.19377, -0.58267, -2.3711, -2.56297, -2.6744, 3.36032, -2.00801, 5.50264, -0.38899, 1.57903, 8.18563, 1.11777, -5.89054, -2.27576]"
43,sub7,supLP120,0,sub7-a__0019__airpunch.npy,1,airpunch,18,0.75159574,0,"[-1.96554, 5.82843, -1.34777, 1.2653, -2.86559, 0.76994, -3.21571, -0.08741, 3.15984, -0.29037, -2.45074, -2.89144, -2.37589, 3.02807, -1.92884, 4.76349, -0.02708, 2.28021, 7.36697, 1.00512, -5.21583, -1.66249]"
43,sub7,supLP120,0,sub7-a__0020__airpunch.npy,1,airpunch,18,0.44153175,0,"[-1.6458, 3.29064, -0.81697, 2.30764, -1.28746, 0.3046, -0.61223, 1.60637, 1.68097, -0.2421, -2.26615, -1.98341, -1.57557, 1.23432, -0.75112, 4.42329, 0.02807, 0.27869, 4.76228, -0.35425, -4.77056, 1.84952]"
43,sub7,supLP120,0,sub7-a__0021__drink.npy,7,drink,7,0.7927857,1,"[-1.03088, -0.3159, 0.00079, 2.19356, -0.77095, 2.01065, 0.86755, 10.37255, -2.56616, -2.07478, -2.85222, 2.15493, 0.4256, 0.62653, -2.07837, 0.66431, -4.48194, -3.81844, 1.57493, -1.75689, 1.54455, 9.0253]"
43,sub7,supLP120,0,sub7-a__0022__drink.npy,7,drink,7,0.9991623,1,"[-1.40209, -0.10716, -0.18752, 0.00198, -1.09647, 2.07867, 0.87015, 12.3525, -3.17777, -2.06498, -2.24837, 3.26392, 1.4902, 1.32988, -2.3361, 2.13834, -3.38455, -3.19535, 0.75484, -2.10544, 1.61574, 4.86642]"
43,sub7,supLP120,0,sub7-a__0023__drink.npy,7,drink,7,0.9989679,1,"[-1.4427, -0.39001, -0.50005, 0.22799, -0.85736, 2.23241, 0.88487, 12.32728, -3.21611, -1.81632, -2.32197, 3.16526, 1.0972, 1.70636, -2.52966, 2.18995, -3.49415, -3.35577, 0.68789, -1.95851, 1.81322, 5.12684]"
43,sub7,supLP120,0,sub7-a__0024__drink.npy,7,drink,7,0.99966824,1,"[-1.33493, -0.47579, -0.7027, 1.44113, -1.07261, 1.92682, 0.69473, 12.52835, -2.90282, -1.7518, -1.44786, 2.95046, 1.55826, 1.6885, -2.21244, 1.57058, -3.31733, -3.30733, 0.8233, -2.47898, 0.9775, 3.61175]"
43,sub7,supLP120,0,sub7-a__0025__drink.npy,7,drink,7,0.99714893,1,"[-1.55459, -0.45466, -0.409, 1.77169, -0.95273, 0.95989, 0.46828, 11.98234, -1.78404, -1.53985, -2.08592, 2.17878, 0.97876, 0.94451, -2.04373, 1.32367, -4.29138, -2.81575, 1.80431, -1.89417, 0.9886, 6.03494]"
43,sub7,supLP120,0,sub7-a__0026__brushteeth.npy,3,brushteeth,21,0.9992611,0,"[-0.44906, -1.93821, -1.06234, 5.17736, 0.63602, 0.00944, -0.43402, 5.27832, -0.08731, -0.56736, -0.87097, -1.23271, 0.18533, -0.62203, -0.16551, -1.47787, -4.07575, -2.85976, 3.06379, -4.09723, -0.42882, 13.21379]"
43,sub7,supLP120,0,sub7-a__0027__brushteeth.npy,3,brushteeth,21,0.9998363,0,"[-0.38703, -2.3904, -0.81203, 1.40897, 0.40262, 0.7054, -0.76996, 5.52257, -0.3757, 0.01172, -0.14158, -0.89747, 0.75916, -0.9973, -1.07558, -1.89657, -4.7568, -2.45786, 2.83674, -3.34649, 0.63473, 14.36946]"
43,sub7,supLP120,0,sub7-a__0028__brushteeth.npy,3,brushteeth,21,0.999788,0,"[-0.32527, -2.47651, -1.26519, 1.70586, 0.01099, 0.41242, -0.65759, 5.41692, -0.17975, -0.22159, -0.03101, -0.93113, 0.92295, -0.54394, -1.06809, -1.85174, -4.86545, -2.38995, 3.00561, -2.97806, 0.8085, 14.0351]"
43,sub7,supLP120,0,sub7-a__0029__brushteeth.npy,3,brushteeth,21,0.9999566,0,"[0.10105, -2.54815, -0.73171, 1.05068, 0.18569, 0.59798, -1.03429, 5.28245, -0.40087, 0.20617, -0.04179, -0.74248, 0.89396, -1.12744, -1.38067, -2.02806, -4.82807, -2.75107, 2.43878, -3.30889, 0.81049, 15.45744]"
43,sub7,supLP120,0,sub7-a__0030__brushteeth.npy,3,brushteeth,21,0.9999902,0,"[0.10207, -2.81935, -1.23283, 1.02034, 0.18951, -0.00827, -1.63062, 4.37797, 0.48909, 0.57507, 0.46635, -1.74648, 0.86612, -1.61652, -1.17138, -2.40048, -4.75619, -2.46925, 2.29065, -3.13429, 0.86034, 16.20115]"
43,sub7,supLP120,0,sub7-a__0031__highfive.npy,8,highfive,18,0.9768341,0,"[-1.77179, 4.36061, -0.1759, 1.12654, -2.88719, -0.2216, -1.35461, 2.4003, 4.12561, -1.23657, -2.64601, -4.07919, -2.30827, -0.62795, 0.2131, 0.08239, -2.4095, 0.41071, 9.05568, -2.94035, -3.64792, 3.73081]"
43,sub7,supLP120,0,sub7-a__0032__highfive.npy,8,highfive,18,0.7383571,0,"[0.40348, 2.70777, -0.43987, 0.25375, -3.22962, -0.2523, -0.0513, 3.70351, 3.23395, -2.69802, -2.97709, -4.2111, -2.77303, -1.41419, -0.18992, 0.39212, -3.31189, -0.16802, 7.90553, -1.77698, -1.24007, 6.76947]"
43,sub7,supLP120,0,sub7-a__0033__highfive.npy,8,highfive,18,0.6716989,0,"[-1.3201, 4.1703, -0.59986, -0.84106, -4.75501, 0.18284, -1.78135, 1.13433, 6.91, -1.87581, -2.82208, -4.15763, -1.52131, -2.65878, 1.36098, -0.58433, -1.36602, 0.49957, 7.74403, -3.565, -3.50673, 3.87725]"
43,sub7,supLP120,0,sub7-a__0034__highfive.npy,8,highfive,21,0.81402117,0,"[2.76203, -1.12568, -0.4798, -1.17286, -4.37402, -2.07012, 0.9955, 1.53433, 4.56618, -2.80443, -1.67178, -3.29073, 0.43369, -3.78918, 1.8367, -1.07535, -1.6449, -0.42347, 4.27804, -3.35886, 1.3375, 6.80424]"
43,sub7,supLP120,0,sub7-a__0035__highfive.npy,8,highfive,8,0.9289768,1,"[0.20018, 1.02905, -0.28342, -1.26207, -6.30213, -1.58945, -1.29192, 1.19746, 8.78554, -2.69554, -2.25851, -3.76354, 1.08931, -5.29432, 2.55638, -1.44366, -0.66894, -0.80352, 5.00214, -4.03707, -0.93311, 5.78283]"
43,sub7,supLP120,0,sub7-a__0036__wave.npy,21,wave,21,0.99997246,1,"[0.35936, -1.00554, -1.07556, 2.43444, -0.3584, -2.09629, -2.33914, 5.01468, 4.06486, 0.68409, -0.10598, -3.59721, -0.00707, -3.94269, 0.4204, -1.83913, -3.03253, -3.44341, 1.89761, -4.24664, -2.99028, 15.9628]"
43,sub7,supLP120,0,sub7-a__0037__wave.npy,21,wave,21,0.99990594,1,"[0.10334, -2.60887, -1.5598, 3.15017, -0.47377, -2.86863, -1.48737, 3.23427, 4.08401, 0.23173, -0.63111, -3.92536, -0.52724, -3.05646, 1.27635, -1.33967, -2.28277, -2.10934, 2.60896, -3.5494, -0.76337, 14.14823]"
43,sub7,supLP120,0,sub7-a__0038__wave.npy,21,wave,21,0.9998685,1,"[-0.33929, -2.48751, -1.4646, 3.19128, -0.85585, -2.88543, -1.64976, 3.59207, 4.49985, -0.07404, -0.49096, -3.74953, 0.28448, -3.1454, 0.98496, -1.81447, -2.69973, -2.32237, 2.79481, -3.51309, -0.7434, 14.1018]"
43,sub7,supLP120,0,sub7-a__0039__wave.npy,21,wave,21,0.9998946,1,"[-0.99357, -1.79333, -1.13694, 3.0036, -0.84964, -2.63106, -2.08576, 4.13387, 4.77593, -0.13223, -0.83541, -3.58338, 0.14328, -3.25505, 0.54091, -1.12388, -2.58858, -1.93535, 2.16602, -3.41585, -1.40371, 14.53453]"
43,sub7,supLP120,0,sub7-a__0040__wave.npy,21,wave,21,0.99998295,1,"[-0.34952, -2.31372, -1.26734, 2.96644, -0.34842, -2.56773, -1.88417, 3.85406, 3.7709, 0.39945, -0.41105, -3.49825, 0.31826, -3.09669, 0.41957, -1.69742, -2.90517, -2.76876, 1.7698, -3.3383, -0.82479, 15.80057]"
43,sub7,supLP120,0,sub7-a__0041__bow.npy,2,bow,2,0.9095519,1,"[-2.8573, -6.88458, 13.79675, -3.98153, -4.18777, -2.14397, 11.47904, -1.47271, -0.35526, -5.66568, -2.72049, 4.73115, 3.2058, -5.88199, 4.36309, 2.17542, -2.3548, 6.50294, -2.62801, 1.45769, 3.3358, -2.20193]"
43,sub7,supLP120,0,sub7-a__0042__bow.npy,2,bow,2,0.538266,1,"[-3.35682, -6.99035, 12.57964, -3.68974, -3.34118, -2.49283, 12.41801, -0.93706, -0.79234, -5.48506, -2.78613, 3.66794, 3.07285, -4.93584, 3.94649, 2.99623, -2.50617, 7.50482, -2.11701, 1.91484, 4.54782, -2.47529]"
43,sub7,supLP120,0,sub7-a__0043__bow.npy,2,bow,2,0.6471324,1,"[-3.26717, -7.03388, 12.72261, -3.49189, -3.79522, -2.4133, 12.1085, -0.98956, -0.5386, -5.5796, -2.54722, 3.88842, 3.39714, -4.87674, 3.92485, 2.56565, -2.54169, 7.05618, -2.08117, 1.63379, 4.43997, -2.35484]"
43,sub7,supLP120,0,sub7-a__0044__bow.npy,2,bow,2,0.7665074,1,"[-3.11072, -6.74142, 12.87365, -3.55626, -3.69553, -2.05442, 11.67622, -1.07939, -0.4545, -5.80536, -2.81547, 4.53914, 2.98408, -5.11361, 3.91402, 3.14677, -2.23421, 6.70766, -2.24486, 1.47784, 3.11369, -2.50355]"
43,sub7,supLP120,0,sub7-a__0045__bow.npy,2,bow,2,0.69901615,1,"[-3.5932, -7.05027, 12.99468, -3.63965, -3.62301, -2.34279, 12.14231, -1.06972, -0.60079, -5.56862, -2.61441, 4.05763, 3.32657, -4.94393, 3.96047, 2.84848, -2.4706, 7.37878, -2.16776, 1.75734, 4.2977, -2.47417]"
43,sub7,supLP120,0,sub7-a__0046__crossarms.npy,5,crossarms,5,0.99142784,1,"[-4.50898, 5.5599, -2.38638, -2.26129, -0.01094, 14.1705, -2.50328, 9.39721, -2.07112, -2.26532, -1.36805, -1.93948, 0.91197, 0.56266, -4.06644, 1.07937, 0.60326, -1.50115, -0.63599, 1.2311, -0.18476, -0.76992]"
43,sub7,supLP120,0,sub7-a__0047__crossarms.npy,5,crossarms,5,0.9858569,1,"[-3.83282, 4.84795, -2.64117, -3.20706, -0.16982, 13.58726, -2.07477, 9.32981, -1.85831, -2.193, -1.76457, -1.64599, 1.17938, 1.01146, -3.62682, 1.66304, 0.80777, -0.92928, -0.28643, 1.37715, 0.11918, -1.33574]"
43,sub7,supLP120,0,sub7-a__0048__crossarms.npy,5,crossarms,5,0.9947988,1,"[-4.28391, 5.15374, -2.72697, -2.50435, 0.13186, 14.36535, -2.06983, 9.0899, -2.30377, -2.30819, -1.88776, -1.57474, 1.09456, 1.06848, -4.00646, 1.69449, 1.2517, -0.96238, -0.65656, 1.27837, -0.072, -2.07407]"
43,sub7,supLP120,0,sub7-a__0049__crossarms.npy,5,crossarms,5,0.9953811,1,"[-4.26911, 4.85233, -2.80079, -2.12073, 0.06018, 14.30661, -1.90554, 8.91341, -2.43688, -2.34571, -1.81781, -1.57659, 1.13513, 1.421, -4.06605, 1.80641, 1.09148, -0.77525, -0.56701, 1.18708, 0.05636, -2.21102]"
43,sub7,supLP120,0,sub7-a__0050__crossarms.npy,5,crossarms,5,0.9960718,1,"[-4.09193, 4.6871, -2.7088, -2.22966, -0.06484, 14.26756, -1.96197, 8.71051, -2.41122, -2.21285, -1.56879, -1.51754, 1.02228, 1.52387, -3.64426, 1.63901, 1.01167, -0.69288, -0.46853, 1.21085, -0.06813, -2.57724]"
43,sub7,supLP120,0,sub7-a__0051__airpunch.npy,1,airpunch,18,0.47222665,0,"[-0.87921, 4.03617, -0.79283, 0.10781, -1.17691, 0.25821, -2.03442, 2.07682, 2.87224, 0.11641, -2.2015, -2.70297, -2.90828, 0.33106, -1.92883, 4.83068, 0.01251, 1.80727, 5.30101, 0.02744, -4.95493, 0.59735]"
43,sub7,supLP120,0,sub7-a__0052__airpunch.npy,1,airpunch,18,0.4045426,0,"[-0.49383, 5.69376, -1.53292, -0.6876, -2.15671, -0.15831, -2.97963, 0.58543, 3.20833, 0.14692, -3.16077, -2.8105, -2.22311, 1.87207, -2.02185, 4.85062, 1.01985, 2.77054, 5.7969, 1.30196, -4.19327, -0.63599]"
43,sub7,supLP120,0,sub7-a__0053__airpunch.npy,1,airpunch,1,0.6085554,1,"[-1.39211, 5.46285, -0.537, 0.47167, -1.2029, 0.9813, -1.47356, 1.22882, 1.69832, -0.4375, -2.25563, -3.73923, -2.85779, 2.33986, -1.93726, 3.25782, -1.16905, 3.01334, 4.31583, 0.85889, -3.86178, 0.6255]"
43,sub7,supLP120,0,sub7-a__0054__airpunch.npy,1,airpunch,18,0.8673262,0,"[-3.00024, 5.95561, -0.23233, -0.03021, -2.11645, 2.92774, -1.79935, 0.74846, 1.02283, 0.05136, -2.71603, -2.93031, -2.08002, 1.81719, -2.84116, 2.2623, -0.54713, 2.1634, 7.96568, 0.87449, -3.78072, -1.59776]"
43,sub7,supLP120,0,sub7-a__0055__airpunch.npy,1,airpunch,18,0.74922943,0,"[-3.01543, 3.90128, 0.61881, 0.74205, -1.34385, 4.372, -0.2474, 0.94261, -0.28084, -0.51347, -2.7533, -2.40406, -2.24531, 1.64558, -2.55703, 2.82348, -1.16269, 2.69445, 6.28001, 1.0342, -3.25211, -0.34228]"
43,sub7,supLP120,0,sub7-a__0056__drink.npy,7,drink,7,0.9984951,1,"[-0.70892, 0.31135, -0.86486, 5.16789, -2.18934, 1.16436, 1.14082, 11.88473, -1.15284, -2.25221, -0.72111, 1.60198, 2.09364, 1.97704, -2.04321, 1.49742, -2.85856, -2.55116, 1.78839, -3.26567, -0.31718, 0.49172]"
43,sub7,supLP120,0,sub7-a__0057__drink.npy,7,drink,7,0.99931765,1,"[-1.6518, 0.26097, -1.45314, 4.08364, -2.09648, 1.36533, 0.97113, 11.96258, -0.67763, -1.90282, -0.65175, 1.52021, 2.61691, 1.974, -2.30009, 1.4447, -2.81322, -2.16802, 1.7781, -2.82264, 0.03077, 0.10014]"
43,sub7,supLP120,0,sub7-a__0058__drink.npy,7,drink,7,0.9992299,1,"[-1.58106, -0.01929, -1.60918, 4.38484, -1.99, 0.96387, 0.85402, 12.02609, -0.52222, -1.7798, -0.39412, 1.28416, 2.79158, 2.01423, -2.26608, 1.34387, -2.79346, -2.47962, 1.91293, -2.86623, 0.04798, 0.17323]"
43,sub7,supLP120,0,sub7-a__0059__drink.npy,7,drink,7,0.99847955,1,"[-1.74909, -0.13691, -1.78453, 4.65054, -1.99852, 0.85794, 0.98228, 11.52932, -0.51286, -1.82467, -0.39394, 1.24209, 2.75261, 2.25563, -2.05928, 1.24299, -2.87353, -2.18673, 2.01325, -2.70093, 0.07053, 0.23215]"
43,sub7,supLP120,0,sub7-a__0060__drink.npy,7,drink,7,0.9957832,1,"[-1.24014, -0.13565, -1.73113, 5.73535, -1.86204, 0.2989, 0.90801, 11.35689, -0.11307, -1.50511, -0.19644, 0.66709, 2.31014, 1.97662, -2.27147, 0.96356, -2.79678, -2.15234, 3.04913, -3.20876, -0.30731, 0.32781]"
43,sub7,supLP120,0,sub7-a__0061__drink.npy,7,drink,7,0.9992435,1,"[-1.36109, -0.03656, -1.19833, 4.31629, -1.98998, 0.53121, 0.9528, 11.98955, -0.46242, -1.8414, -0.58705, 1.276, 2.4813, 1.64953, -2.27251, 1.45792, -3.10027, -2.21168, 2.39321, -2.7439, -0.01246, 0.89651]"
43,sub7,supLP120,0,sub7-a__0062__brushteeth.npy,3,brushteeth,21,0.99982554,0,"[-0.68201, -2.60264, -1.18082, 4.54635, 1.14499, 0.76982, 0.20045, 4.04084, -1.17877, -0.43246, -1.61189, -0.76041, -0.00404, 0.51094, -0.76131, -1.63546, -4.64012, -2.92683, 3.57205, -3.21323, 1.09948, 13.96361]"
43,sub7,supLP120,0,sub7-a__0063__brushteeth.npy,3,brushteeth,21,0.99998975,0,"[-0.81431, -2.70604, -1.21859, 3.40265, 1.29331, 0.34862, -0.86085, 3.62499, 0.02557, 0.41463, -0.99143, -2.15552, -0.31186, -0.4693, -1.04398, -2.02235, -4.80772, -2.40624, 3.03007, -2.73718, 1.12664, 16.12335]"
43,sub7,supLP120,0,sub7-a__0064__brushteeth.npy,3,brushteeth,21,0.9999162,0,"[-1.0974, -2.40993, -0.98626, 3.54434, 1.19059, 0.67688, -0.56761, 4.758, -0.36008, -0.02237, -1.01246, -1.33763, 0.41269, -0.55649, -1.06169, -2.07093, -4.65002, -2.62531, 3.30686, -3.35176, 0.58131, 14.64305]"
43,sub7,supLP120,0,sub7-a__0065__brushteeth.npy,3,brushteeth,21,0.99999475,0,"[-0.47812, -2.5133, -1.13616, 2.81226, 1.10662, 0.32492, -0.73238, 3.76058, 0.12355, 0.37093, -1.03875, -2.00258, -0.32876, -0.53285, -1.14053, -1.95659, -5.00732, -2.72392, 3.1528, -2.67074, 0.9997, 16.73895]"
43,sub7,supLP120,0,sub7-a__0066__brushteeth.npy,3,brushteeth,21,0.99999833,0,"[0.16373, -2.73418, -0.82891, 2.27691, 0.82266, 0.27303, -0.88197, 2.97489, 0.18532, 0.3696, -0.80752, -2.33507, -0.51395, -0.72789, -1.14364, -2.02407, -5.15651, -2.3888, 2.97609, -2.41165, 1.34068, 17.43811]"
43,sub7,supLP120,0,sub7-a__0067__highfive.npy,8,highfive,21,0.804784,0,"[-0.03437, 3.25453, -0.37848, -0.30017, -3.70988, -0.1613, -1.04029, 2.77219, 5.79744, -1.34116, -2.69886, -4.40779, -2.38847, -3.57401, 0.71718, -0.44158, -2.49239, -0.67511, 6.50391, -3.57325, -3.10885, 8.36971]"
43,sub7,supLP120,0,sub7-a__0068__highfive.npy,8,highfive,21,0.8867665,0,"[-0.21442, 4.36973, -1.59643, -1.43852, -5.02795, -0.81036, -2.43871, 2.12057, 8.5164, -1.267, -3.0082, -4.38699, -0.88194, -4.12838, 0.89779, -0.62893, -1.68204, -0.41994, 4.84152, -3.36583, -2.75347, 10.61772]"
43,sub7,supLP120,0,sub7-a__0069__highfive.npy,8,highfive,21,0.7394577,0,"[1.18176, 1.66339, -0.52724, -1.96499, -6.57261, -1.45554, -1.36793, 1.05784, 9.22419, -1.84417, -1.84105, -3.77609, 0.70242, -5.81391, 2.88785, -1.77623, -1.27903, -1.12269, 3.05782, -4.52067, -1.39706, 10.27278]"
43,sub7,supLP120,0,sub7-a__0070__highfive.npy,8,highfive,21,0.89007777,0,"[0.83198, 2.1508, -1.30661, -1.41832, -7.00362, -1.71978, -2.02524, 0.29736, 9.91128, -2.07724, -2.09419, -4.01403, 1.52757, -5.41108, 1.84218, -1.30661, -1.58141, -1.071, 3.20536, -4.23463, -0.59432, 12.00531]"
43,sub7,supLP120,0,sub7-a__0071__highfive.npy,8,highfive,21,0.9924799,0,"[0.4089, 0.77815, -0.20773, -1.47298, -5.25077, -0.97188, -0.51412, 1.59073, 7.20325, -1.88006, -2.47167, -4.71032, 0.25634, -4.52899, 0.75596, -1.65122, -3.1334, -1.03911, 4.48402, -3.5089, 1.94675, 12.16492]"
43,sub7,supLP120,0,sub7-a__0072__wave.npy,21,wave,21,0.99999785,1,"[1.57625, -1.32285, -1.48117, 2.14163, 0.16374, -1.81874, -1.99446, 2.19261, 3.42487, 1.72771, 0.3594, -4.74087, -0.98636, -3.49459, 1.18673, -2.28357, -3.07075, -3.00966, 1.59282, -4.26807, -2.60399, 17.31865]"
43,sub7,supLP120,0,sub7-a__0073__wave.npy,21,wave,21,0.99998915,1,"[2.56718, -1.89745, -1.70671, 2.63803, -0.95884, -2.55767, -1.29387, 2.07951, 3.40851, 0.55962, -0.24026, -4.25439, -1.26484, -2.39217, 1.29014, -2.37707, -3.67765, -3.2341, 3.43366, -3.61874, -1.21642, 16.07221]"
43,sub7,supLP120,0,sub7-a__0074__wave.npy,21,wave,21,0.99999094,1,"[1.38172, -1.92608, -1.20232, 3.12965, -0.59963, -1.97114, -1.41227, 2.02703, 3.13723, 0.38328, -0.17813, -4.09275, -1.20563, -2.42911, 1.06574, -2.7266, -3.95026, -2.88396, 3.68465, -3.33559, -1.02542, 16.25627]"
43,sub7,supLP120,0,sub7-a__0075__wave.npy,21,wave,21,0.9999845,1,"[1.87351, -2.53928, -1.39511, 2.05385, -0.69235, -2.01709, -0.94383, 1.146, 2.78499, 0.75611, -0.012, -4.29304, -1.12485, -2.09381, 1.55454, -3.06532, -3.6868, -2.27917, 3.79584, -3.44143, 0.26417, 15.55682]"
43,sub7,supLP120,0,sub7-a__0076__wave.npy,21,wave,21,0.99998593,1,"[1.00137, -2.46914, -1.35385, 2.60356, -0.22633, -1.88806, -1.29631, 1.5624, 3.11058, 0.74082, -0.10368, -4.15712, -1.04321, -2.28845, 1.31541, -2.98984, -3.73125, -2.19939, 3.93353, -3.38094, -0.39474, 15.82197]"
43,sub7,supLP120,0,sub7-a__0077__bow.npy,2,bow,2,0.5570052,1,"[-3.46123, -6.88932, 12.63547, -3.62976, -3.06391, -2.50614, 12.3997, -0.88717, -0.9444, -5.48599, -2.89982, 3.68084, 2.94149, -4.76246, 3.84649, 3.12209, -2.6418, 7.25606, -2.20384, 2.08819, 4.4946, -2.78738]"
43,sub7,supLP120,0,sub7-a__0078__bow.npy,2,bow,2,0.695352,1,"[-3.51466, -7.02733, 12.95747, -3.74262, -3.29773, -2.49622, 12.12288, -0.9585, -0.86966, -5.4679, -2.58805, 3.80931, 3.21603, -4.85123, 3.81149, 2.66367, -2.56617, 7.30422, -2.29534, 1.93205, 4.60614, -2.59418]"
43,sub7,supLP120,0,sub7-a__0079__bow.npy,2,bow,2,0.87727535,1,"[-2.97959, -6.85488, 13.54364, -3.60739, -4.01081, -2.15278, 11.56835, -1.42369, -0.25121, -5.8469, -2.91954, 4.61695, 2.66151, -5.53707, 4.52828, 2.74327, -2.32249, 6.47323, -2.41879, 1.47854, 2.77707, -2.56973]"
43,sub7,supLP120,0,sub7-a__0080__bow.npy,2,bow,2,0.52630395,1,"[-3.79469, -6.91761, 12.52208, -3.53942, -3.34989, -2.46876, 12.40807, -0.85225, -0.66944, -5.61648, -2.83147, 3.83685, 3.0105, -4.8912, 4.11619, 3.25082, -2.38375, 7.54834, -2.14722, 1.87972, 4.36674, -2.65119]"
43,sub7,supLP120,0,sub7-a__0081__bow.npy,2,bow,2,0.58719814,1,"[-3.63643, -6.82348, 12.46786, -3.27284, -3.43516, -2.30629, 12.10461, -0.90741, -0.50609, -5.74031, -2.82938, 3.92857, 2.98406, -4.72438, 4.00052, 3.40362, -2.33822, 7.47633, -2.04642, 1.55784, 3.81216, -2.58053]"
43,sub7,supLP120,0,sub7-a__0082__crossarms.npy,5,crossarms,5,0.9976927,1,"[-4.05615, 6.28442, -2.12448, -2.56154, -0.39184, 15.11065, -2.72437, 8.97333, -1.54315, -1.98792, -2.00281, -2.31152, 0.65197, -0.09672, -4.18427, 1.36925, 1.79249, -1.45744, -0.42006, 0.95393, -0.92301, -1.38628]"
43,sub7,supLP120,0,sub7-a__0083__crossarms.npy,5,crossarms,5,0.9971234,1,"[-3.32165, 4.13009, -2.56763, -1.96171, -0.18512, 14.07639, -1.84976, 8.20483, -2.22606, -2.14919, -1.63442, -1.54847, 0.78145, 1.5876, -3.70331, 2.02061, 1.20529, -0.87715, -0.45607, 0.72734, -0.08083, -2.5035]"
43,sub7,supLP120,0,sub7-a__0084__crossarms.npy,5,crossarms,5,0.9966916,1,"[-3.76206, 4.76288, -2.84441, -1.9248, 0.06329, 14.61656, -2.05257, 8.88977, -2.33388, -2.34386, -1.80516, -1.45335, 1.02455, 1.24743, -4.03428, 1.63331, 1.39562, -1.29412, -0.61929, 0.65822, -0.37844, -2.21816]"
43,sub7,supLP120,0,sub7-a__0085__crossarms.npy,5,crossarms,5,0.9945861,1,"[-3.8299, 5.10158, -2.86753, -2.23025, 0.05994, 14.41979, -2.1814, 9.18779, -2.17757, -2.28027, -1.81885, -1.61592, 1.02025, 1.03189, -4.02918, 1.58619, 1.22728, -1.49318, -0.73382, 0.74521, -0.399, -1.55023]"
43,sub7,supLP120,0,sub7-a__0086__crossarms.npy,5,crossarms,5,0.98380923,1,"[-3.75842, 4.84513, -2.93357, -2.63759, -0.23823, 13.38633, -1.7788, 9.26523, -1.98932, -2.26206, -1.89229, -1.40215, 1.15905, 1.3869, -3.83833, 1.96543, 0.88923, -1.32498, -0.4671, 0.85274, -0.14703, -1.53246]"
43,sub7,supLP120,0,sub7-a__0087__crossarms.npy,5,crossarms,5,0.99170226,1,"[-3.77761, 4.87974, -2.87781, -2.02444, 0.20597, 14.09209, -2.02049, 9.2949, -2.45839, -2.18685, -1.68832, -1.46057, 1.11286, 1.0822, -4.17601, 1.36278, 1.30174, -1.81798, -0.74936, 0.33594, -0.20589, -1.32227]"
43,sub7,supLP120,0,sub7-a__0088__airpunch.npy,1,airpunch,18,0.79468197,0,"[-2.90933, 6.79935, -0.77402, 0.57694, -2.78746, 1.38014, -3.75703, 0.28034, 2.79236, 0.08122, -2.23796, -2.36115, -2.24781, 2.60396, -1.97498, 3.76807, -0.12291, 2.42032, 8.25583, 1.06369, -5.33549, -2.63534]"
43,sub7,supLP120,0,sub7-a__0089__airpunch.npy,1,airpunch,18,0.5869513,0,"[-1.24032, 5.99918, -0.83428, 0.6734, -2.94166, 0.57791, -2.42887, 0.08686, 2.59735, -0.60537, -2.43799, -2.9616, -2.51045, 2.96322, -2.43766, 5.22737, -0.82528, 2.60428, 6.82282, 1.28886, -4.91196, -2.48402]"
43,sub7,supLP120,0,sub7-a__0090__airpunch.npy,1,airpunch,18,0.54039866,0,"[-2.24613, 7.04861, -0.60572, 0.87649, -2.69722, 1.97274, -2.84085, 0.79114, 2.28192, 0.05151, -3.35992, -2.96422, -1.93825, 2.00553, -2.75826, 3.96213, 0.13706, 1.7774, 7.28793, 0.54704, -4.88349, -2.31391]"
43,sub7,supLP120,0,sub7-a__0091__airpunch.npy,1,airpunch,1,0.47368753,1,"[-2.41217, 6.99943, -0.35106, 0.26947, -2.33253, 1.43201, -2.7277, 0.6722, 2.99961, 0.16529, -3.46696, -2.943, -2.75436, 1.91316, -1.90906, 4.9795, 0.32876, 3.03394, 6.91925, 0.58856, -5.42493, -2.30474]"
43,sub7,supLP120,0,sub7-a__0092__airpunch.npy,1,airpunch,18,0.7377961,0,"[-2.76301, 7.59404, -0.35321, 0.82941, -2.68196, 2.11955, -2.87975, 0.63779, 2.41473, 0.10503, -3.4418, -2.85226, -2.38274, 2.10749, -2.36286, 4.3077, 0.17664, 2.59418, 8.68943, 0.41507, -5.36002, -3.18923]"
43,sub7,supLP120,0,sub7-a__0093__drink.npy,7,drink,7,0.9976941,1,"[-0.60401, 0.91646, -0.99572, 5.78487, -1.36838, -0.33723, -0.44346, 11.94194, -0.28992, -1.00376, -0.09724, 0.75558, 1.53286, 0.94521, -1.90105, 1.12736, -2.98135, -2.10919, 1.84346, -3.86777, -1.53295, 1.18022]"
43,sub7,supLP120,0,sub7-a__0094__drink.npy,7,drink,7,0.9984471,1,"[-1.45275, 0.27694, -1.02218, 5.29528, -0.85575, -0.38379, -0.2623, 12.08203, 0.08768, -1.26943, -0.55217, 0.14791, 1.42548, 0.64508, -2.10807, 0.55304, -3.73664, -2.52694, 2.95784, -3.29592, -1.04131, 3.70806]"
43,sub7,supLP120,0,sub7-a__0095__drink.npy,7,drink,7,0.99635714,1,"[-1.26014, -0.32847, -1.64014, 5.44337, -1.57015, -0.08527, 0.51094, 11.27506, -0.18614, -1.46331, -0.35531, 0.63356, 2.10458, 1.59177, -1.99497, 0.17585, -3.75993, -2.7157, 2.97541, -2.94064, -0.2881, 2.66929]"
43,sub7,supLP120,0,sub7-a__0096__drink.npy,7,drink,7,0.99567115,1,"[-1.24902, -0.19239, -1.29058, 5.45375, -2.05473, -0.38702, 0.88589, 11.11652, 0.26957, -1.3849, -0.03663, 0.53071, 2.50639, 1.6489, -1.70453, 0.55999, -3.03784, -2.29404, 3.27907, -3.59689, -0.70762, 1.22179]"
43,sub7,supLP120,0,sub7-a__0097__drink.npy,7,drink,7,0.98913807,1,"[-1.26874, -0.10332, -1.13238, 6.39484, -1.26217, -0.94029, 0.36477, 11.05003, 0.54292, -1.3115, -0.2378, -0.21432, 1.54713, 1.04798, -1.65641, 0.50039, -3.4781, -2.24064, 3.99579, -3.6131, -1.30951, 3.0479]"
43,sub7,supLP120,0,sub7-a__0098__brushteeth.npy,3,brushteeth,21,0.9999285,0,"[0.44388, -2.47845, -1.40874, 4.49933, 0.53822, 0.21973, -0.04725, 2.73661, -0.93912, -0.83736, -1.31895, -1.51455, -0.35445, 0.39156, -0.33852, -1.37217, -4.61669, -2.57413, 3.76735, -2.96165, 1.18634, 14.63481]"
43,sub7,supLP120,0,sub7-a__0099__brushteeth.npy,3,brushteeth,21,0.9995315,0,"[-0.4366, -2.4967, -1.38015, 5.26766, 0.65697, 0.03325, -0.18574, 4.15023, -0.58054, -0.73966, -1.10136, -1.38278, 0.00786, 0.69665, -0.50214, -1.62211, -4.58166, -2.56326, 3.74851, -2.89602, 1.01368, 13.4116]"
43,sub7,supLP120,0,sub7-a__0100__brushteeth.npy,3,brushteeth,21,0.9999776,0,"[-0.3371, -2.54575, -1.03943, 3.01357, 1.12319, -0.12245, -1.00545, 4.03239, 0.06666, 0.56459, -0.62986, -2.19975, -0.23811, -0.818, -0.82119, -2.15161, -4.75633, -2.43608, 3.45181, -3.28914, 0.55674, 15.50145]"
43,sub7,supLP120,0,sub7-a__0101__brushteeth.npy,3,brushteeth,21,0.9999473,0,"[-0.74898, -2.357, -1.20787, 3.70884, 1.28861, 0.51981, -0.47833, 4.33443, -0.43822, -0.46268, -1.25924, -1.52741, -0.1017, -0.2586, -0.75289, -1.56583, -4.64459, -2.44352, 3.07863, -2.91789, 0.57676, 14.87297]"
43,sub7,supLP120,0,sub7-a__0102__brushteeth.npy,3,brushteeth,21,0.9999862,0,"[0.10734, -2.21943, -1.00264, 3.61089, 0.58917, -0.10321, -0.61514, 3.62151, 0.22593, -0.2102, -0.80973, -2.10528, -0.31606, -0.60642, -0.32132, -2.0577, -4.75563, -2.83109, 3.39839, -2.96463, 0.50791, 15.93192]"
43,sub7,supLP120,0,sub7-a__0103__highfive.npy,8,highfive,8,0.83041704,1,"[1.33565, 1.96781, -1.56551, -0.58247, -5.23467, -1.31271, -0.90976, 0.11633, 6.49348, -2.03673, -1.28548, -4.20704, -1.66677, -2.05151, 2.97053, 0.85894, 0.03529, 0.04391, 4.47536, -3.51433, -2.57025, 2.17565]"
43,sub7,supLP120,0,sub7-a__0104__highfive.npy,8,highfive,18,0.9749997,0,"[-1.12021, 3.28366, 0.34108, 0.36695, -3.59142, 0.09717, -0.28546, 3.24919, 4.9389, -1.89027, -3.76741, -3.80713, -2.15484, -3.0201, 0.03185, -0.01991, -2.18644, -0.16524, 9.30344, -3.29012, -3.22597, 4.39327]"
43,sub7,supLP120,0,sub7-a__0105__highfive.npy,8,highfive,18,0.9110971,0,"[-0.24748, 1.40076, -0.44516, 0.26829, -4.89403, -0.18859, 0.27172, 0.35341, 5.49419, -1.81041, -2.55734, -3.1171, -1.07498, -2.05992, 2.95346, -0.72377, -0.85153, 0.15303, 7.95868, -4.00928, -2.31062, 1.208]"
43,sub7,supLP120,0,sub7-a__0106__highfive.npy,8,highfive,18,0.983001,0,"[-1.54483, 2.27481, -0.29612, 1.84391, -3.76244, -0.2782, 0.48754, 2.26685, 5.04809, -1.94819, -3.4425, -3.65232, -1.92132, -1.6264, 0.93081, 0.10486, -1.93354, 0.21291, 9.46851, -3.77865, -2.81181, 3.50931]"
43,sub7,supLP120,0,sub7-a__0107__highfive.npy,8,highfive,18,0.8558845,0,"[0.07845, 1.66511, -0.36633, 0.36812, -5.14537, -0.67594, -0.10978, 1.1594, 6.4469, -2.43241, -3.00525, -3.65959, -1.40996, -3.0281, 2.05127, -0.63177, -1.32253, -0.09785, 8.29361, -3.35414, -2.21802, 2.96005]"
43,sub7,supLP120,0,sub7-a__0108__highfive.npy,8,highfive,18,0.9582949,0,"[0.63462, 2.54378, -0.6229, 0.6112, -4.98182, -0.82228, 0.41227, 2.0755, 5.60986, -2.81723, -3.44395, -3.50534, -1.6475, -2.64168, 0.81346, -0.10325, -2.26583, -0.42771, 8.96213, -2.95823, -2.26937, 3.55719]"
43,sub7,supLP120,0,sub7-a__0109__wave.npy,21,wave,21,0.9999912,1,"[1.27423, -1.33227, -1.74924, 2.37501, 0.85711, -2.08388, -1.62887, 2.05751, 3.09883, 2.16791, 0.1898, -5.12244, -1.40585, -3.23398, 1.84507, -1.97537, -2.38405, -2.51823, 1.66551, -4.45926, -2.96456, 15.88218]"
43,sub7,supLP120,0,sub7-a__0110__wave.npy,21,wave,21,0.9999596,1,"[0.22503, -2.15818, -1.22203, 3.61425, -0.4118, -2.05739, -0.93604, 1.87453, 3.15279, 0.68071, -0.37418, -4.01629, -0.90875, -2.25948, 1.35893, -2.40897, -3.27555, -2.13674, 3.77342, -3.52276, -0.96077, 14.91372]"
43,sub7,supLP120,0,sub7-a__0111__wave.npy,21,wave,21,0.9999478,1,"[0.6758, -2.1025, -1.25474, 3.53405, -0.71408, -2.19067, -0.80279, 1.79817, 2.97215, 0.26712, -0.47247, -3.90534, -1.11371, -1.94078, 1.27605, -2.42165, -3.53658, -2.12482, 4.11629, -3.09102, -0.49601, 14.74056]"
43,sub7,supLP120,0,sub7-a__0112__wave.npy,21,wave,21,0.9998746,1,"[0.98251, -2.46774, -1.88914, 4.18525, 0.09099, -2.45154, -0.8168, 2.03627, 2.61134, 0.53464, -0.56688, -4.40693, -1.48894, -1.91501, 1.27124, -2.41057, -3.17313, -2.09333, 4.45564, -3.49244, -0.62945, 14.20285]"
43,sub7,supLP120,0,sub7-a__0113__wave.npy,21,wave,21,0.9999713,1,"[0.77958, -1.80104, -1.2666, 4.05721, -0.20205, -2.11578, -1.23752, 2.63383, 2.9763, 0.43462, -0.26284, -4.16183, -1.06799, -2.68029, 1.06152, -2.3687, -3.38062, -2.76948, 3.40551, -3.71067, -1.66406, 15.33492]"
43,sub7,supLP120,0,sub7-a__0114__bow.npy,2,bow,2,0.79842484,1,"[-3.01932, -6.68225, 13.23014, -3.85078, -3.58834, -2.51363, 11.84816, -1.14167, -0.51712, -5.67576, -3.05286, 4.57518, 2.68781, -5.18159, 4.16612, 2.63012, -2.59767, 6.3322, -2.13259, 1.52567, 2.54381, -2.84432]"
43,sub7,supLP120,0,sub7-a__0115__bow.npy,2,bow,6,0.50572467,0,"[-3.55506, -6.36541, 11.48726, -3.2948, -2.7111, -2.56208, 11.53363, -0.84214, -0.97233, -4.9173, -2.63857, 2.90242, 2.92733, -4.47986, 3.73394, 3.20052, -2.14245, 7.6187, -2.49341, 1.76242, 5.1263, -3.06743]"
43,sub7,supLP120,0,sub7-a__0116__bow.npy,2,bow,2,0.62563115,1,"[-3.12457, -6.52966, 12.33187, -3.47517, -3.31713, -2.28353, 11.80841, -1.08435, -0.85624, -4.73642, -2.77996, 3.49594, 2.77268, -5.02679, 3.91207, 3.2816, -2.41768, 7.01392, -2.50304, 1.90012, 4.57016, -3.08204]"
43,sub7,supLP120,0,sub7-a__0117__bow.npy,2,bow,2,0.60910374,1,"[-3.62601, -6.5371, 12.4568, -3.5021, -3.18658, -2.26045, 11.99972, -1.0557, -0.68276, -5.06961, -2.98906, 3.65517, 2.6462, -5.0766, 4.13524, 3.63241, -2.228, 7.60045, -2.4275, 1.7292, 4.04384, -3.08001]"
43,sub7,supLP120,0,sub7-a__0118__bow.npy,2,bow,2,0.65499187,1,"[-3.76414, -6.83238, 12.92867, -3.61139, -3.14935, -2.51076, 12.28033, -0.91428, -0.89215, -5.24224, -2.74974, 3.85173, 2.85392, -5.06708, 4.16631, 3.15077, -2.55295, 7.20864, -2.37525, 1.83709, 4.13332, -2.92587]"
43,sub7,supLP120,0,sub7-a__0119__crossarms.npy,5,crossarms,5,0.99914336,1,"[-3.88826, 6.35434, -2.26567, -1.85899, 0.06626, 15.60326, -2.5184, 8.41863, -2.09579, -1.53383, -1.90376, -1.77258, 0.13192, 0.09362, -3.31737, 0.56682, 1.96684, -2.51687, -1.1234, 1.05106, -2.55754, -0.79008]"
43,sub7,supLP120,0,sub7-a__0120__crossarms.npy,5,crossarms,5,0.9902823,1,"[-3.87462, 4.99468, -2.65411, -2.49529, 0.22191, 14.12074, -2.32263, 9.48422, -2.22406, -2.22922, -1.70903, -1.41971, 1.11236, 0.7388, -4.09467, 1.12195, 1.10244, -1.91587, -0.61072, 0.92295, -0.40245, -1.07603]"
43,sub7,supLP120,0,sub7-a__0121__crossarms.npy,5,crossarms,5,0.98971087,1,"[-4.03816, 4.7085, -2.82729, -2.30906, 0.2323, 13.87594, -2.06187, 9.29774, -2.37834, -2.19461, -1.63619, -1.28062, 1.10109, 1.30896, -4.12974, 1.23386, 0.79177, -1.6243, -0.57538, 1.04068, -0.0812, -1.12796]"
43,sub7,supLP120,0,sub7-a__0122__crossarms.npy,5,crossarms,5,0.97386336,1,"[-4.05267, 4.7939, -2.75221, -2.98862, 0.25813, 13.39874, -2.02481, 9.77297, -2.3279, -2.03014, -1.63993, -0.98361, 1.15711, 0.91835, -3.95534, 0.98772, 0.6354, -1.981, -0.63967, 0.97404, -0.20283, -0.81328]"
43,sub7,supLP120,0,sub7-a__0123__crossarms.npy,5,crossarms,5,0.99450856,1,"[-3.99623, 4.6666, -2.53209, -1.41578, 0.17466, 14.19157, -1.92289, 8.977, -2.59656, -2.34885, -1.63077, -1.26842, 1.17366, 0.96546, -4.2118, 1.02328, 0.99628, -2.01315, -0.70654, 0.58171, -0.18726, -0.79359]"
43,sub7,supLP120,0,sub7-a__0124__airpunch.npy,1,airpunch,18,0.5187052,0,"[-1.87843, 6.46361, -0.59345, 0.13602, -2.26974, 0.14389, -3.65018, 0.45995, 3.88343, 0.52385, -2.58049, -3.10454, -3.06291, 2.67999, -1.71967, 5.41221, 0.13635, 2.66096, 6.9351, 0.96563, -5.94418, -2.47894]"
43,sub7,supLP120,0,sub7-a__0125__airpunch.npy,1,airpunch,1,0.46169242,1,"[-3.48092, 6.51071, 0.10455, 0.47859, -1.67051, 1.88577, -2.96918, 1.07916, 3.35348, 1.06776, -3.0996, -3.37906, -3.3986, 2.09885, -1.70165, 4.66816, -0.15564, 2.95975, 6.40062, 0.84, -5.90492, -1.66798]"
43,sub7,supLP120,0,sub7-a__0126__airpunch.npy,1,airpunch,1,0.6242988,1,"[-2.57375, 8.51332, -1.26353, 1.11957, -3.3968, 1.52865, -3.67119, 0.07607, 3.28718, 0.34246, -3.53819, -3.10852, -2.38587, 3.04363, -1.72593, 4.07306, 0.72168, 2.36065, 7.96048, 0.58497, -5.58607, -3.20504]"
43,sub7,supLP120,0,sub7-a__0127__airpunch.npy,1,airpunch,1,0.81322014,1,"[-1.83439, 7.57133, -1.05522, 0.59449, -2.49062, 0.90671, -2.8875, 0.40765, 2.33174, 0.34016, -3.14489, -3.34542, -1.84752, 2.85164, -1.71596, 3.91492, 0.15171, 2.27324, 5.84824, 0.80212, -4.687, -1.51554]"
43,sub7,supLP120,0,sub7-a__0128__airpunch.npy,1,airpunch,1,0.5865511,1,"[-1.73987, 8.01244, -1.25, 0.62669, -3.1024, 1.11682, -3.14363, 0.19481, 2.55451, 0.07798, -3.85585, -3.62471, -2.56005, 2.41775, -1.69994, 4.56595, 1.02823, 2.59475, 7.5911, 0.88689, -4.96118, -2.27643]"
43,sub7,supLP120,0,sub7-a__0129__airpunch.npy,1,airpunch,18,0.61374557,0,"[-2.35932, 6.6857, -0.7234, 0.38215, -2.78615, 1.72048, -2.89677, 0.71785, 2.28271, -0.01122, -3.47709, -2.75741, -2.32623, 1.54614, -2.15756, 4.74497, 0.10884, 2.07098, 7.3245, 1.4072, -5.09381, -2.2305]"
43,sub7,supLP120,0,sub7-a__0130__drink.npy,7,drink,7,0.9989219,1,"[-0.92604, 1.31413, -0.87358, 5.22018, -1.48447, -0.13351, -0.56467, 12.21214, 0.11501, -0.93397, -0.05715, 0.5778, 1.47263, 0.69665, -2.07445, 0.9559, -2.94629, -2.116, 2.27714, -3.84459, -1.87423, 0.95619]"
43,sub7,supLP120,0,sub7-a__0131__drink.npy,7,drink,7,0.9993018,1,"[-1.06966, -0.04225, -1.16966, 4.79388, -1.99642, -0.33124, 0.3544, 12.46751, -0.17653, -1.97055, -0.43633, 0.925, 1.84991, 1.37277, -1.97284, 1.13924, -3.71949, -2.50882, 3.47232, -2.7389, -0.31002, 1.78775]"
43,sub7,supLP120,0,sub7-a__0132__drink.npy,7,drink,7,0.99955255,1,"[-1.35794, 0.34717, -0.93989, 4.07264, -1.875, -0.1143, 0.45097, 12.48355, -0.12525, -1.3726, -0.4974, 1.10783, 2.25632, 0.83287, -2.19733, 0.53626, -3.44685, -2.68631, 3.3684, -3.32348, -0.65509, 1.89477]"
43,sub7,supLP120,0,sub7-a__0133__drink.npy,7,drink,7,0.99991727,1,"[-1.58691, 0.65731, -0.80849, 2.01482, -1.43781, 0.23938, -0.26061, 13.57584, -0.29926, -1.58349, -1.1789, 1.24478, 1.75297, 0.33094, -2.57604, 1.07743, -4.11323, -2.26741, 2.5312, -2.3113, -0.07992, 3.18443]"
43,sub7,supLP120,0,sub7-a__0134__drink.npy,7,drink,7,0.9959473,1,"[-1.09307, -0.42039, -1.71764, 5.44551, -1.75645, -0.70442, 0.49665, 11.25188, 0.09552, -1.25656, 0.01401, 0.41075, 2.04479, 1.75185, -2.14347, 0.25144, -3.80406, -2.38374, 3.97628, -2.80674, -0.15424, 1.62495]"
43,sub7,supLP120,0,sub7-a__0135__drink.npy,7,drink,7,0.9993011,1,"[-1.15342, -0.17439, -1.55288, 4.46429, -1.80546, -0.19587, 0.49495, 12.19554, -0.31864, -1.52953, -0.47013, 1.01607, 1.75927, 1.65914, -2.18711, 0.88474, -3.82067, -2.33789, 3.12034, -2.49613, 0.02385, 1.74946]"
43,sub7,supLP120,0,sub7-a__0136__brushteeth.npy,3,brushteeth,21,0.99992,0,"[0.39648, -2.11023, -1.05284, 4.96754, 0.26933, -0.72136, -0.168, 2.57729, 0.59541, -0.60199, -0.75021, -2.8768, -0.51345, -1.28949, 1.05023, -2.54168, -4.41417, -2.37418, 3.82048, -3.56754, 0.02363, 14.8027]"
43,sub7,supLP120,0,sub7-a__0137__brushteeth.npy,3,brushteeth,21,0.99998236,0,"[-0.16734, -2.59695, -1.01972, 1.63229, 0.74345, -0.15887, -1.6157, 4.23025, 0.60961, 0.56851, 0.14138, -2.37218, 0.2336, -1.50075, -1.27823, -2.44905, -5.14717, -2.27405, 3.12439, -3.02113, 0.49286, 15.64694]"
43,sub7,supLP120,0,sub7-a__0138__brushteeth.npy,3,brushteeth,21,0.9999945,0,"[0.61139, -2.34773, -0.95753, 2.71977, 0.30617, -0.55161, -0.96165, 3.27119, 0.77394, 0.19446, -0.36249, -2.68051, -0.29116, -1.25493, -0.38031, -2.5384, -5.07478, -2.72705, 3.42031, -2.76456, 0.75587, 16.55698]"
43,sub7,supLP120,0,sub7-a__0139__brushteeth.npy,3,brushteeth,21,0.99992716,0,"[1.20018, -2.15987, -1.38526, 4.73303, -0.05612, -1.45658, -0.45714, 2.75561, 1.08248, -0.53921, -0.49791, -3.16598, -0.56292, -1.26181, 0.89202, -2.33211, -4.37876, -2.53323, 3.96642, -3.36927, -0.01498, 14.80861]"
43,sub7,supLP120,0,sub7-a__0140__brushteeth.npy,3,brushteeth,21,0.9999851,0,"[1.13998, -2.22275, -1.25819, 3.45822, 0.17757, -0.87837, -0.65699, 3.07567, 0.61887, -0.23947, -0.52233, -2.75608, -0.34107, -1.03701, -0.02149, -2.36286, -4.90049, -2.78179, 3.67123, -2.89223, 0.73362, 15.77919]"
43,sub7,supLP120,0,sub7-a__0141__highfive.npy,8,highfive,18,0.96634597,0,"[-0.4939, 3.40022, -1.38465, 0.43137, -4.39625, -0.51427, -0.65807, 0.2633, 5.95616, -1.40071, -2.5811, -3.85696, -2.27167, -1.1501, 2.60226, 0.52239, -0.70028, 0.6026, 9.44464, -3.61112, -4.257, -0.01977]"
43,sub7,supLP120,0,sub7-a__0142__highfive.npy,8,highfive,18,0.9949344,0,"[-2.40355, 3.43324, 0.06288, 0.39451, -3.87038, -0.02849, -0.36203, 2.5296, 5.7342, -2.15995, -3.73525, -3.79377, -1.90985, -2.12932, 0.39526, -0.20937, -2.02057, 0.36178, 11.20865, -3.09691, -3.50436, 2.64514]"
43,sub7,supLP120,0,sub7-a__0143__highfive.npy,8,highfive,8,0.62879074,1,"[-0.73316, 4.07796, -1.18986, -1.22018, -6.2128, -0.06992, -2.27619, 0.28288, 8.4652, -2.38763, -2.91827, -3.83459, -1.12256, -2.99696, 2.31473, -0.52461, -0.27154, 0.56619, 7.90752, -3.49918, -3.54567, 2.11305]"
43,sub7,supLP120,0,sub7-a__0144__highfive.npy,8,highfive,8,0.6491566,1,"[-0.31838, 3.77809, -1.02693, -1.48037, -7.07753, -0.18569, -2.15479, -0.24191, 8.91619, -2.57757, -2.82198, -3.59478, -0.78224, -3.14944, 2.79699, -0.8432, -0.40888, 0.58643, 8.28329, -3.14422, -3.25167, 1.19467]"
43,sub7,supLP120,0,sub7-a__0145__highfive.npy,8,highfive,18,0.83812493,0,"[-1.19034, 3.69544, -0.27707, -0.36299, -4.99263, -0.22022, -1.18729, 1.83966, 6.86036, -1.94425, -3.31219, -3.6338, -1.1947, -3.36783, 1.34521, -0.50892, -1.34992, 0.17139, 8.60031, -3.70811, -3.49774, 3.68303]"
43,sub7,supLP120,0,sub7-a__0146__highfive.npy,8,highfive,18,0.94413275,0,"[-0.81023, 4.11171, -0.70554, -0.70111, -6.33141, -0.30242, -1.42759, 0.05847, 7.31904, -2.56094, -2.99288, -3.5426, -1.09805, -2.23758, 2.19275, -0.48607, -1.1984, 0.71999, 10.19681, -2.50056, -3.38251, -0.04726]"
43,sub7,supLP120,0,sub7-b1__0001__walk.npy,20,walk,20,0.99999964,1,"[2.80899, -5.11953, 1.21275, -3.08587, -3.70007, -0.53384, 2.78406, -3.37935, -2.21528, -0.62958, 0.49571, -3.10229, 3.95317, -1.56167, -2.46634, -4.42033, -3.11483, 2.29632, -0.83174, 3.54693, 19.53164, 0.7313]"
43,sub7,supLP120,0,sub7-b1__0002__turnaround.npy,19,turnaround,19,0.9928034,1,"[6.23014, 0.2384, -1.13189, -1.30726, -2.35322, -1.49371, -0.24197, -3.79036, -1.96734, -0.06488, 1.08916, -1.01039, 0.7997, 0.23393, 0.18505, -0.77728, -2.66768, -0.49966, -1.69078, 11.20475, 2.41616, -1.66323]"
43,sub7,supLP120,0,sub7-b1__0003__walk.npy,20,walk,20,0.9999906,1,"[2.97877, -0.92535, -6.40005, -0.2951, -1.27664, -1.97543, 0.32354, -1.98013, -3.4137, -0.49173, 0.80965, -4.11461, 2.51409, 3.92693, -1.10417, -3.57126, -2.63017, -0.68956, 1.43524, 5.7609, 17.59018, -3.35571]"
43,sub7,supLP120,0,sub7-b1__0004__turnaround.npy,19,turnaround,19,0.9998235,1,"[2.04148, 1.30336, -1.20986, -6.43818, -3.15738, 0.74599, -0.11969, -3.2098, -0.99174, -1.61509, 0.74468, 0.62074, 0.49243, -0.85341, 2.78885, -2.82784, -1.94657, 0.45057, -1.79822, 13.62254, 4.66213, -2.04652]"
43,sub7,supLP120,0,sub7-b1__0005__walk.npy,20,walk,20,0.99999845,1,"[1.02422, -4.60447, 0.47279, -3.30014, -5.45398, 0.38159, 3.26374, -2.95108, -0.89594, -1.66507, -0.21356, -2.25013, 3.45588, -2.33169, -0.73861, -2.73886, -2.75312, 2.33483, -0.67562, 3.79452, 18.15604, 1.36432]"
43,sub7,supLP120,0,sub7-b1__0006__turnaround.npy,19,turnaround,19,0.998374,1,"[4.08477, -0.6898, -1.31558, -0.99004, -1.83113, -1.92949, 0.9105, -4.295, -2.6208, 0.47904, 1.18295, -0.09861, 2.26281, 0.39855, 0.16734, -1.0439, -3.73989, -0.08452, -2.06894, 11.18124, 3.51884, -1.58121]"
43,sub7,supLP120,0,sub7-b1__0007__walk.npy,20,walk,20,0.9999839,1,"[-1.29293, -2.34429, -5.71237, -0.71599, -0.55515, -1.31122, 1.99484, -3.15904, -2.55384, 0.73525, -0.52359, -2.55056, 4.71763, 1.88443, -2.2323, -3.5503, -1.40017, 0.91835, -0.16811, 5.24945, 16.8238, -1.20906]"
43,sub7,supLP120,0,sub7-b1__0008__turnaround.npy,19,turnaround,19,0.91696906,1,"[-2.50266, -0.98335, -1.83545, -5.69649, -0.74989, -0.26474, 4.29946, -1.22501, -2.15937, -2.38222, -0.27905, 0.34339, 1.17112, 1.32288, 1.46022, -1.33335, -2.34342, 2.0404, -0.66296, 11.11441, 8.69625, -1.55819]"
43,sub7,supLP120,0,sub7-b1__0009__walk.npy,20,walk,20,0.9999988,1,"[5.71635, -4.88802, 1.01122, -2.68602, -2.45096, -1.86251, 3.10215, -2.65528, -2.84644, 0.58514, -1.41499, -3.979, 1.24847, -0.55139, -4.32974, -3.64798, -3.74874, 1.40181, 1.08935, 4.81113, 19.89291, -0.39334]"
43,sub7,supLP120,0,sub7-b1__0010__turnaround.npy,19,turnaround,19,0.9983064,1,"[2.41213, -0.08314, -2.12109, -1.09587, -0.28628, -1.68767, 2.19957, -2.66031, -2.70538, -0.00723, -0.94375, 0.52319, 1.58255, 1.06736, -0.46686, 0.01693, -2.5609, -0.01318, -0.23335, 10.89658, 3.99929, -2.73161]"
43,sub7,supLP120,0,sub7-b1__0011__walk.npy,20,walk,20,0.9999794,1,"[-0.31255, -2.20011, -5.96887, 0.31708, -0.44682, -1.08613, 1.76615, -2.93308, -3.15013, -0.22934, -0.27532, -2.76469, 4.06391, 2.86753, -2.57482, -2.98305, -1.80857, 0.34468, 0.22799, 5.18629, 16.38267, -1.45529]"
43,sub7,supLP120,0,sub7-b1__0012__turnaround.npy,19,turnaround,19,0.99420494,1,"[-0.90031, -0.42213, -0.21592, -5.27953, -1.57806, 0.70115, 2.37001, -3.05969, -1.22691, -1.14092, 0.17852, -0.30582, -0.35083, 0.04893, 2.33901, -1.61988, -1.54759, 1.63081, -1.93561, 11.41438, 6.19992, -1.24836]"
43,sub7,supLP120,0,sub7-b1__0013__walk.npy,20,walk,20,0.99999666,1,"[5.83951, -4.99499, 1.16075, -1.04071, -3.78635, -1.34222, 2.17338, -3.19985, -2.46223, -0.07702, -0.54293, -3.48849, 2.33338, -0.62689, -4.24669, -4.42031, -4.1087, 0.66354, 1.53005, 3.66531, 18.64229, 0.37653]"
43,sub7,supLP120,0,sub7-b1__0014__turnaround.npy,19,turnaround,19,0.9993774,1,"[4.94967, 0.33589, -0.30918, -0.85123, -2.80603, -0.815, -1.40949, -5.1438, -2.02669, 0.61414, 2.55577, -0.42413, 1.46417, 0.00317, 0.25993, -1.93742, -3.74054, -0.33354, -2.37578, 12.51921, 1.00295, -2.08598]"
43,sub7,supLP120,0,sub7-b1__0015__walk.npy,20,walk,20,0.99997604,1,"[0.62932, -1.81786, -5.811, 0.35276, -1.41026, -0.82573, 2.15355, -2.59259, -2.93335, -0.78677, -0.50542, -2.94118, 3.90578, 3.02277, -2.13163, -2.44842, -1.82976, 0.26471, 0.43439, 5.18215, 16.22279, -1.75841]"
43,sub7,supLP120,0,sub7-b1__0016__turnaround.npy,19,turnaround,19,0.96352416,1,"[-0.35288, 1.58729, -1.26276, -3.2701, -1.20352, -0.10554, 1.27122, -1.38244, 0.21881, -2.34554, -0.61038, -0.29955, -1.80082, -0.05572, 2.26644, 0.74096, -0.9202, 1.80842, 0.94191, 6.87316, -0.14318, -1.47018]"
43,sub7,supLP120,0,sub7-b1__0017__walk.npy,20,walk,20,0.9999968,1,"[6.30239, -5.01811, 1.37485, -1.66894, -1.99551, -2.35125, 1.4008, -2.73409, -3.16182, 1.93849, -0.4839, -3.43221, 1.78914, -0.50975, -4.95407, -3.68731, -3.51003, 0.36074, 0.03749, 3.75645, 19.01247, -0.91509]"
43,sub7,supLP120,0,sub7-b1__0018__turnaround.npy,19,turnaround,19,0.99658126,1,"[-0.1869, -0.49467, -1.79617, -1.62864, -0.91336, -1.45709, 2.04481, -4.39075, -2.61665, 0.59264, 0.36809, 0.95417, 4.31683, 0.10614, -0.55105, -2.0482, -3.08322, 0.68281, -1.13491, 11.40923, 5.36535, -1.73449]"
43,sub7,supLP120,0,sub7-b1__0019__walk.npy,20,walk,20,0.9999826,1,"[-0.20966, -2.16808, -5.75712, 0.14133, -1.208, -0.72204, 2.05578, -3.00814, -2.76004, -0.53154, -0.58174, -2.69367, 3.84962, 3.11431, -2.65559, -2.68078, -1.64008, 0.46248, 0.47131, 4.90383, 16.35719, -1.50163]"
43,sub7,supLP120,0,sub7-b1__0020__turnaround.npy,19,turnaround,19,0.9961832,1,"[0.08674, 1.27508, 0.47346, -5.37408, -2.47532, 1.32641, 0.31839, -3.94927, -0.89095, 0.0528, 1.02629, -0.95163, -0.39307, -1.96276, 3.25438, -2.90204, -1.24086, 0.7466, -2.75841, 11.84629, 6.19254, -1.36524]"
43,sub7,supLP120,0,sub7-b1__0021__hop.npy,9,hop,10,0.74767077,0,"[4.53476, -1.76538, 5.16875, -3.53635, -3.43698, -2.28518, -4.97811, -3.38829, 1.24466, 2.48046, 6.89412, -0.12105, 1.37425, -5.25281, 3.69173, -2.67091, -0.1801, 0.45412, -5.36563, -2.10113, -1.46697, -0.83849]"
43,sub7,supLP120,0,sub7-b1__0022__hop.npy,9,hop,0,0.42372078,0,"[6.1281, -1.55887, 4.85935, -3.3426, -2.91918, -1.87848, -4.53799, -3.51016, 0.36345, 3.3982, 6.11271, -0.61748, 1.62106, -4.55619, 0.91636, -2.18602, -0.72471, 0.3736, -5.08464, -1.86225, -0.70272, -0.67101]"
43,sub7,supLP120,0,sub7-b1__0023__hop.npy,9,hop,0,0.9142359,0,"[7.45945, -1.80206, 4.11228, -3.74463, -2.21453, -3.10623, -3.85596, -2.85544, 0.31696, 2.07704, 4.06667, -0.54072, -0.92145, -4.43883, 3.33477, -0.51171, -0.15157, 0.87367, -4.79384, -0.75508, -1.98495, -2.16803]"
43,sub7,supLP120,0,sub7-b1__0024__hop.npy,9,hop,2,0.50485355,0,"[3.76976, -2.19516, 4.5142, -3.50619, 0.79957, -2.29138, -2.37074, -2.23364, -1.28533, 2.29953, 2.30163, -0.30279, -1.21163, -2.8744, 0.76442, 1.77005, -0.16142, 2.48993, -4.26273, -0.59949, -0.44173, -3.07726]"
43,sub7,supLP120,0,sub7-b1__0025__hop.npy,9,hop,0,0.95994884,0,"[7.50112, -1.34077, 3.52563, -3.76506, -0.23822, -2.73585, -3.00931, -2.23915, -1.10791, 3.03541, 2.49562, -0.50096, -1.8929, -3.38087, 0.41471, -0.08066, 0.48245, 0.38579, -3.56342, -1.08953, -1.58003, -2.36659]"
43,sub7,supLP120,0,sub7-b1__0026__hop.npy,9,hop,9,0.5920132,1,"[4.17489, -2.25862, 4.04693, -3.31877, 0.63861, -2.39522, -3.99121, -3.3228, -1.2518, 5.80313, 4.53743, -1.06419, -0.2636, -2.37856, -1.32368, -0.30308, -0.16998, 1.52798, -4.0388, -0.89214, 0.67831, -2.22367]"
43,sub7,supLP120,0,sub7-b1__0027__hop.npy,9,hop,2,0.3545261,0,"[-0.25773, -2.60366, 5.49102, -3.80257, 2.11692, -0.69874, -2.45012, -2.53765, -1.1395, 5.42336, 2.72497, -0.94327, -0.08255, -2.11984, -2.33819, 1.58514, 0.45939, 4.95864, -4.65985, -1.14811, 3.65578, -2.93474]"
43,sub7,supLP120,0,sub7-b1__0028__jump.npy,10,jump,10,0.99972945,1,"[3.17739, -3.33071, 6.3749, -5.61468, -7.34318, -4.17473, -8.51148, -6.51004, 1.98953, 6.77183, 15.73934, -1.02942, 5.2706, -3.4057, 5.09978, -5.76023, -3.61024, -0.57919, -5.75697, -0.09279, 0.07779, -2.18197]"
43,sub7,supLP120,0,sub7-b1__0029__jump.npy,10,jump,10,0.9999118,1,"[2.38624, -2.92824, 5.73797, -5.26123, -7.17395, -4.75298, -9.66532, -7.10078, 2.06231, 7.36599, 17.13085, -1.68722, 5.83538, -2.21486, 5.16043, -6.5565, -3.96481, -0.82064, -6.04002, 0.06618, 0.44439, -2.47826]"
43,sub7,supLP120,0,sub7-b1__0030__jump.npy,10,jump,10,0.9998652,1,"[4.52419, -2.65257, 4.2369, -4.57105, -6.69984, -4.38011, -8.67556, -6.02806, 1.90895, 6.39674, 16.00996, -1.29362, 3.72942, -2.95651, 5.98709, -5.58674, -1.9285, -1.39849, -5.56869, -1.04556, -2.69336, -2.35764]"
43,sub7,supLP120,0,sub7-b1__0031__jump.npy,10,jump,10,0.999856,1,"[4.29155, -2.80251, 5.43186, -4.30609, -6.31657, -4.18541, -8.43958, -6.18006, 1.58696, 7.06266, 16.39121, -1.5308, 3.81673, -3.18326, 5.91817, -5.84166, -2.03764, -1.6793, -6.16377, -1.40701, -2.41981, -2.71613]"
43,sub7,supLP120,0,sub7-b1__0032__jump.npy,10,jump,10,0.9993999,1,"[3.98238, -2.91111, 5.83639, -4.71451, -5.5335, -3.90812, -8.47359, -6.21583, 1.24109, 8.60218, 16.11965, -2.15576, 3.85209, -2.69172, 4.8054, -5.87015, -2.26293, -1.50892, -6.15328, -1.38638, -1.76497, -2.70546]"
43,sub7,supLP120,0,sub7-b1__0033__jump.npy,10,jump,10,0.9998109,1,"[3.09232, -2.3811, 4.47334, -4.74244, -6.50829, -3.91057, -9.59894, -6.02221, 2.12318, 8.55317, 17.25936, -2.48956, 3.9456, -2.86123, 6.34943, -6.52844, -1.4869, -1.95018, -6.16262, -1.34302, -2.71231, -2.01959]"
43,sub7,supLP120,0,sub7-b1__0034__runonspot.npy,13,runonspot,13,0.9999931,1,"[0.96194, 2.31784, -4.93157, 2.04951, 2.53355, -3.10068, -4.16516, -1.47485, -1.25251, 2.50226, 1.76167, -3.76074, -2.53382, 15.97514, -3.44479, 0.04599, -4.27484, -2.39841, 1.80206, -0.82659, -2.23762, -2.97709]"
43,sub7,supLP120,0,sub7-b1__0035__runonspot.npy,13,runonspot,13,0.9999982,1,"[0.14261, 2.33463, -5.26846, 1.66579, 2.55576, -2.75111, -3.82245, -2.16435, -1.94583, 2.51027, 1.01497, -3.42487, -3.43769, 17.21444, -3.82637, 0.20045, -4.87953, -2.17021, 2.08285, 0.65383, -0.15753, -3.3024]"
43,sub7,supLP120,0,sub7-b1__0036__runonspot.npy,13,runonspot,13,0.9999987,1,"[0.0149, 2.28683, -5.47402, 1.77963, 3.95959, -3.88475, -3.45406, -1.63431, -1.55726, 3.54798, -0.23846, -3.29634, -3.14198, 18.28603, -4.27898, 0.60285, -4.3342, -2.51658, 2.18827, -0.00882, -0.75119, -3.68062]"
43,sub7,supLP120,0,sub7-b1__0037__runonspot.npy,13,runonspot,13,0.9999939,1,"[-0.19107, 1.96828, -4.43985, 1.86474, 4.01134, -1.53357, -2.83359, -1.59171, -2.44764, 3.95673, -0.98231, -3.56746, -3.22034, 16.94633, -6.47949, 0.02205, -3.30432, -1.79492, 1.62637, -0.56264, 2.23653, -2.90699]"
43,sub7,supLP120,0,sub7-b1__0038__runonspot.npy,13,runonspot,13,0.9999894,1,"[-0.26474, 3.04831, -5.23413, 2.22692, 4.72236, -3.30184, -4.07598, -1.68765, -1.05016, 3.54278, -0.27104, -3.33055, -2.82022, 16.70838, -3.7984, -0.3465, -3.52802, -1.99833, 2.24026, -1.28792, -2.54107, -3.24907]"
43,sub7,supLP120,0,sub7-b1__0039__airkick.npy,0,airkick,20,0.9998832,0,"[8.06938, -5.2266, 1.05754, 0.47788, -7.77456, -1.59981, 0.40428, -4.67983, 0.16235, 0.08513, 0.98541, -1.78383, 4.33479, -2.5391, -1.4676, -5.481, -4.43586, -1.98757, -0.41516, 1.53849, 17.15986, 3.10754]"
43,sub7,supLP120,0,sub7-b1__0040__buttkicks.npy,4,buttkicks,4,0.9992399,1,"[-1.63447, 0.78889, -0.79352, -0.11229, 19.25318, -4.23833, -4.2127, -0.70631, -3.31634, 12.06494, -2.91429, -6.1635, -7.48437, 7.07959, -6.23905, 2.1656, 2.34779, 0.97887, -2.62543, -1.12872, -3.65213, -5.33708]"
43,sub7,supLP120,0,sub7-b1__0041__buttkicks.npy,4,buttkicks,4,0.99855953,1,"[-1.78992, 0.84728, -0.5791, 1.03298, 18.65542, -3.39928, -3.39029, -0.43122, -3.45621, 12.10338, -2.84218, -5.6589, -6.55925, 7.56288, -6.83092, 1.08718, 1.98826, -0.00586, -2.42345, -1.74375, -3.77397, -4.73028]"
43,sub7,supLP120,0,sub7-b1__0042__buttkicks.npy,4,buttkicks,4,0.9646954,1,"[-0.43457, 1.90755, -1.81284, 0.38573, 15.33226, -4.71951, -5.46412, -0.84936, -1.72435, 11.98439, -0.91825, -6.36098, -7.18101, 8.78242, -4.75421, 1.70205, 2.76265, -0.3898, -1.81824, -2.18604, -5.93847, -5.01846]"
43,sub7,supLP120,0,sub7-b1__0043__buttkicks.npy,4,buttkicks,13,0.9512331,0,"[1.05495, 2.63649, -4.0985, 0.4711, 11.24411, -5.60292, -5.73816, -1.84353, -1.69504, 8.87204, 0.84359, -5.00954, -4.60941, 14.3043, -4.97497, 0.50789, -0.90628, -1.72447, -0.20875, -1.63093, -4.165, -5.33573]"
43,sub7,supLP120,0,sub7-b1__0044__buttkicks.npy,4,buttkicks,4,0.9776741,1,"[-1.29114, 1.97799, -2.06152, 0.51957, 15.38526, -4.38203, -5.139, -0.85628, -2.17555, 11.42935, -1.47598, -5.67204, -5.93419, 9.7835, -5.9219, -0.00092, 1.36036, -1.08802, -1.29094, -2.08579, -4.49926, -4.64133]"
43,sub7,supLP120,0,sub7-b1__0045__airkick.npy,0,airkick,0,0.99970067,1,"[14.26775, -3.22975, 0.50627, -0.40939, -9.46548, -3.12633, -1.45178, -5.45305, 2.35814, -2.08038, 4.18096, -0.93424, 3.28663, -4.34384, 3.91343, -5.83871, -4.32127, -4.64804, -2.86986, 0.72228, 5.67786, 3.00675]"
43,sub7,supLP120,0,sub7-b1__0046__airkick.npy,0,airkick,20,0.97336674,0,"[10.81232, -5.00715, 0.38666, -1.18372, -6.32606, -2.73109, -2.04049, -5.06893, 0.1845, 2.36786, 3.24417, -2.37579, 3.5742, -2.83126, -1.40621, -6.12207, -4.40937, -2.44919, -2.05178, 0.52216, 14.4131, 3.43011]"
43,sub7,supLP120,0,sub7-b1__0047__airkick.npy,0,airkick,0,0.749697,1,"[12.44865, -4.2089, 0.47402, -1.0815, -7.01645, -2.93874, -2.47432, -5.54149, 0.80225, 2.50777, 4.29417, -2.68215, 3.0242, -3.27635, 0.03235, -6.13139, -4.33273, -3.3998, -2.92353, 0.44605, 11.34992, 3.52493]"
43,sub7,supLP120,0,sub7-b1__0048__airkick.npy,0,airkick,0,0.5812726,1,"[11.59922, -4.27757, 0.34114, -0.9521, -5.40198, -3.37046, -3.62541, -6.15456, -0.21992, 4.62722, 5.99107, -3.15815, 3.14258, -2.25348, -0.99735, -6.62698, -4.33808, -3.02805, -3.34619, -0.11052, 11.26428, 2.59953]"
43,sub7,supLP120,0,sub7-b1__0049__airkick.npy,0,airkick,0,0.80686706,1,"[12.51162, -4.68912, 0.82108, -0.98982, -6.56666, -3.47602, -2.98528, -5.49684, 0.66764, 3.00166, 4.95367, -2.60771, 3.65756, -4.12092, 0.38442, -6.87917, -3.83886, -3.45064, -3.54108, -0.29255, 11.07826, 3.20071]"
43,sub7,supLP120,0,sub7-b1__0050__sidekick.npy,14,sidekick,0,0.8711394,0,"[11.81266, -2.57311, 2.71596, -2.74506, -3.4188, -2.56293, -1.29323, -2.62158, 1.65253, 3.57045, 1.55352, -1.88378, -1.11926, -8.77629, 9.89807, -6.16269, 1.00544, -2.96259, -5.06692, -0.71267, -1.5582, 1.61703]"
43,sub7,supLP120,0,sub7-b1__0051__sidekick.npy,14,sidekick,14,0.9989176,1,"[8.06955, -3.28712, 5.17783, -4.35363, -7.04036, -2.07736, -1.90993, -3.09209, 3.63234, 2.31171, 2.72195, -0.95565, 0.47913, -10.29258, 14.97277, -6.65419, -0.46024, -2.06659, -6.32261, 1.69474, 0.22143, 0.24072]"
43,sub7,supLP120,0,sub7-b1__0052__sidekick.npy,14,sidekick,14,0.99998856,1,"[6.06508, -1.56135, 4.28084, -2.93443, -5.45219, -1.1408, -1.31856, -2.38943, 3.23661, 1.8076, 1.22269, -1.46614, -2.28034, -8.80568, 17.69444, -4.17197, 1.30646, -1.24281, -5.23677, 2.09014, -3.89944, -1.70941]"
43,sub7,supLP120,0,sub7-b1__0053__sidekick.npy,14,sidekick,14,0.52236855,1,"[11.1176, -2.27705, 2.08546, -3.02523, -3.20054, -2.22937, -0.44518, -2.28832, 1.70465, 1.70056, -0.266, -1.11256, -1.75781, -8.77701, 11.20756, -5.12984, 1.23193, -2.27265, -3.89832, 0.24463, -2.11209, 0.6757]"
43,sub7,supLP120,0,sub7-b1__0054__sidekick.npy,14,sidekick,14,0.5486502,1,"[10.14266, -2.56947, 3.48121, -2.79424, -2.87105, -1.83122, -0.28524, -2.43031, 1.26799, 2.42749, -0.34435, -1.45313, -1.36891, -9.27983, 10.3402, -5.09711, 1.35562, -1.59974, -4.17886, 0.16846, -0.825, 1.27496]"
43,sub7,supLP120,0,sub7-b1__0055__sidekick.npy,14,sidekick,14,0.9991565,1,"[8.07375, -1.78215, 4.93117, -3.48937, -6.27583, -2.10992, -2.14277, -2.6927, 3.57694, 2.63052, 2.52535, -1.49195, -1.10136, -9.74984, 15.21348, -5.62195, 0.51616, -2.18428, -5.95407, 1.32031, -2.6495, -0.42043]"
43,sub7,supLP120,0,sub7-b1__0056__crosstoe.npy,6,crosstoe,6,0.99998224,1,"[-4.11585, -7.04517, 5.7092, -2.14136, 0.61108, -1.33808, 19.59091, -0.58776, -3.48597, -6.48853, -5.45097, 1.56763, -0.92585, -2.98266, 7.94819, 7.33721, -1.95, 6.65176, 0.32433, 5.32551, 3.95882, -2.89834]"
43,sub7,supLP120,0,sub7-b1__0057__crosstoe.npy,6,crosstoe,6,0.9999709,1,"[-3.83983, -6.81608, 5.38993, -1.92378, -0.14607, -1.61605, 19.57779, -1.19445, -3.04398, -6.51396, -5.56222, 1.35441, -1.49551, -3.38137, 8.64697, 7.397, -1.75089, 7.00481, 0.1119, 6.24414, 4.35034, -2.51019]"
43,sub7,supLP120,0,sub7-b1__0058__crosstoe.npy,6,crosstoe,6,0.9999651,1,"[-3.62959, -6.28731, 4.73522, -1.89155, 0.21458, -1.22414, 19.34701, -0.96055, -3.25971, -6.63955, -5.52271, 1.2028, -1.55938, -3.06047, 8.62504, 7.39655, -1.66852, 6.611, 0.36352, 6.53787, 3.87565, -2.72723]"
43,sub7,supLP120,0,sub7-b1__0059__crosstoe.npy,6,crosstoe,6,0.9999763,1,"[-3.72877, -6.938, 6.277, -1.34348, 0.31264, -1.1941, 19.38818, -1.3344, -3.88427, -5.95398, -5.12876, 1.62033, -0.96942, -3.20852, 8.32744, 6.47447, -1.68668, 5.91768, -0.29488, 6.16518, 3.96236, -2.81814]"
43,sub7,supLP120,0,sub7-b1__0060__crosstoe.npy,6,crosstoe,6,0.99988925,1,"[-3.38022, -6.78827, 6.39848, -2.00128, -0.07523, -1.32368, 18.50824, -1.613, -3.13992, -5.63089, -5.43274, 1.49282, -1.4866, -3.95177, 9.1215, 6.97448, -1.5841, 6.5485, -0.6082, 6.25156, 3.96864, -2.53877]"
43,sub7,supLP120,0,sub7-b1__0061__crosstoe.npy,6,crosstoe,6,0.99996054,1,"[-4.16761, -7.04295, 7.14479, -2.39565, 0.15202, -1.19201, 19.0656, -1.01775, -3.49229, -6.16262, -5.18045, 2.01791, -0.96517, -3.7138, 8.32747, 6.86193, -2.29428, 6.65651, -0.48614, 5.68924, 4.10322, -2.83006]"
43,sub7,supLP120,0,sub7-b1__0062__throw.npy,18,throw,18,0.99989665,1,"[-0.0659, 4.22787, -1.65346, -0.92202, -2.23807, -0.31841, -0.01443, 2.04351, 1.5783, -1.9942, -3.65267, -3.73289, -5.50897, 0.58483, -0.9539, 5.10469, -0.65344, 0.32722, 14.96337, 4.27743, -4.89338, -6.74769]"
43,sub7,supLP120,0,sub7-b1__0063__throw.npy,18,throw,18,0.9993395,1,"[0.96708, 7.40619, -2.77511, -2.15404, -4.45465, 0.81135, -1.49649, -0.19806, 3.31492, -3.12549, -5.08649, -2.23507, -5.98576, 1.5968, -0.10765, 4.45483, -0.37236, 1.52877, 15.15624, 6.61871, -5.34327, -8.09696]"
43,sub7,supLP120,0,sub7-b1__0064__throw.npy,18,throw,18,0.99897575,1,"[1.29785, 7.85142, -2.40745, -2.57144, -4.43973, 0.31274, -1.23294, 1.50245, 2.37482, -2.47561, -5.60172, -1.55513, -4.89637, 0.77461, -1.30722, 3.97713, -0.10387, -0.12522, 14.90553, 5.99588, -5.21149, -6.8921]"
43,sub7,supLP120,0,sub7-b1__0065__throw.npy,18,throw,18,0.99474466,1,"[-0.3084, 8.66994, -2.43873, -0.76302, -4.22511, 2.15919, -1.61754, 0.75949, 2.17382, -1.6334, -5.63383, -2.52715, -4.51895, 2.16614, -3.00558, 4.60187, 1.13293, 1.0405, 13.94192, 3.52694, -5.07964, -8.15204]"
43,sub7,supLP120,0,sub7-b1__0066__throw.npy,18,throw,18,0.99469674,1,"[0.4045, 8.59218, -2.882, -1.57325, -4.27591, 1.63308, -2.57392, 0.49299, 2.93669, -2.23516, -5.17656, -2.18335, -4.60403, 1.65277, -1.30753, 4.39707, 0.91914, 1.31584, 13.86781, 4.68012, -5.30498, -7.78092]"
43,sub7,supLP120,0,sub7-b1__0067__walk.npy,20,walk,20,0.99998534,1,"[7.13976, -4.63789, 0.2305, -0.48449, -3.14739, -1.73886, 0.2429, -3.80525, -2.7811, 2.66225, 0.7149, -3.35841, 1.52102, 0.27932, -5.08795, -4.75394, -3.6745, -0.38166, -0.07149, 2.92159, 18.30482, -0.52327]"
43,sub7,supLP120,0,sub7-b1__0068__turnaround.npy,19,turnaround,19,0.9997211,1,"[5.98099, 1.19206, -0.19494, -0.89053, -3.48898, 0.09352, -2.14049, -5.03605, -1.68513, 0.76545, 1.72794, -0.72252, -0.47296, 0.06603, -0.32427, -1.06586, -3.14116, 0.19245, -1.5109, 14.21724, 0.92616, -2.9821]"
43,sub7,supLP120,0,sub7-b1__0069__walk.npy,20,walk,20,0.99994564,1,"[-2.26968, -2.21216, -4.42758, -1.96425, 0.52795, -1.06525, 2.96294, -3.43559, -3.06701, 1.02385, -0.88856, -1.66096, 3.71526, 1.41005, -2.37232, -2.62515, -1.22259, 1.47434, -0.88752, 6.51918, 16.4452, -0.94925]"
43,sub7,supLP120,0,sub7-b1__0070__turnaround.npy,19,turnaround,19,0.9917875,1,"[-0.40398, 4.2648, 0.6526, -5.2287, -2.28355, 1.33595, -0.92629, -1.19095, -0.16534, -1.49847, -0.63753, 0.3355, -5.21556, -2.66171, 2.45728, -0.83338, -1.64559, 1.75437, 3.09202, 9.64934, 1.93304, -4.91324]"
43,sub7,supLP120,0,sub7-b1__0071__walk.npy,20,walk,20,0.99998367,1,"[6.92219, -5.07094, 1.049, -0.70318, -2.63028, -1.83382, -0.48469, -4.16052, -2.97815, 2.84613, 1.56701, -3.31251, 2.69977, -0.35955, -5.21185, -5.57896, -3.76793, 0.01336, -0.59579, 2.44367, 17.998, -0.19304]"
43,sub7,supLP120,0,sub7-b1__0072__turnaround.npy,19,turnaround,19,0.9997193,1,"[6.27803, 1.09091, -0.22394, -1.52426, -3.85919, -0.35335, -2.09334, -5.20096, -1.38886, 0.29182, 2.25812, -0.79766, 0.30482, -0.12337, -0.17479, -1.91577, -3.80652, -0.11289, -2.24249, 14.50076, 1.26194, -2.69033]"
43,sub7,supLP120,0,sub7-b1__0073__walk.npy,20,walk,20,0.9999753,1,"[-2.35971, -2.74318, -4.9786, -1.53504, 0.3228, -0.94521, 2.93568, -2.67786, -2.93901, 0.22713, -0.87135, -2.06966, 4.06903, 1.4072, -2.23815, -2.44876, -0.96187, 1.86429, -0.62475, 6.1012, 16.90113, -0.77496]"
43,sub7,supLP120,0,sub7-b1__0074__turnaround.npy,19,turnaround,19,0.99806076,1,"[1.97252, 1.86557, 0.51541, -5.13486, -3.2046, 1.31658, 0.00637, -4.28469, -0.44874, -0.61057, 0.31307, -0.5053, -0.95042, -3.13176, 4.65337, -2.90316, -0.92876, 0.9151, -2.41785, 11.74873, 4.73737, -1.88661]"
43,sub7,supLP120,0,sub7-b1__0075__walk.npy,20,walk,20,0.99995506,1,"[7.52051, -5.03585, 0.92198, -0.21135, -3.39705, -2.33384, -0.46941, -4.01657, -2.62924, 2.20007, 1.24183, -3.05024, 2.55837, -0.01112, -5.02022, -4.74264, -3.82516, 0.09542, 0.09602, 2.73244, 17.56068, -0.40327]"
43,sub7,supLP120,0,sub7-b1__0076__turnaround.npy,19,turnaround,19,0.9996705,1,"[6.02841, 1.09029, -0.06533, -1.64119, -4.1078, -0.67885, -2.43555, -5.20928, -1.30422, 0.54378, 2.85444, -0.56058, 0.82328, -0.10774, -0.11977, -1.76503, -3.81835, -0.115, -2.28431, 14.12103, 0.82687, -2.9008]"
43,sub7,supLP120,0,sub7-b1__0077__walk.npy,20,walk,20,0.99993277,1,"[-1.33913, -2.4588, -5.24009, -1.10918, 0.5833, -0.53212, 2.43658, -2.65853, -3.10997, 0.09166, -0.6656, -2.55299, 3.45295, 2.04361, -2.93925, -2.17106, -1.097, 1.76622, -0.08557, 6.14118, 15.87786, -0.88682]"
43,sub7,supLP120,0,sub7-b1__0078__turnaround.npy,19,turnaround,19,0.99844366,1,"[1.9746, 2.11584, -0.72614, -6.09129, -2.88022, 1.38795, 0.0126, -3.97195, -0.75093, -0.36035, 0.0901, -0.30825, -1.1954, -2.57062, 3.8289, -2.90082, -0.93722, 0.94922, -2.06428, 12.27797, 5.56544, -2.19592]"
43,sub7,supLP120,0,sub7-b1__0079__walk.npy,20,walk,20,0.99975485,1,"[8.23797, -4.26415, 0.42465, -0.1763, -3.84057, -1.90792, -1.63623, -3.84218, -2.73607, 2.4935, 1.7343, -3.05712, 2.40396, 0.69929, -5.56899, -5.25869, -4.33081, -0.64944, 0.04356, 2.74741, 16.56494, -0.00579]"
43,sub7,supLP120,0,sub7-b1__0080__turnaround.npy,19,turnaround,19,0.9994925,1,"[5.9045, 1.2792, -0.71112, -0.9226, -3.67257, -0.72185, -2.34794, -4.89909, -1.49898, 0.11069, 2.4486, -0.59337, 0.64633, 0.10005, -0.40552, -1.60521, -3.69647, -0.02472, -1.99496, 13.55907, 0.92692, -2.8677]"
43,sub7,supLP120,0,sub7-b1__0081__walk.npy,20,walk,20,0.9999262,1,"[-2.11562, -2.39744, -4.74937, -1.44781, 0.42624, -0.5777, 2.63385, -3.00968, -3.04695, 0.36755, -0.74703, -2.12037, 3.75326, 1.76469, -2.52747, -2.46575, -1.20544, 2.09393, -0.25204, 6.55637, 16.1729, -0.62419]"
43,sub7,supLP120,0,sub7-b1__0082__turnaround.npy,19,turnaround,19,0.84102374,1,"[-2.03206, -1.11612, -0.87425, -5.54103, -1.78851, 0.13323, 3.56405, -2.71503, -1.42223, -1.69581, -0.11753, 0.29792, 1.47871, 0.62099, 2.12132, -2.20041, -2.25299, 1.62862, -1.83264, 10.67827, 9.00495, -0.44672]"
43,sub7,supLP120,0,sub7-b1__0083__walk.npy,20,walk,20,0.9996847,1,"[8.04576, -4.49814, 0.59303, -0.2331, -2.4581, -2.23705, -1.43822, -3.57099, -2.97099, 2.58323, 1.4165, -3.1846, 2.82269, 0.25054, -5.95227, -5.23158, -4.01055, -0.5206, -0.0562, 2.1964, 16.12345, -0.09329]"
43,sub7,supLP120,0,sub7-b1__0084__turnaround.npy,19,turnaround,19,0.9988318,1,"[5.61069, 0.48318, -0.62995, -0.64728, -3.14179, -0.77251, -1.87865, -4.71847, -1.70748, 0.40797, 2.4567, -0.79881, 0.55743, -0.05381, -0.08769, -1.63877, -3.76471, -0.43927, -2.14382, 12.44697, 0.89698, -2.18451]"
43,sub7,supLP120,0,sub7-b1__0085__walk.npy,20,walk,20,0.9999291,1,"[-1.91532, -2.59613, -4.73705, -1.94072, 0.38494, -0.76935, 2.39411, -3.3003, -3.22877, 0.51998, -0.33859, -1.67841, 4.44693, 1.40997, -2.43879, -2.94962, -1.13559, 1.26678, -0.80314, 6.35805, 16.087, -0.76541]"
43,sub7,supLP120,0,sub7-b1__0086__turnaround.npy,19,turnaround,19,0.99684274,1,"[0.71819, -0.38167, 0.82589, -5.80997, -2.36006, 0.58423, 1.55445, -3.96659, -0.94067, -1.1595, 0.13245, 0.04887, -0.21059, -0.77639, 3.14155, -2.06147, -1.85471, 1.80797, -2.25274, 11.4481, 5.52651, -1.99382]"
43,sub7,supLP120,0,sub7-b1__0087__hop.npy,9,hop,10,0.3138167,0,"[4.34765, -2.35069, 3.63485, -3.22359, 1.82876, -2.78961, -4.8559, -3.98925, -0.38921, 4.90706, 5.02802, -1.81763, -1.79222, -3.42538, 4.18266, -0.68004, 1.39775, 1.63532, -5.79427, -1.13047, -1.66346, -2.59667]"
43,sub7,supLP120,0,sub7-b1__0088__hop.npy,9,hop,10,0.3089602,0,"[4.94386, -2.2371, 4.12154, -3.61895, 1.12318, -2.57111, -4.67608, -3.6565, -0.531, 4.33728, 4.97196, -1.65409, -1.82321, -3.53024, 3.43241, -0.8148, 0.91159, 1.71309, -5.72291, -1.07885, -1.79437, -2.50791]"
43,sub7,supLP120,0,sub7-b1__0089__hop.npy,9,hop,9,0.80441207,1,"[1.30181, -2.28926, 3.48713, -3.03497, 5.62448, -2.15979, -5.05534, -3.46928, -2.03249, 7.53384, 4.80729, -2.76789, -1.85416, -1.49333, -0.59992, -0.17813, 0.61835, 2.56793, -5.19428, -1.41277, 0.31597, -2.64968]"
43,sub7,supLP120,0,sub7-b1__0090__hop.npy,9,hop,10,0.5159707,0,"[3.05884, -2.76785, 5.94379, -4.68536, -1.71447, -2.21513, -4.9647, -4.48002, 0.35943, 4.73341, 6.3643, 0.48376, 2.15341, -4.51595, 1.21533, -2.22825, 0.11527, 2.23935, -5.57224, -1.19831, 0.60535, -1.44186]"
43,sub7,supLP120,0,sub7-b1__0091__hop.npy,9,hop,9,0.8565037,1,"[3.21433, -2.21012, 4.15073, -3.23482, 2.54613, -2.24475, -4.92159, -3.96781, -1.16359, 7.50931, 5.24418, -1.95522, -0.27207, -2.40375, -0.83017, -1.5857, 0.68603, 2.19445, -5.29917, -1.22949, 0.38476, -1.57419]"
43,sub7,supLP120,0,sub7-b1__0092__hop.npy,9,hop,9,0.48558,1,"[-0.50015, -3.28698, 6.47014, -3.58652, 0.60246, -1.38972, -5.82926, -5.16066, -0.90322, 8.25158, 8.10699, -0.90003, 3.30694, -3.45817, -0.35469, -3.87063, 0.05503, 2.70508, -6.00302, -1.65995, 3.91408, -1.29683]"
43,sub7,supLP120,0,sub7-b1__0093__hop.npy,9,hop,10,0.5586263,0,"[2.18856, -2.83597, 4.96974, -4.2814, -0.25479, -2.22494, -5.1057, -4.29478, 0.28985, 5.15865, 6.11425, -0.06251, 1.66044, -3.83774, 1.49885, -2.06663, 0.79392, 2.55906, -5.63202, -1.5139, 0.56153, -1.4352]"
43,sub7,supLP120,0,sub7-b1__0094__jump.npy,10,jump,10,0.99993896,1,"[5.38956, -2.21219, 3.58587, -3.58515, -6.69239, -4.33494, -8.69196, -6.29386, 1.39329, 6.57023, 16.74711, -2.00089, 4.05354, -2.12892, 4.71645, -5.66907, -2.75224, -2.08756, -5.52656, -1.25053, -2.27601, -2.52085]"
43,sub7,supLP120,0,sub7-b1__0095__jump.npy,10,jump,10,0.99960965,1,"[4.55486, -2.64878, 3.96898, -4.9384, -5.40371, -4.03419, -8.4685, -6.22334, 1.07833, 7.45073, 15.44294, -1.64805, 4.09236, -2.30966, 4.00564, -5.65262, -2.13319, -1.33237, -5.82147, -0.66103, -1.63672, -2.46228]"
43,sub7,supLP120,0,sub7-b1__0096__jump.npy,10,jump,10,0.9994671,1,"[5.2819, -2.09293, 3.1381, -3.71232, -4.67244, -4.0851, -8.53648, -5.86221, 0.85871, 8.0041, 15.65435, -2.66533, 2.42259, -2.10205, 4.83688, -5.60052, -1.0711, -1.96123, -5.64143, -1.81996, -3.10248, -2.39844]"
43,sub7,supLP120,0,sub7-b1__0097__jump.npy,10,jump,10,0.9997335,1,"[3.67843, -2.62587, 3.58549, -4.07846, -5.43087, -4.21051, -9.09534, -5.97621, 1.42323, 8.15035, 16.48915, -2.2604, 3.87214, -2.5709, 5.59846, -6.43357, -1.139, -2.11732, -6.13497, -1.7205, -2.47594, -1.85428]"
43,sub7,supLP120,0,sub7-b1__0098__jump.npy,10,jump,10,0.9991903,1,"[3.39082, -2.23793, 3.12767, -4.31854, -4.69069, -3.80914, -9.18102, -5.63901, 1.30593, 8.91387, 16.0602, -2.73761, 2.92007, -1.86189, 4.92311, -5.85354, -0.70236, -1.90642, -5.68666, -1.46932, -3.21808, -2.25878]"
43,sub7,supLP120,0,sub7-b1__0099__jump.npy,10,jump,10,0.99990237,1,"[2.99152, -2.71671, 4.05329, -4.31387, -6.03095, -4.36547, -9.41456, -6.26826, 1.82754, 7.75467, 17.17277, -2.19184, 4.2863, -2.37863, 5.7416, -6.04912, -1.82466, -1.88713, -6.09187, -0.96022, -2.27623, -2.09809]"
43,sub7,supLP120,0,sub7-b1__0100__runonspot.npy,13,runonspot,13,0.9999347,1,"[2.6342, 3.88082, -5.93078, 2.00254, 3.04156, -4.77108, -5.27022, -2.33975, 0.2379, 4.39598, 2.32338, -4.65975, -2.44072, 14.87103, -2.05827, -0.56413, -2.72081, -2.36254, 1.08222, -1.77077, -5.03841, -2.16441]"
43,sub7,supLP120,0,sub7-b1__0101__runonspot.npy,13,runonspot,13,0.9999894,1,"[2.0463, 2.78141, -6.03093, 3.47159, 2.666, -3.24913, -3.41695, -1.99986, -1.07313, 2.9456, 0.93907, -4.04618, -2.29593, 16.06468, -3.753, 0.534, -3.13395, -2.98249, 1.83708, -1.20094, -3.00672, -2.3851]"
43,sub7,supLP120,0,sub7-b1__0102__runonspot.npy,13,runonspot,13,0.99997497,1,"[1.28648, 2.65236, -5.69735, 3.23555, 5.01058, -4.07341, -3.84648, -1.76731, -1.35501, 4.83345, 0.47619, -3.92263, -3.13771, 16.39386, -4.58781, 0.2936, -3.25878, -2.85265, 1.96345, -1.51567, -2.96543, -2.92195]"
43,sub7,supLP120,0,sub7-b1__0103__runonspot.npy,13,runonspot,13,0.9997794,1,"[1.13982, 3.137, -5.69841, 3.24255, 6.59398, -3.59818, -4.08701, -0.86358, -1.07204, 5.18444, -0.40759, -4.25935, -3.17154, 15.29419, -4.61541, 0.79199, -1.44216, -3.29009, 1.26651, -1.94698, -4.83375, -3.18578]"
43,sub7,supLP120,0,sub7-b1__0104__runonspot.npy,13,runonspot,13,0.99880993,1,"[0.76217, 2.06462, -4.47832, 4.23014, 6.95719, -2.45021, -2.27476, 1.19256, -2.01202, 5.14458, -2.0555, -3.22211, -3.02308, 13.91059, -4.97651, -0.02447, -1.09569, -5.64752, 1.37075, -2.4569, -3.0021, -2.05617]"
43,sub7,supLP120,0,sub7-b1__0105__buttkicks.npy,4,buttkicks,4,0.9832235,1,"[3.11854, 1.10657, -2.80795, -1.18063, 14.89993, -4.05756, -5.53418, -1.99939, -3.0682, 10.81266, -1.03167, -5.71466, -7.57931, 6.64742, -4.37629, 0.54962, 3.06999, -0.51213, -1.78551, -1.20829, -4.27468, -4.74513]"
43,sub7,supLP120,0,sub7-b1__0106__buttkicks.npy,4,buttkicks,4,0.99870634,1,"[-1.0367, 1.10647, -2.8322, 0.28875, 17.84074, -4.89843, -4.39169, -0.58491, -3.75413, 10.65643, -2.61671, -5.0517, -5.92093, 10.31079, -7.9175, 1.20093, 0.33249, -1.19377, -1.32637, -1.10458, -2.20932, -5.03895]"
43,sub7,supLP120,0,sub7-b1__0107__buttkicks.npy,4,buttkicks,13,0.9689413,0,"[0.5075, 2.7215, -4.68275, -0.62974, 11.07734, -5.26415, -5.72489, -2.48671, -2.21834, 8.32047, 0.13743, -4.31244, -4.61129, 14.57957, -5.43282, -0.17812, -1.9862, -1.19013, 0.94775, -0.12505, -2.80805, -5.36656]"
43,sub7,supLP120,0,sub7-b1__0108__buttkicks.npy,4,buttkicks,13,0.93031794,0,"[0.49675, 2.88651, -5.53694, 1.56501, 12.44451, -5.73976, -5.29187, -0.96969, -1.34853, 7.88897, -1.40325, -4.28979, -5.47327, 15.04669, -5.47879, 1.11698, -0.46303, -2.67517, 1.70465, -1.55753, -4.77998, -5.32794]"
43,sub7,supLP120,0,sub7-b1__0109__buttkicks.npy,4,buttkicks,4,0.91568303,1,"[-0.96445, 1.8091, -3.62703, 0.01367, 15.15002, -5.11392, -5.53556, -1.28997, -2.59241, 10.22736, -0.6698, -4.84682, -5.02688, 12.68254, -6.86829, 0.0288, -0.41261, -1.44215, -0.69987, -1.37965, -2.93199, -5.40569]"
43,sub7,supLP120,0,sub7-b1__0110__airkick.npy,0,airkick,0,0.69562036,1,"[12.32881, -4.58999, 0.83274, -0.51757, -7.69857, -3.24156, -2.11097, -4.75617, 1.44699, 1.38806, 3.36512, -2.09591, 4.06429, -4.31067, 0.2117, -6.41482, -3.88527, -3.75555, -2.40075, -0.0996, 11.50067, 4.07451]"
43,sub7,supLP120,0,sub7-b1__0111__airkick.npy,0,airkick,0,0.99746037,1,"[13.28254, -3.32176, -0.23586, -1.8348, -3.88685, -3.60333, -4.17563, -6.07334, 0.13887, 4.7077, 7.05149, -2.50757, 2.2358, -3.16317, 0.06481, -6.37687, -2.84816, -3.2398, -4.56843, -1.48958, 5.32665, 2.30211]"
43,sub7,supLP120,0,sub7-b1__0112__airkick.npy,0,airkick,0,0.9967452,1,"[13.53748, -2.97944, -0.00064, -2.1734, -4.05703, -3.61313, -4.42364, -6.19063, 0.04287, 4.18646, 7.74809, -2.22059, 1.924, -3.01384, 0.25501, -6.37453, -2.7325, -2.94385, -4.59065, -1.11477, 4.31825, 1.33326]"
43,sub7,supLP120,0,sub7-b1__0113__airkick.npy,0,airkick,0,0.9977798,1,"[13.57296, -4.18082, 0.14638, -1.50149, -6.60353, -3.8976, -3.57977, -6.11338, 1.58804, 2.85574, 6.76737, -2.33805, 3.15604, -4.24081, 2.24717, -7.08348, -3.50115, -3.98828, -4.68525, -1.29439, 6.66375, 3.59506]"
43,sub7,supLP120,0,sub7-b1__0114__airkick.npy,0,airkick,0,0.9988305,1,"[13.879, -3.92168, 0.76509, -1.95022, -5.71029, -3.85201, -3.44878, -5.59613, 0.99456, 2.6647, 6.88889, -2.14608, 3.21868, -4.67319, 2.20914, -6.90515, -2.82575, -3.7737, -4.99543, -1.26424, 5.27761, 2.8066]"
43,sub7,supLP120,0,sub7-b1__0115__sidekick.npy,14,sidekick,14,0.9884077,1,"[10.05744, -2.48577, 2.92602, -3.93671, -4.84563, -2.55619, -2.40375, -2.54595, 3.01413, 3.70841, 2.72446, -1.55491, -1.28261, -9.48885, 14.50761, -6.25437, 1.59751, -2.69938, -6.37419, 0.29764, -2.88607, 0.31265]"
43,sub7,supLP120,0,sub7-b1__0116__sidekick.npy,14,sidekick,14,0.99916005,1,"[9.02498, -0.56671, 2.09345, -4.01315, -6.75227, -2.36738, -2.51844, -2.21855, 4.20016, 0.59934, 2.45141, -0.9938, -2.59629, -7.38802, 16.11864, -4.47067, 0.63341, -2.23069, -4.48548, 2.44097, -4.79108, -1.7121]"
43,sub7,supLP120,0,sub7-b1__0117__sidekick.npy,14,sidekick,0,0.6407235,0,"[12.05703, -2.48302, 1.89561, -4.01428, -3.50453, -2.60146, -1.45435, -2.3789, 1.9082, 2.72443, 1.05458, -1.18162, -1.55721, -8.93496, 11.47811, -5.95854, 1.35919, -2.45971, -5.15631, 0.25795, -1.98518, 0.35045]"
43,sub7,supLP120,0,sub7-b1__0118__sidekick.npy,14,sidekick,14,0.9923085,1,"[9.3049, -1.90625, 2.71955, -2.9345, -5.80533, -2.9999, -2.7886, -2.52033, 3.87604, 2.97323, 3.74996, -2.06009, -1.33653, -8.1197, 14.17659, -5.61455, 0.43689, -3.07279, -5.52021, 0.66911, -3.20427, -0.96839]"
43,sub7,supLP120,0,sub7-b1__0119__sidekick.npy,14,sidekick,14,0.9971084,1,"[8.7969, -2.42671, 2.86936, -3.9337, -4.73734, -1.93993, -0.32485, -2.05797, 2.53729, 1.46039, 0.16124, -0.55706, -0.86557, -9.34456, 14.64704, -5.85835, 0.46301, -2.42379, -5.56846, 1.81947, -1.68321, 0.09229]"
43,sub7,supLP120,0,sub7-b1__0120__crosstoe.npy,6,crosstoe,6,0.9999676,1,"[-4.15376, -6.75894, 5.93075, -2.43144, 0.26521, -1.79397, 19.03676, -0.92793, -3.34365, -6.3797, -5.16146, 1.6882, -1.26015, -3.58477, 8.08136, 6.72117, -2.44773, 7.00449, 0.25792, 5.98201, 4.1069, -2.74801]"
43,sub7,supLP120,0,sub7-b1__0121__crosstoe.npy,6,crosstoe,6,0.9998246,1,"[-3.51944, -6.0983, 5.63199, -2.71075, 0.0, -2.09302, 18.21452, -1.42457, -2.79462, -6.13507, -5.64415, 1.6857, -1.80407, -3.89171, 9.43793, 5.93962, -1.73872, 6.20534, -0.12461, 6.22408, 3.95053, -2.85556]"
43,sub7,supLP120,0,sub7-b1__0122__crosstoe.npy,6,crosstoe,6,0.9999107,1,"[-4.2143, -6.9338, 7.06826, -2.1898, -0.0585, -1.7278, 18.90849, -1.48562, -3.06305, -6.42673, -5.57989, 1.94367, -1.68203, -4.00212, 9.34173, 6.71923, -1.95496, 6.68958, 0.15978, 5.68376, 3.17565, -2.54813]"
43,sub7,supLP120,0,sub7-b1__0123__crosstoe.npy,6,crosstoe,6,0.9999665,1,"[-3.33568, -5.73744, 4.09894, -0.95723, 1.16452, -0.65923, 18.99609, -0.90061, -4.31638, -6.04139, -5.33177, 1.02457, -1.55953, -2.52312, 8.11125, 7.10089, -0.7629, 4.78199, 0.11597, 7.07688, 3.33105, -2.76627]"
43,sub7,supLP120,0,sub7-b1__0124__crosstoe.npy,6,crosstoe,6,0.99990153,1,"[-2.75078, -5.91661, 4.71111, -0.67948, 0.45948, -0.72214, 18.4388, -1.59965, -3.90556, -5.75521, -5.54848, 1.55645, -1.68148, -3.32779, 8.9711, 7.25665, -0.51685, 4.88884, -0.05792, 6.15684, 2.12714, -2.49405]"
43,sub7,supLP120,0,sub7-b1__0125__crosstoe.npy,6,crosstoe,18,0.99872786,0,"[0.66018, 6.95649, -2.76799, -0.76658, -3.37564, 1.00491, -1.85967, 0.45964, 1.60682, -1.22567, -4.83592, -2.64096, -4.2737, 2.41836, -1.40215, 4.85975, 0.98364, 0.98077, 13.80633, 3.98773, -4.79819, -7.46476]"
43,sub7,supLP120,0,sub7-b1__0126__throw.npy,18,throw,18,0.9945057,1,"[0.16357, 7.24694, -2.27639, -1.45334, -4.07503, 1.28286, -2.37553, 0.07811, 5.34683, -1.49551, -5.35334, -3.09698, -5.93346, 1.86797, 0.99191, 4.34918, 2.28012, 1.8778, 12.65299, 1.45989, -7.23993, -6.13582]"
43,sub7,supLP120,0,sub7-b1__0128__throw.npy,18,throw,18,0.997889,1,"[0.23132, 9.19977, -2.90655, -2.10501, -5.04783, 1.23576, -3.42912, -0.18786, 4.42558, -2.2374, -5.12053, -2.58751, -5.49517, 2.76649, -1.41021, 4.39174, 0.92348, 1.10052, 15.39828, 5.35892, -5.9416, -9.41629]"
43,sub7,supLP120,0,sub7-b1__0129__throw.npy,18,throw,18,0.99717736,1,"[0.39939, 9.07961, -2.51891, -1.79849, -4.95741, 1.63718, -3.0139, 0.60979, 3.68111, -2.52309, -5.12669, -2.44097, -4.82916, 1.90904, -1.57148, 4.12664, 0.57244, 0.40205, 14.97871, 5.09236, -6.09229, -8.68848]"
43,sub7,supLP120,0,sub7-b1__0130__throw.npy,18,throw,18,0.9988758,1,"[-0.90536, 7.93431, -3.43243, -0.257, -3.74557, 2.01574, -3.58637, 0.36233, 3.84375, -1.46775, -4.98803, -3.12315, -5.36129, 3.82811, -2.3799, 5.24232, 1.2198, 1.13317, 14.83238, 3.05488, -6.14015, -9.22267]"
43,sub7,supLP120,0,sub7-b1__0131__throw.npy,18,throw,18,0.99903154,1,"[-0.8034, 8.47018, -2.18604, -2.03813, -4.52216, 0.94761, -3.22256, -0.10429, 3.7904, -1.97564, -4.72341, -2.67648, -5.00005, 2.70005, -1.41815, 4.45634, 0.85569, 1.20205, 15.46516, 4.78828, -6.19764, -8.99597]"
43,sub7,supLP120,0,sub7-b2__0001__walk.npy,20,walk,20,0.99999714,1,"[1.17156, -2.95017, -1.2581, -5.19233, -2.82932, 0.75797, 2.57272, -2.51102, -2.09058, -0.78127, 0.5827, -2.91309, 3.00425, 0.43962, -0.11368, -2.22397, -3.10325, 4.19085, -0.88659, 5.55802, 18.67107, 1.26352]"
43,sub7,supLP120,0,sub7-b2__0002__turnaround.npy,19,turnaround,19,0.9994917,1,"[5.37001, 1.61762, 0.08494, -1.01889, -3.58887, -1.49799, 2.08589, -2.24032, -0.66759, -3.08726, -2.72643, 0.16835, -3.00123, -2.4237, 2.51061, 0.83951, -2.82372, -0.19133, 3.82193, 13.27137, 0.81498, -3.71612]"
43,sub7,supLP120,0,sub7-b2__0003__walk.npy,20,walk,20,0.9998846,1,"[-1.23445, -3.06565, -2.88818, 0.33726, 3.94676, -0.12575, 0.06521, -3.07055, -3.7455, 4.78703, -0.29116, -3.59013, 2.24869, -0.69343, -5.64472, -4.395, -1.34993, 0.4639, 0.4511, 3.06606, 14.4502, 1.86879]"
43,sub7,supLP120,0,sub7-b2__0004__turnaround.npy,19,turnaround,19,0.9995728,1,"[-0.39867, 1.00076, 1.25937, -5.41724, -2.29411, 1.60119, 0.96627, -2.43819, -1.59575, -0.76794, 0.07461, 0.7417, -1.87247, -1.86409, 2.47043, -1.81839, -1.75873, 2.32203, 0.04752, 12.13276, 3.61198, -2.0417]"
43,sub7,supLP120,0,sub7-b2__0005__walk.npy,20,walk,20,0.9999958,1,"[1.90716, -3.04207, -1.14653, -5.55296, -2.98752, 1.20259, 2.56939, -2.19923, -2.28261, -1.27964, -0.35476, -2.74044, 2.64636, -0.20346, -0.68315, -2.65776, -3.01326, 3.45016, -0.53564, 5.75509, 18.34395, 1.75816]"
43,sub7,supLP120,0,sub7-b2__0006__turnaround.npy,19,turnaround,19,0.9932417,1,"[4.83826, -0.11018, -1.93392, 0.08018, -0.41383, -1.88845, 4.01532, -1.04689, -3.1884, -2.08149, -2.7006, -1.8998, -0.99156, -0.56224, 0.83015, 1.27363, -2.31092, 0.26074, 1.56514, 10.56334, 4.16613, -0.81654]"
43,sub7,supLP120,0,sub7-b2__0007__walk.npy,20,walk,20,0.9999424,1,"[-3.53264, -3.58643, -3.36438, 0.39553, 2.18869, 0.18062, 0.37163, -3.35699, -3.2275, 3.82899, 0.66394, -2.41413, 4.58877, 0.68717, -5.33517, -4.52498, -2.84599, 1.84799, 0.91368, 3.75536, 15.13932, 1.17066]"
43,sub7,supLP120,0,sub7-b2__0008__turnaround.npy,19,turnaround,19,0.99197185,1,"[-2.48931, 1.48863, -4.30657, -5.79983, -0.84117, -0.76301, 2.93611, -0.05169, -1.72087, -3.32302, -1.06272, 1.56598, 1.8297, 1.99053, 2.11946, -1.25108, -1.72109, 0.87481, -1.43399, 10.63592, 5.63798, -1.37518]"
43,sub7,supLP120,0,sub7-b2__0009__walk.npy,20,walk,20,0.9999993,1,"[1.30405, -3.56239, -2.25298, -4.58249, -3.30112, 0.47806, 3.37105, -2.30881, -1.87428, -1.70562, 0.10877, -2.86518, 2.94126, 0.70458, -0.71077, -1.87439, -2.64113, 3.7205, -1.17247, 4.12173, 19.27348, 0.73472]"
43,sub7,supLP120,0,sub7-b2__0010__turnaround.npy,19,turnaround,19,0.9955413,1,"[5.19452, -0.43462, -1.59281, -0.49513, -0.49928, -1.76911, 3.89751, -2.15472, -3.18782, -1.64221, -2.4012, -1.54357, -0.78704, -1.07718, 1.40315, 0.81102, -2.35816, 0.41017, 0.50754, 11.11639, 4.05906, -0.68189]"
43,sub7,supLP120,0,sub7-b2__0011__walk.npy,20,walk,20,0.99994934,1,"[-3.20734, -3.46739, -3.01224, -0.0611, 3.49553, 0.20491, -0.20727, -3.43637, -3.53038, 4.48562, 0.28918, -2.56354, 3.7482, 0.38342, -5.81694, -4.46358, -1.48831, 1.57269, 0.50609, 3.31899, 15.2217, 0.7579]"
43,sub7,supLP120,0,sub7-b2__0012__turnaround.npy,19,turnaround,19,0.9951479,1,"[-2.67032, 1.19804, -2.15542, -5.84909, -0.24563, -0.27317, 1.07252, -1.60616, -1.47215, -0.6938, 0.55461, -0.21419, -0.52372, 1.4358, 1.33559, -1.50146, -1.94114, 1.48905, -0.33368, 11.04866, 5.63735, -1.56994]"
43,sub7,supLP120,0,sub7-b2__0013__walk.npy,20,walk,20,0.9999939,1,"[3.42958, -3.63739, -0.01266, -4.53934, -3.78585, 0.01787, 3.06587, -2.21264, -2.23303, -2.34825, -0.67222, -3.34358, 3.18352, -0.92197, -1.32537, -3.49796, -3.58402, 3.20232, 0.20173, 5.6478, 17.98948, 1.38291]"
43,sub7,supLP120,0,sub7-b2__0014__turnaround.npy,19,turnaround,19,0.99385345,1,"[4.39607, -0.07487, -1.97737, 0.6509, -0.29034, -1.85397, 3.52428, -1.45448, -3.39062, -1.78234, -2.25681, -1.79462, -0.27732, -0.74715, 0.60271, 0.74607, -2.56809, 0.30307, 0.91935, 10.42692, 4.37241, -0.25927]"
43,sub7,supLP120,0,sub7-b2__0015__walk.npy,20,walk,20,0.99998903,1,"[-3.88043, -2.86037, -4.61413, -1.90559, 2.17245, -0.72758, -0.05709, -4.10085, -2.87973, 3.86906, 1.11756, -2.39766, 4.0431, 1.5434, -2.91737, -3.92952, -1.45512, 2.74499, -0.30394, 5.1294, 17.15546, -1.36134]"
43,sub7,supLP120,0,sub7-b2__0016__turnaround.npy,19,turnaround,19,0.9998512,1,"[3.54558, 0.95373, -1.57021, -5.49301, -3.81562, 1.43049, 0.20298, -3.77784, -1.32705, -1.65591, 1.22184, 0.64783, 1.31203, -1.16548, 3.6968, -4.09487, -1.5685, 0.43004, -3.72058, 14.12063, 4.67105, -1.2997]"
43,sub7,supLP120,0,sub7-b2__0017__walk.npy,20,walk,20,0.99999726,1,"[3.1481, -4.15452, 0.74784, -5.40551, -4.91906, 0.12547, 3.15277, -2.45956, -1.23667, -2.03762, -0.26422, -2.99581, 3.7647, -2.42477, -0.47824, -3.63132, -2.96972, 3.03822, -0.80925, 5.16188, 18.49152, 1.99051]"
43,sub7,supLP120,0,sub7-b2__0018__turnaround.npy,19,turnaround,19,0.998514,1,"[6.51876, 1.28813, 0.06183, -1.23683, -2.99046, -1.43163, 1.87199, -2.05687, -1.58943, -2.38568, -3.24648, -0.05219, -2.35143, -2.58636, 1.86231, 0.0452, -2.46969, -0.0547, 3.26721, 13.10219, 1.20863, -3.26269]"
43,sub7,supLP120,0,sub7-b2__0019__walk.npy,20,walk,20,0.9999614,1,"[-1.4333, -2.46893, -3.63034, -0.76416, 2.04368, -0.33851, 0.10036, -3.95537, -3.40434, 3.92243, 0.21196, -3.01153, 3.36164, 0.10771, -4.02292, -4.41483, -1.21778, 0.67654, -0.32296, 4.49682, 15.38712, 0.26372]"
43,sub7,supLP120,0,sub7-b2__0020__turnaround.npy,19,turnaround,19,0.99921334,1,"[0.68078, 0.36287, -0.12082, -6.96419, -2.60714, 0.88302, -0.45351, -3.45025, -1.59532, -0.10084, 2.58754, -0.36538, 0.34555, -1.04903, 3.07117, -3.15205, -1.5107, 1.41844, -2.60475, 12.75634, 5.40448, -1.58156]"
43,sub7,supLP120,0,sub7-b2__0021__walk.npy,20,walk,20,0.9999989,1,"[4.13012, -4.69114, 0.07224, -3.46587, -4.87014, -0.77271, 3.96276, -2.50377, -1.79936, -2.46013, -0.7553, -3.66067, 2.5267, -0.87295, -0.9082, -3.66871, -3.55178, 2.2615, 1.17063, 5.63736, 19.67205, 0.74755]"
43,sub7,supLP120,0,sub7-b2__0022__turnaround.npy,19,turnaround,19,0.9985611,1,"[6.71246, 1.27179, -0.02597, -2.24569, -3.83805, -0.51488, 1.00442, -3.41447, -0.73282, -1.62891, -1.63504, -0.43922, -2.18436, -2.02717, 2.55077, -0.99013, -2.38176, -0.40295, 1.18542, 13.29246, 1.47572, -2.6657]"
43,sub7,supLP120,0,sub7-b2__0023__walk.npy,20,walk,20,0.99995685,1,"[-2.5339, -2.63995, -4.15112, -0.33556, 2.61886, -0.39583, 0.08981, -3.17272, -3.21925, 3.26658, -0.06276, -2.98441, 3.743, 0.82643, -4.48326, -4.09372, -1.30182, 1.39926, -0.08161, 4.88879, 15.48039, 0.04862]"
43,sub7,supLP120,0,sub7-b2__0024__turnaround.npy,19,turnaround,19,0.97957796,1,"[-1.54242, -0.46282, -0.99716, -6.55717, -1.05842, 0.09163, 2.19253, -3.00768, -1.15289, -0.56583, 1.28386, -0.61998, 0.4955, -0.47083, 2.97086, -2.54915, -0.92903, 1.8728, -3.13545, 10.93823, 7.02771, -0.61675]"
43,sub7,supLP120,0,sub7-b2__0025__hop.npy,9,hop,2,0.91569805,0,"[4.15504, -0.5726, 7.28037, -5.28502, -4.84259, -1.21251, -2.26752, -1.55639, 0.12332, 1.35277, 3.62341, 0.72143, 1.24861, -4.34792, 0.87604, -0.72909, -1.98937, 2.30177, -3.57892, 1.98096, -1.17053, -2.69753]"
43,sub7,supLP120,0,sub7-b2__0026__hop.npy,9,hop,17,0.6619005,0,"[-1.96937, -1.65017, 7.15699, -2.75429, 1.97365, 1.30068, 1.42734, -1.15746, -2.78446, 4.34548, -0.57963, -0.29668, 0.76405, -1.75193, -5.34555, 2.88939, -0.88196, 8.00865, -2.5308, 0.37832, 4.91448, -2.20918]"
43,sub7,supLP120,0,sub7-b2__0027__hop.npy,9,hop,2,0.93536794,0,"[-0.59569, -1.56548, 8.50855, -3.72162, -0.5748, 0.42281, -0.46437, -2.10075, -1.05702, 3.64157, 1.32665, 0.09637, 1.76343, -3.87061, -2.64903, 0.04374, -1.64567, 5.63757, -3.62139, 0.06338, 1.8218, -1.17551]"
43,sub7,supLP120,0,sub7-b2__0028__hop.npy,9,hop,2,0.47111607,0,"[1.94946, -1.58257, 7.03739, -4.43942, -0.37147, 0.46327, 0.89456, -1.80986, -2.02836, 4.15339, -1.01307, 0.17876, 0.9698, -4.03962, -3.67518, 0.74253, -0.73318, 7.03096, -2.79353, 0.53132, 4.12993, -1.51858]"
43,sub7,supLP120,0,sub7-b2__0029__hop.npy,9,hop,2,0.717393,0,"[-1.29539, -2.03054, 8.63222, -4.7956, 0.59381, 0.70031, 0.99041, -1.70781, -2.15497, 3.43116, 0.28718, 0.34983, 1.04807, -3.49725, -3.4868, 1.88227, -1.15002, 7.66484, -3.75567, 0.65036, 3.2192, -2.16832]"
43,sub7,supLP120,0,sub7-b2__0030__jump.npy,10,jump,10,0.99123645,1,"[2.36249, -1.18093, 7.83086, -5.44964, -8.6619, -1.88286, -6.69009, -4.33591, 1.98863, 3.915, 12.6868, -1.17603, 4.74049, -4.0317, 4.98953, -3.97616, -4.1771, -0.50615, -4.78423, 2.42636, -1.48594, -1.89359]"
43,sub7,supLP120,0,sub7-b2__0031__jump.npy,10,jump,10,0.99941754,1,"[0.90984, -1.045, 6.30007, -4.9806, -7.74476, -2.28114, -8.09564, -4.44006, 1.73273, 4.86276, 14.6303, -2.42309, 4.63469, -2.95977, 6.23675, -4.92253, -4.00156, -0.44899, -5.32233, 2.91028, -2.12019, -2.33086]"
43,sub7,supLP120,0,sub7-b2__0032__jump.npy,10,jump,10,0.99757713,1,"[1.4271, -1.2949, 6.75699, -5.8414, -7.61131, -2.61102, -7.4036, -4.32128, 1.77151, 4.07636, 13.14322, -1.14872, 4.28467, -3.10187, 5.36257, -3.86792, -3.88522, 0.44456, -4.859, 3.11841, -1.96307, -2.88664]"
43,sub7,supLP120,0,sub7-b2__0033__jump.npy,10,jump,10,0.99958414,1,"[3.01501, -0.37804, 5.55283, -4.90613, -9.24458, -2.99223, -7.6996, -5.06059, 2.44301, 2.48106, 14.83837, -1.60318, 4.8803, -2.84001, 6.5576, -4.56701, -4.38443, -0.90073, -4.5311, 2.85934, -2.98378, -3.23295]"
43,sub7,supLP120,0,sub7-b2__0034__jump.npy,10,jump,10,0.99395174,1,"[2.52438, -1.94987, 7.58858, -5.88457, -8.13484, -2.57313, -6.64089, -4.2301, 1.52136, 3.94785, 12.93471, -0.40617, 5.10879, -4.45598, 5.70622, -4.3178, -3.73439, -0.2081, -5.15898, 2.23039, -1.64174, -2.31654]"
43,sub7,supLP120,0,sub7-b2__0035__runonspot.npy,13,runonspot,13,0.97059286,1,"[2.46436, 2.75731, -2.06681, -0.64464, 1.23537, -4.38903, -2.48417, -0.96947, 1.00689, 1.21763, -1.86341, -0.80297, -1.48266, 7.89228, -1.87272, 3.05187, -1.51536, 0.97036, 2.80207, 0.31778, -4.21954, -3.39286]"
43,sub7,supLP120,0,sub7-b2__0036__runonspot.npy,13,runonspot,13,0.9773506,1,"[1.49647, 3.95722, -2.25852, -1.03535, 1.87361, -4.50215, -3.81969, -1.27774, 1.15221, 1.83165, -1.56798, -1.59978, -2.96304, 8.53952, -1.45151, 1.41632, -1.49222, 1.41048, 3.44035, 1.53713, -4.16768, -4.48169]"
43,sub7,supLP120,0,sub7-b2__0037__runonspot.npy,13,runonspot,13,0.98873246,1,"[0.54548, 2.16112, -1.54911, -0.64786, 3.03249, -4.44842, -3.16717, -0.45376, 0.44481, 1.82494, -1.48732, -0.87969, -2.595, 8.82232, -3.10428, 2.60367, -2.11247, 1.70356, 2.67041, 0.95843, -3.89835, -5.0036]"
43,sub7,supLP120,0,sub7-b2__0038__runonspot.npy,13,runonspot,13,0.98315376,1,"[-0.02153, 2.84592, -1.80276, 0.07199, 1.30577, -3.97578, -3.37865, -0.51254, 0.98169, 0.42979, -1.39887, -0.56387, -2.89421, 8.72343, -1.74707, 2.19506, -2.50273, 1.80178, 4.04877, 1.33463, -4.29302, -5.32984]"
43,sub7,supLP120,0,sub7-b2__0039__runonspot.npy,13,runonspot,13,0.9956216,1,"[-0.37179, 1.83553, -2.06017, -0.21228, 4.35697, -4.23924, -2.26223, -1.38383, 0.63026, 3.60276, -1.30425, -1.77632, -2.05727, 10.5239, -4.18906, 2.98395, -2.14172, 1.69483, 2.48583, -0.2932, -4.01579, -3.99958]"
43,sub7,supLP120,0,sub7-b2__0040__runonspot.npy,13,runonspot,13,0.9778041,1,"[0.3525, 1.92439, -1.25034, 0.25718, 3.7679, -4.43856, -2.15963, 0.34356, 0.59324, 2.24062, -2.3645, -1.14887, -2.34357, 8.51907, -3.50647, 3.50939, -1.52609, 1.02181, 2.27899, 0.06537, -4.47209, -4.09862]"
43,sub7,supLP120,0,sub7-b2__0041__buttkicks.npy,4,buttkicks,9,0.62164605,0,"[0.2059, 1.90089, 2.25079, -3.65515, 9.47598, -2.50858, -3.73956, -0.61685, -1.68666, 9.9785, -0.39917, -4.7253, -5.42122, 3.624, -3.53709, 1.3372, 0.67332, 2.65842, -2.69411, 0.49091, -5.29897, -3.93465]"
43,sub7,supLP120,0,sub7-b2__0042__buttkicks.npy,4,buttkicks,4,0.78612757,1,"[-2.01628, 0.9937, 3.15823, -2.81682, 12.69966, -2.71439, -2.77358, -0.63231, -2.11863, 11.39618, -1.4818, -5.19418, -5.24776, 4.41413, -4.76139, 1.801, 0.58419, 3.58912, -3.29271, -0.49276, -4.62391, -3.83144]"
43,sub7,supLP120,0,sub7-b2__0043__buttkicks.npy,4,buttkicks,4,0.9667978,1,"[-1.1948, 2.07321, 0.68808, -1.74969, 14.05741, -3.94343, -3.35731, -0.12208, -2.25625, 10.671, -2.56905, -4.89489, -6.37947, 6.39753, -6.40365, 3.34355, 1.09999, 2.19668, -1.78307, -0.58464, -5.57632, -4.5942]"
43,sub7,supLP120,0,sub7-b2__0044__buttkicks.npy,4,buttkicks,4,0.9633895,1,"[-2.29213, 1.84686, 0.65328, -1.32608, 13.91928, -4.22558, -3.80234, -0.58408, -2.04063, 10.59807, -1.61438, -4.6377, -5.16701, 7.62764, -7.24222, 3.09066, 0.17458, 2.48732, -1.60039, -0.79366, -5.01966, -4.7545]"
43,sub7,supLP120,0,sub7-b2__0045__buttkicks.npy,4,buttkicks,4,0.9477758,1,"[-2.24586, 0.74444, 2.06079, -2.4348, 14.07701, -3.34112, -2.57554, -0.42103, -3.05685, 11.17575, -2.14843, -5.05178, -5.29382, 4.71364, -6.35695, 2.79724, 0.39954, 3.93205, -2.67534, -0.39986, -3.19256, -3.93371]"
43,sub7,supLP120,0,sub7-b2__0046__airkick.npy,0,airkick,0,0.9963797,1,"[13.47328, -3.52852, 0.61987, -3.84576, -7.39653, -2.58283, -0.34887, -4.88066, 1.19068, -1.83622, 1.66778, -1.01572, 3.32079, -4.34149, 3.05028, -6.87216, -3.63812, -1.7739, -2.26803, 4.2971, 7.80099, 1.07732]"
43,sub7,supLP120,0,sub7-b2__0047__airkick.npy,0,airkick,0,0.99962723,1,"[13.71726, -3.37554, 0.12469, -2.94301, -6.45048, -2.80294, -1.6782, -5.04099, 0.7136, -0.69961, 3.32485, -0.73979, 3.66092, -3.79437, 2.41434, -7.00482, -2.53658, -2.22139, -2.70909, 2.8665, 5.46233, 0.68557]"
43,sub7,supLP120,0,sub7-b2__0048__airkick.npy,0,airkick,20,0.99170566,0,"[8.69677, -4.40333, 1.97593, -3.6968, -4.69295, -1.53591, 1.37843, -4.50272, -0.94957, -0.28775, 0.46337, -1.57368, 3.65208, -3.66183, -0.62175, -5.86041, -3.1418, 0.1408, -1.05649, 3.81092, 13.49776, 1.19077]"
43,sub7,supLP120,0,sub7-b2__0049__airkick.npy,0,airkick,20,0.7737694,0,"[9.43977, -4.04599, 2.18381, -4.35235, -3.24445, -2.16415, 0.79726, -4.61069, -1.33846, 1.03525, 1.043, -1.57572, 2.91756, -2.89901, -1.00063, -5.88597, -2.80456, 1.36444, -1.45622, 4.20034, 10.67802, -0.91803]"
43,sub7,supLP120,0,sub7-b2__0050__airkick.npy,0,airkick,20,0.9923653,0,"[9.70613, -4.29868, 0.89062, -3.19796, -6.72086, -1.44328, 0.45839, -4.49265, 0.14882, -1.49094, 0.95797, -2.19276, 4.271, -3.60399, 0.2421, -5.91644, -3.88363, -1.25999, -1.29697, 3.38308, 14.58083, 2.2011]"
43,sub7,supLP120,0,sub7-b2__0051__sidekick.npy,14,sidekick,14,0.9762115,1,"[3.97431, -0.9272, 7.40654, -5.19904, -4.04954, 0.57977, -1.56309, -2.73246, 1.02928, 2.35904, 1.34138, -1.93751, -1.79238, -8.99915, 11.22329, -3.76468, 1.1221, 1.49471, -5.60457, 4.56273, -0.61339, -1.82398]"
43,sub7,supLP120,0,sub7-b2__0052__sidekick.npy,14,sidekick,14,0.99874973,1,"[3.316, 0.71927, 5.45173, -5.8491, -8.55978, 0.7023, -3.09534, -3.1174, 3.27679, -1.00982, 3.67445, -0.74996, -0.67951, -7.12592, 13.76834, -3.69956, -0.38263, 1.58572, -4.83731, 6.75242, -1.33923, -3.64486]"
43,sub7,supLP120,0,sub7-b2__0053__sidekick.npy,14,sidekick,14,0.9977004,1,"[1.92827, 0.09152, 6.55837, -5.16696, -7.38487, 0.3737, -3.43102, -3.16469, 2.89703, 0.60782, 4.48736, -1.5492, -0.91548, -7.11041, 13.13387, -2.61561, -0.22631, 1.79302, -4.24541, 5.81302, -1.96125, -3.25932]"
43,sub7,supLP120,0,sub7-b2__0054__sidekick.npy,14,sidekick,14,0.99942744,1,"[2.69013, -0.61948, 6.84934, -4.88181, -5.75594, 0.39569, -2.52365, -3.08373, 2.46697, 2.13711, 2.77349, -2.23666, -1.53996, -8.28697, 14.53294, -3.1419, 0.49685, 1.46197, -4.88093, 5.14151, -1.63259, -3.43037]"
43,sub7,supLP120,0,sub7-b2__0055__sidekick.npy,14,sidekick,14,0.997936,1,"[2.09216, 0.53392, 6.27361, -5.44907, -7.46532, 0.57519, -3.84897, -3.33742, 3.38781, 0.66192, 4.21886, -1.82288, -1.45926, -6.94726, 13.06978, -2.49893, 0.08582, 2.04225, -3.80659, 5.79977, -2.15673, -3.73701]"
43,sub7,supLP120,0,sub7-b2__0056__sidekick.npy,14,sidekick,14,0.9994691,1,"[3.11179, 0.09621, 6.80084, -6.13608, -5.93915, 0.47469, -2.37788, -2.6975, 2.44157, 1.029, 1.3615, -1.37434, -2.84607, -8.57446, 14.85339, -2.59506, 0.98185, 2.03522, -4.14994, 6.30411, -2.13243, -4.28043]"
43,sub7,supLP120,0,sub7-b2__0057__crosstoe.npy,6,crosstoe,6,0.9991211,1,"[-4.83986, -5.91867, 7.69519, -2.9098, -2.47223, -2.04372, 16.19032, -1.13386, -0.28637, -6.33328, -4.16768, 2.02149, -0.55506, -3.50123, 7.1512, 5.09168, -2.71628, 8.65024, 0.70498, 4.24497, 3.25301, -2.67398]"
43,sub7,supLP120,0,sub7-b2__0058__crosstoe.npy,6,crosstoe,6,0.9987336,1,"[-4.96301, -5.87435, 7.13348, -2.58835, -2.03394, -2.13876, 16.29204, -1.61167, -0.66321, -6.55845, -4.49375, 1.86083, -0.67549, -3.88751, 8.37109, 4.71892, -2.19574, 9.13657, 0.50665, 4.42431, 2.9906, -2.37358]"
43,sub7,supLP120,0,sub7-b2__0059__crosstoe.npy,6,crosstoe,6,0.99919575,1,"[-4.94613, -6.19466, 7.75231, -2.53101, -2.18213, -2.00489, 16.73454, -1.68463, -0.65921, -6.61533, -4.42731, 1.91007, -0.73494, -4.18579, 8.78756, 4.60835, -2.18684, 8.67224, 0.31475, 4.28725, 2.37181, -2.2496]"
43,sub7,supLP120,0,sub7-b2__0060__crosstoe.npy,6,crosstoe,6,0.99956805,1,"[-4.74778, -6.03308, 7.04468, -2.71821, -1.32361, -1.80756, 17.15738, -1.83753, -1.19901, -6.40025, -4.69935, 1.58245, -1.06999, -3.57275, 8.83325, 5.05085, -2.44505, 8.26939, 0.51304, 4.9118, 2.24556, -2.23626]"
43,sub7,supLP120,0,sub7-b2__0061__crosstoe.npy,6,crosstoe,6,0.99924314,1,"[-4.64659, -6.13686, 7.24951, -3.20021, -1.73091, -2.33627, 16.33107, -1.33815, -0.82301, -6.22718, -4.4808, 1.80054, -0.52876, -3.39043, 7.88627, 5.45295, -2.46759, 8.49519, 0.10535, 4.86977, 3.69735, -2.98445]"
43,sub7,supLP120,0,sub7-b2__0062__throw.npy,18,throw,18,0.99404716,1,"[-2.13058, 5.05066, -0.34297, 1.43036, -2.7617, 3.62553, -0.25262, 0.64424, 0.1227, -0.52073, -3.45507, -2.32119, -4.36853, 0.24172, -1.74444, 2.41817, 0.77897, 0.97525, 10.55097, 2.08342, -4.5193, -5.31153]"
43,sub7,supLP120,0,sub7-b2__0063__throw.npy,18,throw,18,0.998178,1,"[-0.60479, 4.80578, -1.47786, -0.49037, -2.76885, 2.2316, -0.50608, 0.97857, 0.38521, -0.71974, -3.58076, -1.77369, -3.82234, 1.68508, -2.66922, 1.39085, -0.26183, -0.19839, 11.56247, 3.74391, -3.0973, -5.32178]"
43,sub7,supLP120,0,sub7-b2__0064__throw.npy,18,throw,18,0.9945688,1,"[-0.4166, 3.46733, -0.77549, 1.10256, -1.6781, 3.72927, -0.26043, 1.07731, -0.83073, 0.43804, -3.47011, -2.46143, -4.16634, 1.19421, -2.77769, 1.00853, 0.17779, 0.25445, 9.84228, 2.32503, -2.8606, -4.07284]"
43,sub7,supLP120,0,sub7-b2__0065__throw.npy,18,throw,18,0.9950269,1,"[-1.15179, 3.58059, 1.05939, 1.34286, -2.29328, 4.08439, -0.48089, 1.50136, -0.20113, -0.77317, -2.83046, -2.77869, -4.4505, 0.00814, -2.48384, 2.15511, -0.31018, 1.41763, 10.24776, 2.86063, -3.87224, -4.52359]"
43,sub7,supLP120,0,sub7-b2__0066__throw.npy,18,throw,18,0.9898437,1,"[-1.40169, 2.66909, 0.19588, 1.78045, -1.13937, 4.27843, 0.83975, 0.8682, -1.30683, 0.01705, -3.27933, -2.94914, -4.05509, 0.46745, -2.67049, 1.63646, 0.53759, 2.06724, 9.3777, 1.48516, -2.80801, -3.18649]"
43,sub7,supLP120,0,sub7-b2__0067__walk.npy,20,walk,20,0.9999937,1,"[3.84517, -3.17368, -2.139, -2.62371, -4.81481, -0.8526, 2.85945, -1.77115, -1.97418, -2.48869, -0.42564, -3.05577, 0.73916, 1.53301, -1.5451, -0.81007, -3.9451, 0.35788, 1.16073, 5.31531, 17.59622, -0.88993]"
43,sub7,supLP120,0,sub7-b2__0068__turnaround.npy,19,turnaround,19,0.9979305,1,"[6.43749, -0.01975, 0.04734, -2.0534, -2.35553, -0.89766, 0.49443, -4.37019, -2.01302, 0.00057, 0.61027, -1.05235, -1.03872, -1.37198, 0.70846, -0.69387, -3.46594, -0.06211, -1.62253, 12.65379, 2.47996, -1.36549]"
43,sub7,supLP120,0,sub7-b2__0069__walk.npy,20,walk,20,0.9999517,1,"[-1.72602, -2.38855, -4.52149, -0.5604, 1.84383, -0.80324, 0.4895, -3.30343, -3.3658, 2.42209, -0.23517, -2.51093, 3.55278, 1.05428, -3.46698, -3.70881, -1.07009, 0.81336, -0.18509, 5.2623, 15.48255, -0.66878]"
43,sub7,supLP120,0,sub7-b2__0070__turnaround.npy,19,turnaround,19,0.99845433,1,"[0.28921, -0.24088, 0.20799, -6.24814, -1.70856, 0.77963, 1.13762, -3.42877, -1.63384, -0.73897, 1.61738, -0.6312, -0.31095, -1.20317, 3.34759, -2.53885, -1.48847, 1.57704, -2.66123, 12.08023, 5.40663, -1.03559]"
43,sub7,supLP120,0,sub7-b2__0071__walk.npy,20,walk,20,0.99999905,1,"[4.34264, -4.60969, 0.59535, -3.42655, -4.3876, -1.06186, 1.55919, -3.17067, -2.16592, -0.75042, 0.6215, -3.65152, 3.17441, -1.18056, -2.01215, -5.08286, -3.99679, 1.86985, 0.09044, 5.10861, 19.49812, 0.93701]"
43,sub7,supLP120,0,sub7-b2__0072__turnaround.npy,19,turnaround,19,0.9964378,1,"[5.08712, -0.46646, -1.49916, -1.04953, -0.73547, -1.62572, 1.94396, -3.62877, -2.79812, 0.37843, -0.74965, -0.94382, 0.70448, -0.52648, -0.47338, -0.12042, -2.64174, 0.36236, -1.57703, 11.30681, 4.71321, -0.7501]"
43,sub7,supLP120,0,sub7-b2__0073__walk.npy,20,walk,20,0.9999703,1,"[-2.1148, -2.58671, -4.49584, -0.59456, 2.31405, -0.87259, 0.6052, -3.07776, -3.25095, 2.48526, -0.65265, -2.6156, 3.54986, 0.9228, -4.00271, -3.62698, -1.07037, 1.30132, -0.16079, 5.4072, 16.1004, -0.46042]"
43,sub7,supLP120,0,sub7-b2__0074__turnaround.npy,19,turnaround,19,0.99834013,1,"[0.66401, 0.36155, 0.12853, -6.72659, -2.3582, 1.3123, 0.18752, -3.66938, -1.61685, 0.1219, 1.73763, -0.4882, -0.09513, -1.847, 3.15573, -3.12131, -1.59922, 1.21005, -2.78338, 12.85516, 6.3812, -1.05834]"
43,sub7,supLP120,0,sub7-b2__0075__walk.npy,20,walk,20,0.99999917,1,"[2.90596, -4.83374, 1.25949, -3.02487, -4.09618, -0.71451, 2.5153, -3.27227, -2.25268, -0.6113, 0.70663, -3.302, 3.86734, -1.65313, -1.80712, -5.06508, -3.28298, 2.24714, -0.23635, 4.27507, 19.16499, 0.75488]"
43,sub7,supLP120,0,sub7-b2__0076__turnaround.npy,19,turnaround,19,0.99556655,1,"[7.53011, 0.96592, -0.66891, -2.16391, -3.48503, -0.92912, -1.27031, -4.38509, -1.12294, -0.206, 1.27671, -1.28997, -0.79462, -0.45023, 1.04288, -1.17084, -2.97177, -0.49036, -1.23289, 12.95409, 1.4192, -1.99901]"
43,sub7,supLP120,0,sub7-b2__0077__walk.npy,20,walk,20,0.99994826,1,"[-1.583, -2.41058, -4.60263, -0.70897, 1.17791, -0.9143, 0.59153, -3.27518, -2.78855, 2.19047, -0.43464, -2.4571, 4.04688, 0.36296, -3.73852, -3.98492, -0.87764, 1.07565, -0.29583, 5.87951, 15.94901, -0.70104]"
43,sub7,supLP120,0,sub7-b2__0078__turnaround.npy,19,turnaround,19,0.9894911,1,"[-1.19203, -0.67888, -0.45194, -6.21599, -0.70906, 0.42607, 2.73958, -2.93363, -1.70395, -0.98837, 0.41241, -0.29263, -0.28085, 0.52592, 2.19235, -1.14368, -1.43341, 2.15706, -2.18467, 11.33793, 6.74372, -1.1946]"
43,sub7,supLP120,0,sub7-b2__0079__walk.npy,20,walk,20,0.9999993,1,"[3.58716, -4.6226, 0.31298, -3.41024, -3.94654, -0.42843, 1.98062, -2.91965, -2.45196, -0.53818, 0.48525, -3.50925, 3.26625, -1.03855, -2.60832, -4.92364, -3.49387, 1.94711, -0.01966, 4.64306, 19.32204, 0.52077]"
43,sub7,supLP120,0,sub7-b2__0080__turnaround.npy,19,turnaround,19,0.9956162,1,"[8.21612, 0.40925, 0.82729, -2.74118, -4.2756, -0.94589, -1.44508, -4.89879, -0.58735, 0.0658, 1.43664, -1.3463, -1.08441, -1.59602, 1.70066, -1.26752, -3.13925, -0.3469, -1.66771, 13.64716, 1.00711, -2.08457]"
43,sub7,supLP120,0,sub7-b2__0081__walk.npy,20,walk,20,0.99993837,1,"[-2.57725, -2.41302, -4.6156, -0.8697, 1.60842, -0.84282, 0.46029, -3.4598, -2.83874, 2.22946, -0.1065, -2.14702, 4.24435, 0.60451, -3.67115, -3.99055, -0.96427, 1.4376, -0.51772, 5.87835, 15.80953, -0.93085]"
43,sub7,supLP120,0,sub7-b2__0082__turnaround.npy,19,turnaround,19,0.9969969,1,"[0.1737, -0.35357, 0.08374, -6.15386, -1.54092, 0.95465, 1.78168, -3.56725, -1.51257, -0.54613, 0.58948, -0.14091, -0.11536, -1.22844, 3.19677, -2.57317, -1.12205, 1.34329, -2.86781, 12.01265, 6.11112, -0.69022]"
43,sub7,supLP120,0,sub7-b2__0083__walk.npy,20,walk,20,0.999998,1,"[4.55831, -4.41249, 1.9133, -4.10066, -3.66446, -1.17374, 1.23139, -2.98563, -2.39721, 0.39177, 0.31209, -3.92851, 2.93763, -1.68043, -3.37391, -5.27379, -3.94544, 2.43258, 0.19789, 5.15382, 18.88367, 0.73264]"
43,sub7,supLP120,0,sub7-b2__0084__turnaround.npy,19,turnaround,19,0.9984301,1,"[6.50554, 0.77919, 0.09396, -1.20632, -3.00814, -0.50557, -2.77785, -4.97981, -1.42825, 0.51818, 2.52002, -1.60312, -0.09732, -0.58659, -0.36042, -0.83362, -3.05744, 0.28129, -2.25126, 12.99731, 0.62325, -2.00418]"
43,sub7,supLP120,0,sub7-b2__0085__walk.npy,20,walk,20,0.999967,1,"[-1.51677, -2.37536, -4.62464, -0.98742, 1.57856, -0.95045, 0.24186, -3.43275, -3.18589, 2.29057, 0.01653, -2.60817, 3.64944, 1.04556, -3.51339, -3.76074, -0.90037, 0.96593, -0.26718, 5.67911, 16.196, -0.95538]"
43,sub7,supLP120,0,sub7-b2__0086__turnaround.npy,19,turnaround,19,0.9960955,1,"[-0.2146, -0.87052, 0.98218, -6.91737, -1.7599, 0.38395, 1.01995, -2.70897, -0.8972, -1.16494, 2.41718, -0.64241, -0.13864, -1.63962, 4.35414, -2.21375, -1.49643, 2.15641, -2.96276, 10.87357, 4.5836, -1.46582]"
43,sub7,supLP120,0,sub7-b2__0087__hop.npy,9,hop,2,0.7648155,0,"[0.51688, -1.12045, 7.92458, -5.26998, 2.38596, 0.43185, -0.78626, -1.86478, -2.1768, 5.67261, 0.83582, -1.47292, -0.879, -3.44951, -2.52891, 0.63288, -0.07878, 6.28351, -5.11864, 0.23586, 0.21004, -2.4036]"
43,sub7,supLP120,0,sub7-b2__0088__hop.npy,9,hop,2,0.41731727,0,"[1.78329, -1.89518, 6.22497, -4.03904, -0.7392, -0.36609, -0.69169, -1.85191, -1.3539, 4.23421, 0.63194, -0.60968, 1.43369, -3.29341, -3.94882, 0.10398, -1.42377, 5.95927, -2.78338, 0.60366, 5.44119, -1.47356]"
43,sub7,supLP120,0,sub7-b2__0089__hop.npy,9,hop,2,0.39984193,0,"[-1.28253, -1.29499, 6.5051, -3.56985, 0.26045, 0.81064, -1.90052, -1.60658, -1.52121, 5.33522, 2.18563, -1.08019, 2.37175, -2.47526, -4.55264, -0.46229, -1.3134, 5.94205, -3.23836, -0.1733, 5.96235, -1.57491]"
43,sub7,supLP120,0,sub7-b2__0090__hop.npy,9,hop,17,0.5388871,0,"[-0.89568, -1.9323, 5.30644, -2.99771, 1.78171, 0.3793, -0.14451, -0.86974, -2.25107, 4.74212, -0.03663, -0.97221, 0.79296, -1.68899, -5.29551, 1.77098, -0.59425, 7.0908, -2.52746, -0.55323, 6.53791, -1.67548]"
43,sub7,supLP120,0,sub7-b2__0091__hop.npy,9,hop,9,0.46699122,1,"[0.99459, -0.16066, 2.44737, -2.62614, 2.35855, -0.55471, -2.40008, -0.32037, -1.63565, 5.0228, 0.10342, -1.0652, 1.19332, -1.54659, -5.69225, 0.29206, 0.15676, 4.77072, -2.96972, -1.62367, 2.97164, -0.35541]"
43,sub7,supLP120,0,sub7-b2__0092__jump.npy,10,jump,10,0.99953294,1,"[2.38004, -0.34808, 5.70042, -4.95332, -9.57591, -3.2715, -8.17127, -4.79219, 2.76448, 1.97765, 15.04224, -1.44812, 5.22586, -2.34925, 6.95963, -4.03177, -4.67411, -0.63711, -4.58985, 2.97553, -3.40495, -3.27076]"
43,sub7,supLP120,0,sub7-b2__0093__jump.npy,10,jump,10,0.9946562,1,"[2.64667, -1.66817, 7.7744, -5.88541, -7.91423, -2.82929, -6.92953, -4.13213, 1.94956, 4.54782, 13.18984, -0.99208, 3.74522, -4.08161, 5.79172, -3.88933, -3.47117, -0.10085, -5.18221, 2.03616, -2.46808, -2.68303]"
43,sub7,supLP120,0,sub7-b2__0094__jump.npy,10,jump,10,0.9974498,1,"[3.14428, -1.94656, 7.98775, -5.86756, -8.28438, -2.49379, -7.2971, -4.57196, 1.71483, 5.56652, 14.17492, -1.75973, 4.52495, -4.45075, 5.79366, -4.83256, -3.70092, -0.69596, -5.5211, 1.74626, -1.79979, -2.14895]"
43,sub7,supLP120,0,sub7-b2__0095__jump.npy,10,jump,10,0.9997502,1,"[2.09004, -1.10539, 5.63184, -4.69665, -8.17492, -3.33946, -8.6423, -4.50113, 2.55031, 5.51657, 15.50457, -2.64771, 3.8016, -2.38574, 6.62358, -4.63594, -3.69241, -0.74019, -5.04764, 1.65423, -2.94502, -2.44811]"
43,sub7,supLP120,0,sub7-b2__0096__jump.npy,10,jump,10,0.9839168,1,"[3.94064, -1.71392, 7.20215, -6.50691, -5.8471, -2.36641, -6.5522, -3.90241, 1.17114, 6.59503, 11.82281, -1.43324, 2.12506, -3.86824, 4.4723, -3.70121, -2.20386, 0.0707, -5.07035, 0.76125, -2.8181, -2.84538]"
43,sub7,supLP120,0,sub7-b2__0097__jump.npy,10,jump,10,0.9996712,1,"[3.09259, -2.00865, 6.10668, -4.8812, -8.72201, -4.03471, -7.94251, -4.65204, 1.92447, 3.84895, 15.6026, -0.59621, 5.60175, -3.77948, 7.06099, -4.94324, -3.82474, -1.42004, -5.27326, 0.8537, -2.85109, -2.78413]"
43,sub7,supLP120,0,sub7-b2__0098__runonspot.npy,13,runonspot,13,0.9939102,1,"[0.21139, 4.16442, -3.20686, 0.21297, 6.98353, -6.30978, -5.07829, -1.49977, 1.04282, 6.23805, -1.02458, -3.40914, -4.15526, 12.55077, -3.43961, 1.61776, -1.51653, 0.1868, 4.12714, -1.0524, -5.54113, -4.95141]"
43,sub7,supLP120,0,sub7-b2__0099__runonspot.npy,13,runonspot,13,0.9947796,1,"[0.43621, 3.4662, -3.16128, 0.93775, 6.54179, -5.27896, -4.83284, -0.79227, 0.67755, 5.04128, -1.8214, -2.26377, -4.41136, 12.09356, -4.27604, 1.92928, -1.20847, -0.43204, 3.74649, -0.53053, -5.59082, -5.03733]"
43,sub7,supLP120,0,sub7-b2__0100__runonspot.npy,13,runonspot,13,0.9911404,1,"[-0.9548, 2.47076, -2.35751, -0.09693, 7.93464, -5.65103, -4.3106, -1.43009, 0.5362, 5.73793, -0.64595, -2.52669, -3.4604, 12.76926, -5.35144, 1.99101, -2.01277, 0.99367, 2.36828, -1.22369, -4.96164, -5.30823]"
43,sub7,supLP120,0,sub7-b2__0101__runonspot.npy,13,runonspot,13,0.7980144,1,"[-1.10253, 1.64359, -1.70222, 0.51383, 10.85666, -4.90867, -3.05576, -0.8349, -1.457, 8.22392, -1.02637, -3.00924, -3.25061, 12.30033, -7.59458, 1.93679, -1.34559, -0.15831, 0.05473, -1.51912, -3.99584, -4.5714]"
43,sub7,supLP120,0,sub7-b2__0102__runonspot.npy,13,runonspot,13,0.99381196,1,"[0.24918, 1.69459, -2.97956, -0.39458, 6.97043, -5.35875, -3.96374, -0.90437, -0.17093, 5.04581, -0.93603, -1.49926, -2.30954, 12.20482, -5.01809, 0.85657, -1.86088, -0.62447, 2.37856, -0.91402, -3.87456, -4.77105]"
43,sub7,supLP120,0,sub7-b2__0103__runonspot.npy,13,runonspot,13,0.99696106,1,"[1.27673, 2.25539, -2.8849, 0.60811, 5.40501, -5.80881, -3.91997, -0.36836, 0.09983, 3.87905, -1.14147, -1.10903, -2.87771, 11.52657, -3.77255, 1.56897, -1.7249, -0.63698, 2.68624, -1.08419, -4.53566, -4.99413]"
43,sub7,supLP120,0,sub7-b2__0104__buttkicks.npy,4,buttkicks,4,0.994766,1,"[-0.29631, 1.32359, -0.54671, -0.94212, 17.72, -3.75621, -3.21255, -0.27502, -3.41584, 12.47154, -2.8314, -6.96517, -8.29761, 5.56689, -5.62137, 2.36744, 2.4123, 1.344, -2.34651, -0.4485, -4.92128, -4.41276]"
43,sub7,supLP120,0,sub7-b2__0105__buttkicks.npy,4,buttkicks,4,0.99226975,1,"[0.03101, 1.65176, -0.52007, -0.85962, 16.47495, -4.14177, -3.02252, -0.44508, -3.31984, 11.61742, -3.19175, -6.33088, -7.2063, 5.58995, -5.66792, 2.08533, 1.70373, 1.95951, -2.14096, -0.27961, -4.17735, -4.1408]"
43,sub7,supLP120,0,sub7-b2__0106__buttkicks.npy,4,buttkicks,4,0.98194927,1,"[0.22571, 1.69341, -0.13876, -0.25965, 15.0806, -4.0417, -2.63778, -0.11327, -3.55978, 11.07222, -2.27101, -5.63796, -5.64393, 6.62857, -6.90613, 1.98542, 0.37683, 1.19221, -1.89064, -0.85393, -3.82472, -3.68311]"
43,sub7,supLP120,0,sub7-b2__0107__buttkicks.npy,4,buttkicks,4,0.9701352,1,"[0.97391, 1.11764, -0.0139, -1.36309, 15.7991, -3.28597, -2.93883, -0.52076, -3.42631, 12.31793, -2.41862, -7.01725, -7.60793, 4.1544, -4.91185, 1.51412, 2.56619, 1.5418, -2.44604, -0.45085, -4.58679, -3.41289]"
43,sub7,supLP120,0,sub7-b2__0108__buttkicks.npy,4,buttkicks,4,0.97505355,1,"[-0.04344, -0.03082, 1.33365, -1.66446, 16.39367, -3.03059, -1.76432, -0.59557, -4.16364, 12.72776, -2.31994, -6.41328, -5.99228, 3.07793, -5.57697, 1.49204, 1.69158, 2.31798, -3.4278, -0.56054, -2.50748, -3.34406]"
43,sub7,supLP120,0,sub7-b2__0109__buttkicks.npy,4,buttkicks,4,0.9906475,1,"[1.18591, -0.03117, 1.00319, -2.03531, 15.85334, -3.13642, -1.82927, -1.03394, -4.5048, 11.18994, -2.55749, -5.98674, -6.10065, 2.72066, -5.84367, 2.18494, 1.80851, 2.41183, -3.41731, -0.00134, -2.31813, -3.41292]"
43,sub7,supLP120,0,sub7-b2__0110__airkick.npy,0,airkick,20,0.9615725,0,"[10.8175, -4.28843, 0.39177, -2.66609, -5.53091, -1.64799, 1.25414, -4.45204, -0.43621, -0.91391, -0.41896, -2.36012, 3.54338, -3.34954, -1.05433, -5.73401, -3.67537, -1.13877, -0.44918, 3.21854, 14.03889, 2.41258]"
43,sub7,supLP120,0,sub7-b2__0111__airkick.npy,0,airkick,0,0.6564367,1,"[12.13297, -4.27658, 1.64709, -2.50854, -6.6191, -2.14209, 0.00928, -5.10994, 0.59911, -0.58124, 1.39566, -2.40237, 3.62088, -3.99911, 0.60447, -5.78325, -3.73508, -1.89203, -1.49998, 2.46106, 11.48474, 2.41297]"
43,sub7,supLP120,0,sub7-b2__0112__airkick.npy,0,airkick,0,0.99976724,1,"[14.63582, -3.06687, 0.43677, -2.4563, -7.06239, -2.16953, -0.2891, -4.37858, 1.64535, -2.23778, 0.72253, -1.67877, 2.25039, -5.02616, 2.78172, -6.02024, -2.74192, -3.43332, -1.82648, 2.19764, 6.15057, 2.70945]"
43,sub7,supLP120,0,sub7-b2__0113__airkick.npy,0,airkick,0,0.999236,1,"[14.29927, -3.4303, 0.627, -2.47508, -6.33407, -2.39929, -0.51857, -5.05669, 1.06518, -1.16805, 1.48952, -1.5892, 2.90591, -4.47675, 0.98789, -5.97794, -2.6248, -2.53988, -1.91578, 1.85197, 7.08232, 2.44568]"
43,sub7,supLP120,0,sub7-b2__0114__airkick.npy,0,airkick,0,0.95980847,1,"[13.69812, -2.93015, -1.11612, -1.2732, -4.53484, -2.2231, -0.98578, -4.45349, -0.68889, 0.24801, 1.09778, -3.60823, 1.72486, -1.84775, -2.04545, -5.64077, -3.90452, -2.25908, -0.15635, 2.71769, 10.52395, 2.51546]"
43,sub7,supLP120,0,sub7-b2__0115__airkick.npy,0,airkick,0,0.999808,1,"[14.59349, -3.19653, 0.15716, -2.51246, -7.09928, -3.11572, -0.80441, -4.73063, 2.25212, -1.93799, 1.03417, -1.15917, 2.25846, -4.39162, 1.58786, -5.83909, -2.43739, -2.40417, -1.29238, 2.51642, 5.89884, 2.44864]"
43,sub7,supLP120,0,sub7-b2__0116__sidekick.npy,14,sidekick,14,0.99978036,1,"[4.38303, 0.41128, 6.6168, -4.9032, -6.424, 0.24278, -1.36943, -2.17054, 2.43488, -0.20739, 0.288, -0.51481, -2.55586, -9.14736, 15.33657, -2.80722, 1.26957, 1.01903, -5.00529, 5.04055, -3.05704, -3.22595]"
43,sub7,supLP120,0,sub7-b2__0117__sidekick.npy,14,sidekick,14,0.99968314,1,"[3.15536, 1.3403, 6.04974, -4.55473, -5.97078, 0.76818, -1.4025, -1.5888, 2.23175, -0.42456, 0.12208, -0.69535, -3.85725, -8.21149, 14.4476, -1.31201, 1.81664, 1.76617, -4.29447, 4.77614, -4.03487, -3.6364]"
43,sub7,supLP120,0,sub7-b2__0118__sidekick.npy,14,sidekick,14,0.99987566,1,"[3.76392, -0.21273, 6.17943, -4.0047, -6.04238, -0.30496, -0.64252, -2.85862, 2.38616, 0.00249, 0.50029, -1.17081, -1.4049, -8.78911, 15.57544, -3.1331, 0.20401, 0.78803, -4.54422, 5.17521, -2.3568, -2.49615]"
43,sub7,supLP120,0,sub7-b2__0119__sidekick.npy,14,sidekick,14,0.99913245,1,"[3.44157, 0.44285, 6.17865, -4.82784, -6.75911, 0.57618, -1.77316, -3.0394, 2.49655, -0.50586, 1.51772, -0.97506, -1.52949, -8.29356, 13.93313, -2.6731, 0.43878, 1.73389, -4.48248, 6.07365, -1.87562, -3.42336]"
43,sub7,supLP120,0,sub7-b2__0120__sidekick.npy,14,sidekick,14,0.9989838,1,"[4.59226, -0.35083, 6.50215, -3.81035, -5.6821, -0.49047, -1.09551, -3.36272, 2.24539, 0.45198, 0.68866, -1.66585, -0.84181, -9.09293, 13.6666, -3.44914, 0.4344, 0.89417, -4.30897, 4.51601, -1.3713, -2.39066]"
43,sub7,supLP120,0,sub7-b2__0121__crosstoe.npy,6,crosstoe,6,0.9994733,1,"[-4.94469, -6.44482, 8.19737, -3.1599, -1.80837, -2.32522, 16.82638, -1.46488, -0.89493, -6.38585, -4.38971, 2.25308, -0.34364, -3.97067, 8.07946, 4.83692, -2.7813, 8.17978, -0.03204, 4.64842, 3.46067, -2.75159]"
43,sub7,supLP120,0,sub7-b2__0122__crosstoe.npy,6,crosstoe,6,0.99916816,1,"[-4.57399, -6.0803, 7.1916, -2.85859, -2.32632, -2.05577, 16.95335, -2.06488, -0.36928, -6.78906, -4.97706, 1.90641, -1.38452, -4.24664, 9.33923, 5.08092, -2.47136, 8.72744, 0.9367, 4.94565, 2.16923, -2.32219]"
43,sub7,supLP120,0,sub7-b2__0123__crosstoe.npy,6,crosstoe,6,0.99949706,1,"[-4.85781, -6.22348, 7.37465, -3.03683, -1.92764, -2.08005, 17.3257, -1.99876, -0.80739, -6.7527, -4.89734, 2.10436, -1.24038, -4.32775, 9.11018, 5.81514, -2.75644, 8.63967, 0.55398, 5.22501, 2.28842, -2.41345]"
43,sub7,supLP120,0,sub7-b2__0124__crosstoe.npy,6,crosstoe,6,0.99816126,1,"[-4.6666, -6.26076, 9.10399, -3.06487, -1.97257, -1.67348, 16.16118, -1.77998, -1.08831, -6.14349, -4.29966, 2.45869, -0.457, -4.59364, 7.66991, 5.34749, -2.4359, 8.96171, -0.20684, 4.15051, 2.42418, -1.99691]"
43,sub7,supLP120,0,sub7-b2__0125__crosstoe.npy,6,crosstoe,6,0.9982639,1,"[-5.18337, -5.87496, 7.90889, -2.49058, -1.91715, -1.87081, 15.9973, -1.49386, -0.55016, -6.27813, -4.52833, 2.01478, -0.99208, -4.17581, 8.04195, 5.39093, -2.13164, 9.1381, 0.68663, 3.74449, 1.90114, -2.24614]"
43,sub7,supLP120,0,sub7-b2__0126__throw.npy,18,throw,18,0.9949608,1,"[-0.17211, 6.93733, -1.61879, -0.16296, -3.9618, 1.65056, -3.55917, -0.90158, 2.74873, -0.54779, -3.3864, -2.24243, -5.75638, 2.06798, -1.32681, 3.71635, 0.78974, 1.49748, 12.34989, 4.0899, -5.15302, -7.49694]"
43,sub7,supLP120,0,sub7-b2__0127__throw.npy,18,throw,13,0.529906,0,"[2.93692, 1.18795, -2.87299, -0.48468, -0.70858, -1.4601, 1.68492, 1.24281, -0.51265, -0.15378, -2.92355, -4.07791, -3.94184, 6.11769, -0.40349, 5.71819, 0.90587, 2.30101, 3.82998, 0.96634, 0.86684, -2.28572]"
43,sub7,supLP120,0,sub7-b2__0128__throw.npy,18,throw,18,0.99773127,1,"[0.43917, 3.32416, -1.26647, 0.65484, -0.92093, 2.21413, -1.07388, 1.27119, 1.11876, 0.45479, -2.96229, -3.88928, -6.12768, 1.78991, -0.80952, 3.52348, 0.8974, 1.01168, 10.78007, 2.63998, -5.33308, -4.54864]"
43,sub7,supLP120,0,sub7-b2__0129__throw.npy,18,throw,18,0.99051535,1,"[-0.8627, 4.0133, -0.91582, 0.90263, -0.83447, 2.77336, -0.19908, 0.51656, 0.8831, -0.18522, -4.05901, -3.60554, -4.76967, 2.62407, -3.08298, 3.42081, 0.37311, 3.51514, 9.74838, 1.27283, -3.64487, -3.42632]"
43,sub7,supLP120,0,sub7-b2__0130__throw.npy,18,throw,18,0.94200253,1,"[0.75499, 4.19633, -0.39339, -0.70072, -1.85131, 1.10541, -2.32374, -0.18205, 3.08237, -0.03584, -2.76106, -3.44456, -5.5407, 2.6074, -1.61386, 4.26584, 1.2185, 2.60652, 8.21415, 3.35677, -4.51143, -4.72079]"
43,sub7,supLP120,0,sub7-c__0001__sit.npy,15,sit,15,0.43294308,1,"[-0.12555, -0.03037, -1.34899, -0.45519, 0.88136, 0.09166, 5.85588, -0.55309, -2.27457, -0.88835, -2.20932, -1.31173, -0.55707, 0.15796, -0.17837, 6.93554, -1.79822, 4.47492, 0.34553, 6.77655, 3.02375, -2.18345]"
43,sub7,supLP120,0,sub7-c__0002__stand.npy,17,stand,19,0.71909875,0,"[2.14857, 1.60527, 1.00603, -5.06654, -5.85848, 0.20154, -0.26197, -2.31651, -0.12168, -1.7182, 1.34755, 4.60121, -1.04666, -3.40807, 2.72036, -1.30182, -0.8381, 2.43165, 1.15061, 5.99302, 1.01837, -4.70093]"
43,sub7,supLP120,0,sub7-c__0003__sit.npy,15,sit,19,0.46727246,0,"[-0.50602, -0.46326, -2.0448, -0.43493, 0.03196, -0.33801, 5.77259, -0.93578, -1.43259, -0.60627, -1.88504, -1.84595, -0.96472, 0.58204, 0.51537, 5.95866, -2.12315, 4.29916, 0.97304, 6.59122, 3.60228, -2.22952]"
43,sub7,supLP120,0,sub7-c__0004__stand.npy,17,stand,19,0.6069244,0,"[-0.19975, -1.07322, 1.44334, -3.72893, -3.91108, -1.36109, 0.51424, -3.52641, -0.14904, -1.17791, 2.25547, 2.68324, 2.37839, -3.48727, 3.61153, -1.99915, -0.34624, 3.76077, -2.49075, 5.4044, 2.96111, -1.51389]"
43,sub7,supLP120,0,sub7-c__0005__sit.npy,15,sit,15,0.3745012,1,"[0.58066, -0.25271, -1.13497, -0.74222, 0.95785, 0.08713, 5.8234, -0.82777, -2.53508, -0.26352, -2.17208, -1.21534, -0.77279, 0.33979, 0.10461, 6.36058, -1.21943, 4.3599, 0.25321, 6.25566, 2.75036, -2.54357]"
43,sub7,supLP120,0,sub7-c__0006__stand.npy,17,stand,17,0.5403266,1,"[-0.89071, -0.95462, 2.32892, -3.42495, -4.05062, -1.02082, 1.1482, -3.31474, -0.09402, -1.55376, 1.17831, 2.93107, 1.05415, -3.27546, 3.35368, -0.83987, -0.20266, 5.17411, -1.39064, 4.25332, 2.19686, -1.92224]"
43,sub7,supLP120,0,sub7-c__0007__sit.npy,15,sit,6,0.76499593,0,"[-1.47149, -1.08885, -0.59187, -1.92074, -2.17897, -0.1107, 8.61832, -1.97715, -0.87979, -1.88297, -2.15673, -0.82259, -1.89536, -0.32571, 2.68473, 4.79581, -1.94687, 5.20189, 1.38093, 7.21694, 2.41512, -2.0412]"
43,sub7,supLP120,0,sub7-c__0008__stand.npy,17,stand,10,0.3804316,0,"[-0.23297, -0.47746, 1.41019, -3.58937, -4.66112, -1.53637, -2.12975, -4.72969, 0.07861, 0.72612, 5.18465, 1.81082, 3.51039, -2.76478, 3.72778, -2.82844, -0.50163, 3.48154, -2.9883, 5.04466, 2.47913, -2.2084]"
43,sub7,supLP120,0,sub7-c__0009__sit.npy,15,sit,15,0.45925286,1,"[0.02296, -0.18495, -2.22299, -0.55779, -0.15157, -0.34247, 6.41557, -0.25763, -1.23027, -0.71828, -2.20562, -2.05143, -1.83464, 0.53784, 1.00364, 6.63717, -1.33049, 3.8508, 0.99782, 5.35796, 2.65153, -2.87132]"
43,sub7,supLP120,0,sub7-c__0010__stand.npy,17,stand,17,0.31746405,1,"[-0.49587, -0.66946, 0.87253, -2.38993, -4.44838, -1.42225, -0.20098, -3.48925, -0.57029, -2.29094, 3.07143, 3.40531, 2.39351, -2.6081, 3.80342, -1.11431, -0.85225, 4.30444, -1.58623, 3.73398, 1.19193, -2.21883]"
43,sub7,supLP120,0,sub7-c__0011__sit.npy,15,sit,15,0.49200785,1,"[0.86357, -0.46133, -1.30673, 0.10138, 0.92402, -0.71755, 5.59118, -0.56165, -2.62216, -0.32641, -1.29837, -1.26741, -0.46625, 0.73935, -0.05132, 6.01931, -1.43676, 3.28427, -0.15324, 4.6901, 1.93355, -2.73872]"
43,sub7,supLP120,0,sub7-c__0012__stand.npy,17,stand,19,0.3740529,0,"[-0.44797, 0.13312, 0.44546, -3.01708, -4.57751, -1.46096, -1.60639, -3.84652, 0.04266, -1.34285, 4.16098, 2.65118, 2.784, -2.26555, 3.72842, -1.62812, -0.36312, 3.95165, -2.39594, 4.77891, 1.53588, -2.55599]"
43,sub7,supLP120,0,sub7-c__0013__sit.npy,15,sit,15,0.5176469,1,"[0.55191, -0.69349, -1.31946, -0.07804, 1.60835, -0.19322, 5.40965, -0.60114, -2.50009, 0.35497, -1.83466, -1.66378, -1.37099, 0.61451, 0.15067, 6.35393, -1.40642, 4.41125, 0.27875, 5.29264, 2.65277, -2.41486]"
43,sub7,supLP120,0,sub7-c__0014__stand.npy,17,stand,19,0.41845635,0,"[-0.22315, -0.23051, 1.60255, -3.68732, -5.09431, -0.61074, -0.27204, -3.82245, 0.16688, -0.60079, 2.02451, 3.02119, 0.91976, -2.74396, 2.9074, -1.26135, -0.36895, 4.77707, -1.24858, 4.89071, 1.82889, -3.25387]"
43,sub7,supLP120,0,sub7-c__0015__squat.npy,16,squat,4,0.79999894,0,"[-3.23307, 1.41534, -1.58756, 4.31208, 8.41768, 1.35606, -3.67043, 2.58323, -1.78374, 4.42455, -1.51416, -2.23401, -4.52671, 5.6872, -2.57986, 0.99867, 6.47988, -3.93141, 0.46251, -3.75926, -6.98119, -1.96945]"
43,sub7,supLP120,0,sub7-c__0016__squat.npy,16,squat,4,0.46259847,0,"[-2.65342, 2.1992, -2.17603, 3.78966, 6.89269, 0.46197, -4.49929, 1.23957, -0.9941, 3.54876, 0.3551, -2.16215, -3.87985, 6.8292, -1.86204, -0.03287, 4.80451, -3.26223, 0.26956, -3.15279, -6.67094, -2.23678]"
43,sub7,supLP120,0,sub7-c__0017__squat.npy,16,squat,4,0.44609237,0,"[-4.88267, 0.21961, -1.60607, 5.64738, 7.49033, 3.92742, -2.12823, 2.93416, -2.68517, 2.42387, -2.02973, -0.27732, -2.08021, 7.48875, -4.53501, 1.10688, 4.15238, -3.15702, 0.58131, -3.5, -3.80116, -3.82406]"
43,sub7,supLP120,0,sub7-c__0018__squat.npy,16,squat,4,0.69444287,0,"[-4.31017, 0.39834, -1.58886, 6.42313, 8.19513, 5.71511, -2.46287, 2.98461, -3.61278, 2.36004, -2.06873, -1.19976, -2.85866, 6.19348, -4.52456, 1.25805, 4.98745, -3.41989, 0.91452, -3.41264, -4.91681, -3.48712]"
43,sub7,supLP120,0,sub7-c__0019__squat.npy,16,squat,4,0.56500435,0,"[-4.57473, 0.53729, -1.64797, 5.90167, 7.79793, 5.43767, -2.56429, 3.06917, -3.18842, 2.67849, -1.87028, -1.08562, -2.94812, 7.02399, -4.47783, 1.45468, 4.70433, -3.00224, 1.0344, -3.96327, -4.87341, -3.39802]"
43,sub7,supLP120,0,sub7-c__0020__squat.npy,16,squat,4,0.45195702,0,"[-4.44103, 0.42055, -1.24509, 6.06787, 7.08971, 4.96736, -2.53329, 2.33914, -3.16537, 2.31934, -1.21598, -0.90581, -2.02553, 6.67065, -4.33268, 0.86643, 4.13317, -2.56801, 0.70173, -3.66264, -3.53754, -3.41145]"
43,sub7,supLP120,0,sub7-c__0021__squat.npy,16,squat,4,0.71117395,0,"[-4.55358, 0.37679, -1.45264, 5.53956, 7.95925, 6.07972, -2.4832, 3.40239, -3.55034, 2.3057, -1.98426, -0.99976, -2.60007, 5.64693, -4.4158, 1.16244, 4.9306, -3.01362, 1.14281, -3.61863, -4.48283, -2.83185]"
43,sub7,supLP120,0,sub7-c__0022__pickup.npy,11,pickup,2,0.65037954,0,"[-3.43219, -6.88933, 9.9416, -3.54058, -1.5724, -1.10801, 8.5468, -0.34042, -1.25862, -1.67416, -1.98922, 4.10759, 2.59026, -5.85941, 2.63236, 4.93012, -0.97679, 5.63282, -3.64164, 1.45284, 8.61361, -2.38844]"
43,sub7,supLP120,0,sub7-c__0023__pickup.npy,11,pickup,2,0.9956469,0,"[-2.72287, -6.89976, 13.72385, -4.78695, -2.8012, -1.07397, 7.9774, -1.39217, -1.07887, -3.41187, -2.2958, 6.62714, 1.29853, -6.94621, 5.00911, 3.97042, -1.59137, 3.90093, -3.82799, 1.82226, 4.02474, -2.48328]"
43,sub7,supLP120,0,sub7-c__0024__pickup.npy,11,pickup,2,0.9944804,0,"[-2.7561, -7.02679, 13.57863, -4.86486, -2.80909, -0.97734, 8.0702, -1.47826, -1.11604, -3.2886, -2.44179, 6.70512, 1.08792, -6.98346, 5.11892, 4.1212, -1.32968, 4.10467, -3.75306, 1.77754, 4.18075, -2.44266]"
43,sub7,supLP120,0,sub7-c__0025__pushchair.npy,12,pushchair,2,0.7624508,0,"[-2.03288, -6.96647, 10.02829, -3.19917, -1.34665, -1.8768, 7.94564, -0.50279, -1.53544, -2.07278, -1.33022, 3.97835, 2.18079, -4.73177, 2.2073, 3.87385, -1.84973, 3.98374, -3.38526, 1.79176, 8.30769, -3.09318]"
43,sub7,supLP120,0,sub7-c__0026__pushchair.npy,12,pushchair,2,0.95214045,0,"[-2.41407, -6.75761, 10.95302, -2.98732, -1.76536, -1.44105, 7.75582, -1.14216, -1.36385, -4.24871, -2.35399, 5.23628, 0.97202, -4.62291, 3.36982, 4.71461, -1.23716, 4.38942, -2.37071, 1.28875, 4.78043, -2.4181]"
43,sub7,supLP120,0,sub7-c__0027__pushchair.npy,12,pushchair,2,0.79803085,0,"[-1.33816, -5.1011, 8.12881, -3.59463, -0.77602, -0.76502, 4.65696, -1.96403, -1.6605, -3.50114, -2.98375, 5.66262, -1.57005, -3.65828, 3.78064, 5.94606, 1.13344, 3.25127, -1.36761, 0.74521, 1.73227, -3.43153]"
43,sub7,supLP120,0,sub7-c__0028__pushchair.npy,12,pushchair,2,0.58563447,0,"[-2.41955, -6.25325, 8.20287, -3.31379, 0.55237, -1.30066, 6.69583, -0.97164, -2.57177, -2.8215, -2.64636, 4.49693, -0.88807, -3.30614, 2.75942, 7.23284, -0.19385, 4.97973, -2.11704, 1.33153, 4.87901, -4.05693]"
43,sub7,supLP120,0,sub7-c__0029__pushchair.npy,12,pushchair,15,0.4832516,0,"[-2.21643, -5.51083, 7.16063, -2.44706, 0.31582, -0.91366, 6.41117, -1.09245, -2.60696, -3.74723, -3.39838, 5.18949, -1.22598, -2.70842, 2.9656, 7.62732, 0.54844, 4.25941, -0.93902, 1.14821, 3.08664, -3.62605]"
43,sub7,supLP120,0,sub7-c__0030__sit.npy,15,sit,15,0.8564749,1,"[-0.55214, 0.40578, -0.83626, -1.16692, 0.34656, -0.15356, 4.97295, 0.77566, -0.8391, -1.61667, -2.4879, -0.83428, -2.23112, 0.50048, 0.64806, 8.06914, -1.93636, 4.85537, 1.183, 5.40778, 3.16401, -2.07804]"
43,sub7,supLP120,0,sub7-c__0031__stand.npy,17,stand,19,0.8347171,0,"[2.84225, 1.06651, 0.42592, -4.91215, -5.16805, -0.22951, 0.69557, -2.64283, 0.38407, -1.8655, -0.45095, 4.04023, -0.61601, -3.8061, 2.67896, 0.27864, -1.02595, 2.33635, 0.57065, 6.52236, 3.09626, -2.67575]"
43,sub7,supLP120,0,sub7-c__0032__sit.npy,15,sit,15,0.9377844,1,"[-0.57589, 0.25985, -0.49138, -0.46847, 1.77602, 1.11085, 7.06396, 1.0706, -1.68549, -0.87626, -2.41823, -2.78791, -2.40662, 1.02476, -0.2116, 10.39574, -2.04347, 6.78187, 0.15389, 3.79871, 3.99919, -2.66082]"
43,sub7,supLP120,0,sub7-c__0033__stand.npy,17,stand,17,0.90806526,1,"[-1.30908, 0.21501, 1.28434, -3.53857, -4.02422, -0.6489, 1.04394, -2.66132, 0.09998, -1.63733, 0.28267, 2.47329, -0.86488, -2.03877, 2.40883, 1.19482, -0.14029, 6.9838, -0.66752, 4.09367, 2.28039, -2.90234]"
43,sub7,supLP120,0,sub7-c__0034__sit.npy,15,sit,15,0.61148983,1,"[-0.2411, -1.21849, -0.9836, -0.55401, 1.35581, 0.14672, 6.05331, -0.91993, -2.41314, -0.36764, -1.94403, -1.36222, -0.88652, 0.62583, -0.71486, 7.11563, -1.87486, 5.09692, 0.46247, 5.00851, 3.40696, -2.30284]"
43,sub7,supLP120,0,sub7-c__0035__stand.npy,17,stand,19,0.78657347,0,"[2.72092, 0.65655, 0.10435, -4.7219, -5.0326, -0.3753, 0.49789, -2.97028, 0.49576, -1.7156, 0.12532, 3.98189, -0.02574, -3.34448, 2.62596, 0.12616, -0.81142, 2.11509, 0.19646, 6.11156, 2.95427, -2.55055]"
43,sub7,supLP120,0,sub7-c__0036__sit.npy,15,sit,15,0.73865604,1,"[0.4351, 0.17164, -2.60854, -0.1724, 0.57139, 0.82125, 5.52789, -0.33372, -1.80476, -0.5469, -2.71269, -2.17394, -3.27923, 1.15276, 0.6561, 7.23063, -0.89663, 3.73499, 0.84397, 5.07561, 2.87959, -2.68604]"
43,sub7,supLP120,0,sub7-c__0037__stand.npy,17,stand,17,0.8225719,1,"[-1.37923, 0.24297, 0.83426, -3.3197, -3.73545, -0.71322, 1.21413, -2.70757, 0.00279, -1.57305, 0.40932, 2.23635, -0.69129, -2.16079, 3.18717, 0.9244, -0.13938, 6.27303, -0.97352, 4.07794, 1.90673, -2.40513]"
43,sub7,supLP120,0,sub7-c__0038__sit.npy,15,sit,15,0.44936696,1,"[0.35025, -0.5111, -0.93075, -0.48301, 0.53912, 0.18954, 6.21946, -0.60999, -2.15273, -0.04275, -2.08217, -1.56243, -0.94202, 0.17664, 0.0714, 6.42291, -1.20149, 4.65715, 0.23259, 4.81324, 2.43933, -2.61645]"
43,sub7,supLP120,0,sub7-c__0039__stand.npy,17,stand,17,0.4717088,1,"[-0.29617, 1.15775, -0.31659, -2.86834, -3.77899, -0.97256, 0.26116, -3.11286, -0.2164, -2.23092, 1.41077, 1.81189, 0.57164, -2.28024, 3.75566, -0.08887, 0.0561, 5.13128, -1.55122, 4.79469, 1.41912, -2.09975]"
43,sub7,supLP120,0,sub7-c__0040__squat.npy,16,squat,13,0.6830981,0,"[-4.09204, 1.43435, -1.53501, 5.84608, 6.39273, 2.98756, -2.21525, 2.17138, -1.8894, 1.87119, -1.74294, -0.84749, -2.27865, 7.71182, -3.85549, 1.33458, 3.81861, -2.76222, 1.19619, -2.87286, -4.8999, -3.93012]"
43,sub7,supLP120,0,sub7-c__0041__squat.npy,16,squat,3,0.3214447,0,"[-3.56825, 1.12233, -1.03967, 6.29936, 5.97003, 5.36563, -2.75204, 1.82619, -2.99505, 1.49863, -0.63709, -1.4665, -2.16889, 6.14575, -3.32617, 0.40383, 4.03406, -2.66277, 1.20385, -3.53136, -4.98334, -2.60672]"
43,sub7,supLP120,0,sub7-c__0042__squat.npy,16,squat,4,0.38852796,0,"[-3.57103, 0.77377, -1.29699, 6.69078, 6.99198, 4.96734, -2.50451, 2.26795, -2.98253, 1.67098, -1.35304, -1.50526, -2.45753, 6.53969, -4.06369, 1.04421, 3.8084, -2.78552, 1.65369, -3.29741, -4.658, -3.21306]"
43,sub7,supLP120,0,sub7-c__0043__squat.npy,16,squat,4,0.65873045,0,"[-4.13317, 0.36154, -0.9532, 6.69449, 7.94969, 4.99831, -2.28656, 2.69587, -3.30952, 2.28135, -1.8841, -1.46496, -2.49551, 5.99529, -4.40805, 0.89511, 4.35043, -3.04296, 1.33182, -3.47001, -4.64747, -2.9805]"
43,sub7,supLP120,0,sub7-c__0044__squat.npy,16,squat,4,0.38194713,0,"[-3.90399, 1.24727, -0.87276, 6.06188, 6.51452, 5.62216, -2.6886, 2.36845, -2.86979, 1.9444, -1.41351, -1.64212, -2.7317, 5.55834, -3.7403, 0.90045, 4.52542, -3.12674, 2.28283, -3.0992, -5.71902, -2.82636]"
43,sub7,supLP120,0,sub7-c__0045__squat.npy,16,squat,5,0.4576475,0,"[-3.71837, 1.09382, -0.52541, 6.53786, 5.7432, 6.95529, -2.44478, 1.86773, -3.1562, 1.82888, -0.85689, -1.84253, -2.29853, 4.90265, -3.34159, 0.06925, 4.38093, -2.79443, 1.94296, -4.14452, -4.45143, -2.65688]"
43,sub7,supLP120,0,sub7-c__0046__pickup.npy,11,pickup,2,0.9993217,0,"[-2.23856, -6.11234, 14.60001, -4.9478, -3.33214, -1.03996, 6.21904, -1.66419, -0.51514, -2.43954, -1.57779, 6.42831, 1.42886, -7.78971, 5.62585, 2.98628, -1.40527, 2.9283, -4.90636, 2.20029, 3.55333, -2.19568]"
43,sub7,supLP120,0,sub7-c__0047__pickup.npy,11,pickup,2,0.9993444,0,"[-1.40345, -5.58134, 14.98422, -5.12432, -4.869, -1.14863, 5.90499, -2.33622, 0.38272, -3.63488, -2.01051, 6.69737, 0.53883, -8.12797, 6.76913, 2.78151, -1.41488, 2.98231, -4.24686, 2.68302, 2.1355, -2.5425]"
43,sub7,supLP120,0,sub7-c__0048__pickup.npy,11,pickup,2,0.99930954,0,"[-1.67499, -5.73609, 14.98662, -5.42296, -4.53851, -1.16609, 5.58208, -2.15545, 0.22971, -3.30418, -1.8391, 6.91953, 0.47784, -8.15056, 6.78772, 3.04369, -1.14668, 3.14934, -4.46719, 2.13122, 2.07388, -2.64629]"
43,sub7,supLP120,0,sub7-c__0049__pickup.npy,11,pickup,2,0.9992557,0,"[-2.17607, -6.15193, 15.04431, -5.5521, -4.13327, -0.88499, 6.31242, -2.24827, -0.19185, -3.2386, -2.27007, 7.01345, 0.31861, -8.08638, 6.64485, 3.5225, -0.93383, 4.0001, -4.4155, 2.12329, 2.57253, -2.57595]"
43,sub7,supLP120,0,sub7-c__0050__pickup.npy,11,pickup,2,0.9986457,0,"[-2.37463, -6.42668, 14.52523, -4.59886, -3.33314, -0.95343, 7.61514, -1.8453, -0.8835, -3.43744, -2.08641, 6.12074, 1.06405, -7.32031, 5.06458, 3.45005, -1.83601, 3.59224, -3.94793, 2.51832, 3.41884, -2.6396]"
43,sub7,supLP120,0,sub7-c__0051__pushchair.npy,12,pushchair,2,0.91455173,0,"[-1.55367, -6.00131, 8.91414, -2.64994, -0.28409, -1.20019, 5.62665, -0.8207, -1.63716, -3.13907, -1.85973, 4.59891, 0.83305, -4.2516, 2.62199, 5.04035, -0.35792, 3.44027, -2.89756, 1.56431, 4.68315, -2.57698]"
43,sub7,supLP120,0,sub7-c__0052__pushchair.npy,12,pushchair,2,0.9439811,0,"[-1.38328, -6.21827, 10.24385, -3.37196, -2.38776, -1.35082, 6.87648, -1.70453, -0.79429, -4.70415, -2.82014, 5.96528, 0.08799, -4.75658, 4.60761, 5.02752, -1.02708, 3.34071, -2.13933, 1.97015, 2.89061, -2.61414]"
43,sub7,supLP120,0,sub7-c__0053__pushchair.npy,12,pushchair,2,0.9088489,0,"[-2.46635, -5.6829, 9.5384, -4.07745, -1.41472, -1.07746, 6.0933, -1.64978, -1.04054, -4.11049, -2.9113, 5.58181, -0.82124, -4.5438, 3.96397, 6.11716, -0.21219, 4.94669, -1.94835, 2.02624, 3.2815, -2.96439]"
43,sub7,supLP120,0,sub7-c__0054__pushchair.npy,12,pushchair,2,0.8797051,0,"[-2.37997, -6.15515, 9.39354, -3.39516, -0.50175, -1.15049, 6.58478, -1.40414, -1.76279, -3.47276, -2.75957, 5.07629, -0.67914, -4.13044, 3.37084, 6.25856, -0.2159, 4.99417, -2.12866, 1.3541, 3.95428, -3.21186]"
43,sub7,supLP120,0,sub7-c__0055__pushchair.npy,12,pushchair,2,0.6515484,0,"[-3.08298, -5.90079, 8.47433, -3.44988, 0.11888, -1.20844, 6.6101, -1.24141, -1.78948, -3.51304, -3.0203, 4.77568, -1.05429, -3.61395, 3.77372, 7.20646, -0.0465, 5.50553, -1.86145, 1.49789, 4.00655, -3.6396]"
43,sub7,supLP120,0,sub7-c__0056__sit.npy,15,sit,15,0.49269596,1,"[0.09389, -0.86498, -0.84234, -0.03934, 2.01619, -0.66099, 5.06216, -1.23617, -3.13272, -0.12649, -1.26055, -1.58432, -0.41067, 0.15126, -0.86933, 6.20405, -1.82061, 5.11294, -0.22602, 5.02788, 2.81451, -1.67951]"
43,sub7,supLP120,0,sub7-c__0057__stand.npy,17,stand,19,0.704938,0,"[2.6248, 1.54728, 0.53689, -5.41932, -5.67957, 0.53259, 0.26149, -2.42769, 0.13368, -1.69615, 0.2069, 4.37375, -0.99561, -3.89907, 2.56779, -0.73442, -0.4114, 2.6982, 0.86961, 5.86504, 2.35093, -3.44714]"
43,sub7,supLP120,0,sub7-c__0058__sit.npy,15,sit,15,0.6343743,1,"[0.07249, -1.13274, -0.8762, -0.57943, 1.6771, -1.00056, 5.16453, -0.78667, -2.69562, -0.56943, -1.14141, -1.50029, -0.80698, 0.01972, -0.29225, 6.85921, -1.9847, 5.1025, 0.18213, 5.211, 2.55965, -1.73286]"
43,sub7,supLP120,0,sub7-c__0059__stand.npy,17,stand,17,0.81610024,1,"[-0.95339, 0.17879, 0.33773, -3.09915, -3.31368, -0.51595, 1.44852, -3.07363, 0.00295, -2.0773, 0.28498, 2.05289, -0.60396, -1.74953, 2.51329, 1.00255, 0.04584, 6.18834, -0.46157, 4.18859, 2.07842, -1.92652]"
43,sub7,supLP120,0,sub7-c__0060__sit.npy,15,sit,15,0.6430092,1,"[0.33826, -0.5975, -1.08616, 0.5847, 1.55652, -0.63649, 4.9886, -0.77747, -2.75485, -0.26257, -0.85039, -1.71089, -0.82674, 0.83047, -0.42162, 6.55152, -2.15081, 4.24624, -0.06263, 4.9436, 2.78061, -2.05924]"
43,sub7,supLP120,0,sub7-c__0061__stand.npy,17,stand,19,0.5651198,0,"[3.14279, 0.74341, -0.56419, -3.81871, -5.10828, -0.16294, 0.44987, -2.70824, 1.21702, -2.18889, -0.06373, 3.09704, 0.50925, -3.07059, 2.47815, 0.38485, -0.19853, 1.89067, -0.02615, 4.79017, 2.62824, -1.16068]"
43,sub7,supLP120,0,sub7-c__0062__sit.npy,15,sit,15,0.599776,1,"[0.48667, -1.12728, -0.31744, -0.22589, 0.99487, -0.46889, 5.5589, -1.18204, -2.27564, -0.4507, -0.95981, -1.16661, -0.31462, 0.40839, -0.43313, 6.80137, -2.20514, 4.63788, -0.37864, 5.29458, 3.23742, -2.01955]"
43,sub7,supLP120,0,sub7-c__0063__stand.npy,17,stand,19,0.6160378,0,"[2.10979, 0.19514, 0.49928, -4.06943, -4.60193, -0.31947, 1.4039, -2.56616, 0.86632, -2.28413, -0.96297, 3.79097, 0.18647, -3.66114, 2.35776, 0.48734, -0.11826, 2.54422, 0.19726, 5.15508, 2.78748, -1.07484]"
43,sub7,supLP120,0,sub7-c__0064__sit.npy,15,sit,19,0.42822957,0,"[-0.01281, -0.49316, -2.82473, -0.62653, -1.05796, -0.54727, 7.1167, -0.52758, -1.14708, -1.80033, -2.58737, -1.6124, -2.79053, 0.76402, 2.18392, 5.94778, -1.54189, 3.50087, 1.62276, 7.13943, 2.63608, -2.63879]"
43,sub7,supLP120,0,sub7-c__0065__stand.npy,17,stand,19,0.49749196,0,"[1.01255, -0.10268, 0.89797, -3.53086, -3.43074, -0.27633, 3.14229, -1.97088, 0.28917, -2.67767, -2.43748, 4.19278, -0.6797, -3.28901, 2.18102, 0.60064, 0.6665, 3.35569, 1.03601, 5.03727, 2.53781, -0.98726]"
43,sub7,supLP120,0,sub7-c__0066__squat.npy,16,squat,4,0.45345405,0,"[-3.95535, 0.60652, -1.12126, 6.53017, 7.39189, 4.31494, -2.08557, 2.3913, -2.96899, 2.84861, -1.49502, -1.50147, -2.70656, 6.97455, -3.88864, 1.38865, 4.49175, -2.78684, 0.70416, -3.28642, -4.02823, -4.00731]"
43,sub7,supLP120,0,sub7-c__0067__squat.npy,16,squat,4,0.5884654,0,"[-3.91392, 0.35018, -1.05798, 6.39559, 7.59372, 4.37544, -2.16478, 2.44058, -3.13616, 2.56126, -1.4583, -1.22515, -2.4834, 6.40382, -3.95945, 1.203, 4.29244, -2.7454, 0.7907, -3.39081, -3.91893, -3.48408]"
43,sub7,supLP120,0,sub7-c__0068__squat.npy,16,squat,4,0.5700189,0,"[-3.54541, 0.4128, -0.64891, 6.73298, 7.67558, 6.16218, -2.31691, 2.29372, -3.65256, 3.05818, -1.17906, -2.13643, -2.78391, 5.09215, -3.95046, 0.51728, 4.70466, -2.96828, 0.95298, -4.32831, -4.02173, -2.57388]"
43,sub7,supLP120,0,sub7-c__0069__squat.npy,16,squat,3,0.35368347,0,"[-3.03742, 0.81977, -0.83341, 6.91082, 6.51723, 6.80458, -2.58062, 2.2073, -3.44817, 2.07709, -0.41028, -2.40073, -2.80731, 5.04262, -3.4336, 0.64583, 4.30929, -2.99863, 0.78722, -3.89518, -4.55123, -2.24534]"
43,sub7,supLP120,0,sub7-c__0070__squat.npy,16,squat,4,0.3355253,0,"[-3.87346, 0.94507, -0.80917, 6.68759, 6.73511, 5.42683, -2.19728, 2.30603, -2.85738, 2.70557, -1.59307, -1.81671, -2.71737, 6.27658, -3.95213, 1.08152, 4.23481, -2.64652, 1.33495, -3.43572, -4.42842, -3.33891]"
43,sub7,supLP120,0,sub7-c__0071__pickup.npy,11,pickup,2,0.9990013,0,"[-2.92541, -6.44574, 14.31592, -5.50605, -2.76818, -1.62044, 5.65423, -1.97048, -1.31597, -0.49152, 0.57756, 4.7097, 3.42995, -6.54945, 3.36878, 1.13072, -2.56758, 3.85046, -5.29501, 2.64342, 7.02551, -2.56963]"
43,sub7,supLP120,0,sub7-c__0072__pickup.npy,11,pickup,2,0.999479,0,"[-1.67279, -5.25565, 15.2143, -5.2152, -5.16714, -0.92025, 5.86752, -2.29834, 0.42869, -3.54451, -1.87691, 6.77702, 0.80956, -8.33793, 6.70286, 2.8822, -1.51964, 2.88152, -4.61933, 2.86276, 2.08267, -2.38464]"
43,sub7,supLP120,0,sub7-c__0073__pickup.npy,11,pickup,2,0.99956566,0,"[-1.8538, -6.36836, 15.36033, -5.35931, -4.10189, -1.15555, 5.98336, -2.1506, -0.28402, -2.70158, -1.60357, 6.77676, 0.92867, -8.25758, 6.53409, 3.00145, -1.40794, 3.11806, -4.81017, 2.16811, 2.94031, -2.39242]"
43,sub7,supLP120,0,sub7-c__0074__pickup.npy,11,pickup,2,0.99977714,0,"[-1.98588, -5.97565, 15.7093, -4.96668, -4.20833, -1.04192, 6.01226, -2.06507, -0.34762, -2.76788, -1.25393, 6.4484, 1.51503, -8.26605, 5.9405, 2.53463, -1.93135, 2.70001, -4.92544, 2.39436, 2.76387, -2.2474]"
43,sub7,supLP120,0,sub7-c__0075__pickup.npy,11,pickup,2,0.99947864,0,"[-2.20231, -6.3795, 15.23949, -4.82386, -4.01579, -1.18686, 6.88157, -1.93005, -0.4422, -3.50556, -1.69181, 6.59031, 1.46354, -7.82194, 5.95732, 2.9202, -1.92161, 3.17281, -4.5008, 2.26522, 2.98512, -2.35739]"
43,sub7,supLP120,0,sub7-c__0076__pushchair.npy,12,pushchair,2,0.91330016,0,"[-0.21303, -7.00105, 10.32903, -3.19176, -1.23879, -2.12574, 5.80404, -1.55874, -1.91304, -1.23156, -0.76852, 4.12452, 2.29195, -4.47659, 2.85337, 3.04122, -1.58097, 2.4971, -4.10024, 1.94014, 7.80067, -2.74286]"
43,sub7,supLP120,0,sub7-c__0077__pushchair.npy,12,pushchair,2,0.985494,0,"[-1.34098, -6.1722, 11.35388, -4.11032, -2.70131, -1.28674, 6.08794, -1.86102, -0.70973, -3.4288, -2.59984, 6.14152, 0.08374, -5.67243, 4.9954, 4.93146, -0.82779, 2.91516, -2.8984, 2.13626, 3.52548, -2.43785]"
43,sub7,supLP120,0,sub7-c__0078__pushchair.npy,12,pushchair,2,0.98659515,0,"[-1.92636, -6.12669, 11.18484, -3.98039, -1.76668, -1.17984, 6.04121, -1.80665, -1.15037, -2.93027, -2.2865, 5.46717, -0.04654, -5.35278, 4.33682, 4.73534, -0.85037, 3.63599, -3.09138, 2.27955, 4.38965, -2.55804]"
43,sub7,supLP120,0,sub7-c__0079__pushchair.npy,12,pushchair,2,0.9885765,0,"[-1.39378, -6.24359, 11.45269, -3.87993, -1.87138, -1.14859, 6.2882, -1.56944, -1.38327, -2.69567, -2.22275, 5.69182, 0.23395, -5.41189, 4.39585, 4.43511, -1.07619, 2.69705, -3.3586, 2.08997, 4.12538, -2.53736]"
43,sub7,supLP120,0,sub7-c__0080__pushchair.npy,12,pushchair,2,0.9886473,0,"[-1.60881, -6.64959, 11.56863, -4.15375, -1.95103, -1.30045, 6.31056, -1.599, -1.33456, -1.95078, -1.51612, 5.31094, 1.27794, -5.71235, 4.14642, 3.80256, -1.4526, 2.96823, -3.98155, 2.47884, 5.75696, -2.32539]"
43,sub7,supLP120,0,sub7-c__0081__pushchair.npy,12,pushchair,2,0.9933229,0,"[-1.59091, -6.8555, 12.25387, -4.04333, -1.98756, -1.34935, 6.42731, -1.38645, -1.63675, -1.60381, -1.43022, 5.44612, 1.55292, -5.95648, 3.96155, 3.34803, -1.65015, 2.74375, -4.16351, 2.3097, 6.10173, -1.89789]"
43,sub7,supLP120,0,sub7-c__0082__sit.npy,15,sit,15,0.62969786,1,"[-0.98107, -0.5121, 0.38787, -0.93248, 0.79844, 0.43429, 5.57427, -0.71653, -1.81561, -1.02067, -0.72077, -1.42551, -0.52681, 0.42287, 0.14885, 8.42001, -2.09401, 7.74909, 0.15144, 3.8525, 3.21334, -2.12901]"
43,sub7,supLP120,0,sub7-c__0083__stand.npy,17,stand,19,0.7443211,0,"[2.13154, 0.52177, 0.42406, -3.92037, -4.1518, -0.27511, 1.26245, -2.15035, -0.25907, -2.4666, -0.46943, 4.13195, -0.36302, -3.57024, 2.61406, 0.24387, -0.51698, 3.12766, 0.80141, 5.95664, 2.43114, -1.82689]"
43,sub7,supLP120,0,sub7-c__0084__sit.npy,15,sit,15,0.73703504,1,"[0.4916, -0.49391, -0.34238, 0.05202, 0.07542, 0.47668, 6.00414, -0.60089, -2.13642, -0.68745, -1.36025, -1.45678, -0.5449, 0.49262, -0.55748, 7.33802, -1.13576, 4.48867, -0.06648, 3.57903, 1.82492, -2.60203]"
43,sub7,supLP120,0,sub7-c__0085__stand.npy,17,stand,19,0.5074886,0,"[2.13967, 0.38706, -0.10471, -2.91717, -3.36668, -0.03436, 2.10516, -1.9226, -0.13461, -2.98853, -1.70084, 3.92926, -0.44653, -3.07011, 2.20488, 0.50495, 0.63121, 3.061, 0.96546, 4.78698, 1.85459, -0.71967]"
43,sub7,supLP120,0,sub7-c__0086__sit.npy,15,sit,15,0.7144121,1,"[0.52907, -0.27964, -1.21484, 0.71241, 0.20415, 0.16988, 5.69948, -0.75183, -2.05116, -0.63812, -1.28853, -1.24436, -0.46841, 0.81359, 0.03488, 6.97097, -1.45076, 3.26848, 0.23835, 4.36917, 2.01685, -3.01602]"
43,sub7,supLP120,0,sub7-c__0087__stand.npy,17,stand,17,0.7545755,1,"[-0.81684, 0.03146, 1.72699, -3.54535, -4.60154, -0.48646, 0.39497, -3.2656, 0.11789, -1.19375, 1.03297, 2.55569, 0.29619, -2.7656, 2.6867, -0.35975, 0.18564, 5.92056, -0.98105, 4.26932, 1.58805, -2.69557]"
43,sub7,supLP120,0,sub7-c__0088__sit.npy,15,sit,15,0.5788516,1,"[0.47864, -0.91116, -0.79079, 0.46688, 0.5286, -0.32205, 5.30756, -0.72181, -2.14035, -0.35436, -0.83289, -1.28033, 0.02664, 1.05513, -0.51752, 6.27108, -1.83859, 3.75009, -0.12974, 4.63343, 3.15826, -2.31211]"
43,sub7,supLP120,0,sub7-c__0089__stand.npy,17,stand,19,0.7530077,0,"[1.93213, 0.69927, 0.66371, -4.85963, -5.45086, 0.58515, 1.0605, -2.52655, 0.58054, -1.23183, -0.01998, 4.36742, -0.37018, -3.64068, 1.50623, -1.15737, -0.28359, 1.95533, 1.31531, 6.03343, 3.09844, -3.12822]"
43,sub7,supLP120,0,sub7-c__0090__sit.npy,15,sit,19,0.9491215,0,"[3.83083, -2.29978, -4.56634, 1.03853, 1.97785, -4.6688, 2.16575, 0.02142, -2.86571, -1.48112, -0.84729, -3.53587, -2.28656, 4.33344, -0.81245, 2.45689, -2.54471, -0.67725, 2.27321, 9.76745, 6.6465, -1.64875]"
43,sub7,supLP120,0,sub7-c__0091__stand.npy,17,stand,19,0.5626437,0,"[0.61731, -2.14573, 2.39013, -6.67683, -6.32308, -0.02254, -4.4997, -4.68284, 3.84891, -2.00205, 1.04337, 4.95549, 1.96925, -4.71766, 3.19103, -0.80289, -0.15806, 5.13966, -2.62901, 6.65073, 5.25566, -1.5046]"
43,sub7,supLP120,0,sub7-c__0092__sit.npy,15,sit,15,0.74877924,1,"[2.52775, -1.30924, -4.07789, -0.62478, 3.76968, -0.30197, 1.08446, -1.681, -2.78517, -1.4831, -1.57349, -2.22741, -5.13159, 1.99093, -2.77476, 9.19434, -2.06424, 3.91188, 0.00977, 8.02072, 4.93235, -3.56378]"
43,sub7,supLP120,0,sub7-c__0093__stand.npy,17,stand,20,0.5918669,0,"[0.73666, -3.22828, 1.55004, -6.00663, -6.34656, -1.11109, -3.96387, -4.85143, 3.53169, -1.9406, 1.30697, 4.2522, 3.49124, -3.39192, 2.50655, -0.85939, -0.76905, 4.89098, -2.76965, 5.85424, 6.83926, -0.56165]"
43,sub7,supLP120,0,sub7-c__0094__sit.npy,15,sit,19,0.99131376,0,"[2.6796, 0.14561, -4.07084, -0.87919, 2.18049, -1.04918, -0.17955, -3.76341, -0.78802, -1.69929, -2.02479, -2.69111, -6.09279, 1.81303, -1.71439, 6.80102, -2.49331, 3.18478, 2.33741, 11.65124, 3.67563, -5.19424]"
43,sub7,supLP120,0,sub7-c__0095__stand.npy,17,stand,19,0.38016674,0,"[0.30756, -3.27238, 1.96977, -6.58073, -5.71363, -0.6813, -4.38451, -4.81058, 3.19294, -1.90272, 1.55194, 4.75555, 3.02906, -4.05716, 2.78573, -0.85424, -0.42551, 5.43311, -2.85949, 6.36645, 6.26739, -1.11718]"
43,sub7,supLP120,0,sub7-c__0096__sit.npy,15,sit,19,0.710307,0,"[1.33617, -2.04584, -3.53383, -1.00267, 3.98511, -0.25682, 1.78876, -2.28426, -2.12039, -1.6177, -1.56478, -2.26184, -5.38828, 1.87521, -1.74312, 7.82499, -2.07822, 4.33284, -0.19072, 8.85722, 5.36251, -4.04625]"
43,sub7,supLP120,0,sub7-c__0097__stand.npy,17,stand,19,0.3737636,0,"[1.04587, -2.8524, 1.5301, -6.20904, -6.39353, -0.96244, -4.25615, -4.78762, 3.36265, -2.18439, 1.45334, 4.34256, 2.97179, -3.38589, 2.46454, -0.66814, -0.70845, 5.21314, -2.52112, 6.17617, 6.15635, -1.24924]"
43,sub7,supLP120,0,sub7-c__0098__squat.npy,16,squat,4,0.9985096,0,"[-0.51047, 0.27481, -3.89896, 2.51329, 12.53382, 1.29199, -1.38467, 2.25611, -2.62426, 5.47992, -3.98019, -4.3283, -6.02127, 4.37831, -5.18283, 2.53928, 3.88155, -0.57129, 1.51764, -1.6994, -3.04502, -0.82029]"
43,sub7,supLP120,0,sub7-c__0099__squat.npy,16,squat,4,0.9985251,0,"[-0.96102, 0.44645, -3.68733, 2.72904, 13.06757, 2.26275, -2.25062, 1.83806, -2.93104, 6.19928, -3.61974, -4.67104, -6.56305, 3.49027, -4.8256, 1.2995, 4.88262, -0.95087, 1.20113, -1.97959, -3.33479, 0.01269]"
43,sub7,supLP120,0,sub7-c__0100__squat.npy,16,squat,4,0.9972103,0,"[-1.60886, 0.77413, -3.45921, 2.9229, 12.66249, 2.20385, -2.30273, 1.24362, -2.60415, 6.33323, -3.77961, -4.62934, -6.80391, 4.27706, -5.02698, 1.3982, 5.31132, -0.30424, 1.83895, -1.77125, -3.28981, -0.71499]"
43,sub7,supLP120,0,sub7-c__0101__squat.npy,16,squat,4,0.9972275,0,"[-0.70958, 0.5405, -3.44908, 2.58677, 12.09762, 1.9045, -2.10251, 1.97395, -2.33428, 5.4595, -3.63937, -4.50132, -6.57965, 2.95817, -4.33719, 1.6027, 5.3116, -0.725, 1.75219, -1.57869, -3.86069, -0.22017]"
43,sub7,supLP120,0,sub7-c__0102__squat.npy,16,squat,4,0.9974017,0,"[-1.07884, 0.49265, -3.49774, 2.93254, 12.77916, 1.41273, -1.84116, 1.69601, -2.80243, 6.52179, -3.91461, -4.18039, -6.08837, 4.6736, -4.97795, 1.38625, 4.57281, -1.14972, 1.56134, -2.17154, -3.25037, -0.53128]"
43,sub7,supLP120,0,sub7-c__0103__pickup.npy,11,pickup,20,0.3217841,0,"[3.23794, -6.75792, 5.14546, -2.12192, -2.10485, -2.23851, 3.17122, -6.29732, -2.29889, 4.32668, 4.45477, 0.38939, 5.45483, -6.40302, 3.77696, -1.69417, -0.80217, 1.83047, -4.41615, 0.71057, 5.76505, 0.13349]"
43,sub7,supLP120,0,sub7-c__0104__pickup.npy,11,pickup,20,0.4421392,0,"[2.96393, -6.40119, 4.30166, -1.82085, -1.79037, -2.1723, 5.08362, -4.88768, -2.34985, 2.45237, 2.46293, 1.0856, 5.13974, -5.6093, 3.01898, -0.12285, -0.7719, 2.26335, -4.04074, 0.48844, 5.95316, -0.5908]"
43,sub7,supLP120,0,sub7-c__0105__pickup.npy,11,pickup,12,0.25686607,0,"[3.97775, -6.75288, 5.02553, -2.68462, -2.76938, -2.9999, 3.1466, -6.09121, -2.15778, 3.1313, 4.83319, 0.84822, 5.40022, -6.39304, 4.75629, -1.50652, -0.72474, 1.32372, -4.50572, 0.80914, 4.92014, -0.55836]"
43,sub7,supLP120,0,sub7-c__0106__pickup.npy,11,pickup,2,0.28848127,0,"[4.20176, -6.45502, 5.24495, -2.50417, -2.47811, -2.95158, 3.72549, -5.85299, -2.23223, 2.96229, 4.08955, 0.90606, 4.81059, -6.34649, 4.23688, -0.57278, -0.87659, 1.36392, -4.73402, 1.22916, 4.34042, -0.81895]"
43,sub7,supLP120,0,sub7-c__0107__pickup.npy,11,pickup,12,0.45361272,0,"[3.84674, -6.61127, 3.92533, -1.79627, -2.88287, -3.22094, 3.77975, -5.72514, -2.26259, 2.58121, 4.44201, 1.09978, 6.30909, -5.4337, 3.85787, -1.6279, -1.41915, 0.72901, -3.81986, 0.4439, 5.90523, -0.38808]"
43,sub7,supLP120,0,sub7-c__0108__pushchair.npy,12,pushchair,20,0.9472396,0,"[4.64266, -6.15807, 0.79998, -1.34633, -1.40808, -2.62506, 4.54387, -4.79633, -2.56173, 3.01613, 1.66547, -0.08106, 4.30705, -3.3097, 0.69127, -0.99175, -1.01955, 1.87622, -2.16145, 0.84053, 8.63843, 0.05624]"
43,sub7,supLP120,0,sub7-c__0109__pushchair.npy,12,pushchair,12,0.25716197,1,"[3.05179, -6.32642, 4.3177, -2.44381, -0.83509, -3.00902, 3.05719, -5.71373, -2.47252, 3.96596, 4.7582, 0.22773, 5.09989, -5.47945, 3.08173, -1.63771, -0.59381, 1.58521, -4.80023, 0.112, 5.04948, -0.53109]"
43,sub7,supLP120,0,sub7-c__0110__pushchair.npy,12,pushchair,20,0.58152235,0,"[2.12938, -6.05607, 3.8984, -2.31349, 0.92267, -1.97482, 5.01534, -4.41532, -2.88714, 4.0761, 1.40898, 0.39834, 3.60096, -5.20141, 1.6504, 0.81554, -0.03918, 3.59973, -4.41007, 0.07727, 6.21244, -0.65198]"
43,sub7,supLP120,0,sub7-c__0111__pushchair.npy,12,pushchair,20,0.629046,0,"[2.88779, -6.05036, 2.93677, -1.98271, 1.20965, -2.22988, 4.18599, -4.6604, -2.87306, 4.3296, 1.62495, -0.13773, 3.57412, -5.38848, 1.5964, -0.39689, 0.54846, 3.00782, -4.39508, -0.01791, 6.06363, 0.17834]"
43,sub7,supLP120,0,sub7-c__0112__pushchair.npy,12,pushchair,20,0.8493592,0,"[1.7879, -6.21909, 2.69739, -2.07839, 1.21001, -1.78178, 4.58929, -4.30979, -2.75012, 4.27412, 1.44947, -0.08404, 3.58582, -4.86854, 0.65877, 0.44209, 0.04036, 4.0357, -3.99912, 0.14594, 7.43113, -0.01348]"
43,sub7,supLP120,0,sub7-c__0113__pushchair.npy,12,pushchair,20,0.67132837,0,"[0.65502, -6.13458, 2.93124, -2.59147, 3.30719, -1.72932, 4.94493, -3.90375, -3.57489, 5.32553, 1.44852, -0.33547, 2.48721, -4.17432, -0.03761, 0.98476, 0.39335, 4.73252, -4.06381, 0.43432, 6.99058, -1.15667]"
43,sub7,supLP120,0,sub7-c__0114__sit.npy,15,sit,19,0.94293964,0,"[2.9456, -0.74248, -3.82145, -0.88124, 2.56065, -0.20872, -0.07447, -3.57258, -1.55126, -1.53574, -1.43639, -2.28259, -5.69191, 1.62255, -1.92776, 7.18336, -2.18576, 3.4209, 1.03244, 10.08043, 3.97108, -4.56203]"
43,sub7,supLP120,0,sub7-c__0115__stand.npy,17,stand,19,0.48076218,0,"[0.06815, -3.003, 1.6228, -6.52093, -5.8458, -0.64302, -4.50723, -4.82358, 3.39403, -2.02024, 1.33972, 5.05034, 2.5326, -4.07016, 2.46308, -0.6878, -0.31603, 5.87205, -1.90626, 6.78078, 5.92374, -1.65215]"
43,sub7,supLP120,0,sub7-c__0116__sit.npy,15,sit,19,0.9513589,0,"[3.02034, -0.64689, -2.97777, -2.04197, 2.62296, -0.50905, -0.024, -3.0126, -2.21977, -1.97858, -2.32622, -1.69685, -5.63017, 0.94128, -1.86527, 7.75648, -1.86649, 3.10772, 0.12506, 10.79259, 4.47312, -5.07587]"
43,sub7,supLP120,0,sub7-c__0117__stand.npy,17,stand,20,0.58195096,0,"[0.50327, -2.81518, 0.9245, -5.42372, -5.48843, -0.67859, -4.92739, -4.65595, 3.65758, -1.55838, 1.99077, 2.40327, 3.37601, -2.14168, 1.93556, -0.76165, -0.70859, 5.13648, -3.46751, 4.64814, 6.2581, 0.20242]"
43,sub7,supLP120,0,sub7-c__0118__sit.npy,15,sit,19,0.993529,0,"[3.06, -0.33445, -3.36932, -2.13337, 1.33546, -1.10018, 0.05344, -3.68263, -1.06423, -2.4268, -2.19986, -1.79201, -5.96519, 1.34151, -0.86759, 6.72793, -2.5605, 2.85504, 1.42899, 11.87785, 3.88658, -4.99707]"
43,sub7,supLP120,0,sub7-c__0119__stand.npy,17,stand,20,0.41143227,0,"[0.65731, -2.55128, 1.34314, -6.2899, -5.54018, -0.85245, -4.45177, -4.41518, 3.35639, -1.5955, 1.07754, 3.85867, 2.38423, -3.01583, 1.6483, -0.47204, -0.51188, 5.46785, -2.91344, 5.69468, 6.09965, -0.77564]"
43,sub7,supLP120,0,sub7-c__0120__sit.npy,15,sit,19,0.8620028,0,"[3.25474, -0.7087, -4.56613, -1.13987, 2.68628, -0.42451, 0.94645, -2.26239, -2.00482, -2.02388, -1.97574, -2.38902, -5.79271, 1.95352, -2.13403, 7.96882, -2.349, 3.5635, 1.38773, 9.8615, 4.48719, -4.5273]"
43,sub7,supLP120,0,sub7-c__0121__stand.npy,17,stand,17,0.3530453,1,"[0.16169, -2.18388, 1.41758, -6.32784, -5.66272, -0.68681, -4.62452, -4.71167, 3.63046, -1.49138, 1.44587, 3.18197, 2.33898, -2.54698, 2.36466, -0.52344, -0.64004, 5.8944, -3.09008, 5.36267, 5.87747, -0.67726]"
43,sub7,supLP120,0,sub7-c__0122__sit.npy,15,sit,19,0.9914664,0,"[2.31907, -0.95478, -4.27057, -1.09639, 2.20296, -0.79928, 1.19275, -3.17812, -1.57648, -2.18977, -1.66042, -2.40411, -5.26985, 2.3809, -1.4177, 5.66014, -2.91861, 3.51884, 1.2575, 10.99909, 5.04312, -4.76648]"
43,sub7,supLP120,0,sub7-c__0123__stand.npy,17,stand,17,0.30313468,1,"[0.16013, -2.14243, 1.13718, -6.27067, -5.90844, -0.4996, -4.89185, -4.83947, 3.94596, -1.73633, 1.54499, 3.3382, 2.33914, -2.86801, 2.57598, -0.79177, -0.34797, 5.74007, -2.92959, 5.67958, 5.72783, -0.82361]"
43,sub7,supLP120,0,sub7-c__0124__sit.npy,15,sit,15,0.9795909,1,"[3.05556, -0.82968, -4.59237, -1.00642, 4.11582, 0.35975, 0.96645, -1.48381, -3.16986, -1.34926, -2.51196, -2.38009, -6.44197, 2.07424, -2.36739, 11.32079, -0.94077, 3.71808, 0.50161, 7.30131, 4.58071, -4.01465]"
43,sub7,supLP120,0,sub7-c__0125__stand.npy,17,stand,19,0.3676876,0,"[0.90854, -2.13127, 1.14856, -6.37351, -6.06526, -0.85312, -4.3867, -4.3118, 3.63341, -2.07461, 0.75998, 4.22289, 2.35785, -3.05794, 1.71107, -0.42126, -0.58006, 5.63254, -2.61574, 5.95808, 5.53583, -1.1297]"
43,sub7,supLP120,0,sub7-c__0126__squat.npy,16,squat,4,0.9978265,0,"[-0.14482, 0.53375, -4.16854, 2.14021, 11.8651, 1.82708, -2.7204, 1.84103, -2.35278, 5.32626, -2.69433, -4.92961, -6.73906, 3.4424, -5.49514, 1.33744, 3.61788, -0.03107, 1.77756, -0.92986, -2.65275, -0.53479]"
43,sub7,supLP120,0,sub7-c__0127__squat.npy,16,squat,4,0.9966517,0,"[-0.5539, 0.47782, -3.40263, 2.52119, 12.70809, 0.74619, -2.25436, 1.69681, -2.74022, 6.75149, -3.65319, -4.54236, -6.82416, 3.30647, -4.85244, 1.53967, 5.26992, -0.45619, 1.50028, -1.70749, -3.05611, -0.55859]"
43,sub7,supLP120,0,sub7-c__0128__squat.npy,16,squat,4,0.99819165,0,"[-1.38566, 0.23299, -3.4017, 2.65149, 13.82875, -0.22954, -2.18108, 0.99331, -2.56403, 7.37164, -3.38014, -4.6364, -5.75533, 4.73202, -5.18436, 1.66151, 4.6244, -0.26066, 1.34794, -2.0332, -2.62009, -0.79532]"
43,sub7,supLP120,0,sub7-c__0129__squat.npy,16,squat,4,0.99835604,0,"[-1.63536, 0.09659, -3.31947, 2.76303, 13.36681, 0.89591, -2.10876, 1.24084, -2.60227, 6.68466, -3.2451, -4.76364, -6.05385, 3.8931, -4.71418, 1.26761, 5.13363, -0.24224, 1.35552, -1.86732, -2.93292, -0.24668]"
43,sub7,supLP120,0,sub7-c__0130__squat.npy,16,squat,4,0.996935,0,"[-1.12673, 0.23151, -3.58126, 2.19869, 12.48883, 0.91705, -2.19335, 1.59019, -2.28315, 6.08193, -3.51561, -4.81119, -6.3027, 2.51881, -4.64207, 1.19636, 5.8147, 0.24992, 1.84425, -1.33178, -2.98017, -0.2409]"
43,sub7,supLP120,0,sub7-c__0131__pickup.npy,11,pickup,20,0.4075703,0,"[2.73913, -6.55994, 4.62593, -2.13286, -1.56189, -2.55083, 3.72501, -5.97744, -2.41173, 4.1534, 3.68924, 0.58134, 5.25772, -5.79324, 3.39757, -1.11673, -0.57895, 2.3799, -4.04749, 0.62411, 5.84276, -0.54816]"
43,sub7,supLP120,0,sub7-c__0132__pickup.npy,11,pickup,20,0.4492349,0,"[4.1385, -6.26762, 2.52371, -1.22591, -2.85804, -3.0105, 3.2613, -5.55911, -2.08197, 2.94846, 4.1869, 0.94233, 6.48066, -4.77663, 3.08696, -2.04256, -0.99294, 0.31585, -3.244, -0.05668, 6.56183, 0.04762]"
43,sub7,supLP120,0,sub7-c__0133__pickup.npy,11,pickup,20,0.65314096,0,"[3.85813, -6.73459, 3.334, -1.65356, -2.45076, -2.96355, 3.30444, -5.9284, -2.28039, 3.26363, 4.38294, 0.57261, 6.03426, -5.20962, 3.27465, -1.8879, -1.16229, 1.12723, -3.82101, 0.35698, 7.12651, -0.10445]"
43,sub7,supLP120,0,sub7-c__0134__pickup.npy,11,pickup,12,0.5119522,0,"[3.66533, -6.4694, 4.03603, -2.08668, -2.27461, -3.30439, 3.41791, -5.63613, -2.25769, 3.15857, 4.45824, 1.1296, 6.20918, -5.83651, 4.02163, -1.70468, -0.65322, 0.80542, -4.153, 0.29329, 5.15838, -0.53833]"
43,sub7,supLP120,0,sub7-c__0135__pickup.npy,11,pickup,2,0.3562504,0,"[3.34105, -6.50686, 5.53779, -2.6082, -2.00129, -2.96702, 3.0992, -5.82926, -2.09881, 3.10754, 4.43497, 0.90867, 4.99346, -6.88069, 4.31816, -0.76041, -0.39968, 2.08111, -4.81522, 0.99328, 4.16461, -0.78754]"
43,sub7,supLP120,0,sub7-c__0136__pushchair.npy,12,pushchair,12,0.39249572,1,"[3.48857, -6.45392, 4.34196, -2.83906, -1.86119, -3.7558, 2.9126, -5.86777, -2.23211, 3.70109, 5.33938, 0.71583, 5.86938, -5.60525, 4.3087, -2.01484, -0.42108, 0.60242, -4.93694, 0.48391, 4.49527, -0.67132]"
43,sub7,supLP120,0,sub7-c__0137__pushchair.npy,12,pushchair,20,0.66639125,0,"[0.7248, -6.62189, 3.48931, -1.7571, 0.89797, -2.21213, 6.14145, -4.37293, -2.67916, 3.64278, 1.5105, -0.04865, 3.75648, -4.82729, 1.68021, 1.21649, -0.52561, 4.73881, -3.94786, 0.99365, 7.26494, -1.1134]"
43,sub7,supLP120,0,sub7-c__0138__pushchair.npy,12,pushchair,20,0.87318856,0,"[1.68874, -6.28565, 1.86851, -1.58229, 1.11123, -1.57088, 5.28217, -4.04624, -2.7936, 3.39555, 1.20667, -0.30096, 3.62775, -4.31733, 0.5912, 0.48933, -0.05564, 3.88281, -3.40823, 0.63751, 7.75706, -0.10231]"
43,sub7,supLP120,0,sub7-c__0139__pushchair.npy,12,pushchair,9,0.493019,0,"[1.81631, -5.48545, 3.71455, -2.76643, 2.18637, -2.49199, 4.24752, -4.53651, -3.02434, 5.4803, 2.17735, -0.23019, 2.98765, -5.02465, 2.04575, 0.66903, 0.63637, 2.94922, -4.85467, 0.07085, 4.07529, -0.91639]"
43,sub7,supLP120,0,sub7-c__0140__pushchair.npy,12,pushchair,20,0.8005062,0,"[0.76206, -5.66948, 3.00602, -2.0812, 1.93324, -2.58816, 3.91652, -4.63473, -2.70932, 5.13731, 2.61637, -1.25873, 3.23779, -3.93447, 0.61056, 0.37237, -0.6876, 4.4424, -4.08337, 0.70024, 7.3315, -0.88245]"
