seed,subject,method,k,file,true_id,true_label,pred_id,conf,correct,logits
43,sub8,supLP120,3,sub8-a__0001__wave.npy,21,wave,8,0.43769607,0,"[3.96865, 3.1352, 5.95021, -3.99634, -10.44169, -3.52734, -6.97971, -4.31644, 7.19225, -5.30171, 1.34514, -3.71703, 3.46639, -7.44587, 2.45827, -4.52634, -5.15219, -0.27358, 1.45043, -0.95206, -3.4485, 7.08559]"
43,sub8,supLP120,3,sub8-a__0002__wave.npy,21,wave,21,0.9153599,1,"[2.31084, 2.89757, 3.85118, -3.66955, -9.62723, -3.19036, -6.14101, -3.72023, 6.55876, -4.97084, -0.14248, -3.6639, 4.68243, -7.19773, 0.98936, -4.19591, -4.20857, -0.82314, 1.58783, -2.05146, -2.85913, 9.18099]"
43,sub8,supLP120,3,sub8-a__0003__wave.npy,21,wave,21,0.9094376,1,"[1.78432, 3.53503, 3.57533, -3.73184, -9.76829, -3.137, -6.08472, -3.33223, 6.9333, -5.01179, -0.72288, -3.9494, 4.52976, -7.24346, 1.2377, -4.22364, -3.635, -0.91583, 1.78853, -2.27066, -3.40351, 9.40119]"
43,sub8,supLP120,3,sub8-a__0004__wave.npy,21,wave,21,0.88731736,1,"[3.06922, 2.52463, 4.51927, -3.59118, -9.99256, -3.38105, -6.22726, -4.38133, 6.32907, -5.25744, 0.42846, -3.95533, 4.34806, -6.8848, 1.92269, -4.33252, -4.81801, -0.50478, 1.41283, -1.7948, -2.70818, 8.71931]"
43,sub8,supLP120,3,sub8-a__0005__wave.npy,21,wave,21,0.950269,1,"[2.19899, 2.91674, 3.71166, -3.4793, -9.9634, -3.48008, -5.68735, -3.82273, 6.33014, -5.06348, -0.34509, -4.10504, 4.4712, -6.74671, 1.62372, -4.24554, -3.99931, -0.49311, 1.74507, -2.35517, -3.10204, 9.5425]"
43,sub8,supLP120,3,sub8-a__0006__wave.npy,21,wave,21,0.98511446,1,"[1.20904, 3.34357, 2.54734, -3.00888, -9.56252, -3.45629, -5.42012, -3.16384, 6.83158, -4.6434, -1.15141, -4.38876, 4.24915, -6.54413, 1.15382, -4.10979, -2.87469, -0.89973, 1.80318, -3.09224, -3.22954, 11.15026]"
43,sub8,supLP120,3,sub8-a__0008__bow.npy,2,bow,2,0.9364188,1,"[9.0472, 1.54345, 12.11557, -8.67641, -9.26677, -0.01616, -4.22469, -4.18922, 0.32101, -4.13951, -1.21555, 3.52367, -0.50067, -8.11906, 8.25979, -6.09152, -4.1943, -0.16286, 0.47272, -1.92008, -6.28503, -1.90574]"
43,sub8,supLP120,3,sub8-a__0009__bow.npy,2,bow,2,0.97443694,1,"[9.38869, 1.02931, 13.19198, -8.41282, -9.43896, -0.71373, -4.10986, -3.9373, 0.09823, -3.60088, -1.14915, 3.99821, 1.04837, -9.29449, 7.62344, -5.99738, -5.42231, 0.16933, -0.0927, -1.77729, -6.31579, -2.02953]"
43,sub8,supLP120,3,sub8-a__0010__bow.npy,2,bow,2,0.99005616,1,"[7.09674, -2.1073, 11.96358, -6.64022, -6.68311, -1.56764, -2.91382, -4.16362, -2.51994, -1.45931, -1.71047, 5.20828, 4.41781, -8.73043, 4.60721, -4.55014, -6.36841, -0.26855, -2.51647, -3.58659, -3.74136, -0.72364]"
43,sub8,supLP120,3,sub8-a__0012__crossarms.npy,5,crossarms,5,0.38712868,1,"[-5.89457, 0.45166, -11.68325, 3.63833, -2.02983, 4.79708, -6.84943, -1.16572, -4.83083, -5.9376, 4.79058, -4.97393, -1.53654, -4.01505, -7.72147, 1.58179, -1.28307, 2.74922, 1.79964, -5.31701, 1.16393, 0.10439]"
43,sub8,supLP120,3,sub8-a__0013__crossarms.npy,5,crossarms,5,0.9255078,1,"[-4.88682, 1.39069, -9.12489, 2.9406, -2.7333, 7.11053, -5.78044, 2.7105, -4.73204, -7.17087, 3.63092, -4.49541, -2.69195, -4.63193, -6.87141, 0.57146, -1.32062, 2.15527, 2.268, -3.36188, 0.81078, -2.74071]"
43,sub8,supLP120,3,sub8-a__0014__crossarms.npy,5,crossarms,5,0.90850496,1,"[-4.67614, 2.51138, -9.31647, 2.45023, -2.59633, 7.03115, -6.03588, 3.54928, -4.2844, -6.21864, 3.45339, -3.80825, -2.40136, -5.63409, -6.91694, 0.31592, -1.04155, 1.80151, 2.66791, -3.6364, 0.16025, -4.23864]"
43,sub8,supLP120,3,sub8-a__0015__crossarms.npy,5,crossarms,5,0.897323,1,"[-4.54133, 2.64861, -9.11367, 2.43843, -3.07712, 6.96365, -6.04473, 3.51549, -4.21735, -6.54385, 3.59108, -4.1712, -2.68948, -5.48805, -6.9022, -0.036, -1.20413, 1.57041, 2.90672, -3.66934, -0.079, -3.6876]"
43,sub8,supLP120,3,sub8-a__0016__crossarms.npy,5,crossarms,5,0.97234046,1,"[-3.5524, 3.03293, -8.79938, 1.20587, -3.87557, 8.1364, -6.85195, 0.59141, -2.09249, -6.11538, 3.99246, -4.75868, -2.1558, -5.02282, -5.90381, -0.76941, -2.49261, 0.69083, 2.61719, -2.63785, -0.75664, -4.8254]"
43,sub8,supLP120,3,sub8-a__0019__airpunch.npy,1,airpunch,1,0.97817457,1,"[2.32688, 10.66359, -2.04651, -2.21322, -11.6989, -1.52486, -8.18286, -3.82318, 6.72323, -5.23659, -0.47286, -7.32543, 0.25413, -5.29672, 2.42679, -3.37526, -2.35209, -3.36581, 4.58161, -5.51987, -9.2701, -0.01093]"
43,sub8,supLP120,3,sub8-a__0020__airpunch.npy,1,airpunch,1,0.9759955,1,"[3.17455, 11.15591, -1.89997, -1.95731, -12.47349, -1.66819, -8.54925, -3.87941, 7.34967, -4.69185, 0.85411, -7.59199, -0.33959, -4.9044, 2.51842, -3.75981, -2.42082, -3.04331, 4.82797, -6.02247, -9.87976, -1.1021]"
43,sub8,supLP120,3,sub8-a__0021__airpunch.npy,1,airpunch,1,0.9457399,1,"[2.70344, 11.1277, -1.52847, -2.81228, -12.33388, -1.78152, -8.49922, -3.19979, 8.23229, -4.22888, 0.07732, -7.06539, -0.17478, -5.62154, 2.57947, -3.68651, -1.99785, -3.07969, 4.71204, -6.15672, -9.98376, -0.54317]"
43,sub8,supLP120,3,sub8-a__0023__drink.npy,7,drink,7,0.9809607,1,"[-7.1128, 3.50947, -8.05189, 5.52951, -5.06087, -0.28739, -3.05567, 9.65388, -1.84604, -0.7396, 1.34531, -4.92341, -2.62761, -2.98, -6.14184, -1.57661, 1.27395, 0.78792, 1.67899, -7.08573, -3.13471, -1.70746]"
43,sub8,supLP120,3,sub8-a__0025__drink.npy,7,drink,7,0.99750936,1,"[-7.23048, 1.77954, -7.98957, 5.12542, -3.29023, 2.6149, -1.40197, 11.32313, -0.98089, 0.84586, 0.01377, -3.81377, -2.65717, -4.12889, -4.88751, -1.97627, 2.42284, 0.25937, -0.40472, -4.39981, -3.19226, 0.12567]"
43,sub8,supLP120,3,sub8-a__0026__drink.npy,7,drink,7,0.99927634,1,"[-6.98303, 2.13262, -7.86967, 6.19995, -3.20927, 2.19524, -1.50128, 13.48795, -3.41514, -0.00913, 0.19645, -3.73119, -2.71114, -3.55448, -5.66524, -1.70812, 1.58163, 1.1406, -0.46227, -4.93656, -1.98629, -1.66054]"
43,sub8,supLP120,3,sub8-a__0027__drink.npy,7,drink,7,0.99894637,1,"[-7.14121, 2.3956, -8.12342, 6.11346, -3.47023, 1.93739, -1.75129, 13.03214, -3.13401, -0.0771, 0.62449, -3.80553, -3.10212, -3.53789, -5.57025, -1.84753, 1.47746, 1.1616, -0.09154, -5.10603, -2.37048, -1.83307]"
43,sub8,supLP120,3,sub8-a__0028__brushteeth.npy,3,brushteeth,7,0.91008675,0,"[-6.33242, 2.237, -7.6425, 9.04277, -4.39711, 0.4508, -3.5608, 11.36023, -4.85712, -2.27426, 1.33232, -4.71395, -3.76185, -1.70493, -4.74869, -1.04027, 0.24142, 1.62381, 0.38846, -6.18345, -1.83655, -2.97452]"
43,sub8,supLP120,3,sub8-a__0029__brushteeth.npy,3,brushteeth,7,0.9873641,0,"[-4.49204, 1.07492, -7.58116, 7.29546, -3.3472, 1.18596, -3.66781, 11.69284, -6.63889, -3.52182, 2.30358, -3.9182, -4.87171, -1.39522, -4.88464, 0.58489, -0.04567, 3.46509, 1.68873, -5.4934, 0.51805, -5.43568]"
43,sub8,supLP120,3,sub8-a__0030__brushteeth.npy,3,brushteeth,7,0.89185226,0,"[-5.45481, 2.54567, -7.28765, 7.62094, -4.22087, -0.17479, -4.61122, 9.75455, -5.26861, -2.96759, 2.932, -4.53546, -4.65158, -1.16238, -4.59634, -0.87385, -0.784, 1.54609, 2.35448, -6.04274, -1.38619, -5.01143]"
43,sub8,supLP120,3,sub8-a__0031__brushteeth.npy,3,brushteeth,7,0.91888964,0,"[-6.95611, 2.51507, -8.0669, 8.89458, -3.92598, 0.28852, -3.67832, 11.32589, -4.17044, -2.13846, 1.51547, -4.84515, -4.46941, -2.01409, -4.36881, -1.19051, 1.35955, 1.48157, 0.46036, -5.79142, -3.03207, -3.14891]"
43,sub8,supLP120,3,sub8-a__0032__brushteeth.npy,3,brushteeth,7,0.95379704,0,"[-5.64105, 2.87861, -6.98687, 7.17522, -4.6495, 0.38809, -3.86438, 10.24152, -5.07655, -2.90193, 2.59187, -4.40888, -4.62352, -1.69598, -4.75153, -1.27178, -0.61672, 1.38433, 2.63403, -5.77344, -1.98139, -4.71659]"
43,sub8,supLP120,3,sub8-a__0033__highfive.npy,8,highfive,8,0.7998922,1,"[0.68052, 8.43532, -2.55936, -2.26254, -12.13624, -1.42881, -7.51906, -0.46494, 9.82791, -2.05742, -0.33257, -6.4367, 1.46628, -6.5309, 0.55883, -4.32405, -0.97783, -2.60754, 2.82295, -7.31028, -8.80746, 1.60972]"
43,sub8,supLP120,3,sub8-a__0034__highfive.npy,8,highfive,8,0.5766182,1,"[-0.55179, 6.06, -3.82023, -1.83639, -10.45706, -0.68794, -7.06018, -1.8739, 6.68809, -2.8321, -1.25772, -5.99546, 4.6947, -6.97465, -1.60415, -3.56377, -2.18456, -2.78226, 2.4189, -7.02949, -6.00857, 3.64558]"
43,sub8,supLP120,3,sub8-a__0035__highfive.npy,8,highfive,8,0.8459323,1,"[-0.20909, 6.36586, -3.2061, -2.30109, -11.09447, -1.75462, -6.64483, -1.33067, 8.25789, -3.17446, -1.55127, -5.86571, 3.92871, -6.96961, -0.32768, -4.06856, -1.53155, -3.08835, 3.39203, -7.07494, -7.07888, 3.63164]"
43,sub8,supLP120,3,sub8-a__0037__highfive.npy,8,highfive,8,0.85319626,1,"[-0.54478, 6.60136, -3.62447, -2.09884, -10.79282, -1.67222, -6.3873, -1.24224, 8.51631, -3.08303, -1.6374, -5.93142, 3.91914, -6.75675, -0.8246, -3.69965, -0.95669, -3.23889, 3.53203, -6.76599, -7.12993, 3.59926]"
43,sub8,supLP120,3,sub8-a__0038__wave.npy,21,wave,21,0.62393504,1,"[0.9319, 5.38231, 2.16557, -3.45598, -11.29224, -3.20846, -4.78941, -1.18163, 8.83807, -3.6189, -2.53456, -4.9674, 1.58895, -6.0984, 3.23411, -4.90575, -0.79983, -1.93811, 1.81959, -4.5751, -5.83143, 9.38227]"
43,sub8,supLP120,3,sub8-a__0039__wave.npy,21,wave,21,0.9616113,1,"[-0.37261, 4.24779, 0.31942, -3.46149, -9.60495, -2.66047, -4.1971, -0.67651, 7.4561, -3.23912, -2.67447, -4.14542, 3.95701, -7.01962, 0.64003, -4.2319, -0.54285, -1.82615, 2.48346, -4.74637, -4.72305, 10.7546]"
43,sub8,supLP120,3,sub8-a__0040__wave.npy,21,wave,21,0.9875667,1,"[-2.4322, 3.9884, -3.42577, -2.25492, -8.53746, -1.27856, -2.94628, 0.15075, 6.44958, -3.03987, -4.56168, -4.85722, 4.34078, -6.18403, -1.55814, -2.95817, 0.26036, -1.93936, 2.33507, -5.64068, -3.64156, 11.03034]"
43,sub8,supLP120,3,sub8-a__0041__wave.npy,21,wave,21,0.9541263,1,"[-2.5765, 4.38228, -3.7631, -2.20191, -8.52195, -1.21783, -2.60587, 0.49811, 6.685, -3.07936, -4.83479, -4.95015, 3.90915, -5.93559, -1.39685, -2.94238, 0.55109, -2.005, 2.93864, -6.12436, -4.19226, 9.8951]"
43,sub8,supLP120,3,sub8-a__0044__bow.npy,2,bow,2,0.99447614,1,"[7.8182, 0.46833, 13.19134, -6.91265, -9.19728, -1.81308, -2.39361, -4.55471, -1.34393, -4.96636, -0.62143, 3.88443, 2.92996, -7.55922, 6.03366, -4.54033, -6.56592, 0.27172, -0.05825, -1.73939, -4.7436, -0.81496]"
43,sub8,supLP120,3,sub8-a__0045__bow.npy,2,bow,2,0.9977724,1,"[6.39587, -0.1403, 12.879, -6.37849, -8.36521, -2.41144, -2.91174, -4.43308, -1.63421, -3.74341, -0.41092, 4.18135, 4.34807, -8.0803, 4.85936, -4.53199, -7.08158, 0.1835, -1.20478, -2.42849, -4.08705, -0.61667]"
43,sub8,supLP120,3,sub8-a__0046__bow.npy,2,bow,2,0.9979158,1,"[5.4372, -0.76186, 12.33496, -6.35421, -6.7648, -1.71732, -2.13456, -3.65722, -1.83065, -2.76128, -1.62721, 4.93234, 3.79774, -7.79793, 4.07186, -4.32876, -5.867, -0.56062, -1.60843, -2.86091, -3.70588, 0.31072]"
43,sub8,supLP120,3,sub8-a__0047__bow.npy,2,bow,2,0.9965905,1,"[6.68864, -1.4177, 12.70296, -6.32084, -7.64138, -1.91073, -2.55797, -3.88533, -1.80316, -2.25284, -0.38452, 4.40765, 4.88885, -8.90446, 4.62196, -4.525, -7.77447, 0.88881, -2.32937, -1.95565, -3.36284, -0.37427]"
43,sub8,supLP120,3,sub8-a__0048__crossarms.npy,5,crossarms,5,0.7442495,1,"[-3.90188, 3.71499, -7.00573, 0.80041, -3.84053, 7.78887, -4.08585, 6.57581, -3.96458, -6.15296, 2.5611, -2.55334, -3.9701, -5.63623, -5.56668, -0.39259, -2.01423, 2.15976, 3.80735, -1.62701, -0.30041, -6.55967]"
43,sub8,supLP120,3,sub8-a__0050__crossarms.npy,5,crossarms,5,0.908008,1,"[-3.65366, 3.85565, -7.05426, 0.59539, -3.81734, 7.98484, -4.34902, 5.05621, -2.97021, -6.45131, 3.12629, -2.80119, -3.83407, -5.27573, -5.26258, -1.08441, -2.15163, 1.49435, 4.14165, -1.34601, -1.13948, -6.78221]"
43,sub8,supLP120,3,sub8-a__0051__crossarms.npy,5,crossarms,5,0.9328905,1,"[-3.59496, 3.21145, -7.56165, 1.6032, -3.37605, 7.95268, -4.68981, 4.3633, -3.52162, -6.89087, 3.28967, -3.01798, -3.73512, -5.01918, -5.56812, -0.33416, -1.60293, 1.74544, 4.12471, -1.51083, -0.70651, -6.73918]"
43,sub8,supLP120,3,sub8-a__0052__crossarms.npy,5,crossarms,5,0.98165256,1,"[-3.8734, 3.66289, -7.77456, 1.0293, -2.96778, 9.13621, -4.86413, 4.3919, -2.92435, -6.45067, 2.94786, -3.20451, -3.48803, -5.11049, -5.89394, -0.03587, -1.87514, 1.77647, 3.16816, -0.93852, -0.65529, -6.97081]"
43,sub8,supLP120,3,sub8-a__0053__airpunch.npy,1,airpunch,1,0.74118805,1,"[-0.78798, 7.42546, -7.46473, -0.69298, -8.10943, -1.96044, -6.18574, -2.85397, 5.4424, -4.04894, -1.75294, -5.95713, 1.77981, -4.2925, -0.39583, -2.22936, -0.38592, -4.25237, 5.82699, -7.96757, -6.97042, 1.93022]"
43,sub8,supLP120,3,sub8-a__0054__airpunch.npy,1,airpunch,1,0.900305,1,"[-1.46544, 9.36143, -5.60352, -1.19507, -9.18681, -2.41046, -6.49288, -2.18927, 7.00454, -3.36197, -1.95872, -5.71719, 2.82745, -6.02948, -0.78123, -2.17486, 0.40169, -3.54885, 5.08739, -7.25584, -8.95413, 1.49026]"
43,sub8,supLP120,3,sub8-a__0055__airpunch.npy,1,airpunch,1,0.94671,1,"[0.53392, 11.48045, -3.14056, -1.82894, -11.56897, -2.4034, -6.99527, -2.06558, 8.56499, -4.35706, -1.22599, -6.43739, 0.43385, -5.71093, 1.24979, -3.0849, 0.12828, -3.29745, 5.26885, -6.68657, -10.61587, 0.36126]"
43,sub8,supLP120,3,sub8-a__0056__airpunch.npy,1,airpunch,1,0.9341096,1,"[-0.04099, 10.92893, -4.15737, -1.82025, -10.71462, -2.39868, -7.24746, -2.47047, 8.22848, -3.73674, -1.04518, -6.20751, 1.38336, -6.11497, 0.598, -2.67686, 0.14583, -3.27006, 5.17889, -6.83593, -10.31429, 0.25127]"
43,sub8,supLP120,3,sub8-a__0057__airpunch.npy,1,airpunch,1,0.96342963,1,"[1.18274, 10.91209, -3.85256, -1.39069, -11.45779, -2.37478, -7.89028, -3.45532, 7.55438, -4.26205, -0.17942, -6.97207, 0.7063, -5.16912, 1.27669, -2.84097, -0.85997, -3.31555, 5.0798, -6.78081, -9.9871, -0.00877]"
43,sub8,supLP120,3,sub8-a__0058__drink.npy,7,drink,7,0.99741,1,"[-7.29828, 3.19069, -7.65133, 5.47457, -5.23436, -1.05433, -1.68087, 11.64648, -2.74206, -0.75064, 1.34452, -3.84562, -3.73783, -3.31893, -5.22548, -2.62436, 2.34759, 0.20384, 2.83322, -7.1405, -3.73721, -1.99144]"
43,sub8,supLP120,3,sub8-a__0059__drink.npy,7,drink,7,0.99922967,1,"[-6.85207, 2.1393, -7.49217, 5.5887, -3.2207, 1.549, -1.12624, 12.85027, -2.23724, 0.55711, -0.27097, -3.65415, -1.9308, -3.28629, -5.678, -2.08613, 1.9117, 0.37485, -0.23903, -5.00665, -2.14056, -0.49338]"
43,sub8,supLP120,3,sub8-a__0060__drink.npy,7,drink,7,0.98436445,1,"[-7.34248, 2.54412, -8.36736, 7.28076, -4.53505, 1.10779, -3.00146, 11.44528, -2.17794, -0.54606, 2.02027, -4.45044, -4.31856, -3.45511, -4.23379, -2.47713, 1.49919, 0.38038, 0.7673, -5.53648, -4.13017, -2.65423]"
43,sub8,supLP120,3,sub8-a__0061__drink.npy,7,drink,7,0.9948777,1,"[-7.5911, 2.09761, -8.59681, 7.07866, -3.6436, 1.18718, -2.33447, 12.37138, -2.47728, -0.20984, 1.93798, -4.20078, -4.70143, -3.32846, -3.96776, -2.50272, 1.35903, 0.45662, 1.19828, -5.05633, -3.52857, -2.45013]"
43,sub8,supLP120,3,sub8-a__0063__brushteeth.npy,3,brushteeth,3,0.6067111,1,"[-5.49669, 1.7953, -8.55636, 8.09289, -3.19955, 1.13476, -4.95204, 7.63197, -5.55473, -3.6736, 2.93907, -4.56282, -4.22982, -0.72899, -5.26764, 0.18222, -0.70827, 3.04348, 1.68021, -6.32052, -0.39319, -5.28124]"
43,sub8,supLP120,3,sub8-a__0064__brushteeth.npy,3,brushteeth,3,0.67625815,1,"[-5.92169, 2.60076, -7.70028, 8.96403, -4.86377, -1.2176, -5.2875, 8.2094, -5.21562, -3.88209, 3.57516, -4.47043, -4.24201, -1.33728, -3.57319, -1.69478, 0.08262, 0.96511, 2.5622, -6.9251, -2.95977, -4.86485]"
43,sub8,supLP120,3,sub8-a__0065__brushteeth.npy,3,brushteeth,7,0.877701,0,"[-5.61474, 2.25011, -7.80614, 7.32081, -4.6599, -2.33032, -4.17773, 9.36286, -5.90615, -3.64851, 3.28684, -4.04459, -4.79831, -1.26515, -3.81654, -1.31605, 0.46136, 0.91993, 4.25267, -7.48481, -1.88425, -3.87174]"
43,sub8,supLP120,3,sub8-a__0066__brushteeth.npy,3,brushteeth,7,0.85278094,0,"[-6.05913, 2.9805, -7.7585, 7.61609, -4.96225, -0.39008, -3.82511, 9.41465, -4.76118, -2.99885, 3.40395, -4.34242, -4.9954, -1.75707, -3.83025, -2.32802, -0.22952, 1.01603, 3.4837, -6.04441, -3.25373, -4.82068]"
43,sub8,supLP120,3,sub8-a__0067__brushteeth.npy,3,brushteeth,7,0.92994297,0,"[-6.98286, 2.56505, -8.22305, 8.2628, -5.1895, 0.03958, -3.0173, 10.8601, -3.34185, -1.63926, 2.95848, -4.4637, -4.84637, -2.46463, -3.31567, -2.95162, 0.29997, 0.80794, 1.99634, -5.82013, -4.30422, -3.56454]"
43,sub8,supLP120,3,sub8-a__0069__highfive.npy,8,highfive,8,0.77479005,1,"[0.37268, 8.9235, -2.62339, -2.10543, -12.49674, -2.41601, -6.86411, -0.44992, 10.16734, -2.88103, -0.5915, -6.40245, 0.8487, -6.0559, 1.34873, -4.35078, -0.50978, -2.7511, 3.86292, -7.5366, -9.30253, 1.59564]"
43,sub8,supLP120,3,sub8-a__0070__highfive.npy,8,highfive,8,0.8704705,1,"[0.37696, 7.04016, -1.30865, -2.81076, -11.87998, -2.1934, -6.643, -1.69372, 9.04132, -4.35893, -2.02277, -6.10464, 2.48898, -6.49986, 1.19077, -4.1245, -1.42132, -3.05186, 3.73417, -6.09549, -7.63314, 4.01323]"
43,sub8,supLP120,3,sub8-a__0071__highfive.npy,8,highfive,8,0.9236925,1,"[0.71011, 8.16062, -2.07335, -2.37047, -12.62587, -3.33216, -6.37938, -0.81218, 10.68814, -3.69419, -1.44133, -6.32067, 1.13675, -6.16512, 2.07578, -4.42567, -0.24347, -2.96401, 4.5092, -7.21593, -9.18231, 2.70482]"
43,sub8,supLP120,3,sub8-a__0072__highfive.npy,8,highfive,8,0.8368135,1,"[0.18325, 7.48507, -2.45971, -2.36279, -11.96052, -2.72609, -6.78185, -1.38488, 9.17815, -3.72322, -1.5549, -6.25834, 1.91581, -6.11302, 1.22268, -4.20258, -0.97322, -3.21549, 4.2406, -7.30685, -8.20377, 3.22185]"
43,sub8,supLP120,3,sub8-a__0074__wave.npy,21,wave,21,0.98320055,1,"[-0.69025, 3.95587, -0.12377, -3.04271, -9.30856, -2.55963, -3.95959, -1.43058, 7.30283, -4.40767, -3.58744, -4.6026, 4.37824, -6.46338, 0.25144, -3.35367, -0.8176, -1.91368, 2.87287, -4.36106, -4.14174, 11.47063]"
43,sub8,supLP120,3,sub8-a__0076__wave.npy,21,wave,21,0.95282584,1,"[-1.25113, 4.27912, -1.48136, -3.426, -9.10791, -1.37291, -3.62674, -0.61376, 7.44118, -3.8157, -4.06033, -4.78273, 3.97482, -6.55805, -0.76263, -3.32679, -0.54087, -2.26697, 3.1958, -4.77196, -4.27999, 10.53243]"
43,sub8,supLP120,3,sub8-a__0077__wave.npy,21,wave,21,0.9072721,1,"[-1.35972, 4.67219, -2.62134, -2.92144, -9.22984, -0.82516, -3.83182, -0.26799, 7.16937, -3.70526, -4.49072, -5.26072, 3.04285, -6.11122, -0.76037, -3.42483, -0.23193, -2.77047, 3.60206, -5.72168, -4.54588, 9.57149]"
43,sub8,supLP120,3,sub8-a__0078__bow.npy,2,bow,2,0.99227303,1,"[8.28134, -0.17692, 13.23342, -6.62758, -9.13071, -1.88386, -3.66754, -4.48439, -1.25569, -3.72406, -0.25765, 3.72096, 4.68197, -9.73587, 5.50685, -4.65231, -8.14047, 1.05524, -1.05357, -1.83321, -4.87492, -1.50258]"
43,sub8,supLP120,3,sub8-a__0079__bow.npy,2,bow,2,0.99877816,1,"[6.00028, -0.14726, 13.45993, -6.35801, -8.30962, -1.94577, -2.63653, -3.57174, -1.44778, -2.80111, -1.36523, 5.28559, 5.08942, -9.82093, 4.48198, -4.77216, -6.90541, 1.05429, -1.47857, -3.04931, -5.37355, -0.27455]"
43,sub8,supLP120,3,sub8-a__0080__bow.npy,2,bow,2,0.9984322,1,"[6.81741, 0.34319, 13.66505, -6.18044, -9.58838, -2.39626, -3.87288, -3.76571, -0.72772, -3.43769, -0.26859, 3.49308, 4.822, -9.96341, 5.61428, -5.34289, -7.60563, 0.62545, -0.98262, -2.09709, -5.36014, -0.44388]"
43,sub8,supLP120,3,sub8-a__0081__bow.npy,2,bow,2,0.998635,1,"[6.41623, -0.21513, 13.37683, -6.4315, -8.06628, -1.70779, -2.52281, -3.51793, -0.91889, -3.23543, -1.24849, 4.75353, 3.92591, -8.89609, 4.5849, -4.75775, -6.3448, 0.56996, -1.10091, -2.78805, -5.03833, 0.06186]"
43,sub8,supLP120,3,sub8-a__0082__bow.npy,2,bow,2,0.9993924,1,"[5.87295, -0.6934, 13.99479, -6.05584, -7.92452, -2.28742, -2.96521, -3.76503, -1.59881, -2.50535, -0.75425, 4.75294, 4.94168, -9.53162, 4.71289, -4.64316, -7.75809, 0.88065, -2.19733, -2.17422, -4.23829, -0.31227]"
43,sub8,supLP120,3,sub8-a__0083__crossarms.npy,5,crossarms,5,0.9949721,1,"[-4.4752, 4.11704, -8.12266, 0.55621, -3.43585, 10.26679, -5.33488, 3.82081, -2.42299, -6.31598, 3.05196, -3.53596, -2.99374, -6.28398, -6.31333, -0.80594, -1.87022, 1.01865, 2.43142, -1.42599, -1.57183, -6.17312]"
43,sub8,supLP120,3,sub8-a__0084__crossarms.npy,5,crossarms,5,0.99464935,1,"[-4.29842, 4.11578, -8.40604, 0.68239, -2.57875, 11.12233, -4.92081, 5.55378, -2.33192, -6.49403, 2.85446, -3.07576, -4.03015, -6.01458, -6.48381, 0.03347, -1.9251, 1.76574, 2.80325, -0.07448, -0.81519, -7.6003]"
43,sub8,supLP120,3,sub8-a__0085__crossarms.npy,5,crossarms,5,0.9926835,1,"[-4.14003, 4.18115, -7.83862, 0.63171, -2.93272, 10.43588, -4.59488, 4.90607, -1.98067, -5.76708, 2.89772, -2.95965, -3.8775, -5.49148, -5.85204, -0.36383, -1.89456, 1.47605, 3.17056, -0.20888, -1.12074, -7.80895]"
43,sub8,supLP120,3,sub8-a__0086__crossarms.npy,5,crossarms,5,0.9995234,1,"[-4.80291, 4.78965, -8.73305, -0.7518, -2.02234, 13.52171, -4.86469, 5.33686, 0.08747, -5.26654, 2.39957, -3.05174, -4.30746, -6.41171, -6.13731, -0.45088, -1.23138, 1.53186, 1.47211, 1.49516, -1.70344, -7.99519]"
43,sub8,supLP120,3,sub8-a__0087__crossarms.npy,5,crossarms,5,0.99797875,1,"[-4.14428, 4.39648, -8.10907, -0.43441, -2.49893, 11.528, -4.76225, 4.33416, -0.39764, -5.06553, 3.19293, -3.08724, -4.55208, -5.48582, -5.3742, -0.76119, -1.71709, 1.44095, 2.69844, 0.89263, -1.75521, -8.33528]"
43,sub8,supLP120,3,sub8-a__0088__airpunch.npy,1,airpunch,1,0.42492634,1,"[-0.1467, 6.85651, -5.176, -2.52633, -8.53045, -1.85305, -6.53092, -3.09224, 6.24881, -3.09954, -1.40128, -6.03487, 0.90368, -4.33442, 0.99596, -2.83057, -1.12138, -4.01578, 6.63325, -6.68906, -6.80134, 0.31385]"
43,sub8,supLP120,3,sub8-a__0089__airpunch.npy,1,airpunch,1,0.96988624,1,"[1.32278, 11.27956, -2.16819, -2.23317, -11.69157, -2.78162, -7.59757, -2.957, 7.73195, -4.69682, -1.00217, -6.70566, 0.12282, -5.50914, 2.64038, -3.14735, -0.8061, -3.48712, 5.05675, -6.02304, -10.42838, 0.32905]"
43,sub8,supLP120,3,sub8-a__0090__airpunch.npy,1,airpunch,1,0.9077853,1,"[0.93161, 11.46823, -1.84836, -2.51475, -11.82834, -3.54453, -6.63303, -1.66343, 9.13417, -4.77308, -1.43726, -6.42732, -0.95149, -5.49815, 3.26326, -2.95691, 0.5014, -3.20155, 6.02721, -5.93308, -11.04644, 0.40794]"
43,sub8,supLP120,3,sub8-a__0091__airpunch.npy,1,airpunch,1,0.8832909,1,"[1.25718, 11.25189, -1.71145, -2.75997, -11.69541, -3.71327, -6.57778, -1.75102, 9.15782, -4.99847, -1.66907, -6.09836, -1.22108, -5.30963, 3.5748, -2.84348, 0.64427, -3.27078, 6.46962, -5.87381, -10.88852, 0.5093]"
43,sub8,supLP120,3,sub8-a__0093__drink.npy,7,drink,7,0.98904055,1,"[-7.08823, 1.32978, -7.14558, 6.10868, -2.93482, 1.38966, -1.38564, 10.70096, 0.59743, 1.53178, -0.34042, -4.34008, -1.89911, -3.49997, -4.55142, -2.48365, 2.06882, -0.66809, -0.21268, -4.48053, -3.31342, 2.85615]"
43,sub8,supLP120,3,sub8-a__0094__drink.npy,7,drink,7,0.9786249,1,"[-7.19034, 2.6278, -8.4346, 5.87053, -4.95423, -0.25538, -2.92152, 9.80497, 0.70126, 1.14051, 1.92638, -4.95719, -3.7159, -3.41462, -4.06835, -3.11719, 2.22971, -0.58127, 1.30214, -6.54575, -5.23838, 0.06091]"
43,sub8,supLP120,3,sub8-a__0095__drink.npy,7,drink,7,0.99358153,1,"[-7.28971, 1.52556, -8.28347, 6.60271, -3.11044, 0.70083, -2.32314, 11.67687, -0.77734, 0.66249, 1.36055, -4.46207, -3.78849, -3.19026, -4.04263, -2.89948, 1.86487, -0.60271, 1.00842, -5.16836, -3.57962, 0.00603]"
43,sub8,supLP120,3,sub8-a__0096__drink.npy,7,drink,7,0.9948238,1,"[-7.28784, 1.48531, -8.46661, 6.2358, -3.05446, 1.57569, -1.9775, 11.54611, -0.19652, 0.92547, 1.45465, -4.21802, -3.78779, -3.50176, -4.09055, -2.99673, 1.83603, -0.42299, 0.84266, -4.63246, -3.70447, -0.38522]"
43,sub8,supLP120,3,sub8-a__0097__drink.npy,7,drink,7,0.9862017,1,"[-7.42354, 2.24759, -8.82607, 6.99782, -4.44816, -0.02489, -2.81265, 11.3061, -2.17626, -0.13207, 2.91353, -4.5696, -5.12951, -3.03271, -3.31781, -3.05296, 1.06741, 0.28453, 2.20858, -5.98483, -4.25555, -2.9868]"
43,sub8,supLP120,3,sub8-a__0098__brushteeth.npy,3,brushteeth,3,0.61277694,1,"[-4.48563, 2.83778, -8.01471, 7.33624, -7.76054, -1.77176, -5.41766, 5.31299, -1.51384, -1.62436, 6.56522, -6.00269, -4.28716, -0.94262, -1.79341, -4.42312, -1.98131, 0.25473, 3.61931, -7.30317, -5.63763, -4.58989]"
43,sub8,supLP120,3,sub8-a__0100__brushteeth.npy,3,brushteeth,3,0.80128366,1,"[-4.96275, 2.05382, -8.39379, 7.54774, -6.05803, -0.89868, -5.93274, 5.02431, -3.35917, -2.77115, 5.64773, -5.3501, -3.8441, -1.31935, -2.92315, -2.98576, -1.54763, 0.37451, 3.18582, -6.73726, -3.64668, -4.73741]"
43,sub8,supLP120,3,sub8-a__0101__brushteeth.npy,3,brushteeth,7,0.94350725,0,"[-6.17835, 2.53047, -7.3257, 7.49925, -5.36095, -0.49926, -3.76769, 10.35642, -5.39747, -2.77328, 3.37005, -3.72366, -4.66254, -2.41647, -3.71593, -2.61592, -0.34201, 1.01367, 3.42779, -6.52343, -2.94448, -4.61358]"
43,sub8,supLP120,3,sub8-a__0102__brushteeth.npy,3,brushteeth,3,0.57642764,1,"[-5.30291, 2.53925, -8.66857, 7.06374, -6.95878, -1.05168, -4.97384, 5.99682, -1.80079, -1.58008, 6.02537, -5.5201, -4.30703, -1.57148, -2.35561, -3.97434, -1.42507, 0.3232, 3.31579, -7.0354, -5.07917, -4.70233]"
43,sub8,supLP120,3,sub8-a__0103__highfive.npy,8,highfive,8,0.7173137,1,"[-0.08056, 8.09049, -3.67875, -1.88363, -11.92726, -1.91492, -7.70284, -1.5029, 9.03934, -2.3466, -0.40406, -6.87197, 1.67718, -6.31306, 0.23493, -4.05986, -1.12053, -3.15049, 3.70826, -7.71433, -8.60294, 2.10008]"
43,sub8,supLP120,3,sub8-a__0104__highfive.npy,8,highfive,8,0.8705767,1,"[-0.36718, 7.18413, -3.56645, -2.32186, -11.44403, -2.14603, -6.80333, -1.22988, 9.15494, -2.74248, -1.52339, -6.25935, 2.67591, -6.67151, 0.21812, -4.07735, -0.69226, -3.26467, 3.93646, -7.49666, -7.93395, 2.94962]"
43,sub8,supLP120,3,sub8-a__0105__highfive.npy,8,highfive,8,0.48768595,1,"[-0.95062, 5.87228, -5.36609, -1.47302, -9.93912, -0.53569, -7.23998, -2.73513, 6.06527, -3.23098, -1.05459, -6.80497, 3.32693, -5.87837, -1.6063, -3.06499, -2.15765, -3.05971, 3.65592, -7.17925, -5.64461, 3.35676]"
43,sub8,supLP120,3,sub8-a__0106__highfive.npy,8,highfive,8,0.7083534,1,"[-0.05169, 7.78673, -3.23801, -2.44652, -11.44304, -1.72397, -7.13304, -1.65226, 8.71148, -3.29479, -1.16342, -6.70814, 1.35846, -5.83017, 0.42543, -3.92021, -1.17901, -3.39808, 4.2747, -7.02192, -7.8901, 2.50355]"
43,sub8,supLP120,3,sub8-a__0107__highfive.npy,8,highfive,8,0.6589004,1,"[0.79235, 8.94421, -2.14246, -2.29929, -12.40118, -2.41676, -7.30704, -1.19944, 9.60938, -2.59463, -0.58551, -6.87352, 0.43457, -5.61084, 1.99797, -4.18595, -0.84612, -2.86293, 3.53929, -7.26151, -9.05858, 1.55932]"
43,sub8,supLP120,3,sub8-a__0108__wave.npy,21,wave,21,0.95481884,1,"[-1.18247, 4.80377, -1.43303, -1.89205, -10.45439, -2.85887, -4.15136, -0.2188, 7.20728, -1.55411, -2.17268, -5.71149, 2.31462, -5.55468, 0.04285, -4.39634, 0.00434, -2.54698, 2.85285, -6.49663, -5.35454, 10.36586]"
43,sub8,supLP120,3,sub8-a__0109__wave.npy,21,wave,21,0.9281676,1,"[-2.72854, 5.3243, -3.16594, -1.43374, -9.7275, -1.93741, -3.95436, 0.85158, 7.09919, -1.00983, -2.81127, -5.78111, 2.37413, -5.84072, -1.44234, -3.73489, 0.81095, -2.52998, 2.45397, -6.88055, -5.62181, 9.8344]"
43,sub8,supLP120,3,sub8-a__0110__wave.npy,21,wave,21,0.5305841,1,"[-3.47832, 6.04781, -4.78117, -1.26911, -9.7095, -1.31613, -3.82783, 1.90995, 7.70116, -0.35671, -2.6727, -5.72602, 1.79885, -5.95637, -2.46046, -3.61268, 1.62743, -2.77866, 2.89679, -7.61365, -6.37115, 8.01295]"
43,sub8,supLP120,3,sub8-a__0111__wave.npy,21,wave,21,0.8640468,1,"[-4.25802, 4.74387, -5.24717, -0.2304, -8.83173, -1.2767, -3.04249, 2.79993, 6.59583, 0.10997, -2.93864, -5.57388, 2.08757, -5.64952, -3.19122, -3.19634, 2.0721, -2.39342, 2.24453, -7.74569, -5.49684, 8.64199]"
43,sub8,supLP120,3,sub8-a__0112__wave.npy,21,wave,8,0.51578367,0,"[-4.39809, 7.29257, -6.82844, 0.5587, -9.88773, -1.42879, -4.38491, 2.83863, 7.45083, 0.94928, -0.13527, -6.55726, 0.0358, -5.15726, -3.68406, -3.5528, 1.65026, -2.42743, 3.23787, -8.3758, -7.7697, 4.52352]"
43,sub8,supLP120,3,sub8-a__0113__bow.npy,2,bow,2,0.9977773,1,"[8.90173, 0.86656, 15.11151, -7.26505, -9.8219, -1.72768, -3.5289, -4.3037, -0.52552, -4.82367, -0.45818, 3.57197, 2.92733, -9.5334, 6.59824, -4.81816, -7.93999, 1.36702, -0.4468, -0.88534, -5.56067, -1.76555]"
43,sub8,supLP120,3,sub8-a__0114__bow.npy,2,bow,2,0.99844813,1,"[7.99046, 0.73216, 14.64524, -6.76965, -9.59212, -2.39895, -3.51538, -4.24515, -0.36412, -4.15399, -0.07387, 3.45488, 2.96524, -9.0159, 6.31433, -4.83751, -7.56825, 0.96289, -0.59723, -1.53079, -5.52839, -1.19236]"
43,sub8,supLP120,3,sub8-a__0115__bow.npy,2,bow,2,0.99835664,1,"[7.29247, -0.39742, 13.89886, -6.14064, -8.56184, -2.74906, -3.96298, -4.5647, -1.19604, -2.85368, 0.14805, 3.42471, 3.95765, -8.75818, 5.4478, -4.60168, -7.99302, 0.54041, -1.68525, -2.24325, -4.49608, -0.95542]"
43,sub8,supLP120,3,sub8-a__0116__bow.npy,2,bow,2,0.9983912,1,"[7.34497, -0.46395, 14.03983, -6.46737, -8.67677, -2.52471, -3.21976, -4.08987, -1.47387, -3.18096, -0.44132, 4.03319, 3.90983, -9.35781, 5.87887, -4.53719, -7.84424, 0.62453, -1.26527, -2.29081, -5.00601, -0.8542]"
43,sub8,supLP120,3,sub8-a__0118__bow.npy,2,bow,2,0.9984207,1,"[6.49409, -0.43812, 13.30374, -6.47662, -7.87641, -1.97828, -1.89094, -4.00136, -1.4097, -3.26514, -1.09922, 4.97022, 3.54645, -8.07951, 4.644, -4.31441, -6.50648, 0.42141, -1.19843, -2.77755, -4.69387, -0.29326]"
43,sub8,supLP120,3,sub8-a__0119__crossarms.npy,5,crossarms,5,0.9932401,1,"[-4.13222, 4.36043, -7.78444, 0.34, -2.70136, 10.56228, -4.62673, 4.90637, -1.81016, -5.70664, 2.99218, -2.75025, -3.92678, -5.50413, -5.65939, -0.3982, -1.9097, 1.6181, 3.0233, 0.19892, -1.28721, -7.97478]"
43,sub8,supLP120,3,sub8-a__0121__crossarms.npy,5,crossarms,5,0.94380873,1,"[-4.00236, 3.61713, -7.8413, 1.28721, -3.19498, 9.13596, -4.40753, 6.12816, -3.7281, -6.50618, 2.84728, -2.80014, -3.49696, -6.09612, -6.57758, -0.22605, -1.7072, 2.11295, 3.2469, -1.32221, -0.5382, -6.46333]"
43,sub8,supLP120,3,sub8-a__0123__crossarms.npy,5,crossarms,5,0.9977779,1,"[-4.15017, 3.92011, -8.60897, 0.62742, -2.48387, 11.22005, -5.13163, 4.22535, -1.96335, -6.45325, 3.11346, -3.43612, -4.07695, -5.34168, -6.33641, 0.01395, -1.80231, 1.38131, 2.78483, -0.10434, -0.87972, -7.51348]"
43,sub8,supLP120,3,sub8-a__0124__airpunch.npy,1,airpunch,1,0.82942027,1,"[1.0991, 9.57859, -2.80044, -2.11427, -11.61738, -4.35613, -7.26818, -3.03403, 7.80659, -3.74355, 0.38817, -6.56142, -0.19692, -4.64174, 3.13004, -3.13696, -0.6584, -3.56523, 6.18558, -6.5009, -10.22481, -0.29455]"
43,sub8,supLP120,3,sub8-a__0126__airpunch.npy,1,airpunch,1,0.9615272,1,"[0.10194, 10.82764, -3.09758, -1.57068, -11.04792, -3.73703, -7.09082, -2.60664, 7.14524, -4.19026, -0.20946, -6.90472, -0.48895, -4.67582, 1.7987, -2.60481, -0.00069, -3.34103, 6.60226, -6.65501, -10.47201, 0.41564]"
43,sub8,supLP120,3,sub8-a__0127__airpunch.npy,1,airpunch,1,0.9217181,1,"[-0.2526, 10.32223, -4.66571, -0.95992, -10.53357, -3.38336, -6.96151, -2.71681, 7.71766, -3.85024, -0.65461, -6.62206, 0.45491, -4.89591, 1.46671, -2.55673, 0.43886, -3.71925, 5.78004, -6.91129, -10.19306, 0.09983]"
43,sub8,supLP120,3,sub8-a__0128__airpunch.npy,1,airpunch,1,0.88090813,1,"[-1.56557, 9.22968, -5.37722, -1.04782, -9.8124, -2.43351, -6.62484, -2.45992, 6.72274, -3.65084, -0.6502, -6.7173, 1.24945, -5.36748, -0.49691, -2.48846, -0.03112, -3.58398, 6.28431, -6.90415, -8.99086, 1.54072]"
43,sub8,supLP120,3,sub8-a__0129__airpunch.npy,1,airpunch,1,0.9492336,1,"[0.29396, 10.26214, -3.42508, -1.78165, -10.95425, -3.36409, -7.55188, -3.0105, 7.01966, -4.08998, -0.17799, -7.25239, -0.16527, -4.8492, 1.94375, -2.57149, -0.60696, -3.37896, 5.99145, -6.31707, -9.7771, 0.51874]"
43,sub8,supLP120,3,sub8-a__0130__drink.npy,7,drink,7,0.9298332,1,"[-6.50507, 3.05765, -7.5781, 5.45683, -5.88439, -0.56507, -2.98701, 8.26012, 1.85249, 1.21475, 1.56339, -5.2121, -2.64824, -3.53423, -4.15901, -3.45215, 1.93549, -1.08925, 1.39072, -6.92706, -5.69728, 2.25802]"
43,sub8,supLP120,3,sub8-a__0131__drink.npy,7,drink,7,0.9848103,1,"[-7.06733, 2.46353, -7.83554, 6.29196, -4.69578, -0.70991, -2.88121, 10.51913, -0.22147, 0.36405, 1.26177, -4.85289, -3.28819, -2.98444, -4.52878, -2.76951, 1.97245, -0.54086, 1.07245, -6.54562, -4.25756, 0.58196]"
43,sub8,supLP120,3,sub8-a__0132__drink.npy,7,drink,7,0.9912816,1,"[-7.48886, 1.89077, -8.27167, 6.82488, -3.72737, 1.37215, -1.84763, 11.58727, -0.96214, 0.61649, 1.51142, -4.41075, -3.87797, -3.24922, -4.294, -2.65289, 1.82326, -0.15448, 0.57626, -4.86856, -3.81295, -0.95283]"
43,sub8,supLP120,3,sub8-a__0134__drink.npy,7,drink,7,0.99430543,1,"[-7.4913, 1.77347, -8.3108, 7.08738, -3.14215, 1.08069, -2.1798, 12.27048, -1.68468, 0.36262, 1.53785, -4.27122, -4.11819, -3.09185, -4.25313, -2.64053, 1.81537, -0.41595, 0.83358, -5.05714, -3.49396, -1.29907]"
43,sub8,supLP120,3,sub8-a__0135__brushteeth.npy,3,brushteeth,3,0.80235785,1,"[-5.44879, 2.3535, -7.63893, 8.01182, -5.97267, -1.56, -5.15685, 6.37605, -4.38017, -3.16574, 4.70261, -4.8772, -3.76922, -0.69276, -3.80441, -2.81758, -1.00068, 0.29409, 3.46521, -7.29421, -2.92905, -3.94086]"
43,sub8,supLP120,3,sub8-a__0138__brushteeth.npy,3,brushteeth,3,0.93584013,1,"[-5.42272, 2.07375, -8.645, 8.29397, -5.25763, -1.69272, -6.26334, 4.77219, -3.71524, -3.28759, 4.84963, -5.21932, -3.45769, -1.03826, -3.64161, -1.86801, -0.12952, 0.08763, 2.86345, -7.74256, -3.10984, -3.84558]"
43,sub8,supLP120,3,sub8-a__0141__highfive.npy,8,highfive,8,0.8957701,1,"[-1.03185, 7.43368, -3.78443, -2.2198, -11.34586, -2.11858, -6.06786, -0.83394, 9.65409, -3.18339, -2.08119, -6.29502, 2.10105, -6.38403, -0.07644, -3.79148, 0.06957, -3.21226, 4.28147, -7.15397, -8.05194, 3.62888]"
43,sub8,supLP120,3,sub8-a__0142__highfive.npy,8,highfive,8,0.6198525,1,"[-0.58489, 7.94254, -4.5283, -1.41738, -11.89285, -2.132, -6.98569, -1.84789, 8.46935, -2.8764, -0.23504, -6.95127, 1.93025, -5.89558, -0.7693, -3.99253, -1.1687, -3.12231, 4.50568, -7.69586, -8.09413, 2.13972]"
43,sub8,supLP120,3,sub8-a__0143__highfive.npy,8,highfive,8,0.6772446,1,"[0.20935, 8.32641, -2.64948, -2.27926, -12.14827, -1.99246, -7.33871, -2.00739, 9.09513, -3.38936, -0.61711, -6.8776, 1.45546, -5.87433, 0.17884, -4.06176, -1.27997, -3.21225, 4.54939, -6.71257, -8.49579, 2.55993]"
43,sub8,supLP120,3,sub8-a__0144__highfive.npy,8,highfive,8,0.5158202,1,"[0.28451, 8.09016, -3.51613, -1.76306, -12.10024, -1.9673, -7.73639, -2.42499, 8.18275, -2.96225, -0.20144, -6.91555, 2.07001, -6.05668, -0.19543, -4.0048, -1.74297, -3.23083, 4.36648, -7.37999, -8.27366, 1.88483]"
43,sub8,supLP120,3,sub8-b1__0001__walk.npy,20,walk,20,0.97045845,1,"[4.07141, -3.42495, -9.11753, -0.57259, -1.02502, -3.5916, -11.09953, -8.45191, -7.44816, -3.00766, 4.71739, -6.54342, 0.9993, 0.52782, 0.96078, -0.95204, -8.91493, -1.54152, 0.9745, -5.04526, 8.70671, 0.75706]"
43,sub8,supLP120,3,sub8-b1__0002__turnaround.npy,19,turnaround,19,0.99995005,1,"[3.60463, 1.79362, 5.90155, -4.81254, 1.28766, 7.56408, -0.85506, -4.12214, -1.97949, -8.04166, -1.62703, -0.25034, -4.01498, 0.65868, 3.11902, 0.82074, -3.36478, 5.06791, -2.82713, 17.80499, 5.16119, -4.20344]"
43,sub8,supLP120,3,sub8-b1__0003__walk.npy,20,walk,20,0.995663,1,"[2.77191, -1.14354, -4.70954, 1.31706, -4.11996, 2.05469, -0.16416, -1.94286, -4.76663, -2.18881, 2.36444, -2.77852, 2.05489, -0.1867, -0.32519, -3.30716, -3.87465, 3.65245, -4.16197, 0.87851, 10.02463, 2.10968]"
43,sub8,supLP120,3,sub8-b1__0004__turnaround.npy,19,turnaround,19,0.99999714,1,"[8.19813, -0.19687, 4.52084, -5.32365, 0.4612, 8.45759, 0.10017, -4.45228, -4.29635, -8.61606, -2.3249, -1.74767, -10.1491, 4.61709, 6.79225, 2.10395, -4.6235, 1.97181, -1.67131, 21.90375, 4.92034, -8.00757]"
43,sub8,supLP120,3,sub8-b1__0005__walk.npy,20,walk,20,0.9870861,1,"[3.16586, -3.70977, -10.02092, 0.29042, 0.33048, -3.70156, -10.26222, -7.33866, -8.72773, -2.30257, 4.23376, -5.83185, 0.7924, 0.58433, 0.36596, -0.64164, -7.88914, -1.29242, 0.60428, -5.84255, 9.00393, 1.02372]"
43,sub8,supLP120,3,sub8-b1__0006__turnaround.npy,19,turnaround,19,0.9995863,1,"[3.87049, 0.2514, 2.49887, -3.38708, 1.64664, 6.93297, -0.39845, -3.81602, -3.86026, -9.18647, -2.95889, 0.1787, -4.53325, 0.74399, 2.86826, 1.67839, -2.84711, 4.34986, -1.45863, 15.0424, 5.37092, -3.11134]"
43,sub8,supLP120,3,sub8-b1__0007__walk.npy,20,walk,20,0.99580956,1,"[4.11115, -1.36489, -5.23311, 0.02125, -4.07555, 1.30434, -1.60816, -4.3118, -3.97827, -3.06747, 3.15021, -3.17133, -0.15916, 0.39282, 0.26609, -1.08357, -3.55594, 3.14722, -2.11955, 1.11397, 10.30549, 1.74051]"
43,sub8,supLP120,3,sub8-b1__0008__turnaround.npy,19,turnaround,19,0.99998975,1,"[8.97473, 0.07391, 3.80818, -5.48858, -0.79572, 9.5931, 0.68604, -3.88529, -3.53367, -9.31708, -3.3767, -2.15761, -10.54123, 4.31073, 6.50628, 1.72142, -4.1941, 2.13021, -0.82301, 21.54716, 4.43157, -6.59297]"
43,sub8,supLP120,3,sub8-b1__0009__walk.npy,20,walk,20,0.96842515,1,"[3.71008, -3.03943, -8.02999, -0.47277, 0.27372, -3.29217, -10.37934, -8.03582, -8.9727, -3.75787, 2.94795, -5.27, 1.35228, -0.45377, 1.52844, -0.51058, -8.19891, -2.12291, 0.56929, -4.74475, 7.75006, 0.74817]"
43,sub8,supLP120,3,sub8-b1__0010__turnaround.npy,19,turnaround,19,0.9998578,1,"[3.37984, 2.11125, 4.68281, -4.41885, 2.02045, 7.31063, -0.8247, -3.18171, -3.70914, -8.17295, -1.98085, -0.04928, -4.70536, 1.38095, 3.64655, 0.70385, -3.4352, 2.85895, -2.73353, 16.40253, 5.17897, -3.79638]"
43,sub8,supLP120,3,sub8-b1__0011__walk.npy,20,walk,20,0.99748033,1,"[2.01988, -2.22684, -7.31697, 0.6292, -5.66838, 1.91583, 0.88815, -1.94571, -3.61514, 0.6801, 2.59682, -1.83642, 0.1055, -0.13844, -0.722, -3.11981, -2.78812, 4.71448, -3.76966, -2.39068, 11.05062, 2.34092]"
43,sub8,supLP120,3,sub8-b1__0012__turnaround.npy,19,turnaround,19,0.99999094,1,"[8.19521, 0.08064, 3.82587, -5.44386, -0.32105, 9.16566, 0.73186, -3.83593, -3.44197, -8.50912, -2.98794, -1.43459, -9.7851, 4.01161, 6.19102, 1.81722, -3.7032, 2.12322, -1.21014, 21.14687, 4.32955, -7.07356]"
43,sub8,supLP120,3,sub8-b1__0013__walk.npy,20,walk,20,0.9574741,1,"[4.05142, -3.26133, -7.95147, -0.49647, -0.16942, -3.64882, -10.41788, -7.9923, -8.38224, -4.05053, 3.06758, -5.26156, 1.16153, -0.06716, 1.77736, -0.64188, -8.51878, -1.9878, 0.82554, -4.41627, 7.66943, 0.4808]"
43,sub8,supLP120,3,sub8-b1__0014__turnaround.npy,19,turnaround,19,0.99962103,1,"[3.9124, 3.3262, 6.24657, -4.38102, 0.63645, 7.53778, -1.8022, -3.34037, -2.9859, -8.55414, -2.25331, -0.54868, -5.55566, 0.78657, 4.5521, 0.54072, -4.3235, 2.83876, -2.33672, 15.75274, 3.67272, -4.31785]"
43,sub8,supLP120,3,sub8-b1__0015__walk.npy,20,walk,20,0.99755824,1,"[2.48302, -2.23967, -8.34704, 0.90595, -4.90042, 1.98606, -0.31335, -3.3416, -4.19551, -0.30981, 2.61119, -2.66634, -0.50554, 0.60354, -0.16749, -2.68172, -2.40852, 4.75113, -3.54234, -2.23936, 11.12361, 2.25016]"
43,sub8,supLP120,3,sub8-b1__0016__turnaround.npy,19,turnaround,19,0.9999938,1,"[7.68462, 0.27643, 3.52377, -4.81053, 0.21546, 8.1795, -1.65278, -5.22329, -4.34096, -8.53782, -0.68592, -2.89375, -9.88578, 5.04809, 5.49165, 1.4414, -4.97624, 2.01891, -1.34968, 20.73506, 4.75296, -7.52854]"
43,sub8,supLP120,3,sub8-b1__0017__walk.npy,20,walk,20,0.9815227,1,"[2.3265, -3.39246, -11.21733, 1.0037, 0.46135, -4.08044, -10.11782, -6.86889, -8.47906, -1.47971, 4.71091, -5.85181, 0.99241, 0.58184, -0.34856, -0.63176, -7.48036, -1.20927, 0.32947, -6.95022, 8.88262, 0.80734]"
43,sub8,supLP120,3,sub8-b1__0018__turnaround.npy,19,turnaround,19,0.9997911,1,"[2.87751, 0.76211, 2.23398, -3.12866, 3.03199, 5.97552, -0.72258, -3.15798, -4.73364, -8.64541, -1.20037, 0.23762, -4.64374, 2.45462, 2.7476, 1.52946, -2.49418, 3.05741, -2.18016, 15.29121, 6.02805, -3.16105]"
43,sub8,supLP120,3,sub8-b1__0019__walk.npy,20,walk,20,0.9952903,1,"[4.29465, -1.596, -5.64837, -0.26081, -4.5321, 1.70254, -2.19183, -4.7793, -3.42546, -3.36649, 3.2473, -3.49027, -0.56462, 0.13694, 0.07915, -1.1701, -3.66502, 3.18309, -2.00504, 1.5425, 10.33981, 2.15445]"
43,sub8,supLP120,3,sub8-b1__0020__turnaround.npy,19,turnaround,19,0.9999951,1,"[8.83858, 0.28947, 5.05536, -4.68367, -0.5832, 8.47288, -0.06384, -4.04587, -4.3849, -8.68463, -2.33262, -2.07545, -10.42214, 4.08161, 7.13486, 1.57677, -5.06932, 1.9109, -1.50295, 21.72675, 4.1267, -7.2937]"
43,sub8,supLP120,3,sub8-b1__0021__walk.npy,20,walk,20,0.9885129,1,"[3.23303, -5.53436, -9.52508, 0.19631, 0.36207, -2.54495, -9.19423, -7.86482, -9.69938, -0.68447, 7.74217, -5.62182, -2.16654, 3.95183, 0.034, -1.0318, -8.24512, -0.13814, -1.34193, -3.27533, 12.23356, 0.75431]"
43,sub8,supLP120,3,sub8-b1__0022__turnaround.npy,19,turnaround,19,0.99993515,1,"[4.60091, 3.41389, 6.22498, -4.48631, 1.06666, 7.58441, -1.63364, -5.23521, -2.53005, -8.78561, -1.70887, -1.09632, -4.82304, 1.56223, 3.42507, 0.97501, -3.36286, 3.72503, -2.51508, 17.56164, 4.07729, -4.01494]"
43,sub8,supLP120,3,sub8-b1__0023__walk.npy,20,walk,20,0.996427,1,"[2.54117, -1.69006, -6.71928, 1.30978, -5.98499, 1.91584, 0.09118, -3.1059, -4.31586, -0.79125, 2.98487, -2.65858, -0.39476, 0.55981, -0.41127, -3.42421, -3.07946, 4.27801, -3.71723, -1.47018, 10.55769, 2.86757]"
43,sub8,supLP120,3,sub8-b1__0024__turnaround.npy,19,turnaround,19,0.99999225,1,"[7.74798, -0.26676, 2.78916, -5.18002, 0.18366, 9.00931, 1.25015, -3.49465, -4.65913, -8.64955, -2.96773, -1.37329, -10.13461, 4.72509, 5.70731, 2.04759, -3.66316, 2.07548, -0.82655, 21.07543, 4.65368, -6.60141]"
43,sub8,supLP120,3,sub8-b1__0025__hop.npy,9,hop,20,0.9937237,0,"[0.96224, -4.01235, -11.91327, 1.67151, 2.53233, -5.32976, -8.74238, -4.25591, -9.51371, 2.986, 5.07567, -4.31662, 0.96573, 0.97942, -0.01835, -0.82047, -5.76033, -1.28001, -2.02966, -6.82874, 10.40121, -1.57886]"
43,sub8,supLP120,3,sub8-b1__0026__hop.npy,9,hop,9,0.8216436,1,"[-0.94067, 0.16986, -11.20813, 0.79241, 3.40275, -5.02094, -13.0569, -5.7638, -5.79688, 8.12911, 6.47071, -5.2032, 0.84492, -0.40754, 3.70128, -2.56131, -1.67208, -5.98061, -2.44818, -8.21011, 2.535, -4.68424]"
43,sub8,supLP120,3,sub8-b1__0027__hop.npy,9,hop,9,0.87044525,1,"[-0.8681, 0.18387, -11.13627, 0.39919, 3.25936, -5.04109, -12.41816, -5.78944, -5.15468, 8.87166, 6.87901, -4.92421, 1.18501, -0.28031, 3.62228, -2.83061, -1.87559, -5.36163, -3.07592, -7.76514, 2.90297, -5.02313]"
43,sub8,supLP120,3,sub8-b1__0028__hop.npy,9,hop,9,0.79067487,1,"[1.04123, 0.33208, -8.85857, 0.2523, 2.28056, -5.10499, -12.57327, -6.17699, -5.48298, 9.15683, 7.7845, -5.68468, 0.28038, 0.26327, 3.85668, -3.12022, -3.96665, -4.73023, -3.79962, -6.46749, 3.71558, -4.60533]"
43,sub8,supLP120,3,sub8-b1__0029__hop.npy,9,hop,9,0.9855246,1,"[-0.78624, 1.04878, -8.86329, 0.56406, 3.75239, -4.86515, -12.06724, -4.32461, -5.57475, 11.19975, 6.85964, -4.21378, 0.61334, 0.23061, 4.11064, -3.3204, -1.81977, -5.74755, -4.96931, -7.12785, 2.17663, -4.68229]"
43,sub8,supLP120,3,sub8-b1__0031__jump.npy,10,jump,9,0.70026755,0,"[-5.31297, 0.44484, -3.65031, -4.91839, 2.23987, -4.13839, -7.93758, -4.13774, 3.86391, 6.18129, 1.37614, 3.88567, 4.00722, -6.07473, 2.13385, -2.65019, 3.44207, -2.37292, -0.21713, -7.28142, -6.95202, -6.7181]"
43,sub8,supLP120,3,sub8-b1__0032__jump.npy,10,jump,9,0.61156285,0,"[-3.04486, -1.37872, -1.33935, -1.14507, -0.29516, -5.91627, -7.0102, -2.82215, -2.357, 4.56647, 3.25044, 1.27993, 2.92593, -1.6172, 2.35094, -3.27362, -1.92008, -3.52515, -1.86874, -8.35175, -2.80445, -1.9]"
43,sub8,supLP120,3,sub8-b1__0033__jump.npy,10,jump,10,0.9251985,1,"[-4.37323, 1.36578, -4.29441, 0.1433, -3.46468, -3.19952, -4.47939, -2.17059, -3.72444, -2.52527, 5.85494, 0.07144, -0.71089, 0.75071, 2.195, -2.44435, -1.33068, -5.12182, 2.25927, -7.04308, -2.81866, -1.86896]"
43,sub8,supLP120,3,sub8-b1__0035__jump.npy,10,jump,10,0.9454793,1,"[-5.32503, 1.37866, -6.58247, 2.27026, -2.62713, 0.0797, -3.55035, -3.45107, -4.86863, -4.81486, 6.66707, -1.49789, -2.0756, 1.24101, -0.22685, -1.77093, -0.74514, -4.03106, 3.21211, -5.29468, -2.93248, -1.26304]"
43,sub8,supLP120,3,sub8-b1__0037__runonspot.npy,13,runonspot,13,0.9830813,1,"[-2.52154, -0.87785, -5.63877, 3.51349, -2.26735, -0.59742, -3.2866, -4.9848, -8.00228, -5.27315, 7.32917, -4.78016, -5.10447, 11.45049, 2.30425, -0.73906, -2.94447, -4.39342, 2.25386, -1.7588, 3.62334, -1.47608]"
43,sub8,supLP120,3,sub8-b1__0038__runonspot.npy,13,runonspot,13,0.9902968,1,"[0.92091, 0.22237, -3.59321, 2.51609, -4.59085, -3.97882, -4.98707, -5.19123, -5.31425, -4.71076, 9.0367, -6.29486, -5.81389, 13.68698, 5.03073, -2.19975, -3.18616, -5.33438, 3.67875, -3.03174, 0.22581, -2.90898]"
43,sub8,supLP120,3,sub8-b1__0039__runonspot.npy,13,runonspot,13,0.97952396,1,"[0.13001, 0.01997, -4.76157, 2.26381, -4.05223, -3.15655, -4.89419, -7.2522, -6.6201, -6.11847, 9.11371, -5.92647, -5.18654, 13.00031, 4.20039, -1.55318, -3.49966, -5.19884, 4.51048, -2.99568, 0.8162, -1.75175]"
43,sub8,supLP120,3,sub8-b1__0040__runonspot.npy,13,runonspot,13,0.9895964,1,"[0.3584, -1.00149, -6.57829, 2.81743, -2.50159, -4.39543, -5.1071, -7.64057, -8.63919, -5.78948, 9.32719, -5.62426, -5.79265, 13.89923, 3.90504, -1.10894, -2.9697, -4.75302, 4.76583, -3.66901, 1.63082, -1.5459]"
43,sub8,supLP120,3,sub8-b1__0041__runonspot.npy,13,runonspot,13,0.99383646,1,"[-0.54217, -0.24482, -5.51224, 1.97331, -2.46546, -3.02395, -4.39658, -6.00971, -6.49373, -5.43068, 8.6773, -5.98443, -6.6127, 13.78849, 3.7023, -0.63539, -2.64528, -4.99057, 4.75466, -2.00929, 0.68634, -2.20837]"
43,sub8,supLP120,3,sub8-b1__0042__buttkicks.npy,4,buttkicks,4,0.99994695,1,"[-6.88277, -1.20527, -7.82354, -0.32613, 15.28235, -4.01167, -11.34721, -4.89503, -9.12071, 4.03722, 2.68035, 0.09626, -1.52003, 1.71151, 4.94084, 0.66189, 1.94742, -6.9421, -3.96444, -5.00388, 0.79124, -5.73679]"
43,sub8,supLP120,3,sub8-b1__0043__buttkicks.npy,4,buttkicks,4,0.99999285,1,"[-7.87099, -1.04135, -8.70823, -0.08784, 16.8215, -3.0953, -10.43571, -3.98894, -10.65004, 3.3698, 1.88008, -0.44023, -2.07189, 2.05114, 4.29184, 2.04315, 1.70599, -6.51222, -4.11362, -4.20066, 2.62412, -6.09651]"
43,sub8,supLP120,3,sub8-b1__0045__buttkicks.npy,4,buttkicks,4,0.99999714,1,"[-8.38317, -0.18546, -7.84251, -0.69462, 18.62999, -2.02044, -10.34769, -3.65701, -12.02067, 2.56485, 0.7311, 0.05922, -1.88656, 2.35071, 5.69498, 2.31884, 2.36196, -5.8433, -5.73913, -2.71596, 2.79377, -6.67725]"
43,sub8,supLP120,3,sub8-b1__0046__buttkicks.npy,4,buttkicks,4,0.9999987,1,"[-9.4663, 0.18319, -9.16693, -0.90085, 18.72301, -1.85322, -10.67625, -2.55601, -10.99531, 3.6927, 0.26912, 0.79976, -1.82324, 0.22115, 4.43318, 2.50364, 3.1406, -6.16787, -5.51878, -5.07075, 2.36371, -6.28566]"
43,sub8,supLP120,3,sub8-b1__0047__airkick.npy,0,airkick,10,0.5902189,0,"[0.60615, -0.71076, -11.00283, 4.5742, -1.65717, -4.68763, -10.14188, -5.92168, -6.45154, -3.40681, 5.8613, -5.60951, -1.84236, -1.54761, -3.10158, 1.76721, -2.50661, 0.02059, 4.82534, -9.67746, 2.08352, 1.45148]"
43,sub8,supLP120,3,sub8-b1__0048__airkick.npy,0,airkick,0,0.96474075,1,"[10.38718, -1.42179, -1.40132, 0.03672, -6.78209, -5.09704, -10.74197, -7.71162, -3.88815, -0.77362, 6.89448, -7.23678, 3.2676, -1.33743, 3.97514, -4.72519, -10.46832, -1.11867, -0.66918, -3.36566, 4.74706, -0.06664]"
43,sub8,supLP120,3,sub8-b1__0049__airkick.npy,0,airkick,0,0.9939466,1,"[11.94615, 1.24644, -1.51601, -0.12834, -8.04522, -3.71148, -11.37775, -8.92712, -2.97381, -0.87139, 6.40687, -8.23137, 1.94532, -1.68217, 5.76086, -5.03154, -8.66998, -1.94493, 0.40892, -4.37898, 0.30612, -0.98921]"
43,sub8,supLP120,3,sub8-b1__0050__airkick.npy,0,airkick,0,0.99650854,1,"[12.11701, -1.2838, 0.10871, -0.3871, -6.7111, -3.82614, -10.64566, -7.89309, -3.37712, -1.39113, 5.75, -6.44376, 2.04312, -2.19533, 5.74093, -4.74592, -10.1199, -1.02773, 0.52551, -2.77627, 1.11337, -2.2528]"
43,sub8,supLP120,3,sub8-b1__0051__airkick.npy,0,airkick,0,0.9984718,1,"[12.71027, -1.99583, -0.71644, -0.51216, -5.52938, -3.65049, -10.1654, -8.36023, -4.7967, -1.22862, 4.73557, -5.28392, 1.66063, -1.90741, 5.9405, -4.54934, -10.32248, -0.80142, 0.09659, -2.82116, 1.416, -3.09221]"
43,sub8,supLP120,3,sub8-b1__0052__sidekick.npy,14,sidekick,14,0.9967451,1,"[5.90876, 0.33048, 0.54819, -2.80949, -0.89113, -5.68507, -11.76608, -7.2461, -5.44372, -0.47389, 3.33614, -3.46432, 1.98973, -0.9497, 11.73892, -3.2974, -6.64628, -3.61506, -1.80275, -2.51761, -0.32218, -5.45079]"
43,sub8,supLP120,3,sub8-b1__0054__sidekick.npy,14,sidekick,14,0.99985087,1,"[5.07506, 0.9082, 2.25025, -3.25232, -1.31246, -6.34506, -10.75837, -7.25251, -4.77239, -1.89151, 1.66388, -2.82823, 0.84833, 0.45619, 14.01662, -3.59482, -4.42357, -4.61235, -0.62315, -4.31586, -2.89857, -3.88862]"
43,sub8,supLP120,3,sub8-b1__0055__sidekick.npy,14,sidekick,14,0.9990834,1,"[3.24871, -0.45786, -0.22551, -3.39826, 2.21472, -4.871, -9.76453, -7.88434, -7.28738, -6.28427, -0.65734, -0.17458, 0.74595, 0.44232, 10.83132, -1.55032, -1.35682, -5.38845, 1.28319, -3.57554, -1.52538, -0.41205]"
43,sub8,supLP120,3,sub8-b1__0057__crosstoe.npy,6,crosstoe,6,0.9998945,1,"[-3.97304, -2.8621, 7.84697, -4.30684, -5.12167, 1.27786, 22.18916, 3.65006, -5.75921, -5.92679, -6.60823, 13.02415, 6.12161, -7.57105, -3.8929, -1.84032, -3.61475, 5.94084, -0.75912, -1.04714, -3.66396, -1.43528]"
43,sub8,supLP120,3,sub8-b1__0059__crosstoe.npy,6,crosstoe,6,0.99995553,1,"[-4.34129, -1.70188, 8.14043, -4.1644, -6.18872, 1.43721, 22.96838, 2.96066, -4.96754, -6.03958, -6.09181, 12.93749, 4.97058, -7.47414, -3.91419, -1.79502, -2.89223, 6.22691, 0.18131, -1.01471, -4.63037, -2.14356]"
43,sub8,supLP120,3,sub8-b1__0060__crosstoe.npy,6,crosstoe,6,0.9999944,1,"[-4.88735, -2.23302, 7.43191, -3.92839, -6.7572, 1.50369, 24.31744, 3.9259, -4.90621, -5.72748, -5.79114, 12.2244, 5.07117, -6.37133, -4.79377, -1.82772, -2.72361, 7.44985, 0.27524, -0.81398, -3.96362, -1.97319]"
43,sub8,supLP120,3,sub8-b1__0061__crosstoe.npy,6,crosstoe,6,0.99999845,1,"[-4.47127, -2.73706, 6.02977, -3.72868, -6.60065, 0.72561, 24.36479, 4.07415, -5.39472, -5.6834, -6.18565, 10.97513, 5.0096, -6.13113, -4.93786, -1.54277, -3.47984, 6.88362, 0.68404, -1.51356, -3.47021, -1.30712]"
43,sub8,supLP120,3,sub8-b1__0062__crosstoe.npy,6,crosstoe,6,0.99999714,1,"[-4.52748, -2.69544, 6.47103, -3.86346, -6.6864, 1.04035, 24.43771, 3.86856, -5.51696, -5.13196, -6.04109, 11.68671, 4.6195, -6.05971, -4.60996, -1.51246, -3.04481, 6.65036, 0.28015, -1.36571, -3.70044, -1.79983]"
43,sub8,supLP120,3,sub8-b1__0063__throw.npy,18,throw,18,0.99708647,1,"[-0.06739, 2.88315, -8.96049, 4.15818, -6.30919, -3.99975, -6.36408, -5.69853, -3.37805, -7.4682, 4.09334, -7.65994, -3.07968, 1.15637, -0.09999, -1.54207, -3.17368, -3.40305, 10.82798, -7.33783, -2.21218, -4.11061]"
43,sub8,supLP120,3,sub8-b1__0066__throw.npy,18,throw,18,0.99482214,1,"[0.91929, 1.09789, -8.04821, 4.13757, -6.54189, -3.18009, -5.9365, -4.45179, -5.44185, -7.87393, 4.04648, -7.25212, -2.93907, 0.80297, -1.09332, -1.15538, -3.86968, -2.75771, 10.12239, -7.27671, 0.09695, -3.4923]"
43,sub8,supLP120,3,sub8-b1__0067__throw.npy,18,throw,18,0.9551434,1,"[-0.76246, 3.98758, -9.79287, 2.66093, -8.67348, -1.95342, -6.90053, -5.10899, 2.79161, -4.76255, 3.91741, -8.15059, -1.5742, -0.31251, -0.23135, -3.33262, -1.98803, -3.76067, 7.98354, -7.98378, -4.70965, -1.0879]"
43,sub8,supLP120,3,sub8-b1__0068__walk.npy,20,walk,20,0.98502237,1,"[1.80555, -2.23677, -10.9308, 0.96562, -0.89789, -4.00352, -9.06819, -5.39778, -8.38938, 0.88305, 4.5254, -4.54692, 2.48181, -0.01233, -0.56875, -2.49804, -7.54918, -1.27052, -1.08808, -7.43782, 8.98308, 1.0704]"
43,sub8,supLP120,3,sub8-b1__0069__turnaround.npy,19,turnaround,19,0.9997917,1,"[4.76498, 4.49262, 6.14878, -4.4712, 0.14265, 6.99794, -1.34347, -3.0878, -2.86784, -7.36012, -1.93664, -0.84797, -4.74923, -0.32077, 3.20357, 0.18107, -4.16559, 5.33139, -2.56789, 16.09037, 3.11924, -4.44273]"
43,sub8,supLP120,3,sub8-b1__0071__walk.npy,20,walk,19,0.99999213,0,"[6.10282, 2.0983, 2.21221, -5.31909, 0.56095, 8.32413, -0.85937, -4.5856, -3.59823, -8.13112, -1.09037, -2.83207, -9.6126, 5.01051, 4.26803, 1.66308, -3.47278, 2.49654, -1.26816, 20.25168, 4.4342, -6.2781]"
43,sub8,supLP120,3,sub8-b1__0072__walk.npy,20,walk,20,0.993435,1,"[0.63987, -3.28315, -12.30462, 1.11672, 0.58965, -3.51403, -9.21174, -5.5702, -8.24311, -2.04206, 3.83837, -5.05607, 1.27117, -0.1085, -1.34966, -0.39046, -6.82621, 0.00661, -0.08393, -7.41428, 9.16199, 0.80069]"
43,sub8,supLP120,3,sub8-b1__0073__turnaround.npy,19,turnaround,19,0.9998078,1,"[3.40127, 3.21922, 5.19972, -3.57935, 0.63649, 6.94244, -1.2511, -2.87143, -2.41804, -8.03676, -1.08865, -0.95333, -4.47004, 0.56373, 2.45553, 0.28529, -4.27785, 3.98789, -2.55641, 15.79288, 3.8308, -3.80999]"
43,sub8,supLP120,3,sub8-b1__0074__walk.npy,20,walk,20,0.9974565,1,"[1.97078, -2.50441, -7.43587, 0.94296, -4.90984, 2.49423, -0.08615, -1.71526, -3.47363, 0.47454, 2.53288, -1.90642, 0.1219, -0.27951, -0.86662, -2.96318, -2.4757, 5.38015, -4.72357, -1.69379, 11.5595, 2.30693]"
43,sub8,supLP120,3,sub8-b1__0075__turnaround.npy,19,turnaround,19,0.9999838,1,"[6.9151, 1.85754, 3.05454, -5.24158, -0.15262, 8.67325, -0.97947, -4.77256, -3.90748, -7.15328, -1.37657, -2.62628, -9.63995, 4.98699, 4.90239, 0.9666, -3.80777, 2.31662, -2.01132, 19.91985, 4.28657, -6.75458]"
43,sub8,supLP120,3,sub8-b1__0076__walk.npy,20,walk,20,0.9754397,1,"[1.9455, -2.52533, -10.72494, 0.33265, -1.17195, -3.11961, -10.41164, -7.55408, -8.16611, -3.66314, 3.45789, -6.17843, 1.2282, -0.25448, 0.33946, -0.7641, -7.70295, -1.45657, 1.27944, -6.63406, 7.67475, 1.3145]"
43,sub8,supLP120,3,sub8-b1__0077__turnaround.npy,19,turnaround,19,0.9996153,1,"[2.90029, 0.8731, 1.70737, -1.83346, 3.4068, 5.6236, -1.82928, -4.55087, -5.00771, -9.65923, -0.68007, -0.06227, -4.82643, 3.13679, 2.73528, 2.11041, -2.7276, 2.36766, -1.83242, 14.23327, 5.25669, -3.06238]"
43,sub8,supLP120,3,sub8-b1__0078__walk.npy,20,walk,20,0.9945304,1,"[1.5907, -3.11932, -7.83159, 0.72865, -4.05867, 1.86738, -0.33885, -2.15677, -2.94346, -0.69168, 1.86429, -1.2021, 0.11371, -0.95964, -1.29356, -2.52898, -2.73814, 5.92625, -2.8975, -2.86685, 11.20347, 1.64299]"
43,sub8,supLP120,3,sub8-b1__0079__turnaround.npy,19,turnaround,19,0.99998534,1,"[6.27945, 1.2821, 1.55872, -4.66097, 0.82289, 7.21105, -1.43206, -5.44095, -4.50593, -8.48234, -0.48874, -2.91894, -9.81169, 6.27593, 4.54366, 1.9793, -3.55749, 1.50323, -1.41653, 19.02475, 4.98342, -6.24047]"
43,sub8,supLP120,3,sub8-b1__0080__walk.npy,20,walk,20,0.9932053,1,"[0.36913, -3.48459, -12.10298, 0.88304, 0.78211, -3.39262, -7.71671, -4.64686, -8.7951, -1.18446, 3.8217, -3.74139, 1.09985, -0.51212, -1.84343, -0.94292, -6.75232, 0.07938, 0.76988, -6.7107, 9.08511, -0.18886]"
43,sub8,supLP120,3,sub8-b1__0081__turnaround.npy,19,turnaround,19,0.9998467,1,"[3.27304, 2.08854, 4.15324, -2.07922, 1.37098, 6.30783, -1.00389, -3.06599, -3.42865, -9.3528, -2.10827, -0.77209, -4.91609, 1.44732, 2.47956, 1.48855, -3.44956, 4.22829, -1.75185, 15.51401, 4.56725, -2.67106]"
43,sub8,supLP120,3,sub8-b1__0082__walk.npy,20,walk,20,0.9989446,1,"[2.56708, -2.51983, -8.81172, 0.39483, -4.72325, 2.36268, -0.6243, -3.48121, -3.31682, -1.37913, 3.0847, -3.74731, -1.86226, 1.37517, -0.38017, -2.28246, -2.80982, 4.23849, -1.82239, -1.06959, 11.81333, 2.99349]"
43,sub8,supLP120,3,sub8-b1__0085__turnaround.npy,19,turnaround,19,0.9752465,1,"[-2.07728, 0.68501, -3.34776, 0.59283, 1.28598, 3.23585, 0.13252, 1.20216, -5.03349, -7.8596, -0.88836, -0.09781, -3.62164, 0.24286, -1.38973, 1.78112, -2.15262, 4.00222, -1.64008, 9.79427, 5.86768, -0.98186]"
43,sub8,supLP120,3,sub8-b1__0086__walk.npy,20,walk,20,0.9987822,1,"[3.62552, -2.57224, -7.3474, -0.89731, -4.94273, 2.34709, -1.15697, -3.49528, -2.62665, -0.1487, 2.64117, -3.64925, -1.41346, 0.47088, 0.84962, -2.18688, -2.82321, 4.67089, -3.09164, -0.82097, 11.91218, 1.84093]"
43,sub8,supLP120,3,sub8-b1__0087__turnaround.npy,19,turnaround,19,0.99999094,1,"[6.66261, 1.62689, 2.8499, -5.11599, 0.30444, 8.33913, -1.12989, -5.05248, -4.53813, -7.87628, -1.16943, -2.91969, -10.12294, 5.49263, 5.26565, 1.4937, -4.06114, 2.02052, -2.0877, 20.23702, 4.59654, -6.66288]"
43,sub8,supLP120,3,sub8-b1__0088__hop.npy,9,hop,9,0.7683853,1,"[-1.40224, -0.51874, -11.25928, 0.36238, 3.56446, -3.9772, -10.66198, -4.5278, -6.85183, 7.42407, 5.25647, -3.82118, 2.59703, -1.65413, 0.42451, -2.78703, -3.56119, -4.7524, -4.12642, -9.88699, 5.56192, -2.14457]"
43,sub8,supLP120,3,sub8-b1__0090__hop.npy,9,hop,9,0.9976138,1,"[-6.08879, 2.12901, -8.06291, -1.09553, 6.81479, -2.4698, -9.35855, -1.16627, -2.90434, 13.0141, 3.73279, -1.73637, -0.74467, -1.17752, 4.41951, -1.99113, 3.28831, -5.71469, -6.08972, -6.83617, -2.29673, -5.35133]"
43,sub8,supLP120,3,sub8-b1__0091__hop.npy,9,hop,9,0.994762,1,"[-7.66277, 2.61635, -7.29474, -1.61316, 8.34933, -1.02159, -8.46161, 0.80394, -2.11263, 13.62678, 2.26942, -0.37556, -1.12093, -2.36914, 3.13757, -1.19638, 4.40392, -4.58693, -6.63539, -5.50743, -3.13558, -5.52127]"
43,sub8,supLP120,3,sub8-b1__0092__hop.npy,9,hop,9,0.46549442,1,"[-2.79278, 1.22609, -11.30751, 0.54834, 4.11646, -3.08707, -10.58774, -4.00575, -6.53086, 4.81312, 3.0936, -2.49343, 2.18359, -1.98363, 2.97584, -2.2871, -0.97134, -5.9638, -3.15854, -7.29249, 3.154, -3.10468]"
43,sub8,supLP120,3,sub8-b1__0093__hop.npy,9,hop,9,0.99995923,1,"[-3.75153, 3.355, -7.56044, -1.9373, 3.01789, -0.97211, -10.77835, -1.83505, 1.70991, 15.77668, 5.00507, -3.52543, -1.86427, -2.426, 3.89628, -2.37386, 3.54878, -4.33097, -5.2866, -6.95534, -5.39244, -5.89046]"
43,sub8,supLP120,3,sub8-b1__0094__jump.npy,10,jump,9,0.45284286,0,"[0.20078, -2.56726, -6.50714, -1.03122, 1.74948, -6.1516, -7.2982, -5.95804, -2.66571, 5.08965, 4.23219, -1.23589, 3.94028, -0.37297, 4.12399, -3.01413, -3.87102, -2.44911, -2.83781, -7.25383, 1.67673, -4.51588]"
43,sub8,supLP120,3,sub8-b1__0095__jump.npy,10,jump,10,0.68769366,1,"[-5.87198, 1.73137, -6.93827, 1.20999, -1.86161, 2.91438, -2.5375, -2.88952, -4.88012, -5.31083, 4.39453, 0.12314, -1.37592, -3.04749, -2.07682, -1.06353, -0.31653, -2.33882, 1.71759, -4.68559, -3.33092, -0.35748]"
43,sub8,supLP120,3,sub8-b1__0097__jump.npy,10,jump,10,0.97449696,1,"[4.27582, 0.14487, -7.05835, -0.34132, -3.79855, -5.09055, -13.85959, -8.9961, -3.37962, 1.91776, 8.74943, -7.0201, 2.38504, -1.69167, 4.10435, -4.15634, -7.7772, -3.28581, -0.61817, -6.22504, 2.49525, -4.0542]"
43,sub8,supLP120,3,sub8-b1__0098__jump.npy,10,jump,10,0.77623695,1,"[3.53898, 2.16574, -5.17927, -2.13554, -4.98122, -5.53498, -14.363, -7.93192, 3.27613, 7.81632, 9.116, -6.2029, 2.21762, -5.08224, 4.10708, -4.66961, -3.94456, -3.36745, 0.95422, -7.65261, -5.14423, -6.48741]"
43,sub8,supLP120,3,sub8-b1__0099__jump.npy,10,jump,10,0.9748412,1,"[6.91757, -0.00493, -3.16505, -2.08589, -5.08958, -5.51694, -14.95023, -9.63907, -0.10917, 6.17944, 11.01605, -5.97665, 1.41661, -3.04945, 4.24447, -4.75696, -7.38556, -2.80814, 0.40853, -6.64293, -2.16978, -7.0882]"
43,sub8,supLP120,3,sub8-b1__0100__runonspot.npy,13,runonspot,13,0.96377105,1,"[-0.27768, -0.17746, -4.7766, 1.30659, -1.77397, -4.14764, -6.04518, -6.73117, -7.24304, -2.18214, 8.85052, -5.21425, -4.19039, 12.14832, 4.42641, -0.82014, -2.73412, -5.10671, 1.02387, -3.49148, 3.24409, -2.29358]"
43,sub8,supLP120,3,sub8-b1__0101__runonspot.npy,13,runonspot,13,0.9944397,1,"[-2.46982, -0.30366, -4.41285, 1.85582, -0.12672, -2.00898, -4.46631, -5.85525, -8.02418, -4.25513, 7.29587, -4.59885, -4.67139, 12.51923, 2.8075, -0.4826, -1.8757, -5.00077, 1.31096, -2.01519, 3.24544, -1.80204]"
43,sub8,supLP120,3,sub8-b1__0102__runonspot.npy,13,runonspot,13,0.9730741,1,"[-0.15779, 0.08052, -3.68867, 0.79299, -2.34694, -2.4988, -6.00659, -7.1912, -7.26786, -4.39912, 8.26681, -5.33421, -4.47075, 11.87209, 3.67562, -1.20491, -3.36425, -5.29047, 1.69823, -2.30949, 3.01708, -1.91023]"
43,sub8,supLP120,3,sub8-b1__0103__runonspot.npy,13,runonspot,13,0.9945825,1,"[-1.22502, 0.45078, -3.97549, 0.77124, -0.32828, -2.86544, -4.74774, -7.17449, -8.66301, -5.63864, 7.06202, -4.18248, -4.60577, 12.32042, 3.37966, -0.08784, -1.4845, -5.38838, 2.3796, -2.42423, 2.08104, -1.1006]"
43,sub8,supLP120,3,sub8-b1__0104__runonspot.npy,13,runonspot,13,0.9650047,1,"[-0.38202, -1.35465, -5.6339, 0.97176, -1.84394, -2.767, -6.1855, -7.5654, -6.63353, -3.75681, 8.93659, -5.77488, -4.44464, 12.29354, 3.2377, -1.17629, -4.70172, -4.10555, 1.26628, -2.15978, 5.62504, -2.18077]"
43,sub8,supLP120,3,sub8-b1__0105__buttkicks.npy,4,buttkicks,4,0.99996686,1,"[-7.36113, -0.91506, -7.9938, 0.07973, 15.40634, -4.07542, -10.893, -4.17814, -10.01675, 2.82804, 1.28458, 0.71588, -1.46624, 1.13231, 4.75604, 1.10221, 2.65699, -7.06855, -3.2855, -5.69465, 0.7477, -5.37431]"
43,sub8,supLP120,3,sub8-b1__0107__buttkicks.npy,4,buttkicks,4,0.9999825,1,"[-8.54809, -0.19555, -10.19872, 0.64652, 15.96932, -3.1387, -10.36462, -2.52423, -11.81728, 3.45027, 0.91319, -0.4345, -1.92677, 1.5805, 4.21398, 1.76377, 2.38619, -6.79865, -4.38532, -6.00366, 3.18906, -5.50223]"
43,sub8,supLP120,3,sub8-b1__0108__buttkicks.npy,4,buttkicks,4,0.9999964,1,"[-10.10554, 0.2947, -9.87034, 0.3082, 17.565, -1.85875, -10.43478, -1.72355, -11.26536, 3.66137, 0.69251, 0.02024, -1.945, 0.64817, 3.73545, 2.21125, 3.6865, -6.29307, -5.17255, -4.47429, 2.13673, -6.83816]"
43,sub8,supLP120,3,sub8-b1__0109__buttkicks.npy,4,buttkicks,4,0.9999896,1,"[-9.84463, 0.50645, -11.15013, 0.35273, 16.68637, -1.69177, -10.94187, -1.55183, -10.64105, 4.60593, 1.20086, -0.11752, -1.5934, 0.28078, 2.73686, 2.27496, 3.4211, -5.43529, -5.81275, -5.96118, 2.87881, -5.89259]"
43,sub8,supLP120,3,sub8-b1__0110__airkick.npy,0,airkick,0,0.9901703,1,"[11.36154, -0.29506, -3.36101, 0.06919, -4.47115, -3.79647, -8.55551, -7.80537, -5.99709, -1.79941, 3.28452, -5.49911, -0.27387, 1.18075, 6.69685, -3.88894, -7.25546, -1.93772, 1.94417, -1.40533, 1.15366, -2.45165]"
43,sub8,supLP120,3,sub8-b1__0111__airkick.npy,0,airkick,0,0.99428236,1,"[11.80094, 0.32205, -1.06696, -0.88157, -6.65771, -3.80539, -11.72263, -7.95929, -3.2585, 0.40413, 5.82894, -6.65844, 1.78692, -2.58719, 6.02668, -5.208, -8.90264, -2.21951, 0.27112, -3.58605, 0.31203, -2.33842]"
43,sub8,supLP120,3,sub8-b1__0113__airkick.npy,0,airkick,0,0.9846864,1,"[11.57602, -0.0396, -1.00511, -0.54896, -6.19378, -4.32124, -11.63378, -8.03246, -4.25595, -0.02774, 6.06602, -6.85914, 1.06344, -1.06211, 7.10201, -4.91115, -9.37316, -1.94835, 0.09403, -3.23448, 1.28295, -2.81237]"
43,sub8,supLP120,3,sub8-b1__0114__airkick.npy,0,airkick,0,0.9956155,1,"[12.15081, -0.92669, -0.65245, -1.10847, -6.2221, -4.00426, -11.13712, -8.64001, -3.73174, -1.5238, 5.13261, -5.52712, 1.94134, -2.28614, 6.47836, -4.58406, -10.0379, -1.01113, 0.57556, -2.79699, 0.78002, -3.0819]"
43,sub8,supLP120,3,sub8-b1__0115__sidekick.npy,14,sidekick,14,0.5493883,1,"[6.98954, -3.44576, -2.20792, -2.07952, -0.45216, -6.31271, -10.3065, -7.259, -5.73392, 1.81837, 2.98449, -2.62655, 2.95266, -1.34052, 7.24156, -2.33091, -7.06238, -2.69636, -0.40036, -6.53981, 2.54051, -1.94472]"
43,sub8,supLP120,3,sub8-b1__0116__sidekick.npy,14,sidekick,14,0.9998148,1,"[4.44907, 0.82321, 2.057, -2.49401, -1.63572, -5.60122, -9.48711, -5.45735, -3.89067, -1.37881, -0.13569, -2.91969, 1.79664, -1.95605, 13.23505, -3.49133, -5.98764, -3.50435, -1.99695, -3.09706, -2.00182, -3.70057]"
43,sub8,supLP120,3,sub8-b1__0117__sidekick.npy,14,sidekick,14,0.99936575,1,"[1.52826, 0.5559, -3.92728, -2.07618, 2.406, -4.58349, -9.13388, -5.2026, -7.08179, -2.48093, -0.69331, -2.50612, 1.45863, -0.56618, 10.57785, -2.45019, -2.81628, -5.0503, -1.47316, -4.21954, 0.27872, -2.79929]"
43,sub8,supLP120,3,sub8-b1__0118__sidekick.npy,14,sidekick,14,0.99984086,1,"[4.25875, 3.75551, 1.85004, -3.27441, -3.19184, -6.28682, -10.45821, -6.30666, -2.68039, -0.96863, 0.71026, -2.99118, -1.02824, -0.35531, 13.5866, -2.98904, -1.16974, -3.9777, 0.97975, -5.77257, -6.74627, -3.62017]"
43,sub8,supLP120,3,sub8-b1__0119__sidekick.npy,14,sidekick,14,0.99990344,1,"[2.91524, 2.23755, 0.25817, -2.81467, -0.92937, -6.11438, -10.39429, -6.44862, -3.96856, -1.51182, 0.2714, -1.89165, 0.746, -0.20429, 12.83165, -3.57316, -0.76385, -5.00869, 0.28014, -6.12584, -5.03809, -2.51253]"
43,sub8,supLP120,3,sub8-b1__0120__crosstoe.npy,6,crosstoe,6,0.9999678,1,"[-4.34862, -3.56559, 5.73787, -3.58272, -6.12482, 1.47842, 22.6333, 3.29485, -5.52333, -5.25222, -5.58005, 12.27872, 5.13527, -6.21727, -5.09854, -1.17066, -2.78913, 7.75003, -0.71943, -1.48746, -3.03335, -1.29481]"
43,sub8,supLP120,3,sub8-b1__0121__crosstoe.npy,6,crosstoe,6,0.9999639,1,"[-2.59359, -2.80326, 9.94343, -5.64597, -7.20465, 1.64807, 22.95033, 2.63598, -5.22564, -6.83377, -6.38536, 12.65285, 4.56452, -7.53566, -3.03615, -1.91753, -4.22634, 7.01628, -0.48663, -0.10985, -3.51388, -1.94118]"
43,sub8,supLP120,3,sub8-b1__0122__crosstoe.npy,6,crosstoe,6,0.9999938,1,"[-4.00426, -3.59164, 5.40081, -3.44034, -6.75062, 1.37543, 23.11746, 3.52213, -5.27679, -5.42673, -5.47391, 11.05701, 5.50896, -6.04865, -5.10912, -1.61139, -3.59643, 8.2857, -0.32732, -1.55128, -2.69331, -1.17701]"
43,sub8,supLP120,3,sub8-b1__0124__crosstoe.npy,6,crosstoe,6,0.99999285,1,"[-2.74601, -3.39531, 7.71086, -5.05351, -7.07113, 1.25362, 22.75647, 2.92407, -4.86067, -6.63978, -6.04018, 10.81921, 5.16234, -6.21154, -3.89002, -1.85502, -4.44773, 7.86056, 0.24772, -0.48228, -2.53707, -1.8855]"
43,sub8,supLP120,3,sub8-b1__0126__throw.npy,18,throw,18,0.99457633,1,"[-0.03085, 2.18215, -8.53972, 3.78142, -7.05391, -3.06242, -6.20294, -4.52995, -3.36339, -7.09895, 4.30016, -7.17423, -2.0822, -0.70526, -1.86798, -1.07314, -2.45988, -2.67343, 10.07129, -7.66149, -1.70638, -3.99194]"
43,sub8,supLP120,3,sub8-b1__0127__throw.npy,18,throw,18,0.99826545,1,"[0.59967, 2.12563, -6.97914, 3.58626, -6.52907, -3.45565, -5.34879, -3.61772, -4.42477, -7.76865, 3.81567, -6.73675, -3.73782, 0.44167, -0.94667, -1.27787, -2.97915, -2.71273, 10.90413, -6.80368, -1.00245, -5.18022]"
43,sub8,supLP120,3,sub8-b1__0128__throw.npy,18,throw,18,0.9828172,1,"[-0.99972, 2.02109, -9.69581, 3.69649, -6.59573, -2.39976, -7.26012, -4.6093, -3.74272, -7.59071, 3.84798, -7.51554, -1.54431, -1.18937, -1.6583, -0.96124, -3.212, -3.04394, 8.6187, -7.92906, -1.20772, -3.43209]"
43,sub8,supLP120,3,sub8-b1__0129__throw.npy,18,throw,18,0.99975735,1,"[0.89899, 3.35168, -4.49079, 3.19119, -8.07981, -2.7936, -2.50934, -0.65572, -4.19985, -7.42158, 2.78224, -5.73656, -3.63212, 0.33034, -1.5344, -2.92271, -2.96143, -3.8386, 12.62927, -5.14232, -1.74006, -5.00715]"
43,sub8,supLP120,3,sub8-b1__0130__throw.npy,18,throw,18,0.9994522,1,"[-1.31071, 4.1529, -2.65009, 2.07285, -6.63674, -3.32368, -2.08901, 4.21615, -2.13705, -2.11011, 3.27742, -5.21407, -5.38904, 0.03688, -2.43302, -2.54577, -2.93235, -2.55598, 12.63407, -4.39993, -1.51263, -7.20165]"
43,sub8,supLP120,3,sub8-b2__0001__walk.npy,20,walk,20,0.9708293,1,"[2.5158, -3.89156, -6.54361, -1.31131, -1.87353, -2.04282, -7.53885, -5.24745, -7.54283, 2.30703, 4.07512, -3.16142, 3.49368, -1.68202, -1.14115, -2.77438, -8.73824, 0.8835, -3.41126, -5.2417, 8.27994, -0.40061]"
43,sub8,supLP120,3,sub8-b2__0002__turnaround.npy,19,turnaround,19,0.9990727,1,"[4.15514, 1.35788, 2.27083, -3.14321, 0.63762, 6.54992, -3.48283, -5.94852, -3.24061, -7.47633, 0.21516, -1.59558, -2.00276, 0.54071, 3.06527, -0.34517, -4.16575, 4.93058, -2.37838, 13.87969, 3.85192, -3.82171]"
43,sub8,supLP120,3,sub8-b2__0003__walk.npy,20,walk,20,0.9991872,1,"[-0.89225, -1.66597, -10.60607, 1.86791, -1.07095, 1.05499, -1.42499, -1.4398, -5.71119, 0.20807, 2.56669, -2.27692, -0.02637, 0.76197, -0.98771, -1.71475, -2.80746, 3.98873, -3.53933, -3.59704, 11.63713, 2.22068]"
43,sub8,supLP120,3,sub8-b2__0004__turnaround.npy,19,turnaround,19,0.99999094,1,"[6.61023, 2.15207, 3.02397, -6.0358, 0.28655, 9.35395, -0.98849, -4.01817, 2.31834, -7.16042, -3.10387, -3.14255, -10.30083, 1.39937, 6.23529, 2.18914, -3.67437, 4.53736, -1.81195, 21.08492, 3.24763, -9.43249]"
43,sub8,supLP120,3,sub8-b2__0006__turnaround.npy,19,turnaround,19,0.9989741,1,"[4.47655, 2.34175, 2.53159, -3.85909, 0.43765, 6.19583, -3.6431, -5.95525, -2.83794, -7.95755, -0.22045, -1.05053, -2.68778, -0.20232, 2.97374, -0.053, -3.90252, 4.56818, -1.80412, 13.48629, 2.80556, -3.6142]"
43,sub8,supLP120,3,sub8-b2__0007__walk.npy,20,walk,20,0.9993734,1,"[0.2906, -2.2682, -9.96042, 1.52467, -2.12425, 1.53585, -0.71951, -1.73668, -6.18946, -0.44093, 2.46182, -2.24131, -0.29028, 1.13805, -0.39324, -2.22186, -2.62938, 4.46339, -4.11429, -2.61851, 12.2006, 2.21665]"
43,sub8,supLP120,3,sub8-b2__0008__turnaround.npy,19,turnaround,19,0.9999671,1,"[6.75039, 1.71872, 4.01116, -5.60471, 0.03578, 9.66447, -1.18813, -4.4212, -1.16702, -7.46534, -1.77013, -2.324, -9.92088, 2.63118, 5.65251, 2.12299, -4.23096, 4.02541, -2.2408, 20.06587, 3.68183, -9.41949]"
43,sub8,supLP120,3,sub8-b2__0009__walk.npy,20,walk,20,0.9781833,1,"[2.21784, -3.64174, -7.48596, -1.81723, 0.34822, -2.07147, -9.70156, -7.13564, -7.57556, -1.92577, 2.52526, -4.30815, 1.69206, -1.37426, -0.46157, 0.13476, -7.7274, -0.05338, -0.59131, -4.89565, 7.2991, -0.81212]"
43,sub8,supLP120,3,sub8-b2__0010__turnaround.npy,19,turnaround,19,0.99067324,1,"[3.3459, -1.39995, -3.40464, -0.56787, 3.43489, 4.20704, -3.41447, -5.96398, -5.17895, -8.00788, 0.81307, -0.37758, -2.73782, 1.46156, 1.09431, 2.41895, -2.45951, 3.5194, -0.94879, 10.57089, 5.21318, -2.33631]"
43,sub8,supLP120,3,sub8-b2__0011__walk.npy,20,walk,20,0.9973193,1,"[0.9684, -0.08316, -7.48613, 0.11329, -2.7287, 1.90976, -0.45468, -2.56643, -4.86436, -1.2177, 1.57741, -1.63799, -0.65915, 0.87752, 1.97513, -2.57572, -2.56075, 2.80801, -4.21154, -0.82014, 9.80935, 1.40383]"
43,sub8,supLP120,3,sub8-b2__0012__turnaround.npy,19,turnaround,19,0.99998856,1,"[7.01506, 2.02854, 5.48137, -6.56286, 0.27091, 9.68698, -0.52391, -4.35173, -1.13379, -7.70674, -3.16895, -1.59126, -9.3039, 1.82698, 5.47242, 2.28145, -4.04631, 4.08064, -2.30442, 21.16314, 3.87822, -9.22404]"
43,sub8,supLP120,3,sub8-b2__0013__walk.npy,20,walk,20,0.96832645,1,"[2.88331, -2.93682, -6.69398, -1.84789, -0.10696, -2.34828, -10.05437, -7.70342, -7.88247, -2.09328, 2.7764, -4.52302, 2.09692, -1.30512, 0.50735, -0.41561, -8.29328, -0.79395, -0.71848, -4.62637, 7.27958, -0.72698]"
43,sub8,supLP120,3,sub8-b2__0014__turnaround.npy,19,turnaround,19,0.9989936,1,"[3.08692, 0.86387, 1.29412, -2.75438, 2.31554, 6.31, -2.69286, -5.19934, -4.16498, -7.64434, -0.14474, -0.8854, -3.05047, 1.21339, 2.566, 1.07349, -3.64048, 4.45753, -2.34969, 13.59552, 4.72821, -3.55294]"
43,sub8,supLP120,3,sub8-b2__0015__walk.npy,20,walk,20,0.9838576,1,"[1.06041, -0.21579, -7.05139, 1.48568, -4.14772, 2.19153, 0.34629, -2.49657, -4.20517, -1.00739, 2.17675, -2.43023, 0.26359, 1.60266, 0.76383, -3.21245, -2.29953, 3.96993, -4.95359, -0.25599, 8.9944, 3.73843]"
43,sub8,supLP120,3,sub8-b2__0016__turnaround.npy,19,turnaround,19,0.9999924,1,"[5.49162, 2.93631, 4.77477, -7.14225, 1.97931, 9.12522, -1.78731, -4.41158, 1.29991, -5.77261, -3.19249, -2.13084, -9.57509, 1.2357, 6.0818, 2.69011, -3.50465, 4.27547, -3.61855, 21.00468, 3.61712, -10.80713]"
43,sub8,supLP120,3,sub8-b2__0017__walk.npy,20,walk,20,0.96209687,1,"[2.47491, -2.72618, -8.18475, -1.10713, -0.25693, -1.68974, -9.22812, -5.64469, -8.05999, 2.33046, 3.46149, -3.896, 3.11399, -2.15012, -0.52129, -2.08716, -7.78885, -1.13242, -2.97051, -6.30497, 7.6138, -0.3737]"
43,sub8,supLP120,3,sub8-b2__0018__turnaround.npy,19,turnaround,19,0.9991373,1,"[1.97826, 0.58721, 1.2474, -2.70889, 3.68409, 6.31682, -1.73703, -3.73998, -4.31298, -7.44217, -1.467, -0.04489, -2.76156, 1.38752, 2.24638, 1.25817, -2.55434, 3.98511, -2.76296, 13.82758, 5.27542, -3.41434]"
43,sub8,supLP120,3,sub8-b2__0019__walk.npy,20,walk,20,0.99951077,1,"[-0.51678, -1.37091, -9.98585, 1.62422, -0.82446, 2.46842, -1.01129, -1.60483, -6.61217, -0.30268, 2.4213, -1.7866, -0.57462, 1.11626, 0.32146, -1.92274, -1.72426, 4.07611, -5.51518, -2.03635, 12.21458, 1.23912]"
43,sub8,supLP120,3,sub8-b2__0020__turnaround.npy,19,turnaround,19,0.999982,1,"[5.80261, 2.05857, 4.22456, -6.87602, 0.2877, 10.21448, 0.29687, -3.65617, 0.00843, -7.69199, -3.47974, -2.33637, -10.08068, 2.45239, 6.46383, 1.95847, -3.27881, 4.20567, -2.35691, 21.1804, 3.90222, -8.63618]"
43,sub8,supLP120,3,sub8-b2__0021__hop.npy,9,hop,10,0.5286751,0,"[4.30293, 1.6435, -5.65667, -2.51279, -3.88795, -2.56676, -14.73612, -8.07172, -2.47317, 8.76516, 8.89727, -6.15132, -0.09195, -3.92509, 3.4186, -3.97903, -4.08506, -4.18867, -0.40253, -6.26619, -2.05378, -6.91688]"
43,sub8,supLP120,3,sub8-b2__0022__hop.npy,9,hop,9,0.963631,1,"[3.2277, 2.01959, -5.45459, -2.71943, -3.50997, -2.29466, -13.90076, -6.24777, -2.49768, 10.97244, 7.67108, -4.68973, -0.17443, -4.53439, 2.91048, -4.25685, -2.00818, -4.61687, -0.78919, -7.41374, -3.07675, -6.61987]"
43,sub8,supLP120,3,sub8-b2__0023__hop.npy,9,hop,9,0.9407627,1,"[1.32939, -0.23579, -8.19507, -0.99687, 1.79281, -4.042, -13.35663, -5.90732, -6.57837, 9.13829, 6.29963, -4.46861, 0.4382, -2.97898, 3.27978, -2.55636, -2.22864, -4.9147, -1.65733, -8.13263, 0.68948, -6.00271]"
43,sub8,supLP120,3,sub8-b2__0024__hop.npy,9,hop,9,0.89011306,1,"[0.43947, 0.25563, -9.22419, -0.56607, 2.64292, -3.12166, -12.60939, -5.65208, -6.93095, 7.64343, 5.3677, -4.14722, 0.65821, -2.37485, 2.93987, -2.29059, -1.81844, -5.85059, -2.30117, -8.05738, 1.48668, -4.80979]"
43,sub8,supLP120,3,sub8-b2__0025__hop.npy,9,hop,9,0.9979559,1,"[-0.66986, 1.68868, -7.79462, -0.76766, 0.20227, -4.13965, -12.38953, -4.23475, -3.53509, 12.84332, 6.60731, -4.33802, -0.41406, -2.59693, 3.16954, -3.39571, 0.61002, -6.33886, -2.35512, -9.03755, -2.63077, -4.83776]"
43,sub8,supLP120,3,sub8-b2__0026__hop.npy,9,hop,9,0.8926582,1,"[1.7602, 0.2806, -8.21155, -0.23599, -0.09398, -4.46905, -13.46962, -6.85618, -5.53308, 10.82308, 8.69943, -5.8543, -0.6577, -0.28232, 3.03728, -3.15841, -2.8776, -5.76178, -1.97374, -8.12573, 0.48821, -4.85018]"
43,sub8,supLP120,3,sub8-b2__0028__jump.npy,10,jump,10,0.5279715,1,"[3.53926, 1.75791, -4.09012, -2.25189, -2.23143, -5.28784, -14.52204, -7.53778, -1.51509, 7.19864, 7.4657, -6.05142, 2.04443, -4.90409, 5.16782, -3.92385, -4.04609, -3.73928, -1.28112, -7.59457, -3.07255, -6.98504]"
43,sub8,supLP120,3,sub8-b2__0029__jump.npy,10,jump,10,0.92506796,1,"[6.69633, 2.34468, -2.70208, -2.38298, -6.78862, -4.14332, -15.28968, -9.08108, 0.08449, 2.95347, 9.37499, -7.52742, 1.37534, -4.5153, 4.68971, -4.84456, -6.74573, -3.33257, 0.59991, -5.93643, -3.30877, -6.38837]"
43,sub8,supLP120,3,sub8-b2__0030__jump.npy,10,jump,10,0.8528612,1,"[5.24724, -0.67813, -5.56094, -0.81899, -2.77904, -2.90001, -13.63564, -9.12295, -5.72993, 0.69031, 7.32455, -7.1418, 2.70868, -2.25612, 2.2264, -2.94241, -8.71903, -2.59403, -1.57107, -4.78924, 3.77997, -2.45464]"
43,sub8,supLP120,3,sub8-b2__0032__jump.npy,10,jump,10,0.8700556,1,"[6.24573, 0.49521, -2.43127, -2.9131, -2.64874, -4.10753, -15.4752, -8.44959, -1.76948, 6.78354, 9.19789, -6.01962, 0.96846, -4.95501, 4.25818, -3.83315, -6.12896, -3.35785, -0.73028, -6.23418, -2.09542, -7.36011]"
43,sub8,supLP120,3,sub8-b2__0033__runonspot.npy,13,runonspot,13,0.9842492,1,"[3.03888, 0.81513, -4.93505, 2.00249, -5.82293, -6.05124, -6.69652, -8.53731, -4.85564, -3.46351, 10.60287, -7.55421, -5.09848, 14.74515, 5.34368, -1.88309, -4.22444, -4.42653, 3.96915, -3.73552, 0.53289, -3.34453]"
43,sub8,supLP120,3,sub8-b2__0034__runonspot.npy,13,runonspot,13,0.99515474,1,"[0.20468, -0.12612, -7.18109, 3.97109, -3.99986, -2.43103, -6.07508, -7.75758, -6.14702, -4.23292, 9.29369, -7.83613, -5.197, 14.62826, 2.52131, -0.61442, -4.57768, -3.71437, 3.01254, -2.16431, 2.83636, -2.65454]"
43,sub8,supLP120,3,sub8-b2__0035__runonspot.npy,13,runonspot,13,0.97398406,1,"[1.08168, -0.63992, -8.60579, 4.96189, -4.70729, -3.21996, -6.10257, -8.34455, -7.02921, -4.69252, 9.90244, -7.91713, -5.15983, 13.53869, 2.1905, -1.14228, -4.37646, -3.46499, 4.68827, -3.99256, 2.14771, -1.62812]"
43,sub8,supLP120,3,sub8-b2__0036__runonspot.npy,13,runonspot,13,0.97297126,1,"[1.44083, -0.72955, -6.81775, 3.31064, -4.27691, -2.63217, -6.67121, -8.59298, -8.15617, -5.46411, 10.336, -7.58155, -5.59669, 13.92334, 3.12434, -0.93746, -5.12169, -4.07864, 3.92722, -2.52384, 2.59215, -1.5231]"
43,sub8,supLP120,3,sub8-b2__0037__runonspot.npy,13,runonspot,13,0.98614943,1,"[1.23471, -0.93202, -6.77227, 4.12168, -3.54864, -2.99326, -6.25736, -7.84942, -9.16828, -5.89536, 9.63693, -6.66552, -6.05197, 13.91466, 2.84703, -0.73691, -4.81549, -3.92425, 4.59527, -2.33968, 1.84002, -2.06314]"
43,sub8,supLP120,3,sub8-b2__0038__buttkicks.npy,4,buttkicks,13,0.98733985,0,"[1.05373, -0.88174, -6.67498, 4.39207, -4.71386, -3.71801, -5.49119, -6.51145, -7.60124, -4.98615, 9.58507, -6.43835, -6.0846, 13.96132, 3.5754, -1.91301, -3.89429, -4.81872, 5.12314, -3.32286, 0.45681, -2.91021]"
43,sub8,supLP120,3,sub8-b2__0039__buttkicks.npy,4,buttkicks,4,0.998703,1,"[-3.1897, -2.44157, -8.61866, -0.3063, 12.92993, -4.19323, -11.88577, -5.45657, -13.1845, 4.4072, 3.11759, -1.80993, -1.89561, 2.35727, 4.036, 1.74148, -1.70808, -4.95066, -3.72758, -6.29669, 5.87698, -5.92055]"
43,sub8,supLP120,3,sub8-b2__0040__buttkicks.npy,4,buttkicks,4,0.9272431,1,"[-0.22997, -1.29225, -6.93782, -0.88384, 9.11266, -4.65378, -14.18492, -6.99002, -10.7999, 5.78879, 4.82671, -3.88835, -0.86769, 0.44266, 4.96091, 0.12201, -4.01574, -5.34666, -3.70561, -6.70916, 4.72581, -6.34065]"
43,sub8,supLP120,3,sub8-b2__0041__buttkicks.npy,4,buttkicks,4,0.9922874,1,"[-3.03821, 0.08348, -7.78868, -1.10878, 11.43776, -3.48906, -13.55213, -4.90014, -10.22387, 6.42776, 2.66458, -2.33881, -0.91694, -0.86083, 4.20436, 0.80336, -1.04797, -5.4418, -3.99511, -7.05278, 2.76053, -6.22447]"
43,sub8,supLP120,3,sub8-b2__0043__buttkicks.npy,4,buttkicks,4,0.98437196,1,"[-3.61996, -0.53627, -8.26158, -0.55951, 11.99461, -3.59795, -13.98193, -5.58226, -9.74172, 7.80414, 4.37134, -2.80721, -1.08947, -0.99134, 3.15201, 1.76406, -0.00817, -4.28165, -5.01448, -6.47262, 2.07137, -7.58564]"
43,sub8,supLP120,3,sub8-b2__0044__airkick.npy,0,airkick,0,0.9829857,1,"[11.30986, -2.26255, 4.31664, -2.98849, -4.55057, -4.27489, -10.35712, -6.30447, -3.368, 4.27397, 6.45321, -4.91155, 1.24298, -3.235, 6.43815, -4.9735, -9.73257, -1.33554, -3.23204, -3.53776, 0.66582, -2.92721]"
43,sub8,supLP120,3,sub8-b2__0046__airkick.npy,0,airkick,0,0.9448398,1,"[9.07211, -1.78722, 3.12116, -2.66863, -4.72429, -4.28389, -10.0196, -6.37915, -3.6369, 1.13042, 4.93459, -4.95125, 2.52355, -3.33039, 5.78329, -4.78313, -10.03998, -2.54519, -2.07647, -3.46988, 1.6979, -1.16006]"
43,sub8,supLP120,3,sub8-b2__0047__airkick.npy,0,airkick,0,0.9928597,1,"[13.6825, -1.7269, 4.33776, -3.25149, -4.62306, -3.77037, -10.45085, -7.8014, -3.7531, 2.46487, 4.92077, -4.6651, -0.55034, -2.91382, 8.71092, -4.61017, -8.84266, -1.80282, -2.13016, -2.80751, -0.75416, -4.05986]"
43,sub8,supLP120,3,sub8-b2__0048__airkick.npy,0,airkick,0,0.74893755,1,"[12.16191, -1.07967, 6.03905, -4.79489, -2.60745, -3.46731, -10.35717, -7.22275, -2.95746, 3.87815, 4.21385, -3.84326, -2.65462, -1.8088, 11.06055, -4.35253, -6.90396, -1.56303, -2.93424, -1.66642, -1.85861, -5.23117]"
43,sub8,supLP120,3,sub8-b2__0049__airkick.npy,0,airkick,0,0.95194674,1,"[10.88022, -3.14212, 2.65972, -4.15371, 0.14395, -3.28989, -9.84416, -6.90919, -6.33414, 3.34521, 2.14438, -2.67468, 0.25606, -2.17549, 7.86713, -3.12851, -8.43029, -2.81261, -3.19514, -3.10215, 2.83216, -3.50961]"
43,sub8,supLP120,3,sub8-b2__0050__airkick.npy,0,airkick,0,0.9745901,1,"[12.00974, -1.97999, 4.45482, -4.09155, -2.91342, -3.11365, -9.6789, -6.90515, -4.77427, 2.24573, 2.06441, -2.5436, 0.85065, -3.81611, 8.33752, -4.19921, -8.12313, -2.37526, -2.70807, -3.16797, -0.12133, -3.27068]"
43,sub8,supLP120,3,sub8-b2__0051__sidekick.npy,14,sidekick,14,0.9976342,1,"[1.29369, 0.42708, 3.30631, -4.92113, 3.8757, -3.21431, -9.10445, -4.61236, -6.46201, -3.55273, -3.91155, 1.99897, -0.13161, -3.23005, 10.54814, -2.87769, -0.12505, -4.87985, -1.54387, -3.2914, -3.43835, -2.9321]"
43,sub8,supLP120,3,sub8-b2__0052__sidekick.npy,14,sidekick,14,0.99995244,1,"[1.45494, 1.59699, 2.36954, -4.18702, -0.27246, -3.57445, -6.53561, -3.44663, -4.82416, -1.98929, -1.60357, -1.52649, -1.22172, 0.64221, 13.12901, -4.47021, -1.83551, -4.74877, -3.02964, -2.20507, -2.83226, -3.10122]"
43,sub8,supLP120,3,sub8-b2__0053__sidekick.npy,14,sidekick,14,0.99997866,1,"[-1.47135, 3.25862, 1.02556, -3.79831, 0.28697, -3.94634, -6.84195, -2.39621, -2.81652, -0.27499, -1.97885, -1.6501, -3.00171, 0.97062, 14.39767, -4.26281, 1.30963, -5.01009, -2.9672, -3.13647, -4.84352, -3.46536]"
43,sub8,supLP120,3,sub8-b2__0055__crosstoe.npy,6,crosstoe,6,0.9961427,1,"[-4.41441, -1.30989, 7.74519, -6.09805, -3.89666, 2.66037, 19.43375, 2.55812, -6.10942, -4.7625, -6.61406, 13.87757, 3.33667, -7.4908, -2.31361, -1.8294, -1.82092, 3.85777, -1.13697, 1.16631, -3.57412, -2.82096]"
43,sub8,supLP120,3,sub8-b2__0056__crosstoe.npy,6,crosstoe,6,0.9963186,1,"[-3.06184, -0.64068, 8.42193, -6.19284, -3.72942, 1.96936, 17.71765, 2.4243, -5.2145, -4.62107, -7.11357, 12.09118, 3.81827, -7.33703, -1.2052, -1.77672, -2.70084, 2.94847, -0.9579, 2.27652, -3.16024, -2.95193]"
43,sub8,supLP120,3,sub8-b2__0057__crosstoe.npy,6,crosstoe,6,0.9993955,1,"[-3.65671, -0.61785, 7.05592, -5.88771, -3.81319, 1.86452, 19.49946, 2.6481, -5.45442, -4.15223, -6.37582, 12.08192, 3.34224, -6.80617, -2.50177, -1.61497, -2.17026, 3.31889, -0.09895, 1.68186, -3.103, -2.74926]"
43,sub8,supLP120,3,sub8-b2__0058__crosstoe.npy,6,crosstoe,6,0.9987967,1,"[-3.09459, -0.49824, 9.92995, -6.91708, -4.40326, 1.90281, 19.74238, 2.27963, -5.06297, -5.86561, -7.50714, 12.97415, 3.47141, -7.79027, -1.59189, -1.82051, -2.89968, 2.78989, -0.29776, 2.27633, -3.85227, -2.99743]"
43,sub8,supLP120,3,sub8-b2__0059__crosstoe.npy,6,crosstoe,6,0.9981079,1,"[-3.5561, -1.11103, 8.64023, -6.48454, -4.26163, 1.83561, 19.47189, 2.6644, -5.25649, -4.73804, -7.24615, 13.19304, 3.75731, -7.83943, -1.82572, -2.04021, -2.55535, 3.23112, -0.88472, 1.21153, -3.96965, -2.93504]"
43,sub8,supLP120,3,sub8-b2__0060__throw.npy,18,throw,18,0.9957768,1,"[1.24199, 2.8342, -5.25579, 1.51619, -7.29546, -3.31121, -5.04232, -2.87505, -2.18377, -6.58218, 2.31558, -6.44047, -1.9036, -1.68019, -0.63323, -1.64644, -3.1835, -3.221, 9.06315, -7.18121, -2.60903, -5.12995]"
43,sub8,supLP120,3,sub8-b2__0061__throw.npy,18,throw,18,0.99696237,1,"[1.70436, 2.8839, -1.61102, 2.22855, -7.34665, -2.89708, -2.86722, 1.48716, -3.93768, -4.84857, 3.0984, -5.42934, -3.0911, 0.33945, -1.2071, -2.71504, -3.90183, -2.96012, 9.91857, -4.63382, -1.00691, -6.39113]"
43,sub8,supLP120,3,sub8-b2__0062__throw.npy,18,throw,18,0.9970692,1,"[2.25384, 2.46939, -2.3097, 1.88013, -7.89345, -1.6432, -3.15235, 0.93741, -3.42136, -5.32761, 3.5613, -6.12384, -3.31477, 0.16669, -1.65385, -2.5704, -4.73378, -2.44877, 10.05417, -3.76683, -0.33696, -7.21085]"
43,sub8,supLP120,3,sub8-b2__0063__throw.npy,18,throw,18,0.9842524,1,"[-0.11273, 4.88134, -2.01844, 0.86679, -8.12831, -2.73362, -2.13777, 4.10888, -1.71229, -4.06682, 1.26541, -5.13578, -4.11891, -2.53757, -2.16812, -2.98625, -2.40034, -3.5967, 9.43581, -5.22147, -3.00906, -5.48133]"
43,sub8,supLP120,3,sub8-b2__0064__throw.npy,18,throw,18,0.99440515,1,"[0.4234, 2.73755, -3.05532, 2.75814, -7.11359, -2.55115, -4.36054, 2.72021, -2.46268, -3.72243, 4.8963, -6.72074, -4.94641, 0.37759, -1.37554, -3.11889, -4.06825, -3.05697, 10.39607, -4.34218, -1.07811, -7.04055]"
43,sub8,supLP120,3,sub8-b2__0065__walk.npy,20,walk,20,0.9410437,1,"[3.80171, -2.38891, -6.30534, -1.50022, -1.12037, -1.94906, -9.651, -5.93237, -7.47846, 1.30684, 3.79989, -3.98555, 3.04139, -2.17727, 0.42094, -2.86239, -8.72616, -1.58927, -3.11694, -5.14819, 7.53943, -0.02902]"
43,sub8,supLP120,3,sub8-b2__0066__turnaround.npy,19,turnaround,19,0.99828786,1,"[2.43818, 0.13614, -0.51056, -2.02423, 3.24734, 5.55365, -2.91334, -5.61898, -4.33873, -8.46166, -0.16552, -0.5632, -2.35804, 1.54312, 1.92027, 1.62422, -2.48661, 3.87438, -1.88041, 12.61385, 5.0228, -2.58705]"
43,sub8,supLP120,3,sub8-b2__0067__walk.npy,20,walk,20,0.9992719,1,"[0.83004, -1.17018, -9.9716, 1.13825, -2.55758, 1.61907, -1.10692, -1.49838, -5.70501, -2.4775, 1.4072, -2.83388, -1.53662, 0.84659, 0.80266, -1.92325, -3.06771, 3.90522, -3.16678, -2.44085, 11.53612, 1.42936]"
43,sub8,supLP120,3,sub8-b2__0068__turnaround.npy,19,turnaround,19,0.9999894,1,"[5.09846, 2.53614, 3.35822, -6.57683, 0.0362, 9.4944, -0.52159, -3.38195, 1.77962, -6.76618, -3.43829, -2.12785, -10.06311, 1.12348, 6.20598, 2.16825, -2.95618, 4.42432, -2.48091, 21.01899, 3.36962, -9.16954]"
43,sub8,supLP120,3,sub8-b2__0069__walk.npy,20,walk,20,0.9428748,1,"[3.27662, -3.6319, -7.60831, -1.62852, -0.745, -2.24747, -10.30076, -7.17171, -7.56568, -3.11435, 2.6246, -4.55517, 1.64196, -1.64317, 0.31154, -0.66768, -8.15873, -1.60602, 0.56556, -5.44167, 6.74578, 0.16411]"
43,sub8,supLP120,3,sub8-b2__0070__turnaround.npy,19,turnaround,19,0.98173136,1,"[1.28963, -0.84025, -1.80737, -1.27173, 2.71217, 4.51236, -2.1596, -4.46713, -4.36932, -8.00227, -0.40078, -0.50865, -1.00971, 1.21999, 0.74623, 1.24355, -2.75956, 4.22948, -2.45722, 10.53583, 6.23354, -0.50405]"
43,sub8,supLP120,3,sub8-b2__0071__walk.npy,20,walk,21,0.99950504,0,"[-0.17678, -1.91186, -8.46976, 3.4601, -1.98733, -1.62495, -3.31362, -5.0607, -4.38424, -1.59182, 1.18633, -3.75335, 1.2128, 1.10212, -0.99508, 0.34057, -0.63502, -0.07721, 0.30902, -5.22702, 4.74568, 12.70313]"
43,sub8,supLP120,3,sub8-b2__0072__turnaround.npy,19,turnaround,19,0.9999877,1,"[8.39678, 1.60942, 5.74023, -5.22075, -0.13603, 9.23795, -1.71604, -6.04913, -1.44953, -8.847, -1.5894, -3.24722, -9.92208, 3.24675, 6.20779, 2.07315, -4.73361, 3.5537, -2.19478, 20.96586, 3.25674, -9.07984]"
43,sub8,supLP120,3,sub8-b2__0073__walk.npy,20,walk,20,0.9695575,1,"[3.63087, -2.62568, -6.86836, -1.30623, -1.18105, -2.30024, -9.00489, -5.71429, -7.98021, 1.69227, 3.99258, -4.1861, 2.56713, -1.34597, 0.28195, -2.82594, -8.75626, -1.34929, -2.76897, -5.00885, 8.19844, -0.0033]"
43,sub8,supLP120,3,sub8-b2__0074__turnaround.npy,19,turnaround,19,0.9995585,1,"[3.38922, 2.46246, 4.10209, -4.21388, 1.36861, 7.19205, -1.03528, -3.22781, -3.33206, -7.12735, -1.52852, -0.15717, -3.12652, 0.03741, 2.52634, 0.34631, -3.41107, 5.26528, -3.01792, 15.20884, 4.90008, -3.5862]"
43,sub8,supLP120,3,sub8-b2__0075__walk.npy,20,walk,20,0.9989374,1,"[-0.26669, -1.46863, -9.68199, 0.9077, -1.69136, 2.35724, -0.25436, -1.25769, -5.41639, -0.44382, 2.09065, -1.81248, -1.14197, 0.82836, -0.05851, -2.01416, -1.94372, 5.21227, -4.5052, -2.21085, 12.22453, 1.61913]"
43,sub8,supLP120,3,sub8-b2__0076__turnaround.npy,19,turnaround,19,0.99999535,1,"[5.79005, 1.62594, 3.53225, -6.1399, 1.1871, 9.20504, -0.41804, -4.3265, -2.55916, -8.02783, -2.14664, -1.90117, -9.88267, 3.61848, 5.75177, 2.42611, -3.82971, 3.2564, -2.41193, 21.57232, 5.00119, -8.81633]"
43,sub8,supLP120,3,sub8-b2__0077__walk.npy,20,walk,20,0.9760776,1,"[1.5162, -3.59704, -9.92951, -0.51705, 0.38455, -2.60077, -8.9458, -5.32195, -8.26245, 0.97657, 3.7862, -3.44281, 2.06981, -1.65011, -1.35702, -1.35574, -7.13627, -0.2477, -0.97752, -7.15624, 7.86175, -1.09697]"
43,sub8,supLP120,3,sub8-b2__0078__turnaround.npy,19,turnaround,19,0.99730104,1,"[2.36088, -1.23019, -1.50078, -1.46452, 3.19848, 5.27721, -0.54549, -3.97311, -4.61023, -8.56389, -0.64485, 0.41154, -3.23045, 0.85921, 1.15409, 2.52428, -1.8898, 5.05371, -1.20106, 12.65567, 6.08455, -2.40884]"
43,sub8,supLP120,3,sub8-b2__0079__walk.npy,20,walk,20,0.9923132,1,"[-1.26326, -2.42351, -10.64342, 3.25926, -3.12023, 2.35641, 0.78157, -1.89618, -5.75742, -0.87986, 3.53197, -2.19505, -0.1081, 0.79785, -3.12111, -2.61224, -1.80327, 5.31495, -3.2278, -3.41004, 10.98712, 5.1761]"
43,sub8,supLP120,3,sub8-b2__0080__turnaround.npy,19,turnaround,19,0.9999938,1,"[6.54607, 0.89339, 3.62729, -4.85695, 0.09937, 8.71357, -1.14705, -4.89, -2.85615, -8.40587, -1.21329, -2.55583, -9.63241, 4.18733, 5.47385, 2.24299, -4.62673, 2.55936, -2.2178, 20.88733, 4.70334, -8.1386]"
43,sub8,supLP120,3,sub8-b2__0081__walk.npy,20,walk,20,0.9505663,1,"[2.24477, -2.28031, -9.09806, -0.81203, -0.291, -2.72641, -11.34462, -7.45917, -7.90179, -1.73735, 3.54591, -5.44596, 2.04118, -1.4854, -0.36718, -0.56624, -7.9184, -1.32331, 0.0334, -6.84421, 7.00374, 0.09983]"
43,sub8,supLP120,3,sub8-b2__0082__turnaround.npy,19,turnaround,19,0.9995191,1,"[3.48271, 2.29642, 2.23338, -3.4786, 1.2314, 6.90667, -2.27268, -5.19425, -2.93425, -7.54487, -0.62109, -0.71187, -2.97791, 0.32938, 1.83576, 0.50057, -3.42647, 5.42317, -2.17679, 14.84567, 4.02817, -3.42476]"
43,sub8,supLP120,3,sub8-b2__0083__walk.npy,20,walk,20,0.9853329,1,"[-0.65038, -1.08498, -8.01855, 3.00932, -1.13177, 2.65497, -0.70116, -1.92925, -6.21987, -2.16208, 2.45095, -0.9303, 1.02219, -0.47261, -2.29957, -1.81502, -2.01464, 4.86007, -4.47915, -1.03027, 9.43011, 1.33652]"
43,sub8,supLP120,3,sub8-b2__0084__turnaround.npy,19,turnaround,19,0.99999595,1,"[6.59355, -0.63866, 2.56533, -4.65603, -0.92891, 7.60728, 0.0445, -4.2655, -4.6665, -8.65543, -1.2006, -2.09853, -9.02627, 4.99674, 4.89022, 1.99916, -5.13684, 2.18195, -1.13826, 20.51322, 5.7427, -6.24477]"
43,sub8,supLP120,3,sub8-b2__0085__walk.npy,20,walk,20,0.96570045,1,"[2.32107, -3.1538, -9.13553, -1.25464, 0.15454, -2.59624, -10.51763, -6.87797, -8.00878, -2.83041, 2.37058, -4.52815, 1.50779, -1.68924, 0.23733, -0.25608, -7.38522, -1.60279, 0.74966, -6.61323, 6.82662, 0.14519]"
43,sub8,supLP120,3,sub8-b2__0086__turnaround.npy,19,turnaround,19,0.99934536,1,"[0.98725, 1.97242, 2.07387, -3.40786, 2.9601, 6.68256, -0.29486, -2.79751, -3.80441, -7.37101, -2.25053, 0.49638, -2.83239, 1.27402, 1.88035, 0.97602, -1.90552, 3.82703, -3.07356, 14.38191, 5.54914, -2.52386]"
43,sub8,supLP120,3,sub8-b2__0087__walk.npy,20,walk,20,0.9978149,1,"[-0.59689, -1.90909, -10.01604, 1.55146, -3.24492, 3.20287, 1.20945, -0.69675, -5.15452, -1.1973, 1.91309, -2.16164, 0.00031, -0.08959, -1.40692, -2.93977, -2.16962, 5.37348, -4.2507, -2.01777, 11.77384, 3.22236]"
43,sub8,supLP120,3,sub8-b2__0088__turnaround.npy,19,turnaround,19,0.9999969,1,"[5.94605, 0.46854, 3.34185, -5.06425, -0.75162, 7.69514, 0.86178, -3.54827, -4.10973, -8.81209, -2.40882, -1.60612, -8.75789, 3.98341, 4.88087, 2.10478, -4.63119, 2.4718, -1.513, 20.65863, 5.1906, -6.52834]"
43,sub8,supLP120,3,sub8-b2__0089__hop.npy,9,hop,9,0.91750723,1,"[1.05429, 2.07331, -6.74764, -1.04277, -1.27044, -4.79718, -13.73621, -6.05623, -3.35228, 10.42204, 7.97949, -5.09254, 0.35135, -2.7132, 4.45867, -3.9822, -1.63194, -5.58044, -2.2032, -8.10023, -2.31456, -5.93171]"
43,sub8,supLP120,3,sub8-b2__0090__hop.npy,9,hop,9,0.9793011,1,"[-1.48035, 1.12103, -9.40963, 0.06795, 2.06893, -4.42849, -13.0297, -4.46109, -5.67533, 9.98356, 6.04711, -4.08789, -0.0456, -1.82973, 2.9619, -2.81917, 0.47403, -6.60442, -1.68546, -9.32446, -0.80836, -5.20032]"
43,sub8,supLP120,3,sub8-b2__0091__hop.npy,9,hop,9,0.98045015,1,"[-0.28423, 3.32403, -4.98517, -2.58509, -1.63844, -3.49054, -11.84699, -4.79587, -1.62449, 11.0339, 7.02887, -3.70246, -1.3692, -1.21123, 4.31492, -2.97085, 0.49245, -5.97359, -1.8574, -7.72628, -4.3116, -5.65835]"
43,sub8,supLP120,3,sub8-b2__0092__hop.npy,9,hop,9,0.9994374,1,"[-2.83016, 2.01913, -8.15501, -0.82561, 1.90834, -3.53436, -10.84813, -1.9503, -4.22083, 12.41641, 3.8904, -2.82011, -0.5936, -3.32089, 3.26378, -3.07359, 3.87285, -6.94124, -2.35037, -9.83285, -3.16474, -4.89825]"
43,sub8,supLP120,3,sub8-b2__0093__hop.npy,9,hop,9,0.99847335,1,"[-2.85, 2.11055, -8.42229, -0.37927, 2.18401, -3.61329, -11.60467, -2.63876, -5.24587, 11.06176, 3.8866, -2.33868, 1.04402, -3.81388, 2.85632, -2.96136, 2.30682, -6.02277, -3.17033, -9.8111, -1.85082, -5.11708]"
43,sub8,supLP120,3,sub8-b2__0094__jump.npy,10,jump,10,0.8219462,1,"[4.96292, -0.49742, -3.81082, -0.883, -3.23478, -4.44629, -10.2795, -6.99098, -6.66235, 3.48944, 6.96307, -3.64054, 2.89142, -0.05856, 2.50816, -3.58729, -7.4547, -3.51348, -2.25016, -7.42944, 2.99277, -0.36774]"
43,sub8,supLP120,3,sub8-b2__0095__jump.npy,10,jump,10,0.9957806,1,"[4.36662, 1.30959, -2.54091, 1.95558, -9.30875, -3.62353, -8.19707, -5.21162, -0.58661, -2.38523, 12.2341, -7.19198, -5.32897, 6.55867, 3.04344, -4.53856, -6.49306, -3.05493, 4.00366, -4.99446, -3.51237, -4.72678]"
43,sub8,supLP120,3,sub8-b2__0096__jump.npy,10,jump,10,0.9821019,1,"[4.50631, 1.06121, -4.136, 2.51949, -8.93684, -4.48715, -8.32449, -7.47819, -1.9467, -3.12856, 13.18348, -7.71926, -5.02808, 9.15559, 3.34171, -3.91122, -6.31105, -3.44965, 4.43826, -5.52272, -2.65668, -4.00637]"
43,sub8,supLP120,3,sub8-b2__0097__jump.npy,10,jump,10,0.96066856,1,"[1.46405, 1.69906, -5.95771, 2.90926, -7.17281, -2.61234, -8.1913, -8.02644, -2.4741, -3.95791, 12.16796, -7.93643, -4.34589, 8.9639, 2.00789, -2.29647, -5.79121, -3.06451, 3.41117, -4.50439, -2.09934, -3.42245]"
43,sub8,supLP120,3,sub8-b2__0098__jump.npy,10,jump,10,0.97281635,1,"[0.77687, 1.73921, -6.74953, 2.54287, -5.79143, -1.7813, -8.45347, -7.80653, -2.84523, -4.29884, 10.8827, -7.05974, -3.94523, 7.27283, 2.15154, -1.78902, -4.96633, -3.00225, 2.86127, -4.6607, -2.54415, -3.23066]"
43,sub8,supLP120,3,sub8-b2__0099__jump.npy,10,jump,10,0.9042401,1,"[-2.94665, 0.72146, -9.48046, 4.2566, -2.31471, -0.74563, -7.39193, -6.90313, -7.27701, -6.13174, 8.98843, -5.88854, -3.14619, 6.62657, -0.55858, -0.08357, -2.78914, -3.66866, 2.72739, -5.68676, 0.99151, -0.70838]"
43,sub8,supLP120,3,sub8-b2__0101__runonspot.npy,13,runonspot,13,0.9824196,1,"[1.4109, -0.58432, -7.28828, 3.10474, -3.59121, -3.77587, -6.48817, -9.14896, -6.65651, -3.68644, 10.18103, -7.51644, -4.70495, 14.20804, 2.77987, -0.69004, -4.33442, -3.92242, 3.24486, -3.47149, 3.41038, -1.34009]"
43,sub8,supLP120,3,sub8-b2__0102__runonspot.npy,13,runonspot,13,0.99488246,1,"[0.06906, -0.35469, -6.42433, 2.62486, -2.82608, -2.70368, -6.00529, -7.65588, -6.84185, -4.07874, 8.28017, -6.7756, -4.41784, 13.57058, 2.26677, -0.04689, -3.05517, -4.44953, 3.57623, -2.79007, 2.93976, -0.95611]"
43,sub8,supLP120,3,sub8-b2__0103__runonspot.npy,13,runonspot,13,0.98754835,1,"[-0.16191, -0.84069, -7.03024, 3.10723, -2.30853, -3.48431, -6.31246, -8.1752, -8.34588, -4.42981, 9.59561, -6.28895, -4.38518, 13.97584, 2.88059, -0.475, -3.57341, -4.42529, 2.94936, -3.36503, 3.67839, -1.36549]"
43,sub8,supLP120,3,sub8-b2__0104__runonspot.npy,13,runonspot,13,0.93874955,1,"[0.11712, 0.19389, -7.42521, 3.28805, -3.18506, -3.25093, -6.84133, -9.12131, -7.49481, -3.51367, 9.91534, -6.48705, -3.50564, 12.64837, 2.27202, -0.63971, -3.33259, -4.03508, 2.88434, -4.69066, 2.50082, -1.41086]"
43,sub8,supLP120,3,sub8-b2__0106__buttkicks.npy,4,buttkicks,4,0.999549,1,"[-4.44945, -0.63492, -9.09164, -0.40505, 13.37482, -3.7116, -13.00831, -4.29222, -11.60726, 5.04039, 2.08357, -2.09934, -1.55927, 0.1373, 4.1782, 1.83129, -0.14602, -5.36585, -3.56521, -7.12841, 3.96465, -6.21507]"
43,sub8,supLP120,3,sub8-b2__0107__buttkicks.npy,4,buttkicks,4,0.9997036,1,"[-4.52266, -1.41034, -7.59255, -0.61441, 14.16611, -4.60469, -12.41799, -4.19617, -12.59036, 4.99445, 1.57993, -0.86286, -1.46084, 0.97962, 5.27462, 1.2617, -0.18358, -5.96721, -4.10936, -7.06041, 4.1681, -5.39028]"
43,sub8,supLP120,3,sub8-b2__0108__buttkicks.npy,4,buttkicks,4,0.99783903,1,"[-3.04539, -0.78252, -7.74834, -0.81984, 12.20197, -4.38532, -12.64228, -4.71384, -12.04616, 4.8406, 1.34394, -1.9511, -0.65831, 0.31134, 5.1733, 1.00009, -1.27783, -5.54803, -4.06038, -7.33686, 4.77435, -4.83636]"
43,sub8,supLP120,3,sub8-b2__0109__buttkicks.npy,4,buttkicks,4,0.99500906,1,"[-3.70465, -1.45478, -7.81689, -0.16908, 11.79128, -4.74412, -13.00313, -4.8767, -10.41367, 6.26351, 3.53558, -1.53979, -1.301, 0.77064, 4.48111, 0.14327, 0.41832, -6.45991, -3.52648, -7.36803, 2.12875, -6.17728]"
43,sub8,supLP120,3,sub8-b2__0110__buttkicks.npy,4,buttkicks,4,0.9996018,1,"[-4.46987, -1.61127, -7.61765, -1.06239, 13.60871, -4.35135, -12.17843, -4.29053, -11.87826, 4.7838, 1.28114, -0.66348, -1.69488, 0.40582, 5.13289, 1.42571, 0.60964, -5.85308, -3.4239, -6.93728, 3.1118, -5.98051]"
43,sub8,supLP120,3,sub8-b2__0111__airkick.npy,0,airkick,0,0.9904579,1,"[13.04046, -1.95716, 5.81939, -4.06143, -4.85075, -3.47653, -8.78884, -5.78111, -2.93736, 2.52574, 4.15051, -3.21077, 0.16682, -4.31452, 8.29979, -5.1494, -8.68735, -0.86062, -2.43407, -2.64983, -1.09239, -3.67822]"
43,sub8,supLP120,3,sub8-b2__0112__airkick.npy,0,airkick,0,0.95938224,1,"[11.92125, -1.45606, 5.58108, -4.17452, -3.09474, -3.38615, -9.91624, -6.24094, -4.28351, 2.62502, 2.98215, -3.24271, -0.27574, -3.65163, 8.71075, -4.38762, -8.39752, -1.6587, -2.6228, -2.61223, -0.56653, -4.08473]"
43,sub8,supLP120,3,sub8-b2__0113__airkick.npy,0,airkick,0,0.9519466,1,"[12.47572, -1.21226, 5.05369, -3.80581, -4.77127, -4.11023, -9.53692, -6.88651, -3.05945, 2.11046, 3.34293, -3.44295, -0.13099, -3.52707, 9.47467, -4.81127, -7.79843, -1.92639, -1.69251, -3.73336, -2.13176, -3.6534]"
43,sub8,supLP120,3,sub8-b2__0115__airkick.npy,0,airkick,0,0.9838308,1,"[11.94593, -2.88845, 4.38522, -4.08426, -2.6797, -3.43213, -8.98137, -6.25124, -4.54627, 0.40759, 0.66075, -1.62108, 1.90489, -5.04749, 7.80044, -4.29889, -8.64351, -2.25562, -2.19572, -3.62708, 0.23542, -2.63477]"
43,sub8,supLP120,3,sub8-b2__0116__airkick.npy,0,airkick,0,0.9834457,1,"[10.4725, -1.51363, 1.14287, -2.3267, -3.13771, -4.14167, -11.06908, -7.10469, -5.11957, 1.58221, 3.73685, -5.21014, 1.36404, -2.56273, 6.28243, -3.33236, -9.21563, -2.47932, -1.62616, -4.43786, 1.58007, -2.29265]"
43,sub8,supLP120,3,sub8-b2__0117__airkick.npy,0,airkick,0,0.9744605,1,"[11.75808, -2.04361, 3.9826, -3.62427, -2.49058, -3.93095, -10.54703, -6.77344, -3.92069, 0.66381, 2.18276, -3.29921, 0.03773, -3.80945, 8.09623, -4.13398, -8.04958, -2.22098, -1.60702, -3.36768, -0.33519, -3.79376]"
43,sub8,supLP120,3,sub8-b2__0118__sidekick.npy,14,sidekick,14,0.99809235,1,"[0.32163, 2.57895, 3.56374, -3.30815, 1.09624, -4.70221, -10.13825, -3.8757, -4.46476, -0.13026, -1.85999, 0.39317, 0.17412, -1.6332, 10.35063, -4.31304, 0.99167, -3.81698, -2.75699, -5.88268, -5.54595, -1.89641]"
43,sub8,supLP120,3,sub8-b2__0119__sidekick.npy,14,sidekick,14,0.9961569,1,"[2.08473, 2.45921, 4.14105, -3.43355, -1.99275, -4.463, -7.9262, -3.66173, -4.08889, -2.0012, -2.77565, -0.52499, 0.12108, -1.52632, 10.01373, -4.56711, -0.57248, -3.59507, -1.70196, -4.31839, -4.8216, -0.96474]"
43,sub8,supLP120,3,sub8-b2__0120__sidekick.npy,14,sidekick,14,0.99370754,1,"[0.5983, 2.3661, 6.57027, -4.22541, 0.29281, -3.64795, -7.51858, -2.69083, -4.24943, -1.17374, -4.16788, 0.61985, 0.31426, -2.15213, 11.65835, -4.0074, -0.35955, -2.56427, -3.45534, -2.29242, -4.85717, -1.43145]"
43,sub8,supLP120,3,sub8-b2__0121__sidekick.npy,14,sidekick,14,0.99647105,1,"[-0.81987, 1.16249, 5.3087, -3.92778, 2.69387, -3.2985, -7.40498, -3.0491, -4.13001, -2.84011, -4.91397, 2.65097, 0.45801, -2.6298, 11.12137, -3.82434, 0.88142, -3.82631, -3.42391, -3.27784, -4.68657, -1.06902]"
43,sub8,supLP120,3,sub8-b2__0122__sidekick.npy,14,sidekick,14,0.784736,1,"[4.44658, 0.43813, 8.44197, -3.9054, -2.95215, -4.23042, -7.07273, -3.85044, -3.11389, -1.88638, -1.79906, -0.69695, 2.61599, -3.96759, 9.75737, -5.09799, -4.6821, -2.65999, -2.78696, -2.22173, -2.96928, -0.08601]"
43,sub8,supLP120,3,sub8-b2__0123__sidekick.npy,14,sidekick,14,0.9984415,1,"[0.06363, 2.21617, 5.52096, -3.61651, 0.17638, -3.74382, -7.09355, -2.37822, -3.43951, -1.19677, -3.88921, 0.30742, 0.82299, -2.28558, 12.04713, -4.22438, -0.85937, -3.40369, -3.90816, -2.70432, -4.46051, -1.58848]"
43,sub8,supLP120,3,sub8-b2__0125__crosstoe.npy,6,crosstoe,6,0.99972504,1,"[-3.5981, -0.82858, 7.77967, -5.8754, -4.72014, 1.65284, 20.39092, 2.946, -5.23259, -4.72039, -7.0862, 12.17989, 3.568, -6.93372, -2.31669, -1.66974, -2.45717, 3.49208, 0.00927, 1.02746, -3.82344, -2.85943]"
43,sub8,supLP120,3,sub8-b2__0126__crosstoe.npy,6,crosstoe,6,0.99970466,1,"[-3.81281, -0.38424, 8.1835, -5.99248, -4.54406, 1.75105, 20.68502, 2.96585, -5.78174, -5.33482, -7.26617, 12.54516, 3.20055, -7.13754, -2.37757, -1.65843, -2.34947, 3.22083, 0.16381, 1.15901, -3.81225, -2.86156]"
43,sub8,supLP120,3,sub8-b2__0127__sidekick.npy,14,sidekick,6,0.99994767,0,"[-4.11975, -0.8038, 6.08813, -5.54582, -4.66179, 1.53258, 21.69247, 3.41737, -5.46003, -4.79173, -6.64429, 11.83058, 3.21196, -6.03211, -3.39657, -1.18574, -1.84935, 3.88106, 0.87953, 1.30927, -3.43537, -3.31985]"
43,sub8,supLP120,3,sub8-b2__0128__crosstoe.npy,6,crosstoe,6,0.9999112,1,"[-3.64945, -1.22411, 6.1516, -5.34063, -4.59371, 0.97157, 21.15698, 2.64892, -5.80894, -4.52392, -6.84905, 11.82405, 4.13881, -6.4533, -2.54789, -1.66022, -2.48076, 3.65585, 0.30085, 0.53557, -3.76499, -2.81568]"
43,sub8,supLP120,3,sub8-b2__0129__crosstoe.npy,6,crosstoe,6,0.9998404,1,"[-4.10278, -0.69014, 5.07521, -5.11975, -4.37812, 1.28885, 19.74692, 3.03864, -5.18478, -3.42986, -5.935, 10.99924, 4.16093, -6.2594, -3.09084, -1.64031, -2.01338, 3.96917, 0.39371, 0.72228, -3.43693, -2.86747]"
43,sub8,supLP120,3,sub8-b2__0130__throw.npy,18,throw,18,0.9985227,1,"[0.85319, 3.41474, -2.29011, 2.33065, -7.52083, -3.90172, -2.62026, 1.25786, -2.58624, -4.98457, 2.66046, -5.47487, -2.43906, -0.88371, -1.8265, -2.53423, -2.32132, -2.5743, 10.64551, -6.00265, -2.491, -6.58726]"
43,sub8,supLP120,3,sub8-b2__0131__throw.npy,18,throw,18,0.9968984,1,"[0.6636, 2.83311, -1.85731, 2.07022, -6.89118, -3.53026, -2.19726, 3.6295, -3.87305, -3.55154, 2.75742, -4.75809, -3.08494, -0.26778, -2.05896, -2.68921, -2.85752, -2.6494, 10.18191, -5.31363, -0.95849, -6.45228]"
43,sub8,supLP120,3,sub8-b2__0132__throw.npy,18,throw,18,0.9921665,1,"[-2.07422, 3.31508, -3.71904, 3.71497, -6.27511, -4.28568, -3.7032, 5.08846, -2.32208, -2.39343, 4.40459, -5.98351, -5.086, -0.16557, -1.71752, -2.65008, -2.11635, -2.8431, 10.59198, -5.53476, -2.01715, -7.10402]"
43,sub8,supLP120,3,sub8-b2__0133__throw.npy,18,throw,7,0.60830444,0,"[0.13941, 0.60685, -3.30078, 10.38226, -3.05629, -2.96945, -2.65748, 10.82335, -7.00758, 1.57382, 2.87321, -3.76745, -0.80191, -3.11161, -1.95252, -1.53138, -3.07323, -1.41683, -1.57438, -5.23129, 0.71683, -5.65717]"
43,sub8,supLP120,3,sub8-b2__0134__throw.npy,18,throw,3,0.62146014,0,"[2.2444, 0.78297, -1.4879, 9.86683, -3.95894, -2.91205, -3.18823, 9.36748, -6.99462, 2.20539, 2.82703, -3.70565, 0.65729, -3.75162, -2.4571, -1.5316, -3.35764, -1.14817, -1.65427, -6.55073, 0.3588, -4.45987]"
43,sub8,supLP120,3,sub8-b2__0135__throw.npy,18,throw,18,0.9962309,1,"[2.45517, 3.31793, -2.11006, 1.9374, -7.61608, -1.94241, -3.42774, 3.61543, -2.51547, -4.18369, 2.63291, -5.54538, -2.86733, -1.51871, -1.96731, -3.15386, -3.97636, -3.39546, 10.16849, -4.60952, -0.83055, -6.45424]"
43,sub8,supLP120,3,sub8-c__0001__sit.npy,15,sit,17,0.9118514,0,"[0.75249, -0.64089, -7.2687, 2.77723, 1.39513, 0.03162, 0.3441, -0.70324, -2.2006, -7.61092, -1.34282, -1.62231, -3.15001, 0.5319, -5.01946, 10.93756, -0.10965, 13.27531, 2.55124, -0.39123, 3.40528, -0.94851]"
43,sub8,supLP120,3,sub8-c__0002__stand.npy,17,stand,17,0.99998367,1,"[-1.14219, 2.26331, 2.83766, -2.0139, -2.82793, 3.4156, 3.68154, 1.5298, -1.33737, -1.77224, -2.35024, 1.50491, -3.39918, -1.39729, -2.48208, 4.00687, -1.27017, 16.5512, -3.15932, 4.17764, 3.1733, -3.53779]"
43,sub8,supLP120,3,sub8-c__0003__sit.npy,15,sit,17,0.9132069,0,"[0.86725, 0.40398, -6.26962, 2.43541, 0.61661, -0.00546, 1.644, 0.07994, -1.97978, -7.18691, -1.63506, -1.19856, -2.86987, 0.25297, -5.35876, 10.67522, -0.23694, 13.03013, 2.52729, -0.38741, 3.13193, -0.66051]"
43,sub8,supLP120,3,sub8-c__0005__walk.npy,20,walk,14,0.6732976,0,"[4.36068, 4.27077, 1.24576, -1.12706, -2.06121, 3.74275, -3.34607, -4.90238, 0.13589, -4.04094, 0.81918, -4.77131, -2.10365, 1.29244, 7.58915, -2.05038, -3.51272, 6.03922, -4.50592, 5.8087, 1.0535, -2.88618]"
43,sub8,supLP120,3,sub8-c__0006__turnaround.npy,19,turnaround,19,0.99987483,1,"[7.30837, 2.32247, 3.32254, -6.16361, -0.50969, 9.46211, 0.13423, -2.74979, -0.61132, -8.08669, -3.55695, -1.4285, -9.40752, 1.28084, 5.51962, 1.80834, -4.02746, 3.13332, -0.05222, 18.58029, 3.08457, -8.18042]"
43,sub8,supLP120,3,sub8-c__0007__sit.npy,15,sit,15,0.60993856,1,"[1.40974, 0.39372, -7.32628, 1.9906, 0.9108, 0.3593, 0.58066, -1.04716, -1.57341, -8.65971, -1.45223, -1.65579, -4.42891, -0.29179, -5.62235, 12.38237, -0.02319, 11.93491, 3.16925, -0.18913, 2.73305, -0.05401]"
43,sub8,supLP120,3,sub8-c__0008__stand.npy,17,stand,17,0.9999621,1,"[0.4219, 2.28986, 2.40353, 0.09461, -3.81267, 1.45263, 2.91251, 0.4805, -3.01793, -3.23819, -1.55814, 0.34198, -1.74377, -0.73278, -0.22967, 1.841, -2.94689, 15.39161, -3.27889, 1.7206, 4.7841, -1.34377]"
43,sub8,supLP120,3,sub8-c__0009__turnaround.npy,19,turnaround,19,0.99979943,1,"[6.48782, -3.09701, 0.70134, -6.54359, -3.8631, 9.90429, 2.29858, -2.05004, -0.12077, -8.15514, -3.32632, -1.48709, -8.4194, 1.33115, 1.97356, 2.26349, -6.10286, 6.6263, 1.83721, 18.5071, 5.99872, -7.73732]"
43,sub8,supLP120,3,sub8-c__0010__sit.npy,15,sit,15,0.6531236,1,"[1.93524, 0.38163, -6.18925, 1.68822, 0.71093, -0.0061, 1.17792, -1.04191, -2.1383, -8.39599, -1.79879, -1.97883, -4.38593, 0.25999, -4.87214, 12.7145, -1.23993, 12.08128, 2.69267, 1.02904, 3.4958, -0.4795]"
43,sub8,supLP120,3,sub8-c__0011__stand.npy,17,stand,17,0.999979,1,"[2.79817, 1.9786, 3.87006, -0.79157, -4.54121, 2.2244, 0.4921, -1.03211, -0.03807, -2.65897, -1.60021, -0.01676, -2.93495, -1.32901, 1.33836, 2.07652, -3.29618, 15.71319, -3.82428, 2.69578, 3.32056, -2.07102]"
43,sub8,supLP120,3,sub8-c__0012__turnaround.npy,19,turnaround,19,0.9991209,1,"[8.02797, 3.84577, 2.25774, -5.18486, -1.79162, 9.37999, -1.1676, -4.4716, 3.12352, -8.92746, -2.45903, -3.81387, -9.71868, -0.41798, 3.26496, 0.87438, -4.21596, 5.70056, 1.33099, 16.67318, 1.08398, -8.56188]"
43,sub8,supLP120,3,sub8-c__0013__sit.npy,15,sit,15,0.6262285,1,"[1.51932, 1.02137, -6.13277, 1.88739, 0.84156, 0.10122, 0.43372, -0.67066, -2.03117, -7.53631, -1.41924, -1.60852, -4.25219, 0.28227, -4.4621, 12.28755, -0.80921, 11.77107, 2.17162, 0.55422, 3.01051, -0.54226]"
43,sub8,supLP120,3,sub8-c__0014__stand.npy,17,stand,17,0.9999858,1,"[2.52874, 0.6765, 3.16586, 0.943, -4.903, 0.43252, 1.61119, -1.65743, -1.5339, -4.3445, -0.42528, -0.57116, -2.06751, 0.90129, 0.98479, 1.18241, -3.64827, 16.29521, -3.65326, 1.57227, 4.6813, -0.41331]"
43,sub8,supLP120,3,sub8-c__0015__turnaround.npy,19,turnaround,19,0.99980587,1,"[8.23581, 2.46776, 3.07245, -4.84939, -0.52869, 9.69606, -1.26564, -4.3068, 2.62201, -8.48218, -3.15134, -4.03348, -9.84168, 1.39882, 5.73829, 1.07608, -4.03301, 4.3887, -0.71206, 18.47394, 2.42781, -8.52594]"
43,sub8,supLP120,3,sub8-c__0016__sit.npy,15,sit,17,0.5310053,0,"[1.43429, 0.03402, -6.5184, 1.42683, 1.03032, 0.16556, 1.01642, -1.51196, -1.31276, -8.08092, -1.69836, -1.02306, -3.53314, -0.00378, -4.99729, 11.92315, -0.37692, 12.04766, 2.3608, -0.14713, 2.86599, -0.38895]"
43,sub8,supLP120,3,sub8-c__0017__stand.npy,17,stand,17,0.9999759,1,"[0.97876, 0.02738, 0.23737, 1.50488, -3.94615, 0.9512, 2.02222, 0.03854, -4.03365, -2.92904, 0.4726, -0.59442, -1.47247, 0.95384, 0.09698, 0.54927, -3.23731, 16.65196, -3.82576, 0.61613, 5.93288, -1.26922]"
43,sub8,supLP120,3,sub8-c__0018__turnaround.npy,19,turnaround,19,0.9988105,1,"[8.25719, 2.47817, 3.37781, -3.69985, -0.93426, 8.82477, -2.31258, -4.55215, 0.7397, -7.90859, -2.05258, -3.27711, -9.38176, 1.09671, 5.57676, 0.85891, -4.07626, 3.37684, -0.55251, 16.03903, 1.48635, -8.94674]"
43,sub8,supLP120,3,sub8-c__0019__squat.npy,16,squat,16,0.98727906,1,"[-10.45711, 5.44969, -7.07042, -2.77214, 4.90407, 2.26902, -4.72445, 0.81841, -3.19048, -0.16041, -6.5085, 4.246, 2.9086, -7.36635, -2.26156, 2.1071, 10.51949, -2.80657, -3.25092, -7.39208, -5.72262, -2.12033]"
43,sub8,supLP120,3,sub8-c__0020__squat.npy,16,squat,16,0.9989949,1,"[-10.10178, 4.30008, -8.55764, -3.53811, 2.60939, 2.87895, -2.9974, 2.31763, -4.19209, -2.54689, -6.86055, 5.68773, 2.70195, -10.12048, -2.68871, 0.69742, 12.96178, -3.87184, -1.36362, -7.35863, -6.3318, -0.49395]"
43,sub8,supLP120,3,sub8-c__0023__squat.npy,16,squat,16,0.999584,1,"[-9.20969, 5.54532, -9.17301, -5.10028, 1.15024, 3.04143, -3.0686, 2.34452, -1.72693, -1.93524, -7.07235, 4.82595, 1.57876, -10.8757, -2.41469, -0.37062, 13.83145, -4.69779, 0.068, -6.62326, -7.77321, -0.53758]"
43,sub8,supLP120,3,sub8-c__0024__pickup.npy,11,pickup,11,0.9990007,1,"[-4.07192, -0.06718, 4.99402, -6.92207, 0.37046, 3.33198, 0.58623, -1.36072, -5.92126, -4.30138, -7.48023, 12.28302, 2.88677, -9.61021, 2.20373, -0.01273, 1.95998, -0.13897, -5.06849, -2.73392, -3.18676, -4.16711]"
43,sub8,supLP120,3,sub8-c__0025__pickup.npy,11,pickup,11,0.99864787,1,"[-3.82067, -0.01275, 3.84509, -5.90911, 0.84278, 3.35327, 0.47909, -0.90335, -7.36647, -3.2647, -7.05257, 11.31432, 2.35407, -8.85461, 2.51022, -0.33189, 1.6348, 0.28218, -5.87239, -2.45739, -1.84735, -5.03986]"
43,sub8,supLP120,3,sub8-c__0026__pickup.npy,11,pickup,11,0.9923643,1,"[-1.82074, -0.12362, 4.3049, -5.23934, -0.2912, 2.41051, 0.20263, -1.46531, -7.83178, -2.6007, -6.06744, 9.66703, 2.49298, -8.09731, 2.91631, -1.03595, -1.12012, 0.00887, -5.91643, -1.45225, -0.80171, -5.0545]"
43,sub8,supLP120,3,sub8-c__0028__pickup.npy,11,pickup,11,0.9859072,1,"[-2.08774, 0.81043, 6.55267, -5.88471, -0.822, 2.72876, 0.86089, -1.18914, -7.78181, -3.54326, -7.17325, 10.92029, 2.07638, -8.91599, 4.06843, -1.2233, -0.31103, -1.12302, -5.58597, -0.82726, -2.27042, -4.39649]"
43,sub8,supLP120,3,sub8-c__0029__pushchair.npy,12,pushchair,12,0.9730849,1,"[-4.32074, 4.29834, -0.09236, -3.47991, -3.95495, 1.66586, -3.52462, -0.8717, -2.44222, -1.20262, -4.97099, 4.93363, 8.99085, -10.88739, -0.96401, -2.41191, -1.48896, -2.3439, -4.11435, -5.83834, -4.45386, 0.52905]"
43,sub8,supLP120,3,sub8-c__0030__pushchair.npy,12,pushchair,12,0.64380836,1,"[-3.59382, 5.82858, 2.79555, -5.73075, -4.98617, 1.99149, -3.18074, -1.01531, -1.26252, -2.54937, -6.02259, 7.0343, 7.90762, -12.42207, 0.73892, -3.04233, -0.07749, -2.83457, -3.04461, -4.51454, -6.43262, 0.2138]"
43,sub8,supLP120,3,sub8-c__0031__pushchair.npy,12,pushchair,12,0.99323696,1,"[-3.3756, 2.72308, -1.60421, -3.01011, -4.37358, 0.97433, -4.20544, -1.70424, -2.72901, -2.07078, -4.39034, 3.52957, 9.00892, -10.32541, -1.19015, -2.36037, -2.54364, -2.37284, -3.74817, -6.59591, -3.33251, 0.85587]"
43,sub8,supLP120,3,sub8-c__0032__pushchair.npy,12,pushchair,12,0.9990188,1,"[-1.91982, 0.31321, -3.41852, -2.15886, -4.52169, -0.37997, -5.30247, -2.72504, -2.96087, -0.31243, -1.44364, 1.63718, 9.35652, -8.61002, -2.4886, -2.52832, -5.08934, -0.50503, -4.42315, -7.07789, -0.45365, 0.30697]"
43,sub8,supLP120,3,sub8-c__0033__pushchair.npy,12,pushchair,12,0.9961087,1,"[-2.31195, 2.24366, -0.67341, -3.44894, -4.46476, 0.39623, -4.55976, -2.2369, -2.5172, -1.78878, -3.52498, 3.331, 9.27959, -10.38022, -1.19663, -2.32232, -3.61245, -1.71859, -4.13699, -6.06408, -2.84284, 0.22799]"
43,sub8,supLP120,3,sub8-c__0035__sit.npy,15,sit,15,0.70309204,1,"[1.5191, 0.36906, -6.64488, 1.47544, 1.22626, -0.02505, 0.54568, -1.61039, -2.34049, -8.81999, -1.57903, -1.95181, -5.147, 0.53501, -4.54801, 12.85458, -0.77247, 11.99207, 2.77088, 1.01337, 3.53785, -0.34246]"
43,sub8,supLP120,3,sub8-c__0036__stand.npy,17,stand,17,0.999985,1,"[0.74384, 1.10277, 1.42911, 1.25683, -3.32971, 1.66205, 2.57611, 0.73995, -3.49321, -3.49076, -0.99064, 0.15502, -2.16439, 0.12284, -0.0299, 1.91724, -2.9172, 16.58495, -3.62022, 1.74378, 5.24704, -1.44985]"
43,sub8,supLP120,3,sub8-c__0037__turnaround.npy,19,turnaround,19,0.99988806,1,"[7.96224, 2.24277, 1.9727, -5.48122, -0.46667, 9.94351, -1.24884, -4.99582, 2.2631, -8.48057, -2.32227, -4.15168, -10.33102, 2.98712, 6.5887, 1.38659, -3.42974, 4.21165, -0.71459, 19.20591, 2.99415, -9.12414]"
43,sub8,supLP120,3,sub8-c__0038__sit.npy,15,sit,15,0.6416967,1,"[1.91545, 0.19243, -6.44719, 1.57897, 0.928, -0.09207, 0.78335, -1.45979, -2.0677, -8.50591, -1.43307, -1.51356, -4.3369, 0.64572, -4.6394, 12.47629, -0.86245, 11.89308, 2.58695, 1.05525, 3.43249, -0.49688]"
43,sub8,supLP120,3,sub8-c__0039__stand.npy,17,stand,17,0.9998311,1,"[2.64307, 0.10309, 1.56881, 1.23538, -4.4438, 2.21985, 0.72487, -0.0433, -2.78278, -2.97393, 0.51766, -0.72016, -1.90286, 1.60003, 0.21238, -0.04315, -3.45768, 15.35771, -5.1141, 1.77661, 6.60449, -1.25568]"
43,sub8,supLP120,3,sub8-c__0040__turnaround.npy,19,turnaround,19,0.9977562,1,"[10.9934, 2.17853, 4.86394, -4.57015, -1.15931, 9.33392, -2.0517, -5.36247, 0.30995, -9.96165, -2.98226, -3.60287, -10.82524, 2.44205, 8.76547, 0.33639, -4.28277, 2.09666, -0.43255, 17.35365, 0.94342, -8.60599]"
43,sub8,supLP120,3,sub8-c__0041__sit.npy,15,sit,15,0.69906294,1,"[1.87376, 1.05855, -6.47135, 1.42145, 0.87609, -0.06112, 0.70156, -0.55872, -1.55416, -8.2381, -1.85852, -1.75659, -4.71266, 0.19982, -4.48006, 11.88545, -0.56385, 11.04169, 2.74994, 0.35937, 2.90923, -0.27406]"
43,sub8,supLP120,3,sub8-c__0042__stand.npy,17,stand,17,0.999964,1,"[2.69087, 2.21236, 3.08334, 0.31575, -4.29199, 0.63735, 1.00358, -0.95374, -2.5168, -4.18376, -0.7943, -0.85716, -2.53188, 0.26292, 1.14289, 1.65371, -3.6671, 15.71204, -3.72189, 2.26655, 5.11371, -0.8411]"
43,sub8,supLP120,3,sub8-c__0045__stand.npy,17,stand,17,0.99998665,1,"[1.63743, 2.99596, 2.85753, -1.054, -4.07328, 1.2098, 1.0152, -0.88307, 0.14657, -3.37761, -1.76014, -0.41501, -2.6943, -1.6137, 0.6331, 2.45422, -2.82684, 16.03691, -2.82975, 2.98685, 3.65323, -1.7187]"
43,sub8,supLP120,3,sub8-c__0046__turnaround.npy,19,turnaround,19,0.9982572,1,"[5.16623, 4.30835, 0.7965, -5.23122, -2.463, 9.12017, -0.85629, -3.65022, 3.50792, -5.90003, -2.71298, -2.05148, -6.9398, -1.7195, 0.9622, 0.49341, -2.68793, 5.90564, 0.75015, 15.54073, 1.38908, -7.75181]"
43,sub8,supLP120,3,sub8-c__0047__sit.npy,15,sit,17,0.8431922,0,"[0.71935, -0.2489, -3.2982, -0.89862, 1.17417, 3.02901, 2.99432, -2.17719, -0.78188, -6.04085, -1.13692, -0.29304, -5.37702, -0.67521, -2.12503, 4.98594, -0.77102, 8.71763, 0.57401, 6.78506, 3.97214, -0.56558]"
43,sub8,supLP120,3,sub8-c__0048__stand.npy,17,stand,17,0.9998499,1,"[3.8586, 1.01541, 4.86453, -0.53108, -4.29044, 2.58379, -0.35509, -1.3932, -0.84952, -2.73945, -1.0196, -0.23661, -2.36154, -0.20221, 1.8024, 1.39015, -3.56599, 14.57224, -5.47939, 3.22259, 4.47106, -1.71984]"
43,sub8,supLP120,3,sub8-c__0049__turnaround.npy,19,turnaround,19,0.99975294,1,"[7.72213, 2.18221, 2.83859, -5.60331, -0.58857, 9.77722, -1.37345, -3.64697, 0.38928, -7.35394, -2.10772, -2.65563, -10.24438, 0.72276, 5.6551, 1.13484, -4.10569, 4.57794, -0.18165, 18.22413, 1.87352, -9.22161]"
43,sub8,supLP120,3,sub8-c__0050__sit.npy,15,sit,15,0.5569726,1,"[1.68038, 0.91926, -6.41355, 1.48308, 1.04268, -0.15442, 0.74344, -1.50544, -1.28061, -8.64926, -1.69538, -1.1296, -3.57569, -0.05387, -4.89523, 11.81284, -0.50023, 11.58344, 2.649, 0.24283, 2.90844, -0.76425]"
43,sub8,supLP120,3,sub8-c__0052__turnaround.npy,19,turnaround,19,0.9999057,1,"[7.85242, 2.21421, 2.80599, -5.94027, -0.30468, 10.59226, -1.11894, -4.50348, 1.47027, -8.0308, -2.5625, -3.67277, -10.30736, 2.3286, 5.86994, 1.75624, -3.55237, 4.84238, -1.36666, 19.93774, 2.97478, -8.73688]"
43,sub8,supLP120,3,sub8-c__0053__squat.npy,16,squat,16,0.9944653,1,"[-11.10409, 6.04432, -9.69184, -4.39119, 3.85964, 3.43721, -3.56586, 2.70809, -2.83968, -0.78398, -6.98238, 4.14508, 2.82096, -10.00693, -3.53513, 1.43412, 11.58869, -3.19495, -1.35488, -6.96434, -5.86469, -2.4561]"
43,sub8,supLP120,3,sub8-c__0054__squat.npy,16,squat,16,0.99959904,1,"[-9.061, 5.01172, -9.12353, -4.64419, 1.45436, 2.60498, -2.79953, 2.67058, -2.72534, -2.30126, -7.24965, 5.1073, 1.73756, -10.49488, -2.02991, -0.09709, 13.69719, -4.88196, -0.15052, -6.78273, -7.45832, -0.17924]"
43,sub8,supLP120,3,sub8-c__0055__squat.npy,16,squat,16,0.99952316,1,"[-9.59433, 5.68003, -8.86431, -4.89782, 1.84121, 2.53341, -2.71217, 2.49296, -1.76513, -2.12931, -7.49325, 5.41684, 1.69267, -10.3796, -2.04708, 0.12019, 13.97135, -4.61208, -0.3392, -6.66776, -7.96994, -0.3645]"
43,sub8,supLP120,3,sub8-c__0056__squat.npy,16,squat,16,0.9976502,1,"[-10.20897, 5.51252, -9.07842, -5.0654, 2.46054, 3.54489, -3.03288, 2.31693, -2.11219, -1.95432, -7.00361, 5.21538, 2.51876, -10.60074, -3.35428, 0.66684, 12.27315, -3.7244, -0.72351, -6.32684, -6.55743, -1.67439]"
43,sub8,supLP120,3,sub8-c__0058__pickup.npy,11,pickup,11,0.9974591,1,"[-4.36308, 1.3265, 2.66777, -6.48749, 1.35106, 2.71837, -1.37953, -0.74786, -7.07236, -3.18495, -7.51296, 10.71525, 1.14352, -9.25164, 3.5138, -0.33724, 3.66561, -1.97122, -4.58024, -3.18874, -3.25922, -4.44591]"
43,sub8,supLP120,3,sub8-c__0059__pickup.npy,11,pickup,11,0.9983183,1,"[-3.28877, 0.06276, 2.70195, -4.99419, 0.04545, 2.46554, 1.38454, -0.35136, -8.65045, -3.31118, -6.45939, 10.30319, 1.81736, -8.08105, 2.0668, -1.0788, 0.24557, -0.69223, -4.93517, -1.59207, -1.27727, -4.34213]"
43,sub8,supLP120,3,sub8-c__0060__pickup.npy,11,pickup,11,0.9982882,1,"[-3.12129, -0.25312, 2.65964, -5.17054, -0.15881, 2.35494, 1.15516, -0.2043, -8.17695, -2.91062, -6.54951, 10.33115, 2.48831, -8.48536, 2.03942, -1.45163, -0.01023, -0.45481, -5.10924, -1.96031, -1.2564, -4.00982]"
43,sub8,supLP120,3,sub8-c__0061__pickup.npy,11,pickup,11,0.9971245,1,"[-2.26343, -0.57662, 3.64481, -5.56162, -0.62812, 1.85588, 1.79508, -1.04383, -8.26858, -3.46691, -6.39968, 10.21661, 2.59022, -8.1483, 2.46299, -1.59367, -1.29898, -0.85794, -4.60448, -1.13919, -1.26128, -4.05119]"
43,sub8,supLP120,3,sub8-c__0062__pickup.npy,11,pickup,11,0.99359137,1,"[-2.00875, -0.78184, 4.51955, -5.58247, -1.37735, 1.5936, 1.32577, -1.09977, -7.56029, -3.50064, -6.59653, 10.06705, 3.66701, -8.9904, 2.30716, -1.74131, -1.86678, -0.83343, -4.57423, -2.34552, -1.99673, -3.18133]"
43,sub8,supLP120,3,sub8-c__0063__pushchair.npy,12,pushchair,12,0.9358793,1,"[0.90007, 2.75001, 4.9211, -5.06301, -6.51703, -0.54216, -5.63877, -3.69431, -1.82259, -3.12212, -2.61597, 3.01608, 7.89006, -10.17772, 1.76982, -3.33963, -5.55622, -1.89637, -3.58591, -2.93503, -3.77706, -1.40329]"
43,sub8,supLP120,3,sub8-c__0064__pushchair.npy,12,pushchair,12,0.83100784,1,"[1.00579, 2.76943, 5.54568, -5.30338, -6.24284, -0.39958, -5.39845, -3.54844, -2.37096, -3.06507, -2.74175, 3.6371, 7.37614, -10.13097, 2.36578, -3.54508, -5.51309, -2.14846, -3.50656, -2.39821, -3.73771, -1.66113]"
43,sub8,supLP120,3,sub8-c__0065__pushchair.npy,12,pushchair,12,0.9886232,1,"[-0.54152, 3.36142, 3.29127, -4.33891, -6.21203, 0.01764, -5.14656, -2.42496, -1.9564, -1.67692, -2.8098, 3.51794, 9.00852, -10.73716, 0.53703, -3.63426, -4.71148, -1.76906, -3.83054, -4.32737, -3.97838, -0.58577]"
43,sub8,supLP120,3,sub8-c__0066__pushchair.npy,12,pushchair,12,0.98355585,1,"[0.04647, 3.74101, 3.80805, -4.69996, -6.95749, -0.32247, -5.35577, -2.72033, -1.31131, -1.83543, -2.70313, 3.34749, 8.89023, -11.01633, 0.96451, -3.85801, -4.70414, -1.80383, -3.58839, -4.24238, -4.42773, -0.61984]"
43,sub8,supLP120,3,sub8-c__0067__pushchair.npy,12,pushchair,2,0.7596518,0,"[1.04521, 3.5032, 8.06397, -5.40349, -6.34656, 0.0032, -4.69932, -3.23298, -2.36669, -2.65473, -3.07496, 3.90306, 6.80546, -9.86342, 2.71179, -3.51504, -5.76403, -1.43642, -4.45995, -1.17297, -3.85587, -1.99742]"
43,sub8,supLP120,3,sub8-c__0068__pushchair.npy,12,pushchair,12,0.99590236,1,"[-0.01643, 1.57151, 1.16355, -4.22289, -5.68461, 0.47332, -6.38763, -3.60949, -2.57487, -2.34722, -1.58031, 1.96331, 8.5048, -9.50744, 0.1572, -3.04983, -5.86894, -1.12658, -3.51053, -3.83284, -2.00245, -0.8292]"
43,sub8,supLP120,3,sub8-c__0069__sit.npy,15,sit,17,0.51790726,0,"[1.00159, 0.64293, -6.52088, 1.50127, 0.98778, -0.42677, 1.49522, -0.80771, -1.99771, -8.37516, -2.08183, -1.59642, -4.06348, 0.17271, -4.55036, 12.14523, -0.69083, 12.21722, 2.81281, -0.07533, 3.15051, -0.22412]"
43,sub8,supLP120,3,sub8-c__0070__stand.npy,17,stand,17,0.9999734,1,"[2.28033, 2.90787, 3.55322, -1.2, -3.97352, 2.14772, -0.22364, -1.09267, 1.1545, -2.27677, -1.43832, -0.38792, -3.10741, -1.72669, 1.24708, 2.40934, -3.05153, 15.50292, -3.55456, 3.39872, 3.02998, -2.72658]"
43,sub8,supLP120,3,sub8-c__0071__turnaround.npy,19,turnaround,19,0.99992967,1,"[9.35341, 0.44408, 0.31542, -4.77549, -0.51512, 8.94267, -1.01358, -5.77291, 0.72588, -11.15098, -0.82662, -6.08993, -11.04706, 5.78005, 6.5307, 1.11123, -4.78307, 3.50811, 1.28304, 19.48609, 5.00567, -8.26194]"
43,sub8,supLP120,3,sub8-c__0073__stand.npy,17,stand,17,0.9999919,1,"[1.95002, 1.56237, 3.92881, -0.29469, -4.74677, 1.04549, 2.00113, -1.34406, -0.53209, -3.08307, -0.9657, -0.03658, -1.73523, -0.97948, 0.75415, 1.53432, -3.1055, 16.61063, -3.70161, 1.90145, 3.76758, -1.19863]"
43,sub8,supLP120,3,sub8-c__0074__turnaround.npy,19,turnaround,19,0.99990964,1,"[4.89122, 3.44759, 2.66608, -7.53565, -1.29514, 8.95336, 0.79605, -1.38604, 3.14521, -6.99692, -4.6387, -1.15073, -7.53995, -2.24853, 2.25175, 1.55654, -3.76365, 5.83452, 0.60112, 18.33655, 2.89613, -6.773]"
43,sub8,supLP120,3,sub8-c__0075__sit.npy,15,sit,15,0.8625631,1,"[1.74314, 0.85329, -5.74203, 0.90761, 1.0025, -0.0398, 0.5742, -1.7385, -1.3172, -8.0051, -1.61299, -1.83144, -4.17771, 0.07576, -4.73276, 12.78977, -0.66995, 10.95206, 2.86772, 1.09576, 2.7668, -0.50592]"
43,sub8,supLP120,3,sub8-c__0076__stand.npy,17,stand,17,0.9999194,1,"[1.77055, 2.21597, 2.24613, 0.54204, -3.87257, 0.25038, 0.97962, -0.87815, -2.65765, -3.82379, 0.09409, -0.66333, -1.84514, 0.51209, 0.23785, 1.76404, -3.47545, 14.54315, -2.7531, 1.80085, 4.78098, -1.49752]"
43,sub8,supLP120,3,sub8-c__0077__turnaround.npy,19,turnaround,19,0.9995833,1,"[5.70743, 4.19086, 2.05006, -6.00469, -0.52823, 9.51055, -1.48952, -3.54876, 4.19017, -6.18111, -3.26832, -2.99189, -8.19865, -1.13, 4.12381, 1.13189, -2.93615, 5.30026, -0.4307, 17.34471, 1.11867, -8.5296]"
43,sub8,supLP120,3,sub8-c__0078__sit.npy,15,sit,15,0.8044983,1,"[1.2399, 1.18822, -6.38963, 1.65632, 0.91706, -0.41452, 1.5073, -1.02959, -2.11813, -8.64137, -1.88507, -1.12655, -4.03115, -0.69322, -4.84658, 12.41536, -0.41149, 10.99976, 3.21684, -0.23935, 2.12452, -0.28032]"
43,sub8,supLP120,3,sub8-c__0079__stand.npy,17,stand,17,0.9999709,1,"[2.04231, 1.75698, 2.72715, 0.80064, -4.19052, 0.97256, 1.52277, -0.83834, -2.45925, -4.01147, -0.69755, -0.51838, -2.2832, 0.38894, 0.38106, 2.03829, -3.43279, 15.70491, -3.4659, 1.94085, 4.90201, -1.24753]"
43,sub8,supLP120,3,sub8-c__0080__turnaround.npy,19,turnaround,19,0.9999728,1,"[7.67655, 0.49937, 2.56424, -5.43839, -0.44985, 9.42687, -0.63826, -4.11351, -1.24077, -9.61928, -2.35748, -3.78406, -11.07488, 4.35786, 6.80032, 1.55975, -4.87864, 2.86564, -0.62114, 20.17456, 4.72712, -9.20257]"
43,sub8,supLP120,3,sub8-c__0082__stand.npy,17,stand,17,0.99999404,1,"[2.34029, 1.77788, 3.88773, -0.78223, -4.33035, 1.74667, 1.42592, -1.60148, 0.42187, -3.45389, -1.3216, 0.03934, -2.55774, -0.81398, 1.18668, 1.65904, -3.14711, 16.98737, -3.31565, 3.23018, 3.39974, -1.86689]"
43,sub8,supLP120,3,sub8-c__0084__sit.npy,15,sit,15,0.8582322,1,"[1.46197, 1.03324, -5.08704, 1.37125, 0.69593, -0.13871, 2.19876, -0.78137, -1.90276, -7.97929, -2.49061, -1.18738, -4.07683, 0.47941, -4.20261, 12.53507, -0.95169, 10.73302, 2.55448, 1.4788, 2.91347, 0.11506]"
43,sub8,supLP120,3,sub8-c__0085__stand.npy,17,stand,17,0.99998,1,"[1.26999, 1.35448, 3.25129, 0.83549, -4.44858, 1.00118, 3.14608, -0.644, -2.99426, -3.83406, -0.63737, 0.59507, -0.80336, -0.62652, -0.12505, 1.20693, -3.75697, 15.90796, -2.94487, 1.41852, 4.47155, -1.05359]"
43,sub8,supLP120,3,sub8-c__0086__turnaround.npy,19,turnaround,19,0.9997675,1,"[10.2558, 2.90628, 3.49748, -5.17875, -1.49865, 10.30569, -2.80777, -6.51733, 1.16811, -12.27252, -1.28585, -5.62165, -10.70637, 3.04698, 7.1603, 1.11923, -5.49322, 3.84894, 0.93471, 19.36438, 2.26148, -7.83678]"
43,sub8,supLP120,3,sub8-c__0087__squat.npy,16,squat,16,0.99922514,1,"[-10.43487, 7.04046, -9.51162, -5.39117, 2.68537, 2.84553, -3.5056, 2.41302, 0.14457, -1.11764, -7.55003, 4.76116, 1.21873, -10.44422, -2.26191, 0.34046, 14.33942, -4.31952, -0.15994, -6.65071, -8.89812, -1.44001]"
43,sub8,supLP120,3,sub8-c__0088__squat.npy,16,squat,16,0.99909437,1,"[-10.66437, 7.03937, -9.36266, -5.78759, 3.17876, 3.00781, -3.2408, 2.40943, 0.34989, -0.84971, -7.7661, 4.97515, 1.03019, -10.20814, -2.17329, 0.542, 14.21249, -3.80188, -0.40375, -6.09313, -8.53214, -2.39132]"
43,sub8,supLP120,3,sub8-c__0089__squat.npy,16,squat,16,0.9990427,1,"[-10.4222, 6.41311, -9.66772, -5.50152, 2.69335, 3.64839, -3.39461, 2.11148, -0.1031, -1.14101, -7.26017, 4.76847, 1.71847, -10.37392, -2.60627, 0.43094, 13.63259, -3.77873, -0.75496, -6.0556, -7.78671, -2.33911]"
43,sub8,supLP120,3,sub8-c__0090__squat.npy,16,squat,16,0.9988708,1,"[-10.72652, 6.20898, -9.74595, -5.53913, 3.04467, 3.98227, -3.38118, 2.42685, -0.95708, -1.3544, -7.17311, 5.14898, 1.91329, -11.04464, -2.95301, 0.45342, 13.42512, -3.79617, -0.69578, -6.04739, -7.38695, -2.6531]"
43,sub8,supLP120,3,sub8-c__0091__squat.npy,16,squat,16,0.99939156,1,"[-9.98952, 5.10182, -9.1794, -4.99378, 2.32189, 3.18777, -2.31987, 2.24567, -2.28156, -2.51758, -7.26032, 5.69027, 1.74234, -10.35349, -2.54198, 0.47952, 13.6437, -4.0954, -0.41781, -6.11016, -7.20892, -1.59781]"
43,sub8,supLP120,3,sub8-c__0092__squat.npy,16,squat,16,0.99878293,1,"[-9.76834, 6.02954, -8.95944, -5.78451, 2.08791, 3.49955, -2.63097, 2.06196, -0.9753, -2.08312, -7.38663, 5.52326, 1.30144, -10.54568, -2.40346, 0.25411, 13.29158, -3.99484, -0.09315, -5.62252, -7.65635, -2.23593]"
43,sub8,supLP120,3,sub8-c__0093__pickup.npy,11,pickup,11,0.9837869,1,"[-1.78054, 1.88537, 5.68485, -6.47252, -1.73614, 2.1897, -1.07584, -1.28366, -6.40422, -2.24434, -5.72071, 10.05818, 4.0405, -10.08221, 2.77624, -2.61518, -1.58412, -1.33479, -5.29007, -1.54008, -2.50285, -3.94329]"
43,sub8,supLP120,3,sub8-c__0094__pickup.npy,11,pickup,11,0.97515196,1,"[-2.70775, -0.76472, 1.48186, -4.21921, -1.1456, 1.74773, 0.73098, -0.63189, -7.72648, -2.46953, -4.9416, 8.84992, 5.07777, -8.63072, 0.68921, -2.10014, -2.87045, -0.17525, -5.37231, -2.77257, -0.76523, -3.39102]"
43,sub8,supLP120,3,sub8-c__0095__pickup.npy,11,pickup,11,0.9823857,1,"[-2.3847, -0.99096, 3.24044, -4.412, -1.00207, 1.97962, -0.24596, -1.47246, -7.5757, -2.80489, -4.76409, 9.2543, 5.00418, -8.87341, 0.72955, -1.35255, -2.92877, -0.14551, -5.65821, -3.39972, -1.20845, -3.52458]"
43,sub8,supLP120,3,sub8-c__0096__pickup.npy,11,pickup,11,0.99061894,1,"[-1.81379, -0.07569, 4.86595, -5.52572, -1.84032, 2.00323, 0.9422, -0.72499, -7.57858, -3.4232, -5.95147, 10.24657, 4.768, -9.6355, 1.92711, -2.36996, -2.89212, -0.975, -4.47865, -2.15925, -2.24548, -2.89286]"
43,sub8,supLP120,3,sub8-c__0097__pickup.npy,11,pickup,11,0.9813688,1,"[-2.277, -1.38577, 2.63365, -4.3123, -1.10647, 2.25189, -0.22235, -1.17103, -7.88543, -2.26141, -4.38391, 9.18645, 5.04836, -8.67568, 0.69657, -1.74527, -3.07611, 0.35926, -5.87448, -3.01549, -0.67532, -3.77621]"
43,sub8,supLP120,3,sub8-c__0098__pushchair.npy,12,pushchair,12,0.97062254,1,"[0.51049, 4.88023, 3.38548, -5.30388, -7.19615, 0.53966, -6.53123, -2.90089, -0.15451, -1.2538, -1.75238, 2.75927, 8.71116, -11.86573, 0.35076, -3.87665, -4.30787, -1.36864, -3.85902, -3.07853, -5.18937, -1.59086]"
43,sub8,supLP120,3,sub8-c__0099__pushchair.npy,12,pushchair,12,0.98550874,1,"[-0.62543, 4.63184, 2.7087, -4.76856, -7.11175, 0.64917, -5.66399, -2.70022, -0.70992, -1.72704, -2.80685, 2.63872, 9.14092, -11.20206, 0.07991, -3.62543, -4.03175, -1.80286, -3.3939, -4.5145, -5.10827, -0.13527]"
43,sub8,supLP120,3,sub8-c__0102__pushchair.npy,12,pushchair,12,0.98858726,1,"[-1.27161, 4.49335, 2.8514, -4.67561, -6.53537, 0.50674, -5.09764, -2.29631, -0.91991, -1.71314, -3.21353, 3.89005, 9.54003, -11.77978, 0.0894, -3.59912, -3.66991, -1.70396, -3.63138, -4.75101, -5.28358, -0.1761]"
43,sub8,supLP120,3,sub8-c__0103__pushchair.npy,12,pushchair,12,0.99750096,1,"[0.2987, 0.98753, 0.62609, -3.74269, -5.57548, 0.02005, -6.80468, -3.18446, -2.46753, -1.95068, -1.18196, 1.31044, 8.60444, -9.02148, -0.21737, -3.29431, -6.54631, -0.7158, -4.21187, -3.81925, -0.94695, -0.38909]"
43,sub8,supLP120,3,sub8-c__0104__sit.npy,15,sit,15,0.9487183,1,"[3.47084, 0.83547, -3.61889, 0.13134, 0.92207, 0.19313, 1.06376, -1.56587, -1.52799, -8.70252, -2.49529, -1.48072, -5.32349, 0.70349, -3.35158, 13.10785, -0.63157, 10.18654, 1.70532, 2.50642, 3.40813, -0.72568]"
43,sub8,supLP120,3,sub8-c__0105__stand.npy,17,stand,17,0.9999802,1,"[1.78436, 3.0204, 3.20781, -1.16007, -3.86208, 1.77772, 0.86052, -0.84305, 0.23645, -2.56589, -1.79804, -0.05724, -2.42329, -1.38558, 0.89896, 1.94907, -2.76569, 15.71075, -3.77662, 3.23614, 3.50744, -2.21365]"
43,sub8,supLP120,3,sub8-c__0106__turnaround.npy,19,turnaround,19,0.9997712,1,"[9.29673, 1.16699, 4.83052, -5.43176, -1.29011, 9.16259, -1.16943, -3.55175, -1.43276, -8.52478, -2.68198, -1.74641, -10.10696, 1.2901, 7.39991, 0.82016, -4.70755, 2.43004, -0.17446, 18.39122, 1.71577, -8.96955]"
43,sub8,supLP120,3,sub8-c__0107__sit.npy,15,sit,15,0.8513975,1,"[0.87756, 1.19524, -6.45068, 1.97383, 1.47494, -0.43877, 1.09286, -0.74288, -2.32936, -8.20208, -2.14743, -1.51619, -4.10932, 0.46478, -4.54679, 12.69919, -0.53524, 10.95249, 2.57389, 0.76799, 3.08697, 0.31183]"
43,sub8,supLP120,3,sub8-c__0108__stand.npy,17,stand,17,0.99994755,1,"[0.60049, 1.97511, 2.42074, 0.84153, -3.75687, 1.09964, 2.8528, 0.48786, -3.45495, -3.57713, -1.31882, 0.31907, -1.33236, -0.28476, -0.39218, 1.63035, -3.12565, 14.99745, -3.15997, 1.25268, 4.73181, -1.00605]"
43,sub8,supLP120,3,sub8-c__0109__turnaround.npy,19,turnaround,19,0.9999347,1,"[7.69917, 0.78781, 3.38974, -4.78061, -1.51481, 10.16422, -1.46913, -5.24035, -0.45393, -9.52042, -1.65418, -3.57354, -9.51622, 3.81445, 5.91928, 1.8791, -4.40641, 3.49397, -1.81405, 19.90092, 4.275, -8.0614]"
43,sub8,supLP120,3,sub8-c__0110__sit.npy,15,sit,15,0.8369084,1,"[1.34344, 1.1436, -5.67307, 0.96016, 1.15575, -0.51388, 1.2609, -1.30343, -1.47581, -8.10304, -2.15204, -1.46681, -4.04323, 0.10448, -4.51738, 12.62928, -0.98664, 10.99285, 2.84501, 0.98207, 3.07637, -0.15936]"
43,sub8,supLP120,3,sub8-c__0111__stand.npy,17,stand,17,0.99995697,1,"[0.34505, 1.77483, 2.23953, -0.50911, -3.43054, 2.82654, 2.43911, 1.29105, -0.90503, -3.24653, -1.09125, 0.07636, -2.99177, -0.13289, -1.62714, 1.30402, -1.83303, 15.61264, -4.14037, 3.6398, 5.1061, -0.20293]"
43,sub8,supLP120,3,sub8-c__0112__turnaround.npy,19,turnaround,19,0.99991024,1,"[9.40132, 0.6069, 1.20099, -5.35939, 0.17035, 8.71566, -1.3671, -4.44812, 0.30549, -9.60381, -1.87208, -3.98296, -11.22794, 3.38066, 6.20398, 1.57744, -4.98659, 3.50412, 1.0347, 19.16334, 4.54777, -7.78367]"
43,sub8,supLP120,3,sub8-c__0114__stand.npy,17,stand,17,0.99998116,1,"[1.62655, 2.95886, 3.14028, -0.77331, -4.12361, 0.91242, 1.32048, -1.25064, -0.18153, -3.59734, -1.51431, -0.36764, -2.56872, -1.02157, 0.67602, 2.47432, -3.07531, 15.74539, -2.6473, 2.97207, 3.64871, -1.81218]"
43,sub8,supLP120,3,sub8-c__0115__turnaround.npy,19,turnaround,19,0.9997998,1,"[7.46247, 1.82003, 2.86509, -5.24901, -1.40432, 9.43589, -1.06424, -3.41058, -0.85724, -7.63623, -1.25715, -2.28757, -9.54792, 0.88859, 4.84371, 0.81956, -4.96322, 4.37199, 0.26241, 18.09922, 2.19828, -8.86325]"
43,sub8,supLP120,3,sub8-c__0116__sit.npy,15,sit,15,0.9627725,1,"[1.6169, 1.09028, -5.69757, 0.54819, 1.49777, 0.02106, 0.98101, -1.97347, -1.57035, -8.62959, -2.0522, -1.26567, -4.51536, 0.0448, -4.36848, 13.29809, -0.42609, 10.04246, 3.20891, 1.7902, 2.66005, -0.50999]"
43,sub8,supLP120,3,sub8-c__0117__stand.npy,17,stand,17,0.9999497,1,"[2.15905, 1.01592, 3.71754, 1.23421, -4.59419, 0.7161, 2.72669, -0.73131, -3.24076, -3.98146, -0.76315, 0.32541, -1.5331, 0.58971, 0.40238, 1.69157, -3.67377, 15.30466, -3.76829, 1.72951, 4.88485, -1.2496]"
43,sub8,supLP120,3,sub8-c__0118__turnaround.npy,19,turnaround,19,0.99981874,1,"[10.427, 1.37931, 4.13829, -5.52513, -1.5983, 10.83344, -1.964, -5.82558, 1.17031, -10.81369, -1.98161, -3.90132, -10.8812, 2.36967, 5.57187, 1.08784, -5.7486, 4.77393, 0.1824, 19.96507, 2.84704, -8.74371]"
43,sub8,supLP120,3,sub8-c__0119__sit.npy,15,sit,15,0.8252595,1,"[1.57965, 1.21096, -5.1199, 1.11457, 0.81623, 0.06508, 0.91799, -1.21771, -1.67428, -7.90237, -1.89945, -1.49858, -4.3818, 0.36111, -4.10591, 12.3645, -1.08779, 10.81072, 1.97959, 1.91609, 3.51896, -0.03083]"
43,sub8,supLP120,3,sub8-c__0120__stand.npy,17,stand,17,0.9999651,1,"[2.30842, 1.67567, 4.2693, -0.21201, -4.63083, 0.93938, 1.86386, -1.29662, -0.99753, -2.81795, -0.92099, 0.54916, -1.19411, -1.04503, 0.74521, 1.09785, -3.43495, 15.36472, -4.03732, 1.94415, 3.94084, -1.38075]"
43,sub8,supLP120,3,sub8-c__0121__turnaround.npy,19,turnaround,19,0.99985576,1,"[5.66572, 0.34914, 1.72095, -3.81069, -1.68414, 9.42148, -0.30096, -2.77037, -1.66253, -7.76568, -0.42793, -2.02358, -9.42156, 2.09925, 3.70917, 1.11126, -5.21574, 4.36005, 0.19308, 18.30125, 3.21218, -8.30759]"
43,sub8,supLP120,3,sub8-c__0122__squat.npy,16,squat,16,0.9988194,1,"[-9.93229, 6.76672, -8.82257, -4.94106, 2.11548, 2.98758, -2.94483, 1.76433, -0.26223, -1.42479, -7.57258, 5.05578, 1.41644, -9.67612, -1.79672, 0.43924, 13.71322, -3.82678, -0.75148, -6.37746, -8.46973, -1.02664]"
43,sub8,supLP120,3,sub8-c__0123__squat.npy,16,squat,16,0.99874383,1,"[-10.21957, 5.97175, -8.54675, -5.49861, 2.47611, 3.65963, -2.57354, 1.87702, -0.83659, -1.69069, -7.66471, 5.86593, 1.82698, -10.48138, -1.9668, 0.38623, 13.37713, -3.7609, -1.09507, -5.63464, -7.6644, -2.20239]"
43,sub8,supLP120,3,sub8-c__0124__squat.npy,16,squat,16,0.9916769,1,"[-9.53749, 7.10746, -7.58856, -5.64689, 1.0264, 4.05757, -2.92731, 1.62438, 0.02736, -1.79437, -7.78638, 5.84473, 1.8708, -10.75624, -1.8608, -0.07727, 12.18382, -3.79756, -0.90847, -5.4186, -8.05883, -1.30281]"
43,sub8,supLP120,3,sub8-c__0125__squat.npy,16,squat,16,0.992818,1,"[-9.77793, 7.06691, -8.40723, -5.79851, 1.44534, 4.08906, -3.16776, 1.64336, 0.31162, -1.86897, -7.48763, 5.25186, 1.77807, -10.66287, -2.50095, 0.22202, 12.20285, -3.71934, -0.51235, -5.44967, -7.82307, -1.71879]"
43,sub8,supLP120,3,sub8-c__0126__squat.npy,16,squat,16,0.9616483,1,"[-8.68312, 7.70137, -7.66596, -6.14358, -0.11371, 4.22072, -3.1632, 0.87777, 1.13176, -2.10991, -7.31703, 4.88007, 1.95944, -10.39306, -1.93074, -0.15939, 11.01618, -3.54009, -0.33097, -5.10347, -8.13148, -1.21228]"
43,sub8,supLP120,3,sub8-c__0127__squat.npy,16,squat,16,0.9843158,1,"[-9.47824, 6.78702, -8.48583, -5.8923, 1.38604, 4.72749, -3.34548, 1.33428, -0.41613, -1.91078, -7.15992, 4.73129, 2.25485, -10.68333, -2.77106, 0.46001, 11.17208, -3.55481, -0.74058, -5.0487, -7.01377, -2.14555]"
43,sub8,supLP120,3,sub8-c__0128__pickup.npy,11,pickup,11,0.9690562,1,"[-1.28657, -0.47558, 3.86665, -5.45058, -1.93529, 2.06095, -1.17824, -1.99125, -6.45412, -2.65805, -4.40295, 9.12417, 5.44594, -9.84743, 1.08217, -2.12129, -3.34442, -0.50615, -5.21708, -3.03832, -1.98811, -3.42944]"
43,sub8,supLP120,3,sub8-c__0130__pickup.npy,11,pickup,11,0.9852643,1,"[-1.44842, -0.39795, 3.31862, -5.93, -2.13853, 1.97497, 0.76341, -0.98971, -7.1112, -3.78437, -5.58343, 9.0899, 4.47304, -9.07424, 1.71401, -2.59681, -3.26574, -1.02233, -4.0257, -1.44049, -1.46918, -2.83313]"
43,sub8,supLP120,3,sub8-c__0131__pickup.npy,11,pickup,11,0.96693045,1,"[-1.22662, 0.6727, 6.30578, -6.50949, -2.115, 1.84524, -0.53354, -1.431, -6.44754, -3.41356, -5.33123, 10.05081, 5.42186, -10.31746, 2.11844, -2.66791, -3.35832, -1.31407, -4.50174, -1.7972, -2.65231, -3.10521]"
43,sub8,supLP120,3,sub8-c__0133__pickup.npy,11,pickup,11,0.9835111,1,"[-3.18842, 0.06679, 2.18726, -4.33184, -1.94555, 2.44492, 1.54183, 0.0331, -7.76198, -3.02582, -5.5642, 9.39119, 5.14163, -9.25354, 0.29419, -2.56737, -2.19905, -0.66112, -4.66968, -2.73224, -1.72622, -2.04399]"
43,sub8,supLP120,3,sub8-c__0134__pushchair.npy,12,pushchair,12,0.48603037,1,"[0.97786, 6.40861, 5.8878, -5.85572, -6.93954, -0.23049, -6.34695, -3.38934, -0.62011, -1.73702, -2.51819, 3.67409, 6.87021, -10.84096, 1.9052, -3.94769, -3.45908, -2.87203, -3.27499, -3.10894, -6.29669, -1.38493]"
43,sub8,supLP120,3,sub8-c__0135__pushchair.npy,12,pushchair,12,0.91896194,1,"[-0.58337, 5.38279, 3.48849, -5.4699, -5.9139, 0.1146, -6.92417, -3.16311, -0.63274, -0.86239, -2.17171, 3.66197, 8.11623, -11.43673, 1.04399, -3.70083, -3.46197, -2.58412, -3.69543, -3.91006, -5.65782, -1.87403]"
43,sub8,supLP120,3,sub8-c__0136__pushchair.npy,12,pushchair,12,0.9563052,1,"[-0.35354, 4.91032, 3.26856, -5.23611, -6.17721, 0.07081, -6.95212, -2.78209, -0.82829, -0.95691, -2.27742, 3.70188, 8.42507, -11.81824, 0.99544, -4.07194, -3.53751, -2.84138, -3.67877, -4.15887, -5.64902, -1.39457]"
43,sub8,supLP120,3,sub8-c__0137__pushchair.npy,12,pushchair,12,0.98111963,1,"[-0.55018, 5.49628, 2.24233, -5.33279, -7.13991, 0.83322, -6.41484, -2.33025, 0.49236, -1.03592, -2.35001, 3.35705, 9.61549, -12.74274, -0.01456, -4.26475, -3.31525, -1.77133, -3.48028, -4.19309, -6.06185, -1.07562]"
43,sub8,supLP120,3,sub8-c__0138__pushchair.npy,12,pushchair,12,0.9641372,1,"[0.94912, 4.31679, 3.98111, -5.47351, -6.91732, 0.13142, -6.72236, -3.291, -0.66112, -2.10516, -2.11246, 2.71181, 8.31572, -11.22861, 1.21332, -3.80365, -4.71456, -1.92021, -3.63328, -3.1299, -4.82912, -1.14156]"
