seed,subject,method,k,file,true_id,true_label,pred_id,conf,correct,logits
43,sub9,mae,3,sub9-a__0001__wave.npy,21,wave,21,0.9999074,1,"[0.42169, 2.39484, -4.03872, 13.08563, -4.84849, -6.46242, -3.85077, 2.01369, 3.82536, -6.19476, -1.81031, -6.31, -1.59513, 7.95869, -2.69722, -2.26962, -1.05865, -3.29931, 6.15391, -10.72166, -3.15906, 22.38026]"
43,sub9,mae,3,sub9-a__0002__wave.npy,21,wave,21,0.9999938,1,"[0.5488, 1.89058, -3.48869, 11.91097, -5.18639, -7.56041, -3.50729, 0.47369, 4.56471, -6.43787, -1.393, -6.98362, -2.04946, 7.97491, -2.38562, -1.71678, -2.52843, -3.19566, 6.73828, -9.61766, -2.49013, 23.92952]"
43,sub9,mae,3,sub9-a__0003__wave.npy,21,wave,21,0.9999949,1,"[0.76268, 2.19543, -3.89279, 11.35967, -5.18553, -7.54113, -3.48535, 0.81438, 5.22536, -6.41514, -1.52636, -6.80634, -1.94961, 7.57147, -2.23398, -1.76964, -2.53234, -3.18022, 6.8637, -9.44283, -2.9086, 23.58245]"
43,sub9,mae,3,sub9-a__0004__wave.npy,21,wave,21,0.99991345,1,"[0.24822, 2.36973, -4.22242, 13.52232, -4.89597, -6.54813, -3.68275, 2.16904, 3.53233, -6.23744, -2.21434, -6.3427, -1.83013, 8.28399, -2.61604, -2.09881, -0.9738, -3.22436, 6.20731, -10.93803, -3.19554, 22.88397]"
43,sub9,mae,3,sub9-a__0005__wave.npy,21,wave,21,0.99997663,1,"[0.61629, 2.555, -3.74902, 11.13549, -5.20152, -6.44658, -3.69421, 2.04201, 5.25439, -5.99867, -1.27191, -6.56907, -1.42997, 6.78644, -2.69884, -1.93773, -1.91411, -3.29742, 6.36128, -9.51895, -2.52199, 21.82266]"
43,sub9,mae,3,sub9-a__0006__wave.npy,21,wave,21,0.99998367,1,"[0.44568, 2.28739, -4.22362, 11.49894, -4.95171, -6.82616, -3.741, 2.01674, 4.995, -6.05395, -1.43521, -6.75513, -1.57316, 7.29423, -2.64577, -1.76215, -1.9108, -3.19561, 6.61046, -9.57163, -2.69464, 22.54167]"
43,sub9,mae,3,sub9-a__0008__bow.npy,2,bow,2,0.99998164,1,"[3.7019, 1.7763, 20.42856, 3.41517, -17.1422, 4.90153, 3.82603, -4.51863, -1.79358, -7.30055, -0.34638, 9.49752, 4.4318, -6.52346, 4.20515, -3.64764, -1.84741, -1.12856, -5.46688, -5.5548, 0.56727, -1.6477]"
43,sub9,mae,3,sub9-a__0009__bow.npy,2,bow,2,0.99996555,1,"[3.78468, 1.96823, 19.99094, 3.65753, -17.15284, 5.28948, 3.55073, -4.69952, -1.87271, -7.12184, -0.11448, 9.68202, 4.18989, -6.62112, 5.03316, -4.31742, -1.52092, -1.61719, -5.72014, -5.34508, 0.7285, -2.08452]"
43,sub9,mae,3,sub9-a__0011__bow.npy,2,bow,2,0.99998105,1,"[3.51189, 2.10013, 20.16348, 3.43665, -17.10734, 5.54778, 3.27787, -4.89524, -1.55362, -7.16964, 0.2751, 9.24111, 4.10233, -6.66298, 4.90289, -4.41507, -1.69632, -1.67153, -5.75283, -4.92965, 1.11257, -2.16747]"
43,sub9,mae,3,sub9-a__0012__crossarms.npy,5,crossarms,5,0.99993145,1,"[0.66237, 8.48293, -2.11036, 7.63808, -8.90206, 18.7973, -3.56444, 3.56584, -2.60759, -2.85853, -2.94513, 6.47714, 3.80387, -0.94503, -0.42953, -6.53531, 7.76448, -1.877, -2.33137, -8.8699, -6.43516, -7.97688]"
43,sub9,mae,3,sub9-a__0014__crossarms.npy,5,crossarms,5,0.9997229,1,"[0.62058, 9.60425, -2.07064, 8.72694, -8.7003, 18.25988, -4.09613, 3.12196, -2.15748, -3.77378, -3.37375, 5.03869, 3.07975, 0.28607, -0.57205, -7.04692, 7.7854, -2.57897, -1.94225, -9.69186, -6.71903, -5.77064]"
43,sub9,mae,3,sub9-a__0015__crossarms.npy,5,crossarms,5,0.9996767,1,"[0.45903, 9.89282, -1.83592, 8.37897, -8.83377, 18.21567, -4.00329, 3.01733, -1.69277, -4.04192, -3.655, 4.81214, 2.99465, 0.24522, -0.74868, -6.78033, 7.61918, -2.41867, -1.89402, -9.50351, -6.85959, -5.27518]"
43,sub9,mae,3,sub9-a__0016__crossarms.npy,5,crossarms,5,0.9998704,1,"[0.60725, 8.88247, -2.32385, 6.5319, -8.48685, 18.20581, -3.69335, 3.54686, -2.01997, -2.95615, -3.03425, 6.14149, 3.67412, -0.9256, -0.60834, -6.50736, 7.61542, -1.9969, -1.92325, -8.26317, -6.62885, -7.68189]"
43,sub9,mae,3,sub9-a__0017__airpunch.npy,1,airpunch,1,0.99667525,1,"[0.11938, 13.33438, -0.83094, 6.57116, -2.40744, 6.91823, -5.99667, -1.41095, -0.08218, -7.58942, -8.53394, -1.91805, -0.54118, 5.63301, -4.26769, -0.88345, 3.77602, -0.79109, 2.188, -7.29783, -11.07138, -0.48188]"
43,sub9,mae,3,sub9-a__0018__airpunch.npy,1,airpunch,1,0.99887127,1,"[0.39712, 13.29968, -0.71032, 5.22232, -2.62483, 5.75296, -5.86501, -1.13088, 1.53507, -7.85885, -7.8973, -2.63949, -1.11045, 4.92504, -3.61622, -0.70068, 2.13665, -1.40283, 2.88899, -6.10628, -10.85381, 0.57317]"
43,sub9,mae,3,sub9-a__0019__airpunch.npy,1,airpunch,1,0.9979018,1,"[0.95903, 12.60248, -2.09579, 4.12211, -1.53973, 3.52597, -5.21808, -1.12528, 1.46565, -7.92708, -7.22523, -3.67894, -0.91836, 6.00529, -3.83553, 0.37957, 0.84311, -0.87959, 4.69971, -4.07767, -10.81948, 0.51431]"
43,sub9,mae,3,sub9-a__0020__airpunch.npy,1,airpunch,1,0.9885464,1,"[1.4241, 11.23193, -2.6138, 0.91861, -0.18249, 0.30344, -4.75375, -1.35227, 2.80187, -7.3114, -5.52421, -5.16706, -1.00471, 5.70043, -3.44966, 1.43074, -1.53543, -1.14359, 6.29361, -0.58326, -10.18603, 1.21548]"
43,sub9,mae,3,sub9-a__0021__airpunch.npy,1,airpunch,18,0.98602194,0,"[3.92025, 6.60047, -3.45592, -6.68857, -0.69204, -7.44636, -3.49009, 0.59506, 5.90394, -5.18695, -3.15162, -5.57986, 0.31594, 1.63768, -2.62999, 3.5257, -6.46483, -1.7906, 11.51023, 5.35039, -8.07497, 2.029]"
43,sub9,mae,3,sub9-a__0023__drink.npy,7,drink,7,0.91524756,1,"[1.16769, 5.98769, -3.88643, 4.36739, -4.99874, 1.23997, -3.02235, 9.02121, 4.89788, -3.4104, -4.21541, -0.19994, 1.68085, 0.56173, -1.85006, -2.03836, 2.14413, -0.21906, 4.19064, -6.77273, -6.02092, 4.16923]"
43,sub9,mae,3,sub9-a__0024__drink.npy,7,drink,7,0.94311523,1,"[1.01409, 5.55595, -3.86038, 4.9247, -4.8655, 1.09576, -3.10293, 9.2504, 4.20139, -3.40115, -4.15863, -0.19887, 1.69552, 0.83366, -2.0796, -1.86686, 2.1666, -0.00869, 4.26565, -7.05225, -5.85042, 4.23343]"
43,sub9,mae,3,sub9-a__0025__drink.npy,7,drink,7,0.7528574,1,"[1.1082, 6.82251, -3.82919, 6.34088, -5.23562, 2.0783, -3.30419, 8.59469, 4.23948, -4.40429, -4.78511, -0.47544, 1.26655, 1.6226, -1.81572, -2.76424, 2.60222, -0.69832, 3.98875, -8.15891, -6.52152, 4.86848]"
43,sub9,mae,3,sub9-a__0028__brushteeth.npy,3,brushteeth,3,0.98896676,1,"[0.20132, 5.40248, -4.4612, 13.969, -4.11106, 2.63945, -3.95721, 9.31178, -0.63205, -3.89451, -4.88367, 0.5619, 1.17958, 5.1046, -1.68876, -4.8869, 6.68191, -1.17397, 1.98708, -13.2105, -6.63452, 6.58773]"
43,sub9,mae,3,sub9-a__0029__brushteeth.npy,3,brushteeth,3,0.98454374,1,"[0.29298, 5.45722, -4.35448, 13.48816, -4.36884, 2.31224, -4.00773, 9.14354, 0.04879, -4.17363, -4.75472, 0.00827, 1.07724, 4.84651, -1.72522, -4.59965, 5.80058, -1.05292, 2.4929, -12.64151, -6.51373, 7.12362]"
43,sub9,mae,3,sub9-a__0030__brushteeth.npy,3,brushteeth,3,0.98865414,1,"[0.36637, 5.81419, -4.35349, 13.64213, -4.53838, 2.2123, -4.21713, 8.72559, 0.48389, -4.56599, -4.8175, -0.42128, 0.77891, 5.01986, -1.60538, -4.76563, 5.52784, -1.30875, 2.72155, -12.68964, -6.66845, 7.90908]"
43,sub9,mae,3,sub9-a__0031__brushteeth.npy,3,brushteeth,3,0.99390996,1,"[0.51219, 7.08012, -3.92401, 15.43102, -5.47762, 2.5782, -4.27493, 7.11696, 1.10312, -6.29391, -5.37592, -1.47342, -0.08399, 6.19516, -1.29245, -5.42986, 5.14489, -2.28434, 2.60649, -13.58265, -7.07806, 10.22945]"
43,sub9,mae,3,sub9-a__0032__brushteeth.npy,3,brushteeth,8,0.9988192,0,"[3.53967, 6.24579, -0.11213, -10.27324, -5.8191, -2.56121, -2.80804, 1.96823, 13.66593, -2.65905, 1.50039, -3.78483, 2.02786, -5.5152, -1.64235, 0.81723, -5.49698, -1.30053, 5.89427, 4.3833, -2.1537, 0.26812]"
43,sub9,mae,3,sub9-a__0033__highfive.npy,8,highfive,8,0.9311159,1,"[4.30832, 9.32957, 0.50408, -8.90064, -6.36485, -0.06803, -2.80387, 1.47595, 11.95435, -3.63836, -1.69198, -1.9131, 1.53507, -4.99952, -0.77323, -0.40266, -3.49479, -1.41032, 4.90735, 2.62955, -5.62534, -2.71805]"
43,sub9,mae,3,sub9-a__0034__highfive.npy,8,highfive,8,0.9588058,1,"[4.20502, 9.58977, 0.67361, -8.92905, -6.44552, -0.10565, -3.04488, 0.94657, 12.75626, -4.19268, -1.60373, -2.82535, 1.34861, -4.86899, -1.12677, -0.21586, -3.99751, -1.64278, 5.23748, 2.74157, -5.50236, -1.83771]"
43,sub9,mae,3,sub9-a__0035__highfive.npy,8,highfive,8,0.98049074,1,"[4.02801, 8.59355, -0.13992, -10.15837, -5.32447, -1.26686, -3.09185, 1.09653, 12.57015, -3.11839, -0.70161, -2.95283, 1.37014, -5.05773, -1.30732, 0.62867, -4.40343, -0.88046, 5.28463, 4.18474, -4.79029, -2.58665]"
43,sub9,mae,3,sub9-a__0036__highfive.npy,8,highfive,8,0.9844946,1,"[3.48741, 8.39857, -0.81249, -8.68803, -4.86918, -1.88938, -3.23383, 1.41622, 12.61922, -3.55736, -0.85907, -3.61356, 0.99941, -3.89692, -1.58921, 0.58056, -4.14374, -0.91132, 5.53727, 3.11851, -4.93408, -0.08177]"
43,sub9,mae,3,sub9-a__0037__wave.npy,21,wave,21,0.999705,1,"[0.64495, 3.75513, -4.55081, 9.89912, -4.89203, -4.76158, -3.04379, 5.92506, 5.52697, -5.48529, -3.82092, -4.84496, -0.4329, 5.29956, -2.75209, -1.69488, -0.21445, -2.35013, 6.53761, -9.65078, -4.68929, 18.10317]"
43,sub9,mae,3,sub9-a__0038__wave.npy,21,wave,21,0.9999243,1,"[0.50328, 3.689, -3.59194, 12.26531, -5.31475, -5.40241, -3.51095, 2.9503, 4.73538, -6.60819, -3.42113, -6.20549, -1.72098, 7.28952, -2.62146, -1.97892, -0.81519, -3.10805, 6.01488, -10.53466, -3.81229, 21.76433]"
43,sub9,mae,3,sub9-a__0039__wave.npy,21,wave,21,0.999943,1,"[0.49828, 3.27594, -2.58757, 13.56109, -5.46936, -5.91852, -3.72587, 0.18522, 3.51818, -7.18286, -2.64307, -6.83281, -2.5645, 8.77238, -2.59999, -2.1363, -1.26991, -3.76324, 5.4546, -10.82075, -2.8674, 23.34128]"
43,sub9,mae,3,sub9-a__0040__wave.npy,21,wave,21,0.9999008,1,"[0.60859, 3.8474, -3.77755, 11.89091, -5.21592, -5.31386, -3.45022, 3.3819, 4.89399, -6.55765, -3.64171, -6.04361, -1.49764, 7.05555, -2.66975, -1.94316, -0.78221, -2.87209, 6.26981, -10.38759, -4.15728, 21.12291]"
43,sub9,mae,3,sub9-a__0042__bow.npy,2,bow,2,0.99995995,1,"[4.20751, 1.18333, 19.9193, 3.51619, -17.26147, 3.67507, 4.87649, -4.2247, -2.8601, -7.84497, -0.62974, 9.76233, 5.4543, -5.6747, 3.3942, -3.52008, -2.19563, -0.69189, -4.90278, -6.00016, 0.63336, -1.45402]"
43,sub9,mae,3,sub9-a__0044__bow.npy,2,bow,2,0.99997914,1,"[4.15928, 1.00463, 20.56206, 3.30911, -17.50793, 3.72255, 5.54569, -3.59965, -2.66976, -7.59184, -1.26868, 9.72824, 6.20583, -5.84109, 1.87296, -3.14723, -2.31497, -0.85434, -4.48466, -6.60828, 1.55403, -1.00341]"
43,sub9,mae,3,sub9-a__0045__bow.npy,2,bow,2,0.9998951,1,"[4.05968, 1.36703, 20.46421, 4.00107, -17.416, 4.81381, 5.36555, -3.91073, -3.00627, -7.55065, -1.79712, 11.2923, 5.53025, -6.0155, 4.03493, -4.07251, -0.92497, -1.11735, -5.60141, -6.48528, -0.10656, -2.19885]"
43,sub9,mae,3,sub9-a__0046__bow.npy,2,bow,2,0.99996555,1,"[3.80991, 1.60442, 20.38404, 4.34413, -16.92994, 4.47334, 5.0806, -4.3457, -3.01868, -7.74533, -1.74863, 10.08055, 5.18209, -5.33095, 3.98429, -3.899, -1.26719, -0.80215, -5.43709, -6.28886, 0.13323, -1.79737]"
43,sub9,mae,3,sub9-a__0047__crossarms.npy,5,crossarms,5,0.999874,1,"[0.61507, 8.49969, -2.8365, 5.97479, -8.02748, 18.11563, -3.38984, 4.39524, -1.92445, -2.48316, -3.29591, 6.93491, 4.16431, -1.35718, -0.82366, -5.94196, 7.94009, -0.89583, -2.13455, -8.15621, -7.12515, -9.31568]"
43,sub9,mae,3,sub9-a__0048__crossarms.npy,5,crossarms,5,0.99982125,1,"[0.3576, 9.10826, -2.70354, 6.70764, -8.10855, 18.11328, -3.61577, 4.00567, -1.66466, -3.15027, -3.51139, 5.96103, 3.8042, -0.57811, -1.07556, -6.06034, 7.94135, -1.29976, -1.98275, -8.57544, -7.09083, -7.66808]"
43,sub9,mae,3,sub9-a__0049__crossarms.npy,5,crossarms,5,0.999759,1,"[0.6678, 9.46663, -2.58083, 6.81777, -8.24502, 18.01614, -3.59877, 3.65936, -1.48374, -3.42959, -3.687, 5.60804, 3.62164, -0.4745, -0.90304, -6.16077, 7.54927, -1.55379, -1.76395, -8.5607, -7.24331, -7.25898]"
43,sub9,mae,3,sub9-a__0050__crossarms.npy,5,crossarms,5,0.9996754,1,"[0.83207, 9.44135, -2.8716, 6.14824, -7.94878, 17.67296, -3.71454, 3.81322, -1.33055, -3.12401, -3.54871, 5.82174, 3.70776, -0.68261, -0.81974, -6.10296, 7.54034, -1.50085, -1.75092, -8.16787, -7.38383, -7.92544]"
43,sub9,mae,3,sub9-a__0051__crossarms.npy,5,crossarms,5,0.9997446,1,"[0.73374, 9.9368, -2.21552, 7.22603, -8.65188, 18.37161, -3.57664, 3.1207, -1.35737, -3.70789, -3.74946, 5.38204, 3.34859, -0.29434, -0.59335, -6.57508, 7.60258, -1.96133, -2.03679, -8.86521, -7.22483, -6.75237]"
43,sub9,mae,3,sub9-a__0053__drink.npy,7,drink,7,0.9614506,1,"[1.51009, 5.82, -3.2842, 5.37817, -5.19213, 3.08425, -3.23174, 9.69678, 2.06975, -3.00526, -4.0615, 1.77476, 2.29781, 0.28147, -2.14197, -2.54654, 3.12808, 0.18539, 3.05923, -7.67444, -5.94212, 0.32526]"
43,sub9,mae,3,sub9-a__0054__drink.npy,7,drink,7,0.9774835,1,"[1.23762, 5.07985, -3.59515, 5.30522, -4.71188, 2.89941, -3.41229, 9.9053, 1.63915, -2.52313, -3.48653, 1.85656, 2.60245, 0.3481, -2.40001, -2.47258, 3.40305, 0.28368, 2.92254, -7.5921, -5.59596, -0.00357]"
43,sub9,mae,3,sub9-a__0055__drink.npy,7,drink,7,0.95485854,1,"[1.45756, 5.74077, -3.37469, 5.43518, -5.13412, 2.42259, -3.2679, 9.50534, 2.61015, -3.19467, -3.92246, 0.96293, 2.03109, 0.54015, -2.2111, -2.5017, 2.70748, -0.13179, 3.44528, -7.63738, -5.62769, 1.73151]"
43,sub9,mae,3,sub9-a__0056__drink.npy,7,drink,7,0.98426104,1,"[1.23198, 4.88383, -3.77665, 4.92436, -4.61838, 2.25319, -3.1698, 10.02402, 2.06286, -2.4422, -3.60085, 1.57453, 2.52021, 0.29292, -2.44997, -2.14629, 3.04944, 0.27742, 3.29293, -7.33268, -5.54853, 0.63537]"
43,sub9,mae,3,sub9-a__0057__brushteeth.npy,3,brushteeth,3,0.9862743,1,"[0.72359, 6.55958, -2.78767, 15.0969, -5.84987, 2.0598, -4.27435, 7.169, 0.20629, -6.23792, -5.09815, -1.51885, 0.06262, 5.90096, -1.999, -5.3236, 4.62138, -2.36094, 2.92763, -13.67654, -6.10927, 10.771]"
43,sub9,mae,3,sub9-a__0058__brushteeth.npy,3,brushteeth,3,0.9925459,1,"[0.72609, 7.0646, -2.79821, 16.33905, -6.13827, 2.37038, -4.17314, 6.53493, 0.02352, -6.93236, -5.59963, -1.72609, -0.38668, 6.64139, -1.862, -5.48173, 4.6971, -2.58374, 2.70889, -14.22449, -6.41923, 11.41759]"
43,sub9,mae,3,sub9-a__0059__brushteeth.npy,3,brushteeth,3,0.99329364,1,"[0.80729, 6.93959, -3.14158, 15.34227, -5.85678, 2.41695, -4.17948, 7.14885, 0.32687, -6.48995, -5.40865, -1.4821, -0.01774, 6.04976, -1.93637, -5.27285, 4.63161, -2.34919, 2.89807, -13.68083, -6.39568, 10.24757]"
43,sub9,mae,3,sub9-a__0061__brushteeth.npy,3,brushteeth,3,0.95870125,1,"[0.86216, 7.21841, -3.05011, 16.46318, -6.39493, 1.44321, -4.35198, 5.40341, 1.05856, -7.75079, -5.20518, -2.7983, -0.87897, 7.07996, -1.76864, -5.32202, 3.54447, -2.82437, 3.32798, -13.73904, -6.46648, 13.31374]"
43,sub9,mae,3,sub9-a__0062__highfive.npy,8,highfive,1,0.5270604,0,"[4.78533, 10.54598, 0.8731, -7.44004, -6.49791, 0.28755, -3.3957, 1.40479, 10.42751, -4.74448, -3.20041, -1.93908, 1.28982, -4.06343, -1.57529, -0.65612, -3.03978, -2.03965, 5.34116, 0.8115, -6.96169, -2.14157]"
43,sub9,mae,3,sub9-a__0063__highfive.npy,8,highfive,8,0.73548466,1,"[4.69353, 10.49351, 0.36065, -7.29771, -6.25328, -0.11798, -3.55405, 1.0824, 11.52973, -5.02286, -2.31989, -3.56204, 1.17219, -3.50031, -2.23347, -0.40566, -3.96371, -2.19058, 5.91676, 1.15174, -5.79915, -0.94727]"
43,sub9,mae,3,sub9-a__0064__highfive.npy,8,highfive,8,0.93402547,1,"[4.9344, 9.73738, -0.3375, -8.30756, -6.03802, -0.51586, -3.79374, 0.65612, 12.40994, -4.41693, -0.85336, -3.54872, 1.52817, -3.90773, -1.59245, -0.67797, -3.89873, -2.94755, 5.42484, 1.95761, -5.0283, -1.15309]"
43,sub9,mae,3,sub9-a__0065__highfive.npy,8,highfive,8,0.55657965,1,"[3.96802, 10.15458, -0.94173, -5.26694, -5.38089, -0.44831, -3.84342, 1.9917, 10.39426, -4.84007, -3.23098, -2.99015, 0.86746, -2.09396, -1.97283, -0.69013, -2.27054, -2.36054, 5.53309, -0.70545, -6.83652, 0.90152]"
43,sub9,mae,3,sub9-a__0067__wave.npy,21,wave,21,0.99918336,1,"[0.18785, 2.30774, -2.31898, 15.39757, -5.75255, -6.25043, -1.32098, 0.3123, -0.15632, -6.31939, -4.14555, -6.66605, -2.14631, 11.21719, -3.2955, -0.83628, -0.77588, -3.22067, 4.65381, -12.12304, -0.2665, 22.52224]"
43,sub9,mae,3,sub9-a__0068__wave.npy,21,wave,21,0.99972147,1,"[0.30723, 3.10329, -3.0931, 15.60251, -5.55905, -5.88445, -3.51367, 0.90349, 2.38737, -6.93747, -3.6802, -5.82347, -2.66125, 9.4125, -1.72465, -2.58699, 0.03773, -3.73091, 5.35233, -12.40406, -4.17183, 23.79027]"
43,sub9,mae,3,sub9-a__0070__wave.npy,21,wave,21,0.9995326,1,"[0.53434, 3.5797, -2.97448, 15.54557, -5.85704, -5.32832, -3.49042, 1.14494, 2.55268, -7.16107, -3.8405, -5.59043, -2.4445, 9.20382, -1.71896, -2.91713, 0.25827, -3.85464, 5.19379, -12.57218, -4.42822, 23.21522]"
43,sub9,mae,3,sub9-a__0071__wave.npy,21,wave,21,0.98626953,1,"[0.00017, 3.45833, -3.51978, 18.14293, -5.01161, -4.75575, -3.78787, 2.28, 0.20807, -6.83257, -4.73839, -4.97814, -2.42087, 10.24588, -1.9322, -3.23527, 2.03682, -3.52313, 4.518, -14.16545, -4.9572, 22.41761]"
43,sub9,mae,3,sub9-a__0072__bow.npy,2,bow,2,0.9997298,1,"[4.44505, 1.57031, 19.48402, 4.43676, -17.11516, 3.98156, 5.5147, -4.47439, -3.34404, -7.89255, -2.21179, 11.25634, 5.07389, -4.87777, 5.59095, -4.07014, -0.70577, -0.70112, -5.69925, -6.27711, -1.78635, -1.97945]"
43,sub9,mae,3,sub9-a__0073__bow.npy,2,bow,2,0.99987245,1,"[4.13198, 1.1117, 20.24092, 3.76802, -17.36608, 4.01602, 5.6863, -3.86565, -2.83282, -7.71184, -1.97011, 11.26455, 5.53209, -5.78257, 3.98482, -3.56935, -1.14868, -0.73816, -5.27888, -6.51759, -0.68366, -1.46836]"
43,sub9,mae,3,sub9-a__0074__bow.npy,2,bow,2,0.99990165,1,"[4.17157, 1.51998, 19.87101, 4.55685, -17.1038, 3.82824, 5.93947, -4.09035, -3.08405, -7.9956, -2.68994, 10.62157, 5.54101, -4.56524, 4.14982, -3.62003, -0.92201, -0.56517, -5.11502, -6.91799, -1.42192, -1.02638]"
43,sub9,mae,3,sub9-a__0075__bow.npy,2,bow,2,0.9999515,1,"[3.91917, 1.8293, 20.10121, 5.09311, -16.86488, 4.09457, 5.51212, -4.2615, -3.27567, -8.17556, -2.69476, 10.13542, 5.23387, -4.27701, 3.98284, -3.84106, -0.7449, -0.58638, -5.23787, -7.17882, -1.24028, -0.93953]"
43,sub9,mae,3,sub9-a__0076__bow.npy,2,bow,2,0.9999013,1,"[4.1543, 1.74783, 19.69109, 5.06385, -16.98796, 3.98429, 5.96912, -3.96075, -3.39345, -8.15285, -2.96547, 10.43988, 5.68804, -4.11278, 3.89006, -3.76772, -0.68565, -0.50204, -5.10431, -7.33594, -1.61335, -0.98511]"
43,sub9,mae,3,sub9-a__0077__crossarms.npy,5,crossarms,5,0.99986374,1,"[0.43767, 8.56916, -3.16929, 7.52511, -8.02456, 18.43065, -3.52141, 4.24726, -2.29022, -2.77009, -3.41169, 6.6301, 4.13951, -0.45998, -0.67065, -6.45852, 8.65753, -1.28252, -2.29414, -9.18017, -7.26303, -8.14111]"
43,sub9,mae,3,sub9-a__0079__crossarms.npy,5,crossarms,5,0.99954045,1,"[0.75775, 9.69833, -2.98503, 7.21853, -8.09502, 17.58574, -3.83862, 3.5368, -1.04726, -3.60553, -3.63365, 4.96694, 3.48278, 0.01538, -0.64992, -6.48848, 7.64298, -1.81552, -1.54861, -8.85491, -7.38388, -6.36087]"
43,sub9,mae,3,sub9-a__0080__crossarms.npy,5,crossarms,5,0.9996171,1,"[0.39187, 9.84266, -2.77719, 7.97245, -8.20916, 17.98638, -3.83783, 3.47654, -1.12856, -3.86548, -3.84673, 4.88912, 3.30179, 0.31073, -0.73936, -6.48556, 7.97165, -1.83313, -1.82998, -9.39669, -7.46785, -5.66751]"
43,sub9,mae,3,sub9-a__0081__crossarms.npy,5,crossarms,5,0.9994837,1,"[0.29858, 10.1175, -2.72685, 8.86019, -8.22663, 18.03369, -4.01421, 3.04832, -1.28309, -4.23767, -4.00381, 4.27365, 2.95059, 0.93932, -0.7839, -6.77716, 8.05215, -2.18226, -1.69963, -9.94347, -7.44901, -4.59907]"
43,sub9,mae,3,sub9-a__0082__airpunch.npy,1,airpunch,1,0.99628323,1,"[4.80205, 11.97237, -0.72965, -3.11957, -3.81849, 0.14261, -6.03295, 0.07308, 5.41451, -6.24604, -4.61912, -2.33816, 0.81088, 0.16717, -3.14499, -2.09678, -0.58702, -3.45584, 5.46752, -2.59385, -9.11961, -1.51411]"
43,sub9,mae,3,sub9-a__0084__airpunch.npy,1,airpunch,18,0.5365853,0,"[4.72521, 8.59308, -2.29467, -5.85296, -1.6853, -4.95164, -5.64388, 0.59631, 5.52758, -5.20401, -3.61651, -3.81873, 0.59692, 0.0219, -4.02566, 1.00631, -3.39292, -2.14115, 8.80751, 1.53623, -7.70353, 0.53914]"
43,sub9,mae,3,sub9-a__0085__airpunch.npy,1,airpunch,1,0.56640065,1,"[4.80531, 9.14282, -2.20514, -5.17979, -2.0766, -4.21055, -6.02579, 0.99045, 5.23283, -5.21445, -4.38655, -3.43821, 0.53449, -0.33199, -3.4398, 0.33349, -2.98825, -2.64042, 8.82997, 0.62762, -8.64123, 0.06669]"
43,sub9,mae,3,sub9-a__0087__airpunch.npy,1,airpunch,18,0.48162875,0,"[5.39414, 8.8754, -1.48286, -8.37677, -3.50846, -3.80022, -6.48504, -0.27131, 7.89488, -5.50381, -1.64083, -4.57279, 1.5085, -2.29384, -3.64973, 0.43183, -5.12794, -3.48899, 9.14676, 3.5457, -6.82585, -1.44575]"
43,sub9,mae,3,sub9-a__0088__drink.npy,7,drink,7,0.970931,1,"[1.88655, 5.86037, -4.99334, 4.74594, -4.21122, 1.57361, -3.47225, 9.89381, 2.91229, -2.76744, -4.2347, 1.19267, 2.15327, 0.69645, -2.11822, -2.20494, 2.74544, -0.08185, 4.16934, -7.2315, -6.67946, 0.57757]"
43,sub9,mae,3,sub9-a__0089__drink.npy,7,drink,7,0.93237525,1,"[1.94815, 6.52817, -4.92392, 5.36193, -4.36929, 2.15339, -3.71848, 9.54573, 2.89162, -3.25043, -4.44825, 1.01422, 1.92065, 1.05655, -2.0319, -2.51392, 2.94623, -0.4184, 3.89234, -7.6999, -6.9766, 0.63747]"
43,sub9,mae,3,sub9-a__0090__drink.npy,7,drink,7,0.94452924,1,"[1.75918, 5.86113, -5.01184, 6.4603, -4.09937, 1.96693, -3.79902, 9.84099, 1.85651, -2.98251, -4.22941, 1.19097, 1.99767, 1.53238, -2.13899, -2.73751, 3.40631, -0.19867, 3.80185, -8.35789, -6.65583, 0.84765]"
43,sub9,mae,3,sub9-a__0091__drink.npy,7,drink,7,0.97627175,1,"[1.92287, 5.59842, -5.03995, 5.36962, -4.11528, 1.73643, -3.44606, 10.11712, 2.1033, -2.51691, -4.22019, 1.63727, 2.17586, 0.8561, -2.02591, -2.43567, 3.1261, 0.01947, 4.00601, -7.69922, -6.68027, -0.02838]"
43,sub9,mae,3,sub9-a__0092__drink.npy,7,drink,7,0.71486443,1,"[1.74072, 7.31779, -4.5642, 7.94371, -4.76425, 3.04881, -3.79684, 9.31956, 2.27004, -4.40549, -5.13651, 0.7379, 1.46125, 2.1843, -1.94329, -3.273, 3.49069, -0.77587, 3.53047, -9.50464, -7.45125, 1.59671]"
43,sub9,mae,3,sub9-a__0093__brushteeth.npy,3,brushteeth,3,0.9873957,1,"[0.87872, 5.56335, -4.18482, 13.57495, -4.57443, 1.45676, -4.09035, 8.84513, -0.233, -4.64063, -4.75013, -0.10479, 0.83648, 5.0782, -1.84337, -5.02836, 5.2922, -1.83992, 3.11788, -13.0875, -6.53977, 7.80044]"
43,sub9,mae,3,sub9-a__0094__brushteeth.npy,3,brushteeth,3,0.995631,1,"[0.69715, 6.45868, -3.94203, 16.16703, -5.22479, 1.71846, -4.40887, 7.39968, -0.28234, -6.10584, -5.48887, -1.21014, -0.11055, 6.69794, -1.76077, -5.3713, 5.25859, -2.59789, 2.82386, -14.3489, -6.76994, 10.66384]"
43,sub9,mae,3,sub9-a__0095__brushteeth.npy,3,brushteeth,3,0.99341476,1,"[0.84861, 6.62423, -3.73407, 15.38931, -5.31629, 1.95827, -4.54322, 6.88426, 0.09472, -6.30214, -4.93852, -1.57906, -0.06438, 6.47508, -1.74865, -5.50578, 4.85918, -2.78742, 2.7542, -13.70942, -6.32261, 10.29042]"
43,sub9,mae,3,sub9-a__0096__brushteeth.npy,3,brushteeth,3,0.97092986,1,"[1.12671, 6.78302, -3.73587, 16.29547, -6.7348, 1.45495, -4.8629, 5.21638, 1.44937, -7.99493, -3.91214, -2.72546, -0.377, 6.8094, -1.1877, -5.8221, 3.01405, -3.56757, 3.81909, -13.30047, -6.4105, 12.78117]"
43,sub9,mae,3,sub9-a__0097__brushteeth.npy,3,brushteeth,3,0.98322874,1,"[1.1344, 6.92925, -3.72963, 15.54094, -6.49649, 1.80208, -4.52551, 6.26303, 1.51757, -7.39018, -4.55495, -2.00614, -0.17732, 6.14379, -1.22686, -5.60549, 3.50389, -3.28714, 3.57966, -13.31012, -6.73274, 11.44763]"
43,sub9,mae,3,sub9-a__0098__highfive.npy,8,highfive,8,0.42918882,1,"[3.90358, 8.43918, -0.89583, -6.13818, -4.59224, -2.96488, -3.84459, 3.00584, 8.49166, -4.70122, -3.84329, -2.48682, 1.20442, -2.3763, -2.69238, 0.77978, -3.06935, -1.66012, 7.48209, 0.36123, -7.50631, 1.33679]"
43,sub9,mae,3,sub9-a__0099__highfive.npy,8,highfive,1,0.61696017,0,"[5.22877, 9.09102, -0.80951, -7.20682, -4.89993, -3.01006, -4.26063, 1.7019, 8.06845, -4.73565, -4.02387, -2.27578, 1.44493, -2.66036, -1.95558, 0.19291, -3.49613, -2.82934, 7.65757, 0.88959, -8.17904, -0.61378]"
43,sub9,mae,3,sub9-a__0100__highfive.npy,8,highfive,8,0.8154315,1,"[4.13623, 9.87041, 0.10728, -6.31944, -6.76166, -0.9298, -4.05455, 1.287, 11.43692, -6.20439, -3.43008, -3.77269, 1.18706, -2.88624, -2.10644, 0.07083, -4.36046, -2.38082, 7.34513, 0.80087, -7.52025, 1.66307]"
43,sub9,mae,3,sub9-a__0101__highfive.npy,8,highfive,8,0.8064243,1,"[4.24862, 9.82125, 0.19805, -7.73956, -6.21194, -0.92593, -3.97451, 1.13699, 11.30237, -5.29576, -3.09484, -3.37119, 1.25104, -3.68283, -2.06242, 0.38927, -4.27962, -1.87944, 6.8444, 1.80905, -7.29353, -0.37222]"
43,sub9,mae,3,sub9-a__0103__wave.npy,21,wave,21,0.99999225,1,"[1.17994, 2.73152, -3.19611, 11.12286, -5.90661, -7.03857, -3.21294, 0.80464, 5.33441, -6.80726, -1.87654, -6.50145, -1.87015, 7.22157, -2.16395, -1.80627, -2.61025, -3.97613, 6.8294, -9.50202, -2.74049, 22.91781]"
43,sub9,mae,3,sub9-a__0105__wave.npy,21,wave,21,0.9991335,1,"[0.51412, 3.5912, -4.05578, 15.17659, -5.11312, -5.46057, -3.62982, 2.83473, 2.33731, -6.82975, -4.40762, -5.46417, -2.09418, 8.89844, -2.25195, -2.70556, 0.46403, -3.45178, 6.00885, -12.50664, -4.82825, 22.22882]"
43,sub9,mae,3,sub9-a__0106__wave.npy,21,wave,21,0.99739707,1,"[0.66664, 4.11059, -3.37072, 16.20154, -5.71683, -4.64041, -3.89677, 1.09836, 2.0083, -7.76361, -3.82453, -5.44652, -2.44561, 9.60585, -1.76792, -3.57438, 0.60416, -4.18177, 5.14766, -12.79718, -4.78268, 22.15144]"
43,sub9,mae,3,sub9-a__0107__wave.npy,21,wave,21,0.99933064,1,"[0.70096, 3.76387, -3.83432, 15.17055, -5.46669, -5.40657, -3.78469, 1.58173, 2.72426, -7.47304, -3.68916, -5.80195, -2.34713, 9.12739, -2.06343, -2.8979, -0.16531, -3.73073, 5.9346, -12.12337, -4.58324, 22.4816]"
43,sub9,mae,3,sub9-a__0108__bow.npy,2,bow,2,0.99994123,1,"[4.42836, 1.54173, 19.01266, 4.15587, -16.61885, 3.12352, 5.06006, -4.3038, -3.02833, -8.52008, -1.56839, 9.20006, 5.87254, -4.17164, 3.69732, -3.42005, -1.95152, -0.14952, -4.15404, -6.38883, -1.6373, -0.7576]"
43,sub9,mae,3,sub9-a__0109__bow.npy,2,bow,2,0.9998061,1,"[4.60145, 1.57166, 19.30138, 4.47752, -16.86933, 3.82455, 5.73207, -4.53007, -3.51617, -7.92987, -2.49038, 10.73094, 5.32021, -4.35548, 5.53538, -3.82616, -0.96809, -0.27914, -5.36781, -6.24278, -2.31582, -2.0345]"
43,sub9,mae,3,sub9-a__0110__bow.npy,2,bow,2,0.999913,1,"[4.17032, 1.90287, 19.40954, 5.06795, -16.56895, 3.77342, 5.6167, -4.6038, -3.58917, -8.22412, -2.79556, 10.0247, 5.1532, -3.69266, 4.74411, -3.81035, -0.8366, -0.34538, -5.2164, -6.79147, -2.05804, -1.23121]"
43,sub9,mae,3,sub9-a__0111__bow.npy,2,bow,2,0.9998952,1,"[4.24844, 1.73479, 19.37052, 4.85477, -16.63651, 3.85613, 5.76586, -4.47683, -3.63722, -8.14196, -2.66566, 10.17223, 5.4563, -3.92468, 4.6061, -3.6889, -1.00546, -0.19277, -5.15922, -6.66163, -2.05545, -1.54318]"
43,sub9,mae,3,sub9-a__0112__bow.npy,2,bow,2,0.9997003,1,"[4.37359, 1.57427, 19.44997, 4.49133, -16.78998, 4.4704, 5.87682, -4.4312, -3.68336, -7.67668, -2.63355, 11.32288, 5.35494, -4.69023, 5.91953, -4.29325, -0.46731, -0.40465, -5.83446, -6.15592, -2.1642, -2.80048]"
43,sub9,mae,3,sub9-a__0113__crossarms.npy,5,crossarms,5,0.9996449,1,"[0.78569, 10.10331, -2.81375, 9.29015, -8.41987, 18.54272, -3.8863, 3.1271, -1.93712, -4.20668, -3.957, 5.32532, 3.4201, 0.86081, -0.58218, -7.19536, 8.43833, -2.35409, -2.21855, -10.55132, -7.89765, -6.33333]"
43,sub9,mae,3,sub9-a__0114__crossarms.npy,5,crossarms,5,0.99709034,1,"[0.23884, 9.89986, -2.2007, 13.55694, -8.66738, 19.43377, -4.1407, 2.02225, -3.98434, -4.95226, -4.12668, 4.89931, 2.56983, 2.70966, -0.26309, -7.95038, 9.34387, -3.14509, -3.18504, -12.85257, -7.50181, -4.59305]"
43,sub9,mae,3,sub9-a__0115__crossarms.npy,5,crossarms,5,0.99256766,1,"[-0.17435, 10.34345, -2.1161, 14.00134, -8.34844, 18.93283, -4.35068, 2.09536, -3.87856, -5.36374, -4.66502, 4.15259, 2.29597, 3.5522, -0.86384, -7.74498, 9.56476, -2.94506, -2.969, -13.33342, -7.66641, -3.1905]"
43,sub9,mae,3,sub9-a__0117__crossarms.npy,5,crossarms,5,0.9991991,1,"[0.57803, 10.21646, -2.49652, 10.99259, -8.68787, 18.54667, -4.14424, 2.38313, -2.36578, -4.85877, -3.86317, 4.33918, 2.84249, 1.80892, -0.64897, -7.41783, 8.29984, -2.95492, -2.24648, -11.35451, -7.36756, -4.45655]"
43,sub9,mae,3,sub9-a__0118__airpunch.npy,1,airpunch,1,0.6508466,1,"[4.14678, 9.49554, -1.01595, -4.93641, -4.41963, -2.95761, -4.45151, 1.55967, 7.7834, -5.64625, -4.91471, -3.19221, 0.31433, -1.22738, -1.92183, 0.20182, -3.42142, -2.19984, 8.44608, 0.4504, -8.76965, 1.54384]"
43,sub9,mae,3,sub9-a__0119__airpunch.npy,1,airpunch,18,0.87546515,0,"[4.18596, 7.95008, -1.59381, -5.62531, -3.62447, -5.35527, -4.1831, 1.74394, 7.5523, -5.55451, -4.85611, -3.98852, 0.36081, -0.72901, -2.15483, 1.59159, -4.84839, -1.92366, 10.43556, 1.77037, -8.65632, 2.88172]"
43,sub9,mae,3,sub9-a__0120__airpunch.npy,1,airpunch,1,0.9970778,1,"[0.69912, 12.62949, -0.73598, 5.90089, -2.57963, 4.03839, -5.29212, -1.39605, 1.26482, -8.54159, -7.55801, -2.84848, -1.24355, 6.01739, -3.16061, -0.8829, 1.87438, -2.24518, 3.52245, -6.41221, -11.12468, 2.70117]"
43,sub9,mae,3,sub9-a__0121__airpunch.npy,1,airpunch,1,0.99870145,1,"[1.189, 12.73007, -1.57834, 4.17142, -3.2564, 5.12229, -5.02833, -1.14746, 1.67943, -8.61428, -7.53395, -2.2325, -0.23158, 4.96004, -3.48931, -0.56866, 1.27863, -2.34612, 3.86605, -5.12805, -11.23788, 0.63012]"
43,sub9,mae,3,sub9-a__0122__airpunch.npy,1,airpunch,1,0.99672157,1,"[0.90381, 12.66271, -1.5156, 5.83008, -2.08384, 4.84157, -5.15947, -1.76018, 0.12915, -8.44025, -7.82393, -2.35197, -0.86654, 6.26157, -3.4924, -0.71827, 2.32918, -2.34176, 3.3783, -6.22587, -11.19784, 0.96637]"
43,sub9,mae,3,sub9-a__0123__drink.npy,7,drink,7,0.9643192,1,"[1.76298, 6.16236, -5.33115, 4.26361, -4.14286, 2.18263, -3.56483, 9.81666, 3.17723, -2.56075, -4.37741, 1.56501, 2.21445, 0.46314, -1.80066, -2.06022, 3.0807, 0.08243, 4.00224, -6.86627, -7.2274, -0.4386]"
43,sub9,mae,3,sub9-a__0124__drink.npy,7,drink,7,0.9667035,1,"[1.8635, 6.15673, -5.16865, 3.8018, -4.11906, 2.27025, -3.49819, 9.83038, 3.18384, -2.29946, -4.25061, 1.84145, 2.25597, 0.13794, -1.70746, -2.05161, 3.09869, 0.17394, 3.74324, -6.61279, -7.16834, -1.21237]"
43,sub9,mae,3,sub9-a__0125__drink.npy,7,drink,7,0.7608422,1,"[1.86387, 7.55668, -4.81809, 5.60344, -5.30585, 3.14459, -3.56141, 8.92859, 4.36628, -4.25995, -4.60486, 0.73238, 1.4974, 0.78727, -1.10593, -2.87629, 2.49751, -0.96984, 3.99163, -7.554, -7.74464, 0.86921]"
43,sub9,mae,3,sub9-a__0126__drink.npy,7,drink,7,0.87630534,1,"[1.80469, 7.27684, -4.69178, 5.73904, -4.8613, 3.31502, -3.33845, 9.50596, 3.33058, -3.50858, -5.01083, 1.68003, 1.78453, 0.85656, -1.28121, -3.00872, 3.55578, -0.66586, 3.32343, -8.11452, -7.73979, -0.06446]"
43,sub9,mae,3,sub9-a__0128__brushteeth.npy,3,brushteeth,3,0.8816363,1,"[1.51807, 6.6873, -3.93805, 16.04671, -6.8591, 0.39055, -4.7521, 4.59654, 1.71126, -8.13762, -3.90597, -2.92891, -0.41348, 7.26564, -1.01258, -5.8871, 2.7512, -4.26389, 4.33916, -13.35891, -6.58123, 14.03675]"
43,sub9,mae,3,sub9-a__0130__brushteeth.npy,3,brushteeth,3,0.9811382,1,"[0.9075, 6.74243, -4.38832, 16.64778, -5.39506, 0.70218, -4.30418, 6.48713, 0.53064, -6.90495, -5.71586, -1.89488, -0.48229, 7.51791, -1.58465, -5.26072, 4.65041, -3.19045, 3.39708, -14.50693, -7.38952, 12.68547]"
43,sub9,mae,3,sub9-a__0131__brushteeth.npy,3,brushteeth,3,0.99299496,1,"[0.62813, 5.3776, -5.38473, 14.91599, -3.70013, 0.4058, -4.37063, 8.63614, -0.48955, -4.64866, -5.1486, -0.64183, 0.52312, 6.49832, -1.96957, -4.64258, 5.84152, -2.04602, 3.13332, -13.82219, -7.16231, 9.5692]"
43,sub9,mae,3,sub9-a__0132__brushteeth.npy,3,brushteeth,3,0.96694183,1,"[0.37613, 5.58071, -4.3512, 17.73324, -4.75225, -0.19603, -4.63432, 6.10341, -0.92857, -6.40379, -5.36845, -2.34776, -0.71227, 8.54259, -1.95387, -5.04999, 5.12752, -3.19842, 3.10826, -14.98448, -6.55473, 14.35386]"
43,sub9,mae,3,sub9-a__0133__highfive.npy,8,highfive,8,0.5803882,1,"[4.49808, 9.26234, -0.63689, -6.99052, -5.74604, -1.70368, -3.21682, 2.62936, 9.64551, -4.14593, -4.32264, -1.55585, 1.50478, -3.14344, -1.27988, 0.17236, -2.67856, -2.00545, 6.26336, 0.24724, -7.99534, -0.17365]"
43,sub9,mae,3,sub9-a__0134__highfive.npy,8,highfive,8,0.7806101,1,"[5.48787, 9.41306, -0.81888, -7.74649, -6.29809, -2.09853, -4.03775, 1.26115, 10.83827, -5.41132, -2.50249, -3.12704, 2.00644, -3.22795, -1.88458, -0.1401, -4.3849, -3.52769, 7.50017, 1.22223, -7.36057, 0.10207]"
43,sub9,mae,3,sub9-a__0135__highfive.npy,8,highfive,8,0.6687906,1,"[4.9493, 8.93531, -1.2715, -7.5244, -5.22728, -3.02954, -3.83274, 1.64722, 9.95226, -4.86696, -3.28341, -2.66693, 1.42688, -2.94083, -1.72643, 0.43705, -4.08618, -2.47561, 7.8806, 1.58096, -7.81944, 0.10312]"
43,sub9,mae,3,sub9-a__0136__highfive.npy,8,highfive,8,0.96175647,1,"[3.7432, 7.98833, -2.84465, -6.64298, -4.23001, -3.30327, -3.49268, 2.69868, 11.4827, -3.82713, -1.66431, -3.92681, 1.11778, -1.97059, -2.12265, 0.40437, -3.52922, -2.08058, 6.72067, 1.04152, -5.77755, 2.83475]"
43,sub9,mae,3,sub9-b1__0001__walk.npy,20,walk,20,0.9996309,1,"[3.96014, -2.35154, 1.98724, -5.82916, -5.14294, -7.47418, -0.59622, -5.18848, -0.95791, 4.97057, 10.93471, -6.15296, 1.89514, -1.33952, -4.38818, 2.03148, -10.27795, -2.51341, 1.94811, 5.64132, 18.84793, -0.40618]"
43,sub9,mae,3,sub9-b1__0003__walk.npy,20,walk,20,0.9981818,1,"[1.06507, -2.46734, -7.76512, -5.78797, 2.83108, -3.8633, 1.07365, -2.03661, -6.87201, 6.65752, 4.70972, -1.69724, 1.33922, 1.70205, -2.61166, 1.01012, -4.54807, 3.5564, 2.8782, 8.0051, 14.59564, -9.34954]"
43,sub9,mae,3,sub9-b1__0004__turnaround.npy,19,turnaround,19,0.99999905,1,"[3.01651, -2.31986, -2.6671, -19.33167, 1.53958, -4.55137, -1.82194, -4.41819, 5.31484, 5.04209, 10.73671, -4.38311, 2.21281, -8.16477, 0.96097, 6.89376, -10.56645, -1.53236, 2.60123, 24.60773, 7.40719, -14.24767]"
43,sub9,mae,3,sub9-b1__0005__walk.npy,20,walk,20,0.9988619,1,"[3.91695, -1.91362, 2.29233, -5.37336, -5.56449, -6.82851, -1.40055, -5.28968, -0.358, 3.87068, 11.56641, -6.061, 1.70362, -1.8002, -4.3367, 1.3748, -10.01168, -2.94425, 1.73537, 5.0563, 18.34631, 0.40299]"
43,sub9,mae,3,sub9-b1__0006__turnaround.npy,19,turnaround,19,0.93504775,1,"[0.05096, -1.37778, -5.00872, -8.74706, 4.68519, -5.35313, -8.03049, -2.96098, -4.99441, 1.28277, 6.07569, -1.21851, 2.93364, -0.37042, -3.55831, 5.72314, -3.16814, 5.77403, 1.21863, 9.75686, -0.8854, -8.86929]"
43,sub9,mae,3,sub9-b1__0007__walk.npy,20,walk,17,0.8331186,0,"[-0.30598, -4.0971, -7.22626, -7.79466, 4.27806, -7.10647, -2.32063, -0.06929, -7.18441, 3.9182, 3.41767, 0.97881, 3.42512, 1.27433, -3.72448, 9.38703, -3.77155, 11.27181, 0.86892, 8.19175, 0.49299, -8.16175]"
43,sub9,mae,3,sub9-b1__0008__turnaround.npy,19,turnaround,19,0.9970642,1,"[2.52256, -4.02393, -8.158, -8.98661, 2.13192, -6.3618, -3.17171, -5.672, -3.44872, 5.82481, 8.25432, -3.38397, 3.08126, 1.16861, 2.58096, 5.64106, -6.06026, 2.36283, 2.57058, 14.25343, 2.71609, -8.19288]"
43,sub9,mae,3,sub9-b1__0009__walk.npy,20,walk,10,0.41446325,0,"[7.73323, -4.31588, -8.44354, -4.45642, -4.56984, -7.95477, 7.28548, -3.98045, -0.99752, 7.63456, 8.50518, -1.47087, 3.69001, 4.84686, 5.08589, 2.16449, -5.85916, 0.16037, 2.23202, 6.67907, 3.19677, -2.48738]"
43,sub9,mae,3,sub9-b1__0010__turnaround.npy,19,turnaround,19,0.9445513,1,"[4.35625, -2.72241, -9.31591, -8.09352, 4.0087, -6.80411, -2.20082, -4.50278, -7.27466, 4.38533, 5.8817, 0.98766, 4.25221, 3.42608, 1.6901, 5.8794, -2.82687, 2.34829, -0.15046, 9.79192, -2.19031, -9.75373]"
43,sub9,mae,3,sub9-b1__0011__walk.npy,20,walk,17,0.820558,0,"[-0.22935, -4.14491, -7.1687, -7.90388, 4.24339, -7.24772, -2.24447, -0.06535, -7.10695, 3.80524, 3.45229, 1.00624, 3.48546, 1.17375, -3.66047, 9.41276, -3.79533, 11.23678, 0.9142, 8.33256, 0.52394, -8.07458]"
43,sub9,mae,3,sub9-b1__0012__walk.npy,20,walk,19,0.995843,0,"[3.10703, -2.39681, -8.2131, -8.45098, 2.85274, -6.45455, -3.77459, -5.54452, -4.95041, 3.33925, 6.76416, -3.04805, 3.33299, 2.31925, 0.57756, 6.74894, -5.90709, 2.69618, 2.72333, 13.00669, 0.51121, -8.22339]"
43,sub9,mae,3,sub9-b1__0013__walk.npy,20,walk,10,0.5661834,0,"[7.557, -4.2457, -8.38094, -4.05113, -4.0249, -7.25768, 6.7222, -4.56764, -1.60464, 8.21609, 9.23387, -1.73892, 3.37577, 4.80774, 5.03796, 1.61752, -5.71832, -0.65602, 1.75899, 6.91037, 4.37499, -3.10411]"
43,sub9,mae,3,sub9-b1__0014__turnaround.npy,19,turnaround,19,0.9256007,1,"[4.91254, -1.97717, -8.62298, -7.65939, 3.0204, -6.12524, -2.16751, -5.22801, -6.62857, 3.61615, 6.30387, 0.94721, 4.24284, 3.263, 2.48914, 4.94544, -2.92463, 1.07354, -0.23639, 9.42409, -2.7765, -9.63972]"
43,sub9,mae,3,sub9-b1__0015__walk.npy,20,walk,17,0.8141542,0,"[-0.26521, -4.26928, -6.82484, -7.75622, 3.93263, -7.40243, -1.62457, -0.00646, -7.30253, 3.86078, 2.97194, 1.11103, 3.3519, 1.31539, -3.53121, 9.89816, -3.97476, 11.55445, 0.72186, 8.22725, 0.64113, -7.87204]"
43,sub9,mae,3,sub9-b1__0016__turnaround.npy,19,turnaround,19,0.9969374,1,"[2.45525, -3.38641, -7.31338, -8.73238, 2.09588, -6.02111, -3.73381, -5.99977, -3.82115, 5.10014, 7.86752, -3.53358, 2.96195, 1.30227, 2.34727, 5.38447, -5.93362, 2.47263, 2.45582, 13.81889, 2.51112, -8.2604]"
43,sub9,mae,3,sub9-b1__0017__walk.npy,20,walk,10,0.49102738,0,"[7.71808, -4.11622, -8.81097, -4.36752, -3.93601, -7.77027, 6.82128, -4.25804, -1.23474, 8.00352, 8.85866, -1.62344, 3.59197, 5.05343, 4.97034, 1.8354, -5.52442, -0.19878, 1.99694, 6.62703, 3.32066, -2.95347]"
43,sub9,mae,3,sub9-b1__0018__turnaround.npy,19,turnaround,19,0.9489386,1,"[5.14812, -2.45605, -8.80995, -7.58243, 2.56817, -6.4741, -0.65395, -5.22886, -6.77048, 4.19879, 5.94211, 1.02868, 4.37715, 3.7055, 2.96858, 5.58012, -3.34245, 0.95212, -0.56425, 9.87319, -2.16253, -9.49473]"
43,sub9,mae,3,sub9-b1__0019__walk.npy,20,walk,17,0.81574804,0,"[-0.2525, -4.26814, -6.87012, -7.73141, 3.9244, -7.33198, -1.60317, 0.0323, -7.4408, 3.91949, 2.9361, 1.25074, 3.39347, 1.35412, -3.49094, 9.89864, -3.90324, 11.56228, 0.60986, 8.20623, 0.60215, -8.07924]"
43,sub9,mae,3,sub9-b1__0020__turnaround.npy,19,turnaround,19,0.9952017,1,"[3.0431, -2.61681, -8.20877, -8.52285, 2.79864, -6.38585, -3.68369, -5.70124, -4.45703, 4.26682, 7.5757, -3.59173, 3.07361, 2.15786, 0.71306, 6.51099, -6.03359, 2.50853, 2.70599, 13.2704, 1.43904, -8.19061]"
43,sub9,mae,3,sub9-b1__0021__hop.npy,9,hop,9,0.99148387,1,"[5.56225, -3.48523, -16.71973, -3.98105, 8.57866, -8.27618, 2.43395, -4.37195, -4.41464, 15.16513, 8.51304, -2.81856, 1.78318, 10.01282, 3.03042, 0.94295, 2.32509, -4.67622, -1.48434, 5.28363, 1.45847, -7.22494]"
43,sub9,mae,3,sub9-b1__0024__hop.npy,9,hop,9,0.9621605,1,"[7.60507, -4.30696, -14.21509, -5.8585, 5.12015, -9.35529, 2.72299, -3.93262, -2.25498, 13.96171, 10.64373, -1.98526, 2.66681, 6.41441, 4.50343, 0.13315, -0.29554, -4.12323, 0.51843, 6.51822, 0.9782, -6.75271]"
43,sub9,mae,3,sub9-b1__0025__hop.npy,9,hop,9,0.9894342,1,"[5.44444, -2.94119, -15.95961, -3.80976, 8.42993, -7.44383, 0.12511, -4.87166, -2.97626, 14.97633, 10.10149, -2.2266, 0.72578, 8.42997, 4.83419, -1.6965, 3.77716, -5.65034, -1.47397, 4.96624, -0.77508, -6.96393]"
43,sub9,mae,3,sub9-b1__0026__hop.npy,9,hop,9,0.9574029,1,"[7.10087, -4.15023, -13.71381, -4.87008, 4.19379, -8.47109, 2.91694, -4.29927, -2.77143, 13.57397, 10.37664, -2.20846, 2.59584, 6.90064, 4.62249, -0.08741, -0.21124, -3.81511, 0.23765, 6.06233, 1.72562, -6.22527]"
43,sub9,mae,3,sub9-b1__0027__hop.npy,9,hop,9,0.8871696,1,"[7.12095, -4.93244, -12.579, -5.19152, 2.22544, -8.66687, 3.994, -4.22804, -2.57184, 12.59973, 10.45236, -2.05953, 2.81801, 6.00111, 4.80828, 1.13116, -2.31668, -2.33917, 0.7402, 7.10216, 2.76677, -5.70104]"
43,sub9,mae,3,sub9-b1__0028__jump.npy,10,jump,10,0.45892125,1,"[7.91429, -4.11307, -8.26854, -4.1214, -4.61423, -7.55099, 7.37416, -4.15096, -1.52706, 7.78633, 8.79684, -0.81646, 3.60824, 4.59216, 5.56382, 1.46298, -5.5298, -0.0281, 1.7757, 6.43745, 3.26786, -3.3743]"
43,sub9,mae,3,sub9-b1__0031__jump.npy,10,jump,10,0.83375514,1,"[8.01612, -3.47623, -10.33485, -5.01706, -2.19626, -7.88909, 4.5013, -4.30365, -0.08227, 8.19992, 10.66076, -1.80086, 2.82653, 4.40989, 5.58681, 0.60022, -4.67559, -1.41777, 2.65503, 7.21133, 1.68556, -3.64322]"
43,sub9,mae,3,sub9-b1__0032__jump.npy,10,jump,10,0.72593987,1,"[8.03626, -3.51057, -10.40473, -4.35222, -2.08072, -7.5223, 4.98723, -4.55042, -1.06363, 8.86911, 10.3274, -1.43482, 3.08913, 4.99299, 5.88557, -0.14822, -3.93108, -1.72409, 1.98474, 6.46727, 2.08935, -4.17047]"
43,sub9,mae,3,sub9-b1__0033__jump.npy,10,jump,10,0.85285306,1,"[7.98784, -2.94619, -11.18178, -4.53092, -1.06094, -7.42618, 3.59605, -4.80181, -0.29855, 8.73248, 11.04933, -1.71463, 2.41004, 4.94757, 6.36963, -0.93964, -3.35888, -2.29575, 2.12221, 6.82625, 0.92791, -4.30121]"
43,sub9,mae,3,sub9-b1__0034__runonspot.npy,13,runonspot,13,0.9990852,1,"[6.02225, 2.44202, -14.06152, 2.99647, 4.58126, -7.41283, -0.15259, -4.92584, -1.99374, 5.96923, 4.84743, -5.50696, -0.21425, 14.02894, 2.88337, -3.47107, 2.99241, -5.6122, 2.88384, -1.60034, -4.43395, 2.74437]"
43,sub9,mae,3,sub9-b1__0035__runonspot.npy,13,runonspot,13,0.9984291,1,"[5.94764, 0.8834, -13.30305, 3.05821, 2.64474, -7.38058, 1.93129, -4.51586, -2.71159, 6.54809, 4.83327, -5.27814, 0.5791, 13.62016, 2.39728, -1.38378, 1.50859, -4.24921, 2.21819, -0.95752, -2.16305, 2.76008]"
43,sub9,mae,3,sub9-b1__0036__runonspot.npy,13,runonspot,13,0.9993137,1,"[5.5395, 1.57085, -13.31064, 4.32538, 2.92364, -6.23878, 1.02395, -4.88895, -3.05296, 6.08981, 4.90808, -5.41635, 0.03078, 14.16838, 2.58526, -2.40465, 2.27071, -4.54818, 1.77812, -1.59282, -2.38705, 2.63753]"
43,sub9,mae,3,sub9-b1__0037__runonspot.npy,13,runonspot,13,0.99977714,1,"[5.01039, 3.58512, -12.75988, 7.30778, 2.93346, -5.40414, -0.22733, -4.72508, -3.54241, 3.55008, 3.26255, -5.8781, -0.66206, 15.96892, 1.57693, -3.38223, 3.47712, -4.9833, 2.25662, -4.25529, -4.27081, 4.73428]"
43,sub9,mae,3,sub9-b1__0038__runonspot.npy,13,runonspot,13,0.9995467,1,"[5.46826, 1.98311, -11.94498, 5.13621, 1.16218, -6.12156, 1.65702, -4.81435, -2.61681, 4.32654, 4.20684, -5.9087, -0.04822, 14.21504, 1.87716, -1.60771, 0.78224, -3.9636, 2.43263, -2.01348, -1.98863, 4.48723]"
43,sub9,mae,3,sub9-b1__0039__runonspot.npy,13,runonspot,13,0.9993555,1,"[5.53566, 1.66448, -12.12805, 4.64144, 1.00628, -6.51378, 2.11523, -4.45134, -2.07023, 4.70466, 4.08367, -5.65145, 0.01153, 13.85343, 2.1715, -1.4635, 0.73112, -3.75044, 2.60079, -1.84405, -2.29661, 4.60976]"
43,sub9,mae,3,sub9-b1__0040__buttkicks.npy,4,buttkicks,9,0.7914361,0,"[7.02019, -0.65824, -17.74802, -4.0313, 11.28713, -8.3144, -1.51438, -4.39128, -4.09502, 12.92972, 8.43964, -4.33319, 1.41677, 10.04383, 1.55729, -0.36099, 2.30676, -4.71366, 1.37711, 4.63852, -1.97461, -7.75927]"
43,sub9,mae,3,sub9-b1__0041__buttkicks.npy,4,buttkicks,9,0.95774275,0,"[6.13536, -3.77722, -16.01854, -4.36868, 6.85003, -8.84076, 1.6477, -4.21248, -3.62703, 13.08049, 9.49412, -3.76485, 1.84371, 8.68773, 3.07716, 1.20682, -0.35634, -2.93692, 1.11208, 6.1997, 1.84, -5.53186]"
43,sub9,mae,3,sub9-b1__0042__buttkicks.npy,4,buttkicks,9,0.95304394,0,"[6.81484, -3.55277, -15.27781, -4.78349, 6.07752, -8.97084, 2.38973, -4.25931, -3.79229, 12.68244, 9.07138, -3.85049, 2.53662, 8.52314, 2.63931, 2.07712, -1.28839, -2.7959, 1.36067, 6.58999, 2.26645, -5.91934]"
43,sub9,mae,3,sub9-b1__0043__buttkicks.npy,4,buttkicks,9,0.98876816,0,"[7.03537, -5.01562, -15.19471, -5.52805, 5.21593, -9.59804, 3.9334, -3.59482, -3.73237, 14.03324, 9.16791, -2.44005, 2.96233, 7.46722, 3.96839, 2.15798, -1.45724, -2.54943, 0.86561, 7.18217, 2.85776, -6.55707]"
43,sub9,mae,3,sub9-b1__0044__buttkicks.npy,4,buttkicks,9,0.9566314,0,"[6.91882, -4.3727, -14.48619, -5.03959, 4.41382, -8.96844, 3.54404, -4.04778, -3.49192, 12.87409, 9.51196, -2.83057, 2.77071, 7.6057, 3.97893, 1.81963, -1.65638, -2.37346, 0.81401, 6.83919, 2.59508, -5.88269]"
43,sub9,mae,3,sub9-b1__0045__airkick.npy,0,airkick,0,0.46085793,1,"[9.25886, -2.20591, -8.82562, -3.01484, -4.48772, -6.83283, 5.74996, -5.1329, -1.42464, 6.32145, 9.22558, -0.82902, 3.64927, 5.48264, 6.70715, -1.52678, -3.84052, -2.62007, 2.10976, 4.98384, 1.22859, -3.17656]"
43,sub9,mae,3,sub9-b1__0046__airkick.npy,0,airkick,14,0.3896886,0,"[10.20716, -1.88678, -8.28325, -3.9492, -4.90703, -6.17936, 4.86898, -5.80962, -0.89999, 5.6467, 9.86707, 1.27211, 3.91483, 3.83476, 10.31414, -3.63584, -2.62662, -2.89962, 1.06388, 5.80028, -1.13982, -5.45707]"
43,sub9,mae,3,sub9-b1__0047__airkick.npy,0,airkick,0,0.7744367,1,"[10.25792, -1.62715, -10.59984, -5.45618, -3.69389, -7.78538, 4.40943, -4.28533, 0.21818, 4.53562, 8.11033, 0.41861, 4.60485, 4.33758, 8.31257, -1.79237, -2.83545, -1.11428, 3.61812, 6.228, -3.49152, -4.2714]"
43,sub9,mae,3,sub9-b1__0048__airkick.npy,0,airkick,0,0.6849696,1,"[10.51732, -1.11855, -8.7375, -3.74327, -6.12306, -6.59291, 6.41161, -4.38158, -0.73829, 3.05262, 6.81254, 2.13508, 4.78101, 4.54152, 9.623, -2.21919, -2.45388, -0.74914, 2.03618, 4.75154, -4.12712, -4.12512]"
43,sub9,mae,3,sub9-b1__0049__airkick.npy,0,airkick,0,0.6937893,1,"[10.30882, -2.12457, -10.59179, -5.34383, -3.19522, -7.99104, 4.31693, -4.65823, -0.4672, 5.04793, 8.0546, 0.63214, 4.58726, 4.40672, 9.11053, -1.98265, -2.66249, -1.1147, 3.19285, 6.40069, -3.19205, -4.79083]"
43,sub9,mae,3,sub9-b1__0051__sidekick.npy,14,sidekick,14,0.9510102,1,"[9.39494, -1.66187, -9.53854, -2.16024, -5.03567, -6.50563, 6.83999, -4.10925, -1.66791, 5.54477, 6.3051, 3.47858, 3.73412, 5.25769, 12.51701, -4.82778, 0.42768, -1.72506, 0.90902, 3.1764, -5.18848, -4.10515]"
43,sub9,mae,3,sub9-b1__0053__sidekick.npy,14,sidekick,14,0.8963771,1,"[8.81178, -2.00453, -8.4946, -3.86885, -6.10574, -7.04483, 7.31083, -3.59369, 0.31847, 4.00487, 6.45623, 2.91128, 3.77888, 3.8773, 11.2777, -2.83066, -1.93543, 0.52144, 2.2064, 4.72968, -4.97309, -3.05425]"
43,sub9,mae,3,sub9-b1__0054__sidekick.npy,14,sidekick,14,0.547464,1,"[8.85653, -2.23909, -8.81056, -4.74701, -5.51683, -7.87399, 6.45568, -3.8832, 1.01155, 3.89404, 7.69881, 1.22741, 3.97847, 3.98004, 9.4314, -2.14238, -3.25008, 0.21009, 3.53958, 5.52405, -3.67078, -2.3582]"
43,sub9,mae,3,sub9-b1__0055__sidekick.npy,14,sidekick,14,0.8803818,1,"[8.552, -1.46117, -8.81925, -3.23849, -6.22848, -6.27647, 6.5799, -3.31499, 0.21793, 3.03065, 6.03459, 3.00738, 4.03497, 4.12504, 10.78282, -2.93739, -1.27531, 0.68134, 2.31528, 4.06851, -5.71034, -2.84844]"
43,sub9,mae,3,sub9-b1__0056__crosstoe.npy,6,crosstoe,6,0.9781219,1,"[9.31589, -3.69183, 2.54243, -2.7417, -13.05267, -3.80283, 15.45698, -1.47491, -1.91627, 1.94403, 1.62298, 11.46463, 7.41583, -0.76935, 8.90732, -0.66112, -2.51291, 0.25905, -3.39192, 1.3428, -2.23724, -5.18305]"
43,sub9,mae,3,sub9-b1__0058__crosstoe.npy,6,crosstoe,6,0.97323215,1,"[10.22282, -3.70438, -1.03048, -4.0597, -10.96594, -5.18786, 14.05519, -2.3274, -1.09685, 3.3164, 3.8502, 7.75062, 7.47211, 0.41593, 8.08415, 0.09685, -4.29006, -0.68448, -1.34719, 3.2608, -1.01634, -5.29409]"
43,sub9,mae,3,sub9-b1__0059__crosstoe.npy,6,crosstoe,6,0.9650694,1,"[10.0041, -3.60185, -0.41581, -4.32275, -10.8605, -5.04162, 13.57754, -2.28439, -0.96544, 3.23253, 4.01898, 7.69243, 7.51481, -0.07615, 7.72986, 0.44214, -4.4104, -0.35765, -1.74794, 3.22136, -1.0461, -5.33751]"
43,sub9,mae,3,sub9-b1__0060__crosstoe.npy,6,crosstoe,6,0.9595171,1,"[10.47216, -3.5181, -1.13011, -4.21402, -10.97182, -5.94007, 13.84715, -2.09492, -0.88796, 2.55586, 3.40331, 7.97262, 7.70499, 0.50464, 8.02143, -0.11581, -4.03701, -0.24322, -0.89065, 2.7469, -2.47278, -4.56165]"
43,sub9,mae,3,sub9-b1__0061__throw.npy,18,throw,18,0.9558859,1,"[5.29329, 1.2458, -11.90331, -2.69127, -0.04974, -8.39364, -0.60508, 0.60111, 1.55378, 0.35019, 1.78993, -4.06264, 2.95472, 6.71013, 0.83231, 1.67968, -2.69841, 1.47477, 10.09635, 3.52154, -7.87062, 2.74094]"
43,sub9,mae,3,sub9-b1__0062__throw.npy,18,throw,18,0.56970346,1,"[5.34715, 0.56668, -12.15385, -0.5418, -0.56025, -8.62507, 1.11426, -0.27918, -0.10313, 0.79887, 1.9518, -3.85923, 2.64211, 8.56324, 1.12266, 1.80593, -2.6784, 1.09138, 8.90075, 2.09955, -6.50291, 3.80753]"
43,sub9,mae,3,sub9-b1__0063__throw.npy,18,throw,18,0.9142688,1,"[4.66103, 0.06675, -12.39615, 0.06116, -0.72959, -8.67381, 0.12936, 1.20167, 1.20706, 0.54382, 1.78884, -3.7953, 2.60448, 7.70762, 1.30309, 1.11338, -2.13852, 1.47728, 10.22333, 1.50648, -7.5083, 5.31756]"
43,sub9,mae,3,sub9-b1__0064__throw.npy,18,throw,18,0.97669625,1,"[4.55861, 0.33503, -11.56238, -1.73232, -0.82022, -8.676, -0.49099, 0.59456, 1.59083, -0.40757, 1.36746, -3.78566, 2.95451, 6.60001, 1.18852, 1.92654, -3.34154, 2.33609, 10.6291, 3.27865, -7.99164, 4.31888]"
43,sub9,mae,3,sub9-b1__0065__throw.npy,18,throw,18,0.9280157,1,"[4.64294, 0.77544, -12.1775, 0.11389, -0.17915, -8.29999, -0.80535, 1.00775, 0.00146, -0.52095, 0.86085, -3.4467, 2.805, 7.83075, 0.86917, 1.24963, -2.06287, 1.84974, 10.46764, 1.67983, -8.46065, 4.11092]"
43,sub9,mae,3,sub9-b1__0066__throw.npy,18,throw,18,0.93561393,1,"[4.95594, 0.27851, -12.78095, -0.33906, 0.10705, -8.77705, -0.48008, 0.86818, 0.01963, 0.24522, 1.2599, -3.59286, 2.86445, 7.92067, 1.04339, 1.37198, -2.30885, 1.55878, 10.67938, 2.20092, -7.92311, 3.79083]"
43,sub9,mae,3,sub9-b1__0067__walk.npy,20,walk,10,0.56318533,0,"[7.58734, -4.18038, -7.86549, -4.03529, -4.39725, -7.61912, 6.91028, -4.66515, -1.22007, 7.53556, 8.98314, -1.67811, 3.24275, 4.78445, 5.31347, 1.63919, -6.09899, -0.46294, 1.89527, 6.82463, 3.89464, -2.34664]"
43,sub9,mae,3,sub9-b1__0068__turnaround.npy,19,turnaround,19,0.9170385,1,"[5.00187, -1.42297, -8.95449, -7.09836, 3.35986, -6.18868, -2.05465, -5.21483, -6.67339, 3.27804, 5.85897, 0.85733, 3.86999, 3.94079, 2.46622, 4.79934, -2.55916, 1.01979, -0.13182, 9.07918, -3.58621, -9.24093]"
43,sub9,mae,3,sub9-b1__0069__walk.npy,20,walk,17,0.8632406,0,"[-0.25128, -4.11926, -6.58549, -7.66681, 3.91043, -7.15702, -1.83488, -0.00515, -7.29639, 3.66662, 2.99244, 1.3778, 3.38677, 1.13502, -3.58172, 9.38584, -3.67433, 11.44601, 0.66102, 7.91856, 0.36193, -8.016]"
43,sub9,mae,3,sub9-b1__0070__turnaround.npy,19,turnaround,19,0.995106,1,"[2.73357, -4.06838, -7.30375, -8.91535, 0.7991, -6.04817, -2.46483, -5.84934, -2.61014, 5.82602, 8.55244, -2.76825, 2.89446, 0.68835, 4.3333, 4.40501, -5.82074, 2.22501, 2.33881, 13.97095, 2.4246, -7.67081]"
43,sub9,mae,3,sub9-b1__0071__walk.npy,20,walk,10,0.4512929,0,"[7.8556, -4.35787, -8.96714, -4.76782, -4.11536, -8.36188, 6.99349, -3.82106, -0.74713, 8.03511, 8.78429, -1.60495, 3.77024, 4.83458, 5.03705, 2.09466, -5.69871, -0.22885, 2.36949, 6.70305, 3.21385, -2.50315]"
43,sub9,mae,3,sub9-b1__0072__turnaround.npy,19,turnaround,19,0.9132009,1,"[3.55716, -1.75714, -8.70801, -7.8239, 4.78484, -5.8907, -4.4649, -4.69607, -6.68433, 3.47528, 6.6661, 0.44586, 3.45763, 2.90144, 1.37905, 4.56306, -2.05139, 2.39593, 0.06404, 9.38876, -3.17338, -9.53854]"
43,sub9,mae,3,sub9-b1__0073__walk.npy,20,walk,17,0.8870104,0,"[-0.37562, -4.03864, -6.28243, -7.72769, 3.83621, -7.01026, -2.13238, -0.05894, -7.04355, 3.5207, 3.35787, 1.25891, 3.28909, 0.84392, -3.46911, 9.15702, -3.69295, 11.49107, 0.5833, 7.95003, 0.2562, -8.03435]"
43,sub9,mae,3,sub9-b1__0074__turnaround.npy,19,turnaround,19,0.9953348,1,"[2.45024, -3.35828, -9.07114, -8.99439, 3.65848, -6.72489, -4.15549, -5.43241, -4.38447, 5.53072, 7.97538, -3.57929, 3.08499, 2.07733, 0.62026, 6.59639, -5.54206, 2.40373, 2.69546, 13.65898, 1.89609, -8.26947]"
43,sub9,mae,3,sub9-b1__0075__walk.npy,20,walk,10,0.5647615,0,"[7.51381, -4.50033, -8.50909, -4.09548, -4.16453, -7.61544, 6.84466, -4.373, -1.31078, 8.08259, 9.1621, -1.66279, 3.44431, 4.78564, 5.0096, 1.98329, -5.85253, -0.5687, 1.93547, 6.86047, 4.15703, -2.49849]"
43,sub9,mae,3,sub9-b1__0076__turnaround.npy,19,turnaround,19,0.91286844,1,"[4.79204, -2.33978, -9.08684, -7.91913, 2.88989, -6.32884, -2.19041, -4.74739, -6.21775, 3.88659, 6.8844, 1.15362, 4.23904, 2.97712, 2.43086, 5.03727, -2.95295, 1.38193, 0.07325, 9.61261, -2.7698, -9.32698]"
43,sub9,mae,3,sub9-b1__0077__walk.npy,20,walk,17,0.84983814,0,"[-0.35534, -4.16069, -6.63472, -7.67072, 3.9969, -7.24255, -1.82192, 0.05042, -7.30819, 3.8665, 2.99901, 1.17449, 3.26286, 1.24874, -3.63933, 9.71538, -3.80709, 11.61293, 0.61713, 7.93628, 0.48342, -7.92102]"
43,sub9,mae,3,sub9-b1__0078__turnaround.npy,19,turnaround,19,0.99498296,1,"[2.54258, -3.89191, -7.67647, -8.99033, 1.9006, -6.34602, -3.27449, -5.94674, -3.49552, 5.7691, 8.49234, -3.31646, 3.20231, 1.11186, 2.54405, 5.15021, -5.82328, 2.06556, 2.39339, 13.8967, 3.00108, -8.05207]"
43,sub9,mae,3,sub9-b1__0079__walk.npy,20,walk,10,0.39389586,0,"[7.82543, -4.50279, -8.58895, -4.66591, -4.18519, -8.31865, 7.22493, -4.13981, -1.48886, 8.13772, 8.64991, -1.41865, 3.6775, 4.92138, 5.28426, 2.32326, -5.8923, -0.15707, 1.9395, 6.96211, 3.67454, -2.98358]"
43,sub9,mae,3,sub9-b1__0080__turnaround.npy,19,turnaround,19,0.9355494,1,"[3.80704, -1.94949, -7.76158, -7.83458, 3.25819, -5.43436, -3.12331, -4.82878, -6.49965, 3.32569, 6.55628, 1.11152, 3.8369, 2.3834, 2.40799, 4.50727, -2.49466, 2.24803, -0.66322, 9.55753, -2.85806, -9.70527]"
43,sub9,mae,3,sub9-b1__0081__walk.npy,20,walk,17,0.83817255,0,"[-0.29669, -4.07252, -6.74469, -7.87296, 4.19013, -7.19896, -2.09901, -0.01911, -7.13442, 3.75881, 3.1038, 1.03862, 3.30345, 1.09448, -3.77273, 9.63798, -3.81251, 11.50122, 0.81821, 8.18209, 0.34174, -8.04728]"
43,sub9,mae,3,sub9-b1__0082__turnaround.npy,19,turnaround,19,0.99617344,1,"[3.18531, -2.31414, -7.41582, -8.36371, 2.43396, -6.43904, -3.60942, -5.67114, -4.84737, 3.07184, 6.63178, -3.19692, 3.18837, 2.12108, 0.44592, 6.68983, -6.25161, 2.63017, 2.78797, 12.99253, 0.74271, -7.9698]"
43,sub9,mae,3,sub9-b1__0083__walk.npy,20,walk,10,0.68150795,0,"[7.73134, -4.23973, -7.62971, -4.3855, -4.2448, -7.64224, 6.46847, -4.67184, -1.06045, 7.88119, 9.59331, -1.90727, 3.36398, 4.46945, 5.11284, 1.36933, -6.02702, -0.82569, 2.03938, 6.81107, 4.39479, -2.57471]"
43,sub9,mae,3,sub9-b1__0084__turnaround.npy,19,turnaround,19,0.9730998,1,"[3.66333, -2.17834, -7.82031, -8.51288, 3.41849, -5.77328, -2.4253, -4.7208, -6.14503, 3.78309, 6.29906, 1.10965, 3.71585, 2.25219, 2.35379, 5.22387, -2.80658, 2.19203, -0.89564, 10.40952, -2.54502, -9.76987]"
43,sub9,mae,3,sub9-b1__0085__walk.npy,20,walk,17,0.87589484,0,"[-0.43235, -3.92121, -6.62446, -7.63378, 4.20509, -7.04535, -2.27052, -0.0034, -7.22996, 3.59367, 3.08412, 1.13534, 3.27773, 1.22958, -3.7834, 9.34684, -3.62033, 11.51929, 0.67187, 7.87607, 0.19515, -8.05659]"
43,sub9,mae,3,sub9-b1__0086__walk.npy,20,walk,19,0.9983121,0,"[2.35044, -3.3729, -7.04901, -9.86022, 2.86962, -6.5991, -4.34669, -5.47669, -3.6109, 4.66972, 8.0061, -3.90289, 3.00124, 0.66677, 0.42987, 6.82053, -6.60885, 2.67622, 3.00461, 14.70754, 2.81658, -8.41387]"
43,sub9,mae,3,sub9-b1__0087__hop.npy,9,hop,9,0.9825119,1,"[6.50626, -3.19763, -15.72929, -4.82306, 7.71005, -8.10056, 0.88304, -4.57635, -2.89741, 14.68992, 10.49817, -2.52346, 1.73577, 8.05759, 4.21554, -0.9719, 2.14983, -5.41001, -0.58429, 5.63475, 0.19987, -7.44814]"
43,sub9,mae,3,sub9-b1__0089__hop.npy,9,hop,9,0.9516047,1,"[6.93825, -3.7255, -13.84304, -4.22627, 3.96844, -8.55579, 3.40302, -4.12586, -2.3882, 12.8192, 9.64948, -2.31764, 2.2578, 7.47989, 4.67681, 0.14518, -0.37722, -3.32458, 0.34575, 5.54119, 1.04517, -5.39678]"
43,sub9,mae,3,sub9-b1__0090__hop.npy,9,hop,9,0.96114045,1,"[6.46667, -3.20065, -14.57562, -3.57809, 4.51639, -8.02675, 2.7821, -3.9715, -2.57891, 12.74864, 9.07212, -2.75403, 2.22379, 8.36321, 3.74603, 0.07569, 0.78861, -3.53454, 0.46301, 4.66499, 0.73332, -4.89212]"
43,sub9,mae,3,sub9-b1__0091__hop.npy,9,hop,9,0.9885578,1,"[6.32941, -2.29626, -16.06719, -4.11413, 8.35016, -7.65319, 0.59348, -4.21929, -2.25977, 14.66026, 9.80422, -2.08239, 1.20776, 8.24023, 4.71841, -1.95721, 3.73199, -5.96061, -1.082, 4.46432, -1.50442, -7.33009]"
43,sub9,mae,3,sub9-b1__0092__hop.npy,9,hop,9,0.9780702,1,"[6.21011, -2.41965, -16.24498, -3.644, 7.74654, -7.96302, 0.88445, -4.08791, -2.4343, 13.72733, 9.21485, -2.43237, 1.25005, 8.92266, 4.16839, -1.21515, 3.19923, -4.83275, -0.3173, 4.32923, -1.63598, -6.19881]"
43,sub9,mae,3,sub9-b1__0093__jump.npy,10,jump,10,0.42057428,1,"[7.8098, -3.84614, -9.2197, -3.96063, -3.97591, -7.64681, 7.0982, -3.92658, -0.88655, 8.21769, 8.70116, -1.21142, 3.46511, 4.99883, 5.44635, 1.19722, -4.97757, -0.88501, 1.989, 6.12154, 2.98971, -2.77884]"
43,sub9,mae,3,sub9-b1__0094__jump.npy,10,jump,10,0.82677466,1,"[8.23137, -3.36091, -10.53598, -5.39286, -2.23917, -8.20609, 4.51265, -3.98371, 0.79435, 8.17561, 10.6903, -1.40341, 2.92336, 4.11271, 6.2448, -0.21827, -4.29816, -1.87887, 2.99089, 7.07483, 0.68684, -3.41027]"
43,sub9,mae,3,sub9-b1__0095__jump.npy,10,jump,10,0.8564386,1,"[7.97559, -3.14438, -10.87188, -5.74307, -1.75403, -8.40714, 4.02081, -3.74112, 1.56287, 8.02249, 10.73333, -2.06164, 2.76188, 4.16061, 5.48236, 0.18661, -4.48836, -1.85336, 3.40266, 7.18149, 0.56665, -2.77327]"
43,sub9,mae,3,sub9-b1__0096__jump.npy,10,jump,10,0.8654192,1,"[7.94976, -2.84034, -11.02719, -5.38988, -1.09363, -8.2949, 3.68941, -4.24728, 1.10681, 8.34851, 10.90121, -2.38126, 2.60122, 4.75381, 5.47762, -0.37873, -3.95041, -2.55563, 3.10805, 6.84425, 0.855, -2.89162]"
43,sub9,mae,3,sub9-b1__0098__jump.npy,10,jump,10,0.48074523,1,"[7.45689, -2.83765, -10.89314, -3.07362, -2.49489, -7.57188, 5.58508, -4.10423, -0.68089, 7.55003, 8.45402, -2.30885, 3.09997, 6.70822, 4.86534, 0.34942, -3.84847, -1.34999, 2.79025, 5.16536, 1.75358, -1.54236]"
43,sub9,mae,3,sub9-b1__0099__jump.npy,10,jump,10,0.68775415,1,"[7.46922, -1.63446, -11.31023, -3.35352, -1.97693, -7.34549, 4.35297, -4.12077, 1.33189, 6.76341, 8.98592, -3.0555, 2.48194, 6.41284, 4.40384, -0.03053, -3.95868, -2.21171, 3.60282, 5.2139, 0.30703, -1.00219]"
43,sub9,mae,3,sub9-b1__0100__jump.npy,10,jump,10,0.6974417,1,"[7.8495, -2.8935, -10.55888, -4.1153, -2.46035, -7.98464, 5.11011, -4.07877, 0.60781, 7.61, 9.48206, -2.30216, 2.92707, 5.6294, 5.35913, 0.09944, -4.37032, -1.79942, 3.1804, 5.99992, 1.22825, -1.85741]"
43,sub9,mae,3,sub9-b1__0101__runonspot.npy,13,runonspot,13,0.99141437,1,"[6.51958, 0.07734, -12.36451, 1.72935, 1.01273, -7.6247, 3.5581, -4.36747, -1.9923, 6.33585, 5.29047, -4.8489, 1.1688, 12.08219, 2.82397, -0.44931, -0.61664, -3.46033, 2.4965, 0.7466, -0.92656, 2.12444]"
43,sub9,mae,3,sub9-b1__0103__runonspot.npy,13,runonspot,13,0.99487334,1,"[6.30388, 0.12104, -12.23636, 2.31041, -0.04787, -7.3372, 4.04801, -4.44299, -1.80845, 5.89506, 4.97831, -4.67456, 1.28089, 12.34814, 3.28022, -0.80746, -0.514, -3.16801, 2.45083, 0.21191, -1.15362, 2.93133]"
43,sub9,mae,3,sub9-b1__0105__runonspot.npy,13,runonspot,13,0.9991304,1,"[5.91418, 2.53036, -12.87035, 4.31699, 1.43069, -6.86496, 0.92816, -4.48076, -0.78903, 3.7844, 4.54345, -5.80006, -0.21363, 13.76063, 2.94083, -3.10117, 0.82006, -4.31948, 4.14657, -1.68131, -4.20703, 4.90953]"
43,sub9,mae,3,sub9-b1__0106__airkick.npy,0,airkick,0,0.6615735,1,"[10.64961, -1.08389, -9.9701, -2.8487, -4.20963, -7.45571, 5.87206, -4.66331, -1.53658, 4.88346, 6.93129, 1.41075, 4.28464, 6.02566, 9.87962, -3.33927, -1.19059, -2.31155, 1.81878, 3.63936, -3.90413, -3.75805]"
43,sub9,mae,3,sub9-b1__0107__airkick.npy,0,airkick,14,0.5222026,0,"[10.07426, 0.69048, -8.89758, -1.07772, -5.3866, -5.28138, 5.40425, -5.33982, -1.38519, 2.59784, 6.51582, 1.61388, 4.05447, 6.80708, 10.2399, -4.81042, -0.04976, -2.47674, 1.09544, 2.08046, -4.95281, -3.13085]"
43,sub9,mae,3,sub9-b1__0108__buttkicks.npy,4,buttkicks,9,0.95880777,0,"[6.88771, -3.82043, -14.42119, -4.82912, 4.86753, -9.27864, 3.58193, -3.90008, -3.08438, 12.42051, 8.7167, -2.99519, 2.35572, 7.90944, 3.90583, 1.65643, -1.55719, -1.8319, 1.25465, 6.3986, 1.36334, -5.4628]"
43,sub9,mae,3,sub9-b1__0109__buttkicks.npy,4,buttkicks,9,0.9668092,0,"[6.67256, -3.95837, -16.28601, -5.64843, 7.94446, -9.40916, 1.24726, -4.17352, -3.6123, 13.53374, 9.78791, -3.33874, 1.99014, 7.90872, 3.54435, 1.16667, -0.71649, -3.09657, 1.38045, 7.43581, 1.18214, -7.18239]"
43,sub9,mae,3,sub9-b1__0110__buttkicks.npy,4,buttkicks,9,0.89420134,0,"[6.78182, -2.22094, -17.74492, -5.52741, 11.35241, -9.07796, -0.91105, -3.93916, -4.17401, 13.64797, 8.90286, -3.87906, 1.80611, 8.71301, 1.31894, 0.87851, 1.13452, -4.07292, 1.73871, 6.32042, -0.80458, -8.49311]"
43,sub9,mae,3,sub9-b1__0111__buttkicks.npy,4,buttkicks,9,0.9683412,0,"[7.31327, -4.5042, -16.17953, -6.95461, 8.1294, -9.67707, 0.7799, -4.02064, -3.13433, 14.34721, 10.7376, -2.51031, 2.48554, 6.23666, 4.20563, 0.56324, -0.62981, -3.82153, 1.43118, 8.3162, 0.83974, -8.52694]"
43,sub9,mae,3,sub9-b1__0112__buttkicks.npy,4,buttkicks,9,0.9811885,0,"[6.83376, -5.15787, -16.64509, -6.60188, 8.09512, -10.12493, 1.26788, -3.85316, -3.27115, 14.68999, 10.5377, -2.52768, 2.29645, 6.9058, 4.80659, 0.63706, -0.25862, -3.39267, 1.10781, 7.97511, 0.93397, -7.64589]"
43,sub9,mae,3,sub9-b1__0113__buttkicks.npy,4,buttkicks,9,0.9646984,0,"[6.71459, -5.53679, -13.84978, -5.76103, 3.52564, -9.43904, 4.48095, -3.51249, -3.17934, 13.12239, 9.58365, -1.81566, 2.74016, 6.29461, 5.09661, 1.7919, -2.37002, -1.39896, 0.90958, 7.63988, 2.7755, -6.09531]"
43,sub9,mae,3,sub9-b1__0114__airkick.npy,0,airkick,0,0.7033443,1,"[10.31582, -1.45517, -9.49716, -3.05591, -5.42413, -7.41044, 6.52271, -4.01963, -1.17687, 4.13338, 6.82512, 1.66693, 4.6959, 5.57274, 9.27275, -2.62913, -1.88283, -1.657, 2.30821, 3.78344, -3.67357, -3.1034]"
43,sub9,mae,3,sub9-b1__0115__airkick.npy,0,airkick,0,0.37145364,1,"[9.79267, -2.86077, -9.76431, -5.2679, -3.44279, -8.54601, 5.07701, -4.85341, 0.19544, 6.35712, 9.34055, 0.21253, 3.85608, 4.27699, 9.75784, -2.23265, -3.12894, -2.09228, 2.76941, 6.60322, -1.59774, -3.79459]"
43,sub9,mae,3,sub9-b1__0116__airkick.npy,0,airkick,0,0.6563605,1,"[9.93461, -2.54273, -12.0132, -6.07696, -1.97837, -8.90662, 3.68526, -3.98175, 0.13972, 5.83669, 8.25226, 0.01933, 4.66791, 4.61935, 8.61823, -1.77617, -2.20139, -1.4529, 4.27897, 6.64464, -3.38871, -4.18778]"
43,sub9,mae,3,sub9-b1__0117__airkick.npy,0,airkick,0,0.68567216,1,"[10.10595, -1.87951, -10.6342, -5.49483, -3.67799, -8.36152, 4.91473, -3.94216, 0.47981, 4.40561, 7.54967, 0.60243, 4.64501, 4.55471, 9.04262, -1.89586, -2.52099, -1.00247, 3.83486, 5.99679, -4.06342, -3.56694]"
43,sub9,mae,3,sub9-b1__0118__airkick.npy,0,airkick,0,0.6305973,1,"[10.22202, -2.25878, -10.01004, -5.63016, -3.79169, -8.34123, 5.10361, -4.48104, 0.23576, 4.79467, 8.27203, 0.64334, 4.47168, 4.20623, 9.30972, -1.89428, -3.06951, -1.00797, 3.48792, 6.51657, -3.1332, -4.19554]"
43,sub9,mae,3,sub9-b1__0119__airkick.npy,0,airkick,0,0.53999573,1,"[10.61891, -1.429, -9.07587, -3.60915, -5.59327, -6.9407, 6.50419, -4.50717, -1.18869, 3.77477, 6.99743, 2.57619, 4.85981, 4.71906, 10.39458, -3.11329, -1.72757, -1.3343, 1.83411, 4.53697, -4.11798, -4.42948]"
43,sub9,mae,3,sub9-b1__0120__sidekick.npy,14,sidekick,14,0.8536119,1,"[8.23992, -2.2617, -7.5932, -4.4157, -6.62979, -6.89928, 7.30335, -3.47512, 1.76764, 4.2261, 7.1415, 2.36942, 3.50402, 3.03194, 10.60327, -2.66711, -2.83774, 0.81895, 2.69043, 5.35273, -3.92331, -2.41937]"
43,sub9,mae,3,sub9-b1__0121__sidekick.npy,14,sidekick,14,0.6883602,1,"[8.32431, -1.8182, -8.62799, -4.53497, -5.5744, -7.61823, 6.68144, -3.39555, 1.49262, 3.45091, 6.68365, 1.38874, 3.55274, 4.02045, 9.50467, -2.02598, -2.98653, 0.97794, 3.6436, 5.22031, -4.52745, -1.732]"
43,sub9,mae,3,sub9-b1__0122__sidekick.npy,14,sidekick,14,0.94020396,1,"[8.0236, -2.86205, -7.74327, -4.01912, -5.75418, -7.52886, 7.35017, -4.00055, 0.84695, 4.95114, 7.44507, 2.21737, 2.87121, 3.49618, 11.57663, -2.33745, -2.77682, 0.65347, 1.83719, 5.50582, -3.4979, -2.14871]"
43,sub9,mae,3,sub9-b1__0123__sidekick.npy,14,sidekick,14,0.96765435,1,"[8.29089, -1.75253, -8.19123, -2.79387, -6.2161, -5.92742, 7.28252, -3.60713, 0.03573, 3.98287, 6.19924, 3.71668, 3.4311, 3.89501, 12.12626, -3.82327, -0.80082, 0.61921, 1.2457, 4.02818, -5.48906, -3.31996]"
43,sub9,mae,3,sub9-b1__0124__sidekick.npy,14,sidekick,14,0.9253127,1,"[8.3246, -2.04524, -9.28237, -3.6008, -5.18229, -7.7329, 6.9321, -3.14268, 0.43782, 4.26204, 5.56177, 2.48409, 3.55748, 4.61614, 11.16762, -3.03281, -1.21402, 0.35455, 2.81059, 4.19342, -5.56273, -1.89757]"
43,sub9,mae,3,sub9-b1__0126__crosstoe.npy,6,crosstoe,6,0.97255117,1,"[9.87606, -3.42712, -0.28819, -4.73355, -10.84033, -5.6239, 13.6934, -2.18257, -0.26464, 2.93413, 3.64332, 7.46403, 7.29267, -0.06653, 7.70502, 0.2756, -4.45089, -0.00295, -1.21847, 3.21975, -1.72894, -4.58799]"
43,sub9,mae,3,sub9-b1__0127__crosstoe.npy,6,crosstoe,6,0.9630476,1,"[9.70691, -3.12391, 1.42059, -4.68063, -10.91467, -5.18738, 13.33037, -2.27429, -0.85332, 2.61435, 3.20498, 8.13226, 6.91083, -0.76639, 7.90738, 0.52343, -4.22962, 0.44081, -2.01473, 3.02865, -2.38876, -5.26938]"
43,sub9,mae,3,sub9-b1__0128__crosstoe.npy,6,crosstoe,6,0.97266823,1,"[9.39403, -3.36925, 0.94746, -4.69228, -10.75984, -5.00821, 13.39576, -2.1451, -0.52436, 3.06773, 3.32649, 7.98732, 6.87654, -0.7793, 7.80668, 0.5696, -4.185, 0.45972, -1.94815, 3.19718, -1.94874, -5.11877]"
43,sub9,mae,3,sub9-b1__0129__crosstoe.npy,6,crosstoe,6,0.97384053,1,"[9.41376, -3.85061, -0.21074, -5.12742, -9.74663, -6.03641, 13.34401, -2.29253, -1.01617, 3.99707, 3.52807, 7.11661, 6.55971, 0.03684, 7.78963, 1.52, -4.61632, 0.22239, -1.77489, 4.04233, -1.35754, -5.16903]"
43,sub9,mae,3,sub9-b1__0130__crosstoe.npy,6,crosstoe,6,0.9729373,1,"[10.00466, -3.79096, -0.45838, -5.17412, -9.9645, -5.98763, 13.82366, -2.18452, -1.21952, 3.9997, 3.28807, 7.58893, 7.03247, -0.03315, 7.8875, 1.13354, -4.55113, -0.0204, -1.63215, 3.97117, -1.57589, -5.68002]"
43,sub9,mae,3,sub9-b1__0132__throw.npy,18,throw,18,0.96932936,1,"[4.59423, 0.46656, -10.84793, -2.91708, -1.89169, -7.91307, 0.37102, 1.55569, 4.36793, 0.45609, 2.51626, -4.12082, 2.9042, 5.05569, 1.23758, 1.7881, -3.49849, 2.81966, 9.69657, 3.45002, -7.07747, 4.40543]"
43,sub9,mae,3,sub9-b1__0134__throw.npy,18,throw,18,0.9821968,1,"[4.66243, 0.42086, -9.81024, -4.82706, -1.73849, -8.36872, -0.90165, 0.33949, 3.91564, -0.43937, 2.37883, -3.887, 3.30404, 3.80337, 1.04536, 2.66413, -4.87084, 3.52745, 10.35926, 5.56281, -7.56543, 2.82799]"
43,sub9,mae,3,sub9-b1__0135__throw.npy,18,throw,18,0.98285276,1,"[4.58178, 0.85186, -10.59336, -2.54332, -1.66897, -8.18493, -0.2289, 1.17222, 3.49439, -0.51739, 1.79153, -4.31763, 2.75085, 5.44608, 0.52833, 2.31789, -4.09018, 3.01163, 10.3664, 3.54355, -7.67619, 4.56633]"
43,sub9,mae,3,sub9-b1__0136__throw.npy,18,throw,18,0.9843376,1,"[4.49872, 0.91058, -10.52224, -2.43744, -1.56505, -8.06073, -0.57977, 1.21051, 2.87605, -0.78445, 1.56182, -4.15307, 2.87041, 5.45902, 0.2669, 2.57158, -4.12617, 3.37264, 10.38034, 3.60264, -7.89699, 4.09961]"
43,sub9,mae,3,sub9-b2__0001__walk.npy,20,walk,20,0.9988175,1,"[3.76179, -1.75439, 3.93413, -4.51055, -6.81732, -5.58913, -1.07416, -5.69743, -0.87116, 3.29848, 11.41881, -5.20524, 1.69216, -2.04267, -3.36728, 0.65538, -9.59627, -2.35927, 0.84656, 4.45907, 18.16031, 0.0289]"
43,sub9,mae,3,sub9-b2__0002__turnaround.npy,19,turnaround,19,0.9999846,1,"[5.48608, 0.05124, -4.6099, -15.94006, -0.40914, -2.9041, -0.9207, -5.42935, 1.00076, 4.54602, 11.07871, -2.53869, 2.70751, -5.82325, 3.11839, -0.25906, -8.73369, -3.91094, 3.65677, 22.20642, 7.92498, -15.71394]"
43,sub9,mae,3,sub9-b2__0003__walk.npy,20,walk,20,0.996409,1,"[1.08523, -2.90281, -7.65422, -6.66446, 2.80716, -3.93626, 1.15394, -2.11681, -6.51244, 6.97813, 5.25144, -1.58629, 1.3068, 1.00725, -1.98917, 0.71907, -4.76554, 3.71654, 2.93767, 9.05389, 14.82677, -9.7902]"
43,sub9,mae,3,sub9-b2__0004__turnaround.npy,19,turnaround,19,0.9999925,1,"[3.97217, 0.45497, -0.50445, -17.34358, -1.32137, -2.98226, -2.76521, -4.52066, 6.64528, 1.99009, 10.13525, -3.98564, 1.96919, -8.16964, 2.33914, 4.21057, -9.76763, -4.18602, 2.2082, 21.97119, 5.29916, -12.47668]"
43,sub9,mae,3,sub9-b2__0005__walk.npy,20,walk,20,0.9980724,1,"[4.3575, -0.43214, 4.08216, -3.32333, -6.5517, -5.14077, -2.40369, -5.87284, -1.14342, 1.42114, 11.13158, -5.76753, 1.70108, -1.28268, -4.86189, -0.06006, -9.12165, -3.4977, 1.54817, 3.14966, 17.38378, 1.12715]"
43,sub9,mae,3,sub9-b2__0006__turnaround.npy,19,turnaround,19,0.999984,1,"[5.79195, 0.12331, -3.81551, -16.30064, -1.02293, -3.06953, -0.66751, -5.29103, 1.49413, 4.58068, 10.96609, -2.66229, 2.77898, -6.34105, 3.18691, -0.31115, -9.09047, -4.09854, 3.94883, 22.09451, 8.43558, -15.6148]"
43,sub9,mae,3,sub9-b2__0007__walk.npy,20,walk,20,0.99608326,1,"[0.66155, -2.81822, -7.40023, -6.76815, 2.7159, -3.63648, 0.6271, -2.18065, -5.92412, 6.83552, 5.82137, -1.98995, 1.09068, 0.62554, -2.0212, 0.51211, -4.93345, 3.94617, 2.99471, 9.23754, 14.90088, -9.54283]"
43,sub9,mae,3,sub9-b2__0008__turnaround.npy,19,turnaround,19,0.99999857,1,"[3.13426, -1.6762, -2.24921, -18.34908, -0.1445, -3.59175, -1.5587, -4.29423, 7.0176, 4.32226, 10.39118, -3.78759, 1.95694, -8.4902, 3.43116, 5.09957, -10.28123, -2.51721, 2.40642, 23.8835, 6.09304, -13.21303]"
43,sub9,mae,3,sub9-b2__0009__walk.npy,20,walk,20,0.9990269,1,"[5.7705, -1.08126, 2.19271, -5.37017, -7.17134, -6.37884, -0.71921, -5.48645, -0.62344, 4.09591, 11.31904, -5.17606, 2.53501, -2.06945, -3.25921, -0.08146, -9.95932, -3.89605, 1.99176, 4.47988, 18.25924, -0.8088]"
43,sub9,mae,3,sub9-b2__0010__turnaround.npy,19,turnaround,19,0.9999887,1,"[6.69613, 1.04674, -3.63209, -16.09888, -1.16658, -2.90115, -0.52355, -5.49283, 1.05801, 4.03358, 10.11085, -2.3191, 2.82503, -6.17431, 3.33221, -0.59946, -8.92305, -4.36387, 3.83785, 21.61004, 7.5271, -16.04167]"
43,sub9,mae,3,sub9-b2__0011__walk.npy,20,walk,20,0.99655676,1,"[0.84009, -2.86643, -7.58223, -6.53162, 2.8952, -3.82814, 0.87438, -2.01737, -6.30457, 6.93938, 5.28131, -2.03205, 1.10634, 1.00786, -2.37991, 1.19324, -4.95612, 4.08281, 2.88003, 9.00682, 14.82658, -9.50163]"
43,sub9,mae,3,sub9-b2__0012__turnaround.npy,19,turnaround,19,0.9999993,1,"[3.5386, -2.09442, -2.56463, -18.89929, 0.58757, -4.54853, -1.43229, -3.96692, 6.12007, 4.40578, 10.02603, -3.92639, 2.19981, -8.20379, 2.31045, 6.24702, -10.44629, -2.00846, 2.6837, 24.17725, 6.09986, -13.68297]"
43,sub9,mae,3,sub9-b2__0013__walk.npy,20,walk,20,0.98907465,1,"[5.59146, 0.36136, 4.38688, -4.00257, -7.32637, -4.96184, -3.25726, -6.32516, -0.24806, 1.19727, 12.19215, -5.61869, 1.5938, -2.4615, -3.83096, -1.79648, -9.27909, -4.41828, 1.96133, 3.35242, 16.69984, 0.53936]"
43,sub9,mae,3,sub9-b2__0014__turnaround.npy,19,turnaround,19,0.9999728,1,"[5.0712, 0.79913, -3.71301, -16.08181, 0.28163, -3.06598, -2.09991, -5.45384, 1.29585, 4.43653, 11.1749, -3.8644, 2.0418, -5.81734, 1.72243, 0.04176, -8.77613, -3.97407, 4.18854, 21.73047, 7.93081, -15.14598]"
43,sub9,mae,3,sub9-b2__0015__walk.npy,20,walk,20,0.9936069,1,"[1.01745, -2.88794, -7.57903, -7.09749, 2.60607, -3.75014, 0.67824, -2.16364, -5.80774, 6.8112, 5.9207, -1.92303, 1.3075, 0.33574, -1.83776, 0.43112, -5.13093, 3.77809, 3.25996, 9.68185, 14.81035, -9.73599]"
43,sub9,mae,3,sub9-b2__0016__turnaround.npy,19,turnaround,19,0.9999988,1,"[3.93677, -0.8275, -1.83011, -19.17257, 0.08492, -4.20929, -1.93022, -4.07935, 7.12905, 3.81913, 10.00791, -4.44537, 2.1354, -8.63442, 1.70291, 5.931, -10.60649, -2.56567, 2.85212, 23.67957, 6.02988, -13.41588]"
43,sub9,mae,3,sub9-b2__0018__turnaround.npy,19,turnaround,19,0.9999653,1,"[4.64523, -0.9484, -3.68588, -16.1174, -0.79032, -3.12214, -0.90948, -5.43001, 1.95337, 5.50538, 12.05411, -3.18798, 2.326, -6.6122, 3.49203, -0.14573, -9.11835, -3.50174, 3.58186, 22.37411, 9.07266, -14.82774]"
43,sub9,mae,3,sub9-b2__0019__walk.npy,20,walk,20,0.9982638,1,"[0.79353, -2.43476, -7.12093, -5.91019, 2.79905, -3.44182, 0.74016, -2.02017, -6.52384, 6.74759, 4.91522, -2.10563, 0.99426, 1.21175, -2.87433, 0.88361, -4.68028, 4.0867, 3.00042, 8.15408, 14.78273, -9.22536]"
43,sub9,mae,3,sub9-b2__0020__turnaround.npy,19,turnaround,19,0.9999995,1,"[3.5772, -1.88239, -3.32761, -19.36201, 2.06298, -5.37521, -1.96978, -4.41913, 5.57872, 4.86358, 10.04277, -5.54742, 1.78362, -7.34439, 0.35803, 7.27885, -11.05997, -1.4485, 3.69208, 24.58435, 7.07395, -13.60225]"
43,sub9,mae,3,sub9-b2__0021__walk.npy,20,walk,20,0.99941957,1,"[6.67915, 0.09595, 2.97129, -3.96672, -7.92654, -5.85231, -0.25221, -5.67797, -1.92724, 3.35141, 10.04122, -4.65145, 2.6617, -1.13757, -3.27201, -0.80827, -9.41629, -3.76906, 1.38973, 2.69972, 17.52995, -1.21103]"
43,sub9,mae,3,sub9-b2__0022__turnaround.npy,19,turnaround,19,0.99998164,1,"[4.63325, -0.48781, -4.27593, -16.04113, -0.08901, -3.23461, -0.97388, -5.41388, 1.34707, 4.91476, 11.45403, -3.57712, 2.38262, -5.79754, 2.21374, 0.39683, -9.40889, -3.21886, 4.24419, 22.45199, 9.08363, -14.92919]"
43,sub9,mae,3,sub9-b2__0023__walk.npy,20,walk,20,0.9979327,1,"[0.70815, -2.63117, -7.11864, -6.21205, 2.84106, -3.57982, 0.74575, -2.10659, -6.29017, 6.8375, 5.13792, -2.38338, 0.96, 1.01822, -2.69561, 1.11121, -4.96671, 3.96191, 3.01444, 8.75215, 15.1061, -9.21734]"
43,sub9,mae,3,sub9-b2__0024__turnaround.npy,19,turnaround,19,0.9999994,1,"[3.29513, -1.97493, -2.79237, -19.55292, 2.41067, -5.33021, -2.10007, -4.44738, 5.1449, 4.79881, 10.35593, -5.49121, 1.71897, -7.61715, 0.00172, 7.28194, -10.89992, -1.11792, 3.55291, 24.68513, 7.61054, -13.81671]"
43,sub9,mae,3,sub9-b2__0025__hop.npy,9,hop,9,0.57710296,1,"[5.63521, -3.44632, -7.92503, -8.35493, 7.44888, -9.86806, -5.06503, -5.62986, -4.08603, 14.79683, 14.05239, -5.27707, 2.73542, 1.63879, -2.66824, -2.19416, -2.83592, -7.81544, -0.90757, 5.09638, 13.43806, -7.37109]"
43,sub9,mae,3,sub9-b2__0026__hop.npy,9,hop,4,0.97224325,0,"[5.21572, -2.28393, -14.38943, -7.36195, 19.06008, -9.69503, -9.29832, -4.91789, -6.73391, 15.49932, 10.08647, -2.47796, 1.57738, 5.96012, -1.69735, -1.64015, 5.96875, -8.92186, -3.89588, 3.7268, 0.12598, -12.20051]"
43,sub9,mae,3,sub9-b2__0027__hop.npy,9,hop,4,0.98527896,0,"[5.1523, -1.81, -14.57461, -7.82125, 19.17894, -10.07213, -9.19633, -4.9129, -6.40659, 14.96727, 10.10373, -3.67367, 1.49266, 6.47651, -3.25687, -1.25937, 5.15169, -8.67078, -3.05874, 3.61481, 0.94307, -11.31715]"
43,sub9,mae,3,sub9-b2__0028__hop.npy,9,hop,4,0.98910695,0,"[4.15192, -2.20279, -15.21319, -7.32763, 20.20549, -9.64215, -9.02069, -4.43087, -6.70989, 15.69504, 9.23381, -3.22935, 1.11443, 6.71187, -3.11906, -0.29349, 6.15416, -8.07827, -3.88461, 3.59912, 0.45045, -11.77174]"
43,sub9,mae,3,sub9-b2__0029__hop.npy,9,hop,4,0.9734682,0,"[4.51697, -2.46678, -15.46061, -7.6067, 19.27932, -9.89669, -8.55243, -4.50571, -5.90265, 15.67426, 9.64316, -2.89039, 1.1175, 6.22674, -2.17041, -0.90148, 5.61504, -8.1863, -3.42602, 4.03797, 0.33356, -11.39601]"
43,sub9,mae,3,sub9-b2__0030__hop.npy,9,hop,4,0.97323483,0,"[3.99982, -2.80998, -15.51768, -6.57752, 19.4794, -9.74239, -8.23526, -4.80508, -6.85325, 15.88425, 9.31433, -3.2437, 1.01306, 7.23421, -1.72463, -0.84568, 5.82603, -7.42958, -4.1226, 3.50837, 0.75652, -10.97408]"
43,sub9,mae,3,sub9-b2__0031__jump.npy,10,jump,10,0.94591755,1,"[6.80771, 2.47048, 1.84594, -2.76388, -6.24407, -4.79104, -5.45781, -8.22537, -0.12901, -0.71376, 14.6978, -5.33839, 1.92828, -0.51704, -1.83847, -5.07378, -7.20952, -5.56858, 0.75677, 1.56884, 11.82932, -0.09811]"
43,sub9,mae,3,sub9-b2__0032__jump.npy,10,jump,10,0.9999056,1,"[7.17098, 1.96119, -3.93512, -6.78018, 1.06527, -5.9485, -9.52505, -7.99299, -0.48784, 1.97055, 17.37014, -4.40467, 1.88533, -0.77962, -1.95763, -5.02567, -4.26178, -7.28739, -0.3084, 4.83824, 7.52292, -5.31452]"
43,sub9,mae,3,sub9-b2__0033__jump.npy,10,jump,10,0.999938,1,"[6.52588, 2.35395, -2.9645, -4.8839, 0.0766, -4.09287, -9.76543, -7.91494, -1.05983, 0.83905, 17.26524, -3.91813, 1.96137, -0.7237, -1.96843, -5.20471, -3.88767, -6.77834, -1.07976, 3.72075, 7.09313, -5.45177]"
43,sub9,mae,3,sub9-b2__0034__jump.npy,10,jump,10,0.9998276,1,"[5.00361, 2.26617, -5.39116, -4.28115, 2.40919, -7.06484, -9.70165, -7.28935, 0.41211, -1.36715, 14.46544, -5.90753, 0.77478, 2.8165, -4.35827, -2.34362, -4.04407, -5.0451, 1.10502, 3.03561, 4.74301, 0.02618]"
43,sub9,mae,3,sub9-b2__0035__jump.npy,10,jump,10,0.999814,1,"[7.28534, 1.8607, -3.58229, -7.29051, -0.73403, -6.36531, -8.51558, -7.12392, 0.9098, 1.19907, 17.10122, -4.55144, 2.67777, -1.42697, -2.66683, -4.02584, -5.72758, -6.5159, 0.54549, 4.64645, 8.12515, -4.09001]"
43,sub9,mae,3,sub9-b2__0036__runonspot.npy,13,runonspot,13,0.9925299,1,"[2.97743, 7.32701, -5.95857, 13.26331, 6.2581, -3.46713, -7.76045, -6.99604, -9.20057, -3.27536, -1.60198, -5.47206, -1.52591, 18.15799, -6.02538, -4.2011, 6.57409, -6.59289, -2.5406, -12.1798, -3.99538, 5.66703]"
43,sub9,mae,3,sub9-b2__0037__runonspot.npy,13,runonspot,13,0.9874444,1,"[1.72124, 7.5069, -7.0432, 16.07045, 7.26601, -3.09496, -7.33024, -5.78196, -10.34799, -3.67118, -4.07892, -5.41955, -1.81735, 20.43634, -6.13431, -3.86146, 8.46968, -5.94501, -2.30184, -13.91983, -5.57251, 6.90943]"
43,sub9,mae,3,sub9-b2__0038__runonspot.npy,13,runonspot,13,0.9986946,1,"[2.46116, 6.93542, -8.77698, 13.29236, 9.66438, -4.08651, -8.28736, -6.26875, -9.64009, -1.93012, -2.71807, -5.15855, -1.48606, 19.97337, -5.22621, -4.20356, 8.98362, -7.07111, -2.23979, -12.08667, -6.57516, 4.43937]"
43,sub9,mae,3,sub9-b2__0039__runonspot.npy,13,runonspot,13,0.9993013,1,"[2.78775, 6.48147, -8.86623, 12.43431, 9.98017, -4.97621, -8.14136, -6.20895, -9.64621, -1.31935, -2.36775, -5.10832, -1.35149, 19.8083, -5.0184, -4.151, 8.76265, -7.25039, -2.34202, -11.81718, -6.28731, 4.44043]"
43,sub9,mae,3,sub9-b2__0040__runonspot.npy,13,runonspot,13,0.99948704,1,"[2.98829, 6.54284, -9.32876, 12.24597, 10.45796, -5.0395, -8.00183, -6.3033, -10.22628, -1.13296, -2.5357, -5.24077, -1.30047, 19.99734, -5.72348, -3.73297, 8.43583, -7.19733, -2.28159, -11.75023, -5.77436, 3.94613]"
43,sub9,mae,3,sub9-b2__0041__buttkicks.npy,4,buttkicks,4,0.99984777,1,"[2.86488, 2.99527, -15.69018, 0.86413, 23.95534, -8.46681, -10.31349, -4.96007, -10.62934, 7.75863, 0.38826, -5.22458, -0.27578, 15.1629, -7.61286, 1.07329, 8.6876, -6.98262, -3.32016, -3.27224, -4.54869, -6.91456]"
43,sub9,mae,3,sub9-b2__0043__buttkicks.npy,4,buttkicks,4,0.99998474,1,"[2.91963, -0.99525, -17.35376, -4.92287, 24.39853, -9.83183, -9.29327, -4.33938, -9.74561, 13.21915, 4.46275, -4.56857, 0.6144, 10.8338, -6.21532, 2.04091, 5.97889, -6.94044, -3.02233, 2.41557, 0.13762, -10.79975]"
43,sub9,mae,3,sub9-b2__0044__buttkicks.npy,4,buttkicks,4,0.99997807,1,"[2.86172, -1.00502, -16.88065, -5.09698, 23.87841, -9.84193, -9.01101, -4.06785, -9.82233, 13.0825, 4.53181, -4.93478, 0.59015, 10.39627, -7.38533, 2.28379, 5.47946, -6.48425, -2.4898, 2.20404, 1.38175, -10.38309]"
43,sub9,mae,3,sub9-b2__0046__buttkicks.npy,4,buttkicks,4,0.9999311,1,"[3.71172, -1.98961, -17.27937, -6.07902, 23.23044, -10.11304, -8.82092, -4.03768, -8.82414, 13.638, 5.38541, -3.34343, 1.14734, 9.01895, -4.63122, 1.64625, 5.27773, -6.85037, -2.79896, 3.50726, -0.28847, -11.52714]"
43,sub9,mae,3,sub9-b2__0047__airkick.npy,0,airkick,0,0.9987048,1,"[14.66649, 7.94445, 2.39811, 3.76828, -6.36506, 0.4315, -3.00478, -5.46788, -10.09286, -0.59859, -0.79174, 4.05257, 4.3036, 2.24042, 2.11785, -8.54154, 2.35693, -10.45996, -2.99345, -8.15444, -0.41628, -8.31235]"
43,sub9,mae,3,sub9-b2__0049__airkick.npy,0,airkick,0,0.97631913,1,"[15.46044, 5.73218, 3.59865, -0.96376, -12.74284, -0.29603, 0.607, -5.3902, -3.56406, 0.51375, 2.25513, 8.12141, 4.53923, -3.76993, 11.71043, -11.35493, 0.4493, -11.41434, -3.8307, -4.01307, -0.46677, -8.675]"
43,sub9,mae,3,sub9-b2__0050__airkick.npy,0,airkick,0,0.9972938,1,"[14.97475, 5.7469, 2.65908, -3.46316, -11.93149, -2.85638, -1.31947, -6.25838, -0.83747, 1.50593, 6.51401, 2.97517, 4.10985, -3.89218, 8.92474, -10.72088, -3.21458, -11.56297, -0.71732, -1.6566, 3.81151, -6.60627]"
43,sub9,mae,3,sub9-b2__0051__airkick.npy,0,airkick,0,0.9977847,1,"[15.2725, 5.16903, 0.44879, -5.15114, -8.40474, -4.38499, -1.09184, -4.70441, -1.54548, 4.1109, 4.05439, 4.0115, 3.46273, -3.8372, 9.12068, -9.48812, -1.46978, -11.82123, -1.11526, -1.32577, 1.68391, -8.42136]"
43,sub9,mae,3,sub9-b2__0052__airkick.npy,0,airkick,0,0.9948933,1,"[15.08565, 5.81923, 1.98341, -4.60677, -10.31716, -2.5403, -0.33539, -4.55389, -1.13885, 2.8596, 3.42425, 5.08197, 3.50918, -4.59282, 9.78067, -9.49147, -1.4969, -11.20469, -1.60335, -1.53712, 1.06418, -8.96896]"
43,sub9,mae,3,sub9-b2__0053__sidekick.npy,14,sidekick,14,0.9938286,1,"[11.27685, 4.03909, 3.06341, -2.82558, -12.79092, -1.27569, 1.26491, -5.91077, 2.86568, 2.20897, 5.18769, 6.35935, 2.3342, -5.50625, 16.36956, -13.47763, -1.00944, -10.02366, -1.72163, -0.69611, 0.02412, -5.12914]"
43,sub9,mae,3,sub9-b2__0054__sidekick.npy,14,sidekick,14,0.996427,1,"[9.38971, 3.62863, 2.69029, -2.76311, -12.21379, -2.60934, 0.23454, -6.05321, 4.8924, 0.74968, 6.33062, 3.82842, 1.00318, -5.16823, 15.08548, -11.36934, -2.68114, -8.3344, -1.17888, 0.29909, 0.82142, -1.48733]"
43,sub9,mae,3,sub9-b2__0055__sidekick.npy,14,sidekick,14,0.505701,1,"[7.90131, 4.9607, 4.75079, -1.8811, -12.0176, -2.43985, -1.87792, -7.43519, 6.27475, -2.89278, 7.87237, -1.23713, 0.02865, -3.56552, 8.74949, -9.73415, -5.28833, -7.48287, 1.31842, 0.14234, 3.19121, 3.01014]"
43,sub9,mae,3,sub9-b2__0056__sidekick.npy,14,sidekick,14,0.9862563,1,"[10.20474, 4.52429, 3.21711, -3.18363, -13.2311, -3.00938, 2.03646, -4.8292, 5.63971, -0.25699, 2.59467, 5.16165, 1.6418, -4.60754, 14.50013, -11.20763, -1.9817, -8.89343, 0.24425, -1.51996, -1.93688, -0.21536]"
43,sub9,mae,3,sub9-b2__0058__crosstoe.npy,6,crosstoe,6,0.6351781,1,"[6.99325, -2.43966, 6.27053, 0.43818, -12.49322, -1.67793, 13.38443, -3.69419, -6.63803, -0.47301, -3.26525, 12.6026, 5.59295, -0.91312, 11.21164, -0.46101, -1.76957, 2.54576, -5.16323, 1.47709, -3.09571, -7.72961]"
43,sub9,mae,3,sub9-b2__0059__crosstoe.npy,6,crosstoe,6,0.9508856,1,"[6.66542, -1.5579, 9.20232, -0.5089, -13.26093, -2.7421, 13.03346, -3.84389, -5.27632, -2.3895, -3.53018, 9.3642, 5.73169, -1.16795, 6.82153, 0.22276, -4.2924, 3.39439, -2.49531, 0.68261, -1.85002, -4.62806]"
43,sub9,mae,3,sub9-b2__0061__crosstoe.npy,6,crosstoe,6,0.9863046,1,"[6.83709, -1.77942, 6.855, -0.17963, -11.65783, -3.49201, 13.44997, -3.74202, -6.23275, -0.80551, -3.94435, 8.77316, 5.4997, 0.41432, 6.9174, 0.64358, -3.80894, 3.49335, -2.33281, 1.01752, -1.97706, -5.31971]"
43,sub9,mae,3,sub9-b2__0062__crosstoe.npy,6,crosstoe,6,0.9778788,1,"[7.85792, -1.81447, 5.66513, -0.06361, -11.60418, -4.03207, 13.39433, -3.80076, -6.89868, -0.2115, -3.918, 9.13744, 6.41567, 1.27842, 7.62285, -0.09017, -3.19855, 2.32287, -2.65701, 0.48654, -2.122, -5.83052]"
43,sub9,mae,3,sub9-b2__0063__throw.npy,18,throw,8,0.6824885,0,"[5.3063, 8.76464, 0.72875, -8.81781, -5.5222, -2.62466, -3.01809, 2.34672, 9.74192, -3.75207, -2.96874, -1.56097, 1.85123, -4.36767, -1.70846, -0.16935, -3.61356, -2.19778, 7.16009, 1.16416, -6.91727, -1.28607]"
43,sub9,mae,3,sub9-b2__0064__throw.npy,18,throw,18,0.88806593,1,"[3.28922, 6.53879, -1.05651, -4.96216, -4.49224, -6.19294, -2.56674, 3.14241, 8.89203, -5.62026, -4.66367, -3.86584, 0.61232, -0.91559, -3.30441, 2.44746, -5.48204, -0.53806, 11.10778, 0.96631, -7.42034, 5.92103]"
43,sub9,mae,3,sub9-b2__0066__throw.npy,18,throw,8,0.8504516,0,"[4.72679, 8.26938, -0.74904, -7.71968, -6.0, -3.54203, -2.88648, 1.99028, 11.42225, -5.13429, -2.75055, -2.9985, 1.43147, -3.33375, -1.8021, 0.44027, -5.46711, -1.77619, 9.39431, 2.17628, -7.00054, 0.69061]"
43,sub9,mae,3,sub9-b2__0067__throw.npy,18,throw,8,0.7359765,0,"[3.72514, 8.49287, -1.23657, -4.22744, -5.85355, -3.0495, -2.52069, 2.87926, 10.27493, -5.43051, -4.40169, -2.43008, 0.50294, -1.82732, -1.20676, -0.16065, -3.76983, -1.38153, 8.60017, -0.23252, -8.0984, 3.25203]"
43,sub9,mae,3,sub9-b2__0068__throw.npy,18,throw,8,0.7275454,0,"[3.49649, 8.31076, -1.33101, -4.07588, -5.6408, -3.54905, -1.88681, 3.18589, 10.14781, -5.22248, -5.20756, -2.51913, 0.24916, -1.33453, -1.21748, 0.22933, -3.58664, -1.10216, 8.58523, -0.66477, -8.1049, 4.39922]"
43,sub9,mae,3,sub9-b2__0069__throw.npy,18,throw,8,0.81584704,0,"[3.85902, 7.78469, -1.05307, -5.80908, -5.66403, -4.01661, -1.63148, 3.20082, 10.52259, -4.61953, -4.58381, -2.11119, 0.61073, -2.40711, -0.98991, 0.59351, -4.1369, -0.8828, 8.67953, 0.63378, -7.59348, 3.01932]"
43,sub9,mae,3,sub9-b2__0070__walk.npy,20,walk,20,0.9974758,1,"[6.11941, 0.98618, 4.10015, -4.14557, -7.95028, -5.62543, -1.2665, -5.94517, 0.76271, 0.85111, 10.46501, -6.03785, 1.81524, -1.7547, -4.16571, -1.72493, -10.20635, -3.35251, 3.16494, 2.75075, 16.46051, 1.54351]"
43,sub9,mae,3,sub9-b2__0071__turnaround.npy,19,turnaround,19,0.9999654,1,"[6.09918, 0.7693, -2.63957, -15.72879, -1.03347, -3.5963, -0.69154, -5.52196, 1.07144, 3.93671, 10.48299, -3.1813, 2.58109, -5.7435, 2.25222, -0.50248, -9.21825, -3.97509, 4.90781, 20.822, 7.52724, -14.94262]"
43,sub9,mae,3,sub9-b2__0072__walk.npy,20,walk,20,0.9986211,1,"[1.64732, -2.59266, -6.59134, -6.63758, 1.44911, -3.63325, 1.31286, -2.31713, -6.40318, 7.16749, 5.84191, -1.79966, 1.80565, 0.43888, -1.35262, 0.5123, -5.00593, 3.08355, 2.42224, 8.60164, 15.45827, -10.12663]"
43,sub9,mae,3,sub9-b2__0073__turnaround.npy,19,turnaround,19,0.99999905,1,"[2.97321, -1.94509, -2.70341, -19.51045, 1.79157, -5.14991, -2.05437, -4.14992, 5.5757, 4.58336, 10.40182, -5.01893, 1.93247, -8.04298, 0.14936, 7.2723, -10.51813, -1.16255, 2.96856, 24.37343, 7.07997, -13.65809]"
43,sub9,mae,3,sub9-b2__0075__turnaround.npy,19,turnaround,19,0.99997413,1,"[5.31521, -0.06213, -3.11548, -16.11805, -1.12084, -3.26818, -0.79713, -5.28901, 1.86566, 4.75494, 11.26022, -3.39563, 2.42628, -6.34944, 2.80258, -0.18633, -9.41993, -3.64812, 4.529, 21.882, 8.37209, -14.87744]"
43,sub9,mae,3,sub9-b2__0076__walk.npy,20,walk,20,0.998727,1,"[1.61185, -2.05347, -7.06371, -5.37112, 2.27772, -3.76104, 0.80241, -1.89886, -7.35242, 6.89335, 4.60355, -2.04729, 1.40573, 1.91138, -3.36493, 1.25685, -4.64704, 3.39331, 2.99679, 6.96036, 14.37097, -9.32035]"
43,sub9,mae,3,sub9-b2__0078__walk.npy,20,walk,20,0.99929917,1,"[5.98955, -0.65985, 3.14943, -5.89982, -8.38855, -6.42544, 0.54226, -5.44561, 1.11323, 3.60006, 10.42572, -5.30821, 1.98515, -2.59727, -1.99178, -1.23716, -10.63658, -2.53576, 3.12632, 4.64632, 17.70581, -0.05672]"
43,sub9,mae,3,sub9-b2__0079__turnaround.npy,19,turnaround,19,0.9999777,1,"[5.85006, -1.05111, -4.29189, -16.00218, -1.85672, -4.10644, 0.23241, -5.1461, 1.92539, 5.09564, 11.06539, -2.65197, 3.13174, -6.02718, 4.08477, -0.26377, -9.66864, -3.80838, 4.8484, 21.82437, 7.88386, -14.22654]"
43,sub9,mae,3,sub9-b2__0080__walk.npy,20,walk,20,0.9990175,1,"[1.54884, -2.04282, -6.99971, -5.72495, 2.10155, -3.43407, 0.57497, -2.19729, -6.90224, 7.10681, 5.35091, -2.31797, 1.59236, 1.40517, -2.9703, 0.75831, -4.8402, 2.78689, 2.99165, 7.60861, 15.08753, -9.5908]"
43,sub9,mae,3,sub9-b2__0081__turnaround.npy,19,turnaround,19,0.99999785,1,"[4.23089, -0.56915, -2.30287, -18.36777, -0.20133, -3.56293, -2.03627, -4.90388, 6.69431, 3.77897, 10.50842, -4.27625, 2.10438, -8.04543, 3.42401, 4.35073, -10.2326, -3.54655, 2.55799, 23.59021, 5.90679, -13.52579]"
43,sub9,mae,3,sub9-b2__0082__walk.npy,20,walk,20,0.99926835,1,"[6.03297, 1.85653, 4.9228, -2.51018, -9.0621, -4.78503, -0.28471, -5.78889, 0.51538, 0.44861, 8.5009, -5.81218, 0.86495, -1.1339, -3.33553, -2.32669, -9.71857, -2.49405, 3.10644, 1.62929, 15.83619, 2.05843]"
43,sub9,mae,3,sub9-b2__0083__turnaround.npy,19,turnaround,19,0.99993396,1,"[5.41057, -0.90979, -3.16062, -15.65171, -1.90011, -3.3686, -0.14417, -5.44252, 1.67869, 5.39301, 11.85115, -2.9948, 2.89168, -6.44669, 3.64351, -0.74774, -9.60136, -4.15822, 4.31162, 21.57833, 9.58507, -14.53597]"
43,sub9,mae,3,sub9-b2__0085__turnaround.npy,19,turnaround,19,0.999995,1,"[4.656, 0.86174, -0.82962, -17.53728, -1.29739, -3.19094, -2.68444, -4.13494, 7.03666, 1.99283, 9.60469, -4.26699, 2.0252, -8.32271, 2.05447, 4.25279, -10.04545, -4.33523, 2.77551, 21.90837, 5.24554, -12.58306]"
43,sub9,mae,3,sub9-b2__0086__walk.npy,20,walk,20,0.9989452,1,"[5.11314, 0.32725, 4.91173, -3.96693, -8.81041, -5.2994, -0.34235, -5.7215, 1.65769, 1.33632, 9.90199, -5.91117, 1.2227, -2.14264, -2.88553, -1.88256, -10.32259, -2.31421, 3.41252, 3.23, 16.77425, 2.29991]"
43,sub9,mae,3,sub9-b2__0087__turnaround.npy,19,turnaround,19,0.9999429,1,"[5.0502, -1.48327, -2.77412, -15.67216, -2.26468, -3.78206, 0.20006, -5.37586, 2.26725, 5.49172, 11.73423, -3.07248, 2.63078, -6.54856, 4.21299, -0.44529, -9.8462, -3.68935, 4.46819, 21.61417, 9.52675, -13.7145]"
43,sub9,mae,3,sub9-b2__0088__walk.npy,20,walk,20,0.9991073,1,"[1.82705, -2.07595, -6.62042, -5.91764, 1.61909, -3.62811, 0.9048, -2.08268, -6.67797, 7.04623, 4.99597, -2.45803, 1.66024, 1.23854, -3.0965, 1.29626, -5.2351, 2.94323, 3.13416, 7.52746, 15.09844, -9.39829]"
43,sub9,mae,3,sub9-b2__0089__turnaround.npy,19,turnaround,19,0.9999927,1,"[0.56937, 0.23516, -2.23049, -14.29811, 1.59507, -2.23521, -1.56541, -4.31351, 4.75174, 2.74266, 8.47641, -5.18389, -1.8044, -5.2912, 1.48806, 1.32717, -8.78998, 2.98067, 3.38571, 20.82099, 8.03203, -10.76487]"
43,sub9,mae,3,sub9-b2__0090__hop.npy,9,hop,4,0.9982095,0,"[5.26652, 0.85874, -14.38752, -3.13636, 19.15873, -7.93452, -8.46382, -4.71765, -8.22368, 12.75052, 5.58932, -3.04046, 1.18193, 10.26227, -3.18577, -1.34256, 7.24052, -7.67599, -4.38041, -0.74716, -2.72163, -11.23205]"
43,sub9,mae,3,sub9-b2__0091__hop.npy,9,hop,4,0.88067865,0,"[6.54512, -1.78175, -14.35256, -7.77965, 17.47385, -9.26439, -7.51511, -4.26446, -6.06437, 15.47339, 8.8918, -1.63499, 1.80831, 5.25688, -0.38248, -2.30331, 4.50473, -7.87877, -3.32569, 3.87097, -0.20949, -13.52109]"
43,sub9,mae,3,sub9-b2__0092__hop.npy,9,hop,4,0.88736093,0,"[5.51639, -2.49871, -14.52795, -7.78297, 17.86315, -9.04836, -7.4284, -4.00529, -6.24587, 15.79802, 8.88141, -1.73836, 1.45163, 5.01785, -0.96036, -1.22154, 4.53532, -7.18751, -3.4497, 4.39065, 0.24138, -13.25563]"
43,sub9,mae,3,sub9-b2__0093__hop.npy,9,hop,4,0.5238095,0,"[6.60118, -2.60742, -13.93475, -8.62564, 15.91086, -9.00166, -6.73804, -3.71251, -5.67944, 15.81412, 9.17143, -0.70078, 1.90174, 3.51363, 0.10906, -1.88705, 3.61757, -7.38919, -3.12052, 4.90299, 0.55524, -13.84238]"
43,sub9,mae,3,sub9-b2__0094__hop.npy,9,hop,4,0.75125897,0,"[6.11197, -2.19722, -12.90073, -7.67333, 17.24756, -9.54078, -7.78268, -4.54167, -7.07573, 16.14085, 9.4948, -2.92289, 1.73958, 5.27349, -2.11897, -1.81501, 3.85188, -7.68205, -3.14141, 3.46104, 1.95729, -12.30434]"
43,sub9,mae,3,sub9-b2__0095__hop.npy,9,hop,4,0.9758078,0,"[6.99331, -0.01759, -13.5474, -6.36964, 17.53596, -9.08229, -7.7929, -4.12457, -6.70551, 13.83552, 7.03729, -2.35642, 1.58143, 6.79254, -2.54719, -1.93534, 5.02617, -7.75116, -2.77716, 1.48834, -1.62569, -12.20525]"
43,sub9,mae,3,sub9-b2__0096__jump.npy,10,jump,10,0.98567814,1,"[9.64359, 5.43485, 1.37089, -2.85132, -5.82081, -3.28671, -6.55272, -8.73186, -0.56453, -0.73357, 14.37551, -5.2528, 2.05574, -0.35846, -1.19135, -7.97725, -6.18321, -6.50403, 0.51237, 0.68317, 9.18685, -3.5935]"
43,sub9,mae,3,sub9-b2__0097__jump.npy,10,jump,10,0.99968827,1,"[7.59926, 2.52548, -1.23128, -6.99523, -3.6474, -3.52953, -7.63512, -7.50822, 1.84513, 1.00528, 17.49302, -3.37293, 1.66537, -4.21651, -0.04108, -6.87305, -6.06684, -6.49079, 0.46252, 5.67093, 9.21217, -5.50434]"
43,sub9,mae,3,sub9-b2__0098__jump.npy,10,jump,10,0.999458,1,"[8.04133, 3.5728, -2.45839, -5.61532, -1.78987, -4.74767, -8.64814, -7.68816, 0.84339, 0.22889, 16.04787, -4.7037, 1.04583, -1.53598, -1.61007, -6.30537, -5.35755, -6.74738, 0.80966, 3.82602, 7.52712, -3.69986]"
43,sub9,mae,3,sub9-b2__0099__jump.npy,10,jump,10,0.999532,1,"[6.27553, 1.5675, -2.05307, -7.87276, -1.57344, -5.52622, -8.04551, -7.1632, 1.5837, 0.88534, 17.38585, -5.19722, 1.46509, -2.92691, -2.70845, -3.62377, -7.06028, -4.36393, 1.14426, 6.53548, 9.6419, -4.12938]"
43,sub9,mae,3,sub9-b2__0100__jump.npy,10,jump,10,0.9994555,1,"[7.46896, 3.64712, -2.53255, -5.60778, -2.82935, -4.05582, -7.80934, -7.49142, 1.58073, 0.33919, 16.21778, -4.37376, 1.15746, -1.97838, -1.02412, -6.46457, -5.90853, -6.33241, 0.78654, 4.17711, 8.33071, -4.1165]"
43,sub9,mae,3,sub9-b2__0101__runonspot.npy,13,runonspot,13,0.99565566,1,"[3.35007, 7.90517, -7.1566, 13.70562, 7.20751, -3.81393, -7.48427, -6.55266, -8.54039, -3.29353, -3.47757, -5.60593, -1.56495, 19.14638, -5.35051, -4.42862, 7.02852, -6.62285, -1.40757, -12.57446, -6.13684, 5.93776]"
43,sub9,mae,3,sub9-b2__0103__runonspot.npy,13,runonspot,13,0.9990044,1,"[3.29635, 6.48259, -10.26547, 10.95205, 12.66834, -5.58532, -8.0684, -6.1176, -9.83774, 0.00591, -3.38962, -5.39587, -1.34189, 19.7571, -4.8377, -3.18844, 8.29286, -6.34775, -2.20511, -10.75117, -7.2481, 2.30171]"
43,sub9,mae,3,sub9-b2__0104__runonspot.npy,13,runonspot,13,0.98552346,1,"[2.08974, 7.78439, -6.6841, 15.83539, 6.52168, -3.16004, -6.67316, -5.96227, -9.31065, -4.06637, -4.70268, -5.58002, -2.09721, 20.05675, -5.58609, -3.67044, 7.07056, -5.09272, -1.67357, -13.54005, -5.90409, 7.10059]"
43,sub9,mae,3,sub9-b2__0105__runonspot.npy,13,runonspot,13,0.99558926,1,"[2.44128, 7.85759, -8.08379, 15.04329, 8.56426, -3.63519, -7.49708, -5.69848, -9.65413, -3.25264, -4.57569, -5.53149, -1.82707, 20.46571, -5.90234, -3.58811, 7.86316, -5.6276, -1.56882, -13.2302, -6.94196, 5.57644]"
43,sub9,mae,3,sub9-b2__0106__buttkicks.npy,4,buttkicks,4,0.9997795,1,"[5.54867, 0.61589, -14.16621, -5.58703, 20.8056, -10.12432, -8.23521, -3.51191, -9.85637, 12.35452, 3.6536, -5.92809, 1.52399, 8.8845, -9.48139, 2.12203, 3.05357, -6.60267, -0.25477, 1.11164, 3.05808, -10.1891]"
43,sub9,mae,3,sub9-b2__0107__buttkicks.npy,4,buttkicks,4,0.995229,1,"[4.47238, -3.45388, -16.4484, -8.14627, 21.01101, -10.94535, -7.31017, -3.73634, -7.80419, 15.67019, 7.08761, -3.42593, 1.41047, 6.83215, -3.31078, 1.14351, 3.01696, -6.17661, -2.14574, 5.38418, 2.51935, -11.94805]"
43,sub9,mae,3,sub9-b2__0109__buttkicks.npy,4,buttkicks,4,0.99993455,1,"[5.34752, -0.12441, -15.50274, -6.67004, 22.82236, -9.22606, -9.71196, -3.62895, -9.36813, 13.18327, 5.49492, -4.63552, 1.595, 7.7421, -7.30104, 1.39685, 3.84883, -6.47463, -1.36882, 3.18762, 0.48067, -13.39756]"
43,sub9,mae,3,sub9-b2__0110__buttkicks.npy,4,buttkicks,4,0.9991364,1,"[5.31295, -2.26088, -15.79604, -8.69115, 21.62004, -10.64682, -9.09869, -3.63703, -7.68237, 14.56515, 7.57598, -4.39111, 1.69467, 5.92806, -5.42331, 1.09383, 2.61499, -6.58681, -0.87413, 5.45071, 2.07889, -12.56247]"
43,sub9,mae,3,sub9-b2__0111__airkick.npy,0,airkick,0,0.9981668,1,"[15.12833, 6.10843, 5.82379, -0.40494, -13.04789, -0.62622, -1.08304, -6.50598, -3.72543, -0.59781, 4.33322, 3.95014, 3.86261, -3.45398, 8.67296, -11.54419, -2.00991, -10.25081, -2.04079, -3.94875, 2.83788, -6.64727]"
43,sub9,mae,3,sub9-b2__0113__airkick.npy,0,airkick,0,0.8502046,1,"[14.26733, 5.60353, 5.17141, 1.27041, -12.46049, 0.46968, 0.78817, -6.11493, -4.8858, 0.02524, 1.50217, 7.56588, 3.62386, -2.65564, 12.5223, -12.03555, 1.04329, -10.07975, -4.64654, -4.82075, -0.36828, -7.834]"
43,sub9,mae,3,sub9-b2__0114__airkick.npy,0,airkick,0,0.933717,1,"[12.71907, 6.29836, 6.03956, -0.01999, -13.77774, 0.43252, -1.12598, -7.14077, -0.88701, -1.32071, 5.76778, 3.18801, 2.83249, -3.85539, 10.01535, -11.63099, -2.49859, -9.60783, -2.13992, -2.96307, 2.93185, -4.79616]"
43,sub9,mae,3,sub9-b2__0115__airkick.npy,0,airkick,14,0.6643995,0,"[13.58993, 4.51053, 5.52747, 0.14755, -13.30298, 0.67509, 1.10557, -6.10563, -3.6791, -0.01651, 2.66536, 8.46666, 3.60453, -4.21888, 14.27933, -11.81327, 0.5298, -9.89086, -4.95528, -3.09957, -0.2518, -7.96774]"
43,sub9,mae,3,sub9-b2__0117__sidekick.npy,14,sidekick,14,0.99708,1,"[8.09071, 4.60258, 3.96974, -1.97107, -12.43792, -0.35369, 0.1399, -5.98019, 5.94563, -0.5896, 6.42364, 3.49412, 0.32879, -5.71726, 14.2351, -11.71684, -2.56978, -7.22199, -1.21215, 0.22065, 0.49114, -1.51383]"
43,sub9,mae,3,sub9-b2__0118__sidekick.npy,14,sidekick,14,0.99143136,1,"[10.74012, 3.40961, 2.38681, -4.96112, -11.49959, -2.76741, 1.88311, -4.76519, 4.18412, 2.41395, 4.51836, 6.52098, 2.33291, -6.46527, 15.51065, -12.71478, -1.23682, -9.06721, -0.29455, 0.23569, -0.89664, -4.48948]"
43,sub9,mae,3,sub9-b2__0119__sidekick.npy,14,sidekick,14,0.99775356,1,"[9.56425, 4.1182, 4.23014, -2.6866, -12.06387, -0.72865, 1.22048, -5.65257, 3.75521, 1.03487, 4.47782, 5.90734, 1.20791, -6.17763, 15.7044, -12.36758, -0.99299, -8.05048, -1.7396, -0.2878, -0.86256, -3.79076]"
43,sub9,mae,3,sub9-b2__0120__sidekick.npy,14,sidekick,14,0.9747365,1,"[11.36681, 4.31283, 3.3917, -3.97173, -12.36462, -1.5105, 2.08037, -4.87524, 2.91296, 1.46614, 3.85375, 7.14153, 2.48464, -6.43055, 15.03637, -13.28469, -0.94006, -9.29667, -0.4675, -0.84385, -1.29558, -5.32834]"
43,sub9,mae,3,sub9-b2__0121__crosstoe.npy,6,crosstoe,6,0.94131863,1,"[7.42246, -2.96232, 5.88696, 0.20674, -11.84431, -3.77371, 13.24061, -3.47734, -6.9716, 1.02816, -3.56821, 10.01298, 6.43492, 0.75814, 9.21926, -0.25106, -2.4829, 2.52483, -3.73737, 0.56529, -1.42771, -6.25534]"
43,sub9,mae,3,sub9-b2__0122__crosstoe.npy,6,crosstoe,6,0.94519866,1,"[7.43814, -2.72901, 5.32529, 0.42559, -11.60436, -3.64314, 13.70784, -3.48012, -7.06004, 0.93841, -4.01126, 10.39353, 6.2206, 0.99453, 9.73994, -0.42227, -2.10993, 2.53083, -3.94419, 0.47622, -1.83307, -6.52308]"
43,sub9,mae,3,sub9-b2__0123__crosstoe.npy,6,crosstoe,6,0.97382486,1,"[7.65063, -1.89073, 5.16599, -1.41023, -11.41802, -3.52281, 13.19384, -3.79152, -5.18129, 1.34977, -3.10832, 8.88399, 5.99456, -0.19783, 8.41619, -1.00251, -3.50768, 2.22334, -1.96007, 1.84417, -1.63789, -6.69912]"
43,sub9,mae,3,sub9-b2__0124__crosstoe.npy,6,crosstoe,6,0.97737396,1,"[7.33914, -2.09199, 5.92661, 0.01999, -11.20791, -4.06563, 12.85092, -3.55528, -6.35884, 0.99195, -3.96439, 8.18401, 5.6703, 1.07506, 8.00882, 0.27933, -3.21502, 2.89359, -2.62566, 0.62324, -1.70994, -5.38489]"
43,sub9,mae,3,sub9-b2__0125__crosstoe.npy,6,crosstoe,6,0.96652305,1,"[7.6756, -1.28709, 7.43569, -1.55003, -12.16136, -3.46067, 12.49511, -3.63419, -4.35665, 0.2117, -3.3791, 8.09618, 5.87295, -0.95507, 7.46228, -0.68427, -4.2571, 2.58291, -1.5157, 1.32007, -1.63492, -5.78275]"
43,sub9,mae,3,sub9-b2__0126__crosstoe.npy,6,crosstoe,6,0.973762,1,"[7.51793, -0.50742, 7.87697, -0.42439, -12.45802, -2.88939, 12.62934, -3.50026, -4.66699, -0.34057, -4.2944, 7.90081, 5.73276, -0.25228, 6.58947, -0.55559, -3.83587, 2.45502, -1.69465, -0.03649, -1.83874, -5.04958]"
43,sub9,mae,3,sub9-b2__0127__throw.npy,18,throw,8,0.9741987,0,"[5.6879, 8.21065, 1.54275, -8.10829, -7.77325, -2.33902, -1.35513, 2.26734, 12.24088, -4.13115, -1.32198, -1.97023, 2.14225, -4.94057, -1.16372, -1.28866, -5.13802, -2.52836, 7.29979, 0.56067, -4.0911, 1.17999]"
43,sub9,mae,3,sub9-b2__0128__throw.npy,18,throw,8,0.9880328,0,"[5.27039, 9.0128, 1.03711, -7.95934, -7.4216, -1.49161, -1.59597, 0.14223, 13.50809, -4.48902, -0.29275, -3.02409, 1.09133, -4.43148, -0.21005, -2.33579, -5.26699, -2.50668, 6.1898, 1.79676, -3.57767, 0.49683]"
43,sub9,mae,3,sub9-b2__0129__throw.npy,18,throw,8,0.993586,0,"[5.05823, 8.75212, 1.3583, -7.85741, -7.63671, -1.5315, -1.57362, 0.2646, 13.88421, -4.63208, -0.11014, -3.07686, 1.05416, -4.72595, -0.18303, -2.19847, -5.47579, -2.53748, 6.02543, 1.75071, -3.31531, 1.073]"
43,sub9,mae,3,sub9-b2__0130__throw.npy,18,throw,8,0.99880946,0,"[5.45012, 6.68756, 1.10898, -11.30331, -7.25103, -2.80561, -2.11214, 0.90564, 14.29368, -2.56251, 2.67748, -3.28226, 2.04149, -6.96293, -0.48006, -1.43913, -6.80898, -2.45874, 6.62141, 4.67036, -0.81697, -0.85745]"
43,sub9,mae,3,sub9-b2__0131__throw.npy,18,throw,8,0.99442625,0,"[4.10761, 7.56407, 0.01379, -5.49059, -7.46362, -2.97642, -1.95218, 1.96852, 13.65226, -5.03936, -0.68315, -4.19803, 0.61224, -3.27117, -1.04463, -1.66464, -5.56039, -2.69084, 7.71797, 0.20976, -3.40161, 6.23693]"
43,sub9,mae,3,sub9-c__0001__sit.npy,15,sit,15,0.9804316,1,"[2.23028, -3.16941, 0.74227, -8.66084, 0.05232, -7.73594, 2.95222, -2.14872, 0.80668, 4.10857, -1.32779, -4.89465, -0.39125, -0.37765, -0.66358, 16.02762, -10.76341, 8.25603, 1.63681, 12.09157, 2.21032, -4.47828]"
43,sub9,mae,3,sub9-c__0002__stand.npy,17,stand,17,0.9985734,1,"[0.03377, 0.92102, 3.00375, -1.4177, -0.82392, -3.10403, 1.6181, -2.28388, 0.37321, 2.35827, -0.64614, -5.16128, -4.37998, 0.69884, 0.11703, 3.70173, -6.79396, 12.3502, 1.66816, 2.99997, 5.38605, -0.6924]"
43,sub9,mae,3,sub9-c__0003__turnaround.npy,19,turnaround,19,0.99993634,1,"[2.32734, -1.27237, 3.24027, -14.93576, -0.54285, -4.78946, -1.17979, -5.3474, 2.99833, 3.64868, 9.148, -5.49253, -0.55833, -6.37014, 0.31435, 4.15647, -10.95955, 1.5178, 3.50505, 19.90393, 9.82446, -10.49898]"
43,sub9,mae,3,sub9-c__0004__sit.npy,15,sit,15,0.95296663,1,"[2.05726, -3.04672, 0.6671, -9.48185, 0.4022, -7.88272, 2.98643, -2.10871, 1.26389, 3.97184, -0.66169, -5.64711, -0.58089, -0.5278, -1.69684, 15.89431, -11.30775, 8.18392, 2.19875, 12.87614, 3.38198, -4.26231]"
43,sub9,mae,3,sub9-c__0006__turnaround.npy,19,turnaround,19,0.9961325,1,"[3.32747, -0.2116, 0.45986, -10.75461, 2.63453, -5.18872, -6.94135, -6.96437, -1.62447, 0.92704, 8.07341, -4.07671, 1.0582, -2.47674, -1.32531, 4.20996, -6.46714, 0.38669, 0.23189, 13.66407, 2.15694, -10.12994]"
43,sub9,mae,3,sub9-c__0007__sit.npy,15,sit,15,0.9929658,1,"[5.22464, -3.41952, -3.9517, -6.98536, -0.55601, -10.70148, 6.85634, -0.4323, -1.95154, 5.12899, -0.88041, -1.01753, 1.10391, 2.51771, 1.5228, 14.44507, -9.83714, 8.52432, 2.34776, 8.84246, -2.77991, -3.60749]"
43,sub9,mae,3,sub9-c__0008__stand.npy,17,stand,17,0.9393802,1,"[4.11864, -2.59877, -1.5952, -5.99977, -3.20245, -8.53481, 8.34637, -0.34113, -1.74127, 4.80814, 0.38608, 0.9882, -0.23848, 1.0133, 3.85857, 8.0364, -8.02103, 11.97826, 1.96411, 7.9095, -1.84614, -4.2946]"
43,sub9,mae,3,sub9-c__0009__turnaround.npy,19,turnaround,19,0.9172273,1,"[8.07271, -2.04423, -4.5441, -8.49341, -2.66405, -7.91915, 6.24329, -3.94901, -0.64912, 5.80045, 6.24316, -0.45724, 2.08035, 1.6026, 5.18442, 5.37916, -8.54812, 2.0209, 1.60566, 10.91999, -1.34423, -7.84798]"
43,sub9,mae,3,sub9-c__0011__stand.npy,17,stand,17,0.9576803,1,"[3.72125, -2.06743, -1.08996, -6.40163, -2.55023, -8.45608, 7.37394, -0.44041, -1.76373, 4.59187, 0.48372, 0.30473, -0.55939, 0.77349, 2.46333, 8.4208, -8.00063, 12.25394, 2.01714, 7.9964, -1.5212, -4.32003]"
43,sub9,mae,3,sub9-c__0012__turnaround.npy,19,turnaround,19,0.9644975,1,"[6.53092, -1.7319, -5.21788, -7.85694, -1.81065, -7.92186, 4.71266, -3.48913, -1.47391, 5.52037, 4.99756, -1.89892, 1.53633, 2.17239, 3.71785, 7.0099, -8.51642, 4.06724, 2.04193, 11.09542, -0.87155, -7.46026]"
43,sub9,mae,3,sub9-c__0013__sit.npy,15,sit,15,0.9876494,1,"[5.29701, -2.96887, -3.48759, -6.21611, -1.1631, -10.34732, 7.01565, -0.69509, -2.32544, 4.5051, -0.90348, -1.39974, 1.02758, 3.19067, 1.35337, 13.68434, -9.94027, 8.68901, 2.69536, 8.18277, -2.62229, -3.34987]"
43,sub9,mae,3,sub9-c__0015__turnaround.npy,19,turnaround,19,0.9242249,1,"[7.39514, -2.17529, -5.30136, -7.21936, -2.97008, -7.16856, 5.15321, -5.00715, -1.57657, 5.47758, 6.37784, -1.09643, 2.4161, 2.44447, 5.11146, 5.02577, -8.05234, 1.5323, 1.46082, 10.50095, -0.35034, -7.12537]"
43,sub9,mae,3,sub9-c__0016__squat.npy,16,squat,16,0.98186594,1,"[0.02264, 4.66879, -4.52488, 5.28194, 1.33804, 3.99966, -8.48384, -2.73003, -11.81706, -0.86441, -0.65551, 6.63563, 4.3446, 6.48481, -1.33924, -5.37379, 11.51895, -2.30147, -5.85544, -6.1296, -8.36063, -9.49533]"
43,sub9,mae,3,sub9-c__0017__squat.npy,16,squat,16,0.99166286,1,"[0.18067, 3.78507, -5.65152, 3.51569, 3.06897, 2.5593, -7.29495, -3.11087, -11.08481, 2.31866, -1.41623, 8.49353, 3.4011, 5.03964, -0.79152, -5.16117, 13.3335, -2.81579, -6.76084, -5.9419, -8.42992, -9.8326]"
43,sub9,mae,3,sub9-c__0018__squat.npy,16,squat,16,0.99176264,1,"[0.33829, 3.39746, -6.19961, 2.48072, 4.06106, 1.42902, -7.52362, -3.41292, -10.61626, 2.86424, -1.05063, 7.71718, 3.28048, 4.97424, -1.21363, -4.5454, 12.63135, -2.74215, -6.15799, -5.0294, -7.97026, -9.73978]"
43,sub9,mae,3,sub9-c__0019__squat.npy,16,squat,16,0.994191,1,"[0.47859, 3.53075, -5.9676, 2.76692, 4.14728, 1.27447, -7.20345, -3.47553, -10.69444, 3.23155, -1.49882, 8.44987, 2.99949, 4.89897, -0.89613, -5.11875, 13.65433, -3.17373, -6.60053, -5.77251, -8.24854, -9.69484]"
43,sub9,mae,3,sub9-c__0020__squat.npy,16,squat,16,0.99600995,1,"[0.16885, 3.99013, -5.62862, 3.66493, 3.96951, 2.27366, -7.46381, -3.2865, -11.08866, 2.91811, -1.86363, 8.63258, 2.8745, 5.09197, -1.11528, -5.35121, 14.21414, -3.39426, -7.20649, -6.5961, -8.38916, -9.7256]"
43,sub9,mae,3,sub9-c__0021__pickup.npy,11,pickup,11,0.87430876,1,"[5.91381, 0.75334, -4.4896, -3.53058, -6.35464, -2.09987, 0.98602, -3.13712, -7.30207, -1.54339, 0.56336, 10.28555, 8.23838, 0.98881, 2.87691, -4.61513, 3.30641, -0.17755, 0.2468, 1.00456, -7.42, -9.74982]"
43,sub9,mae,3,sub9-c__0022__pickup.npy,11,pickup,12,0.57287556,0,"[6.52984, -0.0087, -3.59592, -4.85893, -8.07509, -3.28761, 2.89765, -2.72185, -6.05949, -3.25998, 0.09349, 8.61771, 9.04185, 0.10327, 2.41708, -2.00558, -1.53249, 1.75581, 2.60195, 3.50569, -6.01107, -8.86427]"
43,sub9,mae,3,sub9-c__0024__pickup.npy,11,pickup,11,0.9037668,1,"[5.49589, 0.66154, -5.62132, -3.11253, -5.15755, -1.84146, 0.93207, -3.38746, -7.53589, 0.10453, 0.62059, 10.43524, 8.05904, 1.59381, 2.94094, -5.29363, 5.22034, -1.38224, -0.82493, 0.18567, -7.21523, -9.80314]"
43,sub9,mae,3,sub9-c__0025__pushchair.npy,12,pushchair,12,0.66164106,1,"[5.13969, 1.649, -4.34026, -2.20373, -5.88655, -2.12218, 0.16401, -3.28937, -7.83994, -2.74096, -0.56623, 7.00746, 7.84947, 2.81112, 0.87365, -1.65646, 1.10376, 0.32971, 0.30512, 1.28856, -6.22981, -8.20156]"
43,sub9,mae,3,sub9-c__0026__pushchair.npy,12,pushchair,12,0.9161939,1,"[4.27109, -0.14759, -4.50421, -5.34018, -4.10492, -4.27236, 0.18427, -3.00626, -8.03151, -0.97448, -0.4704, 4.62044, 8.04063, 2.85512, -1.2224, 2.4915, -1.16961, 1.34252, 0.83539, 4.26895, -3.29063, -8.55312]"
43,sub9,mae,3,sub9-c__0027__pushchair.npy,12,pushchair,12,0.7107308,1,"[5.03021, -0.1136, -4.99619, -4.49812, -4.41071, -4.62236, 0.91565, -2.46492, -8.80901, -1.00848, -1.47443, 6.83265, 7.93405, 2.87549, -0.73084, 1.33105, 0.2666, 1.39262, 0.78782, 3.07089, -4.65688, -9.22357]"
43,sub9,mae,3,sub9-c__0028__pushchair.npy,12,pushchair,12,0.8643305,1,"[4.06647, 1.36372, -4.41037, -2.64142, -4.3576, -2.15853, -1.12628, -3.5265, -8.39488, -1.91171, -0.14055, 5.35681, 7.63152, 3.553, -0.23943, -0.30478, 1.20447, -0.02867, -0.4676, 1.85852, -4.90663, -8.17549]"
43,sub9,mae,3,sub9-c__0029__pushchair.npy,12,pushchair,12,0.7063623,1,"[4.33028, 2.10481, -4.04872, -1.30853, -5.31627, -1.28158, -0.56429, -3.29528, -8.76677, -2.53465, -0.91815, 6.54299, 7.61371, 3.87768, 0.1857, -1.3103, 2.27379, -0.32389, -1.1918, 0.3425, -5.89856, -8.12506]"
43,sub9,mae,3,sub9-c__0030__pushchair.npy,12,pushchair,12,0.5866228,1,"[3.96354, 2.04811, -4.66753, -1.34583, -3.91859, -1.1946, -1.49793, -3.5875, -9.04859, -1.62095, -0.44606, 6.75162, 7.27924, 4.08918, 0.35896, -1.92829, 3.71555, -0.79122, -1.69129, 0.17522, -6.21832, -8.73023]"
43,sub9,mae,3,sub9-c__0031__sit.npy,15,sit,15,0.96195376,1,"[5.43508, -3.09081, -5.18325, -5.90081, -0.84216, -10.14279, 6.68199, -1.48264, -3.46324, 5.15047, -0.08183, -1.12023, 1.30576, 3.9572, 2.2715, 12.44448, -9.08025, 8.21161, 2.34893, 8.53274, -2.42863, -4.27917]"
43,sub9,mae,3,sub9-c__0032__stand.npy,17,stand,17,0.9518951,1,"[4.22538, -2.4511, -1.69221, -6.0268, -2.61847, -8.67609, 7.66905, -0.46512, -2.01398, 4.57952, 0.43186, 0.60139, -0.1769, 1.13578, 2.99629, 8.47973, -8.07561, 12.13193, 2.23007, 7.70705, -2.11327, -4.25463]"
43,sub9,mae,3,sub9-c__0033__turnaround.npy,19,turnaround,19,0.8128821,1,"[7.97313, -2.17727, -6.92395, -6.56668, -1.60387, -6.4256, 4.04155, -6.04582, -3.12497, 6.13729, 7.02527, 0.09803, 2.7439, 3.13157, 7.17304, 2.90596, -6.02378, 0.01391, 0.43253, 10.15346, -1.07925, -8.4291]"
43,sub9,mae,3,sub9-c__0034__sit.npy,15,sit,15,0.87690866,1,"[4.79036, -3.22685, -4.78371, -5.87502, -0.21825, -9.3283, 5.30086, -2.48368, -3.58854, 5.828, 1.70081, -2.14528, 0.8102, 3.82103, 2.21928, 11.37807, -8.95409, 7.78339, 1.92092, 9.11979, -0.91973, -4.57194]"
43,sub9,mae,3,sub9-c__0035__stand.npy,17,stand,17,0.96668965,1,"[3.97229, -2.48459, -1.24412, -6.55466, -2.82997, -8.71081, 7.47116, -0.43343, -1.65748, 4.18433, 0.72937, 0.36172, -0.01247, 0.68541, 2.56976, 8.77433, -8.56578, 12.72527, 2.42346, 8.07364, -1.8939, -4.08639]"
43,sub9,mae,3,sub9-c__0036__turnaround.npy,19,turnaround,19,0.92219776,1,"[7.20012, -2.19013, -5.42494, -7.03238, -2.49121, -7.70363, 5.47994, -4.50579, -2.16376, 5.36952, 5.6886, -0.79643, 1.98219, 2.8137, 5.1076, 5.20084, -8.01678, 2.82276, 1.8255, 10.29036, -1.36631, -7.06163]"
43,sub9,mae,3,sub9-c__0037__sit.npy,15,sit,15,0.9900002,1,"[5.52282, -2.17813, -4.07404, -6.31796, -0.7676, -9.91715, 5.6721, -0.54656, -3.81983, 3.51032, -1.50256, -0.56845, 1.59096, 3.03435, 0.92362, 14.13669, -9.2174, 9.20858, 2.1949, 8.11081, -3.82997, -4.58564]"
43,sub9,mae,3,sub9-c__0038__stand.npy,17,stand,17,0.9691122,1,"[3.87794, -2.15355, -1.14427, -5.94689, -2.72819, -8.43145, 7.45589, -0.51422, -2.22376, 4.4008, 0.2719, 0.73674, -0.39299, 1.00358, 2.74588, 8.25482, -7.73749, 12.38643, 1.86025, 7.54863, -2.02187, -4.38359]"
43,sub9,mae,3,sub9-c__0039__turnaround.npy,19,turnaround,19,0.70103717,1,"[8.30848, -1.67342, -7.34122, -6.29639, -1.62103, -7.73533, 4.78551, -5.25562, -2.84765, 5.60384, 6.08679, -0.85764, 2.44157, 4.20097, 5.75122, 3.88269, -6.8447, 1.23943, 1.92843, 9.43562, -2.08645, -7.28513]"
43,sub9,mae,3,sub9-c__0040__sit.npy,15,sit,15,0.9664918,1,"[5.15124, -2.98116, -4.50307, -5.68317, -0.58405, -9.95702, 6.34332, -1.56824, -3.97793, 4.66641, -0.22999, -1.35439, 1.08164, 3.93809, 1.57391, 12.85976, -9.21633, 8.95368, 2.15709, 8.45056, -2.34565, -4.30207]"
43,sub9,mae,3,sub9-c__0041__stand.npy,17,stand,17,0.9735661,1,"[3.91221, -2.07863, -1.25216, -5.99594, -2.21667, -8.56351, 6.47146, -0.33755, -1.79971, 4.0655, 0.44021, 0.36725, -0.60401, 0.7735, 2.64077, 8.61547, -8.0993, 12.61677, 2.39323, 7.54169, -3.01895, -3.96635]"
43,sub9,mae,3,sub9-c__0042__turnaround.npy,19,turnaround,19,0.65258396,1,"[8.32513, -2.02198, -6.94176, -5.90604, -2.38562, -6.72509, 4.70329, -5.9032, -3.34894, 5.30765, 6.52149, 0.11667, 2.9859, 3.79308, 7.10264, 2.87842, -6.24206, 0.33652, 1.1164, 9.39779, -1.44901, -7.5189]"
43,sub9,mae,3,sub9-c__0043__sit.npy,15,sit,15,0.9912224,1,"[5.28279, -2.54109, -4.68554, -5.97074, -0.43099, -10.09986, 5.6807, -0.725, -3.95761, 4.26275, -1.19071, -0.9441, 1.33842, 3.47135, 1.1113, 14.15876, -9.08474, 8.93699, 1.86078, 8.35819, -3.27284, -4.33165]"
43,sub9,mae,3,sub9-c__0044__stand.npy,17,stand,17,0.9621148,1,"[3.92834, -2.38924, -0.97088, -6.44155, -2.82711, -8.68957, 7.53581, -0.44171, -1.97045, 4.43605, 0.48946, 0.51841, -0.23521, 0.72667, 2.58593, 8.67566, -8.29347, 12.5306, 2.08237, 8.00565, -1.71938, -4.33454]"
43,sub9,mae,3,sub9-c__0045__turnaround.npy,19,turnaround,19,0.7273663,1,"[8.3088, -2.0843, -7.7197, -6.31637, -1.58081, -7.16354, 4.14103, -5.78853, -3.20051, 5.87847, 6.70856, -0.4814, 2.95248, 3.94669, 6.61701, 3.32975, -6.28096, 0.37062, 1.35264, 9.70585, -1.37409, -7.76666]"
43,sub9,mae,3,sub9-c__0046__sit.npy,15,sit,15,0.9548737,1,"[4.72874, -3.01494, -4.86807, -6.1411, -0.15565, -9.57328, 5.20481, -2.29186, -3.53609, 5.19112, 0.86911, -2.11692, 0.9869, 3.80292, 1.42718, 12.35939, -9.07533, 7.9815, 2.23064, 8.92955, -1.52727, -4.3814]"
43,sub9,mae,3,sub9-c__0047__stand.npy,17,stand,17,0.96108276,1,"[3.71129, -2.49188, -1.26588, -6.50919, -2.38907, -8.68019, 7.03327, -0.48467, -1.73056, 4.63173, 0.70125, 0.09558, -0.30513, 0.72284, 2.36733, 9.07595, -8.42602, 12.7191, 2.30273, 8.15469, -1.79105, -4.19907]"
43,sub9,mae,3,sub9-c__0048__turnaround.npy,19,turnaround,19,0.7707714,1,"[8.1196, -2.19177, -7.60041, -6.66397, -1.79026, -6.86424, 4.16467, -5.87645, -2.39072, 6.29185, 7.49552, -0.59477, 2.8268, 3.46945, 6.80289, 2.86559, -6.34833, -0.05985, 1.26451, 10.02803, -1.04725, -7.89177]"
43,sub9,mae,3,sub9-c__0049__squat.npy,16,squat,16,0.95934063,1,"[1.26192, 3.96992, -4.42302, 2.4041, 2.22698, 1.66721, -6.66329, -2.90272, -10.30349, 1.75866, -1.95224, 9.12344, 3.51297, 3.87019, -1.59614, -5.02968, 12.30282, -2.99486, -5.84201, -5.9809, -8.12249, -9.74621]"
43,sub9,mae,3,sub9-c__0050__squat.npy,16,squat,16,0.98374486,1,"[1.15388, 3.71284, -4.72402, 2.10075, 3.28234, 1.21772, -7.00558, -3.08956, -10.09563, 3.04286, -1.77651, 9.06103, 2.9353, 3.64441, -1.16598, -5.30993, 13.1825, -3.42025, -6.28114, -5.99624, -7.97504, -9.91636]"
43,sub9,mae,3,sub9-c__0051__squat.npy,16,squat,16,0.98954403,1,"[0.95743, 3.90003, -4.84241, 2.41545, 3.36961, 1.61961, -7.29367, -3.08288, -10.25637, 3.03824, -1.77016, 9.01496, 2.91752, 3.84269, -1.18656, -5.45589, 13.58712, -3.63538, -6.46441, -6.14076, -8.1757, -9.99764]"
43,sub9,mae,3,sub9-c__0052__squat.npy,16,squat,16,0.95288926,1,"[1.54577, 4.12162, -3.67352, 3.12097, 1.68023, 1.89446, -5.94424, -2.3657, -10.28826, 1.89693, -2.76112, 10.68696, 3.09916, 3.3261, -1.29209, -5.69175, 13.69756, -3.3572, -6.64826, -7.52463, -8.57593, -9.58216]"
43,sub9,mae,3,sub9-c__0053__squat.npy,16,squat,16,0.9750406,1,"[1.14484, 3.82613, -4.32875, 2.89294, 2.66344, 1.54225, -6.37118, -2.56651, -10.72041, 2.38309, -2.55914, 9.94887, 3.15073, 3.90506, -1.44633, -5.18972, 13.62221, -3.16887, -6.76003, -6.97104, -8.38632, -9.77965]"
43,sub9,mae,3,sub9-c__0054__pickup.npy,11,pickup,11,0.83097994,1,"[4.21451, 0.89706, -6.54979, -2.40231, -2.5302, -1.16021, -1.35352, -3.66695, -8.2691, 1.50272, 1.09266, 9.62315, 7.28862, 2.40234, 2.1526, -5.67708, 7.32052, -2.022, -1.57042, -0.58058, -7.30608, -10.13458]"
43,sub9,mae,3,sub9-c__0055__pickup.npy,11,pickup,11,0.9171883,1,"[4.90245, 0.82715, -6.21443, -2.05102, -4.02762, -1.04743, 0.14038, -3.73855, -8.13641, 0.98866, 1.00313, 10.54959, 7.65391, 2.20286, 2.96076, -6.42903, 7.05925, -2.15139, -1.52694, -0.88639, -7.29024, -9.90018]"
43,sub9,mae,3,sub9-c__0056__pickup.npy,11,pickup,11,0.927177,1,"[5.05152, 0.7649, -6.29314, -2.66666, -3.3698, -1.44007, -0.42917, -3.78847, -8.20251, 1.18415, 1.07449, 10.60254, 7.55549, 1.91863, 2.95341, -6.29482, 6.96268, -1.95369, -1.39448, -0.43616, -7.40391, -10.52307]"
43,sub9,mae,3,sub9-c__0057__pickup.npy,11,pickup,11,0.8958169,1,"[4.52219, 1.10205, -6.1521, -2.16961, -3.42076, -1.24626, -0.65735, -3.59023, -8.25304, 0.85633, 0.68868, 10.0869, 7.36257, 2.34978, 2.12326, -5.65189, 7.0016, -1.93356, -1.60498, -0.8934, -7.42519, -9.75191]"
43,sub9,mae,3,sub9-c__0058__pickup.npy,11,pickup,11,0.93403804,1,"[5.18572, 0.92436, -6.05623, -2.70369, -3.95361, -1.37341, 0.01186, -3.61031, -8.00439, 0.78816, 0.67059, 10.59855, 7.59101, 1.77949, 2.8027, -5.9877, 6.46084, -1.77448, -1.19077, -0.39015, -7.46036, -10.30267]"
43,sub9,mae,3,sub9-c__0059__pickup.npy,11,pickup,11,0.9555541,1,"[5.27482, 1.11967, -5.95038, -2.09284, -4.09324, -1.15867, 0.105, -3.8415, -8.3965, 0.54588, 0.60134, 11.06111, 7.51077, 2.00921, 2.9775, -6.52832, 6.80395, -2.02351, -1.49531, -0.88968, -7.56715, -10.32108]"
43,sub9,mae,3,sub9-c__0060__pushchair.npy,12,pushchair,12,0.9045897,1,"[5.13172, 1.12519, -4.06213, -3.79786, -5.93884, -2.8874, 0.50666, -3.24152, -7.24675, -3.00051, -0.27946, 5.10292, 8.20943, 2.37121, -0.13539, 0.28752, -1.65541, 1.29091, 1.60291, 3.27506, -4.51866, -8.08481]"
43,sub9,mae,3,sub9-c__0061__pushchair.npy,12,pushchair,12,0.5154434,1,"[5.33252, 2.20483, -4.03978, -1.84144, -5.66578, -1.8046, -0.40678, -3.32409, -8.03391, -3.12071, -0.57858, 7.51601, 7.70215, 2.62804, 0.72452, -2.66585, 1.68888, 0.02502, 0.23748, 0.63874, -6.78494, -8.68608]"
43,sub9,mae,3,sub9-c__0062__pushchair.npy,12,pushchair,12,0.8295607,1,"[4.94935, 1.90195, -3.70137, -2.23915, -6.07186, -1.75833, 0.3108, -3.35612, -8.2304, -2.92759, -0.79379, 6.19452, 8.09448, 3.16903, 0.05648, -0.94267, 0.47616, 0.1771, -0.06928, 1.41623, -5.1709, -8.35356]"
43,sub9,mae,3,sub9-c__0063__pushchair.npy,12,pushchair,12,0.6834457,1,"[4.67171, 2.26993, -4.13662, -1.39954, -5.50353, -1.30129, -0.41656, -3.23971, -8.73054, -2.55861, -0.65515, 6.77049, 7.72303, 3.73702, 0.26029, -1.95023, 2.38122, -0.42322, -0.89711, 0.22416, -6.1136, -8.34279]"
43,sub9,mae,3,sub9-c__0065__pushchair.npy,12,pushchair,12,0.73303723,1,"[4.41796, 2.3357, -3.89685, -1.25157, -5.23218, -1.07895, -0.83329, -3.3217, -8.83175, -2.57069, -0.76199, 6.45775, 7.6879, 3.84845, 0.03696, -1.80635, 2.4711, -0.55567, -1.02657, 0.12206, -5.86574, -8.33232]"
43,sub9,mae,3,sub9-c__0066__sit.npy,15,sit,15,0.8947579,1,"[4.38988, -3.40024, -4.14387, -6.47711, -0.44833, -9.68519, 5.23058, -1.50946, -1.62138, 5.79402, 2.11334, -2.33635, 0.29106, 2.71498, 2.09075, 11.8723, -9.47746, 8.24807, 2.18237, 9.42457, -1.19072, -3.23277]"
43,sub9,mae,3,sub9-c__0067__stand.npy,17,stand,19,0.601101,0,"[5.08162, -2.81961, -2.40263, -6.44238, -3.10028, -7.82692, 7.65794, -2.26612, -1.80463, 5.74922, 3.19942, 0.30901, 0.45325, 1.30512, 4.79106, 6.5422, -8.29914, 8.07071, 1.29164, 9.21123, -0.20078, -5.44275]"
43,sub9,mae,3,sub9-c__0068__turnaround.npy,19,turnaround,19,0.70859116,1,"[8.63489, -2.08245, -7.20919, -6.52442, -1.52419, -6.44267, 4.20671, -6.24087, -3.55662, 6.49086, 7.3039, 0.03387, 3.07709, 3.38102, 7.21515, 2.83924, -5.98866, -0.70374, 0.28307, 10.02295, -0.66808, -8.91236]"
43,sub9,mae,3,sub9-c__0070__stand.npy,17,stand,17,0.94599664,1,"[3.71706, -2.90624, -2.09466, -6.03437, -2.93861, -8.56251, 7.7307, -0.61121, -1.49015, 4.98241, 0.77021, 0.84037, -0.24361, 0.98606, 4.2852, 8.22221, -8.02928, 12.08973, 2.04218, 8.26539, -2.157, -3.99061]"
43,sub9,mae,3,sub9-c__0071__turnaround.npy,19,turnaround,19,0.977409,1,"[6.829, -2.72784, -5.94822, -8.42369, -1.64552, -6.16954, 3.26146, -5.95666, -2.29152, 6.16379, 7.35307, -0.37883, 3.28086, 1.57057, 6.14306, 4.16484, -6.77789, -0.2344, 0.25431, 11.94276, 0.44702, -8.96397]"
43,sub9,mae,3,sub9-c__0072__sit.npy,15,sit,15,0.88846874,1,"[4.50577, -2.97833, -3.20214, -6.71557, -0.81812, -8.90127, 4.79415, -2.33703, -2.38424, 5.24149, 2.55205, -2.66243, 0.62773, 2.6792, 1.28671, 11.85685, -9.74926, 7.64364, 1.90036, 9.62753, -0.05907, -4.48606]"
43,sub9,mae,3,sub9-c__0073__stand.npy,17,stand,17,0.9643408,1,"[3.56785, -2.36046, -1.03795, -6.39849, -2.70269, -8.46545, 7.26328, -0.5182, -1.78669, 4.1547, 0.69432, 0.199, -0.35731, 0.6845, 2.33286, 9.00878, -8.42864, 12.81047, 2.09342, 8.24496, -1.43677, -4.15912]"
43,sub9,mae,3,sub9-c__0074__turnaround.npy,19,turnaround,19,0.8948436,1,"[7.87554, -2.17147, -6.37697, -7.71137, -1.83549, -7.26018, 4.55394, -5.24835, -1.64054, 5.99399, 7.1869, -0.61095, 2.62842, 2.54414, 5.82143, 4.09853, -7.1754, 0.10399, 1.20957, 10.63416, -0.92814, -7.71239]"
43,sub9,mae,3,sub9-c__0076__stand.npy,17,stand,17,0.97040033,1,"[4.06101, -1.54384, -1.06745, -5.51564, -2.74536, -7.63087, 7.3995, -0.66689, -2.48542, 4.25513, 0.38218, 1.0125, -0.5589, 1.04709, 2.97128, 7.48178, -7.10421, 11.97176, 1.3138, 7.13484, -2.08617, -4.99289]"
43,sub9,mae,3,sub9-c__0077__turnaround.npy,19,turnaround,19,0.9298135,1,"[7.37927, -1.79894, -6.02211, -7.11439, -2.22115, -7.451, 4.96598, -4.60787, -1.86201, 5.45061, 6.16857, -1.07657, 1.90185, 2.72977, 5.05841, 4.93553, -7.91664, 2.5282, 1.92726, 10.51949, -1.36825, -7.37766]"
43,sub9,mae,3,sub9-c__0078__sit.npy,15,sit,15,0.98893213,1,"[4.70279, -3.08319, -3.46809, -7.26205, 0.15479, -9.84803, 5.51461, -0.98985, -3.1731, 4.93014, 0.13482, -1.69813, 1.13151, 2.5298, 0.3042, 14.40673, -9.75459, 9.05405, 1.6676, 9.31819, -1.38504, -5.36734]"
43,sub9,mae,3,sub9-c__0079__stand.npy,17,stand,17,0.9479676,1,"[3.88542, -2.37327, -1.21994, -6.10357, -2.65964, -8.54107, 7.44247, -0.63862, -2.04246, 4.53439, 0.50079, 0.39389, -0.42413, 0.96218, 2.71115, 8.82391, -8.21337, 12.26898, 1.85711, 8.01224, -1.69546, -4.21593]"
43,sub9,mae,3,sub9-c__0080__turnaround.npy,19,turnaround,19,0.6483789,1,"[8.48994, -2.02957, -8.11859, -6.20281, -1.71818, -6.67258, 4.10263, -5.8466, -2.71512, 6.13422, 7.23901, -0.24971, 3.10731, 3.74582, 6.77948, 2.48633, -5.89484, -0.43678, 1.46279, 9.56646, -1.23421, -7.7716]"
43,sub9,mae,3,sub9-c__0081__squat.npy,16,squat,16,0.954186,1,"[1.13546, 3.40328, -4.90102, 2.80212, 2.0717, 1.52784, -6.02257, -2.7067, -10.56669, 2.36299, -1.99626, 10.14508, 3.55218, 3.98934, -0.78336, -5.45173, 13.18771, -3.10789, -6.43054, -6.34021, -8.30097, -9.8266]"
43,sub9,mae,3,sub9-c__0082__squat.npy,16,squat,16,0.9784345,1,"[0.99303, 3.12984, -5.22439, 2.35901, 2.89605, 1.13779, -6.32786, -2.72198, -10.26658, 3.44458, -1.86329, 10.07694, 3.20988, 3.65326, -0.5244, -5.5557, 13.8982, -3.39286, -6.49815, -6.20756, -8.35056, -9.88517]"
43,sub9,mae,3,sub9-c__0083__squat.npy,16,squat,16,0.9842666,1,"[0.94378, 3.73852, -4.78646, 2.92993, 3.05595, 1.50711, -6.58546, -2.51106, -10.29201, 3.02542, -2.35104, 9.95898, 2.80348, 3.71707, -1.13598, -5.45062, 14.103, -3.40811, -6.55056, -6.96896, -8.63846, -9.59509]"
43,sub9,mae,3,sub9-c__0085__squat.npy,16,squat,16,0.9735386,1,"[1.18799, 3.3996, -4.85373, 2.00952, 2.92853, 0.90192, -6.52548, -2.81188, -10.38652, 2.87594, -1.886, 9.59288, 3.31848, 3.63715, -1.19195, -5.16696, 13.20802, -3.01719, -6.01928, -5.8228, -8.28627, -10.12501]"
43,sub9,mae,3,sub9-c__0086__pickup.npy,11,pickup,11,0.87214696,1,"[5.77885, 0.65375, -4.84359, -3.63878, -6.1001, -1.88193, 1.01689, -3.34548, -7.19178, -1.04084, 0.6964, 10.25914, 8.24181, 0.84071, 2.87787, -4.8804, 3.47165, -0.55967, 0.18113, 1.11016, -6.97408, -9.92919]"
43,sub9,mae,3,sub9-c__0087__pickup.npy,11,pickup,11,0.94431275,1,"[5.48431, 0.5546, -5.64959, -2.50046, -5.68204, -1.56462, 1.24244, -3.50697, -7.60627, -0.12199, 0.95782, 11.00997, 8.02344, 1.55412, 3.34971, -6.2161, 5.43768, -1.42274, -0.713, -0.20619, -7.17337, -9.48966]"
43,sub9,mae,3,sub9-c__0088__pickup.npy,11,pickup,11,0.9050629,1,"[5.52722, 0.69738, -5.18105, -2.70786, -6.32956, -1.61248, 1.49316, -3.41009, -7.39572, -0.94788, 0.69078, 10.52103, 8.1707, 1.44141, 2.746, -5.29078, 4.2755, -1.05098, -0.46534, 0.16333, -6.83491, -9.15805]"
43,sub9,mae,3,sub9-c__0089__pickup.npy,11,pickup,11,0.9531582,1,"[5.78352, 0.54998, -5.53758, -2.73385, -5.96187, -1.61022, 1.51776, -3.48721, -7.56838, -0.37374, 0.84855, 11.30146, 8.14563, 1.31533, 3.35052, -6.19963, 5.08041, -1.32481, -0.62609, -0.01579, -7.08737, -9.78884]"
43,sub9,mae,3,sub9-c__0091__pickup.npy,11,pickup,11,0.9467164,1,"[5.33923, 0.51728, -6.05132, -2.91381, -4.69945, -1.31519, 0.58918, -3.73123, -7.76754, 0.71423, 1.16827, 11.02651, 7.93108, 1.36861, 3.23796, -6.54031, 6.06292, -1.91319, -1.04534, -0.02391, -6.85009, -10.40452]"
43,sub9,mae,3,sub9-c__0092__pushchair.npy,12,pushchair,12,0.8455843,1,"[5.45337, 0.90927, -3.68185, -3.90058, -6.76816, -2.7741, 0.85504, -3.10172, -6.93637, -3.21199, -0.12926, 6.25172, 8.38498, 1.52877, 0.58663, -0.45772, -1.63389, 1.28271, 1.5833, 3.25452, -4.76709, -8.4279]"
43,sub9,mae,3,sub9-c__0094__pushchair.npy,12,pushchair,12,0.68471724,1,"[4.80782, 1.8138, -3.95128, -1.64267, -6.15752, -1.54179, 0.30937, -3.22414, -8.39373, -2.74437, -0.86108, 6.97142, 7.89071, 3.19972, 0.36694, -1.43387, 1.32336, 0.04607, -0.39272, 0.76892, -5.68024, -8.23532]"
43,sub9,mae,3,sub9-c__0095__pushchair.npy,12,pushchair,12,0.6486675,1,"[4.16796, 2.25159, -3.81788, -1.01587, -5.28402, -0.75955, -0.90647, -3.24233, -8.93365, -2.37802, -0.68785, 6.86089, 7.60645, 3.66601, 0.07462, -1.86434, 2.83306, -0.47282, -1.48284, -0.10957, -5.83563, -8.54624]"
43,sub9,mae,3,sub9-c__0096__pushchair.npy,12,pushchair,11,0.67689544,0,"[4.47401, 2.81592, -3.62824, 0.40612, -5.74167, -0.23706, -0.95498, -2.99598, -9.44202, -2.98014, -1.01529, 8.3095, 7.44182, 3.91809, 0.51417, -3.56079, 4.28912, -0.91729, -1.87954, -1.81962, -7.09097, -8.48822]"
43,sub9,mae,3,sub9-c__0097__pushchair.npy,12,pushchair,11,0.5079504,0,"[4.28717, 2.89611, -3.6056, 0.22461, -5.61968, -0.26788, -0.70843, -2.96348, -9.50917, -2.84535, -1.33149, 7.66672, 7.51173, 4.38267, 0.13499, -2.75111, 4.15949, -0.88799, -2.13191, -1.61915, -6.68019, -8.29044]"
43,sub9,mae,3,sub9-c__0098__sit.npy,15,sit,15,0.98402196,1,"[5.47314, -2.87565, -4.51184, -6.55156, -0.72194, -10.08176, 6.51875, -0.59786, -3.40619, 4.32261, -1.04589, 0.12918, 1.58624, 2.91103, 2.04464, 13.58612, -8.96505, 8.89167, 1.70323, 8.43544, -3.62417, -4.83115]"
43,sub9,mae,3,sub9-c__0099__stand.npy,17,stand,17,0.9384151,1,"[3.7302, -2.61475, -1.2549, -6.6534, -2.69064, -8.82704, 7.18797, -0.47607, -1.44513, 4.25206, 0.79179, -0.04814, -0.05288, 0.69667, 1.91613, 9.4923, -8.94163, 12.59288, 2.58314, 8.43465, -1.53401, -3.76306]"
43,sub9,mae,3,sub9-c__0100__turnaround.npy,19,turnaround,19,0.7768133,1,"[8.10675, -2.32735, -7.1441, -6.60772, -1.8797, -6.83141, 4.75442, -5.72016, -2.89939, 6.26012, 6.68229, 0.27859, 2.86906, 3.26001, 7.43122, 2.97775, -6.06591, 0.14564, 0.6766, 10.02837, -1.19746, -8.09357]"
43,sub9,mae,3,sub9-c__0101__sit.npy,15,sit,15,0.9049249,1,"[4.94915, -3.40966, -4.17092, -6.2419, -0.70748, -9.78712, 5.90422, -2.19587, -3.11935, 5.59559, 1.46153, -1.88913, 1.00874, 3.63136, 2.18581, 11.58026, -9.25455, 7.59127, 2.0395, 9.03811, -0.93865, -4.19651]"
43,sub9,mae,3,sub9-c__0102__stand.npy,17,stand,17,0.9459451,1,"[3.52306, -2.66721, -1.16755, -6.55222, -2.49868, -8.84227, 7.01989, -0.51732, -1.42982, 4.20106, 0.89902, -0.09101, -0.18928, 0.7243, 1.90453, 9.40991, -8.71386, 12.62934, 2.22821, 8.29387, -1.54592, -3.53914]"
43,sub9,mae,3,sub9-c__0103__turnaround.npy,19,turnaround,19,0.65878737,1,"[8.59133, -1.6157, -6.83234, -6.50747, -2.11749, -6.67471, 4.9255, -5.43088, -2.6511, 5.73423, 6.51713, 0.18259, 2.87498, 3.30851, 6.63282, 3.21743, -6.25578, 0.076, 0.91729, 9.55946, -1.73981, -8.17425]"
43,sub9,mae,3,sub9-c__0104__sit.npy,15,sit,15,0.99160767,1,"[4.6429, -3.2066, -3.22497, -7.18742, -0.2825, -9.75207, 5.47209, -0.93636, -2.60015, 4.64252, -0.26764, -1.16564, 1.45501, 2.20746, 0.68907, 14.22945, -9.57257, 8.53714, 1.72358, 8.88646, -2.05697, -4.7401]"
43,sub9,mae,3,sub9-c__0105__stand.npy,17,stand,17,0.945886,1,"[3.60078, -2.44428, -1.15205, -6.44635, -2.33929, -8.90897, 6.59806, -0.41468, -1.38696, 4.49514, 0.7508, -0.22943, -0.62516, 0.76139, 2.28861, 9.20367, -8.5402, 12.42535, 2.45823, 8.13891, -1.87511, -3.51201]"
43,sub9,mae,3,sub9-c__0106__turnaround.npy,19,turnaround,19,0.7966182,1,"[7.80714, -1.69359, -6.6473, -6.48583, -1.7131, -7.13787, 4.99361, -5.11561, -2.15803, 5.96437, 6.28181, -0.35215, 2.00057, 3.45914, 6.10968, 3.8319, -6.61506, 0.75003, 1.10699, 9.67709, -1.94365, -7.37266]"
43,sub9,mae,3,sub9-c__0107__sit.npy,15,sit,15,0.9883944,1,"[4.79014, -3.27174, -3.48346, -6.68792, -0.49906, -10.33547, 5.94371, -1.08393, -2.82796, 4.73071, -0.05802, -1.57491, 1.11045, 3.00027, 0.77618, 13.82975, -9.787, 8.6261, 2.33913, 8.64505, -1.85451, -3.88728]"
43,sub9,mae,3,sub9-c__0108__stand.npy,17,stand,17,0.9464536,1,"[3.54317, -2.52921, -1.43902, -6.13727, -2.35975, -8.79219, 6.7989, -0.54809, -1.53027, 4.78294, 0.69729, 0.06069, -0.67239, 0.92475, 2.57544, 8.83124, -8.23006, 12.15051, 2.26851, 7.92939, -1.92855, -3.50389]"
43,sub9,mae,3,sub9-c__0110__sit.npy,15,sit,15,0.99114066,1,"[4.96666, -3.18147, -3.82604, -6.75909, -0.11298, -10.16169, 6.20336, -0.96866, -3.03947, 4.85185, -0.48963, -1.13539, 1.28509, 2.93378, 0.97691, 14.08961, -9.47642, 8.51068, 1.82614, 8.69787, -2.25769, -4.50032]"
43,sub9,mae,3,sub9-c__0112__turnaround.npy,19,turnaround,19,0.7318155,1,"[8.31282, -1.83527, -6.59328, -6.60394, -2.16628, -7.15352, 5.05554, -5.33987, -2.24332, 5.98211, 6.69361, -0.3919, 2.48452, 3.35861, 6.45129, 3.6892, -6.81183, 0.36384, 1.01008, 9.72903, -1.36735, -7.61909]"
43,sub9,mae,3,sub9-c__0113__sit.npy,15,sit,15,0.981232,1,"[5.12976, -2.77401, -3.96841, -5.92371, -0.97936, -9.66061, 6.79811, -1.35861, -2.94408, 4.6011, -0.42965, -1.25308, 1.16555, 3.58506, 1.56184, 13.07461, -9.45578, 8.33069, 2.00827, 8.22959, -2.3667, -4.04947]"
43,sub9,mae,3,sub9-c__0114__stand.npy,17,stand,17,0.9550579,1,"[3.88353, -2.29168, -1.36165, -6.03742, -2.82595, -8.38755, 7.27353, -0.52421, -1.33441, 4.61443, 0.69927, 0.14386, -0.39089, 0.90611, 2.75379, 8.44884, -8.32491, 12.10877, 2.21632, 7.71661, -2.01105, -3.77945]"
43,sub9,mae,3,sub9-c__0115__turnaround.npy,19,turnaround,19,0.8203711,1,"[8.21858, -2.2126, -7.36315, -7.08202, -1.40822, -6.86026, 4.22949, -5.78918, -2.47645, 6.57816, 7.41045, -0.28746, 2.78611, 3.09658, 6.94516, 3.23056, -6.26699, -0.15599, 0.63947, 10.4085, -1.00421, -8.51855]"
43,sub9,mae,3,sub9-c__0116__squat.npy,16,squat,16,0.9575669,1,"[1.35992, 3.82433, -4.74212, 2.7582, 2.26433, 1.35756, -6.25259, -2.76291, -10.62537, 2.08722, -2.09961, 9.8381, 3.40466, 4.0791, -1.44184, -5.28498, 12.96396, -2.93372, -6.11809, -6.40764, -8.37069, -9.89597]"
43,sub9,mae,3,sub9-c__0119__squat.npy,16,squat,16,0.9592256,1,"[1.39437, 3.47615, -5.53937, 2.07851, 2.83044, 0.38599, -6.22653, -2.99195, -10.91524, 1.95197, -1.90524, 8.96697, 3.77445, 4.74489, -1.72553, -4.4267, 12.15381, -2.48502, -5.53714, -5.45672, -8.41372, -9.68068]"
43,sub9,mae,3,sub9-c__0120__squat.npy,16,squat,16,0.94017035,1,"[1.57785, 3.99406, -4.2058, 2.38078, 1.98849, 1.11333, -6.25578, -2.78993, -10.43402, 1.59504, -2.25819, 9.6339, 3.25899, 3.68308, -1.61857, -4.89553, 12.39832, -2.62091, -5.99346, -6.19043, -8.41218, -9.71379]"
43,sub9,mae,3,sub9-c__0121__squat.npy,16,squat,16,0.90412205,1,"[1.63117, 4.04288, -3.73509, 2.13024, 1.58932, 1.33566, -6.37919, -2.87258, -10.48011, 1.10826, -2.19096, 9.26356, 3.32282, 3.47126, -1.61885, -4.50638, 11.52088, -2.35911, -5.86651, -5.66355, -8.23526, -9.87349]"
43,sub9,mae,3,sub9-c__0123__pickup.npy,11,pickup,11,0.89480984,1,"[5.72899, 0.9044, -5.47242, -2.8073, -5.77114, -1.62051, 1.28145, -3.39949, -7.53305, -0.69412, 0.8057, 10.44567, 8.18828, 1.51938, 2.76101, -5.66737, 4.65897, -1.15608, -0.3037, 0.07864, -7.07082, -9.61177]"
43,sub9,mae,3,sub9-c__0124__pickup.npy,11,pickup,11,0.918409,1,"[6.25361, 0.74344, -4.72965, -3.00252, -7.20672, -1.69784, 2.55612, -3.13306, -7.1047, -1.40536, 0.54227, 11.16115, 8.63663, 0.91781, 3.15495, -5.8392, 3.89586, -0.83778, 0.13863, 0.16899, -7.17496, -9.40758]"
43,sub9,mae,3,sub9-c__0125__pickup.npy,11,pickup,11,0.9230713,1,"[6.23816, 0.76204, -5.12591, -3.08852, -6.52963, -1.69988, 2.09647, -3.37925, -7.38452, -1.26641, 0.45936, 11.04139, 8.4345, 1.04984, 3.01552, -5.6486, 3.84824, -0.8278, 0.16618, 0.39794, -7.21049, -9.75497]"
43,sub9,mae,3,sub9-c__0126__pickup.npy,11,pickup,11,0.90527797,1,"[5.96502, 0.75303, -5.52985, -3.55161, -5.48348, -1.97247, 1.04613, -3.3793, -7.49116, -0.96944, 0.708, 10.54908, 8.16662, 1.10324, 2.64541, -5.19139, 3.93771, -0.6631, 0.15068, 0.83234, -7.16027, -10.10199]"
43,sub9,mae,3,sub9-c__0127__pickup.npy,11,pickup,11,0.7470333,1,"[5.74827, 0.92545, -5.20092, -3.4754, -6.30671, -1.90179, 1.39914, -3.17561, -6.88108, -1.39245, 0.76405, 9.58455, 8.4252, 1.20267, 2.12207, -4.59965, 3.16094, -0.65773, 0.43205, 0.86824, -6.70928, -9.12936]"
43,sub9,mae,3,sub9-c__0128__pushchair.npy,12,pushchair,12,0.9296983,1,"[4.70787, 0.32291, -4.38957, -4.94111, -5.07173, -3.8035, 0.43295, -2.94441, -7.55795, -2.12026, -0.21104, 4.33785, 8.27176, 2.47743, -1.17539, 2.0827, -2.26931, 1.60431, 1.69223, 4.30008, -3.44761, -8.14509]"
43,sub9,mae,3,sub9-c__0129__pushchair.npy,12,pushchair,12,0.66473055,1,"[4.74084, 2.32543, -4.00158, -1.16259, -5.55759, -1.0626, -0.49112, -3.01653, -9.12048, -2.79363, -0.77439, 7.06779, 7.89755, 3.73639, -0.13212, -2.02214, 2.48739, -0.45512, -0.88582, -0.12544, -6.12095, -8.64849]"
43,sub9,mae,3,sub9-c__0130__pushchair.npy,12,pushchair,12,0.4881616,1,"[4.73781, 2.80092, -3.86479, -0.56832, -5.51241, -0.93368, -0.90037, -2.79157, -9.1355, -3.23448, -0.96137, 7.56511, 7.61935, 3.83295, -0.07828, -2.70007, 3.22778, -0.3422, -1.10776, -0.96222, -7.06842, -8.49222]"
43,sub9,mae,3,sub9-c__0132__pushchair.npy,12,pushchair,12,0.6742978,1,"[4.69394, 2.46755, -3.63274, -0.98755, -5.78961, -0.92777, -0.42549, -2.94356, -9.16277, -3.08973, -1.06308, 6.94023, 7.82553, 3.72314, -0.23964, -1.73917, 2.18498, -0.11683, -0.91699, -0.18285, -6.14658, -8.52749]"
