seed,subject,method,k,file,true_id,true_label,pred_id,conf,correct,logits
42,sub10,mae,1,sub10-a__0001__wave.npy,21,wave,21,0.99999964,1,"[-0.42, 3.83464, 3.66484, 4.73887, -5.06197, -5.01507, -5.52281, 7.05103, 4.24687, -7.36031, -2.65787, -9.78298, -0.15881, 6.33296, -5.11978, -1.28598, -8.21775, 2.40773, 4.29157, -6.7082, 4.24824, 22.26932]"
42,sub10,mae,1,sub10-a__0002__wave.npy,21,wave,21,0.99999833,1,"[-0.12356, 5.02897, 3.82895, 5.09846, -5.6279, -4.75489, -5.38375, 5.76866, 3.21401, -7.03193, -3.08931, -10.31241, -0.84666, 6.2961, -5.00201, -0.77172, -9.41913, 2.02977, 3.91929, -6.21516, 4.47838, 20.55686]"
42,sub10,mae,1,sub10-a__0003__wave.npy,21,wave,21,0.9999558,1,"[-0.80141, 4.86578, 3.38713, 4.48001, -5.83974, -2.72326, -4.70269, 8.18195, 3.45257, -6.97401, -2.76607, -8.94402, -0.08967, 5.55893, -4.72522, -1.31124, -7.60357, 1.25672, 4.46143, -6.58144, 3.43319, 18.37932]"
42,sub10,mae,1,sub10-a__0004__wave.npy,21,wave,21,0.9999931,1,"[-0.36904, 5.45286, 3.76088, 5.48824, -6.17586, -3.71414, -6.02767, 6.40306, 3.43696, -7.10056, -2.67816, -9.86752, -0.86826, 5.82099, -4.97552, -1.42294, -8.81528, 1.10739, 3.71313, -6.26952, 3.91305, 19.24777]"
42,sub10,mae,1,sub10-a__0005__wave.npy,21,wave,21,0.9989312,1,"[-1.1043, 5.82121, 3.24383, 8.1429, -5.25559, -2.03847, -5.27947, 9.6546, 1.05574, -7.03872, -2.91517, -8.6838, -2.04614, 8.2197, -5.65922, -2.27419, -6.38914, 0.26183, 3.93913, -6.712, 2.14428, 16.89089]"
42,sub10,mae,1,sub10-a__0006__wave.npy,21,wave,21,0.99994886,1,"[-0.40981, 5.85857, 3.76051, 7.25876, -5.58705, -3.43462, -5.59723, 7.21765, 1.71663, -7.06972, -3.01588, -9.69017, -1.86319, 7.71077, -5.45449, -1.74456, -8.1471, 0.84477, 3.48812, -6.50501, 3.26084, 18.48931]"
42,sub10,mae,1,sub10-a__0007__bow.npy,2,bow,2,0.99852955,1,"[4.46155, 5.59283, 13.44356, 6.19858, -9.16598, -5.23624, -1.13215, -9.42973, -1.54089, -9.69333, -5.00604, -0.67805, -2.6952, -2.49455, 3.51833, -0.14823, -9.51568, 1.87041, -6.40659, -2.13123, 1.7714, 4.78562]"
42,sub10,mae,1,sub10-a__0008__bow.npy,2,bow,2,0.9995388,1,"[4.63738, 4.4668, 14.02149, 5.48252, -8.77434, -4.67335, 0.34365, -9.01436, -1.82484, -9.92066, -5.29, 1.15135, -2.51892, -3.72051, 4.17787, 0.66381, -8.69932, 2.71511, -6.97538, -1.88812, 1.28187, 3.81521]"
42,sub10,mae,1,sub10-a__0009__bow.npy,2,bow,2,0.9992324,1,"[4.39178, 5.01902, 13.66686, 5.63878, -9.05061, -4.56621, 0.11669, -9.41931, -1.58928, -10.03698, -5.31729, 0.87083, -2.21371, -3.63599, 4.72534, 0.27018, -8.26058, 1.69534, -6.91642, -2.0281, 0.51035, 3.16035]"
42,sub10,mae,1,sub10-a__0010__bow.npy,2,bow,2,0.99911684,1,"[4.33233, 4.69504, 13.70849, 6.17035, -8.44227, -4.78148, 0.07217, -9.3367, -2.02202, -9.86051, -5.70612, 0.37836, -2.90707, -3.17795, 4.03728, 0.9589, -8.73883, 2.44897, -7.06203, -1.67528, 1.1137, 3.97869]"
42,sub10,mae,1,sub10-a__0011__bow.npy,2,bow,2,0.99933356,1,"[4.39547, 4.98564, 13.87347, 5.83464, -8.9991, -4.83563, -0.12336, -9.0262, -1.63412, -10.07027, -5.28866, 0.50897, -2.15432, -3.16209, 4.05567, 0.24448, -8.62269, 2.00493, -6.71942, -2.28688, 1.05521, 4.17405]"
42,sub10,mae,1,sub10-a__0012__bow.npy,2,bow,2,0.99945205,1,"[4.49316, 4.36188, 13.78298, 4.90398, -9.39641, -4.31468, 0.15277, -9.45058, -0.9587, -10.39861, -4.96582, 1.64422, -1.56385, -4.39725, 5.27241, 0.26078, -7.90159, 1.37614, -7.13086, -1.43336, 0.0684, 2.9783]"
42,sub10,mae,1,sub10-a__0013__crossarms.npy,5,crossarms,5,0.99965024,1,"[-4.07949, 2.32138, -5.23763, 7.19362, -1.39174, 15.91945, 5.11992, 2.95014, -7.98117, -0.54189, -3.05595, 6.61325, -4.91615, 0.87609, -1.06998, 0.57163, 6.37567, -1.68727, 1.452, -4.78648, -7.21345, -15.766]"
42,sub10,mae,1,sub10-a__0014__crossarms.npy,5,crossarms,5,0.7884589,1,"[-3.69025, 5.07869, -4.46009, 12.47777, -1.26991, 13.7952, 3.05511, 2.43091, -9.74958, -1.34457, -3.70573, 3.50017, -7.34239, 4.69886, -2.26916, -0.95739, 4.84731, -2.86183, 0.6724, -5.2982, -6.84749, -13.92204]"
42,sub10,mae,1,sub10-a__0015__crossarms.npy,5,crossarms,3,0.63036495,0,"[-3.8745, 5.57047, -3.96328, 13.95732, -1.21056, 13.42236, 2.53494, 2.78323, -9.92392, -1.74285, -4.39829, 2.62098, -7.86542, 5.95721, -2.84277, -1.05696, 4.66527, -2.99903, 0.35039, -5.48549, -6.83025, -12.68334]"
42,sub10,mae,1,sub10-a__0016__crossarms.npy,5,crossarms,3,0.586081,0,"[-3.44577, 5.61351, -4.17192, 13.52593, -1.39978, 13.17684, 2.57179, 2.47562, -9.93102, -1.71594, -3.81103, 2.62437, -7.75973, 5.69506, -2.5185, -1.21121, 4.27946, -3.12255, 0.54256, -5.37572, -6.70916, -12.92217]"
42,sub10,mae,1,sub10-a__0017__crossarms.npy,5,crossarms,3,0.74339116,0,"[-3.48271, 5.91435, -4.00776, 13.9222, -1.75229, 12.85614, 1.95121, 2.34226, -9.58926, -1.95602, -3.85574, 1.85575, -7.76219, 6.16957, -2.88132, -1.40829, 3.69984, -3.3679, 0.40909, -5.48966, -6.3883, -11.84318]"
42,sub10,mae,1,sub10-a__0018__airpunch.npy,1,airpunch,18,0.9974681,0,"[-1.84369, -2.01237, -2.75053, -12.95245, -1.2255, -0.25469, 2.12761, 2.75411, 6.13139, -0.30175, 0.89107, 0.71497, 3.94835, -4.09759, 0.00411, 0.28353, -1.03675, 3.10738, 12.31981, -4.45589, -1.34144, -0.22384]"
42,sub10,mae,1,sub10-a__0020__airpunch.npy,1,airpunch,8,0.78928334,0,"[-0.96028, -0.78007, -1.08013, -14.30705, -5.20144, -0.99568, -2.23865, -0.49598, 11.9868, -1.57182, 2.61854, -1.54924, 6.09569, -7.69456, 1.11703, -1.4763, -4.01343, 2.03023, 10.65457, -3.59315, 0.90001, 3.07467]"
42,sub10,mae,1,sub10-a__0021__airpunch.npy,1,airpunch,8,0.8524171,0,"[-0.66777, -3.32082, 0.18949, -14.69444, -3.92755, -0.00024, -0.69638, 3.39235, 10.82293, -1.52592, 3.05528, 1.11792, 5.95243, -7.20835, 0.66065, -0.36065, -1.44942, 3.62, 9.00863, -4.08122, 0.38489, 3.2893]"
42,sub10,mae,1,sub10-a__0022__airpunch.npy,1,airpunch,18,0.9281254,0,"[-1.68184, -1.47379, -1.86715, -13.79394, -3.10349, -0.7027, 0.29028, -0.17096, 8.52141, -0.4615, 0.72082, 0.22542, 4.97992, -6.91577, 0.94353, 0.36741, -2.19972, 3.01573, 11.11475, -3.09638, -1.00326, 0.55379]"
42,sub10,mae,1,sub10-a__0023__airpunch.npy,1,airpunch,18,0.8617268,0,"[-0.6116, -1.21325, -1.52198, -13.77175, -3.7962, -1.235, -0.90402, 0.5808, 9.38393, -1.06714, 2.35331, -0.87089, 5.26485, -5.68921, 0.98947, -0.85286, -3.47422, 2.78757, 11.23354, -3.92977, 0.65913, 2.25518]"
42,sub10,mae,1,sub10-a__0024__airpunch.npy,1,airpunch,8,0.5375448,0,"[-0.19439, -0.42148, -0.81723, -13.57485, -5.68852, -1.53966, -2.6967, 0.67972, 11.29092, -2.37481, 3.75873, -1.3062, 6.20629, -6.03382, 1.60737, -2.31388, -4.20055, 1.58039, 11.13167, -4.17492, 1.16291, 3.84131]"
42,sub10,mae,1,sub10-a__0026__drink.npy,7,drink,7,0.99995863,1,"[-4.79212, -0.1126, -0.74022, 4.00154, -1.62392, 8.80608, 0.56245, 19.27575, -3.49957, -3.13938, -1.14936, 5.29459, -2.11283, 2.83992, -2.57103, -2.36573, 7.8551, 2.0394, 5.21884, -4.21417, -3.19289, -6.05407]"
42,sub10,mae,1,sub10-a__0027__drink.npy,7,drink,7,0.99995816,1,"[-4.87049, 0.21804, -0.83295, 5.80291, -1.13847, 8.7593, 0.32002, 19.30647, -4.67179, -3.13231, -1.45052, 5.01233, -3.00155, 4.15753, -2.97966, -2.59451, 8.02881, 1.86962, 4.97775, -4.32921, -3.34136, -6.46695]"
42,sub10,mae,1,sub10-a__0028__drink.npy,7,drink,7,0.99993646,1,"[-4.88718, 0.80866, -0.52237, 7.67945, -1.12062, 9.29872, -0.14571, 19.39445, -5.47516, -3.24146, -1.89752, 4.53499, -3.66859, 4.775, -3.42914, -2.71976, 8.15531, 1.40944, 3.62249, -4.39698, -3.50519, -6.55905]"
42,sub10,mae,1,sub10-a__0029__drink.npy,7,drink,7,0.99997795,1,"[-5.32682, -0.03393, -0.60376, 5.62956, -1.18532, 8.83442, 0.18435, 20.03046, -4.41017, -3.21712, -1.80274, 4.8625, -2.44344, 3.72125, -3.38785, -2.35978, 8.18825, 2.07242, 4.52532, -4.485, -2.89015, -5.664]"
42,sub10,mae,1,sub10-a__0030__drink.npy,7,drink,7,0.9999826,1,"[-5.90733, 0.08696, -0.76622, 6.37977, -0.90967, 8.88973, -0.09635, 20.60597, -4.57342, -3.23842, -2.0955, 4.87868, -2.46693, 4.17595, -3.85652, -2.41649, 8.89444, 1.8081, 4.72364, -4.68335, -3.29241, -5.54582]"
42,sub10,mae,1,sub10-a__0032__brushteeth.npy,3,brushteeth,3,0.9115905,1,"[-2.60137, 9.74082, -2.71473, 12.08652, -2.07356, 4.82318, 1.49431, -9.97782, -8.59073, -0.81353, -8.37042, -4.83989, -9.18391, 4.36451, -2.79429, 1.30211, -4.26497, -0.38084, -0.23083, -3.83416, -1.9758, -6.02493]"
42,sub10,mae,1,sub10-a__0033__brushteeth.npy,3,brushteeth,3,0.9272802,1,"[-2.46451, 9.33463, -1.64339, 11.88914, -2.88906, 3.70469, 1.51797, -10.04539, -8.54739, -1.5596, -9.02363, -5.60416, -8.71615, 3.74202, -2.7975, 2.2418, -5.8834, 0.62648, -0.86141, -3.70923, 0.08529, -4.35031]"
42,sub10,mae,1,sub10-a__0034__brushteeth.npy,3,brushteeth,3,0.949257,1,"[-2.41564, 10.14998, -2.29311, 13.09154, -1.50425, 4.65633, 0.61141, -9.76375, -8.77873, -0.60663, -7.99607, -4.79603, -10.0127, 5.37256, -2.96405, 0.35812, -3.36605, -1.12691, -0.74906, -3.49569, -3.37968, -6.39053]"
42,sub10,mae,1,sub10-a__0035__brushteeth.npy,3,brushteeth,3,0.94484884,1,"[-2.43523, 9.75006, -1.73486, 12.60047, -2.32478, 3.9326, 1.3912, -9.94838, -9.10984, -1.21868, -8.85551, -5.44512, -9.25335, 4.60687, -2.98757, 1.66937, -5.16398, -0.01162, -0.88537, -3.65646, -0.97993, -5.1753]"
42,sub10,mae,1,sub10-a__0036__highfive.npy,8,highfive,8,0.9960187,1,"[2.087, -0.23312, -1.16046, -15.48922, -10.49458, -1.76792, -7.69614, -6.54907, 14.35848, -1.72401, 6.72175, -1.62134, 8.47326, -13.78606, 5.3107, -3.1047, -7.498, 0.7475, 6.79209, -0.89052, 5.04118, 1.39094]"
42,sub10,mae,1,sub10-a__0037__highfive.npy,8,highfive,8,0.9934703,1,"[1.90081, -0.96444, -1.09625, -16.43619, -10.16398, -0.90707, -6.61179, -5.52637, 14.15974, -1.44315, 7.10062, -0.05217, 8.77239, -14.18153, 5.58205, -3.15276, -6.26788, 1.07022, 7.12354, -1.06944, 4.46858, 0.02876]"
42,sub10,mae,1,sub10-a__0038__highfive.npy,8,highfive,8,0.9913589,1,"[2.13677, -0.61442, -1.06429, -16.02307, -10.80058, -1.19507, -6.92655, -6.22809, 14.00279, -1.76339, 7.12605, -0.30177, 8.9634, -14.5427, 5.87285, -3.25461, -6.93687, 0.86514, 6.83343, -0.79723, 5.06106, 0.12651]"
42,sub10,mae,1,sub10-a__0039__highfive.npy,8,highfive,8,0.9906833,1,"[1.72143, -1.32533, -1.23349, -16.76223, -10.2669, -0.60955, -6.1842, -5.14829, 14.12481, -1.45215, 7.29146, 0.75028, 9.14329, -14.50493, 5.98206, -3.23259, -5.66738, 1.05747, 7.31855, -1.19125, 4.3411, -0.4701]"
42,sub10,mae,1,sub10-a__0040__highfive.npy,8,highfive,8,0.9960671,1,"[1.80721, -0.11569, -1.19593, -15.46429, -11.13632, -1.15893, -7.57881, -6.24966, 14.69595, -2.16717, 7.01342, -0.66336, 8.83708, -14.55569, 5.83521, -3.59263, -6.81231, 0.44295, 6.97544, -0.80803, 4.63421, 0.61711]"
42,sub10,mae,1,sub10-a__0041__highfive.npy,8,highfive,8,0.994169,1,"[2.59327, 0.42874, -0.93342, -15.37767, -11.74659, -1.09516, -7.61179, -6.6841, 14.51407, -2.25183, 7.37602, -0.56393, 9.07404, -14.63219, 6.62972, -4.11709, -6.75992, -0.47487, 6.45401, -0.96375, 4.0919, 0.16089]"
42,sub10,mae,1,sub10-a__0042__wave.npy,21,wave,21,0.9999962,1,"[-0.0759, 3.86552, 3.91018, 1.19561, -6.2369, -4.53056, -6.54852, 5.53724, 7.75113, -6.64532, -1.67496, -9.41312, 0.82479, 2.98135, -3.20505, -2.23434, -7.67508, 2.14296, 4.29517, -6.12562, 4.08306, 20.42535]"
42,sub10,mae,1,sub10-a__0043__wave.npy,21,wave,21,0.9999974,1,"[0.45882, 4.2956, 4.39568, 1.49038, -6.57562, -5.33309, -7.15116, 3.60168, 7.84461, -6.74218, -1.86217, -10.16439, 0.28277, 2.63046, -3.00298, -2.05911, -9.00486, 2.38661, 3.30607, -5.67032, 4.84916, 20.84021]"
42,sub10,mae,1,sub10-a__0044__wave.npy,21,wave,21,0.99999964,1,"[0.3524, 4.47438, 4.65537, 2.97943, -6.15723, -6.17537, -7.30193, 2.7118, 6.92279, -6.88772, -2.74079, -10.65927, -0.26424, 3.3649, -3.44262, -1.54623, -9.50295, 2.78039, 2.69288, -5.24111, 5.0987, 22.01154]"
42,sub10,mae,1,sub10-a__0045__wave.npy,21,wave,21,0.99998176,1,"[-0.47071, 5.22667, 4.36464, 3.65122, -6.52594, -3.47378, -6.91369, 7.07921, 6.15943, -6.96615, -1.92499, -8.98093, -0.82561, 4.35411, -3.68543, -3.18574, -6.83296, 1.28703, 4.12208, -5.9829, 2.87949, 18.57666]"
42,sub10,mae,1,sub10-a__0046__wave.npy,21,wave,21,0.999997,1,"[-0.35345, 5.44512, 4.49659, 5.90113, -6.24741, -4.14595, -7.5907, 6.15773, 5.38243, -7.16263, -2.64582, -10.04632, -1.90625, 4.97181, -4.10644, -2.86347, -7.77361, 1.55329, 2.27261, -5.75752, 3.92689, 20.11964]"
42,sub10,mae,1,sub10-a__0047__bow.npy,2,bow,2,0.9996606,1,"[4.23836, 4.13425, 13.92967, 3.42463, -10.75005, -4.751, -1.26298, -9.5741, 0.12555, -10.17195, -4.03891, 1.65118, -1.02085, -5.43373, 5.06971, -0.74826, -8.97857, 1.96164, -6.25861, -0.82308, 2.33491, 3.51423]"
42,sub10,mae,1,sub10-a__0048__bow.npy,2,bow,2,0.9997198,1,"[4.3551, 3.2954, 13.97859, 3.63306, -9.66645, -4.62821, -0.455, -9.26938, -0.30668, -10.25439, -4.51933, 2.03096, -1.17915, -5.09596, 4.65739, -0.03563, -8.58829, 2.74339, -6.81784, -0.76678, 1.96724, 3.88279]"
42,sub10,mae,1,sub10-a__0049__bow.npy,2,bow,2,0.9997745,1,"[4.39255, 3.0994, 14.26658, 3.79152, -9.75155, -3.94525, 0.41748, -9.06719, -1.07248, -10.43991, -4.639, 3.18914, -1.26892, -5.40481, 4.9966, 0.19967, -8.03493, 2.65461, -7.10728, -0.59288, 1.35313, 2.53835]"
42,sub10,mae,1,sub10-a__0050__bow.npy,2,bow,2,0.99985325,1,"[4.12558, 3.17837, 14.65498, 4.05565, -9.28739, -4.34273, 0.65071, -8.71162, -0.87445, -10.67759, -5.32683, 2.86282, -1.24973, -4.84144, 4.80852, 0.41541, -7.71069, 2.86314, -7.04978, -1.0911, 1.00266, 3.44367]"
42,sub10,mae,1,sub10-a__0052__crossarms.npy,5,crossarms,5,0.9998035,1,"[-4.91274, 1.40886, -4.86197, 6.02325, -1.62443, 16.59136, 4.77719, 3.71819, -6.07573, -0.79874, -3.764, 7.27075, -4.55004, -1.15793, -0.78276, 0.73801, 7.03153, 0.06773, 1.26819, -4.25683, -6.42267, -14.93367]"
42,sub10,mae,1,sub10-a__0053__crossarms.npy,5,crossarms,5,0.99973947,1,"[-4.3803, 1.54389, -4.88126, 6.24822, -2.13066, 15.80147, 4.26314, 3.18194, -6.15152, -1.00832, -3.05295, 6.83651, -4.7699, -1.11318, -0.57377, 0.35486, 5.83783, -0.0069, 1.32476, -4.01459, -5.51649, -14.55615]"
42,sub10,mae,1,sub10-a__0054__crossarms.npy,5,crossarms,5,0.9981337,1,"[-4.61614, 2.59997, -4.23735, 9.06748, -1.67199, 15.44003, 3.80632, 3.83276, -7.62833, -1.29508, -4.00929, 5.71926, -5.88903, 1.01711, -1.53531, 0.24186, 6.0056, -0.50324, 0.55456, -4.38171, -5.80589, -13.97857]"
42,sub10,mae,1,sub10-a__0055__crossarms.npy,5,crossarms,5,0.9988887,1,"[-4.7283, 2.65859, -4.39905, 8.25236, -1.83361, 15.21846, 3.75294, 4.07597, -6.93036, -1.39809, -3.82365, 5.35352, -5.28763, 1.16581, -1.66547, 0.06597, 5.86439, -0.5716, 1.13637, -4.65737, -5.82406, -13.30634]"
42,sub10,mae,1,sub10-a__0056__crossarms.npy,5,crossarms,5,0.9263101,1,"[-4.56668, 4.84715, -3.53841, 11.34378, -2.18302, 13.8787, 2.36918, 3.00738, -7.6223, -1.96091, -4.8245, 2.73703, -6.49226, 3.53323, -2.45545, -0.6331, 4.51921, -1.74631, 0.34397, -4.97722, -5.81339, -11.11246]"
42,sub10,mae,1,sub10-a__0057__airpunch.npy,1,airpunch,18,0.62559736,0,"[-2.3964, 0.52881, -1.75042, -10.81404, -5.18456, -0.0667, -3.64574, 3.93798, 11.12386, -2.82362, 2.17465, -2.89609, 4.99259, -4.88184, -0.24505, -1.95591, -3.26624, 1.75998, 11.64259, -5.05366, 1.48314, 4.95864]"
42,sub10,mae,1,sub10-a__0058__airpunch.npy,1,airpunch,8,0.9426302,0,"[-0.80333, -0.25697, -1.14157, -13.60676, -6.57173, -1.55858, -4.3789, -0.0499, 13.34898, -2.84618, 3.43413, -2.48336, 6.91881, -7.81144, 1.88287, -1.94731, -4.81822, 1.69799, 10.51634, -3.76838, 2.30332, 5.247]"
42,sub10,mae,1,sub10-a__0059__airpunch.npy,1,airpunch,8,0.5344085,0,"[-0.78662, -3.08532, -2.37958, -15.8636, -4.35307, 0.7845, -1.0552, 3.89046, 10.87781, -1.08967, 4.98905, 1.81936, 7.61239, -7.39018, 2.19454, -1.97458, -0.55832, 1.93763, 10.69001, -5.14369, 0.71883, 0.66769]"
42,sub10,mae,1,sub10-a__0060__airpunch.npy,1,airpunch,18,0.9609602,0,"[-0.85791, -2.06021, -2.9981, -14.88086, -4.56816, 1.40847, 0.51043, 3.17305, 8.17805, -0.78456, 4.47404, 3.12864, 6.22956, -6.95722, 3.52633, -2.03207, -0.20405, 1.47226, 11.55822, -4.69955, -0.28993, -3.1683]"
42,sub10,mae,1,sub10-a__0061__airpunch.npy,1,airpunch,18,0.7010394,0,"[-0.20681, -1.77807, -3.17167, -14.26929, -5.51317, 2.68763, -0.75941, 3.4158, 8.91323, -0.87342, 5.66447, 3.11754, 6.13938, -7.70517, 4.00951, -2.73719, -0.08841, 0.56169, 9.87746, -4.64797, -0.54237, -4.07199]"
42,sub10,mae,1,sub10-a__0062__airpunch.npy,1,airpunch,18,0.87903786,0,"[-1.39868, -1.3235, -2.91445, -13.37451, -4.98444, 1.60505, -1.12279, 3.94213, 9.04676, -1.28287, 4.04426, 1.54283, 5.56704, -6.62402, 2.77317, -2.119, -0.54923, 1.15856, 11.07636, -4.58574, -0.26122, -1.85153]"
42,sub10,mae,1,sub10-a__0063__drink.npy,7,drink,7,0.9999268,1,"[-5.45077, -1.2833, -1.50548, 0.35794, -1.94875, 8.82442, 1.2405, 18.79363, -1.5461, -2.79147, -0.86858, 5.69064, 0.07254, 0.38734, -1.91012, -1.63388, 8.0824, 2.22688, 5.67955, -4.4608, -2.80042, -5.72272]"
42,sub10,mae,1,sub10-a__0064__drink.npy,7,drink,7,0.9999429,1,"[-5.44984, 0.8907, -0.61544, 7.13454, -1.70362, 9.12271, -0.72507, 19.38833, -4.39911, -3.51005, -1.82134, 4.4019, -2.7626, 3.96486, -3.11563, -2.90308, 8.39127, 0.88303, 3.90638, -4.42031, -3.59917, -5.91662]"
42,sub10,mae,1,sub10-a__0065__drink.npy,7,drink,7,0.99963343,1,"[-5.32161, -2.09559, -2.10134, 0.70398, -1.36617, 10.03187, 2.04889, 18.25999, -3.37637, -2.1567, -0.64554, 7.39498, -0.60774, 0.42091, -1.80253, -1.24123, 8.79401, 2.91074, 5.43717, -4.08207, -2.73134, -8.81477]"
42,sub10,mae,1,sub10-a__0066__drink.npy,7,drink,7,0.9998203,1,"[-5.57437, -1.41398, -1.80272, 3.03683, -1.22563, 10.09711, 0.8415, 19.21692, -3.63408, -2.47755, -0.86127, 7.00057, -1.51782, 1.39959, -2.30097, -1.82042, 9.56779, 2.35219, 4.99503, -4.06885, -3.37471, -8.42274]"
42,sub10,mae,1,sub10-a__0067__drink.npy,7,drink,7,0.99994826,1,"[-5.54081, -0.55652, -1.28892, 3.27207, -1.54575, 8.92766, 0.18234, 19.34645, -2.80031, -2.88764, -1.1732, 5.49303, -1.55574, 1.86949, -2.50405, -2.29903, 8.52519, 2.10495, 5.32719, -4.29945, -3.03945, -6.21922]"
42,sub10,mae,1,sub10-a__0068__drink.npy,7,drink,7,0.99981314,1,"[-5.79812, -1.02909, -1.6711, 4.13409, -1.1981, 10.30077, 0.73457, 19.28215, -4.34789, -2.63355, -1.34959, 6.65704, -1.80584, 1.99737, -2.64662, -1.83339, 9.51203, 2.1562, 4.61137, -4.19334, -3.33701, -8.42052]"
42,sub10,mae,1,sub10-a__0069__brushteeth.npy,3,brushteeth,3,0.99488384,1,"[-3.87683, 10.98555, 0.10433, 17.86132, -0.44677, 1.24273, -1.12475, -4.57607, -9.11832, -2.92437, -10.81844, -8.59058, -10.73374, 12.36694, -6.31136, 0.51911, -3.80815, -0.52379, -0.9051, -5.62134, -2.40452, 1.5638]"
42,sub10,mae,1,sub10-a__0070__brushteeth.npy,3,brushteeth,3,0.93075114,1,"[-2.78004, 9.97877, -2.4581, 12.58715, -1.98119, 4.44609, 0.42235, -9.94261, -7.83115, -0.93598, -8.14447, -4.97859, -9.32773, 4.85695, -2.6985, 0.37972, -3.50144, -0.97768, -0.54657, -3.57782, -2.89435, -5.4692]"
42,sub10,mae,1,sub10-a__0071__brushteeth.npy,3,brushteeth,3,0.92251766,1,"[-2.58948, 10.15803, -2.40046, 12.64384, -1.89397, 4.81868, 0.35523, -9.73216, -7.66669, -0.81919, -7.78558, -4.41172, -9.6317, 4.59519, -2.35666, -0.3324, -2.88147, -1.14798, -0.44947, -3.48526, -3.49623, -6.21729]"
42,sub10,mae,1,sub10-a__0072__brushteeth.npy,3,brushteeth,3,0.8474127,1,"[-2.19175, 10.09772, -2.03566, 11.81567, -3.06244, 3.66894, 0.17384, -10.23305, -7.21284, -1.47518, -7.54392, -5.08944, -8.79562, 3.7365, -2.01761, -0.30032, -4.50214, -0.72676, -0.43527, -3.34148, -1.70261, -4.95873]"
42,sub10,mae,1,sub10-a__0073__brushteeth.npy,3,brushteeth,3,0.9307212,1,"[-2.39559, 10.42602, -2.17784, 13.03126, -1.93378, 4.13744, -0.09274, -9.67759, -7.79516, -1.01463, -7.62426, -5.01109, -9.65473, 5.22053, -2.59247, -0.5491, -3.25334, -1.32347, -0.59759, -3.55944, -3.30253, -5.63885]"
42,sub10,mae,1,sub10-a__0074__brushteeth.npy,3,brushteeth,3,0.91371506,1,"[-2.49141, 10.24329, -2.38115, 12.61111, -2.07958, 4.82134, 0.37499, -9.75823, -7.95622, -0.85653, -7.62486, -4.40288, -9.47954, 4.56776, -2.35534, -0.337, -2.99901, -1.33305, -0.46467, -3.39124, -3.45028, -6.51193]"
42,sub10,mae,1,sub10-a__0075__brushteeth.npy,3,brushteeth,3,0.8090554,1,"[-1.99508, 10.60767, -2.01641, 12.0542, -3.14852, 3.9944, -0.35219, -9.99254, -6.87364, -1.50316, -6.94731, -4.64886, -9.06225, 3.91272, -1.88198, -1.0314, -3.83793, -1.30216, -0.10112, -3.29621, -2.79298, -5.58298]"
42,sub10,mae,1,sub10-a__0076__highfive.npy,8,highfive,8,0.9950696,1,"[1.69929, -0.5538, -0.51335, -15.27421, -10.2739, -2.45004, -7.0686, -6.01849, 14.64691, -2.36361, 5.38563, -2.54568, 9.19436, -13.32649, 4.68805, -2.03047, -8.08589, 1.51127, 6.5412, -1.47018, 6.10709, 4.03645]"
42,sub10,mae,1,sub10-a__0077__highfive.npy,8,highfive,8,0.9973635,1,"[1.66022, -0.20882, -0.93244, -15.4805, -9.97689, -1.73751, -6.86997, -5.5354, 14.74915, -2.07243, 5.8858, -1.95589, 8.43075, -12.9323, 5.08453, -2.60921, -7.0574, 0.88489, 7.31667, -1.59991, 4.48653, 2.60495]"
42,sub10,mae,1,sub10-a__0078__highfive.npy,8,highfive,8,0.996151,1,"[1.76645, -0.84371, -1.0059, -16.221, -10.19682, -1.16298, -6.89559, -5.59527, 14.64617, -1.64947, 6.59916, -0.84604, 8.82761, -13.98514, 5.48759, -2.73393, -6.55182, 0.98837, 6.87259, -1.20761, 4.52067, 1.06897]"
42,sub10,mae,1,sub10-a__0079__highfive.npy,8,highfive,8,0.99357563,1,"[1.97005, -1.29352, -1.11284, -16.68768, -10.0029, -1.14397, -6.2378, -5.40425, 14.22071, -1.49185, 6.92387, -0.10642, 8.85041, -14.03174, 5.72395, -2.75242, -6.36515, 1.29069, 7.1544, -1.16854, 4.62651, 0.49924]"
42,sub10,mae,1,sub10-a__0080__highfive.npy,8,highfive,8,0.99752027,1,"[1.58542, -0.3079, -0.86979, -15.43744, -10.01755, -2.0234, -7.0586, -5.75021, 14.6813, -1.92623, 5.83537, -2.02066, 8.27031, -13.28211, 5.05064, -2.68932, -7.43082, 1.30415, 7.17091, -1.24446, 5.18503, 2.64739]"
42,sub10,mae,1,sub10-a__0081__highfive.npy,8,highfive,8,0.99700254,1,"[1.18001, -0.45745, -0.73718, -15.24949, -9.66102, -1.96412, -6.92714, -4.6741, 14.70567, -2.21608, 5.45362, -2.37265, 8.52853, -12.39454, 4.28501, -2.17522, -7.17085, 1.1702, 7.47818, -2.04067, 4.96393, 3.65776]"
42,sub10,mae,1,sub10-a__0082__wave.npy,21,wave,21,0.9962071,1,"[0.27625, 1.96604, 3.38391, -5.68321, -7.75447, -4.08253, -6.37257, 1.99222, 11.11408, -5.76953, -0.08516, -7.7729, 4.40531, -2.84789, -1.11158, -1.10686, -8.47974, 2.42829, 5.09871, -5.14611, 5.43904, 16.69287]"
42,sub10,mae,1,sub10-a__0083__wave.npy,21,wave,21,0.999846,1,"[0.41162, 4.01111, 4.39303, -1.46943, -8.04952, -4.81387, -7.83696, 1.93593, 10.15207, -6.49741, -1.10221, -9.45338, 2.01033, -0.79745, -1.6757, -1.97253, -9.20446, 1.90536, 3.53219, -4.91313, 5.18305, 18.94462]"
42,sub10,mae,1,sub10-a__0084__wave.npy,21,wave,21,0.99998903,1,"[0.53542, 4.11009, 4.25042, -0.58116, -7.49883, -6.60695, -8.00847, 0.19629, 9.05642, -6.41163, -1.61742, -10.38065, 1.44568, 0.39566, -2.38637, -1.22783, -10.62464, 2.6711, 4.04621, -4.51361, 6.04174, 20.54587]"
42,sub10,mae,1,sub10-a__0085__wave.npy,21,wave,21,0.9999951,1,"[0.0477, 4.50659, 4.37781, 2.51292, -6.89587, -4.38221, -7.86136, 4.35039, 7.35952, -6.92908, -1.93368, -9.94689, -0.03199, 2.74724, -3.44267, -2.13478, -8.5027, 1.53677, 2.60594, -5.72676, 4.49936, 19.80844]"
42,sub10,mae,1,sub10-a__0086__wave.npy,21,wave,21,0.9999939,1,"[-0.19557, 4.10874, 4.60064, 1.44864, -7.21891, -4.88738, -7.8188, 3.99534, 8.28052, -7.08978, -1.82442, -9.73759, 0.85827, 1.62753, -3.04679, -2.20815, -8.73193, 1.96465, 3.10567, -5.6613, 5.29076, 20.41609]"
42,sub10,mae,1,sub10-a__0087__bow.npy,2,bow,2,0.99979,1,"[3.48538, 3.28266, 14.27893, 3.79236, -10.31954, -4.10091, -0.35694, -9.74511, -0.80295, -10.53937, -5.21945, 2.97089, -0.36257, -5.80642, 5.2073, 0.17498, -8.00851, 1.96487, -6.84114, -0.20273, 1.71975, 2.45303]"
42,sub10,mae,1,sub10-a__0088__bow.npy,2,bow,2,0.9998542,1,"[3.85574, 2.99222, 14.74569, 3.16569, -10.12072, -4.20111, 0.20918, -8.8828, -0.19429, -10.75245, -5.0007, 3.46086, -0.41319, -5.78729, 5.32448, 0.0096, -7.60122, 2.50535, -6.71884, -0.89625, 1.29848, 3.07531]"
42,sub10,mae,1,sub10-a__0089__bow.npy,2,bow,2,0.99973196,1,"[4.0207, 2.51757, 14.31173, 3.26408, -9.83333, -3.71523, 0.54521, -9.32203, -0.74389, -10.70249, -4.89315, 4.03944, -0.63593, -6.29014, 5.56107, 0.49699, -7.4571, 2.59084, -7.29422, -0.01615, 1.08059, 2.00929]"
42,sub10,mae,1,sub10-a__0090__bow.npy,2,bow,2,0.99980325,1,"[4.25079, 2.24007, 14.60432, 2.7122, -9.71617, -3.8069, 1.03379, -8.52855, -0.33365, -10.6498, -4.73119, 4.25579, -0.71239, -6.28281, 5.37161, 0.3785, -7.42663, 3.3227, -7.07314, -0.54733, 1.25321, 2.75108]"
42,sub10,mae,1,sub10-a__0091__bow.npy,2,bow,2,0.9998387,1,"[3.77136, 2.27458, 14.52794, 3.13624, -9.37369, -4.03848, 1.26705, -8.52085, -0.45902, -10.65064, -5.49918, 3.44315, -0.61796, -5.79481, 4.93013, 0.67012, -7.62379, 3.46554, -7.04405, -0.76978, 1.58993, 3.66329]"
42,sub10,mae,1,sub10-a__0092__crossarms.npy,5,crossarms,5,0.99948704,1,"[-5.07237, 0.53632, -5.18785, 5.34194, -1.35439, 16.55362, 5.17716, 4.46426, -6.482, -0.60384, -3.33332, 8.49267, -4.17775, -1.62408, -0.44562, 0.78201, 7.85117, 0.66962, 1.82035, -4.23301, -6.07377, -16.03765]"
42,sub10,mae,1,sub10-a__0093__crossarms.npy,5,crossarms,5,0.9918767,1,"[-4.25671, 4.06898, -4.03102, 9.15664, -2.87087, 13.9841, 2.35645, 2.54564, -6.70001, -1.72825, -3.66533, 3.88253, -5.7811, 1.37187, -1.28698, -0.8204, 4.35511, -1.29389, 1.10405, -4.43695, -5.22975, -12.011]"
42,sub10,mae,1,sub10-a__0094__crossarms.npy,5,crossarms,5,0.99967146,1,"[-4.65205, 0.85191, -4.82199, 6.39742, -1.97964, 16.35532, 4.36099, 3.85266, -6.50278, -1.09787, -3.06169, 7.84536, -4.48719, -1.24041, -0.66371, 0.4647, 6.77805, 0.31506, 1.07874, -3.97509, -5.52809, -15.25218]"
42,sub10,mae,1,sub10-a__0095__crossarms.npy,5,crossarms,5,0.9994253,1,"[-4.70896, 1.95155, -4.49954, 8.09439, -2.01544, 15.98755, 3.82993, 3.70884, -7.17551, -1.2709, -3.62337, 6.84873, -5.20145, -0.2897, -0.90421, 0.10281, 6.59001, -0.21511, 0.78872, -3.98887, -5.69044, -14.78258]"
42,sub10,mae,1,sub10-a__0096__crossarms.npy,5,crossarms,5,0.99689984,1,"[-4.82836, 2.63675, -4.3179, 9.69574, -2.0695, 15.51029, 2.86493, 3.53027, -7.24519, -1.62033, -3.92385, 5.46539, -5.74144, 1.21553, -1.69405, -0.0767, 5.93507, -0.88834, 0.38068, -4.27398, -5.67383, -13.38887]"
42,sub10,mae,1,sub10-a__0098__crossarms.npy,5,crossarms,5,0.9986594,1,"[-4.67674, 2.43419, -4.32476, 8.92591, -2.11746, 15.65457, 3.32144, 3.21432, -7.17937, -1.46774, -3.84993, 6.0005, -5.4358, 0.40825, -1.25343, 0.07267, 6.10255, -0.66852, 0.35399, -4.24318, -5.68767, -13.97474]"
42,sub10,mae,1,sub10-a__0099__airpunch.npy,1,airpunch,18,0.49859354,0,"[-2.7473, -1.30828, -2.94685, -11.17022, -4.65645, 3.97623, -0.8304, 5.44819, 8.66342, -1.24873, 2.53611, 2.61414, 3.65547, -8.1026, 3.08648, -1.77356, 1.51001, 2.15211, 8.72258, -3.67413, -1.04136, -4.30876]"
42,sub10,mae,1,sub10-a__0100__airpunch.npy,1,airpunch,8,0.8983643,0,"[-1.89969, 0.07752, -2.02972, -11.74109, -5.83093, 1.3693, -3.20664, 3.31305, 11.61465, -2.22109, 2.62387, -1.58391, 4.85212, -7.52806, 2.05704, -2.01812, -2.35006, 1.44654, 9.41988, -3.83616, 0.78106, 1.46064]"
42,sub10,mae,1,sub10-a__0101__airpunch.npy,1,airpunch,8,0.66863406,0,"[-1.33549, -1.16314, -2.71299, -12.03387, -5.18859, 3.04646, -1.10164, 3.61369, 9.09416, -0.80191, 3.53671, 1.93645, 3.78472, -8.57168, 3.74102, -2.17037, -0.10167, 2.1604, 8.34634, -3.81995, -0.21781, -3.84156]"
42,sub10,mae,1,sub10-a__0102__airpunch.npy,1,airpunch,8,0.95505935,0,"[-1.33372, -3.2924, -0.86284, -13.97467, -4.77152, 2.45057, -0.37895, 5.6067, 11.00157, -1.78208, 3.69991, 2.82374, 5.53511, -8.83978, 2.84172, -1.6789, 0.30292, 3.87245, 7.67569, -4.05466, 1.02165, -0.18631]"
42,sub10,mae,1,sub10-a__0103__airpunch.npy,1,airpunch,18,0.7082626,0,"[-0.90503, -0.872, -1.83013, -12.80813, -5.18493, 0.87563, -0.80884, 2.37611, 9.15246, -1.3593, 3.11659, 0.4978, 4.13475, -7.38259, 3.00286, -1.89158, -2.58902, 3.132, 10.0552, -3.777, 1.59185, -1.03797]"
42,sub10,mae,1,sub10-a__0104__drink.npy,7,drink,7,0.99988425,1,"[-5.59565, -0.97855, -1.11606, 1.04416, -2.17564, 9.15235, 2.01049, 18.37708, -2.75795, -2.95052, -1.91126, 5.26533, -0.12579, 0.44089, -1.89088, -1.19587, 7.16428, 2.8133, 4.82015, -4.69068, -1.60409, -5.99741]"
42,sub10,mae,1,sub10-a__0105__drink.npy,7,drink,7,0.999895,1,"[-5.94793, -1.01446, -1.53861, 4.18842, -1.14574, 10.1832, 0.86833, 19.75551, -4.44519, -2.70593, -1.53668, 6.37406, -1.64622, 2.29047, -2.86369, -1.87738, 9.44847, 2.29883, 4.63053, -4.44679, -2.93993, -7.97713]"
42,sub10,mae,1,sub10-a__0106__drink.npy,7,drink,7,0.99991286,1,"[-5.81332, -0.72814, -1.50167, 4.38914, -1.24859, 9.90591, 0.448, 19.72281, -4.06942, -2.83769, -1.37364, 6.07952, -1.79116, 2.41869, -2.84781, -2.10597, 9.33359, 2.01114, 4.76531, -4.37894, -3.25365, -7.48296]"
42,sub10,mae,1,sub10-a__0107__drink.npy,7,drink,7,0.9998312,1,"[-5.71482, -1.37132, -2.11636, 3.39812, -0.92149, 10.11177, 0.78889, 19.33891, -3.98251, -2.33235, -0.9176, 6.84862, -1.64756, 1.7897, -2.56717, -1.89755, 9.7105, 2.32955, 5.0551, -4.23292, -3.2715, -8.51973]"
42,sub10,mae,1,sub10-a__0108__drink.npy,7,drink,7,0.7482053,1,"[-3.86616, 6.6972, 0.62206, 10.70632, -3.67634, 1.41607, -2.74205, 11.8825, -3.72133, -5.21975, -4.6361, -5.50481, -4.58309, 7.88994, -4.23176, -2.8702, -2.05412, 0.84441, 5.37851, -5.98684, 1.01404, 5.87076]"
42,sub10,mae,1,sub10-a__0109__brushteeth.npy,3,brushteeth,3,0.9931906,1,"[-3.20222, 10.36765, 0.15451, 16.53306, -0.67479, -0.33817, -1.52886, -5.97391, -8.42414, -2.95645, -10.28198, -9.24214, -10.06716, 11.18425, -5.54301, 0.82565, -5.24213, 0.03859, -1.27968, -5.24906, -0.75932, 2.73709]"
42,sub10,mae,1,sub10-a__0110__brushteeth.npy,3,brushteeth,3,0.97119945,1,"[-2.83847, 9.86052, -1.85138, 13.39386, -1.15566, 4.37486, 0.65205, -9.49895, -8.04191, -1.0181, -8.61637, -4.58817, -9.96601, 5.34116, -2.5674, 0.35031, -2.50408, -0.70375, -1.1753, -3.6104, -3.76303, -5.62637]"
42,sub10,mae,1,sub10-a__0111__brushteeth.npy,3,brushteeth,3,0.9549727,1,"[-2.60453, 9.9287, -1.58623, 12.99032, -1.88293, 4.04905, 0.26645, -10.0992, -7.68561, -1.25909, -8.37366, -4.75633, -9.62146, 4.46164, -2.37671, 0.16431, -3.42324, -0.63347, -1.26494, -3.27067, -2.87373, -5.21023]"
42,sub10,mae,1,sub10-a__0112__brushteeth.npy,3,brushteeth,3,0.960062,1,"[-2.9349, 9.86949, -1.95768, 13.05852, -1.92961, 4.56327, 0.42122, -9.93056, -7.90369, -1.24123, -8.40474, -4.42464, -9.4226, 4.40001, -2.41194, 0.21891, -2.99905, -0.8637, -1.00374, -3.28569, -3.11282, -5.79137]"
42,sub10,mae,1,sub10-a__0113__brushteeth.npy,3,brushteeth,3,0.95853835,1,"[-2.55544, 9.9841, -1.5007, 13.13415, -2.12942, 3.58623, 0.04916, -9.93612, -7.95706, -1.53472, -8.35871, -5.28422, -9.27341, 5.10453, -2.83316, 0.31277, -3.99403, -0.65924, -1.23064, -3.50396, -2.29218, -4.58416]"
42,sub10,mae,1,sub10-a__0114__highfive.npy,8,highfive,8,0.9976986,1,"[2.63856, 0.21945, -0.07482, -14.72617, -10.79666, -2.35643, -7.72747, -6.90823, 14.34297, -2.36247, 6.0767, -2.24625, 7.87219, -13.45797, 5.44244, -2.8571, -8.32427, 1.09776, 5.87636, -0.62217, 5.44082, 2.49441]"
42,sub10,mae,1,sub10-a__0115__highfive.npy,8,highfive,8,0.99775547,1,"[1.5792, -0.9058, -0.47541, -15.62428, -9.45525, -1.752, -6.77139, -4.64642, 14.79966, -2.08506, 5.84322, -1.7509, 8.38629, -12.65222, 4.41844, -2.32128, -6.82053, 1.65012, 6.94615, -1.77531, 4.84594, 3.27595]"
42,sub10,mae,1,sub10-a__0116__highfive.npy,8,highfive,8,0.9984926,1,"[1.49798, -0.16955, -0.32938, -14.74553, -10.0246, -2.2539, -7.47357, -5.27505, 15.05207, -2.54561, 5.21273, -2.99569, 8.2626, -12.41079, 4.40466, -2.2125, -7.69294, 1.14573, 6.64221, -1.79067, 5.22532, 4.55215]"
42,sub10,mae,1,sub10-a__0117__highfive.npy,8,highfive,8,0.9982077,1,"[2.11814, 1.74996, 0.09267, -12.58518, -10.5485, -3.40142, -7.85994, -6.78575, 14.01849, -3.13715, 4.41496, -4.78886, 6.56016, -11.18161, 4.20822, -2.28023, -9.75977, 0.88868, 6.71615, -1.34933, 5.63477, 5.39159]"
42,sub10,mae,1,sub10-a__0118__highfive.npy,8,highfive,8,0.99834764,1,"[2.31963, 1.86537, 0.23225, -12.70214, -10.86046, -3.20315, -7.96864, -6.77163, 14.07147, -3.20625, 4.66424, -4.52904, 6.77027, -11.40307, 4.45262, -2.65099, -9.66123, 0.53822, 6.48253, -1.26099, 5.53518, 4.99321]"
42,sub10,mae,1,sub10-a__0119__highfive.npy,8,highfive,8,0.99737155,1,"[2.36046, 1.70436, 0.30948, -12.6045, -10.47762, -3.71356, -7.80152, -6.89148, 13.73497, -3.22215, 4.46629, -4.6869, 6.42013, -10.90878, 4.03307, -2.21132, -10.13803, 1.16254, 6.92503, -1.19887, 5.8991, 5.60104]"
42,sub10,mae,1,sub10-a__0120__wave.npy,21,wave,21,0.99250704,1,"[-0.3031, 3.15357, 3.90607, -2.78963, -8.03467, -2.26745, -6.84749, 5.52354, 10.6634, -6.33488, -0.19289, -7.19034, 2.69334, -1.80622, -1.0042, -2.97637, -6.35338, 1.21988, 4.04897, -5.55728, 3.84518, 15.56008]"
42,sub10,mae,1,sub10-a__0121__wave.npy,21,wave,21,0.9997696,1,"[1.27414, 3.55615, 4.02871, -2.62778, -7.91583, -5.68698, -7.4587, -0.13412, 9.73658, -6.08193, -0.54803, -9.6062, 2.13217, -0.8937, -1.15114, -1.48312, -10.34606, 2.49035, 3.69625, -4.77223, 6.16772, 18.14889]"
42,sub10,mae,1,sub10-a__0122__wave.npy,21,wave,21,0.9992741,1,"[1.24142, 3.98553, 4.11244, -2.30555, -8.46491, -5.42056, -8.23048, -0.41587, 10.48744, -6.35512, -0.41592, -9.5871, 2.06188, -1.78051, -0.90385, -1.9523, -10.36347, 2.05769, 3.16783, -4.41531, 6.11789, 17.73171]"
42,sub10,mae,1,sub10-a__0123__wave.npy,21,wave,21,0.99983895,1,"[1.82925, 3.69758, 4.20529, -2.53139, -7.7951, -6.61918, -7.49628, -1.98946, 9.30879, -5.80962, -0.71836, -9.87811, 1.62091, -1.00423, -0.91921, -1.16034, -11.31387, 3.06111, 3.34138, -3.98112, 6.7001, 18.12798]"
42,sub10,mae,1,sub10-a__0125__bow.npy,2,bow,2,0.99985707,1,"[3.40377, 3.3448, 14.5234, 4.0892, -9.94473, -4.20701, -0.05627, -8.92007, -0.81751, -10.59549, -5.35678, 2.89544, -0.68176, -5.31488, 4.68334, -0.13148, -7.85403, 2.61633, -6.72709, -0.85604, 1.91305, 3.098]"
42,sub10,mae,1,sub10-a__0126__bow.npy,2,bow,2,0.99969435,1,"[3.5245, 4.04573, 14.12164, 5.20345, -9.23693, -4.56023, -0.7683, -8.83165, -0.86827, -10.34289, -5.61659, 1.21987, -1.49461, -3.95324, 4.22347, -0.21579, -7.95059, 2.43255, -6.86856, -1.25395, 1.51211, 3.9586]"
42,sub10,mae,1,sub10-a__0127__bow.npy,2,bow,2,0.99979,1,"[3.3018, 3.39655, 14.57471, 5.01006, -8.79399, -4.82824, 0.23001, -8.409, -1.02424, -10.61428, -6.35529, 1.50432, -1.37889, -3.67003, 3.89747, 0.65257, -7.93334, 3.16325, -6.79879, -1.36239, 1.61519, 5.04584]"
42,sub10,mae,1,sub10-a__0128__bow.npy,2,bow,2,0.99981993,1,"[3.59525, 2.52371, 14.34079, 3.81604, -9.3895, -3.86284, 0.84865, -8.75284, -0.84842, -10.65241, -5.67337, 3.26748, -0.90614, -5.77742, 4.7678, 0.95633, -7.76673, 3.36993, -7.06903, -0.32846, 1.67463, 3.2416]"
42,sub10,mae,1,sub10-a__0129__bow.npy,2,bow,2,0.99980384,1,"[3.68837, 2.34393, 14.25582, 3.68917, -9.16355, -4.10727, 0.93061, -8.64571, -0.75885, -10.63311, -5.73372, 2.9011, -0.82004, -5.31326, 4.53046, 1.09886, -7.92184, 3.64113, -7.0539, -0.66381, 1.83294, 3.94918]"
42,sub10,mae,1,sub10-a__0130__crossarms.npy,5,crossarms,5,0.9988626,1,"[-4.60329, 2.36325, -4.90726, 7.99631, -2.10327, 15.01377, 3.32632, 2.8179, -6.52693, -1.33619, -3.262, 5.97936, -5.16237, 0.06913, -0.73856, -0.41097, 5.8503, -0.61297, 1.15577, -4.31275, -5.39693, -14.0459]"
42,sub10,mae,1,sub10-a__0131__crossarms.npy,5,crossarms,5,0.9766975,1,"[-4.74839, 3.41547, -4.27963, 10.73274, -1.83103, 14.47912, 2.48437, 3.07432, -7.55209, -1.64208, -4.00108, 4.70774, -6.29858, 2.03671, -1.61267, -0.70198, 5.73717, -1.10585, 0.39558, -4.64343, -5.57324, -13.18846]"
42,sub10,mae,1,sub10-a__0132__crossarms.npy,5,crossarms,5,0.93492794,1,"[-4.56469, 3.90027, -3.79249, 11.11717, -2.19495, 13.7857, 2.0198, 2.63062, -7.37031, -1.91336, -4.2264, 3.6867, -6.41297, 2.4754, -1.81475, -0.8409, 4.74615, -1.26842, -0.05689, -4.56816, -5.03306, -11.85744]"
42,sub10,mae,1,sub10-a__0133__crossarms.npy,5,crossarms,5,0.9723654,1,"[-4.75969, 3.38081, -4.0435, 10.75401, -1.9164, 14.32273, 2.54641, 3.19006, -7.68786, -1.73613, -4.25684, 4.41695, -6.20679, 2.17859, -1.85566, -0.60366, 5.38452, -0.94532, 0.127, -4.54004, -5.16448, -12.56943]"
42,sub10,mae,1,sub10-a__0134__crossarms.npy,5,crossarms,5,0.8825093,1,"[-4.28899, 4.05523, -3.83205, 11.37931, -2.27523, 13.39809, 1.80639, 2.78749, -7.3579, -2.04901, -3.95117, 3.356, -6.66923, 2.85281, -1.81932, -1.11286, 4.3733, -1.25879, 0.156, -4.52514, -4.78426, -11.46168]"
42,sub10,mae,1,sub10-a__0135__crossarms.npy,5,crossarms,5,0.9909128,1,"[-4.51245, 2.91531, -4.19026, 10.01113, -2.18492, 14.72028, 2.81399, 2.73791, -7.48637, -1.68864, -3.94012, 4.99267, -5.95949, 1.22258, -1.39973, -0.27298, 5.22838, -0.85255, -0.05224, -4.25668, -5.00151, -13.05996]"
42,sub10,mae,1,sub10-a__0136__drink.npy,7,drink,7,0.9999118,1,"[-5.57259, 0.10428, -1.27656, 5.5992, -1.19149, 9.4235, 0.09445, 19.36575, -4.41622, -3.00841, -1.59971, 5.25777, -2.04529, 3.59729, -2.84237, -2.55905, 9.18417, 1.20984, 4.44665, -4.77551, -3.77068, -6.93568]"
42,sub10,mae,1,sub10-a__0137__drink.npy,7,drink,7,0.9999274,1,"[-5.59305, 1.15543, -0.61094, 8.34653, -1.18388, 9.01256, -0.72451, 19.34702, -5.05905, -3.50953, -2.3294, 4.11263, -3.23811, 4.7878, -3.37977, -3.06371, 8.64673, 1.0134, 3.56522, -4.67912, -3.65642, -5.90912]"
42,sub10,mae,1,sub10-a__0138__drink.npy,7,drink,7,0.9999418,1,"[-5.30787, 0.74352, -0.54541, 6.0156, -1.77313, 8.87665, -0.55275, 19.0606, -3.63849, -3.46603, -1.75815, 4.26197, -2.33479, 3.28053, -2.74857, -3.01726, 8.10978, 1.22264, 3.85289, -4.54003, -3.27003, -5.48666]"
42,sub10,mae,1,sub10-a__0139__drink.npy,7,drink,7,0.99987125,1,"[-5.26311, 1.75387, -0.44097, 8.90246, -1.46046, 8.71121, -1.01162, 18.66077, -4.95703, -3.68205, -2.31812, 3.61356, -3.77021, 4.9916, -3.23725, -3.32772, 7.90889, 0.82122, 3.56498, -4.39352, -3.63766, -5.66261]"
42,sub10,mae,1,sub10-a__0140__drink.npy,7,drink,7,0.99625874,1,"[-4.59873, 4.12177, 0.26782, 10.61179, -2.36947, 5.93662, -2.67636, 16.22501, -4.24292, -4.40018, -2.85667, 0.07245, -4.44936, 6.35558, -3.55507, -3.98215, 4.74655, -0.11939, 3.79975, -4.53878, -3.06294, -1.18532]"
42,sub10,mae,1,sub10-a__0141__airpunch.npy,1,airpunch,18,0.8307577,0,"[-1.39532, 2.77934, -1.96107, -7.32403, -7.2455, 1.11916, -4.27706, 2.99538, 8.22194, -3.17562, 2.63412, -2.50705, 2.87392, -4.86998, 1.70793, -3.05028, -3.74987, 0.28811, 9.835, -4.14095, 1.06318, 0.58276]"
42,sub10,mae,1,sub10-a__0142__airpunch.npy,1,airpunch,8,0.93413126,0,"[0.45023, 3.858, -0.56652, -7.76495, -9.23998, -0.91668, -6.44556, -0.68502, 10.88247, -3.93358, 3.25426, -5.13218, 2.72101, -6.15636, 2.39896, -3.42823, -7.23909, -0.2731, 8.1876, -3.44083, 2.77852, 3.64341]"
42,sub10,mae,1,sub10-a__0143__airpunch.npy,1,airpunch,18,0.69709975,0,"[-0.59322, 0.9799, -1.83844, -10.41709, -6.70428, 1.46453, -2.54035, 2.19322, 8.67597, -2.24105, 3.3571, -0.67414, 3.43223, -6.7142, 2.90318, -2.36734, -3.40655, 1.43687, 9.52696, -3.61438, 1.20336, -1.13962]"
42,sub10,mae,1,sub10-a__0144__airpunch.npy,1,airpunch,18,0.5041654,0,"[-0.7294, 1.49943, -1.69472, -10.52279, -6.52054, -0.04327, -3.60094, 0.64602, 9.81563, -2.17188, 2.85679, -2.67468, 3.74683, -6.40332, 2.08828, -2.29228, -4.79228, 1.51529, 9.83733, -3.82199, 2.10563, 1.28177]"
42,sub10,mae,1,sub10-a__0145__airpunch.npy,1,airpunch,18,0.74230105,0,"[-2.09039, -2.28693, -2.9882, -11.2726, -4.40839, 4.74883, 0.78129, 7.03052, 6.22595, -0.72809, 3.43949, 4.66284, 3.42544, -7.55301, 3.44827, -1.85629, 1.87857, 3.07863, 8.65054, -3.83217, -0.06364, -6.07452]"
42,sub10,mae,1,sub10-a__0146__brushteeth.npy,3,brushteeth,3,0.9696065,1,"[-3.02726, 9.38631, -2.33277, 12.87147, -1.02969, 5.12223, 0.77148, -9.51639, -7.56444, -0.82948, -8.40856, -3.81715, -9.71057, 4.58204, -2.30749, 0.4681, -1.81791, -0.64272, -1.0278, -3.71428, -4.2013, -6.25408]"
42,sub10,mae,1,sub10-a__0147__brushteeth.npy,3,brushteeth,3,0.9485068,1,"[-2.86156, 9.27225, -2.20419, 12.20622, -1.93037, 5.23041, 0.71228, -9.93049, -7.23327, -1.08502, -8.07905, -3.58626, -9.08613, 3.34636, -1.89398, 0.38305, -2.40907, -0.47691, -1.09723, -3.454, -3.34262, -6.40788]"
42,sub10,mae,1,sub10-a__0148__brushteeth.npy,3,brushteeth,3,0.9528082,1,"[-2.39535, 9.90845, -1.15062, 12.91951, -2.47235, 3.27503, -0.52997, -9.89677, -6.94048, -1.77624, -8.02251, -5.21271, -9.29153, 4.4845, -2.34394, -0.22144, -3.98452, -0.4257, -1.40882, -3.385, -2.13187, -4.00061]"
42,sub10,mae,1,sub10-a__0149__brushteeth.npy,3,brushteeth,3,0.9728292,1,"[-2.96014, 9.89201, -1.55946, 13.47997, -1.65027, 4.12844, 0.00413, -9.62934, -7.5085, -1.40895, -8.5812, -4.63328, -9.72446, 4.87375, -2.45214, 0.10864, -2.80989, -0.70816, -1.26783, -3.37609, -3.27986, -5.10622]"
42,sub10,mae,1,sub10-a__0150__brushteeth.npy,3,brushteeth,3,0.93833846,1,"[-2.63022, 9.43927, -2.13809, 12.17652, -2.63683, 5.12203, 0.1917, -10.48824, -7.11506, -1.27792, -7.69574, -3.71108, -8.97823, 2.75449, -1.77006, 0.15776, -3.14021, -0.77939, -1.10324, -3.04439, -2.77369, -6.39865]"
42,sub10,mae,1,sub10-a__0151__brushteeth.npy,3,brushteeth,3,0.9558415,1,"[-2.8087, 9.64228, -1.5813, 12.7248, -2.35316, 4.25546, 0.24618, -10.1417, -7.3553, -1.55076, -8.42396, -4.46295, -9.09313, 3.79878, -2.12295, 0.19648, -3.40395, -0.50804, -1.33908, -3.16945, -2.44904, -5.16002]"
42,sub10,mae,1,sub10-a__0152__highfive.npy,8,highfive,8,0.9985361,1,"[2.58083, 1.92276, 0.04261, -12.37039, -11.20115, -3.45088, -8.49399, -7.70766, 13.9651, -3.1064, 4.86522, -4.49552, 6.44419, -12.19558, 5.07576, -2.84047, -9.98421, 0.51003, 5.7146, -0.42977, 5.94895, 4.2996]"
42,sub10,mae,1,sub10-a__0154__highfive.npy,8,highfive,8,0.9967901,1,"[2.27502, 1.25413, -0.4856, -13.63707, -10.028, -3.00907, -7.26046, -7.22446, 13.4517, -2.32158, 4.83448, -3.97788, 6.33652, -11.63096, 4.47346, -2.02481, -9.56526, 1.19834, 7.07064, -0.95776, 5.4882, 3.15032]"
42,sub10,mae,1,sub10-a__0155__highfive.npy,8,highfive,8,0.99275726,1,"[1.66324, 0.21032, -1.3275, -14.94386, -9.65527, -2.37325, -6.30573, -6.2528, 13.62952, -2.06382, 5.33627, -2.43931, 7.10224, -12.04148, 4.75196, -2.09832, -8.17813, 1.4689, 8.38009, -0.98225, 4.94076, 2.07066]"
42,sub10,mae,1,sub10-a__0156__highfive.npy,8,highfive,8,0.9976561,1,"[1.20422, 0.14153, -0.9485, -14.3811, -8.79505, -2.57602, -6.76429, -4.81, 14.30767, -2.03999, 4.45499, -3.96061, 7.14164, -10.84342, 3.6189, -1.66489, -7.91863, 1.547, 7.69293, -2.21515, 4.8694, 4.81538]"
42,sub10,mae,1,sub10-b1__0001__walk.npy,20,walk,20,0.9943263,1,"[4.04804, 2.38858, -2.51054, -3.8998, -8.8821, -5.1756, -4.69078, -14.57323, 2.19153, -1.62241, 3.99376, -5.6485, 2.64878, -8.61512, 5.30403, -2.13665, -13.22588, -1.17123, -0.80563, -0.54491, 11.02546, 0.69774]"
42,sub10,mae,1,sub10-b1__0002__turnaround.npy,19,turnaround,19,0.98980916,1,"[2.15942, -2.38028, -4.15464, -7.02618, -6.69591, -1.07795, 2.52411, -18.95279, -1.43465, -0.39766, -1.82785, 0.23465, 4.09518, -13.86641, 7.87986, 7.41301, -11.51734, 1.90325, -1.40582, 13.10779, 6.52434, -9.10941]"
42,sub10,mae,1,sub10-b1__0003__walk.npy,20,walk,20,0.9929316,1,"[-0.90697, -1.92318, -8.2408, -3.48307, 0.03011, -0.98586, 4.74646, -7.76893, -3.40805, 3.33736, -2.66614, -2.46094, 2.80545, -5.57793, 2.33997, 1.89142, -6.94857, 9.09573, 0.5748, -0.02454, 14.06093, -6.25388]"
42,sub10,mae,1,sub10-b1__0004__turnaround.npy,19,turnaround,19,0.84757316,1,"[-1.62225, -1.72328, -6.56913, -7.16017, -5.43867, 2.47391, -0.34128, -15.64272, -0.33059, 2.25955, 0.94899, 4.60513, 5.19414, -15.15919, 8.70635, 2.2725, -0.7494, -4.27809, 0.28132, 10.47331, -1.44241, -15.22381]"
42,sub10,mae,1,sub10-b1__0006__turnaround.npy,19,turnaround,19,0.9950092,1,"[0.62507, 1.241, -0.61589, -2.53249, -8.23967, -0.4466, -1.94507, -15.17011, -2.3282, -1.17749, -1.95842, -0.54182, 1.88024, -11.12282, 6.81073, 3.09739, -8.28552, -3.22076, -0.94653, 12.15311, 1.93283, -8.49348]"
42,sub10,mae,1,sub10-b1__0007__walk.npy,20,walk,20,0.9829321,1,"[-1.41998, -0.49393, -7.3839, -1.0067, 0.66162, -1.3764, 4.42443, -7.7307, -4.66465, 2.67075, -4.57534, -4.02258, -0.47118, -3.63519, 0.20384, 3.27764, -8.51665, 9.94991, 0.97727, 0.2982, 14.00962, -5.44223]"
42,sub10,mae,1,sub10-b1__0008__turnaround.npy,19,turnaround,19,0.995526,1,"[0.81067, 0.91257, -5.59808, -4.24926, -5.37081, 1.45648, -0.75112, -17.9653, -3.27074, 1.83907, 0.84935, 1.80864, 1.88062, -12.16819, 6.72687, 2.94617, -4.75193, -5.21495, 0.54745, 12.19199, -2.42412, -14.81563]"
42,sub10,mae,1,sub10-b1__0009__walk.npy,20,walk,20,0.9993895,1,"[3.05088, 2.25455, -1.21696, -3.95718, -10.26131, -5.01304, -4.32389, -13.85232, 2.75283, -3.00019, 2.01984, -5.89986, 3.15528, -9.4823, 4.61527, 0.11041, -14.41532, 0.64172, -0.24652, -0.13647, 12.66783, 2.3472]"
42,sub10,mae,1,sub10-b1__0010__turnaround.npy,19,turnaround,19,0.98727787,1,"[0.28946, 1.7165, -2.55485, -4.30112, -8.47289, 1.80603, -0.31731, -13.97051, -1.96418, -0.7488, -0.51775, 2.41815, 3.19959, -12.27844, 8.17408, 1.29694, -4.6907, -4.20345, 0.96356, 12.54169, -1.90472, -13.1831]"
42,sub10,mae,1,sub10-b1__0011__walk.npy,20,walk,20,0.9903465,1,"[-0.71348, -0.71509, -7.59596, -1.80678, 0.98421, -1.64978, 3.99316, -7.8309, -4.35193, 3.10977, -3.06559, -3.06357, 0.14134, -3.53342, 1.02388, 0.82943, -7.75226, 9.35084, 0.71857, -0.3975, 13.98935, -6.06422]"
42,sub10,mae,1,sub10-b1__0012__turnaround.npy,19,turnaround,19,0.9976393,1,"[0.43811, 1.75885, -4.54723, -3.2033, -5.73115, 1.71281, -0.84767, -16.76646, -4.00624, 1.19565, 0.07222, 2.10684, 1.21422, -11.44916, 6.11084, 3.08903, -4.31058, -5.37205, 0.92743, 12.27025, -3.44877, -14.86563]"
42,sub10,mae,1,sub10-b1__0013__walk.npy,20,walk,20,0.999153,1,"[3.09225, 1.7686, -1.33363, -3.87491, -9.93224, -5.13319, -5.177, -13.87872, 2.94966, -2.61678, 2.62444, -5.71543, 3.53221, -9.49021, 4.66286, -0.23417, -13.91843, -0.17321, -1.00669, 0.21137, 12.44788, 2.43512]"
42,sub10,mae,1,sub10-b1__0014__turnaround.npy,19,turnaround,19,0.98891044,1,"[0.23165, 1.78221, -3.06771, -3.94036, -8.58412, 2.02027, -0.73665, -14.48545, -1.93174, -0.75894, 0.02802, 2.58362, 3.48629, -12.44056, 8.18328, 1.20848, -4.59114, -4.8806, 0.92764, 12.69293, -2.08759, -13.42689]"
42,sub10,mae,1,sub10-b1__0015__walk.npy,20,walk,20,0.98068523,1,"[-1.27007, -1.19175, -7.41656, -1.90117, 1.37845, -1.4063, 5.44717, -7.66035, -4.71763, 2.57785, -4.53899, -2.99217, -0.14663, -4.03725, 0.98717, 2.56193, -7.91048, 10.53346, 0.72516, 0.00981, 14.468, -5.98817]"
42,sub10,mae,1,sub10-b1__0016__turnaround.npy,19,turnaround,19,0.9928479,1,"[0.22989, 0.35054, -5.30895, -5.19467, -5.79, 1.49577, -0.61012, -17.01448, -2.0635, 1.63559, 0.54024, 2.29972, 2.89178, -13.20263, 7.15708, 3.19256, -4.26374, -4.38805, 0.64531, 12.14273, -1.79899, -14.52069]"
42,sub10,mae,1,sub10-b1__0017__walk.npy,20,walk,20,0.9994925,1,"[3.2567, 2.95228, -1.19948, -2.43895, -10.38438, -5.32544, -5.68793, -14.6429, 2.33217, -2.99099, 1.94834, -6.87447, 2.01725, -8.86271, 4.05935, 0.25709, -15.28992, -0.05778, -0.91958, 0.65942, 12.57827, 2.66957]"
42,sub10,mae,1,sub10-b1__0018__turnaround.npy,19,turnaround,19,0.9129342,1,"[0.83289, 1.10414, -4.49739, -6.05491, -9.0432, 2.24271, 0.63683, -15.58493, -0.48186, -0.66353, 0.8735, 3.47949, 5.21759, -13.93711, 9.98402, 1.12325, -4.23017, -4.91545, 1.08456, 12.34517, -2.28311, -14.44779]"
42,sub10,mae,1,sub10-b1__0019__walk.npy,20,walk,20,0.987169,1,"[-0.80737, -1.01932, -7.89245, -1.9317, 1.30441, -1.57537, 5.0146, -8.09878, -5.01514, 2.88637, -3.7479, -3.12637, -0.15576, -3.58044, 0.89359, 2.12743, -8.37742, 10.00721, 1.00603, 0.25609, 14.35868, -6.34732]"
42,sub10,mae,1,sub10-b1__0020__turnaround.npy,19,turnaround,19,0.99649376,1,"[-0.01867, 0.79658, -4.99201, -4.00499, -5.97088, 1.69816, -0.5936, -16.95297, -3.1855, 0.99854, 0.05276, 2.42511, 2.51142, -12.60705, 6.67446, 3.4265, -4.29952, -5.00876, 0.71776, 12.40841, -2.41991, -14.42561]"
42,sub10,mae,1,sub10-b1__0021__walk.npy,20,walk,20,0.99903727,1,"[3.04405, 2.23375, -0.43509, -2.64097, -10.14889, -5.35733, -5.17865, -14.22012, 2.67874, -3.08346, 1.76761, -6.07071, 2.65406, -9.09491, 4.52143, 0.38599, -14.40622, -0.02194, -1.81982, 0.80476, 12.1556, 3.03]"
42,sub10,mae,1,sub10-b1__0022__turnaround.npy,19,turnaround,19,0.9118937,1,"[0.57324, 1.15858, -4.1776, -6.39088, -8.78433, 2.39995, 0.67572, -14.40372, -0.89161, -0.47996, 0.58562, 4.0383, 5.24524, -13.88532, 9.73213, 1.21016, -3.3567, -4.39407, 1.63816, 12.08534, -2.96279, -14.90929]"
42,sub10,mae,1,sub10-b1__0023__walk.npy,20,walk,20,0.9755779,1,"[-0.81933, -0.3072, -7.02894, -0.15576, 2.08629, -1.96832, 3.96485, -7.38992, -5.50982, 2.75641, -4.11508, -3.99302, -2.11189, -1.55304, -0.62967, 1.5489, -8.74044, 10.56751, 0.93131, 0.05747, 14.25731, -5.36747]"
42,sub10,mae,1,sub10-b1__0025__hop.npy,9,hop,10,0.6532716,0,"[4.27936, 0.48619, -11.90917, -5.80341, 2.6139, -0.86556, -6.37657, -13.67383, -4.46346, 4.79516, 7.78132, 0.97037, 0.59816, 0.20867, 1.18156, 0.55672, -0.88468, -10.91257, 6.9579, -3.81222, -8.05531, -11.50908]"
42,sub10,mae,1,sub10-b1__0026__hop.npy,9,hop,10,0.6986995,0,"[4.6344, 0.30603, -12.48498, -7.70622, 1.81199, -0.38338, -5.24772, -13.10473, -3.51788, 4.79393, 9.20306, 2.14533, 2.21263, -0.58357, 2.38828, -0.7531, -0.14949, -11.00734, 8.29869, -5.10112, -8.40953, -11.99158]"
42,sub10,mae,1,sub10-b1__0027__hop.npy,9,hop,10,0.62609535,0,"[4.37712, 0.35171, -12.47991, -7.72856, 1.77117, -0.26504, -4.93191, -12.68334, -2.86393, 4.82842, 8.5553, 2.28859, 1.88746, -1.55342, 3.63955, -0.83655, 0.77036, -10.93421, 7.9487, -4.60518, -8.89492, -12.31708]"
42,sub10,mae,1,sub10-b1__0028__hop.npy,9,hop,10,0.49748832,0,"[4.19789, -0.50631, -12.04005, -7.27118, 2.85487, -0.6526, -5.05525, -13.54611, -4.13817, 4.44916, 7.81108, 1.55764, 1.59407, -0.46649, 1.017, 0.9559, -1.67049, -9.07551, 7.74336, -3.65489, -7.03063, -11.30181]"
42,sub10,mae,1,sub10-b1__0029__hop.npy,9,hop,10,0.48357844,0,"[3.63977, 0.15386, -12.40217, -6.47614, 2.42356, -0.97847, -6.2509, -13.87139, -3.8899, 4.76069, 7.51718, 0.53573, 1.39306, -0.77351, 1.41686, 0.76856, -1.37386, -10.17994, 7.48649, -3.69293, -7.01364, -11.07205]"
42,sub10,mae,1,sub10-b1__0030__hop.npy,9,hop,10,0.7002924,0,"[4.36347, 0.75724, -12.51604, -4.90101, 3.38279, -1.13617, -6.83956, -14.93603, -5.17805, 5.42593, 7.52546, -0.10351, 0.02034, 0.51651, 1.16095, 0.2261, -1.25918, -11.3734, 6.10419, -3.83051, -7.76552, -11.77459]"
42,sub10,mae,1,sub10-b1__0031__jump.npy,10,jump,10,0.7566952,1,"[5.87962, 4.57319, -7.26675, 0.67736, -3.13, -5.87646, -7.91325, -17.35735, -2.45777, 1.87862, 7.46411, -6.80534, 0.30727, 0.24331, 4.54107, -4.95235, -7.92833, -11.65229, -1.35176, -2.38525, -0.12252, -4.20987]"
42,sub10,mae,1,sub10-b1__0033__jump.npy,10,jump,10,0.98263514,1,"[7.86153, 5.70879, -6.6723, -2.2531, -8.12979, -5.26839, -10.17872, -17.61435, 1.39899, 0.80768, 12.31295, -5.57583, 0.68745, -4.92362, 6.93126, -6.99359, -9.8473, -11.14493, -0.25598, -0.61751, 0.91838, -4.62166]"
42,sub10,mae,1,sub10-b1__0034__jump.npy,10,jump,10,0.9939137,1,"[8.23676, 6.04054, -9.20238, -2.44872, -6.34959, -4.7768, -10.12299, -17.67317, 0.08324, 2.6524, 13.61589, -5.65734, 0.74361, -2.96599, 6.68153, -7.92855, -7.99708, -13.5206, 0.99973, -2.70521, -1.45707, -6.40587]"
42,sub10,mae,1,sub10-b1__0035__jump.npy,10,jump,10,0.99286723,1,"[8.22402, 5.45679, -8.12529, -3.08987, -7.52031, -4.87421, -9.87576, -17.32971, 1.14909, 1.67737, 13.4982, -5.058, 1.15597, -4.43163, 7.13288, -7.50184, -8.73267, -12.28141, 0.50241, -1.50334, -0.17687, -5.67694]"
42,sub10,mae,1,sub10-b1__0036__jump.npy,10,jump,10,0.9823924,1,"[8.33632, 5.86781, -6.78897, -2.64621, -8.7349, -4.70764, -9.69284, -17.53412, 0.63228, 0.64641, 12.61877, -5.03404, 0.97625, -5.05407, 6.77902, -6.72821, -10.24723, -11.52159, 0.32174, -0.78986, 0.81798, -5.55251]"
42,sub10,mae,1,sub10-b1__0037__runonspot.npy,13,runonspot,13,0.8984213,1,"[0.81556, 9.28378, -7.16893, 15.32552, 5.02064, -3.83398, -6.98231, -8.82031, -9.49038, 2.0066, -1.6006, -10.43455, -9.37735, 17.50773, -3.53191, -5.13117, -1.20842, -11.10638, 0.15159, -7.25092, -7.2159, -2.69171]"
42,sub10,mae,1,sub10-b1__0039__runonspot.npy,13,runonspot,13,0.9916392,1,"[0.29751, 8.31372, -7.04572, 14.60554, 6.23551, -4.00303, -5.29699, -7.74337, -11.03025, 1.68645, -3.58281, -10.73523, -9.23422, 19.38343, -5.84435, -2.47572, -2.4113, -8.90353, 1.6953, -7.94547, -6.298, -1.43096]"
42,sub10,mae,1,sub10-b1__0040__runonspot.npy,13,runonspot,13,0.9883116,1,"[1.08885, 9.06364, -7.0682, 15.30866, 5.86255, -4.74369, -6.16104, -6.99549, -9.34696, 1.85285, -1.89948, -10.62194, -9.60631, 19.74808, -4.44034, -6.10934, -0.97052, -9.73351, 1.08777, -8.69997, -7.31816, -0.35533]"
42,sub10,mae,1,sub10-b1__0041__runonspot.npy,13,runonspot,13,0.982853,1,"[0.52769, 9.08799, -8.26857, 15.094, 6.47701, -2.9202, -5.85378, -8.34056, -11.39843, 2.58341, -1.98695, -10.00131, -10.39333, 19.14528, -5.24387, -3.92819, -1.38064, -10.37913, 1.85202, -7.68006, -7.84632, -4.29726]"
42,sub10,mae,1,sub10-b1__0042__buttkicks.npy,4,buttkicks,4,0.96990854,1,"[1.97273, 0.69176, -15.06597, 2.35407, 13.98363, -2.5024, -5.05002, -13.69765, -9.35926, 10.25932, 1.43261, -6.2973, -6.17465, 9.00186, -2.80815, -0.2558, 1.49901, -8.75197, 2.32552, -6.33125, -6.32183, -9.34427]"
42,sub10,mae,1,sub10-b1__0043__buttkicks.npy,4,buttkicks,4,0.96107936,1,"[2.64021, 1.00094, -15.07902, 2.98872, 13.76007, -2.54399, -5.40142, -13.91254, -8.42962, 10.47777, 2.19904, -5.9974, -6.66697, 7.91074, -0.41045, -2.15169, 3.02606, -10.06027, 0.64073, -6.14518, -7.36242, -10.20148]"
42,sub10,mae,1,sub10-b1__0044__buttkicks.npy,4,buttkicks,4,0.8234598,1,"[0.95544, 2.20119, -13.30588, 5.70961, 13.30343, -2.06387, -4.66196, -12.51661, -10.87383, 8.46365, -0.75878, -6.45594, -7.62656, 11.72318, -4.58369, 0.33184, 1.35047, -8.27789, 2.64247, -6.42272, -7.11663, -8.91807]"
42,sub10,mae,1,sub10-b1__0045__buttkicks.npy,4,buttkicks,4,0.95719206,1,"[2.39507, 1.32131, -14.68624, 2.48716, 13.54846, -2.54693, -5.98024, -13.55171, -8.88847, 9.74513, 2.20984, -5.87949, -6.08519, 9.74746, -2.8753, -1.15691, 1.87698, -9.68012, 2.80402, -6.48772, -7.72344, -9.38985]"
42,sub10,mae,1,sub10-b1__0046__buttkicks.npy,4,buttkicks,4,0.9701635,1,"[1.80154, 0.71066, -14.87198, 2.37371, 13.46017, -1.75792, -4.36805, -14.72474, -9.58994, 9.86942, 1.05942, -5.64406, -5.64923, 7.69331, -2.22573, 0.06976, 1.33958, -8.59657, 1.78871, -5.86718, -6.17929, -10.50203]"
42,sub10,mae,1,sub10-b1__0047__airkick.npy,0,airkick,0,0.45787582,1,"[6.47577, 4.87214, -7.13532, -2.37024, -3.87963, -0.76875, -4.19548, -11.89593, -4.53742, 0.15346, 5.55339, 0.6648, -0.59814, 0.27132, 3.90082, -0.10807, -3.16502, -12.23183, 5.78052, -2.60316, -9.23395, -9.99666]"
42,sub10,mae,1,sub10-b1__0048__airkick.npy,0,airkick,10,0.80418026,0,"[7.91119, 1.14976, -9.29256, -2.57725, 1.83159, -3.81204, -4.98436, -12.95004, -0.4171, 5.24931, 9.70947, -1.07312, 0.24509, -1.0124, 6.98454, -8.67143, -0.09896, -8.80137, -1.42733, -6.32387, -4.06922, -6.67366]"
42,sub10,mae,1,sub10-b1__0049__airkick.npy,0,airkick,0,0.4774296,1,"[8.6723, 0.05974, -9.88821, -3.10608, 4.37517, -2.78426, -1.47188, -11.44099, -1.4798, 6.1788, 7.86705, 0.88065, -0.10517, -1.15164, 8.06982, -8.55852, 2.85049, -7.3619, -1.88405, -7.69493, -5.85283, -8.24632]"
42,sub10,mae,1,sub10-b1__0051__airkick.npy,0,airkick,0,0.77080244,1,"[7.74534, 2.49457, -4.00574, 0.78991, -0.97925, -3.95311, -3.16088, -11.72862, -2.10586, 0.50917, 5.48153, -0.85994, -1.00292, -0.25074, 6.06041, -6.00676, -3.09017, -5.67283, -2.6708, -5.01379, -2.61427, -4.46896]"
42,sub10,mae,1,sub10-b1__0052__airkick.npy,0,airkick,0,0.7761306,1,"[8.60454, 0.87624, -4.63699, -0.47581, 2.21751, -3.56281, 0.89329, -9.54233, -1.95367, 1.85875, 2.81822, -0.03121, -2.67272, -1.49022, 7.33541, -5.24451, -1.56938, -0.65212, -3.24059, -5.47943, -1.92703, -4.32704]"
42,sub10,mae,1,sub10-b1__0053__airkick.npy,0,airkick,0,0.67862463,1,"[8.56606, 0.13303, -6.32007, -2.18612, 2.69778, -3.35405, 0.09451, -10.20176, -1.42675, 3.56876, 4.72702, 0.40289, -1.49953, -2.47641, 7.74841, -6.36391, -0.73402, -2.12219, -2.90346, -5.64139, -1.82048, -5.53173]"
42,sub10,mae,1,sub10-b1__0054__sidekick.npy,14,sidekick,14,0.8471645,1,"[6.59024, 0.80557, -5.37784, 0.66462, 1.80313, -4.21085, -1.05213, -13.70314, -1.21454, 2.11079, 1.99707, -2.14733, -1.06567, -2.84154, 8.33986, -4.32431, -1.19578, -4.44601, -5.40996, -3.46883, -2.55558, -4.74019]"
42,sub10,mae,1,sub10-b1__0055__sidekick.npy,14,sidekick,14,0.87375754,1,"[5.63457, 0.95531, -3.59786, 2.5586, 0.29685, -3.83689, -1.47191, -15.2642, -2.48598, 0.17024, 0.50057, -2.42416, -1.7883, -2.90894, 7.64262, -1.78696, -3.11957, -4.38304, -6.55458, -0.53936, -1.88302, -5.07241]"
42,sub10,mae,1,sub10-b1__0056__sidekick.npy,14,sidekick,14,0.8810103,1,"[6.21505, 0.90965, -4.78013, 0.90162, 1.3384, -3.96393, -1.47414, -13.63177, -1.50875, 1.95363, 2.49187, -1.32811, -0.72261, -2.46068, 8.27576, -4.992, -0.0539, -5.80509, -5.63631, -3.71412, -3.5904, -5.2939]"
42,sub10,mae,1,sub10-b1__0058__sidekick.npy,14,sidekick,14,0.8067601,1,"[6.15458, 0.80393, -4.16788, 1.68961, 1.31053, -4.83311, -1.25026, -14.58707, -1.43165, 1.0858, 0.47469, -3.39226, -1.73106, -2.62192, 7.61994, -2.26198, -2.97769, -3.46588, -6.21793, -2.00879, -1.34264, -3.12771]"
42,sub10,mae,1,sub10-b1__0059__crosstoe.npy,6,crosstoe,6,0.9621419,1,"[3.49611, -0.26752, -2.50974, -3.70659, -4.5825, -1.79414, 11.93008, -13.65781, -3.61829, -3.43664, -3.85682, -0.04322, 2.24716, -6.14522, 8.67516, 3.74609, -8.605, 0.21933, -1.21689, -3.84164, 3.30981, -2.66926]"
42,sub10,mae,1,sub10-b1__0060__crosstoe.npy,6,crosstoe,6,0.9995746,1,"[2.10483, -2.54246, 0.55408, -3.37153, -2.60843, -0.0805, 16.96916, -11.09642, -4.57657, -5.39992, -7.88239, 5.08083, 2.01532, -7.80867, 9.16387, 5.14823, -4.05602, 4.21961, -3.42199, -3.02941, 0.63762, -5.07355]"
42,sub10,mae,1,sub10-b1__0061__crosstoe.npy,6,crosstoe,6,0.99718803,1,"[1.77611, -1.45889, -1.89389, -5.49754, -2.57056, 0.09011, 16.35055, -7.57996, -3.06655, -3.14684, -5.26455, 4.43509, 2.60912, -5.72134, 10.47615, 1.64243, -2.46203, 1.20771, 0.91883, -6.8802, -0.40915, -4.54116]"
42,sub10,mae,1,sub10-b1__0062__crosstoe.npy,6,crosstoe,6,0.99815685,1,"[1.59346, -1.17155, -2.10792, -3.87861, -1.71602, -1.08584, 16.09598, -8.9397, -3.78722, -3.11754, -6.4944, 2.00434, 2.01388, -5.10195, 9.79903, 2.65171, -4.08165, 1.81858, -0.47609, -6.72764, 1.26339, -2.53958]"
42,sub10,mae,1,sub10-b1__0063__crosstoe.npy,6,crosstoe,6,0.99761593,1,"[0.98348, -4.42743, -3.86655, -8.95207, -2.31579, 1.08225, 18.44936, -9.79529, -2.39803, -3.33711, -4.48852, 10.20026, 6.30778, -9.73353, 12.29436, 1.74329, 1.61276, 0.59134, 0.21277, -5.55448, -1.86301, -8.85044]"
42,sub10,mae,1,sub10-b1__0064__throw.npy,18,throw,18,0.96360725,1,"[-2.06955, -1.7315, -2.46452, -9.06757, -2.70756, 3.75247, 0.9403, 3.8328, 4.44318, -0.1746, 0.38982, 1.90391, 1.50992, -5.47857, 0.14827, 1.73122, 0.58364, 0.89932, 8.58423, -0.97164, -4.35012, -3.18767]"
42,sub10,mae,1,sub10-b1__0065__throw.npy,18,throw,18,0.9983829,1,"[-3.9811, -0.25253, -3.00484, -6.38292, -2.49428, 1.9559, 2.00201, 0.29213, 0.52835, -1.20701, -2.89824, 2.73551, 1.66931, -5.09442, 0.44699, 2.70015, 0.14372, 1.8369, 10.61748, 1.00426, -4.20725, -5.78784]"
42,sub10,mae,1,sub10-b1__0066__throw.npy,18,throw,18,0.9990632,1,"[-3.73905, 0.85751, -3.8937, -8.02795, -2.61961, 0.69297, 1.22978, -1.67267, 2.76908, -0.27, -2.50437, 0.47226, 1.93667, -5.32007, 0.85554, 2.46183, -0.71414, 0.35951, 10.89955, 0.29151, -4.50846, -4.24863]"
42,sub10,mae,1,sub10-b1__0067__throw.npy,18,throw,18,0.99956816,1,"[-3.68427, -0.40624, -3.28779, -7.92492, -2.38965, 0.33731, 2.05663, 1.2111, 2.2688, -1.77604, -2.17202, 0.92235, 2.7039, -3.39236, 0.383, 2.68863, -1.40319, 2.24879, 11.9605, -0.48051, -3.00295, -1.64791]"
42,sub10,mae,1,sub10-b1__0069__walk.npy,20,walk,20,0.9969573,1,"[2.51, 2.60263, -1.1026, 1.82794, -6.70067, -5.95451, -6.16438, -14.6497, -0.74073, -1.52872, 0.36156, -7.77934, 0.43145, -4.93715, 2.90218, 0.58492, -13.11405, -2.52705, -3.99741, 0.90594, 10.15339, 2.98305]"
42,sub10,mae,1,sub10-b1__0070__turnaround.npy,19,turnaround,19,0.9775735,1,"[1.32045, 2.07444, -3.73149, -3.74173, -7.85611, 1.76748, 0.13435, -16.09309, -3.07953, -0.37672, -0.21772, 2.07362, 2.47782, -11.35933, 8.45819, 2.17702, -5.11104, -5.58436, 0.97862, 12.24393, -3.2098, -14.11227]"
42,sub10,mae,1,sub10-b2__0001__walk.npy,20,walk,20,0.9994906,1,"[2.93388, 3.78824, -1.44469, 0.69448, -8.86677, -5.04573, -5.48787, -15.12491, -0.99658, -3.05561, -0.06078, -7.96303, -0.59009, -5.91873, 1.85783, 1.32377, -16.35234, 0.04767, -0.93398, 2.08458, 12.1041, 1.65896]"
42,sub10,mae,1,sub10-b2__0002__turnaround.npy,19,turnaround,19,0.84656054,1,"[2.90249, -0.03723, -6.01089, -5.54823, -3.35183, -2.13389, 0.45856, -11.85205, -0.00935, 0.05465, 1.29998, -0.15031, -3.47938, -8.61313, 7.69702, -3.28754, -8.59413, 6.71932, 1.63639, 10.46183, 8.09345, -9.14975]"
42,sub10,mae,1,sub10-b2__0003__walk.npy,20,walk,20,0.9901654,1,"[-1.03726, -1.35093, -6.56179, -2.48143, -0.26566, -1.45856, 5.46073, -8.49756, -3.81347, 1.8416, -4.88476, -2.73447, 1.70398, -5.97533, 1.91153, 3.04009, -8.35001, 10.00455, 0.07456, 0.54495, 14.62906, -5.5362]"
42,sub10,mae,1,sub10-b2__0004__turnaround.npy,19,turnaround,19,0.9987373,1,"[0.33409, 1.46735, -4.34544, -2.35537, -5.22769, 0.99875, -0.75766, -17.11626, -4.00688, 0.917, -0.81674, 1.00321, 0.4607, -10.80377, 5.89959, 3.49601, -5.40944, -4.39462, 0.21374, 12.70279, -2.05846, -13.68237]"
42,sub10,mae,1,sub10-b2__0005__walk.npy,20,walk,20,0.99969625,1,"[2.56236, 2.36156, 0.13571, -0.63946, -9.0806, -5.47226, -4.93247, -14.25414, 0.87487, -3.17213, 0.13804, -6.58249, 0.6771, -7.77444, 3.36963, 1.04184, -14.9777, 1.01981, -2.43649, 1.81787, 12.61575, 2.98498]"
42,sub10,mae,1,sub10-b2__0006__turnaround.npy,19,turnaround,19,0.98989594,1,"[0.52237, 1.9613, -2.24725, -3.07257, -8.49217, 1.53192, -0.04796, -14.89352, -2.80922, -1.30201, -1.14831, 2.30265, 2.88959, -12.0596, 8.25228, 1.4634, -5.28532, -4.22228, -0.01293, 12.84955, -1.44574, -13.21438]"
42,sub10,mae,1,sub10-b2__0007__walk.npy,20,walk,20,0.9914204,1,"[-0.73967, -1.32707, -7.35418, -1.89081, 0.75132, -1.4589, 4.8957, -8.24086, -4.75255, 2.43501, -4.01925, -2.55991, 0.66932, -4.61191, 1.38044, 1.8713, -8.01628, 9.95111, 0.1704, 0.75997, 14.70866, -6.39837]"
42,sub10,mae,1,sub10-b2__0008__turnaround.npy,19,turnaround,19,0.99914205,1,"[0.78816, 1.01796, -3.92035, -3.23248, -5.80899, 0.76057, -0.29383, -17.95572, -3.55472, 0.45111, -1.08662, 1.19117, 1.19111, -11.99693, 6.15416, 4.73508, -6.55268, -3.45267, -0.1228, 13.46067, -1.24383, -13.45577]"
42,sub10,mae,1,sub10-b2__0009__walk.npy,20,walk,20,0.9993168,1,"[2.94815, 2.50635, -0.06428, 0.15509, -8.82143, -5.63571, -5.21204, -15.0254, 0.31089, -3.0644, 0.24074, -6.98748, 0.51192, -7.22167, 3.3944, 1.51686, -15.20116, -0.14088, -3.17013, 2.21929, 11.88026, 2.80095]"
42,sub10,mae,1,sub10-b2__0010__turnaround.npy,19,turnaround,19,0.99319357,1,"[1.23453, 1.77962, -2.75756, -3.91801, -8.8372, 1.45056, 0.34687, -15.34952, -2.19917, -1.37854, -0.65285, 2.08368, 3.56256, -12.69724, 8.50546, 1.85078, -6.43277, -3.23298, 0.20587, 13.50206, -0.6305, -13.25233]"
42,sub10,mae,1,sub10-b2__0011__walk.npy,20,walk,20,0.98192066,1,"[-0.96777, -1.857, -7.20833, -2.17746, 1.27435, -1.53267, 5.52354, -7.99109, -5.05563, 2.2432, -4.69692, -2.31204, 0.31134, -4.78234, 0.99331, 2.76464, -8.19788, 10.93941, 0.37622, 1.13041, 14.93926, -6.26576]"
42,sub10,mae,1,sub10-b2__0012__turnaround.npy,19,turnaround,19,0.99928766,1,"[0.90358, 1.22658, -4.02001, -3.03681, -5.47264, 0.40121, -1.07122, -18.42481, -3.44665, 0.82448, -0.96714, 0.52645, 1.12777, -11.57349, 5.63484, 4.81685, -6.86655, -3.52877, -0.30815, 13.28649, -0.93262, -13.25471]"
42,sub10,mae,1,sub10-b2__0013__walk.npy,20,walk,20,0.9984091,1,"[2.08813, 1.89047, 0.10963, 1.37435, -7.89722, -5.35089, -5.42498, -15.29996, -0.67555, -2.78566, -1.04476, -6.78102, 0.05914, -7.14389, 3.09642, 3.03671, -14.52536, -0.45295, -4.2999, 3.39291, 11.1059, 2.39305]"
42,sub10,mae,1,sub10-b2__0014__turnaround.npy,19,turnaround,19,0.98979515,1,"[1.19402, 1.23605, -4.03696, -4.58882, -8.0127, 1.3825, 0.48303, -15.82228, -1.99816, -0.51928, 0.18785, 2.25778, 3.5684, -12.64079, 8.77688, 1.34786, -5.80101, -3.36453, 0.31434, 13.36151, -0.53925, -13.86234]"
42,sub10,mae,1,sub10-b2__0015__walk.npy,20,walk,20,0.98190355,1,"[-0.95944, -2.17655, -7.81076, -1.81135, 2.04804, -1.57562, 4.96149, -7.7783, -5.25837, 3.04668, -3.81363, -2.40173, 0.13778, -3.60946, 0.51909, 1.97008, -7.71424, 10.56814, 0.35525, 0.9009, 14.5667, -6.38787]"
42,sub10,mae,1,sub10-b2__0016__turnaround.npy,19,turnaround,19,0.9985921,1,"[0.58056, 0.49066, -4.38635, -3.95224, -5.34925, 0.38258, -0.79063, -18.25899, -2.7975, 1.23957, -0.82016, 0.87634, 1.83697, -12.39932, 6.16496, 4.5229, -6.4349, -3.17785, -0.44126, 12.93987, -0.31454, -13.24256]"
42,sub10,mae,1,sub10-b2__0017__walk.npy,20,walk,20,0.9960716,1,"[1.8075, 0.81705, -0.48015, 0.89093, -7.09063, -5.06814, -5.10467, -15.41608, -0.69132, -1.8312, -1.04541, -5.7463, 0.7973, -8.13202, 3.9654, 2.85342, -12.83282, -1.19718, -5.22783, 4.03199, 10.5127, 1.28894]"
42,sub10,mae,1,sub10-b2__0018__turnaround.npy,19,turnaround,19,0.99188995,1,"[2.20574, 0.57342, -5.14265, -5.78839, -7.19912, 1.08508, 1.6208, -16.41518, -2.12933, -0.31822, 0.93183, 3.19525, 3.85501, -12.3148, 9.13761, 1.48817, -5.97922, -2.6636, 0.92887, 13.95496, -0.67176, -15.03463]"
42,sub10,mae,1,sub10-b2__0019__walk.npy,20,walk,20,0.9821602,1,"[-0.50301, -1.41967, -7.53153, -0.84957, 3.08083, -2.34537, 4.01595, -7.88297, -5.9509, 3.26604, -3.50753, -3.25644, -1.80689, -1.89576, -0.17219, 0.74261, -8.32345, 10.65318, 0.28155, 1.03716, 14.66415, -6.39541]"
42,sub10,mae,1,sub10-b2__0020__turnaround.npy,19,turnaround,19,0.998818,1,"[1.09686, 0.46871, -4.1265, -4.01245, -5.41123, 0.00827, -0.70974, -18.58649, -2.41954, 0.85439, -0.9289, 0.44247, 1.85306, -12.4395, 6.40787, 4.69243, -7.28836, -2.56971, -0.81349, 13.33862, 0.34435, -12.88194]"
42,sub10,mae,1,sub10-b2__0021__walk.npy,20,walk,20,0.9846867,1,"[1.79204, 0.76857, -0.76515, 2.27707, -5.65269, -4.87536, -4.11265, -15.86374, -2.64605, -1.51762, -2.51562, -6.23794, -0.91296, -6.88896, 3.22163, 4.74619, -13.39272, -0.95371, -5.31182, 4.50784, 9.69591, 0.79859]"
42,sub10,mae,1,sub10-b2__0022__turnaround.npy,19,turnaround,19,0.7810911,1,"[5.02886, 4.36545, -5.80349, 2.18822, 0.37128, -3.6926, -1.53032, -11.78773, -6.46569, 1.72434, 1.472, -4.29772, -9.65005, 1.52411, 2.18386, -5.39306, -9.8146, 3.26522, 2.18111, 7.19061, 4.26722, -8.8765]"
42,sub10,mae,1,sub10-b2__0023__walk.npy,20,walk,20,0.94353265,1,"[-0.63228, -1.59772, -7.46371, -0.44524, 3.71071, -2.03531, 5.19159, -7.43026, -6.6651, 3.0586, -4.51088, -2.96684, -2.86378, -1.71101, -0.44792, 1.64857, -8.24129, 11.61611, 0.2903, 1.18966, 14.43437, -6.57801]"
42,sub10,mae,1,sub10-b2__0024__turnaround.npy,19,turnaround,19,0.9991487,1,"[1.10381, 1.40748, -3.66591, -2.38415, -5.21362, -0.10645, -1.15048, -18.89505, -3.85523, 0.83351, -1.57938, -0.3454, 0.60068, -11.18423, 5.34877, 5.06403, -7.73369, -3.23119, -0.93713, 13.01688, -0.23351, -12.60093]"
42,sub10,mae,1,sub10-b2__0025__hop.npy,9,hop,9,0.72974706,1,"[3.49272, 1.70715, -11.35433, -1.96599, 2.52021, -3.2608, -7.76466, -17.39785, -5.83169, 6.25992, 4.67765, -3.52623, -2.21001, -2.02039, 3.14044, 0.60326, -4.32109, -11.54059, 2.22061, -0.27814, -3.29399, -10.71321]"
42,sub10,mae,1,sub10-b2__0026__hop.npy,9,hop,9,0.62920505,1,"[3.29914, 2.4819, -11.03327, -1.67085, 0.5184, -3.58284, -8.60546, -17.7788, -5.0894, 6.24945, 5.29966, -4.5018, -2.09296, -3.76289, 3.96739, -0.58478, -5.74116, -11.33316, 2.09117, 0.63406, -1.10371, -10.23785]"
42,sub10,mae,1,sub10-b2__0027__hop.npy,9,hop,9,0.7567324,1,"[3.89823, 1.67316, -11.84401, -2.1325, 3.15373, -3.1719, -8.07869, -17.47086, -5.93088, 6.86228, 5.28402, -3.6606, -2.66543, -1.65202, 2.83045, 0.37105, -4.21825, -11.6388, 2.51515, -0.36857, -3.67179, -10.94313]"
42,sub10,mae,1,sub10-b2__0028__hop.npy,9,hop,9,0.46038657,1,"[3.11302, 0.96774, -12.82468, -4.82867, 2.00327, -2.63502, -7.38429, -15.98309, -4.55194, 6.77232, 6.67364, -2.26961, -0.45452, -3.47426, 3.5254, -0.14983, -3.40026, -10.93077, 5.09883, -1.46664, -3.28058, -11.25597]"
42,sub10,mae,1,sub10-b2__0029__hop.npy,9,hop,9,0.41672426,1,"[3.4155, 1.35473, -11.31778, -4.53461, 0.66087, -3.07602, -7.05892, -15.75908, -4.33779, 5.47544, 5.14749, -3.02528, -0.41048, -2.9517, 2.7456, 1.37248, -5.23181, -10.70825, 4.65503, -0.95172, -2.53414, -9.45662]"
42,sub10,mae,1,sub10-b2__0030__hop.npy,9,hop,9,0.8504965,1,"[1.13421, 1.38265, -9.49539, 0.7813, 2.63502, -2.01881, -6.41585, -16.0756, -7.83028, 5.84958, 1.16395, -2.3031, -2.27747, -2.55068, 3.27203, 0.89049, -2.17137, -11.21843, 0.25557, 1.36713, -3.1673, -11.79095]"
42,sub10,mae,1,sub10-b2__0031__jump.npy,10,jump,19,0.29797873,0,"[3.44729, 3.73049, -2.49913, 4.04408, -4.38091, -4.68721, -8.13427, -17.50177, -3.7265, 0.58932, 1.92844, -5.11869, -2.13947, -3.95714, 4.41485, -1.57541, -8.83806, -8.83845, -4.73283, 4.58207, 2.10364, -4.98866]"
42,sub10,mae,1,sub10-b2__0032__jump.npy,10,jump,19,0.4488784,0,"[3.19045, 3.10438, -1.76882, 2.97333, -5.05988, -4.90793, -7.99214, -17.34803, -2.74406, 0.59089, 1.5411, -4.85996, -1.77279, -5.97756, 4.97933, -1.18246, -9.47126, -7.34866, -5.05383, 5.38222, 3.87715, -4.29109]"
42,sub10,mae,1,sub10-b2__0033__jump.npy,10,jump,19,0.31056237,0,"[3.49801, 3.38025, -2.09407, 3.81121, -4.52101, -5.55036, -8.22019, -17.34567, -2.81986, 0.26442, 1.74796, -6.04458, -2.2872, -4.02209, 4.30023, -1.27073, -10.21116, -7.20056, -4.99031, 4.68889, 3.95758, -3.02746]"
42,sub10,mae,1,sub10-b2__0034__jump.npy,10,jump,3,0.9911884,0,"[2.6213, 5.34094, -5.27169, 11.2072, -0.30709, -4.52201, -8.61412, -11.0707, -5.98757, 1.022, 1.99975, -8.16544, -6.41171, 6.02695, 1.68412, -4.48963, -5.95173, -9.66747, -3.79408, -0.57831, -0.09131, -2.44091]"
42,sub10,mae,1,sub10-b2__0035__jump.npy,10,jump,19,0.24453531,0,"[3.92576, 4.58043, -2.17889, 4.20113, -5.37632, -5.46968, -8.56849, -17.48572, -3.03741, 0.17813, 2.00326, -6.8146, -3.02565, -3.92236, 4.06467, -1.15255, -11.1156, -7.65503, -4.35132, 4.63582, 3.58544, -2.92674]"
42,sub10,mae,1,sub10-b2__0036__jump.npy,10,jump,14,0.42930114,0,"[3.90034, 3.9771, -3.03848, 3.12069, -5.43176, -4.70762, -8.04433, -17.86453, -2.75078, 0.54912, 2.79257, -5.39154, -1.8205, -5.16569, 5.32088, -1.71151, -9.49845, -8.76966, -4.31869, 4.7634, 2.37928, -4.65342]"
42,sub10,mae,1,sub10-b2__0037__runonspot.npy,13,runonspot,3,0.98583674,0,"[0.86407, 6.61237, -4.76474, 12.94477, 2.40505, -4.63415, -6.82854, -13.604, -9.27685, 1.67893, -3.37724, -9.89374, -8.28889, 8.56594, -0.99601, -1.32559, -6.35447, -8.76908, -3.59851, -0.5093, -1.0591, -3.24893]"
42,sub10,mae,1,sub10-b2__0038__runonspot.npy,13,runonspot,3,0.9473705,0,"[0.40458, 7.52216, -6.40335, 14.71643, 4.68432, -4.19932, -7.02097, -11.73702, -10.2378, 2.84342, -3.48263, -10.22035, -10.49838, 11.81146, -1.8566, -2.54814, -3.75705, -10.02645, -2.43904, -2.08089, -3.65648, -4.29275]"
42,sub10,mae,1,sub10-b2__0039__runonspot.npy,13,runonspot,3,0.98901856,0,"[-0.26006, 6.292, -6.26469, 12.74015, 3.62834, -3.45367, -5.94917, -12.85141, -10.34791, 3.25151, -4.16205, -9.27398, -8.82041, 8.06526, -0.93988, -0.86808, -4.23687, -9.34034, -2.98864, -0.30789, -2.09297, -5.63684]"
42,sub10,mae,1,sub10-b2__0040__runonspot.npy,13,runonspot,3,0.9650664,0,"[-0.24274, 6.40269, -6.25237, 14.11079, 5.01122, -3.4597, -6.39621, -12.1019, -10.67219, 2.94179, -4.42049, -9.49007, -9.40996, 10.776, -1.95427, -1.48919, -3.22872, -9.52796, -3.06958, -1.76969, -3.24426, -5.3481]"
42,sub10,mae,1,sub10-b2__0041__runonspot.npy,13,runonspot,3,0.88112235,0,"[0.51259, 6.22712, -6.8508, 13.31897, 5.76115, -4.05597, -6.23712, -13.11642, -10.37561, 3.18739, -3.83917, -9.52475, -9.2594, 11.30546, -1.68524, -1.78678, -3.08251, -9.2834, -2.67291, -2.21992, -3.92478, -5.16454]"
42,sub10,mae,1,sub10-b2__0042__buttkicks.npy,4,buttkicks,4,0.7209004,1,"[2.0816, 0.24073, -12.71516, 3.83786, 10.39235, -3.43768, -5.48417, -16.11922, -7.84999, 9.43572, 0.41827, -6.27011, -6.06163, 3.18955, 2.57772, -1.82434, 0.50694, -10.01569, -3.55191, -1.70245, -3.64715, -9.81052]"
42,sub10,mae,1,sub10-b2__0044__buttkicks.npy,4,buttkicks,4,0.8978245,1,"[1.47176, 1.07332, -12.62479, 4.28663, 11.76267, -3.35836, -6.53404, -15.35165, -9.66926, 9.51627, -0.11586, -6.82165, -7.254, 6.85276, -1.7505, 0.05244, -0.45758, -9.48515, -0.45458, -2.53289, -4.46745, -9.25032]"
42,sub10,mae,1,sub10-b2__0045__buttkicks.npy,4,buttkicks,4,0.60248405,1,"[2.40701, -1.63199, -14.37955, 0.2613, 11.80807, -2.19444, -5.24908, -17.10769, -8.07244, 11.39183, 2.11084, -3.71025, -4.47149, 0.77799, 1.94577, -0.87794, 1.84951, -9.48344, -1.98831, -1.92391, -4.23021, -12.33907]"
42,sub10,mae,1,sub10-b2__0046__buttkicks.npy,4,buttkicks,4,0.7156863,1,"[1.6692, -0.62459, -13.21384, 2.02249, 11.09724, -2.89132, -6.71405, -16.07207, -8.32351, 10.17263, 1.30421, -4.93695, -5.12846, 2.77513, 0.60482, -0.74599, 0.61967, -9.77339, -1.43586, -1.57543, -3.68621, -10.69014]"
42,sub10,mae,1,sub10-b2__0047__buttkicks.npy,4,buttkicks,4,0.7769334,1,"[2.30293, 0.01633, -13.3689, 2.61368, 11.0615, -3.07, -6.58543, -16.51788, -8.36311, 9.80896, 1.61317, -5.54377, -5.57396, 3.93923, 0.57299, -0.96356, 0.22006, -10.39422, -1.33306, -1.94632, -4.65657, -10.21273]"
42,sub10,mae,1,sub10-b2__0048__airkick.npy,0,airkick,19,0.84161526,0,"[0.60529, 4.46716, -0.29398, 2.32732, -4.91652, 0.06396, -2.86839, -13.32694, -7.0985, 0.17734, -5.8963, -1.68065, -5.12923, -6.46929, 2.84675, 6.0928, -7.07336, -5.70577, 0.44057, 8.00526, -3.17839, -10.16954]"
42,sub10,mae,1,sub10-b2__0049__airkick.npy,0,airkick,1,0.49970722,0,"[1.28498, 5.11567, -1.44472, -3.0792, -4.08013, 1.39821, -1.71121, -9.71105, -3.38998, 2.12242, -3.36507, -0.26952, -3.45661, -6.93726, 2.37601, 4.40987, -3.1438, -4.80934, 3.73924, 2.66107, -7.656, -11.40555]"
42,sub10,mae,1,sub10-b2__0050__airkick.npy,0,airkick,1,0.6569263,0,"[0.56844, 6.27148, -0.65039, 0.36619, -5.87345, 2.59645, -3.34342, -12.23881, -5.19876, 0.29958, -4.03121, -0.50846, -3.31243, -6.56328, 1.78234, 4.50229, -4.71981, -7.63843, 2.92137, 4.95907, -7.68978, -12.48231]"
42,sub10,mae,1,sub10-b2__0051__airkick.npy,0,airkick,1,0.5247176,0,"[-0.62504, 6.16676, 1.48653, 1.94312, -6.44486, 2.82194, -3.14135, -9.78906, -5.46405, -0.88128, -5.83619, -0.08603, -3.30252, -6.47011, 1.05277, 4.75969, -3.93225, -6.33593, 1.6822, 5.62254, -7.75724, -10.71807]"
42,sub10,mae,1,sub10-b2__0052__airkick.npy,0,airkick,19,0.59902036,0,"[0.73213, 6.029, -0.29544, 1.85028, -4.62403, 1.62843, -4.05232, -11.68456, -6.04636, 0.91054, -4.91579, -1.9841, -5.45739, -5.00117, 0.78449, 4.97581, -5.65303, -6.60284, 1.91576, 6.77489, -7.09184, -11.05569]"
42,sub10,mae,1,sub10-b2__0053__airkick.npy,0,airkick,19,0.6903334,0,"[0.99075, 5.61301, 2.28542, 2.04122, -5.96881, 1.76422, -4.19378, -11.63188, -5.45048, -0.44694, -5.40335, -0.87516, -4.40598, -6.50201, 1.91441, 4.37769, -5.35226, -6.21289, -0.16631, 6.76375, -6.88918, -9.96982]"
42,sub10,mae,1,sub10-b2__0054__airkick.npy,0,airkick,19,0.46855387,0,"[2.02805, 5.16456, -1.47377, -2.6762, -6.25307, 1.73694, -2.86356, -11.7219, -3.39642, 1.01209, -1.89278, -0.553, -3.30148, -7.01494, 1.9052, 4.61965, -6.34902, -6.50074, 4.49577, 5.84011, -6.76948, -10.91266]"
42,sub10,mae,1,sub10-b2__0055__sidekick.npy,14,sidekick,14,0.987636,1,"[4.19268, -3.04455, -7.34154, -2.75628, 0.50092, -1.36113, 3.17118, -18.31637, -2.89255, 2.32664, 0.72303, 1.6473, 3.12826, -8.7584, 9.29944, -1.09007, -2.17919, -4.26507, -6.51053, 0.79236, 0.55359, -9.51502]"
42,sub10,mae,1,sub10-b2__0056__sidekick.npy,14,sidekick,14,0.92422265,1,"[4.55406, -0.01879, -2.02196, 0.41988, -2.68153, -2.33047, -0.44263, -18.32846, -2.62265, -1.66778, -0.45392, -0.17485, 1.01363, -7.0934, 7.57494, 0.52431, -5.12016, -4.10791, -7.20266, 3.9981, -0.48402, -7.15185]"
42,sub10,mae,1,sub10-b2__0057__sidekick.npy,14,sidekick,14,0.94105613,1,"[4.31249, -1.83969, -4.7688, -1.44478, -1.27572, -1.1447, 2.38046, -20.12049, -3.75392, -0.29325, -0.95029, 1.2715, 1.20019, -9.08523, 8.26503, 2.5615, -5.09867, -2.66351, -6.5155, 4.90178, 0.2888, -10.31812]"
42,sub10,mae,1,sub10-b2__0058__sidekick.npy,14,sidekick,14,0.9784232,1,"[4.6902, -4.00136, -10.453, -4.81092, 1.62146, 0.52664, 6.01216, -19.87722, -3.48424, 3.09338, 1.22106, 3.29351, 3.12664, -9.98212, 10.21654, -0.01369, -1.02763, -4.12462, -5.36949, 0.82086, -1.1451, -12.96243]"
42,sub10,mae,1,sub10-b2__0059__sidekick.npy,14,sidekick,14,0.99082655,1,"[3.85215, -2.06453, -7.33108, -3.06192, -1.31113, 0.06651, 3.15016, -20.54891, -2.29943, 0.43107, 0.37188, 1.59338, 2.45664, -10.15168, 9.68549, 1.19405, -3.27986, -3.86939, -5.86949, 3.97829, -0.71183, -11.67641]"
42,sub10,mae,1,sub10-b2__0060__sidekick.npy,14,sidekick,14,0.9773162,1,"[5.25948, -1.29657, -3.45377, -1.32182, -1.76198, -1.79963, 3.55539, -18.30342, -2.62322, -1.60482, -1.09136, 0.90378, 1.89419, -8.5605, 9.31458, 1.92346, -4.89462, -1.99386, -7.19597, 2.45689, -0.07269, -8.19523]"
42,sub10,mae,1,sub10-b2__0061__sidekick.npy,14,sidekick,14,0.9852952,1,"[4.69177, -2.50781, -7.0792, -2.42285, 0.17663, -0.9479, 3.92533, -19.12582, -2.76086, 0.95946, -0.03378, 1.32943, 2.43176, -8.93991, 9.4355, 0.45146, -2.93863, -2.88787, -6.66113, 1.38336, -0.00538, -9.89275]"
42,sub10,mae,1,sub10-b2__0062__crosstoe.npy,6,crosstoe,6,0.9838209,1,"[1.87806, -2.68297, -3.78003, -5.18526, -4.2288, 0.27526, 13.90116, -14.10431, -5.78846, -2.78043, -4.32856, 4.58986, 5.06698, -8.46674, 9.77522, 3.98298, -5.2767, -1.74514, -1.46989, -0.66656, 1.32192, -7.36962]"
42,sub10,mae,1,sub10-b2__0063__crosstoe.npy,6,crosstoe,6,0.99423414,1,"[0.59197, -2.53856, -1.20307, -4.26379, -4.45108, -0.40988, 14.68364, -12.01394, -5.31342, -4.26402, -6.92456, 4.82619, 5.36201, -7.77168, 9.50004, 4.70337, -4.76048, -0.50682, -1.72074, -1.71341, 1.44968, -5.2857]"
42,sub10,mae,1,sub10-b2__0064__crosstoe.npy,6,crosstoe,6,0.99101794,1,"[0.13421, -2.04269, -2.04645, -4.1645, -4.90431, -0.01046, 14.23142, -12.1091, -5.73421, -4.02481, -6.29626, 4.76104, 5.99996, -7.27724, 9.48571, 3.73352, -4.13325, -2.1094, -1.19732, -1.64758, 1.02056, -6.44653]"
42,sub10,mae,1,sub10-b2__0065__crosstoe.npy,6,crosstoe,6,0.99375844,1,"[0.86426, -3.36521, -3.88751, -6.08435, -3.39095, 0.92802, 15.45391, -12.91773, -5.8088, -2.34242, -5.23692, 6.39997, 5.89109, -8.82479, 10.35191, 3.65107, -2.76825, -1.74299, -1.16676, -1.84379, 0.17764, -8.78674]"
42,sub10,mae,1,sub10-b2__0066__crosstoe.npy,6,crosstoe,6,0.9925331,1,"[-3.74725, -4.15607, -2.47058, -9.55831, -4.60935, 3.93662, 17.9642, -6.16456, -3.83055, -3.78301, -7.36005, 13.02366, 9.74865, -11.49027, 8.75153, 3.50084, 3.24261, 0.75728, 3.14259, -3.47292, -2.07571, -11.50482]"
42,sub10,mae,1,sub10-b2__0067__crosstoe.npy,6,crosstoe,6,0.99679095,1,"[-3.42674, -3.99017, -2.27217, -9.33962, -4.71687, 2.82415, 17.60735, -6.5134, -3.15881, -3.99046, -7.28302, 11.56488, 10.12772, -10.60338, 9.4182, 3.09589, 2.82242, 0.22449, 2.57526, -4.28364, -1.34486, -9.43272]"
42,sub10,mae,1,sub10-b2__0069__throw.npy,18,throw,18,0.9508762,1,"[-5.21599, 1.58725, -5.953, -4.0359, -3.4411, 3.95612, -0.02689, -2.93591, 0.95396, 0.17621, -3.294, 0.54224, 1.5755, -7.94269, 1.36299, 3.31562, 0.64473, -1.98116, 7.69216, 2.4064, -5.80383, -8.57321]"
42,sub10,mae,1,sub10-b2__0070__throw.npy,18,throw,18,0.9931271,1,"[-4.81212, 0.48845, -1.49121, -5.22636, -2.8496, 0.86559, 2.18624, 5.73967, 3.28387, -2.95335, -3.7215, -0.70349, 1.55691, -1.68296, -1.53972, 3.20866, -1.1476, 2.19003, 10.96536, -2.09121, -3.05352, 2.25361]"
42,sub10,mae,1,sub10-b2__0071__throw.npy,18,throw,18,0.96701413,1,"[-4.57435, -0.55547, -0.98271, -6.30292, -2.7504, 0.39198, 3.009, 7.62146, 4.21302, -3.13344, -3.18817, -1.02097, 2.30924, -1.11605, -1.52149, 3.48432, -1.35865, 2.80449, 11.10573, -3.01332, -2.18166, 4.3525]"
42,sub10,mae,1,sub10-b2__0072__throw.npy,18,throw,18,0.9572363,1,"[-5.63224, 1.52787, -2.23863, -5.52369, -4.14738, 3.84422, 2.17272, 2.33656, 2.55388, -1.31102, -4.08979, 3.0213, 2.60954, -6.72518, 0.50136, 3.28759, 2.78203, -0.56339, 8.20402, -1.1588, -6.88773, -5.72994]"
42,sub10,mae,1,sub10-b2__0073__throw.npy,18,throw,18,0.9484385,1,"[-4.84304, 1.00722, -3.21658, -6.02608, -4.32269, 1.40015, 0.49555, -0.27198, 5.2487, -2.11844, -2.67364, -0.05854, 3.26172, -6.81408, 1.36264, 1.92322, -0.03766, 0.91767, 8.40145, -0.05838, -3.51211, -2.15269]"
42,sub10,mae,1,sub10-b2__0074__throw.npy,18,throw,18,0.9197564,1,"[-4.65291, 2.05019, -2.34178, -4.28702, -5.36135, 2.74206, -1.09044, -0.75121, 4.12509, -2.06449, -4.0942, -0.95849, 1.15842, -7.5356, 0.89042, 3.11214, -1.69185, 0.27961, 7.25665, 2.0008, -4.09843, -3.2579]"
42,sub10,mae,1,sub10-b2__0075__throw.npy,18,throw,18,0.9373556,1,"[-6.50532, 1.20643, -2.82458, -4.42667, -4.45852, 3.1734, 0.21201, 3.53762, 4.73899, -2.47488, -3.67383, 0.69561, 2.83902, -6.45153, 0.54088, 1.05577, 1.85351, -0.22398, 8.04657, -0.96303, -4.40298, -2.51279]"
42,sub10,mae,1,sub10-b2__0076__walk.npy,20,walk,20,0.87601936,1,"[0.82077, 0.66886, 0.55192, 3.30276, -5.70292, -4.33932, -3.20904, -15.27294, -3.63533, -2.29649, -4.81876, -6.05259, -1.01923, -6.51305, 2.68808, 6.37797, -12.96909, -0.90129, -5.74334, 5.56426, 8.75838, 0.77591]"
42,sub10,mae,1,sub10-b2__0077__turnaround.npy,19,turnaround,19,0.9893579,1,"[1.49256, 1.38045, -4.42659, -4.55486, -7.18332, 1.70723, 1.47322, -15.49443, -2.47048, -0.60006, -0.31231, 3.19223, 2.75498, -11.99594, 8.92367, 1.92033, -4.73519, -3.19198, 0.84503, 13.46506, -2.42756, -15.05185]"
42,sub10,mae,1,sub10-b2__0078__walk.npy,20,walk,20,0.95905024,1,"[-0.43763, -1.07226, -7.14452, 0.22681, 3.47472, -2.58952, 3.12012, -7.37018, -6.60205, 2.95425, -3.57263, -3.64826, -3.77573, -0.73733, -1.35639, 0.79549, -9.1929, 11.86348, 0.69244, 1.69542, 15.01769, -6.07616]"
42,sub10,mae,1,sub10-b2__0079__turnaround.npy,19,turnaround,19,0.9990145,1,"[1.74688, 0.35933, -4.12213, -4.00295, -4.61622, -0.53667, -0.46378, -19.16885, -2.71216, 1.18754, -1.06445, -0.03443, 0.72477, -11.7, 6.05341, 4.88869, -8.13313, -1.74849, -0.96967, 13.27772, 0.73383, -12.66642]"
42,sub10,mae,1,sub10-b2__0080__walk.npy,20,walk,20,0.99162966,1,"[1.83366, 1.56386, -0.21836, 2.38402, -6.8611, -5.1035, -4.64296, -16.05167, -2.15468, -2.3585, -2.26544, -6.59559, -0.08796, -6.58301, 3.12061, 4.45953, -13.96994, -1.60555, -5.09976, 3.8338, 9.98925, 1.49232]"
42,sub10,mae,1,sub10-b2__0081__turnaround.npy,19,turnaround,19,0.99264187,1,"[1.84716, 1.06823, -4.2285, -5.24999, -7.58324, 1.46478, 1.43486, -15.82348, -1.99076, -0.70218, 0.02239, 3.25246, 3.675, -12.59888, 8.92806, 2.11214, -5.55743, -2.63794, 0.7118, 13.8452, -1.51903, -14.72512]"
42,sub10,mae,1,sub10-b2__0082__walk.npy,20,walk,20,0.8976027,1,"[-0.48951, -1.22386, -7.31358, 0.6971, 4.48553, -2.65334, 3.97154, -7.20886, -6.97298, 3.30473, -4.20016, -3.84542, -4.03178, 0.14705, -1.60114, 1.33439, -8.53112, 11.8727, 0.59798, 0.52525, 14.04483, -5.66071]"
42,sub10,mae,1,sub10-b2__0083__turnaround.npy,19,turnaround,19,0.9991321,1,"[1.28634, 1.06929, -4.01561, -3.43371, -5.6766, 0.16137, -0.16495, -18.95952, -3.29525, 0.39541, -1.0781, 0.40032, 1.37965, -11.70607, 6.0892, 5.12193, -7.69244, -3.04187, -0.49813, 13.48787, -0.43571, -13.1671]"
42,sub10,mae,1,sub10-b2__0084__walk.npy,20,walk,20,0.98782617,1,"[1.60086, 0.90628, -0.89446, 1.55327, -6.71794, -4.80641, -3.50953, -16.25957, -2.21886, -2.08572, -2.71113, -6.36578, 0.049, -7.32079, 3.52452, 5.50281, -14.08406, -0.99151, -4.81112, 4.34519, 10.31909, 1.00052]"
42,sub10,mae,1,sub10-b2__0085__turnaround.npy,19,turnaround,19,0.9481923,1,"[1.25527, 1.84748, -5.74309, -3.94497, -6.89995, 0.73951, 1.65196, -12.79597, -2.92715, -0.47238, 1.25623, 2.66814, 3.84259, -9.91348, 7.86988, -1.13362, -5.16325, -1.41888, 2.78194, 10.81486, 0.75041, -14.74719]"
42,sub10,mae,1,sub10-b2__0086__walk.npy,20,walk,20,0.9078188,1,"[-0.47546, -0.99729, -6.9389, 0.76935, 3.67335, -2.65419, 3.57802, -7.14755, -6.73136, 2.85501, -4.06221, -3.81667, -3.88845, -0.08248, -1.58713, 1.41803, -8.91626, 11.88672, 0.70249, 0.92138, 14.17474, -5.44718]"
42,sub10,mae,1,sub10-b2__0087__turnaround.npy,19,turnaround,19,0.99867153,1,"[1.15605, -0.07719, -3.35811, -3.83506, -4.9381, -0.58089, -1.096, -18.71304, -1.95062, 0.71182, -1.47614, -0.02286, 1.32297, -12.27208, 6.14596, 4.83792, -7.86377, -1.27804, -1.73626, 13.03541, 1.3903, -11.64896]"
42,sub10,mae,1,sub10-b2__0088__walk.npy,20,walk,20,0.9890343,1,"[1.29156, 0.68322, -0.00306, 1.69755, -6.95762, -4.70153, -3.67682, -15.73089, -2.09314, -2.3999, -3.09446, -5.72923, 0.28567, -7.91049, 3.62233, 5.24776, -13.55776, -0.72465, -5.28382, 4.62461, 10.35004, 1.04777]"
42,sub10,mae,1,sub10-b2__0089__turnaround.npy,19,turnaround,19,0.9891561,1,"[2.18705, 0.30414, -4.48825, -5.99329, -7.50136, 1.10739, 1.82717, -15.74081, -1.64605, -0.67261, 0.48462, 3.5695, 4.42976, -12.96827, 9.25703, 1.20604, -6.08845, -1.55493, 0.47812, 13.78427, 0.24263, -14.76065]"
42,sub10,mae,1,sub10-b2__0090__walk.npy,20,walk,20,0.89647645,1,"[0.21195, -0.23183, -7.35191, 1.79633, 4.92223, -2.91748, 3.47761, -7.66645, -8.08445, 3.29178, -3.93012, -4.48286, -5.5511, 1.99868, -2.13289, 0.75, -9.39427, 11.07364, 0.94141, 0.70975, 13.23571, -6.15066]"
42,sub10,mae,1,sub10-b2__0091__turnaround.npy,19,turnaround,19,0.998292,1,"[1.28259, -0.25246, -4.36765, -4.5063, -4.98579, -0.29142, 0.07057, -19.11847, -2.10804, 0.92261, -1.2038, 0.32581, 1.76586, -12.45647, 6.67476, 5.04669, -7.83183, -1.63298, -1.23549, 13.24604, 1.24522, -12.49177]"
42,sub10,mae,1,sub10-b2__0092__walk.npy,20,walk,20,0.9904289,1,"[1.12236, 0.77017, 0.01251, 1.66686, -7.15754, -4.70352, -4.28717, -15.69111, -2.16579, -2.34557, -2.75799, -5.66511, 0.26587, -7.98987, 3.24129, 4.96162, -13.70143, -0.7939, -4.97407, 5.02215, 10.45623, 0.77609]"
42,sub10,mae,1,sub10-b2__0093__turnaround.npy,19,turnaround,19,0.995413,1,"[2.03942, 1.0059, -4.43271, -4.73011, -6.75706, 1.00656, 1.2006, -15.9802, -2.53621, -0.33275, -0.0455, 2.58409, 2.74278, -11.82419, 8.46428, 1.52477, -6.19504, -1.67351, 0.42349, 13.85555, -0.3118, -14.80513]"
42,sub10,mae,1,sub10-b2__0094__walk.npy,20,walk,20,0.94827515,1,"[-0.60395, -1.64634, -8.01579, -0.13329, 4.08118, -2.05466, 4.47642, -7.79979, -6.87916, 3.60503, -4.00355, -3.23678, -3.22962, -1.32113, -0.59412, 1.51322, -8.2428, 11.31376, 0.21536, 1.5901, 14.22487, -6.88925]"
42,sub10,mae,1,sub10-b2__0095__turnaround.npy,19,turnaround,19,0.997092,1,"[1.70499, -0.51814, -3.1245, -5.48554, -6.0388, -0.58705, -0.51178, -18.27143, -0.59109, -0.01329, -1.09571, 1.09961, 3.28989, -13.65953, 7.39643, 4.69539, -7.7899, -0.58087, -1.62298, 13.32525, 1.92667, -11.46814]"
42,sub10,mae,1,sub10-b2__0096__hop.npy,9,hop,9,0.6557155,1,"[1.64356, 0.90006, -11.086, -1.55347, 1.04305, -3.8001, -3.84886, -16.55174, -6.7656, 5.5096, 0.99517, -6.17665, -0.53512, -3.40678, 3.39516, 3.15548, -7.83435, -8.2837, 1.12337, -1.40833, 4.07851, -7.20123]"
42,sub10,mae,1,sub10-b2__0097__hop.npy,9,hop,9,0.6480271,1,"[2.94731, 1.69705, -11.21827, -0.72562, 2.02593, -3.226, -8.10423, -18.73944, -6.33583, 5.58109, 4.51238, -4.06271, -1.45067, -1.67614, 2.6207, 0.34748, -5.32771, -11.48786, 1.24019, 0.15463, -1.95654, -10.43785]"
42,sub10,mae,1,sub10-b2__0099__hop.npy,9,hop,9,0.734818,1,"[3.35556, 1.59097, -11.66739, -1.3217, 3.28193, -2.70739, -6.71863, -17.44771, -6.7845, 6.04749, 3.96457, -2.99258, -1.85895, -1.06706, 3.46477, 0.45563, -2.78848, -12.25669, 1.57466, -0.8123, -4.7238, -11.66595]"
42,sub10,mae,1,sub10-b2__0100__hop.npy,9,hop,9,0.7608101,1,"[2.11671, 0.31611, -12.65591, -4.16696, 2.33123, -1.82365, -6.56311, -16.93623, -5.95741, 6.57407, 4.93226, -1.66736, 0.60447, -3.34435, 2.61116, 1.04519, -3.0359, -11.24253, 3.86054, -1.41602, -2.91119, -12.06894]"
42,sub10,mae,1,sub10-b2__0101__hop.npy,9,hop,9,0.5597859,1,"[2.59215, 1.46883, -11.32174, -3.0696, 1.47672, -2.90995, -6.62842, -16.22314, -5.77545, 5.19073, 4.05485, -3.29851, -0.46316, -2.02692, 2.17076, 1.41034, -4.94354, -10.67225, 3.85623, -1.09867, -2.44963, -9.89577]"
42,sub10,mae,1,sub10-b2__0102__hop.npy,9,hop,9,0.86460656,1,"[1.36069, 0.46233, -12.90032, -2.7305, 4.70021, -2.67532, -5.53417, -14.8045, -6.40728, 7.17706, 2.85358, -3.38663, -1.92991, -1.18426, 2.78894, 1.41489, -1.93423, -10.39388, 3.92926, -1.98215, -3.52834, -10.96274]"
42,sub10,mae,1,sub10-b2__0103__hop.npy,9,hop,10,0.37273076,0,"[4.72841, 2.99804, -11.36771, -1.41675, 3.34856, -2.9292, -7.26271, -14.46052, -6.66509, 5.17364, 5.89395, -2.99302, -3.1919, 3.76771, 0.29043, -0.16679, -3.17778, -12.37876, 5.42275, -3.20425, -7.23337, -9.95079]"
42,sub10,mae,1,sub10-b2__0104__hop.npy,9,hop,9,0.60744995,1,"[3.2017, 2.13023, -11.59941, -1.09873, 3.70945, -3.08985, -8.47711, -15.86183, -6.99437, 6.21413, 5.17329, -3.52713, -2.65949, 1.43708, 0.1016, 0.08296, -3.98757, -11.71516, 4.18345, -2.00792, -4.17059, -10.14969]"
42,sub10,mae,1,sub10-b2__0105__jump.npy,10,jump,1,0.3510619,0,"[4.72194, 5.21209, -4.05081, 3.54565, -5.08081, -5.82226, -9.76584, -17.96898, -2.7928, 0.66466, 4.85989, -7.11319, -1.93772, -1.94904, 3.75038, -3.45483, -10.37591, -10.1611, -3.09574, 2.33525, 2.05349, -3.29959]"
42,sub10,mae,1,sub10-b2__0106__jump.npy,10,jump,1,0.26274914,0,"[4.5359, 4.80418, -2.32656, 3.07257, -6.64003, -5.77724, -9.20063, -17.79902, -2.15821, -0.36644, 3.85302, -6.44922, -2.17446, -4.36891, 4.1607, -1.92719, -11.86175, -7.83496, -3.55679, 4.027, 4.07501, -2.74984]"
42,sub10,mae,1,sub10-b2__0107__jump.npy,10,jump,0,0.26055545,0,"[5.13897, 4.82734, -2.73276, 2.20252, -7.01286, -5.51459, -8.94381, -18.31912, -1.90108, -0.41169, 4.8987, -5.66945, -0.82981, -4.752, 5.13494, -2.78153, -11.08409, -9.24059, -3.49833, 3.3144, 2.84102, -3.51127]"
42,sub10,mae,1,sub10-b2__0108__jump.npy,10,jump,10,0.40977076,1,"[5.10482, 4.31806, -4.76455, 1.58681, -5.33872, -5.09536, -9.22785, -18.45483, -2.20648, 1.56281, 5.98996, -5.2549, -1.018, -4.74336, 5.70081, -3.7993, -9.06144, -10.40085, -3.27945, 3.0487, 1.61043, -5.48924]"
42,sub10,mae,1,sub10-b2__0109__jump.npy,10,jump,1,0.24956624,0,"[4.9233, 5.07518, -2.78342, 2.13504, -7.26865, -5.68847, -9.45239, -18.15015, -1.64925, -0.17759, 4.84166, -6.24197, -0.91895, -4.89077, 4.9932, -2.96647, -11.34245, -9.31629, -3.23941, 3.45721, 3.32334, -3.18604]"
42,sub10,mae,1,sub10-b2__0110__jump.npy,10,jump,10,0.33437607,1,"[5.43045, 4.34716, -4.33874, 1.85877, -5.28483, -5.76045, -9.21082, -18.70332, -2.05588, 1.19494, 5.52714, -6.50048, -1.77346, -4.05672, 4.97303, -2.95318, -10.8598, -9.02861, -3.40411, 3.04965, 2.95739, -3.7318]"
42,sub10,mae,1,sub10-b2__0111__runonspot.npy,13,runonspot,3,0.91945237,0,"[0.8971, 6.671, -6.04877, 13.67793, 3.60802, -4.59319, -6.72003, -11.82632, -9.68679, 2.14511, -2.7415, -10.22043, -8.3604, 11.23197, -1.20629, -2.82835, -4.50621, -9.95493, -3.02843, -2.45968, -2.50465, -3.26694]"
42,sub10,mae,1,sub10-b2__0112__runonspot.npy,13,runonspot,3,0.77256876,0,"[0.59349, 6.60929, -6.65266, 13.54506, 4.39931, -4.9356, -6.39337, -11.3283, -9.41427, 2.50777, -3.12385, -11.06639, -8.24846, 12.31845, -1.95491, -2.50066, -4.44219, -9.51565, -2.68293, -3.92749, -1.95545, -1.82866]"
42,sub10,mae,1,sub10-b2__0113__runonspot.npy,13,runonspot,3,0.84889334,0,"[0.18068, 5.9372, -7.13522, 13.02418, 5.09217, -4.22814, -6.17424, -11.81265, -9.84176, 3.22639, -3.4501, -10.549, -8.08095, 11.29116, -1.99173, -1.48506, -4.06404, -9.27171, -2.89229, -3.44352, -1.76814, -3.07031]"
42,sub10,mae,1,sub10-b2__0114__runonspot.npy,13,runonspot,3,0.6437512,0,"[0.78386, 6.97297, -7.32442, 12.75909, 4.13548, -4.35388, -7.00493, -11.75463, -9.41355, 2.71556, -1.72817, -10.5298, -7.80573, 12.16142, -2.28092, -3.03795, -4.45044, -10.13441, -1.65008, -4.29248, -2.65939, -2.86293]"
42,sub10,mae,1,sub10-b2__0115__runonspot.npy,13,runonspot,13,0.76861185,1,"[-0.00466, 7.05049, -8.22215, 14.41267, 7.30536, -3.74004, -5.98582, -10.14354, -11.35061, 3.96005, -3.50742, -10.31631, -9.683, 15.61464, -3.71743, -2.88928, -1.55843, -10.23951, -0.91074, -5.8321, -4.96882, -4.28911]"
42,sub10,mae,1,sub10-b2__0116__buttkicks.npy,4,buttkicks,4,0.7044808,1,"[2.93242, -0.75991, -15.64829, -0.60518, 12.42059, -2.13541, -6.89937, -16.32849, -7.40603, 11.55069, 4.21267, -3.43419, -5.14326, 2.66542, 0.67816, -1.24516, 2.7387, -10.5926, 0.84749, -3.02488, -6.54214, -12.46402]"
42,sub10,mae,1,sub10-b2__0117__buttkicks.npy,4,buttkicks,9,0.537767,0,"[3.01558, -0.94293, -15.54786, -0.66515, 11.43353, -2.52232, -5.70102, -16.59008, -6.43016, 11.58604, 3.87817, -4.13898, -3.6383, 1.1088, 2.92969, -2.61945, 2.71558, -10.86353, -1.24309, -3.40635, -5.02992, -11.6207]"
42,sub10,mae,1,sub10-b2__0118__buttkicks.npy,4,buttkicks,9,0.60822237,0,"[3.68764, -1.16436, -16.32293, -1.9776, 11.2811, -1.32846, -6.32574, -17.43493, -6.79547, 11.72619, 5.80013, -2.13446, -3.58746, 0.55601, 2.7516, -1.85317, 3.30589, -11.66021, 0.28675, -3.12891, -7.17921, -13.9754]"
42,sub10,mae,1,sub10-b2__0119__buttkicks.npy,4,buttkicks,4,0.6810098,1,"[1.84736, -1.00799, -15.13257, -0.05306, 12.1398, -1.74511, -6.46812, -16.083, -8.58034, 11.38085, 2.67193, -3.64003, -5.16939, 2.66011, -0.91464, 0.42347, 1.59603, -9.48419, 1.1636, -3.00967, -4.84652, -12.09456]"
42,sub10,mae,1,sub10-b2__0120__buttkicks.npy,4,buttkicks,4,0.8306253,1,"[2.8456, -1.3176, -14.69947, 0.10937, 12.60284, -3.51048, -6.2591, -16.15402, -7.19575, 11.01159, 2.68791, -5.22545, -4.97473, 3.50567, 0.51974, -0.82686, 0.99321, -9.02163, -0.42541, -3.06638, -4.47668, -9.78271]"
42,sub10,mae,1,sub10-b2__0121__buttkicks.npy,4,buttkicks,9,0.606045,0,"[3.39813, -0.86055, -14.88227, -0.93589, 10.03347, -2.70209, -4.6885, -17.95396, -6.68574, 10.46809, 3.34398, -4.66851, -2.58006, 0.44564, 3.28757, -1.53432, 0.11064, -10.22154, -1.56772, -3.12819, -3.81287, -10.98588]"
42,sub10,mae,1,sub10-b2__0122__airkick.npy,0,airkick,1,0.9064309,0,"[6.42127, 8.85473, -1.89013, 3.68424, -9.18874, -4.27404, -7.48982, -15.4059, -3.89727, -3.16232, 2.42705, -5.61106, -3.09024, -1.16301, 3.86737, 0.02887, -11.44965, -11.03484, 1.2069, 1.5159, -2.3366, -4.3349]"
42,sub10,mae,1,sub10-b2__0123__airkick.npy,0,airkick,19,0.7024182,0,"[3.97199, 4.31733, -4.70215, -0.65027, -5.42558, -2.40799, -4.67168, -15.77503, -4.95388, 1.28698, -0.39462, -4.36825, -4.62025, -6.63292, 3.59055, 4.72971, -10.82692, -6.42861, 2.31588, 6.54216, 0.20733, -8.35914]"
42,sub10,mae,1,sub10-b2__0124__airkick.npy,0,airkick,19,0.4871628,0,"[2.4189, 5.59676, -0.72289, 6.59058, -5.17855, -2.43933, -5.52975, -14.97336, -7.86307, -1.18619, -2.79142, -3.14663, -4.99144, -3.29542, 3.40534, 1.89212, -8.12552, -8.8673, -2.64591, 6.90241, -1.4564, -7.9982]"
42,sub10,mae,1,sub10-b2__0125__airkick.npy,0,airkick,1,0.6795641,0,"[5.31611, 7.19713, -1.13662, 5.58059, -7.16778, -4.55201, -7.86022, -17.07524, -5.62674, -2.08927, 0.48312, -5.87942, -4.65211, -2.5482, 3.24867, 1.05946, -12.3036, -8.91734, -2.17242, 4.85051, 0.79535, -4.68307]"
42,sub10,mae,1,sub10-b2__0126__airkick.npy,0,airkick,1,0.7510364,0,"[4.69331, 7.04024, 0.30142, 2.9851, -10.37107, -3.50261, -7.09002, -14.23251, -4.70363, -2.70639, 0.27064, -3.26763, -2.34759, -5.9654, 4.39686, 1.17962, -11.1901, -8.68571, -0.29069, 5.07043, 0.74417, -5.76136]"
42,sub10,mae,1,sub10-b2__0127__airkick.npy,0,airkick,18,0.8382147,0,"[2.21152, 2.86234, -3.74845, -8.08107, -5.48015, 0.62632, -0.73445, -10.21697, 0.25503, 1.59909, -0.83468, -0.30361, -1.61033, -8.54202, 4.22787, 5.13541, -5.88311, -3.83951, 7.40895, 3.77152, -5.53014, -9.91761]"
42,sub10,mae,1,sub10-b2__0128__sidekick.npy,14,sidekick,14,0.9869392,1,"[4.13235, -2.94936, -7.74289, -2.46922, 1.07637, -1.68906, 2.56492, -18.14199, -2.44007, 2.64155, 0.8834, 1.30999, 2.84796, -8.18783, 9.10507, -1.55506, -1.47171, -4.25889, -6.5654, 0.31836, 0.18528, -9.22095]"
42,sub10,mae,1,sub10-b2__0129__sidekick.npy,14,sidekick,14,0.98092985,1,"[5.24789, -1.42728, -5.17053, -1.2202, -0.27882, -2.53266, 1.36741, -17.89805, -2.17928, 0.58868, 0.52843, 0.13072, 1.42327, -7.64986, 9.28861, -0.49481, -3.31766, -3.70862, -6.94277, 1.51168, -0.41433, -7.98936]"
42,sub10,mae,1,sub10-b2__0130__sidekick.npy,14,sidekick,14,0.9751706,1,"[4.61419, -1.35592, -4.68418, -1.20603, -1.54231, -1.78323, 0.84248, -19.18761, -2.34112, -0.20528, 0.21737, 0.51024, 1.36427, -8.77748, 8.80209, 0.95972, -4.47137, -3.5789, -6.94778, 3.98435, -0.04018, -8.73888]"
42,sub10,mae,1,sub10-b2__0131__sidekick.npy,14,sidekick,14,0.9872141,1,"[4.02749, -2.41762, -4.89771, -1.66354, -0.38253, -2.83112, 2.04558, -17.49605, -1.67029, 0.26526, -0.50455, 0.50417, 2.31345, -8.07676, 8.82218, -0.42954, -3.48972, -2.46302, -6.98822, 1.12542, 1.65989, -6.71522]"
42,sub10,mae,1,sub10-b2__0132__sidekick.npy,14,sidekick,14,0.9749083,1,"[4.43547, -2.90087, -6.00732, -3.19039, -0.92382, -0.58954, 4.67837, -19.93153, -3.23541, -0.21082, -0.87674, 2.64791, 2.41589, -10.28975, 9.27317, 2.40637, -4.27842, -1.61356, -6.21736, 3.72686, 0.45838, -11.09675]"
42,sub10,mae,1,sub10-b2__0133__crosstoe.npy,6,crosstoe,6,0.99544877,1,"[1.70505, -2.53497, -2.35068, -4.92391, -4.00514, -0.1851, 15.13176, -11.82584, -5.3591, -3.65776, -5.86762, 4.34987, 3.89346, -7.78571, 9.72664, 5.03822, -5.42592, -0.02139, -1.03157, -1.70096, 1.23337, -5.56649]"
42,sub10,mae,1,sub10-b2__0134__crosstoe.npy,6,crosstoe,6,0.9997633,1,"[1.37643, -2.61904, -3.11047, -5.23553, -1.95351, 0.50994, 18.98236, -11.72814, -5.21757, -3.10922, -7.39671, 5.33693, 3.20583, -7.9976, 10.62508, 3.9647, -3.91627, 3.71376, -1.76019, -4.01506, 1.60484, -7.06571]"
42,sub10,mae,1,sub10-b2__0135__crosstoe.npy,6,crosstoe,6,0.96552616,1,"[-0.46532, -5.78654, -2.61656, -11.81319, -4.57962, 0.30942, 15.85581, -8.39682, -0.76644, -4.0568, -4.39126, 12.0889, 10.75274, -13.76972, 10.81348, 3.95399, 0.83054, 5.64509, -0.31239, -3.16451, 1.60446, -9.37724]"
42,sub10,mae,1,sub10-b2__0136__crosstoe.npy,6,crosstoe,6,0.9920948,1,"[1.01605, -4.84884, -3.57341, -10.12511, -3.9693, -0.73117, 15.23926, -11.29883, -1.38069, -3.89786, -4.03839, 8.4835, 9.19911, -12.29765, 9.80099, 4.55134, -2.37682, 5.32514, -1.34207, -2.69183, 2.36011, -7.84788]"
42,sub10,mae,1,sub10-b2__0137__crosstoe.npy,6,crosstoe,6,0.99476177,1,"[0.95915, -4.8443, -1.68359, -9.33893, -3.85794, -1.84872, 14.81939, -11.11275, -1.70944, -4.43337, -5.45626, 7.58728, 8.86251, -11.20572, 8.38938, 5.92447, -3.40688, 6.28094, -1.93267, -2.6916, 3.12803, -5.49379]"
42,sub10,mae,1,sub10-b2__0138__crosstoe.npy,6,crosstoe,6,0.9890325,1,"[0.58943, -5.6838, -3.75295, -11.31552, -4.43117, 0.35228, 15.79999, -12.14892, -1.02219, -4.32667, -4.35026, 10.41873, 10.07706, -13.74535, 10.0472, 5.23396, -1.62487, 4.75199, -0.8663, -1.73746, 1.4831, -9.18626]"
42,sub10,mae,1,sub10-b2__0139__throw.npy,18,throw,5,0.5577179,0,"[1.16218, -1.13733, -7.42428, -3.61779, -4.72191, 6.36512, 2.39646, -11.87627, -0.52484, -4.10924, 1.57782, 3.47846, 2.27908, -6.36183, 1.55107, 5.82782, -4.04531, -2.44338, 3.73455, 2.52072, -5.6359, -9.52126]"
42,sub10,mae,1,sub10-b2__0140__throw.npy,18,throw,18,0.58774304,1,"[0.85313, -2.50878, -7.75767, -4.61261, -3.44159, 5.014, 2.79083, -5.91741, 0.12039, -3.11284, 1.16565, 1.39551, 3.03626, -4.01725, -1.08769, 7.27074, -3.69046, 2.33064, 7.76162, -0.5576, -2.88813, -3.96747]"
42,sub10,mae,1,sub10-b2__0141__throw.npy,18,throw,18,0.77690715,1,"[0.02846, -1.47192, -6.51366, -0.01294, -1.55619, 5.10419, 2.40753, 0.54175, -3.34897, -4.26444, -0.80796, -0.3794, -0.27057, 3.61983, -4.48553, 8.01508, -3.3601, 2.30639, 9.33594, -2.85984, -3.97692, -1.64859]"
42,sub10,mae,1,sub10-b2__0142__throw.npy,18,throw,15,0.4604634,0,"[-0.48189, 0.10411, -7.80714, 1.54112, -3.15017, 5.78995, 0.45199, -12.32645, -1.72164, -3.75994, -1.51047, -0.12092, -0.56314, -4.69647, 0.6248, 5.79429, -3.57121, -2.60046, 1.25078, 3.74841, -5.28891, -8.17644]"
42,sub10,mae,1,sub10-b2__0143__throw.npy,18,throw,18,0.63783413,1,"[-0.03896, -2.83082, -7.23005, -5.50301, -3.01656, 4.66697, 1.6927, -5.2438, 2.16265, -3.76441, 1.00965, 1.27886, 2.36961, -4.55156, -1.58948, 7.34523, -3.44257, 3.12715, 8.01079, -1.04189, -2.31746, -3.57956]"
42,sub10,mae,1,sub10-b2__0144__throw.npy,18,throw,18,0.60882884,1,"[-0.89059, -2.37232, -7.74678, -2.91107, -2.48847, 6.11973, 2.68509, -3.16406, 0.78804, -4.14567, 0.27283, 1.74446, 0.79938, -2.91514, -1.6355, 6.5008, -1.79487, 2.62819, 7.50002, -1.94684, -3.33133, -4.55208]"
42,sub10,mae,1,sub10-c__0001__sit.npy,15,sit,15,0.97189945,1,"[-1.97069, -5.35958, -1.32492, -9.8582, -3.28404, 3.02515, 1.56684, -2.54022, 2.58467, -3.41453, -3.11157, 0.75985, 6.47328, -9.55944, -1.20681, 12.69228, -6.06258, 8.98095, 6.60352, -0.25117, 3.12666, 0.95229]"
42,sub10,mae,1,sub10-c__0002__stand.npy,17,stand,17,0.8858981,1,"[-2.72393, -6.03854, 0.2255, -9.98811, -3.53193, 2.84886, 2.0192, -1.86798, 2.23361, -4.43487, -4.03155, 1.23537, 4.99307, -11.2254, -0.55037, 11.30286, -7.42511, 13.36487, 5.50811, 1.82687, 6.35683, 1.01549]"
42,sub10,mae,1,sub10-c__0003__turnaround.npy,19,turnaround,8,0.87080216,0,"[0.51975, -0.36648, -0.51779, -10.80415, -8.69099, 3.02026, -6.8911, -7.32781, 8.66392, -2.05601, 3.95514, 0.35102, 6.50731, -12.04145, 3.03985, 1.61403, -4.24869, -3.24136, 4.34963, 2.11582, -2.5927, -3.58284]"
42,sub10,mae,1,sub10-c__0004__sit.npy,15,sit,15,0.96165246,1,"[-2.3245, -5.87584, -1.94822, -10.97714, -3.78145, 3.48388, 2.35598, -1.89752, 3.22612, -3.06726, -2.56947, 1.61079, 7.19853, -10.42717, -0.16654, 12.27749, -5.30768, 8.71137, 6.95971, -0.65599, 3.29618, 0.12227]"
42,sub10,mae,1,sub10-c__0005__stand.npy,17,stand,17,0.8228465,1,"[-2.39975, -5.4296, -0.29112, -9.60325, -3.62033, 2.49021, 0.34298, -2.60552, 2.92903, -4.24767, -3.58301, -0.15304, 4.26744, -10.75572, -0.40091, 10.7838, -7.68135, 12.3342, 5.51403, 2.53766, 5.83386, 1.09923]"
42,sub10,mae,1,sub10-c__0006__turnaround.npy,19,turnaround,8,0.86262786,0,"[0.73334, 0.0931, 0.2569, -9.70602, -8.91207, 2.74581, -6.82655, -7.9583, 8.12683, -2.92859, 3.2018, -0.21221, 6.00108, -11.67941, 3.05028, 1.98801, -5.14932, -3.399, 3.78489, 2.82945, -2.61932, -3.00844]"
42,sub10,mae,1,sub10-c__0007__sit.npy,15,sit,15,0.97290534,1,"[-2.33619, -5.43867, -1.5442, -9.81077, -3.43937, 3.67622, 2.20086, -2.59039, 2.30252, -3.40356, -3.3537, 1.37804, 6.35518, -10.40807, -0.75763, 12.96313, -5.81592, 9.24176, 6.7957, 0.32677, 3.02113, -0.18834]"
42,sub10,mae,1,sub10-c__0008__stand.npy,17,stand,17,0.8016692,1,"[-2.32851, -5.66377, -0.16375, -9.86493, -3.60917, 2.56543, 1.22777, -2.90236, 2.00717, -4.21075, -3.61074, 0.41704, 4.39479, -11.02873, -0.77298, 11.23337, -8.41749, 12.64603, 5.70695, 2.8639, 6.66381, 0.52998]"
42,sub10,mae,1,sub10-c__0009__turnaround.npy,19,turnaround,8,0.8770581,0,"[0.9307, 0.07493, -0.55981, -10.33273, -8.61251, 2.77854, -6.38424, -7.5327, 8.36796, -2.20586, 3.92355, -0.20798, 6.04946, -11.47644, 3.28064, 1.48077, -4.65442, -3.6604, 4.24464, 1.97399, -3.01687, -3.26178]"
42,sub10,mae,1,sub10-c__0010__sit.npy,15,sit,15,0.97304285,1,"[-2.08284, -5.47344, -1.13072, -9.96928, -3.43084, 3.07835, 1.89666, -2.5866, 2.63939, -3.61861, -3.51301, 0.82005, 6.51816, -10.06147, -0.99235, 13.2141, -6.31118, 9.51741, 6.7286, 0.09429, 3.24504, 1.04507]"
42,sub10,mae,1,sub10-c__0011__stand.npy,17,stand,17,0.82460284,1,"[-2.46475, -5.49743, 0.56362, -9.52778, -3.86066, 2.37212, 0.88508, -2.65125, 2.47682, -4.63578, -4.15308, 0.1191, 4.522, -10.94028, -0.85035, 11.3966, -8.37121, 12.95494, 5.24003, 2.55298, 6.41621, 1.64514]"
42,sub10,mae,1,sub10-c__0012__turnaround.npy,19,turnaround,8,0.91148996,0,"[0.64898, -0.90601, -0.68401, -11.5769, -8.11779, 2.5884, -6.53826, -7.10025, 8.92791, -2.0725, 3.70669, -0.17162, 6.19982, -11.93361, 2.66831, 2.30537, -4.97285, -1.70933, 5.01389, 1.83373, -1.59374, -2.79689]"
42,sub10,mae,1,sub10-c__0013__sit.npy,15,sit,15,0.9536391,1,"[-2.25762, -5.21978, -1.20875, -10.41649, -3.70229, 3.39148, 2.23177, -2.71837, 3.38886, -3.64728, -3.47891, 1.21959, 7.28271, -10.51857, -0.05813, 12.12136, -5.51658, 8.8203, 6.4204, -0.82939, 2.8782, 0.67633]"
42,sub10,mae,1,sub10-c__0014__stand.npy,17,stand,17,0.7805911,1,"[-2.4167, -5.64379, 0.31235, -9.80845, -3.81378, 2.51986, 0.91497, -2.78665, 2.58979, -4.61783, -4.0164, 0.35059, 5.08723, -10.93495, -0.71499, 11.4148, -8.09465, 12.69309, 5.38962, 2.36787, 6.01217, 1.46262]"
42,sub10,mae,1,sub10-c__0015__turnaround.npy,19,turnaround,8,0.79103523,0,"[1.14527, 1.04101, 0.76741, -8.88984, -9.57897, 3.10601, -6.78016, -7.99515, 7.57811, -3.33534, 2.90655, -0.03482, 5.92608, -11.21021, 2.77156, 1.76569, -5.3202, -4.21892, 3.9417, 2.92218, -4.1109, -3.41441]"
42,sub10,mae,1,sub10-c__0016__squat.npy,16,squat,16,0.99617577,1,"[-2.352, -3.51071, -8.23417, -4.4537, 0.66133, 4.53917, -2.79063, 0.05636, -4.21296, 5.4744, 6.78369, 14.79884, 4.05922, -2.64554, 5.11942, -6.68603, 20.36198, -10.42343, 2.55657, -6.92202, -11.26674, -17.07639]"
42,sub10,mae,1,sub10-c__0018__squat.npy,16,squat,16,0.9557471,1,"[0.98571, -6.23782, -9.64465, -12.30501, -0.0447, 3.14994, -3.0636, -3.7885, 0.17153, 7.09195, 10.54231, 14.17831, 9.15443, -8.40739, 7.70798, -5.92249, 17.28562, -9.4613, 1.15398, -7.27074, -8.26983, -15.04199]"
42,sub10,mae,1,sub10-c__0019__squat.npy,16,squat,16,0.91345936,1,"[1.85451, -5.64492, -9.30128, -12.95328, -1.43204, 2.54472, -3.36834, -4.69636, 1.40349, 6.41392, 11.30966, 13.31807, 9.76042, -9.44575, 9.12213, -6.30842, 15.8392, -9.53033, 1.11099, -7.0718, -7.70755, -14.39326]"
42,sub10,mae,1,sub10-c__0020__squat.npy,16,squat,16,0.9469697,1,"[1.33131, -6.49558, -9.3685, -12.97433, 0.26227, 2.5985, -2.44953, -4.08603, 0.4687, 7.34631, 9.94625, 14.51755, 8.90138, -9.18617, 8.66353, -5.68562, 17.41743, -8.81944, 0.86252, -7.0846, -8.17105, -15.09326]"
42,sub10,mae,1,sub10-c__0021__squat.npy,16,squat,16,0.9815906,1,"[1.00422, -6.44921, -10.50725, -12.46032, 1.0487, 3.10317, -3.15595, -4.73404, 0.04728, 8.04697, 10.27907, 14.25778, 9.00905, -8.72024, 7.98266, -5.85176, 18.26158, -9.72363, 0.85494, -7.34453, -8.84222, -15.7049]"
42,sub10,mae,1,sub10-c__0022__pickup.npy,11,pickup,11,0.998552,1,"[1.56278, -6.67318, -0.64785, -14.41865, -7.10852, 0.83985, 2.14256, -4.1219, -0.551, 0.40988, 6.62268, 17.96786, 11.29329, -11.65537, 8.92754, -1.76732, 8.18756, -3.92117, 2.48805, -2.58021, -2.4955, -11.793]"
42,sub10,mae,1,sub10-c__0023__pickup.npy,11,pickup,11,0.9986615,1,"[1.24171, -6.47058, -0.77097, -14.22161, -7.02471, 0.84133, 1.67512, -3.64678, -0.1383, 0.56258, 6.64467, 17.82328, 10.96524, -11.84881, 9.12563, -2.15976, 8.6884, -3.96699, 2.55654, -2.69578, -2.49507, -11.75715]"
42,sub10,mae,1,sub10-c__0024__pickup.npy,11,pickup,11,0.99896586,1,"[1.11434, -6.57258, -1.90192, -13.86362, -6.25507, 1.19501, 1.33266, -3.93847, -0.65225, 1.33815, 7.04659, 18.09491, 10.68187, -11.69004, 9.08334, -2.49142, 9.96148, -4.77847, 2.37533, -2.86531, -3.27879, -12.8208]"
42,sub10,mae,1,sub10-c__0025__pickup.npy,11,pickup,11,0.99651957,1,"[1.37185, -6.9648, -0.78974, -14.87982, -7.17303, 0.56603, 1.90941, -4.12569, -0.07517, 0.27372, 6.82239, 17.91181, 12.2069, -12.20379, 8.70344, -1.59506, 7.94935, -3.71102, 2.59298, -2.6739, -1.72032, -11.13706]"
42,sub10,mae,1,sub10-c__0026__pickup.npy,11,pickup,11,0.99860954,1,"[1.22892, -6.26468, 0.41662, -13.63831, -8.18567, 0.96025, 2.03241, -4.07587, -0.7586, -0.7359, 5.98889, 18.34557, 11.68534, -11.89506, 8.96388, -1.58265, 7.65134, -4.07146, 2.27096, -2.00152, -2.27605, -11.6216]"
42,sub10,mae,1,sub10-c__0027__pushchair.npy,12,pushchair,12,0.99714535,1,"[2.18395, -4.26441, 0.84514, -14.46013, -10.71599, -1.4252, 1.8065, -3.00568, 4.13402, -3.39955, 6.03449, 8.2193, 14.4897, -11.14568, 7.07707, 1.1192, -2.20222, -1.14625, 4.84062, -3.19098, 4.54371, -2.40977]"
42,sub10,mae,1,sub10-c__0028__pushchair.npy,12,pushchair,12,0.9859219,1,"[2.37292, -4.36206, 1.66513, -14.05693, -11.38243, -1.01373, 1.12829, -3.87771, 3.0223, -3.45665, 6.50856, 10.68945, 15.00293, -11.86279, 7.66579, 0.02978, -0.98157, -2.15463, 3.69987, -2.34085, 3.6463, -4.51001]"
42,sub10,mae,1,sub10-c__0029__pushchair.npy,12,pushchair,12,0.99668425,1,"[2.12568, -4.08705, 1.69732, -14.27124, -11.03485, -1.53643, 1.56583, -3.17317, 4.32982, -3.59223, 5.7055, 8.5243, 14.57015, -11.55471, 7.29233, 0.97502, -2.2696, -0.98418, 4.40461, -2.88589, 4.50638, -2.33927]"
42,sub10,mae,1,sub10-c__0030__pushchair.npy,12,pushchair,12,0.9980274,1,"[2.06767, -4.29482, 0.14069, -14.62915, -10.52114, -1.38865, 1.84249, -3.52534, 4.70594, -3.15873, 5.97044, 7.71028, 14.59755, -11.64766, 7.15075, 1.58164, -2.53415, -0.86828, 5.07467, -3.20027, 4.87345, -2.29753]"
42,sub10,mae,1,sub10-c__0031__pushchair.npy,12,pushchair,12,0.9942899,1,"[1.91074, -4.70936, 1.11413, -14.82976, -10.61101, -1.22228, 2.02352, -3.45083, 4.00389, -3.18633, 5.74303, 9.48741, 14.80408, -12.04548, 7.43635, 1.12835, -1.50494, -0.90549, 4.35611, -2.84486, 4.35287, -3.29199]"
42,sub10,mae,1,sub10-c__0032__sit.npy,15,sit,15,0.9211597,1,"[-2.80172, -5.87047, -0.78309, -9.79325, -3.75992, 3.73717, 2.47606, -2.29704, 2.48143, -4.01409, -3.88328, 1.61526, 6.06617, -10.9209, -0.5259, 13.07946, -6.37975, 10.59735, 5.96488, 0.42851, 4.2854, 0.16047]"
42,sub10,mae,1,sub10-c__0033__stand.npy,17,stand,17,0.90523714,1,"[-2.91099, -5.84745, -0.15071, -9.38337, -3.31632, 2.46933, 1.15744, -2.29263, 2.30542, -4.28621, -4.15081, 0.36013, 4.03171, -11.12523, -0.47542, 11.32662, -7.80627, 13.59696, 5.18753, 2.68165, 6.74479, 0.8282]"
42,sub10,mae,1,sub10-c__0034__turnaround.npy,19,turnaround,8,0.88220316,0,"[0.60163, -0.53537, -0.69798, -10.67971, -8.35404, 3.12768, -6.76151, -7.57128, 8.4844, -2.44511, 3.61304, 0.12534, 6.15264, -11.98929, 2.87923, 1.96328, -4.72716, -2.43682, 4.31402, 2.50304, -2.35634, -3.52947]"
42,sub10,mae,1,sub10-c__0035__sit.npy,15,sit,15,0.9607042,1,"[-2.6766, -5.90084, -1.15173, -10.26891, -3.52384, 3.45169, 2.81275, -2.25422, 2.32552, -3.66332, -3.83138, 1.46774, 6.55353, -10.48769, -0.61196, 13.24952, -6.17341, 9.98444, 6.58447, -0.00038, 3.83867, 0.42021]"
42,sub10,mae,1,sub10-c__0036__stand.npy,17,stand,17,0.86864895,1,"[-2.705, -5.63849, -0.17208, -9.18731, -3.27207, 2.50097, 0.75912, -2.55671, 2.22094, -4.35399, -4.09044, 0.07795, 4.15636, -10.69689, -0.79752, 11.42879, -7.93921, 13.32759, 5.34041, 2.64056, 6.37104, 1.00059]"
42,sub10,mae,1,sub10-c__0037__turnaround.npy,19,turnaround,8,0.79543346,0,"[0.85388, 0.92153, 0.81788, -8.74384, -9.43437, 3.40046, -7.1224, -8.35257, 7.32246, -3.04404, 2.72985, 0.4084, 5.4419, -11.7548, 2.79592, 1.90334, -5.02566, -3.92656, 3.63778, 3.76877, -4.12587, -4.4247]"
42,sub10,mae,1,sub10-c__0038__sit.npy,15,sit,15,0.9002119,1,"[-2.66469, -5.46788, -0.70763, -9.53394, -3.41778, 3.41848, 1.777, -2.36274, 2.49234, -3.89369, -4.10197, 0.87071, 5.58054, -10.50579, -0.90827, 12.98574, -6.61769, 10.7683, 6.16564, 0.53147, 4.07453, 0.56604]"
42,sub10,mae,1,sub10-c__0039__stand.npy,17,stand,17,0.8736719,1,"[-2.50216, -5.74181, -0.34967, -9.11087, -2.96716, 2.44803, 0.33693, -2.48934, 2.01506, -4.09016, -3.60534, 0.29908, 3.65781, -10.36037, -0.94719, 11.25923, -7.71965, 13.20221, 5.41186, 3.01149, 6.00683, 0.63248]"
42,sub10,mae,1,sub10-c__0040__turnaround.npy,19,turnaround,8,0.87777555,0,"[0.21367, -1.02876, -1.45673, -12.08725, -8.23419, 2.99266, -5.98129, -6.28049, 9.53776, -1.6452, 4.52052, 0.51786, 7.39901, -12.00644, 3.54733, 1.26144, -3.36601, -2.67998, 4.95454, 0.49042, -2.23023, -3.06495]"
42,sub10,mae,1,sub10-c__0042__stand.npy,17,stand,17,0.8475336,1,"[-2.89896, -5.45053, -0.18487, -9.4085, -3.57238, 2.55986, 0.75666, -2.35812, 2.88122, -4.33031, -4.14211, 0.03057, 4.63649, -10.92865, -0.34374, 10.91763, -7.35308, 12.64719, 5.38107, 1.96317, 6.04069, 1.25017]"
42,sub10,mae,1,sub10-c__0043__turnaround.npy,19,turnaround,8,0.9367151,0,"[0.69903, 0.70641, 0.16463, -9.47859, -8.92803, 3.18478, -7.35734, -7.64793, 8.90851, -2.48941, 3.05567, -0.4184, 5.95733, -11.61399, 3.21755, 1.09868, -4.13335, -4.13135, 3.26242, 2.011, -4.00785, -2.99637]"
42,sub10,mae,1,sub10-c__0044__sit.npy,15,sit,15,0.97250766,1,"[-2.75797, -5.38328, -0.87739, -9.1818, -3.51335, 3.42384, 1.7241, -2.82368, 2.00202, -3.78734, -4.24751, 0.5651, 5.65276, -10.27096, -1.40391, 13.79545, -6.94397, 10.19823, 6.14588, 0.92268, 3.90941, 0.49293]"
42,sub10,mae,1,sub10-c__0045__stand.npy,17,stand,17,0.90013856,1,"[-3.05384, -6.10129, 0.23151, -9.87127, -3.58058, 2.6087, 2.00451, -2.08749, 2.35203, -4.49874, -4.38764, 1.1103, 4.99714, -11.38982, -0.33577, 11.44835, -7.51833, 13.66006, 5.22807, 1.95189, 6.73289, 1.16605]"
42,sub10,mae,1,sub10-c__0046__turnaround.npy,19,turnaround,8,0.7607344,0,"[0.86498, 1.24113, 1.11453, -7.91002, -9.31659, 3.00212, -7.2447, -8.38373, 6.90936, -3.48595, 2.19108, -0.28659, 5.18003, -10.96751, 2.29181, 2.26885, -5.52121, -4.00689, 3.6018, 3.7448, -4.01477, -3.47479]"
42,sub10,mae,1,sub10-c__0047__squat.npy,16,squat,16,0.89870405,1,"[2.13475, -5.68017, -8.9013, -13.73328, -1.29034, 1.70507, -3.45107, -4.79767, 1.76892, 6.78514, 11.29797, 12.6985, 10.17277, -9.12078, 9.00711, -6.35709, 15.1846, -9.30153, 1.42054, -7.61225, -7.35969, -13.52954]"
42,sub10,mae,1,sub10-c__0048__squat.npy,16,squat,16,0.84355,1,"[1.79122, -6.52785, -8.78104, -14.16823, -0.50823, 1.56697, -2.89015, -5.01741, 1.13451, 7.30906, 10.49897, 13.73902, 10.06271, -9.82337, 8.76424, -5.5584, 15.49438, -8.47486, 1.16636, -6.92709, -6.89116, -14.00203]"
42,sub10,mae,1,sub10-c__0049__squat.npy,16,squat,16,0.9633865,1,"[2.08856, -5.85802, -9.91402, -13.04964, -0.202, 2.15542, -3.50747, -5.47615, 0.96093, 7.49256, 11.10086, 12.84644, 9.72372, -8.89182, 8.89337, -6.29549, 16.33365, -9.94114, 0.74028, -7.57068, -8.20583, -14.54473]"
42,sub10,mae,1,sub10-c__0050__squat.npy,16,squat,16,0.9124675,1,"[1.96224, -6.27323, -9.4013, -13.77406, -0.90669, 2.67697, -2.79368, -5.03417, 1.10846, 6.72262, 10.75829, 14.25405, 10.80329, -9.6769, 9.20753, -5.98179, 16.66494, -9.51624, 0.92942, -7.36955, -8.19617, -15.08492]"
42,sub10,mae,1,sub10-c__0051__squat.npy,16,squat,16,0.93521667,1,"[1.82731, -6.3339, -9.44171, -13.71537, -0.21012, 2.0898, -2.96583, -4.55887, 1.20465, 7.37658, 10.68371, 13.55744, 9.93903, -9.43775, 8.88242, -5.97036, 16.31769, -9.03042, 1.15859, -7.44391, -7.66375, -14.37222]"
42,sub10,mae,1,sub10-c__0052__squat.npy,16,squat,16,0.9242913,1,"[1.82868, -6.32526, -9.79079, -13.50874, -0.39368, 2.23999, -3.3635, -4.93299, 1.27079, 7.36931, 10.97441, 13.57961, 10.34834, -9.99159, 8.91166, -6.17461, 16.19937, -9.28009, 0.91544, -7.24796, -7.33962, -14.53079]"
42,sub10,mae,1,sub10-c__0053__pickup.npy,11,pickup,11,0.99726796,1,"[1.4079, -6.10688, -0.45228, -14.92584, -7.40327, 0.83193, 1.3142, -2.94594, 0.81824, 0.42187, 7.18599, 17.41, 11.31954, -11.71906, 9.26025, -2.68179, 8.59875, -4.12595, 3.12445, -3.05746, -2.79193, -11.38766]"
42,sub10,mae,1,sub10-c__0054__pickup.npy,11,pickup,11,0.9973145,1,"[1.48747, -6.49744, -0.49884, -14.85314, -7.0315, 0.8588, 1.79119, -3.09459, 0.17811, 0.43201, 6.83699, 17.4222, 11.38598, -11.3413, 8.70034, -2.0553, 8.33284, -3.83874, 2.98407, -3.15828, -2.56775, -11.21027]"
42,sub10,mae,1,sub10-c__0055__pickup.npy,11,pickup,11,0.996816,1,"[1.52272, -6.5489, 1.09179, -14.96538, -8.32442, 0.61693, 2.19344, -2.81395, 0.57523, -1.14873, 6.22617, 17.95274, 12.16795, -12.00499, 8.68391, -1.32753, 6.98394, -2.93517, 3.00167, -2.46482, -1.7339, -10.1784]"
42,sub10,mae,1,sub10-c__0056__pickup.npy,11,pickup,11,0.9973648,1,"[1.47544, -6.50701, 0.69298, -14.78744, -8.10462, 0.85631, 2.24522, -3.12268, 0.12388, -0.76227, 6.32736, 18.08598, 12.10448, -11.77568, 8.73613, -1.61183, 7.35338, -3.39372, 2.87605, -2.57962, -2.00012, -10.91714]"
42,sub10,mae,1,sub10-c__0057__pickup.npy,11,pickup,11,0.99673444,1,"[1.53527, -6.32046, 0.52985, -14.47457, -8.0974, 0.28998, 1.6645, -3.88531, 0.29352, -0.39442, 6.44769, 17.38031, 11.57751, -12.14693, 8.92465, -1.72116, 6.81323, -3.51175, 2.68159, -2.27197, -1.43841, -10.39388]"
42,sub10,mae,1,sub10-c__0058__pickup.npy,11,pickup,11,0.99190944,1,"[1.12295, -5.56527, 1.06747, -14.74917, -8.90773, 0.92175, 1.30336, -1.53838, 1.70321, -1.16923, 6.83358, 16.30221, 11.41691, -11.25973, 8.60304, -2.0128, 6.62679, -3.27293, 4.08003, -2.75622, -2.1233, -9.65422]"
42,sub10,mae,1,sub10-c__0059__pushchair.npy,12,pushchair,12,0.98039335,1,"[2.45737, -3.93164, 2.48084, -13.48336, -11.3649, -1.46672, -0.01779, -3.38917, 3.47616, -3.57478, 6.57494, 10.20478, 14.19792, -11.36442, 7.2692, -0.39619, -1.07184, -2.19492, 3.82761, -2.33039, 3.24194, -3.62441]"
42,sub10,mae,1,sub10-c__0060__pushchair.npy,12,pushchair,12,0.996664,1,"[2.5487, -3.68236, 0.91024, -14.19016, -10.7639, -1.93551, 0.46847, -3.3482, 5.2085, -3.23216, 6.72362, 7.16537, 13.89091, -11.15156, 6.91247, 0.85528, -2.85429, -1.15895, 5.30524, -2.88802, 4.31231, -1.55431]"
42,sub10,mae,1,sub10-c__0061__pushchair.npy,12,pushchair,12,0.99537563,1,"[2.36466, -4.09402, 1.05833, -14.1349, -10.69728, -1.77833, 0.44428, -3.56835, 4.23924, -2.88885, 6.81524, 8.58521, 14.32683, -11.27035, 7.12375, 0.1419, -1.75176, -1.83049, 4.54633, -2.90765, 4.12392, -2.6314]"
42,sub10,mae,1,sub10-c__0062__pushchair.npy,12,pushchair,12,0.9985122,1,"[2.14427, -3.85546, 0.70163, -13.68441, -10.78376, -1.85179, 1.04938, -3.52205, 4.54098, -3.4596, 5.78468, 6.89811, 14.33843, -11.09796, 6.6128, 1.68839, -3.34462, -0.89803, 4.9604, -2.88273, 5.28277, -1.32491]"
42,sub10,mae,1,sub10-c__0063__pushchair.npy,12,pushchair,12,0.9970885,1,"[2.19939, -4.13421, 1.00337, -14.22679, -10.63695, -1.76565, 1.22546, -3.44983, 4.57335, -3.14263, 5.9309, 7.70823, 14.17171, -11.52116, 7.09424, 1.30441, -2.69217, -0.8304, 4.68092, -2.84426, 4.91905, -1.94174]"
42,sub10,mae,1,sub10-c__0064__sit.npy,15,sit,15,0.9594855,1,"[-2.28209, -5.69529, -1.61714, -10.18912, -3.4924, 3.80729, 2.63578, -2.83323, 2.29288, -3.66806, -3.39124, 1.53305, 6.65688, -10.58783, -0.5301, 12.84973, -6.09259, 9.58005, 6.57086, 0.13538, 3.49076, -0.13683]"
42,sub10,mae,1,sub10-c__0065__stand.npy,17,stand,17,0.6756166,1,"[-2.10761, -5.17854, -0.32729, -9.10871, -3.15064, 2.51566, 0.15975, -3.01465, 2.22553, -4.10667, -3.65745, -0.23773, 4.18607, -10.05432, -1.13261, 11.55085, -7.7222, 12.2896, 5.69028, 2.68684, 4.80051, 0.9268]"
42,sub10,mae,1,sub10-c__0066__turnaround.npy,19,turnaround,8,0.86054695,0,"[0.74104, 0.51897, 0.80887, -9.10986, -9.42783, 3.33332, -7.08608, -8.12127, 7.97299, -3.36652, 2.84247, 0.34978, 5.79398, -12.06373, 2.95541, 1.91683, -4.95514, -3.48016, 3.46631, 3.43688, -3.46457, -3.69102]"
42,sub10,mae,1,sub10-c__0067__sit.npy,15,sit,15,0.94822264,1,"[-2.59165, -6.03739, -1.04816, -10.65255, -3.87184, 3.63562, 2.60084, -2.51166, 2.83833, -3.74792, -3.54073, 1.93844, 6.99419, -11.06808, -0.2475, 12.80259, -5.91751, 9.79606, 6.47513, -0.06428, 3.89504, 0.22154]"
42,sub10,mae,1,sub10-c__0068__stand.npy,17,stand,17,0.81747895,1,"[-2.88651, -5.50566, 0.30157, -9.42209, -3.90343, 2.81914, 0.73751, -2.50123, 2.512, -4.54134, -4.03855, 0.38717, 4.7195, -11.04231, -0.91114, 11.24866, -7.77761, 12.75833, 5.41808, 2.45407, 6.0125, 1.16098]"
42,sub10,mae,1,sub10-c__0069__turnaround.npy,19,turnaround,8,0.8222295,0,"[0.33938, 0.42398, 0.12622, -8.83368, -8.88031, 3.37135, -7.46078, -8.48435, 7.77933, -3.03934, 2.59646, 0.18663, 5.90359, -11.7827, 2.80009, 2.05028, -4.55597, -3.62853, 3.49636, 3.815, -3.66239, -4.10999]"
42,sub10,mae,1,sub10-c__0070__sit.npy,15,sit,15,0.90875083,1,"[-2.69069, -5.5455, -0.02133, -6.85544, -2.40536, 2.35538, 2.33287, -1.96718, -0.74571, -4.2329, -5.71522, -0.72669, 3.28508, -8.76837, -2.81306, 15.90256, -9.16088, 13.60313, 5.87439, 2.74423, 5.84939, 1.56156]"
42,sub10,mae,1,sub10-c__0071__stand.npy,17,stand,17,0.8151343,1,"[-2.4899, -5.69539, 0.09667, -9.50764, -3.66229, 2.6752, 1.0432, -2.6626, 2.14164, -4.40438, -3.92142, 0.47174, 4.46635, -11.07616, -0.88056, 11.54259, -8.15017, 13.03505, 5.42915, 2.82088, 6.29419, 0.75486]"
42,sub10,mae,1,sub10-c__0072__turnaround.npy,19,turnaround,8,0.8269505,0,"[0.72482, 0.96615, 0.91541, -8.29984, -9.50475, 3.20917, -7.34247, -8.55281, 7.60915, -3.43391, 2.58298, 0.05513, 5.68328, -11.7057, 2.95938, 1.73613, -5.00048, -4.2518, 3.11686, 3.53209, -3.78295, -3.54748]"
42,sub10,mae,1,sub10-c__0073__sit.npy,15,sit,15,0.9619619,1,"[-2.37283, -5.90744, -1.07472, -9.7695, -3.28374, 3.63712, 2.59006, -2.80761, 1.62235, -3.65256, -3.98801, 1.5438, 5.6407, -10.82247, -1.04175, 13.765, -6.85563, 10.50931, 6.26443, 1.24614, 4.18652, -0.33761]"
42,sub10,mae,1,sub10-c__0074__stand.npy,17,stand,17,0.84767646,1,"[-2.50603, -5.82331, -0.13761, -9.78036, -3.53573, 2.83877, 1.19709, -2.26308, 2.55499, -4.23036, -3.69776, 0.86219, 4.61808, -11.301, -0.48331, 11.4243, -7.44754, 13.14937, 5.67694, 2.51148, 5.83904, 0.64538]"
42,sub10,mae,1,sub10-c__0075__turnaround.npy,19,turnaround,8,0.7946192,0,"[0.48779, 0.52662, 0.4351, -8.65138, -9.04181, 3.39577, -7.56092, -8.31916, 7.37011, -3.18133, 2.59198, 0.08256, 5.53355, -11.77542, 2.3691, 2.58965, -5.11961, -3.44451, 3.58685, 3.86984, -3.34017, -3.90419]"
42,sub10,mae,1,sub10-c__0076__sit.npy,15,sit,15,0.99139553,1,"[-2.32176, -5.57221, -1.47819, -9.57188, -3.37051, 3.88039, 2.69629, -3.50716, 1.48926, -3.64172, -4.19525, 1.58112, 6.49474, -10.59501, -0.85239, 14.0652, -6.18376, 9.17974, 6.53264, 0.97006, 2.81082, -0.48703]"
42,sub10,mae,1,sub10-c__0077__stand.npy,17,stand,17,0.67708075,1,"[-2.4067, -5.07594, 0.1921, -9.4887, -3.82518, 2.52538, 0.62285, -2.71212, 2.77241, -4.53788, -4.04816, -0.2693, 4.84676, -10.56621, -0.84416, 11.32129, -7.98006, 12.07019, 5.66281, 2.03094, 5.49869, 1.63345]"
42,sub10,mae,1,sub10-c__0078__turnaround.npy,19,turnaround,8,0.77530646,0,"[0.57384, 1.46136, 0.54856, -8.31308, -9.79281, 3.57435, -7.38522, -8.18185, 7.4896, -3.07934, 2.58573, 0.18593, 5.8649, -11.57798, 2.6729, 1.8915, -4.65022, -4.95885, 3.9409, 3.56946, -4.80736, -4.14652]"
42,sub10,mae,1,sub10-c__0079__sit.npy,15,sit,15,0.97757816,1,"[-2.42909, -4.93903, -0.52772, -9.62163, -3.86042, 3.15857, 1.98405, -2.92325, 2.65603, -4.06154, -4.28812, 0.09847, 6.35784, -9.95812, -0.91237, 13.23312, -6.83468, 9.35993, 6.29416, 0.18423, 3.26785, 1.4693]"
42,sub10,mae,1,sub10-c__0080__stand.npy,17,stand,17,0.65595776,1,"[-2.6412, -5.11942, 0.91013, -9.0894, -3.90508, 1.95574, 1.14642, -2.4761, 2.68737, -5.01906, -4.80732, -0.66453, 4.93836, -10.02407, -0.93002, 11.81932, -8.29843, 12.46988, 5.25017, 1.62095, 5.7941, 3.02139]"
42,sub10,mae,1,sub10-c__0081__turnaround.npy,19,turnaround,8,0.7478008,0,"[0.78346, 1.40721, 0.78504, -8.04933, -9.57577, 3.2684, -7.0526, -8.52073, 7.03502, -3.21115, 2.27618, -0.05714, 5.46931, -11.41821, 2.81014, 2.02442, -5.07291, -4.62731, 3.60624, 3.66896, -4.46409, -4.01436]"
42,sub10,mae,1,sub10-c__0082__squat.npy,16,squat,16,0.95242697,1,"[2.06977, -5.75022, -9.69655, -12.29117, -0.22752, 1.98906, -3.73201, -5.21336, 1.22082, 7.12802, 11.19775, 12.13113, 8.30921, -8.40354, 8.296, -5.84539, 15.49498, -9.34969, 0.68072, -7.31275, -7.64356, -13.42796]"
42,sub10,mae,1,sub10-c__0083__squat.npy,16,squat,16,0.9447022,1,"[2.04726, -6.2203, -9.54746, -13.16739, 0.30079, 1.12307, -3.64373, -5.18115, 1.46609, 8.00971, 10.96173, 11.86471, 8.76744, -9.09239, 8.41413, -6.01584, 15.11068, -8.45477, 0.63804, -7.30634, -6.35414, -12.78594]"
42,sub10,mae,1,sub10-c__0084__squat.npy,16,squat,16,0.94221723,1,"[1.67065, -6.59916, -9.85712, -12.71125, 0.45794, 1.93999, -2.95244, -5.36763, 0.67794, 7.62876, 10.52792, 13.57523, 8.86394, -9.50238, 8.528, -5.61443, 16.43026, -8.74787, 0.29175, -6.92327, -7.14751, -14.27746]"
42,sub10,mae,1,sub10-c__0085__squat.npy,16,squat,16,0.96085584,1,"[1.95679, -6.18359, -9.83278, -12.52755, 0.65921, 1.86472, -3.32084, -5.25467, 0.69602, 7.84233, 10.77468, 12.50553, 8.1655, -8.64638, 8.25412, -5.86774, 15.89996, -8.87867, 0.4125, -7.19214, -7.25842, -13.98925]"
42,sub10,mae,1,sub10-c__0086__squat.npy,16,squat,16,0.9473436,1,"[1.97164, -5.90356, -9.48904, -12.69393, 0.04137, 1.42663, -3.28497, -4.60329, 1.54111, 7.52285, 11.01129, 12.19594, 8.19876, -9.04302, 8.82159, -6.27238, 15.39909, -8.38276, 0.84619, -7.36793, -6.46386, -13.17492]"
42,sub10,mae,1,sub10-c__0087__squat.npy,16,squat,16,0.8518685,1,"[1.94139, -6.2975, -8.31432, -13.19215, -0.83786, 1.46187, -2.85082, -4.28037, 1.5978, 6.43831, 10.68419, 13.3203, 9.18928, -9.37788, 8.77763, -5.9147, 15.16441, -7.90681, 0.6879, -6.97699, -6.21635, -13.05611]"
42,sub10,mae,1,sub10-c__0088__pickup.npy,11,pickup,11,0.99186784,1,"[1.40651, -6.24143, -1.38105, -14.47658, -6.16103, 0.27082, 0.58843, -2.19288, 1.3794, 1.2698, 7.70713, 15.47366, 10.30704, -10.61514, 8.4221, -2.95876, 8.74646, -3.6098, 3.16661, -3.99461, -2.196, -9.64246]"
42,sub10,mae,1,sub10-c__0089__pickup.npy,11,pickup,11,0.99547136,1,"[0.97836, -6.65366, -2.54521, -14.14726, -5.5349, 0.54995, 0.60753, -3.25315, 0.54672, 2.00656, 7.5365, 16.36624, 10.44901, -11.36422, 8.47372, -2.6632, 9.74697, -4.20619, 2.73436, -3.67372, -2.38943, -10.93718]"
42,sub10,mae,1,sub10-c__0090__pickup.npy,11,pickup,11,0.99246997,1,"[1.22227, -6.35458, -1.41379, -13.84712, -6.95338, 0.5661, 0.74079, -3.1606, 0.43793, 0.64539, 7.32859, 16.00299, 11.00482, -11.41507, 8.19637, -1.96129, 7.7311, -3.74572, 2.96836, -2.92386, -1.44586, -10.26724]"
42,sub10,mae,1,sub10-c__0091__pickup.npy,11,pickup,11,0.99349266,1,"[1.36877, -6.83425, -1.10614, -14.86053, -6.59542, 0.26914, 1.19784, -3.52115, 0.81635, 0.84375, 7.29724, 16.49382, 11.37423, -11.55359, 8.30491, -1.81654, 7.927, -3.31852, 2.8379, -3.16776, -1.53512, -10.07452]"
42,sub10,mae,1,sub10-c__0092__pickup.npy,11,pickup,11,0.9920139,1,"[1.38143, -6.60413, -1.03251, -14.76609, -6.84292, 0.29938, 1.19794, -3.2401, 0.96085, 0.72527, 7.18561, 16.2322, 11.31181, -11.7431, 8.51045, -1.92402, 7.66509, -3.33963, 2.97551, -3.14946, -1.32603, -9.92037]"
42,sub10,mae,1,sub10-c__0093__pushchair.npy,12,pushchair,12,0.99840695,1,"[2.02842, -4.19464, 0.04592, -13.94936, -10.48826, -1.63144, 0.96806, -3.62196, 4.83171, -3.15047, 6.15089, 7.1471, 14.48209, -11.36317, 6.82892, 1.48175, -2.67925, -1.12709, 4.8764, -3.05203, 5.13961, -1.63263]"
42,sub10,mae,1,sub10-c__0094__pushchair.npy,12,pushchair,12,0.9990097,1,"[1.63724, -4.14482, -0.36163, -13.71472, -10.60546, -1.75194, 1.24143, -3.49401, 5.11864, -3.37048, 5.54388, 5.60891, 14.55287, -11.43321, 6.20921, 2.65359, -4.09174, -0.22342, 5.33852, -2.85728, 6.47043, -0.26842]"
42,sub10,mae,1,sub10-c__0095__pushchair.npy,12,pushchair,12,0.99858934,1,"[1.97833, -4.02719, 0.1103, -13.83439, -10.61706, -1.87922, 1.85548, -3.61914, 5.3205, -3.69619, 5.07874, 5.92358, 14.2286, -11.50207, 6.71816, 2.82209, -4.14121, -0.07076, 5.14486, -2.81407, 5.89777, -0.4325]"
42,sub10,mae,1,sub10-c__0096__pushchair.npy,12,pushchair,12,0.9986236,1,"[2.04875, -4.02568, -0.46268, -13.866, -10.51166, -1.79514, 0.64401, -3.92919, 4.80543, -2.80132, 6.58392, 6.75319, 14.5829, -11.27295, 6.80897, 1.31659, -2.73741, -1.50568, 5.03297, -3.1501, 5.26102, -1.5336]"
42,sub10,mae,1,sub10-c__0097__pushchair.npy,12,pushchair,12,0.99842083,1,"[2.01028, -4.01367, -1.08142, -14.01226, -10.24174, -1.84335, 1.00172, -4.01787, 5.63125, -2.95328, 6.20289, 5.45244, 14.21815, -11.33182, 6.60333, 2.12952, -3.77515, -0.71243, 5.39205, -3.10519, 5.94501, -0.74596]"
42,sub10,mae,1,sub10-c__0099__sit.npy,15,sit,15,0.9634172,1,"[-2.83038, -5.63156, -1.35662, -9.91923, -3.69105, 3.7817, 2.13031, -2.66549, 2.69245, -3.75955, -3.9484, 1.15457, 6.42591, -10.83167, -0.46298, 13.14043, -6.05578, 9.80543, 6.15509, 0.29126, 3.62821, 0.16113]"
42,sub10,mae,1,sub10-c__0100__stand.npy,17,stand,17,0.6044697,1,"[-2.71719, -5.08276, 0.79805, -9.13805, -3.995, 2.39616, 0.49121, -2.50383, 2.59047, -4.74862, -4.35992, -0.41304, 5.03713, -10.15036, -1.35995, 11.86407, -8.11887, 12.29297, 5.55246, 1.85831, 5.40019, 2.37834]"
42,sub10,mae,1,sub10-c__0101__turnaround.npy,19,turnaround,8,0.87962216,0,"[0.48149, -0.35041, -0.7179, -10.37243, -8.32115, 2.99593, -6.99426, -7.96479, 8.45996, -2.40187, 3.35887, -0.06827, 6.2054, -12.01937, 2.95422, 2.03242, -4.52202, -3.01224, 4.08958, 2.43939, -2.484, -3.39605]"
42,sub10,mae,1,sub10-c__0102__sit.npy,15,sit,15,0.9858871,1,"[-2.5689, -5.48604, -1.11711, -9.8791, -3.68267, 3.30311, 1.51498, -3.00006, 2.51166, -3.67395, -3.65403, 0.71591, 6.80708, -9.91922, -1.24644, 13.38605, -6.32801, 8.94089, 6.55026, 0.17351, 3.2056, 0.90452]"
42,sub10,mae,1,sub10-c__0104__turnaround.npy,19,turnaround,8,0.92385876,0,"[0.92429, -0.64714, -0.50248, -10.94234, -8.11276, 2.46803, -7.05343, -8.60592, 8.66936, -2.49901, 3.37249, -0.7315, 5.76083, -12.26813, 2.57175, 2.56591, -5.80898, -1.66868, 4.3542, 2.53584, -1.34516, -2.9389]"
42,sub10,mae,1,sub10-c__0105__sit.npy,15,sit,15,0.98404944,1,"[-2.38733, -4.8476, -1.48999, -9.33403, -3.10196, 2.43048, 1.1003, -3.18373, 3.27085, -3.5744, -4.42158, -1.00321, 6.21401, -9.50119, -0.88637, 13.4606, -6.34802, 9.24845, 6.02175, -0.03795, 2.82333, 1.84545]"
42,sub10,mae,1,sub10-c__0106__stand.npy,17,stand,17,0.6853556,1,"[-2.70966, -5.085, 0.68971, -9.12566, -3.65814, 2.19955, 1.32066, -2.48055, 2.4548, -4.79066, -4.78835, -0.31269, 4.98584, -10.11373, -0.82239, 11.54216, -7.8413, 12.32702, 5.30098, 1.33253, 5.59053, 2.39217]"
42,sub10,mae,1,sub10-c__0107__turnaround.npy,19,turnaround,8,0.6656039,0,"[0.32, 0.17901, 0.01598, -8.25525, -8.04697, 2.86228, -7.54078, -8.43849, 6.41913, -2.85167, 1.9558, -0.64935, 4.48888, -11.0823, 1.48125, 3.43749, -5.80917, -2.51625, 4.07601, 4.56251, -2.38068, -3.75079]"
42,sub10,mae,1,sub10-c__0108__sit.npy,15,sit,15,0.9692665,1,"[-2.82327, -5.55258, -1.58984, -10.20989, -3.49515, 3.56945, 1.87212, -3.05203, 2.98366, -3.46143, -3.76936, 1.23395, 6.76264, -10.69648, -0.34773, 12.6576, -5.55348, 9.04642, 6.2488, -0.12249, 3.0996, -0.04445]"
42,sub10,mae,1,sub10-c__0109__stand.npy,17,stand,17,0.7409824,1,"[-2.75024, -5.62482, 0.0054, -9.69863, -3.67385, 2.62989, 1.30361, -2.62384, 2.49975, -4.47304, -4.11865, 0.46638, 5.2492, -10.91336, -0.49284, 11.27984, -7.57407, 12.34174, 5.44939, 1.83317, 5.98114, 1.16682]"
42,sub10,mae,1,sub10-c__0110__turnaround.npy,19,turnaround,8,0.8402262,0,"[0.64728, 1.42079, 0.52859, -8.29004, -9.58923, 3.2091, -7.10463, -8.49597, 7.70902, -3.39564, 2.37722, -0.16411, 5.5866, -11.59651, 2.82285, 1.87891, -5.04067, -4.47777, 3.84078, 3.75565, -4.32081, -3.8444]"
42,sub10,mae,1,sub10-c__0111__sit.npy,15,sit,15,0.981649,1,"[-2.95051, -5.56636, -1.38867, -9.5494, -3.52544, 3.72465, 1.85787, -2.53338, 2.14579, -3.63019, -3.67812, 1.26653, 6.63371, -9.9107, -1.24643, 13.33714, -5.69813, 9.20638, 6.6639, 0.01128, 2.95175, 0.13878]"
42,sub10,mae,1,sub10-c__0112__stand.npy,17,stand,17,0.67831963,1,"[-2.62475, -5.10423, 0.46616, -8.77532, -3.56486, 2.56061, 0.40622, -2.66644, 2.13936, -4.48095, -4.27759, -0.28851, 4.28717, -10.17882, -1.35795, 11.92325, -8.00059, 12.67275, 5.34635, 2.4727, 5.26622, 1.63075]"
42,sub10,mae,1,sub10-c__0113__turnaround.npy,19,turnaround,8,0.6468607,0,"[0.75529, 1.54597, 1.03956, -8.26175, -9.94733, 3.20761, -6.68886, -8.0968, 6.78671, -3.24432, 2.0639, 0.22938, 5.68061, -11.55315, 2.69407, 2.24783, -5.22557, -4.62418, 4.15099, 4.08131, -4.58633, -4.29651]"
42,sub10,mae,1,sub10-c__0114__squat.npy,16,squat,16,0.8456849,1,"[2.28666, -5.37098, -8.91342, -12.39058, -1.79856, 2.11461, -3.86996, -5.39223, 1.62621, 5.98039, 11.63917, 12.2122, 8.97623, -8.77326, 8.54986, -5.79001, 14.40248, -9.40572, 0.90054, -6.86368, -7.17179, -13.08103]"
42,sub10,mae,1,sub10-c__0115__squat.npy,16,squat,16,0.85009724,1,"[2.15935, -5.89618, -8.883, -13.14872, -1.23713, 1.44784, -3.60703, -5.28372, 1.90693, 6.43678, 11.32524, 12.24328, 9.30546, -9.2578, 8.60648, -5.68033, 14.37186, -8.67847, 1.02987, -6.84501, -6.47241, -12.61665]"
42,sub10,mae,1,sub10-c__0116__squat.npy,16,squat,16,0.82417774,1,"[2.32406, -5.8001, -9.00017, -12.89347, -1.30035, 2.1608, -4.04486, -5.68519, 0.87057, 6.74952, 11.74167, 12.72215, 9.6036, -8.80726, 7.94104, -6.02749, 14.62499, -9.56207, 0.7953, -6.6075, -7.13538, -13.69102]"
42,sub10,mae,1,sub10-c__0117__squat.npy,16,squat,16,0.8187609,1,"[2.51334, -5.52896, -8.34247, -12.73345, -1.11245, 1.52764, -3.67968, -5.18746, 0.78666, 6.8182, 11.52463, 12.59167, 8.66791, -8.36306, 8.16998, -6.25623, 14.421, -9.08442, 0.82762, -6.72181, -6.86924, -13.29764]"
42,sub10,mae,1,sub10-c__0118__squat.npy,16,squat,16,0.85015917,1,"[1.73913, -5.8818, -8.54953, -12.20744, -1.11453, 2.42004, -3.40004, -4.99464, 0.22191, 6.62551, 10.81795, 13.616, 8.71119, -8.79268, 8.09374, -5.91206, 15.42257, -9.11005, 0.5186, -6.38388, -7.26449, -14.36878]"
42,sub10,mae,1,sub10-c__0119__pickup.npy,11,pickup,11,0.9860985,1,"[1.64956, -6.30616, -0.03589, -13.86064, -7.7013, 0.37206, 1.55396, -2.62195, 0.21337, -0.75004, 6.81764, 15.69184, 11.39753, -10.7455, 7.37207, -0.83077, 5.99024, -2.88162, 3.29663, -2.72237, -0.96426, -9.00312]"
42,sub10,mae,1,sub10-c__0120__pickup.npy,11,pickup,11,0.9943295,1,"[1.71282, -6.38676, -1.274, -14.14917, -6.72993, 0.27954, 0.78426, -3.56861, 0.25351, 0.85335, 7.61936, 16.27809, 10.98283, -11.29182, 8.18321, -2.09186, 7.79182, -3.99629, 2.80695, -2.9583, -1.80368, -10.34704]"
42,sub10,mae,1,sub10-c__0122__pickup.npy,11,pickup,11,0.98620355,1,"[1.61276, -6.21525, -0.8536, -14.29914, -7.42769, 0.4763, 0.7911, -3.09037, 0.68497, 0.16505, 7.56616, 15.84638, 11.51548, -11.23515, 8.05311, -1.79882, 7.12352, -3.79114, 3.24161, -2.97174, -1.58576, -9.72814]"
42,sub10,mae,1,sub10-c__0123__pickup.npy,11,pickup,11,0.9819843,1,"[1.50285, -6.2027, 0.31003, -13.48641, -8.45238, -0.02387, 1.325, -4.12713, 0.01822, -1.0339, 6.46899, 15.9554, 11.93639, -12.06033, 7.76841, -0.55932, 5.0364, -3.00011, 2.6937, -1.70521, 0.06645, -9.01553]"
42,sub10,mae,1,sub10-c__0124__pickup.npy,11,pickup,11,0.9910847,1,"[1.43267, -6.6628, -1.54217, -14.02782, -7.19787, 0.56521, 1.07247, -4.38577, -0.14075, 0.51881, 7.36062, 16.44598, 11.6895, -12.19134, 7.98904, -1.14178, 6.9068, -3.77483, 2.7372, -2.31238, -0.86983, -10.46384]"
42,sub10,mae,1,sub10-c__0125__pushchair.npy,12,pushchair,12,0.9983114,1,"[2.5345, -3.81335, 1.12413, -13.23918, -10.99971, -1.87102, 0.62181, -3.4424, 4.34766, -3.69315, 5.91429, 6.76553, 14.06985, -10.96048, 6.27543, 2.01672, -3.87315, -0.82198, 4.79887, -2.24049, 5.2322, -0.89993]"
42,sub10,mae,1,sub10-c__0126__pickup.npy,11,pickup,12,0.99816823,0,"[2.87003, -3.63921, 0.94538, -13.18967, -11.18253, -1.82335, 0.42262, -3.77437, 4.49457, -3.92146, 6.07718, 6.60814, 14.01679, -11.07896, 6.50477, 2.12175, -4.04056, -0.99204, 4.74115, -2.19129, 5.09887, -0.97676]"
42,sub10,mae,1,sub10-c__0127__pushchair.npy,12,pushchair,12,0.9986362,1,"[2.49404, -3.7192, -0.0732, -13.44945, -10.703, -1.77908, 0.55445, -3.45843, 5.19587, -3.67548, 6.30342, 5.48701, 14.14153, -10.65487, 6.0327, 2.32454, -4.24453, -0.77656, 5.47446, -2.79435, 5.48768, -0.18495]"
42,sub10,mae,1,sub10-c__0128__pushchair.npy,12,pushchair,12,0.9988513,1,"[2.32176, -4.10186, -0.05418, -13.69429, -10.67652, -1.70585, 1.44107, -3.90268, 4.42872, -3.61251, 5.84992, 6.46388, 14.41199, -11.00829, 6.30866, 2.44898, -3.92071, -0.8137, 5.0858, -2.60756, 5.62172, -1.04997]"
42,sub10,mae,1,sub10-c__0129__pushchair.npy,12,pushchair,12,0.9974721,1,"[2.44684, -4.27963, 1.28209, -13.69595, -11.15506, -1.5636, 1.01404, -3.88658, 4.1162, -3.87927, 5.90205, 8.4163, 14.69942, -11.78106, 6.87628, 1.75642, -2.90428, -0.99853, 4.23074, -2.03738, 4.82152, -2.12579]"
42,sub10,mae,1,sub10-c__0130__pushchair.npy,12,pushchair,12,0.9985008,1,"[2.09705, -4.49565, 0.0196, -14.08235, -10.79341, -1.39852, 1.83244, -4.25067, 4.15658, -3.54091, 5.7297, 7.8706, 14.87356, -11.92561, 6.8991, 2.32948, -3.05707, -0.94981, 4.59337, -2.38787, 5.38344, -2.30567]"
