seed,subject,method,k,file,true_id,true_label,pred_id,conf,correct,logits
42,sub11,scratch,3,sub11-a__0001__wave.npy,21,wave,21,0.57398427,1,"[-3.77939, 11.07635, 5.67834, 2.76643, -6.68974, -7.2257, -14.45277, 2.86474, 15.07465, -10.26596, -8.54853, 1.21579, -0.45817, -2.01683, -2.91878, -7.00788, -6.70147, 2.74331, -6.97415, -14.03167, -2.11998, 15.39105]"
42,sub11,scratch,3,sub11-a__0002__wave.npy,21,wave,21,0.6923755,1,"[-3.57207, 10.56493, 5.16467, 3.90788, -5.57281, -5.99703, -14.2801, 4.06163, 13.80541, -9.80897, -8.5989, 0.64138, -1.37541, -1.11629, -3.38313, -6.94748, -5.50818, 2.85075, -6.14099, -13.8307, -2.41776, 14.65535]"
42,sub11,scratch,3,sub11-a__0003__wave.npy,21,wave,21,0.7988898,1,"[-3.53173, 10.40224, 5.36092, 3.31218, -5.6262, -6.88031, -14.27269, 3.47413, 13.82295, -9.51354, -8.99986, 1.84186, -0.66208, -1.59581, -3.00732, -7.28531, -5.38292, 2.64083, -7.35527, -14.02323, -2.32646, 15.23477]"
42,sub11,scratch,3,sub11-a__0004__wave.npy,21,wave,21,0.75677013,1,"[-3.50706, 10.78298, 5.49761, 2.40048, -6.50465, -7.53046, -14.5601, 2.65172, 14.88205, -9.96544, -8.85239, 2.20044, -0.01029, -2.07103, -2.50263, -7.70445, -6.06282, 2.53673, -8.21684, -14.26283, -2.19272, 16.03365]"
42,sub11,scratch,3,sub11-a__0005__wave.npy,21,wave,21,0.85936373,1,"[-3.55373, 9.54966, 4.84264, 3.71438, -5.47291, -5.47619, -13.75064, 4.7142, 12.94012, -9.45056, -9.0351, 2.40802, -0.75831, -1.51636, -3.08588, -7.36377, -4.74649, 2.86328, -6.48861, -14.00182, -2.83219, 14.78399]"
42,sub11,scratch,3,sub11-a__0006__wave.npy,21,wave,21,0.76473856,1,"[-3.511, 10.25763, 5.2479, 2.93524, -6.37548, -6.31981, -13.93364, 3.93937, 13.80641, -9.76561, -8.76581, 2.53378, -0.27147, -2.06106, -2.48794, -7.76546, -5.74964, 2.68453, -7.31814, -14.03461, -2.59225, 15.01388]"
42,sub11,scratch,3,sub11-a__0007__bow.npy,2,bow,2,0.96323746,1,"[-4.06722, 5.57541, 11.78361, -3.74516, -15.50157, -7.71328, -6.20197, -4.74356, 8.11122, -4.19671, 0.04675, 3.94467, 5.87482, -6.95769, 4.65649, -3.55032, -17.05096, -2.1619, -0.8073, -2.63794, 6.79232, 0.59861]"
42,sub11,scratch,3,sub11-a__0008__bow.npy,2,bow,2,0.9606368,1,"[-4.15245, 6.57277, 12.32547, -3.93416, -15.14353, -8.79734, -7.29646, -4.87757, 8.87529, -4.52528, -1.31215, 5.278, 6.40882, -6.66128, 4.94241, -5.69073, -16.14612, -2.14425, -3.85668, -4.42469, 6.02338, 2.24733]"
42,sub11,scratch,3,sub11-a__0009__bow.npy,2,bow,2,0.974742,1,"[-4.96899, 5.41894, 11.84452, -3.35287, -15.43116, -6.82481, -6.01805, -4.60745, 7.62866, -4.21793, 0.32463, 3.83157, 6.11392, -6.46409, 4.45017, -3.56575, -16.47147, -2.37726, -0.26158, -2.28958, 6.60737, 0.25793]"
42,sub11,scratch,3,sub11-a__0010__bow.npy,2,bow,2,0.98216796,1,"[-4.36477, 5.26644, 12.05122, -3.73938, -15.28678, -7.63387, -5.95179, -4.91387, 7.06145, -3.43175, 0.17208, 5.11157, 6.65326, -6.81291, 4.94273, -4.48921, -15.9786, -2.78363, -1.71252, -2.81043, 6.50122, 0.3817]"
42,sub11,scratch,3,sub11-a__0011__bow.npy,2,bow,2,0.97959536,1,"[-4.04193, 5.38377, 11.91784, -3.6615, -15.24348, -7.74971, -6.12384, -4.90685, 7.20295, -3.46959, 0.15301, 4.75892, 6.39126, -6.92981, 4.93975, -4.14823, -16.13691, -2.72844, -1.70449, -2.73904, 6.55872, 0.45399]"
42,sub11,scratch,3,sub11-a__0012__crossarms.npy,5,crossarms,5,0.9904185,1,"[-5.81447, 2.2329, 2.3022, 4.75522, -2.1674, 10.81932, -8.81999, 5.66591, 0.95401, -1.95145, -5.54732, 0.74927, 1.7055, -0.44903, -1.94158, -3.04545, 2.8841, 1.33394, 1.41106, -6.53217, -2.07222, 3.08651]"
42,sub11,scratch,3,sub11-a__0013__crossarms.npy,5,crossarms,5,0.9889092,1,"[-5.63862, 3.63924, 1.69618, 5.48547, -1.30887, 11.52083, -10.99746, 6.52009, 1.65921, -2.29597, -5.26362, -0.63309, 1.05103, 0.87944, -1.89529, -5.44588, 4.53271, 1.2101, -0.7784, -7.78362, -2.86932, 4.07106]"
42,sub11,scratch,3,sub11-a__0015__crossarms.npy,5,crossarms,5,0.99779737,1,"[-5.78247, 0.83529, 0.25692, 5.26004, -1.31485, 13.49216, -6.60333, 7.11772, 0.09951, -2.49261, -5.34314, -0.52483, 1.58846, -0.30447, -2.50331, -1.34518, 3.97538, 1.31536, 4.57198, -4.39644, -2.9682, 1.79229]"
42,sub11,scratch,3,sub11-a__0016__crossarms.npy,5,crossarms,5,0.9986639,1,"[-4.16475, 0.67275, -0.2354, 5.53805, -0.17082, 13.72659, -5.59121, 6.49379, -1.54612, -1.50785, -4.73075, -3.06097, 0.18226, 0.17603, -1.90703, 0.95618, 3.47117, 1.21102, 5.57295, -1.74556, -1.90279, -0.51373]"
42,sub11,scratch,3,sub11-a__0017__airpunch.npy,1,airpunch,1,0.99966645,1,"[-1.38234, 16.0386, 2.79999, 5.60963, 2.55839, 1.57514, -16.31474, 3.44982, 7.75768, -3.35914, -3.37764, -11.02051, -5.75515, 5.92148, -1.87553, -10.50086, -0.10059, 1.52663, -9.38875, -8.78665, -1.43032, 3.19143]"
42,sub11,scratch,3,sub11-a__0019__airpunch.npy,1,airpunch,8,0.8421031,0,"[-3.24101, 14.3023, 7.34922, -0.57272, -9.92788, -7.99761, -12.74395, -1.26962, 15.97731, -7.07554, 0.95711, -5.32761, 0.8852, -3.75373, -0.39679, -6.98173, -14.00684, -0.62132, -2.81565, -7.76769, 2.73539, 4.85567]"
42,sub11,scratch,3,sub11-a__0020__airpunch.npy,1,airpunch,8,0.9865389,0,"[-4.40452, 13.65174, 7.23694, -1.09517, -11.73589, -7.8155, -11.11219, -1.70171, 17.94796, -9.27387, 0.22607, -4.99489, 1.60049, -5.95489, -1.04164, -3.53779, -15.46403, -0.12721, 0.38576, -6.45405, 2.38308, 4.96255]"
42,sub11,scratch,3,sub11-a__0021__airpunch.npy,1,airpunch,8,0.995754,0,"[-5.18598, 12.12312, 7.73055, -1.32175, -11.93067, -8.21822, -11.52182, -2.01377, 17.59729, -9.18257, -0.77534, -2.90388, 2.93151, -6.20008, -0.76336, -3.3014, -14.67253, -0.38796, -0.78125, -7.19634, 2.29755, 6.67126]"
42,sub11,scratch,3,sub11-a__0022__drink.npy,7,drink,3,0.39237916,0,"[-1.71062, 6.55535, 3.61292, 7.83833, -2.16198, 0.25887, -10.65689, 7.73218, 6.3359, -5.4932, -6.4526, -4.2145, -4.52415, 1.8793, -2.74755, -4.15008, -4.44405, 1.9195, -0.08123, -8.72139, -1.34044, 5.78604]"
42,sub11,scratch,3,sub11-a__0024__drink.npy,7,drink,7,0.44572288,1,"[-2.00957, 4.89182, 3.77827, 7.88782, -2.355, 0.91173, -9.71008, 7.9332, 5.16316, -5.27865, -7.26716, -3.36969, -4.53767, 2.21781, -3.49579, -2.49606, -4.8631, 2.58916, 2.11747, -8.63831, -0.98426, 6.03326]"
42,sub11,scratch,3,sub11-a__0025__drink.npy,7,drink,7,0.5585469,1,"[-2.07859, 4.63792, 3.59881, 7.68153, -2.63428, 0.95599, -9.58406, 8.26482, 5.26269, -5.43283, -7.391, -2.61272, -4.21386, 1.89035, -3.43979, -2.81965, -4.74834, 2.65455, 2.12455, -8.89432, -1.23833, 6.2861]"
42,sub11,scratch,3,sub11-a__0026__drink.npy,7,drink,7,0.5215513,1,"[-1.72564, 4.45485, 3.51948, 7.81289, -2.30158, 1.01399, -9.4301, 8.1299, 4.60825, -4.94198, -7.21792, -2.62065, -4.43143, 2.12935, -3.24532, -2.74917, -4.37443, 2.54318, 1.87487, -8.69814, -1.17751, 5.96705]"
42,sub11,scratch,3,sub11-a__0027__brushteeth.npy,3,brushteeth,3,0.45997086,1,"[-0.4639, 7.31212, 4.44202, 7.67597, -1.47858, -2.20283, -11.89441, 5.18933, 5.79174, -4.43444, -6.31507, -5.45259, -5.13711, 2.55956, -1.79563, -3.27002, -4.59711, 1.35613, -2.85357, -7.93519, 0.21517, 6.0441]"
42,sub11,scratch,3,sub11-a__0028__brushteeth.npy,3,brushteeth,3,0.6686436,1,"[0.37266, 4.07274, 2.76809, 8.11731, -0.30535, 1.39118, -8.729, 7.30974, 1.88096, -2.60138, -6.1513, -3.72456, -5.84322, 3.02382, -2.55322, -1.76152, -2.27454, 2.12318, 0.94848, -7.36902, -1.24124, 3.84344]"
42,sub11,scratch,3,sub11-a__0030__brushteeth.npy,3,brushteeth,7,0.62692535,0,"[0.73236, 4.73112, 2.12305, 7.83378, 0.54449, 0.92951, -9.01613, 8.45917, 2.3203, -3.06873, -7.13721, -2.30003, -6.36342, 2.85515, -2.7141, -3.26651, -1.39267, 2.7393, -0.37552, -8.20901, -1.97322, 4.7075]"
42,sub11,scratch,3,sub11-a__0031__brushteeth.npy,3,brushteeth,3,0.6014237,1,"[0.44604, 5.00319, 2.72355, 7.94271, 0.24538, 0.58525, -9.50505, 7.35192, 2.61081, -2.93106, -6.80961, -3.4532, -6.02213, 2.76367, -2.52808, -2.56412, -1.82627, 2.25892, -0.51348, -7.70022, -1.34576, 4.57782]"
42,sub11,scratch,3,sub11-a__0032__highfive.npy,8,highfive,8,0.9777606,1,"[-4.8737, 10.16285, 5.53559, 3.07948, -8.14102, -5.87804, -11.14209, 4.53644, 16.18, -11.41222, -7.53669, 0.51207, -0.06802, -3.70617, -4.04643, -4.83098, -9.4324, 2.72414, -0.64774, -12.56574, -2.71224, 12.2815]"
42,sub11,scratch,3,sub11-a__0034__highfive.npy,8,highfive,8,0.7613127,1,"[-3.24726, 11.22373, 4.09488, 4.73508, -4.12701, -5.37336, -11.71729, 5.8428, 13.30089, -9.76345, -8.2095, -0.319, -2.83783, -1.19247, -4.16046, -6.28263, -5.04661, 2.78709, -3.75331, -12.18476, -3.56369, 11.62604]"
42,sub11,scratch,3,sub11-a__0035__highfive.npy,8,highfive,21,0.5643949,0,"[-3.32674, 9.81768, 3.52382, 4.73036, -3.62342, -4.11837, -11.49185, 6.62824, 11.93995, -9.29886, -9.2599, 1.65369, -2.40948, -1.30198, -4.2054, -6.43315, -3.22472, 3.07714, -3.86888, -12.70151, -4.05751, 12.31749]"
42,sub11,scratch,3,sub11-a__0036__highfive.npy,8,highfive,8,0.59308046,1,"[-3.08214, 9.33345, 3.0413, 5.7086, -3.4317, -2.57558, -9.95682, 7.17535, 10.7171, -9.17592, -8.75943, -0.3098, -3.1767, -1.24291, -4.46081, -4.07336, -3.97245, 2.8818, -0.79212, -10.33172, -3.82365, 9.79808]"
42,sub11,scratch,3,sub11-a__0037__highfive.npy,8,highfive,8,0.9105705,1,"[-3.77937, 12.52245, 4.46274, 4.0055, -5.95769, -5.75771, -11.14878, 3.55176, 14.97974, -11.10245, -7.77764, -2.75184, -1.82082, -2.61661, -3.08419, -3.50039, -7.79555, 1.88424, -2.99806, -8.94818, -2.02193, 10.59681]"
42,sub11,scratch,3,sub11-a__0038__wave.npy,21,wave,21,0.8749075,1,"[-3.67841, 9.31792, 5.14268, 3.24525, -4.93753, -6.24523, -13.13514, 4.30449, 12.08846, -8.28528, -9.17569, 3.74248, -0.55847, -2.05094, -3.13166, -7.21885, -4.22135, 2.65174, -6.54131, -13.94103, -2.8171, 14.096]"
42,sub11,scratch,3,sub11-a__0039__wave.npy,21,wave,21,0.8337577,1,"[-4.25205, 8.94051, 5.31653, 2.48815, -5.85389, -6.10262, -12.73621, 4.31402, 12.25117, -8.31484, -8.91783, 5.00777, 0.67853, -3.07031, -2.63462, -7.53774, -4.57782, 2.37723, -6.51344, -13.79285, -2.91047, 13.90159]"
42,sub11,scratch,3,sub11-a__0040__wave.npy,21,wave,21,0.900635,1,"[-3.48608, 8.48723, 4.81959, 3.53979, -4.53528, -5.50244, -12.49851, 5.05747, 10.99139, -7.69614, -9.15326, 4.25054, -0.69274, -2.1109, -2.99925, -6.95702, -3.70576, 2.65681, -6.11853, -13.56355, -2.96626, 13.28049]"
42,sub11,scratch,3,sub11-a__0043__bow.npy,2,bow,2,0.9476915,1,"[-4.47551, 5.34224, 11.61176, -3.87604, -15.22054, -7.39164, -7.38891, -4.8039, 8.25109, -3.66617, -0.47124, 5.04522, 7.12901, -7.52009, 4.9505, -4.53034, -15.24965, -2.76377, -2.63071, -3.22676, 6.21686, 1.79484]"
42,sub11,scratch,3,sub11-a__0044__bow.npy,2,bow,2,0.96352905,1,"[-5.18178, 4.33521, 11.38742, -3.74179, -14.95507, -6.25002, -6.45929, -4.77011, 6.85927, -2.76324, 0.70336, 4.83989, 7.3236, -7.12886, 4.41803, -3.64719, -14.85126, -3.0677, -0.58556, -2.1418, 6.36344, 0.42839]"
42,sub11,scratch,3,sub11-a__0046__bow.npy,2,bow,2,0.9706313,1,"[-4.54452, 3.48023, 11.42821, -3.56336, -14.91538, -6.3727, -5.65176, -4.90686, 5.50511, -2.10495, 0.64001, 5.64323, 7.27182, -7.19199, 4.82704, -3.352, -14.56281, -3.24959, -0.56028, -1.8865, 6.47901, -0.0263]"
42,sub11,scratch,3,sub11-a__0047__crossarms.npy,5,crossarms,5,0.9994954,1,"[-4.67777, 2.2102, 0.88357, 5.77499, -0.83078, 14.33378, -8.13981, 6.02206, -0.98749, -2.14894, -5.58884, -3.52754, 0.20475, 0.47116, -0.88139, -0.43686, 4.28086, 1.60568, 2.8974, -2.38285, -1.46909, 0.09546]"
42,sub11,scratch,3,sub11-a__0048__crossarms.npy,5,crossarms,5,0.99917597,1,"[-5.35161, 1.84626, 1.41416, 5.54477, -1.45532, 13.75736, -8.11877, 6.03939, -0.52487, -2.18947, -5.67748, -1.8854, 0.71468, -0.08661, -1.32095, -0.68243, 4.03849, 1.67842, 3.12005, -3.55908, -1.78972, 0.87789]"
42,sub11,scratch,3,sub11-a__0049__crossarms.npy,5,crossarms,5,0.9993818,1,"[-5.41702, 1.19172, 0.97472, 5.12563, -1.7677, 14.00483, -7.65225, 6.12351, -0.51809, -2.23605, -5.47651, -1.63608, 1.35139, -0.6616, -1.41965, -0.15827, 3.8121, 1.53427, 4.05751, -2.98042, -1.63939, 0.86021]"
42,sub11,scratch,3,sub11-a__0050__crossarms.npy,5,crossarms,5,0.99942905,1,"[-5.59295, 1.47366, 1.00088, 5.21821, -1.9498, 14.21253, -7.8744, 6.25938, -0.26613, -2.47362, -5.47583, -1.24207, 1.36741, -0.71576, -1.60453, -0.40512, 4.276, 1.702, 3.86445, -3.53825, -2.10847, 1.17665]"
42,sub11,scratch,3,sub11-a__0051__crossarms.npy,5,crossarms,5,0.9995053,1,"[-5.30295, 1.98234, 0.8427, 5.41963, -1.3759, 14.55344, -8.06171, 6.50916, -0.286, -2.7295, -6.01673, -2.11798, 0.72867, -0.28513, -1.49045, -0.41542, 4.36018, 1.99016, 3.56783, -3.27246, -2.0418, 0.90329]"
42,sub11,scratch,3,sub11-a__0052__crossarms.npy,5,crossarms,5,0.99951994,1,"[-5.03311, 1.93664, 0.4498, 5.17157, -1.15986, 14.66154, -7.4938, 6.63817, -0.61348, -2.3934, -5.45416, -2.14765, 0.56074, -0.41902, -1.72468, -0.12413, 4.2829, 2.101, 4.43181, -2.9346, -2.13959, 0.25981]"
42,sub11,scratch,3,sub11-a__0054__airpunch.npy,1,airpunch,1,0.99014354,1,"[-6.20658, 16.46017, 3.89879, 3.24574, -2.85991, 2.87586, -17.74806, 1.74901, 11.84433, -6.18885, -2.95485, -7.55112, -0.76313, 2.00849, -2.26665, -10.54346, -0.06163, 1.42664, -8.33166, -10.32453, -2.27066, 6.60984]"
42,sub11,scratch,3,sub11-a__0055__airpunch.npy,1,airpunch,1,0.8860226,1,"[-7.65426, 15.61055, 4.87155, 1.63852, -4.86113, 1.36872, -17.65305, 0.53389, 13.5518, -7.05825, -4.07103, -4.47301, 1.5997, -0.45361, -2.13715, -9.4576, -1.04571, 1.53717, -8.61768, -11.16257, -2.175, 8.7043]"
42,sub11,scratch,3,sub11-a__0056__airpunch.npy,1,airpunch,1,0.9516151,1,"[-6.88929, 15.32664, 4.57289, 3.15157, -3.4294, 1.96348, -17.65974, 1.68228, 12.31084, -7.08789, -5.95304, -4.39693, 0.1986, 0.40233, -2.17444, -9.21058, 0.28992, 1.92214, -9.45669, -11.35721, -2.63424, 9.01031]"
42,sub11,scratch,3,sub11-a__0057__airpunch.npy,1,airpunch,1,0.94664043,1,"[-7.25137, 14.69823, 3.81245, 3.69371, -3.66971, 4.62598, -17.3354, 2.81397, 11.7821, -7.49394, -5.75658, -4.685, 0.29374, 0.29773, -2.43387, -8.93985, 1.3495, 2.15715, -7.861, -11.08341, -3.39021, 8.54826]"
42,sub11,scratch,3,sub11-a__0058__drink.npy,7,drink,18,0.96521074,0,"[1.60089, -1.59747, -0.69928, 4.92043, 0.32398, 2.24517, 4.87743, 4.66709, -3.0074, -1.0825, -5.30427, -5.91095, -4.95618, -0.7507, -2.31826, 11.46381, -6.32676, 1.3268, 14.79214, 4.6637, 0.85804, -5.29823]"
42,sub11,scratch,3,sub11-a__0059__drink.npy,7,drink,7,0.52745295,1,"[-1.60004, 4.41665, 3.41225, 7.5041, -2.67729, 0.78831, -9.49233, 7.93867, 4.65239, -4.9541, -7.22563, -1.78034, -4.0659, 1.34772, -2.89225, -2.71629, -3.95498, 2.43019, 1.37929, -8.69294, -1.47309, 6.12274]"
42,sub11,scratch,3,sub11-a__0060__drink.npy,7,drink,7,0.46452844,1,"[-1.59175, 4.21446, 3.52035, 7.61362, -2.64517, 0.85407, -9.51722, 7.70313, 4.33621, -4.63634, -6.93274, -2.13108, -4.03798, 1.56694, -2.753, -2.59259, -4.01979, 2.20535, 1.50077, -8.34781, -1.18377, 5.79464]"
42,sub11,scratch,3,sub11-a__0062__drink.npy,7,drink,18,0.993789,0,"[0.56767, 1.61518, -0.74414, 6.25021, -0.94237, 2.12923, 2.3321, 5.81745, -0.10488, -3.83736, -5.59733, -5.9974, -5.64642, -0.38145, -4.77297, 9.69776, -5.72165, 2.33426, 14.82661, 1.5372, -1.23276, -2.47952]"
42,sub11,scratch,3,sub11-a__0063__drink.npy,7,drink,7,0.55598617,1,"[-0.93681, 3.60416, 3.15037, 7.40201, -1.98512, 1.28965, -8.90462, 7.77676, 2.83949, -3.62647, -6.9416, -1.3926, -4.28186, 1.67748, -2.64783, -2.40069, -3.08247, 2.29241, 1.55171, -7.96452, -1.22602, 5.09314]"
42,sub11,scratch,3,sub11-a__0064__brushteeth.npy,3,brushteeth,3,0.886395,1,"[0.30617, 1.90132, 3.15928, 8.08317, -0.96564, 2.79644, -7.22375, 5.67537, -0.88131, -0.91454, -4.5427, -4.90623, -5.12075, 3.72422, -1.53988, 0.21763, -2.4749, 1.0875, 3.08665, -4.41346, 0.53807, 1.56929]"
42,sub11,scratch,3,sub11-a__0065__brushteeth.npy,3,brushteeth,7,0.5248749,0,"[0.2294, 3.40938, 2.3632, 7.76385, -0.1931, 2.2227, -8.31492, 7.91307, 0.97974, -2.14905, -6.29078, -2.27478, -5.58421, 2.70203, -2.43833, -2.2679, -1.30288, 2.27744, 1.26878, -7.16823, -1.44892, 3.57767]"
42,sub11,scratch,3,sub11-a__0066__brushteeth.npy,3,brushteeth,3,0.5530437,1,"[0.31358, 3.89235, 2.59272, 7.8771, -0.21159, 1.78208, -8.81004, 7.59153, 1.33279, -2.34487, -6.46006, -2.69542, -5.69504, 2.75833, -2.28359, -2.32836, -1.41872, 2.18755, 0.56862, -7.22346, -1.28671, 3.86157]"
42,sub11,scratch,3,sub11-a__0067__brushteeth.npy,3,brushteeth,3,0.78553617,1,"[0.28645, 3.66149, 3.09325, 8.15457, -0.79303, 1.70726, -8.82114, 6.7049, 0.93709, -1.94463, -5.61129, -3.7948, -5.62232, 3.26299, -1.83314, -1.84229, -2.09559, 1.66746, 0.90309, -6.6624, -0.60201, 3.31847]"
42,sub11,scratch,3,sub11-a__0069__brushteeth.npy,3,brushteeth,3,0.6236,1,"[0.05713, 3.67946, 2.8637, 7.91037, -0.65766, 1.75045, -8.72681, 7.32005, 1.24077, -2.26589, -6.15891, -2.77896, -5.45417, 2.78869, -2.12301, -2.24862, -1.82712, 1.96522, 0.91122, -7.08108, -1.03282, 3.68908]"
42,sub11,scratch,3,sub11-a__0071__highfive.npy,8,highfive,8,0.7383151,1,"[-3.68742, 10.22291, 3.37588, 6.42669, -5.01707, -2.52891, -8.71606, 4.73895, 11.33619, -10.31173, -6.88122, -5.04348, -3.12522, -1.10027, -3.71076, -0.17546, -7.17921, 1.60792, 2.1898, -5.87576, -1.79777, 7.24288]"
42,sub11,scratch,3,sub11-a__0072__highfive.npy,8,highfive,8,0.85208595,1,"[-4.41994, 10.11816, 4.44597, 5.04139, -5.74971, -4.11559, -10.30695, 4.21196, 12.62643, -10.4281, -8.4278, -1.6076, -1.44222, -2.24172, -3.5361, -1.96332, -6.7355, 1.89226, -0.87159, -8.40548, -2.02202, 10.23114]"
42,sub11,scratch,3,sub11-a__0073__highfive.npy,8,highfive,8,0.94187194,1,"[-6.08849, 11.03847, 5.25515, 3.47576, -8.05499, -5.26137, -11.68262, 2.5466, 15.78755, -12.07358, -8.00545, -0.99836, 0.44272, -3.00251, -3.62076, -2.91129, -7.81111, 1.82436, -1.71276, -9.57945, -1.76419, 12.8505]"
42,sub11,scratch,3,sub11-a__0074__highfive.npy,8,highfive,8,0.5954235,1,"[-4.44498, 7.73501, 3.76374, 5.29903, -5.26028, -2.42602, -9.47903, 6.66679, 11.11923, -9.618, -8.81976, 1.1027, -1.39701, -1.93135, -4.94575, -3.26738, -5.17486, 2.84563, 1.39651, -10.80511, -3.45463, 10.65712]"
42,sub11,scratch,3,sub11-a__0075__wave.npy,21,wave,21,0.78960687,1,"[-3.04482, 8.37766, 4.96616, 4.65113, -4.11897, -4.68729, -12.23332, 5.22488, 9.42467, -6.78198, -8.26408, 2.34435, -1.81272, -1.29139, -3.10155, -5.87354, -4.07914, 2.39705, -4.4927, -12.14612, -2.30755, 11.07494]"
42,sub11,scratch,3,sub11-a__0076__wave.npy,21,wave,21,0.9077645,1,"[-2.86574, 7.18368, 4.35115, 4.68216, -3.41117, -3.75337, -11.70149, 5.97759, 8.2416, -6.16593, -8.76203, 3.62426, -1.55747, -1.30258, -2.76335, -6.25831, -2.67406, 2.38425, -4.84219, -12.05813, -2.57869, 10.9423]"
42,sub11,scratch,3,sub11-a__0079__wave.npy,21,wave,21,0.9122263,1,"[-3.57828, 6.70588, 4.51936, 4.32188, -4.40366, -3.51203, -11.45443, 6.22799, 8.83926, -6.78211, -8.83938, 4.43257, -0.66014, -1.91114, -2.76469, -6.26696, -3.28703, 2.40771, -4.15902, -12.2906, -2.69988, 11.38743]"
42,sub11,scratch,3,sub11-a__0080__wave.npy,21,wave,21,0.7704065,1,"[-3.20404, 7.87973, 5.34749, 4.56426, -4.46288, -4.90987, -12.26528, 4.76802, 9.75945, -6.78051, -8.33496, 1.78426, -1.48205, -1.61866, -3.07308, -5.05389, -4.84485, 2.18006, -3.98238, -11.73721, -1.69439, 11.13388]"
42,sub11,scratch,3,sub11-a__0081__bow.npy,2,bow,2,0.924386,1,"[-5.1978, 1.61746, 11.59534, -3.98779, -15.66324, -5.94305, -3.96291, -5.03452, 4.63781, -1.93267, 0.1398, 8.15885, 8.4631, -8.01172, 5.05427, -2.63354, -14.11245, -3.31708, 0.37336, -1.69367, 5.94755, -0.27337]"
42,sub11,scratch,3,sub11-a__0082__bow.npy,2,bow,2,0.9603413,1,"[-4.64639, 1.86384, 10.99004, -3.11307, -14.58991, -5.26385, -4.2891, -5.15603, 3.21267, -0.62962, 2.13818, 5.49399, 7.18316, -6.79352, 4.96989, -1.9484, -13.33957, -3.88877, 1.07157, -0.34917, 6.55023, -1.66115]"
42,sub11,scratch,3,sub11-a__0083__bow.npy,2,bow,2,0.94011503,1,"[-4.91173, 1.97891, 11.44459, -3.56308, -14.66283, -5.82865, -4.82468, -5.27119, 3.56893, -0.73854, 0.90386, 7.42257, 8.19954, -7.2472, 5.23601, -3.30226, -12.6936, -3.88296, -0.81718, -1.68277, 5.9957, -0.56594]"
42,sub11,scratch,3,sub11-a__0084__bow.npy,2,bow,2,0.9585398,1,"[-4.85514, 1.86483, 11.47872, -3.27738, -14.66957, -5.71403, -4.55797, -5.10844, 3.41814, -0.91327, 0.91153, 7.10597, 7.74027, -6.97655, 5.04431, -2.85351, -13.03228, -3.67839, -0.16071, -1.55664, 6.14179, -0.69798]"
42,sub11,scratch,3,sub11-a__0086__crossarms.npy,5,crossarms,5,0.999393,1,"[-6.53715, 2.08241, 1.39787, 4.58454, -2.34844, 14.23465, -8.67986, 6.42662, 0.70028, -2.81957, -6.0065, 0.70384, 1.99558, -1.51094, -2.02957, -1.15, 4.98442, 2.12807, 3.07142, -4.91389, -2.90597, 1.96327]"
42,sub11,scratch,3,sub11-a__0087__crossarms.npy,5,crossarms,5,0.9992865,1,"[-6.53169, 2.53142, 0.99491, 4.9205, -1.90178, 14.66006, -9.48295, 6.95739, 0.85017, -2.99366, -6.09226, 0.56224, 1.84676, -0.97546, -2.25033, -2.12362, 6.03046, 2.17167, 2.2182, -5.55353, -3.41449, 2.58497]"
42,sub11,scratch,3,sub11-a__0089__crossarms.npy,5,crossarms,5,0.9996213,1,"[-6.29029, 1.81769, 0.98588, 4.85256, -2.24515, 15.06233, -8.39685, 6.82936, 0.24631, -2.85421, -5.72761, 0.03784, 1.6435, -1.10511, -2.12334, -0.95861, 5.23032, 2.21575, 3.86321, -4.42331, -2.97565, 1.51314]"
42,sub11,scratch,3,sub11-a__0090__crossarms.npy,5,crossarms,5,0.99942195,1,"[-6.36788, 1.92298, 1.18069, 5.03483, -1.99122, 14.66678, -9.07604, 6.76531, 0.25436, -2.46311, -5.75421, 0.42833, 1.64186, -0.81116, -2.16283, -1.6137, 5.63989, 1.96952, 2.88884, -5.26, -3.1443, 2.12913]"
42,sub11,scratch,3,sub11-a__0091__crossarms.npy,5,crossarms,1,0.9954282,0,"[-3.73445, 17.08819, 5.19481, 1.75381, -1.6387, -3.95772, -17.63207, -0.05538, 11.69873, -3.83515, -2.05038, -6.88919, -1.5951, 3.13892, -1.03298, -12.54159, -2.91953, 0.39037, -12.01145, -10.42805, -0.13588, 6.28623]"
42,sub11,scratch,3,sub11-a__0092__airpunch.npy,1,airpunch,1,0.9870186,1,"[-6.49667, 15.53596, 3.6526, 3.89671, -2.93849, 4.22039, -17.79902, 2.18078, 11.18517, -6.54337, -4.0971, -7.11125, -0.54082, 1.92615, -1.98026, -9.89739, 1.10985, 1.47692, -8.44867, -10.09718, -2.60531, 7.12918]"
42,sub11,scratch,3,sub11-a__0093__airpunch.npy,1,airpunch,1,0.9841792,1,"[-6.32029, 14.94188, 3.5543, 4.51887, -2.59695, 4.91752, -17.29748, 2.91423, 10.77992, -6.803, -5.1223, -6.92566, -1.0369, 1.69554, -2.16037, -9.01637, 1.24551, 1.79125, -7.71654, -10.02773, -2.7754, 7.12231]"
42,sub11,scratch,3,sub11-a__0094__airpunch.npy,1,airpunch,1,0.9968731,1,"[-5.48886, 15.13846, 2.77933, 4.80479, -1.67021, 6.01909, -16.72155, 3.33108, 9.30677, -5.68244, -3.42722, -8.70206, -1.85567, 3.09822, -2.05759, -9.96316, 1.63442, 1.4381, -6.99941, -8.92542, -2.60124, 5.04699]"
42,sub11,scratch,3,sub11-a__0095__airpunch.npy,1,airpunch,1,0.990949,1,"[-6.64079, 15.32776, 3.13751, 4.31057, -3.02071, 6.12808, -16.80894, 2.65745, 10.60904, -6.69025, -3.64302, -8.21972, -0.91374, 2.06793, -2.32312, -9.17672, 1.0433, 1.62847, -6.21496, -9.1026, -2.67123, 5.86651]"
42,sub11,scratch,3,sub11-a__0096__airpunch.npy,1,airpunch,1,0.9819173,1,"[-7.28098, 15.62728, 3.23789, 2.94483, -3.52999, 5.13228, -17.65485, 2.23298, 11.61669, -6.69129, -3.58644, -6.1136, 0.67518, 1.2783, -2.30003, -10.71739, 1.76174, 1.64765, -7.8307, -10.48283, -3.15009, 7.34826]"
42,sub11,scratch,3,sub11-a__0097__drink.npy,7,drink,7,0.43720338,1,"[-1.16558, 5.07883, 3.84385, 7.19579, -2.55108, -0.58347, -10.17948, 7.58271, 5.16895, -5.25082, -7.96645, -1.70902, -4.29982, 1.23898, -2.64486, -2.82259, -4.75127, 2.65044, 0.10823, -8.74434, -0.97316, 6.67315]"
42,sub11,scratch,3,sub11-a__0098__drink.npy,7,drink,7,0.750846,1,"[-0.96629, 4.46846, 2.99731, 7.09952, -2.04396, 0.20371, -9.01344, 8.7009, 4.32599, -5.04908, -8.10556, -0.20907, -4.58694, 1.15676, -2.97291, -3.22266, -3.59223, 3.07972, 0.83284, -9.08806, -1.88356, 6.34459]"
42,sub11,scratch,3,sub11-a__0099__drink.npy,7,drink,7,0.6625565,1,"[-1.00676, 4.56811, 3.30188, 7.03501, -2.35193, -0.1315, -9.18263, 8.18323, 4.32718, -4.83506, -7.74979, -0.45186, -4.29039, 1.14397, -2.63085, -3.37469, -3.86631, 2.69867, 0.53656, -8.93941, -1.59512, 6.14528]"
42,sub11,scratch,3,sub11-a__0101__drink.npy,7,drink,7,0.71739805,1,"[-1.44906, 4.21003, 3.27659, 7.03293, -2.6011, 0.49445, -8.91984, 8.41378, 4.29803, -4.93219, -7.66944, -0.34839, -4.07572, 1.05311, -3.00165, -3.03064, -3.94233, 2.8465, 1.53688, -8.90797, -1.6905, 6.10402]"
42,sub11,scratch,3,sub11-a__0102__drink.npy,7,drink,7,0.8158105,1,"[-1.56762, 2.78416, 3.1649, 7.05007, -2.28723, 1.21123, -7.94061, 8.94522, 3.35468, -4.71351, -8.35016, 0.36111, -4.17622, 1.39308, -3.61935, -2.05112, -4.19332, 3.39613, 3.08166, -8.92162, -1.5079, 6.10771]"
42,sub11,scratch,3,sub11-a__0103__brushteeth.npy,3,brushteeth,7,0.68593353,0,"[-0.0776, 5.53833, 2.30535, 7.19582, 0.24712, 0.51614, -10.00323, 8.48987, 3.51885, -3.99237, -8.41249, -0.47067, -5.42821, 1.78259, -2.82277, -4.15661, -0.63667, 2.97768, -2.0223, -8.94936, -2.32915, 6.33648]"
42,sub11,scratch,3,sub11-a__0104__brushteeth.npy,3,brushteeth,3,0.91340834,1,"[0.43653, 3.82195, 3.71896, 8.56729, -1.20896, 1.09222, -8.85479, 5.75505, 1.00756, -2.24645, -5.18685, -5.60642, -5.99754, 4.0602, -1.49851, -0.81975, -3.52606, 1.44427, 1.27772, -5.7439, 0.43469, 2.99168]"
42,sub11,scratch,3,sub11-a__0105__brushteeth.npy,3,brushteeth,3,0.87918174,1,"[0.66394, 4.22192, 3.42096, 8.63943, -0.82505, 1.00773, -9.24646, 6.33685, 1.06859, -2.24396, -5.60049, -4.97319, -6.28787, 4.18127, -1.55835, -1.86435, -2.77329, 1.6423, 0.35871, -6.58097, -0.16352, 3.44029]"
42,sub11,scratch,3,sub11-a__0106__brushteeth.npy,3,brushteeth,3,0.9307503,1,"[0.83802, 3.31361, 3.63375, 8.60421, -1.09477, 1.48851, -8.5174, 5.26056, -0.36005, -1.20145, -4.32588, -5.92516, -6.09997, 4.7942, -1.09209, -0.91671, -2.95792, 1.05806, 1.3735, -5.21064, 0.72469, 2.23194]"
42,sub11,scratch,3,sub11-a__0107__brushteeth.npy,3,brushteeth,3,0.82334787,1,"[0.63331, 4.28659, 3.21664, 8.38972, -0.56112, 0.99625, -9.35185, 6.61583, 1.13954, -2.23547, -5.9133, -4.24084, -6.06328, 3.82451, -1.64704, -2.36884, -2.29986, 1.71916, -0.02431, -6.7714, -0.38749, 3.6387]"
42,sub11,scratch,3,sub11-a__0109__highfive.npy,8,highfive,8,0.7512311,1,"[-4.57259, 9.32987, 5.49137, 2.82533, -6.89434, -6.22968, -11.19146, 4.2608, 13.7987, -9.80378, -8.90492, 3.03284, 0.51073, -3.60035, -3.22125, -5.44685, -6.91694, 2.27371, -3.18745, -12.3466, -2.61296, 12.65713]"
42,sub11,scratch,3,sub11-a__0110__highfive.npy,8,highfive,8,0.8911978,1,"[-5.57822, 13.28561, 6.35499, 2.44486, -9.73111, -6.19888, -10.0163, -0.38513, 15.39172, -11.41328, -4.14228, -5.25449, -0.4724, -3.69526, -1.26115, -0.35582, -11.73345, 0.60779, -0.08025, -4.32946, 1.51037, 7.10535]"
42,sub11,scratch,3,sub11-a__0111__highfive.npy,8,highfive,8,0.886625,1,"[-5.43517, 12.95682, 6.06356, 3.20479, -8.53112, -5.8426, -10.87731, 0.51963, 15.02654, -11.29957, -5.72592, -4.55363, -0.67935, -3.26142, -1.66657, -0.83559, -10.22046, 0.92593, -1.38969, -5.41471, 0.69951, 8.53325]"
42,sub11,scratch,3,sub11-a__0112__highfive.npy,8,highfive,8,0.8527818,1,"[-4.5714, 8.95843, 3.70479, 6.02675, -6.03236, -1.13893, -8.03511, 5.23301, 10.93242, -10.53823, -7.61761, -3.91088, -2.3682, -1.91446, -3.96679, 0.61974, -7.84496, 2.1307, 4.35027, -5.61228, -1.494, 7.05337]"
42,sub11,scratch,3,sub11-a__0113__highfive.npy,8,highfive,8,0.7039282,1,"[-4.27369, 8.58048, 3.08102, 6.34244, -4.86689, -0.39455, -9.12806, 7.7149, 10.36164, -10.04396, -8.48531, -1.39733, -2.5961, -1.58379, -4.24633, -2.70267, -5.09827, 2.61175, 1.88368, -8.24605, -3.0964, 8.5411]"
42,sub11,scratch,3,sub11-a__0115__wave.npy,21,wave,21,0.88751566,1,"[-2.8744, 10.2168, 5.19598, 5.11745, -3.26255, -5.74545, -15.02779, 4.27978, 10.98184, -7.59248, -9.64579, 0.62516, -2.47504, 0.17537, -2.39164, -7.48982, -3.09233, 2.32376, -8.70454, -12.69963, -1.50627, 13.43454]"
42,sub11,scratch,3,sub11-a__0116__wave.npy,21,wave,21,0.94273025,1,"[-2.53018, 10.13268, 4.89069, 4.92418, -2.77598, -6.03426, -14.81062, 4.45362, 10.94092, -7.70078, -10.35884, 1.42675, -2.7998, 0.25957, -2.69254, -7.66871, -2.53333, 2.76659, -9.02231, -13.21143, -1.96179, 14.1151]"
42,sub11,scratch,3,sub11-a__0117__wave.npy,21,wave,21,0.8247982,1,"[-2.16357, 9.30735, 4.61685, 6.27334, -2.44214, -3.94802, -14.27876, 5.64863, 9.01917, -6.81396, -9.10684, -0.50134, -3.75432, 1.13252, -2.33058, -6.94175, -2.77612, 2.47899, -7.10219, -11.82998, -1.51892, 11.46315]"
42,sub11,scratch,3,sub11-a__0118__wave.npy,21,wave,21,0.75396633,1,"[-2.46745, 10.5824, 5.88439, 4.94048, -3.78326, -6.59504, -15.41722, 3.14634, 11.19457, -7.32266, -8.85254, -0.74268, -2.62535, 0.3223, -1.64652, -7.10957, -4.34971, 1.89322, -9.03411, -11.96811, -0.55323, 12.75237]"
42,sub11,scratch,3,sub11-a__0119__wave.npy,21,wave,21,0.8266227,1,"[-2.31762, 9.57472, 5.09355, 5.77675, -2.94269, -5.03194, -14.38251, 4.59465, 9.64735, -6.79611, -8.89759, -0.24928, -3.21935, 0.58679, -2.40446, -6.57053, -3.18673, 2.2258, -7.31589, -11.92725, -1.36951, 11.88651]"
42,sub11,scratch,3,sub11-a__0120__bow.npy,2,bow,2,0.9518712,1,"[-5.33282, 3.31626, 11.75745, -3.88811, -15.51929, -6.43446, -5.65412, -4.92304, 6.41192, -2.92185, -0.81012, 7.25494, 8.25445, -8.10081, 5.14119, -3.57615, -14.14166, -3.13329, -1.42118, -2.37043, 5.95534, 1.02817]"
42,sub11,scratch,3,sub11-a__0121__bow.npy,2,bow,2,0.9745387,1,"[-4.7818, 2.9593, 11.1755, -2.84493, -14.43277, -5.801, -5.77307, -4.48135, 5.43932, -2.30779, 0.37413, 4.20266, 6.22188, -6.93346, 4.29332, -1.26518, -14.56767, -2.89966, 0.84807, -0.91894, 6.87259, -0.03746]"
42,sub11,scratch,3,sub11-a__0122__bow.npy,2,bow,2,0.9694634,1,"[-5.27392, 2.55843, 11.47783, -3.25316, -15.15684, -5.87811, -5.42128, -4.46471, 5.86591, -2.80247, -0.51258, 6.15192, 7.33767, -7.59373, 4.41801, -2.01894, -14.52669, -2.83736, 0.3986, -1.66067, 6.3651, 0.71136]"
42,sub11,scratch,3,sub11-a__0123__bow.npy,2,bow,2,0.9618106,1,"[-4.7447, 2.25228, 10.94718, -3.02345, -14.72978, -5.54571, -5.05655, -4.5161, 5.12034, -2.35139, 0.48125, 4.65919, 6.64291, -7.1716, 4.53445, -1.01357, -14.7699, -2.98597, 1.3709, -0.32235, 7.00709, -0.25017]"
42,sub11,scratch,3,sub11-a__0124__bow.npy,2,bow,2,0.96246666,1,"[-4.67502, 3.06993, 11.50611, -3.52239, -15.11964, -6.69706, -6.18743, -4.58453, 6.50943, -2.9543, -1.18893, 6.74368, 7.47418, -8.00937, 4.59366, -2.57621, -14.499, -2.66089, -0.99396, -2.61871, 6.14085, 1.66555]"
42,sub11,scratch,3,sub11-a__0126__crossarms.npy,5,crossarms,5,0.99863017,1,"[-6.40062, 2.88556, 1.36994, 5.06283, -1.98076, 14.13827, -9.54867, 7.31181, 1.1414, -3.53189, -7.05828, 0.53776, 1.22319, -0.93001, -2.16802, -2.1114, 5.11968, 2.63782, 2.10118, -5.8369, -3.08938, 2.89671]"
42,sub11,scratch,3,sub11-a__0127__crossarms.npy,5,crossarms,5,0.99886644,1,"[-6.24692, 2.43905, 2.08075, 5.4246, -2.99738, 13.80661, -9.26369, 6.67858, 0.64093, -3.26806, -6.16567, -0.25921, 1.07607, -0.66386, -1.6177, -1.59216, 3.74848, 2.21468, 2.8015, -5.15349, -2.35468, 2.14415]"
42,sub11,scratch,3,sub11-a__0128__crossarms.npy,5,crossarms,5,0.999076,1,"[-6.58483, 2.9762, 1.46391, 4.79809, -2.89623, 14.49004, -9.58811, 7.29087, 1.10119, -3.55985, -6.42537, 1.16106, 1.54761, -1.35874, -1.99679, -2.41503, 5.03178, 2.65051, 2.36787, -5.85806, -3.29313, 2.63493]"
42,sub11,scratch,3,sub11-a__0129__crossarms.npy,5,crossarms,5,0.99964833,1,"[-7.38508, 2.29031, 1.59263, 4.25803, -4.01736, 15.1873, -9.10592, 7.02476, 1.5078, -4.14085, -6.20102, 1.54942, 2.64803, -2.20861, -2.08559, -1.4878, 4.45092, 2.62943, 3.73588, -5.06533, -3.14353, 2.45059]"
42,sub11,scratch,3,sub11-a__0130__airpunch.npy,1,airpunch,1,0.9982455,1,"[-4.52289, 17.15132, 4.93874, 3.1829, -2.42981, -1.3584, -16.43035, 0.68397, 10.80113, -5.27661, -3.07095, -8.33865, -2.18183, 2.8102, -0.89288, -10.36362, -3.07637, 0.64031, -9.57458, -8.06293, -0.00404, 4.8546]"
42,sub11,scratch,3,sub11-a__0131__airpunch.npy,1,airpunch,1,0.9982135,1,"[-4.59986, 16.63326, 4.87222, 3.29964, -2.26295, -1.01236, -16.03978, 1.37648, 10.29887, -4.77322, -2.37285, -8.12246, -2.28294, 3.21894, -1.1229, -10.96007, -3.20596, 0.63189, -8.69104, -8.2106, -0.01578, 4.18314]"
42,sub11,scratch,3,sub11-a__0132__airpunch.npy,1,airpunch,1,0.9960145,1,"[-5.92279, 15.66618, 4.12722, 4.05524, -3.41452, 2.94984, -15.3078, 2.24272, 10.13653, -6.3622, -3.30793, -8.72226, -1.61625, 2.29817, -1.36764, -9.03744, -2.49703, 1.02708, -5.94638, -6.92391, -0.5699, 4.0165]"
42,sub11,scratch,3,sub11-a__0133__airpunch.npy,1,airpunch,1,0.9863028,1,"[-6.73147, 15.16421, 4.13285, 4.3348, -3.90889, 3.78839, -15.51359, 2.29898, 10.87578, -7.68099, -5.50458, -7.26426, -0.87057, 1.17698, -1.70261, -7.64252, -1.14326, 1.62414, -6.35579, -7.88476, -1.64146, 6.03537]"
42,sub11,scratch,3,sub11-a__0135__airpunch.npy,1,airpunch,1,0.99052423,1,"[-7.38063, 14.01848, 3.32543, 4.62892, -4.7999, 6.19561, -11.01236, 1.66505, 9.31281, -8.41605, -4.52217, -9.24884, -0.87195, -0.02302, -0.79965, -3.32985, -2.6048, 0.54592, -1.26718, -1.69196, -0.41508, 2.23414]"
42,sub11,scratch,3,sub11-a__0136__drink.npy,7,drink,7,0.7631519,1,"[-2.1199, 4.61175, 2.86096, 6.37773, -2.38035, 0.91289, -9.38019, 8.77963, 4.84863, -5.82828, -9.46226, 1.33883, -2.97855, -0.42796, -2.5521, -3.29377, -2.27225, 3.04334, -0.46177, -8.43735, -1.9172, 7.05095]"
42,sub11,scratch,3,sub11-a__0137__drink.npy,7,drink,7,0.7987156,1,"[-1.97717, 3.62533, 3.29841, 6.75732, -3.45109, 1.31122, -8.45775, 8.5683, 3.67517, -5.02727, -7.94868, 0.82852, -3.46277, 0.42744, -2.63982, -2.63667, -3.65712, 3.02798, 2.19534, -8.41753, -1.62294, 5.78069]"
42,sub11,scratch,3,sub11-a__0138__drink.npy,7,drink,7,0.77624184,1,"[-1.77418, 3.66335, 3.10498, 6.77963, -2.95214, 1.65624, -8.72871, 8.37574, 3.14926, -4.46712, -7.72184, 0.84637, -3.44863, 0.43332, -2.38565, -2.86425, -2.60095, 2.72097, 1.4093, -8.15586, -1.65606, 5.5519]"
42,sub11,scratch,3,sub11-a__0139__drink.npy,7,drink,7,0.7923394,1,"[-1.85809, 4.0365, 3.15482, 6.64871, -3.10598, 1.28108, -8.91736, 8.55502, 3.70505, -5.00248, -8.18027, 1.21632, -3.40601, 0.24229, -2.44064, -3.16214, -2.79405, 2.96465, 0.97241, -8.48779, -1.78855, 6.08118]"
42,sub11,scratch,3,sub11-a__0140__drink.npy,7,drink,18,0.9921293,0,"[0.17322, 0.45813, 0.88845, 5.86649, -1.57224, 2.88755, 1.11314, 6.28991, -1.10509, -2.44004, -5.90352, -3.22937, -4.76281, -0.73207, -3.71415, 7.70819, -5.39742, 2.34247, 12.89442, 0.04989, -0.70463, -2.2376]"
42,sub11,scratch,3,sub11-a__0141__brushteeth.npy,3,brushteeth,3,0.6843183,1,"[1.13225, 1.06351, 3.85612, 7.94707, -2.11116, 0.61612, -2.62741, 3.09456, -1.79313, -1.94093, -3.7135, -8.30382, -6.39476, 3.48925, 0.31675, 6.3283, -6.80729, 0.22504, 6.41456, 1.1872, 2.82132, -1.78721]"
42,sub11,scratch,3,sub11-a__0142__brushteeth.npy,3,brushteeth,3,0.9469606,1,"[0.12698, 3.59589, 4.51003, 8.77951, -3.0656, 1.27521, -8.71818, 4.71863, 0.22481, -2.31213, -3.85191, -5.96286, -5.7339, 4.55635, -0.29255, -0.76786, -4.01892, 1.01067, 1.44338, -5.08608, 1.16299, 2.47404]"
42,sub11,scratch,3,sub11-a__0143__brushteeth.npy,3,brushteeth,3,0.94325423,1,"[0.19734, 3.02746, 4.20055, 9.00046, -1.96262, 1.61766, -8.35363, 5.3712, -0.15162, -2.26777, -4.81034, -6.04908, -6.15295, 5.01059, -0.79886, -0.40748, -3.77293, 1.40094, 1.91748, -4.88031, 1.17767, 2.53282]"
42,sub11,scratch,3,sub11-a__0144__brushteeth.npy,3,brushteeth,3,0.93941915,1,"[0.11798, 3.97578, 4.33771, 8.8661, -1.90146, 0.92682, -8.70342, 5.27716, 0.82986, -2.83447, -5.07529, -6.26281, -6.21857, 4.5781, -0.95978, -0.41893, -4.1549, 1.50076, 1.46753, -5.06682, 1.02757, 2.72465]"
42,sub11,scratch,3,sub11-a__0145__brushteeth.npy,3,brushteeth,3,0.934982,1,"[-0.02586, 4.53713, 4.25768, 8.91193, -2.10971, 1.00941, -9.59107, 5.40061, 1.22573, -3.07306, -5.10655, -5.88184, -5.98841, 4.42563, -0.88473, -1.36419, -3.45606, 1.46989, 0.4463, -5.66463, 0.681, 3.43113]"
42,sub11,scratch,3,sub11-a__0146__highfive.npy,8,highfive,1,0.51969254,0,"[-3.42867, 11.30689, 3.65927, 3.70671, -6.59982, -5.88896, -2.94432, -0.13631, 11.18368, -9.85957, -4.78229, -6.69118, -2.77262, -3.8217, -3.58085, 6.1586, -11.3832, 1.18402, 7.89973, -1.25546, 0.50792, 2.4496]"
42,sub11,scratch,3,sub11-a__0147__highfive.npy,8,highfive,8,0.8911498,1,"[-5.02159, 11.47133, 5.81906, 3.82142, -8.88758, -4.80029, -9.70179, 1.04454, 13.59487, -10.90607, -5.48538, -4.50777, -0.85059, -3.37624, -1.44534, 0.57455, -10.30271, 0.86852, 0.58895, -4.55633, 0.7835, 7.40335]"
42,sub11,scratch,3,sub11-a__0148__highfive.npy,8,highfive,8,0.5620951,1,"[-3.97403, 12.82715, 5.76341, 4.1839, -7.75161, -6.69195, -8.76398, -0.14168, 13.07949, -10.40598, -5.29576, -5.87696, -2.3551, -2.58732, -1.68844, 1.54711, -10.52407, 0.9735, 0.58569, -4.16203, 1.1075, 6.39419]"
42,sub11,scratch,3,sub11-a__0149__highfive.npy,8,highfive,8,0.98078537,1,"[-6.25963, 11.90425, 6.68736, 1.91994, -10.18669, -7.39973, -10.75014, -0.76819, 16.13125, -11.89032, -6.44949, -1.62658, 1.57074, -4.43877, -1.21655, -1.04253, -10.48953, 0.64859, -2.31896, -6.5635, 0.76814, 10.81561]"
42,sub11,scratch,3,sub11-a__0150__highfive.npy,8,highfive,8,0.9578658,1,"[-5.9988, 11.7199, 7.19277, 0.85697, -10.29887, -8.86307, -12.50847, -1.09991, 16.79, -11.11442, -7.38845, 1.46672, 2.78252, -4.98778, -1.10119, -3.41619, -9.25633, 0.81717, -5.87715, -9.72311, -0.19717, 13.51022]"
42,sub11,scratch,3,sub11-b1__0002__turnaround.npy,19,turnaround,19,0.99997616,1,"[4.72599, -4.6763, -1.78405, -2.36055, -3.40955, -0.50474, 10.82619, -2.46039, -8.82433, 3.15856, 4.43836, -6.86867, -0.51681, -4.40781, 7.83836, 11.00524, -9.91262, -4.63019, 9.96509, 22.5572, 9.58386, -14.38535]"
42,sub11,scratch,3,sub11-b1__0003__walk.npy,20,walk,20,0.57412636,1,"[2.70718, -1.80891, 0.39097, -4.0535, -1.42113, 0.56279, 5.70082, -0.12533, -8.50144, 5.77268, 4.21836, -1.14333, -3.50037, 0.88435, 8.33472, -7.31736, -6.78, -0.46916, 3.59931, 12.0665, 12.39307, -10.82855]"
42,sub11,scratch,3,sub11-b1__0004__turnaround.npy,19,turnaround,19,0.99934334,1,"[4.71417, -0.29689, -1.29411, -0.93958, -2.07463, -2.19201, 9.91584, -3.11949, -7.33941, 2.73463, 4.98656, -9.68019, -3.66988, -3.42251, 4.82892, 12.9235, -10.48754, -3.85336, 11.3189, 20.47861, 7.426, -15.20134]"
42,sub11,scratch,3,sub11-b1__0005__walk.npy,20,walk,20,0.8889681,1,"[2.07193, 6.87005, 7.02416, -4.3168, -8.15086, -7.44283, -7.02749, -6.27287, 3.17322, 4.07562, 7.56421, -5.54976, 1.75036, -5.11586, 5.73308, -3.1617, -13.55721, -4.5923, -1.16224, 3.14341, 10.47941, -5.99432]"
42,sub11,scratch,3,sub11-b1__0006__turnaround.npy,19,turnaround,19,0.9999751,1,"[4.21597, -3.9348, -1.55778, -2.67224, -4.44456, -0.56123, 9.96823, -2.77643, -7.4285, 2.98878, 4.71719, -6.57638, 0.19549, -5.29587, 7.78648, 10.32874, -10.32577, -5.01806, 10.08977, 22.09851, 9.90675, -13.96657]"
42,sub11,scratch,3,sub11-b1__0007__walk.npy,20,walk,20,0.9300495,1,"[3.65238, -0.68165, 1.2335, -3.67211, -0.65243, -0.86636, 4.51863, 0.39536, -7.88548, 5.30735, 2.30436, -0.98006, -5.18485, 1.6516, 7.75465, -7.90731, -7.81098, 0.96037, 2.17015, 9.72736, 12.46398, -9.72389]"
42,sub11,scratch,3,sub11-b1__0009__walk.npy,20,walk,20,0.84535354,1,"[2.40639, 6.33318, 5.99768, -4.68798, -8.67282, -5.89803, -5.98814, -5.95771, 2.92219, 4.18828, 9.00979, -6.35175, 2.08373, -5.05113, 5.88288, -3.53444, -13.85545, -4.57883, 0.84116, 3.95367, 10.8749, -7.20831]"
42,sub11,scratch,3,sub11-b1__0010__turnaround.npy,19,turnaround,19,0.9999777,1,"[3.17295, -5.0837, -1.67541, -2.77291, -4.5505, 0.19652, 10.29663, -2.58188, -7.2505, 2.61422, 4.45542, -5.80972, 0.85439, -5.28263, 7.71335, 10.50191, -9.89912, -5.04362, 10.53721, 22.45948, 9.91723, -13.35456]"
42,sub11,scratch,3,sub11-b1__0011__walk.npy,20,walk,20,0.9769265,1,"[4.04111, -0.65471, 1.68752, -3.80211, -1.69727, -1.21666, 4.24536, 0.04347, -7.29106, 5.26083, 2.31484, -0.62356, -5.12682, 0.93021, 7.35637, -7.51714, -8.90321, 1.06498, 3.12693, 8.67587, 12.70653, -9.42427]"
42,sub11,scratch,3,sub11-b1__0012__turnaround.npy,19,turnaround,19,0.9995766,1,"[5.24463, -0.00196, -1.6471, -0.8935, -2.20602, -1.94007, 10.53526, -3.37802, -7.53215, 2.99318, 5.91617, -10.12085, -3.42637, -3.44634, 5.67007, 12.46397, -9.82032, -4.4951, 10.89039, 20.53889, 7.12199, -16.09935]"
42,sub11,scratch,3,sub11-b1__0013__walk.npy,20,walk,20,0.5173701,1,"[3.92335, 5.53312, 4.28446, -4.56303, -6.82729, -4.44522, -4.61349, -5.74234, 0.43085, 6.54118, 11.12329, -8.25183, 1.22306, -3.42202, 5.3357, -3.91963, -12.7871, -4.8282, 2.6996, 5.14075, 11.21424, -9.38503]"
42,sub11,scratch,3,sub11-b1__0014__turnaround.npy,19,turnaround,19,0.9999821,1,"[3.01674, -5.31819, -2.15503, -2.53338, -4.12208, 0.62408, 10.78135, -2.65962, -7.48988, 2.5426, 4.71675, -5.80845, 0.98667, -5.21371, 7.7716, 11.1555, -8.90441, -5.24106, 10.31588, 22.91131, 9.09235, -13.56863]"
42,sub11,scratch,3,sub11-b1__0015__walk.npy,20,walk,20,0.97993165,1,"[4.34809, -0.71652, 1.82409, -4.02645, -2.43827, -1.43347, 4.00545, -0.6682, -7.20284, 5.69879, 3.17549, -0.56934, -4.46655, 0.3812, 7.66634, -7.3215, -9.17285, 0.28658, 3.06251, 8.75148, 12.98689, -9.57442]"
42,sub11,scratch,3,sub11-b1__0016__turnaround.npy,19,turnaround,19,0.99973494,1,"[6.20958, 0.00621, -1.83464, -1.08047, -2.41592, -2.3509, 10.70008, -3.98836, -7.97701, 3.90924, 6.98354, -10.02933, -3.00563, -3.70678, 6.31084, 11.82479, -9.52526, -5.22149, 10.22965, 20.50164, 7.34234, -16.59803]"
42,sub11,scratch,3,sub11-b1__0017__walk.npy,20,walk,10,0.51033884,0,"[4.15516, 2.75126, 3.28501, -4.60836, -6.78347, -2.16611, -2.71866, -5.11944, -1.82865, 8.05856, 11.57073, -6.94995, 1.78728, -3.05212, 6.03361, -4.51519, -11.37915, -4.71461, 4.42734, 5.52941, 11.48896, -10.37304]"
42,sub11,scratch,3,sub11-b1__0018__turnaround.npy,19,turnaround,19,0.9999622,1,"[0.80214, -6.36477, -1.85555, -2.64088, -5.06047, 2.18077, 10.58782, -2.09876, -6.65999, 1.76391, 4.48887, -4.34736, 2.26264, -5.43875, 7.46141, 10.70438, -8.29465, -5.0661, 11.40007, 22.29105, 8.69763, -12.59108]"
42,sub11,scratch,3,sub11-b1__0019__walk.npy,20,walk,20,0.9844748,1,"[3.86732, -1.06208, 2.20757, -4.43558, -3.80121, -1.72168, 3.81466, -1.44211, -6.73401, 5.94016, 4.34841, 0.22332, -3.18755, -0.35003, 7.95974, -7.55212, -9.45271, -0.5719, 3.28199, 8.48434, 13.17261, -9.40912]"
42,sub11,scratch,3,sub11-b1__0020__turnaround.npy,19,turnaround,19,0.99970835,1,"[5.37691, 0.34891, -1.54004, -1.00147, -2.62022, -2.25537, 10.50633, -3.93925, -7.49281, 3.66644, 6.94943, -10.25306, -2.87484, -3.7105, 6.04952, 11.51735, -9.6864, -5.31192, 10.74943, 20.28203, 7.73521, -16.41687]"
42,sub11,scratch,3,sub11-b1__0021__hop.npy,9,hop,9,0.9047513,1,"[9.57942, 2.98271, -1.64177, -1.41648, 9.82283, -6.3204, 2.4992, -5.02676, -7.83149, 13.06391, 7.10412, -1.92037, -5.37491, 1.2376, 9.54857, -5.90803, 7.27996, -3.56913, -12.34651, 1.39425, 1.00634, -9.58309]"
42,sub11,scratch,3,sub11-b1__0022__hop.npy,9,hop,9,0.9314434,1,"[9.33048, 2.56109, -1.89002, -1.35405, 10.02891, -5.28561, 3.0051, -5.16583, -8.35138, 13.46636, 7.57877, -2.35455, -5.30953, 0.81507, 9.50365, -4.96706, 7.84326, -3.62139, -11.16601, 2.21888, 1.26207, -10.45642]"
42,sub11,scratch,3,sub11-b1__0023__hop.npy,9,hop,9,0.8893599,1,"[9.19145, 2.97528, -1.73461, -0.90832, 10.23526, -5.46693, 2.92136, -4.89496, -7.87254, 12.9165, 6.91267, -2.33501, -5.91322, 0.81008, 9.11213, -4.50751, 7.94765, -3.17589, -11.32094, 1.71074, 0.79639, -10.06023]"
42,sub11,scratch,3,sub11-b1__0024__hop.npy,9,hop,9,0.9021058,1,"[9.52436, 3.35393, -1.39823, -0.89952, 10.26562, -5.90069, 2.43716, -4.664, -7.68593, 13.05184, 7.1331, -2.53579, -6.38347, 1.37549, 8.61372, -5.00062, 7.1988, -2.94308, -11.32987, 0.86918, 0.91907, -9.80199]"
42,sub11,scratch,3,sub11-b1__0026__hop.npy,9,hop,9,0.77276355,1,"[7.80393, 2.83864, -0.97153, -0.90883, 8.5642, -5.62493, 3.20774, -4.06214, -6.46691, 11.08266, 5.12258, 0.62982, -5.31987, 0.05786, 9.09772, -5.03367, 7.73312, -2.41788, -11.61672, -0.11298, -0.13396, -8.0877]"
42,sub11,scratch,3,sub11-b1__0028__jump.npy,10,jump,10,0.99089324,1,"[9.97477, 4.08141, -0.46881, -4.27746, -3.46243, -3.18985, -0.04084, -6.37777, -5.81487, 12.59022, 17.36384, -8.59178, 0.29928, -1.46302, 7.6346, -5.92352, -6.02723, -6.7687, 0.96218, 5.87341, 7.48373, -13.98999]"
42,sub11,scratch,3,sub11-b1__0029__jump.npy,10,jump,10,0.9803421,1,"[10.04728, 3.06226, -0.15146, -4.33902, -4.16242, -3.2139, 0.45702, -6.13416, -5.97549, 12.45128, 16.47429, -7.29329, 0.64768, -1.71355, 8.51815, -6.17429, -6.36349, -6.56488, 0.63079, 5.18879, 7.79928, -13.42837]"
42,sub11,scratch,3,sub11-b1__0031__jump.npy,10,jump,10,0.98940533,1,"[9.52845, 2.46092, -0.189, -4.55066, -5.6718, -2.65696, 1.19768, -6.07617, -5.45175, 11.13156, 15.95908, -6.86048, 1.54474, -2.90014, 8.57295, -5.04019, -7.51105, -6.66578, 2.37409, 6.54259, 8.09803, -13.53775]"
42,sub11,scratch,3,sub11-b1__0032__runonspot.npy,13,runonspot,13,0.7712484,1,"[8.42146, 3.6402, 0.55795, 4.00491, 11.51796, -0.86211, -5.66345, 3.1079, -8.25063, 10.31904, 3.26588, -8.40071, -11.83032, 13.03234, 1.83176, -8.72795, 2.60126, 1.66887, -8.0908, -3.1838, 2.40259, -6.59744]"
42,sub11,scratch,3,sub11-b1__0033__runonspot.npy,13,runonspot,13,0.7945685,1,"[8.32982, 3.74996, 0.05815, 4.98799, 11.10525, -0.21136, -4.96777, 4.2992, -8.36112, 9.07792, 2.31998, -7.86929, -11.88173, 12.63953, 2.54264, -9.03643, 3.81402, 1.31789, -8.65244, -2.77987, 1.41388, -6.72317]"
42,sub11,scratch,3,sub11-b1__0034__runonspot.npy,13,runonspot,13,0.7902719,1,"[6.59491, 2.69229, 0.5539, 5.84143, 11.98274, 1.11374, -5.80416, 5.6799, -7.64895, 8.71272, -0.46265, -7.77222, -12.8061, 13.35534, -0.20907, -7.50514, 3.83659, 2.81614, -6.11102, -4.46727, 1.31283, -4.82831]"
42,sub11,scratch,3,sub11-b1__0035__runonspot.npy,13,runonspot,13,0.9805828,1,"[7.78465, 2.57569, 0.63299, 4.94701, 7.81629, 0.73671, -4.89994, 5.24534, -8.23567, 7.64127, 1.94419, -6.54427, -11.01533, 12.82534, 2.77843, -9.61927, 1.5178, 1.97233, -6.83886, -2.99334, 2.03642, -5.83773]"
42,sub11,scratch,3,sub11-b1__0036__runonspot.npy,13,runonspot,13,0.9696473,1,"[8.03264, 3.04113, 0.78097, 4.6178, 7.98748, -0.13686, -5.05341, 4.51614, -8.22905, 8.34365, 2.65452, -6.61311, -10.67832, 12.72291, 3.01447, -10.17034, 1.47385, 1.40439, -7.52111, -3.02005, 2.32, -6.11094]"
42,sub11,scratch,3,sub11-b1__0037__buttkicks.npy,4,buttkicks,4,0.99935156,1,"[6.76463, 1.56326, -0.86451, 1.14623, 21.03769, -3.22864, -0.8376, -1.37845, -8.31927, 13.68059, -1.65693, -5.39121, -10.70179, 6.79929, 2.1445, -2.71175, 9.46912, 0.84262, -10.37961, -0.66077, 2.77927, -7.15746]"
42,sub11,scratch,3,sub11-b1__0038__buttkicks.npy,4,buttkicks,4,0.9995752,1,"[5.91129, 0.82895, -0.50952, 1.29677, 21.75902, -2.43354, -2.01518, -0.8953, -8.14933, 13.99003, -3.58063, -6.3025, -10.84605, 7.64072, 0.0332, -1.7105, 8.28776, 1.45102, -8.15219, -1.06042, 3.66764, -6.05335]"
42,sub11,scratch,3,sub11-b1__0039__buttkicks.npy,4,buttkicks,4,0.99879175,1,"[6.95065, 0.89325, -0.91573, 1.17943, 22.04047, -3.11899, -1.56271, -1.25153, -8.85034, 15.32046, -1.37606, -6.23704, -11.25953, 7.94549, 0.17194, -2.08193, 9.0144, 0.91774, -8.55098, -1.21055, 2.95245, -6.98834]"
42,sub11,scratch,3,sub11-b1__0040__buttkicks.npy,4,buttkicks,4,0.99968314,1,"[6.2893, 1.39677, -0.75627, 1.60101, 22.22791, -2.84718, -1.89156, -0.8765, -8.28112, 14.16149, -2.72804, -6.2981, -11.53109, 8.00636, 0.05461, -2.22386, 9.21756, 1.51622, -8.95242, -1.50979, 2.99162, -6.43288]"
42,sub11,scratch,3,sub11-b1__0041__buttkicks.npy,4,buttkicks,4,0.9992478,1,"[6.66225, 0.69949, -1.40235, 1.12717, 22.88803, -2.44387, -1.46979, -1.32426, -9.13244, 15.69312, -1.61767, -6.75618, -11.09192, 7.90252, -0.38029, -1.66367, 9.76656, 0.79231, -7.95907, -0.72426, 2.99022, -7.27328]"
42,sub11,scratch,3,sub11-b1__0042__airkick.npy,0,airkick,13,0.692642,0,"[9.60519, 1.37253, 0.73846, 3.02711, 6.11848, -1.65822, -1.35734, 3.14065, -9.0721, 8.1993, 2.94223, -4.05577, -10.20313, 10.67629, 5.25001, -8.61633, -0.18904, 1.58661, -6.80105, -1.95164, 3.08025, -6.61601]"
42,sub11,scratch,3,sub11-b1__0044__airkick.npy,0,airkick,0,0.95305705,1,"[14.29031, 3.02921, -1.13514, -1.37692, 4.40741, -6.43481, 4.6048, -4.25604, -8.45588, 10.99757, 7.6542, -5.98068, -6.59464, 1.93303, 9.73524, -3.96151, -3.17013, -2.87882, -5.69599, 3.24182, 5.34704, -11.89477]"
42,sub11,scratch,3,sub11-b1__0045__airkick.npy,0,airkick,0,0.9902232,1,"[15.32711, 2.28222, -0.35605, -2.13291, 0.41292, -7.00612, 4.07565, -4.1754, -7.86802, 9.79753, 7.40921, -5.59759, -5.37146, 1.55516, 10.06156, -4.82194, -7.46557, -2.89735, -3.96309, 3.32434, 7.37507, -10.94425]"
42,sub11,scratch,3,sub11-b1__0046__airkick.npy,0,airkick,0,0.9688572,1,"[14.27641, 2.0846, -0.813, -2.36985, 1.17159, -6.21767, 4.6841, -4.47209, -7.53112, 10.20702, 7.76011, -4.76659, -4.7806, 0.39434, 9.94194, -4.13591, -5.50884, -3.03737, -3.53905, 3.1111, 6.3938, -11.14347]"
42,sub11,scratch,3,sub11-b1__0047__sidekick.npy,14,sidekick,14,0.9627774,1,"[9.58016, 2.08373, -1.28833, -2.55918, 0.04161, -4.58615, 4.73682, -6.04378, -6.61492, 9.55691, 8.6908, -0.28158, 0.15002, -2.8933, 13.70912, -6.06312, 1.81388, -5.31859, -8.95509, 3.92996, 2.5191, -10.45171]"
42,sub11,scratch,3,sub11-b1__0048__sidekick.npy,14,sidekick,14,0.97407216,1,"[9.8999, 2.7283, -0.93816, -2.29911, -0.8975, -4.39965, 3.99334, -5.76617, -6.51986, 9.08357, 8.75632, -1.14548, 0.10461, -2.51269, 14.09601, -7.0364, 0.74455, -5.46656, -9.09298, 3.8919, 3.22044, -10.41683]"
42,sub11,scratch,3,sub11-b1__0049__sidekick.npy,14,sidekick,14,0.83853215,1,"[11.36621, 1.36907, -0.69265, -3.92673, -5.3251, -4.67267, 4.3182, -7.00102, -6.58845, 9.4787, 11.48368, -2.26122, 2.58692, -3.96198, 13.84043, -6.21834, -4.56753, -6.93713, -4.7839, 5.99197, 5.92885, -11.79672]"
42,sub11,scratch,3,sub11-b1__0051__sidekick.npy,14,sidekick,14,0.8117664,1,"[9.4202, 2.37601, -1.08079, -3.74142, -4.54184, -3.57185, 3.41982, -6.96896, -5.54893, 9.27303, 12.39242, -2.09403, 2.93041, -4.26925, 13.94631, -6.86124, -1.64162, -6.91463, -5.76708, 5.33153, 4.21327, -11.64782]"
42,sub11,scratch,3,sub11-b1__0052__crosstoe.npy,6,crosstoe,6,0.998992,1,"[4.17823, -7.20115, -0.76612, -4.41953, -5.46116, -7.68489, 19.31924, -2.78966, -3.49873, 2.02146, -0.98781, 12.38519, 4.24998, -7.0551, 3.28749, 5.0119, -7.43494, -1.43061, 9.015, 2.3345, -1.01749, -5.8888]"
42,sub11,scratch,3,sub11-b1__0053__crosstoe.npy,6,crosstoe,6,0.9997305,1,"[5.26678, -7.72322, -1.51571, -4.44457, -4.92888, -7.27147, 19.40826, -2.99283, -4.3311, 2.80644, -0.22782, 10.94278, 4.2995, -6.84121, 3.35554, 5.70919, -7.60842, -1.85876, 9.62639, 3.46324, -0.44449, -6.70751]"
42,sub11,scratch,3,sub11-b1__0055__crosstoe.npy,6,crosstoe,6,0.99885035,1,"[4.49158, -7.20641, -1.52225, -4.6727, -5.81754, -5.96894, 18.89516, -2.88122, -3.68264, 2.34969, -0.27216, 12.11075, 5.35763, -7.67436, 4.67939, 4.23375, -6.36862, -2.20535, 7.88014, 2.90306, -1.41831, -6.32964]"
42,sub11,scratch,3,sub11-b1__0058__throw.npy,18,throw,18,0.99999845,1,"[2.82866, -2.80419, -4.70067, 0.79543, -3.24946, 3.41987, 10.73103, 3.46238, -0.70005, -0.80018, 3.78438, -4.79524, -1.12977, -1.99, -5.17653, 8.56124, -8.26587, 1.42422, 24.17514, 4.08059, -1.1882, -7.68362]"
42,sub11,scratch,3,sub11-b1__0059__throw.npy,18,throw,18,0.9999747,1,"[7.08577, -1.47893, -5.07962, 2.76295, -0.63986, 3.73128, 9.08543, 3.76839, -3.22996, 1.11275, 3.15794, -9.42288, -4.25562, 0.34411, -3.16273, 7.63228, -8.28388, 0.91816, 20.00535, 4.44849, 0.40588, -8.82212]"
42,sub11,scratch,3,sub11-b1__0060__throw.npy,18,throw,18,0.9655384,1,"[8.03701, 6.06729, -3.20975, -2.03866, -2.65893, -6.74366, 7.34159, -3.99519, 2.50714, 0.06118, 4.44919, -10.14727, -2.23372, -4.19598, -0.75723, 7.86319, -13.4975, -1.55827, 12.39201, 6.66508, 3.80031, -8.89848]"
42,sub11,scratch,3,sub11-b1__0061__throw.npy,18,throw,18,0.9999981,1,"[3.72705, -2.90449, -4.47626, 0.91038, -3.24858, 2.48166, 10.47124, 3.35827, -0.54716, -0.94692, 2.66158, -4.55435, -1.35028, -2.24476, -5.3335, 9.28727, -9.17375, 1.71117, 23.95251, 3.04678, -1.27216, -6.8152]"
42,sub11,scratch,3,sub11-b1__0062__throw.npy,18,throw,18,0.9999964,1,"[3.96012, -1.38216, -4.16234, 1.12675, -2.25874, -0.00027, 10.04099, 2.86042, 1.34585, -1.90586, 1.1404, -4.84188, -2.16513, -2.28103, -6.3079, 9.89462, -9.65603, 2.13938, 23.18226, 1.25012, -1.92566, -5.28686]"
42,sub11,scratch,3,sub11-b1__0063__throw.npy,18,throw,18,0.99986196,1,"[4.6247, 2.63418, -3.2994, -2.51796, -3.78336, -4.93429, 7.59485, -2.68653, 3.92704, -0.78854, 3.89577, -6.13536, 0.15221, -4.50632, -3.36611, 7.99637, -12.19448, -0.5934, 17.45095, 3.97287, 1.61101, -6.40226]"
42,sub11,scratch,3,sub11-b1__0064__walk.npy,20,walk,20,0.6328206,1,"[7.80775, -1.10826, 0.16461, -4.52602, -4.30817, -0.77822, 1.10921, -3.79349, -5.51869, 9.76335, 9.91606, -5.88752, 0.81823, -1.07169, 6.77452, -4.87823, -9.53617, -3.77547, 5.26953, 5.60252, 11.17648, -10.43458]"
42,sub11,scratch,3,sub11-b1__0065__turnaround.npy,19,turnaround,19,0.9999645,1,"[1.19511, -7.01117, -2.85, -2.49995, -4.1594, 2.05852, 11.94098, -2.20954, -7.29587, 1.73493, 4.90108, -4.22502, 2.26387, -4.83182, 7.35802, 11.24308, -7.4669, -5.2007, 11.33021, 22.91414, 7.6733, -12.90801]"
42,sub11,scratch,3,sub11-b1__0066__walk.npy,20,walk,20,0.9460885,1,"[3.20039, -1.34582, 2.12908, -5.16349, -6.97636, -1.58378, 3.59953, -3.27792, -5.5, 6.16523, 7.65862, 1.12037, 0.20993, -2.56446, 9.3072, -7.5434, -9.36447, -3.17601, 3.50139, 8.80496, 12.78763, -9.73951]"
42,sub11,scratch,3,sub11-b1__0067__turnaround.npy,19,turnaround,19,0.9999232,1,"[7.17169, 0.85773, -2.52292, -1.24202, -0.89857, -2.7525, 10.57023, -4.49222, -8.49079, 5.40718, 7.92774, -10.81943, -2.57085, -3.4824, 7.02761, 10.15756, -8.00719, -6.21498, 8.14591, 20.70056, 7.28185, -17.44712]"
42,sub11,scratch,3,sub11-b1__0068__walk.npy,20,walk,20,0.7440282,1,"[6.61205, -1.11958, 0.52859, -4.42595, -5.08885, -0.4527, 1.20257, -3.76064, -5.15346, 9.03623, 10.0667, -6.03964, 1.11384, -1.26872, 6.38046, -4.30757, -10.18505, -3.76588, 6.56242, 6.35314, 11.51786, -10.67432]"
42,sub11,scratch,3,sub11-b1__0069__turnaround.npy,19,turnaround,19,0.99997663,1,"[1.05964, -6.80446, -2.84063, -2.4542, -4.03712, 2.33231, 11.68862, -2.28733, -7.3176, 1.8366, 5.02791, -4.68506, 2.48469, -4.70593, 7.23799, 10.97547, -7.3388, -5.52043, 11.29731, 23.14463, 7.87199, -12.96006]"
42,sub11,scratch,3,sub11-b1__0070__walk.npy,20,walk,20,0.93233544,1,"[2.75946, -1.02427, 2.60302, -5.00934, -8.04782, -1.50764, 3.37548, -3.36858, -4.83815, 5.56168, 8.10666, 1.30606, 0.31809, -2.89934, 9.43535, -7.42939, -9.56933, -3.11813, 3.65584, 8.34667, 12.54736, -9.60472]"
42,sub11,scratch,3,sub11-b1__0071__turnaround.npy,19,turnaround,19,0.99994934,1,"[6.73198, 1.09965, -2.00874, -1.29216, -1.98013, -2.69031, 9.95082, -4.54558, -7.78755, 4.77341, 8.02158, -10.89154, -2.3717, -3.79439, 7.26618, 10.05398, -8.86356, -6.24319, 8.15351, 20.8126, 7.75362, -17.13622]"
42,sub11,scratch,3,sub11-b1__0072__walk.npy,20,walk,20,0.7054027,1,"[6.35344, -1.42767, 0.48077, -4.32265, -5.72212, 0.10244, 1.1097, -3.62641, -5.08835, 8.85839, 10.16908, -5.52675, 1.5554, -1.66553, 6.87521, -4.70613, -9.71268, -3.88072, 6.52828, 6.1352, 11.35933, -10.41206]"
42,sub11,scratch,3,sub11-b1__0073__turnaround.npy,19,turnaround,19,0.99997306,1,"[1.24256, -6.77139, -2.73954, -2.39816, -4.03194, 2.08328, 11.9533, -2.37025, -7.4589, 1.91611, 5.23007, -4.72343, 2.20834, -4.66367, 7.31503, 11.17658, -7.48995, -5.51241, 11.30121, 23.17542, 7.77183, -13.26768]"
42,sub11,scratch,3,sub11-b1__0075__turnaround.npy,19,turnaround,19,0.99994326,1,"[7.24376, 1.1699, -2.26454, -1.15785, -1.32393, -2.835, 10.05307, -4.67347, -8.19411, 5.19459, 7.68345, -10.71471, -2.4245, -3.72701, 7.41731, 10.03072, -8.07481, -6.37021, 7.30843, 20.67898, 7.27309, -17.18868]"
42,sub11,scratch,3,sub11-b1__0077__turnaround.npy,19,turnaround,19,0.99997413,1,"[1.27521, -6.8397, -2.77881, -2.54493, -4.12117, 2.03792, 11.94778, -2.34058, -7.42378, 1.9698, 5.35477, -4.52435, 2.36515, -4.5543, 7.50146, 10.60425, -7.5792, -5.50659, 11.10448, 23.05142, 7.86937, -13.17149]"
42,sub11,scratch,3,sub11-b1__0078__walk.npy,20,walk,20,0.96580106,1,"[2.55486, -0.94816, 3.01737, -4.91468, -8.51947, -1.94611, 2.37938, -3.68573, -4.04761, 5.2294, 8.15847, 1.02246, 0.38872, -3.0548, 8.93977, -6.88152, -10.22039, -3.08833, 3.74273, 7.91413, 12.89723, -8.89332]"
42,sub11,scratch,3,sub11-b1__0079__turnaround.npy,19,turnaround,19,0.9999763,1,"[5.50548, 0.26141, -1.94619, -1.4558, -2.23888, -1.97826, 9.8941, -4.75299, -7.24103, 4.21538, 7.16857, -9.91188, -0.94246, -4.50675, 7.65673, 9.92772, -8.10076, -6.77437, 7.71199, 21.44993, 7.94217, -16.37461]"
42,sub11,scratch,3,sub11-b1__0080__walk.npy,20,walk,20,0.86956406,1,"[6.49237, -1.83205, 0.27628, -4.15449, -5.03134, 0.12978, 1.51034, -3.25738, -5.41817, 8.65321, 9.11759, -5.65287, 0.92749, -0.96249, 6.61822, -4.53928, -9.89066, -3.37858, 6.8157, 6.25036, 11.67797, -10.13475]"
42,sub11,scratch,3,sub11-b1__0081__turnaround.npy,19,turnaround,19,0.99997604,1,"[1.45268, -7.30269, -2.8851, -2.58288, -4.20568, 2.32786, 11.90962, -2.26195, -7.73269, 2.28952, 5.67497, -4.42076, 2.62695, -4.33964, 7.72698, 9.92884, -7.50994, -5.70242, 11.13731, 23.04362, 8.13172, -13.18101]"
42,sub11,scratch,3,sub11-b1__0082__walk.npy,20,walk,20,0.9701417,1,"[3.2828, -1.86904, 2.72027, -5.14921, -7.98606, -2.05961, 2.45119, -3.85977, -4.95033, 6.3109, 8.49051, 0.95852, 0.62739, -2.75768, 8.85035, -6.62645, -10.21456, -3.43862, 3.84609, 8.21532, 13.17363, -9.15094]"
42,sub11,scratch,3,sub11-b1__0083__turnaround.npy,19,turnaround,19,0.9999622,1,"[6.48247, 0.80729, -2.07758, -1.36665, -2.03005, -2.656, 9.9112, -4.95474, -7.46673, 4.57144, 7.5757, -10.35063, -1.52031, -4.27595, 7.58396, 9.99534, -8.36209, -6.71071, 7.43989, 21.0193, 7.70795, -16.63903]"
42,sub11,scratch,3,sub11-b1__0084__hop.npy,9,hop,14,0.47102746,0,"[7.77759, 2.14745, 0.68734, -1.09512, 6.45857, -5.63928, 3.50019, -2.69465, -5.79783, 8.83713, 3.13157, 1.04879, -6.18509, 1.39112, 9.09505, -5.25509, 2.74324, -0.45825, -9.69129, -0.69396, 1.93294, -7.07478]"
42,sub11,scratch,3,sub11-b1__0085__hop.npy,9,hop,9,0.7969081,1,"[8.5417, 1.89908, 0.68707, -2.62598, 3.2155, -4.57057, 1.23354, -3.36399, -5.91332, 10.83112, 7.52684, -0.72379, -3.84172, 2.03198, 8.66654, -8.14204, -0.11726, -1.66526, -6.92709, -1.26156, 3.99868, -7.59914]"
42,sub11,scratch,3,sub11-b1__0086__hop.npy,9,hop,9,0.65756154,1,"[2.89788, -0.75128, 2.5354, -1.50219, 0.99535, -0.48469, -4.04672, -0.05999, -2.32631, 7.58477, 1.49513, -3.25925, -4.07439, 4.43415, 0.06865, -5.20886, -5.70468, 3.20553, 3.23491, -4.30854, 6.74393, -1.67622]"
42,sub11,scratch,3,sub11-b1__0088__hop.npy,9,hop,9,0.8875955,1,"[0.95926, -0.32454, 2.7447, -1.19516, 1.6799, 0.62178, -4.62336, 0.10501, -1.67606, 7.69802, 1.48814, -1.85066, -3.74538, 4.18996, -0.44101, -5.5779, -2.75068, 3.60746, 2.34297, -5.86247, 4.88593, -1.08641]"
42,sub11,scratch,3,sub11-b1__0089__hop.npy,9,hop,9,0.80549085,1,"[1.0533, -2.20482, 1.80825, -1.9945, 0.02926, 2.11799, -3.68297, 0.10389, -2.65995, 7.85155, 1.87379, -1.46947, -1.78124, 3.18405, 0.10429, -5.37658, -3.70306, 2.61953, 4.66855, -3.61869, 6.10496, -1.59793]"
42,sub11,scratch,3,sub11-b1__0090__hop.npy,9,hop,9,0.9521089,1,"[-0.34396, -1.2304, 1.98144, -0.87837, 3.31674, 2.60763, -5.48604, 0.75625, -2.37572, 8.73095, 0.89644, -1.83098, -3.41416, 4.82332, -1.99014, -5.47994, -0.4322, 3.62562, 3.15213, -6.01021, 4.24862, -0.43555]"
42,sub11,scratch,3,sub11-b1__0091__jump.npy,10,jump,10,0.6546306,1,"[9.65126, -1.19369, -1.1135, -4.40129, -5.95735, -1.35594, 3.48933, -4.34883, -5.77486, 9.13017, 11.13406, -4.22702, 1.5165, -2.54647, 8.52309, -3.79487, -8.40702, -4.56988, 4.45878, 6.31987, 8.63752, -11.07026]"
42,sub11,scratch,3,sub11-b1__0092__jump.npy,10,jump,10,0.7678055,1,"[9.12907, -1.69505, -1.2324, -4.53647, -6.79002, -0.89283, 3.92308, -4.39175, -5.70993, 8.77445, 11.44216, -3.68837, 2.32895, -2.88866, 8.73198, -3.89927, -8.42065, -4.86583, 5.11708, 6.80621, 8.54844, -11.21509]"
42,sub11,scratch,3,sub11-b1__0093__jump.npy,10,jump,10,0.4846296,1,"[9.69593, -2.10332, -0.82461, -4.51993, -7.05704, -1.48299, 4.16078, -4.32156, -6.18639, 8.56276, 10.70732, -3.32949, 2.22478, -2.5816, 9.64109, -4.23112, -9.23986, -4.88497, 4.04743, 7.09905, 9.13828, -11.01759]"
42,sub11,scratch,3,sub11-b1__0094__jump.npy,10,jump,10,0.8438625,1,"[8.28515, 0.03196, -0.0779, -4.12264, -4.91761, -1.34828, 1.08061, -4.05773, -5.2719, 10.30281, 12.23512, -4.3217, 0.43285, -0.89653, 7.37636, -5.46288, -6.97943, -3.60646, 3.09983, 3.25003, 7.88692, -10.17109]"
42,sub11,scratch,3,sub11-b1__0095__jump.npy,10,jump,10,0.63686466,1,"[8.95483, -1.47558, -0.62362, -4.44926, -6.01367, -1.22945, 2.97612, -4.05825, -5.83905, 9.33328, 10.93034, -3.92459, 1.4171, -1.98566, 8.26254, -4.29599, -8.60507, -4.24097, 4.53063, 5.79538, 9.04389, -10.61419]"
42,sub11,scratch,3,sub11-b1__0096__runonspot.npy,13,runonspot,13,0.9231906,1,"[7.64034, 1.06821, 1.0251, 3.23628, 5.86037, 0.3554, -1.63989, 5.31837, -8.09623, 6.11817, 0.83969, -4.08307, -11.42484, 10.57649, 2.47477, -6.77908, -1.85557, 4.59854, -2.86296, -2.51107, 3.24418, -5.87227]"
42,sub11,scratch,3,sub11-b1__0097__runonspot.npy,13,runonspot,13,0.9611962,1,"[7.0425, 0.25772, 0.60527, 3.64758, 4.81371, 2.2524, -1.87162, 5.59175, -8.97445, 6.77039, 2.35287, -3.48781, -9.99094, 11.04632, 2.96347, -8.14315, -0.11687, 3.43396, -2.77634, -2.33657, 2.42602, -6.24807]"
42,sub11,scratch,3,sub11-b1__0098__runonspot.npy,13,runonspot,13,0.9836744,1,"[6.34812, -0.28075, 1.01474, 3.88984, 4.97632, 2.60119, -2.98321, 5.94086, -8.70151, 6.6431, 1.08596, -3.25184, -9.98474, 11.71024, 2.11036, -8.38458, -0.47427, 4.08983, -2.433, -3.29922, 2.99025, -4.87918]"
42,sub11,scratch,3,sub11-b1__0099__runonspot.npy,13,runonspot,13,0.9837276,1,"[6.3152, -0.56134, 1.36519, 4.47463, 5.32496, 1.96839, -2.65602, 6.49548, -8.06834, 5.8874, -0.63699, -3.72037, -10.91971, 11.70915, 1.37728, -6.77603, -1.53134, 4.65587, -1.52191, -3.51676, 3.09921, -4.21819]"
42,sub11,scratch,3,sub11-b1__0101__buttkicks.npy,4,buttkicks,4,0.99616265,1,"[6.08994, 1.13064, 0.88467, 0.51076, 15.71503, -3.68154, -1.70946, -0.12782, -5.82044, 10.10315, -4.01712, -4.21274, -10.32489, 6.49524, 1.30961, -3.13547, 2.9884, 3.1962, -6.82093, -2.53664, 5.09596, -3.80371]"
42,sub11,scratch,3,sub11-b1__0102__buttkicks.npy,4,buttkicks,4,0.9969433,1,"[4.67456, 0.51069, 0.85992, 0.71025, 15.9276, -2.33887, -1.54756, 0.15205, -5.94203, 10.09833, -4.62448, -4.27031, -10.00786, 6.59172, 0.42272, -2.22384, 3.3766, 3.50822, -5.2232, -2.30104, 4.88149, -3.92241]"
42,sub11,scratch,3,sub11-b1__0103__buttkicks.npy,4,buttkicks,4,0.9973246,1,"[5.30463, 0.85233, 0.32187, 0.74775, 17.1123, -2.33005, -1.82706, 0.06603, -6.47443, 11.16507, -3.63163, -5.0583, -10.53977, 7.30247, -0.10329, -2.64236, 4.28841, 3.3118, -5.48164, -2.43278, 4.41908, -4.52123]"
42,sub11,scratch,3,sub11-b1__0104__buttkicks.npy,4,buttkicks,4,0.9981147,1,"[5.14855, 1.33459, -0.10394, 1.09281, 17.52904, -1.94782, -1.56912, -0.03824, -6.61388, 11.2338, -2.72327, -4.76961, -10.46975, 6.98477, 0.68571, -2.93678, 6.17884, 2.80128, -6.75698, -2.1612, 3.5908, -5.03025]"
42,sub11,scratch,3,sub11-b1__0106__airkick.npy,0,airkick,0,0.9497338,1,"[12.84496, -0.64609, -0.96236, -3.0256, -0.01876, -4.36159, 4.25206, -2.77223, -7.5418, 9.3388, 5.49937, -3.66846, -4.35462, 1.66501, 7.58463, -5.0423, -7.37006, -1.48645, 0.86352, 2.86537, 8.75964, -8.81027]"
42,sub11,scratch,3,sub11-b1__0108__airkick.npy,0,airkick,0,0.9813921,1,"[13.76892, -0.43089, -1.35854, -2.57761, 0.8299, -4.8469, 4.93765, -3.0372, -7.61111, 8.96193, 4.51383, -4.17506, -4.80476, 0.95563, 8.54298, -3.405, -7.11459, -1.64769, -0.27728, 3.70281, 8.49459, -9.07369]"
42,sub11,scratch,3,sub11-b1__0109__airkick.npy,0,airkick,0,0.98226583,1,"[14.12274, -1.34068, -1.7568, -3.21927, -0.7647, -4.43336, 5.82084, -3.53831, -8.08538, 9.34153, 6.06394, -4.04743, -3.26797, 0.23044, 8.73891, -3.24055, -8.00577, -2.61167, 1.35359, 4.63016, 8.70425, -10.09301]"
42,sub11,scratch,3,sub11-b1__0110__airkick.npy,0,airkick,0,0.96961147,1,"[13.45947, -1.42585, -1.32452, -3.17948, -1.44704, -4.01692, 5.58721, -3.30913, -7.95092, 9.02418, 6.07313, -3.4971, -3.28628, 0.23518, 8.75549, -3.56522, -8.05097, -2.282, 1.66532, 4.37673, 8.78225, -9.8914]"
42,sub11,scratch,3,sub11-b1__0111__sidekick.npy,14,sidekick,14,0.49828637,1,"[11.82923, 1.28475, -0.87056, -0.86719, 0.02408, -3.8658, 4.01665, -2.70045, -7.69012, 8.33253, 6.8454, -1.41143, -3.59671, 1.34238, 11.8596, -7.06651, -1.45496, -2.55453, -7.02544, 0.98725, 3.67565, -8.61694]"
42,sub11,scratch,3,sub11-b1__0112__sidekick.npy,14,sidekick,14,0.8049426,1,"[11.06455, 0.03429, -1.75413, -2.8842, -0.84303, -3.68696, 5.79674, -4.91212, -8.28741, 10.02097, 9.13521, -0.02611, -0.55741, -1.38979, 12.89031, -6.52264, -0.2862, -4.58517, -5.88655, 3.85062, 3.98778, -10.52458]"
42,sub11,scratch,3,sub11-b1__0113__sidekick.npy,14,sidekick,14,0.666449,1,"[11.1852, -0.37084, -1.8545, -2.69953, 1.33291, -3.84755, 6.30528, -4.58065, -8.62571, 10.38112, 7.71189, -0.4106, -1.8758, -0.96717, 12.27495, -5.46254, 0.03234, -3.88508, -5.62076, 3.97199, 4.51741, -10.62082]"
42,sub11,scratch,3,sub11-b1__0114__sidekick.npy,14,sidekick,14,0.7003053,1,"[11.69957, 0.31948, -1.31859, -3.07391, -1.99708, -3.90122, 5.52127, -4.97925, -8.11433, 9.89273, 9.65996, -1.26662, -0.5824, -1.35812, 12.80947, -6.5309, -2.62018, -4.67122, -4.57999, 4.07673, 5.24884, -11.10525]"
42,sub11,scratch,3,sub11-b1__0116__sidekick.npy,14,sidekick,14,0.76615727,1,"[10.98097, -0.72264, -1.14273, -3.41588, -1.27028, -3.6491, 5.90738, -5.02384, -8.54826, 10.46382, 9.07664, -0.12306, -0.3144, -1.52208, 12.73114, -6.30879, -1.95454, -4.60245, -4.40255, 4.12982, 5.50212, -10.97768]"
42,sub11,scratch,3,sub11-b1__0117__sidekick.npy,14,sidekick,14,0.77705264,1,"[11.11157, -0.61066, -1.08058, -3.9176, -3.63737, -3.51655, 5.34834, -5.51537, -7.90111, 10.17718, 10.4645, -0.75231, 1.21046, -2.35384, 13.01658, -6.70494, -3.55447, -5.39886, -3.3535, 4.69416, 6.10104, -11.28823]"
42,sub11,scratch,3,sub11-b1__0118__crosstoe.npy,6,crosstoe,6,0.99789846,1,"[9.30142, -6.71179, -1.86293, -3.6319, -3.67739, -8.3441, 15.78002, -3.23611, -3.88224, 3.27249, -1.01827, 7.99947, 1.44202, -5.90423, 4.2442, 6.28453, -8.18598, -0.80975, 6.08803, 1.82155, 0.31891, -4.96411]"
42,sub11,scratch,3,sub11-b1__0119__crosstoe.npy,6,crosstoe,6,0.9978308,1,"[9.34486, -6.50528, -2.42385, -4.09529, -3.68965, -7.40979, 15.87815, -2.98193, -4.38152, 3.57014, -0.59005, 8.53254, 2.20117, -6.22025, 4.98657, 5.11037, -7.43505, -1.2987, 5.36905, 2.34775, 0.07296, -5.37463]"
42,sub11,scratch,3,sub11-b1__0120__crosstoe.npy,6,crosstoe,6,0.99924064,1,"[8.08945, -6.8177, -2.49723, -4.18435, -3.9924, -7.12532, 16.95719, -2.55757, -4.15847, 3.13917, -0.66029, 9.50295, 2.84671, -6.35463, 4.65554, 4.62541, -7.08892, -1.35903, 6.50113, 2.52179, -0.27732, -5.51557]"
42,sub11,scratch,3,sub11-b1__0121__crosstoe.npy,6,crosstoe,6,0.99902487,1,"[8.77812, -6.89893, -2.68658, -4.06729, -3.6648, -7.17738, 16.59008, -2.55055, -4.26034, 3.34265, -0.55943, 9.03668, 2.39523, -6.05632, 4.74149, 4.59677, -7.19452, -1.24928, 6.1871, 2.40035, -0.12391, -5.36597]"
42,sub11,scratch,3,sub11-b1__0122__crosstoe.npy,6,crosstoe,6,0.99694854,1,"[8.79758, -6.2305, -2.06551, -4.50868, -4.40346, -7.77476, 15.67655, -3.08961, -3.81014, 3.22575, -0.56613, 9.44199, 2.70682, -6.40021, 5.05189, 3.9209, -7.89437, -1.27369, 5.29733, 2.04491, 0.23476, -4.99545]"
42,sub11,scratch,3,sub11-b1__0123__throw.npy,18,throw,18,0.99999774,1,"[3.10842, -5.36868, -5.21048, -0.52641, -3.53837, 3.23194, 10.89927, 2.43325, -1.28008, -0.23923, 3.13005, -4.00639, 0.31439, -2.79062, -3.59868, 9.32057, -9.09484, 1.21251, 24.05481, 5.94563, 1.27157, -7.12252]"
42,sub11,scratch,3,sub11-b1__0124__throw.npy,18,throw,18,0.99999607,1,"[4.46569, -3.34783, -5.25757, 0.65553, -2.56531, 1.98607, 10.57473, 2.19711, -1.45486, 0.06583, 3.36142, -5.84273, -1.55092, -2.01373, -4.34414, 9.77313, -8.75378, 0.87314, 23.40197, 5.04342, 0.33555, -7.38217]"
42,sub11,scratch,3,sub11-b1__0126__throw.npy,18,throw,18,0.99998355,1,"[5.46343, -4.2793, -5.41419, -0.11176, -1.23891, 1.2152, 11.84322, 1.78737, -2.59056, 0.82827, 2.64282, -5.81663, -1.45363, -1.78193, -3.96347, 10.50491, -9.33819, 0.75827, 23.09007, 6.27446, 1.18809, -8.21653]"
42,sub11,scratch,3,sub11-b1__0127__throw.npy,18,throw,18,0.9105926,1,"[9.72749, 3.25873, -5.42187, -2.51765, -1.62813, -4.64888, 7.59843, -3.37739, 0.10946, 1.76699, 5.10092, -9.7149, -1.57023, -3.05047, 0.39964, 5.9838, -11.31521, -2.0603, 12.33327, 7.96067, 4.26293, -8.81159]"
42,sub11,scratch,3,sub11-b2__0001__walk.npy,20,walk,9,0.3891841,0,"[1.59376, -3.86468, 4.36602, -0.4812, -3.19249, -3.82604, 1.29912, -5.45215, -8.25696, 8.62549, 7.12126, -3.52138, -0.66366, -0.09542, 3.2335, 6.07322, -7.33738, -4.76006, 6.99196, 7.02254, 8.46559, -7.65004]"
42,sub11,scratch,3,sub11-b2__0002__turnaround.npy,19,turnaround,19,0.99998033,1,"[4.14426, -3.24733, -2.06199, -1.85929, -2.09195, -0.63511, 10.32047, -3.28187, -8.61037, 3.45123, 5.11044, -8.14716, -0.3951, -3.17556, 7.0222, 11.05823, -8.7347, -5.60543, 9.38844, 22.47933, 8.86, -14.91712]"
42,sub11,scratch,3,sub11-b2__0003__walk.npy,20,walk,19,0.8874258,0,"[11.05003, -1.743, -4.71209, -3.35865, 0.35848, 0.17969, 4.00855, -2.99994, -11.29456, 10.14239, 13.12723, -9.50326, -2.65174, 1.91837, 9.219, -3.7409, -5.53945, -4.6797, 3.32099, 15.43671, 10.6168, -14.34099]"
42,sub11,scratch,3,sub11-b2__0004__turnaround.npy,19,turnaround,19,0.8493242,1,"[2.65734, 0.77145, 0.09556, -1.10317, -0.05621, 0.37781, 0.0909, -1.03535, -7.42024, 4.69289, 2.79418, -9.24324, -4.73065, 2.09462, 6.60799, 0.20081, -6.41883, -0.63803, 3.99551, 12.61894, 10.87171, -9.04318]"
42,sub11,scratch,3,sub11-b2__0005__walk.npy,20,walk,20,0.7726478,1,"[4.94183, -1.8239, 1.99416, -0.01134, 4.42436, -1.44356, -2.72927, -1.93185, -9.16623, 8.30815, 0.68096, -8.52637, -6.67861, 4.72828, 6.64934, 0.05892, -5.36808, -0.18023, 1.01833, 6.40677, 9.88672, -7.00747]"
42,sub11,scratch,3,sub11-b2__0006__turnaround.npy,19,turnaround,19,0.6786343,1,"[11.11775, 4.44739, -1.78092, -1.14068, 4.82957, -3.97722, 2.17513, -1.73926, -8.3183, 6.23439, 4.08218, -14.35215, -9.77278, 4.01582, 6.62475, 1.18345, -9.14568, 0.24359, 1.53223, 12.00723, 9.06737, -12.92939]"
42,sub11,scratch,3,sub11-b2__0007__walk.npy,20,walk,10,0.8777765,0,"[7.28278, -0.00383, -5.29424, -3.77947, -0.59673, 2.90808, 1.08944, -3.17419, -9.26079, 10.55018, 14.03961, -6.55126, 0.0785, 0.35409, 9.53352, -7.35165, 0.44462, -5.11551, 1.18058, 11.6805, 7.82032, -12.12487]"
42,sub11,scratch,3,sub11-b2__0008__turnaround.npy,19,turnaround,19,0.90930974,1,"[3.2724, 0.50337, -0.4722, -0.98119, 0.87979, 0.52421, 0.70042, -0.58269, -7.68876, 4.66552, 2.0587, -9.73777, -5.55084, 1.6527, 5.54348, 2.40913, -6.7849, 0.25953, 5.92822, 12.55763, 10.22382, -9.2625]"
42,sub11,scratch,3,sub11-b2__0009__walk.npy,20,walk,20,0.8595128,1,"[4.96536, 0.40812, 2.18668, -1.1008, 3.62382, -2.43004, -5.26351, -1.8911, -6.46422, 7.39289, 0.16752, -7.90113, -6.11712, 3.79504, 6.83073, -2.99041, -5.88961, 0.34319, -1.5188, 4.31264, 9.77125, -5.38108]"
42,sub11,scratch,3,sub11-b2__0011__walk.npy,20,walk,10,0.8823443,0,"[-0.42992, 1.49007, -3.52308, -4.10918, -3.60482, 6.06498, -1.4138, -1.63758, -6.01775, 7.39281, 12.05974, -0.5979, 3.17756, -1.42799, 9.77055, -11.14483, 4.53601, -3.98361, -0.78799, 8.02362, 5.693, -8.42408]"
42,sub11,scratch,3,sub11-b2__0012__turnaround.npy,19,turnaround,19,0.98126674,1,"[3.71852, 0.647, -2.07094, -1.1306, 2.56393, 1.59791, 2.14518, 0.31496, -8.27397, 4.90359, 1.59278, -10.1173, -6.07394, 1.51601, 5.0237, 2.77031, -5.41168, 0.68523, 7.0267, 13.36222, 9.27059, -10.35647]"
42,sub11,scratch,3,sub11-b2__0014__turnaround.npy,19,turnaround,19,0.91044205,1,"[9.20504, 3.64244, -1.75523, -1.42679, 3.30745, -2.64771, 1.33381, -1.33413, -7.65118, 5.60942, 3.8337, -13.47785, -8.78862, 2.74829, 5.96137, 1.84461, -9.02163, 0.64524, 3.47647, 12.498, 9.6526, -11.79226]"
42,sub11,scratch,3,sub11-b2__0015__walk.npy,20,walk,14,0.67898273,0,"[-2.23997, 1.84937, -2.39526, -3.93395, -4.4138, 6.65382, -1.83332, 0.06798, -4.79021, 4.93787, 7.80719, 2.46643, 2.58571, -2.39138, 9.08635, -11.39148, 4.14411, -1.75206, -0.42419, 5.95242, 5.77331, -6.11262]"
42,sub11,scratch,3,sub11-b2__0016__turnaround.npy,19,turnaround,19,0.9794306,1,"[3.87333, 0.24323, -2.00537, -1.23297, 2.32659, 1.58339, 2.25866, 0.24647, -8.27987, 4.78825, 1.45505, -10.28668, -6.10612, 1.52375, 5.33611, 3.1724, -5.98378, 0.73387, 7.21592, 13.51159, 9.525, -10.32642]"
42,sub11,scratch,3,sub11-b2__0017__walk.npy,20,walk,20,0.8754919,1,"[5.56469, 3.42642, 1.62753, -1.94233, 2.57379, -2.63927, -6.23123, -1.39276, -3.99074, 5.29457, 1.37868, -9.47087, -6.24605, 3.86303, 7.34904, -5.92369, -7.51789, 1.02097, -2.85154, 3.69002, 9.62778, -5.51121]"
42,sub11,scratch,3,sub11-b2__0018__turnaround.npy,19,turnaround,19,0.9697056,1,"[8.13934, 2.65987, -1.7104, -1.5829, 2.8629, -1.80134, 2.05943, -1.00676, -7.83404, 5.19651, 3.40933, -13.03608, -8.27102, 2.22259, 5.91142, 2.67812, -9.28009, 0.6257, 4.7781, 13.71568, 10.08917, -11.9427]"
42,sub11,scratch,3,sub11-b2__0019__walk.npy,20,walk,14,0.75671726,0,"[-2.51528, 1.63759, -1.55257, -4.00008, -5.73711, 6.26223, -2.82042, 0.89912, -3.70969, 3.34373, 5.18156, 3.541, 2.41543, -2.58521, 8.70449, -12.06923, 2.0175, -0.30767, 0.19893, 4.3714, 6.97121, -4.0747]"
42,sub11,scratch,3,sub11-b2__0020__turnaround.npy,19,turnaround,19,0.990931,1,"[4.29071, 0.16299, -2.28303, -1.32073, 2.45853, 1.59806, 2.78243, -0.09712, -8.72672, 5.0237, 1.98175, -10.691, -6.15673, 1.449, 6.04576, 3.65838, -5.72404, 0.29506, 6.9199, 14.34292, 9.52967, -11.06831]"
42,sub11,scratch,3,sub11-b2__0021__hop.npy,9,hop,9,0.47120863,1,"[6.17089, 2.52249, 0.13435, -1.74272, 9.71765, -1.20474, -5.95037, -1.27038, -6.93312, 9.91103, 1.53152, -10.42488, -7.48645, 6.32301, 5.46788, -6.8267, -1.62192, 0.2265, -4.35697, 3.65853, 8.44971, -6.99676]"
42,sub11,scratch,3,sub11-b2__0022__hop.npy,9,hop,4,0.63160026,0,"[6.60801, 3.31487, -0.31637, -1.16579, 10.54926, -0.86133, -6.12733, -0.92882, -6.90833, 9.79825, 1.62726, -11.3593, -8.2749, 6.6875, 5.39166, -6.7225, -0.75545, 0.32501, -4.91289, 3.47228, 7.79073, -7.24389]"
42,sub11,scratch,3,sub11-b2__0023__hop.npy,9,hop,4,0.6415202,0,"[6.80376, 2.61382, -0.21888, -1.56714, 10.7906, -1.72125, -5.8093, -1.06822, -6.92982, 10.01301, 0.68544, -10.13463, -8.09564, 6.24324, 5.25798, -6.37875, -1.09619, 0.51082, -5.06181, 3.23175, 8.06121, -6.58779]"
42,sub11,scratch,3,sub11-b2__0024__hop.npy,9,hop,4,0.46355772,0,"[6.44804, 2.42891, -0.39786, -1.50379, 10.17525, -0.1757, -5.65469, -0.98384, -7.50369, 10.11472, 2.23579, -11.39328, -7.8129, 6.68491, 5.43, -6.53324, -1.19819, 0.23212, -3.73782, 4.40109, 8.26932, -7.85325]"
42,sub11,scratch,3,sub11-b2__0025__hop.npy,9,hop,9,0.50589776,1,"[6.20969, 2.46292, -0.50621, -1.92896, 9.94892, -0.05722, -5.44309, -1.35002, -7.2865, 10.16446, 2.4129, -10.91553, -7.22642, 6.00824, 5.34027, -6.31455, -0.82751, 0.13826, -3.48139, 4.28826, 8.07609, -7.81667]"
42,sub11,scratch,3,sub11-b2__0026__hop.npy,9,hop,20,0.5991009,0,"[7.42274, 5.00502, 0.21335, -2.37295, 3.64663, -2.67947, -5.28436, -1.93966, -4.7145, 6.43337, 4.54608, -11.17192, -6.55805, 4.24238, 7.96259, -7.03704, -6.48987, 0.12631, -3.70874, 4.88482, 9.04179, -7.91207]"
42,sub11,scratch,3,sub11-b2__0027__hop.npy,9,hop,20,0.6782503,0,"[7.32649, 4.51355, 0.23068, -2.30438, 3.92077, -2.4478, -5.29407, -1.77621, -4.9329, 6.52431, 4.23353, -11.25095, -6.73244, 4.5079, 7.74296, -6.82379, -6.63175, 0.2844, -3.2593, 5.04524, 9.25621, -7.84227]"
42,sub11,scratch,3,sub11-b2__0028__hop.npy,9,hop,20,0.66488016,0,"[7.19332, 4.70383, 0.26529, -2.3927, 3.57764, -2.40328, -5.3558, -1.80409, -4.76931, 6.45471, 4.54937, -11.15771, -6.53349, 4.34793, 7.81581, -7.07233, -6.62729, 0.20129, -3.27152, 5.00636, 9.18538, -7.88731]"
42,sub11,scratch,3,sub11-b2__0029__hop.npy,9,hop,20,0.4454487,0,"[7.78309, 4.58612, 0.0393, -2.165, 5.58746, -2.95144, -4.74045, -2.13626, -5.96299, 7.75832, 4.42527, -11.07549, -7.05405, 4.73952, 7.97612, -6.77648, -5.01113, -0.28435, -4.58756, 5.1941, 8.81651, -8.50421]"
42,sub11,scratch,3,sub11-b2__0030__hop.npy,9,hop,20,0.574475,0,"[7.64231, 5.03904, 0.28648, -2.34669, 3.84172, -2.96134, -5.15131, -2.03914, -4.91538, 6.62949, 4.69116, -11.20792, -6.72908, 4.36789, 8.02819, -7.09655, -6.55965, 0.0042, -3.89466, 4.99983, 9.07161, -8.11775]"
42,sub11,scratch,3,sub11-b2__0031__runonspot.npy,13,runonspot,4,0.986819,0,"[10.10869, 6.86452, -2.23186, 2.22638, 15.70136, -2.97853, -6.52656, 1.93153, -7.09921, 8.10047, -0.92379, -12.7471, -12.84432, 10.98045, 5.95779, -9.66033, 2.9359, 1.12324, -12.0159, 1.37475, 4.56608, -6.79077]"
42,sub11,scratch,3,sub11-b2__0032__runonspot.npy,13,runonspot,4,0.7721385,0,"[8.60768, 8.49396, -1.34152, 2.48202, 12.61142, -1.93258, -9.329, 2.29818, -5.13205, 6.44762, -0.29281, -13.66334, -11.67991, 11.25394, 5.43685, -11.46245, 1.18086, 1.19005, -11.62296, -0.01684, 4.46777, -5.41501]"
42,sub11,scratch,3,sub11-b2__0033__runonspot.npy,13,runonspot,4,0.7359649,0,"[8.64213, 8.33811, -1.00735, 2.4968, 12.32112, -2.64582, -8.88045, 2.6485, -4.83033, 5.97483, -1.03278, -13.2632, -12.20195, 11.15519, 5.21855, -11.09741, 0.15023, 1.74764, -11.0214, -0.36551, 4.75807, -5.12329]"
42,sub11,scratch,3,sub11-b2__0034__runonspot.npy,13,runonspot,4,0.69678545,0,"[9.02315, 8.75655, -1.08328, 2.42737, 12.02102, -3.22242, -8.81498, 2.34157, -4.62474, 5.8449, -0.56639, -13.34005, -12.0729, 10.9493, 5.66372, -11.207, -0.04796, 1.41634, -11.60689, -0.05785, 4.6824, -5.24017]"
42,sub11,scratch,3,sub11-b2__0035__runonspot.npy,13,runonspot,4,0.8720561,0,"[9.68971, 7.73089, -1.51933, 2.35005, 13.33416, -2.97313, -7.74965, 2.18081, -5.85754, 6.65748, -0.78964, -13.43611, -12.49187, 11.16974, 5.83461, -10.28681, 0.51892, 1.4981, -11.35195, 0.67459, 4.90202, -5.98983]"
42,sub11,scratch,3,sub11-b2__0037__buttkicks.npy,4,buttkicks,4,0.98969495,1,"[10.11851, 1.50074, -2.4302, -0.63951, 16.57411, -2.14826, -1.21472, -1.37305, -10.77776, 11.81381, -0.10652, -10.48925, -10.52873, 6.62742, 7.5318, -3.73657, 3.25695, 0.22613, -7.82444, 5.90837, 7.21251, -9.79674]"
42,sub11,scratch,3,sub11-b2__0038__buttkicks.npy,4,buttkicks,4,0.9882415,1,"[10.45574, 2.07868, -2.33197, -0.49207, 16.25746, -2.26788, -1.42374, -1.45827, -10.46777, 11.49027, 0.2792, -11.46304, -10.87163, 6.90688, 7.33807, -3.46881, 2.32224, 0.45832, -7.42521, 5.82172, 7.2274, -10.02473]"
42,sub11,scratch,3,sub11-b2__0040__buttkicks.npy,4,buttkicks,4,0.9917828,1,"[10.27581, 1.274, -2.66095, -0.65412, 16.91661, -1.61733, -1.29559, -1.40887, -10.83244, 11.924, -0.16249, -11.26603, -10.45395, 6.69665, 7.19077, -3.08284, 3.00843, 0.28961, -7.16826, 6.22835, 7.36563, -9.91413]"
42,sub11,scratch,3,sub11-b2__0041__airkick.npy,0,airkick,0,0.7001331,1,"[11.77278, 5.24974, -1.16409, -0.82192, 10.48029, -5.34578, -4.56447, -1.27602, -7.97628, 8.97692, 2.69042, -11.36443, -10.67329, 8.86923, 7.84272, -8.71166, -2.93015, 0.74451, -9.24418, 3.33472, 7.65965, -8.10264]"
42,sub11,scratch,3,sub11-b2__0042__airkick.npy,0,airkick,0,0.850819,1,"[11.96706, 6.15782, -1.53648, -0.85691, 9.36655, -4.9872, -3.77809, -1.35508, -7.73831, 8.61468, 4.38946, -11.57651, -10.60157, 7.86425, 8.74662, -8.70895, -2.57913, 0.37406, -9.30164, 3.82457, 6.82072, -9.1207]"
42,sub11,scratch,3,sub11-b2__0043__airkick.npy,0,airkick,0,0.81234384,1,"[11.35718, 6.04109, -0.70459, -0.78017, 7.60425, -5.16619, -3.39727, -0.90339, -7.38083, 7.7575, 4.49479, -10.87686, -10.54003, 8.00408, 9.24806, -9.52805, -3.8418, 0.68238, -8.91025, 3.79177, 7.30514, -9.05108]"
42,sub11,scratch,3,sub11-b2__0045__airkick.npy,0,airkick,0,0.85595936,1,"[11.85253, 6.13831, -1.37057, -1.38247, 6.15229, -3.92025, -2.31919, -1.56208, -7.2186, 7.27203, 5.27675, -11.52227, -9.59615, 5.42923, 9.85085, -7.52618, -4.52347, 0.31314, -7.00566, 5.30519, 7.41384, -10.21965]"
42,sub11,scratch,3,sub11-b2__0046__airkick.npy,0,airkick,0,0.9001087,1,"[12.1794, 5.8817, -1.14511, -1.29661, 6.82546, -4.80005, -2.71877, -1.54875, -7.39826, 7.50649, 4.50256, -11.24696, -9.9696, 6.18904, 9.64695, -7.80876, -4.72272, 0.54207, -7.70058, 4.8766, 7.75191, -9.54307]"
42,sub11,scratch,3,sub11-b2__0047__sidekick.npy,14,sidekick,14,0.7961798,1,"[9.25848, 6.14114, 0.14168, -2.3572, 4.01399, -4.81516, -4.34856, -2.57457, -5.02349, 5.92602, 2.80809, -8.96366, -6.80123, 3.32116, 10.92795, -8.10876, -4.92076, -0.11748, -8.96703, 4.23612, 7.92251, -7.47102]"
42,sub11,scratch,3,sub11-b2__0049__sidekick.npy,14,sidekick,14,0.77676886,1,"[9.07109, 5.65814, 0.54533, -2.58059, 3.25981, -5.66662, -4.65748, -2.68166, -4.23646, 5.50001, 1.67994, -7.68074, -6.19118, 2.41929, 10.6442, -7.38872, -5.7115, -0.09605, -9.03286, 3.67928, 7.91532, -6.12714]"
42,sub11,scratch,3,sub11-b2__0050__sidekick.npy,14,sidekick,14,0.804644,1,"[8.7838, 5.25912, 0.55442, -2.71702, 2.95334, -4.94926, -4.56835, -2.67285, -4.57954, 5.66377, 2.17372, -7.84543, -5.97285, 2.4595, 10.70799, -7.5102, -5.78173, -0.10167, -8.30583, 4.01594, 8.22931, -6.55192]"
42,sub11,scratch,3,sub11-b2__0051__sidekick.npy,14,sidekick,14,0.7472723,1,"[9.61467, 5.94866, -0.63825, -2.0954, 5.15795, -4.45157, -4.35642, -2.65816, -5.37121, 6.31657, 2.91802, -9.60513, -7.00975, 3.39769, 10.8888, -7.34421, -3.738, -0.3669, -9.22274, 4.80843, 7.52413, -7.60738]"
42,sub11,scratch,3,sub11-b2__0052__crosstoe.npy,6,crosstoe,6,0.93919855,1,"[5.31878, -0.8039, -0.93282, -4.30095, -0.42304, -4.29469, 12.0873, -1.29706, -7.75228, 4.16716, 1.66402, 0.55357, -2.51646, -1.72856, 8.42467, -2.68531, -7.4055, -0.88657, 3.39008, 8.72103, 6.21653, -10.99447]"
42,sub11,scratch,3,sub11-b2__0053__crosstoe.npy,6,crosstoe,6,0.85205036,1,"[6.78515, -0.74325, -2.20887, -4.22609, 0.1833, -3.91226, 12.01772, -1.10232, -7.96924, 4.56043, 2.64203, -1.22485, -2.92977, -1.66861, 9.04671, -2.00543, -7.45651, -1.03648, 3.51409, 9.83923, 6.19277, -11.9543]"
42,sub11,scratch,3,sub11-b2__0054__crosstoe.npy,6,crosstoe,6,0.8304143,1,"[7.07558, -0.25142, -2.29641, -4.18111, -0.04798, -4.09371, 12.0547, -1.44792, -7.99883, 4.52065, 2.87745, -1.21777, -2.88896, -1.95104, 9.2531, -1.66635, -7.31744, -1.27325, 2.87252, 10.04645, 5.64406, -12.201]"
42,sub11,scratch,3,sub11-b2__0055__crosstoe.npy,6,crosstoe,6,0.7574141,1,"[6.65508, -0.89987, -2.11187, -4.29932, -0.29936, -4.03162, 11.52769, -1.09643, -7.34055, 4.07413, 2.07602, -1.13294, -2.74739, -2.03696, 9.21085, -1.68823, -8.06734, -0.86326, 3.50255, 9.94749, 6.57973, -11.33729]"
42,sub11,scratch,3,sub11-b2__0056__crosstoe.npy,6,crosstoe,6,0.9404615,1,"[6.24078, -1.81534, -2.26053, -4.54636, -0.50936, -2.93598, 12.51151, -0.60638, -7.96792, 4.29491, 2.39403, 0.9564, -2.15096, -2.32059, 9.11963, -2.31584, -6.86796, -0.63197, 3.9761, 8.87671, 5.44984, -11.3908]"
42,sub11,scratch,3,sub11-b2__0057__crosstoe.npy,6,crosstoe,6,0.9580558,1,"[5.97429, -0.89096, -2.07313, -4.40649, -0.97623, -3.43701, 12.38951, -0.45337, -7.2856, 3.66406, 2.4126, 1.74699, -2.20555, -2.25732, 8.91486, -3.22033, -6.7165, -0.52676, 3.49099, 7.81962, 4.64413, -10.83339]"
42,sub11,scratch,3,sub11-b2__0058__throw.npy,18,throw,18,0.963741,1,"[3.57402, -6.75788, -2.34408, -1.53177, 0.40324, 1.42027, 4.20833, 1.76214, -6.10197, 2.39259, -0.38008, -5.19019, -2.96111, 1.19567, 2.85891, 5.98523, -8.8403, 1.86293, 12.12511, 8.62161, 6.73109, -5.7633]"
42,sub11,scratch,3,sub11-b2__0059__throw.npy,18,throw,18,0.93994933,1,"[-1.37942, -1.81052, 1.96288, -1.03324, -8.69533, -0.48271, -3.7618, -0.07956, 2.25889, -2.29428, 1.83807, -2.73292, -0.07055, 1.38949, 3.64649, -2.02026, -10.13061, 1.13591, 7.78069, -0.79985, 4.35621, 0.92478]"
42,sub11,scratch,3,sub11-b2__0060__throw.npy,18,throw,18,0.9999254,1,"[-1.4593, -5.53894, 0.81355, -1.02389, -7.74926, 3.04287, -0.02756, 2.35107, -0.91503, -0.74395, 1.5227, -0.79818, -0.58586, 0.71414, 1.73254, 1.09797, -9.45914, 2.70449, 14.07762, 0.21866, 3.33683, -1.67808]"
42,sub11,scratch,3,sub11-b2__0062__throw.npy,18,throw,18,0.6497621,1,"[-1.31719, -0.92993, 0.89803, -4.22575, -8.20395, -3.07036, -2.45116, -2.0528, 4.94146, -2.05586, 1.58976, 0.17692, 2.4264, -1.53974, 3.67786, -1.96174, -9.91515, 1.32603, 6.07821, -0.91251, 3.24336, 1.51188]"
42,sub11,scratch,3,sub11-b2__0064__walk.npy,20,walk,14,0.5294732,0,"[1.02244, -0.88794, 1.21491, -1.74466, -4.75116, -1.39681, -4.43841, -1.86569, -1.87954, 3.31954, 4.23086, -3.72841, -1.12035, 3.01601, 5.8056, -4.47146, -6.16477, -0.12826, 2.23394, -0.32727, 5.07238, -1.73566]"
42,sub11,scratch,3,sub11-b2__0065__turnaround.npy,19,turnaround,18,0.88357025,0,"[-4.42957, -3.46329, 3.16923, -2.50847, -8.75953, 2.14141, -2.97578, -0.83732, 2.1373, -2.68341, -1.66603, 2.11921, 2.18892, -4.4281, 3.43099, 3.75123, -8.20488, 1.37428, 8.14354, 4.95324, 5.16504, -0.86541]"
42,sub11,scratch,3,sub11-b2__0066__walk.npy,20,walk,11,0.64327604,0,"[-9.36973, -0.92304, 3.92426, -3.99933, -10.86119, 5.2659, -6.90687, 0.77118, 5.45849, -4.52634, -4.68364, 8.09842, 5.51301, -6.71344, 1.39831, -2.26192, -4.62288, 4.02937, 6.87791, -0.63675, 3.56086, 3.32663]"
42,sub11,scratch,3,sub11-b2__0067__turnaround.npy,19,turnaround,19,0.7170189,1,"[-3.45813, -4.89853, 1.39378, -3.06982, -6.82731, 3.81447, -2.91861, -1.20877, -3.42439, 2.27059, 2.71363, -0.10095, 3.62766, -2.88731, 6.8008, 1.38678, -4.64924, -1.59645, 4.86782, 8.72971, 7.16591, -4.10469]"
42,sub11,scratch,3,sub11-b2__0068__walk.npy,20,walk,14,0.6291919,0,"[1.45379, -0.61554, 0.91538, -1.70307, -4.84053, -1.09713, -4.02624, -1.95831, -2.05774, 3.2694, 4.65232, -4.05572, -1.3078, 2.72756, 6.18253, -4.27084, -5.90131, -0.27105, 2.30083, 0.18912, 4.77479, -2.54769]"
42,sub11,scratch,3,sub11-b2__0069__turnaround.npy,19,turnaround,18,0.9292972,0,"[-6.08571, -2.52777, 3.47693, -2.50875, -9.74307, 2.62413, -3.50637, -0.33755, 3.67073, -3.92816, -1.96335, 2.27791, 2.49235, -4.95017, 2.98493, 3.56275, -8.16427, 1.84167, 8.32113, 4.15511, 4.36198, -0.21688]"
42,sub11,scratch,3,sub11-b2__0070__walk.npy,20,walk,11,0.5940641,0,"[-9.25237, -0.89012, 3.83729, -3.98689, -10.82251, 5.32711, -6.88962, 0.81216, 5.49692, -4.54849, -4.64287, 7.9372, 5.40908, -6.69526, 1.3885, -2.14336, -4.69506, 4.10331, 6.97273, -0.60008, 3.49407, 3.23366]"
42,sub11,scratch,3,sub11-b2__0071__turnaround.npy,19,turnaround,19,0.7442653,1,"[-2.976, -5.78625, 0.84337, -3.47481, -5.84902, 3.55678, -1.71233, -1.28983, -4.00424, 2.91051, 1.39813, 1.09723, 4.14297, -3.89395, 7.32588, 2.11136, -3.63161, -1.90444, 3.85748, 9.02511, 7.05084, -4.02834]"
42,sub11,scratch,3,sub11-b2__0072__walk.npy,20,walk,14,0.59480286,0,"[1.50399, -0.87142, 0.93549, -1.94459, -4.71031, -1.37483, -3.9945, -2.16107, -2.33414, 3.74182, 4.91104, -3.74713, -1.00111, 2.82736, 6.23781, -4.54792, -5.81559, -0.51391, 2.07942, 0.24399, 4.90748, -2.59206]"
42,sub11,scratch,3,sub11-b2__0073__turnaround.npy,19,turnaround,18,0.87618256,0,"[-5.19806, -2.90522, 3.31018, -2.17329, -9.04983, 1.93501, -2.67422, -0.68668, 2.87804, -3.4681, -1.46058, 1.00427, 1.80798, -4.27586, 3.46055, 4.66216, -8.63121, 1.26898, 8.13715, 5.19153, 4.60392, -1.0275]"
42,sub11,scratch,3,sub11-b2__0074__walk.npy,20,walk,11,0.5532646,0,"[-9.14702, -0.83088, 3.81238, -3.95712, -10.70812, 5.32653, -7.04088, 0.80948, 5.50562, -4.50137, -4.62287, 7.71595, 5.31528, -6.65754, 1.39114, -2.12959, -4.68856, 4.13083, 6.88997, -0.58354, 3.54777, 3.20156]"
42,sub11,scratch,3,sub11-b2__0075__turnaround.npy,19,turnaround,19,0.6961752,1,"[-1.1533, -5.02108, 0.29765, -3.73767, -4.40264, 2.27998, -1.89135, -2.15023, -4.77598, 4.14099, 1.20125, 0.7614, 4.18433, -3.86459, 9.04765, 0.7868, -2.47529, -3.00859, 0.22366, 10.0664, 7.39322, -4.54311]"
42,sub11,scratch,3,sub11-b2__0076__walk.npy,20,walk,14,0.63476586,0,"[1.59131, -0.65206, 0.78369, -1.90471, -5.01642, -1.16682, -3.8853, -2.21495, -2.18107, 3.51783, 5.1986, -3.93048, -0.99494, 2.56526, 6.43151, -4.47632, -5.67213, -0.62778, 2.14889, 0.53669, 4.70079, -2.89705]"
42,sub11,scratch,3,sub11-b2__0077__turnaround.npy,19,turnaround,18,0.9325875,0,"[-5.7977, -2.66224, 3.55326, -2.66373, -9.56699, 2.50914, -3.42531, -0.29188, 3.43372, -3.76429, -2.3738, 2.85679, 2.38582, -4.95169, 2.88914, 3.23866, -8.19155, 2.10113, 8.33382, 3.88306, 4.52422, -0.11391]"
42,sub11,scratch,3,sub11-b2__0078__walk.npy,20,walk,11,0.52879274,0,"[-9.04794, -1.18219, 3.85622, -3.97573, -10.58797, 5.21927, -6.94035, 0.81723, 5.49266, -4.5452, -4.91345, 7.69098, 5.32764, -6.62005, 1.34249, -1.78815, -4.98624, 4.19575, 7.02661, -0.55058, 3.71608, 3.34411]"
42,sub11,scratch,3,sub11-b2__0079__turnaround.npy,19,turnaround,19,0.8846086,1,"[-1.39772, -5.96805, 0.2719, -3.64256, -4.20822, 2.12226, -0.65774, -2.1553, -4.74163, 3.80761, 0.83812, 0.28228, 4.02396, -3.97363, 8.70969, 2.64471, -3.2935, -3.15831, 1.56647, 11.04691, 7.59577, -4.72865]"
42,sub11,scratch,3,sub11-b2__0080__walk.npy,20,walk,14,0.527016,0,"[0.95745, -0.65332, 1.29362, -1.90701, -5.83219, -1.18535, -3.93475, -2.27182, -1.47492, 2.80834, 5.25761, -3.88928, -0.66491, 2.22623, 5.99711, -3.79721, -6.57163, -0.62312, 3.044, 0.53849, 4.71588, -2.65556]"
42,sub11,scratch,3,sub11-b2__0081__turnaround.npy,19,turnaround,18,0.9129048,0,"[-6.45735, -2.27755, 3.52262, -2.41828, -9.68026, 2.92391, -3.53592, -0.38421, 3.58523, -3.73445, -1.58892, 2.16931, 2.5557, -4.96697, 3.10803, 3.48164, -7.50541, 1.51572, 8.07951, 4.36118, 4.06522, -0.60945]"
42,sub11,scratch,3,sub11-b2__0082__walk.npy,20,walk,11,0.51711315,0,"[-8.92887, -1.02092, 3.75231, -3.99071, -10.50498, 5.37213, -7.12275, 0.84571, 5.2267, -4.31029, -4.65126, 7.49323, 5.24406, -6.46444, 1.52474, -2.25151, -4.80425, 4.15104, 6.8039, -0.46117, 3.83824, 3.18037]"
42,sub11,scratch,3,sub11-b2__0083__turnaround.npy,19,turnaround,19,0.8358612,1,"[-1.36966, -6.40962, 0.31148, -3.43228, -5.0153, 2.30781, -0.42498, -1.99564, -4.87413, 3.68984, 1.10234, 0.73049, 4.30762, -4.02959, 9.00121, 2.67102, -3.57186, -3.18115, 2.02921, 10.82536, 7.38184, -4.77744]"
42,sub11,scratch,3,sub11-b2__0084__hop.npy,9,hop,14,0.24726745,0,"[1.33346, -1.83956, 1.48447, -1.43059, -3.062, -1.20597, -2.97431, -2.19783, -3.70834, 4.76411, 5.05836, -4.50165, -1.70205, 3.89463, 5.15243, -3.14698, -5.73739, -0.89944, 3.51229, 1.17097, 5.04943, -3.60471]"
42,sub11,scratch,3,sub11-b2__0085__hop.npy,9,hop,9,0.4540588,1,"[0.22026, -1.96397, 0.88883, -1.2037, -1.55148, 0.92173, -3.57661, -1.81244, -4.2182, 5.92923, 5.40673, -4.72192, -1.53851, 4.28052, 4.0894, -3.40017, -2.59603, -0.9466, 3.73938, 0.72932, 3.80885, -3.64198]"
42,sub11,scratch,3,sub11-b2__0086__hop.npy,9,hop,9,0.6402919,1,"[0.46348, -2.40583, 0.69295, -0.44026, 0.02733, 1.71041, -3.32679, -1.39485, -5.13314, 6.51945, 4.63349, -5.51605, -2.53761, 4.87778, 3.77559, -2.53326, -1.63221, -0.74405, 3.88763, 0.94879, 3.68309, -3.99401]"
42,sub11,scratch,3,sub11-b2__0087__hop.npy,9,hop,9,0.705037,1,"[0.58959, -2.4624, 0.54227, -1.01044, 0.06089, 0.97683, -3.53691, -1.74587, -5.0546, 6.91276, 4.9433, -5.11173, -2.00226, 4.95785, 3.61598, -2.99355, -1.97019, -0.88149, 3.63694, 0.81671, 3.94821, -3.57723]"
42,sub11,scratch,3,sub11-b2__0088__hop.npy,9,hop,9,0.8030911,1,"[0.0913, -2.7516, 0.62853, -0.96598, 0.58103, 1.54683, -3.55841, -1.55173, -5.25431, 7.26808, 4.58173, -4.57279, -1.91296, 5.01105, 3.48872, -3.36863, -0.62206, -0.86175, 3.27075, 0.46207, 3.45999, -3.53871]"
42,sub11,scratch,3,sub11-b2__0090__jump.npy,10,jump,10,0.47364017,1,"[1.48385, -0.72637, 1.2251, -1.901, -6.22332, -1.18121, -2.80784, -2.59295, -1.92878, 2.81326, 6.26634, -3.9324, -0.62859, 1.85358, 5.99934, -2.98871, -7.09082, -1.05061, 3.96969, 1.41985, 4.51989, -3.76802]"
42,sub11,scratch,3,sub11-b2__0091__jump.npy,10,jump,10,0.509603,1,"[1.75077, -0.45692, 1.26836, -1.98847, -6.10009, -1.63222, -2.74686, -2.64826, -1.8442, 2.86385, 6.35229, -4.10817, -0.87289, 1.96043, 5.90658, -3.00769, -7.45362, -1.01595, 3.90776, 1.413, 4.55138, -3.9069]"
42,sub11,scratch,3,sub11-b2__0092__jump.npy,10,jump,10,0.5592386,1,"[1.93521, -0.43068, 1.14747, -1.93357, -5.65263, -1.63585, -2.91982, -2.67582, -2.19545, 3.30989, 6.6179, -4.49463, -0.9959, 2.33385, 5.96787, -3.24917, -7.19261, -1.18294, 3.66481, 1.53733, 4.66067, -4.07606]"
42,sub11,scratch,3,sub11-b2__0094__jump.npy,10,jump,10,0.5908015,1,"[1.63262, -0.49668, 1.12344, -2.0492, -6.12149, -1.25084, -2.76913, -2.66858, -1.9454, 3.02763, 6.73617, -4.17173, -0.65399, 1.85792, 5.99807, -3.08879, -7.08981, -1.19603, 4.01536, 1.62648, 4.41614, -4.18365]"
42,sub11,scratch,3,sub11-b2__0095__jump.npy,10,jump,10,0.49987927,1,"[1.86812, -0.61304, 1.27361, -2.0611, -6.0613, -1.6691, -2.7905, -2.63131, -1.9182, 2.90734, 6.34516, -4.23873, -0.82877, 2.09127, 5.85026, -2.93362, -7.88304, -1.00864, 4.11983, 1.55635, 4.7699, -3.925]"
42,sub11,scratch,3,sub11-b2__0096__runonspot.npy,13,runonspot,5,0.99349195,0,"[-1.08408, -2.04725, -2.77611, 2.02036, 1.03388, 14.26485, -3.91973, 7.28273, -7.87884, 4.5454, 2.56156, -4.5078, -3.31765, 8.96717, 0.84218, -8.97315, 4.74113, 2.58957, 6.58147, -1.5247, -1.0057, -4.88284]"
42,sub11,scratch,3,sub11-b2__0097__runonspot.npy,13,runonspot,13,0.9474326,1,"[4.99755, -0.00824, 0.5374, 1.94544, 1.75656, -0.8208, -4.31139, 0.8464, -7.47579, 7.06745, 4.68298, -8.37829, -6.49534, 10.3449, 5.34806, -7.38459, -3.54457, -0.59352, -0.73125, 0.39377, 4.17613, -5.31495]"
42,sub11,scratch,3,sub11-b2__0098__runonspot.npy,13,runonspot,13,0.9501382,1,"[4.72513, 1.14255, 0.44677, 1.67208, 1.25345, -0.89705, -5.53239, 0.40954, -6.59849, 6.90426, 5.72963, -8.93103, -5.90853, 10.39475, 5.40622, -8.63945, -3.38327, -1.01539, -1.62812, 0.01076, 4.06785, -5.03733]"
42,sub11,scratch,3,sub11-b2__0101__runonspot.npy,13,runonspot,13,0.969385,1,"[4.29172, 0.22771, -0.11469, 2.54999, 2.54465, 1.38556, -5.04803, 1.50656, -7.46589, 7.0494, 4.4969, -9.06478, -6.15594, 10.78177, 4.93099, -8.16063, -1.41308, -0.67711, -1.00956, -0.14258, 3.34945, -5.05716]"
42,sub11,scratch,3,sub11-b2__0102__buttkicks.npy,4,buttkicks,9,0.83094096,0,"[4.83113, -2.1639, -1.81974, 0.20421, 5.7593, -0.98809, -0.11295, -2.56735, -7.46403, 8.65989, 2.29535, -5.84317, -5.03887, 4.37508, 6.36673, 0.02757, 2.84186, -1.13873, -1.31317, 3.29717, 2.36466, -5.83986]"
42,sub11,scratch,3,sub11-b2__0103__buttkicks.npy,4,buttkicks,9,0.7608805,0,"[3.80813, -2.37226, -1.29188, -0.19049, 3.42971, -0.31538, -0.57298, -2.52025, -6.56489, 7.67093, 3.17612, -5.23602, -3.8869, 3.5366, 6.19462, 0.01308, 1.5604, -1.1722, 0.20562, 3.30733, 2.53037, -5.61166]"
42,sub11,scratch,3,sub11-b2__0104__buttkicks.npy,4,buttkicks,9,0.5970207,0,"[4.33309, -1.99449, -1.38596, -0.07283, 3.71638, -0.93553, -0.28675, -2.65779, -6.42602, 7.44507, 2.47256, -5.07079, -4.28038, 3.32161, 6.85464, -0.03935, 1.80165, -1.00521, -0.86652, 3.31115, 2.50753, -5.51455]"
42,sub11,scratch,3,sub11-b2__0105__buttkicks.npy,4,buttkicks,9,0.88065726,0,"[4.72396, -2.87626, -2.28233, -0.24683, 5.74269, -0.32476, -0.2613, -2.48334, -7.68944, 9.01738, 2.30441, -5.33258, -4.24835, 4.13621, 6.31296, -0.23325, 3.1074, -1.16321, -0.95511, 3.38432, 2.53993, -5.65304]"
42,sub11,scratch,3,sub11-b2__0106__buttkicks.npy,4,buttkicks,9,0.85527295,0,"[4.12175, -3.0673, -1.88535, -0.16029, 5.72463, -0.03698, 0.09576, -2.26596, -7.78623, 8.94925, 1.85281, -4.57316, -4.30772, 3.81584, 6.67565, -0.42068, 3.72263, -1.1382, -1.20546, 3.49343, 2.47665, -5.89466]"
42,sub11,scratch,3,sub11-b2__0107__airkick.npy,0,airkick,14,0.45872596,0,"[5.22736, -0.4739, 0.76988, -0.84932, -2.55864, -3.27593, -1.98876, -2.31469, -4.73632, 4.71127, 5.53625, -5.79093, -4.13213, 4.5035, 6.5118, -2.74306, -6.83657, -0.76286, 1.80031, 2.39994, 4.87823, -5.3818]"
42,sub11,scratch,3,sub11-b2__0108__airkick.npy,0,airkick,14,0.45338622,0,"[3.61313, -2.14151, 1.20102, -0.9927, -5.12676, -1.86732, -1.07127, -2.01885, -4.65349, 4.12395, 6.55036, -4.19961, -2.49321, 3.3645, 6.75641, -2.07585, -7.23679, -1.19421, 4.1084, 3.30132, 4.75366, -5.6908]"
42,sub11,scratch,3,sub11-b2__0109__airkick.npy,0,airkick,18,0.5170441,0,"[3.16136, -4.45386, 1.45672, 0.63645, -5.30182, 1.44907, 0.07443, 0.8894, -6.71725, 3.85464, 5.00736, -3.33877, -3.5049, 4.43792, 6.02882, -1.67197, -7.24188, 0.06467, 6.80049, 3.15237, 4.3849, -6.03253]"
42,sub11,scratch,3,sub11-b2__0110__airkick.npy,0,airkick,14,0.4124046,0,"[2.05943, -2.9517, 2.16585, -1.71628, -7.46252, -1.88226, -0.89855, -2.00263, -2.96152, 2.45328, 5.58252, -2.08297, -1.22633, 1.81146, 6.29332, -1.38395, -9.12723, -0.55561, 5.67092, 3.17257, 5.03887, -4.61993]"
42,sub11,scratch,3,sub11-b2__0111__airkick.npy,0,airkick,18,0.7861555,0,"[3.03604, -6.2405, 1.36296, 0.31725, -5.44933, 2.72753, 1.62817, 1.82145, -8.25793, 4.63049, 5.23191, -1.21802, -3.37475, 4.40189, 5.93146, -1.79923, -6.73634, 0.54401, 8.09301, 3.49122, 3.99167, -7.10485]"
42,sub11,scratch,3,sub11-b2__0112__sidekick.npy,14,sidekick,13,0.4737019,0,"[7.50878, 1.56281, -0.67201, 1.29457, 2.3339, -3.34822, -3.59043, -0.43206, -7.89035, 7.72042, 4.81814, -7.56857, -6.29957, 9.1087, 8.65964, -9.03348, -1.81078, -1.50798, -5.90973, 1.15175, 3.82719, -6.06529]"
42,sub11,scratch,3,sub11-b2__0113__sidekick.npy,14,sidekick,14,0.8813642,1,"[6.18452, 0.57092, -0.23546, -1.21682, -3.39386, -3.83721, -2.07499, -3.38429, -4.82789, 5.51989, 6.39014, -5.80663, -2.73972, 3.26426, 9.31266, -4.76403, -5.17688, -2.2073, -1.70304, 2.6868, 4.75396, -5.81786]"
42,sub11,scratch,3,sub11-b2__0115__sidekick.npy,14,sidekick,14,0.90076196,1,"[4.30894, 0.1426, 0.00719, -1.77378, -5.16744, -2.66271, -2.10002, -3.30869, -3.50602, 4.38828, 6.69938, -4.74743, -1.17919, 1.86372, 9.19839, -4.54022, -5.4097, -2.22476, -0.31078, 2.8276, 4.55112, -5.4961]"
42,sub11,scratch,3,sub11-b2__0116__sidekick.npy,14,sidekick,14,0.80565864,1,"[5.32303, 0.66565, -0.01243, -1.27061, -4.61211, -3.59003, -2.22652, -3.22711, -3.27613, 3.9733, 6.30183, -6.02208, -2.46935, 2.61683, 8.28674, -3.46302, -6.95754, -1.63864, 0.24466, 2.36547, 4.82629, -5.07958]"
42,sub11,scratch,3,sub11-b2__0117__crosstoe.npy,6,crosstoe,14,0.47652727,0,"[3.54672, -3.37356, 3.2217, -2.62327, -7.63751, -4.86201, 1.68959, -3.23011, -3.70062, 2.62047, 3.24749, 0.15443, -0.47307, 0.07683, 6.87921, -0.78124, -11.5605, -0.97566, 4.86883, 2.94052, 6.69699, -4.90839]"
42,sub11,scratch,3,sub11-b2__0118__crosstoe.npy,6,crosstoe,20,0.4846861,0,"[4.4615, -3.83107, 3.33052, -2.2743, -7.06725, -5.53114, 2.72103, -3.34456, -4.44238, 2.53828, 3.13036, -0.19844, -1.55596, 0.22279, 6.46128, 1.08508, -12.37025, -0.81678, 5.88106, 3.76889, 7.03922, -5.52819]"
42,sub11,scratch,3,sub11-b2__0119__crosstoe.npy,6,crosstoe,20,0.41610113,0,"[4.35599, -3.2221, 3.29587, -2.44383, -7.52927, -5.19206, 2.42393, -3.39788, -4.05907, 2.35179, 3.53436, -0.18918, -1.30536, -0.04047, 6.46458, 0.49345, -12.37056, -0.73866, 5.82056, 3.36335, 6.72887, -5.67015]"
42,sub11,scratch,3,sub11-b2__0120__crosstoe.npy,6,crosstoe,20,0.4417387,0,"[4.30401, -3.73921, 3.65388, -2.66113, -8.02417, -5.49045, 2.57934, -3.5362, -3.96802, 2.21771, 3.20898, 0.70102, -1.06442, -0.32334, 6.58212, 0.56531, -12.63982, -0.70829, 5.74887, 3.08502, 6.87496, -5.22592]"
42,sub11,scratch,3,sub11-b2__0121__crosstoe.npy,6,crosstoe,14,0.3930274,0,"[4.78628, -4.04186, 3.47207, -2.63342, -7.97103, -5.80094, 3.64617, -3.51307, -4.63059, 2.75958, 3.66292, 1.14943, -0.93742, -0.41699, 6.89921, 0.35807, -12.52854, -1.08265, 5.94998, 3.50484, 6.76034, -6.13152]"
42,sub11,scratch,3,sub11-b2__0122__throw.npy,18,throw,18,0.9998241,1,"[1.09372, -4.8714, -1.07666, -0.78614, -5.66412, 3.56092, -0.04662, 2.69409, -1.97116, 0.06372, 2.17006, -3.16912, -1.52834, 2.2555, 1.39455, 0.47889, -8.57415, 2.61256, 13.34179, 0.69164, 2.61513, -2.18139]"
42,sub11,scratch,3,sub11-b2__0123__throw.npy,18,throw,18,0.99980503,1,"[0.54147, -5.47595, -1.35758, -0.87314, -5.53229, 4.17754, -0.0706, 2.91845, -1.63963, -0.15562, 1.78253, -2.87407, -0.80949, 1.9805, 1.38071, 0.50458, -8.20229, 2.58974, 13.45988, 1.02977, 2.55623, -1.81615]"
42,sub11,scratch,3,sub11-b2__0124__throw.npy,18,throw,18,0.9999378,1,"[0.22989, -5.87309, -0.66384, -1.0101, -6.21952, 4.09741, 0.90061, 2.73341, -2.17259, -0.09254, 1.88007, -2.16367, -1.12006, 1.27558, 1.44779, 1.82531, -8.92562, 2.66993, 14.61808, 1.63803, 2.83195, -2.95216]"
42,sub11,scratch,3,sub11-b2__0125__throw.npy,18,throw,18,0.9996916,1,"[0.1051, -5.24526, -2.20558, -1.0469, -5.10774, 5.2519, 0.25414, 3.38498, -1.3622, -0.43597, 1.87431, -2.69251, -0.08262, 1.98669, 1.01291, -0.28403, -6.80403, 2.67789, 13.65973, 0.61579, 1.5881, -1.6481]"
42,sub11,scratch,3,sub11-b2__0126__throw.npy,18,throw,18,0.99986815,1,"[-0.09888, -5.46541, -1.43115, -1.54339, -6.35081, 4.79324, 0.81639, 3.2918, -1.66929, -0.34121, 2.14426, -1.53212, -0.15153, 1.30695, 1.29513, -0.08326, -7.96019, 2.9066, 14.22268, 0.78527, 2.02508, -2.39013]"
42,sub11,scratch,3,sub11-b2__0127__throw.npy,18,throw,18,0.998978,1,"[-0.02868, -4.18167, -1.43452, -0.66934, -6.18926, 5.03006, -0.86443, 4.15668, -1.1765, -0.99651, 1.16069, -2.155, -0.69468, 2.30022, 1.27751, -2.02431, -7.42761, 3.02557, 12.4612, -0.54038, 1.68265, -0.94987]"
42,sub11,scratch,3,sub11-c__0001__sit.npy,15,sit,15,0.99906665,1,"[3.34654, -3.49999, -0.61969, -0.37918, -1.4895, -0.25995, 9.891, -0.80727, -3.22958, -1.91519, -3.52995, -6.17722, -5.5112, -3.57252, -0.08016, 21.57043, -11.91192, 3.52717, 14.52694, 11.71996, 2.82807, -8.55243]"
42,sub11,scratch,3,sub11-c__0002__stand.npy,17,stand,17,0.98440385,1,"[0.84112, 4.86774, 4.04717, 0.67222, -2.42338, -0.80461, -3.95472, 1.62857, 3.09461, -2.40668, -8.13211, -1.71602, -9.15564, 1.41161, -2.93832, 1.87106, -9.70386, 10.14327, 4.89192, -6.78928, 3.42287, 2.15974]"
42,sub11,scratch,3,sub11-c__0003__turnaround.npy,19,turnaround,19,0.99993837,1,"[6.04129, 0.16286, -1.97686, -1.61288, -2.61955, -2.33751, 9.42248, -4.60795, -7.52912, 5.00524, 8.45935, -10.4686, -1.55649, -3.95037, 6.75165, 10.14068, -9.27042, -6.58281, 9.4271, 20.7207, 8.56833, -16.42862]"
42,sub11,scratch,3,sub11-c__0004__sit.npy,15,sit,15,0.9998964,1,"[4.4776, -1.66743, 0.05077, -0.01175, 2.09925, -2.35439, 9.14517, -0.92826, -2.88357, -0.7324, -6.74698, -7.05731, -7.50591, -2.48212, -1.99226, 22.40109, -11.49482, 4.81687, 13.20265, 8.07025, 1.8894, -7.53904]"
42,sub11,scratch,3,sub11-c__0005__stand.npy,17,stand,17,0.9911282,1,"[1.99245, 5.59788, 3.621, 1.28048, -0.47305, -0.94029, -4.04441, 2.15381, 2.39359, -1.9039, -9.52762, -2.1087, -10.32181, 2.50557, -3.50085, 1.71114, -8.94425, 10.76697, 3.90062, -7.88605, 2.34081, 2.06333]"
42,sub11,scratch,3,sub11-c__0006__turnaround.npy,19,turnaround,19,0.9998715,1,"[6.47182, -0.78713, -2.41195, -1.51641, -1.53661, -2.34065, 10.90889, -4.14309, -8.59563, 5.13231, 7.85624, -10.31559, -2.37247, -3.36523, 6.19895, 11.23849, -9.19729, -5.88503, 10.38253, 21.00328, 8.07937, -16.81857]"
42,sub11,scratch,3,sub11-c__0007__sit.npy,15,sit,15,0.999897,1,"[4.73508, -1.23189, -0.16946, 0.11337, 2.79016, -2.40644, 9.2848, -0.90055, -3.4324, 0.04158, -6.43818, -7.51098, -7.78286, -2.26985, -2.12013, 22.16095, -10.88215, 4.50548, 12.9428, 8.47782, 1.72616, -8.19844]"
42,sub11,scratch,3,sub11-c__0009__turnaround.npy,19,turnaround,19,0.99976915,1,"[7.00498, -0.47243, -2.604, -1.1166, -0.80278, -2.43412, 11.05803, -4.00588, -8.91913, 5.22344, 7.24313, -10.59532, -3.09683, -3.02312, 5.92414, 11.72369, -8.79258, -5.61309, 10.21639, 20.6713, 7.51277, -16.90642]"
42,sub11,scratch,3,sub11-c__0010__sit.npy,15,sit,15,0.9997527,1,"[3.91437, -2.09508, -0.21764, -0.06228, 2.40517, -1.72439, 9.79412, -0.80318, -3.54084, -0.33563, -6.04238, -7.30443, -7.26883, -2.42018, -1.88667, 22.28323, -11.06623, 4.2556, 13.95184, 9.47568, 2.30358, -8.3469]"
42,sub11,scratch,3,sub11-c__0011__stand.npy,17,stand,17,0.99339217,1,"[1.28692, 5.15018, 3.64158, 1.14595, -0.97276, -0.16838, -3.65189, 2.50782, 2.50557, -2.18345, -9.12242, -1.49169, -10.19719, 1.98697, -3.82705, 2.09609, -8.95945, 11.14819, 5.24236, -7.9134, 2.01302, 1.84682]"
42,sub11,scratch,3,sub11-c__0012__turnaround.npy,19,turnaround,19,0.99989104,1,"[5.91995, -0.92052, -2.1359, -1.64674, -1.97543, -2.11913, 10.79397, -3.97351, -8.27761, 4.91234, 7.61748, -9.95728, -2.28233, -3.53214, 6.50051, 10.41361, -9.42082, -5.78139, 10.65188, 20.92497, 8.66819, -16.71453]"
42,sub11,scratch,3,sub11-c__0014__stand.npy,17,stand,17,0.9945321,1,"[1.96744, 5.09692, 3.55728, 1.32077, 0.06067, -0.86296, -3.99714, 2.16027, 2.1899, -1.80156, -9.83216, -2.15622, -10.36952, 2.64151, -3.655, 2.26667, -8.80138, 10.98975, 4.00241, -7.79926, 2.28248, 2.16411]"
42,sub11,scratch,3,sub11-c__0015__turnaround.npy,19,turnaround,19,0.99994254,1,"[6.62263, -0.45573, -1.69525, -1.68371, -1.74602, -2.76649, 9.66027, -4.40732, -8.39981, 5.37166, 7.88675, -10.7077, -2.78347, -2.94564, 6.73822, 9.85853, -10.07787, -5.90026, 9.56031, 20.86826, 9.46271, -16.55631]"
42,sub11,scratch,3,sub11-c__0016__squat.npy,16,squat,16,0.9994942,1,"[-3.10688, -1.97916, -4.62577, -0.24172, 15.40151, 6.42838, -3.74899, -1.96255, -8.49875, 16.99161, 8.83116, 0.3898, -1.52806, 4.46294, -3.36959, -5.18299, 24.7665, -3.05319, -3.77799, -2.4087, -4.92602, -5.52111]"
42,sub11,scratch,3,sub11-c__0017__squat.npy,16,squat,16,0.9996896,1,"[-3.02071, -2.14329, -4.89068, 0.00947, 15.7989, 6.79234, -3.44651, -1.73954, -8.62251, 16.86602, 8.55863, 0.12863, -1.85842, 4.59689, -3.34216, -4.88604, 25.23912, -2.88562, -3.6272, -2.18373, -5.07521, -5.68085]"
42,sub11,scratch,3,sub11-c__0018__squat.npy,16,squat,16,0.99972576,1,"[-3.65613, -2.18694, -4.89628, -0.53756, 14.36155, 7.05517, -3.64668, -2.12446, -8.26727, 16.63089, 9.61495, 0.65838, -0.45479, 4.03166, -3.07769, -5.28656, 24.93115, -3.28358, -3.16544, -2.07168, -5.13272, -5.56787]"
42,sub11,scratch,3,sub11-c__0019__squat.npy,16,squat,16,0.9995654,1,"[-3.5556, -2.21202, -5.05757, -0.70932, 13.68077, 6.95612, -3.46653, -2.50807, -8.21891, 16.6025, 10.50378, 0.3253, 0.0947, 3.75521, -2.86049, -5.11324, 24.39801, -3.67927, -2.66, -1.56561, -5.00709, -5.89964]"
42,sub11,scratch,3,sub11-c__0020__squat.npy,16,squat,16,0.99980086,1,"[-3.84804, -2.40088, -5.09478, -0.50888, 13.77087, 7.43969, -3.39599, -2.11357, -8.18295, 16.33182, 9.94042, 0.81194, -0.09158, 3.74755, -3.12485, -4.90669, 24.92966, -3.34568, -2.43816, -1.93294, -5.37296, -5.58258]"
42,sub11,scratch,3,sub11-c__0021__squat.npy,16,squat,16,0.99987245,1,"[-3.52466, -2.28963, -4.92364, -0.18044, 14.79269, 6.96455, -3.44846, -1.80511, -8.4064, 16.55253, 8.89122, 1.53924, -1.113, 4.05038, -3.3712, -5.11435, 25.67865, -2.89729, -3.45499, -2.75427, -5.65222, -5.08658]"
42,sub11,scratch,3,sub11-c__0022__pickup.npy,11,pickup,11,0.9999988,1,"[-3.07871, -1.54124, 5.1774, -4.25346, -5.24309, -8.69169, 5.81036, -3.94791, 0.52914, 3.14938, 0.37436, 20.43995, 5.83801, -5.28163, 1.69369, -6.01761, 1.49693, -1.34957, -3.10584, -9.97088, -4.617, 2.0894]"
42,sub11,scratch,3,sub11-c__0023__pickup.npy,11,pickup,11,0.99999607,1,"[-2.55906, -0.93916, 4.44688, -3.89057, -2.11941, -8.58195, 5.37598, -4.22543, -0.61932, 5.52231, 1.89053, 19.10146, 4.44532, -4.17185, 0.53545, -6.34016, 4.78307, -1.56637, -4.03573, -10.07296, -5.34556, 1.06589]"
42,sub11,scratch,3,sub11-c__0025__pickup.npy,11,pickup,11,0.9997497,1,"[-1.67998, -1.92161, 6.39988, -5.56891, -10.70949, -9.94033, 5.86645, -4.62304, 2.85439, -0.95812, -2.87773, 18.44021, 10.10458, -7.14159, 4.24008, -5.60056, -7.44366, -2.28417, -2.97868, -7.73035, -1.42752, 3.44965]"
42,sub11,scratch,3,sub11-c__0026__pickup.npy,11,pickup,11,0.9998287,1,"[-1.1069, -1.37676, 6.46157, -5.39921, -10.14407, -10.44043, 5.48201, -4.46312, 2.81812, -0.88745, -3.52717, 18.20128, 9.45103, -6.80133, 4.48706, -6.15816, -7.39804, -2.1649, -4.2275, -7.98272, -1.3159, 3.77575]"
42,sub11,scratch,3,sub11-c__0027__pushchair.npy,12,pushchair,12,0.9811064,1,"[-1.84433, 0.3555, 4.09403, -6.35292, -15.8149, -4.58232, 0.87295, -5.41759, 5.0304, -1.08629, 5.01693, 9.79396, 13.79956, -8.00149, 6.48209, -7.61073, -9.42095, -5.29641, 0.49778, -3.17267, 0.99372, 0.42745]"
42,sub11,scratch,3,sub11-c__0028__pushchair.npy,12,pushchair,12,0.74162525,1,"[0.80837, 0.30595, 3.19258, -5.8899, -16.41145, -2.46379, 1.24671, -5.21394, 3.32321, 0.00651, 9.05022, 2.45959, 10.33935, -7.59173, 7.21461, -4.6243, -13.92314, -5.58137, 6.11702, 3.09919, 5.84929, -5.35746]"
42,sub11,scratch,3,sub11-c__0029__pushchair.npy,12,pushchair,12,0.99067616,1,"[-1.51381, -0.04121, 3.85683, -6.62187, -15.9349, -4.08755, 1.0474, -5.56471, 4.64628, -0.42904, 6.13264, 8.84336, 13.69466, -8.21151, 6.66287, -7.12811, -9.95869, -5.58792, 1.6596, -2.0006, 1.87088, -0.77382]"
42,sub11,scratch,3,sub11-c__0031__pushchair.npy,12,pushchair,12,0.9884106,1,"[-0.43863, -0.07516, 3.45195, -6.48462, -16.17275, -3.66473, 1.60788, -5.57632, 4.24687, -0.18366, 7.14581, 6.65403, 12.63994, -8.34685, 7.25384, -6.04722, -11.43843, -5.68383, 3.16237, -0.00045, 3.30017, -2.5758]"
42,sub11,scratch,3,sub11-c__0032__pushchair.npy,12,pushchair,12,0.9607729,1,"[0.01281, 0.19623, 3.42513, -6.3292, -16.04176, -3.01368, 0.94416, -5.32542, 3.96822, 0.10223, 7.87286, 4.39866, 11.58502, -7.98763, 7.22765, -5.63131, -12.56222, -5.60975, 4.31017, 1.29357, 4.91973, -3.65414]"
42,sub11,scratch,3,sub11-c__0033__sit.npy,15,sit,15,0.9998821,1,"[5.22537, -0.94172, -0.1666, 0.0738, 2.43136, -2.29421, 9.31077, -0.88156, -3.23086, -0.07399, -6.34713, -7.38222, -7.90965, -2.18402, -1.77392, 21.6891, -10.97406, 4.91121, 12.59985, 7.53359, 1.25289, -8.40387]"
42,sub11,scratch,3,sub11-c__0034__stand.npy,17,stand,17,0.98062974,1,"[2.61951, 6.51662, 3.90542, 1.99929, -0.59304, -1.60067, -4.55475, 1.78208, 2.81663, -2.25598, -9.60385, -3.22576, -10.93068, 3.02184, -2.86211, 2.24567, -8.9861, 10.64204, 2.40147, -8.40506, 1.77304, 2.21994]"
42,sub11,scratch,3,sub11-c__0035__turnaround.npy,19,turnaround,19,0.99995077,1,"[6.88671, -0.12736, -2.35833, -1.65784, -1.27454, -2.75294, 9.89439, -4.47029, -8.17112, 5.32512, 8.02637, -11.05395, -2.56079, -3.21058, 6.67663, 10.23306, -9.62105, -6.11374, 9.29221, 21.09208, 8.95803, -16.76239]"
42,sub11,scratch,3,sub11-c__0036__sit.npy,15,sit,15,0.9998765,1,"[4.65415, -2.23375, -0.38855, -0.09524, 2.81064, -1.95119, 9.956, -0.8749, -3.8021, -0.01656, -6.44792, -7.15166, -7.31476, -2.37753, -1.9227, 22.52174, -10.93786, 4.3763, 13.48221, 9.00454, 1.97987, -8.29833]"
42,sub11,scratch,3,sub11-c__0037__stand.npy,17,stand,17,0.9939803,1,"[2.0729, 5.35998, 3.5958, 1.7644, 0.15219, -0.61514, -4.0028, 2.45047, 2.06027, -1.98048, -10.2321, -2.46792, -10.64931, 2.97654, -3.61004, 2.38114, -8.63993, 11.02532, 3.7403, -7.9706, 1.90072, 2.11632]"
42,sub11,scratch,3,sub11-c__0039__sit.npy,15,sit,15,0.9997602,1,"[4.19651, -2.58798, -0.50226, -0.2074, 2.17642, -1.38894, 10.2253, -0.7429, -3.6197, -0.43045, -5.86235, -6.87959, -6.89804, -2.58605, -1.84019, 22.54344, -11.00353, 4.43427, 14.1837, 9.03015, 1.81187, -8.41919]"
42,sub11,scratch,3,sub11-c__0040__sit.npy,15,sit,17,0.9940036,0,"[1.79819, 4.40666, 3.38179, 1.11075, -0.19058, 0.04494, -2.91636, 2.55991, 1.44378, -1.48634, -9.68276, -1.30115, -10.21277, 1.87514, -3.75348, 3.23892, -8.56301, 10.99661, 5.17821, -7.29208, 1.89848, 1.33319]"
42,sub11,scratch,3,sub11-c__0041__turnaround.npy,19,turnaround,19,0.99993396,1,"[5.82095, -0.61104, -2.0283, -1.59409, -1.48159, -1.9919, 10.00696, -3.816, -8.34863, 5.08972, 7.64464, -10.50198, -2.77604, -2.89046, 6.2266, 10.1098, -9.39624, -5.54021, 10.34801, 21.01164, 8.8451, -16.64493]"
42,sub11,scratch,3,sub11-c__0043__stand.npy,17,stand,17,0.9935207,1,"[1.8921, 5.30948, 3.95604, 1.59083, -0.89162, -0.92611, -3.80974, 2.07555, 2.51229, -2.28056, -9.65441, -2.06354, -10.53933, 2.23822, -3.50451, 3.15116, -9.1397, 11.03441, 4.22835, -8.13783, 1.8952, 2.16572]"
42,sub11,scratch,3,sub11-c__0044__turnaround.npy,19,turnaround,19,0.99994266,1,"[6.199, -0.23768, -2.05616, -1.71195, -1.44604, -2.3463, 10.1769, -4.01628, -8.28938, 5.12131, 7.57711, -10.49806, -2.80761, -3.06216, 6.50908, 9.89757, -9.44934, -5.62697, 9.79888, 20.98056, 8.80284, -16.80679]"
42,sub11,scratch,3,sub11-c__0045__sit.npy,15,sit,15,0.9996351,1,"[4.13626, -0.72224, -0.10688, 0.2733, 1.93307, -1.81577, 8.70203, -0.49141, -2.57728, -0.88588, -5.61357, -7.9724, -8.09216, -2.02107, -2.39321, 21.74185, -11.55515, 5.10608, 13.8168, 7.95771, 1.45832, -8.08776]"
42,sub11,scratch,3,sub11-c__0046__stand.npy,17,stand,17,0.98999363,1,"[1.48957, 5.58725, 3.63088, 1.37475, -1.38972, 0.22288, -2.88618, 2.83979, 2.25304, -2.25807, -8.87223, -1.64947, -10.63116, 1.27209, -3.48375, 3.26505, -8.94629, 11.05436, 5.56468, -7.31747, 1.47712, 0.76927]"
42,sub11,scratch,3,sub11-c__0047__turnaround.npy,19,turnaround,19,0.9999033,1,"[6.08266, -0.29826, -2.12166, -1.6402, -1.69088, -2.49554, 10.44179, -4.21662, -7.99901, 5.04282, 7.6441, -10.45878, -2.38797, -3.455, 6.32775, 10.13692, -9.48933, -5.9412, 10.35606, 20.76757, 8.83428, -16.69294]"
42,sub11,scratch,3,sub11-c__0048__sit.npy,15,sit,15,0.9999473,1,"[5.74121, 0.4113, -0.61112, 0.48704, 3.12006, -2.85292, 9.54895, -1.34753, -3.76827, 0.04497, -5.23081, -9.22936, -8.55131, -1.76981, -0.94872, 21.5874, -10.63168, 3.76163, 11.48157, 9.54142, 1.66676, -9.64742]"
42,sub11,scratch,3,sub11-c__0050__turnaround.npy,19,turnaround,19,0.9998559,1,"[7.67458, 0.45921, -2.38774, -0.89071, 0.40296, -3.08287, 10.37676, -4.01836, -9.0653, 5.20138, 6.65217, -11.83507, -4.57364, -2.06032, 6.17826, 11.47836, -9.27942, -4.98267, 8.81219, 20.70697, 7.90967, -17.02796]"
42,sub11,scratch,3,sub11-c__0052__squat.npy,16,squat,16,0.9977285,1,"[-2.43872, -1.71219, -4.52016, -0.32997, 16.58294, 5.51554, -3.68118, -2.16765, -8.74218, 17.66593, 8.7426, -0.19895, -2.38316, 5.12603, -4.45623, -4.88667, 24.04272, -2.95182, -3.52104, -2.59325, -4.69683, -5.70652]"
42,sub11,scratch,3,sub11-c__0053__squat.npy,16,squat,16,0.99857306,1,"[-2.93462, -1.67866, -4.6764, -0.52501, 15.79906, 6.32542, -4.2426, -2.1369, -8.59021, 17.52742, 9.3817, -0.28622, -1.48278, 5.02905, -4.28537, -5.45928, 24.24192, -3.23004, -3.38473, -2.5829, -4.77793, -5.56389]"
42,sub11,scratch,3,sub11-c__0054__squat.npy,16,squat,16,0.99820995,1,"[-2.9372, -1.83669, -4.62974, -0.5878, 15.67501, 5.96211, -3.84738, -2.33634, -8.43723, 17.43006, 9.39567, -0.18435, -1.45172, 4.71645, -4.35969, -4.9527, 23.91352, -3.25495, -2.88942, -2.35785, -4.73322, -5.68919]"
42,sub11,scratch,3,sub11-c__0055__squat.npy,16,squat,16,0.99927276,1,"[-2.8394, -1.75131, -4.5271, -0.32129, 16.32692, 5.98418, -4.05346, -1.88612, -8.65708, 17.49116, 8.59272, 0.76336, -2.10773, 4.9603, -4.35848, -5.49172, 24.98854, -2.86248, -4.02134, -3.21016, -5.15831, -5.18186]"
42,sub11,scratch,3,sub11-c__0056__pickup.npy,11,pickup,11,0.99974614,1,"[-1.02769, -1.3678, 6.75663, -5.51644, -10.92317, -10.38121, 5.46769, -4.53261, 3.13313, -1.27066, -3.25223, 17.79593, 9.42113, -7.02176, 4.57722, -5.84656, -8.44701, -2.02502, -3.45783, -7.86529, -0.98277, 3.50181]"
42,sub11,scratch,3,sub11-c__0057__pickup.npy,11,pickup,11,0.99985313,1,"[-0.39187, -0.77235, 6.57109, -5.28028, -10.08841, -10.85891, 5.15087, -4.32814, 2.94647, -0.84627, -3.26501, 17.52867, 8.50916, -6.37677, 4.74785, -6.60478, -7.99292, -1.86493, -4.55816, -8.31653, -1.11111, 3.63073]"
42,sub11,scratch,3,sub11-c__0058__pickup.npy,11,pickup,11,0.9998598,1,"[-1.26532, -0.85137, 6.75831, -5.29626, -10.23676, -10.52135, 4.7557, -4.2971, 3.04703, -1.05818, -3.4235, 18.13596, 9.14937, -6.38406, 4.42535, -6.815, -7.49891, -1.91286, -4.6023, -8.56681, -1.37254, 4.04686]"
42,sub11,scratch,3,sub11-c__0059__pickup.npy,11,pickup,11,0.9999386,1,"[-1.36372, -1.34729, 6.38326, -5.24418, -9.83962, -10.313, 5.26535, -4.11653, 2.85947, -0.95385, -3.91124, 18.98099, 9.19018, -6.63229, 4.36754, -6.5403, -6.67952, -1.86016, -4.64099, -8.55078, -1.84359, 4.19701]"
42,sub11,scratch,3,sub11-c__0060__pickup.npy,11,pickup,11,0.9998337,1,"[-0.78698, -0.65812, 6.61431, -5.18373, -10.4295, -10.22022, 4.62145, -4.15339, 2.99, -1.12973, -3.2102, 17.64683, 8.80142, -6.31711, 4.695, -6.81162, -7.74585, -1.76958, -4.50661, -8.63577, -1.37198, 3.87683]"
42,sub11,scratch,3,sub11-c__0061__pickup.npy,11,pickup,11,0.9999317,1,"[-0.52687, -1.10668, 6.4673, -5.2102, -9.75429, -10.79079, 5.28441, -4.09351, 2.88876, -1.02864, -4.04913, 18.15764, 8.35182, -6.39153, 4.49323, -6.32707, -7.62439, -1.5763, -4.63027, -8.54214, -1.2943, 4.13745]"
42,sub11,scratch,3,sub11-c__0062__pushchair.npy,12,pushchair,12,0.99004096,1,"[-2.53119, -0.12168, 3.90917, -6.31823, -16.39429, -3.428, 0.40215, -4.83483, 5.4813, -1.76041, 5.01788, 9.32978, 14.00319, -7.89381, 6.01621, -7.1957, -10.13254, -4.97205, 2.01338, -2.84172, 1.37938, 0.68728]"
42,sub11,scratch,3,sub11-c__0063__pushchair.npy,12,pushchair,12,0.94629735,1,"[-0.03151, 0.03525, 3.56505, -5.95135, -16.59763, -2.71809, 0.69584, -4.87578, 4.2563, -0.81111, 7.5795, 3.79327, 11.02803, -7.62544, 6.89714, -4.92722, -13.78622, -5.16286, 5.30198, 1.646, 5.22891, -3.51526]"
42,sub11,scratch,3,sub11-c__0064__pushchair.npy,12,pushchair,18,0.39402783,0,"[-0.00976, -0.4589, 3.58128, -5.56127, -15.64208, -1.50299, 0.69262, -4.19446, 3.54415, -0.50918, 7.37109, 1.12608, 8.74094, -7.13417, 5.82069, -2.41275, -15.45288, -4.07773, 8.79258, 3.61019, 7.51305, -5.11009]"
42,sub11,scratch,3,sub11-c__0065__pushchair.npy,12,pushchair,12,0.89616615,1,"[-1.02305, -0.1453, 3.18726, -6.12902, -16.29827, -1.49069, 0.61506, -4.93484, 3.8915, -0.10024, 8.9404, 3.14505, 11.33522, -7.76102, 6.32857, -4.66739, -13.01261, -5.44647, 7.01884, 2.5975, 5.61247, -4.5875]"
42,sub11,scratch,3,sub11-c__0066__pushchair.npy,12,pushchair,12,0.9427744,1,"[-0.80282, -0.39764, 3.21489, -6.16203, -16.35822, -1.66654, 0.98106, -4.87101, 3.89137, -0.29526, 8.23267, 3.79574, 11.42695, -7.83995, 6.54018, -4.76234, -13.04078, -5.28396, 6.63708, 2.24364, 5.39426, -4.20956]"
42,sub11,scratch,3,sub11-c__0067__pushchair.npy,12,pushchair,10,0.7142472,0,"[0.19849, 0.7357, 2.70732, -5.79093, -15.57089, -0.9218, -0.1203, -5.00633, 3.19737, 0.98732, 10.77961, 0.09264, 9.66924, -7.13695, 6.68885, -4.63054, -13.25837, -5.72347, 7.31313, 4.23585, 6.87999, -6.4639]"
42,sub11,scratch,3,sub11-c__0068__pushchair.npy,12,pushchair,10,0.83328116,0,"[0.66692, 1.12934, 2.71957, -5.68362, -15.12964, -0.91277, -0.67992, -4.92841, 3.06504, 1.30032, 10.93267, -1.07264, 8.85667, -6.70168, 6.77236, -4.77333, -13.5846, -5.62919, 7.0546, 4.62438, 7.59998, -6.74194]"
42,sub11,scratch,3,sub11-c__0069__sit.npy,15,sit,15,0.9996705,1,"[4.35967, -1.69592, -0.23872, -0.06363, 2.34419, -1.54109, 9.60674, -0.51366, -3.45041, -0.07207, -6.20106, -6.8576, -7.46294, -2.31667, -2.02538, 21.67309, -10.6273, 4.85944, 13.6345, 7.96364, 1.41511, -8.37207]"
42,sub11,scratch,3,sub11-c__0070__stand.npy,17,stand,17,0.9854,1,"[2.17377, 6.33647, 3.77434, 1.96543, -0.30954, -0.9344, -4.60111, 2.05736, 2.49449, -2.17901, -9.78908, -2.9121, -10.77866, 2.96585, -2.98509, 2.16614, -8.35734, 10.76077, 2.47597, -8.25589, 1.48584, 2.11945]"
42,sub11,scratch,3,sub11-c__0071__turnaround.npy,19,turnaround,19,0.9999021,1,"[6.25766, 0.08333, -2.13897, -1.47305, -1.40394, -2.58846, 10.26434, -4.24556, -7.98648, 4.80391, 7.32885, -10.6447, -2.68355, -3.5271, 6.27074, 11.01672, -9.30097, -5.82558, 9.83272, 20.88614, 8.34554, -16.68961]"
42,sub11,scratch,3,sub11-c__0072__sit.npy,15,sit,15,0.99992037,1,"[4.19128, -3.53795, -0.09956, 0.03092, 2.89516, -1.52099, 10.13245, -0.30913, -3.40811, -0.86361, -8.18804, -5.70728, -7.29032, -2.18129, -2.21058, 23.1396, -10.71428, 5.64772, 13.67094, 7.12109, 1.468, -6.72686]"
42,sub11,scratch,3,sub11-c__0073__stand.npy,17,stand,17,0.98971236,1,"[2.23718, 6.33801, 3.52974, 1.97536, 0.43207, -0.81231, -4.61503, 2.30613, 2.52216, -2.10522, -10.36658, -2.77668, -10.9341, 3.13973, -3.58919, 2.0775, -8.10806, 11.11787, 2.59934, -8.66737, 1.20972, 2.42328]"
42,sub11,scratch,3,sub11-c__0074__turnaround.npy,19,turnaround,19,0.99991035,1,"[6.25911, 0.1588, -2.12193, -1.54211, -1.34066, -2.65627, 10.25905, -4.28537, -7.95984, 4.86811, 7.25766, -10.69576, -2.77249, -3.38019, 6.36906, 10.52227, -9.43198, -5.74721, 9.78149, 20.74577, 8.64025, -16.68575]"
42,sub11,scratch,3,sub11-c__0075__sit.npy,15,sit,15,0.99958426,1,"[3.9603, -2.00626, -0.07228, -0.05711, 1.71748, -1.43949, 9.61095, -0.3565, -2.95347, -0.7464, -6.31128, -6.58925, -7.48509, -2.54194, -2.34018, 22.19758, -11.23253, 5.2073, 14.40293, 7.76429, 1.44252, -7.85431]"
42,sub11,scratch,3,sub11-c__0076__stand.npy,17,stand,17,0.993508,1,"[2.1722, 5.08306, 3.3514, 1.60444, -0.13669, -0.25658, -3.25991, 2.53772, 1.86211, -1.83966, -9.74806, -2.35832, -10.66183, 2.47197, -3.50297, 2.95007, -8.77604, 10.95956, 4.69355, -7.55187, 1.86044, 1.50276]"
42,sub11,scratch,3,sub11-c__0077__turnaround.npy,19,turnaround,19,0.9999374,1,"[6.14594, -0.25959, -2.21632, -1.63693, -1.65138, -2.36435, 10.09089, -4.3093, -8.08191, 4.99376, 7.58291, -10.43878, -2.29027, -3.56135, 6.55508, 10.63615, -9.24122, -6.01009, 9.66452, 21.09465, 8.66987, -16.5805]"
42,sub11,scratch,3,sub11-c__0078__sit.npy,15,sit,15,0.99974686,1,"[4.36217, 0.03454, -0.02499, 0.01396, 0.26389, -1.9703, 9.50797, -0.71987, -2.34193, -1.62306, -5.49729, -7.19847, -7.55592, -3.07575, -1.12442, 21.45652, -11.81959, 4.74611, 13.14225, 8.18373, 1.02739, -8.80143]"
42,sub11,scratch,3,sub11-c__0079__stand.npy,17,stand,17,0.9851804,1,"[3.2133, 6.18141, 3.9912, 1.87574, -0.29564, -1.61825, -3.21723, 2.03342, 1.49304, -1.76185, -10.16529, -2.23202, -11.21999, 2.66389, -2.14481, 2.53868, -8.77685, 10.6378, 2.20705, -7.93396, 1.68846, 1.03644]"
42,sub11,scratch,3,sub11-c__0080__turnaround.npy,19,turnaround,19,0.99985874,1,"[6.29521, -0.07523, -2.25433, -1.55276, -1.68144, -2.68096, 10.70389, -4.28989, -7.90144, 4.90803, 7.41785, -10.43763, -2.35046, -3.5266, 6.16036, 10.27805, -9.38827, -5.94028, 10.40011, 20.51298, 8.56426, -16.63142]"
42,sub11,scratch,3,sub11-c__0081__sit.npy,15,sit,15,0.99999225,1,"[5.24329, -1.75105, -0.34597, 0.62084, 4.53336, -2.0608, 9.6101, -0.64576, -4.29729, 0.02615, -8.21593, -7.30466, -8.51586, -1.26663, -1.53933, 22.8899, -9.42643, 5.23349, 10.81428, 7.87394, 0.91416, -7.72347]"
42,sub11,scratch,3,sub11-c__0082__stand.npy,17,stand,17,0.99643373,1,"[1.86972, 4.26323, 3.15643, 1.32411, 0.10077, 0.13073, -3.03939, 2.80436, 1.79437, -2.07058, -10.195, -1.52504, -10.37829, 2.28072, -3.81267, 3.15469, -8.60212, 11.49964, 5.18104, -7.78028, 1.69229, 1.89977]"
42,sub11,scratch,3,sub11-c__0083__turnaround.npy,19,turnaround,19,0.9998766,1,"[7.34231, -0.45306, -2.84119, -1.32337, -0.43025, -2.70058, 11.14749, -4.21249, -9.06009, 5.66682, 7.68719, -10.94319, -2.91095, -2.91096, 6.18458, 11.05429, -8.71021, -5.97637, 9.82971, 20.97545, 8.01467, -17.09995]"
42,sub11,scratch,3,sub11-c__0084__squat.npy,16,squat,16,0.9993924,1,"[-2.47662, -1.88435, -4.44006, 0.10127, 16.17956, 5.41911, -3.78421, -1.94373, -8.49634, 17.04249, 8.1122, 0.745, -2.47545, 4.9072, -3.39132, -5.16351, 24.79989, -2.64538, -4.85837, -3.07213, -5.03798, -5.09233]"
42,sub11,scratch,3,sub11-c__0085__squat.npy,16,squat,16,0.99953425,1,"[-2.18788, -2.0049, -4.81224, 0.23808, 16.44973, 6.50442, -3.47953, -1.66704, -9.29324, 17.30448, 8.5435, 0.0778, -2.66417, 5.00236, -2.81829, -5.25592, 25.33035, -2.78192, -4.71106, -2.23168, -4.88474, -5.9842]"
42,sub11,scratch,3,sub11-c__0087__squat.npy,16,squat,16,0.99987495,1,"[-3.05469, -2.25972, -5.12608, 0.20388, 15.14764, 8.12463, -3.70342, -1.13832, -9.01606, 16.59403, 9.06062, 0.54977, -1.71331, 4.65699, -2.8889, -5.46205, 25.79275, -2.72996, -3.64562, -2.35211, -5.47238, -5.7112]"
42,sub11,scratch,3,sub11-c__0088__squat.npy,16,squat,16,0.99985695,1,"[-2.66681, -1.55898, -4.99613, 0.27444, 15.37182, 7.43443, -4.12245, -1.22163, -8.7305, 16.67628, 9.17557, 0.46864, -2.2784, 4.88027, -2.77921, -6.03376, 25.76951, -2.56495, -4.61233, -2.96172, -5.5731, -5.48762]"
42,sub11,scratch,3,sub11-c__0089__pickup.npy,11,pickup,11,0.9970607,1,"[-0.24829, -1.13299, 6.49425, -5.65062, -12.7338, -9.23909, 3.9086, -4.27705, 3.50047, -1.41538, -1.38462, 15.21333, 9.28239, -6.41699, 6.03713, -6.60384, -10.52512, -2.03521, -2.68879, -7.09409, 0.40353, 2.72044]"
42,sub11,scratch,3,sub11-c__0090__pickup.npy,11,pickup,11,0.9988507,1,"[0.13788, 0.22213, 6.96464, -5.18179, -11.39418, -10.25036, 3.11687, -4.03332, 3.34911, -1.16338, -2.52173, 15.43347, 8.34135, -5.84539, 6.14106, -8.02744, -9.49121, -1.92332, -5.35923, -8.08524, 0.11783, 3.40453]"
42,sub11,scratch,3,sub11-c__0091__pickup.npy,11,pickup,11,0.9990716,1,"[-1.17279, -0.88495, 7.07004, -5.52239, -12.04574, -9.56425, 3.85714, -4.14524, 3.30814, -1.42113, -2.62554, 16.78012, 9.70846, -6.54822, 5.61203, -7.34712, -9.19552, -2.14304, -3.97014, -7.79433, -0.11527, 3.47085]"
42,sub11,scratch,3,sub11-c__0092__pickup.npy,11,pickup,11,0.9990741,1,"[-0.92215, -0.51915, 6.84577, -5.44995, -11.84037, -9.63717, 3.35521, -4.11089, 3.61369, -1.49344, -2.83522, 16.63954, 9.56168, -6.58251, 5.83762, -7.56625, -8.81255, -2.11315, -4.80148, -8.03533, -0.38251, 3.90677]"
42,sub11,scratch,3,sub11-c__0093__pickup.npy,11,pickup,11,0.9968828,1,"[-0.98041, -0.16061, 7.12979, -5.35975, -12.65473, -9.23768, 2.6885, -4.26877, 3.74337, -1.62769, -2.19232, 15.79159, 9.93709, -6.58325, 6.27572, -7.85732, -9.38109, -2.48704, -4.76671, -7.70757, 0.05207, 3.57718]"
42,sub11,scratch,3,sub11-c__0095__pushchair.npy,12,pushchair,12,0.99311066,1,"[-2.28885, 0.30875, 4.08943, -6.07287, -17.19937, -2.04422, -0.66244, -4.5008, 4.94078, -1.248, 7.23206, 6.78666, 13.03707, -7.09313, 6.48917, -7.96371, -11.31391, -5.17782, 3.4638, -1.52566, 3.15696, -1.12114]"
42,sub11,scratch,3,sub11-c__0096__pushchair.npy,12,pushchair,12,0.9922604,1,"[-2.84155, -0.1735, 4.02598, -6.18436, -17.19423, -1.80105, 0.24493, -4.8136, 5.19246, -1.5598, 7.2428, 5.7622, 12.79474, -8.23034, 6.11544, -5.23758, -12.38696, -5.16114, 5.80043, 0.63713, 4.25855, -2.41682]"
42,sub11,scratch,3,sub11-c__0097__pushchair.npy,12,pushchair,12,0.9867264,1,"[-1.88244, -0.85065, 3.24219, -6.0553, -16.8151, -1.5448, 1.14702, -4.64522, 4.71412, -1.3335, 7.19346, 5.28663, 12.34457, -8.45191, 6.38084, -4.35086, -12.42532, -5.06242, 6.61525, 1.41136, 4.37415, -2.98669]"
42,sub11,scratch,3,sub11-c__0098__pushchair.npy,12,pushchair,12,0.97898614,1,"[-2.56135, -0.06184, 4.281, -6.52073, -16.09156, -4.18589, 1.25441, -5.40319, 4.86867, -0.91888, 5.3201, 10.24159, 14.11761, -8.38943, 6.34334, -7.35706, -9.4822, -5.33942, 1.51597, -2.81558, 1.30968, -0.07249]"
42,sub11,scratch,3,sub11-c__0099__pushchair.npy,12,pushchair,12,0.69183546,1,"[0.20086, 0.09076, 3.20662, -5.81403, -15.68708, -1.84063, 0.57704, -4.73987, 3.80972, -0.04888, 8.30553, 1.54397, 9.67332, -7.66044, 6.57878, -3.7374, -14.12969, -4.96963, 7.21021, 3.29662, 6.74663, -5.10039]"
42,sub11,scratch,3,sub11-c__0101__pushchair.npy,12,pushchair,12,0.9937605,1,"[-2.19622, -0.43277, 3.22958, -6.64331, -16.2306, -2.2586, 1.14378, -5.30496, 4.38041, -0.01353, 7.95575, 7.04603, 13.55047, -8.35534, 6.35141, -6.3633, -10.29517, -5.68087, 4.70674, -0.21095, 3.06818, -2.52753]"
42,sub11,scratch,3,sub11-c__0102__sit.npy,15,sit,15,0.9999213,1,"[5.22349, -0.57697, 0.18919, 0.39145, 2.27985, -2.54354, 8.9717, -0.97662, -3.31783, -0.14488, -6.05035, -7.99933, -8.38684, -1.97756, -1.38672, 21.64681, -11.37672, 4.72629, 12.13567, 8.19326, 1.83014, -8.58027]"
42,sub11,scratch,3,sub11-c__0103__stand.npy,17,stand,17,0.98027545,1,"[2.40361, 6.51091, 3.84409, 1.69863, -0.22943, -0.62186, -3.70135, 2.39287, 1.72975, -1.58279, -9.40821, -2.60273, -11.04896, 2.54068, -2.79697, 1.80097, -8.51714, 10.59308, 3.03055, -7.39229, 1.89558, 0.65656]"
42,sub11,scratch,3,sub11-c__0104__turnaround.npy,19,turnaround,19,0.9998549,1,"[6.98458, -0.43807, -2.40446, -1.53829, -0.91596, -2.91854, 10.80941, -4.38392, -8.59084, 5.51278, 7.39644, -10.66014, -2.60135, -3.3117, 6.1485, 10.84436, -9.34672, -6.05824, 10.16074, 20.65742, 8.68303, -16.74854]"
42,sub11,scratch,3,sub11-c__0106__stand.npy,17,stand,17,0.9874042,1,"[2.66784, 5.98942, 3.73052, 1.72682, 0.1021, -1.31985, -3.7606, 2.18663, 1.92579, -1.73144, -10.00128, -2.6504, -11.02935, 2.78205, -3.1589, 2.31701, -8.88564, 10.65587, 3.15505, -7.53291, 2.15695, 1.53234]"
42,sub11,scratch,3,sub11-c__0107__turnaround.npy,19,turnaround,19,0.99989974,1,"[6.71168, 0.6357, -1.94215, -1.33526, -2.08452, -2.88611, 9.68176, -4.51626, -7.68197, 4.70587, 7.55137, -10.79297, -2.54451, -3.74746, 6.70037, 10.90647, -9.51445, -6.02428, 9.04702, 20.57595, 8.24415, -16.52183]"
42,sub11,scratch,3,sub11-c__0108__sit.npy,15,sit,15,0.99979264,1,"[4.14872, -1.68807, -0.23232, -0.09855, 2.04788, -1.88009, 9.50595, -0.95613, -2.93442, -0.587, -5.98991, -7.48541, -7.18046, -2.6838, -1.89527, 22.32751, -11.30144, 4.20875, 13.8249, 9.0845, 2.3048, -8.15481]"
42,sub11,scratch,3,sub11-c__0109__stand.npy,17,stand,17,0.9940971,1,"[2.27273, 4.99098, 3.3801, 1.4741, 0.22776, -0.64018, -3.2997, 2.42853, 1.7609, -1.60183, -9.99906, -2.11503, -10.63418, 2.46651, -3.81215, 3.06762, -8.80257, 10.98185, 4.54268, -7.58037, 1.93407, 1.6378]"
42,sub11,scratch,3,sub11-c__0110__turnaround.npy,19,turnaround,19,0.9999132,1,"[5.13769, -0.78575, -1.40328, -1.68448, -2.42786, -2.18091, 9.6058, -4.01861, -7.65185, 4.52926, 7.21783, -10.03479, -2.26177, -3.47187, 6.4085, 10.19469, -10.09821, -5.63567, 10.60818, 20.8402, 9.48813, -16.03631]"
42,sub11,scratch,3,sub11-c__0111__sit.npy,15,sit,15,0.99972993,1,"[4.12013, -1.31546, -0.27348, 0.13598, 2.69372, -1.79417, 9.34003, -0.66171, -3.34948, -0.18065, -5.9231, -7.90271, -7.81945, -2.14009, -2.03124, 21.88132, -10.98155, 4.44414, 13.64014, 9.15518, 2.10933, -8.51476]"
42,sub11,scratch,3,sub11-c__0112__stand.npy,17,stand,17,0.9914982,1,"[2.00476, 5.541, 3.76538, 1.51008, -0.78351, -0.69394, -3.22945, 2.45198, 2.17364, -2.06727, -9.48711, -2.03982, -10.76954, 1.95509, -3.45803, 3.0685, -9.19118, 10.95118, 4.76705, -7.52769, 1.98809, 1.32036]"
42,sub11,scratch,3,sub11-c__0113__turnaround.npy,19,turnaround,19,0.99991095,1,"[7.48591, 0.37817, -2.74925, -1.20277, -0.41015, -2.85299, 10.17633, -4.22765, -8.56811, 5.23711, 7.43135, -11.57289, -3.18592, -2.89957, 6.24116, 11.34123, -9.08894, -5.82781, 9.01141, 21.06656, 7.91436, -16.91612]"
42,sub11,scratch,3,sub11-c__0114__sit.npy,15,sit,15,0.99982375,1,"[3.84932, -1.71425, -0.18111, 0.24591, 2.16275, -1.45069, 9.9263, -0.71466, -3.50266, -0.5474, -5.78195, -7.48714, -7.4753, -2.61553, -1.62891, 22.51544, -10.81576, 4.23133, 13.83978, 9.47429, 1.9156, -8.74053]"
42,sub11,scratch,3,sub11-c__0116__turnaround.npy,19,turnaround,19,0.9999653,1,"[6.28425, -0.20392, -1.85489, -1.74911, -1.3365, -2.59172, 9.16451, -4.42855, -8.21776, 5.54626, 7.80711, -10.70461, -2.62166, -3.0809, 6.77589, 9.63174, -9.30615, -6.03803, 9.01613, 21.06484, 9.34848, -16.47146]"
42,sub11,scratch,3,sub11-c__0118__squat.npy,16,squat,16,0.9995584,1,"[-3.29283, -2.33515, -4.92013, -0.45591, 14.79659, 6.98913, -3.32469, -2.25178, -8.78773, 16.99069, 9.73602, 0.29526, -0.73717, 4.29002, -3.12591, -5.07773, 24.82164, -3.46999, -3.01802, -1.61657, -4.96047, -6.11123]"
42,sub11,scratch,3,sub11-c__0119__squat.npy,16,squat,16,0.99950516,1,"[-3.37377, -2.24509, -4.97987, -0.42295, 14.59534, 7.44336, -3.6683, -2.15821, -8.73156, 16.95018, 9.98831, -0.24661, -0.65419, 4.34841, -3.08166, -5.08684, 24.65279, -3.52074, -2.78788, -1.42753, -4.84772, -6.20886]"
42,sub11,scratch,3,sub11-c__0120__squat.npy,16,squat,16,0.99974865,1,"[-3.44214, -2.24906, -4.97577, -0.42913, 14.83006, 7.62664, -3.7453, -1.99431, -8.97666, 17.10138, 9.72978, 0.41424, -0.61858, 4.361, -2.82299, -5.80443, 25.48869, -3.54279, -3.57102, -1.70954, -5.00136, -6.05224]"
42,sub11,scratch,3,sub11-c__0121__squat.npy,16,squat,16,0.9997962,1,"[-3.80775, -2.32258, -5.08939, -0.46827, 13.9141, 7.79353, -3.90731, -1.96896, -8.34372, 16.57228, 10.01726, 0.6852, -0.24129, 4.06305, -3.25845, -5.29956, 25.13927, -3.31934, -2.61585, -2.12125, -5.38241, -5.51688]"
42,sub11,scratch,3,sub11-c__0123__pickup.npy,11,pickup,11,0.99996746,1,"[-1.37062, -0.80748, 6.93168, -5.07541, -9.78577, -10.51952, 4.63486, -3.70919, 2.8082, -1.01562, -3.84903, 18.7751, 8.1158, -5.91441, 4.37367, -7.28337, -7.16921, -1.2857, -4.82664, -9.14746, -1.39994, 4.16702]"
42,sub11,scratch,3,sub11-c__0124__pickup.npy,11,pickup,11,0.9997384,1,"[-1.65627, -0.57851, 6.98432, -5.44846, -11.18483, -9.93692, 3.76995, -4.14871, 3.49029, -1.32504, -2.99545, 17.80107, 9.45178, -6.36716, 4.88559, -7.58262, -7.96455, -1.89355, -4.54538, -8.68, -1.00925, 4.13748]"
42,sub11,scratch,3,sub11-c__0125__pickup.npy,11,pickup,11,0.99987257,1,"[-1.30536, -0.32413, 6.8916, -5.2075, -10.4522, -10.40421, 3.88279, -3.9766, 3.49829, -1.28398, -3.49152, 17.884, 8.7308, -6.19014, 4.77796, -7.48328, -7.57463, -1.61695, -5.1719, -9.03402, -1.292, 4.3663]"
42,sub11,scratch,3,sub11-c__0126__pickup.npy,11,pickup,11,0.99987936,1,"[-2.54615, -1.10409, 7.04195, -5.4638, -11.08826, -9.7385, 4.17374, -4.11892, 3.47714, -1.54367, -3.48961, 19.0579, 9.97206, -6.59625, 4.26469, -7.15561, -7.1804, -1.76184, -4.18132, -8.96577, -1.59747, 4.55613]"
42,sub11,scratch,3,sub11-c__0127__pushchair.npy,12,pushchair,12,0.989016,1,"[-2.72839, 0.54076, 4.45443, -6.52526, -16.94579, -3.60554, 0.41433, -5.24722, 5.55828, -1.30389, 6.19363, 9.24061, 13.89269, -8.32916, 6.73223, -7.95564, -10.12792, -5.25979, 1.77554, -2.65573, 1.71773, -0.4487]"
42,sub11,scratch,3,sub11-c__0128__pushchair.npy,12,pushchair,12,0.9950492,1,"[-3.33519, -0.46039, 3.38198, -6.52905, -16.99698, -1.29875, 0.55749, -5.00701, 5.0242, -0.81641, 8.0665, 7.20104, 13.89666, -8.47683, 6.0799, -6.31518, -10.22832, -5.44595, 5.43659, -0.28329, 2.84637, -2.20048]"
42,sub11,scratch,3,sub11-c__0129__pushchair.npy,12,pushchair,12,0.9946144,1,"[-3.51168, 0.19655, 3.85954, -6.71679, -17.06517, -1.6628, -0.11212, -5.35537, 5.07067, -0.36317, 8.50667, 7.36395, 14.12729, -8.49371, 6.34153, -7.22676, -9.90234, -5.79934, 4.30193, -0.6565, 2.89081, -2.2369]"
42,sub11,scratch,3,sub11-c__0131__pushchair.npy,12,pushchair,12,0.99619126,1,"[-3.34138, 0.0685, 4.09638, -6.49092, -17.27276, -1.85853, -0.22141, -5.00107, 5.55473, -1.2709, 7.16401, 7.27459, 13.77801, -8.47664, 6.2642, -6.8171, -10.86127, -5.38917, 4.31928, -0.70963, 3.22508, -1.45408]"
