seed,subject,method,k,file,true_id,true_label,pred_id,conf,correct,logits
42,sub10,supLP120,3,sub10-a__0002__wave.npy,21,wave,21,0.99979764,1,"[-1.43589, -1.80979, -2.71819, 2.2924, -7.0124, -3.676, -5.12745, -2.06304, 4.95318, -2.19742, 2.35659, -7.11853, 0.5941, 0.16926, -2.71741, 2.82283, -7.14585, -0.4325, -0.65207, -1.58417, -0.34092, 13.72445]"
42,sub10,supLP120,3,sub10-a__0004__wave.npy,21,wave,21,0.99995863,1,"[-2.0556, -0.92538, -2.53915, 3.9455, -6.48139, -3.51384, -6.0105, -0.13312, 5.00145, -2.99542, 0.92074, -7.19961, 0.63173, -0.42055, -3.91988, 2.77634, -6.15599, -0.31102, -1.87092, -2.22547, -1.38528, 15.5067]"
42,sub10,supLP120,3,sub10-a__0005__wave.npy,21,wave,21,0.99993694,1,"[-1.77341, -0.21684, -2.50266, 3.38571, -6.01374, -2.95812, -4.99385, 1.25244, 3.98323, -2.47064, 0.72336, -6.64594, -0.02735, -0.44958, -4.14757, 2.62497, -5.48798, -0.36013, -1.22603, -1.83038, -2.07904, 14.34173]"
42,sub10,supLP120,3,sub10-a__0006__wave.npy,21,wave,21,0.9998505,1,"[-1.2916, -1.0686, -2.47003, 2.58262, -6.55653, -2.89162, -4.79262, -0.96318, 3.93989, -2.3977, 2.18831, -7.13081, -0.02242, 0.69702, -2.9384, 2.17767, -6.53619, -0.29145, -0.8466, -1.19929, -0.75858, 13.2933]"
42,sub10,supLP120,3,sub10-a__0007__bow.npy,2,bow,2,0.9600264,1,"[9.55219, -5.08658, 12.87405, -1.72552, -9.10491, -4.15413, -1.43823, -1.53667, -6.9876, -3.98567, 6.35179, 3.87319, 7.10985, -3.72476, 5.60227, -4.13262, -5.20542, 2.82141, -1.56431, 3.18741, 1.96068, -8.92981]"
42,sub10,supLP120,3,sub10-a__0008__bow.npy,2,bow,2,0.97061926,1,"[9.5497, -5.01696, 13.16285, -1.11886, -9.08204, -3.87848, -1.14245, -0.98511, -7.40762, -3.85331, 6.09577, 3.74725, 6.13638, -4.01097, 6.58901, -4.46185, -5.09975, 2.36422, -1.07856, 3.32731, 1.41594, -9.11474]"
42,sub10,supLP120,3,sub10-a__0009__bow.npy,2,bow,2,0.98178357,1,"[8.14435, -3.66658, 12.50741, -0.24848, -9.02254, -3.69498, -1.19697, -1.0921, -5.86014, -5.57809, 5.62699, 5.26212, 6.32949, -3.91645, 6.22001, -4.22558, -4.41999, 2.61209, -1.62019, 3.07676, -0.39128, -8.50088]"
42,sub10,supLP120,3,sub10-a__0011__bow.npy,2,bow,2,0.9853763,1,"[8.84923, -4.88255, 13.26876, -1.1794, -8.99653, -4.03988, -0.16726, -1.09401, -7.38381, -4.02817, 5.695, 4.16152, 6.64965, -3.6457, 6.10487, -4.32553, -5.1786, 2.171, -1.1793, 3.14355, 1.65902, -8.962]"
42,sub10,supLP120,3,sub10-a__0012__bow.npy,2,bow,2,0.9750953,1,"[7.85067, -3.75902, 12.10481, -0.41874, -9.23936, -3.41871, -0.76505, -1.07583, -5.39459, -5.71451, 4.73055, 5.78701, 5.10093, -4.50914, 7.24458, -4.15053, -3.91745, 2.33354, -1.08938, 3.47044, -1.10921, -8.16818]"
42,sub10,supLP120,3,sub10-a__0013__crossarms.npy,5,crossarms,5,0.9957911,1,"[-1.96204, 3.66919, -2.71075, 8.94655, -2.89669, 14.43645, -4.82011, 4.53275, -1.52428, -2.48297, 2.77395, -5.01075, 0.69844, 3.19891, -5.74761, 0.69097, -1.53045, -2.46127, -4.04296, -3.08343, -1.1308, 1.60976]"
42,sub10,supLP120,3,sub10-a__0014__crossarms.npy,5,crossarms,5,0.97497034,1,"[-0.54856, 2.77797, -1.99391, 8.17464, -3.24413, 11.88469, -5.03503, 2.01596, -2.20932, -2.00822, 3.64826, -4.87523, 0.08988, 4.64657, -3.83046, -0.10836, -2.17298, -2.30371, -3.94687, -1.72805, 0.13769, 0.96313]"
42,sub10,supLP120,3,sub10-a__0015__crossarms.npy,5,crossarms,5,0.9853808,1,"[-0.36226, 2.71152, -2.24503, 7.66475, -2.51773, 11.92797, -4.30365, 1.21703, -1.16638, -2.10782, 3.71333, -4.54437, -0.21169, 3.81612, -4.00223, 0.1238, -1.43801, -1.86886, -4.81267, -1.50897, -1.0071, 1.7668]"
42,sub10,supLP120,3,sub10-a__0016__crossarms.npy,5,crossarms,5,0.97788745,1,"[-0.3306, 2.87718, -1.98013, 7.86837, -2.55498, 11.70175, -4.55519, 1.42741, -2.09732, -2.11748, 3.74521, -4.55177, -0.29007, 3.85886, -3.43024, -0.23208, -1.54549, -1.78512, -4.37755, -0.99748, -0.26433, 0.65697]"
42,sub10,supLP120,3,sub10-a__0017__crossarms.npy,5,crossarms,5,0.98964536,1,"[-0.47588, 2.30364, -2.41042, 6.97461, -2.69406, 11.6677, -4.55659, 1.38738, -1.14481, -1.75113, 3.52221, -4.49236, -0.52797, 4.54395, -3.67242, -0.11249, -1.7996, -1.39458, -4.21277, -1.19591, 0.18931, 1.72643]"
42,sub10,supLP120,3,sub10-a__0018__airpunch.npy,1,airpunch,1,0.79806066,1,"[-3.67879, 11.91105, -1.61263, -0.60329, -3.85346, 1.31777, -0.48813, 0.95331, 0.05944, -9.11901, -3.94605, -0.61807, -4.42129, -3.26327, -1.06059, 1.05957, -1.73294, -0.5371, 10.52625, 5.94914, -4.58425, -3.97815]"
42,sub10,supLP120,3,sub10-a__0019__airpunch.npy,1,airpunch,0,0.7098744,0,"[7.45819, 5.95716, -1.41538, 4.53516, -2.62143, -5.62713, -2.47821, -5.02495, 2.38908, -4.77119, 1.03272, -3.20875, -1.08051, -0.43171, 4.92303, -4.37691, 1.13628, 4.26932, -5.42316, 0.51738, -2.66848, -4.62206]"
42,sub10,supLP120,3,sub10-a__0020__airpunch.npy,1,airpunch,1,0.99499905,1,"[-2.14229, 9.96117, -3.22854, -0.43545, -3.57403, -0.09432, -5.06159, -4.37074, 4.05812, -8.31047, -0.46809, -2.60291, -1.91632, -3.18018, -0.31256, 1.59142, -1.78916, 0.15886, 3.32865, 2.389, -5.21724, -1.66988]"
42,sub10,supLP120,3,sub10-a__0022__airpunch.npy,1,airpunch,1,0.94596016,1,"[-3.34778, 11.20085, -3.1068, -2.17322, -3.25898, -0.80174, -0.27728, -2.41275, 0.26186, -8.49063, -2.89283, -1.76822, -3.57198, -4.96972, 0.39097, 1.02093, -1.04205, 1.13432, 7.94207, 7.21324, -5.08127, -4.13614]"
42,sub10,supLP120,3,sub10-a__0023__airpunch.npy,1,airpunch,1,0.98818284,1,"[-1.67338, 11.50762, -2.70679, 0.70128, -3.78166, -1.02604, -2.4003, -3.70492, 1.73245, -8.39595, -0.90041, -3.62271, -2.64227, -3.14213, -1.18845, 1.98886, -3.27255, -1.1002, 7.04936, 3.01047, -4.90931, -1.93104]"
42,sub10,supLP120,3,sub10-a__0024__airpunch.npy,1,airpunch,1,0.99011236,1,"[0.48456, 9.61877, -2.05898, 1.90856, -3.31372, -3.37894, -6.34155, -3.83923, 2.918, -7.33105, 1.66087, -3.93977, -1.25165, -1.19821, -2.03632, 0.97055, -3.70794, -2.53465, 4.71805, 0.61753, -5.58086, -0.51624]"
42,sub10,supLP120,3,sub10-a__0025__drink.npy,7,drink,7,0.99993277,1,"[-2.72155, 4.30289, 0.85521, 3.69861, -5.60102, -2.22523, -3.0299, 14.67912, -3.23753, -3.21894, -0.34927, -3.80227, -0.66421, -0.70118, -4.84015, 1.91613, -4.01132, 1.9183, 2.71084, 1.73793, -0.52942, 1.75166]"
42,sub10,supLP120,3,sub10-a__0026__drink.npy,7,drink,7,0.99984074,1,"[-2.08325, 3.36461, 0.74755, 2.9238, -4.94904, -2.88704, -3.1621, 13.2828, -2.88442, -2.80744, 0.34057, -3.67325, -0.52212, -1.19402, -4.57671, 1.39319, -3.63484, 2.19016, 2.33236, 2.37938, -1.20257, 1.89948]"
42,sub10,supLP120,3,sub10-a__0027__drink.npy,7,drink,7,0.99994147,1,"[-2.04869, 3.31555, 0.96081, 3.44594, -5.25602, -2.62767, -2.82985, 14.40934, -4.13374, -2.39915, 1.13412, -4.02977, 0.12834, -0.28806, -4.21436, 0.72809, -3.56543, 2.21592, 2.52816, 2.56521, -0.20239, 0.21892]"
42,sub10,supLP120,3,sub10-a__0029__drink.npy,7,drink,7,0.99987245,1,"[-2.75003, 2.15127, 0.62144, 3.07637, -5.32532, -3.04895, -4.08583, 14.01541, -2.60381, -2.15711, 0.458, -5.32308, -0.64574, 0.92247, -5.08567, 1.58446, -5.16311, 1.26735, 2.03308, 1.17429, 0.19396, 4.58857]"
42,sub10,supLP120,3,sub10-a__0030__drink.npy,7,drink,7,0.99993193,1,"[-2.81999, 2.52557, 0.81955, 3.97628, -5.57492, -3.24544, -3.5344, 14.73741, -2.67171, -2.32671, 0.05812, -5.0723, 0.04309, -0.0285, -5.17521, 1.43668, -5.27777, 0.81163, 2.10859, 0.34425, -0.40935, 4.41496]"
42,sub10,supLP120,3,sub10-a__0032__brushteeth.npy,3,brushteeth,3,0.99867105,1,"[0.54741, -1.60366, -3.62149, 10.37095, -2.30696, -1.66593, -1.77894, -1.81108, 1.12545, 0.62235, 0.09803, -6.17933, 0.17032, 2.85983, -0.71508, -2.4892, -1.90837, -0.61647, -0.89629, -1.7007, 2.44652, 0.58788]"
42,sub10,supLP120,3,sub10-a__0033__brushteeth.npy,3,brushteeth,3,0.991273,1,"[0.08413, -0.93372, -3.17762, 9.63263, -1.65538, -0.29873, -1.46728, 0.46372, -0.86782, 0.73666, -1.3309, -5.70364, -1.70988, 4.58771, -1.06302, -1.95371, -1.44311, -1.19956, 0.99923, -0.89026, 3.14524, 0.34945]"
42,sub10,supLP120,3,sub10-a__0034__brushteeth.npy,3,brushteeth,3,0.99931586,1,"[0.10713, -1.4572, -3.79292, 10.6493, -1.66052, -1.75887, -1.33632, -1.14342, 1.56479, 0.06789, -0.90046, -6.1845, -0.17228, 1.90354, -1.19299, -2.21303, -0.86304, -5e-05, -1.23255, -1.74382, 0.54823, 2.16508]"
42,sub10,supLP120,3,sub10-a__0035__brushteeth.npy,3,brushteeth,3,0.99022526,1,"[0.2214, -1.82557, -3.18877, 9.04799, -1.57159, -0.91658, -1.14368, -0.04166, -0.76144, 1.21619, -0.78455, -5.68672, -1.26914, 3.83835, -0.69968, -2.54131, -1.49471, -0.69942, 0.75285, -0.98986, 3.18193, 0.51156]"
42,sub10,supLP120,3,sub10-a__0036__highfive.npy,8,highfive,8,0.99859506,1,"[-0.13764, 4.11558, -4.16607, 4.62249, -5.26254, -5.73969, -10.74588, -7.20599, 12.63708, -4.85152, 2.60553, -5.32248, 3.20265, -7.84682, -2.04381, 1.79844, -2.67915, -0.62346, -3.41332, -2.82348, -7.63767, 5.41163]"
42,sub10,supLP120,3,sub10-a__0037__highfive.npy,8,highfive,8,0.9941413,1,"[-0.59962, 0.15675, -4.63797, 1.39857, -7.3948, -6.26959, -11.24674, -7.43303, 13.54069, -3.23662, 2.92113, -3.91083, 4.49756, -8.2638, -0.7874, 2.53147, -3.05719, 1.98777, -5.22104, -2.6835, -6.35878, 8.37619]"
42,sub10,supLP120,3,sub10-a__0038__highfive.npy,8,highfive,8,0.97546047,1,"[-1.33837, -1.73207, -4.56707, 2.21002, -8.56388, -7.48136, -10.99663, -7.68194, 13.98488, -2.76082, 3.0891, -4.83746, 5.21624, -8.30627, -0.47959, 2.51251, -4.32973, 1.8293, -5.74054, -3.6514, -4.56558, 10.29434]"
42,sub10,supLP120,3,sub10-a__0039__highfive.npy,8,highfive,8,0.9990847,1,"[-0.48051, 0.05256, -4.619, 1.59249, -7.50104, -6.43466, -11.11978, -8.20924, 14.23393, -3.57212, 2.22995, -3.40904, 3.89621, -8.89557, 0.15105, 2.14575, -2.32045, 1.59319, -4.76437, -3.14199, -6.24562, 7.1794]"
42,sub10,supLP120,3,sub10-a__0040__highfive.npy,8,highfive,8,0.9913224,1,"[-0.12645, 0.4718, -4.00398, 1.83208, -7.34873, -6.07333, -11.11695, -6.7253, 12.97684, -3.93671, 1.68887, -3.75015, 3.57263, -8.8604, 0.07045, 1.44091, -2.16697, 0.87745, -4.43708, -2.6588, -6.4104, 8.22319]"
42,sub10,supLP120,3,sub10-a__0041__highfive.npy,8,highfive,8,0.99680007,1,"[0.05827, 0.15793, -4.18702, 0.40986, -7.74316, -7.02336, -11.06791, -7.32472, 13.94545, -3.67046, 1.23853, -3.01505, 2.83715, -9.90425, 0.72884, 1.57789, -1.19581, 2.29228, -4.31948, -1.92944, -7.13093, 8.19255]"
42,sub10,supLP120,3,sub10-a__0042__wave.npy,21,wave,21,0.99880016,1,"[-0.24091, -0.73844, -3.65566, 2.15118, -7.35443, -3.14435, -5.67791, -3.4561, 5.64862, -2.18253, 2.98761, -6.56637, 2.2807, -1.75055, -2.68867, 3.10024, -5.26652, -0.14802, -2.28966, -1.07414, -3.92582, 12.57471]"
42,sub10,supLP120,3,sub10-a__0043__wave.npy,21,wave,21,0.995158,1,"[-0.04779, 0.50011, -3.94078, 2.97138, -7.07634, -2.35238, -5.43901, -3.98451, 6.07606, -2.69405, 3.06679, -6.85847, 2.19717, -2.71046, -2.64032, 2.97483, -4.88729, -0.13209, -3.19407, -0.94542, -4.43584, 11.55835]"
42,sub10,supLP120,3,sub10-a__0044__wave.npy,21,wave,21,0.9962767,1,"[0.32302, -1.03061, -3.06559, 2.80142, -7.65355, -4.14689, -6.35339, -5.19692, 6.16525, -2.5727, 4.6074, -6.63587, 3.57124, -2.11439, -2.109, 2.32397, -5.76857, -0.29724, -3.06303, -1.70771, -3.64342, 12.05323]"
42,sub10,supLP120,3,sub10-a__0046__wave.npy,21,wave,21,0.99937254,1,"[-0.17597, -0.0495, -3.5796, 2.93501, -6.72589, -2.68269, -5.83953, -2.73722, 5.34377, -2.62579, 1.83086, -6.65234, 1.11778, -2.04036, -3.16424, 3.21381, -4.38372, -0.07635, -2.51951, -0.79747, -4.22988, 12.95662]"
42,sub10,supLP120,3,sub10-a__0047__bow.npy,2,bow,2,0.9371003,1,"[9.34951, -5.00061, 12.25593, -2.36205, -9.19463, -4.47086, -3.07095, -2.15434, -5.77607, -4.10833, 7.23515, 3.95581, 6.49057, -4.65659, 6.05294, -4.14832, -4.73336, 2.9327, -2.18657, 4.26004, 1.25581, -8.58674]"
42,sub10,supLP120,3,sub10-a__0048__bow.npy,2,bow,2,0.97747004,1,"[8.91317, -5.17863, 12.85748, -2.41473, -9.04323, -4.47244, -1.4864, -1.48476, -6.80117, -3.87158, 5.87964, 3.87326, 4.78844, -4.44146, 6.67716, -3.94526, -4.93997, 2.39761, -0.80987, 4.3463, 1.49011, -8.55886]"
42,sub10,supLP120,3,sub10-a__0049__bow.npy,2,bow,2,0.9841336,1,"[8.60807, -5.20099, 13.00737, -1.90494, -8.99622, -4.29367, -0.4637, -1.15377, -7.45056, -3.74563, 5.72971, 3.74245, 4.56688, -3.95719, 7.05925, -4.33448, -4.9285, 2.34914, -0.5921, 4.40867, 1.71475, -9.11522]"
42,sub10,supLP120,3,sub10-a__0050__bow.npy,2,bow,2,0.98359644,1,"[8.3717, -4.68067, 12.87915, -1.87446, -9.10997, -4.1961, 0.2147, -0.98277, -6.99206, -4.26985, 5.05366, 4.52833, 4.10512, -4.45999, 7.50902, -4.34166, -4.56576, 1.9428, -0.216, 4.24575, 0.48188, -9.0552]"
42,sub10,supLP120,3,sub10-a__0051__bow.npy,2,bow,2,0.9872306,1,"[7.49138, -4.98574, 12.58176, -2.352, -9.34804, -4.26694, -0.01075, -0.9929, -6.13422, -4.61437, 5.16066, 5.04973, 4.18172, -4.78057, 7.28046, -4.02521, -4.12719, 2.81339, -0.82383, 4.66967, 0.24138, -8.40501]"
42,sub10,supLP120,3,sub10-a__0052__crossarms.npy,5,crossarms,5,0.9999963,1,"[-3.91566, 4.62558, -0.98393, 7.51445, -0.15322, 20.14311, -5.07954, 4.67047, -0.2442, -3.87301, 2.41952, -3.59635, 0.08367, -3.9863, -5.32713, 0.44657, 1.83621, 1.89984, -5.43443, -0.95174, -4.04975, -1.59504]"
42,sub10,supLP120,3,sub10-a__0053__crossarms.npy,5,crossarms,5,0.9999838,1,"[-3.75757, 4.87919, -1.26745, 7.20632, -0.96108, 18.38502, -4.96931, 4.22381, -0.17066, -3.74212, 2.01853, -3.67959, -0.39273, -2.34963, -5.16537, 0.3494, 0.96638, 1.26791, -4.79105, -0.83785, -3.21768, -1.01232]"
42,sub10,supLP120,3,sub10-a__0054__crossarms.npy,5,crossarms,5,0.9999596,1,"[-2.91846, 3.63706, -1.60192, 6.7848, -1.16594, 16.99572, -4.91176, 3.34139, 0.23319, -3.2981, 2.39437, -4.04096, -0.46867, -0.87083, -5.36814, 0.92814, 0.16974, 0.57775, -5.71244, -1.14964, -2.61537, 1.43597]"
42,sub10,supLP120,3,sub10-a__0055__crossarms.npy,5,crossarms,5,0.9999559,1,"[-3.34148, 3.80261, -2.28616, 5.99156, -1.5469, 16.28182, -5.10073, 3.96932, 0.41805, -2.95271, 1.7635, -3.85077, -0.13896, 0.56057, -5.30209, 0.71361, -0.27611, 0.82015, -5.086, -1.29575, -1.54808, 1.67143]"
42,sub10,supLP120,3,sub10-a__0056__crossarms.npy,5,crossarms,5,0.9999871,1,"[-2.8686, 4.38207, -1.91467, 5.8194, -0.82187, 17.36675, -4.76402, 2.53528, 0.9717, -3.52184, 1.75316, -3.32512, -0.68826, -1.54497, -4.71962, 0.21884, 1.2216, 1.73092, -5.80138, -0.8885, -2.85075, 0.41182]"
42,sub10,supLP120,3,sub10-a__0059__airpunch.npy,1,airpunch,1,0.8438277,1,"[0.71674, 8.04052, -4.21152, 3.85895, -3.52961, -2.32644, -4.61998, -7.17694, 6.13281, -5.40986, 3.57846, -5.43755, 2.52873, -3.19913, -0.99128, 2.47599, -4.52812, -3.00058, 0.06392, -0.86303, -6.77147, 0.66834]"
42,sub10,supLP120,3,sub10-a__0060__airpunch.npy,1,airpunch,1,0.97963697,1,"[0.31556, 9.26108, -2.88693, 1.47499, -2.16248, -2.2246, -5.05356, -5.73942, 4.49001, -6.62286, 1.80545, -3.39573, -0.89577, -2.15111, -1.57952, 1.34335, -3.50277, -2.80244, 4.70999, 0.45263, -5.98792, -2.03705]"
42,sub10,supLP120,3,sub10-a__0061__airpunch.npy,1,airpunch,1,0.9819827,1,"[-1.00805, 8.96519, -3.33305, 2.96708, -1.73279, -1.66925, -4.7239, -5.40895, 4.10597, -5.69399, 1.72822, -3.57746, -0.29129, -2.4767, -1.30946, 1.69773, -2.41517, -2.43158, 3.88956, 0.14328, -5.39204, -1.503]"
42,sub10,supLP120,3,sub10-a__0062__airpunch.npy,1,airpunch,1,0.9869828,1,"[-1.02959, 8.9916, -2.49885, 2.83903, -1.09686, -2.49914, -6.04468, -4.53543, 3.27916, -6.32991, 1.38739, -3.08891, -0.85186, -0.85469, -2.18288, 0.91301, -1.66666, -3.07893, 3.95584, -0.42555, -5.01389, -0.20734]"
42,sub10,supLP120,3,sub10-a__0063__drink.npy,7,drink,7,0.9999349,1,"[-2.60261, 2.78457, 0.14158, 3.12086, -5.68387, -1.55643, -2.76005, 14.50132, -2.62096, -2.1754, -0.01494, -4.69075, -0.3849, 0.5338, -5.50043, 2.26008, -5.80858, 0.37976, 2.84522, 0.21557, -0.17484, 4.00806]"
42,sub10,supLP120,3,sub10-a__0064__drink.npy,7,drink,7,0.9999291,1,"[-2.25563, 4.4035, 1.15689, 3.38499, -4.70054, -2.22786, -3.68609, 14.54605, -2.57331, -3.05827, -0.31443, -3.70194, -0.58957, -1.60868, -4.75648, 0.53725, -2.62936, 2.35737, 1.88885, 1.87815, -1.24803, 1.60681]"
42,sub10,supLP120,3,sub10-a__0065__drink.npy,7,drink,7,0.9999472,1,"[-2.87447, 1.99987, 0.24776, 2.58437, -5.26308, -1.01785, -3.06407, 14.52585, -2.79408, -1.62724, 0.47081, -5.56169, -0.68896, 1.91859, -5.58119, 2.78784, -6.4497, 0.74114, 1.96196, 0.36869, 0.91141, 3.83836]"
42,sub10,supLP120,3,sub10-a__0066__drink.npy,7,drink,7,0.9999782,1,"[-2.30555, 3.72919, 1.3366, 3.35124, -5.08524, -2.80333, -3.56941, 15.42874, -2.65272, -2.73941, 0.00476, -4.22777, -0.10916, -1.14174, -5.09151, 0.66859, -3.54873, 2.31186, 2.15948, 1.35126, -1.00629, 2.13034]"
42,sub10,supLP120,3,sub10-a__0067__drink.npy,7,drink,7,0.99984884,1,"[-2.25439, 3.69366, 0.48484, 3.1034, -4.46589, -1.5633, -3.99995, 13.52656, -1.80704, -2.80912, -0.0935, -4.2286, -1.32422, -1.50138, -4.91505, 1.05777, -3.33345, 2.14297, 1.64355, 2.29044, -1.83001, 3.02397]"
42,sub10,supLP120,3,sub10-a__0068__drink.npy,7,drink,7,0.9999871,1,"[-2.66494, 2.8242, 0.99544, 3.41576, -4.90884, -2.56675, -2.94296, 15.67949, -2.98667, -1.94902, 0.182, -5.03042, -0.30262, 0.53758, -5.08228, 1.12467, -4.57607, 2.01507, 1.99971, 1.00828, 0.37445, 1.87836]"
42,sub10,supLP120,3,sub10-a__0069__brushteeth.npy,3,brushteeth,3,0.9760358,1,"[3.07239, 2.44996, -2.89188, 10.99843, -3.42221, -3.41503, -3.50476, -1.96165, -0.11922, -2.57796, -1.82169, -7.03583, -1.03148, 7.25532, -2.46337, -0.79862, -1.8565, -3.02873, -0.08793, -1.49736, -0.1649, 2.67156]"
42,sub10,supLP120,3,sub10-a__0070__brushteeth.npy,3,brushteeth,3,0.99904484,1,"[0.71472, -1.5139, -3.7894, 10.77068, -2.49045, -2.80523, -1.81088, -2.21694, 2.22659, -0.43206, -0.46269, -6.49593, 0.86999, 1.76781, -1.49268, -2.03091, -1.58007, -0.00329, -1.5827, -1.84692, 0.65674, 3.00407]"
42,sub10,supLP120,3,sub10-a__0071__brushteeth.npy,3,brushteeth,3,0.99950194,1,"[2.31181, -0.97419, -3.42289, 11.40937, -1.90291, -3.16891, -1.41503, -3.37031, 2.92479, -1.32424, -0.28511, -6.23534, 0.82793, 0.64794, -0.63209, -2.28741, -0.62517, 0.25763, -3.00528, -1.7074, -1.11153, 1.95699]"
42,sub10,supLP120,3,sub10-a__0072__brushteeth.npy,3,brushteeth,3,0.99899024,1,"[2.0519, -1.36984, -3.59, 10.83101, -3.00439, -2.71234, -2.27222, -3.07113, 1.98826, -0.00092, 1.03046, -6.51358, 2.01041, 2.74771, -0.73318, -3.51899, -1.79831, -0.3179, -2.71386, -1.8208, 1.5849, 0.73713]"
42,sub10,supLP120,3,sub10-a__0074__brushteeth.npy,3,brushteeth,3,0.9994228,1,"[1.21438, -1.24185, -3.8489, 10.89066, -2.25721, -2.75432, -1.54547, -2.46047, 2.20992, -0.33224, -0.41661, -6.36733, 0.69196, 1.65189, -1.08164, -2.62027, -1.02626, -0.01939, -1.69185, -1.64671, 0.20743, 1.75648]"
42,sub10,supLP120,3,sub10-a__0075__brushteeth.npy,3,brushteeth,3,0.9982128,1,"[4.34303, 0.71674, -3.19722, 11.14602, -2.3052, -3.56722, -1.69273, -4.46449, 3.55023, -2.33033, -0.6249, -5.90863, 0.1673, 0.73872, 0.32487, -3.19608, 0.04329, 0.54168, -3.95896, -1.51767, -2.14141, 0.35118]"
42,sub10,supLP120,3,sub10-a__0076__highfive.npy,8,highfive,8,0.99726665,1,"[0.11517, 1.31224, -4.65115, 4.91384, -7.27336, -7.77809, -9.93065, -8.61791, 13.66854, -3.37112, 3.81158, -6.85853, 5.6948, -6.99357, -1.24624, 1.69024, -5.63088, -0.02553, -5.04379, -3.94797, -4.31129, 7.53688]"
42,sub10,supLP120,3,sub10-a__0077__highfive.npy,8,highfive,8,0.9768098,1,"[0.41805, 0.84573, -4.94348, 0.75062, -6.94147, -6.40819, -10.5428, -6.80263, 11.53228, -3.01365, 3.09518, -3.14451, 3.94705, -6.47502, -1.5172, 3.19861, -2.17069, 2.21693, -5.10367, -1.48959, -7.83698, 7.74339]"
42,sub10,supLP120,3,sub10-a__0078__highfive.npy,8,highfive,8,0.9989298,1,"[-0.21542, 2.16792, -4.7203, 2.69828, -6.0613, -5.62305, -11.32645, -7.81065, 13.76667, -3.63829, 3.58452, -4.57113, 4.76998, -8.02086, -1.52267, 2.06575, -2.71601, 1.38999, -5.64336, -3.0803, -7.36067, 6.72092]"
42,sub10,supLP120,3,sub10-a__0080__highfive.npy,8,highfive,8,0.97045565,1,"[0.99514, 0.01838, -4.07734, 0.07705, -7.63171, -6.68811, -10.41828, -6.89116, 11.83302, -3.04579, 2.5846, -3.39458, 3.61886, -7.65426, -0.73232, 2.83288, -2.71901, 2.24186, -4.47799, -1.73642, -6.98803, 8.32124]"
42,sub10,supLP120,3,sub10-a__0081__highfive.npy,8,highfive,8,0.71227986,1,"[0.73922, 0.28962, -4.75006, 1.68671, -6.31894, -4.91774, -9.87991, -6.49548, 11.19475, -2.4423, 2.75727, -4.8698, 3.71358, -5.54019, -2.32714, 3.56676, -3.69295, 0.77104, -4.45766, -2.56044, -5.63533, 10.28474]"
42,sub10,supLP120,3,sub10-a__0082__wave.npy,21,wave,21,0.98777115,1,"[-0.02854, -0.644, -4.23336, 3.22324, -7.73651, -3.49226, -7.83361, -4.86676, 8.49473, -2.46344, 3.09353, -7.559, 3.11954, -2.87135, -2.96812, 3.81173, -6.03211, 0.4899, -4.56963, -2.41253, -3.17506, 12.91035]"
42,sub10,supLP120,3,sub10-a__0083__wave.npy,21,wave,21,0.98775905,1,"[0.30235, -0.35992, -3.79957, 2.8173, -7.30405, -3.12872, -7.54325, -5.01577, 7.38139, -2.76329, 3.24905, -6.34561, 3.31069, -3.48145, -2.6752, 3.24851, -4.81468, 0.36446, -3.86996, -2.09511, -4.26243, 11.83219]"
42,sub10,supLP120,3,sub10-a__0084__wave.npy,21,wave,21,0.96294427,1,"[0.73792, -0.41354, -3.1638, 2.8493, -7.78294, -4.25574, -7.62626, -6.18874, 7.51319, -3.00998, 5.15179, -6.78495, 4.04965, -3.47372, -1.67792, 1.84185, -5.58703, 0.11522, -3.89326, -2.21429, -3.5619, 10.90255]"
42,sub10,supLP120,3,sub10-a__0085__wave.npy,21,wave,21,0.99510163,1,"[0.1562, 0.8257, -4.16761, 3.76984, -6.53834, -1.54435, -6.36145, -2.77811, 6.53447, -2.16495, 2.67163, -7.5144, 1.88152, -2.65675, -3.53162, 3.08363, -4.64138, 0.11084, -3.81969, -1.0153, -4.32168, 11.97347]"
42,sub10,supLP120,3,sub10-a__0086__wave.npy,21,wave,21,0.9967686,1,"[-1.39795, 0.91277, -4.17486, 4.81837, -6.67433, -2.54086, -6.61461, -2.60122, 7.06336, -2.7182, 2.36726, -7.87575, 2.49105, -3.13373, -3.66864, 2.82972, -4.51563, 0.19153, -4.56295, -1.58759, -4.26758, 12.92925]"
42,sub10,supLP120,3,sub10-a__0087__bow.npy,2,bow,2,0.96605664,1,"[8.135, -4.75245, 11.89662, -1.84708, -8.72635, -3.87743, -2.20351, -1.54917, -6.16184, -4.20314, 6.1624, 5.09925, 5.51541, -3.80107, 6.64669, -4.09568, -4.00071, 2.45023, -1.68685, 4.30712, 0.27706, -8.84653]"
42,sub10,supLP120,3,sub10-a__0088__bow.npy,2,bow,2,0.98595434,1,"[7.4, -4.18721, 12.35953, -1.83667, -8.63494, -3.46546, 0.07547, -0.82656, -6.34914, -4.63052, 5.08343, 4.98562, 4.33525, -3.9668, 7.09259, -4.30948, -4.08018, 2.07576, -0.97176, 4.46974, 0.24469, -8.86812]"
42,sub10,supLP120,3,sub10-a__0090__bow.npy,2,bow,2,0.9688384,1,"[8.98742, -5.11958, 12.62933, -1.84158, -9.38227, -4.41432, -1.45684, -1.2092, -6.65332, -3.84818, 5.68528, 3.78144, 4.44886, -4.82084, 7.17926, -4.08312, -4.70048, 1.98666, -0.45022, 4.30192, 0.76958, -8.42485]"
42,sub10,supLP120,3,sub10-a__0092__crossarms.npy,5,crossarms,5,0.99996746,1,"[-3.48258, 4.44591, -1.22042, 7.2274, -1.09646, 17.74209, -4.46177, 5.15678, -1.28294, -3.72795, 2.07188, -3.60321, -0.35522, -1.58361, -4.796, 0.04863, 0.16378, 0.7119, -3.70956, -0.66558, -2.37124, -1.18626]"
42,sub10,supLP120,3,sub10-a__0093__crossarms.npy,5,crossarms,5,0.99997735,1,"[-2.54353, 5.23354, -1.14386, 6.38926, -0.93155, 17.40172, -4.77444, 2.54594, 0.29727, -4.12651, 1.69439, -3.09073, -1.14673, -2.99422, -4.16855, -0.23459, 1.43602, 1.8303, -4.66927, -0.0789, -3.87085, -1.5804]"
42,sub10,supLP120,3,sub10-a__0096__crossarms.npy,5,crossarms,5,0.99987626,1,"[-2.52987, 2.64458, -2.19263, 6.10475, -1.95686, 15.23442, -4.41284, 3.22321, 0.58733, -2.62751, 2.24281, -3.86062, -0.0767, 0.61024, -5.10593, 0.145, -0.28944, 0.66967, -5.04322, -1.26241, -2.15807, 1.66013]"
42,sub10,supLP120,3,sub10-a__0097__crossarms.npy,5,crossarms,5,0.9999056,1,"[-2.48333, 3.15027, -1.44102, 6.97301, -1.75697, 16.30541, -4.53687, 3.22331, 0.07267, -3.02519, 2.53719, -3.95524, 0.07382, -0.16347, -5.44772, 0.35011, 0.08351, 0.32077, -5.42217, -1.50272, -2.42497, 1.09731]"
42,sub10,supLP120,3,sub10-a__0098__crossarms.npy,5,crossarms,5,0.99996746,1,"[-2.73068, 3.08245, -1.55094, 5.71455, -1.60189, 16.25557, -4.45158, 3.37129, 0.41709, -3.08865, 1.98458, -3.73486, -0.64161, -0.79473, -4.99242, 0.20741, 0.07306, 1.45872, -4.60831, -0.67163, -2.31245, 0.99217]"
42,sub10,supLP120,3,sub10-a__0099__airpunch.npy,1,airpunch,1,0.9989555,1,"[-5.17791, 12.21271, -2.31168, 3.00278, -1.58975, 0.17579, -5.45767, 3.09199, 3.54422, -7.42492, -3.77446, -2.72633, -5.84567, -3.62978, -1.44577, 0.6334, 2.13314, -0.03756, 4.64001, 2.74123, -4.35269, 0.41202]"
42,sub10,supLP120,3,sub10-a__0100__airpunch.npy,1,airpunch,1,0.9866078,1,"[-1.51934, 10.25132, -2.62494, 3.49198, -2.03235, -3.03068, -6.56561, -4.06794, 5.82908, -7.16584, -0.43613, -3.51414, -1.92655, -3.82836, -1.32306, 0.85529, -0.07855, -0.27581, 1.13557, 0.26411, -6.04683, 0.38211]"
42,sub10,supLP120,3,sub10-a__0101__airpunch.npy,1,airpunch,1,0.9978807,1,"[-4.10828, 11.06038, -3.30432, 3.07634, -1.81921, -0.66176, -5.29452, -0.48611, 4.39257, -6.8555, -2.15271, -3.8538, -3.92719, -4.27038, -1.5944, 1.63178, 0.74102, 0.98109, 2.21389, 2.07326, -5.1132, 1.34496]"
42,sub10,supLP120,3,sub10-a__0102__airpunch.npy,1,airpunch,1,0.8709728,1,"[-0.56132, 7.3983, -3.64475, 4.97975, -2.65073, -3.00469, -3.86216, -5.25315, 2.94205, -4.69965, 3.24152, -5.42129, 2.40017, -1.19209, -0.82946, 2.47208, -4.12072, -1.93678, -1.81486, -0.21282, -4.52933, 3.27597]"
42,sub10,supLP120,3,sub10-a__0103__airpunch.npy,1,airpunch,1,0.94358444,1,"[-0.40746, 8.25564, -3.44779, 2.53032, -1.94088, -1.45996, -5.98441, -5.4376, 5.26411, -5.72697, 2.29568, -4.01091, -0.65229, -1.97635, -1.24079, 1.48975, -2.88203, -2.19704, 1.828, -0.15849, -5.16547, -0.43734]"
42,sub10,supLP120,3,sub10-a__0104__drink.npy,7,drink,7,0.99995065,1,"[-4.61866, 2.22504, -0.39877, 2.94505, -4.14447, -0.534, -2.68287, 15.03224, -1.90396, -1.59368, -0.98536, -5.26725, -0.83288, 2.13835, -5.37815, 3.1036, -5.86449, 1.21609, 0.69188, -0.31918, 1.62825, 4.54139]"
42,sub10,supLP120,3,sub10-a__0106__drink.npy,7,drink,7,0.99989057,1,"[-2.75457, 1.58624, 0.24675, 2.897, -4.83743, -2.97066, -4.11766, 14.00751, -1.93718, -1.64551, 0.34359, -5.18681, -0.75918, 0.72765, -5.15295, 1.77586, -5.39371, 1.84427, 1.63258, 0.68834, 0.16163, 4.42293]"
42,sub10,supLP120,3,sub10-a__0107__drink.npy,7,drink,7,0.9999778,1,"[-2.72288, 2.64427, 0.6939, 3.73465, -5.34213, -2.50012, -2.85388, 15.27207, -2.89966, -1.78734, 0.46972, -5.06066, -0.24953, 0.16508, -4.87957, 1.16519, -4.91993, 1.44075, 2.02459, 0.92738, 0.03347, 2.68949]"
42,sub10,supLP120,3,sub10-a__0108__drink.npy,7,drink,7,0.8789989,1,"[-3.41284, 1.20289, -0.15782, 4.57707, -2.50359, 0.54443, -2.39383, 7.47218, -4.1758, -1.89604, 0.97748, -5.2337, -2.1015, 3.31245, -2.36688, 1.45995, -3.92386, -1.7748, 1.60887, 1.76403, 2.80359, 4.33586]"
42,sub10,supLP120,3,sub10-a__0109__brushteeth.npy,3,brushteeth,3,0.9320864,1,"[3.19252, 2.12062, -1.35803, 10.74218, -2.73372, -4.55361, -3.33562, -0.22204, -2.43452, -2.34093, -2.73865, -6.39199, -0.93686, 8.11033, -1.59868, -0.84002, -1.31134, -1.99253, 0.08093, -0.89102, 1.2735, 0.60602]"
42,sub10,supLP120,3,sub10-a__0110__brushteeth.npy,3,brushteeth,3,0.9998399,1,"[0.80818, -0.09393, -3.08644, 11.97954, -1.49678, -2.14402, -1.05681, -1.09061, 1.70664, -1.30138, -1.51579, -5.96545, 0.34584, 1.60562, -1.51087, -1.70494, 0.01101, 0.47158, -2.60454, -1.53331, -0.93467, 1.65088]"
42,sub10,supLP120,3,sub10-a__0111__brushteeth.npy,3,brushteeth,3,0.9997485,1,"[1.27772, -1.18928, -2.91563, 11.63141, -1.64533, -2.38288, -1.41165, -1.54962, 1.4544, -0.31725, -0.41685, -6.0193, 1.6427, 1.37508, -0.90723, -3.16181, -0.31559, 0.66639, -2.73542, -2.21525, 0.67428, 1.27357]"
42,sub10,supLP120,3,sub10-a__0112__brushteeth.npy,3,brushteeth,3,0.999353,1,"[1.4483, -1.50433, -3.14442, 10.82262, -1.94553, -3.00961, -1.60169, -1.47283, 0.94497, -0.1146, -0.65922, -6.3116, 0.83307, 2.09117, -1.32378, -2.41784, -1.11197, -0.31892, -1.31303, -1.43047, 1.05534, 2.09804]"
42,sub10,supLP120,3,sub10-a__0113__brushteeth.npy,3,brushteeth,3,0.99837095,1,"[1.78002, -1.32956, -2.88526, 10.23072, -2.22024, -2.51285, -1.75027, -0.95434, 0.66524, 0.08561, -0.76514, -6.05795, 0.69479, 2.95717, -1.117, -3.18336, -1.24419, -0.08279, -1.1345, -1.45507, 1.874, 1.58351]"
42,sub10,supLP120,3,sub10-a__0114__highfive.npy,8,highfive,8,0.9977723,1,"[0.73728, 0.88964, -4.48555, 2.67354, -7.87909, -6.89821, -10.84873, -8.32911, 13.56325, -3.34554, 4.80864, -4.76532, 5.81293, -7.6632, -0.9547, 2.13919, -3.84698, 1.79841, -6.46755, -2.28836, -7.19137, 7.12579]"
42,sub10,supLP120,3,sub10-a__0116__highfive.npy,8,highfive,8,0.9393021,1,"[0.49862, 1.33335, -4.68906, 2.20017, -6.63054, -4.8813, -10.7135, -6.68049, 11.24893, -3.31129, 2.9254, -4.16346, 4.08568, -6.0454, -2.18621, 3.24618, -3.08702, 1.23355, -5.27553, -2.28654, -7.08287, 8.4848]"
42,sub10,supLP120,3,sub10-a__0117__highfive.npy,8,highfive,8,0.99733245,1,"[2.12251, 3.42827, -3.89338, 1.34272, -6.74596, -4.84491, -10.34947, -7.2769, 11.55277, -4.39407, 3.10331, -4.52276, 3.00455, -6.96316, -0.63742, 1.75784, -2.86529, 2.16806, -4.50938, -1.27382, -7.53897, 5.17852]"
42,sub10,supLP120,3,sub10-a__0118__highfive.npy,8,highfive,8,0.9928341,1,"[2.14045, 2.24376, -4.29076, 1.16446, -7.35478, -5.09426, -10.28206, -7.31141, 11.10644, -3.87126, 2.78059, -4.11951, 3.08657, -6.78049, -0.58085, 2.18273, -2.69747, 2.70971, -4.83101, -0.99205, -7.34095, 5.98281]"
42,sub10,supLP120,3,sub10-a__0119__highfive.npy,8,highfive,8,0.99619126,1,"[2.61695, 3.86837, -3.73348, 1.39358, -7.15793, -5.0169, -9.83967, -8.02372, 10.62478, -4.63983, 3.56021, -4.29901, 3.01428, -6.7485, -0.14201, 1.53902, -3.19488, 2.16698, -3.75515, -0.81545, -7.147, 3.06067]"
42,sub10,supLP120,3,sub10-a__0120__wave.npy,21,wave,21,0.98423266,1,"[0.22543, -0.23019, -4.72343, 2.63068, -6.92961, -2.17781, -6.94318, -4.0764, 7.55523, -2.06582, 1.9887, -6.05094, 2.49809, -3.4198, -2.88296, 3.49065, -3.64391, 0.98772, -4.76292, -1.68742, -5.1241, 11.72587]"
42,sub10,supLP120,3,sub10-a__0121__wave.npy,21,wave,21,0.89680487,1,"[1.26048, 0.1694, -4.34289, 2.16188, -7.27432, -1.34589, -6.73921, -6.27955, 7.28297, -2.1449, 4.91148, -6.36806, 3.23435, -2.94433, -2.05082, 2.92868, -5.04966, 0.09835, -4.52725, -1.17815, -4.33544, 9.57115]"
42,sub10,supLP120,3,sub10-a__0122__wave.npy,21,wave,21,0.77617663,1,"[1.34705, -0.22148, -4.48606, 2.38636, -7.84985, -4.29157, -7.98999, -6.23566, 8.80039, -2.05862, 4.26091, -6.00432, 3.96703, -4.73194, -1.75477, 2.49371, -3.72238, 1.66834, -5.10587, -1.64785, -5.64604, 10.06733]"
42,sub10,supLP120,3,sub10-a__0123__wave.npy,21,wave,21,0.7040112,1,"[2.21716, -0.11945, -3.93086, 1.57226, -7.67703, -1.6322, -6.38831, -7.47949, 6.88706, -2.32904, 6.24787, -6.25827, 3.26924, -2.92628, -1.28444, 2.55187, -5.77135, -0.31066, -3.50096, -0.73289, -4.14947, 8.21399]"
42,sub10,supLP120,3,sub10-a__0124__wave.npy,21,wave,21,0.9320381,1,"[1.43577, 0.15418, -4.57436, 3.83928, -7.25998, -2.55256, -7.7589, -5.34069, 8.18591, -1.43664, 4.80904, -7.74742, 3.04642, -2.69051, -2.44351, 2.21682, -5.20125, 0.11251, -5.00463, -1.59137, -4.00188, 10.86027]"
42,sub10,supLP120,3,sub10-a__0125__bow.npy,2,bow,2,0.9794153,1,"[8.86211, -5.16797, 12.90147, -1.94953, -8.83132, -4.08482, -1.20264, -1.43354, -7.42452, -3.39427, 6.20733, 3.37505, 5.51581, -3.63654, 6.24348, -4.41116, -4.97409, 1.99745, -1.01419, 4.09683, 2.1926, -8.94466]"
42,sub10,supLP120,3,sub10-a__0126__bow.npy,2,bow,2,0.98726404,1,"[8.45293, -4.69072, 13.02471, -1.95772, -9.0429, -4.44806, -0.67766, -1.16003, -6.80917, -4.47283, 5.41405, 4.44663, 5.61588, -4.09302, 6.23882, -4.01439, -4.44961, 2.48407, -1.00228, 3.88213, 0.86182, -8.42014]"
42,sub10,supLP120,3,sub10-a__0127__bow.npy,2,bow,2,0.9879749,1,"[8.43185, -4.78446, 13.05028, -2.06887, -9.12585, -4.53048, 0.24329, -1.05324, -7.53393, -3.51409, 5.45892, 3.26903, 5.13721, -3.84766, 6.38502, -4.09841, -4.97424, 1.68014, -0.08587, 3.54166, 1.51828, -8.55114]"
42,sub10,supLP120,3,sub10-a__0128__bow.npy,2,bow,2,0.99437994,1,"[7.72956, -4.98785, 13.25565, -1.80317, -9.13588, -4.42212, 2.32012, -0.51826, -7.85366, -3.37028, 4.71138, 3.0354, 4.537, -3.91382, 6.48538, -4.62356, -5.29401, 1.67191, 0.03123, 3.75914, 2.56772, -8.64053]"
42,sub10,supLP120,3,sub10-a__0129__bow.npy,2,bow,2,0.99365824,1,"[7.73716, -5.15064, 13.09472, -1.95655, -9.13411, -4.47065, 1.61296, -0.46181, -7.69093, -3.10919, 4.51693, 3.12113, 4.87433, -3.94865, 6.22174, -4.28563, -5.04916, 1.93169, 0.03049, 3.42268, 2.94193, -8.32432]"
42,sub10,supLP120,3,sub10-a__0130__crossarms.npy,5,crossarms,5,0.99995255,1,"[-2.10453, 4.12886, -0.63631, 7.00544, -1.74072, 17.05216, -4.47164, 2.79226, -0.90834, -3.74123, 2.94874, -4.12523, 0.12994, -1.45035, -4.97703, 0.42254, -0.23783, 0.89158, -5.15216, -0.5649, -2.30847, -0.47239]"
42,sub10,supLP120,3,sub10-a__0131__crossarms.npy,5,crossarms,5,0.99983335,1,"[-1.60652, 3.29946, -0.83312, 6.75915, -1.67128, 15.53409, -4.32341, 1.94462, -0.50918, -3.41702, 3.14634, -4.33536, -0.61047, -0.63464, -4.8702, 0.66334, -0.49342, 0.216, -5.37855, -0.5609, -2.43815, 0.92865]"
42,sub10,supLP120,3,sub10-a__0132__crossarms.npy,5,crossarms,5,0.99962485,1,"[-1.58383, 2.58959, -1.80856, 6.05191, -2.0475, 14.05855, -4.18217, 2.17604, -0.34471, -2.31958, 2.55723, -4.0815, -0.7256, 1.83863, -4.81734, 0.60993, -0.45038, -0.38791, -4.83677, -0.72529, -1.37798, 1.87448]"
42,sub10,supLP120,3,sub10-a__0133__crossarms.npy,5,crossarms,5,0.99985623,1,"[-2.1638, 3.12821, -1.30068, 6.27011, -2.12498, 15.23922, -4.45622, 3.03681, -0.46842, -3.00135, 2.54612, -3.99702, -0.43163, 0.96396, -4.92767, 0.30742, -0.67065, 0.31612, -4.50368, -0.58989, -1.32021, 1.27499]"
42,sub10,supLP120,3,sub10-a__0134__crossarms.npy,5,crossarms,5,0.9999293,1,"[-1.57587, 3.22663, -0.95295, 6.15094, -1.90948, 15.83056, -4.31674, 1.75965, -0.34019, -3.30677, 3.03155, -4.10088, -0.71086, -0.58996, -4.57077, 0.38986, -0.22882, 0.62686, -5.29319, 0.05743, -2.15039, 0.62964]"
42,sub10,supLP120,3,sub10-a__0136__drink.npy,7,drink,7,0.999969,1,"[-3.27747, 3.36128, 0.94311, 4.41106, -5.78326, -2.2499, -2.3052, 15.39445, -4.07818, -2.19111, 0.4132, -4.89161, 0.66592, 0.37582, -4.98931, 1.82874, -4.62473, 0.66953, 2.53964, 0.58634, 0.54512, 1.80258]"
42,sub10,supLP120,3,sub10-a__0138__drink.npy,7,drink,7,0.9999348,1,"[-2.60312, 4.07613, 1.24657, 3.85455, -5.87178, -1.94452, -3.17904, 14.59199, -3.30242, -2.94046, 0.32356, -4.35529, 0.10375, -0.56149, -4.68346, 1.15388, -4.03365, 1.68472, 1.94811, 1.5919, -0.4562, 2.03953]"
42,sub10,supLP120,3,sub10-a__0139__drink.npy,7,drink,7,0.99977833,1,"[-2.15649, 4.18303, 1.10979, 4.0652, -5.43939, -1.59972, -3.08555, 13.50419, -3.69694, -2.87268, 0.42088, -3.48764, -0.39724, -1.17805, -3.87534, 0.53955, -2.72115, 1.94736, 2.17246, 2.60772, -1.06163, 0.01217]"
42,sub10,supLP120,3,sub10-a__0140__drink.npy,7,drink,7,0.9899458,1,"[-2.01878, 5.66705, 0.94134, 5.42141, -5.44655, -1.66459, -3.10871, 10.91533, -4.02738, -4.27907, 0.19894, -3.10473, -1.20109, -2.63799, -2.92429, 0.44781, -1.5752, 1.47303, 2.01894, 3.15991, -2.06252, 0.28487]"
42,sub10,supLP120,3,sub10-a__0141__airpunch.npy,1,airpunch,1,0.9941871,1,"[-2.43674, 9.8766, -1.03657, 4.21049, -2.07895, -0.94856, -7.07958, -0.8957, 3.01367, -7.59125, -0.06157, -2.8759, -2.56006, -2.22243, -2.15679, 0.40213, -0.46464, -1.8493, 2.84609, 0.58025, -4.83679, 0.75394]"
42,sub10,supLP120,3,sub10-a__0142__airpunch.npy,1,airpunch,1,0.985028,1,"[0.12923, 8.50419, -2.43999, 2.55509, -1.64078, -1.38075, -6.44835, -4.7507, 3.62105, -5.8349, 2.81407, -3.25388, -0.84933, -1.66986, -0.86251, 0.00399, -1.28656, -0.66959, 0.42791, 0.5948, -4.45602, -1.72458]"
42,sub10,supLP120,3,sub10-a__0143__airpunch.npy,1,airpunch,1,0.987386,1,"[-0.85481, 8.99867, -2.80549, 3.13674, -2.03656, -1.27064, -6.61248, -4.17526, 4.09578, -6.38995, 2.34901, -3.90716, -0.77129, -1.94476, -1.21055, 0.90104, -2.04731, -1.58754, 1.08727, 0.34607, -4.77449, -0.26297]"
42,sub10,supLP120,3,sub10-a__0144__airpunch.npy,1,airpunch,1,0.96814436,1,"[0.84091, 8.58882, -2.8864, 2.66357, -1.82026, -1.8064, -6.34839, -5.71327, 4.75873, -5.65569, 3.61879, -3.72915, 0.32308, -1.09096, -1.27413, 0.42611, -2.49933, -1.70946, 0.23145, -0.79341, -5.14164, -1.36799]"
42,sub10,supLP120,3,sub10-a__0145__airpunch.npy,1,airpunch,1,0.98809016,1,"[-1.35918, 8.90709, -3.94416, 3.86343, -1.51934, -0.46189, -4.1395, -4.84649, 2.91538, -5.07733, 2.04519, -4.5637, -0.34353, -1.79208, -0.48883, 1.83131, -2.52225, -1.6156, 0.43584, 1.34742, -3.89381, -0.51299]"
42,sub10,supLP120,3,sub10-a__0146__brushteeth.npy,3,brushteeth,3,0.9997595,1,"[2.80377, 1.06718, -1.90749, 11.96373, 0.06075, 0.70268, -0.23906, -2.56408, 1.89741, -2.81954, -1.03457, -5.43859, -0.42402, -0.73194, -0.84668, -1.03445, -0.24838, 1.1266, -4.5678, -1.31084, -2.6194, 0.05351]"
42,sub10,supLP120,3,sub10-a__0147__brushteeth.npy,3,brushteeth,3,0.99963236,1,"[2.47604, -0.15044, -2.6602, 11.37497, -1.78216, -0.93886, -1.25016, -1.80604, 1.82157, -1.45308, -0.76642, -5.96027, 0.64178, 0.5229, -1.34727, -1.76818, -0.88474, -0.0026, -2.90337, -1.54354, -1.09269, 1.66562]"
42,sub10,supLP120,3,sub10-a__0148__brushteeth.npy,3,brushteeth,3,0.9997315,1,"[3.0943, 0.23036, -2.03848, 12.00026, -1.85499, -1.831, -1.28197, -1.99766, 0.9474, -1.72359, -0.28708, -5.99118, 1.46258, 1.98937, -0.85599, -2.86624, -0.59505, -0.0063, -3.59849, -1.2802, -0.22209, 0.24599]"
42,sub10,supLP120,3,sub10-a__0150__brushteeth.npy,3,brushteeth,3,0.9994061,1,"[2.95799, -0.54706, -2.73163, 11.10794, -1.73486, -2.38891, -1.39867, -2.82372, 2.11763, -1.22499, -0.86979, -5.75364, 0.35491, 0.34732, -0.8846, -2.15881, -0.90367, -0.1241, -2.44752, -1.38483, -1.05834, 1.5685]"
42,sub10,supLP120,3,sub10-a__0151__brushteeth.npy,3,brushteeth,3,0.9995472,1,"[2.00532, -1.1043, -2.30537, 11.04585, -2.0062, -1.78494, -1.36862, -1.62904, 0.9879, -0.7789, -0.21993, -5.80266, 1.37676, 1.31815, -1.0264, -3.02071, -0.8186, 0.35738, -2.10752, -1.56914, 0.86782, 1.14439]"
42,sub10,supLP120,3,sub10-a__0152__highfive.npy,8,highfive,8,0.9992225,1,"[2.22684, 4.28852, -3.53899, 2.77225, -7.39485, -6.93425, -11.09015, -7.79381, 12.29109, -5.33949, 3.31118, -4.10848, 2.86475, -7.86014, -0.2545, 1.31378, -2.53827, 1.53467, -3.69198, -0.70969, -8.53267, 2.80796]"
42,sub10,supLP120,3,sub10-a__0153__highfive.npy,8,highfive,8,0.945807,1,"[1.63101, 6.73175, -2.8288, 1.38818, -5.82543, -3.80378, -9.75231, -6.38156, 9.62951, -6.5296, 1.12373, -4.08433, -0.0032, -7.16831, -0.29654, 1.56943, -1.94804, 2.06085, -1.6839, 0.79424, -7.71095, 1.24753]"
42,sub10,supLP120,3,sub10-a__0155__highfive.npy,8,highfive,8,0.8882606,1,"[2.24909, 7.40566, -2.4003, 1.74767, -5.43517, -3.77348, -9.68629, -7.40238, 9.50224, -6.86986, 2.7084, -4.1828, 0.60388, -6.32896, -0.28569, 0.93423, -2.86253, 0.4254, -0.35181, -0.17306, -7.24444, -0.74839]"
42,sub10,supLP120,3,sub10-a__0156__highfive.npy,8,highfive,8,0.9863006,1,"[0.47672, 6.61151, -3.63851, 3.61455, -4.48578, -3.99318, -9.46094, -7.56791, 10.98118, -5.941, 2.58326, -4.77666, 2.12056, -6.77536, -1.18271, 1.27376, -2.08809, 0.30957, -2.16598, -1.73874, -7.68565, 1.86715]"
42,sub10,supLP120,3,sub10-b1__0001__walk.npy,20,walk,20,0.99954057,1,"[5.84257, -6.58207, 1.37058, -0.16601, -4.26201, -6.61841, -5.98754, -3.97961, -3.21941, 6.51476, 5.76107, -6.54653, 5.53601, -0.09883, 2.18588, -2.59149, -7.34352, -1.18989, -0.89895, -1.84651, 15.06716, -0.7387]"
42,sub10,supLP120,3,sub10-b1__0002__turnaround.npy,19,turnaround,19,0.9773301,1,"[-2.26912, -2.54777, -3.1014, -1.56492, 0.69512, -0.32612, 2.53659, 1.06867, -6.81954, 3.62984, -1.14465, -2.49159, -3.79551, 5.41478, 3.11494, 1.24193, -0.88576, 2.29585, 1.87081, 11.77319, 7.89534, -5.64693]"
42,sub10,supLP120,3,sub10-b1__0003__walk.npy,20,walk,20,0.9999274,1,"[-2.90271, -4.84532, -3.68167, -4.3923, -2.23202, -4.75409, -3.39776, -2.65299, 0.84699, 3.95262, -1.66187, -3.02385, 2.75255, 5.03312, 0.69198, 2.46473, -3.69187, 6.58454, -2.69526, 1.9077, 16.42892, 3.15721]"
42,sub10,supLP120,3,sub10-b1__0004__turnaround.npy,19,turnaround,19,0.99974984,1,"[-1.71551, 0.23237, -6.15216, -4.28531, -3.18956, 0.04399, -1.12477, -3.86198, -0.48379, -0.41101, 2.65248, -1.65607, -3.93621, -2.7212, 7.18179, -2.15079, -0.79737, 1.71302, 1.86998, 15.49818, -1.36885, -6.72349]"
42,sub10,supLP120,3,sub10-b1__0005__walk.npy,20,walk,20,0.9987363,1,"[5.74681, -5.95685, 0.5614, -0.24218, -1.89411, -6.28784, -6.01482, -3.93542, -4.14101, 7.52854, 4.44293, -6.96381, 5.27264, 0.6779, 1.13774, -0.50221, -7.29643, -2.52335, -0.47902, -1.9947, 14.48168, -1.56942]"
42,sub10,supLP120,3,sub10-b1__0006__turnaround.npy,19,turnaround,19,0.9999083,1,"[-1.07965, -2.12622, -3.37306, -1.47782, -1.19221, -0.03153, -0.08056, -1.44038, -5.44283, 1.62388, 1.30587, -2.25274, -3.01129, 0.683, 3.98216, 0.05626, -2.21922, 3.06808, 1.35556, 14.15542, 3.54154, -6.76659]"
42,sub10,supLP120,3,sub10-b1__0007__walk.npy,20,walk,20,0.99945074,1,"[-2.85111, -3.30166, -4.17419, -3.5251, -2.6232, -2.9953, -2.58575, -1.71665, 1.12301, 4.5969, -1.43919, -3.55478, 2.72353, 6.05953, -1.09039, 5.69681, -3.52542, 5.00297, -2.73029, 2.20717, 14.41968, 1.12268]"
42,sub10,supLP120,3,sub10-b1__0008__turnaround.npy,19,turnaround,19,0.9996221,1,"[-1.65258, -0.35659, -5.4403, -4.24273, -2.8158, -0.2464, 0.00524, -3.22412, -2.2009, -0.05917, 2.61851, -0.44272, -3.95291, -2.12761, 6.60366, -1.1207, -0.76429, 1.74217, 3.46712, 14.55872, -1.2822, -7.63949]"
42,sub10,supLP120,3,sub10-b1__0009__walk.npy,20,walk,20,0.9988715,1,"[6.54147, -4.87216, 0.99012, -0.61838, -4.35701, -6.42375, -6.89244, -3.86202, -2.04481, 5.62758, 4.66162, -6.11196, 4.76964, -0.42101, 1.62781, -1.41503, -7.43547, -1.35728, -0.34028, -1.77236, 13.8807, -1.39503]"
42,sub10,supLP120,3,sub10-b1__0010__turnaround.npy,19,turnaround,19,0.9999778,1,"[0.16796, -0.59267, -3.26552, -1.75509, -3.17414, -0.73102, 0.07475, -2.84936, -5.09671, 0.46249, 1.51285, -2.49981, -5.23498, -1.413, 5.8118, -1.1848, -1.4502, 4.2571, 2.07983, 16.77723, 1.53692, -8.6674]"
42,sub10,supLP120,3,sub10-b1__0011__walk.npy,20,walk,20,0.9958651,1,"[-2.81827, -3.59299, -4.21664, -3.21294, -2.00969, -2.8263, -2.58621, -1.97343, 0.59565, 4.861, -2.62717, -1.65603, 1.81968, 8.27979, -0.09094, 2.88884, -2.29481, 3.96765, -2.05925, 2.25549, 13.81837, 0.00564]"
42,sub10,supLP120,3,sub10-b1__0012__turnaround.npy,19,turnaround,19,0.99982846,1,"[-1.31072, 0.16166, -5.08425, -4.53718, -3.21872, -0.25347, -0.44646, -3.82617, -1.92567, -0.75109, 2.40359, -0.41103, -4.75364, -2.67236, 6.8636, -1.42695, -1.11332, 2.00583, 3.5107, 15.59169, -1.83914, -8.24874]"
42,sub10,supLP120,3,sub10-b1__0013__walk.npy,20,walk,20,0.999186,1,"[5.92812, -5.40369, 0.56628, -1.04149, -4.89583, -6.61203, -6.29997, -4.79191, -1.73166, 5.74824, 5.71104, -7.40931, 5.05465, -0.87715, 1.06513, -1.05489, -8.22126, -1.30675, -0.2557, -1.6202, 14.16576, 0.13015]"
42,sub10,supLP120,3,sub10-b1__0014__turnaround.npy,19,turnaround,19,0.99998605,1,"[1.01005, 1.43229, -3.0022, -1.61376, -4.30676, 0.13845, -1.37133, -2.9443, -4.37323, -0.85716, 1.46021, -2.393, -7.02168, -2.72629, 5.86073, -0.89126, -2.29233, 3.91949, 2.81631, 17.24666, -0.15159, -9.86096]"
42,sub10,supLP120,3,sub10-b1__0015__walk.npy,20,walk,20,0.9991652,1,"[-3.5544, -3.72827, -4.90325, -4.56176, -1.86579, -2.25262, -2.52809, -2.47762, 1.32813, 3.85847, -2.0445, -2.0192, 1.27982, 6.78048, 0.36752, 4.02056, -2.46353, 6.15256, -3.20676, 3.48632, 14.40061, 1.39308]"
42,sub10,supLP120,3,sub10-b1__0016__turnaround.npy,19,turnaround,19,0.99991953,1,"[-0.38743, 0.47056, -4.10932, -5.16095, -3.85376, -0.56686, 0.34497, -2.741, -2.48505, -0.8663, 2.60938, -0.43471, -5.22206, -4.20788, 6.54268, -1.6823, -1.40167, 1.85947, 4.91384, 16.18128, -1.71616, -8.59733]"
42,sub10,supLP120,3,sub10-b1__0017__walk.npy,20,walk,20,0.999255,1,"[5.93621, -6.28238, 1.38881, -1.77082, -4.19944, -6.46407, -5.55961, -3.93953, -3.70893, 6.53988, 4.16354, -6.85949, 4.83231, -0.55672, 2.26702, -0.8219, -8.81419, -1.76909, -0.21243, -0.83022, 14.35407, -0.47584]"
42,sub10,supLP120,3,sub10-b1__0018__turnaround.npy,19,turnaround,19,0.99998903,1,"[0.87638, 0.74425, -3.65083, -1.79078, -3.40578, -0.48124, -0.82514, -1.98155, -6.0585, 0.74993, 0.99931, -2.21724, -6.15023, -1.26375, 4.91034, 0.35809, -2.68404, 4.32741, 3.58286, 16.99909, 1.08939, -11.01547]"
42,sub10,supLP120,3,sub10-b1__0019__walk.npy,20,walk,20,0.99616504,1,"[-3.06777, -2.69499, -4.39009, -4.09692, -1.41843, -1.36993, -1.61758, -1.74688, 0.23567, 3.76318, -2.14627, -1.72839, 0.45636, 7.48301, -0.15126, 3.71388, -1.92753, 5.25098, -2.63319, 4.46294, 13.23057, -0.748]"
42,sub10,supLP120,3,sub10-b1__0020__turnaround.npy,19,turnaround,19,0.9997831,1,"[-1.25756, 0.10689, -4.9464, -4.21404, -3.3245, 0.22322, -1.77641, -3.9027, -1.2947, -0.42468, 2.91815, -1.00303, -4.49375, -2.82064, 6.76309, -1.22195, -1.11533, 2.00753, 2.56004, 15.24892, -1.49678, -7.7099]"
42,sub10,supLP120,3,sub10-b1__0021__walk.npy,20,walk,20,0.999681,1,"[5.34069, -6.05915, 1.79071, -0.69703, -4.77012, -5.93217, -5.38863, -3.18588, -3.73826, 5.67334, 4.07608, -6.79898, 4.71279, -0.89799, 1.17489, -0.27046, -8.3817, -1.64243, 0.96645, -1.63778, 14.57921, -0.22726]"
42,sub10,supLP120,3,sub10-b1__0022__turnaround.npy,19,turnaround,19,0.9999932,1,"[0.36984, 0.44814, -3.51791, -1.65074, -3.10556, -0.79906, -0.06609, -2.50652, -5.58319, 0.34932, 1.2825, -2.68824, -5.15031, -1.21739, 5.19597, -1.13266, -2.29269, 4.29185, 2.52829, 17.53997, 1.71401, -9.70556]"
42,sub10,supLP120,3,sub10-b1__0023__walk.npy,20,walk,20,0.9989329,1,"[-3.64336, -3.01899, -4.92998, -4.88569, -1.403, -1.84812, -1.86415, -2.46992, 1.58093, 3.59005, -2.05769, -1.89832, 1.45599, 6.85614, -0.37853, 3.76157, -2.54666, 6.02284, -2.92674, 3.44325, 14.14676, 1.32817]"
42,sub10,supLP120,3,sub10-b1__0024__turnaround.npy,19,turnaround,19,0.999846,1,"[-1.32824, 0.21342, -4.47721, -4.40854, -3.91773, 0.07419, 0.4203, -2.9732, -2.29633, -1.05498, 2.52435, -0.16649, -4.63547, -3.527, 6.74515, -1.33951, -1.18772, 2.25565, 3.98845, 15.61565, -1.76713, -8.29912]"
42,sub10,supLP120,3,sub10-b1__0025__hop.npy,9,hop,10,0.9140512,0,"[4.85507, -2.33194, -5.96754, -0.26429, 4.62742, -8.32866, -9.0866, -7.12662, 4.5763, 7.01622, 9.67266, -4.07451, 2.53279, 0.25469, 3.3822, -2.41387, -1.95615, -5.09486, -7.76348, 0.72863, -4.50446, 1.41075]"
42,sub10,supLP120,3,sub10-b1__0026__hop.npy,9,hop,10,0.95922786,0,"[6.05031, -1.91896, -5.18331, -0.13948, 4.14066, -8.77272, -8.43866, -7.05526, 3.86508, 6.73752, 10.43251, -4.32582, 2.11687, 0.56384, 3.91562, -3.62109, -2.2879, -5.19585, -7.39682, 0.52838, -4.65547, 0.38636]"
42,sub10,supLP120,3,sub10-b1__0027__hop.npy,9,hop,10,0.3564617,0,"[3.94315, -0.33736, -6.25263, -0.22003, 6.02048, -7.26255, -8.92326, -7.40856, 6.36839, 4.37063, 6.84626, -3.89476, -2.92957, -0.0905, 6.32875, -2.54075, 0.53877, -4.51863, -6.35592, 1.65319, -6.74351, 0.74491]"
42,sub10,supLP120,3,sub10-b1__0028__hop.npy,9,hop,10,0.76943314,0,"[4.94687, -2.01193, -5.3402, 1.4028, 6.86192, -8.15229, -8.33152, -5.99732, 2.81212, 6.92228, 8.89865, -4.54948, -0.15092, 2.10502, 3.89106, -3.33227, -1.12569, -5.19994, -7.53885, 1.20879, -5.21096, -0.0516]"
42,sub10,supLP120,3,sub10-b1__0029__hop.npy,9,hop,10,0.6885982,0,"[4.50031, -1.97434, -5.98315, 1.30212, 6.96739, -8.00845, -8.74272, -6.18883, 3.37255, 7.43933, 8.77669, -4.83187, 0.97386, 2.03559, 3.37411, -3.24608, -1.56779, -5.62816, -7.55441, 0.65893, -4.87172, 1.18891]"
42,sub10,supLP120,3,sub10-b1__0030__hop.npy,9,hop,10,0.9148018,0,"[6.34414, -2.25668, -5.18074, 1.82237, 3.99569, -9.16692, -9.20801, -5.71044, 2.00127, 8.16393, 10.72694, -4.6645, 4.33749, 2.36377, 1.72615, -3.58934, -2.68094, -5.4694, -8.05566, 0.04022, -4.18539, -0.37204]"
42,sub10,supLP120,3,sub10-b1__0031__jump.npy,10,jump,10,0.6602959,1,"[9.32859, -4.19789, 0.72277, 4.80636, -1.52263, -6.95537, -8.81989, -4.48409, -6.14507, 7.72289, 11.92509, -3.65343, 11.05923, 6.21585, 0.16453, -5.86874, -5.1129, -2.35231, -7.8192, -2.1358, 3.02609, -6.06942]"
42,sub10,supLP120,3,sub10-b1__0033__jump.npy,10,jump,10,0.9929444,1,"[12.1369, -2.45249, 2.23569, 2.8318, -7.75516, -8.46963, -10.22819, -6.9255, -1.64356, 0.56313, 17.13629, -5.04039, 9.21339, -0.37498, 2.01987, -4.55016, -9.08115, -2.77651, -8.76254, 0.46605, -2.32542, -3.4711]"
42,sub10,supLP120,3,sub10-b1__0034__jump.npy,10,jump,10,0.99697804,1,"[11.12379, -2.48028, 1.42967, 2.82399, -5.61432, -8.80992, -10.13692, -6.17358, -1.98588, 2.80837, 17.16778, -4.39352, 9.84077, 0.85419, 0.75797, -4.77298, -7.18627, -2.94872, -9.35417, -0.58466, -2.55314, -4.39543]"
42,sub10,supLP120,3,sub10-b1__0035__jump.npy,10,jump,10,0.9903154,1,"[11.97617, -2.98756, 1.81072, 1.86658, -6.98376, -8.51467, -10.02148, -7.3344, -1.17736, 1.79111, 16.63479, -5.42505, 8.51712, -0.41403, 1.84029, -4.68049, -8.55269, -2.87353, -8.46075, -0.18094, -1.27513, -3.04636]"
42,sub10,supLP120,3,sub10-b1__0036__jump.npy,10,jump,10,0.99355596,1,"[11.61949, -3.28604, 1.60452, 2.47359, -6.83412, -8.51113, -10.38209, -6.82413, -1.91446, 2.81714, 16.84474, -4.67837, 10.03667, 0.53251, 1.0399, -4.93007, -8.23485, -2.79919, -8.6604, -0.09302, -0.49179, -4.29276]"
42,sub10,supLP120,3,sub10-b1__0037__runonspot.npy,13,runonspot,13,0.99999547,1,"[5.32473, 0.28398, -4.0646, 7.03932, 2.15658, -11.04217, -7.58381, -3.99843, -2.05174, 1.76621, -1.55197, -5.40542, -1.04398, 19.5413, -2.79487, -3.39135, -1.52566, -3.40781, -2.96048, -2.90628, -2.29499, 3.06439]"
42,sub10,supLP120,3,sub10-b1__0038__runonspot.npy,13,runonspot,13,0.99999666,1,"[5.92448, 0.17377, -4.25436, 6.30957, 5.09815, -10.42151, -7.81042, -4.45617, -2.94025, 2.11525, -3.7156, -5.10852, -2.14693, 19.58426, -1.81636, -3.34541, -0.43583, -4.11008, -2.90877, -2.74441, -2.0202, 2.75677]"
42,sub10,supLP120,3,sub10-b1__0039__runonspot.npy,13,runonspot,13,0.99999774,1,"[4.655, 0.98267, -4.08019, 6.85787, 3.989, -9.36121, -6.9184, -3.097, -4.00289, 1.67495, -3.01109, -4.87561, -1.68327, 20.04025, -3.49826, -2.48198, -0.52603, -4.18597, -0.54457, -2.20091, -1.54623, 1.26995]"
42,sub10,supLP120,3,sub10-b1__0041__runonspot.npy,13,runonspot,13,0.9999869,1,"[5.16871, 0.62254, -4.67625, 7.49983, 4.91861, -9.33443, -7.34509, -2.40066, -3.03218, 3.12066, -2.27995, -5.46679, -2.61594, 18.90763, -2.93867, -4.20905, -0.37643, -4.5205, -1.23851, -2.72233, -2.03586, 1.66366]"
42,sub10,supLP120,3,sub10-b1__0043__buttkicks.npy,4,buttkicks,4,0.99974555,1,"[2.40982, -2.03177, -6.94381, 4.90348, 18.66154, -2.1901, -5.50089, -1.84508, -2.99537, 9.33529, -2.57622, -2.78674, -1.14398, 9.93896, 2.74055, -0.89362, 5.14646, -4.48081, -6.53105, 0.64763, -1.64632, -2.62725]"
42,sub10,supLP120,3,sub10-b1__0045__buttkicks.npy,4,buttkicks,4,0.9999801,1,"[1.57856, -1.99193, -7.95374, 4.05518, 21.31581, -1.00139, -6.42791, -1.86264, -2.96109, 10.10936, -3.29915, -2.35718, -1.639, 9.28852, 3.13273, -0.98208, 6.47663, -5.15382, -6.99698, 0.10101, -0.36026, -2.3031]"
42,sub10,supLP120,3,sub10-b1__0046__buttkicks.npy,4,buttkicks,4,0.99917895,1,"[2.27336, -1.72984, -7.67746, 4.69863, 18.69844, -1.9202, -5.78907, -1.30182, -3.70408, 10.47138, -3.75668, -3.29317, -1.57968, 11.1978, 1.7466, -0.78221, 4.57688, -4.99021, -5.06375, -0.76516, 0.51244, -2.41904]"
42,sub10,supLP120,3,sub10-b1__0047__airkick.npy,0,airkick,0,0.9106911,1,"[9.8794, -3.88234, -4.6389, -2.95922, -1.06757, -6.70385, -6.12792, -8.72579, 2.10679, 4.654, 5.60463, -5.75531, -1.25001, -4.03898, 7.31087, -4.01068, -3.48015, -5.57869, -1.8476, 3.2146, -2.55742, 1.99498]"
42,sub10,supLP120,3,sub10-b1__0048__airkick.npy,0,airkick,0,0.99935216,1,"[15.03284, -2.98953, 1.55937, 5.32809, 3.95942, -8.22562, -7.20222, -5.49103, -5.28197, 6.33345, 6.76061, -3.7541, 0.75152, 4.68404, 5.9633, -6.60815, -2.92523, -4.20967, -6.99032, -0.0279, -1.02035, -8.22833]"
42,sub10,supLP120,3,sub10-b1__0049__airkick.npy,0,airkick,0,0.9994649,1,"[15.09554, -2.68634, 1.27991, 5.3862, 4.66288, -7.68028, -7.36209, -4.08297, -5.34173, 6.5509, 4.00674, -1.31587, 0.75025, 4.85158, 6.56663, -6.68472, 0.04975, -3.28833, -5.85811, -0.88332, -2.30231, -9.27804]"
42,sub10,supLP120,3,sub10-b1__0051__airkick.npy,0,airkick,0,0.9998765,1,"[16.05371, -1.83632, 2.5558, 5.49589, -0.33675, -8.96083, -7.04983, -5.21218, -5.14523, 3.32783, 5.87842, -1.97716, 0.61397, 4.2469, 6.09402, -5.01405, -3.4943, -2.59031, -5.54297, -0.66877, -2.13227, -8.63852]"
42,sub10,supLP120,3,sub10-b1__0052__airkick.npy,0,airkick,0,0.9993358,1,"[14.29239, -3.19451, 4.03497, 2.08408, -3.78675, -5.95232, -4.61726, -2.59982, -5.29916, 3.21708, 4.92662, -0.06418, 3.92043, -0.43151, 6.67133, -3.48891, -4.18563, -2.01728, -1.95085, 0.10755, -1.52749, -7.57017]"
42,sub10,supLP120,3,sub10-b1__0054__sidekick.npy,14,sidekick,0,0.66808355,0,"[10.7339, -1.25946, 4.38263, 3.29257, -2.80488, -3.61412, -5.47389, -3.28116, -2.4214, -0.02812, 3.04003, 2.69273, 0.94291, -0.32698, 10.02781, -5.15296, -0.88206, -0.3116, -1.91747, -0.68602, -3.63981, -6.93124]"
42,sub10,supLP120,3,sub10-b1__0055__sidekick.npy,14,sidekick,14,0.9177403,1,"[9.34712, -0.12565, 1.62301, 3.87193, -2.38454, -1.23884, -6.93228, -4.48792, -0.95132, -0.39974, 1.71113, 2.24696, -1.9987, 0.11509, 11.766, -4.34881, 1.65488, -0.08032, -1.99419, -0.2923, -3.92061, -7.10065]"
42,sub10,supLP120,3,sub10-b1__0056__sidekick.npy,14,sidekick,0,0.8209403,0,"[10.55718, 0.48845, 4.2711, 4.13671, -4.06583, -2.87177, -5.67578, -3.57061, -3.19751, -2.11212, 1.8029, 3.48724, -1.58446, -0.02461, 9.01261, -4.29812, -0.00807, 0.6176, -1.0089, 0.61762, -3.81776, -8.80317]"
42,sub10,supLP120,3,sub10-b1__0057__sidekick.npy,14,sidekick,0,0.9751888,0,"[11.5695, -3.73265, 4.38174, 4.94886, -2.90835, -3.49915, -8.13735, -4.67304, -4.69233, 2.87503, 7.11231, 0.99286, 4.48278, 2.36092, 7.02387, -4.04037, -1.99058, -0.18291, -5.34681, -0.70467, -2.28794, -8.04254]"
42,sub10,supLP120,3,sub10-b1__0059__crosstoe.npy,6,crosstoe,6,0.9997992,1,"[-3.79669, -3.62994, -1.33635, -2.55937, -3.51112, -2.98353, 15.82494, -1.22228, -4.34088, -0.33229, -0.88944, 1.15169, -0.70197, 0.01292, 5.45462, 0.10731, 2.09571, 1.861, 2.53178, 7.11347, -0.31385, -5.55905]"
42,sub10,supLP120,3,sub10-b1__0060__crosstoe.npy,6,crosstoe,6,0.99999905,1,"[-0.59732, -2.05443, 4.93453, -4.69485, -6.85048, -5.20842, 21.5559, -0.11235, -4.7207, -4.09754, -1.38978, 2.1882, -1.72022, -4.01172, 7.37359, -1.10972, -2.93446, 0.62643, 1.96294, 5.21147, -1.60943, -5.5005]"
42,sub10,supLP120,3,sub10-b1__0061__crosstoe.npy,6,crosstoe,6,0.99999917,1,"[-3.49679, -3.0432, 0.8335, -5.53382, -6.05244, -3.59393, 21.30633, -1.15912, -4.57356, -3.22685, -1.43848, 4.68967, -1.86931, -3.33659, 6.9576, 0.84545, 0.07513, 1.64407, 3.54573, 5.65429, -3.44696, -6.23469]"
42,sub10,supLP120,3,sub10-b1__0062__crosstoe.npy,6,crosstoe,6,0.9999995,1,"[-4.06014, -3.39428, -1.11901, -3.15021, -6.04249, -3.64256, 20.72066, -0.89043, -5.77155, -1.31448, -0.6037, 1.52745, 1.07684, -1.77062, 5.53591, 1.30026, 1.36482, 1.682, 3.15256, 5.23012, -2.01455, -5.70641]"
42,sub10,supLP120,3,sub10-b1__0063__crosstoe.npy,6,crosstoe,6,1.0,1,"[-2.93586, -3.51719, -1.03798, -3.46949, -6.13393, -4.04689, 22.22468, -1.81249, -6.87894, -0.80248, -1.14263, 1.82052, 2.50029, -2.92157, 4.4766, 3.40152, 0.55114, -1.50117, 3.79145, 4.47799, -2.64499, -5.53019]"
42,sub10,supLP120,3,sub10-b1__0064__throw.npy,18,throw,18,0.9980883,1,"[-3.96748, 8.81479, -0.85346, -2.72671, -5.03542, 0.93435, 4.86731, 2.98092, -4.39747, -5.17652, -4.9568, 3.18901, -5.04199, -4.38168, 0.97746, -0.37891, -0.86032, -0.82995, 16.55904, 10.03682, -2.95736, -7.10677]"
42,sub10,supLP120,3,sub10-b1__0065__throw.npy,18,throw,18,0.9999503,1,"[-2.19051, 9.26927, 1.73518, -2.35303, -4.89958, -0.97588, 3.2254, 0.25823, -2.07885, -7.63122, -5.54256, 3.65796, -5.76759, -5.59468, 0.32859, -0.28962, -0.99303, 0.31205, 19.3091, 7.25023, -3.90263, -8.02218]"
42,sub10,supLP120,3,sub10-b1__0066__throw.npy,18,throw,18,0.92434067,1,"[-2.13889, 9.55703, -0.91668, -4.31519, -3.89701, -1.59707, 1.27745, -1.55103, -1.1656, -7.87302, -3.73389, 0.84665, -6.80244, -5.29404, 1.55917, -0.61281, -0.13625, 0.98671, 13.66151, 10.93328, -4.65695, -6.47358]"
42,sub10,supLP120,3,sub10-b1__0068__throw.npy,18,throw,18,0.9682224,1,"[-1.49848, 8.06769, -1.84994, -4.95735, -3.82009, -2.03676, 1.32689, -1.45049, -1.28207, -6.52074, -3.2589, 0.9413, -6.0112, -5.43637, 1.94791, -0.71692, 0.69853, 0.33852, 14.38662, 10.91312, -5.07999, -7.35077]"
42,sub10,supLP120,3,sub10-b1__0069__walk.npy,20,walk,20,0.99563956,1,"[6.13963, -6.22989, 1.79593, 0.69958, -2.49832, -5.5527, -5.27621, -2.25914, -5.96815, 7.59929, 4.70564, -5.79066, 6.73125, 1.8631, 0.59763, -0.9524, -6.60157, -2.23089, -0.99201, -2.76061, 13.57024, -2.79605]"
42,sub10,supLP120,3,sub10-b1__0070__turnaround.npy,19,turnaround,19,0.9999398,1,"[-0.96659, -1.07513, -4.0063, -1.99384, -1.10283, 0.08416, 0.62619, -1.94143, -5.24839, 1.45797, 0.80745, -1.76748, -3.6946, 0.27356, 4.303, -0.59173, -1.27503, 3.67922, 2.66348, 14.78514, 2.8888, -7.80101]"
42,sub10,supLP120,3,sub10-b2__0001__walk.npy,20,walk,20,0.99775034,1,"[4.41116, -6.61813, 0.27105, 0.35579, -5.79575, -6.14454, -6.2773, -4.03037, -2.7283, 6.37706, 6.21991, -7.58457, 5.96167, 0.71187, 1.66612, -0.63318, -9.28711, -1.01692, -0.82789, -1.05936, 13.45585, -1.16415]"
42,sub10,supLP120,3,sub10-b2__0002__turnaround.npy,19,turnaround,19,0.98344284,1,"[-0.03015, -0.30471, -1.69615, -2.83198, -3.71753, -1.20528, 1.04841, -1.54264, -2.97881, -0.62156, 2.69143, -2.50743, 0.93449, -2.04643, 2.45383, -1.44222, -2.76699, 5.61095, -0.81874, 9.99109, 4.06611, -6.0987]"
42,sub10,supLP120,3,sub10-b2__0003__walk.npy,20,walk,20,0.9990896,1,"[-3.31474, -3.03688, -4.44253, -3.89934, -2.31175, -2.84882, -2.05022, -2.20184, 0.74894, 4.00878, -2.6495, -1.21131, 2.53599, 6.9814, 0.38696, 3.18444, -2.22592, 5.99151, -3.31502, 3.02139, 14.37565, 0.71868]"
42,sub10,supLP120,3,sub10-b2__0004__turnaround.npy,19,turnaround,19,0.9983956,1,"[-1.0237, -1.03469, -4.8718, -3.97334, -4.01529, 0.31889, -0.99989, -2.77751, -1.96773, -0.14175, 3.06603, -0.96145, -4.46887, -0.80937, 7.35915, -0.75542, -2.06458, 1.73919, 2.59507, 13.82161, -0.22912, -7.24636]"
42,sub10,supLP120,3,sub10-b2__0006__turnaround.npy,19,turnaround,19,0.99994874,1,"[0.08349, -0.74478, -3.04191, -0.9624, -1.69174, 0.19259, 1.2893, -3.17954, -5.2824, 1.07733, 1.31074, -2.53593, -4.32757, -0.3573, 5.91686, -2.04834, -0.65275, 3.46985, 1.15075, 15.94928, 2.52258, -8.58211]"
42,sub10,supLP120,3,sub10-b2__0007__walk.npy,20,walk,20,0.99938536,1,"[-3.66322, -3.66254, -4.39012, -3.72274, -1.49158, -3.92489, -0.60316, -1.45033, -0.51387, 5.112, -2.30911, -2.14744, 2.21721, 7.18893, -0.1185, 3.41262, -1.91906, 6.62302, -3.79121, 3.77494, 15.14784, 0.49606]"
42,sub10,supLP120,3,sub10-b2__0008__turnaround.npy,19,turnaround,19,0.99924064,1,"[-1.65323, -1.48003, -4.47553, -3.44017, -4.27142, 0.28803, 0.83985, -1.34337, -3.3507, 0.62264, 3.02191, -1.09316, -3.20196, -0.64883, 6.39393, 0.4146, -1.96143, 1.88545, 2.60194, 13.65771, 0.26399, -7.63843]"
42,sub10,supLP120,3,sub10-b2__0009__walk.npy,20,walk,20,0.9997693,1,"[4.78946, -6.90351, 2.07839, -0.2767, -4.25507, -5.98776, -5.676, -2.85322, -4.23982, 6.64877, 5.25232, -5.9473, 6.64947, 0.31902, 1.93271, -1.78286, -7.44767, -0.49619, -1.2332, -2.44639, 15.9102, -1.28705]"
42,sub10,supLP120,3,sub10-b2__0010__turnaround.npy,19,turnaround,19,0.9999745,1,"[1.28587, 0.25682, -1.91832, -0.82764, -1.76416, 0.05261, 0.89389, -2.31485, -6.05131, 0.5782, 2.12554, -2.76033, -3.22083, -0.92399, 5.00724, -1.82247, -2.01853, 3.1113, 1.50679, 15.95996, 3.06116, -9.52884]"
42,sub10,supLP120,3,sub10-b2__0011__walk.npy,20,walk,20,0.99427783,1,"[-3.86864, -3.19057, -4.58012, -3.43693, -0.49295, -2.94502, -0.48108, -1.30852, -0.25039, 4.68659, -2.96761, -1.30249, 0.19511, 7.88189, -0.01686, 3.75107, -1.36249, 5.94679, -2.5412, 3.69984, 13.23758, -0.24662]"
42,sub10,supLP120,3,sub10-b2__0012__turnaround.npy,19,turnaround,19,0.9993932,1,"[0.26405, -0.99534, -2.79431, -4.38919, -5.58611, 0.01726, 0.59711, -1.54668, -2.98067, -0.70102, 2.98618, 0.17748, -4.56059, -3.01751, 6.68445, -0.18157, -2.8917, 2.41023, 3.88342, 14.19492, -0.90601, -8.58365]"
42,sub10,supLP120,3,sub10-b2__0013__walk.npy,20,walk,20,0.9990833,1,"[4.49946, -6.8105, 1.56808, 0.66482, -3.59551, -5.18951, -5.65222, -1.8814, -5.45189, 7.45455, 4.49192, -5.76616, 6.9571, 1.86545, 1.42283, -1.06368, -6.93779, -1.82633, -1.20811, -2.73083, 14.9924, -1.46622]"
42,sub10,supLP120,3,sub10-b2__0014__turnaround.npy,19,turnaround,19,0.99993134,1,"[-0.21445, -0.60302, -2.66483, -1.38874, -1.26183, -0.66842, 2.0152, -2.24301, -5.301, 1.69415, 1.37772, -1.41994, -1.85006, 0.01414, 4.81833, -1.98704, 0.02949, 3.44541, 0.84952, 14.91956, 3.3249, -8.77524]"
42,sub10,supLP120,3,sub10-b2__0016__turnaround.npy,19,turnaround,19,0.9946767,1,"[-0.03737, -1.05351, -2.71955, -3.79579, -5.46678, 0.65209, -0.61476, -1.02652, -2.49307, -0.59906, 3.80682, 0.29906, -4.02483, -2.19403, 6.84128, 0.07363, -2.56022, 2.15307, 3.26168, 12.16112, -0.85314, -8.13123]"
42,sub10,supLP120,3,sub10-b2__0017__walk.npy,20,walk,20,0.99909055,1,"[2.17367, -7.47001, 1.87646, 0.87216, -2.91346, -3.80016, -4.1842, -0.02349, -7.8185, 8.36937, 4.47883, -4.50805, 7.43417, 4.00316, 1.0903, 0.34543, -6.49365, -0.60021, -1.28047, -1.73087, 15.72961, -3.22439]"
42,sub10,supLP120,3,sub10-b2__0018__turnaround.npy,19,turnaround,19,0.9999404,1,"[0.7145, -0.01454, -1.75345, -1.45983, -0.7869, -0.06207, 2.27078, -1.79667, -6.25064, 0.68451, 1.26241, -1.86404, -3.43369, 0.05693, 5.46864, -1.97419, -1.19886, 3.31391, 1.75818, 15.51603, 3.52945, -9.91151]"
42,sub10,supLP120,3,sub10-b2__0019__walk.npy,20,walk,20,0.9928295,1,"[-4.07689, -2.32977, -4.21243, -3.56939, 0.97215, -2.30458, 2.85881, -1.93681, -1.3025, 4.3422, -2.78344, -1.18386, -1.12858, 7.27438, 0.52442, 2.56761, -0.05771, 4.25082, -1.74914, 4.97259, 12.41054, -0.53272]"
42,sub10,supLP120,3,sub10-b2__0020__turnaround.npy,19,turnaround,19,0.99737406,1,"[0.85417, -0.85147, -2.12888, -4.09404, -5.88137, -0.00028, 0.22291, -1.61507, -2.79372, -1.39743, 3.36349, 0.40422, -4.3823, -3.34789, 7.17322, -0.26057, -2.77726, 2.75623, 3.69974, 13.18205, -1.31073, -8.88228]"
42,sub10,supLP120,3,sub10-b2__0021__walk.npy,20,walk,20,0.9550558,1,"[1.43678, -6.33386, 0.21388, -0.11833, -2.01382, -2.63769, -1.10306, 0.92242, -8.09635, 8.41607, 2.03074, -2.95765, 4.74357, 5.07267, 1.12478, 4.73465, -5.32494, -1.30452, -0.74351, 1.82375, 11.56035, -5.35039]"
42,sub10,supLP120,3,sub10-b2__0022__turnaround.npy,19,turnaround,19,0.98705405,1,"[-2.24258, -0.46016, -2.07673, -2.33129, -0.44063, -0.2192, 5.27726, -0.97072, -2.09955, 1.41139, 0.59205, 0.01918, -2.40859, 1.58445, 2.67928, 0.32853, 1.54228, 4.23044, 0.83254, 10.1802, 3.77555, -6.82918]"
42,sub10,supLP120,3,sub10-b2__0023__walk.npy,20,walk,20,0.99697495,1,"[-4.15496, -2.92812, -4.22421, -3.52977, 1.45092, -2.86795, 1.03732, -1.00807, -1.00789, 5.1665, -2.5952, -2.50798, -0.17227, 7.37351, -1.23654, 5.26215, -1.3012, 5.34955, -2.49676, 3.59911, 13.50247, -0.63207]"
42,sub10,supLP120,3,sub10-b2__0024__turnaround.npy,19,turnaround,19,0.98788375,1,"[0.36188, -1.77479, -1.71923, -3.20314, -5.77457, 0.96947, -0.90076, -1.05148, -3.27444, -0.69686, 4.12173, 0.42643, -3.64412, -0.85164, 6.37149, 1.33369, -3.47186, 2.52333, 2.63723, 10.93144, 0.07409, -8.25894]"
42,sub10,supLP120,3,sub10-b2__0025__hop.npy,9,hop,9,0.9110446,1,"[5.38758, -5.70725, -4.34155, -0.79276, 1.20135, -2.54084, -6.96175, -3.96982, -2.63415, 10.21399, 7.69297, -3.32649, 3.73285, -0.58416, 5.25914, -0.17742, -2.11758, -4.80592, -3.61492, 2.39084, 0.51433, -2.92401]"
42,sub10,supLP120,3,sub10-b2__0026__hop.npy,9,hop,9,0.6417006,1,"[6.59357, -6.31966, -2.11664, -0.3914, -3.05747, -3.05331, -6.34659, -3.2265, -4.82435, 9.7523, 9.05982, -3.87181, 5.24492, -1.08908, 4.0657, 0.12663, -4.67184, -4.19767, -2.44288, 2.03728, 2.21674, -4.05575]"
42,sub10,supLP120,3,sub10-b2__0027__hop.npy,9,hop,9,0.7843423,1,"[6.79136, -5.88351, -4.22858, -1.11249, 1.19454, -2.72528, -7.67994, -4.656, -2.52192, 9.85932, 8.29846, -2.76948, 3.45661, -0.75164, 5.69777, -0.56063, -2.29864, -4.91857, -4.06981, 2.8847, -0.26628, -3.50535]"
42,sub10,supLP120,3,sub10-b2__0028__hop.npy,9,hop,9,0.83283013,1,"[7.88382, -5.52261, -3.30158, -0.64397, -1.17286, -4.28168, -7.42623, -3.7057, -3.80304, 10.09885, 7.66556, -4.33886, 3.88707, -0.29758, 2.95275, -0.14133, -4.73448, -5.68749, -2.15448, 3.0028, 0.82329, -3.83588]"
42,sub10,supLP120,3,sub10-b2__0030__hop.npy,9,hop,9,0.56591105,1,"[1.94612, -5.50346, -3.57062, 0.71573, -3.16308, -1.43587, -4.19594, -2.99835, -3.46641, 6.89612, 6.21461, -1.57089, 4.66785, 2.06585, 4.53557, 3.13031, -1.60328, -1.9369, -2.67497, 2.72703, 0.81822, -3.31772]"
42,sub10,supLP120,3,sub10-b2__0031__jump.npy,10,jump,10,0.94468147,1,"[5.33969, -7.22389, 0.12541, 2.79113, -6.14089, -0.86858, -5.83675, -5.29619, -4.33964, 6.10998, 10.785, -1.11785, 6.57248, 0.10308, 7.26218, -0.31411, -3.03285, -1.44173, -5.03232, 1.85676, 0.58704, -4.6699]"
42,sub10,supLP120,3,sub10-b2__0033__jump.npy,10,jump,10,0.98349273,1,"[6.56813, -6.93295, 0.36716, 2.57105, -6.87778, -0.19925, -6.47417, -5.05463, -4.8919, 5.87547, 11.9182, -2.88709, 5.73013, 0.18902, 7.01102, -0.55704, -4.53172, -2.10482, -4.09565, 2.34165, 1.48419, -4.5294]"
42,sub10,supLP120,3,sub10-b2__0034__jump.npy,10,jump,0,0.5034958,0,"[7.68136, -2.94013, -1.70864, 4.01445, -8.09296, -0.59663, -6.83606, -4.38302, -5.04654, 2.64552, 7.58443, -5.31585, 1.5336, 2.58808, 2.45902, 0.09525, -5.75581, -5.40544, -1.48921, 4.22808, -1.88809, -1.90015]"
42,sub10,supLP120,3,sub10-b2__0035__jump.npy,10,jump,10,0.9930855,1,"[8.58237, -6.71187, 1.36622, 3.03298, -7.25041, -0.87185, -7.96342, -5.61246, -4.15724, 5.00019, 13.8123, -4.33226, 5.20108, -1.50163, 7.1092, -1.73155, -6.28945, -2.88765, -4.8779, 3.16383, 0.1415, -4.2746]"
42,sub10,supLP120,3,sub10-b2__0036__jump.npy,10,jump,10,0.99142784,1,"[8.45815, -6.37248, 0.56609, 2.68887, -7.98772, -0.66585, -8.49909, -6.51604, -2.68574, 3.90225, 13.61137, -3.54703, 4.81528, -2.05941, 7.64428, -1.45722, -5.74107, -2.84966, -4.95124, 4.04587, -1.97836, -3.98605]"
42,sub10,supLP120,3,sub10-b2__0037__runonspot.npy,13,runonspot,13,0.99794835,1,"[2.04545, -3.10483, -3.50283, 6.31666, 1.52425, -2.11043, -3.15424, 1.46231, -7.57195, 7.55713, 0.36596, -4.81158, 2.38572, 14.02456, 2.73633, -1.0532, -0.61823, -2.48207, -1.8061, 0.38901, 2.91515, -5.35724]"
42,sub10,supLP120,3,sub10-b2__0038__runonspot.npy,13,runonspot,13,0.99931395,1,"[2.73987, -2.60614, -4.12452, 6.31549, 0.50613, -3.29152, -3.68698, -0.19695, -5.72024, 5.84426, 0.21399, -5.4892, 0.12578, 14.11891, 1.85831, -0.14016, -1.19243, -3.44305, -1.07628, 0.19577, 0.56003, -2.3248]"
42,sub10,supLP120,3,sub10-b2__0039__runonspot.npy,13,runonspot,13,0.99954444,1,"[-2.53727, -1.86329, -5.3546, 4.15799, -1.53288, -0.07986, -1.76644, 3.63763, -6.08889, 4.66828, -1.14061, -3.70809, 0.80203, 13.7657, 0.27404, 5.18938, -1.36596, -1.29572, -0.46416, 2.28124, 3.38155, -4.09391]"
42,sub10,supLP120,3,sub10-b2__0040__runonspot.npy,13,runonspot,13,0.99870276,1,"[-0.95593, -1.61563, -4.59261, 6.47078, 1.17545, 1.07519, -2.99887, 2.88216, -6.32271, 4.88798, 0.17768, -4.92113, 1.10049, 13.36259, 0.85149, -0.17516, -0.47579, -0.60501, -0.42129, 0.31507, 2.47316, -4.2071]"
42,sub10,supLP120,3,sub10-b2__0042__buttkicks.npy,4,buttkicks,4,0.4464216,1,"[0.52604, -3.07496, -5.89002, 2.40367, 7.39356, 0.59239, -4.07948, -1.90002, -4.80922, 5.92302, 0.76483, -2.03891, 1.3718, 7.16768, 4.0839, 4.99669, 4.44764, -0.99741, -3.44588, 3.389, 0.42148, -7.85518]"
42,sub10,supLP120,3,sub10-b2__0043__buttkicks.npy,4,buttkicks,4,0.9969068,1,"[3.5634, -2.44953, -6.0011, 3.58768, 14.64702, -0.62993, -5.68382, -2.19201, -4.4001, 8.65448, 0.15107, -2.93933, -0.78849, 7.09712, 3.86273, 0.47834, 3.89323, -4.94203, -5.46085, 2.27476, -1.43745, -5.44839]"
42,sub10,supLP120,3,sub10-b2__0044__buttkicks.npy,4,buttkicks,4,0.98732007,1,"[-0.14199, -1.35533, -7.92463, 3.40122, 14.71651, 0.53747, -6.38595, 0.19073, -3.59366, 7.869, -2.55422, -2.27715, -0.33453, 10.24684, 1.8413, 2.3936, 6.62352, -2.68237, -5.08234, 1.77277, -0.02449, -4.8092]"
42,sub10,supLP120,3,sub10-b2__0046__buttkicks.npy,4,buttkicks,4,0.9939651,1,"[-0.99387, -3.01616, -6.51328, 3.46761, 13.96082, 2.20135, -4.74229, 0.01701, -4.24754, 8.65833, -0.17592, -1.99979, 2.74522, 5.97659, 3.27271, 3.99409, 6.58146, -1.73774, -6.47454, 1.22389, 1.44169, -5.33432]"
42,sub10,supLP120,3,sub10-b2__0047__buttkicks.npy,4,buttkicks,4,0.9980147,1,"[-1.54104, -3.13472, -7.46306, 3.25768, 15.2556, 3.00089, -4.4041, -0.79139, -3.38428, 8.34757, -1.28953, -0.63362, 0.76284, 6.09759, 4.33329, 2.6671, 8.18455, -1.74451, -5.64333, 1.84192, -0.57138, -6.19494]"
42,sub10,supLP120,3,sub10-b2__0048__airkick.npy,0,airkick,19,0.9610261,0,"[-1.27329, -1.36452, -2.73024, -4.35165, -5.24883, -0.62736, -0.3598, -2.96648, -1.41993, 0.06453, 0.33573, 1.87704, -1.18582, -3.09747, 5.31562, 4.73378, 1.98496, 0.68343, 4.08924, 9.19096, -2.3664, -8.07806]"
42,sub10,supLP120,3,sub10-b2__0049__airkick.npy,0,airkick,19,0.9810619,0,"[-2.36958, -1.07638, -2.59434, -5.53625, -4.56611, 0.92385, -0.68979, -1.67559, -0.16408, -1.15287, 4.11197, -0.85352, -1.11502, -2.12722, 6.6414, 2.20969, -1.50324, 1.40485, 1.702, 10.69591, -0.18839, -5.14856]"
42,sub10,supLP120,3,sub10-b2__0050__airkick.npy,0,airkick,19,0.9659029,0,"[-3.30365, -1.29, -3.42226, -4.4665, -3.73379, 2.09872, -1.83774, -2.80449, 0.20569, -1.20176, 3.48324, -0.2873, 0.74461, -2.29543, 5.65906, 2.44904, 0.80138, 1.84038, 0.32061, 9.21555, -0.39376, -5.06301]"
42,sub10,supLP120,3,sub10-b2__0051__airkick.npy,0,airkick,19,0.9974286,0,"[-4.00108, -1.39363, -3.0583, -5.02881, -4.31163, -0.42153, 1.96903, 0.11209, -2.03716, 0.23928, 1.87377, -0.98824, 0.66523, -0.1646, 3.93659, 4.76244, -0.88331, 1.19813, 2.235, 11.28968, 1.50698, -5.3312]"
42,sub10,supLP120,3,sub10-b2__0052__airkick.npy,0,airkick,19,0.99771595,0,"[-2.4946, 0.1323, -4.19721, -4.3702, -4.09591, 1.13972, -2.63204, -3.02648, 0.32754, -0.73128, 2.10538, 0.83704, -0.11415, -3.35273, 4.18602, 3.063, 1.65639, 1.70699, 2.09067, 10.89943, -2.07827, -7.42299]"
42,sub10,supLP120,3,sub10-b2__0053__airkick.npy,0,airkick,19,0.82676977,0,"[-4.38197, -1.84414, -2.18681, -3.73044, -4.44568, 0.58182, 0.38285, -0.47022, -2.18914, -0.74866, 2.8876, -1.97251, 0.60288, 1.42959, 3.44116, 7.35828, -2.18345, 3.36418, -0.23799, 8.98909, 3.01231, -4.9526]"
42,sub10,supLP120,3,sub10-b2__0054__airkick.npy,0,airkick,19,0.9804279,0,"[-4.38843, -0.2201, -4.06881, -3.72426, -3.67131, 0.50173, -0.54475, -3.54657, -0.87423, -0.14157, 0.54633, 1.93728, -0.12016, -2.81056, 3.13848, 5.38065, 2.17534, 2.85717, 2.75379, 9.60533, -2.05671, -7.84648]"
42,sub10,supLP120,3,sub10-b2__0055__sidekick.npy,14,sidekick,14,0.3498213,1,"[4.65947, -5.80822, 0.7558, 2.01762, -4.18706, -0.20666, -1.28644, -1.66511, -7.89274, 5.50456, 5.471, -2.02013, 2.80829, 2.81335, 5.91533, 1.74583, -4.29543, -3.747, -0.00704, 3.61761, 2.44392, -7.85096]"
42,sub10,supLP120,3,sub10-b2__0058__sidekick.npy,14,sidekick,14,0.9377317,1,"[2.36101, -6.07715, -1.51801, -0.9564, -1.13912, -1.5447, 0.33904, -3.5027, -7.05877, 4.5985, 3.08491, 0.9188, 0.42519, 3.73177, 9.31519, 4.31432, -0.92383, -0.84304, -0.96956, 6.1634, 1.83502, -9.66827]"
42,sub10,supLP120,3,sub10-b2__0059__sidekick.npy,14,sidekick,14,0.98968786,1,"[4.30355, -6.14379, -0.9912, -2.93894, -3.62075, -3.01739, -2.76962, -5.48599, -4.36529, 2.81103, 3.83237, 2.98779, -1.84103, 0.47774, 12.70344, 1.56511, 0.35802, 0.21656, 0.52935, 8.08896, -1.1036, -10.65232]"
42,sub10,supLP120,3,sub10-b2__0060__sidekick.npy,14,sidekick,14,0.996458,1,"[6.21451, -6.05567, 0.92427, -1.2579, -5.16115, -2.14706, -2.43324, -5.06806, -4.57555, 2.54369, 4.66133, 2.21373, -0.68477, -0.84464, 12.52607, 1.18861, -1.08486, -0.53868, -0.12039, 5.83532, -1.59067, -9.57892]"
42,sub10,supLP120,3,sub10-b2__0061__sidekick.npy,14,sidekick,14,0.9931176,1,"[5.14799, -6.01962, -0.41251, 0.89783, -1.31505, -0.95089, -3.9971, -4.88458, -4.85598, 4.66257, 5.38997, 1.24192, 1.57808, 1.52236, 11.26351, 0.52137, 1.1797, -0.2057, -2.34693, 2.96092, -0.01946, -9.4594]"
42,sub10,supLP120,3,sub10-b2__0063__crosstoe.npy,6,crosstoe,6,0.99997365,1,"[-4.16138, -3.48966, -2.74341, -4.15695, -5.0873, -3.85317, 19.72939, -2.09088, -5.58392, 0.431, -1.46023, 0.30121, -0.05043, -2.12727, 5.97833, 1.56257, 1.13619, 0.94167, 5.24867, 9.12432, -0.83923, -6.08321]"
42,sub10,supLP120,3,sub10-b2__0064__crosstoe.npy,6,crosstoe,6,0.9798978,1,"[-4.09892, -3.12014, -3.30255, -3.94562, -4.2491, -2.29781, 14.74275, -1.80425, -6.29618, 1.72515, -2.11804, 0.0676, -0.65169, 0.128, 4.93969, 3.05379, -0.35538, 0.43789, 5.19434, 10.84928, 0.46615, -5.98569]"
42,sub10,supLP120,3,sub10-b2__0065__crosstoe.npy,6,crosstoe,6,0.99510914,1,"[-3.1419, -4.69669, -3.31932, -3.54895, -3.76557, -3.65657, 15.48476, -2.41112, -7.29125, 2.05683, -1.85567, 0.79396, -1.42812, -0.40291, 6.61674, 2.50774, 0.58095, 0.20071, 6.17609, 10.11992, -0.03507, -7.32161]"
42,sub10,supLP120,3,sub10-b2__0066__crosstoe.npy,6,crosstoe,6,0.9999771,1,"[-3.52934, -4.08095, -3.26575, -3.79337, -4.98423, -4.21444, 20.04833, -2.12487, -6.21515, 1.47175, -1.53057, -0.38451, 0.26334, -2.51921, 5.42749, 2.17308, 0.4271, -1.08326, 5.79129, 9.3123, -0.20735, -5.34804]"
42,sub10,supLP120,3,sub10-b2__0067__crosstoe.npy,6,crosstoe,6,0.999979,1,"[-3.43724, -2.85789, -3.30444, -2.63994, -5.21438, -4.18204, 18.54709, -2.53045, -6.21615, 0.92961, -1.45771, 0.56973, 1.42362, -2.42577, 4.90156, 2.48127, 1.19577, -0.9261, 5.85679, 7.53144, -1.82135, -5.52453]"
42,sub10,supLP120,3,sub10-b2__0068__crosstoe.npy,6,crosstoe,6,0.99999976,1,"[-0.92965, -4.91547, 1.39196, -4.29954, -7.40208, -5.93293, 22.68257, -2.63764, -6.619, -1.29837, -1.07915, 1.436, 1.709, -3.85757, 6.94766, 1.51248, 0.60489, -0.24608, 2.68694, 6.68286, -1.92943, -6.57005]"
42,sub10,supLP120,3,sub10-b2__0071__throw.npy,18,throw,18,0.95073557,1,"[-4.94264, 7.95614, -0.64253, -3.39282, -4.0557, 0.43683, 1.52122, 2.12275, -0.11571, -6.57147, -4.90191, 1.31955, -5.95968, -4.55937, 0.96043, -0.02745, -0.70953, 0.56682, 12.5698, 9.39524, -3.29848, -3.50026]"
42,sub10,supLP120,3,sub10-b2__0072__throw.npy,18,throw,18,0.5889849,1,"[-6.04085, 7.88612, -4.45829, -4.65837, -3.47359, 0.43835, -0.6324, 0.58529, 2.65836, -5.29778, -3.83262, 0.81357, -5.27736, -5.77729, 1.58535, -0.46074, 2.55458, 1.91593, 10.24349, 9.73523, -5.28514, -4.17616]"
42,sub10,supLP120,3,sub10-b2__0073__throw.npy,18,throw,18,0.93418455,1,"[-5.24762, 7.78277, -1.61333, -4.967, -3.31, 0.92272, -0.11468, 1.24418, 2.74211, -6.66315, -3.42655, 0.98894, -7.26777, -5.60739, 2.08893, -1.62376, -0.03027, 0.39863, 12.94202, 10.20279, -4.28285, -3.66064]"
42,sub10,supLP120,3,sub10-b2__0074__throw.npy,18,throw,18,0.97802746,1,"[-5.9068, 9.58584, -1.1325, -3.71475, -3.71258, 1.6449, -0.46976, 2.34207, 2.00442, -7.08063, -4.79902, 2.27991, -8.71609, -6.07705, 2.04201, -1.72638, 2.3529, 1.4064, 14.34473, 10.06583, -5.00042, -5.63266]"
42,sub10,supLP120,3,sub10-b2__0075__throw.npy,18,throw,18,0.9987172,1,"[-6.40362, 6.14932, -1.70058, -0.34707, -3.38836, 0.75717, 3.60276, 5.44224, -1.69834, -4.40937, -4.4304, 0.55058, -3.94559, -1.57883, -0.60145, 1.48918, -1.45373, -0.38997, 13.75988, 6.1466, -0.47971, -3.28999]"
42,sub10,supLP120,3,sub10-b2__0076__walk.npy,20,walk,20,0.97666126,1,"[-1.96309, -5.52025, -0.75088, -0.37374, -2.34956, -0.86711, -0.63923, 2.61444, -7.78037, 7.5163, 1.28682, -2.72158, 4.66811, 6.46228, 0.00758, 7.22766, -3.76908, 2.01675, -0.69456, 2.39331, 12.02844, -5.69062]"
42,sub10,supLP120,3,sub10-b2__0077__turnaround.npy,19,turnaround,19,0.99987364,1,"[-0.19506, -0.55323, -2.25485, -1.86875, -1.16752, -0.61798, 2.25641, -1.94544, -5.79935, 1.25031, 0.88431, -1.06676, -2.49126, 0.41218, 5.75594, -2.29543, 0.08142, 4.06214, 1.16081, 15.06619, 3.75488, -9.35226]"
42,sub10,supLP120,3,sub10-b2__0078__walk.npy,20,walk,20,0.9998797,1,"[-3.79332, -3.07462, -1.88363, -3.33385, 2.08295, -3.33951, -0.80996, -1.8993, -1.33645, 4.22012, -0.90059, -1.484, 1.56462, 4.42995, 0.22753, 0.50686, -1.04648, 5.82534, -1.0356, 1.98493, 15.27208, -1.02363]"
42,sub10,supLP120,3,sub10-b2__0079__turnaround.npy,19,turnaround,19,0.9931524,1,"[0.67294, -1.08303, -2.91076, -3.92031, -5.85795, -0.02942, 0.63402, -1.06017, -2.51618, -0.91253, 3.29824, 0.52293, -4.16637, -2.87896, 7.1028, 0.14699, -2.28767, 2.84836, 3.33556, 12.1449, -1.23494, -8.35236]"
42,sub10,supLP120,3,sub10-b2__0080__walk.npy,20,walk,20,0.97469234,1,"[2.52294, -6.67885, 1.35245, 1.25374, -1.00009, -2.86238, -3.4014, 0.42231, -8.46109, 9.3244, 3.74233, -3.18406, 7.43711, 4.90159, 1.62252, 0.70991, -5.24488, -1.24361, -2.25882, -1.33506, 13.13233, -4.86655]"
42,sub10,supLP120,3,sub10-b2__0081__turnaround.npy,19,turnaround,19,0.99991024,1,"[0.76475, -0.10885, -2.07799, -1.42983, -2.27216, -0.83839, 1.1032, -1.85068, -5.74977, 0.42471, 1.44036, -2.20939, -2.48376, 0.15319, 5.93674, -1.88179, -2.0204, 3.72319, 1.31805, 15.49072, 3.72023, -9.50506]"
42,sub10,supLP120,3,sub10-b2__0082__walk.npy,20,walk,20,0.99764615,1,"[-5.36012, -2.21914, -2.98795, -3.04865, 2.44729, -1.56976, -0.74105, 0.1772, -0.80046, 3.52082, -3.28541, -2.68134, -1.56731, 7.76697, -1.8322, 4.83701, -2.0793, 3.48062, -0.06666, 2.77108, 13.90772, 0.68892]"
42,sub10,supLP120,3,sub10-b2__0083__turnaround.npy,19,turnaround,19,0.99519414,1,"[0.21922, -1.69346, -3.01797, -3.61043, -5.46766, -0.06997, -0.49889, -1.49743, -3.14225, -0.47659, 2.98553, 0.36386, -4.09752, -1.39727, 6.90608, 0.91335, -2.94371, 3.14472, 2.61347, 12.30305, 0.01416, -8.11669]"
42,sub10,supLP120,3,sub10-b2__0084__walk.npy,20,walk,20,0.9783766,1,"[1.06521, -5.76258, 0.69161, 0.47467, -1.78187, -2.49608, -1.22298, 1.53775, -8.15534, 8.25365, 1.08548, -2.28309, 5.66915, 6.05324, 0.26154, 4.45173, -4.8072, -0.96029, -1.12162, 0.73354, 12.25923, -5.21604]"
42,sub10,supLP120,3,sub10-b2__0085__turnaround.npy,19,turnaround,19,0.99499017,1,"[1.76164, -0.55973, -1.16882, -0.26578, -3.64223, -2.32288, 1.34116, -2.10635, -4.26412, 1.44749, 3.29891, -1.81267, 1.61623, -2.83471, 6.73827, -2.069, -0.11678, 4.98668, -0.87885, 12.26232, 3.22453, -9.74422]"
42,sub10,supLP120,3,sub10-b2__0086__walk.npy,20,walk,20,0.9878835,1,"[-4.88028, -1.42795, -3.40222, -3.1856, 0.97786, -1.47743, 0.69052, 0.16736, -0.61002, 2.94808, -3.18465, -2.46216, -0.68259, 7.87598, -2.21646, 5.29817, -2.23736, 4.00881, -0.60102, 3.94121, 12.39669, -0.07079]"
42,sub10,supLP120,3,sub10-b2__0089__turnaround.npy,19,turnaround,19,0.9995221,1,"[1.14024, -0.35659, -1.17344, -1.26993, -1.72473, -0.78286, 0.18157, -1.93539, -6.52775, 0.81386, 2.09535, -2.30752, -2.32438, 0.19355, 6.43166, -1.74638, -2.73961, 2.81946, 1.29013, 14.27109, 4.54381, -9.33518]"
42,sub10,supLP120,3,sub10-b2__0090__walk.npy,20,walk,20,0.9974744,1,"[-5.3679, -1.5075, -3.20067, -3.41056, 1.74819, -1.11854, 0.34463, -0.15628, -0.34688, 3.06179, -3.34702, -1.59648, -0.37406, 7.16497, -2.17981, 4.54349, -1.62821, 3.97166, -0.00659, 3.20179, 13.29102, -0.45577]"
42,sub10,supLP120,3,sub10-b2__0091__turnaround.npy,19,turnaround,19,0.9980293,1,"[0.23872, -1.14335, -3.17176, -4.17672, -4.69712, -0.50924, 0.52875, -1.1306, -2.87989, -0.47122, 2.57242, -0.21106, -4.14397, -1.76664, 6.04688, 1.12983, -2.16727, 3.09537, 3.01733, 12.41863, -0.12058, -7.92828]"
42,sub10,supLP120,3,sub10-b2__0092__walk.npy,20,walk,20,0.986778,1,"[1.35185, -6.3, 0.52647, 0.20407, -1.25551, -2.79264, -2.73446, 0.80125, -7.70206, 8.80382, 2.07946, -2.41395, 6.54591, 5.00689, 0.16799, 3.16653, -4.16868, -0.60104, -1.42552, -0.41049, 13.24179, -4.70805]"
42,sub10,supLP120,3,sub10-b2__0093__turnaround.npy,19,turnaround,19,0.99908245,1,"[-0.22221, -1.26593, -2.54273, -0.69835, -0.91483, -0.56293, 0.97817, -1.86872, -5.05391, 2.47177, 1.30125, -1.80843, -0.65119, 1.65318, 4.99578, -2.53378, -0.54017, 2.30976, 0.17104, 12.71499, 4.77846, -7.07823]"
42,sub10,supLP120,3,sub10-b2__0094__walk.npy,20,walk,20,0.998367,1,"[-3.02767, -2.61583, -3.57193, -3.46097, -0.20073, -3.33506, 1.32912, -1.51562, -0.82394, 4.78629, -2.57655, -2.08905, -0.4332, 6.83479, -0.48008, 3.64387, -1.57904, 4.15906, -1.10562, 2.86781, 13.48704, -0.05338]"
42,sub10,supLP120,3,sub10-b2__0095__turnaround.npy,19,turnaround,19,0.99964106,1,"[1.08143, -0.64016, -2.34645, -3.91906, -5.74402, -1.24661, 0.96415, -0.48725, -3.67513, -0.47164, 3.10483, -1.5228, -3.63732, -2.17744, 5.39188, 1.7337, -3.9444, 1.89039, 3.94309, 13.68477, 0.14538, -8.18856]"
42,sub10,supLP120,3,sub10-b2__0096__hop.npy,9,hop,9,0.90065277,1,"[2.17797, -5.80617, -1.44046, -0.24081, 1.00701, -2.3286, -2.80357, -0.79051, -6.01105, 10.31259, 3.19061, -1.45949, 5.9042, 2.51904, 1.48251, 3.30268, -1.28372, -1.0075, -2.47803, -0.57345, 7.96263, -5.40146]"
42,sub10,supLP120,3,sub10-b2__0097__hop.npy,9,hop,9,0.9708765,1,"[4.92847, -5.65508, -4.92987, 0.66844, 2.44004, -1.83034, -5.83414, -3.35719, -3.2991, 10.60079, 6.7442, -3.96561, 3.51567, 1.64323, 5.03999, -1.47114, -1.1734, -5.4973, -3.12814, 2.0104, 0.92824, -3.39016]"
42,sub10,supLP120,3,sub10-b2__0098__hop.npy,9,hop,9,0.97720975,1,"[3.36676, -5.74815, -3.65275, -0.0365, -0.44691, -2.7584, -5.1436, -2.12862, -4.6372, 9.94556, 5.58642, -3.07526, 4.68915, 2.66823, 2.94523, 1.83271, -1.92743, -3.24627, -2.41531, 1.32497, 3.59273, -3.65785]"
42,sub10,supLP120,3,sub10-b2__0099__hop.npy,9,hop,9,0.942467,1,"[4.42698, -6.05674, -4.5203, 0.09553, 0.79342, -2.49985, -6.10437, -3.65652, -3.45996, 10.34478, 7.31122, -3.36972, 4.98579, 0.99548, 5.01909, -0.75645, -1.16122, -4.53771, -3.6355, 1.82704, 1.88744, -3.1428]"
42,sub10,supLP120,3,sub10-b2__0101__hop.npy,9,hop,9,0.9607661,1,"[7.30644, -5.14011, -3.40271, 0.58628, -0.80526, -4.39317, -6.38112, -2.37274, -5.17648, 10.66539, 5.17417, -3.81549, 3.57237, 2.4527, 2.50684, -0.5545, -3.87744, -5.80686, -1.17303, 2.22315, 2.40982, -4.58817]"
42,sub10,supLP120,3,sub10-b2__0103__hop.npy,9,hop,9,0.7300045,1,"[6.30624, -3.93037, -5.58597, -1.13224, 3.79071, -4.77628, -8.01036, -5.90263, 0.65118, 7.90956, 5.90144, -3.5716, 1.37166, 1.08417, 3.29619, -1.35238, -2.05781, -6.69598, -4.94151, 2.34394, -3.15987, 0.82256]"
42,sub10,supLP120,3,sub10-b2__0104__hop.npy,9,hop,9,0.96411383,1,"[5.36792, -5.31283, -4.09841, -0.64751, 2.69132, -3.02605, -7.0236, -3.76844, -2.42726, 10.25809, 6.63882, -4.14995, 3.44235, 0.16893, 3.25773, -0.36416, -2.74566, -5.91938, -3.5327, 0.97782, 1.60058, -1.03755]"
42,sub10,supLP120,3,sub10-b2__0105__jump.npy,10,jump,10,0.9724273,1,"[9.5072, -7.11179, 1.76063, 2.72445, -6.04412, -3.25808, -7.71543, -4.49188, -6.59974, 7.45088, 13.64939, -4.25118, 9.07553, 0.538, 4.06301, -3.49844, -7.01193, -3.94515, -5.75533, 1.13043, 2.63931, -4.80504]"
42,sub10,supLP120,3,sub10-b2__0107__jump.npy,10,jump,10,0.91401774,1,"[11.95825, -6.16233, 2.54608, 2.17041, -6.96266, -2.0654, -8.61034, -6.19943, -4.61415, 4.83649, 14.33321, -4.35711, 5.08437, -2.48273, 7.27004, -3.3841, -7.38303, -4.13981, -4.84893, 3.00817, -0.48664, -5.54811]"
42,sub10,supLP120,3,sub10-b2__0108__jump.npy,10,jump,10,0.9699267,1,"[11.06564, -6.36448, 1.37374, 2.07131, -7.28374, -2.59188, -8.83872, -5.94019, -3.81406, 5.5643, 14.5805, -3.62927, 5.99979, -2.35043, 7.60129, -3.32629, -6.6074, -3.90602, -5.60272, 2.8141, -1.25945, -4.99399]"
42,sub10,supLP120,3,sub10-b2__0109__jump.npy,10,jump,10,0.9903734,1,"[10.21922, -6.79892, 2.42075, 2.85639, -7.9845, -2.42359, -8.35697, -5.06657, -5.44518, 5.59116, 14.99108, -4.23621, 8.14912, -2.36955, 5.67511, -3.0564, -7.2807, -3.53999, -5.70021, 2.83545, 0.71441, -5.24516]"
42,sub10,supLP120,3,sub10-b2__0110__jump.npy,10,jump,10,0.9732721,1,"[10.60837, -6.78343, 1.40292, 2.14431, -7.5383, -2.85247, -8.05921, -5.489, -5.0285, 6.07773, 14.24841, -4.81347, 6.71322, -2.22387, 6.3449, -2.89499, -7.36525, -3.81675, -4.94183, 3.10079, 0.80033, -5.00367]"
42,sub10,supLP120,3,sub10-b2__0111__runonspot.npy,13,runonspot,13,0.99872017,1,"[3.65332, -2.03572, -4.0185, 7.22557, 4.12172, -3.1349, -3.93998, 0.00241, -7.60012, 6.82635, -2.03275, -5.80054, 0.47293, 14.44854, 0.16553, 1.65568, -1.07398, -4.48013, -0.54426, -1.18342, 1.87249, -4.6059]"
42,sub10,supLP120,3,sub10-b2__0112__runonspot.npy,13,runonspot,13,0.9995258,1,"[4.21842, -2.67445, -2.77433, 6.69941, 3.90266, -4.08337, -3.93663, -0.68545, -8.33581, 6.95801, -1.52234, -5.91902, 0.8109, 15.28011, 0.31073, 0.2326, -1.62131, -3.25041, -0.90196, -1.70502, 4.17879, -4.21209]"
42,sub10,supLP120,3,sub10-b2__0114__runonspot.npy,13,runonspot,13,0.99996805,1,"[3.6673, -0.61909, -4.37396, 7.57156, 3.95519, -6.0695, -5.92585, -0.37761, -5.83217, 6.18185, -3.56718, -4.98213, 0.21874, 18.18675, -0.2713, -2.57059, 1.31607, -3.11371, -1.33191, -2.10545, 1.66042, -1.62002]"
42,sub10,supLP120,3,sub10-b2__0115__runonspot.npy,13,runonspot,13,0.9999293,1,"[3.6187, -1.16494, -4.59936, 7.6383, 6.33071, -5.01637, -5.54282, -0.57343, -6.33648, 6.77321, -3.36205, -5.22291, -0.29344, 17.73553, -0.69418, -1.58036, 0.52195, -3.08732, -1.71552, -2.28389, 1.7848, -2.62609]"
42,sub10,supLP120,3,sub10-b2__0116__buttkicks.npy,4,buttkicks,4,0.9998869,1,"[-0.44018, -3.16551, -7.61265, 3.525, 19.44613, 1.64458, -4.73804, -0.73817, -3.42789, 10.2089, -0.94983, -1.42081, 0.24784, 5.37179, 4.64108, 0.94527, 8.30947, -3.75406, -6.60607, 1.35922, -0.07206, -4.67769]"
42,sub10,supLP120,3,sub10-b2__0117__buttkicks.npy,4,buttkicks,4,0.9961708,1,"[-0.46793, -3.32888, -7.14033, 4.3368, 15.94754, 1.15041, -4.815, -0.10466, -3.79601, 10.29122, -0.65395, -2.23229, 1.68877, 6.94995, 4.30853, 0.49826, 7.45432, -3.05441, -6.2125, 0.80128, 1.4576, -4.58943]"
42,sub10,supLP120,3,sub10-b2__0118__buttkicks.npy,4,buttkicks,4,0.9987789,1,"[1.75831, -3.50488, -7.24691, 3.69384, 17.10609, 1.15603, -5.52129, -1.8963, -2.76106, 10.31305, 0.36114, -1.09587, 0.8561, 5.01238, 4.95912, 0.02305, 7.76639, -3.5998, -7.79, 1.79751, -2.37119, -5.27042]"
42,sub10,supLP120,3,sub10-b2__0119__buttkicks.npy,4,buttkicks,4,0.999728,1,"[-1.03867, -2.74032, -7.63911, 2.42855, 18.49991, 1.98086, -5.22216, -0.08887, -3.13724, 10.21007, -0.86167, -1.21924, 0.11454, 4.8142, 3.05319, 1.66281, 7.64409, -2.48914, -6.537, 1.38424, 1.10255, -4.63092]"
42,sub10,supLP120,3,sub10-b2__0120__buttkicks.npy,4,buttkicks,4,0.99952686,1,"[0.5061, -2.70326, -6.82115, 2.40045, 17.94676, 1.34079, -5.98039, -0.93391, -3.26191, 10.26534, -1.20381, -1.03573, 0.97886, 5.22363, 3.66794, 1.77545, 6.20047, -3.15237, -6.96327, 0.6894, 1.54735, -4.19287]"
42,sub10,supLP120,3,sub10-b2__0121__buttkicks.npy,4,buttkicks,4,0.98099947,1,"[0.99823, -3.16208, -6.79626, 4.4733, 15.37048, 0.4933, -6.1898, -0.72703, -4.58899, 11.36115, -0.34124, -3.11755, 1.69748, 8.60395, 4.07245, 0.15711, 5.12113, -1.98835, -6.65061, -0.51919, 2.44544, -4.64742]"
42,sub10,supLP120,3,sub10-b2__0122__airkick.npy,0,airkick,0,0.90197533,1,"[10.31307, -3.19314, -1.07431, -0.64097, -5.01099, -4.72337, -7.25084, -6.47676, 0.18817, 3.0874, 8.02692, -5.36485, 2.42838, -1.44682, 5.15462, -5.13097, -6.06095, -6.87603, -0.27398, -0.13648, -0.84764, -0.56946]"
42,sub10,supLP120,3,sub10-b2__0123__airkick.npy,0,airkick,19,0.9919235,0,"[1.49614, -2.18467, -4.48422, -3.30525, -5.39239, -1.65451, -1.77473, -3.72044, -1.85899, 2.10559, 1.00978, 0.28887, -1.42428, -2.31933, 6.39647, 1.61834, 0.54236, -0.36238, 3.04541, 11.28169, -2.07976, -7.17661]"
42,sub10,supLP120,3,sub10-b2__0124__airkick.npy,0,airkick,10,0.90548134,0,"[5.51689, -5.86625, -0.58723, 1.99194, -8.56458, -0.49378, -5.85317, -4.7138, -2.43175, 2.78537, 9.28088, -1.53526, 5.2649, -2.00395, 6.19691, -1.02624, -4.44935, -2.12845, -2.29832, 5.07814, -0.95298, -3.79246]"
42,sub10,supLP120,3,sub10-b2__0126__airkick.npy,0,airkick,0,0.7515113,1,"[9.20928, -5.19951, 0.46892, -1.33703, -6.7388, -1.75463, -5.52344, -4.12807, -2.78402, 3.91876, 7.67059, -1.80265, 3.07789, -5.77816, 6.67707, -2.25681, -4.29726, -4.19947, 0.04887, 5.66605, -1.34421, -5.93367]"
42,sub10,supLP120,3,sub10-b2__0127__airkick.npy,0,airkick,19,0.9967333,0,"[-1.99281, 4.24331, -4.23714, -5.9882, -3.44075, -1.78349, -2.11143, -2.85544, 0.79066, -2.95341, -2.73726, 2.79354, -5.02975, -5.53322, 4.15765, 1.7704, 5.83248, 2.50275, 5.84891, 12.47635, -5.68902, -9.42481]"
42,sub10,supLP120,3,sub10-b2__0128__sidekick.npy,14,sidekick,14,0.7885411,1,"[6.13251, -5.77503, 1.64538, 2.81053, -2.66382, -0.32717, -4.48041, -3.01045, -5.9689, 5.55239, 6.81003, -0.66375, 2.90449, 2.00574, 8.74297, -1.63069, -1.87045, -2.30962, -1.05269, 1.37011, 0.41234, -8.11484]"
42,sub10,supLP120,3,sub10-b2__0129__sidekick.npy,14,sidekick,14,0.9068824,1,"[7.284, -5.34936, 0.87294, 2.79672, -1.37764, -0.88607, -6.10484, -4.2803, -4.56813, 5.01824, 5.27258, 0.70084, 2.48344, 2.82421, 9.80358, -1.34457, -0.29687, -1.32169, -2.85782, 1.16987, -0.54855, -8.09927]"
42,sub10,supLP120,3,sub10-b2__0130__sidekick.npy,14,sidekick,14,0.9900827,1,"[8.17876, -5.08471, 1.10816, 0.61504, -3.4646, -1.19572, -6.78353, -5.81311, -2.61308, 2.22807, 5.83151, 2.02756, -1.84282, -0.23869, 12.89687, -1.48632, -0.38906, -0.74838, -1.1681, 4.20559, -2.48164, -9.09562]"
42,sub10,supLP120,3,sub10-b2__0131__sidekick.npy,14,sidekick,14,0.83741105,1,"[6.36826, -5.34267, 0.25764, 3.70287, 0.693, -1.15639, -4.12458, -3.19387, -5.66048, 6.64608, 4.06932, 0.55997, 2.31583, 3.92583, 8.96958, -1.98475, 0.75865, -2.55217, -2.23608, 1.54997, -0.189, -8.82243]"
42,sub10,supLP120,3,sub10-b2__0132__sidekick.npy,14,sidekick,14,0.9887332,1,"[3.48058, -6.27089, 1.57391, -1.25902, -5.10572, -2.01893, 1.29728, -2.86266, -6.59837, 2.3763, 3.43235, 2.98898, -1.62188, 0.75874, 11.47425, 1.39253, -2.2561, -0.45673, 1.54617, 6.88805, -0.02124, -9.56399]"
42,sub10,supLP120,3,sub10-b2__0135__crosstoe.npy,6,crosstoe,6,0.999992,1,"[-4.01247, -4.29402, 0.9273, -4.92016, -5.12584, -4.08747, 18.02124, -2.0872, -6.38979, 1.98908, -2.81231, 3.85512, 1.5828, -2.37697, 3.20087, 4.33638, 1.01291, 3.85414, 4.0616, 5.51009, 2.6119, -6.2718]"
42,sub10,supLP120,3,sub10-b2__0136__crosstoe.npy,6,crosstoe,6,0.9999715,1,"[-3.17952, -5.16832, 0.66207, -5.28287, -4.34385, -5.65389, 19.17709, -1.93134, -8.73172, 1.75415, -2.17858, 3.31369, -1.79604, -1.64978, 4.40187, 3.9647, 0.77521, 3.45722, 7.66262, 8.22484, 1.61698, -9.02964]"
42,sub10,supLP120,3,sub10-b2__0137__crosstoe.npy,6,crosstoe,6,0.99996936,1,"[-2.90959, -5.73631, 1.73011, -5.29545, -3.99638, -5.41444, 18.54645, -1.90639, -8.83878, 1.95419, -1.77799, 3.44389, -1.65681, -1.53271, 5.16865, 3.79546, 0.27383, 3.85998, 6.2502, 7.87181, 2.3091, -8.99258]"
42,sub10,supLP120,3,sub10-b2__0138__crosstoe.npy,6,crosstoe,6,0.99991274,1,"[-2.94261, -5.38768, 0.6033, -5.62071, -3.66873, -5.78889, 17.67505, -2.71014, -8.23118, 2.2218, -2.26697, 3.15851, -1.18972, -1.77779, 4.06702, 4.35944, 1.45457, 3.9475, 6.88961, 7.9816, 1.84609, -8.55825]"
42,sub10,supLP120,3,sub10-b2__0139__throw.npy,18,throw,18,0.9443772,1,"[-2.7785, 8.10909, -2.50092, -1.74282, -1.70996, -2.12959, -3.45608, 2.36416, -0.55626, -3.55932, -3.90459, -0.31902, -10.9675, 0.04378, -0.45265, 0.33351, 1.15839, 1.1429, 14.37574, 11.51082, -3.16389, -6.79104]"
42,sub10,supLP120,3,sub10-b2__0140__throw.npy,18,throw,18,0.99953306,1,"[-0.27895, 3.61946, -0.80782, -1.57564, -4.34277, -4.90256, 1.55385, 0.86159, -4.85727, -1.81623, -2.97068, 0.19828, -4.62962, -0.61603, -1.367, 2.93922, -2.02096, -0.55746, 16.45324, 8.77401, -1.22323, -7.28951]"
42,sub10,supLP120,3,sub10-b2__0141__throw.npy,18,throw,18,0.97752494,1,"[-0.38643, 5.32964, -3.07722, -0.22232, -3.52886, -3.82109, -2.02689, 0.76752, -3.18952, -1.90996, -2.96009, -1.45801, -4.64261, 0.77066, -2.67332, 4.00561, -2.41442, -0.20354, 11.88162, 8.02462, -1.57442, -4.76277]"
42,sub10,supLP120,3,sub10-b2__0142__throw.npy,18,throw,18,0.49940372,1,"[-1.33643, 1.74424, -3.6577, -2.93983, -2.85762, -5.64451, 0.10181, -2.34244, -1.50054, -0.56407, -0.96635, -3.0391, -2.93826, -0.72548, 0.07456, 4.34352, -1.76841, 1.66203, 8.91871, 8.908, 1.56528, -2.26218]"
42,sub10,supLP120,3,sub10-b2__0143__throw.npy,18,throw,18,0.99877614,1,"[-1.24939, 4.43248, -1.01146, -1.71822, -4.21229, -4.60197, 0.87601, 1.20449, -4.05608, -2.4732, -3.21568, -0.17503, -5.49558, -1.62216, -1.70111, 3.06455, -1.23957, 0.38594, 16.5448, 9.83411, -0.29362, -6.99323]"
42,sub10,supLP120,3,sub10-b2__0144__throw.npy,18,throw,18,0.9893337,1,"[-2.66581, 5.99923, -2.21086, -0.62346, -2.73836, -2.81193, -1.47455, 1.53776, -2.66566, -2.84939, -2.54496, -1.4016, -5.97811, -0.95586, -1.63191, 2.39019, -0.53043, 0.22546, 14.10987, 9.55025, -0.7927, -5.74746]"
42,sub10,supLP120,3,sub10-c__0001__sit.npy,15,sit,15,0.9995449,1,"[-4.61473, -1.19846, -3.26323, -4.63147, -1.84991, -1.7689, -2.31225, -4.24322, 0.51341, -0.06315, -0.74795, 1.2055, 2.3316, 1.43946, -4.06793, 12.86825, -2.39395, 5.015, -0.5832, 0.96887, -1.79317, -0.34055]"
42,sub10,supLP120,3,sub10-c__0002__stand.npy,17,stand,17,0.9938737,1,"[-5.36408, -1.75576, -1.51959, -5.73667, -2.23563, -2.34748, -3.92606, -2.59464, 1.35712, -0.77711, -0.24515, 0.61144, 3.876, -1.17366, -2.64792, 5.97154, -2.25129, 11.21306, -2.54975, 0.24787, 0.912, 1.47276]"
42,sub10,supLP120,3,sub10-c__0004__sit.npy,15,sit,15,0.9990977,1,"[-5.14429, -1.24865, -3.17229, -4.81107, -1.95958, -2.63076, -3.03025, -3.72122, 1.22251, -0.04031, -1.12122, 1.1166, 2.19277, 0.71432, -3.62343, 12.8075, -1.92968, 5.72085, -0.92252, 0.95263, -1.88119, 0.52409]"
42,sub10,supLP120,3,sub10-c__0005__stand.npy,17,stand,17,0.9997124,1,"[-3.68537, -0.34166, -1.18103, -6.14016, -3.30823, -2.30723, -7.11314, -4.36464, 3.26684, -2.47961, 0.15309, 1.65359, 2.13595, -3.19381, 0.02996, 2.88663, -0.82978, 12.38146, -2.6475, 1.75203, -2.21964, -0.23838]"
42,sub10,supLP120,3,sub10-c__0006__turnaround.npy,19,turnaround,19,0.99959797,1,"[-1.04599, 2.38613, -0.858, -7.78582, -1.50174, -4.46828, -3.12755, -3.47406, 0.44082, -3.3908, 0.04437, 2.79324, -3.32902, -2.58425, 3.16142, 1.28454, -0.05465, 2.82186, 3.46195, 12.49965, -5.09624, -6.90099]"
42,sub10,supLP120,3,sub10-c__0009__turnaround.npy,19,turnaround,19,0.9997111,1,"[-1.02818, 3.23177, -1.46058, -7.68088, -1.07741, -4.22444, -2.61709, -2.15668, 1.07327, -3.43825, -0.54277, 1.70194, -4.73934, -2.95962, 2.82099, 0.80049, -0.17852, 2.60268, 3.72614, 12.85308, -5.38739, -6.42703]"
42,sub10,supLP120,3,sub10-c__0010__sit.npy,15,sit,15,0.9992798,1,"[-4.95232, -1.33182, -3.41928, -4.63999, -2.29867, -2.59553, -3.06225, -3.876, 1.23104, 0.00843, -0.9997, 0.82594, 1.90784, 0.73667, -3.85137, 13.01561, -1.86081, 5.71253, -0.71367, 0.69009, -1.87156, 0.70758]"
42,sub10,supLP120,3,sub10-c__0011__stand.npy,17,stand,17,0.9992311,1,"[-4.9812, -1.21776, -1.60999, -6.47739, -2.71777, -2.81986, -4.744, -3.65387, 2.46866, -1.38885, -0.34339, 0.88974, 2.94569, -2.18418, -1.33285, 4.61324, -1.45502, 12.13675, -2.54887, 1.22146, -0.12123, 1.07]"
42,sub10,supLP120,3,sub10-c__0012__turnaround.npy,19,turnaround,19,0.99930775,1,"[-1.15595, 1.10768, -1.32368, -7.87391, -1.35878, -5.37581, -2.51319, -4.19982, -0.32377, -2.43033, 0.46764, 2.46227, -2.04766, -2.04433, 1.64366, 2.68822, -0.49329, 2.83729, 3.17858, 11.65644, -4.22302, -5.3032]"
42,sub10,supLP120,3,sub10-c__0013__sit.npy,15,sit,15,0.9985648,1,"[-5.0235, -0.92264, -3.5174, -4.20899, -2.62603, -2.50576, -3.91589, -4.21746, 1.61835, -0.35667, -0.88576, 0.91317, 2.25921, 0.01255, -4.32591, 12.51597, -1.26182, 5.90588, -0.86502, 0.10196, -2.93374, 1.09516]"
42,sub10,supLP120,3,sub10-c__0014__stand.npy,17,stand,17,0.99960786,1,"[-4.26152, 0.13541, -1.60842, -6.18177, -3.1049, -2.63447, -6.50748, -4.27715, 3.09888, -2.53386, -0.51137, 1.85808, 2.56564, -3.55151, -0.20944, 2.82148, 0.04318, 12.11523, -2.06773, 2.13439, -2.34348, -0.61616]"
42,sub10,supLP120,3,sub10-c__0015__turnaround.npy,19,turnaround,19,0.9992034,1,"[-1.2777, 3.81827, -1.43399, -7.10964, -1.96322, -3.64974, -3.65325, -3.82244, 0.95106, -4.37864, 0.0864, 2.11674, -4.15816, -2.22935, 1.6223, 1.48812, -0.74716, 3.15761, 4.19414, 12.1978, -5.54686, -6.49784]"
42,sub10,supLP120,3,sub10-c__0016__squat.npy,16,squat,16,0.92181563,1,"[1.39747, -3.83796, -4.60104, -0.04916, 5.03913, -0.40283, -5.96343, -3.8728, 1.55253, 3.87653, -1.62503, 6.73634, 1.92848, 2.73851, 6.92021, -0.82984, 10.11426, 1.12296, -5.53863, -1.6705, -3.33069, -5.47652]"
42,sub10,supLP120,3,sub10-c__0017__squat.npy,16,squat,16,0.8985154,1,"[1.48168, -3.92241, -5.2617, 0.26834, 6.32157, -1.05131, -5.93294, -4.36474, 1.65877, 4.41106, -2.23929, 5.4439, 1.60331, 4.33853, 5.98076, 0.37956, 9.39806, 0.75316, -6.03925, -1.93471, -3.05397, -4.1319]"
42,sub10,supLP120,3,sub10-c__0019__squat.npy,16,squat,16,0.9968418,1,"[2.9418, -3.32438, -4.47085, -5.69933, 1.96877, -1.79876, -4.68542, -4.23935, 0.25041, 2.97515, -1.80159, 8.44308, 2.81741, -4.43128, 3.603, -0.61202, 14.22352, 2.24278, -1.81035, 2.36475, -5.46043, -7.13819]"
42,sub10,supLP120,3,sub10-c__0020__squat.npy,16,squat,16,0.99935585,1,"[1.82312, -3.45331, -4.7265, -5.21594, 5.07882, -1.0614, -3.72328, -3.78143, -0.61841, 4.40143, -2.13102, 9.62584, 3.43554, -5.02205, 4.25401, -0.86108, 16.99838, 3.08375, -2.84369, 2.95364, -5.34061, -9.66344]"
42,sub10,supLP120,3,sub10-c__0021__squat.npy,16,squat,16,0.99958843,1,"[1.36283, -3.43977, -4.95851, -4.40634, 5.46227, -0.91161, -3.08899, -3.44209, -1.23752, 5.1093, -1.61762, 8.38539, 4.69406, -4.33264, 3.00906, -0.72285, 16.30084, 2.6988, -2.85091, 2.2999, -4.50393, -9.04749]"
42,sub10,supLP120,3,sub10-c__0022__pickup.npy,11,pickup,11,0.9965289,1,"[3.79114, -4.13223, 1.6745, -4.95136, -3.23687, -2.65947, -2.57657, -5.3931, 1.00544, -1.40679, -0.05024, 11.29039, 4.29161, -5.53426, 4.45813, 0.69722, 4.0415, 1.24096, -0.12709, 0.85551, -5.47048, -6.19162]"
42,sub10,supLP120,3,sub10-c__0023__pickup.npy,11,pickup,11,0.9916604,1,"[4.16563, -3.85209, 0.90236, -4.8691, -2.06634, -2.13897, -2.92376, -5.24321, 1.43635, -0.65982, -0.5645, 11.49803, 3.52389, -6.05134, 5.92814, -0.75069, 5.82905, 0.79652, -0.10365, 1.10064, -5.68717, -7.23245]"
42,sub10,supLP120,3,sub10-c__0024__pickup.npy,11,pickup,11,0.9927965,1,"[3.9416, -3.73854, 0.38876, -4.4457, -1.88932, -1.7062, -3.51633, -5.2591, 1.75321, -0.94855, -0.92791, 11.25616, 2.94966, -4.71828, 5.33881, -0.12812, 5.59105, 0.95033, -0.04866, 0.42176, -5.59183, -6.68048]"
42,sub10,supLP120,3,sub10-c__0025__pickup.npy,11,pickup,11,0.99495786,1,"[3.83047, -4.20607, 2.74405, -5.10252, -3.63456, -2.88472, -1.90397, -4.79248, 0.45697, -1.33504, 0.63445, 11.43299, 5.46009, -6.77161, 4.49174, -0.30044, 4.23666, 1.20944, 0.07957, 1.23961, -5.25408, -6.86291]"
42,sub10,supLP120,3,sub10-c__0026__pickup.npy,11,pickup,11,0.99600863,1,"[4.03067, -4.13562, 1.58149, -5.09496, -2.87165, -2.66259, -1.20785, -5.64276, 0.55166, -0.86539, -0.57787, 11.62111, 4.46974, -6.55338, 5.21394, 0.36248, 4.62271, 0.95277, -0.07342, 1.45985, -5.86359, -6.95172]"
42,sub10,supLP120,3,sub10-c__0027__pushchair.npy,12,pushchair,12,0.9980938,1,"[2.18518, -4.78165, 1.69174, -1.40131, -4.90305, -4.40203, -3.3424, -2.46721, -0.54881, 0.04264, 1.40141, 5.12001, 11.53079, -4.76631, -0.04017, 0.13597, -0.5322, -0.02562, -1.47228, -1.30945, 0.76227, -1.03376]"
42,sub10,supLP120,3,sub10-c__0028__pushchair.npy,12,pushchair,12,0.9930118,1,"[2.44345, -4.38311, 2.41755, -2.72896, -5.42318, -5.04228, -2.86469, -2.16474, 0.10979, -0.01342, 2.74183, 6.65392, 11.68246, -7.32233, 2.12185, -2.85083, 1.58395, 0.36206, -1.27923, 0.67104, -1.04072, -3.92184]"
42,sub10,supLP120,3,sub10-c__0031__pushchair.npy,12,pushchair,12,0.9961558,1,"[2.74745, -5.19693, 0.8853, -1.68356, -5.29831, -4.64769, -3.76701, -3.28109, 0.44757, 0.00047, 0.71599, 4.12593, 10.10456, -5.48894, 0.75403, 0.92155, -1.26412, -0.77505, -0.57297, -1.37104, 0.73417, 0.22265]"
42,sub10,supLP120,3,sub10-c__0033__stand.npy,17,stand,17,0.9996619,1,"[-4.26958, -0.10648, -1.31617, -5.86756, -3.82072, -2.30202, -6.72004, -3.50835, 3.51697, -2.38039, -0.16588, 0.86492, 2.19443, -3.17608, -0.90855, 3.48936, -1.20585, 12.45168, -2.01311, 1.38876, -1.70212, 0.26081]"
42,sub10,supLP120,3,sub10-c__0035__sit.npy,15,sit,15,0.9971566,1,"[-5.24572, -1.46062, -3.18097, -5.31839, -2.44885, -2.89867, -3.14425, -3.80017, 1.6035, -0.15326, -1.08085, 0.66293, 1.96976, -0.02076, -3.64658, 12.78959, -1.89158, 6.90707, -1.09732, 0.89271, -1.59929, 1.06766]"
42,sub10,supLP120,3,sub10-c__0037__turnaround.npy,19,turnaround,19,0.99960095,1,"[-0.51267, 3.64583, -1.22494, -7.45696, -1.51566, -3.77193, -4.07544, -3.59281, 0.41108, -3.96848, -0.06803, 2.6064, -4.21276, -2.44839, 2.86413, 0.84615, 0.56979, 3.17179, 3.99364, 12.87164, -5.50223, -8.14923]"
42,sub10,supLP120,3,sub10-c__0038__sit.npy,15,sit,15,0.99711215,1,"[-4.85037, -1.6348, -3.30996, -3.66984, -3.08535, -2.92252, -6.85287, -3.78785, 2.31129, -0.06255, 0.02014, 0.44145, 2.48853, 0.00541, -3.99871, 12.3733, -1.96715, 6.47125, -1.87783, -0.66093, -2.58784, 2.34828]"
42,sub10,supLP120,3,sub10-c__0039__stand.npy,17,stand,17,0.99950266,1,"[-3.62447, -0.20088, -0.95778, -6.05965, -3.74445, -2.36345, -7.08265, -3.67912, 3.16399, -2.55489, -0.02833, 1.60991, 1.87701, -3.06189, -0.26607, 2.91186, -0.97514, 11.77867, -1.55693, 1.90575, -2.15335, -0.4617]"
42,sub10,supLP120,3,sub10-c__0040__turnaround.npy,19,turnaround,19,0.99921477,1,"[-1.42469, 2.46343, -1.35936, -7.28856, -0.93032, -4.2887, -3.37521, -3.17782, 0.62648, -3.37164, -0.10439, 2.07865, -3.10473, -1.90279, 1.78447, 2.29167, -0.44085, 2.9128, 2.79743, 11.4667, -5.04766, -5.63031]"
42,sub10,supLP120,3,sub10-c__0041__sit.npy,15,sit,15,0.99865806,1,"[-4.33786, -2.12869, -3.49075, -3.73169, -3.38175, -3.66127, -5.95621, -4.66608, 1.75999, 0.16501, 0.08308, 0.15782, 2.45824, 0.10563, -3.98367, 12.78932, -2.06232, 6.11188, -1.1345, -0.44119, -2.32811, 1.92874]"
42,sub10,supLP120,3,sub10-c__0042__stand.npy,17,stand,17,0.9996984,1,"[-4.33295, 0.05997, -1.43543, -5.86333, -2.96726, -2.22032, -6.91182, -3.86473, 3.21818, -2.43457, -0.37577, 1.47767, 2.22607, -3.07264, -0.47168, 3.2219, -0.46542, 12.39359, -2.48488, 1.4781, -2.04106, -0.1001]"
42,sub10,supLP120,3,sub10-c__0043__turnaround.npy,19,turnaround,19,0.9995499,1,"[-1.00076, 3.22361, -1.51012, -7.52432, -1.33734, -4.28101, -3.91292, -3.37612, 0.96993, -3.79228, -0.01912, 2.22757, -3.77936, -2.59039, 2.38191, 1.46466, 0.07344, 3.21099, 3.2264, 12.36234, -5.59001, -6.62811]"
42,sub10,supLP120,3,sub10-c__0044__sit.npy,15,sit,15,0.9987803,1,"[-5.54002, -1.05017, -3.18323, -4.08832, -2.17128, -2.03529, -4.19329, -3.3248, 1.47586, -0.17419, -0.97607, 0.2286, 1.70992, 0.85974, -4.3628, 13.20573, -2.3352, 6.46369, -1.2837, -0.16606, -0.99281, 1.64123]"
42,sub10,supLP120,3,sub10-c__0045__stand.npy,17,stand,17,0.99743587,1,"[-5.30397, -1.5431, -1.56137, -6.38827, -2.59213, -2.90471, -4.35304, -2.69853, 2.02713, -0.83738, -0.41089, 0.59144, 3.81778, -1.32988, -2.33293, 5.82899, -2.19065, 11.96956, -2.49987, 0.40495, 0.86739, 1.56586]"
42,sub10,supLP120,3,sub10-c__0046__turnaround.npy,19,turnaround,19,0.99941695,1,"[-0.71147, 3.41244, -0.95282, -7.51967, -1.89827, -4.12203, -3.46007, -4.2323, 0.22021, -4.14416, 0.10769, 2.64639, -3.82086, -2.37065, 2.15387, 1.28984, -0.13571, 3.08271, 4.51486, 12.60756, -5.38226, -7.41759]"
42,sub10,supLP120,3,sub10-c__0047__squat.npy,16,squat,16,0.9994522,1,"[2.09892, -3.09445, -4.83686, -5.56427, 3.01523, -2.35947, -4.03754, -3.63732, -0.32016, 3.64087, -1.57937, 8.40411, 3.55759, -5.22388, 3.39218, -1.115, 15.95526, 3.15434, -2.47176, 3.561, -5.78348, -8.40576]"
42,sub10,supLP120,3,sub10-c__0048__squat.npy,16,squat,16,0.9990589,1,"[2.18901, -3.15929, -3.94626, -4.91508, 3.73938, -2.21707, -3.9955, -3.84038, -0.98714, 3.62563, -1.01364, 9.32089, 4.7692, -6.0194, 3.76118, -1.28322, 16.31553, 3.30977, -2.59964, 3.37761, -5.66235, -9.89673]"
42,sub10,supLP120,3,sub10-c__0049__squat.npy,16,squat,16,0.999203,1,"[1.43646, -3.70286, -5.09752, -5.26704, 3.84745, -1.91422, -4.11056, -3.44584, -0.97916, 4.44953, -1.28791, 8.24073, 4.53053, -4.73772, 2.69994, -0.51888, 15.44816, 3.19765, -2.48113, 2.94194, -5.21921, -8.00516]"
42,sub10,supLP120,3,sub10-c__0050__squat.npy,16,squat,16,0.9994068,1,"[0.88454, -3.57853, -4.9604, -6.24103, 2.77702, -2.16383, -3.59458, -3.04244, 0.03762, 3.59198, -2.35092, 8.7298, 2.9154, -5.68388, 3.44701, -0.64189, 16.18939, 3.65468, -1.56079, 3.78105, -5.50506, -7.82216]"
42,sub10,supLP120,3,sub10-c__0051__squat.npy,16,squat,16,0.9994363,1,"[1.43011, -3.44052, -4.82577, -4.86294, 4.42097, -1.69606, -4.1231, -3.54149, -0.85172, 4.32084, -1.34377, 8.47658, 4.49302, -5.0783, 3.11263, -0.78603, 16.02105, 3.04914, -2.64771, 2.97699, -5.20393, -8.62553]"
42,sub10,supLP120,3,sub10-c__0053__pickup.npy,11,pickup,11,0.99347746,1,"[4.36753, -2.97984, 1.3173, -5.80737, -3.19546, -1.9089, -3.74246, -5.2013, 2.13663, -2.4018, -1.17397, 12.26977, 2.29471, -7.25614, 6.1338, -1.4622, 6.70634, 1.42172, 1.25607, 2.41027, -7.25424, -8.28523]"
42,sub10,supLP120,3,sub10-c__0054__pickup.npy,11,pickup,11,0.9966022,1,"[3.96122, -3.82311, 1.74606, -5.39402, -3.31359, -2.69608, -2.75986, -5.44973, 1.0544, -1.7052, -0.4719, 11.91528, 4.15797, -6.35, 4.80031, 0.07628, 5.5239, 1.70257, 0.35806, 1.28074, -5.99481, -7.22814]"
42,sub10,supLP120,3,sub10-c__0055__pickup.npy,11,pickup,11,0.9974414,1,"[4.35533, -3.60348, 2.41093, -6.27049, -4.57768, -2.97801, -1.73241, -5.45111, 1.5376, -2.71728, -0.91106, 12.2771, 3.89134, -8.17455, 5.50159, -0.88329, 4.95189, 1.36149, 1.49523, 2.49486, -6.96377, -7.49432]"
42,sub10,supLP120,3,sub10-c__0056__pickup.npy,11,pickup,11,0.9970227,1,"[3.78132, -3.85398, 1.96619, -5.47905, -4.10535, -2.49832, -2.64026, -5.17201, 1.54013, -1.96095, -0.40442, 12.08284, 4.31756, -7.28868, 5.46691, -0.95742, 4.9923, 1.33292, 0.67718, 1.81635, -6.1132, -7.13698]"
42,sub10,supLP120,3,sub10-c__0057__pickup.npy,11,pickup,11,0.99585164,1,"[4.37969, -3.6748, 1.99075, -5.27615, -3.4401, -2.13548, -2.50187, -5.19348, 1.52619, -1.76197, -0.35954, 11.84008, 3.78707, -7.06217, 5.76098, -1.24086, 4.73075, 0.66528, 0.7392, 1.68848, -6.32892, -7.31509]"
42,sub10,supLP120,3,sub10-c__0059__pushchair.npy,12,pushchair,12,0.94942486,1,"[4.56824, -4.20203, 2.28098, -2.43497, -6.25882, -4.7782, -3.87946, -3.95622, 1.04183, -1.68651, 2.01111, 6.50592, 9.61129, -6.4009, 1.78806, -0.48154, -0.90702, -1.02034, -0.62155, 0.34662, -2.51397, -1.93625]"
42,sub10,supLP120,3,sub10-c__0060__pushchair.npy,12,pushchair,12,0.99797386,1,"[3.25425, -4.32873, 2.14734, -1.91382, -6.52659, -5.05174, -4.78963, -3.03861, 0.80347, -1.12622, 3.40432, 4.9247, 11.55596, -6.27738, 1.30999, -2.01807, -1.49056, -0.04494, -1.26588, -0.03609, -0.68517, -1.57598]"
42,sub10,supLP120,3,sub10-c__0061__pushchair.npy,12,pushchair,12,0.9900114,1,"[3.89622, -5.05197, 1.77489, -2.45406, -5.31811, -4.85778, -4.21282, -3.56908, 0.67135, -0.07293, 2.27953, 5.54192, 10.40413, -6.07735, 1.89286, -0.74066, -0.85257, -0.84804, -1.46176, -0.21066, -0.6636, -1.24919]"
42,sub10,supLP120,3,sub10-c__0062__pushchair.npy,12,pushchair,12,0.98984724,1,"[3.44114, -5.07806, 1.87804, -2.56458, -6.46254, -5.26009, -3.72241, -3.79834, 0.84305, -0.93345, 1.3883, 5.05871, 9.93182, -5.9622, 1.20121, 0.85695, -2.13382, -0.48548, -0.53448, -0.51798, -0.39236, -0.29119]"
42,sub10,supLP120,3,sub10-c__0063__pushchair.npy,12,pushchair,12,0.9981812,1,"[3.28683, -5.2514, 1.4384, -1.98763, -6.08739, -5.15599, -4.07581, -3.77367, 0.39762, 0.04774, 2.43768, 4.42729, 11.22042, -5.3483, 0.86225, 0.52316, -2.08664, -0.8643, -1.4881, -0.72784, 0.19223, -0.46078]"
42,sub10,supLP120,3,sub10-c__0064__sit.npy,15,sit,15,0.9926997,1,"[-4.85319, -0.83354, -3.32528, -4.25086, -2.57425, -2.64656, -4.70746, -3.65215, 1.64706, -0.45477, -0.40904, 0.62627, 1.88254, -0.14562, -4.2997, 11.45861, -1.14047, 6.5141, -0.4289, 0.27757, -3.06241, 1.13822]"
42,sub10,supLP120,3,sub10-c__0065__stand.npy,17,stand,17,0.99934417,1,"[-3.98002, 0.40348, -1.73682, -5.43556, -2.27587, -2.6057, -7.46316, -4.1357, 3.15532, -2.20423, -0.18421, 1.5282, 2.53133, -3.15374, -0.5516, 3.08558, -0.05853, 11.63767, -2.59701, 1.91081, -2.45641, -0.68529]"
42,sub10,supLP120,3,sub10-c__0066__turnaround.npy,19,turnaround,19,0.9995548,1,"[-0.73186, 3.1855, -1.14221, -7.63251, -1.54453, -4.10327, -3.57587, -3.62749, 0.53864, -3.82351, 0.0451, 2.29409, -4.09496, -2.48257, 2.26477, 1.34748, -0.22664, 2.87148, 4.12976, 12.60079, -5.50459, -6.96675]"
42,sub10,supLP120,3,sub10-c__0067__sit.npy,15,sit,15,0.99701947,1,"[-5.05687, -1.33, -3.29512, -4.10533, -2.32659, -3.21736, -4.88853, -3.90144, 1.48882, -0.1092, -0.55781, 0.90445, 2.8288, 0.08934, -4.19016, 12.154, -1.31789, 6.281, -1.44322, -0.01866, -2.73079, 1.5683]"
42,sub10,supLP120,3,sub10-c__0068__stand.npy,17,stand,17,0.9994272,1,"[-4.81863, -0.42211, -1.57199, -5.72008, -2.44401, -2.41437, -5.94582, -3.03352, 2.35711, -1.52029, -0.38788, 0.984, 2.40172, -2.48393, -1.28196, 4.33223, -0.68786, 12.15324, -2.29177, 1.24749, -1.0428, 0.4332]"
42,sub10,supLP120,3,sub10-c__0069__turnaround.npy,19,turnaround,19,0.99954575,1,"[-1.18523, 3.33759, -1.46846, -7.49284, -1.42446, -3.95923, -3.99435, -3.95587, 0.31354, -3.82563, -0.04255, 2.79128, -3.85476, -2.1095, 2.41935, 1.28938, 0.57611, 3.63, 3.52547, 12.60995, -5.38026, -7.11013]"
42,sub10,supLP120,3,sub10-c__0070__sit.npy,15,sit,15,0.9983113,1,"[-4.57278, -1.24147, -2.29918, -4.41161, -4.29514, -1.64552, -2.12409, -2.61846, 0.77845, -0.02756, 0.16147, -1.00003, 2.8486, 1.43511, -5.1728, 13.41169, -5.29438, 6.99604, -0.68687, -0.83565, 0.82775, 1.96342]"
42,sub10,supLP120,3,sub10-c__0071__stand.npy,17,stand,17,0.9989942,1,"[-4.43654, -0.43043, -1.56468, -5.58723, -3.18809, -2.62497, -6.41899, -3.74684, 3.10846, -1.9605, -0.13144, 0.55492, 2.96194, -3.17074, -1.3923, 3.74337, -1.13117, 11.45311, -1.69918, 1.50883, -1.73798, 0.47915]"
42,sub10,supLP120,3,sub10-c__0072__turnaround.npy,19,turnaround,19,0.9996172,1,"[-0.82607, 3.68167, -1.29803, -7.45836, -1.61756, -3.81712, -3.71022, -3.31107, 0.73965, -3.81548, -0.13418, 2.28448, -4.50937, -2.84021, 2.46537, 0.82686, 0.12906, 2.84565, 4.35085, 12.96512, -5.73545, -7.25944]"
42,sub10,supLP120,3,sub10-c__0073__sit.npy,15,sit,15,0.99878687,1,"[-4.76268, -1.45526, -3.24096, -3.88712, -2.81004, -2.52577, -5.92811, -3.5177, 1.8337, 0.00337, -0.2721, 0.58744, 2.47196, -0.38333, -4.36313, 12.78615, -1.44386, 6.0043, -1.14235, -0.22801, -2.70467, 1.50593]"
42,sub10,supLP120,3,sub10-c__0074__stand.npy,17,stand,17,0.9993432,1,"[-4.13152, -0.46035, -1.37419, -5.68617, -3.90135, -2.8587, -7.1585, -3.87022, 3.38577, -2.28949, 0.04943, 0.79403, 2.90195, -3.6842, -0.97992, 3.50181, -1.10373, 11.85424, -1.46594, 1.60896, -2.26348, 0.08955]"
42,sub10,supLP120,3,sub10-c__0075__turnaround.npy,19,turnaround,19,0.9996439,1,"[-0.50088, 3.26536, -1.12173, -8.01416, -1.23615, -4.23784, -3.27215, -3.84704, 0.17526, -3.69335, -0.17052, 2.33684, -4.00106, -2.64628, 1.84444, 1.41233, 0.09377, 2.7563, 4.33648, 12.90782, -5.37882, -7.09181]"
42,sub10,supLP120,3,sub10-c__0076__sit.npy,15,sit,15,0.99951375,1,"[-5.10721, -1.01282, -3.95994, -4.46718, -1.68837, -1.47063, -3.33857, -4.41211, 0.92615, -0.01186, -0.74347, 1.15426, 2.33568, 0.87977, -4.4896, 12.97688, -1.38906, 5.21941, -0.05645, 1.01233, -2.5652, -0.28794]"
42,sub10,supLP120,3,sub10-c__0077__stand.npy,17,stand,17,0.99933225,1,"[-4.7616, 0.07562, -2.06013, -5.57217, -1.88177, -2.74111, -6.35037, -4.15889, 2.85396, -1.94249, -0.28835, 1.17216, 3.28765, -2.83457, -0.92811, 3.6523, -0.27008, 11.87278, -3.05888, 1.60659, -1.81252, 0.07518]"
42,sub10,supLP120,3,sub10-c__0078__turnaround.npy,19,turnaround,19,0.99954176,1,"[-0.04915, 4.11648, -1.09379, -7.65228, -1.61052, -3.3285, -3.9664, -4.2885, 0.51486, -4.41846, 0.23771, 2.61073, -4.39665, -2.69609, 2.62959, 0.48641, 0.2732, 3.00698, 4.3673, 12.96265, -5.89818, -8.39982]"
42,sub10,supLP120,3,sub10-c__0080__stand.npy,17,stand,17,0.9994295,1,"[-4.76315, -1.01108, -2.10599, -6.35675, -2.01163, -3.41093, -5.50712, -4.30307, 2.53617, -1.48458, -0.06705, 0.92101, 3.71164, -2.20243, -1.04866, 4.31539, -1.17701, 12.42439, -3.59837, 1.43926, -0.57127, 1.30111]"
42,sub10,supLP120,3,sub10-c__0081__turnaround.npy,19,turnaround,19,0.99948835,1,"[-0.31318, 3.30898, -0.95002, -7.8659, -2.03091, -4.16318, -3.1051, -4.24769, 0.14462, -4.01232, 0.29955, 2.57064, -4.19803, -2.59466, 2.22164, 1.2381, -0.44503, 2.8844, 4.99252, 12.98428, -5.56055, -7.65973]"
42,sub10,supLP120,3,sub10-c__0082__squat.npy,16,squat,16,0.99789053,1,"[3.27248, -3.1326, -4.64569, -5.49438, 1.85779, -2.05533, -4.25013, -4.02408, -0.56572, 2.94816, -1.61362, 8.78577, 2.70862, -4.27637, 3.14667, -0.34386, 14.96279, 2.42289, -1.70759, 2.6584, -6.18224, -8.09692]"
42,sub10,supLP120,3,sub10-c__0083__squat.npy,16,squat,16,0.9884134,1,"[3.60484, -4.00771, -4.02043, -4.29403, 2.91898, -2.30177, -4.55804, -4.52387, -1.47509, 4.08543, -0.78222, 7.64054, 5.15797, -3.19257, 1.74316, 0.88781, 12.22325, 1.28994, -2.55748, 1.05997, -4.25601, -7.12796]"
42,sub10,supLP120,3,sub10-c__0084__squat.npy,16,squat,16,0.9982998,1,"[3.17734, -3.50488, -4.53368, -4.35671, 3.72728, -1.47421, -3.67955, -3.87756, -1.17594, 3.93037, -1.47457, 8.33585, 4.22222, -3.81921, 2.98545, -0.52136, 14.76193, 1.60413, -2.50518, 1.8451, -4.95053, -8.16663]"
42,sub10,supLP120,3,sub10-c__0085__squat.npy,16,squat,16,0.9984079,1,"[2.67818, -3.49353, -4.25757, -4.98659, 3.62952, -1.75088, -3.81407, -3.83653, -1.09948, 3.89978, -1.5436, 8.23818, 3.92298, -4.30176, 2.65442, 0.02795, 14.72701, 2.20494, -2.06049, 2.02002, -4.56577, -8.0597]"
42,sub10,supLP120,3,sub10-c__0086__squat.npy,16,squat,16,0.99761677,1,"[3.47833, -3.37349, -4.08433, -5.27234, 3.46546, -1.65617, -4.63181, -4.11075, -0.21168, 3.37886, -1.37516, 8.76366, 2.73958, -4.5689, 4.38688, -0.87459, 14.83366, 2.13703, -2.17857, 2.72027, -4.99328, -8.77721]"
42,sub10,supLP120,3,sub10-c__0087__squat.npy,16,squat,16,0.98848665,1,"[3.82878, -3.56421, -3.51927, -4.90289, 1.32349, -2.66184, -3.73717, -4.56558, -0.52907, 2.51814, -1.25383, 8.93261, 4.13761, -4.73219, 3.64241, -0.59142, 13.40893, 1.98353, -1.85336, 2.22131, -4.8094, -7.94643]"
42,sub10,supLP120,3,sub10-c__0089__pickup.npy,11,pickup,11,0.99383694,1,"[4.54161, -3.77824, 0.59462, -4.70423, -1.9012, -1.53349, -3.67282, -4.93727, 1.54861, -0.96251, -0.46419, 11.37147, 3.2921, -4.50764, 5.24624, 0.10968, 5.36959, 0.79459, -0.45022, 0.01308, -5.5858, -6.33791]"
42,sub10,supLP120,3,sub10-c__0090__pickup.npy,11,pickup,11,0.9925034,1,"[4.50374, -3.89219, 0.99274, -4.60507, -3.4019, -2.26332, -2.69826, -5.4054, 1.35487, -1.48619, -0.68545, 10.3525, 3.36886, -4.23467, 4.41683, 1.31475, 2.94515, 0.61799, 0.31883, -0.09827, -4.83934, -5.13121]"
42,sub10,supLP120,3,sub10-c__0091__pickup.npy,11,pickup,11,0.99232435,1,"[4.74372, -3.32934, 2.56263, -4.61872, -2.99138, -2.64251, -2.63654, -4.60786, -0.09102, -1.30886, 0.84355, 11.29395, 5.41198, -6.24078, 3.7594, -0.60605, 5.37489, 1.11379, 0.12426, 0.76689, -5.57759, -7.582]"
42,sub10,supLP120,3,sub10-c__0092__pickup.npy,11,pickup,11,0.9932225,1,"[5.33443, -3.65712, 2.03021, -4.98251, -3.34899, -2.38409, -2.60199, -5.15682, 0.88568, -1.76504, -0.34283, 11.21358, 4.05396, -6.47244, 4.73268, -0.20414, 4.69835, 0.77508, 0.42041, 0.59857, -5.55732, -6.6672]"
42,sub10,supLP120,3,sub10-c__0093__pushchair.npy,12,pushchair,12,0.99963284,1,"[2.7561, -4.94732, 1.10008, -0.60351, -6.44836, -4.56451, -4.68213, -2.83128, -0.20344, 0.25438, 3.1792, 3.45288, 12.35338, -3.29352, -0.6075, 0.61152, -2.74047, -0.53808, -2.24567, -2.13829, 1.22612, 0.28207]"
42,sub10,supLP120,3,sub10-c__0094__pushchair.npy,12,pushchair,12,0.9964547,1,"[1.75285, -4.79824, 1.99706, -1.18445, -6.27551, -3.93988, -2.84447, -2.51212, -0.43069, -0.71988, 0.86698, 4.13256, 10.23893, -3.36575, -0.3256, 1.70481, -2.97368, 0.4847, -1.092, -2.41359, 2.32688, 0.36856]"
42,sub10,supLP120,3,sub10-c__0096__pushchair.npy,12,pushchair,12,0.99771667,1,"[3.23763, -4.72213, 1.41615, -1.09595, -6.21186, -4.4684, -4.39454, -2.96907, 0.03464, -0.387, 2.17529, 4.2268, 10.83293, -4.3531, 0.24326, 0.80048, -2.13193, -1.00799, -1.10974, -1.50739, 0.47128, -0.26924]"
42,sub10,supLP120,3,sub10-c__0097__pushchair.npy,12,pushchair,12,0.9996395,1,"[1.93279, -4.57342, 0.75574, 0.3421, -5.33381, -3.94748, -4.65867, -2.14644, -1.11218, 0.88727, 3.46774, 2.63352, 12.2512, -1.90917, -1.5187, 0.71664, -2.86069, -0.30747, -2.4656, -2.52137, 2.45192, 0.13541]"
42,sub10,supLP120,3,sub10-c__0098__pushchair.npy,12,pushchair,12,0.98925567,1,"[3.27068, -4.87747, 1.78517, -1.68662, -6.79226, -3.75233, -4.05746, -3.61881, 0.27505, -1.0918, 1.50494, 4.79962, 9.70863, -4.18962, 0.10925, 2.68383, -2.53483, -0.48122, -0.85492, -1.79819, -0.33647, -0.20256]"
42,sub10,supLP120,3,sub10-c__0099__sit.npy,15,sit,15,0.99575293,1,"[-5.68212, -0.70957, -3.30801, -4.08391, -1.96008, -1.95552, -4.79642, -3.12319, 1.52995, -0.06121, -0.70714, 0.6764, 2.05708, 0.85344, -4.3786, 12.23092, -1.79027, 6.74374, -1.57141, -0.40609, -1.56977, 1.69584]"
42,sub10,supLP120,3,sub10-c__0100__stand.npy,17,stand,17,0.99970394,1,"[-4.7373, 0.20296, -1.97705, -5.91376, -1.7614, -2.77231, -6.00104, -3.85126, 2.58641, -1.81521, -0.35292, 1.46357, 2.79168, -2.39395, -0.73137, 3.94288, -0.12881, 12.68303, -3.27427, 1.57823, -1.52453, -0.12364]"
42,sub10,supLP120,3,sub10-c__0101__turnaround.npy,19,turnaround,19,0.9993837,1,"[-1.2017, 1.56977, -1.14728, -7.48256, -1.59537, -4.98859, -2.6674, -4.16269, -0.2404, -2.78532, 0.51403, 2.34245, -2.48605, -1.96966, 1.71852, 2.47234, -0.90339, 2.89467, 3.42535, 11.84011, -4.4178, -5.63096]"
42,sub10,supLP120,3,sub10-c__0102__sit.npy,15,sit,15,0.9969428,1,"[-6.00982, -0.92673, -3.70076, -4.94865, -1.24871, -2.46803, -2.41933, -3.44455, 1.18546, 0.05702, -1.52499, 0.56225, 1.64765, 0.88825, -4.19075, 12.85729, -1.2265, 7.05179, -1.29844, 0.9495, -1.19166, 1.0992]"
42,sub10,supLP120,3,sub10-c__0104__turnaround.npy,19,turnaround,19,0.99817777,1,"[-1.43903, -0.12138, -1.22041, -7.59308, -1.69346, -5.56044, -1.50207, -4.4739, -1.02347, -1.83097, 0.70554, 2.38092, -0.7899, -1.57106, 1.27243, 3.62013, -1.34671, 2.73474, 2.47632, 10.74141, -3.01508, -4.43083]"
42,sub10,supLP120,3,sub10-c__0105__sit.npy,15,sit,15,0.99960655,1,"[-6.0139, -0.48592, -3.8432, -4.99352, -0.66285, -1.21968, -1.96301, -3.39943, 0.74711, 0.19538, -1.60128, 0.76687, 1.76095, 1.36779, -4.61642, 14.12235, -1.67792, 6.24219, -0.92043, 0.87123, -1.17605, -0.41247]"
42,sub10,supLP120,3,sub10-c__0106__stand.npy,17,stand,17,0.9989704,1,"[-4.90514, -0.98851, -1.96739, -5.92063, -1.55023, -3.15022, -4.71791, -3.58305, 1.60622, -0.99725, -0.4721, 1.09721, 3.72629, -1.61522, -1.25599, 4.99528, -1.08086, 12.20369, -3.58024, 0.90476, -0.09649, 0.86581]"
42,sub10,supLP120,3,sub10-c__0107__turnaround.npy,19,turnaround,19,0.9995105,1,"[-0.80227, 1.95354, -0.84981, -8.0337, -1.39625, -4.8876, -2.29076, -4.43792, -0.70411, -2.97338, 0.22828, 2.93639, -2.8446, -2.25763, 1.92919, 2.19965, -0.16407, 2.85107, 4.17765, 12.47678, -4.48813, -6.91083]"
42,sub10,supLP120,3,sub10-c__0108__sit.npy,15,sit,15,0.9982528,1,"[-5.91084, -0.85937, -3.66734, -4.35548, -0.71578, -1.60265, -3.10052, -3.34287, 0.86954, 0.40023, -1.17175, 0.78179, 1.99017, 1.02777, -4.4134, 13.15155, -1.1728, 6.77969, -1.74691, -0.18999, -1.11991, 0.61389]"
42,sub10,supLP120,3,sub10-c__0109__stand.npy,17,stand,17,0.9994424,1,"[-4.69953, -0.36429, -1.65822, -5.99153, -2.31244, -2.47487, -6.08807, -3.55854, 2.36252, -1.70237, -0.42692, 1.54239, 2.89112, -2.51354, -0.90579, 3.9933, -0.4295, 12.06186, -2.50488, 1.54604, -1.38203, -0.04924]"
42,sub10,supLP120,3,sub10-c__0110__turnaround.npy,19,turnaround,19,0.9993591,1,"[-0.52581, 4.14788, -0.89586, -7.14701, -1.99857, -3.23212, -3.94655, -4.10552, 0.68493, -4.61631, 0.12224, 2.61482, -4.62218, -2.50024, 2.51501, 0.88675, -0.34232, 3.04032, 4.6463, 12.7547, -5.87695, -8.08694]"
42,sub10,supLP120,3,sub10-c__0111__sit.npy,15,sit,15,0.99899906,1,"[-4.87847, -0.61706, -3.9351, -4.1748, -1.74084, -1.7811, -3.77053, -4.26224, 1.42093, -0.21271, -0.72806, 0.86413, 2.00525, 1.01522, -4.68795, 12.7359, -1.23687, 5.76108, -0.8692, 0.40583, -2.59559, 0.38591]"
42,sub10,supLP120,3,sub10-c__0112__stand.npy,17,stand,17,0.99972016,1,"[-4.39044, 0.16246, -1.86091, -5.59883, -2.55993, -2.70096, -6.89376, -3.70068, 2.88154, -2.02378, -0.29328, 1.50431, 2.4578, -2.89032, -0.73674, 3.97289, 0.04012, 12.75481, -3.03574, 1.5677, -2.09458, -0.21355]"
42,sub10,supLP120,3,sub10-c__0113__turnaround.npy,19,turnaround,19,0.9992816,1,"[0.17436, 3.98228, -0.31897, -7.77474, -2.37493, -3.46282, -3.43844, -4.5419, 0.10652, -4.73612, 0.18142, 3.17457, -4.10863, -3.11368, 2.91751, 0.4455, 0.30484, 3.24584, 5.08754, 12.91145, -5.72393, -9.0462]"
42,sub10,supLP120,3,sub10-c__0114__squat.npy,16,squat,16,0.9974089,1,"[3.20176, -2.37308, -4.26649, -6.03964, 1.07072, -2.25546, -4.7126, -3.4929, -0.30874, 2.21984, -1.83075, 8.94413, 1.94676, -4.67322, 2.69167, -0.34498, 14.91147, 3.08401, -1.01868, 3.31092, -6.48035, -8.18746]"
42,sub10,supLP120,3,sub10-c__0115__squat.npy,16,squat,16,0.9869021,1,"[3.95243, -3.34603, -3.8928, -5.11306, 1.16523, -2.48114, -4.6924, -4.27063, -1.04038, 2.72103, -1.0625, 8.8304, 3.73282, -3.9575, 2.3171, 0.1447, 13.17244, 1.85048, -1.43417, 1.8774, -5.96925, -7.77521]"
42,sub10,supLP120,3,sub10-c__0116__squat.npy,16,squat,16,0.97466314,1,"[3.55079, -4.17499, -3.41379, -5.12479, 1.69712, -2.73466, -3.57595, -4.41153, -1.21385, 3.57926, -0.82539, 8.01453, 5.02823, -3.98265, 2.36448, 0.48255, 11.74413, 1.54095, -1.91871, 1.46518, -3.71258, -6.88842]"
42,sub10,supLP120,3,sub10-c__0118__squat.npy,16,squat,16,0.9977769,1,"[2.99306, -2.79766, -3.97681, -5.19311, 3.57804, -1.38773, -3.98928, -3.88824, -0.42818, 3.13617, -1.93707, 9.26302, 2.81314, -4.5919, 3.72782, -0.54891, 15.38482, 2.34199, -2.39616, 2.45463, -5.24449, -8.81293]"
42,sub10,supLP120,3,sub10-c__0119__pickup.npy,11,pickup,11,0.9927168,1,"[4.19975, -4.18289, 1.70143, -4.93971, -4.0901, -2.67108, -1.58844, -5.17272, 0.77645, -2.04402, -0.65461, 10.23137, 4.17826, -4.5994, 3.75882, 2.07931, 1.99883, 0.89888, 0.08368, 0.23313, -4.12885, -4.47233]"
42,sub10,supLP120,3,sub10-c__0121__pickup.npy,11,pickup,11,0.99382967,1,"[4.34852, -3.98632, 1.76524, -4.28973, -3.40825, -2.29488, -1.57529, -5.08075, 0.76188, -1.59014, -0.38695, 10.55236, 4.38221, -4.62967, 3.92613, 1.1109, 2.61432, 0.51359, -0.08444, -0.06352, -4.52483, -5.08809]"
42,sub10,supLP120,3,sub10-c__0122__pickup.npy,11,pickup,11,0.9925135,1,"[5.1612, -3.65632, 1.64695, -5.16022, -3.74831, -2.70233, -2.45852, -5.63753, 0.89943, -1.80962, -0.59749, 10.72964, 4.13007, -5.59155, 3.91423, 1.04317, 3.71182, 0.74726, 0.57818, 0.54549, -5.28954, -5.8732]"
42,sub10,supLP120,3,sub10-c__0123__pickup.npy,11,pickup,11,0.99187064,1,"[4.70326, -3.69456, 2.73967, -4.68931, -4.41228, -2.97954, -0.91144, -4.6967, 0.66276, -2.36492, -0.02969, 10.67584, 5.09627, -6.04192, 3.85795, 0.15839, 2.135, 0.23277, 0.46465, 0.82777, -5.09343, -5.50669]"
42,sub10,supLP120,3,sub10-c__0124__pickup.npy,11,pickup,11,0.9906713,1,"[4.3918, -4.03216, 2.74673, -5.00379, -3.65457, -2.78732, -0.92697, -4.66247, -0.33282, -1.15992, 0.41333, 10.59486, 5.39415, -5.69318, 3.34133, 1.08497, 3.01665, 0.71283, 0.2065, 0.41738, -4.29289, -6.2856]"
42,sub10,supLP120,3,sub10-c__0125__pushchair.npy,12,pushchair,12,0.99541605,1,"[3.6619, -4.66631, 1.62809, -1.93462, -7.25773, -4.93546, -3.49547, -3.62642, 1.10125, -1.20927, 2.06558, 3.99553, 10.16449, -4.87187, 0.58697, 1.44745, -3.77609, -1.1981, -1.14547, -0.66356, -0.07613, 0.48888]"
42,sub10,supLP120,3,sub10-c__0126__pickup.npy,11,pickup,12,0.99600476,0,"[2.88243, -4.88789, 1.31112, -2.27172, -6.46492, -5.04402, -3.60485, -3.62822, 0.81252, -0.64772, 2.02617, 4.64835, 10.4985, -4.52973, 0.49779, 1.37936, -2.61535, -0.8872, -1.28017, -0.55134, -0.04475, 0.01915]"
42,sub10,supLP120,3,sub10-c__0127__pushchair.npy,12,pushchair,12,0.9988765,1,"[2.85745, -4.95803, 0.9116, -1.36098, -6.78884, -4.81347, -4.07337, -3.71517, 0.67823, -0.60104, 2.32842, 3.30666, 11.07645, -3.54006, -0.30188, 1.5507, -3.74343, -1.01139, -1.68548, -1.56549, 0.96421, 1.2576]"
42,sub10,supLP120,3,sub10-c__0128__pushchair.npy,12,pushchair,12,0.99750465,1,"[2.20121, -4.85776, 1.59, -1.45014, -5.70573, -4.45308, -2.7306, -2.47713, -0.37718, -0.18446, 1.21754, 4.7459, 10.97137, -3.91948, -0.53721, 1.72148, -2.03086, -0.2801, -1.5872, -1.84393, 1.04704, -0.09818]"
42,sub10,supLP120,3,sub10-c__0129__pushchair.npy,12,pushchair,12,0.99535996,1,"[3.06282, -4.78596, 1.30735, -2.24003, -6.33056, -4.9771, -2.70799, -3.32388, 0.69355, -0.51782, 1.03281, 4.49327, 10.22579, -5.12312, 0.51558, 1.11914, -2.22223, -0.9011, -0.99366, -0.76319, 0.24354, 0.1749]"
42,sub10,supLP120,3,sub10-c__0130__pushchair.npy,12,pushchair,12,0.9988397,1,"[1.9012, -4.27651, 2.11548, -0.84912, -5.24594, -4.24329, -2.51891, -1.86093, -0.82098, 0.04063, 1.31111, 4.34849, 11.43634, -4.17566, -1.0456, 1.2537, -1.48706, -0.31962, -1.58924, -1.86983, 1.31758, -0.80329]"
