seed,subject,method,k,file,true_id,true_label,pred_id,conf,correct,logits
42,sub11,supMAE,0,sub11-a__0001__wave.npy,21,wave,21,0.86569196,1,"[-5.92817, -3.56754, 12.33755, 8.85769, -7.26637, -5.44892, -1.9916, 10.53374, -3.08199, -8.67329, -5.39986, 0.43925, 3.22779, -0.20775, -3.22484, 5.38077, -5.38744, 5.31382, -3.142, -4.87001, -5.2468, 14.38113]"
42,sub11,supMAE,0,sub11-a__0002__wave.npy,21,wave,21,0.6543568,1,"[-5.99522, -4.59536, 12.54313, 9.82305, -6.94506, -5.05148, -1.82957, 10.97921, -4.82886, -8.08982, -5.85257, 0.59096, 3.54764, 0.76395, -3.78225, 5.72235, -4.78929, 5.56519, -3.45847, -4.84545, -5.1066, 13.42616]"
42,sub11,supMAE,0,sub11-a__0003__wave.npy,21,wave,21,0.44597325,1,"[-6.32261, -3.9748, 11.84512, 10.0293, -6.87675, -4.78871, -1.28143, 12.2339, -5.10592, -8.1773, -5.56922, 1.4636, 3.72069, 0.0444, -3.71886, 4.94536, -4.30851, 4.79137, -2.64247, -5.03348, -6.26785, 12.59898]"
42,sub11,supMAE,0,sub11-a__0004__wave.npy,21,wave,21,0.8435043,1,"[-5.49014, -3.73554, 12.51424, 7.6041, -7.47164, -5.30059, -1.69271, 10.68968, -3.31908, -8.37196, -5.37611, 0.76933, 3.60531, -0.63864, -3.17107, 5.42339, -5.25249, 5.31452, -3.68804, -4.7292, -5.09404, 14.35611]"
42,sub11,supMAE,0,sub11-a__0005__wave.npy,21,wave,7,0.60857713,0,"[-6.42926, -3.85687, 11.65596, 10.34078, -6.86912, -4.14526, -1.33674, 13.23355, -5.40299, -8.59018, -4.95175, 1.95698, 3.10772, -0.37712, -3.11505, 4.45257, -3.78753, 4.63352, -2.62442, -5.45146, -7.21184, 12.26831]"
42,sub11,supMAE,0,sub11-a__0006__wave.npy,21,wave,21,0.5295206,1,"[-6.25519, -3.45421, 11.85642, 9.23271, -7.26412, -4.11664, -0.82558, 12.89917, -4.67403, -8.86411, -5.23649, 1.81453, 3.11378, -0.80533, -3.19255, 4.65676, -4.46412, 4.98068, -3.06658, -5.39793, -6.82673, 13.33857]"
42,sub11,supMAE,0,sub11-a__0007__bow.npy,2,bow,12,0.91450846,0,"[-0.79948, -3.24958, 10.49662, -2.24142, -11.47934, -6.04821, 0.01535, -6.04983, 3.91903, -2.23491, -1.40215, 3.20482, 13.05883, -5.74541, -1.0927, 1.10282, -11.13842, 1.41632, 2.16215, 7.87491, 8.50674, -1.94375]"
42,sub11,supMAE,0,sub11-a__0008__bow.npy,2,bow,12,0.7217514,0,"[-0.77439, -2.71489, 12.26529, -2.49799, -11.54603, -6.73297, 1.06181, -4.90255, 3.04375, -3.56419, -2.11985, 3.26434, 13.23295, -5.11651, -0.72054, 0.70909, -11.11156, 1.05591, 1.01326, 7.33148, 7.32022, -1.09516]"
42,sub11,supMAE,0,sub11-a__0009__bow.npy,2,bow,12,0.96601814,0,"[-1.17368, -3.16742, 10.11744, -1.58504, -11.42914, -5.74859, 0.89472, -6.03062, 3.23642, -2.14125, -1.25549, 4.13048, 13.6802, -5.73984, -0.99007, 0.43923, -10.95826, 0.86843, 2.80258, 7.88967, 8.06234, -2.96579]"
42,sub11,supMAE,0,sub11-a__0010__bow.npy,2,bow,12,0.9757927,0,"[-0.83935, -3.37662, 10.29733, -1.86467, -11.44979, -5.95673, 1.05991, -5.67779, 2.71832, -1.89954, -1.24357, 4.52065, 14.12973, -5.84177, -0.91709, -0.0686, -10.5343, 0.32659, 2.69339, 7.61333, 7.67782, -3.08512]"
42,sub11,supMAE,0,sub11-a__0011__bow.npy,2,bow,12,0.96794444,0,"[-0.70454, -3.25699, 10.30502, -1.99306, -11.49475, -6.02595, 0.86637, -5.64384, 2.91227, -1.9182, -1.12013, 4.37211, 13.83535, -5.88582, -1.0213, 0.28154, -10.57837, 0.42161, 2.53521, 7.5178, 7.57091, -2.72486]"
42,sub11,supMAE,0,sub11-a__0012__crossarms.npy,5,crossarms,3,0.99617225,0,"[-4.34377, -0.76471, -2.60726, 14.46346, -5.42074, 8.20168, -1.03204, 7.5499, -7.30995, -1.5867, -0.69596, 6.90399, 3.07823, -3.53973, -3.99816, -2.83748, 6.01932, -1.15051, 5.90361, -4.04033, -8.17769, -6.2273]"
42,sub11,supMAE,0,sub11-a__0013__crossarms.npy,5,crossarms,3,0.99786526,0,"[-5.19932, -1.49198, -1.7973, 16.21652, -4.59738, 9.24277, -1.37971, 9.41916, -8.96212, -2.47443, -0.91981, 5.55121, 2.62135, -1.65926, -4.36625, -2.1459, 6.44423, -0.61222, 3.91704, -4.74193, -8.8524, -5.5208]"
42,sub11,supMAE,0,sub11-a__0014__crossarms.npy,5,crossarms,3,0.9983096,0,"[-4.885, -0.30537, -2.32146, 15.67819, -3.9144, 8.35009, -0.96961, 8.588, -8.47706, -2.65159, -1.17775, 5.08834, 2.01614, -1.07636, -3.99822, -2.20732, 6.85049, -1.97096, 5.2632, -3.6675, -9.0853, -6.11903]"
42,sub11,supMAE,0,sub11-a__0015__crossarms.npy,5,crossarms,3,0.9927791,0,"[-5.11471, -0.66332, -3.09166, 14.82781, -4.83705, 9.50873, -0.20626, 8.50677, -8.32117, -2.40582, -0.60656, 6.50123, 2.1439, -2.69589, -4.29331, -2.48065, 6.3107, -1.03788, 5.89545, -4.03562, -8.73245, -6.42391]"
42,sub11,supMAE,0,sub11-a__0016__crossarms.npy,5,crossarms,3,0.9957898,0,"[-4.58628, -0.09983, -3.04312, 15.03189, -4.44131, 9.29816, -0.35391, 7.6407, -8.36779, -2.58108, -0.51061, 5.5407, 1.36921, -1.47676, -4.16074, -2.31068, 6.19485, -1.47226, 6.25041, -3.17191, -8.54345, -7.10916]"
42,sub11,supMAE,0,sub11-a__0017__airpunch.npy,1,airpunch,3,0.98982084,0,"[-4.93755, 5.60073, 6.55462, 15.00708, -3.84616, 3.42351, -0.99815, 10.31623, -7.5979, -10.23645, -4.26375, -3.38274, -0.90073, 7.86834, -3.17668, 0.61093, 2.80122, -0.81391, -3.40174, -5.31786, -9.2199, 0.25932]"
42,sub11,supMAE,0,sub11-a__0018__airpunch.npy,1,airpunch,2,0.9342793,0,"[-2.52225, 5.04038, 9.62729, 2.77669, -8.4988, -5.99639, -3.09293, 2.38319, 4.46601, -8.69986, -0.53611, -4.02263, 4.06714, 0.0683, -0.67425, 0.34704, -5.75181, -1.33689, -0.18459, -1.91674, -2.79857, 6.60052]"
42,sub11,supMAE,0,sub11-a__0019__airpunch.npy,1,airpunch,8,0.8274633,0,"[-3.79608, 2.04158, 5.96891, 2.38692, -9.65618, -6.2775, -5.26856, -1.35154, 9.41989, -4.93659, 0.36887, -1.18646, 7.49991, -5.56322, -1.53709, 0.2105, -7.52135, -0.42786, 5.71974, 1.20502, 1.74388, 3.57319]"
42,sub11,supMAE,0,sub11-a__0020__airpunch.npy,1,airpunch,8,0.98250854,0,"[-3.67542, 1.0878, 5.43262, 1.416, -10.03327, -5.90302, -6.45758, -3.64832, 11.75595, -4.07309, -0.28552, -1.43021, 7.41187, -6.11857, -2.11552, 1.61027, -8.37735, 1.3573, 5.07258, 1.81048, 4.46932, 4.75007]"
42,sub11,supMAE,0,sub11-a__0021__airpunch.npy,1,airpunch,8,0.9620014,0,"[-3.48298, 0.07549, 4.76709, 0.86233, -9.63096, -6.35625, -6.63859, -4.51057, 11.89623, -2.83227, -0.76951, -0.96649, 8.54342, -6.49558, -2.38885, 1.87698, -8.04737, 1.39239, 5.53394, 2.17531, 5.24517, 4.35703]"
42,sub11,supMAE,0,sub11-a__0022__drink.npy,7,drink,3,0.99990225,0,"[-7.04715, -5.45785, 4.13283, 17.08377, -5.15346, -0.39669, -4.04276, 7.70122, -5.3766, -3.17172, 0.08107, 1.84584, 4.31126, 1.69848, -3.83979, 1.32358, -0.91756, -0.12167, 5.30839, -1.73982, -4.94689, -1.70633]"
42,sub11,supMAE,0,sub11-a__0023__drink.npy,7,drink,3,0.9998729,0,"[-7.0051, -6.44467, 4.2894, 16.66035, -4.97717, -0.52976, -3.18651, 7.4113, -6.29503, -2.35172, -0.62027, 2.27218, 4.74307, 1.75012, -4.27385, 2.03547, -1.46555, 0.79601, 5.75727, -1.11007, -4.16736, -2.50946]"
42,sub11,supMAE,0,sub11-a__0024__drink.npy,7,drink,3,0.9999137,0,"[-7.14978, -6.82805, 4.28585, 16.97361, -4.9051, -0.55178, -3.25175, 7.33931, -6.36312, -2.09989, -0.87634, 2.22165, 4.91083, 1.87036, -4.68844, 2.30937, -1.42986, 1.1523, 5.52444, -1.3047, -4.01582, -2.04207]"
42,sub11,supMAE,0,sub11-a__0025__drink.npy,7,drink,3,0.9998104,0,"[-7.29195, -6.74719, 4.47896, 16.69204, -5.05083, -0.62573, -3.0053, 7.948, -6.43813, -2.28023, -1.02512, 2.45043, 5.03208, 1.60957, -4.75662, 2.31193, -1.42826, 1.11237, 5.58453, -1.40986, -4.34429, -1.98314]"
42,sub11,supMAE,0,sub11-a__0026__drink.npy,7,drink,3,0.9998307,0,"[-7.12435, -6.75227, 4.61249, 16.76984, -5.04976, -0.69157, -2.92026, 7.92433, -6.77566, -2.22369, -0.99745, 2.55641, 5.00328, 1.71962, -4.57771, 2.26931, -1.28878, 1.08564, 5.30965, -1.45518, -4.41636, -2.01976]"
42,sub11,supMAE,0,sub11-a__0027__brushteeth.npy,3,brushteeth,3,0.999353,1,"[-5.83636, -5.30418, 7.55769, 15.70795, -4.42671, -3.27076, -4.77519, 7.68486, -6.46459, -3.85053, -2.31384, 0.47226, 4.86878, 3.51875, -4.01655, 3.39826, -1.19563, 0.83619, 1.3619, -1.32645, -3.94, 1.05407]"
42,sub11,supMAE,0,sub11-a__0028__brushteeth.npy,3,brushteeth,3,0.99957854,1,"[-5.70867, -5.60066, 6.38924, 16.75554, -4.61294, -1.1293, -2.77998, 8.89124, -9.26005, -3.44939, -0.82263, 2.34152, 3.32414, 3.52006, -3.56986, 2.80962, -0.65751, 1.10838, 2.96592, -1.59065, -5.60353, -2.57818]"
42,sub11,supMAE,0,sub11-a__0029__brushteeth.npy,3,brushteeth,3,0.9994124,1,"[-5.60671, -5.34021, 6.82759, 16.51494, -4.79449, -1.19531, -2.60051, 8.95041, -9.43143, -3.72514, -0.71618, 2.30582, 3.13386, 3.67326, -3.3072, 2.78301, -0.8168, 1.08346, 2.72856, -1.5296, -5.67081, -2.64698]"
42,sub11,supMAE,0,sub11-a__0030__brushteeth.npy,3,brushteeth,3,0.9980196,1,"[-5.61249, -4.83303, 7.53866, 16.40107, -5.04114, -1.31905, -2.72555, 10.1009, -9.5432, -4.61582, -1.08483, 2.37147, 2.80899, 3.51515, -3.02349, 2.8397, -0.49438, 1.23118, 1.90138, -2.06605, -6.51601, -1.88949]"
42,sub11,supMAE,0,sub11-a__0031__brushteeth.npy,3,brushteeth,3,0.9986248,1,"[-5.40375, -4.91588, 7.57627, 15.84328, -5.01745, -2.12035, -3.46163, 9.03693, -8.56529, -4.12156, -1.30782, 2.03171, 3.7072, 3.2546, -3.0641, 2.85006, -0.64913, 0.86526, 1.97579, -1.65087, -5.56636, -1.51606]"
42,sub11,supMAE,0,sub11-a__0032__highfive.npy,8,highfive,2,0.6182625,0,"[-6.74794, -2.53133, 11.44691, 7.97573, -9.36807, -5.17637, -1.56132, 9.80129, -0.74797, -8.73965, -3.0571, 2.02466, 5.56145, -3.14997, -2.29569, 2.75819, -5.84014, 2.77452, 0.18904, -3.33407, -5.33878, 10.50591]"
42,sub11,supMAE,0,sub11-a__0033__highfive.npy,8,highfive,21,0.6912951,0,"[-7.50684, -0.95324, 8.8961, 6.58777, -9.3879, -6.48944, -2.73873, 6.2552, 3.64277, -7.49594, -3.19054, 1.53382, 6.96568, -5.35542, -1.42966, 2.00368, -5.45653, 1.13493, 4.03741, -2.41333, -4.03164, 9.98821]"
42,sub11,supMAE,0,sub11-a__0034__highfive.npy,8,highfive,2,0.7018214,0,"[-7.30427, -2.65442, 11.51644, 8.5294, -8.4954, -6.13468, -1.93782, 8.11512, -0.83681, -8.48272, -4.10042, 0.91252, 5.39241, -1.78893, -1.83747, 3.98708, -5.54572, 2.24677, 1.05028, -2.19521, -4.51165, 10.43235]"
42,sub11,supMAE,0,sub11-a__0035__highfive.npy,8,highfive,2,0.4153863,0,"[-7.80431, -2.43426, 12.18349, 10.22745, -7.52645, -5.2659, -0.4412, 12.14252, -4.62834, -9.39553, -5.43794, 1.76912, 4.09493, -0.30213, -1.98139, 4.12285, -3.61689, 2.3424, -0.78092, -4.26975, -7.48321, 10.99738]"
42,sub11,supMAE,0,sub11-a__0036__highfive.npy,8,highfive,2,0.41441825,0,"[-7.72341, -1.98564, 11.07356, 10.78103, -7.41222, -5.49936, 0.28161, 10.56933, -4.35091, -8.83792, -5.24399, 1.96136, 4.38973, -0.31145, -1.98101, 4.14603, -3.92663, 1.41794, 1.97298, -2.91731, -7.18593, 8.26222]"
42,sub11,supMAE,0,sub11-a__0037__highfive.npy,8,highfive,21,0.46879384,0,"[-7.23162, -0.21743, 9.24468, 7.21761, -7.72717, -7.13235, -0.59184, 4.90074, 1.66833, -8.12821, -5.41856, 0.16525, 5.36393, -2.45146, -1.53547, 4.75128, -5.93164, 0.97442, 4.6879, -0.13599, -3.96917, 9.29209]"
42,sub11,supMAE,0,sub11-a__0038__wave.npy,21,wave,7,0.57470465,0,"[-6.6145, -2.67491, 11.21459, 8.92256, -7.35772, -5.19645, -1.16897, 12.05725, -4.27767, -7.56561, -4.61289, 2.27058, 4.6163, -1.29908, -3.01541, 3.80847, -3.78839, 3.37891, -1.2701, -4.73614, -6.64933, 10.72873]"
42,sub11,supMAE,0,sub11-a__0039__wave.npy,21,wave,7,0.86907166,0,"[-7.02962, -2.80346, 9.65573, 8.82614, -7.25351, -4.7751, -1.24386, 13.01296, -3.59246, -7.04771, -4.5527, 3.87226, 5.43091, -3.14914, -2.71905, 2.36207, -2.65717, 2.55025, -0.09042, -5.34677, -7.56877, 10.70992]"
42,sub11,supMAE,0,sub11-a__0040__wave.npy,21,wave,7,0.90014076,0,"[-6.70629, -2.87707, 10.22949, 10.19258, -6.83912, -4.49944, -1.40158, 13.60832, -5.09083, -7.49025, -4.66509, 3.54147, 4.29968, -1.78728, -2.58613, 2.89988, -2.25368, 2.93968, -1.10693, -5.77376, -8.05341, 10.48061]"
42,sub11,supMAE,0,sub11-a__0041__wave.npy,21,wave,7,0.83221084,0,"[-7.0412, -3.39633, 10.02879, 9.69854, -7.31577, -4.47121, -1.43664, 12.76697, -4.05363, -7.06408, -4.30791, 3.52989, 5.22439, -2.48796, -2.86571, 2.74234, -2.92048, 2.75223, -0.47155, -5.02781, -7.20423, 10.35586]"
42,sub11,supMAE,0,sub11-a__0042__bow.npy,2,bow,12,0.9685637,0,"[-1.27834, -2.96073, 10.31126, -3.21572, -11.84222, -6.32568, -0.5352, -5.48657, 4.922, -2.13996, -1.28094, 3.84606, 13.85683, -6.94512, -0.40856, 0.39334, -10.02344, 0.67806, 2.13112, 7.24876, 7.67405, -1.26013]"
42,sub11,supMAE,0,sub11-a__0043__bow.npy,2,bow,12,0.97960573,0,"[-1.16778, -2.88109, 9.60738, -2.71189, -11.68102, -6.13834, -0.79416, -5.75752, 4.85082, -1.63998, -1.13519, 4.02989, 13.72952, -6.96843, -0.70759, 0.71342, -9.89478, 0.7059, 2.52225, 7.35106, 7.81144, -1.86058]"
42,sub11,supMAE,0,sub11-a__0044__bow.npy,2,bow,12,0.996356,0,"[-1.80182, -3.54923, 7.69014, -2.06729, -11.07567, -5.62158, -0.66647, -6.54225, 4.6496, 0.06356, -0.53467, 4.47159, 14.66962, -6.83108, -1.24981, 0.08785, -9.51549, -0.07593, 4.17759, 7.60944, 8.32507, -3.34848]"
42,sub11,supMAE,0,sub11-a__0045__bow.npy,2,bow,12,0.9957343,0,"[-1.51356, -3.51174, 7.60896, -2.0515, -11.1904, -5.48482, -0.49562, -6.60334, 4.47337, 0.08245, -0.4399, 4.72983, 14.53106, -7.01732, -1.22332, -0.10321, -9.61214, -0.02496, 4.24709, 7.64619, 8.38431, -3.49891]"
42,sub11,supMAE,0,sub11-a__0046__bow.npy,2,bow,12,0.99686784,0,"[-1.168, -3.6407, 7.78907, -1.85648, -11.29108, -5.58066, -0.48483, -6.23573, 3.89, 0.00779, -0.36455, 5.52147, 14.59702, -7.38831, -0.89911, -0.418, -9.22578, -0.0884, 4.13053, 7.39797, 7.80466, -3.6346]"
42,sub11,supMAE,0,sub11-a__0047__crossarms.npy,5,crossarms,3,0.96046805,0,"[-4.37515, 1.22847, -3.58726, 14.7985, -4.13892, 11.53857, -0.77516, 8.10935, -8.72473, -2.97668, -1.67919, 6.05297, 0.83999, -1.26021, -4.04174, -2.9545, 8.17366, -1.69401, 4.53784, -4.30879, -9.07606, -7.06345]"
42,sub11,supMAE,0,sub11-a__0048__crossarms.npy,5,crossarms,3,0.9872777,0,"[-4.6705, 0.50367, -3.59486, 15.15916, -4.77241, 10.69663, -1.75755, 7.50207, -7.77939, -2.20641, -1.08073, 6.5115, 1.58554, -2.23106, -4.06713, -3.24868, 7.83462, -1.53876, 5.12778, -4.50106, -8.60097, -6.78297]"
42,sub11,supMAE,0,sub11-a__0049__crossarms.npy,5,crossarms,3,0.94786114,0,"[-4.92762, 0.51398, -4.47183, 13.9695, -4.75954, 10.98163, -1.0625, 7.25228, -7.47986, -1.57572, -1.16475, 6.89224, 1.98905, -3.06067, -4.22339, -3.18613, 7.83745, -1.89834, 6.08638, -3.85143, -8.2797, -7.25139]"
42,sub11,supMAE,0,sub11-a__0050__crossarms.npy,5,crossarms,3,0.93627065,0,"[-4.96256, 0.77878, -4.3488, 14.17294, -4.82934, 11.41122, -1.06366, 7.74734, -7.79319, -1.88218, -1.15151, 7.17145, 1.465, -3.03779, -4.11694, -3.31374, 8.04039, -1.55697, 5.53714, -4.51339, -8.65947, -6.89089]"
42,sub11,supMAE,0,sub11-a__0051__crossarms.npy,5,crossarms,3,0.9316058,0,"[-4.846, 0.96268, -4.07781, 14.50319, -4.52993, 11.84181, -1.09591, 7.93408, -8.13447, -2.33012, -1.53391, 6.37768, 1.22521, -2.06854, -4.42809, -2.92247, 8.17762, -1.53444, 4.95643, -4.38851, -8.73204, -6.87622]"
42,sub11,supMAE,0,sub11-a__0052__crossarms.npy,5,crossarms,3,0.93185294,0,"[-4.34067, 1.27941, -3.85919, 13.93455, -4.81844, 11.24069, -0.80182, 7.97554, -8.03624, -2.5086, -0.99669, 6.6841, 0.94702, -2.49829, -3.98728, -3.15864, 7.73234, -1.52674, 5.35321, -4.20286, -8.92904, -7.13554]"
42,sub11,supMAE,0,sub11-a__0053__airpunch.npy,1,airpunch,2,0.61794204,0,"[-5.04177, 6.71868, 8.4067, 6.64225, -8.07552, -1.95777, -1.70995, 6.40294, 0.76762, -9.8224, -1.61111, -3.21049, 3.01126, 1.01141, -0.5774, -1.08063, -1.76769, -2.16829, -1.5707, -4.52534, -6.82733, 6.29647]"
42,sub11,supMAE,0,sub11-a__0054__airpunch.npy,1,airpunch,3,0.96804684,0,"[-5.6444, 6.99474, 5.55772, 11.51965, -7.81788, 2.78835, -2.92858, 7.42636, -0.65493, -9.3604, -3.00588, -1.98129, 1.87135, 0.97414, -2.60189, -1.47582, 1.82402, -1.03366, -2.06149, -7.0723, -8.07521, 5.56108]"
42,sub11,supMAE,0,sub11-a__0055__airpunch.npy,1,airpunch,3,0.96060103,0,"[-5.84556, 5.81817, 5.25904, 10.97079, -8.30212, 2.06255, -3.06956, 7.11876, 0.58476, -8.32864, -4.10736, -0.92829, 3.93623, -0.72763, -3.96659, -0.932, 1.72617, -0.40619, -1.63436, -7.12062, -7.52601, 6.31492]"
42,sub11,supMAE,0,sub11-a__0056__airpunch.npy,1,airpunch,3,0.9840469,0,"[-5.57138, 6.65984, 5.30098, 12.7553, -7.73588, 2.89408, -2.3929, 8.36077, -1.51542, -9.08012, -5.35342, -0.33493, 2.69275, 0.59681, -3.59565, -1.07467, 3.3313, -0.484, -2.69377, -8.10624, -8.83994, 5.68315]"
42,sub11,supMAE,0,sub11-a__0057__airpunch.npy,1,airpunch,3,0.9862504,0,"[-5.77701, 5.82128, 5.0835, 12.64931, -8.31461, 3.8856, -2.98413, 8.12216, -1.2753, -8.84973, -4.41894, -0.32545, 2.71632, -0.12819, -3.40624, -1.16974, 3.23088, -0.18702, -2.62566, -8.10312, -8.54209, 5.95076]"
42,sub11,supMAE,0,sub11-a__0058__drink.npy,7,drink,18,0.9875015,0,"[-6.62647, -3.99953, 1.11828, 8.0713, -3.92533, -3.63659, 2.09254, 3.04717, -3.48566, -1.1647, -2.25344, 1.84325, 5.53932, -1.63149, -1.92211, 1.57544, -2.95802, -2.10636, 12.53709, 3.18423, -2.77469, -1.70914]"
42,sub11,supMAE,0,sub11-a__0059__drink.npy,7,drink,3,0.9992107,0,"[-6.7221, -6.22355, 5.81462, 15.95364, -5.50421, -1.44855, -2.88897, 8.71086, -6.94171, -3.00886, -1.48016, 3.05186, 5.13767, 1.16635, -4.1577, 2.50544, -1.44909, 1.18962, 4.44711, -1.45034, -4.79917, -1.32159]"
42,sub11,supMAE,0,sub11-a__0060__drink.npy,7,drink,3,0.9995784,0,"[-6.70844, -6.41415, 5.27165, 15.79712, -5.22475, -1.6372, -3.31649, 7.79421, -6.40106, -2.33774, -1.3858, 2.8554, 5.62588, 1.12699, -4.13068, 2.28708, -1.36281, 0.80485, 4.84536, -1.04899, -4.14221, -1.6099]"
42,sub11,supMAE,0,sub11-a__0061__drink.npy,7,drink,3,0.99951196,0,"[-6.42876, -6.26514, 5.70636, 15.31023, -5.42715, -1.92144, -3.31041, 7.27245, -6.32629, -2.48096, -1.18377, 2.75052, 5.70066, 1.16669, -3.95731, 2.33231, -1.88876, 0.87044, 4.64745, -0.57529, -3.66818, -1.62294]"
42,sub11,supMAE,0,sub11-a__0062__drink.npy,7,drink,3,0.6980093,0,"[-7.23676, -4.23137, 1.67667, 12.06258, -3.20132, -2.52812, 2.09572, 7.08252, -6.19396, -2.01391, -3.69883, 2.792, 4.32786, -0.64908, -3.41978, 1.92791, -1.24716, -0.64679, 11.20714, 0.93156, -5.37819, -1.66279]"
42,sub11,supMAE,0,sub11-a__0063__drink.npy,7,drink,3,0.9990765,0,"[-6.31941, -5.98239, 5.79862, 15.42587, -5.23631, -1.76324, -3.0352, 8.28141, -7.3492, -2.48059, -1.33942, 3.18019, 5.43226, 1.38439, -3.92823, 2.43132, -1.00676, 0.57878, 4.31731, -0.97065, -4.6218, -2.20178]"
42,sub11,supMAE,0,sub11-a__0064__brushteeth.npy,3,brushteeth,3,0.99993837,1,"[-5.29339, -5.84464, 4.96807, 16.19077, -3.96373, -1.22392, -3.77965, 5.80635, -8.47657, -1.35767, -0.13172, 1.57238, 4.31514, 4.01719, -3.08598, 2.45104, -0.01169, -0.22925, 3.56276, -0.25951, -3.7183, -4.13321]"
42,sub11,supMAE,0,sub11-a__0065__brushteeth.npy,3,brushteeth,3,0.999246,1,"[-5.70855, -5.14507, 6.18402, 16.08334, -5.00383, -1.07841, -2.80128, 8.80825, -9.11951, -3.20235, -0.39226, 2.84609, 3.60527, 2.86763, -2.86827, 2.30806, -0.18623, 0.51863, 3.32384, -1.47519, -5.87202, -3.42875]"
42,sub11,supMAE,0,sub11-a__0066__brushteeth.npy,3,brushteeth,3,0.99930036,1,"[-5.4349, -4.9482, 6.84576, 15.84504, -5.23157, -1.57661, -3.42501, 8.36303, -8.61983, -3.39306, -0.57999, 2.39889, 3.75209, 2.99196, -2.8011, 2.57256, -0.38094, 0.63084, 2.60387, -1.39691, -5.40111, -2.72279]"
42,sub11,supMAE,0,sub11-a__0067__brushteeth.npy,3,brushteeth,3,0.9998016,1,"[-5.44924, -5.60064, 6.30143, 16.12659, -4.83824, -1.587, -3.68557, 7.18879, -8.33909, -2.60081, -0.41388, 2.12415, 4.12725, 3.25912, -3.10827, 2.59942, -0.75269, 0.66944, 2.86595, -0.9196, -4.30878, -2.72758]"
42,sub11,supMAE,0,sub11-a__0068__brushteeth.npy,3,brushteeth,3,0.9995956,1,"[-5.09656, -5.15319, 6.86451, 15.86177, -5.20702, -1.89426, -4.0487, 7.62996, -8.05356, -3.07949, -0.60175, 2.22514, 4.10933, 2.94772, -2.82479, 2.45808, -0.49412, 0.67032, 2.35598, -1.35077, -4.73221, -2.34065]"
42,sub11,supMAE,0,sub11-a__0069__brushteeth.npy,3,brushteeth,3,0.99970263,1,"[-5.62145, -5.49181, 6.24126, 16.05643, -4.99559, -1.5599, -3.58633, 7.67209, -8.19621, -2.78024, -0.50826, 2.44653, 4.26762, 2.80906, -3.06998, 2.35175, -0.61267, 0.5507, 3.09838, -1.13548, -4.70664, -2.65131]"
42,sub11,supMAE,0,sub11-a__0070__highfive.npy,8,highfive,21,0.8416354,0,"[-6.09824, -2.29596, 10.63351, 7.05321, -7.73909, -6.49809, -2.22727, 7.26649, -0.52163, -7.61276, -3.34529, 1.06393, 5.87908, -1.62348, -1.61418, 2.9968, -4.6109, 0.73839, -0.68008, -3.08566, -4.56177, 12.37313]"
42,sub11,supMAE,0,sub11-a__0071__highfive.npy,8,highfive,3,0.92443204,0,"[-7.37448, -1.1108, 7.40422, 10.59227, -6.85464, -5.60028, -0.25571, 5.47365, -0.87131, -7.19945, -3.92519, 0.95405, 4.12103, -1.5031, -1.07807, 3.53711, -4.59503, 0.53268, 5.90159, -0.38414, -4.97499, 6.80864]"
42,sub11,supMAE,0,sub11-a__0072__highfive.npy,8,highfive,3,0.4928415,0,"[-7.51692, -0.58596, 7.71703, 9.23414, -6.94755, -6.74593, -1.17971, 5.29625, 0.90577, -6.95133, -4.52543, 0.62644, 5.22954, -1.92652, -1.53685, 3.60859, -4.42953, 0.02202, 4.89069, -1.45595, -4.73816, 8.95272]"
42,sub11,supMAE,0,sub11-a__0073__highfive.npy,8,highfive,21,0.8753669,0,"[-8.26158, -1.50134, 8.94828, 7.71304, -7.53245, -6.95871, -0.76518, 5.25864, 1.82074, -7.67496, -5.16868, 0.44364, 6.30474, -2.29602, -1.86278, 4.18172, -5.65787, 1.10191, 3.55814, -1.25286, -3.83909, 11.23508]"
42,sub11,supMAE,0,sub11-a__0074__highfive.npy,8,highfive,7,0.69370127,0,"[-7.78831, -0.39952, 10.03675, 11.42226, -6.79461, -5.16079, 0.9409, 12.46769, -5.67808, -8.63915, -5.25187, 2.88625, 3.89927, -0.14622, -1.70133, 2.9571, -2.42131, 0.60075, 2.52799, -3.77547, -8.82994, 6.05669]"
42,sub11,supMAE,0,sub11-a__0075__wave.npy,21,wave,3,0.50779337,0,"[-6.30655, -3.0706, 9.94768, 10.88241, -6.93903, -5.69248, -2.4668, 10.25701, -4.11515, -5.96577, -3.82904, 2.53537, 5.44907, -0.85203, -3.07547, 3.19336, -3.08707, 2.27832, 0.57278, -3.95129, -5.86825, 7.56577]"
42,sub11,supMAE,0,sub11-a__0076__wave.npy,21,wave,7,0.8502483,0,"[-6.60298, -2.91372, 9.22779, 11.06221, -6.65867, -4.27389, -1.4763, 12.96468, -5.82355, -6.25962, -4.02351, 4.3107, 5.2809, -1.73505, -2.65343, 2.18484, -1.55416, 1.53693, 0.41218, -4.47856, -7.74493, 6.94351]"
42,sub11,supMAE,0,sub11-a__0077__wave.npy,21,wave,7,0.8094356,0,"[-6.35977, -2.8829, 9.40382, 11.59562, -6.53828, -4.28305, -1.94842, 13.17596, -5.75701, -6.70213, -4.19099, 4.20338, 4.68187, -1.49669, -2.52822, 2.23312, -1.37296, 1.88608, -0.26888, -5.15237, -8.01947, 8.08578]"
42,sub11,supMAE,0,sub11-a__0078__wave.npy,21,wave,7,0.49101016,0,"[-6.08209, -3.46743, 8.75963, 11.7962, -6.98026, -4.3228, -2.57418, 11.81321, -5.00547, -5.69838, -3.21108, 4.41351, 5.24588, -2.04692, -2.74875, 2.02191, -1.69383, 1.93076, 1.07433, -4.65518, -7.15111, 6.3267]"
42,sub11,supMAE,0,sub11-a__0079__wave.npy,21,wave,7,0.6544726,0,"[-6.9217, -3.94893, 8.10658, 11.36651, -7.14851, -3.90529, -2.1678, 12.05509, -4.51179, -5.30717, -3.5, 4.75851, 6.21648, -2.98458, -3.07899, 1.94953, -1.61093, 1.52587, 1.96458, -4.13784, -7.13372, 6.13134]"
42,sub11,supMAE,0,sub11-a__0080__wave.npy,21,wave,3,0.6153712,0,"[-6.43025, -3.48535, 9.03241, 11.26898, -6.78982, -5.10969, -2.48391, 10.58796, -4.31229, -5.60012, -3.45135, 3.57865, 5.78018, -1.71595, -3.03474, 2.60096, -2.73505, 1.72357, 1.74506, -3.37552, -6.02797, 6.33506]"
42,sub11,supMAE,0,sub11-a__0081__bow.npy,2,bow,12,0.99716645,0,"[-1.25157, -4.3619, 8.51104, -2.20037, -11.45688, -5.62784, 0.10848, -5.97371, 3.24925, -0.1172, -0.40223, 6.07437, 15.01045, -7.43656, -0.62211, -0.65948, -9.37514, -0.08656, 3.53854, 7.31215, 7.79137, -3.28831]"
42,sub11,supMAE,0,sub11-a__0082__bow.npy,2,bow,12,0.9971238,0,"[-1.26384, -3.99065, 6.85809, -1.13366, -10.80125, -5.37916, -0.54235, -6.69213, 3.2474, 1.00477, 0.40514, 5.98993, 14.42977, -7.10522, -0.6225, -0.63631, -8.83205, -0.55298, 4.70345, 7.2572, 7.79111, -4.35583]"
42,sub11,supMAE,0,sub11-a__0083__bow.npy,2,bow,12,0.9978345,0,"[-0.77595, -3.78535, 8.02819, -1.56501, -11.29027, -5.67979, 0.10653, -5.72537, 2.57009, 0.08173, 0.06929, 7.06086, 14.85207, -7.62561, -0.16601, -1.30593, -8.62582, -0.76744, 3.96896, 6.82919, 6.79262, -4.17766]"
42,sub11,supMAE,0,sub11-a__0084__bow.npy,2,bow,12,0.9979102,0,"[-0.8998, -3.9193, 7.9195, -1.18648, -11.27273, -5.5174, 0.37294, -5.77083, 2.33205, 0.08801, 0.05473, 7.25983, 14.88022, -7.55024, -0.23506, -1.45629, -8.70985, -0.69264, 4.20878, 6.83654, 6.78675, -4.38571]"
42,sub11,supMAE,0,sub11-a__0085__bow.npy,2,bow,12,0.99710387,0,"[-1.00578, -3.97381, 6.58532, -0.28267, -10.35893, -5.36016, -0.57405, -6.54907, 2.40443, 1.22499, 0.22991, 6.1047, 14.20918, -6.52166, -0.7664, -0.58341, -8.32199, -0.93188, 4.87335, 7.23254, 7.37779, -5.08678]"
42,sub11,supMAE,0,sub11-a__0086__crossarms.npy,5,crossarms,3,0.8678595,0,"[-4.22343, 1.92092, -3.73634, 13.29061, -5.25001, 11.29484, -0.93399, 8.03137, -7.59468, -2.63701, -1.58489, 7.64043, 1.06374, -3.32906, -3.3688, -3.43281, 8.3899, -1.46607, 4.64091, -5.00324, -9.16055, -7.08925]"
42,sub11,supMAE,0,sub11-a__0087__crossarms.npy,5,crossarms,3,0.86036485,0,"[-4.58104, 1.7343, -3.91949, 13.80944, -4.47617, 11.86414, -1.185, 8.90319, -8.33765, -2.61565, -1.81053, 7.16454, 0.9583, -2.56911, -3.54722, -3.48951, 9.26131, -1.72427, 4.00385, -5.36989, -9.58654, -6.92162]"
42,sub11,supMAE,0,sub11-a__0088__crossarms.npy,5,crossarms,3,0.9058656,0,"[-4.50004, 1.44257, -3.71373, 13.82235, -4.72617, 11.4519, -1.10941, 8.32278, -8.29652, -2.47294, -1.44985, 7.06115, 1.08356, -2.37833, -3.54845, -3.31254, 8.54713, -1.62312, 4.67296, -4.78954, -9.21807, -7.61203]"
42,sub11,supMAE,0,sub11-a__0089__crossarms.npy,5,crossarms,3,0.84604174,0,"[-4.26636, 1.27716, -3.99635, 13.73177, -4.90097, 11.95881, -1.34212, 8.13469, -8.04942, -2.29246, -1.45609, 7.43576, 1.07374, -2.81755, -3.69355, -3.53076, 8.69436, -1.29588, 4.46709, -5.13568, -9.04504, -7.37504]"
42,sub11,supMAE,0,sub11-a__0090__crossarms.npy,5,crossarms,3,0.9589119,0,"[-4.17003, 0.81132, -3.64675, 14.50579, -4.85524, 11.23767, -1.93824, 7.93878, -8.02403, -1.94562, -1.31688, 7.1561, 1.46035, -2.65957, -3.75355, -3.38116, 8.58278, -1.45273, 4.41159, -4.99989, -8.82138, -7.34327]"
42,sub11,supMAE,0,sub11-a__0091__crossarms.npy,5,crossarms,2,0.38457766,0,"[-5.11311, 7.16058, 7.21944, 5.90423, -7.84866, -3.12738, -2.15144, 4.62197, 2.38015, -9.18032, -2.37141, -3.05495, 3.70257, -0.19857, -0.06241, -0.5289, -1.4201, -3.09763, 0.22342, -3.07263, -6.14656, 5.92417]"
42,sub11,supMAE,0,sub11-a__0092__airpunch.npy,1,airpunch,3,0.94220185,0,"[-5.85422, 7.08514, 4.56017, 10.71079, -7.77095, 3.00526, -2.9479, 7.07643, -0.15772, -8.94312, -3.14897, -1.54053, 2.1229, -0.17008, -1.97766, -1.00713, 2.56529, -1.72377, -1.39724, -6.33805, -8.2417, 5.44915]"
42,sub11,supMAE,0,sub11-a__0093__airpunch.npy,1,airpunch,3,0.9866002,0,"[-5.86547, 6.45877, 4.56249, 12.34038, -7.6838, 3.74786, -3.3265, 7.68131, -1.23025, -8.68337, -3.75147, -1.00977, 2.33763, 0.36211, -2.87583, -1.03303, 3.30358, -1.19719, -1.98939, -7.02428, -8.26233, 4.80611]"
42,sub11,supMAE,0,sub11-a__0094__airpunch.npy,1,airpunch,3,0.9174144,0,"[-5.73174, 7.82306, 3.89348, 10.80748, -7.63201, 5.05599, -1.5395, 7.42938, -1.59751, -9.50706, -2.56401, -1.63916, 0.85229, 0.65044, -1.8968, -1.4033, 2.37709, -1.79113, -1.31874, -5.67772, -8.36121, 3.71597]"
42,sub11,supMAE,0,sub11-a__0095__airpunch.npy,1,airpunch,3,0.7393672,0,"[-5.47385, 8.73644, 2.42968, 9.85149, -8.14052, 5.08159, -2.44594, 5.32723, 1.23599, -8.67516, -2.52515, -1.61184, 1.39117, -0.86509, -1.9741, -1.9386, 2.65024, -2.00806, -0.30292, -6.06939, -7.58628, 4.18074]"
42,sub11,supMAE,0,sub11-a__0096__airpunch.npy,1,airpunch,3,0.6721439,0,"[-5.62927, 8.45418, 3.45614, 9.75526, -8.23401, 5.37304, -1.55058, 8.05533, -0.5234, -9.43341, -3.0706, -0.75203, 1.4188, -0.85379, -1.99603, -2.29362, 3.37164, -1.62255, -2.19058, -7.72297, -9.13424, 5.64754]"
42,sub11,supMAE,0,sub11-a__0097__drink.npy,7,drink,3,0.9940393,0,"[-6.42316, -5.5481, 7.42298, 14.4982, -5.7382, -2.58748, -2.81321, 9.19575, -6.87099, -3.90338, -2.43975, 2.84987, 5.53411, 1.05831, -4.25434, 3.44181, -2.04026, 1.50077, 3.35795, -0.85967, -4.67229, -0.41165]"
42,sub11,supMAE,0,sub11-a__0098__drink.npy,7,drink,3,0.99255776,0,"[-6.59562, -5.20906, 7.58722, 15.48947, -5.71893, -1.93578, -2.41208, 10.54131, -7.89195, -4.64575, -2.28717, 3.21854, 4.56955, 1.40457, -3.62578, 2.93815, -1.29799, 1.37714, 2.96225, -1.71624, -6.07211, -0.6095]"
42,sub11,supMAE,0,sub11-a__0099__drink.npy,7,drink,3,0.99174446,0,"[-6.54559, -5.2319, 7.66685, 14.82288, -5.6647, -2.57577, -2.50362, 9.92296, -7.27821, -4.31177, -2.43645, 3.19107, 5.264, 1.07745, -3.67957, 2.84756, -1.71276, 1.19671, 3.14129, -1.27438, -5.37074, -0.26663]"
42,sub11,supMAE,0,sub11-a__0100__drink.npy,7,drink,3,0.99641377,0,"[-6.86499, -5.8767, 5.9259, 15.16084, -5.66587, -1.58841, -1.92284, 9.47401, -7.36217, -3.07114, -1.82456, 3.71839, 5.42917, 0.62876, -4.44389, 2.70245, -1.50267, 1.2447, 4.91213, -1.21799, -5.2895, -1.9305]"
42,sub11,supMAE,0,sub11-a__0101__drink.npy,7,drink,3,0.9964077,0,"[-6.78298, -5.49661, 6.57645, 15.12922, -5.7253, -1.98814, -2.49702, 9.42253, -7.01118, -3.67536, -1.7427, 3.46118, 5.33519, 0.73104, -3.79275, 2.47411, -1.55164, 0.958, 4.27569, -1.22551, -5.30877, -1.27261]"
42,sub11,supMAE,0,sub11-a__0102__drink.npy,7,drink,3,0.9990375,0,"[-6.92949, -6.32125, 5.66284, 15.85558, -5.67143, -1.13418, -2.11074, 8.8141, -7.5192, -2.6973, -1.43321, 3.52705, 5.29073, 1.05325, -4.65944, 2.74514, -1.53565, 1.60714, 4.9149, -1.26897, -4.93362, -2.27879]"
42,sub11,supMAE,0,sub11-a__0103__brushteeth.npy,3,brushteeth,3,0.96921104,1,"[-5.76589, -3.56475, 8.73917, 15.09222, -5.85529, -1.79841, -2.62227, 11.58579, -9.29469, -5.6934, -1.92645, 2.61673, 3.19325, 2.78509, -2.5075, 2.86627, 0.01769, 0.87698, 0.80022, -2.50288, -7.53153, -0.94482]"
42,sub11,supMAE,0,sub11-a__0104__brushteeth.npy,3,brushteeth,3,0.9999169,1,"[-5.06809, -5.72162, 6.08384, 16.07035, -4.49542, -1.85797, -4.60592, 5.1779, -7.39637, -2.11354, -0.58716, 0.88212, 4.38413, 3.99948, -3.26087, 3.07517, -1.08294, 0.61759, 2.55666, 0.02106, -2.69012, -2.66146]"
42,sub11,supMAE,0,sub11-a__0105__brushteeth.npy,3,brushteeth,3,0.9998938,1,"[-5.31611, -5.99349, 6.73456, 16.51731, -4.31941, -1.84218, -3.91264, 6.29535, -8.46458, -2.63027, -1.09975, 1.05608, 4.15864, 4.53054, -3.51265, 3.37542, -1.16799, 0.99128, 1.9454, -0.41685, -3.21558, -2.16257]"
42,sub11,supMAE,0,sub11-a__0106__brushteeth.npy,3,brushteeth,3,0.9999106,1,"[-4.95407, -5.79715, 5.79071, 15.86067, -3.90367, -1.9412, -3.91759, 4.91911, -8.11021, -1.66663, -0.65657, 0.76251, 4.36241, 4.62072, -3.23827, 3.22273, -1.08664, 0.30573, 2.75603, 0.43532, -2.51446, -3.26704]"
42,sub11,supMAE,0,sub11-a__0107__brushteeth.npy,3,brushteeth,3,0.9997837,1,"[-5.2178, -5.67879, 6.98093, 16.00932, -4.51655, -2.14714, -4.01867, 6.52845, -8.22895, -2.78695, -1.03942, 1.1789, 4.31256, 4.19089, -3.32181, 3.22598, -1.10739, 0.72596, 1.8935, -0.46072, -3.42836, -1.99361]"
42,sub11,supMAE,0,sub11-a__0108__brushteeth.npy,3,brushteeth,3,0.99952805,1,"[-4.9114, -5.01603, 7.58096, 15.76908, -5.04105, -2.36432, -4.19407, 7.11894, -8.02257, -3.44335, -0.96293, 1.35269, 4.07261, 3.78968, -2.88914, 2.99583, -0.89474, 0.72942, 1.50912, -0.96938, -4.13674, -1.71172]"
42,sub11,supMAE,0,sub11-a__0109__highfive.npy,8,highfive,2,0.52851504,0,"[-7.21026, 0.14428, 10.06277, 6.80383, -8.43359, -7.58619, -0.98233, 8.48209, 0.81186, -7.91568, -5.08948, 2.07424, 7.02089, -3.72115, -1.49308, 2.54166, -4.37206, 0.23662, 2.79663, -2.56096, -5.9786, 9.54907]"
42,sub11,supMAE,0,sub11-a__0110__highfive.npy,8,highfive,18,0.34660122,0,"[-7.56582, 0.69814, 6.12015, 5.04585, -7.98858, -6.92608, -1.10519, -0.24128, 6.00606, -6.49888, -3.76496, -0.3189, 6.31603, -4.2714, 0.37348, 3.40166, -6.47535, 0.05446, 7.29989, 2.3977, -0.79768, 7.06721]"
42,sub11,supMAE,0,sub11-a__0111__highfive.npy,8,highfive,21,0.66316223,0,"[-7.93709, 0.37146, 6.72974, 6.36508, -7.59352, -7.09725, -1.25502, 1.45655, 4.9125, -7.01684, -4.49021, -0.19755, 6.1474, -3.56154, -0.25871, 3.64202, -5.7584, 0.03706, 6.4089, 1.0812, -2.18675, 8.57053]"
42,sub11,supMAE,0,sub11-a__0112__highfive.npy,8,highfive,3,0.77501774,0,"[-8.56384, -0.99145, 9.58683, 11.90791, -6.79147, -5.59505, 0.49411, 10.19882, -3.73734, -8.72261, -5.55824, 1.77946, 4.7331, -0.11731, -1.81465, 3.51737, -3.23439, 0.59476, 3.38224, -2.70095, -7.54802, 7.28547]"
42,sub11,supMAE,0,sub11-a__0113__highfive.npy,8,highfive,3,0.6609967,0,"[-8.76742, -2.97827, 9.78859, 11.90501, -7.83915, -3.66146, 0.01982, 10.95256, -4.46785, -8.10528, -3.48134, 2.89747, 5.17131, -1.01598, -2.45355, 2.87203, -3.9339, 1.4256, 2.90617, -2.36242, -6.88337, 6.6092]"
42,sub11,supMAE,0,sub11-a__0114__highfive.npy,8,highfive,3,0.7036875,0,"[-9.6098, -3.67021, 9.17523, 11.24705, -8.43622, -4.01391, -0.4217, 9.71146, -2.2903, -7.66855, -3.41816, 3.10475, 6.17688, -2.80218, -2.0222, 2.4894, -4.2321, 1.48998, 3.44954, -2.89338, -6.18953, 8.62411]"
42,sub11,supMAE,0,sub11-a__0115__wave.npy,21,wave,21,0.54299825,1,"[-6.69335, -3.68541, 11.734, 10.46352, -6.64224, -6.15478, -3.63365, 9.60482, -3.43187, -7.00023, -5.77268, 0.52788, 5.17409, 0.65893, -2.87718, 4.92074, -2.93997, 3.02317, -3.214, -4.1635, -4.8804, 12.24456]"
42,sub11,supMAE,0,sub11-a__0116__wave.npy,21,wave,21,0.4652387,1,"[-6.52865, -3.96244, 12.42529, 10.10386, -6.65719, -5.99533, -3.15528, 9.97467, -4.4101, -7.33093, -5.94357, 0.55866, 4.73525, 1.05185, -2.90082, 5.39396, -3.24323, 3.66854, -3.76089, -4.05497, -4.88984, 12.45652]"
42,sub11,supMAE,0,sub11-a__0117__wave.npy,21,wave,3,0.7202037,0,"[-6.78262, -4.08645, 11.41346, 12.75042, -6.48276, -5.03523, -3.85367, 10.25581, -5.04017, -6.98956, -4.66261, 1.01325, 4.53265, 1.32373, -2.80399, 4.54112, -2.40608, 2.88603, -2.63464, -3.90306, -5.47414, 9.59716]"
42,sub11,supMAE,0,sub11-a__0118__wave.npy,21,wave,2,0.7345385,0,"[-5.74413, -4.48476, 11.17822, 8.55365, -7.20065, -6.82841, -4.99897, 5.091, -0.9647, -5.23316, -4.57104, -0.01247, 6.62507, -0.10524, -3.15319, 5.34287, -4.5108, 3.02224, -1.77493, -1.27915, -0.988, 9.87946]"
42,sub11,supMAE,0,sub11-a__0119__wave.npy,21,wave,2,0.5567768,0,"[-5.68132, -4.80476, 10.28554, 9.62779, -6.95626, -6.40809, -4.92001, 5.97571, -1.89468, -4.78644, -3.61286, 0.95062, 6.2985, -0.48085, -3.11037, 4.54545, -3.84921, 2.72546, -0.57586, -1.98684, -1.98683, 8.86739]"
42,sub11,supMAE,0,sub11-a__0120__bow.npy,2,bow,12,0.9954462,0,"[-1.76315, -3.30878, 8.98588, -2.20024, -11.57045, -6.29839, -0.55902, -5.4878, 4.39694, -1.12437, -1.16716, 5.30597, 14.69445, -7.57474, -0.34932, -0.06284, -9.09616, -0.09689, 3.33858, 7.23932, 7.18516, -2.28608]"
42,sub11,supMAE,0,sub11-a__0121__bow.npy,2,bow,12,0.9914631,0,"[-2.03654, -3.58788, 6.96845, -0.96207, -10.59795, -5.85168, -1.89918, -6.67163, 4.91582, 0.48877, -0.76129, 4.23447, 13.64289, -6.78554, -1.2548, 1.12216, -8.99584, 0.32462, 4.60587, 7.65858, 8.22972, -3.03122]"
42,sub11,supMAE,0,sub11-a__0122__bow.npy,2,bow,12,0.99558914,0,"[-2.21413, -3.46947, 7.77146, -1.46021, -11.19847, -6.05214, -1.25281, -6.08637, 4.92369, -0.1491, -1.03713, 4.70421, 14.25154, -7.28955, -1.07217, 0.70409, -9.15042, 0.20653, 4.33396, 7.47636, 7.77679, -2.56859]"
42,sub11,supMAE,0,sub11-a__0123__bow.npy,2,bow,12,0.99405634,0,"[-2.23302, -3.67676, 6.74229, -1.26995, -10.60604, -5.9536, -1.54008, -6.73154, 5.15406, 0.57774, -1.00926, 4.06303, 14.04141, -6.8408, -1.33252, 1.1234, -9.0485, 0.08034, 4.85132, 7.81204, 8.24554, -2.81189]"
42,sub11,supMAE,0,sub11-a__0124__bow.npy,2,bow,12,0.9956,0,"[-1.85733, -3.43027, 8.02543, -2.00085, -11.25664, -6.40517, -1.53771, -5.75521, 5.16041, -0.31634, -1.27091, 4.62795, 14.18704, -7.52576, -1.14138, 1.0596, -8.94224, 0.27253, 3.8764, 7.14483, 7.46836, -1.87725]"
42,sub11,supMAE,0,sub11-a__0125__crossarms.npy,5,crossarms,3,0.9929582,0,"[-4.76881, 1.2863, -2.36798, 15.94285, -5.075, 10.80131, -2.2461, 8.63952, -7.83088, -3.61933, -2.21622, 6.42431, 1.22406, -2.11033, -3.71318, -2.76508, 8.32539, -1.09501, 3.43691, -5.28496, -9.29567, -5.87658]"
42,sub11,supMAE,0,sub11-a__0126__crossarms.npy,5,crossarms,3,0.9517857,0,"[-5.4308, 1.91181, -2.65887, 14.46384, -5.30206, 11.30216, -0.79644, 9.32711, -8.3376, -3.63331, -2.32808, 6.80621, 1.0678, -2.41931, -3.68543, -2.77367, 8.20738, -1.05204, 4.01499, -4.93898, -9.55954, -6.57985]"
42,sub11,supMAE,0,sub11-a__0127__crossarms.npy,5,crossarms,3,0.99595743,0,"[-4.28728, 0.50124, -2.31423, 15.8009, -5.57692, 10.10718, -2.60405, 7.76153, -7.53213, -2.69009, -1.45675, 6.49365, 1.8964, -2.38208, -3.99382, -2.75289, 7.57772, -0.92251, 4.19221, -4.79921, -8.4874, -6.68654]"
42,sub11,supMAE,0,sub11-a__0128__crossarms.npy,5,crossarms,3,0.9254428,0,"[-4.84836, 2.05935, -2.74782, 13.92142, -5.6424, 11.23633, -1.3335, 9.03523, -7.85091, -3.29136, -1.71336, 7.2875, 1.38002, -3.21165, -3.38745, -3.19463, 8.24524, -1.36315, 3.92689, -4.94915, -9.3067, -6.92593]"
42,sub11,supMAE,0,sub11-a__0129__crossarms.npy,5,crossarms,3,0.5549226,0,"[-4.81056, 2.07927, -3.92329, 12.65591, -5.87681, 12.4001, -0.86222, 8.0934, -7.18105, -2.75832, -1.65914, 7.73515, 1.60691, -3.99736, -3.7957, -3.34823, 8.01766, -1.25454, 4.60071, -4.49063, -8.47205, -7.22629]"
42,sub11,supMAE,0,sub11-a__0130__airpunch.npy,1,airpunch,3,0.6103808,0,"[-6.27799, 7.74653, 5.24452, 8.34702, -7.40974, -1.1919, -1.60565, 4.3384, 1.87255, -9.29051, -2.69223, -2.62715, 2.76288, 0.05372, -0.34437, -0.50384, -0.47806, -3.32031, 2.00483, -2.72171, -6.78447, 4.36972]"
42,sub11,supMAE,0,sub11-a__0131__airpunch.npy,1,airpunch,3,0.6560586,0,"[-6.90361, 7.97869, 4.5259, 8.7033, -7.46827, -1.31305, -1.2989, 3.87989, 2.47169, -9.26216, -1.91557, -2.82142, 2.59564, -0.09902, 0.93303, -1.24738, -0.46417, -4.11797, 3.76014, -2.4971, -7.08285, 3.22404]"
42,sub11,supMAE,0,sub11-a__0132__airpunch.npy,1,airpunch,3,0.85604423,0,"[-6.67911, 8.16285, 2.88366, 9.9914, -7.72387, 1.60352, -1.63968, 4.21836, 2.05246, -8.86608, -2.10468, -2.01351, 1.88238, -0.88503, -0.60697, -1.1037, 0.4307, -3.18472, 3.8084, -2.92646, -7.1916, 2.36227]"
42,sub11,supMAE,0,sub11-a__0133__airpunch.npy,1,airpunch,3,0.82870936,0,"[-6.77584, 8.90396, 2.55534, 10.56199, -7.54275, 2.91862, -0.96347, 6.3009, 0.57264, -9.03756, -3.67308, -0.96651, 2.0803, -0.96701, -1.80994, -1.12824, 2.29893, -3.06138, 2.27538, -4.51229, -8.60668, 2.86986]"
42,sub11,supMAE,0,sub11-a__0134__airpunch.npy,1,airpunch,3,0.89034915,0,"[-6.64904, 8.24037, 3.31587, 10.47932, -8.12652, 2.31393, -1.93679, 6.1467, 1.28471, -8.8801, -3.72418, -0.79709, 2.80958, -1.47361, -1.86832, -1.2274, 2.04237, -2.71116, 1.73885, -4.65486, -8.10262, 3.91429]"
42,sub11,supMAE,0,sub11-a__0135__airpunch.npy,1,airpunch,3,0.8350975,0,"[-6.25632, 7.6294, 0.0715, 9.46454, -7.36971, 3.19447, 0.37582, 3.104, 1.59401, -7.42094, -2.10035, -0.54438, 1.81266, -2.29849, -0.74132, -1.17558, 0.70765, -3.65971, 6.0425, -1.83643, -7.21339, 1.20653]"
42,sub11,supMAE,0,sub11-a__0136__drink.npy,7,drink,3,0.9184692,0,"[-7.09834, -1.05244, 3.90909, 12.6972, -5.2626, -1.66502, -0.29634, 10.2102, -5.93637, -4.18991, -3.47853, 3.21487, 4.93415, -0.88341, -2.34216, 2.26273, 1.11158, -2.66758, 7.37986, 0.4172, -8.14168, -2.88198]"
42,sub11,supMAE,0,sub11-a__0137__drink.npy,7,drink,3,0.99563426,0,"[-7.25228, -4.1784, 5.78426, 14.54128, -5.72066, -2.45325, -1.33116, 8.98772, -6.50193, -3.73331, -2.62161, 3.46914, 5.53343, -0.0583, -3.16273, 2.62996, -1.34851, 0.36941, 6.05973, -0.37821, -5.77007, -1.89296]"
42,sub11,supMAE,0,sub11-a__0138__drink.npy,7,drink,3,0.9982174,0,"[-6.81608, -3.92292, 5.49243, 15.24242, -5.64056, -2.02302, -2.16685, 8.82054, -6.60558, -3.55333, -2.23309, 3.14736, 4.96175, 0.39826, -2.85315, 2.41528, -0.46558, 0.04641, 5.49136, -0.77836, -6.10018, -2.19722]"
42,sub11,supMAE,0,sub11-a__0139__drink.npy,7,drink,3,0.99675983,0,"[-7.14698, -3.54625, 5.70508, 14.90436, -5.6127, -2.30097, -1.50395, 9.08173, -6.51128, -3.95784, -2.92687, 3.00397, 5.09912, 0.36552, -3.01628, 2.73946, -0.71475, -0.09141, 5.8877, -0.43739, -6.27203, -1.92094]"
42,sub11,supMAE,0,sub11-a__0140__drink.npy,7,drink,3,0.8457114,0,"[-6.78835, -3.75228, 2.19454, 11.74365, -4.59209, -2.19451, 1.87541, 7.07606, -6.49693, -2.13651, -2.93423, 3.76926, 4.91981, -1.66262, -2.3503, 1.9496, -0.78933, -0.97732, 9.97987, 1.10509, -5.62593, -2.33411]"
42,sub11,supMAE,0,sub11-a__0141__brushteeth.npy,3,brushteeth,3,0.9989761,1,"[-4.64919, -5.21812, 4.4624, 13.20804, -4.39097, -2.24435, -3.06172, 1.04178, -5.32911, -0.76155, -1.47456, -0.16355, 5.72055, 3.02262, -1.91502, 3.39295, -1.67263, -1.19902, 4.31208, 3.56844, -0.03707, -2.47988]"
42,sub11,supMAE,0,sub11-a__0142__brushteeth.npy,3,brushteeth,3,0.9999223,1,"[-5.0542, -5.54832, 6.22308, 16.05982, -4.51046, -1.96179, -4.52717, 3.73864, -7.1182, -2.1805, -0.7345, 0.33023, 4.19301, 4.35172, -2.56073, 3.33194, -1.64584, 1.03681, 1.99696, 0.64512, -1.58457, -2.26157]"
42,sub11,supMAE,0,sub11-a__0143__brushteeth.npy,3,brushteeth,3,0.99994445,1,"[-5.32482, -6.26409, 6.10803, 16.42365, -4.36203, -1.56308, -4.32145, 4.2291, -7.85321, -1.8201, -0.92817, 0.58138, 4.50542, 4.60906, -3.0532, 3.41981, -1.35512, 1.17062, 2.01547, 0.50826, -1.66551, -2.67488]"
42,sub11,supMAE,0,sub11-a__0144__brushteeth.npy,3,brushteeth,3,0.9998388,1,"[-5.39235, -5.36556, 6.40321, 15.49782, -4.68374, -2.35867, -4.81337, 3.36295, -6.29761, -2.13127, -1.22466, -0.02607, 4.74038, 4.16755, -2.91723, 3.65453, -1.79392, 0.93128, 2.22787, 0.96183, -1.12108, -2.03646]"
42,sub11,supMAE,0,sub11-a__0145__brushteeth.npy,3,brushteeth,3,0.9998989,1,"[-5.49495, -5.44538, 6.43484, 16.00063, -4.55755, -2.31645, -4.61667, 4.10673, -6.69645, -2.43662, -1.39665, 0.18594, 4.5482, 4.13543, -2.95176, 3.75314, -1.58729, 1.01009, 2.02008, 0.51927, -1.75099, -1.43002]"
42,sub11,supMAE,0,sub11-a__0146__highfive.npy,8,highfive,18,0.8883607,0,"[-6.71439, 3.87739, 3.64537, 4.16057, -7.28245, -6.80315, 0.26217, 0.75332, 5.82522, -6.31446, -3.35311, -0.74794, 4.60299, -5.09308, 1.79208, 1.39194, -4.79908, -3.04155, 9.61949, 1.51889, -3.55196, 7.15785]"
42,sub11,supMAE,0,sub11-a__0147__highfive.npy,8,highfive,21,0.33384705,0,"[-7.56169, -0.84623, 6.45385, 7.00851, -7.78346, -6.59925, -1.2934, 1.37078, 3.68393, -6.19206, -3.905, 0.41017, 6.40711, -3.73877, 0.16993, 3.4831, -5.38116, -0.07188, 6.51805, 1.43711, -1.90853, 7.35141]"
42,sub11,supMAE,0,sub11-a__0148__highfive.npy,8,highfive,21,0.59795696,0,"[-7.06312, 1.06726, 4.88933, 6.56109, -7.05752, -6.84409, -1.55496, 0.85713, 4.90293, -6.08074, -3.88644, -0.57337, 5.28758, -3.83459, 0.93683, 2.73457, -4.4752, -1.43258, 7.30146, 1.1279, -2.44573, 8.29142]"
42,sub11,supMAE,0,sub11-a__0149__highfive.npy,8,highfive,12,0.45378938,0,"[-6.63849, -0.7513, 5.23271, 4.68837, -8.08131, -7.20098, -2.51409, -1.2444, 6.56755, -4.27119, -3.73171, 0.25943, 8.14642, -4.98424, -0.85833, 3.23536, -5.93326, -0.15114, 7.74236, 2.65781, 0.63568, 6.68123]"
42,sub11,supMAE,0,sub11-a__0150__highfive.npy,8,highfive,21,0.37828755,0,"[-6.74184, -0.42363, 5.84739, 4.3898, -8.23676, -7.48956, -3.06842, -0.66085, 6.97098, -4.77179, -3.88848, 0.11272, 7.86342, -5.05331, -0.89666, 3.62969, -5.84032, 0.08794, 6.49285, 1.79675, 0.28942, 7.97996]"
42,sub11,supMAE,0,sub11-b1__0001__walk.npy,20,walk,20,0.72924745,1,"[1.37956, -2.6001, 3.39561, -4.03422, -6.87424, -5.83423, -5.87738, -8.31829, 5.82739, 3.96996, 1.56782, 0.8545, 9.65097, -5.31188, -2.37274, 2.76144, -7.28272, -0.0409, 3.25199, 8.06143, 10.85259, -3.84781]"
42,sub11,supMAE,0,sub11-b1__0002__turnaround.npy,19,turnaround,19,0.9935481,1,"[0.86113, 0.51622, 1.11465, -6.99569, -1.39143, -3.40708, 3.0063, -7.14624, -1.29521, 0.98665, -2.89885, -2.47055, 2.04236, 0.45025, 1.22763, 3.7605, -6.78822, 0.27833, 2.23545, 17.94451, 12.90735, -9.02774]"
42,sub11,supMAE,0,sub11-b1__0003__walk.npy,20,walk,20,0.9895455,1,"[4.48704, -3.00232, -0.30546, -6.08335, 5.50637, -0.78153, 0.30846, -6.05333, -5.54988, 3.9519, -1.2632, -3.09417, -2.27769, 6.04911, -4.49923, 2.37774, -6.72096, 8.5501, -3.90268, 14.14979, 18.70429, -9.14495]"
42,sub11,supMAE,0,sub11-b1__0004__turnaround.npy,19,turnaround,19,0.99963737,1,"[3.07511, 1.71291, -0.36151, -5.31503, -0.33026, -4.65305, 5.61426, -4.78498, -4.03095, 0.25355, -0.14601, -1.69463, 0.29982, 0.75725, 0.80274, 5.25227, -6.65793, -1.58463, 8.38777, 16.43427, 4.38944, -10.61585]"
42,sub11,supMAE,0,sub11-b1__0005__walk.npy,20,walk,20,0.96540135,1,"[1.78884, -1.39274, 2.08192, -5.58422, -7.13299, -4.26782, -6.79827, -9.71944, 7.81565, 4.22779, 3.54505, 0.26987, 8.42379, -5.78842, -2.14011, 1.66057, -7.55245, -0.25835, 2.91454, 8.0839, 12.58007, -4.50425]"
42,sub11,supMAE,0,sub11-b1__0006__turnaround.npy,19,turnaround,19,0.9966799,1,"[-0.24319, 0.17197, 0.2028, -6.98777, 0.19168, -3.13627, 3.49687, -6.86445, -2.50557, 2.05748, -3.40949, -3.04795, 2.30036, 1.51027, 0.81379, 3.9253, -5.56571, -0.55367, 3.45238, 17.98934, 12.28421, -10.08347]"
42,sub11,supMAE,0,sub11-b1__0007__walk.npy,20,walk,20,0.9961176,1,"[3.49405, -3.11493, 0.16601, -6.53842, 4.37354, -0.83794, -0.31068, -6.04451, -4.33696, 4.17408, -1.20015, -2.35213, -1.26793, 4.64553, -3.9199, 1.45022, -6.90946, 9.02181, -3.7444, 13.8489, 19.40454, -8.80315]"
42,sub11,supMAE,0,sub11-b1__0008__turnaround.npy,19,turnaround,19,0.9998062,1,"[1.49564, 0.50072, -0.68348, -6.021, 0.07691, -4.23184, 6.69205, -5.20929, -4.23427, 0.67201, -0.75491, -1.88573, 1.00245, 0.9673, 1.47791, 5.26086, -6.76041, -1.24088, 8.73462, 17.46968, 5.55724, -11.00772]"
42,sub11,supMAE,0,sub11-b1__0009__walk.npy,20,walk,20,0.9813985,1,"[1.62456, -0.92338, 1.39156, -6.7366, -7.81597, -2.80242, -6.50575, -10.70263, 9.40304, 4.20448, 4.32884, -0.59095, 7.52019, -5.974, -1.6805, 0.96991, -8.0317, -0.20435, 2.89349, 7.9355, 13.70314, -4.25384]"
42,sub11,supMAE,0,sub11-b1__0010__turnaround.npy,19,turnaround,19,0.9961383,1,"[-0.66457, -0.64302, 0.01133, -6.91715, 0.78514, -2.48447, 2.99324, -6.30323, -2.68814, 2.27984, -3.89198, -2.94544, 1.96962, 1.47598, 0.15766, 5.1162, -5.20478, 0.80133, 2.60463, 18.15099, 12.59743, -9.63363]"
42,sub11,supMAE,0,sub11-b1__0011__walk.npy,20,walk,20,0.99907184,1,"[2.50901, -3.40016, 0.22027, -6.7502, 2.54671, -1.42658, -1.27625, -7.38214, -1.82475, 5.02673, -0.95864, -1.77117, 0.4598, 2.61659, -3.12658, 0.52134, -7.54482, 8.49076, -2.60489, 13.61265, 20.60024, -7.87271]"
42,sub11,supMAE,0,sub11-b1__0012__turnaround.npy,19,turnaround,19,0.9993174,1,"[1.74149, 0.71098, -0.61559, -5.74355, 0.04223, -4.17592, 7.06824, -5.4715, -4.41917, 0.79443, -0.47666, -1.74758, 0.90957, 1.02289, 1.03472, 4.46258, -6.80915, -1.85722, 9.61251, 16.99382, 5.11017, -10.91185]"
42,sub11,supMAE,0,sub11-b1__0013__walk.npy,20,walk,20,0.9895811,1,"[2.24312, 0.48015, -0.38822, -7.66986, -7.07988, -1.45493, -5.53415, -11.86334, 9.44905, 5.1354, 5.7065, -1.61286, 5.54248, -5.09591, -1.0636, -0.26305, -7.74481, -1.10369, 3.56463, 7.89062, 14.24292, -5.5002]"
42,sub11,supMAE,0,sub11-b1__0014__turnaround.npy,19,turnaround,19,0.9990019,1,"[-0.28433, -0.22951, 0.61089, -6.61543, 1.1925, -2.59411, 3.37113, -5.66717, -3.37369, 1.09883, -4.23393, -3.27336, 1.11466, 2.26825, 0.46371, 5.9394, -5.22222, 0.74152, 2.07728, 18.55569, 11.64313, -9.56749]"
42,sub11,supMAE,0,sub11-b1__0015__walk.npy,20,walk,20,0.9991518,1,"[2.65971, -3.31013, -0.04488, -7.15327, 2.2722, -1.84526, -2.27834, -7.81066, -0.70893, 5.67573, -0.48254, -1.93561, 1.1351, 2.23962, -2.97814, 0.66937, -7.36901, 7.35283, -2.47133, 13.55627, 20.63032, -7.77876]"
42,sub11,supMAE,0,sub11-b1__0016__turnaround.npy,19,turnaround,19,0.9978606,1,"[2.8836, 1.55478, -0.60298, -6.45602, -1.15705, -3.87837, 6.13791, -7.61123, -2.40265, 1.44424, 1.11221, -2.29556, 0.94735, 0.40385, 0.81362, 2.59282, -7.85319, -2.50997, 10.10981, 16.31281, 6.8595, -10.42964]"
42,sub11,supMAE,0,sub11-b1__0017__walk.npy,20,walk,20,0.9906674,1,"[2.4218, -0.26423, -1.23768, -8.20884, -7.7489, -0.61165, -4.93167, -12.45329, 9.82814, 6.11192, 5.51038, -0.7566, 6.16896, -5.9718, 0.15639, -1.58821, -7.03774, -1.11331, 3.66277, 6.9481, 14.60852, -5.72063]"
42,sub11,supMAE,0,sub11-b1__0018__turnaround.npy,19,turnaround,19,0.9973865,1,"[-1.8702, -0.9617, 0.40863, -6.14677, -0.31489, -2.08976, 2.77452, -6.13863, -1.76413, 1.72652, -3.7678, -2.79539, 2.19604, 0.72763, -0.02762, 5.83349, -5.72887, 1.33434, 2.8332, 18.29048, 12.34429, -9.0424]"
42,sub11,supMAE,0,sub11-b1__0019__walk.npy,20,walk,20,0.9994468,1,"[2.37052, -3.25588, -0.39862, -7.56297, 1.43223, -2.37406, -2.82495, -8.59702, 0.79739, 6.20081, 0.24513, -1.91957, 2.07546, 1.2133, -2.35554, 0.22375, -7.64293, 6.25486, -1.83604, 13.38424, 20.88497, -7.15057]"
42,sub11,supMAE,0,sub11-b1__0020__turnaround.npy,19,turnaround,19,0.9957911,1,"[2.0481, 0.72035, -0.88526, -6.06445, -1.83714, -3.85714, 5.02124, -8.39365, -1.18971, 2.52646, 1.98576, -2.35375, 1.80388, 0.07852, -0.15238, 2.60479, -8.47582, -2.1323, 10.35309, 15.94995, 8.33521, -10.06048]"
42,sub11,supMAE,0,sub11-b1__0021__hop.npy,9,hop,14,0.99894446,0,"[5.94393, 5.96522, 4.23712, -6.84814, 1.10719, -2.40214, 4.43916, -0.11261, -6.64737, -5.47538, 3.65076, -0.15539, -8.10007, 4.14487, 13.79989, -2.36711, 2.09021, -3.11854, -5.16124, -2.86307, -5.04197, -0.80386]"
42,sub11,supMAE,0,sub11-b1__0022__hop.npy,9,hop,14,0.99935204,0,"[6.06484, 6.14938, 2.28353, -6.27614, 1.80576, -1.6745, 4.01474, -1.4318, -5.86041, -4.57655, 3.34379, 0.37524, -8.26236, 3.1356, 14.29665, -2.65805, 3.22475, -3.33377, -4.70897, -3.21005, -4.78501, -1.55014]"
42,sub11,supMAE,0,sub11-b1__0023__hop.npy,9,hop,14,0.9992873,0,"[5.4512, 6.73219, 2.67517, -5.62498, 1.69427, -1.80922, 3.99964, -0.61924, -5.85626, -5.50005, 2.65702, 0.47994, -8.69151, 2.83475, 14.34758, -2.41296, 3.5028, -2.96862, -4.88552, -3.60599, -5.57314, -0.65097]"
42,sub11,supMAE,0,sub11-b1__0024__hop.npy,9,hop,14,0.9984074,0,"[5.62878, 5.64793, 3.00567, -5.42936, 1.65443, -1.84123, 3.25588, -0.64088, -6.11781, -4.30484, 2.92963, 0.23997, -8.31776, 3.30863, 12.99371, -2.04748, 3.66069, -2.54099, -5.423, -4.02461, -5.10103, -0.42169]"
42,sub11,supMAE,0,sub11-b1__0025__hop.npy,9,hop,14,0.99914455,0,"[5.99961, 6.1455, 4.55467, -4.97236, -0.77392, -2.84111, 3.19906, -1.47105, -4.3395, -5.53822, 2.77389, -0.55394, -7.96795, 2.92738, 14.00475, -1.91852, 2.02128, -2.73205, -5.09342, -3.95883, -4.89722, 0.29222]"
42,sub11,supMAE,0,sub11-b1__0026__hop.npy,9,hop,14,0.99960846,0,"[4.14791, 6.16968, 5.23036, -5.28909, -0.10517, -2.99513, 4.53237, 0.58509, -5.75802, -6.98207, 1.54742, -0.07448, -8.05745, 3.11869, 14.61064, -1.11372, 2.48063, -2.17472, -5.55942, -3.67752, -5.97556, 1.10037]"
42,sub11,supMAE,0,sub11-b1__0027__jump.npy,10,jump,10,0.9791879,1,"[7.99611, 3.21246, -0.89036, -7.8241, -8.46313, 1.46275, -4.05128, -10.27715, 5.55938, 3.27691, 12.37054, -0.76163, -1.05815, -3.95281, 3.205, -4.28381, -5.14488, -2.27767, 2.1898, 2.39824, 7.42663, -6.12454]"
42,sub11,supMAE,0,sub11-b1__0028__jump.npy,10,jump,10,0.9576681,1,"[8.08646, 3.74029, -0.06655, -7.94936, -9.32552, 1.29707, -3.77899, -10.10852, 6.08706, 1.81404, 12.01687, -1.29795, -1.15572, -3.96954, 2.64964, -3.62968, -6.69417, -1.72433, 1.96979, 3.33814, 8.16713, -5.78598]"
42,sub11,supMAE,0,sub11-b1__0029__jump.npy,10,jump,10,0.9464873,1,"[7.24294, 2.36197, 0.02027, -7.67927, -9.04322, 0.82284, -4.15505, -10.28862, 5.77358, 3.30354, 11.76762, -1.09793, -0.29564, -3.65543, 2.88422, -3.45922, -6.01047, -1.77859, 1.6228, 2.80653, 8.61104, -5.64776]"
42,sub11,supMAE,0,sub11-b1__0030__jump.npy,10,jump,10,0.9931068,1,"[7.1039, 3.32364, -0.31289, -7.33364, -9.26749, 1.78447, -3.34402, -9.69675, 5.17225, 2.02408, 12.85143, -0.70384, -1.30989, -3.88629, 3.71582, -4.08613, -5.78403, -1.98533, 1.94662, 2.48746, 7.04814, -5.75877]"
42,sub11,supMAE,0,sub11-b1__0031__jump.npy,10,jump,10,0.77366126,1,"[7.81469, 2.76262, 0.79469, -8.08627, -10.23074, 1.31217, -2.91, -10.31683, 6.13899, 0.96635, 10.80557, -1.05991, -0.48841, -4.3439, 2.70202, -3.05508, -7.99285, -0.58651, 1.83839, 4.22409, 9.33834, -5.34843]"
42,sub11,supMAE,0,sub11-b1__0032__runonspot.npy,13,runonspot,13,0.99382555,1,"[-2.22705, -1.80531, 8.03126, 2.88369, -0.49387, -2.89812, 2.68129, 2.68672, -9.47646, -2.91105, 2.76301, -3.41349, -3.03097, 13.15149, 3.76355, 1.48026, -2.34026, -1.88253, 0.12891, 2.25413, -2.25614, -7.19589]"
42,sub11,supMAE,0,sub11-b1__0033__runonspot.npy,13,runonspot,13,0.9864086,1,"[-2.03413, -1.34374, 8.34945, 4.34037, -1.84205, -1.41692, 2.417, 4.49939, -10.52449, -4.34863, 4.30189, -2.63009, -3.76371, 12.70352, 3.804, 0.63519, -2.1445, -1.94278, 0.01621, 1.17518, -3.84004, -7.96949]"
42,sub11,supMAE,0,sub11-b1__0034__runonspot.npy,13,runonspot,13,0.99245113,1,"[-3.64704, -1.67605, 7.62279, 5.12773, -0.8079, -2.53812, 2.00992, 3.64299, -8.98407, -3.11904, 1.22328, -2.8935, -2.81962, 12.61719, 2.48532, 1.93788, -1.92176, -1.61883, 1.76856, 1.9113, -3.11771, -7.29126]"
42,sub11,supMAE,0,sub11-b1__0035__runonspot.npy,13,runonspot,13,0.9745044,1,"[-2.47349, -1.88632, 8.07348, 4.35551, -3.49919, -1.16042, 2.939, 3.80628, -9.57523, -4.56201, 4.08873, -2.36048, -2.67748, 11.78692, 2.41126, 1.35342, -3.68445, -1.03425, 1.81931, 2.18121, -2.88563, -8.92675]"
42,sub11,supMAE,0,sub11-b1__0036__runonspot.npy,13,runonspot,13,0.9826376,1,"[-1.87643, -1.27861, 6.92514, 3.7174, -3.15656, -1.37711, 2.98513, 3.08262, -8.97686, -3.96889, 5.01937, -2.17122, -2.64875, 11.20953, 2.64827, 0.47576, -3.6865, -1.89813, 3.28333, 2.23528, -2.94861, -9.73145]"
42,sub11,supMAE,0,sub11-b1__0037__buttkicks.npy,4,buttkicks,4,0.9983057,1,"[-0.32805, 0.72923, -2.64325, -4.86125, 14.79687, -3.45142, 2.62898, -2.61733, -7.17302, 3.44021, -5.09088, -0.5209, -4.12581, 6.65946, 7.79974, -0.38029, 7.13375, -1.79344, -3.75598, 0.66543, 1.00615, -2.41018]"
42,sub11,supMAE,0,sub11-b1__0038__buttkicks.npy,4,buttkicks,4,0.9992047,1,"[-0.77711, 0.26623, -2.30806, -3.94623, 14.89325, -3.66491, 2.03337, -2.57802, -6.79713, 4.09835, -6.62885, -0.54993, -3.67119, 6.77347, 5.73179, 0.19775, 6.98063, -0.74316, -3.7495, 0.6416, 1.80286, -1.34807]"
42,sub11,supMAE,0,sub11-b1__0039__buttkicks.npy,4,buttkicks,4,0.9971969,1,"[0.19348, 0.37828, -1.91812, -4.30964, 14.32418, -3.86768, 2.0333, -2.40983, -7.38876, 3.82031, -4.53009, 0.06308, -4.43776, 6.60046, 7.62632, -0.70052, 7.51112, -1.98707, -3.76667, -0.43912, 0.04156, -1.79127]"
42,sub11,supMAE,0,sub11-b1__0040__buttkicks.npy,4,buttkicks,4,0.9991885,1,"[-0.57181, -0.11249, -2.89292, -4.05087, 15.44261, -3.48816, 1.58522, -2.55783, -7.01976, 5.05793, -6.13516, -0.39431, -3.57329, 6.8978, 5.46787, -0.19, 7.91378, -1.06931, -3.86333, -0.17868, 1.45019, -1.5349]"
42,sub11,supMAE,0,sub11-b1__0041__buttkicks.npy,4,buttkicks,4,0.9994599,1,"[0.19101, 0.03173, -4.19763, -4.6761, 16.08786, -3.37791, 1.51679, -3.06697, -6.9627, 5.94155, -5.2039, -0.51064, -3.84849, 6.96241, 5.66633, -0.66291, 8.16136, -2.10668, -3.16007, 0.01325, 1.41527, -2.2967]"
42,sub11,supMAE,0,sub11-b1__0042__airkick.npy,0,airkick,13,0.7764382,0,"[2.80001, -0.39472, 10.00078, 1.32994, -2.98404, -1.17141, 3.16824, 3.23407, -10.1452, -6.29612, 2.42681, -1.54582, -5.45848, 11.25656, 4.98532, 1.1233, -3.31111, 1.73209, -3.85101, 0.19529, -2.31539, -5.45933]"
42,sub11,supMAE,0,sub11-b1__0043__airkick.npy,0,airkick,2,0.5686655,0,"[6.65789, 2.77036, 8.87871, -4.09144, -2.51627, -3.51667, 3.27146, -1.94537, -5.40663, -6.28231, 1.02888, -0.94797, -6.11874, 6.24774, 8.31707, 0.49885, -3.7364, 1.43259, -6.3486, -0.00747, 0.47419, 0.04448]"
42,sub11,supMAE,0,sub11-b1__0044__airkick.npy,0,airkick,14,0.7714098,0,"[7.46953, 3.94262, 5.57149, -4.52085, -2.41718, -0.15331, 3.04137, -2.38686, -5.56843, -5.03947, 2.06919, 0.4962, -6.3199, 3.39969, 8.88274, -2.03126, -1.67615, 0.88191, -6.66985, -0.98857, 0.86087, -1.10131]"
42,sub11,supMAE,0,sub11-b1__0045__airkick.npy,0,airkick,0,0.8779259,1,"[9.21772, 2.48493, 6.61896, -5.50787, -4.20282, -0.78243, 1.78992, -3.5136, -4.09353, -4.10663, 2.37443, 0.00213, -5.03909, 2.65821, 6.35423, -1.02595, -3.5477, 2.11713, -7.20724, -0.12173, 3.0885, -0.46697]"
42,sub11,supMAE,0,sub11-b1__0046__airkick.npy,0,airkick,0,0.8394559,1,"[8.56808, 2.84382, 5.0688, -5.82735, -3.85316, 0.06185, 1.49532, -3.63529, -3.46482, -3.37826, 2.30055, 0.78399, -4.97062, 1.13833, 6.66443, -1.59135, -2.24484, 2.07958, -6.8878, -0.99267, 2.74003, -0.14828]"
42,sub11,supMAE,0,sub11-b1__0047__sidekick.npy,14,sidekick,14,0.9993888,1,"[7.04694, 6.34223, 6.66448, -7.01229, -5.94085, -2.15888, 4.47917, -3.4368, -2.97343, -7.40969, 2.80533, 1.08053, -3.86708, 0.04921, 15.26779, -4.19966, -2.26498, -3.43096, -5.46097, 0.44483, -0.25108, -1.05953]"
42,sub11,supMAE,0,sub11-b1__0048__sidekick.npy,14,sidekick,14,0.9995378,1,"[7.08378, 6.33459, 6.58489, -6.4315, -6.7129, -1.36814, 3.23057, -2.98128, -2.80543, -7.11544, 3.48277, 1.54774, -3.43081, -0.5191, 15.52145, -5.49531, -1.02013, -3.91725, -6.05186, -0.44452, -0.68842, -1.41018]"
42,sub11,supMAE,0,sub11-b1__0049__sidekick.npy,14,sidekick,14,0.7072801,1,"[10.7591, 4.53462, 4.73665, -8.63027, -8.63908, -1.19835, 0.95041, -7.06534, 0.39741, -3.06492, 6.14242, 1.42385, -0.55841, -2.78817, 11.65652, -5.83223, -3.32861, -4.00936, -4.39146, 1.38048, 3.576, -3.6403]"
42,sub11,supMAE,0,sub11-b1__0051__sidekick.npy,14,sidekick,14,0.9927247,1,"[8.62636, 5.66108, 4.501, -8.20818, -8.22618, -0.8774, 2.15021, -6.50221, 0.45481, -4.42993, 5.37439, 1.62114, -1.24879, -2.73715, 13.64904, -6.16209, -3.10982, -4.01665, -3.63993, 1.23045, 2.71439, -3.07647]"
42,sub11,supMAE,0,sub11-b1__0052__crosstoe.npy,6,crosstoe,6,0.9999374,1,"[3.70047, 1.71227, 4.36949, -9.51731, -6.2031, -4.14335, 15.79284, -1.97919, -5.01876, -2.13226, -1.80449, 4.08433, 3.68089, -0.67413, 4.47421, -2.52724, -6.35768, -2.7926, 4.44644, 3.95372, 0.55994, -5.44419]"
42,sub11,supMAE,0,sub11-b1__0053__crosstoe.npy,6,crosstoe,6,0.99994516,1,"[5.02939, 2.32173, 3.95549, -9.91577, -5.56151, -3.40587, 15.79843, -2.06456, -5.80017, -2.22278, -1.26028, 2.9736, 1.59553, 0.30987, 3.76717, -1.38605, -6.62618, -1.6426, 4.06988, 3.95339, 0.78037, -5.85487]"
42,sub11,supMAE,0,sub11-b1__0054__crosstoe.npy,6,crosstoe,6,0.9999281,1,"[5.42398, 2.88304, 4.6274, -9.12017, -5.21602, -3.86631, 15.74228, -0.86212, -6.72516, -3.6158, -1.46327, 2.91323, 0.55469, 1.21978, 4.21047, -0.68126, -6.3942, -1.73084, 3.1445, 3.42008, -0.83614, -5.60789]"
42,sub11,supMAE,0,sub11-b1__0055__crosstoe.npy,6,crosstoe,6,0.9999416,1,"[4.28214, 3.43185, 4.83745, -9.72145, -5.84782, -3.00042, 16.43117, -0.26523, -7.24326, -3.79886, -0.98342, 4.03458, 0.90183, 0.42857, 6.12118, -1.7304, -5.40348, -2.36097, 2.85626, 3.58495, -1.57714, -6.59163]"
42,sub11,supMAE,0,sub11-b1__0056__crosstoe.npy,6,crosstoe,6,0.9999268,1,"[5.47021, 3.17036, 4.63066, -9.07839, -5.90395, -2.70173, 15.77909, -0.38152, -7.17648, -3.98435, -0.41309, 3.12382, -0.55047, 1.17226, 4.51041, -0.67051, -6.27647, -1.04963, 3.10258, 2.72475, -1.52874, -5.76332]"
42,sub11,supMAE,0,sub11-b1__0057__crosstoe.npy,6,crosstoe,6,0.9999263,1,"[4.63471, 2.50565, 4.67099, -10.00036, -5.98004, -2.88952, 15.61977, -0.49376, -6.46953, -3.42337, -1.56295, 3.24499, 1.32012, -0.05394, 4.95826, -1.01119, -5.59279, -1.53814, 2.16683, 3.72603, -0.49625, -4.94317]"
42,sub11,supMAE,0,sub11-b1__0058__throw.npy,18,throw,18,0.9996113,1,"[-2.4847, 5.12643, -1.07287, 2.11558, -4.63467, -1.29465, 6.09039, -2.36307, -0.34803, -4.03504, -1.37036, -1.86227, -1.16042, 2.28874, 1.09198, -1.58061, -5.24216, -3.23779, 14.31672, 2.08938, -1.70643, -6.2769]"
42,sub11,supMAE,0,sub11-b1__0059__throw.npy,18,throw,18,0.99805474,1,"[1.09486, 3.47004, -1.50898, 4.42188, -5.49421, 2.12129, 3.70545, -1.79969, -1.32704, -3.5489, -0.49697, -1.44318, -2.15012, 0.76585, 1.07983, -3.26747, -4.81564, -1.87244, 11.43246, 1.58057, -0.42859, -5.44811]"
42,sub11,supMAE,0,sub11-b1__0060__throw.npy,18,throw,18,0.74309933,1,"[1.40983, 7.22805, 0.5733, -3.85154, -6.6457, -4.00456, 3.04466, -6.31771, 6.94041, -5.22467, -3.04057, -4.1394, -0.21834, -1.42912, 1.27616, -0.70127, -7.98835, -2.32698, 8.88959, 3.46069, 3.29193, 1.92505]"
42,sub11,supMAE,0,sub11-b1__0061__throw.npy,18,throw,18,0.9987245,1,"[0.0128, 0.93572, -0.83892, 1.716, -6.45334, 0.7158, 6.43618, -1.5326, -3.57439, -2.11516, 1.9015, 2.07399, -0.57434, -0.44331, -0.05045, -1.05612, -5.88582, -0.63296, 13.15045, 1.05782, -1.879, -7.58247]"
42,sub11,supMAE,0,sub11-b1__0062__throw.npy,18,throw,18,0.9981335,1,"[0.90239, 2.12095, -0.01039, 0.78741, -6.22555, -1.08778, 6.15863, -1.77821, -2.47509, -3.19311, 1.49812, 0.95078, -1.42169, -0.31648, 0.1119, -0.12638, -6.50913, -0.4646, 12.49537, 0.247, -2.42001, -5.05404]"
42,sub11,supMAE,0,sub11-b1__0063__throw.npy,18,throw,18,0.89428663,1,"[1.27595, 5.80681, 0.98603, -4.83326, -7.29846, -4.48307, 2.53117, -7.90916, 7.08368, -3.53846, -1.23042, -3.66364, 0.91092, -1.2612, 1.34555, -0.50959, -8.84144, -1.67322, 9.57645, 3.58927, 4.75769, -0.65442]"
42,sub11,supMAE,0,sub11-b1__0064__walk.npy,20,walk,20,0.99757415,1,"[5.58403, -1.02641, -2.72191, -9.54321, -7.17593, 1.14613, -2.81952, -12.52365, 7.79909, 7.0872, 5.2389, -0.32621, 4.01416, -5.54321, 0.86056, -3.01968, -5.75036, 0.47248, 2.52858, 4.72938, 14.38064, -5.70311]"
42,sub11,supMAE,0,sub11-b1__0065__turnaround.npy,19,turnaround,19,0.99936646,1,"[0.359, 0.04917, 1.60048, -7.24046, -1.82862, -2.03093, 3.21178, -6.32562, -0.80248, -0.51229, -2.79024, -3.35752, 0.66747, 0.1519, 0.21017, 6.75001, -7.56944, 2.15873, 1.60065, 18.98794, 11.61617, -7.4398]"
42,sub11,supMAE,0,sub11-b1__0066__walk.npy,20,walk,20,0.99972826,1,"[3.13102, -3.2261, -0.95982, -8.73296, 0.37995, -3.40565, -4.08315, -9.88791, 3.54098, 7.08933, 1.49931, -2.15105, 3.81791, 0.11328, -1.81775, 0.07309, -7.97056, 3.59461, -1.64982, 12.36923, 20.58542, -5.66748]"
42,sub11,supMAE,0,sub11-b1__0067__turnaround.npy,19,turnaround,19,0.9938911,1,"[3.32037, 2.98365, -1.39708, -7.43637, -1.83593, -2.46958, 6.53894, -8.25548, -1.38741, 0.90566, 2.82547, -2.46683, -0.06631, -0.00744, 1.82787, 0.57404, -7.59763, -3.84787, 10.58731, 15.71289, 6.37927, -10.23878]"
42,sub11,supMAE,0,sub11-b1__0068__walk.npy,20,walk,20,0.99808514,1,"[4.57907, -0.68945, -2.8653, -9.4652, -7.1961, 0.81538, -2.273, -12.95948, 8.31034, 6.76489, 4.55787, -0.51499, 4.59446, -5.51073, 1.45572, -3.07327, -6.31633, -0.21196, 3.65517, 6.00978, 14.90072, -6.26698]"
42,sub11,supMAE,0,sub11-b1__0069__turnaround.npy,19,turnaround,19,0.99921083,1,"[-0.46411, -0.09246, 0.89781, -6.78589, -1.58345, -2.03681, 3.10234, -6.74798, -0.50965, 0.37099, -2.51497, -3.75878, 1.37069, 0.64785, -0.54772, 6.59797, -7.65443, 1.23265, 2.69961, 19.06382, 11.91487, -8.13542]"
42,sub11,supMAE,0,sub11-b1__0070__walk.npy,20,walk,20,0.9997602,1,"[2.86179, -3.07819, -1.10608, -8.44951, 0.1877, -3.39642, -4.20695, -10.05308, 3.59357, 7.44526, 1.86571, -2.32492, 3.91819, 0.17912, -2.0432, 0.06035, -7.82303, 3.27372, -1.32188, 12.03173, 20.3787, -5.76482]"
42,sub11,supMAE,0,sub11-b1__0071__turnaround.npy,19,turnaround,19,0.99811506,1,"[2.69644, 2.52925, -1.06458, -6.99572, -2.22822, -2.20354, 5.79765, -8.46312, -0.90277, 0.74873, 2.21065, -2.93583, 0.23649, -0.0534, 0.88062, 1.63044, -8.29007, -2.77307, 10.30015, 16.64451, 7.5243, -10.13583]"
42,sub11,supMAE,0,sub11-b1__0072__walk.npy,20,walk,20,0.997468,1,"[4.13611, -0.96611, -3.08893, -9.08128, -7.65878, 1.57387, -2.4408, -12.63763, 8.19945, 6.88095, 4.9848, -0.14735, 4.75843, -5.99612, 1.53155, -3.43394, -5.85864, 0.01204, 3.50901, 5.39505, 14.53327, -6.13877]"
42,sub11,supMAE,0,sub11-b1__0073__turnaround.npy,19,turnaround,19,0.99942833,1,"[0.07486, -0.02332, 1.18084, -6.81742, -1.57456, -1.83604, 3.27575, -6.47994, -1.00472, -0.07026, -2.13991, -3.80449, 0.54748, 0.84494, -0.71219, 7.16638, -8.02764, 1.99047, 2.10618, 19.1451, 11.66727, -8.02929]"
42,sub11,supMAE,0,sub11-b1__0075__turnaround.npy,19,turnaround,19,0.9954383,1,"[3.24296, 3.29517, -1.03274, -7.01009, -2.04466, -2.3663, 6.25222, -7.94324, -1.25559, 0.16559, 2.0303, -2.62767, -0.01211, -0.14876, 1.6443, 0.97886, -7.46004, -3.72002, 10.34719, 15.7648, 6.05595, -9.78131]"
42,sub11,supMAE,0,sub11-b1__0076__walk.npy,20,walk,20,0.9986708,1,"[3.50969, -1.36335, -2.92929, -9.00757, -6.82966, 0.77222, -2.53086, -12.69704, 8.24881, 7.33848, 3.36725, -0.56561, 5.28885, -5.41877, 1.24315, -3.03696, -5.74006, 0.05029, 3.53266, 5.9687, 15.33044, -5.67174]"
42,sub11,supMAE,0,sub11-b1__0077__turnaround.npy,19,turnaround,19,0.9995499,1,"[0.35699, 0.16608, 1.63976, -6.96211, -1.57032, -1.986, 3.53355, -6.30547, -1.26511, -0.60938, -2.04796, -4.01545, -0.03348, 1.15207, -0.43647, 7.26443, -8.38581, 2.4426, 1.80962, 19.27749, 11.55759, -7.98625]"
42,sub11,supMAE,0,sub11-b1__0078__walk.npy,20,walk,20,0.99977857,1,"[3.11347, -3.20449, -1.10766, -8.33419, 0.21264, -3.63238, -4.80485, -10.16236, 4.25659, 7.16149, 1.28619, -2.39481, 3.84764, -0.09444, -2.24645, 0.76924, -7.78941, 3.54259, -1.608, 11.78949, 20.21553, -4.73561]"
42,sub11,supMAE,0,sub11-b1__0079__turnaround.npy,19,turnaround,19,0.9983375,1,"[3.13597, 3.40784, -1.3694, -7.02587, -2.07661, -1.74142, 6.04061, -8.20432, -0.93817, -0.44693, 2.25706, -2.15608, -0.00615, -0.98752, 2.88507, 0.32706, -7.24985, -3.96105, 9.94489, 16.3861, 6.03914, -9.7406]"
42,sub11,supMAE,0,sub11-b1__0080__walk.npy,20,walk,20,0.99899215,1,"[4.01272, -1.44215, -3.0656, -8.9591, -7.19941, 1.43813, -2.31608, -12.66353, 7.90206, 7.05572, 4.21051, -0.43936, 4.7516, -5.49417, 1.43407, -3.3657, -5.98179, 0.55996, 3.33939, 5.60323, 15.29087, -5.94673]"
42,sub11,supMAE,0,sub11-b1__0081__turnaround.npy,19,turnaround,19,0.9986034,1,"[0.37302, -0.46162, 0.71806, -7.1474, -1.20594, -1.67197, 3.14778, -6.84217, -0.90894, 0.36409, -1.87059, -3.88766, 0.16768, 0.79746, -0.90493, 6.73123, -8.47408, 2.90128, 2.2892, 19.38709, 12.81232, -8.31177]"
42,sub11,supMAE,0,sub11-b1__0082__walk.npy,20,walk,20,0.9997789,1,"[3.33943, -3.0939, -0.90045, -7.95195, 0.27464, -3.65056, -4.66696, -10.27094, 3.49097, 7.14717, 1.77875, -2.62599, 3.7052, 0.61604, -2.06742, 0.63879, -7.93441, 2.94071, -1.84391, 11.80026, 20.22789, -5.17121]"
42,sub11,supMAE,0,sub11-b1__0083__turnaround.npy,19,turnaround,19,0.99829763,1,"[3.20471, 2.927, -1.32348, -7.12406, -2.16063, -1.84032, 5.84551, -8.4047, -0.89935, 0.14325, 2.39651, -2.57807, 0.13984, -0.60535, 1.80567, 0.88592, -7.68776, -3.45568, 9.93955, 16.36902, 6.64717, -9.67994]"
42,sub11,supMAE,0,sub11-b1__0084__hop.npy,9,hop,14,0.99631053,0,"[3.60518, 5.07044, 6.93752, -4.49226, -2.47399, -2.7831, 5.67065, -1.06169, -4.63517, -7.17203, 0.78215, -0.37042, -7.3789, 3.30601, 12.94705, -0.82678, -0.48641, 0.4346, -5.12024, -2.81601, -3.16334, 1.3795]"
42,sub11,supMAE,0,sub11-b1__0085__hop.npy,9,hop,0,0.37932307,0,"[6.60041, 1.60127, 3.42213, -7.55291, -6.36614, -0.60549, 0.76289, -6.83963, 0.98393, 0.654, 6.0328, 0.56013, -1.66386, -1.29067, 6.52003, -3.51539, -2.34313, -0.07591, -2.95398, -1.46746, 4.1142, -1.64644]"
42,sub11,supMAE,0,sub11-b1__0086__hop.npy,9,hop,20,0.9095169,0,"[1.61404, -3.58613, -0.90733, -6.72081, -5.42926, 0.71821, -3.06054, -9.65518, 5.0825, 8.6131, 2.95208, 1.27501, 4.27193, -4.90121, -0.00628, -2.84854, -2.25216, 2.92399, 1.24948, 0.80043, 10.97198, -2.08338]"
42,sub11,supMAE,0,sub11-b1__0087__hop.npy,9,hop,20,0.87360513,0,"[1.33854, -3.096, -2.04264, -7.08979, -5.58542, 1.00024, -3.10232, -10.20857, 5.95324, 8.87106, 3.83341, 1.47441, 4.40113, -5.4162, 1.11185, -3.95196, -1.88477, 1.7735, 2.07789, 0.80871, 10.87778, -2.73189]"
42,sub11,supMAE,0,sub11-b1__0088__hop.npy,9,hop,20,0.5905105,0,"[-0.00133, -2.77474, 0.10484, -5.57416, -5.26491, 0.06945, -2.13794, -8.47994, 4.52235, 7.40581, 2.21045, 2.43907, 4.22638, -4.99187, 2.47139, -3.81304, -0.4278, 1.56601, 1.19532, -0.94419, 7.88969, -1.36604]"
42,sub11,supMAE,0,sub11-b1__0089__hop.npy,9,hop,20,0.81551397,0,"[1.56809, -4.06324, -1.79649, -7.14888, -5.38868, 1.86241, -2.68765, -9.40992, 4.23555, 9.13381, 3.54691, 2.25294, 5.09284, -5.44314, -0.02721, -3.78944, -1.26167, 1.79749, 1.10137, 0.83177, 10.65196, -3.07851]"
42,sub11,supMAE,0,sub11-b1__0090__hop.npy,9,hop,9,0.8270411,1,"[-0.27541, -3.77732, -2.16262, -5.8972, -3.78297, 1.20005, -3.18746, -8.18694, 4.07807, 9.94396, 2.51017, 2.83909, 4.96361, -5.19254, 0.49475, -4.20623, 1.26407, 1.3243, 1.31966, -1.12897, 8.32028, -1.79596]"
42,sub11,supMAE,0,sub11-b1__0091__jump.npy,10,jump,20,0.94065344,0,"[8.31395, 0.80747, -0.02132, -8.39001, -9.25362, 1.71544, -2.39486, -10.71789, 5.38089, 2.4233, 7.81766, -0.47147, 0.06467, -4.46672, 2.11809, -3.30513, -6.99494, 1.49411, 0.51749, 3.63081, 11.59603, -4.80048]"
42,sub11,supMAE,0,sub11-b1__0092__jump.npy,10,jump,20,0.9248288,0,"[8.00835, 1.09271, -0.35792, -8.88129, -9.49778, 1.44824, -2.08541, -11.03559, 6.2976, 2.22329, 7.54679, 0.07073, 0.55414, -5.35336, 3.67624, -4.01886, -6.61138, 0.69776, 1.21091, 3.84225, 11.13239, -5.04312]"
42,sub11,supMAE,0,sub11-b1__0093__jump.npy,10,jump,20,0.9630409,0,"[8.46477, 0.69169, 0.46412, -9.00366, -9.36042, 0.78489, -1.79023, -11.03905, 5.73841, 1.78703, 7.07181, -0.3936, 0.24667, -4.75664, 3.50744, -3.32135, -7.58304, 1.41888, 0.95458, 5.01886, 12.03037, -5.19759]"
42,sub11,supMAE,0,sub11-b1__0094__jump.npy,10,jump,20,0.9376513,0,"[6.50253, 0.50854, 1.06043, -7.92404, -9.38833, 0.56795, -2.02005, -10.61563, 5.54352, 2.29199, 7.7461, -0.30124, 0.57075, -4.31914, 3.59814, -3.38771, -6.80887, 1.18534, 0.87833, 3.28577, 10.81919, -4.32284]"
42,sub11,supMAE,0,sub11-b1__0095__jump.npy,10,jump,20,0.96908367,0,"[7.46419, 0.43767, 0.10198, -8.34849, -9.2025, 1.15315, -2.25162, -10.92207, 5.58284, 2.72763, 7.86812, -0.4878, 0.41088, -4.50014, 2.72647, -3.43085, -7.07495, 1.47875, 0.98601, 4.13801, 11.90703, -4.96289]"
42,sub11,supMAE,0,sub11-b1__0096__runonspot.npy,13,runonspot,13,0.5282034,1,"[-2.10644, -2.85279, 8.64106, 3.33715, -4.19372, -1.11401, 4.27507, 2.29562, -9.44109, -3.90069, 2.32671, -0.13342, -3.74751, 8.79217, 3.94218, 2.03866, -4.50169, 2.1096, 0.98502, 3.32482, -0.43477, -8.02915]"
42,sub11,supMAE,0,sub11-b1__0097__runonspot.npy,13,runonspot,13,0.7837462,1,"[-2.1703, -2.60525, 6.62522, 3.0056, -5.43654, 0.28745, 3.93439, 1.69426, -8.41341, -3.12051, 5.15916, -0.03577, -2.99371, 8.27583, 3.14732, 0.52105, -4.55999, 0.80208, 3.47704, 2.80346, -0.78826, -9.88567]"
42,sub11,supMAE,0,sub11-b1__0098__runonspot.npy,13,runonspot,13,0.85305816,1,"[-2.61209, -3.83012, 6.26645, 1.90913, -4.60689, -0.29386, 4.31588, 0.9494, -8.4349, -1.23337, 4.897, -0.53186, -1.77967, 8.51399, 1.52778, 0.96835, -5.20881, 1.01194, 4.08756, 3.69272, 0.77139, -9.98006]"
42,sub11,supMAE,0,sub11-b1__0099__runonspot.npy,13,runonspot,13,0.6270286,1,"[-3.4218, -3.68979, 8.10706, 3.35917, -4.6978, -2.06787, 3.63849, 0.91992, -7.38281, -2.62713, 1.66694, -0.70673, -1.26716, 8.68449, 2.2853, 2.00605, -5.27286, 1.55217, 3.68556, 4.06219, 0.83299, -8.63019]"
42,sub11,supMAE,0,sub11-b1__0100__runonspot.npy,13,runonspot,13,0.7582765,1,"[-1.48739, -3.20484, 7.60664, 1.28628, -5.56617, -1.1328, 4.33087, 0.49895, -7.78762, -2.44267, 4.79331, -0.93353, -2.08795, 8.87492, 2.32428, 1.14068, -6.11962, 0.97105, 2.70946, 3.43368, 0.99612, -8.35711]"
42,sub11,supMAE,0,sub11-b1__0101__buttkicks.npy,4,buttkicks,4,0.9667873,1,"[-1.93482, -0.43322, 0.8577, -4.26817, 9.92028, -3.66299, 1.93211, -2.77788, -4.60525, 2.27212, -7.2716, 0.03844, -2.6178, 4.04833, 6.08254, 0.26375, 4.87948, 2.42089, -5.24485, -0.24308, 3.37482, 2.09928]"
42,sub11,supMAE,0,sub11-b1__0102__buttkicks.npy,4,buttkicks,4,0.92247707,1,"[-2.08587, 0.06306, 0.47718, -4.67016, 9.48119, -3.58785, 2.89555, -4.2026, -4.1468, 2.56642, -7.20862, 0.10579, -1.91559, 3.78875, 6.72938, -0.80397, 3.95093, 1.6226, -4.27776, 1.08718, 4.81461, 0.66964]"
42,sub11,supMAE,0,sub11-b1__0103__buttkicks.npy,4,buttkicks,4,0.9857502,1,"[-1.44062, -0.38036, -0.86432, -5.1618, 10.85539, -3.12672, 2.00819, -4.00278, -4.46474, 3.99528, -6.75394, 0.22146, -2.07119, 3.94276, 5.84997, -1.03717, 5.18624, 1.41282, -4.44104, 0.57682, 4.59602, 0.39622]"
42,sub11,supMAE,0,sub11-b1__0104__buttkicks.npy,4,buttkicks,4,0.9296634,1,"[-1.64328, 0.01779, -0.55991, -5.40394, 9.25544, -3.01159, 2.16359, -5.10026, -3.43553, 4.22706, -5.883, -0.12897, -1.60829, 3.26574, 5.98866, -1.26425, 4.00284, 1.18091, -3.51096, 1.21157, 5.41072, -0.27766]"
42,sub11,supMAE,0,sub11-b1__0105__buttkicks.npy,4,buttkicks,4,0.907458,1,"[-1.06961, 0.58689, 0.28865, -4.27178, 10.28953, -4.21271, 3.20331, -4.2114, -4.84768, 2.22326, -6.83949, -0.15707, -2.81224, 4.64628, 7.91251, -1.02498, 4.51592, 0.14592, -3.82001, 0.63177, 3.42994, 0.03784]"
42,sub11,supMAE,0,sub11-b1__0106__airkick.npy,0,airkick,20,0.643337,0,"[6.96315, 0.34191, 2.24604, -6.3346, -4.70564, 0.39686, -0.12899, -6.44894, 0.18453, 0.28865, 1.79057, 1.1263, -2.27847, -0.90388, 4.04123, -2.57969, -2.81434, 3.06179, -4.62629, 0.09838, 7.64816, -0.4907]"
42,sub11,supMAE,0,sub11-b1__0107__airkick.npy,0,airkick,20,0.60780454,0,"[8.2958, 0.73367, 1.98655, -6.86139, -5.46999, 1.08405, 0.3753, -7.45369, -0.20646, 0.75319, 2.70611, 1.01877, -1.67077, -0.6741, 4.40909, -3.54685, -3.74643, 2.27216, -4.10462, 1.15928, 8.76592, -2.61609]"
42,sub11,supMAE,0,sub11-b1__0108__airkick.npy,0,airkick,0,0.83594936,1,"[7.93175, 0.0682, 2.53166, -5.67947, -3.39866, 0.81893, -0.45895, -4.99386, -1.70717, 0.10844, 1.21179, 1.01133, -3.59749, -0.04266, 3.59876, -1.40176, -1.47034, 4.48124, -6.26429, -1.48448, 5.97787, 0.2024]"
42,sub11,supMAE,0,sub11-b1__0109__airkick.npy,0,airkick,0,0.9170285,1,"[8.86225, 0.539, 1.88504, -6.46302, -4.02586, 1.32557, -0.04746, -5.60095, -1.42186, 0.43226, 2.01543, 1.10241, -3.26429, -0.53236, 3.72824, -2.20507, -2.00012, 3.7275, -5.43125, -0.92734, 6.27027, -0.91085]"
42,sub11,supMAE,0,sub11-b1__0110__airkick.npy,0,airkick,0,0.6858376,1,"[8.05791, 0.46593, 2.06657, -6.27855, -4.77013, 1.25905, -0.39489, -5.97022, -0.49606, 0.29903, 2.12684, 1.27595, -2.82304, -1.13952, 3.52532, -2.28171, -2.67837, 4.03818, -5.12275, -0.4528, 7.19062, -0.75744]"
42,sub11,supMAE,0,sub11-b1__0111__sidekick.npy,14,sidekick,14,0.992611,1,"[6.57624, 3.17956, 6.63516, -4.77834, -7.43676, -0.81956, 3.1478, -4.25604, -3.13549, -4.17796, 1.7099, 0.94205, -1.90964, 1.05843, 12.24896, -4.45085, -1.66525, -2.137, -5.35878, 0.55433, 2.61909, -2.96058]"
42,sub11,supMAE,0,sub11-b1__0112__sidekick.npy,14,sidekick,14,0.9785727,1,"[8.36588, 3.35512, 4.92463, -7.24495, -7.37063, -0.42126, 3.21408, -5.89394, -1.71073, -3.80022, 2.72147, 1.75917, -1.70781, -1.08713, 12.25181, -5.28852, -2.77762, -1.63798, -4.90572, 0.81168, 4.25118, -2.57716]"
42,sub11,supMAE,0,sub11-b1__0113__sidekick.npy,14,sidekick,14,0.99759954,1,"[7.25562, 3.14646, 4.01876, -6.69753, -4.34761, -0.48236, 3.43185, -4.84789, -3.02777, -3.88674, 1.41591, 2.02245, -3.35869, -0.21718, 13.38195, -4.89472, -0.55173, -1.05129, -5.67738, -0.08781, 2.92671, -1.89114]"
42,sub11,supMAE,0,sub11-b1__0114__sidekick.npy,14,sidekick,14,0.9797457,1,"[7.96656, 3.25734, 4.72201, -6.87909, -7.70441, -0.20599, 2.54464, -6.21053, -1.0715, -3.38212, 2.99555, 1.9088, -1.26833, -1.70287, 11.94117, -5.70975, -2.69766, -1.5092, -4.71795, 0.83177, 4.67572, -2.65703]"
42,sub11,supMAE,0,sub11-b1__0115__sidekick.npy,14,sidekick,14,0.98582107,1,"[7.55039, 3.13574, 4.13761, -6.89594, -6.6471, 0.32008, 2.85629, -5.71799, -1.70119, -3.03847, 2.83723, 2.71664, -1.92895, -1.76071, 11.88625, -5.86829, -1.59132, -1.01628, -4.86533, 0.26902, 3.88301, -2.62462]"
42,sub11,supMAE,0,sub11-b1__0116__sidekick.npy,14,sidekick,14,0.9850197,1,"[7.99849, 2.36919, 3.75361, -7.2851, -5.31783, -0.2105, 2.93464, -5.86181, -2.19566, -2.3498, 2.69458, 2.57244, -2.29402, -1.19081, 12.23241, -5.30513, -1.03401, -0.88009, -5.12869, -0.15994, 3.76392, -2.60795]"
42,sub11,supMAE,0,sub11-b1__0117__sidekick.npy,14,sidekick,14,0.86866367,1,"[8.87288, 2.32402, 3.131, -8.0616, -7.40995, -0.2916, 0.92209, -7.60145, 0.67484, -1.03098, 3.8471, 2.15491, -0.0856, -2.96511, 10.81937, -5.79068, -2.18639, -1.6703, -4.16373, 0.82699, 5.77765, -3.35816]"
42,sub11,supMAE,0,sub11-b1__0118__crosstoe.npy,6,crosstoe,6,0.9899636,1,"[7.55669, 3.11393, 3.18345, -7.84921, -4.56334, -2.29047, 12.19694, 0.14865, -6.61439, -4.13242, -1.44225, 1.62762, -3.47204, 1.32277, 2.90519, 2.55902, -4.23996, 1.10762, 0.87731, 0.63875, -2.3115, -3.29123]"
42,sub11,supMAE,0,sub11-b1__0119__crosstoe.npy,6,crosstoe,6,0.99710053,1,"[7.15941, 2.23132, 3.40079, -8.215, -4.02727, -2.26596, 13.07576, 0.59915, -7.81843, -3.86673, -0.5735, 1.64432, -3.56739, 2.07385, 3.22068, 2.48052, -4.68144, 1.25859, 0.94673, 1.23138, -2.44565, -3.917]"
42,sub11,supMAE,0,sub11-b1__0120__crosstoe.npy,6,crosstoe,6,0.9993049,1,"[6.3842, 1.88781, 3.19423, -9.65288, -4.3775, -2.84023, 13.86028, -0.1337, -6.96075, -2.92128, -0.8973, 2.15682, -1.32954, 1.23784, 4.04124, 1.09405, -4.97032, -0.23909, 1.935, 3.1076, -1.11019, -5.18269]"
42,sub11,supMAE,0,sub11-b1__0121__crosstoe.npy,6,crosstoe,6,0.9978788,1,"[7.33404, 2.01534, 2.95265, -8.97064, -4.07603, -2.39589, 13.55282, -0.07632, -7.36251, -3.32208, -0.88897, 2.15391, -2.68508, 1.77069, 3.63793, 1.55939, -4.85574, 0.83395, 1.48135, 2.36552, -1.40312, -5.17219]"
42,sub11,supMAE,0,sub11-b1__0122__crosstoe.npy,6,crosstoe,6,0.9985033,1,"[7.03102, 2.07016, 3.34309, -8.75076, -4.12989, -2.60012, 13.61363, 0.15124, -7.43763, -3.74055, -0.63443, 1.81142, -3.01306, 1.7401, 3.01139, 1.97563, -5.68261, 1.34117, 1.59229, 2.00104, -1.74139, -3.48417]"
42,sub11,supMAE,0,sub11-b1__0123__throw.npy,18,throw,18,0.9991036,1,"[1.15058, 2.70829, -1.88332, -0.56905, -6.09461, -0.15792, 4.24363, -5.02489, 0.49825, -1.68535, -0.28717, -0.82344, -0.72481, -0.18723, 2.01457, -1.57721, -5.35302, -0.90918, 11.84057, 2.71998, 2.00908, -6.55454]"
42,sub11,supMAE,0,sub11-b1__0124__throw.npy,18,throw,18,0.98852557,1,"[2.33309, 4.8712, 0.6287, 1.40706, -5.53329, -2.09142, 4.46991, -2.73427, -0.81653, -5.28367, 0.68992, -2.14081, -3.52466, 2.76661, 2.39374, -1.02899, -6.57802, -1.56416, 10.0407, 0.49507, -1.09773, -3.99005]"
42,sub11,supMAE,0,sub11-b1__0125__throw.npy,18,throw,1,0.47105312,0,"[2.87095, 6.94604, 2.50245, -3.8945, -6.31811, -3.34406, 4.18957, -6.49247, 2.91269, -5.77522, -2.78076, -4.42012, -0.72582, 1.81568, 3.57678, -1.56743, -7.70574, -2.64231, 6.61731, 5.26319, 4.22675, -2.03336]"
42,sub11,supMAE,0,sub11-b1__0126__throw.npy,18,throw,18,0.9956939,1,"[2.84997, 3.02802, -0.16081, -0.98726, -5.72528, -1.90719, 5.29109, -4.66878, -0.83316, -3.17064, 0.95566, -1.05162, -1.59076, 1.42673, 1.95016, -0.84834, -7.40057, -0.88448, 11.02193, 2.15906, 0.89659, -5.81375]"
42,sub11,supMAE,0,sub11-b1__0127__throw.npy,18,throw,20,0.3186318,0,"[3.84095, 4.55391, 2.78823, -4.25213, -5.87805, -3.22194, 2.73755, -5.40085, 2.87194, -5.28033, -4.03694, -4.97871, -0.86826, 1.58704, 2.37482, -0.62482, -7.23791, -0.90462, 3.53124, 3.88682, 4.96761, 2.79093]"
42,sub11,supMAE,0,sub11-b2__0001__walk.npy,20,walk,9,0.71043694,0,"[1.86173, -5.19713, -2.47399, -0.85561, -3.12234, -5.07015, -4.39242, -9.72008, 0.87928, 10.19581, 6.17027, 1.9225, 7.98023, -2.43592, -0.42184, 0.87821, -3.87018, -3.49828, 5.97699, 6.68869, 8.74855, -6.81751]"
42,sub11,supMAE,0,sub11-b2__0002__turnaround.npy,19,turnaround,19,0.9999567,1,"[2.99066, 4.65325, 1.38615, -6.35336, -0.80473, -2.40579, 4.81208, -5.6085, -2.77755, -2.90222, -0.59819, -4.58606, -2.04555, 3.53212, 0.07618, 5.69637, -7.59807, -2.18913, 2.18145, 17.30078, 6.70073, -8.23418]"
42,sub11,supMAE,0,sub11-b2__0003__walk.npy,20,walk,20,0.97627175,1,"[5.70315, -5.01817, -3.31301, -6.41454, 6.66091, 1.04714, -0.40105, -5.44011, -7.48051, 5.30648, 1.89024, -3.57612, -1.61653, 6.14251, -2.66373, 1.41866, -2.32191, 4.88709, -4.28238, 11.44076, 15.178, -9.92503]"
42,sub11,supMAE,0,sub11-b2__0004__turnaround.npy,19,turnaround,19,0.9834351,1,"[2.02645, -4.16846, -1.41706, -3.85787, 2.46402, -2.24336, -2.35932, -4.7069, -3.21653, 3.98416, -0.26465, -1.7771, 1.50999, 1.0059, -0.09831, 6.97982, -1.6293, 2.9165, -1.987, 14.04832, 9.90764, -7.41204]"
42,sub11,supMAE,0,sub11-b2__0005__walk.npy,20,walk,17,0.53694785,0,"[0.15869, -8.78766, -0.23696, 2.158, 0.90538, -0.23649, -3.3632, -3.40556, -6.25876, 6.29874, -0.01094, 1.77319, 3.83456, 0.02232, -3.522, 6.26414, -1.56542, 9.06446, -0.69996, 7.93723, 8.16494, -6.65087]"
42,sub11,supMAE,0,sub11-b2__0006__turnaround.npy,19,turnaround,19,0.98764277,1,"[5.16123, -0.78734, 0.62767, -4.66013, 3.64519, 1.17192, 3.61178, -2.40343, -9.02608, -0.77448, -0.62414, -2.92742, -4.89153, 4.94982, -2.17683, 5.57002, -4.22498, 8.03682, -3.472, 13.4161, 8.44223, -9.2293]"
42,sub11,supMAE,0,sub11-b2__0007__walk.npy,20,walk,20,0.9547875,1,"[4.14437, -4.0255, -3.54428, -6.11077, 5.70857, -0.32824, -3.52204, -4.42344, -4.92422, 5.7955, 0.83861, -2.18426, 1.91553, 3.55675, -0.38031, 0.39999, 2.02735, 0.53838, -4.94883, 8.78951, 11.94778, -8.18227]"
42,sub11,supMAE,0,sub11-b2__0008__turnaround.npy,19,turnaround,19,0.9864352,1,"[0.46083, -4.7469, -2.09194, -2.82154, 2.13468, -1.57797, -1.81527, -3.99216, -4.05232, 4.68188, -0.85699, -0.9212, 2.86303, 0.46047, -0.50464, 7.11042, -1.02169, 3.10478, -0.34986, 13.45119, 9.00766, -7.97622]"
42,sub11,supMAE,0,sub11-b2__0009__walk.npy,20,walk,17,0.9042927,0,"[-0.01851, -8.23108, 1.65137, 0.78065, 0.21264, -0.33027, -3.09921, -1.91182, -5.94004, 4.26136, -0.96423, 1.66271, 3.44009, -0.49605, -3.97743, 6.7012, -2.4527, 11.14728, -2.28737, 7.863, 8.24555, -5.60031]"
42,sub11,supMAE,0,sub11-b2__0010__turnaround.npy,19,turnaround,19,0.95949924,1,"[4.32998, -1.96602, -0.61044, -4.71414, 3.91231, 1.21209, 2.27846, -2.96327, -8.39339, 1.02324, -0.73621, -2.5997, -3.30383, 4.18123, -1.53125, 4.51764, -2.88366, 6.99408, -3.15621, 13.33594, 10.11616, -9.87337]"
42,sub11,supMAE,0,sub11-b2__0011__walk.npy,20,walk,20,0.9245051,1,"[-0.22087, -3.02932, -4.4589, -5.68982, 4.28535, 0.18524, -5.14386, -3.58179, -2.49355, 5.9514, 0.7265, -1.68002, 3.10107, 1.39667, 0.36479, 1.20501, 3.12742, -0.14863, -4.23999, 8.8866, 11.4607, -7.49579]"
42,sub11,supMAE,0,sub11-b2__0012__turnaround.npy,19,turnaround,19,0.9247074,1,"[-1.54995, -6.51777, -3.35515, -2.90982, 2.26503, -0.90645, -1.58724, -3.64094, -3.31055, 6.21731, -1.32571, 0.04226, 3.8826, -0.92562, -1.4663, 6.46232, -0.62552, 4.70489, 1.61875, 12.33611, 9.75423, -7.18806]"
42,sub11,supMAE,0,sub11-b2__0013__walk.npy,20,walk,17,0.96733105,0,"[0.0691, -7.82367, 1.87324, -0.55529, 0.59223, 0.50728, -2.37292, -1.401, -5.89195, 3.51578, -1.43001, 0.92068, 2.43675, -0.02555, -4.65384, 6.63489, -2.83633, 12.66974, -3.18491, 7.84048, 8.9059, -5.19986]"
42,sub11,supMAE,0,sub11-b2__0014__turnaround.npy,19,turnaround,19,0.97665626,1,"[3.38934, -2.00209, 0.00835, -4.47316, 4.05385, 0.87148, 2.56235, -2.24654, -8.89063, 0.3127, -1.09812, -2.01673, -3.35795, 4.06348, 0.05558, 4.39162, -2.11167, 6.88614, -3.24626, 13.15704, 9.31901, -10.03855]"
42,sub11,supMAE,0,sub11-b2__0015__walk.npy,20,walk,20,0.9508181,1,"[-2.26052, -3.27126, -3.71917, -4.57517, 2.16013, 0.00451, -5.97276, -3.27433, -0.65681, 5.48844, -1.29265, 0.06533, 5.09365, -0.97991, 1.02315, 0.97337, 3.56304, 0.2203, -4.04993, 8.49133, 11.54314, -6.26309]"
42,sub11,supMAE,0,sub11-b2__0016__turnaround.npy,19,turnaround,19,0.87585205,1,"[-1.86579, -7.46989, -2.67909, -1.57664, 1.96198, -0.20941, -0.48136, -2.87663, -4.37042, 5.57397, -1.87171, 0.32242, 3.32647, -0.63311, -3.08077, 7.02457, -1.88644, 7.62041, 2.49017, 11.62541, 9.42417, -6.89139]"
42,sub11,supMAE,0,sub11-b2__0017__walk.npy,20,walk,17,0.97653025,0,"[-0.16727, -7.62891, 1.34438, -1.07924, 1.08184, 1.36042, -2.0585, -1.4619, -5.68869, 3.43309, -1.33984, 0.39713, 1.73438, 0.4183, -5.29445, 6.44599, -2.99662, 13.38785, -3.15492, 7.83019, 9.43132, -5.08644]"
42,sub11,supMAE,0,sub11-b2__0018__turnaround.npy,19,turnaround,19,0.9564494,1,"[2.34694, -2.57462, -0.6134, -4.58931, 4.17373, 1.36151, 2.32284, -2.44821, -8.61561, 1.17375, -1.12841, -1.80963, -2.59827, 3.71224, -0.32413, 3.87202, -2.04015, 7.20843, -2.60468, 13.56578, 10.43225, -10.54763]"
42,sub11,supMAE,0,sub11-b2__0019__walk.npy,20,walk,20,0.9803595,1,"[-3.87937, -3.92756, -4.12636, -4.51168, 0.94775, 0.25369, -6.38017, -3.11044, 0.66682, 6.4654, -1.90715, 1.19962, 7.07412, -2.47672, 0.86039, 0.12063, 3.71951, 0.73693, -3.22302, 7.46633, 12.10678, -5.57337]"
42,sub11,supMAE,0,sub11-b2__0020__turnaround.npy,19,turnaround,19,0.8266534,1,"[-1.69247, -7.18026, -2.91631, -1.41682, 2.47547, 1.15672, 0.44266, -2.28895, -5.39767, 4.7678, -1.70948, 0.18009, 1.81439, 0.10963, -3.5619, 6.31644, -1.85671, 8.93506, 2.2919, 11.39311, 9.24001, -7.29436]"
42,sub11,supMAE,0,sub11-b2__0021__hop.npy,9,hop,17,0.79274386,0,"[-0.75976, -7.93959, -1.97479, -3.11811, 4.99193, 2.35185, -1.82618, -1.52017, -7.02065, 7.38866, 0.85641, 0.91985, 0.87019, 1.65099, -4.4171, 2.57887, 1.31931, 10.37411, -2.13684, 6.62876, 8.66716, -7.0893]"
42,sub11,supMAE,0,sub11-b2__0022__hop.npy,9,hop,17,0.86793274,0,"[-0.87063, -7.52313, -2.33445, -2.39033, 5.7587, 2.80542, -1.82012, -0.74626, -7.66215, 6.89026, 0.73444, 0.43647, -0.29357, 2.48963, -4.23319, 2.73098, 2.14267, 10.21589, -2.52856, 6.02867, 7.7775, -6.89329]"
42,sub11,supMAE,0,sub11-b2__0023__hop.npy,9,hop,17,0.91187775,0,"[-0.59466, -7.52739, -1.90142, -3.04374, 5.1852, 2.29601, -1.99735, -0.77035, -7.22858, 6.82165, 0.54004, 0.5246, -0.02123, 1.76724, -4.55594, 3.49195, 1.50848, 10.74266, -2.61279, 6.23333, 7.94049, -6.36037]"
42,sub11,supMAE,0,sub11-b2__0024__hop.npy,9,hop,17,0.7470987,0,"[-0.4078, -7.90953, -2.66766, -3.41156, 5.65806, 2.83316, -1.80948, -1.87639, -7.11309, 7.74047, 1.16541, 0.29567, 0.2763, 2.17627, -4.86279, 2.6296, 1.24279, 10.56546, -2.0994, 6.76765, 9.17151, -7.35948]"
42,sub11,supMAE,0,sub11-b2__0025__hop.npy,9,hop,17,0.7917635,0,"[-0.4999, -7.5906, -3.04848, -3.68084, 5.57881, 3.29825, -1.41972, -1.75189, -7.13617, 7.49644, 1.05577, 0.88044, -0.01589, 1.67969, -4.497, 2.2679, 1.68427, 10.48225, -2.15628, 6.29608, 8.81273, -7.06124]"
42,sub11,supMAE,0,sub11-b2__0026__hop.npy,9,hop,17,0.9895309,0,"[1.34376, -6.20334, 1.68908, -2.68391, 1.27648, 2.25364, -0.83884, -1.25632, -6.36462, 1.16803, 0.0166, 0.28851, -1.21947, 0.95235, -3.57148, 5.02761, -3.27612, 13.81813, -4.20786, 7.73519, 9.00404, -5.0666]"
42,sub11,supMAE,0,sub11-b2__0027__hop.npy,9,hop,17,0.98955053,0,"[1.33583, -6.42529, 1.53978, -2.6555, 1.5801, 2.25361, -1.0216, -1.29154, -6.40821, 1.57162, 0.06558, 0.1605, -1.226, 1.16424, -3.83119, 5.12634, -3.2217, 13.94696, -4.07638, 7.79237, 9.15044, -5.27995]"
42,sub11,supMAE,0,sub11-b2__0028__hop.npy,9,hop,17,0.9865889,0,"[1.40341, -6.24096, 1.52446, -2.84343, 1.35505, 2.29519, -0.87825, -1.42798, -6.31242, 1.47867, 0.2662, 0.2159, -1.15947, 1.02383, -3.64904, 4.8862, -3.23217, 13.70302, -4.0586, 7.82561, 9.15668, -5.38043]"
42,sub11,supMAE,0,sub11-b2__0029__hop.npy,9,hop,17,0.9862315,0,"[1.67338, -6.05003, 1.69779, -2.80648, 1.39582, 2.30757, -0.40848, -1.27739, -6.90551, 1.26377, 0.71797, 0.64489, -1.35861, 1.11404, -3.02165, 4.24427, -3.0023, 13.2085, -4.22488, 7.59413, 8.61526, -5.61217]"
42,sub11,supMAE,0,sub11-b2__0030__hop.npy,9,hop,17,0.9903561,0,"[1.68211, -6.07747, 2.05443, -2.7545, 1.23684, 2.17846, -0.38375, -1.12693, -6.80827, 0.93283, 0.25471, 0.49789, -1.34252, 1.09424, -3.19987, 4.4593, -3.28888, 13.67772, -4.3538, 7.67409, 8.73405, -5.31174]"
42,sub11,supMAE,0,sub11-b2__0031__runonspot.npy,13,runonspot,13,0.95435417,1,"[-0.81637, -2.28979, 2.94327, -0.33151, 7.67805, 0.73246, 1.55229, 6.6697, -13.15491, -2.32252, -1.56556, -3.33014, -4.35974, 11.25694, 0.06755, 3.61888, 2.91266, 6.27667, -5.95544, 4.92103, -0.20964, -7.2203]"
42,sub11,supMAE,0,sub11-b2__0032__runonspot.npy,13,runonspot,13,0.9429706,1,"[-0.76675, -2.72714, 5.12234, 1.15185, 4.87844, 1.24892, 1.54246, 6.89748, -13.10222, -3.21009, -1.62324, -3.84143, -3.35744, 11.06251, -1.84335, 4.28826, 0.75262, 7.74958, -6.50106, 5.0515, 0.47892, -6.7092]"
42,sub11,supMAE,0,sub11-b2__0033__runonspot.npy,13,runonspot,13,0.90520793,1,"[-1.23986, -3.31635, 5.20769, 1.55508, 4.70093, 0.79604, 0.8816, 6.65572, -12.514, -2.72349, -1.85694, -3.79962, -2.9373, 10.8581, -2.31925, 4.71834, 0.35771, 8.30701, -5.9828, 5.25771, 1.02763, -6.59705]"
42,sub11,supMAE,0,sub11-b2__0034__runonspot.npy,13,runonspot,13,0.8670714,1,"[-0.68765, -2.62486, 6.35957, 1.18977, 3.9624, 0.46459, 1.49741, 7.04285, -12.68902, -4.22897, -1.91844, -3.78275, -3.57465, 10.82968, -1.48739, 4.96771, -0.31155, 8.63927, -6.76942, 5.07997, 0.51766, -6.02352]"
42,sub11,supMAE,0,sub11-b2__0035__runonspot.npy,13,runonspot,13,0.9342823,1,"[-0.8156, -2.7989, 4.54576, 1.18271, 5.50007, 0.90196, 1.33328, 6.55193, -12.82311, -3.04583, -1.84981, -3.70304, -3.83186, 11.10718, -1.64885, 4.79935, 0.7089, 8.1, -5.89328, 5.38509, 0.6716, -6.9982]"
42,sub11,supMAE,0,sub11-b2__0036__buttkicks.npy,4,buttkicks,4,0.94617003,1,"[1.44746, -4.63191, -4.4303, -3.73926, 10.66318, 3.10157, 0.11196, 0.72045, -10.78729, 4.52929, 0.58745, 1.05128, -4.50452, 4.44254, 0.27265, 1.64037, 6.01135, 7.44628, -4.4924, 4.09356, 3.47444, -7.2678]"
42,sub11,supMAE,0,sub11-b2__0037__buttkicks.npy,4,buttkicks,4,0.818279,1,"[1.50285, -4.75877, -3.99127, -3.77908, 9.8153, 3.23309, 0.24225, 0.76588, -10.71792, 3.8724, 0.57035, 1.07441, -4.35345, 4.06633, 0.22699, 2.00386, 5.11506, 8.17007, -4.50934, 4.99038, 4.19582, -7.62582]"
42,sub11,supMAE,0,sub11-b2__0038__buttkicks.npy,4,buttkicks,4,0.9245864,1,"[1.50416, -4.87247, -4.4328, -3.58078, 10.64598, 3.17927, 0.07113, 0.40067, -10.77404, 4.54051, 0.63686, 0.88496, -4.42815, 4.5324, -0.15466, 1.93041, 5.34906, 7.93753, -4.31193, 4.76711, 4.23781, -7.7363]"
42,sub11,supMAE,0,sub11-b2__0039__buttkicks.npy,4,buttkicks,4,0.8612905,1,"[1.42709, -4.06785, -4.09911, -3.76818, 9.91132, 3.24155, 0.74372, 1.10321, -10.94348, 3.29628, 0.52555, 1.18357, -4.98992, 4.17655, 0.92031, 1.92512, 5.39326, 7.91782, -4.54717, 4.64926, 3.54598, -7.59444]"
42,sub11,supMAE,0,sub11-b2__0040__buttkicks.npy,4,buttkicks,4,0.90513515,1,"[1.41324, -5.43662, -4.94719, -3.77666, 10.65421, 3.49066, -0.13408, 0.34753, -10.58049, 5.38342, 0.44799, 0.55436, -3.91531, 4.48762, -1.08582, 2.19212, 5.44772, 8.19188, -4.31375, 4.7119, 4.84594, -7.56927]"
42,sub11,supMAE,0,sub11-b2__0041__airkick.npy,0,airkick,17,0.9775752,0,"[4.57673, -3.99126, 3.52357, -4.12583, 4.57757, 1.10664, 1.53658, 1.7441, -10.85683, -1.29096, -0.11582, -0.92351, -4.11169, 6.29917, -2.2836, 4.53235, -1.79045, 11.46183, -7.23544, 6.97744, 5.42375, -6.11037]"
42,sub11,supMAE,0,sub11-b2__0042__airkick.npy,0,airkick,17,0.98520863,0,"[4.33165, -2.95045, 4.11002, -3.9371, 3.43676, 1.47883, 2.78776, 2.11354, -11.30083, -2.77937, 0.48157, -0.21922, -5.1586, 5.85472, 0.20456, 3.22308, -1.84275, 11.28835, -7.13111, 6.2981, 4.39284, -6.19956]"
42,sub11,supMAE,0,sub11-b2__0043__airkick.npy,0,airkick,17,0.97648346,0,"[3.71187, -2.74196, 6.10864, -3.79044, 2.40888, 0.02758, 3.68239, 2.01532, -11.07242, -3.93867, -0.09283, -0.98894, -5.20586, 6.87534, 1.13494, 3.64193, -3.33278, 11.58586, -6.97098, 6.84051, 4.5502, -6.04544]"
42,sub11,supMAE,0,sub11-b2__0044__airkick.npy,0,airkick,17,0.9982863,0,"[3.8435, -3.22323, 3.82977, -3.48188, 1.824, 2.6913, 2.81567, 1.06228, -10.11605, -3.09808, -0.51394, 0.9678, -4.95415, 3.15591, 0.26151, 3.0657, -2.52594, 13.4573, -6.96832, 6.26058, 6.20106, -5.44094]"
42,sub11,supMAE,0,sub11-b2__0045__airkick.npy,0,airkick,17,0.9960983,0,"[4.43503, -2.85496, 3.70834, -4.09239, 2.08717, 2.50809, 3.14909, 1.07212, -10.5083, -2.95351, 0.08656, 0.66272, -5.25861, 3.65777, 0.57455, 2.69466, -2.36161, 12.65399, -7.10928, 6.42597, 5.93508, -5.93234]"
42,sub11,supMAE,0,sub11-b2__0046__airkick.npy,0,airkick,17,0.99556977,0,"[4.70367, -3.04837, 4.54397, -4.13934, 2.40405, 1.42596, 3.15261, 1.31701, -10.65352, -3.40312, -0.2827, 0.35208, -5.28964, 4.25539, 0.52822, 3.48736, -2.80411, 12.71397, -7.36826, 6.73753, 5.64016, -5.44437]"
42,sub11,supMAE,0,sub11-b2__0047__sidekick.npy,14,sidekick,17,0.9899019,0,"[3.20501, -3.83125, 4.84404, -3.59337, 0.07, 1.30073, 2.63238, 0.75444, -9.25367, -3.01894, -0.36025, 1.37527, -2.2141, 1.69703, 1.37259, 3.17461, -2.95321, 11.83435, -6.63884, 6.77004, 5.78327, -4.93646]"
42,sub11,supMAE,0,sub11-b2__0048__sidekick.npy,14,sidekick,17,0.9930281,0,"[3.38101, -3.19417, 4.72722, -3.58872, -0.00898, 1.20178, 2.35194, 1.51971, -9.26387, -3.34588, -0.59116, 1.638, -2.54249, 1.20239, 1.5597, 3.62432, -2.39098, 11.68713, -6.85609, 6.24226, 4.68518, -4.5294]"
42,sub11,supMAE,0,sub11-b2__0049__sidekick.npy,14,sidekick,17,0.99235463,0,"[2.96692, -3.47779, 5.48624, -3.39101, -0.59421, 0.65443, 2.37833, 1.58374, -8.87195, -3.43004, -1.34671, 1.22791, -1.80892, 1.1535, 0.37581, 4.72754, -3.38965, 12.15057, -6.78048, 6.80745, 5.02749, -3.84339]"
42,sub11,supMAE,0,sub11-b2__0050__sidekick.npy,14,sidekick,17,0.9940696,0,"[3.22738, -4.15939, 4.96393, -3.36126, -0.52049, 1.07, 2.089, 0.87731, -8.6848, -2.73033, -0.96549, 1.25774, -1.72839, 1.00736, -0.01844, 4.5732, -3.42451, 12.54388, -6.53731, 6.96879, 5.77626, -4.21247]"
42,sub11,supMAE,0,sub11-b2__0051__sidekick.npy,14,sidekick,17,0.9924489,0,"[3.75003, -3.27678, 3.93373, -3.6421, 0.86342, 1.80958, 2.21987, 1.10288, -9.49575, -3.13863, -0.25332, 1.54988, -3.12207, 1.64345, 1.80717, 3.02968, -1.88262, 11.51263, -7.00431, 6.12412, 5.02266, -4.70011]"
42,sub11,supMAE,0,sub11-b2__0052__crosstoe.npy,6,crosstoe,6,0.9639421,1,"[-0.85654, -1.6611, 4.11027, -5.40381, -1.82058, -0.10048, 12.59747, -0.12037, -9.23916, -1.78771, -2.86041, 5.2514, 2.64329, 0.60543, 0.55259, -1.6924, -5.17939, 7.35725, 0.99631, 9.07922, 6.11263, -9.54177]"
42,sub11,supMAE,0,sub11-b2__0053__crosstoe.npy,6,crosstoe,6,0.9714674,1,"[-0.12239, -0.30718, 4.94622, -5.84354, -2.36776, -0.55401, 13.13357, 0.52883, -9.4957, -3.26581, -2.56597, 4.01421, 1.29924, 1.48942, 1.06488, -0.2853, -5.89873, 6.85202, 0.96154, 9.51618, 4.72692, -9.94413]"
42,sub11,supMAE,0,sub11-b2__0054__crosstoe.npy,6,crosstoe,6,0.9861368,1,"[0.07161, 0.14054, 4.68889, -5.75829, -2.14546, 0.09875, 13.51673, 1.02005, -10.11845, -3.6807, -2.52747, 4.39252, 0.7901, 1.49355, 1.22631, -0.34708, -5.16765, 6.28703, 0.62931, 9.17308, 3.8455, -9.93296]"
42,sub11,supMAE,0,sub11-b2__0055__crosstoe.npy,6,crosstoe,6,0.9678707,1,"[-0.05104, -0.34932, 4.82316, -6.12659, -2.68318, -0.35267, 12.82115, 0.71412, -9.28807, -3.28358, -2.76865, 4.36587, 1.42223, 0.95223, 1.26514, -0.20271, -5.42993, 6.93504, 0.33478, 9.29709, 4.84543, -9.54376]"
42,sub11,supMAE,0,sub11-b2__0056__crosstoe.npy,6,crosstoe,6,0.9718872,1,"[-0.18734, -0.32541, 4.8655, -6.12261, -2.8178, 0.22288, 12.76508, 1.06364, -9.75515, -3.10294, -2.49583, 4.76385, 1.3276, 0.88926, 1.17345, -0.59058, -5.28784, 7.49654, 0.5115, 8.97699, 4.89001, -10.39938]"
42,sub11,supMAE,0,sub11-b2__0057__crosstoe.npy,6,crosstoe,6,0.97914267,1,"[0.16334, -0.44283, 4.73236, -6.16291, -2.81971, -0.17662, 12.98918, 0.65759, -9.60779, -2.78936, -2.49291, 4.97455, 1.51031, 1.01365, 1.03968, -0.94027, -5.54597, 7.43482, 0.74312, 8.87837, 5.1818, -10.3374]"
42,sub11,supMAE,0,sub11-b2__0058__throw.npy,18,throw,19,0.65997374,0,"[1.48816, -7.36315, 0.51674, -2.05477, -0.65881, 0.89703, 2.45894, -0.86443, -6.27354, 2.46863, -1.14346, 0.31274, -0.19445, 1.60865, -4.49496, 7.39396, -4.44515, 10.82559, 1.13548, 11.54346, 7.05356, -7.5573]"
42,sub11,supMAE,0,sub11-b2__0059__throw.npy,18,throw,17,0.9952312,0,"[0.8668, -10.25255, -0.4799, -0.0511, -2.34481, 1.09746, -2.53829, -2.19065, -1.25695, 3.34215, -1.07537, 1.35106, 2.39028, -0.92276, -5.32918, 6.77637, -3.0809, 13.04332, -0.01268, 3.47737, 7.13226, -0.77013]"
42,sub11,supMAE,0,sub11-b2__0060__throw.npy,18,throw,17,0.9966018,0,"[1.26226, -10.74534, -1.40756, -0.11439, -1.8633, 1.55622, -1.65171, -1.83959, -2.74145, 4.19863, -0.4366, 1.90241, 1.86653, -0.50333, -5.93893, 7.06641, -3.17166, 13.41223, 1.23287, 3.77992, 6.87506, -3.08353]"
42,sub11,supMAE,0,sub11-b2__0061__throw.npy,18,throw,17,0.99587244,0,"[1.64531, -9.84611, -1.18477, 0.18714, -1.29605, 1.05852, -2.00358, -2.11955, -2.27919, 3.42483, -0.69412, 1.34338, 1.23622, -0.26863, -5.5909, 6.96969, -3.11972, 13.13591, 0.51346, 3.72777, 6.84997, -2.27634]"
42,sub11,supMAE,0,sub11-b2__0062__throw.npy,18,throw,17,0.99487704,0,"[1.96092, -9.6923, -1.63057, -1.37042, -1.71872, 1.14823, -1.73209, -2.62072, -1.18295, 3.60536, -0.81423, 1.57202, 1.29019, -1.28702, -5.60129, 7.59777, -2.90866, 13.28237, 0.2944, 3.66352, 6.83464, -1.12107]"
42,sub11,supMAE,0,sub11-b2__0063__throw.npy,18,throw,17,0.99678075,0,"[0.49615, -11.26135, -2.31876, 0.83942, -1.59815, 2.47813, -1.47745, -0.92216, -3.99567, 5.37756, -0.20747, 2.59423, 2.29039, -0.38133, -5.96723, 5.71481, -2.02176, 12.85718, 2.57007, 3.57348, 6.44316, -5.58809]"
42,sub11,supMAE,0,sub11-b2__0064__walk.npy,20,walk,17,0.9541969,0,"[1.9841, -9.52284, -3.9642, -1.20168, 0.60404, 2.24736, -2.72308, -2.36251, -2.69208, 6.72675, 1.11121, 1.98909, 2.0931, 0.06921, -6.14789, 4.82034, 0.84851, 10.38489, -0.94326, 1.76145, 6.30625, -2.87199]"
42,sub11,supMAE,0,sub11-b2__0065__turnaround.npy,19,turnaround,15,0.5114054,0,"[1.80119, -5.54862, -0.90182, -2.57995, -0.60123, 1.23955, -2.33256, -1.12818, -2.11987, -0.02728, -2.38293, 1.29943, -0.3828, -2.30804, -4.10079, 11.16205, -2.5782, 10.73953, -1.00587, 9.94661, 5.41233, -3.30563]"
42,sub11,supMAE,0,sub11-b2__0066__walk.npy,20,walk,17,0.73648876,0,"[-5.56741, -6.73386, 1.26404, -0.5166, -5.13319, 1.11405, -5.15622, 0.39433, 1.3601, -0.40319, -3.76714, 4.97529, 5.9261, -6.75026, -1.89135, 8.14673, -1.20034, 9.56322, -0.6464, 6.90717, 4.66642, -0.79178]"
42,sub11,supMAE,0,sub11-b2__0067__turnaround.npy,19,turnaround,19,0.929224,1,"[-1.37556, -6.54684, -3.06095, -2.66919, -0.1646, 2.07648, -2.19331, -2.49904, -2.38603, 4.90332, 0.15065, 1.12743, 2.9374, -0.71435, -4.08146, 7.80385, -0.66048, 6.23844, -0.07513, 11.22073, 7.84597, -6.97315]"
42,sub11,supMAE,0,sub11-b2__0068__walk.npy,20,walk,17,0.96734995,0,"[2.50977, -9.25112, -4.07569, -1.29282, 0.95303, 2.71233, -2.46877, -2.11439, -3.26631, 6.3953, 1.30202, 2.06603, 1.35524, 0.4444, -6.12027, 4.63309, 1.16347, 10.41315, -1.17028, 1.60378, 5.90232, -3.14892]"
42,sub11,supMAE,0,sub11-b2__0069__turnaround.npy,19,turnaround,17,0.7056974,0,"[-0.99944, -6.23538, -1.40695, -2.02763, -2.11994, 2.17633, -3.04369, -1.32619, -0.64995, 1.07404, -2.10238, 2.16656, 1.37799, -3.96522, -3.65017, 9.58313, -1.98368, 11.00084, 0.20455, 9.21774, 5.91628, -3.16028]"
42,sub11,supMAE,0,sub11-b2__0070__walk.npy,20,walk,17,0.68661875,0,"[-5.36119, -6.5837, 1.52467, -0.47352, -5.16648, 0.91623, -5.03678, 0.40484, 1.20684, -0.64815, -3.65819, 4.78491, 5.74483, -6.54329, -1.78384, 8.29596, -1.38676, 9.43633, -0.78618, 7.06988, 4.51135, -0.787]"
42,sub11,supMAE,0,sub11-b2__0071__turnaround.npy,19,turnaround,19,0.95219797,1,"[-1.321, -5.92554, -2.88206, -3.39536, -0.07082, 1.97818, -1.74332, -1.94322, -2.70465, 4.453, 0.06081, 1.17076, 2.67368, -0.86741, -3.0965, 7.50662, 0.07709, 5.77303, -0.79293, 11.21727, 7.29853, -7.1312]"
42,sub11,supMAE,0,sub11-b2__0072__walk.npy,20,walk,17,0.9522369,0,"[2.5341, -9.38866, -4.0974, -1.58121, 1.06241, 2.57715, -2.29353, -2.22287, -3.37565, 6.67498, 1.42277, 2.12238, 1.6578, 0.45616, -6.16512, 4.47198, 1.1277, 10.2077, -1.11406, 1.77074, 6.04553, -3.3182]"
42,sub11,supMAE,0,sub11-b2__0073__turnaround.npy,19,turnaround,17,0.76065284,0,"[-0.72588, -6.69689, -1.74335, -2.03798, -1.24835, 2.41252, -2.32454, -1.44129, -1.35563, 1.7271, -2.18481, 1.62425, 0.68693, -2.88925, -4.53127, 9.90106, -2.30568, 11.5992, 0.44384, 9.5201, 6.53865, -3.44223]"
42,sub11,supMAE,0,sub11-b2__0074__walk.npy,20,walk,17,0.6978556,0,"[-5.3177, -6.58669, 1.33894, -0.58209, -5.2004, 1.01124, -5.24959, 0.31876, 1.38382, -0.46182, -3.59972, 4.85801, 5.84419, -6.68168, -1.74072, 8.17717, -1.19277, 9.39905, -0.7339, 6.98861, 4.57816, -0.93939]"
42,sub11,supMAE,0,sub11-b2__0075__turnaround.npy,19,turnaround,19,0.96533436,1,"[-1.39185, -5.71586, -2.46517, -3.59688, -0.29271, 1.8807, -1.77356, -1.71335, -2.74153, 4.05939, -0.27909, 1.15329, 3.08678, -1.0091, -2.7161, 7.33828, 0.20026, 5.38152, -1.08297, 11.46484, 7.36088, -7.18021]"
42,sub11,supMAE,0,sub11-b2__0076__walk.npy,20,walk,17,0.95967627,0,"[2.78678, -9.00554, -4.38211, -1.64969, 1.35264, 2.84451, -2.36119, -1.97626, -3.53914, 6.42385, 1.60329, 2.22451, 1.07921, 0.53618, -6.05704, 4.36359, 1.59158, 10.09892, -1.20017, 1.65103, 5.55969, -3.5174]"
42,sub11,supMAE,0,sub11-b2__0077__turnaround.npy,19,turnaround,17,0.700198,0,"[-0.46219, -6.0954, -0.896, -2.06933, -2.08436, 1.97382, -2.95876, -1.02119, -0.92665, 0.43965, -2.25229, 2.02857, 0.87933, -3.74505, -3.69281, 10.0556, -2.34505, 11.32681, -0.30386, 9.38553, 5.77783, -2.78168]"
42,sub11,supMAE,0,sub11-b2__0078__walk.npy,20,walk,17,0.68348986,0,"[-5.29508, -6.76283, 1.66322, -0.59431, -5.26655, 0.67966, -5.1253, 0.16614, 1.51376, -0.62128, -3.90163, 4.626, 5.95884, -6.61317, -1.74717, 8.44735, -1.61447, 9.56599, -0.73642, 7.18345, 4.81829, -0.6674]"
42,sub11,supMAE,0,sub11-b2__0079__turnaround.npy,19,turnaround,19,0.94850385,1,"[0.06224, -5.9338, -2.97087, -3.77373, 0.45129, 2.2328, -1.13596, -2.03224, -3.70893, 4.81416, 0.73671, 1.05017, 1.37583, 0.07428, -3.09699, 6.95515, 0.14566, 6.0771, -1.10105, 10.93626, 7.25727, -7.65713]"
42,sub11,supMAE,0,sub11-b2__0080__walk.npy,20,walk,17,0.9747779,0,"[2.76423, -9.19885, -3.71675, -1.53979, 0.86964, 2.57074, -2.133, -2.21159, -3.31283, 6.05051, 1.24827, 2.05106, 1.25447, 0.50891, -6.20669, 4.80883, 0.69509, 10.55135, -1.07472, 2.01902, 5.95083, -3.204]"
42,sub11,supMAE,0,sub11-b2__0081__turnaround.npy,19,turnaround,17,0.77926874,0,"[-1.14151, -6.32821, -1.49106, -1.75646, -2.36336, 2.44035, -3.11992, -1.24306, -0.66459, 1.17965, -1.71777, 2.62289, 1.42421, -4.21052, -3.13058, 8.80697, -1.28004, 10.7463, 0.18601, 8.73393, 5.44891, -3.14808]"
42,sub11,supMAE,0,sub11-b2__0082__walk.npy,20,walk,17,0.72153133,0,"[-5.22613, -6.6878, 1.42621, -0.61355, -5.1574, 0.98297, -5.23515, 0.25729, 1.30947, -0.42424, -3.71624, 4.72547, 5.84426, -6.61583, -1.87657, 8.3267, -1.43274, 9.67932, -0.80848, 7.26399, 4.91089, -1.00753]"
42,sub11,supMAE,0,sub11-b2__0083__turnaround.npy,19,turnaround,19,0.9503444,1,"[-0.53093, -6.26438, -2.67643, -3.42238, -0.29193, 2.09271, -1.18132, -2.22721, -3.21943, 4.78437, 0.46973, 1.05335, 2.3969, -0.39248, -3.33608, 7.19779, -0.37708, 6.04851, -0.74372, 11.22738, 7.61096, -7.55988]"
42,sub11,supMAE,0,sub11-b2__0084__hop.npy,9,hop,17,0.79973906,0,"[2.15216, -9.57734, -4.78244, -1.09055, 2.70199, 2.29907, -2.07356, -2.89425, -3.72306, 8.07678, 1.51368, 1.74928, 1.18004, 1.57958, -6.73975, 4.05534, 1.57273, 9.64461, 0.04279, 2.09007, 6.25947, -3.98563]"
42,sub11,supMAE,0,sub11-b2__0085__hop.npy,9,hop,9,0.7241103,1,"[1.38098, -9.52257, -6.32201, -1.20567, 3.64833, 2.85287, -2.52604, -2.81417, -3.64979, 9.5273, 1.99503, 1.92418, 1.01116, 1.3043, -6.55868, 3.01041, 3.48967, 8.49001, 0.88702, 1.26645, 5.41704, -4.02463]"
42,sub11,supMAE,0,sub11-b2__0086__hop.npy,9,hop,9,0.79852515,1,"[1.53121, -9.60733, -6.62209, -0.64419, 4.12064, 3.21414, -2.67624, -2.73272, -4.08673, 9.7624, 1.86193, 1.99299, 0.5658, 1.60278, -6.20122, 2.74329, 4.27823, 8.29663, 0.77943, 0.95039, 5.1186, -4.51622]"
42,sub11,supMAE,0,sub11-b2__0087__hop.npy,9,hop,9,0.87605816,1,"[1.37221, -9.77817, -6.98255, -1.1471, 4.30975, 2.95531, -2.64648, -3.05493, -3.76323, 10.35909, 1.91339, 1.92625, 1.14634, 1.31076, -6.64463, 2.60423, 4.04157, 8.29127, 0.99821, 0.96754, 5.63239, -4.06328]"
42,sub11,supMAE,0,sub11-b2__0088__hop.npy,9,hop,9,0.9459775,1,"[1.21978, -9.61141, -7.31349, -1.42751, 4.77641, 3.10746, -2.4779, -2.65083, -4.20266, 10.6743, 2.21491, 2.34152, 0.76977, 1.3397, -5.91548, 1.96297, 5.36605, 7.58586, 1.10368, 0.60462, 4.62758, -4.52374]"
42,sub11,supMAE,0,sub11-b2__0089__hop.npy,9,hop,9,0.8209738,1,"[1.50048, -9.47184, -6.70134, -1.4202, 3.84828, 3.05389, -2.37815, -2.99383, -3.62943, 9.79682, 1.94848, 2.07545, 1.07629, 1.1331, -6.59252, 2.6598, 3.87229, 8.17535, 1.0642, 1.19016, 5.32397, -4.10752]"
42,sub11,supMAE,0,sub11-b2__0090__jump.npy,10,jump,17,0.9914699,0,"[3.88876, -8.49101, -2.81957, -0.84631, 0.86151, 2.18319, -1.68476, -1.89456, -3.95511, 4.12685, 1.03141, 2.12834, -0.41903, 1.0318, -5.42881, 5.24363, 0.18824, 10.91203, -1.65789, 1.89679, 4.91748, -2.55464]"
42,sub11,supMAE,0,sub11-b2__0091__jump.npy,10,jump,17,0.9913925,0,"[3.95039, -8.33181, -2.79336, -1.00469, 1.12664, 2.00555, -1.6062, -1.82697, -4.01151, 4.1954, 1.27155, 1.91906, -0.7443, 1.32742, -5.60247, 5.28353, 0.06227, 10.91335, -1.50123, 2.03652, 4.83884, -2.70307]"
42,sub11,supMAE,0,sub11-b2__0092__jump.npy,10,jump,17,0.9892407,0,"[3.88642, -8.61706, -2.70676, -1.02205, 1.19575, 1.95845, -1.54043, -1.97051, -4.13624, 4.54924, 1.32364, 1.69668, -0.37509, 1.61128, -5.77975, 5.17702, -0.07515, 10.80497, -1.46641, 2.13343, 5.19075, -2.86784]"
42,sub11,supMAE,0,sub11-b2__0093__jump.npy,10,jump,17,0.98886275,0,"[3.90037, -8.58288, -2.92807, -1.10281, 1.03071, 2.14538, -1.6329, -2.05868, -3.99093, 4.57969, 1.4451, 1.91027, -0.30513, 1.29983, -5.68392, 5.02247, 0.03531, 10.73537, -1.37455, 2.14064, 5.20141, -2.98491]"
42,sub11,supMAE,0,sub11-b2__0094__jump.npy,10,jump,17,0.9898179,0,"[3.85093, -8.53209, -2.8768, -1.28939, 1.05419, 2.05849, -1.51798, -2.00778, -3.94477, 4.48554, 1.39962, 1.84606, -0.48918, 1.26353, -5.63435, 5.2678, -0.05608, 10.84755, -1.28242, 2.21463, 5.09184, -2.83956]"
42,sub11,supMAE,0,sub11-b2__0095__jump.npy,10,jump,17,0.9874592,0,"[4.00259, -8.65822, -2.57422, -1.14535, 0.89054, 1.77919, -1.47289, -2.16734, -3.85771, 4.38161, 1.02254, 1.57004, -0.08679, 1.45604, -6.13983, 5.71585, -0.68195, 10.94467, -1.26955, 2.55833, 5.5031, -2.85607]"
42,sub11,supMAE,0,sub11-b2__0096__runonspot.npy,13,runonspot,5,0.7990844,0,"[1.23774, -7.58386, -5.05633, 2.26983, 2.25303, 10.09305, 0.24944, 5.07709, -11.67581, 5.14421, 1.99974, 1.75524, -1.56359, 5.92947, -7.97318, 1.46868, 4.65734, 8.55989, -0.12111, 0.818, 0.79747, -11.19183]"
42,sub11,supMAE,0,sub11-b2__0097__runonspot.npy,13,runonspot,13,0.50218046,1,"[2.68037, -8.76742, -2.03452, 3.14052, 3.53484, 1.48667, -1.54405, 1.36521, -8.16493, 4.56111, 2.3523, -0.14887, -0.84676, 7.4123, -5.33647, 3.84922, 1.65421, 7.2346, -0.3476, 2.08408, 1.81696, -7.59463]"
42,sub11,supMAE,0,sub11-b2__0098__runonspot.npy,13,runonspot,13,0.5658463,1,"[2.70731, -8.33867, -2.46985, 3.03303, 3.60635, 1.93236, -1.62138, 1.45216, -8.06123, 4.58727, 2.63017, -0.37277, -1.06365, 7.57689, -5.47581, 3.46899, 1.81189, 7.13082, -0.22356, 1.82176, 1.76209, -7.83027]"
42,sub11,supMAE,0,sub11-b2__0099__runonspot.npy,13,runonspot,13,0.5413651,1,"[2.52294, -8.23042, -2.31257, 2.83221, 3.40073, 2.15127, -1.02722, 2.64979, -8.84185, 4.20131, 2.87278, 0.77802, -1.45528, 7.05388, -4.45268, 3.10157, 2.75196, 6.64063, -0.05323, 1.63702, 0.3245, -8.57884]"
42,sub11,supMAE,0,sub11-b2__0100__runonspot.npy,13,runonspot,17,0.5339466,0,"[2.52721, -8.86833, -2.53982, 2.55576, 3.53392, 1.81325, -1.47902, 1.27513, -7.84645, 5.06243, 2.29194, 0.04166, -0.43765, 6.91735, -5.82246, 3.65461, 1.76415, 7.31485, -0.09161, 2.14717, 2.14872, -7.63576]"
42,sub11,supMAE,0,sub11-b2__0101__runonspot.npy,13,runonspot,13,0.57153153,1,"[2.56973, -8.43761, -3.28361, 3.07954, 4.02122, 2.49086, -1.8204, 1.1424, -8.08682, 5.27219, 2.58413, -0.23048, -1.05804, 7.38933, -5.25925, 2.95078, 2.96356, 6.74409, -0.42185, 1.37258, 1.81148, -7.76553]"
42,sub11,supMAE,0,sub11-b2__0102__buttkicks.npy,4,buttkicks,16,0.6719525,0,"[3.40507, -6.54226, -7.43447, -0.46853, 7.94317, 3.31916, -1.63148, 0.20338, -7.29269, 6.27241, 1.51102, 2.22583, -4.07011, 3.91766, -1.86666, 2.45057, 8.95166, 5.65804, -2.06663, -1.18664, -0.60007, -4.37574]"
42,sub11,supMAE,0,sub11-b2__0103__buttkicks.npy,4,buttkicks,16,0.668281,0,"[3.66836, -6.67838, -7.23455, -0.76037, 7.08571, 3.56789, -1.62019, 0.06689, -7.04422, 6.14152, 1.82379, 2.39557, -3.80712, 3.46252, -2.29379, 2.77188, 8.4133, 6.0746, -2.03194, -0.95523, -0.35782, -4.48105]"
42,sub11,supMAE,0,sub11-b2__0104__buttkicks.npy,4,buttkicks,16,0.62508947,0,"[3.89627, -6.45977, -6.87925, -0.94671, 7.29667, 3.4813, -1.13, 0.2806, -7.45731, 5.50756, 1.21601, 2.25663, -4.09819, 3.7775, -1.97902, 3.09941, 8.30653, 6.2977, -2.52383, -0.75834, -0.37916, -4.45392]"
42,sub11,supMAE,0,sub11-b2__0105__buttkicks.npy,4,buttkicks,16,0.5324272,0,"[3.39929, -7.09497, -7.85674, -1.11481, 7.40971, 3.97865, -1.64411, 0.1197, -6.85679, 6.79362, 0.992, 2.37216, -3.03866, 3.03347, -3.53071, 2.92773, 8.3364, 6.88764, -2.1383, -0.83428, 0.68645, -4.20878]"
42,sub11,supMAE,0,sub11-b2__0106__buttkicks.npy,4,buttkicks,16,0.67679155,0,"[3.41179, -6.81468, -7.53409, -1.17966, 7.38572, 3.75659, -1.58543, 0.16074, -7.12189, 6.32639, 1.43638, 2.65787, -3.4636, 3.01497, -2.20614, 2.65668, 8.69444, 6.30822, -2.17629, -0.57211, 0.10357, -4.72534]"
42,sub11,supMAE,0,sub11-b2__0107__airkick.npy,0,airkick,17,0.98620194,0,"[5.4845, -7.64109, -1.85204, 0.06103, 3.24089, 1.86764, -0.99597, 0.31257, -6.7739, 2.46813, 0.77911, 1.6343, -2.76855, 4.28882, -5.3986, 5.36806, 0.62114, 10.68054, -2.40603, 2.3639, 2.61149, -4.445]"
42,sub11,supMAE,0,sub11-b2__0108__airkick.npy,0,airkick,17,0.9929195,0,"[5.17564, -8.54171, -0.54404, 0.51464, 1.21315, 1.2938, -0.81683, -0.16667, -6.22821, 1.78546, 0.75754, 2.27669, -1.96393, 3.27683, -4.35308, 5.58222, -0.65737, 11.23517, -1.67857, 3.04468, 3.03634, -4.39002]"
42,sub11,supMAE,0,sub11-b2__0109__airkick.npy,0,airkick,17,0.9918256,0,"[4.6335, -9.13344, -1.18169, 1.91453, 0.60056, 3.06935, -0.86609, 1.13804, -7.70989, 2.58565, 1.94841, 2.95625, -1.75587, 3.5389, -4.80506, 4.72435, 7e-05, 10.67575, -0.39378, 3.07026, 2.29803, -7.64074]"
42,sub11,supMAE,0,sub11-b2__0110__airkick.npy,0,airkick,17,0.9971374,0,"[4.67511, -8.95886, 1.05185, -0.42988, -0.45264, 0.54742, -0.50574, -0.60865, -5.00812, 0.7245, -0.12849, 2.627, -1.14489, 1.94045, -4.66959, 6.816, -2.8969, 12.93579, -1.67362, 4.17319, 4.31999, -2.91278]"
42,sub11,supMAE,0,sub11-b2__0111__airkick.npy,0,airkick,17,0.9943509,0,"[4.09945, -9.52251, -0.91322, 1.55984, -0.36587, 3.20099, -0.38381, 1.16252, -7.80465, 2.50858, 2.45548, 3.92644, -1.17538, 2.70184, -4.60603, 4.46681, -0.77455, 10.97535, 0.34615, 3.79091, 2.64927, -8.63581]"
42,sub11,supMAE,0,sub11-b2__0112__sidekick.npy,14,sidekick,17,0.66296345,0,"[5.22948, -6.84967, -1.2527, 1.52878, 2.15075, 2.08162, -0.32274, 2.05031, -8.88002, 1.66609, 2.4056, 1.17071, -2.02389, 6.08701, -2.36344, 2.67211, 2.25882, 7.2384, -2.67129, 1.63213, 0.5526, -7.54099]"
42,sub11,supMAE,0,sub11-b2__0113__sidekick.npy,14,sidekick,17,0.89861906,0,"[6.55752, -6.64553, -2.28226, -1.09221, 1.13716, 2.36206, -0.0148, -0.60384, -6.41002, 2.14674, 1.11577, 2.9355, -1.66168, 1.90895, -1.96308, 2.78019, 2.40601, 8.86592, -3.53155, 1.24943, 2.39621, -4.64525]"
42,sub11,supMAE,0,sub11-b2__0114__sidekick.npy,14,sidekick,17,0.9423144,0,"[6.18826, -6.6034, -2.28867, -1.55359, 0.75146, 2.40821, 0.15939, -0.74941, -5.98046, 1.95743, 1.02815, 2.95528, -1.55029, 1.41701, -1.88365, 3.10394, 2.00988, 9.16425, -3.34088, 1.57804, 2.65265, -4.35573]"
42,sub11,supMAE,0,sub11-b2__0115__sidekick.npy,14,sidekick,17,0.9646429,0,"[5.57485, -6.97288, -2.76186, -1.63574, 0.62146, 2.405, -0.30379, -1.16913, -5.29122, 2.86569, 1.30276, 3.05282, -0.91861, 0.86643, -2.39201, 2.95418, 1.96488, 9.24918, -2.7839, 1.68404, 3.2587, -4.39563]"
42,sub11,supMAE,0,sub11-b2__0116__sidekick.npy,14,sidekick,17,0.9649687,0,"[6.06936, -7.15909, -2.25633, -1.00467, 0.45361, 2.24182, -0.29867, -1.36977, -5.48145, 2.6719, 1.16328, 2.6702, -0.84943, 1.39619, -3.11502, 3.25983, 0.99785, 9.63803, -3.09452, 1.51942, 3.73542, -4.05831]"
42,sub11,supMAE,0,sub11-b2__0117__crosstoe.npy,6,crosstoe,19,0.40203714,0,"[6.51829, -8.0191, 3.22452, -3.67821, -2.64475, 0.34984, 5.10803, -2.95181, -8.39886, 2.27038, 1.3151, 3.57496, 2.56091, 1.63979, -4.71181, 3.92917, -6.47887, 8.91412, -1.8199, 9.11967, 8.54873, -8.19076]"
42,sub11,supMAE,0,sub11-b2__0118__crosstoe.npy,6,crosstoe,19,0.593319,0,"[6.15126, -8.8961, 3.7943, -2.59526, -3.02139, 0.12368, 4.77415, -3.20702, -8.74809, 2.39367, 1.25325, 3.64154, 3.23027, 1.58433, -4.41614, 4.04144, -7.09701, 9.00551, -1.22125, 10.04271, 8.82984, -8.37208]"
42,sub11,supMAE,0,sub11-b2__0119__crosstoe.npy,6,crosstoe,19,0.6924131,0,"[6.18801, -8.42893, 4.27261, -2.82066, -3.06394, 0.30785, 5.09787, -2.70239, -9.28245, 1.83672, 1.03227, 3.51486, 3.15346, 2.06417, -4.34232, 3.98741, -7.19822, 8.82006, -1.88874, 10.35162, 8.74625, -8.71191]"
42,sub11,supMAE,0,sub11-b2__0120__crosstoe.npy,6,crosstoe,19,0.6160045,0,"[6.26998, -8.59914, 4.08642, -3.05502, -3.19789, 0.30646, 4.89466, -3.07971, -8.64521, 1.96309, 1.21004, 3.49065, 3.05618, 1.67919, -4.47573, 4.26445, -7.41299, 9.11316, -1.7479, 10.22116, 8.88057, -8.08944]"
42,sub11,supMAE,0,sub11-b2__0121__crosstoe.npy,6,crosstoe,19,0.5882797,0,"[6.60481, -8.55454, 4.68164, -3.75735, -3.99473, 0.23761, 5.21494, -3.03561, -8.75462, 1.65366, 1.71023, 4.28597, 3.54187, 1.22882, -3.63882, 3.17191, -7.71379, 8.72998, -1.77414, 9.92981, 8.85478, -8.52776]"
42,sub11,supMAE,0,sub11-b2__0122__throw.npy,18,throw,17,0.9975376,0,"[2.73134, -10.36902, -1.94024, 0.04559, 0.0787, 2.60451, -0.4429, 0.10445, -5.53324, 3.95934, -0.74409, 1.58202, 0.22303, 1.57016, -7.00904, 6.56742, -2.10324, 13.05844, 0.88168, 3.87341, 5.70007, -4.81152]"
42,sub11,supMAE,0,sub11-b2__0123__throw.npy,18,throw,17,0.9966363,0,"[2.50462, -10.31575, -2.70955, -0.01371, 0.17657, 2.89863, -0.75372, 0.02212, -5.02598, 4.04404, -0.82507, 1.60824, 0.21292, 1.13101, -6.89109, 6.70957, -1.87237, 12.8457, 1.5357, 4.13592, 5.6739, -5.27851]"
42,sub11,supMAE,0,sub11-b2__0124__throw.npy,18,throw,17,0.99669206,0,"[2.73615, -10.27004, -2.39739, -0.45398, -0.14693, 2.68138, -0.54028, -0.59251, -4.84393, 4.09968, -0.59219, 1.72803, 0.42147, 0.97778, -6.99708, 6.7717, -2.30212, 13.01132, 1.29365, 4.18457, 6.08534, -4.93381]"
42,sub11,supMAE,0,sub11-b2__0125__throw.npy,18,throw,17,0.9973884,0,"[1.89298, -10.35189, -2.97011, -0.8823, -0.34211, 3.03608, -0.85468, -0.09039, -4.56519, 4.51417, -0.87398, 1.8746, 1.19291, 0.54674, -6.83299, 5.52567, -1.38988, 12.71872, 1.7669, 3.5553, 6.10687, -5.13988]"
42,sub11,supMAE,0,sub11-b2__0126__throw.npy,18,throw,17,0.99784696,0,"[2.43077, -10.24322, -2.47063, -1.17904, -0.80805, 2.96669, -0.30335, -0.21846, -4.96908, 4.36801, -0.1376, 2.34727, 0.8327, 0.25294, -6.65365, 5.8479, -1.95471, 12.92017, 1.67884, 3.76304, 5.88405, -5.65269]"
42,sub11,supMAE,0,sub11-b2__0127__throw.npy,18,throw,17,0.9980374,0,"[1.12203, -10.17082, -2.20221, -0.16999, -0.45453, 3.33189, -0.40483, 1.67282, -5.61663, 3.86069, -1.01849, 1.67031, 1.06608, 1.20167, -6.90262, 5.56503, -1.3341, 12.57816, 1.36792, 3.5694, 5.14562, -5.22009]"
42,sub11,supMAE,0,sub11-c__0001__sit.npy,15,sit,15,0.9981554,1,"[0.6083, 1.33553, 3.77042, -0.13665, -1.47947, -2.67897, 3.36041, -1.93958, -3.40882, -3.6807, -7.98196, -3.80995, -3.31322, 4.36165, -4.02576, 15.13774, -6.73539, 8.53681, -1.19925, 7.38634, 4.134, -1.69835]"
42,sub11,supMAE,0,sub11-c__0002__stand.npy,17,stand,17,0.9992888,1,"[-1.97212, 2.50674, 5.28506, 3.07441, -2.70571, -0.74107, 1.15708, 0.56169, -2.12883, -5.69709, -9.54235, -1.92072, -6.4952, 1.60072, -1.76846, 9.45196, -6.18346, 16.72817, -3.13639, -0.38209, 4.17536, 4.06701]"
42,sub11,supMAE,0,sub11-c__0003__turnaround.npy,19,turnaround,19,0.9951206,1,"[3.06691, 2.92569, -1.21422, -6.97881, -2.61727, -2.83992, 4.58084, -8.86127, 0.64227, 0.94895, 2.85206, -2.90355, 0.93688, -0.79516, 0.4826, 1.39962, -8.5558, -3.44163, 10.75338, 16.11846, 7.64753, -9.90158]"
42,sub11,supMAE,0,sub11-c__0004__sit.npy,15,sit,15,0.99993634,1,"[1.66229, 3.65492, 2.14185, -1.19362, -1.00487, -4.41838, 3.4561, -1.74655, -2.01684, -2.97967, -5.90167, -3.67088, -2.99603, 4.16534, -2.91173, 15.4387, -6.14128, 2.99324, 1.2162, 5.00347, -0.10899, -1.35393]"
42,sub11,supMAE,0,sub11-c__0005__stand.npy,17,stand,17,0.9994054,1,"[-1.4499, 1.63385, 5.06084, 3.20066, -2.16012, -0.1855, 2.47815, 0.73243, -3.84882, -5.31665, -10.0213, -1.71544, -5.94546, 2.86419, -2.06033, 8.94537, -5.97119, 16.41264, -3.4724, -0.38842, 4.23795, 3.19369]"
42,sub11,supMAE,0,sub11-c__0006__turnaround.npy,19,turnaround,19,0.9957463,1,"[2.84887, 1.52134, -1.10074, -7.08358, -1.79367, -3.60852, 4.93917, -8.66647, -0.43252, 2.55023, 2.19572, -3.15877, 1.28994, 0.50776, -0.85769, 2.59811, -8.73069, -2.66751, 10.47793, 16.08081, 8.59938, -10.22154]"
42,sub11,supMAE,0,sub11-c__0007__sit.npy,15,sit,15,0.9997309,1,"[2.14883, 4.98978, 2.00762, -1.03031, -1.04955, -4.42091, 3.90805, -1.84403, -2.03147, -3.31034, -6.1294, -3.3419, -3.38991, 4.25705, -2.22068, 14.27526, -5.79218, 1.66187, 1.48685, 4.87757, -0.60913, -1.60438]"
42,sub11,supMAE,0,sub11-c__0008__stand.npy,17,stand,17,0.9989035,1,"[-2.02111, 1.88185, 5.60857, 4.00822, -2.98936, -0.30512, 3.41145, 0.83659, -3.79537, -5.93624, -10.65042, -1.49181, -5.9597, 2.62271, -1.88537, 9.37064, -6.18071, 16.22283, -2.84904, -0.92958, 3.24856, 3.72564]"
42,sub11,supMAE,0,sub11-c__0009__turnaround.npy,19,turnaround,19,0.99151844,1,"[3.17857, 1.9952, -1.03212, -6.8069, -1.39973, -3.67906, 5.43989, -8.17611, -1.27734, 2.1534, 2.24887, -2.68911, 1.00392, 0.53279, -0.01594, 1.57713, -8.01696, -3.23703, 10.64497, 15.45139, 7.4053, -10.22319]"
42,sub11,supMAE,0,sub11-c__0010__sit.npy,15,sit,15,0.99987555,1,"[1.15442, 4.22582, 1.9516, -0.56407, -0.64283, -3.959, 3.89487, -1.71238, -2.49904, -3.46889, -6.09248, -3.82271, -3.81435, 4.64746, -2.89695, 15.2058, -6.18157, 2.87106, 1.56072, 5.49233, 0.07611, -1.66889]"
42,sub11,supMAE,0,sub11-c__0011__stand.npy,17,stand,17,0.99963295,1,"[-1.46009, 1.13982, 5.37461, 3.16705, -2.84925, 0.08029, 3.29725, 0.46911, -4.03029, -5.39902, -9.69154, -1.27827, -6.16302, 2.28842, -1.92392, 9.32491, -6.72947, 17.26727, -2.86391, -0.23509, 4.26467, 2.83858]"
42,sub11,supMAE,0,sub11-c__0012__turnaround.npy,19,turnaround,19,0.9875832,1,"[1.3342, 0.59936, -1.71773, -6.91739, -3.13278, -3.09969, 2.57908, -9.43999, 1.91038, 3.44373, 3.22394, -2.99175, 2.40437, -0.91693, -1.21064, 2.1835, -8.79532, -1.93467, 10.61418, 15.5464, 10.31466, -9.53241]"
42,sub11,supMAE,0,sub11-c__0013__sit.npy,15,sit,15,0.999956,1,"[0.72059, 3.67849, 1.80016, -0.61003, -0.17746, -3.78921, 3.07363, -1.11988, -2.64885, -2.94084, -6.50197, -3.98575, -3.51114, 4.60279, -3.9116, 16.06535, -5.52606, 3.99086, 1.11374, 5.24036, 0.12054, -1.645]"
42,sub11,supMAE,0,sub11-c__0014__stand.npy,17,stand,17,0.9993729,1,"[-1.64297, 1.71951, 5.41328, 3.40338, -2.53487, -0.26728, 2.97261, 0.5727, -3.89351, -5.71025, -10.2033, -1.59506, -6.13216, 2.54818, -1.90282, 9.26489, -6.30386, 16.67371, -3.12004, -0.33163, 4.01575, 3.23195]"
42,sub11,supMAE,0,sub11-c__0015__turnaround.npy,19,turnaround,19,0.9726159,1,"[2.53943, 0.77376, -2.48648, -6.90346, -2.37146, -2.24968, 1.26024, -10.09913, 2.22931, 4.04926, 3.8503, -3.93899, 1.61812, 0.1519, -1.96218, 1.9964, -8.37111, -1.66897, 9.47309, 15.16783, 11.46905, -9.88511]"
42,sub11,supMAE,0,sub11-c__0016__squat.npy,16,squat,16,0.9887378,1,"[-1.63458, -0.93378, -14.62147, -3.42098, 7.44817, 4.41214, -3.76505, -2.97186, -1.85203, 12.79661, 5.57136, 5.83498, 1.26847, -2.00354, 3.97259, -8.9335, 17.27923, -9.06984, 5.73331, -7.86913, -5.09405, -6.1044]"
42,sub11,supMAE,0,sub11-c__0017__squat.npy,16,squat,16,0.9979685,1,"[-1.72937, -0.41419, -13.80257, -3.05708, 6.9117, 4.58251, -3.39306, -2.41828, -2.02995, 11.22941, 5.18037, 6.49176, 0.17993, -2.36986, 5.34484, -9.20205, 17.45665, -8.30614, 5.13119, -8.27178, -5.9207, -5.46262]"
42,sub11,supMAE,0,sub11-c__0018__squat.npy,16,squat,16,0.99564004,1,"[-1.53598, -0.50312, -14.08004, -3.40101, 6.75333, 4.64939, -3.36668, -2.73285, -1.81309, 11.57314, 5.48738, 6.43191, 0.75608, -2.52233, 4.91974, -9.233, 17.02482, -8.55921, 5.56446, -8.1081, -5.55392, -5.72843]"
42,sub11,supMAE,0,sub11-c__0019__squat.npy,16,squat,16,0.9941638,1,"[-1.06645, -0.61599, -13.6883, -3.40369, 5.59375, 4.87903, -3.39551, -3.17073, -1.43883, 11.10464, 6.21338, 6.93615, 0.88393, -3.23366, 5.35959, -9.60815, 16.27813, -8.27045, 5.59947, -8.11866, -5.38186, -5.75814]"
42,sub11,supMAE,0,sub11-c__0020__squat.npy,16,squat,16,0.9957826,1,"[-1.32411, -0.60593, -13.96242, -3.19074, 5.93779, 5.1131, -3.33166, -2.80865, -1.59597, 11.13619, 5.87311, 6.88142, 0.66635, -3.08047, 5.02624, -9.42962, 16.63358, -8.12215, 5.6327, -8.30706, -5.60249, -5.61155]"
42,sub11,supMAE,0,sub11-c__0021__squat.npy,16,squat,16,0.99847263,1,"[-1.51191, -0.4636, -13.58254, -3.00942, 6.49098, 5.02172, -2.86335, -1.82746, -2.64863, 10.92967, 5.47703, 7.38004, 0.33998, -2.77357, 5.08621, -9.56488, 17.4638, -8.16054, 4.87614, -8.60248, -6.29509, -5.40563]"
42,sub11,supMAE,0,sub11-c__0022__pickup.npy,11,pickup,11,0.40296203,1,"[1.1017, -2.56424, 8.7939, -3.88748, -10.05736, -2.49451, 9.1027, 0.82757, -4.85702, -4.46159, 3.34852, 9.77865, 7.22179, -5.19961, 9.12441, -6.40601, -1.04356, -4.19049, 0.20683, -2.95683, -5.15326, -1.55372]"
42,sub11,supMAE,0,sub11-c__0023__pickup.npy,11,pickup,11,0.8487112,1,"[1.71468, -1.23827, 6.38513, -4.77515, -8.20628, -1.6708, 8.51227, 0.96365, -5.19309, -2.99593, 3.6026, 11.17277, 5.97561, -5.535, 8.80535, -7.68239, 1.95303, -4.94792, 0.31511, -4.55847, -6.21753, -1.97907]"
42,sub11,supMAE,0,sub11-c__0024__pickup.npy,11,pickup,6,0.4734835,0,"[0.85598, -2.89924, 9.92548, -4.49925, -10.22073, -3.63528, 10.66134, 0.43009, -4.97785, -4.60745, 1.48125, 9.209, 9.68958, -4.92779, 6.76056, -6.32839, -3.42161, -4.29271, 0.52971, -1.12059, -3.44239, -1.27127]"
42,sub11,supMAE,0,sub11-c__0025__pickup.npy,11,pickup,12,0.76682526,0,"[2.06957, -4.63511, 9.086, -6.18911, -10.63937, -4.36244, 9.67321, -2.87484, -2.05436, -3.74751, 1.02635, 6.31268, 11.33797, -5.80977, 5.44604, -4.74145, -7.37804, -2.87668, 1.52554, 2.0253, 1.00988, -0.28179]"
42,sub11,supMAE,0,sub11-c__0026__pickup.npy,11,pickup,12,0.59227854,0,"[2.01131, -3.97989, 9.57803, -6.27968, -10.79092, -4.24139, 10.08031, -1.97627, -2.62196, -4.15894, 0.72781, 6.88309, 10.95995, -5.91355, 5.67082, -5.12974, -6.84605, -2.56465, 1.11141, 1.76728, 0.41169, -0.75059]"
42,sub11,supMAE,0,sub11-c__0027__pushchair.npy,12,pushchair,12,0.97645015,1,"[2.81247, -3.50198, 2.50153, -7.16453, -12.05721, -0.84631, 1.53782, -7.75603, 5.83457, 0.70595, 5.99423, 2.15217, 11.17378, -7.37598, 2.43335, -5.63038, -8.09054, -2.88586, 4.17552, 2.67912, 6.73232, -1.2354]"
42,sub11,supMAE,0,sub11-c__0028__pushchair.npy,12,pushchair,20,0.76155573,0,"[3.62986, -2.43255, 1.72679, -7.59339, -11.94843, -0.40485, -1.31527, -10.45097, 8.79074, 1.30897, 6.32951, 0.2875, 8.97707, -7.04761, 1.99562, -3.94571, -9.94098, -1.29149, 4.25265, 5.32308, 10.80243, -2.73293]"
42,sub11,supMAE,0,sub11-c__0029__pushchair.npy,12,pushchair,12,0.94341487,1,"[3.02076, -3.52205, 1.8576, -7.64929, -11.86073, -0.81535, 0.79027, -8.54921, 6.76695, 1.43172, 6.51292, 2.21152, 10.91274, -7.86616, 2.73249, -5.63124, -8.04882, -2.7517, 4.43439, 2.94813, 7.36945, -1.76123]"
42,sub11,supMAE,0,sub11-c__0030__pushchair.npy,12,pushchair,20,0.5870882,0,"[2.75032, -2.90623, 0.63345, -7.8816, -11.63021, -0.48435, -1.16695, -10.46111, 9.23009, 2.41129, 5.88382, 0.54083, 9.89536, -7.50519, 1.11681, -3.64443, -9.23999, -1.60296, 5.13221, 4.7247, 10.6844, -2.25714]"
42,sub11,supMAE,0,sub11-c__0031__pushchair.npy,12,pushchair,12,0.6674286,1,"[3.15566, -2.89296, 1.2623, -8.01393, -11.96812, -0.81639, -0.13438, -9.66172, 8.40259, 1.68406, 6.12378, 1.27129, 10.18221, -7.85694, 2.34004, -4.7278, -8.74273, -2.21828, 4.8529, 3.75571, 8.99158, -1.84756]"
42,sub11,supMAE,0,sub11-c__0032__pushchair.npy,12,pushchair,20,0.6229364,0,"[2.79701, -2.89591, 0.778, -7.92532, -11.74047, -0.39902, -1.04635, -10.39345, 9.0104, 2.49665, 5.90872, 0.50409, 9.86835, -7.39152, 1.15926, -3.83503, -9.14862, -1.62463, 4.99177, 4.70591, 10.74769, -2.4222]"
42,sub11,supMAE,0,sub11-c__0033__sit.npy,15,sit,15,0.99978155,1,"[2.14994, 4.88334, 2.03314, -0.31163, -1.45186, -3.21054, 4.27782, -0.45445, -3.66704, -3.56034, -5.84301, -2.91798, -4.18002, 4.41188, -2.04139, 14.26811, -4.54536, 3.07047, 0.5219, 2.72522, -2.18741, -1.83885]"
42,sub11,supMAE,0,sub11-c__0034__stand.npy,17,stand,17,0.999469,1,"[-1.48215, 2.0446, 6.16927, 3.41617, -3.46874, -0.83419, 2.67455, 0.67481, -2.99371, -6.4225, -9.62842, -2.09427, -6.20961, 2.49977, -0.86633, 8.74842, -6.58592, 16.38937, -3.63034, -1.425, 3.13223, 4.59224]"
42,sub11,supMAE,0,sub11-c__0035__turnaround.npy,19,turnaround,19,0.9952592,1,"[3.47647, 2.01435, -1.69051, -7.46302, -1.94457, -2.46054, 3.89383, -9.40591, 0.68037, 2.38089, 3.28521, -3.7951, 0.53471, 0.31287, -0.97023, 1.78993, -8.85895, -2.24301, 10.07589, 15.86839, 9.4885, -10.012]"
42,sub11,supMAE,0,sub11-c__0036__sit.npy,15,sit,15,0.9999068,1,"[1.55488, 4.38031, 2.19134, 0.02356, -0.69418, -3.36078, 4.3971, -0.81439, -3.5752, -3.91422, -6.74795, -3.65673, -4.45526, 5.15825, -2.7311, 15.33973, -5.25191, 3.39326, 0.81828, 3.79372, -1.4826, -1.23381]"
42,sub11,supMAE,0,sub11-c__0037__stand.npy,17,stand,17,0.9994012,1,"[-2.32519, 1.38839, 5.98325, 4.35694, -2.61566, -0.4692, 2.75449, 1.17775, -3.95288, -5.92626, -10.57348, -1.99814, -5.54399, 3.41845, -2.20215, 9.05223, -6.15421, 16.54105, -3.56744, -0.99345, 3.43909, 3.86462]"
42,sub11,supMAE,0,sub11-c__0038__turnaround.npy,19,turnaround,19,0.99781185,1,"[2.4716, 2.79089, -0.68576, -7.44875, -2.30916, -2.88909, 5.53333, -8.14227, -0.0106, 0.30657, 1.70266, -2.92554, 1.16442, -0.3163, 0.25986, 2.00539, -8.32572, -3.56526, 10.27888, 16.45116, 7.07775, -9.35918]"
42,sub11,supMAE,0,sub11-c__0039__sit.npy,15,sit,15,0.9999131,1,"[0.71825, 3.98293, 2.05603, -0.79591, -1.03748, -2.87298, 5.02363, -0.47576, -3.78474, -3.63425, -5.85554, -3.28412, -3.91503, 4.46307, -2.72136, 15.40391, -5.51951, 3.63997, 1.1554, 4.38145, -1.48182, -1.90506]"
42,sub11,supMAE,0,sub11-c__0040__sit.npy,15,sit,17,0.999511,0,"[-1.52667, 2.21018, 5.04491, 3.1909, -3.02312, 0.66748, 2.88927, 1.17934, -4.07168, -5.88066, -9.12555, -1.18226, -6.72598, 1.8908, -2.20714, 9.17017, -6.36735, 16.82032, -3.36995, -0.58709, 3.29444, 3.02423]"
42,sub11,supMAE,0,sub11-c__0041__turnaround.npy,19,turnaround,19,0.98920536,1,"[1.31896, 0.44398, -1.94163, -6.80839, -2.72528, -2.96664, 1.84368, -9.3896, 2.10296, 3.76329, 2.84534, -3.47844, 2.43002, -0.56167, -1.93346, 2.79704, -8.50205, -1.57177, 10.04237, 15.70238, 10.7979, -9.50197]"
42,sub11,supMAE,0,sub11-c__0042__sit.npy,15,sit,15,0.999874,1,"[1.37537, 4.92012, 2.5382, -0.08532, -1.57554, -3.1826, 4.23029, -0.93699, -2.84765, -4.1732, -6.5463, -3.63899, -4.1494, 4.66148, -2.74842, 15.04375, -5.67216, 3.59047, 0.74402, 4.12165, -1.24139, -1.31647]"
42,sub11,supMAE,0,sub11-c__0043__stand.npy,17,stand,17,0.9995409,1,"[-1.77538, 1.99926, 5.52694, 3.32962, -3.60172, -0.16869, 2.42944, 0.86607, -2.88965, -6.14281, -9.02167, -1.35152, -6.6225, 1.36901, -1.92321, 9.4446, -6.78084, 17.16186, -3.0006, -1.12595, 3.02283, 4.33439]"
42,sub11,supMAE,0,sub11-c__0044__turnaround.npy,19,turnaround,19,0.9905585,1,"[1.36825, 1.15447, -1.81151, -6.95272, -2.48059, -3.0513, 2.53609, -9.28286, 1.83444, 3.40609, 2.54012, -3.72546, 1.99417, -0.22183, -1.78284, 2.61162, -8.44759, -1.87084, 10.21704, 15.6442, 10.36987, -9.46763]"
42,sub11,supMAE,0,sub11-c__0045__sit.npy,15,sit,15,0.9999125,1,"[0.95075, 4.68911, 2.40675, 0.46987, -1.27286, -2.46655, 3.85445, -0.09853, -3.37456, -4.45978, -6.38421, -3.56369, -5.00018, 4.73333, -3.65173, 15.54882, -5.74026, 4.98057, 0.48296, 4.11347, -0.98906, -1.25369]"
42,sub11,supMAE,0,sub11-c__0046__stand.npy,17,stand,17,0.99964714,1,"[-1.52699, 2.92682, 4.80441, 2.89379, -3.35899, 1.30257, 3.40039, 1.79789, -4.00583, -6.65317, -8.6528, -1.05419, -7.76445, 1.07498, -1.43887, 9.46349, -6.15794, 17.42999, -2.94361, -0.71519, 2.16178, 2.71839]"
42,sub11,supMAE,0,sub11-c__0047__turnaround.npy,19,turnaround,19,0.97962624,1,"[2.05242, 1.52666, -2.1253, -7.16909, -2.85807, -2.57481, 2.88152, -9.82794, 2.13806, 3.32698, 3.3499, -3.3363, 1.89031, -0.74073, -0.90653, 1.06711, -8.53001, -2.4181, 10.7442, 15.12169, 10.31951, -9.58776]"
42,sub11,supMAE,0,sub11-c__0048__sit.npy,15,sit,15,0.99916124,1,"[1.27655, 6.18473, 3.05152, 0.41764, -1.05095, -3.21967, 4.72635, 0.06859, -4.14542, -5.10249, -6.40459, -3.63495, -5.08525, 5.73909, -1.80593, 13.96567, -4.68443, 2.7644, -0.0429, 3.06089, -2.48151, -1.26232]"
42,sub11,supMAE,0,sub11-c__0049__stand.npy,17,stand,17,0.99902546,1,"[-1.16614, 2.36775, 5.27388, 3.20958, -2.47273, 0.00722, 2.89121, 0.92057, -4.11481, -6.01628, -9.68352, -1.86443, -6.83188, 2.82127, -1.98048, 9.54663, -6.07012, 16.50233, -3.6602, -0.5241, 3.5326, 3.11115]"
42,sub11,supMAE,0,sub11-c__0050__turnaround.npy,19,turnaround,19,0.99877506,1,"[4.33231, 1.53051, -0.59691, -6.81018, 0.14838, -3.09271, 6.2217, -7.53038, -3.31018, 1.83807, 1.88759, -3.56942, -1.10267, 2.64643, -1.75413, 3.46227, -8.80579, -0.59503, 8.73383, 15.86215, 7.87802, -10.3324]"
42,sub11,supMAE,0,sub11-c__0051__squat.npy,16,squat,16,0.99940753,1,"[-1.27273, -0.44628, -13.45436, -3.23782, 7.62429, 4.55059, -2.71418, -1.40908, -3.6719, 10.87231, 4.87579, 7.31602, 0.42573, -1.99031, 5.77651, -9.72621, 18.3791, -9.19013, 4.24465, -8.13068, -6.53136, -6.1137]"
42,sub11,supMAE,0,sub11-c__0052__squat.npy,16,squat,16,0.9908003,1,"[-1.67114, -0.72178, -13.85095, -3.07406, 7.86114, 4.37736, -3.17628, -2.51922, -2.37176, 12.25868, 5.54414, 6.07006, 0.31485, -1.46237, 3.71071, -9.20638, 16.95545, -8.35903, 5.69532, -8.19715, -5.6017, -5.8474]"
42,sub11,supMAE,0,sub11-c__0053__squat.npy,16,squat,16,0.9880167,1,"[-1.63551, -0.71621, -14.52703, -3.08076, 7.77533, 4.92974, -3.54575, -2.52115, -2.13576, 12.60961, 5.83827, 5.81577, 0.56781, -1.5859, 3.16503, -9.18024, 17.03387, -8.54049, 6.01625, -8.10165, -5.43155, -6.12982]"
42,sub11,supMAE,0,sub11-c__0054__squat.npy,16,squat,16,0.9901394,1,"[-1.50491, -0.93059, -13.87816, -3.14521, 7.17612, 4.69631, -3.42589, -2.74602, -1.96711, 12.10788, 5.81278, 6.38198, 0.54862, -2.05264, 3.81616, -9.35382, 16.73197, -8.09556, 5.73451, -8.17529, -5.37062, -5.83131]"
42,sub11,supMAE,0,sub11-c__0055__squat.npy,16,squat,16,0.99722314,1,"[-1.78867, -0.759, -13.55382, -2.71807, 7.68527, 4.78733, -3.07769, -1.53811, -3.01697, 11.66305, 5.5361, 6.61654, 0.18201, -1.58358, 3.90989, -9.42094, 17.57653, -8.31141, 5.11844, -8.52296, -6.33591, -5.70163]"
42,sub11,supMAE,0,sub11-c__0056__pickup.npy,11,pickup,2,0.42706978,0,"[2.22803, -4.18454, 10.41616, -6.14114, -11.0579, -4.19473, 9.76769, -2.25779, -2.56628, -4.74508, 0.87105, 6.15889, 10.18166, -5.59183, 6.06023, -4.5078, -7.62475, -1.66679, 0.4332, 1.98907, 0.96491, -0.23811]"
42,sub11,supMAE,0,sub11-c__0057__pickup.npy,11,pickup,2,0.44370627,0,"[2.06538, -3.76718, 10.58317, -6.20687, -10.96046, -4.24057, 10.42872, -1.70827, -2.98752, -5.07478, 0.90138, 6.05902, 9.59492, -5.14079, 6.26029, -4.45819, -7.57068, -1.65329, 0.35607, 1.81822, 0.37763, -0.23509]"
42,sub11,supMAE,0,sub11-c__0058__pickup.npy,11,pickup,12,0.3926206,0,"[1.71877, -3.99199, 10.39066, -5.90268, -11.01559, -4.2121, 10.16557, -1.71817, -2.77457, -4.82487, 0.70268, 6.36573, 10.55784, -5.45413, 5.93646, -4.82115, -7.30311, -2.0285, 0.55077, 1.78937, 0.39649, -0.35687]"
42,sub11,supMAE,0,sub11-c__0059__pickup.npy,11,pickup,12,0.45966944,0,"[1.65374, -3.76821, 9.9911, -6.28224, -11.04459, -4.27673, 10.37757, -1.62381, -2.47786, -4.71757, 0.33302, 6.73801, 10.75586, -5.88463, 5.73822, -4.86933, -7.13437, -2.07691, 0.87844, 1.87085, 0.28322, -0.37301]"
42,sub11,supMAE,0,sub11-c__0060__pickup.npy,11,pickup,2,0.4954777,0,"[1.91282, -4.16307, 10.60422, -5.42151, -11.25315, -3.81076, 9.82641, -1.6862, -2.9882, -4.94748, 1.14747, 5.72662, 9.99312, -4.97486, 5.77298, -4.41951, -7.62197, -1.75246, 0.24474, 1.80512, 0.54138, -0.3082]"
42,sub11,supMAE,0,sub11-c__0061__pickup.npy,11,pickup,2,0.4848296,0,"[1.67865, -3.79273, 10.86405, -6.21838, -10.74848, -4.36448, 10.56694, -1.07549, -3.32326, -5.24107, 0.27352, 5.97864, 9.68006, -4.84352, 5.69203, -4.02197, -7.43171, -1.54472, 0.09423, 1.95627, 0.18684, 0.07584]"
42,sub11,supMAE,0,sub11-c__0062__pushchair.npy,12,pushchair,12,0.9093628,1,"[2.49341, -4.04084, 1.65807, -7.14805, -11.7342, -0.20062, 0.68275, -8.33959, 6.56162, 1.64057, 6.20178, 1.47756, 10.81992, -7.21557, 1.22154, -4.69508, -8.75786, -1.84241, 4.44091, 3.36548, 8.19861, -1.44964]"
42,sub11,supMAE,0,sub11-c__0063__pushchair.npy,12,pushchair,20,0.73951304,0,"[2.76737, -3.48126, 1.26797, -7.48195, -11.57474, -0.46539, -1.23768, -10.25245, 8.84399, 2.15548, 5.62936, 0.16494, 9.72762, -6.99793, 0.75958, -3.08032, -9.98586, -0.78742, 4.79018, 5.37909, 11.14396, -2.29723]"
42,sub11,supMAE,0,sub11-c__0064__pushchair.npy,12,pushchair,20,0.9521407,0,"[2.338, -2.56601, 0.4558, -7.4895, -11.1095, -0.03742, -2.52547, -11.65142, 10.30437, 3.07761, 4.89028, -0.53128, 8.66931, -6.74518, -0.18637, -1.82244, -10.19824, -0.13283, 5.23397, 6.75511, 13.50643, -3.43288]"
42,sub11,supMAE,0,sub11-c__0065__pushchair.npy,12,pushchair,20,0.65476495,0,"[2.30601, -2.91619, -0.0732, -7.56345, -11.4838, 0.04715, -1.59701, -10.77936, 9.56962, 2.78009, 6.43357, 0.56018, 9.80422, -7.57168, 1.27692, -3.96619, -9.20972, -1.66078, 5.74768, 5.06918, 11.0612, -3.08869]"
42,sub11,supMAE,0,sub11-c__0066__pushchair.npy,12,pushchair,20,0.69012755,0,"[2.53793, -2.98407, 0.28157, -7.69327, -11.69456, 0.0989, -1.28789, -10.60433, 9.27751, 2.5803, 6.29075, 0.57459, 9.7155, -7.47526, 1.16, -3.93132, -9.34948, -1.44098, 5.3626, 4.95409, 11.04764, -2.82379]"
42,sub11,supMAE,0,sub11-c__0067__pushchair.npy,12,pushchair,20,0.80538225,0,"[2.39668, -1.94302, -0.80173, -7.56872, -11.11752, 0.37086, -3.19098, -11.61956, 10.7328, 3.35389, 6.7634, -0.39319, 8.51824, -7.02408, 0.70803, -3.1145, -9.15536, -1.53072, 5.78199, 5.64215, 12.28611, -3.8016]"
42,sub11,supMAE,0,sub11-c__0068__pushchair.npy,12,pushchair,20,0.86633444,0,"[2.39008, -1.79182, -0.93059, -7.71275, -10.79457, 0.37351, -3.69304, -11.86304, 11.03474, 3.76167, 6.51151, -0.82616, 8.13345, -6.77913, 0.17367, -2.51574, -9.18909, -1.20134, 5.64357, 6.10717, 12.97928, -3.94705]"
42,sub11,supMAE,0,sub11-c__0069__sit.npy,15,sit,15,0.99988365,1,"[0.75573, 4.57449, 2.42542, -0.27309, -1.75641, -2.85973, 4.0567, -0.31247, -3.19739, -3.72015, -6.55595, -2.98875, -3.73587, 3.93231, -2.37456, 14.79522, -4.9782, 4.15457, 0.57001, 3.12203, -1.39962, -1.37592]"
42,sub11,supMAE,0,sub11-c__0070__stand.npy,17,stand,17,0.99948704,1,"[-1.8684, 2.76506, 6.17522, 3.53639, -3.5795, -0.42724, 2.82611, 1.27573, -3.25298, -6.8795, -9.39484, -1.74911, -6.61515, 1.908, -0.39347, 8.6602, -6.29657, 16.34015, -3.35486, -1.77776, 2.11473, 4.27132]"
42,sub11,supMAE,0,sub11-c__0071__turnaround.npy,19,turnaround,19,0.99309325,1,"[2.4535, 1.74618, -1.36068, -7.19735, -1.62772, -2.89515, 5.0584, -8.70844, -0.18007, 2.2041, 2.88983, -3.11985, 0.87955, 0.28063, -0.31046, 1.7193, -8.60301, -2.66236, 10.83281, 15.87762, 8.2463, -10.09984]"
42,sub11,supMAE,0,sub11-c__0072__sit.npy,15,sit,15,0.99998164,1,"[2.52715, 2.89682, 2.08299, -0.09746, -0.72399, -3.16193, 3.33416, -0.61512, -3.15558, -3.56763, -6.6995, -4.02973, -4.79313, 4.76403, -3.21962, 16.80008, -5.05747, 5.06938, -0.42622, 2.8783, -1.47654, 0.18417]"
42,sub11,supMAE,0,sub11-c__0073__stand.npy,17,stand,17,0.9987748,1,"[-1.90319, 2.40119, 6.00248, 4.1493, -2.75044, -0.0992, 4.04139, 1.62331, -5.20235, -6.55022, -10.33745, -2.04571, -6.50316, 3.77024, -0.91129, 9.08441, -5.71437, 15.85651, -3.90716, -1.45048, 2.2555, 3.43839]"
42,sub11,supMAE,0,sub11-c__0074__turnaround.npy,19,turnaround,19,0.9886595,1,"[2.62903, 1.87541, -1.51212, -7.06765, -2.13009, -2.90905, 3.95527, -9.21233, 0.71729, 2.6336, 3.09495, -3.51406, 1.18565, 0.15715, -0.90218, 1.41033, -8.63006, -2.42658, 10.5547, 15.26118, 9.23127, -9.79001]"
42,sub11,supMAE,0,sub11-c__0075__sit.npy,15,sit,15,0.99995506,1,"[1.36627, 4.19568, 2.35564, -0.02612, -1.6163, -2.79519, 4.33936, -0.33059, -3.23398, -4.25174, -6.28939, -3.27496, -4.99729, 4.02815, -2.69345, 15.96731, -5.60143, 4.87552, 0.94693, 3.58275, -1.77337, -0.85725]"
42,sub11,supMAE,0,sub11-c__0076__stand.npy,17,stand,17,0.9995338,1,"[-1.89377, 1.41169, 5.04467, 3.84082, -2.57998, 0.29633, 2.47262, 0.97939, -3.85986, -6.03664, -9.56834, -1.72903, -6.57718, 2.30456, -2.06238, 9.45136, -6.40526, 17.14695, -3.37794, -0.67184, 3.6921, 3.98567]"
42,sub11,supMAE,0,sub11-c__0077__turnaround.npy,19,turnaround,19,0.994296,1,"[2.75377, 2.17575, -1.51894, -6.94523, -2.12502, -2.62685, 4.20001, -8.87182, 0.47012, 1.99405, 2.85799, -3.48299, 0.90048, 0.06441, -0.81826, 1.89966, -8.61254, -2.6083, 10.51335, 15.81731, 8.61837, -9.85684]"
42,sub11,supMAE,0,sub11-c__0078__sit.npy,15,sit,15,0.99928707,1,"[-0.21191, 6.51195, 3.15603, 0.30851, -2.40703, -2.80508, 5.53042, 0.61806, -3.48846, -5.97651, -7.30125, -2.84235, -4.79602, 3.82484, -0.45261, 14.19922, -4.55282, 3.39147, 0.78868, 2.70997, -3.2768, -0.76357]"
42,sub11,supMAE,0,sub11-c__0079__stand.npy,17,stand,17,0.9998311,1,"[-1.74042, 3.24212, 5.64431, 2.91552, -3.92774, 0.75302, 3.23921, 1.59571, -3.47859, -7.15179, -8.3527, -1.26384, -7.1537, 1.11914, 0.38852, 7.62192, -5.89034, 16.49192, -3.53546, -1.90698, 1.74769, 3.72718]"
42,sub11,supMAE,0,sub11-c__0080__turnaround.npy,19,turnaround,19,0.9670455,1,"[2.39945, 2.16525, -2.18652, -7.26017, -3.25929, -2.78941, 2.75405, -9.91174, 2.57487, 2.93866, 3.2412, -3.39198, 1.78831, -1.01133, -0.67285, 0.93488, -8.35376, -2.78932, 10.83149, 14.54646, 9.90792, -9.16596]"
42,sub11,supMAE,0,sub11-c__0081__sit.npy,15,sit,15,0.9998853,1,"[1.76528, 4.9285, 3.12937, 0.96483, -0.3622, -2.83361, 5.27621, 1.0313, -5.56108, -5.74546, -7.06261, -3.40752, -5.65652, 5.99133, -2.23678, 15.78812, -4.20729, 3.75817, -1.21343, 2.5022, -3.7727, -0.61164]"
42,sub11,supMAE,0,sub11-c__0082__stand.npy,17,stand,17,0.9993993,1,"[-2.068, 0.9535, 5.87969, 3.64915, -2.98156, 0.19747, 3.64077, 1.2568, -4.69317, -6.32743, -9.88866, -1.41286, -6.34482, 2.37135, -1.81931, 9.90896, -6.77773, 17.35163, -3.47264, -0.71932, 3.22763, 3.79301]"
42,sub11,supMAE,0,sub11-c__0083__turnaround.npy,19,turnaround,19,0.9943342,1,"[3.28944, 2.20373, -1.73116, -7.3338, -1.35089, -2.95498, 4.88929, -8.83921, -0.16075, 2.38312, 2.28847, -3.6698, 0.38144, 0.7473, -0.72117, 2.22321, -8.37757, -2.8567, 10.54502, 15.83356, 8.45069, -10.08559]"
42,sub11,supMAE,0,sub11-c__0084__squat.npy,16,squat,16,0.9869431,1,"[-1.47175, -1.68275, -14.14162, -3.65537, 7.71214, 4.10329, -3.39813, -2.87834, -2.40796, 13.19592, 5.38643, 6.31419, 1.81511, -1.83604, 3.69934, -8.98254, 17.52731, -9.10676, 5.17848, -7.86464, -4.86579, -6.175]"
42,sub11,supMAE,0,sub11-c__0085__squat.npy,16,squat,16,0.99932086,1,"[-1.32739, -0.43421, -12.95319, -2.64004, 7.05149, 5.05072, -3.04807, -1.47497, -3.55099, 10.54387, 5.41256, 7.31038, -0.41199, -2.21207, 5.98802, -9.66789, 17.92558, -8.20122, 3.89326, -8.28857, -6.47262, -5.80974]"
42,sub11,supMAE,0,sub11-c__0086__squat.npy,16,squat,16,0.99906224,1,"[-1.22086, -0.4774, -13.47495, -2.711, 6.82464, 5.80444, -3.04728, -1.53624, -3.33775, 10.70242, 5.76079, 7.16757, -0.39091, -2.32471, 5.3733, -9.79228, 17.74186, -8.04066, 4.18025, -8.4711, -6.30299, -5.8628]"
42,sub11,supMAE,0,sub11-c__0087__squat.npy,16,squat,16,0.9993331,1,"[-1.32756, -0.50507, -13.49141, -2.46713, 6.76903, 6.08349, -3.00782, -1.18655, -3.55258, 10.51561, 5.6136, 7.26223, -0.51902, -2.35095, 5.38413, -9.71011, 17.91311, -7.89195, 4.06958, -8.52688, -6.48954, -5.82146]"
42,sub11,supMAE,0,sub11-c__0088__squat.npy,16,squat,16,0.9995857,1,"[-1.35774, -0.19677, -12.85883, -2.4835, 6.53271, 5.77828, -3.01927, -0.86583, -3.60923, 10.01475, 5.83454, 7.25158, -0.89743, -2.42723, 5.8732, -9.69296, 17.93522, -7.737, 3.5429, -8.74652, -6.87431, -5.32272]"
42,sub11,supMAE,0,sub11-c__0089__pickup.npy,11,pickup,2,0.6072415,0,"[3.03533, -5.11151, 9.77251, -5.49679, -11.93391, -3.77554, 6.53792, -4.10798, -0.22264, -4.05173, 2.61228, 3.28552, 9.21809, -4.93094, 6.09382, -3.27363, -9.28055, -0.46884, 0.64873, 3.52668, 3.61211, -0.92612]"
42,sub11,supMAE,0,sub11-c__0090__pickup.npy,11,pickup,2,0.8216409,0,"[1.89299, -4.10381, 11.28037, -5.57452, -11.86163, -4.28025, 8.15094, -1.90723, -1.8482, -5.29729, 1.71926, 4.34676, 9.475, -4.74962, 6.39308, -3.72034, -8.30325, -1.08039, -0.21376, 2.59596, 1.41462, -0.21251]"
42,sub11,supMAE,0,sub11-c__0091__pickup.npy,11,pickup,12,0.7420997,0,"[1.42316, -4.94167, 10.05219, -5.47446, -11.83159, -4.04858, 7.41532, -2.91519, -0.84825, -3.83244, 1.69803, 5.06763, 11.19665, -5.82922, 5.58327, -4.26895, -8.0079, -1.58607, 0.82794, 2.63636, 2.32348, -0.54484]"
42,sub11,supMAE,0,sub11-c__0092__pickup.npy,11,pickup,12,0.6356536,0,"[1.71813, -4.79783, 10.15711, -5.60039, -11.99067, -4.08316, 7.15922, -2.83664, -0.46109, -4.08181, 1.50089, 4.75347, 10.77771, -5.9429, 5.58729, -3.92715, -8.10008, -1.11285, 0.50955, 2.48304, 2.30042, 0.04933]"
42,sub11,supMAE,0,sub11-c__0093__pickup.npy,11,pickup,12,0.65949005,0,"[1.52274, -4.64004, 10.30311, -4.92719, -12.28862, -3.97219, 6.33889, -3.16523, -0.10877, -4.08992, 1.92636, 4.17663, 10.99451, -5.60185, 5.47509, -4.07014, -8.4414, -1.40294, 0.47892, 2.85318, 2.85501, -0.22102]"
42,sub11,supMAE,0,sub11-c__0094__pickup.npy,11,pickup,2,0.5972976,0,"[1.46439, -4.64994, 10.83027, -4.64396, -12.22618, -3.74274, 6.91773, -2.25545, -1.04958, -4.63164, 1.8004, 4.16478, 10.39513, -5.10984, 5.55945, -3.90186, -8.19763, -1.14934, -0.08573, 2.41342, 2.00532, 0.0764]"
42,sub11,supMAE,0,sub11-c__0095__pushchair.npy,12,pushchair,12,0.8116408,1,"[1.55366, -4.17047, 1.69871, -6.25914, -11.71773, 0.18454, -0.47402, -8.50787, 7.03211, 1.76537, 6.82506, 1.26667, 10.50162, -6.97133, 1.79699, -5.03407, -8.75729, -1.77508, 4.7001, 3.63327, 8.73437, -2.04687]"
42,sub11,supMAE,0,sub11-c__0096__pushchair.npy,12,pushchair,12,0.5775203,1,"[1.27476, -3.54265, 0.98371, -6.9571, -11.75346, -0.56456, -1.21785, -9.946, 9.33494, 2.18042, 5.36185, 1.05081, 10.95861, -7.79002, 1.56501, -3.81604, -9.0599, -1.61582, 5.28109, 4.55378, 10.31456, -1.93704]"
42,sub11,supMAE,0,sub11-c__0097__pushchair.npy,12,pushchair,20,0.48237604,0,"[2.11524, -3.45922, 0.18907, -7.23959, -11.85225, 0.10895, -1.61661, -10.16173, 9.53829, 2.56768, 5.78125, 1.06867, 10.18953, -8.07691, 1.4428, -3.92729, -8.84832, -1.11634, 5.31553, 4.34991, 10.55423, -2.24718]"
42,sub11,supMAE,0,sub11-c__0098__pushchair.npy,12,pushchair,12,0.98033583,1,"[2.20181, -3.42943, 1.86518, -7.01843, -12.13939, -0.68403, 1.31324, -8.05959, 6.39275, 1.30161, 6.00498, 2.66551, 11.57536, -7.96924, 2.62576, -5.66021, -7.70403, -2.998, 4.67604, 2.63705, 6.86588, -1.7666]"
42,sub11,supMAE,0,sub11-c__0099__pushchair.npy,12,pushchair,20,0.87351716,0,"[2.3463, -2.73751, 0.44429, -7.60822, -11.45156, -0.08788, -2.32763, -11.08941, 10.07546, 2.87388, 5.61911, -0.09786, 9.07591, -7.1585, 0.67168, -2.77018, -9.57235, -0.7439, 5.03113, 5.62144, 12.34376, -2.80117]"
42,sub11,supMAE,0,sub11-c__0100__pushchair.npy,12,pushchair,12,0.3914519,1,"[2.52373, -2.70322, 0.2079, -7.81406, -11.86675, -0.10693, -0.98246, -10.37484, 9.32204, 2.36758, 6.68066, 1.27201, 9.87583, -8.11386, 2.42205, -4.87492, -8.57112, -2.0762, 5.4412, 4.03112, 9.79463, -2.64288]"
42,sub11,supMAE,0,sub11-c__0101__pushchair.npy,12,pushchair,12,0.74759585,1,"[2.36329, -3.43671, 0.09185, -7.59514, -11.81791, 0.03386, -0.58089, -9.7764, 8.51891, 2.89029, 6.52631, 1.90366, 10.65336, -8.30946, 2.14198, -5.38632, -7.78375, -2.31144, 5.46513, 3.17875, 9.02335, -2.36673]"
42,sub11,supMAE,0,sub11-c__0102__sit.npy,15,sit,15,0.9998907,1,"[2.04599, 5.23578, 2.4792, 0.49438, -1.41516, -2.81873, 3.76611, 0.23482, -4.13797, -4.32346, -5.76367, -3.33563, -5.59222, 4.85962, -2.06074, 15.2585, -4.3356, 4.20957, -0.06664, 2.38014, -2.75412, -1.80982]"
42,sub11,supMAE,0,sub11-c__0103__stand.npy,17,stand,17,0.9994336,1,"[-1.47388, 3.08499, 4.92367, 2.53997, -2.51198, 0.78788, 3.52529, 1.29099, -4.6893, -5.94046, -8.81339, -1.77369, -6.97924, 2.54201, -0.98299, 8.62285, -5.6738, 16.14263, -3.50628, -0.30888, 2.96781, 1.56168]"
42,sub11,supMAE,0,sub11-c__0104__turnaround.npy,19,turnaround,19,0.98304856,1,"[2.37028, 1.40102, -1.83538, -7.16438, -2.31976, -2.67857, 3.96429, -9.53705, 1.06799, 2.96077, 3.17582, -3.40854, 1.37588, -0.13821, -0.48983, 1.57555, -8.63147, -2.74575, 10.91877, 15.16867, 9.34136, -9.6646]"
42,sub11,supMAE,0,sub11-c__0105__sit.npy,15,sit,15,0.99982494,1,"[1.34563, 5.40382, 2.91268, 1.25322, -0.60829, -3.36555, 3.5287, 0.35983, -4.16881, -4.84941, -6.91191, -3.92241, -5.25814, 5.87631, -2.48676, 15.18961, -4.24852, 3.57639, -0.3656, 2.62687, -2.54104, -0.81996]"
42,sub11,supMAE,0,sub11-c__0106__stand.npy,17,stand,17,0.9991937,1,"[-1.78796, 1.81354, 5.3519, 3.17755, -2.2884, -0.24994, 2.59536, 0.7356, -4.00954, -5.57792, -9.66736, -2.01317, -5.907, 2.94231, -1.83623, 9.05807, -6.26217, 16.22129, -3.57002, 0.02337, 4.11719, 2.89663]"
42,sub11,supMAE,0,sub11-c__0107__turnaround.npy,19,turnaround,19,0.99416345,1,"[2.39167, 2.64938, -1.09805, -6.88768, -2.24893, -3.00619, 4.82544, -8.47943, 0.5398, 0.92143, 2.12877, -2.98246, 0.84679, -0.63663, 0.29755, 1.9363, -8.35989, -2.96417, 10.96951, 16.13802, 7.40177, -9.4343]"
42,sub11,supMAE,0,sub11-c__0108__sit.npy,15,sit,15,0.99994004,1,"[1.12032, 2.80628, 1.00133, -0.99182, -0.00429, -4.04093, 1.89241, -2.05468, -1.24423, -1.39157, -6.15959, -4.21892, -2.91254, 4.41282, -4.72359, 15.46473, -5.85066, 4.09395, 1.5461, 4.8569, 1.62068, -1.12887]"
42,sub11,supMAE,0,sub11-c__0109__stand.npy,17,stand,17,0.9988741,1,"[-1.91884, 1.39541, 4.84673, 3.38582, -2.03556, -0.36408, 2.63809, 0.71014, -3.79254, -5.29236, -9.78349, -1.82743, -5.93138, 2.69283, -2.57478, 9.61111, -6.44277, 16.41732, -2.88523, 0.03241, 3.94752, 3.24201]"
42,sub11,supMAE,0,sub11-c__0110__turnaround.npy,19,turnaround,19,0.97437346,1,"[1.02976, -0.04237, -2.1887, -6.93203, -2.93449, -2.7193, 1.06469, -9.95967, 3.17784, 4.10072, 2.92426, -3.21934, 2.9408, -1.28403, -1.92304, 2.41663, -8.53958, -1.13455, 10.05305, 15.41928, 11.58424, -8.93026]"
42,sub11,supMAE,0,sub11-c__0111__sit.npy,15,sit,15,0.9998776,1,"[0.9009, 5.23859, 2.26985, 0.32121, -0.88672, -3.09535, 3.80943, -0.38414, -3.12073, -4.28012, -6.64104, -3.86853, -4.92713, 4.92234, -2.87531, 15.19744, -5.3581, 3.864, 0.89822, 3.95064, -1.33323, -1.12412]"
42,sub11,supMAE,0,sub11-c__0112__stand.npy,17,stand,17,0.99950206,1,"[-1.73004, 1.62855, 4.72444, 3.05019, -2.40469, 0.29791, 2.07138, 1.10135, -3.44923, -5.48816, -9.20446, -1.66482, -6.62155, 1.86699, -2.73159, 9.93108, -6.39333, 17.54659, -2.96506, -0.14746, 3.75206, 3.07969]"
42,sub11,supMAE,0,sub11-c__0113__turnaround.npy,19,turnaround,19,0.9977022,1,"[3.14926, 2.21415, -1.29497, -7.25967, -1.11183, -2.82935, 5.32995, -8.35154, -0.8197, 1.65023, 2.04361, -3.68668, 0.34098, 0.96073, -0.68981, 2.47964, -8.4896, -2.81133, 10.26845, 16.43993, 7.90014, -10.10377]"
42,sub11,supMAE,0,sub11-c__0114__sit.npy,15,sit,15,0.99987113,1,"[0.55311, 5.26276, 2.38948, 0.55268, -2.0258, -2.44492, 4.29063, 0.01914, -3.47452, -4.45546, -5.99342, -2.89052, -5.022, 3.95522, -2.60462, 15.05812, -5.28798, 4.42386, 1.11386, 3.23571, -2.11212, -1.45572]"
42,sub11,supMAE,0,sub11-c__0115__stand.npy,17,stand,17,0.9996488,1,"[-1.1273, 1.34219, 4.16861, 1.9019, -2.69926, 0.67819, 3.05817, 0.2591, -3.84973, -4.78372, -8.21839, -0.72183, -6.52635, 0.98867, -2.31127, 9.38007, -7.19155, 17.35357, -2.21819, 1.16355, 4.81047, 1.75444]"
42,sub11,supMAE,0,sub11-c__0116__turnaround.npy,19,turnaround,19,0.978324,1,"[2.6379, 0.958, -2.54967, -7.20349, -1.98568, -2.19675, 0.9572, -9.82524, 2.26241, 4.00074, 3.58969, -3.73351, 1.64724, -0.02403, -2.07472, 2.00583, -7.80527, -1.73604, 9.09548, 15.10919, 11.18076, -9.64754]"
42,sub11,supMAE,0,sub11-c__0117__squat.npy,16,squat,16,0.99302554,1,"[-0.94958, -0.78282, -13.74074, -3.662, 7.17747, 4.39418, -3.21214, -2.72723, -2.24371, 11.98645, 5.62393, 6.39332, 0.83986, -2.08398, 4.34215, -9.3842, 16.9606, -8.7447, 5.24387, -8.09106, -5.37667, -5.95981]"
42,sub11,supMAE,0,sub11-c__0118__squat.npy,16,squat,16,0.99684757,1,"[-1.38393, -0.57604, -13.78825, -3.06708, 6.66012, 4.96422, -3.1944, -2.63006, -2.12389, 11.20554, 5.7003, 6.95201, 0.49001, -2.53648, 5.20028, -9.69869, 16.9978, -8.38659, 5.45141, -8.0852, -5.72084, -6.02286]"
42,sub11,supMAE,0,sub11-c__0119__squat.npy,16,squat,16,0.9951113,1,"[-1.41849, -0.6892, -14.07061, -2.88818, 6.7717, 5.18322, -3.53374, -2.79155, -2.0527, 11.53989, 6.06411, 6.5264, 0.43452, -2.33541, 5.02638, -9.62223, 16.88063, -8.44804, 5.57253, -7.99222, -5.52111, -6.19784]"
42,sub11,supMAE,0,sub11-c__0120__squat.npy,16,squat,16,0.9978567,1,"[-1.5291, -0.47598, -14.10509, -2.93068, 6.80756, 5.37906, -3.33547, -2.15766, -2.46525, 11.33059, 5.84763, 6.98755, 0.3981, -2.49016, 5.08975, -9.81442, 17.50801, -8.54621, 5.20431, -8.10921, -5.93448, -6.18423]"
42,sub11,supMAE,0,sub11-c__0121__squat.npy,16,squat,16,0.99376255,1,"[-1.51578, -0.65482, -14.61046, -3.07883, 6.89956, 5.30527, -3.55277, -2.54346, -2.02099, 12.02374, 5.92107, 6.38161, 0.68096, -2.35393, 4.12359, -9.39435, 17.10983, -8.44192, 5.77802, -8.20261, -5.46892, -6.03594]"
42,sub11,supMAE,0,sub11-c__0122__pickup.npy,11,pickup,2,0.5563861,0,"[1.68064, -4.33672, 10.57802, -5.86715, -11.67039, -4.05068, 9.14324, -2.14911, -1.81164, -4.97016, 1.08554, 5.84119, 9.9469, -5.84591, 6.55187, -4.17475, -7.8315, -1.04887, 0.28785, 1.92499, 1.10101, 0.15876]"
42,sub11,supMAE,0,sub11-c__0123__pickup.npy,11,pickup,2,0.69350475,0,"[0.7585, -3.80484, 11.61041, -5.1442, -11.06968, -4.39495, 10.39809, -0.58559, -3.63698, -5.73804, 0.62646, 5.90296, 9.6072, -4.30128, 6.51224, -4.04273, -7.2816, -1.71788, -0.06456, 1.72924, -0.364, -0.44696]"
42,sub11,supMAE,0,sub11-c__0124__pickup.npy,11,pickup,12,0.46769452,0,"[1.28018, -4.51596, 10.50732, -5.35599, -11.53681, -4.01527, 8.64454, -2.07558, -1.807, -4.51375, 1.44099, 5.23179, 10.53409, -5.29395, 5.68855, -4.29101, -7.86979, -1.52212, 0.48956, 1.98521, 1.22992, -0.01585]"
42,sub11,supMAE,0,sub11-c__0125__pickup.npy,11,pickup,2,0.65842533,0,"[1.1951, -4.12216, 11.08172, -5.40816, -11.44008, -4.42546, 9.1556, -1.40422, -2.25112, -5.20288, 0.93403, 5.45175, 10.06244, -5.10075, 6.29925, -4.01382, -7.52406, -1.49076, 0.13681, 1.69866, 0.35775, 0.25618]"
42,sub11,supMAE,0,sub11-c__0126__pickup.npy,11,pickup,12,0.74273455,0,"[0.82293, -4.69634, 10.09844, -5.33906, -11.27333, -4.28497, 9.16478, -1.98686, -1.92129, -4.38097, 0.97181, 6.02585, 11.51098, -5.58124, 5.63408, -4.46717, -7.35892, -2.38642, 0.91604, 1.73438, 0.61229, 0.18468]"
42,sub11,supMAE,0,sub11-c__0127__pushchair.npy,12,pushchair,12,0.95153373,1,"[2.50296, -3.54539, 3.13198, -7.11947, -12.61827, -1.02029, 0.77556, -8.09789, 6.68113, 0.581, 6.56045, 2.44261, 10.82042, -8.01299, 3.88842, -5.63563, -8.04564, -2.57134, 3.87903, 2.9089, 6.77736, -1.5855]"
42,sub11,supMAE,0,sub11-c__0128__pushchair.npy,12,pushchair,12,0.64836705,1,"[1.77285, -3.05762, 0.11815, -7.13661, -12.10596, 0.25508, -0.99249, -9.6327, 8.85413, 2.38834, 7.25332, 1.68439, 10.26077, -8.29509, 2.32223, -5.34054, -8.04149, -2.31281, 5.59975, 3.21935, 8.81848, -2.27511]"
42,sub11,supMAE,0,sub11-c__0129__pushchair.npy,12,pushchair,12,0.7692937,1,"[1.47456, -3.11361, 0.4761, -7.16085, -12.13967, -0.10032, -0.97611, -9.70029, 8.87353, 2.49783, 6.98342, 1.80553, 10.84509, -8.2956, 2.52542, -5.41184, -7.84564, -2.75167, 5.49984, 3.33806, 8.83187, -2.31611]"
42,sub11,supMAE,0,sub11-c__0130__pushchair.npy,12,pushchair,12,0.8095987,1,"[1.96136, -3.31606, 0.66389, -7.13359, -12.30413, 0.10069, -0.82484, -9.37101, 8.42784, 2.46164, 6.9849, 2.09541, 10.67406, -8.47264, 2.763, -5.6185, -7.5278, -2.59123, 5.12803, 2.87089, 8.36144, -2.23305]"
42,sub11,supMAE,0,sub11-c__0131__pushchair.npy,12,pushchair,12,0.7343142,1,"[1.33983, -3.46903, 0.80053, -7.08642, -12.15843, -0.11539, -0.8881, -9.61356, 8.81063, 2.4227, 6.27862, 1.46239, 10.96266, -8.0333, 1.75528, -4.70527, -8.38303, -2.14626, 5.22612, 3.83877, 9.50075, -1.96427]"
