seed,subject,method,k,file,true_id,true_label,pred_id,conf,correct,logits
42,sub11,supMAE,3,sub11-a__0001__wave.npy,21,wave,21,0.94249976,1,"[-2.94236, 5.30374, 4.88664, 4.90418, -9.47063, -5.05914, -4.85989, 1.57065, 11.35324, -10.29972, -4.23611, 2.7434, -2.28731, -3.09052, -3.27772, 1.03553, -10.55762, 3.70614, -2.3923, -12.01412, -2.54655, 14.15621]"
42,sub11,supMAE,3,sub11-a__0002__wave.npy,21,wave,21,0.9827701,1,"[-2.60514, 4.1721, 5.04593, 5.57618, -9.01952, -4.36572, -4.55628, 2.31606, 9.87799, -10.1874, -4.55783, 2.65639, -2.4922, -1.84343, -3.26258, 0.99339, -10.30585, 3.57609, -2.57604, -11.81057, -2.07491, 13.94943]"
42,sub11,supMAE,3,sub11-a__0003__wave.npy,21,wave,21,0.98524624,1,"[-3.19928, 4.67576, 4.13741, 5.30162, -8.85395, -3.47603, -3.91985, 3.61084, 9.72923, -10.39362, -4.66686, 3.49913, -2.35371, -2.43206, -3.36118, 0.52579, -9.5437, 3.10419, -2.13397, -11.55383, -3.29175, 13.95793]"
42,sub11,supMAE,3,sub11-a__0004__wave.npy,21,wave,21,0.96508604,1,"[-2.37484, 5.10486, 5.01631, 4.0169, -9.59553, -5.21583, -4.51724, 1.32583, 10.79643, -9.74128, -4.1594, 3.4704, -1.79358, -3.52484, -3.07239, 1.11715, -10.37931, 3.53191, -2.94827, -11.87975, -2.51003, 14.12482]"
42,sub11,supMAE,3,sub11-a__0005__wave.npy,21,wave,21,0.9914172,1,"[-3.40613, 4.79602, 3.4309, 5.41841, -8.74393, -2.40443, -3.98979, 4.48217, 9.45106, -10.31372, -4.17298, 4.08336, -2.7196, -2.77287, -3.03169, 0.13625, -8.89592, 3.08599, -2.39471, -11.78081, -4.4777, 14.24266]"
42,sub11,supMAE,3,sub11-a__0006__wave.npy,21,wave,21,0.99087006,1,"[-3.18194, 5.19573, 3.61381, 4.78207, -9.23361, -2.90794, -3.45496, 3.63764, 9.96491, -10.35531, -4.34857, 4.34183, -2.40198, -3.41208, -3.15178, 0.40404, -9.60091, 3.39699, -2.67617, -11.95801, -4.41884, 14.67442]"
42,sub11,supMAE,3,sub11-a__0007__bow.npy,2,bow,2,0.9830903,1,"[-0.03452, 0.64999, 15.02213, -4.74622, -14.86188, -7.62608, -4.83661, -5.5151, 8.38505, -7.87041, -1.68945, 6.7881, 7.71339, -7.96036, 4.0264, -2.83661, -14.1797, -1.57127, 4.12343, 1.17488, 10.8169, -8.20995]"
42,sub11,supMAE,3,sub11-a__0008__bow.npy,2,bow,2,0.9966498,1,"[0.49509, 1.67397, 15.6441, -4.65135, -14.72669, -8.51855, -3.82248, -5.74259, 8.16371, -8.40926, -2.71112, 7.6697, 7.5159, -7.57501, 3.54891, -2.93302, -14.5101, -1.67912, 2.76177, 0.49477, 9.50116, -7.16009]"
42,sub11,supMAE,3,sub11-a__0009__bow.npy,2,bow,2,0.98690677,1,"[-0.54388, 0.50202, 14.8888, -4.53849, -14.71625, -6.77631, -4.02646, -5.06607, 7.75179, -8.01875, -1.82911, 7.64543, 7.99258, -7.89865, 4.26968, -3.44132, -13.89843, -2.02478, 4.57324, 1.40422, 10.34993, -8.76924]"
42,sub11,supMAE,3,sub11-a__0010__bow.npy,2,bow,2,0.9889714,1,"[-0.20629, 0.31903, 14.85053, -4.79422, -14.62976, -6.94146, -3.90773, -4.94852, 7.29404, -7.62117, -2.02137, 8.30176, 8.36359, -7.99482, 4.18475, -3.78192, -13.31031, -2.47478, 4.2191, 1.19291, 9.9741, -8.5947]"
42,sub11,supMAE,3,sub11-a__0011__bow.npy,2,bow,2,0.9892077,1,"[-0.08952, 0.52824, 14.76034, -4.82871, -14.70212, -7.12085, -4.05484, -5.10533, 7.5187, -7.4736, -1.786, 8.14341, 8.16003, -8.08319, 3.97273, -3.40368, -13.37216, -2.36687, 4.07125, 1.05202, 9.86091, -8.32125]"
42,sub11,supMAE,3,sub11-a__0012__crossarms.npy,5,crossarms,5,0.9995758,1,"[-5.65519, 2.44604, -4.03771, 6.15713, -6.26872, 17.65917, -2.96093, 9.84609, -1.70484, -5.32026, -2.43848, 4.9588, -0.51351, -4.04628, -1.98054, -4.6298, 5.61679, -0.83723, 3.39933, -4.61157, -6.59605, 0.05761]"
42,sub11,supMAE,3,sub11-a__0013__crossarms.npy,5,crossarms,5,0.9995522,1,"[-5.76124, 2.5988, -4.72446, 7.81683, -5.36839, 18.72661, -3.20563, 10.96972, -2.42419, -6.14027, -2.39486, 3.74184, -1.06745, -1.95928, -2.50192, -4.26624, 5.35281, -0.47106, 1.33509, -5.36302, -7.06865, 1.28993]"
42,sub11,supMAE,3,sub11-a__0015__crossarms.npy,5,crossarms,5,0.99975735,1,"[-6.11188, 2.19097, -5.18895, 6.43595, -5.53136, 19.21744, -1.70455, 10.87381, -2.74546, -6.11181, -2.35096, 4.50027, -1.10948, -2.88112, -2.54966, -4.09351, 5.74636, -0.58401, 3.43274, -3.99148, -7.35645, 0.30739]"
42,sub11,supMAE,3,sub11-a__0016__crossarms.npy,5,crossarms,5,0.9997899,1,"[-5.51727, 2.3778, -4.9365, 6.84757, -5.11146, 18.96243, -1.61591, 10.45945, -3.22834, -6.02841, -2.22929, 3.19411, -1.94719, -1.46864, -2.70713, -3.74369, 5.38538, -0.8942, 3.97454, -2.69204, -7.11552, -0.44116]"
42,sub11,supMAE,3,sub11-a__0017__airpunch.npy,1,airpunch,1,0.9408408,1,"[-2.17758, 13.38511, -1.20026, 10.3632, -4.60265, 8.98824, -1.9835, 6.06896, 1.068, -9.85986, -5.79894, -3.43269, -5.15532, 6.57501, -6.7216, -0.11096, -1.48339, 0.9129, -5.51719, -7.01312, -7.1513, 3.91475]"
42,sub11,supMAE,3,sub11-a__0019__airpunch.npy,1,airpunch,8,0.99898785,0,"[-5.42582, 8.86883, 6.78741, -1.36203, -13.71391, -6.16907, -9.31661, -2.12345, 15.93423, -9.68823, -0.438, -0.09397, 5.12444, -7.57416, -0.92401, -1.40324, -8.45266, 0.18784, 5.41075, -4.61744, 3.70251, -2.25962]"
42,sub11,supMAE,3,sub11-a__0020__airpunch.npy,1,airpunch,8,0.99985826,0,"[-5.47631, 7.39721, 7.68604, -1.72371, -14.40489, -6.78117, -10.60632, -3.81972, 17.36027, -9.30071, -0.23502, -0.66862, 5.6777, -8.30115, -0.40482, -0.72992, -9.2976, 1.23514, 5.74807, -4.83617, 6.19384, -2.57966]"
42,sub11,supMAE,3,sub11-a__0021__airpunch.npy,1,airpunch,8,0.99977404,0,"[-5.55491, 6.03168, 7.98239, -2.25418, -14.00351, -7.38503, -10.78795, -4.0663, 17.11628, -8.71798, -0.57069, -0.50011, 6.61178, -8.56494, 0.00352, -0.60877, -8.67908, 0.99155, 6.45227, -4.49013, 7.24724, -3.1459]"
42,sub11,supMAE,3,sub11-a__0022__drink.npy,7,drink,7,0.64075863,1,"[-7.12512, 0.16553, 1.20565, 8.49332, -7.76553, 5.44415, -6.88332, 9.18724, 5.41081, -9.23634, -0.27674, 0.27969, -1.21718, 2.15062, -1.60608, -2.53945, -3.95151, -0.9467, 4.77816, -4.69257, -1.43712, 1.77144]"
42,sub11,supMAE,3,sub11-a__0024__drink.npy,7,drink,7,0.70133394,1,"[-6.74503, -1.68013, 1.92605, 8.22644, -7.42825, 5.1627, -5.91012, 9.2245, 4.6182, -9.02814, -0.8509, 0.4245, -1.24307, 2.48113, -1.37102, -2.24439, -4.82831, -0.41819, 5.62009, -4.33346, -0.13874, 1.74957]"
42,sub11,supMAE,3,sub11-a__0025__drink.npy,7,drink,7,0.8089804,1,"[-6.84075, -1.55533, 1.89269, 7.92981, -7.57662, 5.07877, -5.63417, 9.56483, 4.70163, -9.23042, -1.05567, 0.81837, -1.13128, 2.23917, -1.50513, -2.18394, -4.82877, -0.4202, 5.66452, -4.42391, -0.50789, 1.94428]"
42,sub11,supMAE,3,sub11-a__0026__drink.npy,7,drink,7,0.77116615,1,"[-6.5833, -1.52959, 1.94784, 8.03729, -7.46868, 5.05536, -5.56416, 9.39437, 4.42003, -8.958, -1.07073, 0.97911, -1.29428, 2.25812, -1.38022, -2.24405, -4.74434, -0.47999, 5.31417, -4.48563, -0.53218, 2.06797]"
42,sub11,supMAE,3,sub11-a__0027__brushteeth.npy,3,brushteeth,3,0.8377527,1,"[-4.24623, 1.52893, 3.78418, 8.57464, -6.49882, 0.9891, -7.54966, 6.46405, 5.51167, -9.09162, -2.26707, -0.63217, -2.07852, 2.95671, -2.198, -0.75584, -5.4593, -0.46522, 1.08462, -5.22366, 0.76297, 4.07343]"
42,sub11,supMAE,3,sub11-a__0028__brushteeth.npy,3,brushteeth,7,0.5042099,0,"[-4.02128, -0.04546, 2.31083, 8.69674, -6.29084, 4.63323, -5.11106, 8.74627, 2.25341, -8.13862, -0.9636, 1.13351, -3.70789, 3.71643, -1.3872, -1.57714, -5.01945, -0.51958, 2.66706, -4.45796, -1.39251, 2.7093]"
42,sub11,supMAE,3,sub11-a__0030__brushteeth.npy,3,brushteeth,7,0.49814084,0,"[-3.57509, 1.18739, 2.45842, 8.66504, -6.56446, 4.30023, -5.08288, 8.68808, 2.40829, -8.37075, -1.34168, 1.70475, -4.26338, 3.43066, -1.50536, -1.41103, -5.14121, -0.26228, 1.46506, -5.18144, -2.44386, 3.61747]"
42,sub11,supMAE,3,sub11-a__0031__brushteeth.npy,3,brushteeth,3,0.6034142,1,"[-3.64033, 1.20603, 3.16288, 8.3092, -6.69557, 3.10789, -5.99496, 7.83967, 3.20324, -8.28276, -1.5419, 1.21997, -3.38666, 3.02618, -1.37559, -1.33616, -5.07681, -0.57283, 1.56634, -4.98753, -1.27659, 3.23048]"
42,sub11,supMAE,3,sub11-a__0032__highfive.npy,8,highfive,8,0.9630277,1,"[-5.3083, 6.05435, 5.39528, 2.89146, -12.30129, -3.83591, -5.29667, 2.90997, 12.84631, -11.45135, -3.10502, 4.89875, 0.52393, -5.6515, -2.29912, -0.83429, -9.80314, 2.01827, 0.13453, -10.03576, -3.1612, 9.52789]"
42,sub11,supMAE,3,sub11-a__0034__highfive.npy,8,highfive,8,0.9883641,1,"[-5.76581, 5.66601, 6.136, 3.50595, -11.07761, -5.05874, -5.45452, 1.86886, 13.09607, -11.58923, -4.32821, 2.9891, -0.30364, -4.37536, -2.34444, 0.61233, -9.50188, 1.78701, 1.24151, -8.68372, -1.44717, 8.49913]"
42,sub11,supMAE,3,sub11-a__0035__highfive.npy,8,highfive,21,0.7545219,0,"[-5.3601, 6.10703, 4.47331, 5.00124, -9.36909, -3.32803, -3.30163, 4.02917, 10.55319, -11.36348, -5.75386, 4.05694, -2.14617, -2.85145, -3.18825, 0.7816, -8.22668, 1.89624, -0.96479, -10.15188, -4.50689, 11.69696]"
42,sub11,supMAE,3,sub11-a__0036__highfive.npy,8,highfive,8,0.781856,1,"[-5.87806, 5.62232, 4.66441, 4.87679, -9.34988, -2.92811, -2.45565, 4.329, 10.27222, -11.83567, -5.97929, 3.62828, -2.17742, -2.52839, -2.93612, 1.10802, -8.19324, 1.2606, 1.83052, -8.05284, -3.92373, 8.91298]"
42,sub11,supMAE,3,sub11-a__0037__highfive.npy,8,highfive,8,0.99890673,1,"[-6.72966, 6.74345, 5.85796, 2.31422, -10.19481, -6.13695, -3.5591, 0.31523, 14.27303, -12.15361, -6.24946, 1.347, -0.2079, -5.19397, -2.58534, 2.59982, -8.88765, 1.4893, 4.88635, -5.41286, -0.6619, 5.89629]"
42,sub11,supMAE,3,sub11-a__0038__wave.npy,21,wave,21,0.8992722,1,"[-4.10555, 5.83646, 4.06382, 3.95386, -9.27182, -3.49979, -3.94402, 3.86114, 10.00893, -9.81138, -4.36281, 4.38433, -1.40373, -3.70887, -2.97493, -0.01225, -8.2752, 2.18168, -1.33652, -10.90945, -3.6461, 12.22434]"
42,sub11,supMAE,3,sub11-a__0039__wave.npy,21,wave,21,0.89133173,1,"[-5.4408, 5.41634, 2.79649, 3.39524, -9.16948, -2.50057, -4.13953, 5.14223, 10.52322, -9.66044, -4.63501, 5.85843, -0.14211, -5.49361, -2.49832, -1.17409, -6.21369, 1.67485, -0.55029, -11.2577, -4.94448, 12.64892]"
42,sub11,supMAE,3,sub11-a__0040__wave.npy,21,wave,21,0.97766715,1,"[-4.57213, 5.47757, 2.67298, 4.70951, -8.52154, -1.90962, -4.11994, 5.41991, 9.39714, -9.53135, -4.62503, 5.34837, -1.6406, -4.15146, -2.63943, -0.82688, -6.38162, 1.95765, -1.5858, -11.59772, -5.20961, 13.24122]"
42,sub11,supMAE,3,sub11-a__0043__bow.npy,2,bow,2,0.9764174,1,"[-1.05017, 1.16055, 14.39471, -5.32632, -14.96343, -7.53199, -5.74367, -5.37578, 9.19455, -7.17589, -1.67605, 7.42595, 8.61083, -9.32016, 4.1301, -2.83776, -12.20789, -1.90914, 4.06092, 0.62795, 10.16442, -8.00949]"
42,sub11,supMAE,3,sub11-a__0044__bow.npy,2,bow,2,0.9114567,1,"[-2.15176, -0.08114, 13.53517, -5.26692, -14.38464, -6.49847, -5.54301, -4.61317, 8.52312, -6.62888, -1.22524, 7.15152, 9.58299, -8.71439, 4.20522, -3.43786, -11.24556, -2.64491, 5.59262, 1.38981, 10.86347, -9.28705]"
42,sub11,supMAE,3,sub11-a__0046__bow.npy,2,bow,2,0.9413988,1,"[-1.49959, -0.29878, 13.53904, -5.25602, -14.4376, -6.07693, -5.47141, -4.48669, 7.91002, -6.31778, -1.14569, 8.31235, 9.24083, -9.45333, 4.6684, -4.03538, -10.97582, -2.75493, 5.38016, 1.16418, 10.30149, -8.93636]"
42,sub11,supMAE,3,sub11-a__0047__crossarms.npy,5,crossarms,5,0.9999844,1,"[-5.2654, 3.15922, -5.53602, 7.19671, -4.40183, 21.6411, -1.57545, 10.48446, -4.65168, -5.63998, -3.54962, 3.35449, -1.91668, -1.38662, -3.26821, -3.77682, 7.5711, -0.63769, 1.97119, -3.42242, -8.1321, 0.33572]"
42,sub11,supMAE,3,sub11-a__0048__crossarms.npy,5,crossarms,5,0.9999733,1,"[-5.94551, 2.86553, -5.03003, 7.11995, -5.29314, 20.84048, -3.06083, 10.19987, -3.26991, -5.37929, -2.94249, 3.71704, -1.34471, -2.54032, -2.93897, -4.39921, 7.52949, -0.59545, 2.46532, -4.24011, -7.42065, 0.23989]"
42,sub11,supMAE,3,sub11-a__0049__crossarms.npy,5,crossarms,5,0.9999738,1,"[-6.45133, 2.286, -5.34901, 5.9602, -5.19463, 21.0031, -2.21704, 10.35559, -3.49648, -5.12538, -3.1019, 4.1059, -0.69166, -3.2318, -2.77807, -4.15085, 7.93402, -0.98624, 3.52888, -3.20942, -7.23059, -0.417]"
42,sub11,supMAE,3,sub11-a__0050__crossarms.npy,5,crossarms,5,0.99998355,1,"[-6.33525, 2.62245, -5.61699, 6.20822, -5.14571, 21.55937, -2.16519, 10.43384, -3.68754, -5.00398, -3.06631, 4.44002, -1.1201, -3.30613, -2.88143, -4.30675, 8.06272, -0.61939, 2.89664, -3.97225, -7.77155, 0.29211]"
42,sub11,supMAE,3,sub11-a__0051__crossarms.npy,5,crossarms,5,0.9999876,1,"[-5.96651, 2.87659, -5.63785, 6.72724, -4.89914, 21.93532, -1.99718, 10.54012, -4.10509, -5.44288, -3.34296, 3.56696, -1.34378, -2.20529, -3.33807, -3.84762, 7.87653, -0.54605, 2.42714, -3.67546, -7.80891, 0.31438]"
42,sub11,supMAE,3,sub11-a__0052__crossarms.npy,5,crossarms,5,0.99997854,1,"[-5.50369, 3.16996, -5.58543, 6.24086, -5.19545, 21.21008, -1.77825, 10.39012, -4.0387, -5.22759, -2.85513, 4.19679, -1.61342, -2.67197, -2.91456, -4.09135, 7.44348, -0.58675, 2.8293, -3.53501, -8.13098, 0.07406]"
42,sub11,supMAE,3,sub11-a__0054__airpunch.npy,1,airpunch,1,0.999571,1,"[-5.30214, 16.34813, -0.48287, 7.24122, -9.70808, 7.31982, -5.53107, 2.25574, 7.72153, -9.14387, -4.82092, -1.19104, -0.47339, -1.94836, -6.37295, -1.67134, -0.18744, 1.52719, -4.88541, -11.0374, -7.1724, 5.40564]"
42,sub11,supMAE,3,sub11-a__0055__airpunch.npy,1,airpunch,1,0.99764913,1,"[-5.94596, 15.29449, 0.17063, 6.43079, -10.60271, 6.44354, -5.93895, 2.04972, 9.07629, -9.51294, -5.66381, -0.149, 1.28217, -3.84592, -6.67506, -1.44444, 0.03183, 1.82366, -4.2928, -11.55299, -6.38142, 5.78551]"
42,sub11,supMAE,3,sub11-a__0056__airpunch.npy,1,airpunch,1,0.9986866,1,"[-5.31502, 15.72983, -0.59263, 8.07657, -9.45489, 8.16349, -4.83657, 2.83274, 7.20634, -9.30572, -7.10579, 0.19037, -0.4132, -2.66459, -6.82637, -1.50654, 1.22291, 1.91125, -5.50007, -12.0999, -7.73741, 6.70144]"
42,sub11,supMAE,3,sub11-a__0057__airpunch.npy,1,airpunch,1,0.9955851,1,"[-5.74498, 14.96882, -0.74304, 7.85124, -10.22167, 9.11472, -5.6806, 2.85795, 7.38808, -9.10653, -6.01097, 0.29153, 0.0617, -3.31489, -6.31747, -1.85315, 1.27493, 2.01923, -5.37277, -12.38907, -7.66287, 6.61492]"
42,sub11,supMAE,3,sub11-a__0058__drink.npy,7,drink,18,0.9986791,0,"[-7.30142, -2.08984, 1.15194, 0.96745, -5.49551, 0.15665, 0.17672, 5.88903, 5.02222, -7.83158, -3.65868, 0.9867, 0.48535, -1.41151, -0.21172, -0.47771, -4.12766, -2.25889, 12.9173, 2.27982, 0.30125, -1.01085]"
42,sub11,supMAE,3,sub11-a__0059__drink.npy,7,drink,7,0.7938463,1,"[-5.85229, -0.62475, 2.66525, 7.50701, -7.79318, 4.02485, -5.60338, 9.00669, 4.7632, -9.25451, -1.62134, 1.91461, -1.55576, 1.27737, -1.23534, -1.96962, -5.1978, -0.38311, 4.37829, -4.83143, -0.76486, 2.86637]"
42,sub11,supMAE,3,sub11-a__0060__drink.npy,7,drink,7,0.75687826,1,"[-6.09653, -0.97965, 2.77062, 7.36299, -7.54999, 3.76422, -6.09792, 8.69073, 4.93207, -8.97184, -1.56497, 1.45622, -1.00786, 1.29265, -1.02274, -2.11761, -4.83407, -0.72609, 4.75534, -4.3552, 0.02115, 2.20147]"
42,sub11,supMAE,3,sub11-a__0062__drink.npy,7,drink,18,0.9145821,0,"[-6.99612, -1.65587, 0.01251, 3.89233, -4.37625, 2.83648, 0.66989, 8.94279, 4.09282, -9.05134, -4.95361, 1.24811, -1.6649, -0.37603, -1.5166, -0.73207, -3.26225, -1.06674, 11.33226, 0.24267, -1.82954, 1.99225]"
42,sub11,supMAE,3,sub11-a__0063__drink.npy,7,drink,7,0.7977835,1,"[-5.36528, -0.55306, 2.96583, 7.15259, -7.28735, 3.73084, -5.6983, 8.66824, 4.00276, -8.60458, -1.65285, 1.96084, -1.52115, 1.45301, -1.11594, -1.82352, -4.66961, -0.9318, 4.05553, -4.07645, -0.33265, 2.19829]"
42,sub11,supMAE,3,sub11-a__0064__brushteeth.npy,3,brushteeth,3,0.71601546,1,"[-4.276, -0.94621, 2.72506, 8.44229, -5.58891, 4.37573, -6.1832, 7.39811, 1.52066, -6.54978, -0.45136, -0.33164, -2.48387, 4.37026, -0.68655, -1.56495, -3.63882, -1.67102, 3.11045, -2.63345, 0.74851, 0.26721]"
42,sub11,supMAE,3,sub11-a__0065__brushteeth.npy,3,brushteeth,7,0.65300995,0,"[-4.31098, 0.26945, 2.29069, 8.04646, -6.59301, 4.83632, -5.209, 8.73985, 2.01356, -7.60523, -0.84303, 1.7819, -3.31968, 3.04926, -0.92028, -1.79508, -4.20473, -0.90596, 2.78618, -4.223, -1.7629, 1.96591]"
42,sub11,supMAE,3,sub11-a__0066__brushteeth.npy,3,brushteeth,3,0.54393667,1,"[-3.95476, 0.82942, 2.96432, 8.11722, -6.89101, 3.96608, -5.98671, 7.8939, 2.61322, -7.63384, -0.93135, 1.41317, -3.23436, 2.90991, -0.95068, -1.57493, -4.53485, -0.80435, 2.10186, -4.50753, -1.17949, 2.17186]"
42,sub11,supMAE,3,sub11-a__0067__brushteeth.npy,3,brushteeth,3,0.6799998,1,"[-4.10917, -0.03296, 3.15788, 8.32192, -6.61598, 3.83528, -6.31284, 7.49621, 2.64594, -7.43351, -0.58379, 0.80451, -2.87225, 3.26863, -0.7317, -1.76715, -4.84097, -0.96625, 2.52732, -4.03135, 0.03064, 1.74295]"
42,sub11,supMAE,3,sub11-a__0069__brushteeth.npy,3,brushteeth,3,0.561341,1,"[-4.38069, 0.12517, 2.96795, 8.14116, -6.79846, 3.97913, -6.23439, 7.84266, 2.90385, -7.67108, -0.79564, 1.21139, -2.68169, 2.80146, -0.78208, -1.91408, -4.58539, -0.96688, 2.66627, -4.2542, -0.42623, 1.93871]"
42,sub11,supMAE,3,sub11-a__0071__highfive.npy,8,highfive,8,0.99379635,1,"[-7.10267, 5.14907, 3.98402, 4.36155, -9.04446, -2.90932, -3.10359, 2.45815, 11.87431, -11.39341, -4.91695, 1.21209, -1.71458, -3.73499, -1.64677, 1.03547, -7.55547, 0.92212, 5.79105, -4.74333, -1.65625, 5.49371]"
42,sub11,supMAE,3,sub11-a__0072__highfive.npy,8,highfive,8,0.9979962,1,"[-7.55477, 6.46824, 4.23392, 3.71792, -9.3444, -4.90726, -4.14986, 1.25618, 13.61467, -11.12015, -5.45503, 1.14109, -0.20954, -4.51054, -2.57422, 1.5355, -6.93656, 0.79537, 4.4847, -6.34083, -1.44394, 6.66535]"
42,sub11,supMAE,3,sub11-a__0073__highfive.npy,8,highfive,8,0.9990796,1,"[-7.85865, 6.07817, 5.19208, 2.80039, -10.19999, -6.13612, -4.03341, 0.19356, 14.88147, -11.99784, -5.73727, 1.85757, 1.06873, -5.0953, -2.61927, 1.78915, -8.46492, 1.47494, 3.57543, -6.92096, -0.85088, 7.59339]"
42,sub11,supMAE,3,sub11-a__0074__highfive.npy,8,highfive,21,0.46753863,0,"[-5.97993, 6.78045, 3.04848, 5.11977, -8.32319, -1.54507, -1.36861, 6.26272, 8.62033, -11.43834, -6.45235, 4.33097, -2.69597, -2.09359, -2.96918, 0.32324, -6.41817, 0.76462, 1.84989, -7.98279, -5.73435, 8.75504]"
42,sub11,supMAE,3,sub11-a__0075__wave.npy,21,wave,8,0.53256565,0,"[-4.5241, 4.99229, 4.36361, 4.98878, -9.00579, -3.05071, -5.46341, 4.29254, 9.64023, -9.43748, -3.8957, 3.51882, -1.10665, -2.90129, -2.45981, -0.63721, -7.13973, 1.25329, 0.26495, -9.66412, -2.17856, 9.47313]"
42,sub11,supMAE,3,sub11-a__0076__wave.npy,21,wave,21,0.8898453,1,"[-4.81911, 4.79682, 2.80196, 4.77084, -8.26294, -0.75805, -4.22823, 6.46327, 8.09359, -9.32804, -4.45712, 5.55799, -1.22644, -3.67735, -2.14459, -1.38101, -5.37901, 0.6408, -0.38047, -9.47328, -4.41038, 10.48606]"
42,sub11,supMAE,3,sub11-a__0079__wave.npy,21,wave,21,0.52708894,1,"[-6.00299, 3.50848, 2.76286, 4.47486, -9.25581, -0.09576, -5.2167, 6.94195, 8.9784, -9.52765, -3.87094, 5.64975, 0.00843, -4.63006, -1.76119, -1.80276, -4.90801, 0.56335, 1.29999, -9.20745, -3.86571, 9.25626]"
42,sub11,supMAE,3,sub11-a__0080__wave.npy,21,wave,8,0.6081968,0,"[-5.04326, 4.04255, 3.93619, 4.78078, -8.85126, -1.85144, -5.54353, 5.48159, 9.25849, -9.65098, -3.66619, 4.33757, -0.82537, -3.5567, -1.93442, -1.23582, -6.48339, 0.68029, 1.33428, -8.64664, -2.3736, 8.73371]"
42,sub11,supMAE,3,sub11-a__0081__bow.npy,2,bow,2,0.9584089,1,"[-1.40628, -1.05788, 14.00505, -5.47043, -14.55655, -6.32523, -4.96981, -4.57001, 7.48851, -6.27673, -1.18108, 9.30687, 9.55824, -9.49543, 5.01581, -4.38789, -11.25128, -2.91837, 4.82092, 0.93649, 10.13509, -8.57622]"
42,sub11,supMAE,3,sub11-a__0082__bow.npy,2,bow,2,0.9072786,1,"[-1.87626, -0.98534, 13.03132, -4.85204, -13.81062, -5.48198, -5.42954, -4.24605, 7.13733, -5.35828, -0.36546, 8.20296, 8.97299, -8.99408, 5.09122, -4.27867, -10.34663, -3.2068, 5.78449, 1.32771, 10.41517, -9.23447]"
42,sub11,supMAE,3,sub11-a__0083__bow.npy,2,bow,2,0.9473751,1,"[-1.19139, -0.56141, 13.54363, -5.19608, -14.15101, -5.70507, -4.96819, -4.25638, 6.82326, -5.62024, -0.96737, 10.00206, 9.07958, -9.78438, 5.24714, -4.81774, -10.28444, -3.36019, 4.82267, 0.6984, 9.23425, -8.61668]"
42,sub11,supMAE,3,sub11-a__0084__bow.npy,2,bow,2,0.9420089,1,"[-1.28905, -0.80582, 13.50289, -4.98714, -14.13426, -5.35709, -4.71705, -4.09055, 6.64186, -5.79243, -1.02009, 10.15285, 9.01266, -9.68506, 5.28936, -5.04515, -10.40427, -3.31464, 5.07408, 0.75767, 9.21389, -8.68836]"
42,sub11,supMAE,3,sub11-a__0086__crossarms.npy,5,crossarms,5,0.9999858,1,"[-5.52759, 3.72052, -5.35067, 5.85589, -5.40357, 21.3326, -1.96561, 9.96356, -3.88651, -4.75752, -3.64047, 5.27079, -1.44334, -3.84528, -2.66518, -4.14524, 8.36241, -0.33447, 1.93459, -4.56377, -8.51913, 0.27361]"
42,sub11,supMAE,3,sub11-a__0087__crossarms.npy,5,crossarms,5,0.9999863,1,"[-5.68293, 3.67499, -5.99206, 6.37486, -4.44584, 22.07822, -2.03021, 10.66739, -4.50073, -4.76055, -3.9078, 4.63408, -1.49145, -2.94146, -3.06216, -4.08468, 9.2027, -0.48074, 1.09657, -4.65829, -8.8268, 0.86414]"
42,sub11,supMAE,3,sub11-a__0089__crossarms.npy,5,crossarms,5,0.99999034,1,"[-5.50079, 2.99328, -5.60039, 6.21815, -5.07007, 22.12233, -2.31307, 10.39813, -4.46978, -4.64686, -3.38928, 4.87336, -1.32444, -3.09642, -2.72956, -4.39442, 8.65399, -0.29842, 1.80727, -4.6351, -8.38908, 0.23047]"
42,sub11,supMAE,3,sub11-a__0090__crossarms.npy,5,crossarms,5,0.9999825,1,"[-5.44179, 2.95739, -5.13835, 6.73397, -5.14606, 21.43425, -3.13427, 10.31751, -3.97673, -4.63379, -3.2109, 4.44963, -1.33477, -3.02369, -2.6285, -4.43582, 8.42321, -0.5371, 1.65277, -4.70557, -7.77231, 0.16712]"
42,sub11,supMAE,3,sub11-a__0091__crossarms.npy,5,crossarms,1,0.9966744,0,"[-4.95849, 16.41744, 2.33152, 2.85833, -9.84096, -1.04535, -5.04162, -0.79564, 10.71355, -9.06371, -4.76171, -1.22347, 0.75961, -3.21279, -4.69505, 0.14463, -3.08815, -0.22587, -2.32922, -7.03304, -4.43202, 2.8651]"
42,sub11,supMAE,3,sub11-a__0092__airpunch.npy,1,airpunch,1,0.99944216,1,"[-5.98639, 16.13759, -0.99186, 6.41277, -9.46965, 7.60977, -5.48014, 2.10569, 7.97063, -8.75554, -5.15429, -0.96469, -0.17606, -3.21104, -5.82645, -0.85648, 1.00337, 1.02983, -4.35072, -9.99277, -7.15657, 5.02844]"
42,sub11,supMAE,3,sub11-a__0093__airpunch.npy,1,airpunch,1,0.9977842,1,"[-5.86459, 15.43179, -0.99517, 7.578, -9.38451, 8.95765, -5.854, 2.95805, 7.11109, -8.93537, -5.56511, -0.75734, -0.31844, -2.62346, -6.11334, -1.33284, 1.47177, 1.26231, -4.88337, -10.76636, -7.0527, 5.31642]"
42,sub11,supMAE,3,sub11-a__0094__airpunch.npy,1,airpunch,1,0.9973628,1,"[-5.38704, 16.05212, -1.93973, 6.51465, -9.05377, 10.07158, -3.67826, 2.94834, 5.83724, -8.9291, -4.68637, -0.95824, -1.09277, -2.07642, -5.75799, -1.12439, 0.51178, 0.90882, -4.19618, -8.50294, -7.75031, 3.92555]"
42,sub11,supMAE,3,sub11-a__0095__airpunch.npy,1,airpunch,1,0.99887735,1,"[-6.22331, 16.8321, -2.12258, 5.79605, -9.8791, 9.93767, -4.78813, 1.53091, 7.54391, -8.32292, -4.68948, -1.27943, 0.28019, -3.85586, -5.79785, -1.30153, 1.79476, 1.08182, -3.24907, -9.18228, -7.36475, 3.21312]"
42,sub11,supMAE,3,sub11-a__0096__airpunch.npy,1,airpunch,1,0.99882346,1,"[-5.80973, 17.05771, -2.69304, 5.88516, -9.72409, 10.26325, -3.79617, 2.46374, 6.61944, -8.23781, -5.24406, 0.42529, 0.21178, -4.0284, -6.14806, -1.71551, 2.19783, 1.37031, -5.4535, -11.02238, -9.24751, 5.84894]"
42,sub11,supMAE,3,sub11-a__0097__drink.npy,7,drink,7,0.767118,1,"[-4.87723, 0.54285, 3.90575, 6.62602, -7.92129, 2.21342, -5.51643, 8.18441, 5.29065, -9.98502, -2.56914, 2.1746, -1.71957, 0.71688, -1.626, -0.92783, -6.2919, -0.11319, 3.37609, -4.55464, -0.23742, 3.46778]"
42,sub11,supMAE,3,sub11-a__0098__drink.npy,7,drink,7,0.8175132,1,"[-4.95977, 0.95154, 3.105, 7.42902, -7.66612, 3.41739, -5.01869, 9.06853, 4.59871, -9.92928, -2.62426, 2.70604, -2.60088, 1.08089, -1.56423, -1.32231, -5.63694, -0.03605, 2.71409, -5.20347, -1.91299, 4.14966]"
42,sub11,supMAE,3,sub11-a__0099__drink.npy,7,drink,7,0.78711593,1,"[-4.97537, 0.92803, 3.63886, 6.91501, -7.66181, 2.42449, -5.23306, 8.49582, 5.16032, -9.94208, -2.76321, 2.71457, -1.98842, 0.64956, -1.40858, -1.41184, -5.93416, -0.26068, 2.9415, -4.88348, -1.10512, 3.96184]"
42,sub11,supMAE,3,sub11-a__0101__drink.npy,7,drink,7,0.8658661,1,"[-5.6601, 0.29945, 3.07332, 6.83454, -7.85091, 3.39364, -5.236, 8.97386, 4.97994, -9.68815, -2.1256, 2.69574, -1.63941, 0.60709, -1.24832, -1.7587, -5.39355, -0.45677, 4.03594, -4.57358, -1.18049, 3.01018]"
42,sub11,supMAE,3,sub11-a__0102__drink.npy,7,drink,7,0.87418896,1,"[-5.8401, -0.97496, 2.69296, 7.20561, -7.91355, 4.60013, -4.70591, 9.36897, 4.08131, -9.28558, -1.58945, 2.36676, -1.64254, 1.31955, -1.41426, -1.84187, -5.37622, -0.15374, 4.93308, -4.42413, -0.83133, 2.3417]"
42,sub11,supMAE,3,sub11-a__0103__brushteeth.npy,3,brushteeth,7,0.63610667,0,"[-3.51538, 3.09098, 2.79196, 7.87051, -7.24417, 3.49894, -5.00118, 8.50728, 3.05055, -8.74951, -2.53499, 2.64517, -3.91007, 2.23919, -1.83477, -0.90887, -4.64673, -0.22799, 0.05649, -5.88194, -3.51541, 4.54979]"
42,sub11,supMAE,3,sub11-a__0104__brushteeth.npy,3,brushteeth,3,0.8944192,1,"[-3.85752, -0.25688, 3.85878, 8.65121, -6.42631, 3.09999, -7.2896, 6.23493, 2.9567, -7.33606, -0.56345, -0.83936, -2.51206, 3.95264, -0.63672, -1.33042, -5.18117, -1.08703, 2.48224, -3.14639, 1.87346, 0.76466]"
42,sub11,supMAE,3,sub11-a__0105__brushteeth.npy,3,brushteeth,3,0.8908743,1,"[-3.61846, -0.37097, 3.80258, 9.01444, -6.12852, 3.16483, -6.46605, 6.70776, 2.5475, -7.75825, -1.00915, -0.47284, -3.08306, 4.46666, -0.95437, -1.19274, -5.6959, -0.84918, 1.92117, -3.6157, 1.40651, 1.81134]"
42,sub11,supMAE,3,sub11-a__0106__brushteeth.npy,3,brushteeth,3,0.8744674,1,"[-3.58454, -0.73334, 3.74642, 8.51916, -5.62073, 3.00706, -6.37865, 6.23209, 2.04135, -6.93524, -0.66776, -1.06713, -2.70859, 4.72189, -0.58115, -1.0842, -5.22679, -1.44213, 2.71261, -2.31405, 2.13862, 0.36866]"
42,sub11,supMAE,3,sub11-a__0107__brushteeth.npy,3,brushteeth,3,0.86251664,1,"[-3.56444, 0.09902, 3.91199, 8.62939, -6.31947, 2.7448, -6.63829, 6.59801, 2.8174, -7.72991, -1.04674, -0.15163, -2.87782, 4.03547, -0.96677, -1.18632, -5.53935, -0.99544, 1.74867, -3.72918, 1.1667, 1.89917]"
42,sub11,supMAE,3,sub11-a__0109__highfive.npy,8,highfive,8,0.9938028,1,"[-6.70674, 8.27444, 5.22555, 1.83466, -10.90065, -6.14905, -4.29679, 1.99343, 13.97357, -11.35733, -6.20211, 4.24208, 1.47376, -6.58918, -2.62956, 0.45407, -7.09858, 0.77648, 2.0871, -8.22823, -3.07936, 8.03782]"
42,sub11,supMAE,3,sub11-a__0110__highfive.npy,8,highfive,8,0.99962366,1,"[-8.62132, 6.4555, 5.80686, 0.41546, -10.74522, -6.26607, -4.4817, -1.98458, 15.84845, -11.37603, -4.97294, 0.32664, 2.03098, -6.98988, -0.20207, 1.82831, -7.96678, 0.95818, 7.53633, -2.43536, 1.99602, 1.2846]"
42,sub11,supMAE,3,sub11-a__0111__highfive.npy,8,highfive,8,0.99977416,1,"[-8.76769, 6.7782, 5.33579, 1.51201, -10.27886, -6.17982, -4.57302, -1.27136, 15.85956, -11.74436, -5.6362, 0.44129, 1.51373, -6.40589, -1.2091, 2.03917, -7.5013, 1.07916, 6.40198, -3.84047, 0.7862, 3.45772]"
42,sub11,supMAE,3,sub11-a__0112__highfive.npy,8,highfive,8,0.90074,1,"[-7.28263, 6.38099, 3.60599, 5.45828, -8.73584, -2.33773, -2.20324, 4.87318, 10.60732, -12.57046, -6.70589, 2.92972, -1.79158, -2.30562, -2.89783, 0.91722, -7.0256, 0.94696, 2.87615, -7.11254, -4.26692, 8.13752]"
42,sub11,supMAE,3,sub11-a__0113__highfive.npy,8,highfive,8,0.8683631,1,"[-7.17598, 4.5657, 3.82539, 4.99056, -10.08629, -0.2284, -3.16181, 5.98285, 9.96189, -12.21192, -4.22255, 4.48579, -1.20132, -2.78523, -2.24625, -0.66032, -8.04954, 0.8763, 2.61568, -7.30296, -3.88315, 7.79231]"
42,sub11,supMAE,3,sub11-a__0115__wave.npy,21,wave,21,0.78731865,1,"[-4.19451, 5.52808, 5.33752, 5.96186, -8.54681, -5.04604, -6.74862, 1.68441, 10.97417, -9.64074, -5.36397, 1.98621, -1.23303, -2.28164, -3.15802, 1.07087, -7.51041, 1.98547, -3.29649, -10.77942, -1.02627, 12.29784]"
42,sub11,supMAE,3,sub11-a__0116__wave.npy,21,wave,21,0.9229742,1,"[-3.49573, 5.14778, 5.65256, 5.83152, -8.39885, -5.09088, -6.13791, 1.58418, 10.18932, -9.55143, -5.32406, 2.28313, -1.88281, -1.87842, -3.09006, 1.26816, -8.2677, 2.26872, -3.54294, -10.77938, -1.07227, 12.70337]"
42,sub11,supMAE,3,sub11-a__0117__wave.npy,21,wave,21,0.8087453,1,"[-4.23778, 4.87704, 4.93452, 7.26808, -8.34082, -2.72787, -6.99787, 3.43065, 9.47322, -9.84954, -4.35817, 2.00038, -2.30463, -1.17386, -2.68926, 0.35903, -7.28399, 1.68447, -2.90266, -10.01553, -1.42189, 11.04133]"
42,sub11,supMAE,3,sub11-a__0118__wave.npy,21,wave,8,0.957537,0,"[-3.8113, 3.97596, 7.6962, 4.28663, -9.65207, -6.50403, -8.56793, -0.36369, 11.63258, -9.18629, -3.88198, 1.01721, 0.28216, -2.82845, -2.07728, 1.20175, -8.7357, 1.48837, -1.23374, -8.16434, 3.25427, 7.87601]"
42,sub11,supMAE,3,sub11-a__0119__wave.npy,21,wave,8,0.93351555,0,"[-4.0352, 3.41872, 6.65329, 4.6396, -9.34794, -5.22259, -8.45077, 1.02028, 10.92397, -8.82514, -3.03933, 1.61478, -0.08737, -2.92325, -1.84082, 0.33971, -7.83452, 1.24182, -0.32353, -8.53491, 2.21783, 8.01263]"
42,sub11,supMAE,3,sub11-a__0120__bow.npy,2,bow,2,0.9694388,1,"[-2.00011, 0.58545, 14.06509, -5.33498, -14.7029, -7.157, -5.64542, -4.79888, 9.06854, -7.13184, -2.05356, 8.51898, 9.24528, -9.94158, 4.6105, -3.48717, -10.99024, -2.54186, 4.53806, 0.77321, 9.69404, -7.96827]"
42,sub11,supMAE,3,sub11-a__0121__bow.npy,2,bow,2,0.84263283,1,"[-2.57609, -0.12311, 13.14751, -4.50174, -13.84243, -6.40369, -6.58413, -4.38645, 9.14091, -6.49354, -1.21049, 5.90688, 8.28773, -8.77067, 4.20539, -2.54514, -10.72533, -2.19818, 6.08183, 1.5838, 11.30926, -8.70816]"
42,sub11,supMAE,3,sub11-a__0122__bow.npy,2,bow,2,0.92214465,1,"[-2.64616, 0.2072, 13.53013, -4.92585, -14.47607, -6.71193, -6.1152, -4.44179, 9.45494, -7.01708, -1.72971, 7.02227, 8.84151, -9.43625, 4.15636, -2.83721, -10.91277, -2.21864, 5.6973, 1.21944, 10.65237, -8.29374]"
42,sub11,supMAE,3,sub11-a__0123__bow.npy,2,bow,2,0.8110443,1,"[-2.82396, -0.26357, 12.96731, -4.74351, -13.87589, -6.6349, -6.20546, -4.41393, 9.34644, -6.67045, -1.59128, 5.87994, 8.80567, -8.79317, 4.00536, -2.36272, -10.62995, -2.30364, 6.31538, 1.83036, 11.29793, -8.73096]"
42,sub11,supMAE,3,sub11-a__0124__bow.npy,2,bow,2,0.92451876,1,"[-2.27471, 0.46418, 13.4681, -5.21595, -14.5138, -7.31298, -6.37196, -4.68066, 9.77288, -6.90329, -1.91062, 7.14404, 8.88747, -9.78852, 3.833, -2.34187, -10.64806, -2.0751, 5.17773, 0.77782, 10.35445, -7.66581]"
42,sub11,supMAE,3,sub11-a__0126__crossarms.npy,5,crossarms,5,0.99997675,1,"[-6.11771, 4.40936, -5.09567, 6.69829, -5.48045, 21.46041, -1.82143, 10.73484, -3.49381, -6.18065, -4.4231, 4.48208, -1.98092, -2.97498, -3.20226, -3.70832, 7.518, 0.06482, 1.36851, -4.62117, -8.51935, 0.94969]"
42,sub11,supMAE,3,sub11-a__0127__crossarms.npy,5,crossarms,5,0.99995756,1,"[-5.46252, 3.50158, -3.97642, 7.71801, -6.35636, 20.16642, -4.18441, 9.95577, -2.50518, -5.96258, -3.18388, 3.82606, -1.46262, -2.95493, -2.64347, -4.2614, 6.83396, -0.17076, 1.61719, -5.11612, -7.04258, 0.34827]"
42,sub11,supMAE,3,sub11-a__0128__crossarms.npy,5,crossarms,5,0.9999795,1,"[-5.79108, 4.57613, -4.8982, 6.25278, -5.87873, 21.32121, -2.53878, 10.44263, -3.36655, -5.76069, -3.87205, 5.07761, -1.50548, -3.87014, -2.76444, -4.04954, 7.80661, -0.24197, 1.06195, -4.74224, -8.31041, 0.56184]"
42,sub11,supMAE,3,sub11-a__0129__crossarms.npy,5,crossarms,5,0.99999416,1,"[-6.00602, 3.77065, -5.20939, 5.23015, -6.18133, 22.34573, -1.91212, 10.181, -3.77502, -5.60402, -3.75755, 5.45898, -0.63666, -4.51695, -2.75445, -4.04247, 7.99814, -0.17922, 1.97915, -4.02558, -7.93752, -0.15739]"
42,sub11,supMAE,3,sub11-a__0130__airpunch.npy,1,airpunch,1,0.9978041,1,"[-6.63677, 16.14942, 0.89056, 4.25998, -9.27047, 2.21051, -4.22907, 0.4205, 10.02628, -9.92329, -5.30703, -1.79687, -0.16453, -2.80232, -4.86015, 0.30457, -1.94271, -0.11482, -0.61004, -5.72276, -5.09767, 1.91218]"
42,sub11,supMAE,3,sub11-a__0131__airpunch.npy,1,airpunch,1,0.9961307,1,"[-7.86944, 15.97851, 0.4089, 4.23093, -9.41379, 2.43736, -3.95952, 0.8937, 10.42495, -10.03821, -5.01838, -2.14835, -0.10788, -2.66016, -3.97516, -0.09946, -1.47319, -0.47202, 0.95743, -5.14796, -5.52644, 0.70831]"
42,sub11,supMAE,3,sub11-a__0132__airpunch.npy,1,airpunch,1,0.998131,1,"[-7.83257, 15.69767, -0.76458, 4.98289, -9.70023, 6.32992, -4.09808, 1.96431, 9.35667, -10.13006, -4.83156, -2.02964, -0.41868, -3.42141, -4.52897, -0.30752, -0.53869, 0.14275, 1.13675, -5.31786, -5.89866, 0.67487]"
42,sub11,supMAE,3,sub11-a__0133__airpunch.npy,1,airpunch,1,0.99955016,1,"[-7.56381, 16.64944, -1.83137, 5.54538, -9.111, 8.30583, -3.09679, 2.93447, 8.10608, -10.0498, -6.41523, -0.9136, -0.41586, -3.84105, -5.80451, -0.16982, 1.28647, 0.34581, -0.76995, -6.71834, -7.4248, 2.45041]"
42,sub11,supMAE,3,sub11-a__0135__airpunch.npy,1,airpunch,1,0.9885274,1,"[-8.14066, 13.28656, -2.18893, 4.06784, -9.07422, 8.35998, -1.70614, 2.29583, 7.80484, -9.09398, -4.76096, -0.89425, -0.12669, -4.6726, -3.62815, -0.31833, 0.38535, -0.65927, 3.6831, -3.32946, -6.38841, -0.15486]"
42,sub11,supMAE,3,sub11-a__0136__drink.npy,7,drink,7,0.9533301,1,"[-6.87442, 3.63179, 0.71963, 4.79282, -6.47138, 4.34258, -2.05724, 9.6796, 4.82587, -9.81149, -5.5587, 2.24266, -1.56992, -1.30821, -2.11409, 0.66599, -1.19065, -2.10272, 5.99807, -0.56042, -4.06533, 1.57919]"
42,sub11,supMAE,3,sub11-a__0137__drink.npy,7,drink,7,0.8709745,1,"[-6.37619, 1.20984, 2.83508, 6.13257, -7.61245, 3.19978, -3.83696, 8.85327, 5.40344, -10.17999, -3.57235, 2.47073, -1.69881, -0.39883, -1.091, -0.99363, -4.825, -0.52803, 5.65464, -3.11862, -1.42127, 2.18845]"
42,sub11,supMAE,3,sub11-a__0138__drink.npy,7,drink,7,0.8245911,1,"[-6.15893, 1.55934, 2.43506, 6.93105, -7.47869, 3.85041, -4.65135, 8.77528, 4.96876, -9.46695, -3.21169, 1.91853, -2.03867, 0.05539, -1.11522, -1.06581, -3.80934, -0.65843, 4.85586, -3.46229, -1.80288, 2.11026]"
42,sub11,supMAE,3,sub11-a__0139__drink.npy,7,drink,7,0.846678,1,"[-6.35454, 1.88381, 2.56511, 6.62207, -7.41049, 3.44826, -3.86489, 8.82248, 5.31701, -10.1203, -4.02708, 1.87521, -2.05021, -0.037, -1.46254, -0.56184, -4.11684, -0.66209, 5.31753, -2.95954, -1.90438, 2.23177]"
42,sub11,supMAE,3,sub11-a__0140__drink.npy,7,drink,18,0.7783632,0,"[-6.62124, -0.77063, 0.54997, 3.6325, -5.76359, 3.37673, 0.14594, 8.34305, 3.73767, -8.59313, -4.46299, 2.63401, -1.32787, -1.84867, -0.57312, -0.58184, -2.85906, -1.3578, 9.6307, 0.16469, -2.00417, 1.57642]"
42,sub11,supMAE,3,sub11-a__0141__brushteeth.npy,3,brushteeth,3,0.67339295,1,"[-4.30608, -1.22405, 4.71266, 6.64192, -6.12152, 1.71072, -5.66498, 3.47328, 3.38841, -6.68072, -1.96269, -1.98199, -0.84809, 2.55673, 0.75542, -0.0654, -4.89505, -2.47854, 4.4172, 1.26535, 4.49226, -1.37769]"
42,sub11,supMAE,3,sub11-a__0142__brushteeth.npy,3,brushteeth,3,0.9567298,1,"[-3.73892, -0.23021, 4.48565, 8.97483, -6.40349, 2.69957, -7.27825, 4.97786, 2.97054, -7.31665, -0.66222, -1.48505, -2.76304, 4.01365, 0.07405, -1.17447, -5.93891, -0.74706, 2.10625, -2.66028, 3.01142, 0.50579]"
42,sub11,supMAE,3,sub11-a__0143__brushteeth.npy,3,brushteeth,3,0.9446199,1,"[-3.86339, -1.06966, 4.31495, 9.10149, -6.22575, 3.30275, -6.99354, 5.66877, 2.35165, -7.31286, -0.7978, -1.29466, -2.61373, 4.49801, -0.09098, -1.26872, -5.72216, -0.80449, 2.1865, -2.66722, 3.0104, 0.53651]"
42,sub11,supMAE,3,sub11-a__0144__brushteeth.npy,3,brushteeth,3,0.92601115,1,"[-4.11617, 0.05779, 4.97494, 8.51153, -6.68687, 2.0129, -7.60172, 4.64417, 3.76347, -7.69103, -1.17937, -1.87005, -2.2367, 3.77277, -0.30887, -0.74196, -5.98145, -0.7607, 2.41922, -2.46967, 3.65379, 0.16181]"
42,sub11,supMAE,3,sub11-a__0145__brushteeth.npy,3,brushteeth,3,0.9516895,1,"[-4.16299, 0.14953, 4.5642, 8.8922, -6.51218, 2.20952, -7.36418, 4.97705, 3.81626, -7.91349, -1.34437, -1.63432, -2.50815, 3.65488, -0.46591, -0.63442, -5.84437, -0.61687, 2.09365, -2.89918, 3.02173, 1.08163]"
42,sub11,supMAE,3,sub11-a__0146__highfive.npy,8,highfive,8,0.9954904,1,"[-8.79074, 8.7832, 2.55262, -0.27113, -9.42789, -5.58291, -2.49303, -1.24194, 14.98275, -9.56712, -5.48605, -0.16684, 1.38715, -7.87491, -0.65069, 1.43699, -5.09556, -0.79175, 8.98672, -1.78855, -1.59761, 2.42863]"
42,sub11,supMAE,3,sub11-a__0147__highfive.npy,8,highfive,8,0.9994666,1,"[-8.52057, 5.14759, 5.38352, 1.74118, -10.43419, -5.27885, -4.71892, -0.698, 14.59988, -11.02758, -5.02876, 0.93789, 1.49697, -6.3838, -0.15174, 1.4915, -7.24165, 0.58189, 6.60371, -3.43291, 1.16524, 2.90256]"
42,sub11,supMAE,3,sub11-a__0148__highfive.npy,8,highfive,8,0.9994771,1,"[-8.65201, 6.85471, 3.74927, 1.76555, -9.45995, -5.58043, -4.69151, -1.30417, 15.20162, -10.17912, -5.35591, -0.41119, 1.17855, -6.74034, -0.53075, 1.67707, -5.57617, 0.0814, 6.95348, -3.13049, 0.30821, 3.58746]"
42,sub11,supMAE,3,sub11-a__0149__highfive.npy,8,highfive,8,0.9995072,1,"[-8.20828, 4.97478, 6.17619, -0.05985, -11.17278, -6.67793, -6.10239, -2.16885, 15.97666, -10.29375, -4.60223, 0.50046, 3.75218, -7.51385, -0.0951, 1.25952, -7.03172, 0.25489, 8.17709, -2.46159, 3.76069, 0.84287]"
42,sub11,supMAE,3,sub11-a__0150__highfive.npy,8,highfive,8,0.9998944,1,"[-8.17143, 5.83851, 6.2174, 0.0126, -11.32899, -7.29609, -6.66549, -2.56043, 16.64659, -10.25921, -4.65875, 0.56513, 3.61303, -7.85873, -0.64865, 1.77054, -6.99345, 0.6603, 6.7601, -3.71281, 3.38749, 1.94587]"
42,sub11,supMAE,3,sub11-b1__0002__turnaround.npy,19,turnaround,19,0.9981875,1,"[3.90182, -4.40767, 6.51561, -6.02459, 0.0734, -5.93654, 2.93392, -3.2627, -4.26594, -0.72661, -2.40632, -1.83969, -0.27629, 0.74123, 5.8165, 1.34331, -9.63812, -3.56487, 6.44797, 20.4566, 14.14411, -11.70427]"
42,sub11,supMAE,3,sub11-b1__0003__walk.npy,20,walk,20,0.92760843,1,"[11.68409, -8.63295, 4.67004, -2.74456, 8.4564, -4.4077, 2.01845, -2.13196, -11.34462, 2.85901, 2.74645, -4.25653, -3.46576, 8.0666, 4.63064, -3.37314, -11.50766, 0.88077, 1.80469, 16.96843, 19.52435, -8.89967]"
42,sub11,supMAE,3,sub11-b1__0004__turnaround.npy,19,turnaround,19,0.9998826,1,"[5.38953, -1.68909, 3.38916, -6.14729, 0.83308, -5.14734, 6.35979, -0.96357, -4.88031, -1.72793, -0.54677, -1.57177, -3.4439, 1.61428, 3.69909, 4.43665, -9.19372, -3.90004, 10.92904, 20.0148, 7.00933, -11.57812]"
42,sub11,supMAE,3,sub11-b1__0005__walk.npy,20,walk,20,0.9936473,1,"[0.76553, 0.32411, 9.54341, -6.21661, -9.67257, -6.85003, -9.91603, -6.05125, 6.58541, 0.08666, 4.66818, 0.21834, 7.13066, -6.6239, 3.25887, -1.12835, -7.78934, -2.95742, 4.47947, 3.6639, 14.74482, -11.07241]"
42,sub11,supMAE,3,sub11-b1__0006__turnaround.npy,19,turnaround,19,0.99934953,1,"[2.81962, -5.05446, 5.67742, -6.24524, 2.08029, -5.35775, 3.92092, -2.35356, -5.49485, -0.01824, -3.0631, -3.00689, -0.24609, 2.33014, 5.2617, 1.81456, -8.06273, -4.21861, 7.56434, 21.23843, 13.89887, -12.29413]"
42,sub11,supMAE,3,sub11-b1__0007__walk.npy,20,walk,20,0.9853499,1,"[10.58783, -8.28901, 5.40494, -3.34991, 7.12554, -4.51515, 0.88252, -2.21098, -9.92678, 2.52698, 2.52589, -3.23131, -2.39586, 6.38812, 5.28195, -4.47336, -11.35364, 1.42236, 1.77554, 16.00526, 20.21849, -8.9802]"
42,sub11,supMAE,3,sub11-b1__0009__walk.npy,20,walk,20,0.99493116,1,"[0.21976, 0.1558, 8.98773, -6.7547, -10.57514, -5.87645, -9.61349, -6.64311, 6.89519, 0.68821, 5.48601, -0.21764, 7.79945, -6.6573, 3.49541, -1.61913, -7.8659, -2.78449, 4.7568, 3.50486, 14.66053, -11.72054]"
42,sub11,supMAE,3,sub11-b1__0010__turnaround.npy,19,turnaround,19,0.9990552,1,"[2.7626, -5.98435, 5.35964, -6.09509, 2.86601, -4.85798, 3.53754, -1.98693, -5.57904, 0.14529, -3.11447, -3.00483, -0.56804, 2.33185, 5.12237, 2.59348, -7.87026, -3.33615, 7.07072, 21.2642, 14.29963, -11.66238]"
42,sub11,supMAE,3,sub11-b1__0011__walk.npy,20,walk,20,0.9984102,1,"[8.57856, -8.16903, 6.48841, -3.87007, 4.59537, -5.29027, -0.88777, -3.07339, -7.25303, 2.26199, 2.32127, -2.47062, -0.39055, 3.93492, 5.99103, -5.30153, -11.16993, 1.36108, 2.62405, 14.89175, 21.33652, -9.32943]"
42,sub11,supMAE,3,sub11-b1__0012__turnaround.npy,19,turnaround,19,0.9997261,1,"[4.05447, -3.29499, 3.48748, -6.62842, 1.41059, -4.78513, 7.79245, -0.9482, -5.39806, -1.28786, -0.9912, -1.47336, -2.71287, 2.16649, 4.13401, 3.5798, -9.09571, -4.26374, 12.43111, 20.65111, 7.49048, -12.24627]"
42,sub11,supMAE,3,sub11-b1__0013__walk.npy,20,walk,20,0.99663407,1,"[0.5014, 0.18199, 7.3673, -7.06229, -9.4383, -4.55147, -8.12884, -6.89824, 5.03122, 3.00279, 6.70796, -1.34198, 7.26083, -5.3197, 3.44006, -2.22936, -6.9424, -3.31718, 5.41535, 4.47755, 14.06777, -12.85867]"
42,sub11,supMAE,3,sub11-b1__0014__turnaround.npy,19,turnaround,19,0.9998053,1,"[3.44201, -5.5879, 5.31244, -5.66951, 3.42543, -4.90816, 4.12093, -1.83785, -6.00506, -0.44025, -3.43472, -3.19447, -1.68976, 3.07122, 4.97463, 3.59182, -8.31989, -3.30693, 6.56185, 21.95199, 13.40635, -11.29814]"
42,sub11,supMAE,3,sub11-b1__0015__walk.npy,20,walk,20,0.9986615,1,"[8.10952, -7.77042, 6.54477, -4.17333, 4.01813, -5.90564, -2.05807, -3.37793, -6.42923, 2.65969, 2.65339, -2.65315, 0.57381, 3.54654, 5.82578, -4.73184, -10.50237, 0.63551, 2.40761, 14.84002, 21.45642, -9.68802]"
42,sub11,supMAE,3,sub11-b1__0016__turnaround.npy,19,turnaround,19,0.99871135,1,"[4.6004, -2.27867, 4.20912, -6.93042, -0.39247, -4.92445, 6.36304, -2.60029, -4.30569, -0.36995, 0.55691, -1.80117, -1.65283, 1.3354, 3.68551, 1.9085, -9.56809, -4.5828, 12.6641, 19.33423, 8.46169, -13.01401]"
42,sub11,supMAE,3,sub11-b1__0017__walk.npy,20,walk,20,0.9899567,1,"[0.10658, -1.34852, 6.84959, -7.44517, -10.01081, -3.61378, -7.72424, -7.12497, 4.53057, 4.49002, 6.31137, -0.12996, 8.64355, -6.16352, 4.90566, -3.63759, -5.61799, -3.43509, 5.69499, 3.3759, 13.5544, -12.97582]"
42,sub11,supMAE,3,sub11-b1__0018__turnaround.npy,19,turnaround,19,0.9989324,1,"[1.29888, -5.93851, 5.69688, -5.83473, 1.3772, -4.26955, 2.93523, -1.79826, -4.00918, -0.78162, -2.94235, -2.74596, -0.39661, 1.43415, 5.05011, 3.03653, -8.50659, -2.85559, 7.44969, 20.84466, 14.00159, -11.47001]"
42,sub11,supMAE,3,sub11-b1__0019__walk.npy,20,walk,20,0.9993375,1,"[7.00762, -7.38015, 6.62961, -4.62688, 2.73097, -6.64179, -2.96499, -4.01842, -4.9493, 2.80834, 3.03615, -2.49087, 1.87797, 2.31118, 6.03996, -4.74229, -10.15429, 0.07836, 2.65798, 14.31734, 21.63771, -9.88166]"
42,sub11,supMAE,3,sub11-b1__0020__turnaround.npy,19,turnaround,19,0.9950635,1,"[3.47502, -2.68521, 4.64456, -6.82505, -1.61826, -5.12816, 4.93424, -2.75857, -3.02211, -0.37241, 1.74227, -2.1602, -0.5235, 1.15282, 3.368, 1.5107, -10.01195, -4.40643, 13.0086, 18.36565, 10.04284, -13.3566]"
42,sub11,supMAE,3,sub11-b1__0021__hop.npy,9,hop,9,0.943161,1,"[7.42625, 4.72972, -1.89825, -2.67974, 4.82777, -3.70321, 4.76932, -5.74472, -8.16323, 10.79316, 2.49598, 4.38005, -6.61072, 2.79983, 6.66134, -0.48763, 1.79117, -2.46326, -6.19645, -2.87562, -8.45511, 0.41424]"
42,sub11,supMAE,3,sub11-b1__0022__hop.npy,9,hop,9,0.9791286,1,"[6.69166, 4.05362, -2.78272, -2.28683, 5.86229, -2.42917, 4.30147, -6.00434, -8.42675, 11.85389, 2.11432, 4.20135, -6.35628, 1.60723, 7.36984, -0.61293, 3.6874, -2.51272, -5.81105, -2.86926, -8.45068, -0.2156]"
42,sub11,supMAE,3,sub11-b1__0023__hop.npy,9,hop,9,0.9659362,1,"[6.20027, 4.9918, -2.9185, -1.78363, 5.84014, -2.33304, 4.2847, -5.82794, -7.75799, 11.08123, 1.35611, 4.29452, -7.00953, 1.0038, 7.00615, -0.33966, 3.84323, -1.96109, -6.12509, -3.32107, -9.16905, 0.89471]"
42,sub11,supMAE,3,sub11-b1__0024__hop.npy,9,hop,9,0.98931295,1,"[6.51102, 4.18127, -2.54921, -1.60045, 5.57371, -2.55161, 3.47579, -5.80186, -7.89689, 11.93121, 2.0783, 3.98145, -6.67749, 1.70787, 6.1852, -0.39254, 3.92023, -1.92569, -6.4906, -3.96347, -8.59158, 1.20179]"
42,sub11,supMAE,3,sub11-b1__0026__hop.npy,9,hop,9,0.8737416,1,"[5.32058, 5.40103, -1.46701, -1.59908, 3.47374, -3.97673, 4.50306, -5.87335, -5.95213, 9.3025, 0.22332, 4.64276, -6.96035, 1.06096, 6.81199, 0.59547, 2.02033, -1.25829, -6.45773, -4.28854, -9.43787, 2.20628]"
42,sub11,supMAE,3,sub11-b1__0028__jump.npy,10,jump,10,0.9946313,1,"[5.86138, 3.22818, 3.18634, -6.3144, -11.4243, -0.65931, -6.33691, -7.41738, 0.42042, 6.93361, 12.60364, 1.45039, 3.23404, -4.2261, 3.80737, -4.49933, -5.76104, -2.99848, 2.72521, 0.30623, 4.45835, -10.96397]"
42,sub11,supMAE,3,sub11-b1__0029__jump.npy,10,jump,10,0.9833323,1,"[4.84178, 1.75017, 3.42975, -6.14404, -11.05691, -1.26026, -6.82144, -7.44649, 0.27803, 8.31681, 12.50147, 1.54846, 3.92168, -3.75549, 4.29413, -4.62364, -4.8467, -3.29724, 2.46084, -0.38819, 5.05687, -10.611]"
42,sub11,supMAE,3,sub11-b1__0031__jump.npy,10,jump,10,0.9887926,1,"[6.02705, 1.98738, 4.20353, -6.52028, -12.58102, -0.97096, -5.65113, -7.63217, 0.85662, 5.31329, 11.51803, 2.1412, 3.59707, -4.78003, 4.56977, -4.49742, -7.70862, -2.39141, 3.29829, 0.69533, 5.61342, -10.94686]"
42,sub11,supMAE,3,sub11-b1__0032__runonspot.npy,13,runonspot,13,0.99998784,1,"[1.15301, -1.06909, 3.30309, 1.97309, 0.30974, -2.41392, 2.70009, 2.54883, -6.06788, 1.82216, 2.48804, -1.58842, -5.96048, 15.96754, 1.23647, -0.04412, -5.97152, -3.00703, 1.26432, 2.45384, -1.96582, -4.99765]"
42,sub11,supMAE,3,sub11-b1__0033__runonspot.npy,13,runonspot,13,0.99997497,1,"[1.26712, -0.01826, 2.46568, 2.71787, -1.50661, -0.01666, 2.28549, 4.03869, -6.57683, 0.61259, 3.8538, -0.52268, -6.56979, 15.65427, 1.09172, -0.91752, -6.08862, -2.8625, 0.70765, 1.28371, -3.80288, -4.78941]"
42,sub11,supMAE,3,sub11-b1__0034__runonspot.npy,13,runonspot,13,0.9999745,1,"[-0.71516, -0.91318, 3.14643, 3.07318, -0.3509, -1.14247, 2.14277, 4.05169, -4.66756, -0.01595, 0.88872, -2.02486, -6.29501, 15.5879, 0.27813, 0.20684, -5.55729, -2.47532, 3.08691, 2.25481, -2.35777, -4.51733]"
42,sub11,supMAE,3,sub11-b1__0035__runonspot.npy,13,runonspot,13,0.9999434,1,"[0.63293, -0.70775, 3.00366, 2.08092, -4.0095, 0.35496, 2.68551, 4.40283, -5.61353, -1.62274, 3.65034, -0.27522, -5.66309, 15.07831, 0.64805, -0.51096, -7.83291, -2.1049, 3.09961, 2.03924, -2.71013, -6.33053]"
42,sub11,supMAE,3,sub11-b1__0036__runonspot.npy,13,runonspot,13,0.9998754,1,"[0.69358, -0.46632, 2.41067, 1.41587, -3.70192, 0.26329, 2.77823, 4.36207, -5.72278, -1.19091, 4.30997, -0.26973, -5.28396, 14.60472, 0.73336, -0.90141, -7.19296, -2.56699, 4.24437, 2.53326, -2.87049, -7.24678]"
42,sub11,supMAE,3,sub11-b1__0037__buttkicks.npy,4,buttkicks,4,0.99985313,1,"[2.24035, -4.40433, -2.87879, -1.10333, 22.17869, -4.58384, 4.81282, -3.4211, -10.32918, 13.3431, -4.96032, -1.83256, -4.7408, 6.69978, 5.09806, 0.1767, 8.40212, -2.81602, -3.24019, 4.30195, 0.80677, 0.24184]"
42,sub11,supMAE,3,sub11-b1__0038__buttkicks.npy,4,buttkicks,4,0.99991024,1,"[2.03946, -4.70394, -2.11701, -0.47289, 22.12038, -4.8481, 4.18118, -3.33459, -9.36466, 12.79181, -6.09944, -2.36677, -4.6775, 6.69323, 3.77911, 0.18268, 8.01132, -2.15104, -2.80252, 4.0075, 1.90857, 1.26611]"
42,sub11,supMAE,3,sub11-b1__0039__buttkicks.npy,4,buttkicks,4,0.99923503,1,"[2.36933, -4.37799, -2.59281, -0.74662, 21.46489, -4.83213, 3.90362, -3.57679, -10.09764, 14.28431, -4.33078, -0.98573, -5.0307, 6.52142, 4.62711, -0.17305, 9.02157, -2.9, -3.54772, 2.83232, -0.39433, 1.14364]"
42,sub11,supMAE,3,sub11-b1__0040__buttkicks.npy,4,buttkicks,4,0.99983907,1,"[2.00519, -5.10188, -2.72787, -0.48654, 22.79306, -4.57675, 3.77116, -3.20856, -9.92571, 14.04894, -5.52193, -2.33781, -4.31136, 7.03334, 3.51583, -0.12029, 9.37119, -2.44156, -3.11145, 3.30844, 1.46382, 1.35]"
42,sub11,supMAE,3,sub11-b1__0041__buttkicks.npy,4,buttkicks,4,0.9997657,1,"[2.34017, -5.39248, -3.65213, -0.9751, 23.4758, -4.48161, 3.8997, -3.13516, -10.64733, 15.11004, -4.72408, -2.61665, -4.14233, 7.31583, 3.57263, -0.14281, 10.11624, -3.21998, -2.66641, 3.98321, 1.31371, 0.61571]"
42,sub11,supMAE,3,sub11-b1__0042__airkick.npy,0,airkick,13,0.99512523,0,"[7.30475, 0.26018, 3.41129, 1.88296, -2.43097, -0.9675, 2.92783, 0.37388, -7.45137, 1.71608, 2.74682, 2.14711, -7.42881, 12.68873, 2.28933, -0.9674, -8.05933, -0.09133, -2.26476, -1.05077, -3.72057, -2.57242]"
42,sub11,supMAE,3,sub11-b1__0044__airkick.npy,0,airkick,0,0.91706246,1,"[10.11979, 2.43201, 1.61467, -1.16877, -0.28295, -1.28626, 2.22921, -6.46615, -7.09811, 7.49571, 2.16164, 4.8047, -5.3783, 1.41708, 5.64129, -2.71975, -3.78006, -0.47371, -5.94742, -2.65112, -2.78786, -0.46948]"
42,sub11,supMAE,3,sub11-b1__0045__airkick.npy,0,airkick,0,0.9909985,1,"[11.91063, 1.54521, 3.52907, -1.9274, -3.06021, -2.86085, 0.618, -7.45319, -5.81636, 6.99061, 3.26096, 4.55389, -4.04215, 0.75795, 4.59797, -2.49421, -6.08462, -0.03243, -5.82559, -2.74124, -0.39509, -0.96124]"
42,sub11,supMAE,3,sub11-b1__0046__airkick.npy,0,airkick,0,0.92537516,1,"[10.6561, 1.54923, 2.30363, -2.32582, -2.39789, -1.70725, 0.29069, -7.45031, -5.65792, 8.03685, 3.06911, 5.09598, -3.43986, -1.00674, 4.84058, -2.83829, -3.96004, 0.14372, -5.79164, -3.45594, -1.06302, -0.48579]"
42,sub11,supMAE,3,sub11-b1__0047__sidekick.npy,14,sidekick,14,0.8260089,1,"[7.55292, 5.39188, 2.82707, -3.51283, -4.15656, -3.77389, 2.6126, -8.32912, -4.49536, 6.37232, 0.78416, 7.44475, -2.56968, -2.94514, 9.9595, -3.12848, -3.34081, -3.09997, -5.82192, -1.6863, -4.45961, -2.64308]"
42,sub11,supMAE,3,sub11-b1__0048__sidekick.npy,14,sidekick,14,0.84484005,1,"[7.16396, 5.9889, 2.63823, -3.17638, -5.01467, -2.50972, 0.99719, -7.90991, -4.41427, 6.81518, 1.23766, 7.92333, -1.88947, -3.53351, 10.28594, -4.42749, -1.72335, -3.45067, -6.93321, -2.82096, -5.02906, -2.77656]"
42,sub11,supMAE,3,sub11-b1__0049__sidekick.npy,14,sidekick,0,0.4285587,0,"[9.5074, 3.73311, 4.25555, -5.35261, -8.4881, -3.16806, -1.8581, -9.30117, -3.67079, 8.20848, 4.85042, 7.3699, 1.92163, -5.18548, 9.42859, -5.4376, -3.36495, -4.52132, -4.57112, -1.62906, -0.90777, -6.81801]"
42,sub11,supMAE,3,sub11-b1__0051__sidekick.npy,14,sidekick,14,0.8640962,1,"[7.48269, 4.5531, 3.50947, -5.11472, -7.60475, -2.52548, -0.53417, -9.05273, -3.07196, 7.33297, 3.52964, 7.5514, 1.23112, -5.41446, 10.4397, -5.43028, -3.06916, -4.0536, -3.95462, -1.56075, -1.92724, -6.14624]"
42,sub11,supMAE,3,sub11-b1__0052__crosstoe.npy,6,crosstoe,6,0.990528,1,"[4.88527, -2.0623, 3.00353, -8.05148, -6.04085, -6.07394, 15.84062, -3.38018, -5.91166, 1.12695, -4.18934, 11.17989, 2.78101, -0.49459, 3.89916, -2.20746, -7.30931, -3.72869, 6.24736, 3.75188, -2.43562, -6.16481]"
42,sub11,supMAE,3,sub11-b1__0053__crosstoe.npy,6,crosstoe,6,0.99892455,1,"[6.72617, -1.85721, 2.30912, -7.9491, -5.30845, -5.5415, 16.58011, -3.50431, -7.33559, 1.71551, -3.05625, 9.65632, 1.04295, 0.76538, 3.23229, -1.13373, -8.04312, -2.83063, 6.26686, 4.12416, -2.29791, -6.18777]"
42,sub11,supMAE,3,sub11-b1__0055__crosstoe.npy,6,crosstoe,6,0.9967685,1,"[6.11731, -0.48542, 1.88237, -7.93399, -5.03074, -4.50317, 17.12199, -2.70243, -8.36288, 1.79328, -3.50841, 11.38285, 0.06698, 0.61218, 4.21693, -0.90565, -6.8849, -3.04798, 4.29163, 4.01359, -4.75894, -5.85003]"
42,sub11,supMAE,3,sub11-b1__0058__throw.npy,18,throw,18,0.99996614,1,"[-3.94165, 2.19589, -0.6155, -1.04181, -5.83803, 1.0926, 5.96426, 1.85098, 0.99862, -4.48688, -3.59427, -1.6821, -1.53443, 3.45559, -0.8061, -1.20007, -5.35791, -1.77222, 16.42029, 2.58556, -3.33438, -7.19474]"
42,sub11,supMAE,3,sub11-b1__0059__throw.npy,18,throw,18,0.9997003,1,"[-0.35097, 0.9592, -1.33681, 0.93526, -7.06985, 5.14944, 3.01673, 2.2792, -0.22447, -3.66347, -1.96396, -1.26289, -1.8821, 1.41798, 1.17969, -4.1755, -5.68334, -1.50258, 13.51373, 1.34094, -2.48784, -5.4123]"
42,sub11,supMAE,3,sub11-b1__0060__throw.npy,18,throw,18,0.97861713,1,"[-0.27492, 6.31811, 1.71826, -3.96775, -8.63608, -5.47999, 1.95964, -5.6575, 7.49401, -4.29573, -4.13434, -2.38314, 0.97309, -2.77484, -0.26594, -0.36644, -8.29672, -1.26519, 11.59718, 1.41382, 1.15067, -4.09916]"
42,sub11,supMAE,3,sub11-b1__0061__throw.npy,18,throw,18,0.9999238,1,"[-1.34145, -2.30474, -0.47924, -2.13868, -8.0483, 3.68324, 5.86141, 2.61143, -2.24841, -2.27973, 0.75627, 3.1392, -1.093, 0.90418, 0.52565, -2.19673, -6.46103, -0.88267, 15.56385, 0.59318, -3.96511, -6.57084]"
42,sub11,supMAE,3,sub11-b1__0062__throw.npy,18,throw,18,0.99990785,1,"[-0.43458, -0.49943, -0.52807, -2.36321, -7.90447, 1.01451, 5.61366, 0.98491, -0.64205, -2.29978, 0.54949, 2.41637, -1.71514, 0.46116, -0.36162, -0.94539, -7.15394, -0.36006, 14.99269, -0.72254, -4.53118, -4.89811]"
42,sub11,supMAE,3,sub11-b1__0063__throw.npy,18,throw,18,0.99726117,1,"[-0.55188, 4.30584, 3.11859, -4.87488, -9.47212, -6.28167, 1.16326, -6.07738, 6.6866, -2.86381, -2.22135, -1.70631, 2.28579, -2.0306, 0.28289, -0.53652, -8.86176, -1.08254, 12.73319, 1.05412, 2.55743, -6.80291]"
42,sub11,supMAE,3,sub11-b1__0064__walk.npy,20,walk,20,0.9057674,1,"[3.35628, -4.15127, 4.36738, -7.63447, -8.71413, -1.9338, -5.06626, -7.47438, 0.56115, 8.19718, 6.44833, 1.10281, 8.09172, -5.44498, 5.72752, -5.30545, -4.00853, -2.42219, 5.32103, 1.61683, 11.2699, -11.52936]"
42,sub11,supMAE,3,sub11-b1__0065__turnaround.npy,19,turnaround,19,0.99979025,1,"[3.58687, -4.5282, 6.04662, -6.16891, -0.74689, -4.9102, 3.23449, -3.12389, -3.27142, -1.74338, -1.57702, -2.20448, -1.28426, 0.44034, 4.88954, 4.07706, -11.029, -2.05794, 6.48322, 21.00005, 12.52615, -10.76845]"
42,sub11,supMAE,3,sub11-b1__0066__walk.npy,20,walk,20,0.99978393,1,"[6.1121, -6.59975, 6.54491, -5.42768, 0.6714, -8.38468, -4.71735, -5.43545, -2.68797, 3.54956, 3.91436, -2.28273, 4.54602, 0.93417, 5.55651, -3.76347, -9.3314, -1.45956, 2.07299, 12.64841, 21.09366, -9.91984]"
42,sub11,supMAE,3,sub11-b1__0067__turnaround.npy,19,turnaround,19,0.9980007,1,"[4.30497, -1.24553, 3.19384, -7.43035, -1.22167, -3.54053, 6.67396, -3.1035, -4.46769, 0.58204, 1.94737, -1.50223, -1.20891, 0.95419, 3.63661, 0.66465, -8.57747, -5.21332, 12.70986, 18.92814, 6.71423, -13.5028]"
42,sub11,supMAE,3,sub11-b1__0068__walk.npy,20,walk,20,0.95943874,1,"[2.27297, -4.08447, 4.77842, -7.79632, -8.7419, -2.20116, -4.54468, -7.32445, 1.17593, 7.10241, 5.35023, 0.77471, 8.38739, -5.37743, 6.19622, -5.14521, -4.55438, -2.85468, 6.49672, 3.18249, 12.03548, -12.53934]"
42,sub11,supMAE,3,sub11-b1__0069__turnaround.npy,19,turnaround,19,0.999746,1,"[2.4517, -4.7241, 5.91902, -6.047, -0.71444, -4.78103, 3.18461, -2.6768, -3.08543, -1.89289, -1.43018, -3.06509, -0.57342, 1.33877, 4.25756, 4.0989, -10.82643, -2.76577, 7.52524, 21.33521, 13.05221, -11.68467]"
42,sub11,supMAE,3,sub11-b1__0070__walk.npy,20,walk,20,0.9998165,1,"[5.64576, -6.25452, 6.4263, -5.29755, 0.39632, -8.24293, -4.85343, -5.47447, -2.54454, 3.81549, 4.22607, -2.59174, 4.68225, 1.06997, 5.21475, -3.69247, -9.02178, -1.63864, 2.23485, 12.30907, 20.91785, -10.0597]"
42,sub11,supMAE,3,sub11-b1__0071__turnaround.npy,19,turnaround,19,0.998711,1,"[3.94048, -1.61439, 3.91236, -7.21142, -1.9122, -3.41485, 5.82611, -3.00224, -3.75975, -0.54696, 1.69981, -2.19741, -1.07711, 0.893, 3.41049, 1.18662, -9.69192, -4.55495, 12.94436, 19.60613, 8.12887, -13.77968]"
42,sub11,supMAE,3,sub11-b1__0072__walk.npy,20,walk,20,0.9146056,1,"[1.66951, -4.15058, 4.36889, -7.67834, -9.26821, -1.16892, -4.89961, -7.04444, 1.20389, 7.27181, 5.7621, 1.2371, 8.72663, -5.92815, 6.45502, -5.68263, -3.96754, -2.71827, 6.22266, 2.34412, 11.49424, -12.22821]"
42,sub11,supMAE,3,sub11-b1__0073__turnaround.npy,19,turnaround,19,0.99982685,1,"[3.36029, -4.63014, 5.86592, -5.93056, -0.644, -4.6449, 3.47731, -2.73399, -3.57626, -1.88306, -0.77041, -3.00006, -1.41236, 1.54076, 4.22504, 4.45574, -11.59581, -2.30444, 7.0557, 21.4118, 12.74593, -11.35401]"
42,sub11,supMAE,3,sub11-b1__0075__turnaround.npy,19,turnaround,19,0.9983714,1,"[4.22866, -0.69132, 3.36439, -7.10941, -1.51993, -3.30153, 6.30747, -3.0743, -3.98992, -0.27892, 1.14157, -1.67585, -1.33743, 0.57657, 3.36881, 1.08449, -8.5866, -4.99201, 12.46897, 18.89244, 6.46965, -13.07783]"
42,sub11,supMAE,3,sub11-b1__0077__turnaround.npy,19,turnaround,19,0.99987316,1,"[3.93123, -4.41848, 5.95471, -5.91331, -0.55948, -4.90897, 3.78182, -2.83289, -3.79791, -1.97895, -0.61357, -2.99551, -2.00015, 1.83497, 4.35557, 4.47478, -12.21521, -1.95881, 6.85719, 21.5227, 12.54462, -11.26664]"
42,sub11,supMAE,3,sub11-b1__0078__walk.npy,20,walk,20,0.9998739,1,"[5.67675, -6.24713, 6.44925, -5.08726, 0.22653, -8.63578, -5.47312, -5.8109, -1.73764, 3.43573, 3.79456, -2.76435, 4.66856, 0.55363, 4.85104, -2.90926, -8.93962, -1.2238, 2.00729, 11.85028, 20.83708, -9.32824]"
42,sub11,supMAE,3,sub11-b1__0079__turnaround.npy,19,turnaround,19,0.9994733,1,"[3.8199, -0.82688, 3.19923, -7.11346, -1.41106, -2.51308, 5.82868, -3.28346, -4.00009, -0.42571, 1.22448, -1.06543, -1.09499, -0.52822, 4.62888, 0.46177, -8.24164, -5.19934, 11.99347, 19.54797, 6.17474, -13.24129]"
42,sub11,supMAE,3,sub11-b1__0080__walk.npy,20,walk,20,0.9623295,1,"[1.85747, -4.90454, 4.44351, -7.45874, -8.68005, -1.44591, -4.6763, -6.94687, 0.92077, 7.17882, 5.11023, 0.82944, 8.6262, -5.34345, 6.66849, -5.89845, -4.3004, -2.42994, 6.4095, 2.60868, 12.2951, -11.95815]"
42,sub11,supMAE,3,sub11-b1__0081__turnaround.npy,19,turnaround,19,0.99959296,1,"[3.96443, -5.45806, 5.70561, -6.09408, -0.15078, -4.66462, 3.42215, -2.66783, -3.93283, -1.55496, -0.25895, -3.25659, -1.52467, 1.68031, 4.60006, 3.62091, -12.09443, -1.81533, 7.55721, 21.59509, 13.78658, -11.6478]"
42,sub11,supMAE,3,sub11-b1__0082__walk.npy,20,walk,20,0.9998696,1,"[5.98643, -6.05529, 6.48772, -4.76485, 0.31551, -8.55136, -5.33963, -5.89856, -2.44263, 3.64649, 4.20635, -2.95113, 4.38135, 1.29769, 4.90392, -2.9911, -9.27074, -1.78211, 1.62692, 11.95958, 20.91425, -9.57162]"
42,sub11,supMAE,3,sub11-b1__0083__turnaround.npy,19,turnaround,19,0.9991923,1,"[4.03365, -1.19891, 3.36385, -7.17743, -1.7219, -2.87871, 5.69677, -3.31856, -3.9511, -0.28083, 1.67921, -1.54228, -0.88255, 0.0653, 3.9353, 0.77032, -8.80799, -4.95949, 12.25404, 19.38109, 6.83794, -13.33362]"
42,sub11,supMAE,3,sub11-b1__0084__hop.npy,9,hop,9,0.64797735,1,"[5.35358, 3.98926, 1.03385, -1.12095, 0.22876, -4.10305, 5.12815, -6.65402, -4.47632, 7.68498, 0.01682, 4.71444, -6.46562, 1.35984, 6.4307, -0.48169, -1.96757, 0.37707, -4.60572, -4.44579, -7.20195, 1.39149]"
42,sub11,supMAE,3,sub11-b1__0085__hop.npy,9,hop,9,0.9703894,1,"[5.70318, 0.3417, 2.96492, -4.74248, -6.04908, -2.69923, -1.36599, -8.09303, -2.62882, 10.71046, 6.53971, 4.93902, 1.37381, -2.27384, 5.34641, -4.53861, -1.80841, -1.66179, -1.95044, -4.49565, -0.64394, -4.17502]"
42,sub11,supMAE,3,sub11-b1__0086__hop.npy,9,hop,9,0.87339664,1,"[-0.34015, -5.90926, 4.26935, -5.6561, -5.97915, -1.4593, -5.54313, -6.38667, 0.60637, 10.38969, 4.77872, 2.324, 6.90843, -4.79526, 5.02254, -6.35499, -0.32714, -0.56581, 4.12986, -2.73696, 8.10012, -5.87564]"
42,sub11,supMAE,3,sub11-b1__0088__hop.npy,9,hop,9,0.9751177,1,"[-2.54174, -4.72918, 4.05458, -4.90399, -5.24171, -1.27684, -4.97431, -6.23206, 1.10162, 10.76261, 3.21085, 3.91235, 6.3985, -5.30638, 5.78279, -6.64402, 2.03615, -1.01743, 3.26479, -4.31541, 4.69366, -4.46014]"
42,sub11,supMAE,3,sub11-b1__0089__hop.npy,9,hop,9,0.911974,1,"[-0.74034, -6.71535, 3.63068, -6.18266, -5.81691, 0.02502, -5.2363, -5.79023, -0.81882, 10.86554, 5.12408, 3.5209, 7.95079, -5.24051, 5.25977, -6.96349, 1.16063, -1.58704, 3.56592, -2.22572, 7.46247, -6.51079]"
42,sub11,supMAE,3,sub11-b1__0090__hop.npy,9,hop,9,0.9895453,1,"[-2.97928, -6.04027, 2.63305, -5.25326, -3.4773, -0.00191, -5.67524, -5.20672, -0.12154, 12.31029, 3.86245, 3.45974, 7.49092, -5.03208, 4.91005, -7.12249, 4.44537, -1.55628, 3.24163, -3.88978, 5.35401, -4.39085]"
42,sub11,supMAE,3,sub11-b1__0091__jump.npy,10,jump,10,0.71359134,1,"[6.95468, -1.47157, 3.91833, -6.33431, -11.01584, -0.86444, -4.87849, -7.83335, -0.65865, 6.59098, 9.14598, 2.56487, 4.28488, -4.90667, 5.4882, -5.71048, -6.80902, -1.39598, 3.07338, 0.17884, 7.36829, -9.61783]"
42,sub11,supMAE,3,sub11-b1__0092__jump.npy,10,jump,10,0.596698,1,"[5.97559, -1.43562, 3.92018, -6.87027, -11.18456, -1.00336, -4.78687, -7.9452, 0.02135, 6.64994, 8.38075, 3.25967, 4.91349, -5.96354, 6.6107, -6.00446, -5.85911, -1.75253, 3.54866, 0.46161, 6.66979, -10.14787]"
42,sub11,supMAE,3,sub11-b1__0093__jump.npy,10,jump,10,0.37449408,1,"[7.13759, -1.96042, 4.66679, -6.83825, -10.99331, -2.00716, -4.36986, -7.97813, -0.29538, 5.9449, 8.09539, 2.90234, 4.17028, -5.28817, 6.78946, -5.68482, -7.52294, -1.46612, 3.73119, 1.64151, 7.90517, -10.35697]"
42,sub11,supMAE,3,sub11-b1__0094__jump.npy,10,jump,10,0.71473,1,"[4.89423, -1.43509, 4.64314, -6.15618, -11.04431, -1.93734, -4.84511, -8.00292, 0.36572, 6.81105, 8.77555, 2.98201, 4.33498, -4.81348, 6.2469, -5.76467, -6.44653, -1.45634, 3.26697, -0.39423, 6.68125, -9.25189]"
42,sub11,supMAE,3,sub11-b1__0095__jump.npy,10,jump,10,0.66975707,1,"[6.05659, -1.88394, 4.2379, -6.44402, -10.87855, -1.45154, -4.84649, -7.77778, -0.25633, 6.70263, 9.09279, 2.51156, 4.4357, -4.82377, 6.15659, -5.98404, -6.83315, -1.49359, 3.62307, 0.68634, 7.80947, -9.91171]"
42,sub11,supMAE,3,sub11-b1__0096__runonspot.npy,13,runonspot,13,0.99506193,1,"[1.28283, -3.45293, 4.85659, 1.40042, -3.7556, 0.17392, 3.62769, 2.7607, -5.88364, 0.35781, 2.63601, 2.23743, -6.95317, 11.03556, 3.81717, -1.32985, -8.93397, -0.59517, 3.41437, 2.71739, -1.03069, -5.28608]"
42,sub11,supMAE,3,sub11-b1__0097__runonspot.npy,13,runonspot,13,0.99419075,1,"[0.07535, -3.17362, 3.36962, 0.55053, -5.93483, 2.064, 3.29576, 3.65088, -5.8925, -0.04569, 5.0134, 2.22105, -5.18651, 11.39774, 3.04389, -2.1712, -8.01693, -1.13472, 5.40156, 2.44276, -1.79634, -7.52345]"
42,sub11,supMAE,3,sub11-b1__0098__runonspot.npy,13,runonspot,13,0.9947167,1,"[-0.04884, -4.66488, 3.90929, -0.42608, -5.09376, 0.85926, 3.91871, 3.54948, -6.16467, 0.51924, 5.10696, 1.38475, -4.23442, 12.11608, 2.37127, -2.01606, -8.59762, -1.37018, 6.42174, 3.51424, 0.2361, -8.00738]"
42,sub11,supMAE,3,sub11-b1__0099__runonspot.npy,13,runonspot,13,0.99104214,1,"[-0.68058, -4.20515, 5.77281, 0.83434, -5.11307, -0.99944, 2.96878, 2.91162, -3.82531, -1.27429, 1.78338, 0.95108, -4.80636, 11.69298, 2.851, -1.32818, -9.27538, -0.82793, 6.49885, 3.2547, 0.94208, -6.99602]"
42,sub11,supMAE,3,sub11-b1__0101__buttkicks.npy,4,buttkicks,4,0.99404967,1,"[0.9317, -4.16968, 0.41652, -0.82262, 16.04163, -5.46547, 2.68931, -5.04145, -5.8444, 10.91651, -6.47375, -0.03994, -3.36304, 2.9062, 4.595, -1.01244, 5.29404, 0.37014, -3.57185, 0.77704, 2.44975, 3.11737]"
42,sub11,supMAE,3,sub11-b1__0102__buttkicks.npy,4,buttkicks,4,0.99285334,1,"[0.58204, -4.32719, 1.11829, -1.34226, 15.5816, -5.33532, 3.53097, -5.40874, -6.08904, 10.63678, -6.87154, 0.00712, -2.75569, 2.61672, 5.52608, -1.91538, 4.49849, -0.28346, -2.56387, 2.38777, 3.79589, 1.21489]"
42,sub11,supMAE,3,sub11-b1__0103__buttkicks.npy,4,buttkicks,4,0.99339455,1,"[1.11518, -5.02489, -0.0517, -1.58953, 17.2379, -4.87815, 2.92205, -5.00815, -7.08249, 12.22101, -6.13792, -0.29665, -2.4857, 3.09906, 4.91204, -2.04293, 6.22889, -0.60004, -2.89498, 2.30863, 3.57041, 1.4314]"
42,sub11,supMAE,3,sub11-b1__0104__buttkicks.npy,4,buttkicks,4,0.9547062,1,"[0.4973, -4.53091, 0.80939, -2.04017, 15.1103, -4.82003, 2.69653, -5.45468, -6.39509, 12.05922, -5.37964, -0.44008, -1.86505, 2.47823, 5.32366, -2.34644, 5.14362, -0.73888, -1.8176, 2.66106, 4.20709, 0.05935]"
42,sub11,supMAE,3,sub11-b1__0106__airkick.npy,0,airkick,9,0.54701275,0,"[7.88349, -2.01658, 2.59182, -3.38253, -3.94669, -1.75303, -1.85375, -7.45282, -3.29744, 8.16965, 2.97396, 4.40151, 0.11317, -2.54201, 4.77086, -4.7914, -3.40483, 0.40192, -2.59446, -2.65472, 3.57851, -2.24]"
42,sub11,supMAE,3,sub11-b1__0108__airkick.npy,0,airkick,0,0.5998542,1,"[9.534, -2.03678, 1.66963, -2.46789, -2.16392, -1.09528, -1.69554, -7.11201, -4.83411, 9.11104, 2.89527, 4.15946, -1.4306, -1.73326, 4.14202, -3.85519, -2.48212, 1.52142, -4.24885, -4.12269, 2.11588, -0.33536]"
42,sub11,supMAE,3,sub11-b1__0109__airkick.npy,0,airkick,0,0.676262,1,"[10.11235, -1.94397, 1.47599, -3.23778, -3.04953, -0.58889, -1.34337, -7.17641, -5.29343, 9.35625, 3.50537, 4.46666, -0.6888, -2.09842, 4.50178, -4.44886, -2.78814, 0.84011, -3.42586, -3.49332, 2.08342, -1.65347]"
42,sub11,supMAE,3,sub11-b1__0110__airkick.npy,0,airkick,0,0.6907589,1,"[9.28418, -1.83245, 2.11256, -3.28316, -4.04436, -0.70805, -1.96015, -7.25599, -4.18805, 8.42349, 3.59287, 4.55973, -0.32401, -2.7982, 4.60209, -4.73221, -3.50258, 1.1007, -3.04627, -3.30402, 3.10886, -1.97315]"
42,sub11,supMAE,3,sub11-b1__0111__sidekick.npy,14,sidekick,14,0.8469798,1,"[6.85122, 1.80759, 4.15868, -2.26706, -6.36194, -1.91492, 0.91492, -7.10541, -4.83029, 7.1867, 0.45367, 6.4529, -0.87747, -0.87455, 9.70978, -5.18619, -3.10664, -3.21721, -4.55328, -1.9581, -1.66124, -4.03498]"
42,sub11,supMAE,3,sub11-b1__0112__sidekick.npy,14,sidekick,14,0.7449431,1,"[8.44527, 1.20184, 3.49642, -4.06869, -6.33475, -2.11024, 0.91454, -8.39696, -4.85224, 7.50189, 1.50413, 7.51921, 0.33063, -3.55056, 10.10224, -5.70257, -3.551, -2.69601, -4.15496, -1.90531, -0.4877, -4.47434]"
42,sub11,supMAE,3,sub11-b1__0113__sidekick.npy,14,sidekick,14,0.75431716,1,"[7.7576, 0.37844, 1.8848, -3.18242, -2.06068, -1.88215, 1.68281, -7.78801, -6.11876, 8.77759, 0.24177, 7.22832, -1.43681, -2.74867, 10.35394, -5.09856, -0.98797, -1.97708, -5.13061, -1.95253, -1.70456, -2.70643]"
42,sub11,supMAE,3,sub11-b1__0114__sidekick.npy,14,sidekick,14,0.7898234,1,"[7.83497, 1.3097, 3.70822, -3.96821, -6.79553, -1.72372, -0.06449, -8.36921, -4.25147, 7.5016, 1.78737, 7.53536, 0.81161, -4.26509, 10.06685, -6.31788, -3.26053, -2.62669, -4.05338, -2.06656, -0.07126, -4.75005]"
42,sub11,supMAE,3,sub11-b1__0116__sidekick.npy,14,sidekick,14,0.5291779,1,"[8.01585, -0.35648, 2.51323, -3.95526, -3.53714, -1.69106, 0.86334, -8.09504, -5.85115, 9.66162, 1.77749, 7.82757, -0.10095, -3.4911, 10.08162, -5.8012, -1.12718, -2.13512, -4.53724, -2.4457, -1.06512, -3.76464]"
42,sub11,supMAE,3,sub11-b1__0117__sidekick.npy,14,sidekick,14,0.6228213,1,"[7.84315, 0.0994, 3.59359, -5.01782, -6.76034, -2.10587, -1.76645, -8.70906, -3.811, 9.11111, 3.04443, 7.22078, 2.60074, -5.17991, 9.97783, -6.45063, -1.88655, -3.05123, -3.45397, -2.13745, 1.06884, -5.94312]"
42,sub11,supMAE,3,sub11-b1__0118__crosstoe.npy,6,crosstoe,6,0.98600835,1,"[9.44838, -0.05836, -0.88645, -5.43538, -4.23306, -3.99276, 13.82331, -3.40356, -7.73214, 2.24449, -1.7555, 7.34789, -3.33079, 1.37834, 1.65736, 2.50266, -6.50451, -0.18633, 3.22818, 0.6729, -5.23227, -1.89081]"
42,sub11,supMAE,3,sub11-b1__0119__crosstoe.npy,6,crosstoe,6,0.9940795,1,"[9.53255, -1.14463, -1.02289, -5.83298, -3.52996, -4.08616, 14.81164, -2.8411, -8.83609, 2.71045, -0.94664, 7.71701, -3.52955, 2.48418, 1.84022, 2.39101, -7.12549, -0.21316, 3.34179, 1.45914, -5.37487, -2.20568]"
42,sub11,supMAE,3,sub11-b1__0120__crosstoe.npy,6,crosstoe,6,0.9976037,1,"[8.36547, -2.14545, -0.07062, -7.24847, -3.83135, -5.00252, 15.27773, -2.66231, -8.57499, 2.74244, -1.9029, 8.68435, -1.31671, 1.82713, 3.05054, 1.24741, -6.86257, -1.69433, 4.32867, 3.5744, -4.12726, -4.26425]"
42,sub11,supMAE,3,sub11-b1__0121__crosstoe.npy,6,crosstoe,6,0.99494934,1,"[9.5848, -2.09163, -0.67492, -6.4884, -3.46199, -4.32015, 15.1501, -2.74114, -9.15633, 2.83536, -1.57107, 8.43839, -2.52393, 2.32065, 2.6776, 1.49656, -7.01042, -0.76891, 3.99309, 2.85855, -4.53078, -3.6889]"
42,sub11,supMAE,3,sub11-b1__0122__crosstoe.npy,6,crosstoe,6,0.9952951,1,"[9.63271, -1.39347, -0.7504, -6.32465, -3.67132, -4.66541, 15.1854, -3.20832, -8.37772, 2.28801, -1.11452, 8.08472, -2.99506, 2.03724, 1.91937, 1.78732, -8.11074, -0.24721, 4.09337, 2.13339, -4.70245, -2.2951]"
42,sub11,supMAE,3,sub11-b1__0123__throw.npy,18,throw,18,0.9999807,1,"[-0.66855, -1.26639, -0.02574, -2.61684, -7.39438, 1.24066, 3.59037, -0.54535, -0.3549, -1.06176, -1.46435, -0.0915, 0.081, 0.66468, 2.39417, -2.47805, -5.42545, -1.09166, 15.0647, 2.0521, -0.45873, -7.98534]"
42,sub11,supMAE,3,sub11-b1__0124__throw.npy,18,throw,18,0.9996778,1,"[1.33978, 2.45168, -0.51887, -0.46269, -6.97987, -0.8094, 4.02326, -0.72699, 0.44153, -2.59321, -0.52983, -0.76505, -3.1193, 3.08821, 0.35748, -1.33624, -7.82041, -0.86402, 12.65386, -0.53114, -3.48907, -4.84713]"
42,sub11,supMAE,3,sub11-b1__0126__throw.npy,18,throw,18,0.9999013,1,"[1.77144, -0.47617, 0.41731, -2.64343, -7.1853, -1.05573, 4.75551, -1.41602, -0.92218, -1.49633, -0.12602, 0.56078, -1.13636, 2.03619, 1.32633, -1.48342, -8.22073, -0.87073, 14.19102, 1.11274, -1.50004, -7.11037]"
42,sub11,supMAE,3,sub11-b1__0127__throw.npy,18,throw,18,0.88610286,1,"[4.06385, 3.21865, 2.55663, -2.90775, -7.02433, -5.70675, 1.71831, -6.29048, 3.33051, -2.39804, -4.56238, -2.1166, 0.22356, 0.05387, 1.28256, -1.29247, -8.97777, -1.18764, 7.08914, 1.31345, 2.63289, -2.50805]"
42,sub11,supMAE,3,sub11-b2__0001__walk.npy,20,walk,20,0.9792515,1,"[-0.58426, -5.06449, 5.07087, -3.24419, -4.68101, -5.30639, -6.73383, -3.63556, 0.30023, 5.87361, 6.84539, 0.04015, 5.32867, -2.05851, 4.77723, -1.56113, -3.0586, -5.78754, 6.36696, 4.94028, 11.68029, -9.53531]"
42,sub11,supMAE,3,sub11-b2__0002__turnaround.npy,19,turnaround,19,0.9999982,1,"[5.96767, 0.64207, 4.14707, -5.02825, 0.31333, -4.35065, 5.69277, -3.36975, -5.40959, -2.04552, -0.23033, -3.57542, -3.94606, 3.92187, 1.62793, 5.29677, -11.17241, -4.31745, 5.3093, 21.17345, 7.3761, -10.7355]"
42,sub11,supMAE,3,sub11-b2__0003__walk.npy,20,walk,19,0.5660008,0,"[10.46711, -11.07781, 0.46353, -3.16653, 9.67592, -1.864, 1.18489, -1.36381, -14.1826, 7.05274, 6.00107, -4.03685, -1.03723, 9.19431, 6.20469, -3.66351, -5.76724, -2.6853, 0.97844, 14.77894, 14.48155, -8.72299]"
42,sub11,supMAE,3,sub11-b2__0004__turnaround.npy,19,turnaround,19,0.9896445,1,"[4.02931, -8.04869, 3.16567, -2.92305, 4.46062, -4.39567, -2.11938, -1.78871, -5.91328, 4.14599, 3.4015, -2.82864, -0.3643, 2.93912, 8.55926, 1.87716, -5.06445, -4.15098, 3.34261, 16.10048, 11.48536, -7.75835]"
42,sub11,supMAE,3,sub11-b2__0005__walk.npy,20,walk,20,0.9418938,1,"[3.28734, -9.88539, 4.32984, -0.12876, 2.29037, 0.12328, -4.07933, -0.02654, -5.16614, 3.75154, 4.89418, -1.02209, -0.77765, 1.76309, 8.89175, -2.50403, -6.17484, -0.33029, 4.92122, 5.58279, 11.76955, -4.81587]"
42,sub11,supMAE,3,sub11-b2__0006__turnaround.npy,19,turnaround,19,0.9906164,1,"[11.5129, -5.59866, 2.15234, -2.71245, 6.98378, -0.48525, 5.41249, -0.99141, -12.50396, 2.78101, 3.84662, -3.00693, -6.76483, 7.37813, 6.54391, -0.54333, -10.47741, -0.50708, 2.85501, 16.26148, 8.63795, -7.34558]"
42,sub11,supMAE,3,sub11-b2__0007__walk.npy,20,walk,19,0.56898445,0,"[6.24174, -8.53116, 0.13408, -3.24964, 8.42388, -2.70776, -2.92724, -1.61488, -10.86306, 8.11474, 4.00702, -2.47436, 2.57782, 5.98865, 7.08361, -3.388, 0.41988, -5.60191, -1.13917, 11.7129, 11.31991, -7.4045]"
42,sub11,supMAE,3,sub11-b2__0008__turnaround.npy,19,turnaround,19,0.9801573,1,"[2.37744, -8.1933, 2.63208, -2.99901, 4.09496, -2.90889, -1.62792, -0.63682, -5.80473, 3.47825, 2.49388, -2.43487, 0.30303, 2.43889, 8.76617, 1.73399, -4.35248, -4.04511, 4.85155, 15.23106, 11.24755, -7.80258]"
42,sub11,supMAE,3,sub11-b2__0009__walk.npy,20,walk,20,0.9519018,1,"[4.3136, -8.70165, 5.18501, -0.97785, 1.73612, -0.63405, -3.87957, -0.11175, -4.40542, 2.33688, 4.2896, -0.28339, -1.2072, 0.99057, 8.63549, -2.61397, -7.88147, 1.10868, 3.8675, 4.65867, 11.70652, -3.98913]"
42,sub11,supMAE,3,sub11-b2__0011__walk.npy,20,walk,19,0.5420435,0,"[0.98221, -6.64862, -0.46829, -3.81496, 6.7435, -1.68934, -4.95256, -0.79917, -7.56857, 6.88859, 3.12866, -2.48085, 3.84505, 3.25634, 6.9836, -2.03471, 2.44337, -5.3158, -1.20379, 11.56111, 11.35788, -7.29006]"
42,sub11,supMAE,3,sub11-b2__0012__turnaround.npy,19,turnaround,19,0.79582536,1,"[0.23396, -10.01364, 1.77762, -3.71182, 4.24975, -2.12006, -1.57545, 0.32736, -4.65092, 3.67804, 2.25578, -1.78592, 1.59676, 1.26309, 8.89957, 0.31428, -3.32782, -2.97692, 7.24794, 13.40819, 11.99442, -7.08396]"
42,sub11,supMAE,3,sub11-b2__0014__turnaround.npy,19,turnaround,19,0.99681026,1,"[8.96326, -6.93824, 1.97957, -2.84749, 7.76363, -0.47162, 3.98157, -0.28706, -12.37692, 3.53306, 2.76613, -2.20906, -5.27802, 6.46404, 8.81783, -1.69774, -7.48002, -1.48975, 2.70744, 16.13685, 9.61031, -7.94059]"
42,sub11,supMAE,3,sub11-b2__0015__walk.npy,20,walk,20,0.826241,1,"[-1.66694, -6.18257, 0.82315, -3.51073, 4.28489, -1.43518, -6.55722, -0.69886, -4.57791, 5.15154, 0.6242, -0.85383, 5.20297, 0.04895, 7.85378, -2.5836, 3.21134, -4.69828, -1.17735, 10.15114, 11.82229, -6.56328]"
42,sub11,supMAE,3,sub11-b2__0016__turnaround.npy,19,turnaround,20,0.5054133,0,"[0.91894, -10.71025, 2.00004, -3.09365, 3.86893, -1.00789, -0.41511, 1.10727, -4.62577, 2.34684, 2.29968, -1.69047, 0.39334, 1.66731, 8.40876, -0.34149, -5.5195, -0.99897, 8.8767, 11.83294, 11.93641, -6.21445]"
42,sub11,supMAE,3,sub11-b2__0017__walk.npy,20,walk,20,0.9716868,1,"[5.24933, -8.86008, 4.29144, -1.69946, 2.96813, 0.12674, -2.26701, -0.02141, -5.44351, 2.48356, 4.75873, -1.03602, -1.54951, 2.49494, 7.92271, -3.38328, -8.80472, 2.45355, 4.06249, 4.82826, 11.66154, -3.85391]"
42,sub11,supMAE,3,sub11-b2__0018__turnaround.npy,19,turnaround,19,0.995921,1,"[7.98283, -7.67785, 1.928, -3.18404, 7.90521, 0.07207, 3.67054, 0.16839, -12.3007, 3.40129, 2.67873, -2.22669, -4.45965, 6.25746, 9.00334, -2.43156, -7.13141, -1.32273, 3.41451, 16.57974, 10.83106, -8.53834]"
42,sub11,supMAE,3,sub11-b2__0019__walk.npy,20,walk,20,0.9652072,1,"[-3.64803, -6.42109, 0.9428, -4.00017, 2.7635, -1.03459, -7.44798, -0.36266, -2.80148, 4.81067, -0.25262, 0.23165, 7.23729, -1.65287, 8.22564, -3.81356, 3.905, -4.21505, -0.3343, 8.26347, 12.44994, -6.20155]"
42,sub11,supMAE,3,sub11-b2__0020__turnaround.npy,19,turnaround,19,0.59129834,1,"[1.86552, -10.7835, 1.17635, -2.81897, 4.76657, 0.65019, 0.80672, 1.67464, -6.02505, 2.29323, 2.77206, -1.78763, -0.85338, 2.67908, 8.28403, -1.49589, -5.95569, -0.20783, 9.01897, 11.78372, 11.26726, -5.99478]"
42,sub11,supMAE,3,sub11-b2__0021__hop.npy,9,hop,20,0.58525866,0,"[3.89632, -10.91959, 1.17093, -3.00473, 8.43335, 1.4219, -1.36713, 1.00759, -9.17062, 8.40828, 6.46515, -0.87479, -0.83631, 5.0335, 7.89543, -6.10777, -2.21036, 0.02962, 4.04134, 5.66303, 9.81474, -4.51183]"
42,sub11,supMAE,3,sub11-b2__0022__hop.npy,9,hop,4,0.45662248,0,"[3.85777, -10.55552, 0.12111, -2.26939, 9.45639, 2.1564, -1.04758, 1.50461, -9.70525, 8.56689, 6.38892, -1.58229, -1.83285, 5.97685, 7.59317, -5.79398, -1.494, 0.04124, 3.5399, 5.47069, 8.80312, -3.74367]"
42,sub11,supMAE,3,sub11-b2__0023__hop.npy,9,hop,20,0.43517968,0,"[4.24244, -10.29344, 0.6107, -2.8257, 8.73523, 1.30667, -1.30979, 1.10867, -9.01529, 8.30114, 6.3019, -1.32366, -1.70736, 5.0002, 7.3617, -5.12348, -2.21859, 0.4686, 3.56752, 5.28117, 9.19862, -3.54172]"
42,sub11,supMAE,3,sub11-b2__0024__hop.npy,9,hop,20,0.56950337,0,"[4.39779, -11.26133, 0.62692, -3.02297, 9.17702, 1.72888, -1.05045, 1.04393, -9.876, 8.81242, 6.97846, -1.73275, -1.04908, 5.80629, 7.54885, -5.99889, -2.23938, 0.14873, 4.19356, 6.1325, 10.1989, -4.84367]"
42,sub11,supMAE,3,sub11-b2__0025__hop.npy,9,hop,20,0.347389,0,"[4.12617, -11.21799, 0.12486, -3.22846, 9.27337, 2.33471, -0.63934, 0.94021, -10.05047, 9.0929, 6.79767, -1.00487, -1.05102, 5.17916, 7.74942, -6.24507, -1.59911, 0.1548, 4.10764, 5.73338, 9.42929, -4.40406]"
42,sub11,supMAE,3,sub11-b2__0026__hop.npy,9,hop,20,0.64548343,0,"[7.26625, -8.23045, 3.32953, -2.24025, 3.64583, 0.78409, -0.84666, -0.73237, -7.22802, 3.15584, 6.20261, -0.01713, -3.31715, 3.04406, 8.7291, -4.52221, -9.34478, 2.85887, 3.12473, 5.20171, 9.64023, -3.61108]"
42,sub11,supMAE,3,sub11-b2__0027__hop.npy,9,hop,20,0.7226111,0,"[7.33149, -8.51767, 3.31567, -2.22435, 3.96984, 0.7576, -0.93626, -0.54866, -7.3583, 3.3733, 6.34274, -0.35056, -3.36105, 3.40173, 8.60456, -4.49255, -9.27605, 2.90813, 3.31645, 5.30015, 9.93742, -3.75485]"
42,sub11,supMAE,3,sub11-b2__0028__hop.npy,9,hop,20,0.6836614,0,"[7.29558, -8.32605, 3.31504, -2.36437, 3.71936, 0.79506, -0.85599, -0.69548, -7.38901, 3.4092, 6.44226, -0.15302, -3.18945, 3.23626, 8.69724, -4.62393, -9.20024, 2.74628, 3.24351, 5.35287, 9.81481, -3.95833]"
42,sub11,supMAE,3,sub11-b2__0029__hop.npy,9,hop,20,0.44514173,0,"[7.56041, -8.16163, 3.21601, -2.3368, 3.93018, 1.02282, -0.43602, -0.76664, -7.97188, 3.77354, 6.68189, 0.49523, -3.45469, 3.2454, 9.03194, -5.09508, -8.93207, 2.38083, 2.77238, 5.21701, 9.12512, -3.83992]"
42,sub11,supMAE,3,sub11-b2__0030__hop.npy,9,hop,20,0.4950494,0,"[7.74992, -8.09334, 3.46323, -2.2583, 3.71585, 0.79143, -0.42915, -0.78041, -7.67629, 3.3056, 6.29189, 0.4423, -3.5276, 3.15748, 8.93497, -5.03052, -9.41035, 2.74619, 2.81574, 5.17159, 9.26674, -3.62852]"
42,sub11,supMAE,3,sub11-b2__0031__runonspot.npy,13,runonspot,13,0.9291453,1,"[6.62144, -3.14121, -1.49233, 0.64296, 12.23463, 0.65712, 3.83845, 4.3037, -12.12593, 3.47884, 1.98147, -3.72503, -7.54888, 14.81577, 5.23876, -2.06447, -3.32938, -1.09375, -1.4216, 6.09282, 1.30055, -1.66901]"
42,sub11,supMAE,3,sub11-b2__0032__runonspot.npy,13,runonspot,13,0.9965276,1,"[7.21139, -2.25243, 0.421, 1.47556, 8.32082, 1.24355, 3.19941, 4.23075, -10.89111, 1.04045, 2.17238, -3.6855, -7.13647, 14.32753, 4.16748, -2.24032, -6.53208, -0.05893, -1.67659, 5.084, 2.23846, -1.65327]"
42,sub11,supMAE,3,sub11-b2__0033__runonspot.npy,13,runonspot,13,0.9973871,1,"[6.63585, -2.79863, 0.95593, 1.63504, 7.9509, 0.67922, 2.40738, 4.3508, -10.00344, 0.80681, 2.15434, -3.92954, -6.94681, 14.22531, 4.17405, -2.20431, -6.96794, 0.25193, -0.83562, 5.00811, 3.03162, -1.76364]"
42,sub11,supMAE,3,sub11-b2__0034__runonspot.npy,13,runonspot,13,0.99650156,1,"[7.55468, -1.7865, 1.30822, 1.53922, 7.1542, 0.1649, 2.94282, 3.80323, -9.84911, 0.15299, 1.97209, -3.25737, -7.63398, 13.79908, 4.37981, -1.83105, -8.05993, 0.70244, -1.68118, 4.49728, 2.33062, -1.26574]"
42,sub11,supMAE,3,sub11-b2__0035__runonspot.npy,13,runonspot,13,0.9949962,1,"[7.03122, -2.90993, 0.24486, 1.52356, 9.09546, 0.84314, 3.19866, 4.3189, -10.80083, 1.25962, 2.15692, -3.98197, -7.65207, 14.55645, 4.53955, -1.85553, -6.56722, 0.14171, -0.70779, 5.62339, 2.4756, -1.8817]"
42,sub11,supMAE,3,sub11-b2__0037__buttkicks.npy,4,buttkicks,4,0.99306035,1,"[6.71352, -9.23186, -3.62609, -2.21617, 15.68013, 3.10913, 2.29543, 1.42661, -14.0078, 10.39724, 5.35529, -0.73822, -5.37637, 7.04701, 9.1509, -4.62165, 1.73024, -0.8449, 0.45719, 6.36283, 4.56362, -2.53969]"
42,sub11,supMAE,3,sub11-b2__0038__buttkicks.npy,4,buttkicks,4,0.99579144,1,"[6.64549, -9.53597, -3.81782, -1.96465, 16.62477, 3.08787, 2.25235, 1.37457, -14.31057, 11.00562, 5.49862, -1.2362, -5.39138, 7.63458, 8.71693, -4.59669, 2.16839, -0.9936, 0.58649, 6.39796, 4.61295, -2.56627]"
42,sub11,supMAE,3,sub11-b2__0040__buttkicks.npy,4,buttkicks,4,0.9939043,1,"[6.50463, -10.15938, -4.04826, -2.15221, 16.47187, 3.18966, 2.14108, 1.55884, -14.25257, 11.27952, 5.53623, -1.74101, -4.70479, 7.77247, 8.32626, -4.53419, 2.3407, -0.98967, 0.81322, 6.21683, 5.29445, -2.53682]"
42,sub11,supMAE,3,sub11-b2__0041__airkick.npy,0,airkick,0,0.9599315,1,"[12.62675, -5.97204, 1.78859, -1.89282, 8.23823, -0.68402, 3.02718, -0.21623, -12.01493, 4.28331, 5.39058, -0.33559, -6.59021, 8.82003, 6.79667, -3.20911, -8.73419, 1.60041, -0.98095, 6.21138, 6.09507, -2.53254]"
42,sub11,supMAE,3,sub11-b2__0042__airkick.npy,0,airkick,0,0.9583937,1,"[12.26083, -4.98953, 1.53342, -1.79281, 7.3112, 0.13697, 4.0012, -0.42792, -12.20404, 4.31379, 5.34248, 1.16331, -7.4327, 7.98277, 8.31916, -4.27446, -8.75343, 1.81959, -1.27687, 5.36375, 4.30572, -2.32766]"
42,sub11,supMAE,3,sub11-b2__0043__airkick.npy,0,airkick,0,0.9224107,1,"[12.03944, -4.42285, 3.08148, -1.56053, 6.02101, -1.7069, 4.77704, -0.84679, -11.19055, 3.14121, 4.47777, 0.9373, -7.98429, 9.03511, 8.47875, -3.88121, -10.82579, 2.31784, -0.83262, 5.58785, 4.52247, -2.83124]"
42,sub11,supMAE,3,sub11-b2__0045__airkick.npy,0,airkick,0,0.929364,1,"[12.15881, -5.50597, 1.91266, -2.03781, 5.99041, 1.30946, 3.98519, -1.16432, -11.85474, 4.14195, 5.02792, 2.29148, -7.18298, 5.18532, 9.49314, -5.33689, -9.20668, 2.76643, -0.89035, 5.07897, 5.22299, -2.39157]"
42,sub11,supMAE,3,sub11-b2__0046__airkick.npy,0,airkick,0,0.96492165,1,"[12.68361, -5.4323, 2.44329, -1.93453, 6.24865, -0.08539, 4.09166, -1.35569, -11.52535, 3.6615, 4.77693, 2.04714, -7.61718, 5.7943, 9.23232, -4.52992, -9.99576, 2.8149, -1.03155, 5.32609, 5.25844, -2.01272]"
42,sub11,supMAE,3,sub11-b2__0047__sidekick.npy,14,sidekick,14,0.7157522,1,"[9.94687, -5.23581, 3.65476, -2.39389, 3.26685, 0.06222, 2.54125, -1.71108, -9.14982, 2.61766, 4.22378, 3.30248, -5.05268, 2.68323, 10.89975, -5.1474, -9.79158, 1.9195, -0.49722, 4.12307, 5.86068, -2.46578]"
42,sub11,supMAE,3,sub11-b2__0049__sidekick.npy,14,sidekick,14,0.49497437,1,"[9.76738, -4.21556, 4.02804, -2.43273, 2.29444, -0.66606, 2.30696, -1.65195, -7.80065, 1.51955, 3.30874, 3.10423, -5.16797, 1.79322, 9.77491, -3.58851, -10.53646, 2.35218, -0.61368, 3.83488, 5.68456, -1.42033]"
42,sub11,supMAE,3,sub11-b2__0050__sidekick.npy,14,sidekick,14,0.52467316,1,"[9.8812, -5.20171, 4.04741, -2.43083, 2.28415, -0.28167, 1.98213, -1.69805, -8.09019, 1.98681, 3.97906, 2.92476, -4.85575, 1.87357, 10.01877, -4.04246, -10.45832, 2.41495, -0.13138, 3.97365, 6.30472, -1.93817]"
42,sub11,supMAE,3,sub11-b2__0051__sidekick.npy,14,sidekick,14,0.6535649,1,"[10.31686, -4.90793, 2.40975, -2.25436, 4.4043, 0.79017, 2.35489, -1.64284, -9.71228, 3.35559, 4.3296, 3.2609, -5.58555, 2.50357, 10.96598, -5.00026, -8.4528, 1.80195, -1.11777, 3.7664, 4.93569, -1.74011]"
42,sub11,supMAE,3,sub11-b2__0052__crosstoe.npy,6,crosstoe,6,0.9305265,1,"[5.21498, -6.07678, 5.15065, -5.55809, 1.2693, -0.48136, 12.68762, 0.21069, -9.69681, -0.39756, -1.44729, 8.61349, -1.11947, 2.47721, 9.21919, -8.07411, -10.23472, -0.65866, 6.6185, 8.89098, 5.21367, -7.14325]"
42,sub11,supMAE,3,sub11-b2__0053__crosstoe.npy,6,crosstoe,6,0.9711326,1,"[6.06532, -4.50888, 4.96815, -5.76083, 0.4929, -1.14865, 13.59592, 0.27411, -9.76446, -0.9907, -1.25583, 7.79791, -2.42152, 3.47979, 8.61308, -6.10313, -11.45577, -0.73098, 6.60334, 9.58415, 3.79969, -7.61446]"
42,sub11,supMAE,3,sub11-b2__0054__crosstoe.npy,6,crosstoe,6,0.98349357,1,"[6.1723, -4.07342, 4.29953, -5.66325, 0.91598, -0.18553, 14.1313, 0.44067, -10.44884, -0.86658, -1.39006, 8.21396, -2.84993, 3.37145, 8.33911, -5.81125, -10.62137, -1.01295, 5.90198, 9.5588, 2.81237, -7.14447]"
42,sub11,supMAE,3,sub11-b2__0055__crosstoe.npy,6,crosstoe,6,0.9596893,1,"[5.96921, -4.4931, 4.75083, -5.92483, 0.22332, -0.99674, 13.18098, 0.11619, -9.63722, -0.76246, -1.43421, 8.30693, -2.13077, 2.7354, 8.88937, -6.07116, -10.89642, -0.7001, 5.95979, 9.21085, 3.79189, -7.1692]"
42,sub11,supMAE,3,sub11-b2__0056__crosstoe.npy,6,crosstoe,6,0.9628289,1,"[6.11169, -4.61427, 4.75766, -6.05184, 0.11637, -0.15635, 13.20755, 0.66621, -10.25952, -0.66229, -1.23337, 8.66535, -2.23928, 2.80193, 8.91383, -6.58019, -10.7557, -0.2216, 6.13179, 8.80869, 3.80317, -7.56373]"
42,sub11,supMAE,3,sub11-b2__0057__crosstoe.npy,6,crosstoe,6,0.9657746,1,"[6.40687, -4.89532, 4.81215, -6.02911, 0.06907, -0.66349, 13.35117, 0.36665, -10.21996, -0.4071, -1.25377, 8.99909, -2.01846, 2.89165, 8.8393, -6.93833, -10.89211, -0.29377, 6.37719, 8.68038, 3.96077, -7.55441]"
42,sub11,supMAE,3,sub11-b2__0058__throw.npy,18,throw,19,0.60170823,0,"[5.37499, -11.38496, 3.22216, -2.69768, 0.27144, -0.50931, 3.31952, 1.98192, -6.8453, 1.94858, 4.60792, -0.10696, -2.70936, 5.26212, 7.84682, -1.49659, -10.57117, 0.39365, 9.84983, 10.50616, 7.64665, -6.1267]"
42,sub11,supMAE,3,sub11-b2__0059__throw.npy,18,throw,18,0.6013414,1,"[1.57117, -11.92046, 2.10481, -1.10943, -3.46918, -0.68549, -3.22771, -0.01025, -1.08499, 2.26836, 6.2015, 0.72012, 1.98391, 2.25659, 8.30129, -3.28407, -7.59951, 2.54181, 8.94454, -0.94191, 6.21941, -1.48516]"
42,sub11,supMAE,3,sub11-b2__0060__throw.npy,18,throw,18,0.8783056,1,"[2.13606, -13.41824, 1.382, -1.4789, -2.84727, 0.14928, -1.85203, 1.28432, -3.06745, 2.98545, 6.93569, 1.04721, 1.40343, 3.38024, 8.16931, -3.13104, -7.73299, 2.5684, 10.50021, 0.01399, 5.95469, -2.69731]"
42,sub11,supMAE,3,sub11-b2__0062__throw.npy,18,throw,18,0.7382013,1,"[2.49176, -12.13921, 1.18045, -1.9632, -2.56136, -0.85617, -1.88436, -0.41649, -1.93155, 3.25213, 6.73603, 0.82556, 1.35382, 1.97425, 8.00099, -2.13555, -7.14565, 2.75187, 9.37608, -0.18936, 5.65836, -1.65072]"
42,sub11,supMAE,3,sub11-b2__0064__walk.npy,20,walk,10,0.5200212,0,"[1.889, -12.02536, -0.94606, -1.5324, 0.56994, 0.84666, -2.59625, 0.31127, -4.91699, 7.39939, 8.48115, 0.50673, 2.68699, 4.01157, 7.45143, -4.31506, -2.10643, 0.14441, 6.77376, -0.91159, 4.89444, -2.02643]"
42,sub11,supMAE,3,sub11-b2__0065__turnaround.npy,19,turnaround,19,0.7479184,1,"[3.19009, -8.22601, 2.20012, -2.89032, -0.77825, -0.38955, -1.58261, 0.37403, -2.74743, -1.12953, 3.82899, -0.13752, -1.65581, -0.07399, 7.23543, 3.89048, -7.25563, 2.04283, 6.57952, 8.98742, 6.10434, -3.6133]"
42,sub11,supMAE,3,sub11-b2__0066__walk.npy,20,walk,14,0.7925374,0,"[-5.63106, -6.68665, 4.47415, -3.16573, -6.41507, 0.73384, -6.77151, 1.24417, 3.79774, -4.75054, 0.2537, 4.28801, 4.02776, -6.16848, 8.08594, 1.28048, -4.11649, 2.71967, 5.0966, 3.51693, 5.90294, -2.07442]"
42,sub11,supMAE,3,sub11-b2__0067__turnaround.npy,19,turnaround,19,0.83841085,1,"[-0.15467, -9.6201, 1.60395, -3.37254, 0.26648, 0.66201, -1.74499, 1.19451, -4.43334, 2.44006, 5.30694, -0.6847, 1.76021, 2.59563, 7.61854, 0.88449, -4.16213, -2.29626, 6.60729, 11.03758, 9.10024, -6.99076]"
42,sub11,supMAE,3,sub11-b2__0068__walk.npy,20,walk,10,0.5824716,0,"[2.56958, -11.96416, -1.34358, -1.46323, 1.07818, 1.42559, -2.14676, 0.45492, -5.76796, 7.60741, 8.7332, 0.60877, 2.11829, 4.49373, 7.35802, -4.40265, -1.84503, 0.1715, 6.50857, -0.80462, 4.27291, -1.95472]"
42,sub11,supMAE,3,sub11-b2__0069__turnaround.npy,19,turnaround,14,0.41473556,0,"[-0.25016, -8.46484, 2.28547, -3.21248, -2.623, 1.01321, -2.9757, 0.88829, -0.91136, -1.27727, 3.66972, 0.67563, 0.41626, -1.75141, 8.10586, 1.98185, -5.87091, 2.4071, 7.59569, 7.58479, 6.46277, -3.96698]"
42,sub11,supMAE,3,sub11-b2__0070__walk.npy,20,walk,14,0.80405194,0,"[-5.36688, -6.4882, 4.58906, -3.06615, -6.4745, 0.48364, -6.62751, 1.11622, 3.70924, -4.81429, 0.37316, 4.18807, 3.78688, -5.95816, 8.06533, 1.47365, -4.46188, 2.60798, 4.96044, 3.72433, 5.76173, -2.07071]"
42,sub11,supMAE,3,sub11-b2__0071__turnaround.npy,19,turnaround,19,0.90538156,1,"[-0.00817, -9.06149, 1.31828, -3.79215, 0.79295, 0.56369, -1.20346, 1.14824, -4.9009, 2.94425, 4.86534, -0.32856, 1.53411, 2.26436, 7.96728, 0.97077, -3.31078, -2.51026, 5.6017, 11.26271, 8.47694, -6.83962]"
42,sub11,supMAE,3,sub11-b2__0072__walk.npy,20,walk,10,0.5719324,0,"[2.60135, -12.17164, -1.26194, -1.69465, 1.22043, 1.19735, -1.97877, 0.4112, -5.97138, 7.83824, 8.81232, 0.74371, 2.39573, 4.56344, 7.36787, -4.52831, -1.81396, -0.05877, 6.53695, -0.58515, 4.4282, -2.1524]"
42,sub11,supMAE,3,sub11-b2__0073__turnaround.npy,19,turnaround,18,0.36697534,0,"[0.47762, -9.49856, 1.96718, -3.04933, -1.56862, 1.04373, -1.85782, 1.14993, -1.93819, -0.66241, 3.98142, -0.08575, -0.20142, -0.21662, 7.6581, 1.98502, -6.47737, 2.57861, 8.31344, 8.21859, 7.0171, -3.97939]"
42,sub11,supMAE,3,sub11-b2__0074__walk.npy,20,walk,14,0.81060934,0,"[-5.38818, -6.50007, 4.51823, -3.16811, -6.49554, 0.61124, -6.85979, 1.1342, 3.73305, -4.65358, 0.40141, 4.19756, 3.96128, -6.08857, 8.14219, 1.37901, -4.14326, 2.58586, 4.96245, 3.62267, 5.84675, -2.23098]"
42,sub11,supMAE,3,sub11-b2__0075__turnaround.npy,19,turnaround,19,0.9188623,1,"[0.00023, -8.73828, 1.6451, -3.93185, 0.60386, 0.4554, -1.31348, 1.15399, -4.82074, 2.47991, 4.24456, -0.17016, 1.81889, 1.9848, 8.12656, 1.00444, -3.20946, -2.72885, 5.14604, 11.57092, 8.6466, -6.94392]"
42,sub11,supMAE,3,sub11-b2__0076__walk.npy,20,walk,10,0.6066752,0,"[2.8339, -11.89742, -1.71855, -1.68042, 1.65065, 1.61235, -1.90379, 0.56618, -6.35128, 8.00183, 8.99415, 0.76568, 1.9667, 4.69347, 7.29161, -4.47992, -1.2798, -0.07462, 6.34974, -0.45495, 3.83057, -2.0892]"
42,sub11,supMAE,3,sub11-b2__0077__turnaround.npy,19,turnaround,14,0.3977712,0,"[0.5792, -8.23052, 2.4237, -3.08639, -2.55822, 0.67478, -2.83511, 0.74386, -0.9842, -1.64551, 3.61589, 0.70826, -0.20072, -1.6775, 7.92639, 2.42117, -6.56205, 2.67801, 7.1566, 7.71882, 6.35629, -3.51018]"
42,sub11,supMAE,3,sub11-b2__0078__walk.npy,20,walk,14,0.7750395,0,"[-5.27709, -6.66547, 4.87775, -3.13227, -6.63966, 0.10795, -6.76607, 0.94169, 4.02622, -4.97487, 0.13156, 4.03269, 3.96423, -6.06739, 8.14676, 1.5794, -4.71927, 2.71643, 5.11697, 3.6768, 6.16164, -2.1729]"
42,sub11,supMAE,3,sub11-b2__0079__turnaround.npy,19,turnaround,19,0.91838896,1,"[1.53845, -9.64911, 0.95115, -3.71606, 1.5393, 0.68048, -0.24877, 1.04664, -6.60725, 4.49452, 5.88837, -0.30933, 0.57524, 3.5728, 8.11013, 0.24217, -3.43345, -2.56843, 5.53428, 11.23649, 7.88287, -6.84421]"
42,sub11,supMAE,3,sub11-b2__0080__walk.npy,20,walk,10,0.6135339,0,"[2.94567, -11.99659, -0.96652, -1.61811, 0.92781, 1.15, -1.7674, 0.33776, -5.83088, 7.24444, 8.73778, 0.70638, 1.94445, 4.60119, 7.30369, -4.22714, -2.47847, 0.25366, 6.72063, -0.36479, 4.30044, -2.14031]"
42,sub11,supMAE,3,sub11-b2__0081__turnaround.npy,19,turnaround,14,0.6354009,0,"[-0.68153, -8.51516, 2.08314, -3.05563, -2.79982, 1.51903, -3.20037, 0.93045, -0.93509, -0.74653, 3.96641, 1.22615, 0.57984, -1.98796, 8.61076, 1.18465, -4.93486, 2.16853, 7.40171, 7.00875, 5.7639, -3.76941]"
42,sub11,supMAE,3,sub11-b2__0082__walk.npy,20,walk,14,0.7831214,0,"[-5.09173, -6.64623, 4.69016, -3.17101, -6.41675, 0.51713, -6.82818, 1.09686, 3.67372, -4.74201, 0.352, 4.0396, 3.85364, -6.02541, 8.20665, 1.37045, -4.56166, 2.69609, 5.03516, 3.84525, 6.28655, -2.2951]"
42,sub11,supMAE,3,sub11-b2__0083__turnaround.npy,19,turnaround,19,0.8942486,1,"[0.78534, -9.67654, 1.53675, -3.70037, 0.41945, 0.53133, -0.57054, 1.0699, -5.69729, 3.57797, 5.52867, -0.24499, 1.35606, 3.01563, 8.13071, 0.35072, -4.00108, -2.59998, 5.95899, 11.2162, 8.45048, -7.18487]"
42,sub11,supMAE,3,sub11-b2__0084__hop.npy,9,hop,10,0.41247922,0,"[2.13451, -13.08302, -1.35839, -1.30429, 3.12335, 1.0978, -1.41235, 0.77097, -6.70671, 8.89968, 8.96174, -0.31534, 1.80038, 6.25657, 6.76648, -4.81722, -1.06923, -0.53116, 7.70635, 0.47244, 4.78965, -2.57016]"
42,sub11,supMAE,3,sub11-b2__0085__hop.npy,9,hop,9,0.7472126,1,"[0.6439, -13.32225, -2.71802, -1.51446, 4.42605, 2.04863, -1.73087, 1.2801, -7.09149, 10.61842, 9.16405, -0.57836, 2.17825, 6.2101, 6.49309, -5.32623, 1.94166, -1.18176, 7.99554, 0.23287, 3.71905, -2.32133]"
42,sub11,supMAE,3,sub11-b2__0086__hop.npy,9,hop,9,0.8549302,1,"[0.6976, -13.66531, -3.0441, -1.04541, 5.1059, 2.76475, -1.79512, 1.61961, -7.72472, 11.16186, 8.95732, -0.73391, 1.73097, 6.5812, 6.72298, -5.53602, 2.83773, -1.29365, 7.77681, 0.1578, 3.39046, -2.3472]"
42,sub11,supMAE,3,sub11-b2__0087__hop.npy,9,hop,9,0.8726704,1,"[0.51295, -13.77548, -3.13843, -1.45108, 5.28396, 2.23714, -1.81759, 1.31676, -7.44609, 11.36402, 9.01976, -0.78083, 2.41467, 6.21813, 6.46185, -5.66208, 2.83159, -1.3218, 7.96218, 0.0832, 3.96215, -2.20463]"
42,sub11,supMAE,3,sub11-b2__0088__hop.npy,9,hop,9,0.9519644,1,"[0.12387, -13.81549, -3.70843, -1.68335, 6.11726, 2.67048, -1.52259, 1.65619, -8.13736, 12.44615, 9.06055, -0.35155, 2.18144, 6.39896, 6.69878, -5.94189, 4.60992, -1.75996, 7.69909, 0.10618, 2.7805, -2.20082]"
42,sub11,supMAE,3,sub11-b2__0090__jump.npy,10,jump,10,0.63739663,1,"[4.24723, -11.38403, -0.93406, -0.83303, 0.96315, 0.94489, -1.25495, -0.1066, -6.04103, 6.44638, 8.61653, 1.09301, 0.1131, 4.79089, 7.48688, -3.73821, -3.58721, 0.7254, 6.22048, -0.44451, 2.94141, -1.10837]"
42,sub11,supMAE,3,sub11-b2__0091__jump.npy,10,jump,10,0.7138591,1,"[4.43629, -11.25465, -0.96538, -0.91014, 1.26175, 0.69337, -1.04293, -0.01572, -6.16637, 6.58138, 8.90834, 0.82703, -0.20861, 5.24373, 7.20703, -3.64436, -3.75415, 0.73702, 6.37493, -0.14421, 2.9052, -1.20057]"
42,sub11,supMAE,3,sub11-b2__0092__jump.npy,10,jump,10,0.71355796,1,"[4.46126, -11.49088, -0.78728, -0.91453, 1.28507, 0.53805, -0.99657, 0.01417, -6.30995, 6.69207, 8.96337, 0.62243, 0.11461, 5.64486, 7.16433, -3.81435, -3.91318, 0.54864, 6.43913, -0.07309, 3.35185, -1.46709]"
42,sub11,supMAE,3,sub11-b2__0094__jump.npy,10,jump,10,0.71388537,1,"[4.30113, -11.51739, -0.9072, -1.16992, 1.1384, 0.63348, -0.97762, -0.02191, -6.21516, 6.71033, 9.02013, 0.81999, 0.13181, 5.26918, 7.25776, -3.65742, -3.78133, 0.63772, 6.64486, 0.02495, 3.14347, -1.51029]"
42,sub11,supMAE,3,sub11-b2__0095__jump.npy,10,jump,10,0.6850228,1,"[4.5812, -11.53679, -0.44214, -1.05999, 0.75951, 0.20198, -0.94078, -0.07519, -5.9921, 6.06741, 8.72124, 0.52762, 0.31422, 5.47469, 6.98218, -3.30739, -4.65885, 0.6412, 6.82317, 0.27691, 3.76865, -1.74415]"
42,sub11,supMAE,3,sub11-b2__0096__runonspot.npy,13,runonspot,5,0.6144693,0,"[3.77354, -10.9046, -5.52425, 0.43408, 3.29411, 12.55349, 2.24896, 8.87152, -14.34849, 6.12708, 7.39786, -0.08875, -1.41049, 12.03127, 3.25225, -6.05331, 0.92384, -0.14878, 5.86214, 1.73678, -0.74777, -4.5376]"
42,sub11,supMAE,3,sub11-b2__0097__runonspot.npy,13,runonspot,13,0.9880255,1,"[3.89182, -11.00447, -1.96268, 2.0225, 3.76513, 1.69558, -0.33879, 4.61946, -9.22433, 6.20242, 8.80633, -1.92796, -1.7326, 13.44484, 5.78501, -4.28759, -2.76352, -1.8988, 6.48154, 1.78498, 1.15687, -3.69995]"
42,sub11,supMAE,3,sub11-b2__0098__runonspot.npy,13,runonspot,13,0.9886486,1,"[3.91878, -10.55035, -2.47766, 1.95113, 3.84605, 2.23033, -0.36123, 4.7748, -9.38308, 6.28588, 8.99343, -2.20993, -1.66058, 13.65085, 5.51224, -4.53133, -2.46392, -1.86363, 6.49686, 1.59194, 0.97979, -3.88856]"
42,sub11,supMAE,3,sub11-b2__0101__runonspot.npy,13,runonspot,13,0.985033,1,"[3.43079, -10.96108, -3.03221, 2.06276, 4.53829, 2.94801, -0.54409, 4.6554, -9.81011, 7.30606, 8.93218, -2.2799, -1.37604, 13.41104, 5.8278, -4.9809, -0.8902, -2.23656, 6.16352, 1.2997, 0.82227, -3.70695]"
42,sub11,supMAE,3,sub11-b2__0102__buttkicks.npy,4,buttkicks,9,0.87388605,0,"[2.70548, -11.05176, -6.99936, 0.29244, 11.0528, 3.81949, 0.45359, 1.95686, -11.15669, 13.13859, 7.64313, -0.30494, -2.57846, 8.32346, 7.29413, -3.72256, 7.79888, -2.37701, 3.31723, -0.13776, -2.86548, 0.27913]"
42,sub11,supMAE,3,sub11-b2__0103__buttkicks.npy,4,buttkicks,9,0.92569035,0,"[2.94493, -11.10066, -6.68147, -0.0381, 9.88033, 3.95974, 0.3482, 1.84421, -10.96106, 12.77133, 8.11555, 0.06628, -2.24006, 7.88195, 7.20181, -3.56433, 7.13813, -2.1422, 3.51553, -0.13982, -2.71575, -0.03206]"
42,sub11,supMAE,3,sub11-b2__0104__buttkicks.npy,4,buttkicks,9,0.8690998,0,"[3.5281, -10.96761, -6.56395, 0.01205, 10.30482, 3.74757, 1.0332, 1.72548, -11.32965, 12.42696, 7.50069, 0.00423, -2.67198, 8.10415, 7.38729, -3.20413, 6.74281, -1.96798, 3.11983, 0.14855, -2.67763, 0.08675]"
42,sub11,supMAE,3,sub11-b2__0105__buttkicks.npy,4,buttkicks,9,0.8867218,0,"[2.98111, -11.62951, -6.84242, -0.34287, 10.25933, 4.15693, 0.4509, 2.05259, -10.9516, 12.50746, 7.56146, -0.22842, -1.41322, 7.49953, 6.88228, -3.77519, 7.04272, -1.74977, 3.75312, -0.07735, -1.48866, 0.17625]"
42,sub11,supMAE,3,sub11-b2__0106__buttkicks.npy,4,buttkicks,9,0.8887762,0,"[2.88794, -11.4038, -6.72669, -0.39959, 10.42719, 4.12601, 0.43989, 2.01279, -11.23258, 12.71247, 7.69794, 0.23236, -1.94006, 7.40459, 7.61807, -3.77006, 7.47216, -2.07605, 3.41949, 0.3512, -2.10006, -0.18276]"
42,sub11,supMAE,3,sub11-b2__0107__airkick.npy,0,airkick,13,0.49835917,0,"[7.337, -10.73396, -1.49581, 0.39216, 4.02351, 1.07076, 0.35373, 1.65905, -8.73058, 5.96162, 8.23968, 0.39399, -3.01284, 8.78878, 6.44098, -3.17488, -4.15822, 0.6692, 5.2271, 1.18675, 1.1541, -1.21239]"
42,sub11,supMAE,3,sub11-b2__0108__airkick.npy,0,airkick,10,0.33788568,0,"[6.79602, -11.42582, 0.01621, 0.30407, 1.38239, 0.52136, -0.01702, 1.40451, -7.40554, 4.60002, 8.05828, 1.5363, -2.64788, 7.61724, 7.86403, -3.44549, -5.77006, 1.05116, 6.28104, 1.02785, 1.66189, -1.75383]"
42,sub11,supMAE,3,sub11-b2__0109__airkick.npy,0,airkick,10,0.3958743,0,"[6.21456, -12.1831, -0.64661, 0.63148, 0.52813, 3.52126, -0.05679, 4.082, -8.96691, 4.41575, 8.79107, 1.99207, -2.63419, 8.7009, 7.61559, -4.31013, -4.99568, 0.6522, 7.16835, 1.68058, 1.0839, -3.65514]"
42,sub11,supMAE,3,sub11-b2__0110__airkick.npy,0,airkick,14,0.43995002,0,"[6.75084, -11.5017, 1.8777, -0.58749, -0.77635, -0.97811, -0.08644, 0.38603, -5.40854, 2.54814, 7.4096, 2.48873, -2.16754, 5.74654, 8.02853, -2.72605, -8.57668, 2.37693, 6.9207, 1.20239, 3.09971, -1.42411]"
42,sub11,supMAE,3,sub11-b2__0111__airkick.npy,0,airkick,10,0.47362933,0,"[5.78767, -12.69601, -0.09944, -0.13325, -0.60306, 3.83807, 0.17285, 4.44711, -8.94868, 3.71984, 9.03825, 3.27289, -2.30336, 7.89895, 8.11821, -4.72208, -5.79201, 0.85195, 7.92338, 2.28302, 1.49816, -4.55601]"
42,sub11,supMAE,3,sub11-b2__0112__sidekick.npy,14,sidekick,13,0.88060176,0,"[6.6544, -9.14763, -2.42473, 1.27944, 2.96585, 2.40672, 0.69629, 3.32194, -10.46182, 6.21387, 8.24005, 0.82302, -2.54508, 10.98483, 7.94354, -5.05083, -2.49038, -1.74882, 3.7729, 0.94948, -1.05888, -3.17056]"
42,sub11,supMAE,3,sub11-b2__0113__sidekick.npy,14,sidekick,14,0.6960192,1,"[7.13429, -9.85724, -1.91925, -0.44111, 2.27288, 1.94728, 0.65891, 0.01533, -9.16006, 7.60056, 7.49629, 2.85094, -1.28278, 5.33835, 9.40991, -5.24459, -1.50992, -0.66211, 3.34924, -0.39978, -0.10945, -1.57054]"
42,sub11,supMAE,3,sub11-b2__0115__sidekick.npy,14,sidekick,14,0.73326504,1,"[5.83523, -10.2478, -1.69903, -1.14749, 1.53389, 1.76207, 0.18151, -0.11652, -8.17279, 7.50395, 7.80604, 2.87331, -0.32538, 4.31038, 9.48714, -5.26897, -1.63688, -0.43377, 4.31829, -0.17158, 0.74344, -1.91248]"
42,sub11,supMAE,3,sub11-b2__0116__sidekick.npy,14,sidekick,14,0.62715924,1,"[6.63788, -10.19977, -1.25188, -0.56642, 1.11081, 1.51332, 0.10131, -0.35591, -8.07383, 6.97263, 7.86257, 2.53108, -0.48226, 4.71921, 8.96086, -5.215, -3.04063, -0.19712, 4.1395, -0.60292, 1.32363, -1.66005]"
42,sub11,supMAE,3,sub11-b2__0117__crosstoe.npy,6,crosstoe,0,0.71627647,0,"[10.32131, -11.7936, 5.90836, -3.37992, -2.57719, -1.77143, 5.18436, -0.98322, -10.0677, 2.75679, 7.067, 5.49603, -0.15035, 4.99768, 8.60177, -4.90223, -12.89186, -1.82838, 5.94189, 7.32702, 7.84769, -6.85525]"
42,sub11,supMAE,3,sub11-b2__0118__crosstoe.npy,6,crosstoe,0,0.52679765,0,"[10.09166, -12.41261, 6.77896, -2.88245, -3.13277, -1.71687, 4.43721, -0.77742, -9.68248, 2.03666, 6.8135, 5.53678, -0.1653, 4.78523, 9.22997, -5.13344, -13.74545, -1.89791, 6.53403, 7.95622, 8.64618, -7.15501]"
42,sub11,supMAE,3,sub11-b2__0119__crosstoe.npy,6,crosstoe,0,0.6510379,0,"[10.56573, -11.89673, 6.91215, -2.94969, -3.02809, -1.5449, 4.82339, -0.65511, -10.2073, 1.7069, 6.43312, 5.65003, -0.3944, 5.18901, 9.04715, -5.0658, -14.15123, -2.03249, 5.80405, 8.39466, 8.57866, -7.24298]"
42,sub11,supMAE,3,sub11-b2__0120__crosstoe.npy,6,crosstoe,0,0.6256319,0,"[10.38512, -12.08409, 6.84986, -3.09142, -3.35501, -1.74025, 4.59912, -0.98384, -9.67062, 1.84917, 6.82806, 5.62015, -0.19472, 4.84754, 9.00816, -4.85387, -14.25126, -1.77531, 6.10048, 8.08117, 8.54593, -7.04699]"
42,sub11,supMAE,3,sub11-b2__0121__crosstoe.npy,6,crosstoe,0,0.65268856,0,"[10.72365, -11.9883, 7.26618, -3.74878, -4.23058, -1.81688, 4.64109, -1.12431, -9.88018, 1.85217, 6.9682, 7.04462, 0.38448, 4.2872, 9.57846, -5.82141, -14.44325, -2.02664, 5.85888, 7.52312, 8.21388, -7.4517]"
42,sub11,supMAE,3,sub11-b2__0122__throw.npy,18,throw,18,0.90060085,1,"[4.53665, -13.93563, -0.09377, -1.01915, -0.22214, 1.64283, 0.3547, 3.18604, -6.42811, 3.45784, 6.68504, 0.54712, -0.28409, 6.21839, 7.05573, -3.37508, -7.10767, 2.06413, 10.11718, 1.50504, 4.59115, -2.64453]"
42,sub11,supMAE,3,sub11-b2__0123__throw.npy,18,throw,18,0.95195407,1,"[3.99366, -14.16907, -0.50811, -1.24707, -0.18903, 2.13356, 0.06627, 3.59755, -6.21672, 3.24417, 6.48987, 0.33131, -0.11271, 5.87016, 7.17018, -3.06457, -6.62955, 2.01754, 10.83265, 1.95084, 4.59353, -3.13366]"
42,sub11,supMAE,3,sub11-b2__0124__throw.npy,18,throw,18,0.93819016,1,"[4.23654, -14.0705, -0.03198, -1.49335, -0.59235, 1.63535, 0.19506, 2.81137, -6.09847, 3.433, 6.84431, 0.61793, 0.11077, 5.57697, 7.14703, -3.05586, -7.09628, 2.08815, 10.64039, 1.76033, 4.92881, -3.1253]"
42,sub11,supMAE,3,sub11-b2__0125__throw.npy,18,throw,18,0.96322954,1,"[3.17398, -14.17084, -0.61099, -1.97146, -0.66157, 2.10653, -0.24606, 3.44969, -5.99732, 3.68607, 6.17228, 0.86494, 1.29519, 5.20649, 7.19241, -4.19736, -5.58029, 1.97838, 10.96946, 1.06169, 4.64601, -3.33043]"
42,sub11,supMAE,3,sub11-b2__0126__throw.npy,18,throw,18,0.9429071,1,"[3.83892, -14.05812, -0.13865, -2.32635, -1.17, 2.10361, 0.29501, 3.20343, -6.37863, 3.87283, 6.96128, 1.52494, 0.68838, 4.85575, 7.32532, -3.88031, -6.36305, 2.1239, 10.7903, 1.21664, 4.49401, -3.61272]"
42,sub11,supMAE,3,sub11-b2__0127__throw.npy,18,throw,18,0.9470435,1,"[2.97247, -13.45741, -0.80072, -1.58237, -0.68208, 2.70314, 0.3122, 4.64978, -6.12915, 2.89798, 5.81514, 0.86576, 0.68993, 5.97055, 6.76831, -4.2141, -6.02008, 1.90261, 10.39281, 1.21062, 3.97352, -2.76967]"
42,sub11,supMAE,3,sub11-c__0001__sit.npy,15,sit,15,0.97776,1,"[5.03372, -0.66178, 4.30816, 0.10667, -0.94089, -4.17682, 5.00576, -2.50601, -1.64119, -4.69034, -5.28752, -4.40463, -6.93139, 4.03393, -1.22028, 11.81318, -12.15921, 4.81921, 4.01991, 7.59334, 6.15347, -2.31696]"
42,sub11,supMAE,3,sub11-c__0002__stand.npy,17,stand,17,0.99849963,1,"[3.41229, 2.43472, 3.47564, 3.2164, -1.82368, -1.40533, 1.98446, -2.75334, 1.3599, -4.92839, -6.22521, -2.50291, -8.76501, -0.13523, 1.27613, 3.54251, -11.65845, 12.31584, 2.39502, -3.13163, 4.66978, 4.2189]"
42,sub11,supMAE,3,sub11-c__0003__turnaround.npy,19,turnaround,19,0.9958404,1,"[3.82948, -0.58058, 4.20178, -7.36223, -2.65362, -4.0371, 4.32632, -3.34281, -2.10761, -0.78986, 2.22668, -2.37004, -0.43865, -0.02718, 2.98412, 1.14079, -9.68575, -4.92638, 13.10814, 18.59773, 8.60102, -14.08625]"
42,sub11,supMAE,3,sub11-c__0004__sit.npy,15,sit,15,0.99979323,1,"[4.20665, 3.00048, 2.30832, -0.94954, -0.83398, -5.74213, 5.34275, -2.83981, -0.21956, -3.56862, -4.72295, -4.21609, -6.18346, 3.5514, -3.37628, 15.12289, -9.70642, 2.05993, 4.00786, 5.84758, 2.50244, -2.64732]"
42,sub11,supMAE,3,sub11-c__0005__stand.npy,17,stand,17,0.99723357,1,"[4.31883, 1.0807, 3.10189, 3.39409, -1.09874, -0.70554, 3.44929, -2.33287, -0.61159, -4.56227, -6.81554, -1.97714, -8.36217, 1.32394, 1.35918, 2.92384, -11.6587, 11.72113, 2.18735, -2.91238, 4.54826, 3.88686]"
42,sub11,supMAE,3,sub11-c__0006__turnaround.npy,19,turnaround,19,0.99515426,1,"[4.21337, -2.21489, 4.50978, -7.37595, -1.69863, -5.23717, 5.11864, -2.94979, -3.01793, 0.02297, 2.00638, -2.89321, -0.53096, 1.77277, 2.37013, 1.87136, -10.16077, -4.74424, 13.30461, 18.66661, 10.01673, -13.92405]"
42,sub11,supMAE,3,sub11-c__0007__sit.npy,15,sit,15,0.99952567,1,"[4.3486, 4.09176, 2.22894, -0.70697, -0.7898, -5.44989, 5.85424, -2.92372, -0.52197, -3.41781, -5.49489, -3.89027, -6.4527, 3.42204, -3.55774, 14.6546, -9.02092, 1.44403, 3.78114, 6.24783, 1.73157, -2.83668]"
42,sub11,supMAE,3,sub11-c__0009__turnaround.npy,19,turnaround,19,0.9948506,1,"[4.54677, -1.66639, 4.06512, -7.12828, -1.00617, -4.88091, 5.602, -2.8388, -3.68814, 0.29884, 1.70753, -2.28843, -0.96168, 1.6446, 2.6469, 1.15581, -9.29725, -4.99864, 12.97972, 18.25811, 8.69218, -13.30396]"
42,sub11,supMAE,3,sub11-c__0010__sit.npy,15,sit,15,0.9995266,1,"[3.89355, 3.2593, 2.10639, -0.49387, -0.28997, -4.95928, 5.87681, -2.47389, -0.7431, -4.0388, -5.07834, -4.56448, -6.98275, 4.01305, -3.63252, 15.05733, -9.81164, 2.15088, 4.27307, 6.95565, 2.55246, -2.78899]"
42,sub11,supMAE,3,sub11-c__0011__stand.npy,17,stand,17,0.99830806,1,"[4.35624, 0.3642, 3.48239, 3.11456, -1.91715, -0.345, 4.22448, -2.35369, -0.65247, -4.68651, -6.36777, -1.39324, -8.70659, 0.82079, 1.82811, 3.00081, -12.60128, 12.31793, 3.07292, -2.99676, 4.48489, 3.5737]"
42,sub11,supMAE,3,sub11-c__0012__turnaround.npy,19,turnaround,19,0.9671235,1,"[2.07198, -2.57982, 4.67034, -7.54954, -3.66565, -4.88426, 2.11113, -3.14618, -0.70042, -0.1171, 3.30056, -3.00226, 1.28829, 0.32151, 2.83531, 0.86229, -9.74961, -4.24921, 13.61227, 17.12753, 11.66614, -14.265]"
42,sub11,supMAE,3,sub11-c__0014__stand.npy,17,stand,17,0.9979551,1,"[4.10845, 1.08038, 3.45051, 3.43189, -1.50049, -0.68653, 3.94078, -2.47888, -0.3627, -4.9558, -7.0467, -1.87141, -8.76566, 0.92559, 1.40675, 3.22536, -12.10917, 12.05432, 2.66209, -2.95831, 4.3697, 3.86219]"
42,sub11,supMAE,3,sub11-c__0015__turnaround.npy,19,turnaround,19,0.97306097,1,"[3.21367, -2.57314, 4.03263, -6.97405, -2.9301, -4.26852, 0.97746, -3.46648, -1.5858, 1.05272, 4.48716, -4.29219, 1.32669, 1.70563, 2.53793, 0.47513, -9.31553, -4.29679, 12.72703, 16.86148, 12.41022, -14.59707]"
42,sub11,supMAE,3,sub11-c__0016__squat.npy,16,squat,16,0.99951565,1,"[-7.95189, -4.48839, -12.18067, -3.5342, 11.18606, 7.77594, -3.8008, 1.5885, -8.64431, 19.29422, 4.01859, 3.78435, 6.34333, -0.16358, 2.29786, -5.93776, 26.92673, -7.07324, 1.91089, -4.50428, -8.08873, -3.31764]"
42,sub11,supMAE,3,sub11-c__0017__squat.npy,16,squat,16,0.99967575,1,"[-7.91225, -4.05621, -12.09366, -3.15975, 10.89361, 8.19554, -3.60375, 1.38694, -8.49102, 18.86006, 3.53992, 4.84147, 5.22856, -0.93942, 3.2199, -6.33369, 26.89426, -6.30975, 1.34074, -5.16887, -9.36477, -2.334]"
42,sub11,supMAE,3,sub11-c__0018__squat.npy,16,squat,16,0.9996111,1,"[-7.85624, -4.10665, -12.05355, -3.50901, 10.51005, 8.12616, -3.58975, 1.37213, -8.45585, 18.71482, 3.83698, 4.77248, 5.91665, -0.99292, 3.00536, -6.2804, 26.56671, -6.51404, 1.78679, -5.00558, -8.95425, -2.86458]"
42,sub11,supMAE,3,sub11-c__0019__squat.npy,16,squat,16,0.9993919,1,"[-7.60697, -4.13287, -11.57979, -3.63507, 8.98979, 8.386, -3.98397, 0.95498, -8.12162, 18.34626, 4.58465, 5.64498, 6.18979, -1.88033, 3.68407, -6.84243, 25.75087, -6.32429, 1.86099, -5.47389, -9.09555, -3.1488]"
42,sub11,supMAE,3,sub11-c__0020__squat.npy,16,squat,16,0.99961877,1,"[-7.78, -4.16625, -11.98203, -3.47145, 9.43537, 8.7205, -3.76189, 1.29485, -8.22605, 18.26323, 4.28414, 5.42309, 5.99493, -1.66274, 3.34965, -6.65105, 26.13497, -6.16523, 1.90086, -5.49606, -9.27502, -2.78229]"
42,sub11,supMAE,3,sub11-c__0021__squat.npy,16,squat,16,0.99973613,1,"[-7.55461, -3.92222, -12.2385, -3.26311, 10.4284, 8.81913, -3.16113, 1.6187, -8.87791, 18.58086, 3.80602, 6.06057, 5.34203, -1.44608, 3.17641, -6.77942, 26.82106, -6.24255, 0.91782, -5.57509, -9.86511, -1.89373]"
42,sub11,supMAE,3,sub11-c__0022__pickup.npy,11,pickup,11,0.99998987,1,"[-0.01874, -0.97518, 4.49479, -5.0328, -10.55201, -1.60659, 4.83384, -3.09876, -1.90051, 1.72506, 0.18572, 18.88268, 6.07873, -7.02845, 6.86744, -6.53844, -0.33895, -4.16879, -1.56019, -6.70357, -8.47957, -1.65128]"
42,sub11,supMAE,3,sub11-c__0023__pickup.npy,11,pickup,11,0.9999968,1,"[0.04855, -0.39659, 2.33446, -5.44452, -7.79323, -0.30723, 4.75634, -2.96254, -3.54593, 4.54368, 0.41928, 19.55353, 5.60192, -7.33944, 6.04412, -7.09369, 3.98577, -4.45243, -2.18337, -7.38553, -10.03722, -1.05131]"
42,sub11,supMAE,3,sub11-c__0025__pickup.npy,11,pickup,11,0.9967895,1,"[1.66508, -3.22707, 7.5749, -6.88888, -12.60013, -5.72801, 5.07342, -5.27774, 0.73598, -2.44431, -1.49982, 15.67343, 9.80234, -7.69993, 6.10685, -5.86372, -7.89396, -4.03488, 1.6903, -2.52525, -1.49043, -4.00705]"
42,sub11,supMAE,3,sub11-c__0026__pickup.npy,11,pickup,11,0.9990584,1,"[1.93467, -2.56902, 7.64002, -6.95031, -12.50513, -5.3536, 5.55179, -4.88075, 0.23147, -2.41362, -1.94047, 16.42056, 9.20158, -7.88832, 6.19734, -6.28432, -7.4994, -3.75737, 1.16063, -2.70551, -2.15427, -3.78638]"
42,sub11,supMAE,3,sub11-c__0027__pushchair.npy,12,pushchair,12,0.9933255,1,"[-0.23344, -1.84915, 5.14963, -7.73257, -15.95609, -2.99351, -3.21394, -6.08537, 4.87126, -0.42499, 4.85347, 8.48911, 13.65038, -8.20334, 5.49459, -7.05023, -6.7086, -4.16802, 4.84916, -2.51361, 3.441, -8.33001]"
42,sub11,supMAE,3,sub11-c__0028__pushchair.npy,12,pushchair,12,0.96165204,1,"[0.80952, -1.59414, 6.67912, -7.64524, -16.11094, -3.19472, -5.72871, -6.96677, 6.02937, -0.51036, 6.09435, 4.8964, 11.84892, -7.74084, 6.12232, -6.02554, -9.17644, -3.20779, 6.02145, 0.01978, 7.97922, -11.02142]"
42,sub11,supMAE,3,sub11-c__0029__pushchair.npy,12,pushchair,12,0.9945332,1,"[-0.34144, -2.1553, 5.17613, -8.07112, -15.76951, -3.07187, -3.9969, -6.32255, 5.04895, 0.32187, 5.49241, 8.26233, 13.73296, -8.6997, 5.95396, -7.03208, -6.2855, -4.05677, 5.11231, -2.2227, 4.03969, -9.0754]"
42,sub11,supMAE,3,sub11-c__0031__pushchair.npy,12,pushchair,12,0.99521834,1,"[-0.25403, -1.90892, 5.53242, -8.20113, -15.991, -3.44048, -4.68207, -6.8165, 6.11166, 0.17214, 5.42976, 6.55057, 13.26299, -8.63451, 5.88267, -6.28358, -7.12748, -3.66718, 6.08878, -1.46092, 5.80316, -9.84094]"
42,sub11,supMAE,3,sub11-c__0032__pushchair.npy,12,pushchair,12,0.9876803,1,"[-0.36932, -2.25431, 5.99618, -8.09192, -15.84011, -3.22059, -5.31891, -6.74366, 6.27042, 0.1494, 5.67312, 4.9217, 12.9346, -7.87716, 5.45056, -5.78284, -7.81757, -3.47364, 6.76262, -0.41074, 7.90461, -10.69551]"
42,sub11,supMAE,3,sub11-c__0033__sit.npy,15,sit,15,0.999395,1,"[4.59694, 4.22876, 1.07924, -0.11847, -0.99728, -3.68952, 6.41482, -2.18364, -1.97343, -2.58768, -5.00855, -3.27165, -7.03636, 3.75467, -3.30016, 14.21005, -7.98081, 2.50151, 2.84739, 3.73201, -0.212, -1.8969]"
42,sub11,supMAE,3,sub11-c__0034__stand.npy,17,stand,17,0.99812335,1,"[3.89552, 2.10164, 3.51692, 3.68603, -2.78279, -1.55997, 3.3534, -3.14746, 0.88612, -4.84217, -6.54943, -1.85564, -8.48314, 0.75337, 1.7271, 2.82647, -12.35033, 12.0479, 2.01989, -4.75655, 3.17041, 4.63089]"
42,sub11,supMAE,3,sub11-c__0035__turnaround.npy,19,turnaround,19,0.99409795,1,"[4.64206, -1.72936, 4.05675, -7.35831, -2.01395, -4.27444, 3.95042, -3.45119, -2.87041, 0.42855, 3.4011, -3.55702, -0.29792, 1.64241, 2.48479, 0.93491, -10.13647, -4.44077, 13.06088, 18.25106, 10.3299, -14.30459]"
42,sub11,supMAE,3,sub11-c__0036__sit.npy,15,sit,15,0.9997123,1,"[4.28417, 3.44858, 1.46973, 0.16195, -0.26445, -4.04731, 6.64166, -2.23457, -1.59506, -3.53912, -5.6585, -4.30965, -7.54906, 4.51681, -3.91884, 15.23133, -8.97727, 2.79437, 3.49403, 5.11126, 0.69869, -1.69494]"
42,sub11,supMAE,3,sub11-c__0037__stand.npy,17,stand,17,0.997903,1,"[3.4244, 1.27561, 3.58671, 4.22199, -1.83773, -0.84959, 3.57707, -2.14245, 0.18617, -5.49167, -7.44368, -2.18886, -8.34201, 1.86235, 0.9464, 2.92502, -12.09749, 12.00675, 2.15986, -3.93242, 3.85467, 4.43547]"
42,sub11,supMAE,3,sub11-c__0039__sit.npy,15,sit,15,0.9995191,1,"[3.64026, 3.11279, 1.32592, -0.82848, -0.54871, -3.57538, 7.18713, -1.83297, -1.82152, -3.56452, -4.80464, -3.61732, -7.03124, 4.01288, -3.47379, 15.12823, -9.24731, 2.74607, 3.83089, 5.6377, 0.76108, -2.27134]"
42,sub11,supMAE,3,sub11-c__0040__sit.npy,15,sit,17,0.99859613,0,"[4.18692, 1.72452, 2.79382, 3.12891, -2.0799, 0.51082, 3.86838, -2.1224, -0.71273, -4.71889, -5.89544, -1.29841, -9.06997, 0.24999, 1.04404, 3.20239, -12.15199, 12.21735, 2.14986, -3.14156, 3.37148, 4.03775]"
42,sub11,supMAE,3,sub11-c__0041__turnaround.npy,19,turnaround,19,0.9778886,1,"[2.15794, -2.66037, 4.55434, -7.33792, -3.27344, -4.87602, 1.48227, -3.03925, -0.70499, -0.0876, 3.21592, -3.76897, 1.38592, 0.78269, 2.47681, 1.29118, -9.55719, -4.10339, 13.24441, 17.36012, 12.29172, -14.20325]"
42,sub11,supMAE,3,sub11-c__0043__stand.npy,17,stand,17,0.99903655,1,"[3.57339, 1.93574, 3.19459, 3.24781, -3.00324, -0.59998, 3.19305, -2.7034, 0.96559, -5.00978, -5.65175, -1.44499, -8.88083, -0.34653, 1.15706, 3.36688, -12.48102, 12.64537, 2.67344, -4.28307, 3.12575, 4.68714]"
42,sub11,supMAE,3,sub11-c__0044__turnaround.npy,19,turnaround,19,0.9813234,1,"[2.3391, -2.05127, 4.42474, -7.34674, -2.82232, -4.95212, 2.3553, -3.14952, -0.96953, -0.03619, 2.75536, -3.96824, 0.91154, 1.10023, 2.186, 1.36884, -9.50664, -4.19469, 13.35204, 17.50411, 11.78928, -14.09795]"
42,sub11,supMAE,3,sub11-c__0045__sit.npy,15,sit,15,0.99965274,1,"[4.24749, 4.08264, 1.57827, 0.33005, -0.89803, -2.95356, 6.02752, -1.65397, -1.13302, -4.49996, -4.91955, -4.35154, -8.17516, 4.0758, -4.00676, 14.71553, -10.02762, 3.73968, 3.45097, 5.11704, 1.24279, -1.47295]"
42,sub11,supMAE,3,sub11-c__0046__stand.npy,17,stand,17,0.9992207,1,"[4.17927, 2.41669, 2.08235, 2.73199, -2.28311, 1.45974, 4.51426, -1.70532, -0.68312, -4.76148, -5.47546, -1.04723, -9.88428, -0.5851, 1.48222, 3.60107, -11.9307, 12.89822, 2.53004, -3.20864, 2.04716, 3.97021]"
42,sub11,supMAE,3,sub11-c__0047__turnaround.npy,19,turnaround,19,0.96220666,1,"[2.61039, -1.86762, 4.23584, -7.4853, -3.28866, -4.31845, 2.51003, -3.46344, -1.17307, 0.3897, 3.28453, -3.31441, 1.2723, 0.50014, 2.79148, 0.07441, -9.21832, -4.45468, 13.58116, 16.90788, 11.21217, -14.36925]"
42,sub11,supMAE,3,sub11-c__0048__sit.npy,15,sit,15,0.9987878,1,"[4.30988, 5.81009, 1.37585, 0.66837, -0.2876, -3.62645, 6.9432, -2.26563, -1.90707, -3.62913, -5.74548, -3.95221, -8.19707, 4.89333, -3.87795, 14.14794, -8.57943, 2.51495, 2.10972, 4.45561, -0.48838, -1.31046]"
42,sub11,supMAE,3,sub11-c__0050__turnaround.npy,19,turnaround,19,0.9989681,1,"[7.23338, -2.51496, 3.87265, -6.4996, 1.00567, -4.81019, 7.19404, -2.59628, -6.03618, 0.55009, 2.52408, -3.41896, -3.25742, 4.27583, 1.92767, 2.11434, -11.39138, -3.59127, 12.04588, 18.9984, 9.2903, -12.61565]"
42,sub11,supMAE,3,sub11-c__0052__squat.npy,16,squat,16,0.99925774,1,"[-7.48939, -4.35118, -11.95689, -3.18708, 11.78682, 7.83652, -3.19224, 1.67639, -8.87173, 19.19169, 4.05267, 4.25563, 5.27033, 0.35033, 1.71373, -6.33252, 26.39738, -6.3934, 1.89343, -4.82434, -8.79155, -2.63019]"
42,sub11,supMAE,3,sub11-c__0053__squat.npy,16,squat,16,0.9994925,1,"[-7.64146, -4.27146, -12.39754, -3.28577, 11.50131, 8.4447, -3.50801, 2.02155, -8.88552, 19.03657, 4.38248, 3.79478, 5.77753, 0.37881, 1.41104, -6.2328, 26.62267, -6.53005, 2.16454, -4.60232, -8.59045, -2.98747]"
42,sub11,supMAE,3,sub11-c__0054__squat.npy,16,squat,16,0.9993266,1,"[-7.51335, -4.53924, -11.8067, -3.33744, 10.87856, 8.16583, -3.64453, 1.54845, -8.58472, 18.91365, 4.38952, 4.67529, 5.67556, -0.30111, 2.13124, -6.63182, 26.21654, -6.24217, 2.01891, -5.08684, -8.72726, -2.80559]"
42,sub11,supMAE,3,sub11-c__0055__squat.npy,16,squat,16,0.9996803,1,"[-7.46287, -4.14094, -12.26727, -2.97976, 11.70084, 8.5232, -3.15015, 2.16337, -9.17572, 18.85806, 3.97743, 5.03246, 5.0523, 0.16564, 1.87649, -6.59576, 26.90667, -6.37077, 1.11671, -5.16101, -9.57025, -1.97836]"
42,sub11,supMAE,3,sub11-c__0056__pickup.npy,11,pickup,11,0.9987437,1,"[2.47596, -2.64516, 8.21039, -6.6235, -12.87819, -5.6201, 5.17791, -5.38205, 0.43787, -2.63929, -1.50348, 15.82436, 8.46955, -7.68142, 6.60294, -6.00356, -8.74609, -3.12585, 0.78073, -2.83185, -1.6338, -3.57655]"
42,sub11,supMAE,3,sub11-c__0057__pickup.npy,11,pickup,11,0.99919873,1,"[2.55204, -2.20437, 7.88283, -6.61507, -12.62288, -5.62969, 6.02243, -5.17682, 0.13746, -2.55758, -1.5771, 15.8686, 7.85326, -7.1734, 6.38693, -5.81624, -8.81347, -3.00894, 0.64865, -2.82768, -2.28479, -3.27377]"
42,sub11,supMAE,3,sub11-c__0058__pickup.npy,11,pickup,11,0.99897087,1,"[1.96872, -2.26701, 7.99138, -6.55974, -12.79982, -5.42694, 5.58048, -4.95023, 0.44764, -2.86751, -1.87928, 16.06475, 8.69617, -7.47207, 6.32026, -6.17311, -8.36767, -3.32674, 0.72786, -2.91949, -2.16055, -3.48]"
42,sub11,supMAE,3,sub11-c__0059__pickup.npy,11,pickup,11,0.9991811,1,"[1.81131, -2.2192, 7.80285, -6.93273, -12.7689, -5.466, 5.87789, -4.85179, 0.63059, -2.93063, -2.32449, 16.38326, 8.90737, -7.91566, 6.17847, -6.12381, -8.04341, -3.33246, 1.09146, -2.75008, -2.28201, -3.46722]"
42,sub11,supMAE,3,sub11-c__0060__pickup.npy,11,pickup,11,0.9985411,1,"[2.28201, -2.28328, 7.96385, -6.11956, -13.16751, -5.03917, 5.24896, -4.8999, 0.33447, -2.87697, -1.25669, 15.43115, 8.23893, -6.92535, 6.18721, -5.94887, -8.96317, -3.17945, 0.51775, -2.96636, -2.04234, -3.45051]"
42,sub11,supMAE,3,sub11-c__0061__pickup.npy,11,pickup,11,0.9991654,1,"[2.46008, -2.14424, 7.93865, -6.57828, -12.32262, -5.83083, 6.32798, -4.88267, 0.10248, -2.94689, -2.15027, 15.77546, 7.70283, -6.81987, 5.82093, -5.41686, -8.88913, -2.97209, 0.51204, -2.59092, -2.29119, -2.83195]"
42,sub11,supMAE,3,sub11-c__0062__pushchair.npy,12,pushchair,12,0.9967495,1,"[-0.39625, -2.61974, 5.07256, -7.75636, -15.84018, -2.56942, -3.8588, -5.85401, 5.13519, -0.44301, 5.61687, 7.12719, 13.54164, -7.71706, 5.18018, -6.60419, -7.55805, -3.60888, 5.6423, -1.81721, 5.12665, -8.8223]"
42,sub11,supMAE,3,sub11-c__0063__pushchair.npy,12,pushchair,12,0.96781385,1,"[0.00121, -2.67408, 6.47534, -7.76487, -15.8564, -3.39716, -5.50477, -6.49458, 6.43156, -0.77368, 5.65434, 4.49871, 12.45829, -7.39471, 5.49233, -5.44241, -9.2002, -2.97517, 6.8891, 0.08926, 8.64592, -10.65416]"
42,sub11,supMAE,3,sub11-c__0064__pushchair.npy,12,pushchair,20,0.50646746,0,"[-0.31606, -2.6018, 7.31781, -7.61147, -15.26737, -3.13079, -6.31402, -6.67998, 6.87569, -0.59689, 5.38623, 2.31634, 11.38059, -6.98149, 5.15869, -4.40572, -9.53456, -2.5456, 7.94792, 1.76434, 11.46966, -12.14133]"
42,sub11,supMAE,3,sub11-c__0065__pushchair.npy,12,pushchair,12,0.9840805,1,"[-1.15758, -2.43128, 5.71525, -7.99536, -15.69913, -2.54258, -5.9004, -6.3231, 6.47868, -0.1036, 6.1993, 4.52115, 13.06185, -7.89153, 5.79976, -5.92314, -7.63342, -3.44563, 7.48305, 0.1179, 8.28508, -11.46801]"
42,sub11,supMAE,3,sub11-c__0066__pushchair.npy,12,pushchair,12,0.98423624,1,"[-0.71116, -2.45597, 5.80891, -8.0219, -15.88496, -2.57848, -5.58031, -6.4633, 6.30124, -0.1015, 6.09918, 4.76042, 12.93482, -7.85174, 5.70667, -5.98317, -7.9757, -3.34572, 7.1834, -0.11084, 8.18231, -11.14132]"
42,sub11,supMAE,3,sub11-c__0067__pushchair.npy,12,pushchair,12,0.8808359,1,"[-1.09651, -1.70105, 5.8192, -7.76068, -15.31183, -2.36167, -7.12254, -6.49431, 6.83889, 0.43435, 6.90839, 2.47827, 12.03103, -7.14585, 5.31439, -5.05905, -7.61536, -3.31937, 7.73397, 0.90628, 9.79462, -12.43271]"
42,sub11,supMAE,3,sub11-c__0068__pushchair.npy,12,pushchair,12,0.6800578,1,"[-0.92958, -1.67625, 6.06927, -7.74714, -14.91615, -2.53616, -7.41276, -6.55051, 6.90074, 0.65028, 6.89604, 1.60227, 11.59521, -6.81767, 4.99559, -4.56821, -7.77294, -3.13859, 7.81036, 1.4424, 10.73731, -12.6615]"
42,sub11,supMAE,3,sub11-c__0069__sit.npy,15,sit,15,0.99960667,1,"[3.53831, 4.04687, 1.67594, -0.29545, -1.30555, -3.43522, 6.02101, -2.04425, -1.04375, -3.45799, -5.56983, -3.43781, -6.79188, 3.15606, -3.16099, 14.28728, -8.60582, 3.26453, 3.22831, 3.75536, 0.7705, -1.75601]"
42,sub11,supMAE,3,sub11-c__0070__stand.npy,17,stand,17,0.9985393,1,"[3.43173, 2.90889, 3.20784, 3.57402, -2.79189, -0.75446, 3.53421, -2.76008, 0.82798, -4.98007, -6.49985, -1.51559, -8.92349, 0.0832, 1.82948, 2.92627, -11.97447, 12.23571, 2.06306, -5.00528, 2.14232, 4.71832]"
42,sub11,supMAE,3,sub11-c__0071__turnaround.npy,19,turnaround,19,0.993554,1,"[3.65562, -1.99819, 4.04318, -7.46758, -1.46128, -4.39553, 5.11234, -2.8849, -3.02883, 0.11123, 2.61579, -2.72215, -0.46689, 1.596, 2.67619, 1.09746, -9.75036, -4.57743, 13.48972, 18.542, 9.23251, -13.96441]"
42,sub11,supMAE,3,sub11-c__0072__sit.npy,15,sit,15,0.999926,1,"[5.25309, 2.32774, 1.01602, 0.37091, -0.53929, -4.25429, 5.57608, -2.57517, -1.08784, -2.85776, -4.75742, -4.78163, -7.5601, 4.12265, -3.55555, 15.94236, -9.1221, 3.72295, 2.88565, 3.26174, 0.71342, -0.30047]"
42,sub11,supMAE,3,sub11-c__0073__stand.npy,17,stand,17,0.99601257,1,"[3.87429, 2.15744, 2.80912, 4.18763, -1.62523, -0.2427, 5.12907, -2.26159, -1.14486, -4.78381, -7.57602, -1.77992, -9.22046, 2.0886, 1.32592, 3.45039, -11.72706, 11.65678, 1.47669, -4.04729, 2.39389, 4.54189]"
42,sub11,supMAE,3,sub11-c__0074__turnaround.npy,19,turnaround,19,0.98316276,1,"[3.71343, -1.51304, 4.21621, -7.27244, -2.23397, -4.55507, 3.88441, -3.30518, -2.27962, 0.23421, 2.99084, -3.36386, 0.07552, 1.44019, 2.43784, 0.5559, -9.75404, -4.46076, 13.31901, 17.43358, 10.28681, -14.02697]"
42,sub11,supMAE,3,sub11-c__0075__sit.npy,15,sit,15,0.9997873,1,"[4.20437, 3.51234, 1.39744, -0.08708, -1.31594, -3.40887, 6.48546, -2.03332, -0.91945, -3.79113, -4.89021, -3.79166, -8.01414, 3.33335, -3.39375, 15.32427, -9.56487, 3.79553, 3.87863, 4.35027, 0.34132, -1.24683]"
42,sub11,supMAE,3,sub11-c__0076__stand.npy,17,stand,17,0.9986242,1,"[3.8378, 1.11831, 2.74767, 3.7388, -1.69864, 0.01949, 3.31941, -2.24296, -0.12991, -5.2289, -6.21205, -1.93141, -8.94892, 0.60714, 1.34529, 3.23735, -12.31699, 12.38432, 2.34266, -3.45699, 3.90549, 4.61439]"
42,sub11,supMAE,3,sub11-c__0077__turnaround.npy,19,turnaround,19,0.99318177,1,"[3.84215, -1.31116, 4.01578, -7.22776, -2.19423, -4.10776, 4.18404, -3.11036, -2.43818, -0.27742, 2.68726, -3.25448, -0.32283, 1.23762, 2.33226, 1.22037, -9.86431, -4.53087, 13.23855, 18.2485, 9.68762, -13.95979]"
42,sub11,supMAE,3,sub11-c__0078__sit.npy,15,sit,15,0.9987645,1,"[2.46029, 6.13739, 1.26842, 0.11867, -1.71612, -2.86592, 7.51377, -1.99033, -0.61637, -4.63884, -7.10794, -2.79897, -7.88397, 2.55109, -2.95633, 14.48543, -8.16146, 3.46826, 2.8934, 3.68939, -1.46206, -0.9683]"
42,sub11,supMAE,3,sub11-c__0079__stand.npy,17,stand,17,0.99888283,1,"[3.55725, 3.27489, 2.36324, 3.00578, -2.9494, 0.72498, 3.83611, -2.57228, 0.14157, -4.42376, -5.63455, -0.58218, -8.97596, -0.79414, 2.49831, 1.95268, -11.37209, 12.35432, 1.6266, -5.08032, 1.25609, 4.4836]"
42,sub11,supMAE,3,sub11-c__0080__turnaround.npy,19,turnaround,19,0.93284065,1,"[2.64098, -1.06287, 4.03458, -7.50374, -3.81673, -4.51937, 2.3614, -3.81893, -0.69885, 0.30732, 3.0319, -3.32687, 1.32391, 0.01828, 2.58168, 0.24466, -8.86192, -4.47731, 13.48752, 16.17661, 10.66504, -14.08012]"
42,sub11,supMAE,3,sub11-c__0081__sit.npy,15,sit,15,0.9995579,1,"[4.94528, 4.39788, 0.68849, 1.24874, 0.37918, -3.09451, 7.82524, -1.89035, -2.88645, -3.84845, -5.85626, -3.71875, -9.02057, 5.16882, -4.07296, 15.72491, -8.59378, 3.2073, 1.28267, 3.85135, -1.7631, 0.03589]"
42,sub11,supMAE,3,sub11-c__0082__stand.npy,17,stand,17,0.9985619,1,"[3.88154, 0.54657, 3.24219, 3.46272, -2.1197, -0.12142, 4.52615, -2.21299, -0.60883, -5.40378, -6.60541, -1.20737, -9.05508, 0.70879, 1.54126, 3.63585, -12.93721, 12.50746, 2.39448, -3.69146, 3.45892, 4.60369]"
42,sub11,supMAE,3,sub11-c__0083__turnaround.npy,19,turnaround,19,0.9951315,1,"[4.50294, -1.84451, 3.77645, -7.3175, -1.16345, -4.6095, 5.28439, -2.99873, -3.37854, 0.46079, 2.12018, -3.54261, -0.83508, 2.10064, 2.13516, 1.79814, -9.56832, -4.70337, 13.34184, 18.68325, 9.47711, -13.87379]"
42,sub11,supMAE,3,sub11-c__0084__squat.npy,16,squat,16,0.9994247,1,"[-7.5516, -5.24887, -11.77302, -3.67416, 11.57909, 7.35667, -3.47185, 1.53882, -9.15957, 19.63584, 3.86399, 4.51958, 6.61835, 0.05385, 2.26999, -6.08955, 27.09628, -7.30908, 1.34479, -4.48925, -7.7299, -3.2053]"
42,sub11,supMAE,3,sub11-c__0085__squat.npy,16,squat,16,0.9996278,1,"[-7.00491, -4.00273, -11.95076, -2.78325, 11.40087, 9.03581, -3.2936, 1.71734, -9.7334, 19.01422, 3.71015, 5.97468, 4.22698, -0.93769, 3.84719, -6.96275, 26.91089, -6.40161, -0.14657, -5.07947, -9.91073, -1.81697]"
42,sub11,supMAE,3,sub11-c__0087__squat.npy,16,squat,16,0.999764,1,"[-7.02361, -4.07744, -12.53347, -2.72558, 10.9318, 10.19203, -3.17956, 2.18919, -9.92318, 18.60717, 3.99951, 5.87111, 4.4777, -0.9513, 3.51975, -7.04259, 26.95967, -6.11759, 0.05108, -5.25332, -10.12376, -1.74584]"
42,sub11,supMAE,3,sub11-c__0088__squat.npy,16,squat,16,0.99970895,1,"[-6.92502, -3.43899, -12.43436, -2.6616, 10.77378, 9.84889, -3.29199, 1.92342, -9.63857, 18.70282, 4.19282, 6.13612, 4.06348, -1.2101, 3.66968, -7.0413, 26.84526, -5.9387, -0.59326, -5.64263, -10.574, -1.19161]"
42,sub11,supMAE,3,sub11-c__0089__pickup.npy,11,pickup,11,0.9336376,1,"[2.98893, -3.26126, 8.65638, -6.03682, -14.66553, -5.7325, 1.79885, -5.55043, 1.96534, -2.77343, 1.05479, 12.01361, 8.24915, -6.42689, 7.65413, -5.58702, -10.92543, -2.55817, 1.90843, -1.90485, 1.28386, -5.63059]"
42,sub11,supMAE,3,sub11-c__0090__pickup.npy,11,pickup,11,0.991236,1,"[2.35774, -1.70434, 8.64145, -6.12818, -14.07975, -5.93928, 3.45951, -5.1532, 1.54916, -3.16199, -0.39602, 13.85276, 7.80487, -6.61461, 6.92046, -5.60267, -10.09134, -2.75305, 0.43276, -2.64823, -0.90657, -3.95101]"
42,sub11,supMAE,3,sub11-c__0091__pickup.npy,11,pickup,11,0.9845279,1,"[1.17387, -2.76717, 8.6477, -6.40802, -14.30643, -5.56084, 2.42456, -5.08004, 2.14781, -3.00626, -0.44865, 14.20321, 9.7076, -7.62682, 6.89764, -6.20369, -9.06159, -3.26274, 1.36546, -2.65276, 0.06268, -4.72807]"
42,sub11,supMAE,3,sub11-c__0092__pickup.npy,11,pickup,11,0.9827612,1,"[1.52195, -2.4867, 8.60339, -6.37401, -14.51106, -5.75671, 2.21488, -5.2953, 2.57102, -3.03183, -0.49674, 13.88791, 9.42799, -7.84723, 6.85086, -5.93292, -9.26972, -2.85301, 1.18134, -2.99434, -0.00223, -4.2846]"
42,sub11,supMAE,3,sub11-c__0093__pickup.npy,11,pickup,11,0.95294315,1,"[1.26114, -2.00616, 9.02002, -5.9134, -15.04354, -5.5932, 1.21169, -5.28867, 3.03988, -3.38372, -0.06051, 13.0808, 9.5765, -7.4755, 6.86907, -6.18414, -9.76082, -3.13884, 1.10959, -2.79181, 0.69615, -4.84862]"
42,sub11,supMAE,3,sub11-c__0095__pushchair.npy,12,pushchair,12,0.9954881,1,"[-1.40899, -2.58797, 5.35939, -7.17539, -15.95006, -1.95632, -5.19364, -5.3678, 5.55958, -0.7045, 6.21015, 6.49261, 13.27563, -7.32003, 5.82206, -7.137, -7.50791, -3.50977, 5.80333, -1.62066, 5.83145, -9.50292]"
42,sub11,supMAE,3,sub11-c__0096__pushchair.npy,12,pushchair,12,0.9927089,1,"[-2.10324, -2.41377, 6.1788, -7.68708, -16.0279, -3.12348, -5.84283, -6.22961, 7.39348, -1.02526, 4.93098, 5.44825, 13.65308, -8.40113, 5.97467, -5.89917, -7.62566, -3.358, 6.89684, -0.85705, 7.77542, -10.33615]"
42,sub11,supMAE,3,sub11-c__0097__pushchair.npy,12,pushchair,12,0.9915554,1,"[-1.36768, -2.6972, 5.52934, -7.81012, -16.09145, -2.38832, -6.12158, -6.20394, 6.95421, -0.28446, 5.54524, 5.32474, 13.40042, -8.61799, 6.09363, -6.12549, -7.29578, -3.03662, 7.08843, -0.97002, 7.70515, -10.44614]"
42,sub11,supMAE,3,sub11-c__0098__pushchair.npy,12,pushchair,12,0.99451846,1,"[-1.18791, -1.9792, 5.00688, -7.81667, -16.01264, -2.59374, -3.53142, -5.94152, 5.18808, -0.095, 4.76858, 8.74661, 14.09931, -8.84109, 5.85033, -7.07148, -5.96926, -4.23408, 5.29345, -2.51304, 3.60644, -8.80097]"
42,sub11,supMAE,3,sub11-c__0099__pushchair.npy,12,pushchair,12,0.8890428,1,"[-0.6435, -2.36445, 6.5421, -7.7636, -15.5999, -3.05271, -6.40602, -6.71697, 6.94752, -0.11074, 5.82731, 3.38743, 12.14679, -7.53523, 5.53293, -5.12622, -8.51529, -2.91241, 7.29064, 0.49318, 9.88829, -11.37491]"
42,sub11,supMAE,3,sub11-c__0101__pushchair.npy,12,pushchair,12,0.9975501,1,"[-1.48491, -2.63445, 4.805, -8.12996, -15.82169, -2.17945, -5.22252, -6.23523, 5.86229, 0.95137, 5.80325, 6.84348, 14.06602, -8.89836, 6.04914, -7.02166, -5.54751, -3.76423, 6.53044, -1.91268, 5.70223, -10.07604]"
42,sub11,supMAE,3,sub11-c__0102__sit.npy,15,sit,15,0.9997408,1,"[4.7545, 4.83583, 0.90922, 0.6115, -0.8976, -3.08283, 6.11713, -1.83526, -2.18857, -2.8255, -4.54827, -3.94757, -8.52022, 4.30409, -3.50097, 15.00815, -8.15317, 3.52164, 2.31407, 3.55245, -0.7458, -1.41417]"
42,sub11,supMAE,3,sub11-c__0103__stand.npy,17,stand,17,0.9975586,1,"[4.40183, 2.42646, 2.39856, 2.74174, -1.13509, 0.69262, 4.6704, -1.92973, -1.96693, -4.00378, -5.96123, -1.63589, -9.19149, 1.11874, 1.71338, 3.06133, -11.31506, 11.71979, 1.74839, -2.30518, 2.98196, 2.80057]"
42,sub11,supMAE,3,sub11-c__0104__turnaround.npy,19,turnaround,19,0.97320527,1,"[2.99485, -2.23052, 4.07335, -7.46192, -2.57563, -4.37531, 3.78615, -3.29702, -2.05386, 0.55811, 2.98346, -3.1505, 0.57109, 1.13084, 2.67253, 0.88645, -9.378, -4.58964, 13.63359, 17.25705, 10.17126, -14.17895]"
42,sub11,supMAE,3,sub11-c__0106__stand.npy,17,stand,17,0.99701774,1,"[4.07984, 1.39439, 3.30366, 3.29521, -1.26964, -0.73343, 3.49526, -2.34783, -0.64984, -4.83668, -6.57271, -2.11047, -8.47261, 1.40407, 1.42918, 3.09124, -12.09928, 11.56137, 1.99458, -2.44241, 4.51522, 3.49792]"
42,sub11,supMAE,3,sub11-c__0107__turnaround.npy,19,turnaround,19,0.99500567,1,"[3.3112, -0.89193, 4.12842, -7.30903, -2.16179, -4.23763, 4.6966, -3.08161, -1.87035, -1.0165, 1.56818, -2.52826, -0.64912, 0.18402, 2.72917, 1.61695, -9.49251, -4.462, 13.43266, 18.73408, 8.42313, -13.53459]"
42,sub11,supMAE,3,sub11-c__0108__sit.npy,15,sit,15,0.9996673,1,"[3.82017, 2.01986, 1.92074, -0.81079, 0.14687, -5.52024, 3.86576, -2.34402, 0.15222, -3.01494, -4.36449, -5.62091, -5.69903, 4.14195, -4.14942, 14.55637, -9.19019, 2.63475, 4.73541, 5.7752, 4.31175, -2.4624]"
42,sub11,supMAE,3,sub11-c__0109__stand.npy,17,stand,17,0.9975006,1,"[3.81018, 0.83781, 3.01563, 3.28895, -1.12009, -0.78853, 3.62978, -2.11421, -0.27078, -5.04663, -6.55082, -2.20736, -8.54655, 1.20125, 0.84527, 3.62822, -12.17325, 11.77658, 2.78844, -2.35738, 4.45296, 3.83873]"
42,sub11,supMAE,3,sub11-c__0110__turnaround.npy,19,turnaround,19,0.9387155,1,"[1.56716, -3.0739, 4.80517, -7.43567, -3.65807, -4.76539, 0.44176, -3.35426, 0.19487, -0.02238, 3.45441, -3.63207, 2.2019, -0.01321, 2.8806, 0.66458, -9.33789, -3.79821, 13.3619, 16.60542, 12.96524, -14.17622]"
42,sub11,supMAE,3,sub11-c__0111__sit.npy,15,sit,15,0.9997218,1,"[3.86168, 4.61548, 1.46983, 0.30333, -0.3932, -3.63615, 6.00213, -1.90549, -0.96446, -4.03269, -5.55779, -4.71287, -8.01533, 4.16722, -4.07114, 14.96435, -9.17795, 3.22692, 3.4916, 5.26028, 0.93013, -1.58009]"
42,sub11,supMAE,3,sub11-c__0112__stand.npy,17,stand,17,0.99905413,1,"[4.0925, 1.18092, 2.74004, 2.96092, -1.51655, -0.05159, 3.10557, -1.85508, -0.15503, -4.95523, -5.6559, -2.12105, -8.93398, 0.44258, 0.97282, 3.70246, -12.16079, 12.65194, 2.82545, -2.65629, 4.15568, 3.86408]"
42,sub11,supMAE,3,sub11-c__0113__turnaround.npy,19,turnaround,19,0.99843675,1,"[4.63847, -1.78004, 3.84798, -7.27669, -0.81955, -4.39062, 5.71793, -2.7962, -3.76736, -0.2015, 1.84995, -3.32573, -1.12964, 2.26197, 2.12625, 2.0436, -9.98552, -4.71435, 13.07034, 19.54689, 8.95287, -13.71486]"
42,sub11,supMAE,3,sub11-c__0114__sit.npy,15,sit,15,0.9995963,1,"[3.3337, 4.72236, 1.32124, 0.15845, -1.67313, -2.57643, 6.40138, -1.68649, -1.06322, -3.96766, -4.94515, -3.55278, -8.07036, 3.2459, -3.71336, 14.647, -9.09891, 3.74614, 3.62715, 4.27546, -0.07961, -1.43652]"
42,sub11,supMAE,3,sub11-c__0116__turnaround.npy,19,turnaround,19,0.9817353,1,"[3.31096, -2.32175, 3.92096, -7.10306, -2.36192, -4.24812, 0.73907, -3.50559, -1.65373, 1.24469, 4.31368, -4.16386, 1.32756, 1.47964, 2.47793, 0.55267, -8.68854, -4.39638, 12.29823, 16.92075, 12.18414, -14.26831]"
42,sub11,supMAE,3,sub11-c__0118__squat.npy,16,squat,16,0.9996352,1,"[-7.60222, -4.29212, -11.83013, -3.29955, 10.46507, 8.68561, -3.5214, 1.50089, -8.7854, 18.5349, 4.00736, 5.38759, 5.56731, -1.03194, 3.33025, -6.83694, 26.45113, -6.39655, 1.5981, -5.01168, -9.23954, -2.89966]"
42,sub11,supMAE,3,sub11-c__0119__squat.npy,16,squat,16,0.99952817,1,"[-7.68522, -4.37141, -11.96311, -3.17713, 10.47931, 8.90485, -3.82565, 1.6157, -8.83035, 18.67161, 4.45081, 4.77284, 5.61165, -0.6947, 3.26361, -6.7931, 26.33025, -6.48815, 1.73572, -4.85924, -8.97519, -3.149]"
42,sub11,supMAE,3,sub11-c__0120__squat.npy,16,squat,16,0.99975127,1,"[-7.69287, -4.09409, -12.29236, -3.24407, 10.7202, 9.27315, -3.58054, 1.89374, -9.12285, 18.67637, 4.13221, 5.31756, 5.51213, -0.9205, 3.27931, -6.92627, 26.97564, -6.57345, 1.19072, -4.84698, -9.40044, -2.75325]"
42,sub11,supMAE,3,sub11-c__0121__squat.npy,16,squat,16,0.99966097,1,"[-7.75252, -4.21783, -12.50997, -3.37711, 10.55973, 8.96193, -3.66025, 1.86388, -8.78764, 18.70255, 4.35499, 4.47247, 5.98082, -0.62268, 2.519, -6.50472, 26.69205, -6.4534, 1.92921, -4.94412, -8.81141, -2.92566]"
42,sub11,supMAE,3,sub11-c__0123__pickup.npy,11,pickup,11,0.999091,1,"[1.58658, -1.69857, 8.23526, -5.92281, -12.69068, -5.48647, 5.94642, -4.38977, 0.31264, -3.35224, -2.03122, 15.73188, 7.30275, -6.221, 6.28729, -5.49379, -8.92832, -3.00501, 0.13995, -2.94475, -2.64833, -3.06603]"
42,sub11,supMAE,3,sub11-c__0124__pickup.npy,11,pickup,11,0.99497163,1,"[1.42518, -2.24763, 8.2656, -6.17961, -13.76015, -5.42728, 3.85313, -4.9549, 1.56723, -3.08668, -0.83863, 14.67547, 8.90885, -7.17219, 6.3933, -6.02132, -9.09239, -3.0253, 0.85918, -3.14209, -1.15129, -3.73992]"
42,sub11,supMAE,3,sub11-c__0125__pickup.npy,11,pickup,11,0.9977818,1,"[1.52232, -1.79813, 8.237, -6.12547, -13.4215, -5.7937, 4.47128, -4.93459, 1.45984, -3.15574, -1.48423, 15.12522, 8.2208, -7.11826, 6.46521, -5.59985, -8.88541, -2.85461, 0.4452, -3.36858, -2.00738, -3.12555]"
42,sub11,supMAE,3,sub11-c__0126__pickup.npy,11,pickup,11,0.99626416,1,"[0.62154, -2.48628, 7.98972, -6.34019, -13.41069, -5.53136, 4.3248, -4.86365, 1.65455, -3.22568, -1.58841, 15.50644, 9.73078, -7.51563, 6.1674, -5.86801, -8.20758, -3.58746, 1.04724, -3.24092, -1.71525, -3.53342]"
42,sub11,supMAE,3,sub11-c__0127__pushchair.npy,12,pushchair,12,0.98559827,1,"[-0.76301, -1.70796, 5.90005, -7.73898, -16.53734, -3.09916, -4.30686, -6.32023, 5.56673, -0.0749, 5.3493, 8.8332, 13.29507, -9.05268, 6.76711, -7.18419, -6.5868, -3.85728, 4.43233, -2.63888, 3.51282, -8.84372]"
42,sub11,supMAE,3,sub11-c__0128__pushchair.npy,12,pushchair,12,0.9961403,1,"[-2.10207, -1.92202, 4.67143, -7.89708, -16.23754, -1.80856, -5.69355, -6.08546, 6.47027, 0.42718, 6.53206, 6.47256, 13.71241, -8.85188, 6.10238, -7.01512, -5.94426, -3.691, 6.55503, -1.93032, 5.54855, -10.12186]"
42,sub11,supMAE,3,sub11-c__0129__pushchair.npy,12,pushchair,12,0.9972269,1,"[-2.48147, -1.8778, 5.1747, -7.94846, -16.24003, -2.20002, -5.77009, -6.19522, 6.62507, 0.47633, 6.14683, 6.61301, 14.05462, -8.90167, 6.23056, -6.99924, -5.68115, -4.05389, 6.36189, -1.86509, 5.70338, -10.26273]"
42,sub11,supMAE,3,sub11-c__0131__pushchair.npy,12,pushchair,12,0.99669075,1,"[-2.21285, -2.2276, 5.58418, -7.85754, -16.33119, -2.44114, -5.58748, -6.17167, 6.83024, -0.16071, 5.67675, 6.20011, 13.93073, -8.60979, 5.90952, -6.62279, -6.66963, -3.78058, 6.47195, -1.48997, 6.59643, -10.05375]"
