seed,subject,method,k,file,true_id,true_label,pred_id,conf,correct,logits
42,sub7,scratch,1,sub7-a__0001__wave.npy,21,wave,21,0.6131038,1,"[-1.43439, 10.67662, -4.92378, 16.46264, -3.15238, -8.32127, -1.48382, 5.10108, 13.21012, -8.53598, -2.36718, -9.44937, -5.55761, 7.32194, -3.23379, -1.67633, -6.35035, 8.43673, 4.51685, -4.47927, -1.29809, 16.96436]"
42,sub7,scratch,1,sub7-a__0002__wave.npy,21,wave,21,0.55964535,1,"[-1.86267, 10.12272, -5.35353, 16.50493, -3.15295, -7.7208, -1.97674, 6.20765, 13.05981, -8.37286, -2.24662, -9.66214, -5.26602, 6.77752, -3.03146, -1.89709, -6.22404, 8.03068, 4.51271, -4.59009, -0.73804, 16.77799]"
42,sub7,scratch,1,sub7-a__0003__wave.npy,21,wave,21,0.50932175,1,"[-1.80975, 10.46034, -5.18654, 16.66099, -3.28611, -6.86159, -2.46871, 7.25068, 12.63725, -8.53381, -2.50641, -9.65009, -5.3902, 6.95239, -2.89137, -2.65379, -5.71443, 7.23453, 4.11327, -4.78598, -0.60642, 16.71822]"
42,sub7,scratch,1,sub7-a__0004__wave.npy,21,wave,3,0.53900445,0,"[-1.80956, 10.39552, -5.35664, 16.58916, -3.30065, -7.11921, -2.01269, 7.0281, 12.67137, -8.42663, -2.44042, -9.46586, -5.3217, 6.85965, -2.85849, -2.69156, -5.60896, 7.17962, 4.33145, -4.70266, -0.91941, 16.4066]"
42,sub7,scratch,1,sub7-a__0005__wave.npy,21,wave,3,0.52442074,0,"[-1.89229, 10.29298, -5.41713, 16.62869, -3.26724, -7.27369, -1.87728, 6.93818, 12.77309, -8.38609, -2.41933, -9.41419, -5.24636, 6.78274, -2.89202, -2.5672, -5.61788, 7.25881, 4.35069, -4.7081, -0.96837, 16.50509]"
42,sub7,scratch,1,sub7-a__0006__bow.npy,2,bow,2,0.99486154,1,"[2.87244, 2.29824, 13.09162, -6.2504, -10.59728, 1.43435, 3.75995, -7.26586, -1.76684, -5.63613, -0.44955, 6.98693, 4.52985, -4.21373, 6.93544, -3.98467, -8.34421, -4.11573, 0.82582, 5.38481, 1.61921, -6.83072]"
42,sub7,scratch,1,sub7-a__0007__bow.npy,2,bow,2,0.996808,1,"[2.56372, 2.28124, 13.43531, -5.80106, -9.81905, 1.3374, 4.17688, -7.66779, -2.48232, -5.8025, -1.5371, 7.01619, 3.97197, -3.66816, 6.61088, -3.09638, -8.06581, -3.2411, 0.62491, 5.19727, 1.35229, -6.92831]"
42,sub7,scratch,1,sub7-a__0008__bow.npy,2,bow,2,0.99554104,1,"[2.49148, 2.0015, 13.60586, -6.04677, -9.92283, 1.17234, 4.83537, -7.87493, -2.85663, -5.51227, -1.5857, 7.73303, 4.29109, -3.78647, 6.83109, -3.40709, -7.65541, -3.55345, 0.52596, 5.28154, 0.97943, -7.38885]"
42,sub7,scratch,1,sub7-a__0009__bow.npy,2,bow,2,0.995846,1,"[2.60402, 2.27449, 13.50445, -5.931, -9.95458, 1.10582, 4.82891, -7.84041, -2.54126, -5.74803, -1.64475, 7.52255, 4.13854, -3.69938, 6.678, -3.44619, -7.82236, -3.41405, 0.68377, 5.26349, 0.97523, -7.12991]"
42,sub7,scratch,1,sub7-a__0010__bow.npy,2,bow,2,0.9965659,1,"[2.58808, 2.22871, 13.70406, -5.80251, -9.56163, 1.34695, 4.79812, -8.05775, -3.21621, -5.51164, -1.93932, 7.57257, 3.79747, -3.43026, 6.64105, -3.0313, -7.48916, -3.29692, 0.45794, 5.17185, 0.7411, -7.55791]"
42,sub7,scratch,1,sub7-a__0011__crossarms.npy,5,crossarms,5,0.99978465,1,"[0.51314, 9.4599, 1.62853, 1.15768, 0.08522, 22.36744, -9.05313, 13.91305, -3.1479, -5.54581, -6.24141, -5.88432, -8.22049, 0.76258, -1.17444, -4.3298, 3.0251, -5.60641, -0.15919, -2.79508, 2.25658, -0.2024]"
42,sub7,scratch,1,sub7-a__0012__crossarms.npy,5,crossarms,5,0.9996729,1,"[0.43632, 9.33309, 1.58105, 1.1087, -0.13014, 22.129, -9.49987, 14.09585, -2.59889, -5.80915, -5.96568, -6.01414, -7.77645, 0.57502, -1.29909, -4.2874, 2.58145, -5.25327, -0.15711, -2.87988, 2.78748, 0.50687]"
42,sub7,scratch,1,sub7-a__0013__crossarms.npy,5,crossarms,5,0.99976736,1,"[0.40347, 8.71559, 1.4327, 0.98611, 0.06409, 22.39005, -9.324, 14.01913, -3.47124, -5.38271, -5.81526, -5.86621, -7.77461, 0.62641, -1.09835, -4.38435, 2.86336, -5.43972, -0.19631, -2.69782, 2.72117, -0.51979]"
42,sub7,scratch,1,sub7-a__0014__crossarms.npy,5,crossarms,5,0.9997899,1,"[0.51218, 8.39893, 1.47854, -0.03584, -0.31884, 22.23178, -8.97628, 13.75944, -3.38712, -5.21881, -5.51715, -5.28223, -7.22106, 0.16298, -0.75939, -4.56195, 2.86397, -5.71294, 0.00901, -2.33465, 2.62604, -1.02811]"
42,sub7,scratch,1,sub7-a__0015__crossarms.npy,5,crossarms,5,0.9997557,1,"[0.46326, 8.58478, 1.39606, 0.58189, -0.14911, 22.27757, -9.00794, 13.95661, -3.69528, -5.23113, -5.646, -5.53502, -7.5524, 0.54767, -0.78463, -4.68543, 3.03977, -5.79757, -0.07305, -2.48724, 2.52462, -1.16394]"
42,sub7,scratch,1,sub7-a__0016__airpunch.npy,1,airpunch,1,0.99912316,1,"[0.99671, 14.52264, -1.85772, 6.05432, -0.6262, -0.67167, 1.05969, 3.47787, 4.29118, -3.99812, -6.51199, -7.70327, -11.21444, 5.59031, -1.17171, -3.6171, -1.03066, 0.21047, 6.87469, -0.87659, -1.50114, 1.34041]"
42,sub7,scratch,1,sub7-a__0017__airpunch.npy,1,airpunch,1,0.99871325,1,"[2.45642, 14.6037, -2.58777, 5.08723, 0.85273, -1.69121, 1.07647, 1.54058, 3.33006, -2.6403, -5.96707, -8.40984, -12.05219, 6.35652, -2.2423, -2.21173, -0.64166, 1.11949, 7.62113, -0.67979, -2.34155, -0.65496]"
42,sub7,scratch,1,sub7-a__0018__airpunch.npy,1,airpunch,1,0.9955,1,"[0.12744, 14.35062, -1.75788, 8.53437, -0.27668, -2.44836, -0.45024, 3.4059, 5.79195, -5.96235, -6.86063, -9.0135, -11.57902, 7.23274, -2.64224, -0.69126, -3.58682, 3.91906, 6.38991, -1.27616, -1.27564, 5.48261]"
42,sub7,scratch,1,sub7-a__0019__airpunch.npy,1,airpunch,1,0.9866404,1,"[-0.58101, 13.74188, -2.55095, 9.2286, 0.64819, -2.46951, 1.06605, 4.34396, 5.83272, -5.82384, -7.83398, -8.93533, -12.09491, 6.75459, -2.94198, -0.79796, -2.50557, 4.14302, 6.57609, -1.74997, -1.74576, 5.80373]"
42,sub7,scratch,1,sub7-a__0020__airpunch.npy,1,airpunch,1,0.95293105,1,"[-1.09392, 12.92219, -2.33572, 9.61161, 0.48589, -3.28946, 0.29539, 4.26325, 6.92721, -6.46347, -7.71788, -9.23802, -11.67139, 6.46465, -3.26752, 0.25198, -4.09901, 5.65122, 6.43598, -1.76901, -0.77302, 7.87578]"
42,sub7,scratch,1,sub7-a__0021__drink.npy,7,drink,7,0.83147967,1,"[-2.63471, 12.36227, -2.27899, 14.09516, -3.55688, 1.04871, -4.40102, 16.37826, 7.61835, -9.84679, -6.14182, -8.17019, -6.9669, 6.23746, -1.75854, -7.7271, -1.779, 1.5253, 2.65253, -4.9407, 0.12088, 13.8831]"
42,sub7,scratch,1,sub7-a__0022__drink.npy,7,drink,7,0.9899711,1,"[-3.45655, 11.26443, -2.93095, 12.71763, -3.20031, 2.31363, -4.11708, 18.21182, 7.37274, -9.6186, -6.3754, -7.70791, -6.49, 4.39793, -1.5975, -7.39302, -1.23487, 0.9681, 3.28729, -4.76844, 0.07184, 12.92101]"
42,sub7,scratch,1,sub7-a__0023__drink.npy,7,drink,7,0.9950229,1,"[-3.61729, 10.96745, -3.07782, 12.54252, -3.08875, 2.76057, -4.37187, 18.651, 7.14327, -9.53059, -6.26977, -7.73356, -6.38054, 4.11988, -1.55257, -7.34289, -1.08765, 0.81702, 3.26851, -4.77836, 0.21904, 12.57912]"
42,sub7,scratch,1,sub7-a__0024__drink.npy,7,drink,7,0.99208283,1,"[-3.82226, 10.58589, -3.9755, 13.29742, -2.79232, 1.9275, -3.77775, 18.44766, 7.09016, -9.05137, -5.93936, -7.87464, -6.40965, 4.38638, -1.68112, -7.22223, -0.78834, 1.14393, 3.60777, -4.87046, -0.30026, 12.11889]"
42,sub7,scratch,1,sub7-a__0026__brushteeth.npy,3,brushteeth,3,0.9322164,1,"[-2.52509, 11.95326, -4.00122, 18.04336, -2.61661, -5.95622, -0.65327, 9.44992, 9.9868, -9.62733, -5.05542, -9.1853, -7.24948, 9.15415, -3.49935, -4.36897, -3.71644, 6.78361, 3.8041, -4.8537, -2.32476, 15.38115]"
42,sub7,scratch,1,sub7-a__0027__brushteeth.npy,3,brushteeth,3,0.8628296,1,"[-2.74411, 11.43385, -4.4859, 18.21351, -2.23401, -6.81743, -0.71695, 8.76232, 10.78067, -9.43314, -4.78709, -9.52795, -7.05383, 8.899, -3.7691, -3.29135, -4.27725, 7.86472, 3.89348, -4.95578, -2.04546, 16.36231]"
42,sub7,scratch,1,sub7-a__0028__brushteeth.npy,3,brushteeth,3,0.8807506,1,"[-2.73776, 11.50137, -4.49176, 18.29429, -2.32745, -6.57781, -0.93975, 9.14242, 10.61432, -9.39162, -4.77294, -9.51139, -7.00731, 8.98614, -3.67609, -3.68555, -4.06573, 7.47526, 3.71384, -5.01644, -1.93967, 16.28135]"
42,sub7,scratch,1,sub7-a__0029__brushteeth.npy,3,brushteeth,3,0.82648396,1,"[-2.74862, 11.23245, -4.57753, 17.9869, -2.33437, -6.89798, -0.77606, 8.83843, 10.90941, -9.28076, -4.67928, -9.42564, -6.8455, 8.61655, -3.62963, -3.40042, -4.33305, 7.69408, 3.91791, -4.91117, -1.87139, 16.41529]"
42,sub7,scratch,1,sub7-a__0030__brushteeth.npy,3,brushteeth,3,0.808209,1,"[-2.69881, 11.22906, -4.64964, 17.87564, -2.35081, -6.86301, -0.80272, 8.88087, 10.94003, -9.25457, -4.6842, -9.34615, -6.76697, 8.58253, -3.58188, -3.54188, -4.23547, 7.57118, 3.87444, -4.91481, -1.84802, 16.42655]"
42,sub7,scratch,1,sub7-a__0031__highfive.npy,8,highfive,8,0.5003249,1,"[-1.75772, 9.95225, -5.25408, 11.54262, -3.75057, -9.42941, 3.51251, 4.67949, 13.23804, -7.78599, -3.74205, -6.9741, -5.09344, 3.77103, -1.80721, -2.38054, -6.17189, 6.9407, 8.04059, -2.21244, -2.98127, 12.97677]"
42,sub7,scratch,1,sub7-a__0032__highfive.npy,8,highfive,8,0.72528726,1,"[-1.87813, 9.14213, -5.43243, 10.08761, -3.85047, -9.06188, 3.26995, 4.63828, 13.4307, -7.52986, -3.1964, -6.79338, -4.57057, 2.26278, -1.45988, -1.85095, -6.6968, 6.85259, 8.67619, -1.76105, -2.44876, 12.28972]"
42,sub7,scratch,1,sub7-a__0033__highfive.npy,8,highfive,8,0.9362501,1,"[-1.9809, 7.79506, -4.49376, 7.4695, -5.75593, -9.13954, 2.55943, 3.28841, 15.18645, -8.0228, -2.00937, -4.94096, -1.58303, -0.6553, 0.21881, -1.51762, -8.24348, 5.64698, 8.548, -0.96517, -1.17995, 12.46283]"
42,sub7,scratch,1,sub7-a__0034__highfive.npy,8,highfive,8,0.95160747,1,"[-3.24484, 5.38253, -5.47515, 6.93539, -5.11509, -8.54918, 0.66069, 3.83717, 16.02135, -7.70345, -0.92845, -5.44867, -0.57357, -2.74781, 0.16142, 0.70281, -9.14313, 6.46527, 8.35606, -1.14057, 0.5599, 13.02902]"
42,sub7,scratch,1,sub7-a__0035__highfive.npy,8,highfive,8,0.9769333,1,"[-2.48954, 5.84974, -3.93913, 5.75513, -6.97842, -7.65906, -0.6681, 3.42676, 16.63374, -8.61661, -0.28487, -4.66431, 1.1139, -3.27377, 1.36668, -0.52087, -9.82577, 4.69554, 7.48521, -0.79922, 1.66126, 12.88112]"
42,sub7,scratch,1,sub7-a__0036__wave.npy,21,wave,21,0.76135176,1,"[-3.14775, 9.82231, -5.12586, 15.07246, -3.30548, -7.00306, -0.38231, 9.08903, 12.67675, -8.88878, -4.20467, -8.10729, -5.23319, 4.94772, -2.20752, -3.01581, -5.20498, 6.6473, 5.23634, -4.13397, -1.29282, 16.32714]"
42,sub7,scratch,1,sub7-a__0038__wave.npy,21,wave,21,0.79514736,1,"[-2.93228, 9.80989, -4.90047, 14.60779, -4.0719, -6.59486, -1.03202, 9.41287, 12.82348, -9.00628, -3.80983, -7.8524, -4.47681, 4.59655, -1.65761, -3.84184, -5.33464, 5.72824, 4.98382, -4.04757, -0.65729, 16.1312]"
42,sub7,scratch,1,sub7-a__0039__wave.npy,21,wave,21,0.8199643,1,"[-2.96529, 9.98946, -4.35956, 13.81088, -4.35356, -5.09713, -1.58077, 10.90068, 12.15493, -9.37109, -4.32178, -7.54028, -4.4455, 4.11072, -1.23174, -4.62433, -4.95717, 4.61386, 4.79537, -3.97006, -0.2743, 15.56408]"
42,sub7,scratch,1,sub7-a__0040__wave.npy,21,wave,21,0.73291534,1,"[-2.95305, 10.08957, -4.52125, 14.65057, -4.05905, -5.19903, -2.04924, 10.70485, 11.96964, -9.22196, -4.04706, -8.05221, -4.73015, 4.77526, -1.50764, -4.42424, -4.85451, 4.9645, 4.48607, -4.24083, -0.17795, 15.75393]"
42,sub7,scratch,1,sub7-a__0041__bow.npy,2,bow,2,0.99742717,1,"[2.44313, 2.05739, 13.54747, -6.20239, -8.78684, 1.75105, 4.40341, -7.67392, -3.66933, -5.39314, -2.68077, 6.98577, 2.99331, -3.42022, 6.34437, -2.43457, -7.4675, -2.78547, 0.65131, 5.24615, 1.30088, -7.75028]"
42,sub7,scratch,1,sub7-a__0042__bow.npy,2,bow,2,0.99669194,1,"[2.31526, 2.16667, 13.31975, -6.12112, -8.87863, 1.67808, 4.75738, -7.57315, -3.36646, -5.68928, -2.75676, 6.99388, 3.06474, -3.52827, 6.3397, -2.53146, -7.44817, -2.7408, 0.88789, 5.2845, 1.10395, -7.66118]"
42,sub7,scratch,1,sub7-a__0043__bow.npy,2,bow,2,0.9970874,1,"[2.36736, 1.98585, 13.23501, -6.13059, -8.75916, 1.74854, 4.27894, -7.50637, -3.17866, -5.54667, -2.4847, 6.64916, 2.88968, -3.79286, 6.30282, -2.36604, -7.75069, -2.5987, 0.95755, 5.27507, 1.44958, -7.48156]"
42,sub7,scratch,1,sub7-a__0044__bow.npy,2,bow,2,0.9953726,1,"[2.39442, 1.79324, 13.40161, -6.48261, -8.93254, 1.57239, 5.34507, -7.76325, -3.69017, -5.21472, -2.70466, 7.53182, 3.13746, -3.86661, 6.55452, -2.5997, -7.35211, -3.07177, 0.96312, 5.50044, 0.7953, -8.16642]"
42,sub7,scratch,1,sub7-a__0045__bow.npy,2,bow,2,0.9937092,1,"[2.18995, 1.41774, 13.42415, -6.66429, -9.0163, 1.23718, 5.89321, -7.93658, -3.58708, -5.27564, -2.82866, 7.94566, 3.5397, -4.13405, 6.64011, -2.54521, -7.43766, -2.92127, 1.03592, 5.6101, 0.71963, -8.14096]"
42,sub7,scratch,1,sub7-a__0046__crossarms.npy,5,crossarms,5,0.9994129,1,"[0.29162, 9.2725, 1.7125, 1.64956, -0.11265, 21.70237, -9.04561, 14.25572, -3.3902, -5.89634, -6.35548, -5.95112, -8.05555, 0.99556, -1.04035, -4.80579, 2.67805, -5.41989, -0.00844, -2.66661, 2.70567, -0.29697]"
42,sub7,scratch,1,sub7-a__0047__crossarms.npy,5,crossarms,5,0.99891186,1,"[0.06303, 9.22757, 1.63654, 0.7918, -0.4534, 21.31583, -9.0544, 14.48851, -2.17731, -6.15431, -6.39543, -5.79125, -7.53166, 0.20381, -1.10911, -4.49188, 2.20009, -5.10769, 0.37165, -2.59611, 2.97767, 0.7292]"
42,sub7,scratch,1,sub7-a__0048__crossarms.npy,5,crossarms,5,0.9994491,1,"[0.13222, 8.74962, 1.51549, 1.0793, 0.10088, 21.92154, -8.78339, 14.41478, -3.34159, -5.84398, -6.60997, -5.82219, -7.96383, 0.61532, -1.17408, -4.40853, 2.65768, -5.04227, 0.18306, -2.56061, 2.61278, -0.2127]"
42,sub7,scratch,1,sub7-a__0049__crossarms.npy,5,crossarms,5,0.9992293,1,"[-0.02217, 8.70998, 1.28717, 1.27953, 0.14407, 21.88025, -8.78401, 14.71035, -3.1366, -6.00053, -6.59699, -5.95172, -7.92911, 0.54898, -1.23773, -4.36471, 2.65437, -4.92564, 0.28185, -2.64043, 2.56502, -0.04929]"
42,sub7,scratch,1,sub7-a__0050__crossarms.npy,5,crossarms,5,0.99903345,1,"[-0.10435, 8.48233, 0.94106, 0.73075, 0.00544, 21.75441, -8.37746, 14.81192, -3.04953, -5.89443, -6.43266, -5.624, -7.60082, 0.25636, -1.03536, -4.46632, 2.8457, -5.10088, 0.57252, -2.45019, 2.27359, -0.51857]"
42,sub7,scratch,1,sub7-a__0051__airpunch.npy,1,airpunch,1,0.9733244,1,"[-0.4638, 12.77501, -2.46385, 8.64697, 1.30424, -3.64487, 0.24215, 3.02335, 6.37978, -6.14456, -7.30664, -9.40037, -12.00261, 6.44122, -4.0776, 1.91671, -4.33426, 6.76354, 7.05745, -1.40947, -1.35755, 6.56745]"
42,sub7,scratch,1,sub7-a__0052__airpunch.npy,1,airpunch,1,0.9976433,1,"[1.57719, 14.30751, -2.68967, 6.80267, 1.11499, -2.88075, 0.94593, 2.09605, 4.2124, -4.49934, -6.58862, -8.84233, -11.97964, 7.39075, -3.11863, -1.11098, -1.69132, 3.6451, 7.09689, -1.00307, -2.24673, 2.183]"
42,sub7,scratch,1,sub7-a__0053__airpunch.npy,1,airpunch,1,0.984512,1,"[0.45259, 14.47119, -1.58663, 10.04002, 0.07451, -3.07085, -0.34913, 4.08216, 5.94312, -6.81089, -7.37666, -9.32077, -11.88562, 8.49622, -3.7774, -1.22021, -3.54109, 5.13768, 5.70839, -2.03223, -1.27053, 7.35734]"
42,sub7,scratch,1,sub7-a__0054__airpunch.npy,1,airpunch,1,0.96586376,1,"[-0.72292, 12.84145, -1.94362, 8.95592, -0.34712, -3.73969, 1.06075, 4.62713, 6.88908, -6.92643, -7.63482, -8.00049, -10.96065, 6.50742, -3.11468, -0.90126, -4.3678, 5.53991, 6.59126, -1.38807, -1.49016, 7.95424]"
42,sub7,scratch,1,sub7-a__0055__airpunch.npy,1,airpunch,1,0.9826383,1,"[-0.44263, 13.86678, -1.40771, 9.46441, -0.43368, -2.41979, -0.04527, 5.0551, 6.47552, -7.38797, -8.18407, -8.57491, -11.19055, 7.22704, -3.10492, -1.27743, -3.90456, 4.68537, 5.81655, -1.78189, -0.92042, 8.03132]"
42,sub7,scratch,1,sub7-a__0056__drink.npy,7,drink,7,0.99988437,1,"[-3.20153, 9.94098, -4.05749, 10.06567, -3.05155, 5.7157, -4.10057, 19.78336, 3.91175, -7.54578, -4.68696, -6.6481, -5.84065, 3.19716, -0.61784, -8.85346, 1.3487, -2.47553, 3.86748, -4.12627, -0.96094, 6.11114]"
42,sub7,scratch,1,sub7-a__0057__drink.npy,7,drink,7,0.99994826,1,"[-3.5218, 9.40258, -4.63726, 9.45668, -3.62289, 4.84458, -3.16373, 20.02031, 4.55685, -7.35899, -4.40375, -5.77958, -4.87831, 2.32222, -0.20541, -9.18811, 1.36617, -2.85209, 4.41755, -3.8222, -1.48377, 5.8558]"
42,sub7,scratch,1,sub7-a__0058__drink.npy,7,drink,7,0.99993527,1,"[-3.73109, 9.20045, -5.06026, 9.85361, -3.6391, 3.99006, -2.91408, 19.94994, 5.18067, -7.31983, -4.29311, -5.77837, -4.62367, 2.19539, -0.30819, -8.96091, 1.19838, -2.4592, 4.60424, -3.92721, -1.5934, 6.41856]"
42,sub7,scratch,1,sub7-a__0059__drink.npy,7,drink,7,0.999936,1,"[-3.58328, 9.32244, -4.78028, 9.6786, -3.79438, 4.26277, -2.88781, 19.89074, 4.83137, -7.35273, -4.30813, -5.66779, -4.66908, 2.31999, -0.17274, -9.24478, 1.22248, -2.76063, 4.54153, -3.80248, -1.58708, 6.01084]"
42,sub7,scratch,1,sub7-a__0060__drink.npy,7,drink,7,0.9986676,1,"[-3.55526, 9.76425, -5.33391, 12.17549, -3.29574, 2.65953, -2.97513, 18.89043, 5.40745, -7.39424, -4.12373, -6.82292, -5.44373, 3.81326, -0.97704, -8.65542, 0.86105, -1.22099, 4.46149, -4.41165, -1.77512, 7.41312]"
42,sub7,scratch,1,sub7-a__0061__drink.npy,7,drink,7,0.9999095,1,"[-3.69535, 9.09815, -5.15836, 9.96873, -3.55818, 3.71677, -2.83443, 19.6566, 5.10973, -7.10301, -4.20936, -6.02923, -4.84719, 2.33602, -0.31546, -8.86125, 0.94652, -2.19935, 4.80769, -3.84558, -1.5101, 6.25068]"
42,sub7,scratch,1,sub7-a__0062__brushteeth.npy,3,brushteeth,3,0.9406837,1,"[-1.54334, 12.40001, -4.24293, 18.33289, -2.71744, -7.18395, -0.37628, 7.70659, 10.46449, -8.99853, -4.14981, -9.42315, -7.34068, 10.09852, -3.89445, -4.25198, -4.01943, 7.19193, 3.85468, -4.88901, -2.90432, 15.51478]"
42,sub7,scratch,1,sub7-a__0063__brushteeth.npy,3,brushteeth,3,0.9307396,1,"[-1.51664, 12.34582, -4.33146, 18.1766, -2.8314, -6.82079, -0.84107, 8.14574, 10.45278, -8.95756, -4.08376, -9.42956, -7.18417, 9.89314, -3.70651, -4.56325, -3.9199, 6.76143, 3.70832, -4.94513, -2.57289, 15.52769]"
42,sub7,scratch,1,sub7-a__0064__brushteeth.npy,3,brushteeth,3,0.9462077,1,"[-1.69283, 12.10797, -4.45054, 18.32596, -2.71926, -6.82388, -0.80454, 8.27237, 10.31902, -8.87271, -4.02353, -9.50223, -7.16184, 9.8531, -3.76146, -4.43589, -3.87418, 6.89058, 3.74699, -4.97559, -2.55845, 15.412]"
42,sub7,scratch,1,sub7-a__0065__brushteeth.npy,3,brushteeth,3,0.90931904,1,"[-1.45003, 12.30663, -4.3002, 18.07035, -2.80863, -7.15219, -0.66755, 7.71014, 10.63866, -8.88657, -4.03155, -9.36268, -7.13442, 9.88634, -3.76767, -4.37974, -4.04359, 7.01683, 3.75335, -4.90253, -2.62375, 15.72345]"
42,sub7,scratch,1,sub7-a__0066__brushteeth.npy,3,brushteeth,3,0.87500006,1,"[-1.40368, 12.16183, -4.30576, 17.83631, -2.85056, -7.60589, -0.46146, 7.26201, 10.92281, -8.76285, -3.91906, -9.30907, -7.05486, 9.69339, -3.74408, -4.11798, -4.37614, 7.26149, 3.93532, -4.77672, -2.59074, 15.85645]"
42,sub7,scratch,1,sub7-a__0067__highfive.npy,8,highfive,21,0.53336525,0,"[-1.48184, 9.22817, -5.26846, 11.4749, -4.07578, -9.76524, 1.61259, 3.47893, 14.61657, -7.53316, -2.20737, -7.00382, -3.89795, 3.03694, -1.87051, -1.06101, -7.26566, 7.63093, 7.4462, -2.62944, -2.07908, 14.79854]"
42,sub7,scratch,1,sub7-a__0068__highfive.npy,8,highfive,8,0.5129329,1,"[-0.77827, 9.91066, -3.97583, 10.89713, -5.67282, -9.04225, 0.70091, 3.59089, 14.89839, -8.48287, -2.03091, -6.54402, -2.91401, 3.08035, -1.1026, -2.50244, -7.80717, 6.31478, 6.81508, -2.44291, -1.33835, 14.81929]"
42,sub7,scratch,1,sub7-a__0069__highfive.npy,8,highfive,8,0.85111135,1,"[-0.94044, 8.10149, -3.88783, 8.45277, -6.39865, -8.79459, -0.6362, 2.21222, 16.21962, -8.39134, -0.49699, -5.76234, -0.68513, 0.36301, -0.12583, -1.1009, -9.23533, 5.99338, 6.90532, -1.84731, 0.2763, 14.47141]"
42,sub7,scratch,1,sub7-a__0070__highfive.npy,8,highfive,8,0.91389734,1,"[-0.18264, 8.40885, -2.48764, 7.50101, -7.91318, -7.6552, -2.38557, 1.93433, 16.42939, -9.10052, 0.45018, -5.56583, 0.59423, 0.04848, 0.7636, -2.08682, -10.0434, 4.60974, 6.0867, -1.56839, 1.66634, 14.06186]"
42,sub7,scratch,1,sub7-a__0071__highfive.npy,8,highfive,8,0.7207793,1,"[-0.66644, 8.66044, -3.44582, 9.31396, -6.49906, -8.36734, -1.8847, 2.52056, 15.95236, -8.60646, -0.20728, -6.56513, -1.0829, 1.38024, -0.39083, -1.45392, -9.38536, 6.17045, 6.30614, -2.17861, 0.96137, 14.99856]"
42,sub7,scratch,1,sub7-a__0072__wave.npy,21,wave,21,0.6148946,1,"[-1.83238, 10.45259, -5.05677, 15.66719, -3.17247, -8.90374, 0.29183, 5.62613, 13.07077, -8.34685, -3.0808, -8.54335, -5.60508, 6.54265, -3.04689, -2.11755, -5.90866, 8.06724, 5.43545, -4.07859, -2.22898, 16.2127]"
42,sub7,scratch,1,sub7-a__0073__wave.npy,21,wave,21,0.5252249,1,"[-1.75807, 10.47182, -5.01521, 15.80033, -3.30669, -8.74075, -0.00079, 5.7335, 12.85647, -8.37003, -2.94782, -8.70034, -5.57163, 6.75225, -2.95653, -2.37901, -5.95419, 7.91451, 5.31696, -4.0692, -2.00438, 15.95777]"
42,sub7,scratch,1,sub7-a__0074__wave.npy,21,wave,21,0.5343794,1,"[-1.56221, 10.5886, -4.91795, 15.6922, -3.31793, -8.86782, -0.06157, 5.39232, 12.84419, -8.31852, -2.8561, -8.71709, -5.61368, 6.9272, -2.98676, -2.43525, -6.01245, 7.9778, 5.29234, -4.0291, -1.96112, 15.89263]"
42,sub7,scratch,1,sub7-a__0075__wave.npy,21,wave,21,0.6698119,1,"[-1.61321, 10.29013, -5.06835, 15.39948, -3.30175, -9.51076, 0.38724, 4.64986, 13.45295, -8.2355, -2.70886, -8.48516, -5.26813, 6.46472, -3.05429, -1.8076, -6.38323, 8.41687, 5.5467, -3.9149, -2.10062, 16.24653]"
42,sub7,scratch,1,sub7-a__0076__wave.npy,21,wave,21,0.5424267,1,"[-1.53287, 10.51503, -4.82142, 15.70046, -3.53938, -9.02354, -0.03682, 5.20675, 12.95979, -8.36227, -2.70979, -8.61205, -5.3528, 6.87364, -2.90305, -2.47948, -6.17632, 7.93015, 5.24691, -3.98377, -1.88013, 15.93893]"
42,sub7,scratch,1,sub7-a__0077__bow.npy,2,bow,2,0.99628985,1,"[2.46287, 2.62217, 13.58539, -5.91318, -9.19429, 1.4986, 5.58138, -7.68024, -3.69111, -5.53986, -2.91593, 7.48605, 3.03375, -3.08434, 6.46596, -3.11623, -7.01925, -3.4265, 0.77225, 5.35801, 0.483, -7.96833]"
42,sub7,scratch,1,sub7-a__0078__bow.npy,2,bow,2,0.99540883,1,"[2.41154, 2.07401, 13.52092, -6.16737, -9.26374, 1.43902, 5.52503, -7.82273, -3.69234, -5.32987, -2.56669, 7.64814, 3.40889, -3.5067, 6.68787, -3.16086, -7.09554, -3.45758, 0.75288, 5.42593, 0.68241, -8.16217]"
42,sub7,scratch,1,sub7-a__0079__bow.npy,2,bow,2,0.99506456,1,"[2.34452, 1.87296, 13.68795, -6.18182, -8.84133, 1.36688, 6.05715, -8.2457, -4.15797, -5.25314, -3.14001, 8.0006, 3.29866, -3.37837, 6.52986, -2.58931, -6.85763, -3.02514, 0.6542, 5.3902, 0.3243, -8.41566]"
42,sub7,scratch,1,sub7-a__0080__bow.npy,2,bow,2,0.9957503,1,"[2.32999, 1.85886, 13.48454, -6.1653, -8.57195, 1.4443, 5.72798, -8.10275, -3.87356, -5.35458, -3.17054, 7.56727, 3.00875, -3.55418, 6.34807, -2.30863, -7.07364, -2.62826, 0.84319, 5.33389, 0.56369, -8.11701]"
42,sub7,scratch,1,sub7-a__0081__bow.npy,2,bow,2,0.9936422,1,"[2.25175, 1.9536, 13.45811, -6.18884, -8.6232, 1.32011, 6.56222, -8.2185, -4.15881, -5.31358, -3.47402, 7.96044, 2.99105, -3.39795, 6.4296, -2.37755, -6.74617, -2.85604, 0.95149, 5.47462, -0.0028, -8.53685]"
42,sub7,scratch,1,sub7-a__0082__crossarms.npy,5,crossarms,5,0.9997818,1,"[0.62361, 9.15677, 1.96171, 0.1535, -0.38144, 21.99265, -8.67735, 13.55101, -3.33625, -5.57765, -6.16023, -5.11411, -7.55062, 0.36606, -0.74132, -4.64768, 2.95953, -5.77323, 0.08792, -2.34883, 2.35372, -0.92519]"
42,sub7,scratch,1,sub7-a__0084__crossarms.npy,5,crossarms,5,0.9996183,1,"[0.15278, 9.26009, 1.44996, 1.3162, 0.21993, 22.30359, -9.21108, 14.42731, -2.78734, -6.22015, -6.49975, -6.02084, -7.86998, 0.5714, -1.57391, -4.08729, 2.89889, -4.83821, 0.00867, -2.96046, 2.59036, 0.46474]"
42,sub7,scratch,1,sub7-a__0085__crossarms.npy,5,crossarms,5,0.9995803,1,"[0.25047, 9.71205, 1.68917, 1.52433, 0.02212, 22.12219, -9.4091, 14.33689, -2.57983, -6.34534, -6.43658, -6.12512, -7.94828, 0.78274, -1.58197, -4.27612, 2.78961, -4.94542, -0.08181, -3.04269, 2.70539, 0.77526]"
42,sub7,scratch,1,sub7-a__0086__crossarms.npy,5,crossarms,5,0.9995747,1,"[0.24626, 9.1318, 1.5295, 1.09968, -0.0587, 22.08997, -9.27051, 14.32187, -2.84277, -6.12907, -6.2637, -5.91276, -7.63803, 0.57207, -1.35468, -4.40699, 2.70237, -4.97546, 0.00679, -2.81041, 2.82446, 0.30597]"
42,sub7,scratch,1,sub7-a__0087__crossarms.npy,5,crossarms,5,0.9993154,1,"[0.2085, 9.63568, 1.75983, 1.67261, -0.16621, 21.81512, -9.19056, 14.52158, -2.78427, -6.31683, -6.46564, -6.07133, -7.99661, 0.92053, -1.38908, -4.66509, 2.65524, -5.11011, -0.00133, -2.92083, 2.6925, 0.59842]"
42,sub7,scratch,1,sub7-a__0088__airpunch.npy,1,airpunch,1,0.9689039,1,"[-0.31725, 14.06774, -2.00597, 10.47039, -0.11561, -3.40539, 0.84519, 3.59363, 6.72763, -6.92479, -7.55881, -8.6777, -11.59217, 7.73252, -3.47671, -0.33437, -3.67281, 5.46527, 6.17981, -1.99366, -2.25908, 7.68159]"
42,sub7,scratch,1,sub7-a__0090__airpunch.npy,1,airpunch,1,0.979071,1,"[-0.25685, 14.2199, -2.06525, 10.1874, -0.20346, -3.80657, 0.87309, 3.62468, 6.7357, -6.5291, -7.07073, -8.80201, -11.69768, 7.67472, -3.47181, -0.55638, -3.70739, 5.08561, 6.44386, -1.78798, -2.25243, 7.39976]"
42,sub7,scratch,1,sub7-a__0091__airpunch.npy,1,airpunch,1,0.9884367,1,"[0.07945, 13.73619, -3.0399, 8.81874, 0.47539, -4.47319, 2.19766, 3.29512, 5.49389, -4.95583, -6.93021, -8.50496, -11.861, 7.67091, -3.16103, -1.12322, -2.46098, 4.52185, 7.24182, -1.3139, -3.12756, 4.87023]"
42,sub7,scratch,1,sub7-a__0092__airpunch.npy,1,airpunch,1,0.977693,1,"[-0.50885, 13.77476, -2.53058, 9.74361, 0.07715, -4.1712, 1.37037, 4.15158, 6.46968, -6.26019, -7.46262, -8.60371, -11.37293, 7.6145, -3.37031, -0.81471, -3.15928, 5.11562, 6.6487, -1.75849, -2.34497, 7.07212]"
42,sub7,scratch,1,sub7-a__0093__drink.npy,7,drink,7,0.99974436,1,"[-3.24135, 10.01842, -4.49463, 10.61308, -3.60639, 3.92969, -3.23444, 19.33608, 4.46193, -7.28879, -4.38225, -6.23615, -5.44251, 3.46923, -0.23951, -9.42156, 1.26023, -2.50596, 4.1922, -4.03304, -1.53167, 6.26499]"
42,sub7,scratch,1,sub7-a__0094__drink.npy,7,drink,7,0.9979462,1,"[-3.34204, 10.29018, -4.99489, 12.3382, -3.52878, 1.93716, -2.821, 18.66265, 5.82988, -7.47503, -4.38283, -6.6925, -5.59375, 4.11037, -0.80139, -8.99409, 0.74561, -1.26389, 4.28207, -4.4533, -1.82237, 8.28717]"
42,sub7,scratch,1,sub7-a__0095__drink.npy,7,drink,7,0.98997,1,"[-3.40748, 10.15059, -5.60356, 13.24216, -3.48472, 0.64402, -2.41088, 17.89124, 6.46432, -7.42861, -4.11139, -7.01105, -5.47688, 4.51993, -1.07528, -8.56852, 0.36664, -0.37339, 4.59505, -4.56539, -2.07471, 8.79607]"
42,sub7,scratch,1,sub7-a__0096__drink.npy,7,drink,7,0.99734807,1,"[-3.61712, 9.77834, -5.68136, 12.48956, -3.47184, 1.10925, -2.28939, 18.50169, 6.34292, -7.30429, -4.23414, -6.73779, -5.30829, 3.84748, -0.92711, -8.52121, 0.45138, -0.67665, 4.81636, -4.4035, -2.06651, 8.38519]"
42,sub7,scratch,1,sub7-a__0097__drink.npy,7,drink,7,0.99339443,1,"[-3.4606, 10.03425, -5.51776, 13.00213, -3.32966, 0.95056, -2.26278, 18.0776, 6.16905, -7.38295, -4.28319, -6.95987, -5.69964, 4.3815, -1.1243, -8.51341, 0.45449, -0.38535, 4.687, -4.48228, -2.16726, 8.51957]"
42,sub7,scratch,1,sub7-a__0098__brushteeth.npy,3,brushteeth,3,0.90590465,1,"[-1.55808, 12.24393, -4.14727, 18.11311, -2.71478, -7.8577, -0.07464, 6.71061, 10.95106, -9.28138, -4.12266, -9.27956, -7.05532, 9.94849, -3.9785, -3.46061, -4.53135, 7.99476, 4.03704, -4.74714, -2.95582, 15.80984]"
42,sub7,scratch,1,sub7-a__0099__brushteeth.npy,3,brushteeth,3,0.958068,1,"[-1.86261, 12.09501, -4.52244, 18.44359, -3.01766, -7.02771, -0.61096, 8.28436, 10.47271, -9.03169, -3.89228, -9.31481, -6.84949, 9.7571, -3.60311, -4.45872, -3.95351, 6.81189, 3.87691, -4.91848, -2.75108, 15.26046]"
42,sub7,scratch,1,sub7-a__0100__brushteeth.npy,3,brushteeth,3,0.8882671,1,"[-1.96053, 11.78365, -4.8689, 18.14839, -2.8402, -8.00033, 0.13457, 7.64401, 11.29529, -8.92048, -3.99256, -9.08704, -6.61455, 9.24255, -3.76377, -3.72084, -4.32888, 7.53897, 4.28214, -4.84976, -3.0477, 16.05136]"
42,sub7,scratch,1,sub7-a__0101__brushteeth.npy,3,brushteeth,3,0.9261258,1,"[-1.96922, 11.96858, -4.52339, 18.14435, -3.09609, -7.16742, -0.32197, 8.40661, 10.76593, -9.1037, -4.11571, -9.09225, -6.70786, 9.31038, -3.51346, -4.35046, -4.09477, 6.81784, 4.04821, -4.84055, -2.79664, 15.5784]"
42,sub7,scratch,1,sub7-a__0102__brushteeth.npy,3,brushteeth,3,0.89736253,1,"[-1.74325, 11.99417, -4.60175, 18.01134, -3.1439, -7.65935, -0.20521, 7.74689, 11.10934, -8.94176, -3.8958, -8.98863, -6.5599, 9.33235, -3.49518, -4.25442, -4.21938, 6.95011, 4.05113, -4.80009, -2.84298, 15.81052]"
42,sub7,scratch,1,sub7-a__0103__highfive.npy,8,highfive,8,0.98916084,1,"[-1.56284, 5.87306, -6.02299, 4.90731, -5.62912, -9.88855, 4.31638, 1.01017, 15.12579, -6.57441, -0.39053, -3.89689, -0.63405, -2.9065, 0.70146, 0.12699, -8.63477, 5.39171, 10.37051, 0.26257, -2.42778, 8.97782]"
42,sub7,scratch,1,sub7-a__0104__highfive.npy,8,highfive,8,0.8372427,1,"[-2.16182, 8.02092, -6.17583, 9.88305, -3.87424, -9.61168, 2.94759, 3.66669, 14.53683, -7.22596, -2.25435, -6.47878, -3.58329, 1.0028, -1.42317, -0.05569, -7.3937, 7.41993, 8.9232, -1.86837, -2.60508, 12.81591]"
42,sub7,scratch,1,sub7-a__0105__highfive.npy,8,highfive,8,0.98353875,1,"[-1.98244, 6.59343, -6.01401, 7.03581, -5.17106, -9.63631, 3.19758, 2.1751, 15.30823, -7.03169, -0.98744, -5.09058, -1.4153, -1.64585, 0.03128, 0.11356, -8.38744, 6.12753, 9.55121, -0.74072, -1.88236, 10.96891]"
42,sub7,scratch,1,sub7-a__0106__highfive.npy,8,highfive,8,0.8234469,1,"[-2.17667, 8.07552, -6.14257, 10.29206, -4.04196, -9.77031, 2.63984, 3.48556, 14.82499, -7.35578, -2.09892, -6.60059, -3.25522, 1.20967, -1.39585, -0.18886, -7.44126, 7.43858, 8.58765, -2.07043, -2.28882, 13.21502]"
42,sub7,scratch,1,sub7-a__0107__highfive.npy,8,highfive,8,0.9718692,1,"[-2.02688, 6.87781, -6.15947, 7.8911, -5.21405, -9.46377, 2.14476, 2.78696, 15.72542, -7.07018, -0.73003, -5.60366, -1.32025, -1.14867, -0.20004, -0.12716, -8.24919, 6.16267, 9.01437, -1.31825, -1.42054, 12.1177]"
42,sub7,scratch,1,sub7-a__0108__highfive.npy,8,highfive,8,0.9188382,1,"[-2.27787, 7.33669, -6.13914, 8.95136, -4.1878, -9.72572, 2.69698, 2.97308, 15.01296, -7.15913, -1.65246, -6.19949, -2.80603, 0.04038, -1.03968, 0.38943, -7.97763, 7.36888, 9.05069, -1.53516, -2.04481, 12.51766]"
42,sub7,scratch,1,sub7-a__0109__wave.npy,21,wave,21,0.6552692,1,"[-2.09782, 10.13708, -5.34689, 15.35502, -3.42581, -9.40745, 0.9473, 5.43963, 13.57167, -8.48439, -3.10078, -8.13486, -5.099, 5.88827, -2.8229, -1.7497, -6.23785, 8.13332, 5.90585, -3.86074, -2.56329, 16.15809]"
42,sub7,scratch,1,sub7-a__0110__wave.npy,21,wave,21,0.6360792,1,"[-1.96355, 10.08301, -5.27486, 15.08578, -3.97374, -9.28434, 0.74337, 5.68379, 13.54828, -8.39835, -2.87348, -7.88638, -4.60166, 5.73679, -2.39318, -2.56007, -6.20591, 7.35253, 5.77874, -3.75351, -2.22167, 15.84493]"
42,sub7,scratch,1,sub7-a__0111__wave.npy,21,wave,21,0.64930546,1,"[-1.85127, 10.05753, -5.18126, 15.01773, -4.13815, -9.23074, 0.43322, 5.71403, 13.51264, -8.3447, -2.69482, -7.89747, -4.4608, 5.78501, -2.27565, -2.78729, -6.25925, 7.18217, 5.6288, -3.75641, -1.96197, 15.84047]"
42,sub7,scratch,1,sub7-a__0112__wave.npy,21,wave,21,0.54826725,1,"[-2.0281, 9.88773, -5.48886, 15.16794, -3.87122, -9.23831, 0.66704, 5.86775, 13.28376, -8.14456, -2.69472, -8.01038, -4.62997, 5.79351, -2.37642, -2.68938, -6.05697, 7.32443, 5.82725, -3.78779, -2.14846, 15.50805]"
42,sub7,scratch,1,sub7-a__0113__wave.npy,21,wave,21,0.5540125,1,"[-2.07471, 10.09062, -5.43039, 15.42163, -3.79117, -9.03949, 0.57935, 6.08821, 13.3099, -8.32016, -2.85104, -8.10748, -4.83786, 5.9032, -2.47709, -2.58673, -5.97801, 7.35594, 5.73754, -3.89331, -2.27454, 15.75756]"
42,sub7,scratch,1,sub7-a__0114__bow.npy,2,bow,2,0.9950598,1,"[2.1324, 3.05801, 13.56768, -5.40707, -9.44166, 0.84937, 6.33277, -7.78601, -3.09516, -6.17417, -3.33, 7.78965, 3.29733, -3.00847, 6.44349, -2.89275, -7.05796, -3.26368, 0.93757, 5.3253, -0.13042, -7.46647]"
42,sub7,scratch,1,sub7-a__0115__bow.npy,2,bow,2,0.9974388,1,"[1.86496, 2.74841, 13.62721, -5.16094, -8.81562, 1.49443, 5.30417, -7.60182, -3.44193, -6.21487, -3.47037, 7.12683, 2.93049, -2.99989, 6.17094, -2.09401, -7.15587, -2.59126, 0.69116, 5.03075, 0.55761, -7.30572]"
42,sub7,scratch,1,sub7-a__0116__bow.npy,2,bow,2,0.9955711,1,"[1.8656, 2.09577, 13.44895, -5.58146, -9.11483, 1.12039, 5.58322, -7.77183, -3.20111, -5.88253, -2.94417, 7.50227, 3.41251, -3.75122, 6.60515, -2.08182, -7.54675, -2.83629, 0.8997, 5.36576, 0.49694, -7.5035]"
42,sub7,scratch,1,sub7-a__0118__bow.npy,2,bow,2,0.99153155,1,"[1.63569, 1.30951, 13.44426, -6.37496, -9.38641, 0.91293, 6.21283, -7.89305, -3.17722, -5.66019, -2.77698, 8.31439, 4.27595, -4.43488, 6.86975, -2.36252, -7.45478, -2.9556, 1.01117, 5.56106, 0.5216, -7.80292]"
42,sub7,scratch,1,sub7-a__0119__crossarms.npy,5,crossarms,5,0.9982191,1,"[0.25635, 10.45239, 1.67169, 1.84933, -0.73154, 21.1353, -8.70326, 14.79353, -1.91835, -6.61019, -6.57362, -5.65344, -7.86476, 0.86338, -1.15742, -5.26901, 2.83697, -5.62593, 0.16515, -3.04761, 2.07573, 1.17084]"
42,sub7,scratch,1,sub7-a__0120__crossarms.npy,5,crossarms,5,0.9983583,1,"[-0.01862, 10.16649, 1.66086, 2.25507, -0.50367, 21.37049, -9.19991, 14.95176, -1.88424, -6.62439, -6.58808, -6.10974, -7.93982, 0.78661, -1.3438, -4.73104, 2.4945, -5.27763, 0.04049, -3.18378, 2.53396, 1.55754]"
42,sub7,scratch,1,sub7-a__0121__crossarms.npy,5,crossarms,5,0.9976682,1,"[-0.15943, 10.1922, 1.55982, 3.02353, -0.33941, 21.3432, -9.36965, 15.27824, -1.89135, -6.8913, -6.64585, -6.50606, -8.12165, 1.09102, -1.63916, -4.69484, 2.41218, -4.91412, -0.02099, -3.41347, 2.62465, 1.96604]"
42,sub7,scratch,1,sub7-a__0122__crossarms.npy,5,crossarms,5,0.9957852,1,"[-0.18236, 10.20316, 1.40315, 2.83976, -0.59389, 20.91046, -9.33386, 15.44023, -1.48038, -6.94044, -6.44864, -6.43287, -7.84423, 0.94598, -1.53279, -4.87932, 2.25909, -4.90236, 0.16354, -3.37642, 2.68933, 2.17549]"
42,sub7,scratch,1,sub7-a__0123__crossarms.npy,5,crossarms,5,0.9977981,1,"[-0.09661, 10.17431, 1.86929, 2.95069, -0.51197, 21.26156, -9.26592, 15.13842, -2.34292, -6.65866, -6.65311, -6.34048, -8.18802, 1.20811, -1.33975, -5.0323, 2.39695, -5.30813, -0.10695, -3.24837, 2.7003, 1.53226]"
42,sub7,scratch,1,sub7-a__0124__airpunch.npy,1,airpunch,1,0.99348384,1,"[0.29074, 13.54055, -3.18112, 7.66409, -0.54426, -4.19953, 1.15809, 2.41535, 5.84558, -3.95815, -5.2063, -8.43088, -10.83257, 6.34994, -2.05775, -1.4216, -2.60819, 2.94301, 7.53396, -0.89399, -2.25915, 3.285]"
42,sub7,scratch,1,sub7-a__0125__airpunch.npy,1,airpunch,1,0.9939678,1,"[0.42664, 13.64245, -3.18192, 7.66905, -0.70526, -4.03342, 2.19625, 3.04574, 5.32169, -3.89967, -5.66853, -7.9391, -10.86798, 6.57472, -1.91999, -2.50903, -1.97728, 2.26914, 7.59263, -0.90501, -2.81728, 2.75042]"
42,sub7,scratch,1,sub7-a__0126__airpunch.npy,1,airpunch,1,0.99685824,1,"[0.77614, 14.11189, -2.36543, 7.6214, -0.95054, -3.4832, 1.32116, 2.72459, 5.41712, -4.49324, -5.88264, -7.96609, -10.99804, 6.74249, -1.94554, -2.39558, -2.56914, 2.13773, 6.97288, -0.80956, -2.23033, 3.26996]"
42,sub7,scratch,1,sub7-a__0127__airpunch.npy,1,airpunch,1,0.99724907,1,"[1.06892, 14.83584, -1.65571, 8.07848, -1.21597, -2.88986, 0.41605, 3.5107, 4.4387, -5.03461, -5.9579, -8.12838, -10.83581, 8.26949, -1.95969, -3.73301, -1.94639, 1.69426, 5.91108, -1.05876, -1.67487, 3.30129]"
42,sub7,scratch,1,sub7-a__0128__airpunch.npy,1,airpunch,1,0.9951567,1,"[1.01469, 13.24337, -2.61512, 5.69439, -1.29855, -3.99476, 1.65554, 2.12338, 4.90981, -3.58112, -4.91362, -7.29795, -10.10928, 5.90047, -1.15307, -2.80781, -2.56809, 1.51888, 7.56114, 0.04225, -2.21419, 1.24956]"
42,sub7,scratch,1,sub7-a__0129__airpunch.npy,1,airpunch,1,0.9987914,1,"[2.01389, 14.26925, -2.60685, 4.93287, 0.18065, -2.10613, 1.95851, 1.86441, 3.08819, -2.50181, -5.85403, -7.08516, -11.23863, 6.26978, -1.37075, -3.58481, 0.13308, -0.07104, 7.08179, -0.45154, -2.70198, -1.05623]"
42,sub7,scratch,1,sub7-a__0130__drink.npy,7,drink,7,0.99988043,1,"[-3.61211, 9.71946, -4.72346, 10.18737, -3.56689, 3.93974, -2.97835, 19.72489, 4.79896, -7.35391, -4.465, -5.86284, -5.11071, 2.81182, -0.21941, -9.34381, 1.43931, -2.47637, 4.40763, -3.97856, -1.59116, 6.34866]"
42,sub7,scratch,1,sub7-a__0131__drink.npy,7,drink,7,0.9998054,1,"[-3.64482, 9.52303, -5.12067, 10.62399, -3.39109, 3.10035, -2.9345, 19.4811, 5.25859, -7.17731, -4.41118, -6.136, -5.17891, 2.98474, -0.43834, -9.06743, 1.13851, -1.84065, 4.49449, -4.09237, -1.49905, 7.02944]"
42,sub7,scratch,1,sub7-a__0132__drink.npy,7,drink,7,0.99977225,1,"[-3.66052, 9.46396, -5.20457, 10.57352, -3.61335, 2.36862, -2.42695, 19.28164, 5.70578, -7.16575, -4.43635, -5.93518, -4.99945, 2.84645, -0.34773, -9.11331, 0.87561, -1.70874, 4.76777, -3.97142, -1.67387, 7.29712]"
42,sub7,scratch,1,sub7-a__0133__drink.npy,7,drink,7,0.9999126,1,"[-3.94862, 9.27562, -5.19378, 9.99603, -3.61457, 2.71537, -2.50625, 19.82317, 6.16448, -7.27857, -4.60204, -5.74904, -4.74084, 2.02417, -0.30384, -8.76245, 0.81266, -1.83167, 4.87362, -3.95041, -1.57966, 7.7064]"
42,sub7,scratch,1,sub7-a__0134__drink.npy,7,drink,7,0.98332626,1,"[-3.69196, 9.66164, -6.19947, 13.37115, -3.27527, -0.44642, -1.86275, 17.48649, 6.88974, -7.07644, -3.97242, -6.90883, -5.3346, 4.40836, -1.22187, -8.31884, 0.29045, 0.26395, 4.95142, -4.54072, -2.2134, 8.99638]"
42,sub7,scratch,1,sub7-a__0135__drink.npy,7,drink,7,0.99728775,1,"[-3.75835, 9.54086, -5.84281, 12.32314, -3.32603, 0.63262, -2.11363, 18.31988, 6.65217, -7.28397, -4.33332, -6.71117, -5.25487, 3.72128, -1.04712, -8.38135, 0.29156, -0.17754, 4.98115, -4.34105, -1.90185, 8.72635]"
42,sub7,scratch,1,sub7-a__0136__brushteeth.npy,3,brushteeth,3,0.83765006,1,"[-1.76462, 11.92176, -4.55293, 17.61858, -2.61342, -8.38577, 0.51424, 6.73006, 11.35692, -8.90674, -4.203, -8.90617, -6.87781, 9.32578, -3.85428, -3.49242, -4.41337, 7.91459, 4.38776, -4.60933, -3.11365, 15.94843]"
42,sub7,scratch,1,sub7-a__0137__brushteeth.npy,3,brushteeth,3,0.76696014,1,"[-2.03291, 11.34154, -4.90424, 17.33412, -2.686, -8.39694, 0.26815, 7.17358, 11.63138, -8.63694, -3.97861, -8.98658, -6.57179, 8.61297, -3.65624, -3.37979, -4.68456, 7.88214, 4.59162, -4.58131, -2.66744, 16.12255]"
42,sub7,scratch,1,sub7-a__0138__brushteeth.npy,3,brushteeth,3,0.7774669,1,"[-1.83265, 11.66981, -4.59446, 17.23545, -2.91604, -8.18575, 0.09341, 7.16443, 11.47701, -8.70311, -3.99811, -8.88056, -6.61295, 8.80274, -3.49992, -3.80414, -4.58176, 7.44415, 4.41507, -4.53545, -2.59865, 15.95864]"
42,sub7,scratch,1,sub7-a__0140__brushteeth.npy,3,brushteeth,3,0.81644505,1,"[-1.66676, 11.68485, -4.51195, 17.17017, -3.09967, -8.08453, 0.10475, 7.25391, 11.18733, -8.73001, -3.97201, -8.74402, -6.43293, 9.00718, -3.40079, -4.24912, -4.41476, 7.20509, 4.31084, -4.50719, -2.6145, 15.64585]"
42,sub7,scratch,1,sub7-a__0141__highfive.npy,8,highfive,8,0.9648527,1,"[-1.7607, 7.61677, -5.77268, 7.36282, -4.43728, -9.78103, 4.12142, 2.34535, 14.33535, -6.99613, -2.1566, -5.25295, -2.84844, -0.30445, -0.45535, -0.5737, -7.51249, 6.38953, 9.63462, -0.72852, -2.63962, 10.63822]"
42,sub7,scratch,1,sub7-a__0142__highfive.npy,8,highfive,8,0.9006925,1,"[-1.76361, 8.40067, -6.09165, 9.24303, -4.30773, -9.77866, 3.791, 3.81533, 14.21834, -6.90661, -2.44407, -5.97352, -3.49924, 1.08441, -0.93535, -1.62804, -6.72015, 6.35291, 9.09575, -1.60325, -2.8694, 11.85355]"
42,sub7,scratch,1,sub7-a__0143__highfive.npy,8,highfive,8,0.9711884,1,"[-1.21171, 7.99984, -4.92652, 6.92754, -5.77779, -9.52851, 3.24949, 2.38021, 14.92104, -7.48042, -1.68252, -4.80383, -1.67117, -0.41964, 0.20171, -1.7229, -8.03842, 5.4206, 9.07237, -0.71443, -1.91019, 11.24686]"
42,sub7,scratch,1,sub7-a__0144__highfive.npy,8,highfive,8,0.9898769,1,"[-1.08183, 7.4178, -4.894, 5.48807, -6.46499, -9.06247, 2.94652, 2.15646, 15.10647, -7.31708, -0.9514, -4.27948, -0.63962, -1.64942, 1.02812, -2.00517, -8.33641, 4.45584, 9.30378, -0.20547, -1.43605, 10.09331]"
42,sub7,scratch,1,sub7-a__0146__highfive.npy,8,highfive,8,0.9436008,1,"[-1.81927, 7.49721, -5.51361, 7.78875, -4.96536, -9.80334, 2.98321, 2.77714, 14.94807, -7.32401, -1.78492, -5.37019, -2.129, -0.17658, -0.40028, -0.8616, -8.06722, 6.59237, 9.0379, -1.0905, -1.83604, 12.05584]"
42,sub7,scratch,1,sub7-b1__0001__walk.npy,20,walk,20,0.9416647,1,"[6.87625, 1.19414, 1.12043, -5.11797, -3.70014, -0.16022, -10.04172, -5.28871, 0.97385, 0.57123, 5.20883, -5.99183, -1.9641, -0.79738, 3.1629, -1.07062, -9.97283, 0.32461, 2.19655, 2.90542, 9.8854, -4.82911]"
42,sub7,scratch,1,sub7-b1__0002__turnaround.npy,19,turnaround,19,0.9360842,1,"[0.0885, -3.08224, -2.13738, -9.94209, -6.99587, -1.48386, 4.74758, -8.81153, 3.16672, -2.04309, 3.18857, 3.18828, 6.41189, -7.86599, 6.52712, 8.62287, -9.5685, -4.31413, 8.11206, 11.93115, -1.77182, -12.00073]"
42,sub7,scratch,1,sub7-b1__0003__walk.npy,20,walk,9,0.4223223,0,"[3.92962, -5.50474, -9.55987, -2.88761, 1.79177, -6.01628, -0.89255, -7.5725, 1.00967, 6.35284, 5.14468, -5.75405, -0.61612, -1.6092, 2.19732, 2.9292, -7.60102, 5.23464, 5.50667, 2.55022, 4.36224, -6.83419]"
42,sub7,scratch,1,sub7-b1__0004__turnaround.npy,19,turnaround,19,0.9760641,1,"[2.28496, -1.44253, -3.22458, -6.51447, -3.78374, -2.64981, 6.79323, -7.11982, 0.33716, -1.44102, 1.11768, 0.06188, -0.89512, -2.55358, 4.20676, 5.77244, -10.10754, -1.09232, 7.75825, 11.9073, -2.96814, -11.12467]"
42,sub7,scratch,1,sub7-b1__0006__turnaround.npy,19,turnaround,19,0.8489707,1,"[-1.0254, -3.07065, -1.97367, -9.39465, -7.07992, -1.31393, 3.89961, -7.9302, 4.28669, -3.25241, 3.00744, 3.02678, 7.26325, -8.01541, 6.2145, 9.49324, -9.96423, -3.42195, 7.81901, 11.51621, -1.03714, -10.4915]"
42,sub7,scratch,1,sub7-b1__0007__walk.npy,20,walk,18,0.33003753,0,"[3.55288, -6.29871, -8.22078, -4.00439, -2.03684, -6.78702, 2.31038, -7.48863, 1.08918, 4.72401, 5.18734, -2.57276, 1.76866, -2.72234, 5.19744, 0.51755, -8.71992, 2.95078, 5.76978, 4.44604, 2.8851, -8.53771]"
42,sub7,scratch,1,sub7-b1__0008__turnaround.npy,19,turnaround,19,0.97042006,1,"[0.82686, -1.44364, -2.66609, -6.61617, -3.53223, -1.71844, 5.13024, -5.25584, 1.66036, -2.57961, 0.20355, -1.05875, -0.96442, -3.41123, 3.69239, 6.67111, -10.6925, -0.31502, 8.01362, 11.79252, -1.13844, -9.06756]"
42,sub7,scratch,1,sub7-b1__0009__walk.npy,20,walk,20,0.9048798,1,"[7.05318, 0.04163, 0.6452, -3.39711, -4.88923, -0.47604, -13.61136, -6.47529, 2.81698, 1.11336, 9.67054, -6.97096, 0.67233, -1.71806, 3.07187, 0.21104, -11.35025, 0.51932, 0.83083, 1.62993, 11.99703, -3.2676]"
42,sub7,scratch,1,sub7-b1__0010__turnaround.npy,19,turnaround,19,0.89273065,1,"[-0.6693, -3.77071, -2.15889, -9.86016, -7.57466, -1.94787, 4.60748, -8.48693, 4.31399, -2.94888, 3.60644, 3.75148, 7.98573, -8.59976, 6.48059, 8.75881, -10.21348, -3.64054, 7.97898, 11.60176, -1.1367, -11.11076]"
42,sub7,scratch,1,sub7-b1__0011__walk.npy,20,walk,18,0.31655684,0,"[3.57407, -6.01399, -8.42375, -2.82528, -0.20381, -6.37078, 1.84013, -7.03685, 0.26896, 4.64229, 4.31645, -3.7897, -0.471, -1.13608, 3.36646, 1.28276, -8.52582, 4.38325, 5.25181, 3.95126, 3.16433, -7.73399]"
42,sub7,scratch,1,sub7-b1__0012__turnaround.npy,19,turnaround,19,0.98239166,1,"[1.58824, -1.50247, -2.24635, -6.85047, -3.27475, -1.76102, 5.35758, -6.20344, 0.5485, -2.17288, 0.19991, -0.75159, -1.26411, -2.67555, 3.69872, 6.18258, -10.40764, -0.27495, 7.47388, 11.84913, -1.15679, -9.84732]"
42,sub7,scratch,1,sub7-b1__0013__walk.npy,20,walk,20,0.7650957,1,"[6.38242, -0.85248, 0.69063, -2.67418, -5.97355, -0.48052, -14.69686, -6.71596, 3.57659, 1.27412, 11.59943, -6.63847, 2.66183, -2.62506, 3.81268, 0.52312, -11.71387, -0.0217, -0.05543, 1.24191, 12.78665, -2.63884]"
42,sub7,scratch,1,sub7-b1__0014__turnaround.npy,19,turnaround,19,0.80208105,1,"[-1.31654, -3.68721, -2.66227, -9.22065, -6.80775, -1.35696, 3.57987, -8.09581, 4.09407, -2.69618, 3.77476, 3.05559, 7.71249, -8.29986, 6.37107, 9.23218, -9.15019, -3.50575, 7.51564, 11.01782, -0.62993, -10.75954]"
42,sub7,scratch,1,sub7-b1__0015__walk.npy,20,walk,18,0.43211213,0,"[2.80294, -6.11675, -8.48122, -2.5427, -0.78825, -7.09299, 3.088, -6.46888, 0.97648, 3.98301, 3.97596, -3.07498, -0.08356, -1.44014, 3.55199, 0.91312, -8.77155, 4.45472, 5.58464, 4.14211, 2.62734, -7.04642]"
42,sub7,scratch,1,sub7-b1__0016__turnaround.npy,19,turnaround,19,0.9810439,1,"[0.11997, -2.9888, -1.69595, -7.13698, -3.78936, -1.86224, 4.58127, -5.20793, 1.34423, -3.04178, -0.52384, 0.16665, 0.36688, -4.34049, 4.44798, 7.03188, -11.31062, -0.09718, 7.06844, 11.77083, 0.47726, -8.48414]"
42,sub7,scratch,1,sub7-b1__0017__walk.npy,20,walk,10,0.6282491,0,"[6.64744, -1.47957, -0.69198, -1.71664, -5.48594, -1.11912, -15.39921, -7.5324, 4.07366, 2.32266, 13.35504, -7.16239, 3.30748, -2.47786, 3.13741, 1.30306, -11.60697, 0.78309, -0.3118, 0.42637, 12.82792, -2.2393]"
42,sub7,scratch,1,sub7-b1__0018__turnaround.npy,19,turnaround,19,0.75018203,1,"[-0.76469, -3.92305, -2.7267, -9.44261, -6.94044, -1.54787, 3.21458, -8.78336, 4.29689, -2.6598, 4.25124, 3.0079, 8.18906, -8.42119, 6.18621, 9.40915, -9.70276, -3.15496, 7.51571, 10.915, -0.38627, -10.88958]"
42,sub7,scratch,1,sub7-b1__0019__walk.npy,20,walk,18,0.335055,0,"[3.27382, -6.0289, -8.35041, -2.51472, -0.25541, -6.65276, 2.34686, -6.86353, 0.5488, 3.83599, 3.98424, -3.55329, -0.52896, -0.8998, 2.84742, 1.39625, -8.87106, 4.92919, 5.25083, 4.01415, 3.13611, -7.13253]"
42,sub7,scratch,1,sub7-b1__0020__turnaround.npy,19,turnaround,19,0.9869255,1,"[2.29777, -1.41073, -1.73143, -7.26827, -3.65907, -1.87756, 5.61351, -7.02339, 0.06121, -1.7869, 0.60056, -0.15359, -0.94233, -2.59457, 4.03421, 5.67296, -10.27566, -0.80322, 7.2938, 11.97754, -1.48085, -10.61867]"
42,sub7,scratch,1,sub7-b1__0021__hop.npy,9,hop,9,0.99994683,1,"[6.52542, -6.87007, -4.34641, -6.65743, 6.49168, -7.29097, 1.03937, -13.5671, -10.33146, 17.72882, 6.96427, 1.0147, -3.61218, 1.32671, 5.04987, -0.73634, 4.51529, -1.08989, -1.16663, 1.30276, -1.5783, -16.28162]"
42,sub7,scratch,1,sub7-b1__0022__hop.npy,9,hop,9,0.999686,1,"[7.15625, -7.64893, -2.76926, -8.85089, 2.90067, -6.68044, 1.30857, -14.17277, -9.72636, 16.89632, 8.38886, 2.85285, -0.9387, -1.3205, 6.99774, -0.93597, 2.08009, -2.74179, -0.38907, 2.84917, -0.98872, -17.54326]"
42,sub7,scratch,1,sub7-b1__0023__hop.npy,9,hop,9,0.9997211,1,"[6.38284, -8.22231, -2.32758, -9.32401, 3.4229, -6.85734, 2.7081, -14.57211, -10.13762, 16.11893, 6.74158, 3.8107, -0.6457, -1.64228, 7.10923, 0.18442, 2.27819, -1.96323, -0.29557, 3.27828, -1.57518, -17.64374]"
42,sub7,scratch,1,sub7-b1__0025__hop.npy,9,hop,9,0.9999721,1,"[7.42621, -7.56475, -3.51389, -9.14871, 5.19014, -7.03635, 2.97674, -14.01763, -10.93808, 18.50706, 6.54461, 3.23033, -2.84141, -0.41051, 5.88085, -0.66237, 4.18038, -2.39712, -0.29595, 2.45836, -2.39572, -17.90374]"
42,sub7,scratch,1,sub7-b1__0026__hop.npy,9,hop,9,0.99998224,1,"[6.6942, -8.85803, -4.35932, -9.28642, 5.91441, -6.88422, 1.87436, -13.81551, -10.78467, 19.17037, 7.6928, 3.05788, -1.94935, -1.26337, 5.5788, -0.05398, 4.53579, -2.03933, -0.8095, 2.15148, -1.40077, -17.50853]"
42,sub7,scratch,1,sub7-b1__0027__hop.npy,9,hop,9,0.9999331,1,"[5.97668, -7.61213, -2.77038, -8.00578, 6.84002, -5.727, 3.00059, -13.95381, -12.13974, 17.14182, 4.25143, 2.77956, -3.77046, 0.16807, 5.69672, 0.92661, 4.73366, -1.50795, -1.08646, 2.34106, -2.18092, -17.79247]"
42,sub7,scratch,1,sub7-b1__0028__jump.npy,10,jump,10,0.9932821,1,"[7.26721, -7.26342, -3.02132, -9.0888, -6.80167, -5.74576, -4.53695, -12.18405, -2.17477, 12.89751, 17.91886, 2.60885, 7.46685, -5.95197, 8.8403, -2.63986, -4.15497, -6.03732, 0.72063, 3.26018, 3.50993, -14.70506]"
42,sub7,scratch,1,sub7-b1__0029__jump.npy,10,jump,10,0.99341196,1,"[7.44947, -6.95374, -2.7044, -8.67906, -6.89822, -5.52416, -4.57193, -12.54601, -2.6582, 13.20075, 18.23532, 3.07794, 7.73741, -5.58654, 8.71956, -2.94562, -3.28662, -6.59524, 0.02838, 2.80113, 3.27275, -14.91948]"
42,sub7,scratch,1,sub7-b1__0030__jump.npy,10,jump,10,0.9895837,1,"[7.84085, -7.38941, -4.31082, -8.97767, -6.10346, -5.85633, -4.56504, -12.43057, -2.38481, 14.03614, 18.59703, 2.8683, 7.57884, -5.71468, 8.33724, -2.68481, -2.59493, -6.23141, 0.40119, 2.57856, 2.84697, -15.05011]"
42,sub7,scratch,1,sub7-b1__0031__jump.npy,10,jump,10,0.996935,1,"[7.56982, -7.52932, -3.82572, -8.34867, -6.14396, -5.54862, -5.93628, -12.70432, -1.92221, 13.43681, 19.23245, 2.02767, 8.01253, -5.78968, 7.83432, -1.98484, -3.68886, -5.51724, -0.00688, 2.3702, 4.25014, -14.10559]"
42,sub7,scratch,1,sub7-b1__0032__jump.npy,10,jump,10,0.99761236,1,"[7.587, -7.14947, -4.16464, -8.03165, -6.20167, -5.55908, -5.91355, -12.4858, -1.75443, 13.46232, 19.5071, 1.91852, 7.85858, -5.58557, 7.72811, -2.17751, -3.32769, -5.75875, 0.06181, 2.203, 3.86741, -14.16887]"
42,sub7,scratch,1,sub7-b1__0033__jump.npy,10,jump,10,0.9963903,1,"[7.58831, -7.34783, -5.7126, -7.95921, -5.96531, -5.94282, -5.91555, -11.82633, -1.04581, 14.14126, 19.76723, 1.92314, 8.18325, -5.73714, 7.58789, -2.66394, -2.36761, -5.96227, 0.22757, 1.69731, 3.77719, -13.7717]"
42,sub7,scratch,1,sub7-b1__0034__runonspot.npy,13,runonspot,13,0.997029,1,"[8.13875, 13.05589, -0.28075, 11.75525, 0.93928, -1.93209, -6.38818, -7.55571, -5.39778, 2.58512, 3.43346, -6.95953, -9.04283, 19.11864, -2.21729, -6.14646, 4.64321, -1.36279, -5.63543, -4.86742, -2.91626, -4.23875]"
42,sub7,scratch,1,sub7-b1__0035__runonspot.npy,13,runonspot,13,0.9980627,1,"[8.38483, 12.87513, -0.85478, 11.30342, 1.90989, -1.67245, -6.18316, -7.38443, -6.1622, 3.24802, 3.23546, -6.86426, -9.48642, 19.31861, -2.36211, -6.41754, 5.99746, -1.53906, -5.87921, -5.02878, -3.32231, -4.92255]"
42,sub7,scratch,1,sub7-b1__0036__runonspot.npy,13,runonspot,13,0.997619,1,"[8.87277, 13.229, -1.0051, 11.15372, 2.49499, -2.30801, -5.04759, -7.83279, -5.78161, 3.05537, 1.57527, -6.69932, -10.29295, 19.39701, -2.84053, -5.59735, 5.81643, -0.78791, -5.36419, -4.98527, -3.878, -4.20267]"
42,sub7,scratch,1,sub7-b1__0037__runonspot.npy,13,runonspot,13,0.9975533,1,"[8.49157, 13.63818, 0.34304, 11.82071, 1.99941, -1.30785, -5.54381, -7.51264, -6.2008, 1.52361, 0.95586, -6.91475, -10.1368, 19.80444, -2.8394, -5.50551, 5.22251, -0.68216, -5.77337, -4.91157, -3.44162, -4.01632]"
42,sub7,scratch,1,sub7-b1__0038__runonspot.npy,13,runonspot,13,0.99685436,1,"[9.23671, 13.59531, -0.50463, 10.50731, 3.43941, -1.82863, -3.39746, -8.09372, -7.04107, 3.14448, 0.13797, -5.7496, -11.16896, 19.41224, -3.08645, -5.72194, 7.18678, -1.23842, -5.22303, -4.85397, -5.18311, -5.49274]"
42,sub7,scratch,1,sub7-b1__0039__airkick.npy,0,airkick,10,0.99884546,0,"[6.9097, -1.68477, -0.54152, -1.54078, -11.35706, -1.18365, -13.13694, -8.24878, 6.00906, 2.69751, 17.67286, -2.20727, 10.34381, -4.98027, 6.18402, -1.74058, -10.05039, -4.59228, -1.50935, 0.02387, 9.98703, -3.4287]"
42,sub7,scratch,1,sub7-b1__0040__buttkicks.npy,4,buttkicks,4,0.87789106,1,"[5.73887, 2.95909, -4.722, 3.23096, 16.77188, -0.39049, -1.54452, -8.93465, -15.21739, 12.41961, -4.21404, -5.88936, -15.26813, 14.35745, -2.97494, 0.0522, 13.46907, 0.41151, -5.81936, -3.64058, -2.49049, -12.79811]"
42,sub7,scratch,1,sub7-b1__0041__buttkicks.npy,4,buttkicks,4,0.8718669,1,"[7.4078, 3.27765, -4.22262, 2.36529, 16.36593, -0.83507, -0.69018, -9.72006, -15.1115, 13.18089, -4.11973, -5.08263, -15.77152, 13.76215, -3.55411, -0.04843, 12.90697, 0.15095, -5.08809, -3.50255, -3.27392, -13.30191]"
42,sub7,scratch,1,sub7-b1__0042__buttkicks.npy,4,buttkicks,4,0.7710222,1,"[7.34625, 1.86712, -4.63778, 0.6017, 16.07064, -2.02492, 0.23299, -10.04327, -15.16779, 14.60832, -3.49767, -4.15029, -15.06666, 12.48979, -2.4793, -0.26171, 12.78099, -0.1028, -4.46791, -2.74283, -3.46207, -14.21957]"
42,sub7,scratch,1,sub7-b1__0043__buttkicks.npy,4,buttkicks,13,0.6779044,0,"[6.59571, 5.30271, -3.74268, 4.96006, 15.40885, -0.75011, -1.4207, -8.5745, -14.37022, 10.46748, -4.55837, -5.99245, -15.49521, 16.29206, -3.71744, -1.18163, 13.45564, 0.69647, -6.00163, -4.28465, -3.50043, -11.27034]"
42,sub7,scratch,1,sub7-b1__0044__buttkicks.npy,4,buttkicks,4,0.67144203,1,"[6.41228, 3.59275, -5.06542, 3.42338, 15.79107, -1.1072, -0.82706, -8.43304, -14.35594, 12.42425, -4.1157, -5.1028, -14.96236, 14.54637, -2.69302, -1.51597, 13.99957, -0.1891, -5.70812, -3.96161, -3.27665, -12.04198]"
42,sub7,scratch,1,sub7-b1__0045__airkick.npy,0,airkick,10,0.9968459,0,"[9.39533, -1.75136, 0.83089, -4.74276, -12.36049, -1.48713, -9.42956, -10.24847, 3.52985, 4.18011, 16.54515, 1.20679, 10.35802, -5.30696, 8.16343, -4.10564, -8.77427, -6.99841, -1.17282, 1.38784, 7.19871, -7.36179]"
42,sub7,scratch,1,sub7-b1__0046__airkick.npy,0,airkick,10,0.99805164,0,"[9.0728, -2.08235, -1.09285, -3.52237, -10.38998, -1.4884, -11.78367, -9.8873, 4.48508, 4.48327, 16.54231, -1.2997, 9.33387, -4.85932, 6.78572, -2.1312, -9.21759, -5.01433, -1.20456, 0.45761, 9.07578, -5.67892]"
42,sub7,scratch,1,sub7-b1__0047__airkick.npy,0,airkick,10,0.9941577,0,"[10.17414, -2.22366, 0.53018, -5.12292, -10.5585, -1.84355, -9.51605, -11.15994, 2.05598, 5.83081, 15.65884, 0.43995, 8.57897, -4.57631, 7.86665, -3.62776, -8.47024, -6.39313, -1.31185, 1.41885, 7.87345, -8.14399]"
42,sub7,scratch,1,sub7-b1__0048__airkick.npy,0,airkick,10,0.9943784,0,"[10.90176, -1.76704, -1.61834, -2.69494, -6.0599, -1.41132, -13.52169, -11.98632, 1.41736, 7.67032, 16.4224, -3.75842, 5.2128, -2.23113, 4.12435, -0.56593, -8.01959, -3.13555, -2.15213, -0.43839, 9.9022, -6.77452]"
42,sub7,scratch,1,sub7-b1__0049__airkick.npy,0,airkick,10,0.99634475,0,"[10.6233, -2.55217, -0.80012, -4.81295, -8.97284, -1.80508, -10.75048, -11.67114, 1.87327, 7.03655, 16.4075, -0.83716, 7.65918, -4.29086, 6.71696, -2.1807, -8.21418, -5.3315, -1.30734, 0.91901, 8.24977, -8.21763]"
42,sub7,scratch,1,sub7-b1__0050__sidekick.npy,14,sidekick,14,0.9947864,1,"[3.61366, -7.31558, 0.35561, -11.94042, -9.3159, -4.30182, 1.06161, -7.65243, -2.23402, 8.04615, 7.20102, 7.32896, 7.84345, -8.66204, 14.37338, -4.61758, -5.32658, -9.07343, 1.47506, 6.26116, 3.9228, -13.22231]"
42,sub7,scratch,1,sub7-b1__0051__sidekick.npy,14,sidekick,14,0.9873344,1,"[2.00524, -5.97664, 0.52525, -10.97934, -11.9851, -3.77179, 0.80542, -4.87515, 1.89044, 3.86291, 6.60364, 7.21606, 9.87372, -9.7543, 14.36718, -4.70207, -7.6605, -9.10267, 2.56845, 6.41836, 4.20843, -9.95548]"
42,sub7,scratch,1,sub7-b1__0052__sidekick.npy,14,sidekick,14,0.98870367,1,"[2.35033, -7.51336, 0.75158, -13.59754, -9.02303, -4.52932, 5.79287, -6.31004, -2.85605, 7.19971, 2.92107, 10.09237, 7.22463, -9.18472, 14.75791, -5.24639, -4.23682, -9.62005, 2.63402, 7.63492, 1.87366, -13.69749]"
42,sub7,scratch,1,sub7-b1__0053__sidekick.npy,14,sidekick,14,0.9950235,1,"[2.04367, -7.29223, 1.1526, -12.37003, -10.48778, -3.71467, 3.00342, -5.68304, -1.49288, 5.90481, 5.19827, 8.69513, 8.55683, -9.69927, 14.76364, -4.93682, -5.89328, -9.50562, 2.3616, 7.018, 3.24597, -12.61442]"
42,sub7,scratch,1,sub7-b1__0054__sidekick.npy,14,sidekick,14,0.9969682,1,"[1.54066, -6.8231, 1.52624, -11.94354, -10.01319, -3.05567, 1.99756, -4.79633, -1.60739, 5.10649, 4.42786, 7.51803, 7.58296, -9.09432, 14.33767, -4.88266, -6.436, -8.6833, 2.39888, 6.89515, 4.03772, -11.86724]"
42,sub7,scratch,1,sub7-b1__0055__sidekick.npy,14,sidekick,14,0.9962843,1,"[2.01666, -7.37249, 0.8742, -12.4197, -10.09563, -3.45769, 2.31342, -5.57517, -1.88513, 6.34834, 5.3757, 8.48497, 8.37234, -9.50484, 14.89132, -5.08366, -5.41745, -9.58691, 2.06325, 6.82516, 3.48241, -12.82563]"
42,sub7,scratch,1,sub7-b1__0056__crosstoe.npy,6,crosstoe,6,0.99501354,1,"[-1.51549, -4.07541, 5.87794, -10.07821, -11.31749, -5.999, 21.77914, -8.07268, -1.81358, -2.75816, -2.71935, 16.4785, 9.68826, -8.35431, 10.13226, -3.59489, -3.90147, -7.67595, 5.17521, 10.09862, -7.60514, -13.24859]"
42,sub7,scratch,1,sub7-b1__0057__crosstoe.npy,6,crosstoe,6,0.9842556,1,"[-1.73234, -3.98169, 7.00661, -9.94397, -11.67005, -5.36165, 20.5261, -8.16798, -1.33667, -3.8254, -2.98861, 16.3852, 10.34491, -8.5081, 9.8985, -2.83708, -4.99128, -6.8723, 4.76428, 9.89272, -6.6382, -12.162]"
42,sub7,scratch,1,sub7-b1__0058__crosstoe.npy,6,crosstoe,6,0.97985244,1,"[-2.11613, -4.06536, 6.45999, -10.01977, -12.16915, -5.9367, 20.57631, -7.85277, -0.36091, -4.09978, -2.56847, 16.68627, 10.98164, -8.95359, 9.73217, -2.59352, -5.39613, -6.92917, 5.32697, 10.12324, -6.83691, -11.83054]"
42,sub7,scratch,1,sub7-b1__0059__crosstoe.npy,6,crosstoe,6,0.97039366,1,"[-1.86582, -3.72992, 7.6483, -9.62128, -12.41797, -5.29353, 20.13873, -7.77058, -0.56028, -4.59868, -2.70965, 16.64345, 10.98913, -8.72438, 9.65965, -3.27779, -5.52953, -6.83529, 4.52732, 9.76139, -6.22186, -11.1603]"
42,sub7,scratch,1,sub7-b1__0060__crosstoe.npy,6,crosstoe,6,0.9384882,1,"[-2.11203, -3.99414, 8.06221, -9.18598, -12.16911, -5.05854, 19.16053, -8.13133, -0.76851, -5.00133, -2.81993, 16.42611, 11.49108, -8.59392, 9.73174, -2.64895, -5.64114, -6.02003, 3.98467, 9.24442, -5.567, -10.69777]"
42,sub7,scratch,1,sub7-b1__0061__crosstoe.npy,6,crosstoe,6,0.96693146,1,"[-1.88859, -4.07929, 7.65857, -9.99282, -12.0632, -5.46552, 20.27194, -7.92955, -0.8576, -4.25908, -2.92029, 16.89198, 11.00786, -9.03523, 9.66723, -2.85267, -5.35683, -6.72848, 4.51395, 9.7722, -6.13286, -11.23486]"
42,sub7,scratch,1,sub7-b1__0062__throw.npy,18,throw,18,0.9179316,1,"[3.92104, 8.98869, -6.15945, -1.83137, -0.0337, -2.23843, 1.40998, -1.55149, 3.75238, 2.71299, 0.70034, -7.24647, -8.63652, -0.09131, 0.10063, 0.0256, -1.69486, -1.67974, 11.41943, 2.43917, -3.3817, -7.44149]"
42,sub7,scratch,1,sub7-b1__0063__throw.npy,18,throw,1,0.76846284,0,"[5.18816, 10.41774, -4.41583, -2.69568, 2.71578, 1.89904, -0.64002, -2.8169, 0.50961, 2.05522, -2.18983, -7.86941, -10.90511, 1.71422, -1.56911, 4.10058, -0.73311, -1.93497, 9.18762, 3.19316, -2.98591, -8.7823]"
42,sub7,scratch,1,sub7-b1__0064__throw.npy,18,throw,1,0.5908106,0,"[5.0147, 9.92343, -4.84094, -2.32799, 3.25869, 0.54794, 0.69585, -2.97678, 0.74016, 1.47182, -3.1708, -7.81648, -11.05117, 2.03836, -2.2874, 4.75347, -1.35581, -0.63476, 9.5314, 3.50494, -3.18961, -8.11642]"
42,sub7,scratch,1,sub7-b1__0065__throw.npy,18,throw,1,0.75494486,0,"[6.42612, 10.21471, -3.93705, -2.86194, 2.05011, 0.53489, -0.18346, -3.77882, 0.47474, 3.15764, -1.41028, -7.2356, -10.66295, 1.45241, -1.22862, 1.40251, -1.01112, -2.09273, 9.01038, 2.4646, -2.2777, -9.11473]"
42,sub7,scratch,1,sub7-b1__0066__throw.npy,18,throw,18,0.8319781,1,"[4.5158, 8.76058, -5.1906, -2.66858, 1.20619, -1.0211, 1.4498, -2.61795, 1.99181, 2.95688, -1.12907, -6.39588, -9.43829, -0.29988, -0.29978, 1.30789, -1.49548, -1.93722, 10.38332, 2.80548, -2.82733, -8.296]"
42,sub7,scratch,1,sub7-b1__0067__walk.npy,20,walk,10,0.9728808,0,"[6.65906, -2.00198, -3.21947, 0.22955, -5.31216, -1.72891, -16.27375, -8.24461, 5.15396, 3.95324, 16.04219, -7.09132, 5.30997, -2.41349, 2.70461, 1.8565, -10.00385, 0.49696, -1.48604, -1.15131, 12.45739, -1.54078]"
42,sub7,scratch,1,sub7-b1__0068__turnaround.npy,19,turnaround,19,0.64481115,1,"[-0.21111, -3.47888, -3.83107, -9.3666, -5.5782, -1.06048, 3.22409, -9.13301, 3.54203, -1.65887, 4.0672, 2.5429, 6.986, -8.10569, 5.90238, 9.5411, -7.91521, -3.04567, 7.86566, 10.40032, -1.22616, -11.63318]"
42,sub7,scratch,1,sub7-b1__0069__walk.npy,20,walk,17,0.6013948,0,"[3.09057, -5.64834, -8.15533, -2.13, 2.93186, -5.807, 3.19406, -6.48548, -1.54616, 4.19634, 1.41955, -4.15835, -3.75147, 1.19425, 1.16166, 1.46089, -7.11402, 6.07587, 4.36295, 3.79041, 2.93391, -7.00556]"
42,sub7,scratch,1,sub7-b1__0070__turnaround.npy,19,turnaround,19,0.97419715,1,"[1.55247, -2.69609, -1.56391, -8.28333, -3.26873, -2.02603, 3.73306, -6.25737, 1.58841, -3.02709, 0.34856, 0.13056, 0.67029, -4.43207, 4.09631, 4.31299, -10.5634, 0.8897, 6.75369, 10.59392, 1.73983, -8.58572]"
42,sub7,scratch,1,sub7-b1__0071__walk.npy,20,walk,10,0.9146818,0,"[6.45887, -2.33024, -2.67337, 0.08743, -4.4718, -1.22348, -17.00207, -8.2661, 4.44951, 3.96181, 15.53925, -7.534, 4.58783, -2.36475, 2.21448, 2.61167, -10.28646, 1.24908, -1.63266, -1.14188, 13.16533, -1.42475]"
42,sub7,scratch,1,sub7-b1__0072__turnaround.npy,19,turnaround,19,0.6110314,1,"[-0.11817, -3.39778, -3.36933, -9.59773, -5.65824, -0.71117, 2.30147, -9.13358, 3.55112, -1.59265, 3.96814, 2.10358, 6.94554, -7.97554, 5.8637, 9.81649, -8.3363, -3.05191, 7.52978, 10.4365, -0.1744, -11.24218]"
42,sub7,scratch,1,sub7-b1__0073__walk.npy,20,walk,17,0.2817583,0,"[2.98924, -6.25012, -7.88412, -2.69704, 0.51546, -6.51671, 3.68216, -6.71539, -0.78113, 3.73202, 2.50927, -2.91233, -1.41547, -0.13411, 2.82949, 0.68372, -8.1189, 4.88057, 4.6299, 4.3443, 3.00754, -7.46671]"
42,sub7,scratch,1,sub7-b1__0074__turnaround.npy,19,turnaround,19,0.985719,1,"[3.41558, -1.467, -1.90679, -7.2397, -3.05107, -2.19534, 5.61379, -8.25419, -0.73899, -0.93792, 1.25467, -0.25448, -1.22786, -1.99705, 3.64889, 5.34034, -9.82502, -0.66211, 6.99639, 11.64368, -1.55156, -11.51313]"
42,sub7,scratch,1,sub7-b1__0075__walk.npy,20,walk,10,0.6265117,0,"[5.57415, -2.76774, -2.64321, -0.0924, -4.1309, -0.84396, -17.08869, -7.4558, 4.88635, 3.01253, 14.31672, -7.64649, 4.65775, -2.90891, 2.15793, 3.41889, -10.53715, 1.90404, -1.57437, -0.99674, 13.79886, -0.43659]"
42,sub7,scratch,1,sub7-b1__0076__turnaround.npy,19,turnaround,19,0.715837,1,"[-0.59134, -3.65245, -3.75479, -9.27396, -5.93972, -1.18222, 3.04597, -8.58858, 3.90462, -1.7616, 4.20619, 2.43573, 7.1851, -8.26936, 6.12023, 9.19184, -8.19396, -3.27327, 7.81712, 10.48664, -0.74644, -11.20748]"
42,sub7,scratch,1,sub7-b1__0077__walk.npy,20,walk,17,0.38136706,0,"[3.00936, -6.19581, -8.03324, -2.57802, 1.34578, -6.05667, 3.28165, -6.59677, -1.11235, 3.97703, 2.21055, -3.39808, -2.06215, 0.20294, 2.28473, 1.03294, -7.75072, 5.22655, 4.48247, 4.11127, 3.21245, -7.40213]"
42,sub7,scratch,1,sub7-b1__0078__turnaround.npy,19,turnaround,19,0.9823088,1,"[3.60089, -1.12518, -2.15781, -6.98061, -2.1027, -2.11622, 5.89434, -8.01168, -1.43961, -0.55751, 0.3052, -0.65544, -2.53621, -1.14503, 3.32415, 5.08607, -9.37028, -0.21187, 6.88994, 11.37964, -1.66989, -11.41975]"
42,sub7,scratch,1,sub7-b1__0079__walk.npy,20,walk,10,0.80844975,0,"[5.46503, -3.1329, -2.5538, -0.45229, -4.79611, -0.94419, -16.93313, -7.44885, 4.7954, 3.70674, 15.131, -7.09354, 5.39899, -3.45072, 2.68352, 3.01739, -10.34034, 1.01194, -1.60184, -0.83978, 13.69029, -1.10932]"
42,sub7,scratch,1,sub7-b1__0080__turnaround.npy,19,turnaround,19,0.5625994,1,"[-0.58468, -3.31993, -3.82382, -8.93378, -5.26833, -0.65332, 2.9109, -8.83593, 3.50058, -2.02018, 3.72115, 2.11987, 6.68676, -7.83064, 5.664, 9.88934, -7.81041, -2.81276, 7.6404, 10.29464, -0.81255, -11.22132]"
42,sub7,scratch,1,sub7-b1__0081__walk.npy,20,walk,17,0.27642485,0,"[3.20259, -6.13906, -7.95923, -2.67749, 0.98213, -6.18281, 3.70533, -6.82186, -1.25805, 3.94388, 2.3511, -3.06303, -1.88861, 0.21445, 2.60209, 0.71118, -7.73231, 4.84535, 4.54936, 4.29794, 2.85267, -7.86793]"
42,sub7,scratch,1,sub7-b1__0083__walk.npy,20,walk,10,0.9255047,0,"[6.18579, -3.54002, -3.16357, -0.8862, -3.89931, -1.30775, -16.74611, -8.54385, 3.6984, 5.4858, 15.78418, -7.07155, 4.82611, -3.15399, 2.57415, 3.05133, -9.59044, 0.96308, -1.64742, -0.92487, 13.26296, -2.46649]"
42,sub7,scratch,1,sub7-b1__0084__turnaround.npy,19,turnaround,15,0.5614808,0,"[-0.74024, -4.00394, -4.26176, -9.11712, -4.13925, -0.74454, 2.89737, -9.01149, 2.79404, -1.26641, 3.32796, 2.00837, 6.30834, -7.78488, 5.47237, 10.59429, -7.28786, -2.41713, 7.3778, 10.26493, -0.40489, -11.34493]"
42,sub7,scratch,1,sub7-b1__0085__walk.npy,20,walk,17,0.39234167,0,"[3.11094, -6.01979, -7.91521, -2.41845, 1.37004, -6.08176, 3.56063, -6.73312, -1.21708, 3.76285, 2.04081, -3.21767, -2.20187, 0.35979, 2.26762, 0.81174, -7.64749, 5.22292, 4.40291, 4.06163, 3.05826, -7.40189]"
42,sub7,scratch,1,sub7-b1__0086__turnaround.npy,19,turnaround,19,0.97676545,1,"[2.5059, -2.02247, -2.79409, -7.32584, -3.87657, -2.8916, 5.64508, -8.03285, 1.35386, -1.43588, 2.17601, -0.11774, 0.23802, -3.53909, 3.9201, 6.32432, -10.57036, -0.70427, 7.75003, 11.82232, -1.6096, -10.51513]"
42,sub7,scratch,1,sub7-b1__0087__hop.npy,9,hop,9,0.9993949,1,"[4.01808, -8.60945, -3.30004, -6.69707, 5.27775, -5.52818, 0.46451, -13.97755, -10.38801, 15.19827, 7.31135, 2.45099, -0.0975, -1.08695, 6.35627, 1.51774, 4.12302, -1.2403, -2.01882, 1.81921, -0.17943, -16.29078]"
42,sub7,scratch,1,sub7-b1__0088__hop.npy,9,hop,9,0.99948907,1,"[5.35722, -8.84531, -3.74366, -7.87928, 4.62692, -5.9128, 0.31478, -14.42476, -9.92192, 16.30192, 8.55815, 2.83632, 0.34311, -1.8482, 6.31336, 1.39814, 3.55427, -1.56179, -1.49026, 1.96552, -0.37832, -16.81385]"
42,sub7,scratch,1,sub7-b1__0089__hop.npy,9,hop,9,0.99991477,1,"[5.24253, -8.39185, -5.05488, -6.80616, 7.76201, -5.79237, 0.64962, -13.81381, -11.16233, 17.88865, 7.53301, 1.75666, -2.28525, -0.03127, 4.52912, 1.37561, 6.20039, -0.9279, -1.86941, 0.91585, -1.33482, -16.82596]"
42,sub7,scratch,1,sub7-b1__0090__hop.npy,9,hop,9,0.99986064,1,"[6.01972, -8.69082, -3.76779, -8.72466, 4.46672, -6.56714, 2.58517, -14.35926, -10.38784, 17.29635, 8.03497, 4.18793, -0.08434, -1.77281, 6.57247, -0.2723, 4.88762, -2.66834, -1.17261, 2.20501, -1.9149, -17.61346]"
42,sub7,scratch,1,sub7-b1__0091__hop.npy,9,hop,9,0.9999714,1,"[5.82644, -8.96745, -4.5614, -8.10213, 6.6834, -6.43494, 1.4994, -13.94073, -11.08174, 18.77372, 7.80726, 2.89412, -1.60703, -0.884, 5.08124, 0.48442, 5.69361, -1.77162, -1.61839, 1.44948, -1.24156, -17.18067]"
42,sub7,scratch,1,sub7-b1__0092__hop.npy,9,hop,9,0.9999136,1,"[5.72358, -8.71753, -4.58475, -7.43129, 6.49183, -5.97663, 0.76401, -14.29217, -10.78745, 17.93727, 8.27501, 2.52732, -1.20385, -0.81111, 5.21302, 0.83696, 5.42675, -1.75691, -1.88284, 1.32327, -0.95882, -17.05596]"
42,sub7,scratch,1,sub7-b1__0093__hop.npy,9,hop,9,0.9998642,1,"[5.82745, -8.49112, -5.34541, -7.4745, 6.19638, -6.03765, 1.66881, -14.264, -10.28025, 17.63189, 8.47431, 2.63673, -1.19353, -1.15773, 5.40591, 0.64156, 5.69418, -1.88108, -1.19953, 1.42688, -1.87907, -17.33085]"
42,sub7,scratch,1,sub7-b1__0094__jump.npy,10,jump,10,0.9997174,1,"[7.09799, -7.13381, -4.71302, -7.17661, -6.32024, -4.91139, -8.11298, -11.82139, 0.04329, 12.11211, 20.34706, 0.97984, 9.18056, -6.12412, 6.69396, -1.21907, -4.00468, -4.75836, -0.38703, 1.36031, 5.47963, -11.97603]"
42,sub7,scratch,1,sub7-b1__0095__jump.npy,10,jump,10,0.99962914,1,"[7.51788, -6.60449, -5.65189, -7.08097, -6.15442, -4.7317, -8.36946, -11.44131, 0.48686, 12.40642, 20.33995, 0.52364, 8.66587, -5.94698, 6.47373, -1.12861, -3.65239, -4.97119, -8e-05, 1.15226, 5.09609, -11.94661]"
42,sub7,scratch,1,sub7-b1__0096__jump.npy,10,jump,10,0.9985644,1,"[7.40163, -7.62809, -5.75457, -7.86683, -5.49939, -5.56464, -6.08798, -12.54038, -0.92477, 13.32615, 19.8873, 2.0453, 8.91131, -6.09856, 6.95539, -1.37254, -2.20288, -5.11321, 0.00291, 1.51954, 3.65937, -13.57235]"
42,sub7,scratch,1,sub7-b1__0097__jump.npy,10,jump,10,0.99846447,1,"[7.24569, -7.10251, -6.82939, -6.69714, -5.00728, -5.59259, -7.22722, -11.53979, -0.5869, 14.04736, 20.53001, 1.19809, 8.44122, -5.22235, 6.33207, -2.21164, -1.06173, -5.30862, -0.45482, 0.50442, 4.08895, -12.72218]"
42,sub7,scratch,1,sub7-b1__0098__jump.npy,10,jump,10,0.9968815,1,"[7.22845, -7.3299, -7.64724, -6.78511, -4.43256, -5.52277, -7.46602, -10.9328, -0.05731, 14.43736, 20.20712, 0.73434, 7.91847, -5.708, 6.01888, -1.6433, -1.1839, -5.0289, -0.05191, 0.36575, 4.26825, -12.18531]"
42,sub7,scratch,1,sub7-b1__0099__jump.npy,10,jump,10,0.9956671,1,"[6.91138, -7.94604, -6.82573, -6.91171, -4.0031, -5.43902, -7.38774, -11.64756, -1.2689, 14.81298, 20.25167, 0.93289, 7.85081, -5.51075, 6.06486, -1.39967, -1.04174, -4.77959, -0.58099, 0.55053, 4.59109, -12.82521]"
42,sub7,scratch,1,sub7-b1__0100__runonspot.npy,13,runonspot,13,0.99696404,1,"[9.49467, 12.36563, -0.58616, 8.794, 3.18913, -2.07263, -3.64892, -9.01884, -7.77487, 4.6799, 1.49092, -4.93848, -10.2129, 18.24978, -2.09778, -5.90297, 7.63082, -2.30832, -5.39583, -4.44831, -4.8969, -7.32223]"
42,sub7,scratch,1,sub7-b1__0101__runonspot.npy,13,runonspot,13,0.9979996,1,"[9.30962, 11.70619, -0.83859, 8.80436, 3.26716, -1.26853, -4.20913, -8.63179, -7.88069, 4.55105, 1.93826, -4.94121, -9.67665, 18.07876, -1.85337, -6.24875, 8.08181, -2.46547, -6.04203, -4.63025, -4.44664, -7.27033]"
42,sub7,scratch,1,sub7-b1__0102__runonspot.npy,13,runonspot,13,0.99882394,1,"[9.37, 11.27772, -1.14706, 8.24592, 5.58823, -0.95147, -3.79234, -8.03373, -9.42416, 5.87491, -0.04868, -5.28543, -11.70096, 18.30018, -2.47486, -5.57867, 9.12349, -2.20477, -5.88372, -4.74498, -4.4921, -8.05008]"
42,sub7,scratch,1,sub7-b1__0103__runonspot.npy,13,runonspot,13,0.99619424,1,"[9.29167, 11.2319, -0.93045, 7.52624, 5.68888, 0.24543, -2.76289, -8.45373, -10.07255, 5.62136, -0.39344, -4.06907, -11.34225, 17.29414, -2.31973, -5.37869, 10.46478, -2.97659, -6.00959, -4.68723, -5.35061, -9.10834]"
42,sub7,scratch,1,sub7-b1__0104__runonspot.npy,13,runonspot,13,0.99594337,1,"[9.76527, 10.99733, -2.40043, 7.53919, 7.16402, -1.07094, -2.45259, -8.49556, -9.44343, 7.11564, -0.49337, -4.55296, -12.26828, 17.33287, -3.32474, -5.09964, 10.92789, -2.09028, -5.50943, -5.1502, -5.51515, -8.17703]"
42,sub7,scratch,1,sub7-b1__0105__buttkicks.npy,4,buttkicks,4,0.6756144,1,"[7.3378, 1.01053, -6.26236, 0.38117, 16.42954, -2.27969, -0.39655, -9.55983, -14.49585, 15.24349, -1.92027, -3.79923, -13.89907, 12.06022, -2.58871, -1.39228, 14.609, -0.29555, -5.10957, -3.52711, -3.6085, -13.62337]"
42,sub7,scratch,1,sub7-b1__0106__buttkicks.npy,4,buttkicks,13,0.6856764,0,"[7.14304, 5.89577, -4.74131, 5.53035, 16.20924, -0.66881, -3.46849, -7.70945, -13.55046, 11.17127, -3.72304, -7.50853, -16.37083, 17.04426, -5.49439, -0.76568, 13.21193, 1.37598, -6.04645, -5.09399, -2.76062, -9.75923]"
42,sub7,scratch,1,sub7-b1__0107__buttkicks.npy,4,buttkicks,13,0.80806303,0,"[6.8715, 5.90085, -4.45546, 5.82272, 15.8173, -1.36541, -3.18482, -7.55097, -13.13135, 10.3041, -4.40335, -7.45336, -16.11442, 17.3082, -5.14032, -1.21091, 12.83385, 1.92707, -6.02042, -5.06746, -2.55337, -8.97339]"
42,sub7,scratch,1,sub7-b1__0108__buttkicks.npy,4,buttkicks,13,0.944293,0,"[5.86733, 7.19216, -3.5857, 7.51186, 15.42103, 0.367, -3.07216, -6.49428, -13.50483, 7.73395, -5.8149, -7.65225, -16.12175, 18.36968, -5.06258, -1.10687, 13.33701, 1.74962, -6.65255, -5.32968, -2.93041, -8.54048]"
42,sub7,scratch,1,sub7-b1__0109__buttkicks.npy,4,buttkicks,13,0.8143687,0,"[6.82205, 5.89891, -3.52103, 5.25452, 15.27388, -0.19939, -2.4573, -7.94602, -14.25659, 9.98491, -4.58815, -6.42903, -15.59732, 16.90866, -4.34571, -1.42096, 13.46343, 0.70113, -6.30262, -4.64782, -3.02183, -10.69126]"
42,sub7,scratch,1,sub7-b1__0110__airkick.npy,0,airkick,10,0.9916609,0,"[8.98721, -2.65552, 0.22522, -4.91644, -12.00932, -1.79217, -9.42728, -10.33433, 4.50284, 3.96767, 16.28373, 1.48163, 11.37419, -6.20244, 7.56461, -2.84531, -8.95625, -6.14876, -1.14999, 1.1196, 7.65663, -6.37807]"
42,sub7,scratch,1,sub7-b1__0111__airkick.npy,0,airkick,10,0.7720029,0,"[12.02325, -3.27995, -4.01543, -4.41349, 0.17841, -1.52552, -12.95238, -13.34042, -1.63694, 11.26252, 13.66702, -4.39896, 1.7155, -1.28716, 1.45682, 2.28688, -4.69539, -0.82682, -2.43531, -1.01544, 9.22279, -8.5542]"
42,sub7,scratch,1,sub7-b1__0112__airkick.npy,0,airkick,10,0.9408387,0,"[11.29415, -2.96126, -2.64252, -3.4071, -1.17387, -1.54641, -13.54342, -13.29285, -1.06904, 9.53043, 14.46517, -4.74188, 2.48816, -1.27183, 1.64833, 2.08675, -6.33911, -0.67784, -2.52685, -0.7919, 10.17584, -7.80465]"
42,sub7,scratch,1,sub7-b1__0113__airkick.npy,0,airkick,10,0.99693906,0,"[9.89122, -2.55092, -1.45954, -3.85425, -8.24915, -1.83117, -12.16967, -11.40731, 3.28471, 6.05939, 16.3002, -1.93879, 8.0711, -4.22462, 5.48296, -0.75848, -8.72521, -3.92482, -1.58754, 0.20122, 9.48656, -6.27056]"
42,sub7,scratch,1,sub7-b1__0114__airkick.npy,0,airkick,10,0.936277,0,"[11.79206, -3.44066, -3.36688, -4.62006, -2.17633, -1.85287, -12.59383, -13.26519, -0.7083, 10.90134, 14.87745, -3.47537, 3.47246, -2.26475, 2.69289, 1.36487, -5.74788, -1.94457, -2.13525, -0.46814, 9.24247, -8.52508]"
42,sub7,scratch,1,sub7-b1__0115__sidekick.npy,14,sidekick,14,0.9840605,1,"[4.64836, -7.97881, -1.62386, -12.82099, -9.52954, -5.27354, 2.24101, -8.4486, -1.69146, 9.53965, 8.54774, 9.16023, 9.35787, -9.65019, 14.73489, -5.24295, -3.13373, -9.97789, 1.66416, 5.81023, 2.32076, -14.23572]"
42,sub7,scratch,1,sub7-b1__0116__sidekick.npy,14,sidekick,14,0.9898775,1,"[4.28991, -6.86817, -1.65512, -11.73048, -10.08083, -4.9145, 0.17244, -7.61068, 0.29571, 7.73974, 8.43737, 7.20485, 9.27909, -9.39217, 14.45312, -4.47912, -4.95703, -9.25033, 1.948, 5.54, 3.64262, -12.2573]"
42,sub7,scratch,1,sub7-b1__0118__sidekick.npy,14,sidekick,14,0.9857497,1,"[2.67122, -8.3924, -0.96261, -12.39501, -9.36945, -3.00248, -0.99921, -5.91878, -0.27447, 6.72182, 7.45531, 6.49344, 9.30835, -10.48918, 13.84873, -2.94918, -6.02018, -8.27028, 1.98982, 6.07421, 5.46669, -11.89608]"
42,sub7,scratch,1,sub7-b1__0119__sidekick.npy,14,sidekick,14,0.9819818,1,"[2.45665, -6.30077, 0.3153, -12.24688, -12.40029, -5.16873, 4.21915, -6.05409, 0.87066, 5.1015, 6.02882, 10.52885, 10.89828, -10.1375, 15.4366, -6.37286, -5.03263, -10.59212, 2.57814, 6.51596, 1.75478, -11.75607]"
42,sub7,scratch,1,sub7-b1__0120__crosstoe.npy,6,crosstoe,6,0.99001384,1,"[-1.64994, -4.6779, 5.88876, -10.12229, -11.72634, -6.19163, 20.95385, -8.21224, -1.0591, -3.12021, -2.0451, 16.35021, 10.6582, -8.86812, 9.99316, -3.06669, -4.82856, -7.20238, 5.08736, 10.13536, -6.81869, -12.53199]"
42,sub7,scratch,1,sub7-b1__0121__crosstoe.npy,6,crosstoe,6,0.9729062,1,"[-1.83475, -4.59042, 5.88784, -10.26866, -11.91843, -6.03547, 20.47668, -8.44746, -0.9592, -3.37131, -2.06688, 16.89064, 11.06738, -8.87205, 10.03254, -2.60312, -4.78131, -6.94535, 5.26375, 10.00885, -7.0942, -12.8277]"
42,sub7,scratch,1,sub7-b1__0122__crosstoe.npy,6,crosstoe,6,0.9792474,1,"[-2.12941, -3.71779, 7.25003, -9.47037, -12.05953, -5.36965, 20.14328, -7.63366, -0.79799, -4.43318, -2.91532, 16.28337, 10.3829, -8.48541, 9.69782, -2.78306, -5.42585, -6.79819, 4.72841, 9.8227, -6.47834, -11.49189]"
42,sub7,scratch,1,sub7-b1__0123__crosstoe.npy,6,crosstoe,6,0.99056596,1,"[-1.59905, -3.52867, 5.68695, -10.49378, -12.85357, -6.60958, 22.07025, -6.98786, 0.06275, -3.48233, -2.14364, 17.4134, 10.86483, -8.82334, 9.79718, -4.60064, -4.30438, -8.40532, 5.65341, 10.47661, -7.78661, -12.03402]"
42,sub7,scratch,1,sub7-b1__0124__crosstoe.npy,6,crosstoe,6,0.9849399,1,"[-1.59373, -3.70753, 6.487, -10.16305, -12.36039, -6.17034, 21.41443, -7.80308, -0.55342, -3.86377, -2.56949, 17.23082, 10.83622, -8.68912, 9.73214, -3.66293, -4.67545, -7.37892, 5.24252, 10.12954, -7.37219, -11.92234]"
42,sub7,scratch,1,sub7-b1__0125__crosstoe.npy,6,crosstoe,1,0.706461,0,"[7.19391, 9.96539, -3.21654, -4.31056, 0.51351, 0.29114, 1.63811, -4.33225, -0.97006, 4.04731, -0.79537, -5.29065, -9.69305, 1.69136, 0.66886, -1.39118, -0.06714, -3.96454, 8.91004, 3.35575, -3.38763, -11.68901]"
42,sub7,scratch,1,sub7-b1__0126__throw.npy,18,throw,18,0.97490644,1,"[1.38427, 4.19856, -5.42286, -5.65645, -3.6762, -4.89875, 7.7466, -0.49466, 4.37421, 2.6399, 0.26505, -0.39271, -3.43763, -4.83432, 4.13139, -4.13722, -2.25939, -4.21325, 11.54978, 4.85074, -4.21695, -8.60435]"
42,sub7,scratch,1,sub7-b1__0128__throw.npy,18,throw,18,0.86860937,1,"[4.65621, 8.00187, -4.29021, -5.25662, -1.25284, -1.10711, 2.51038, -2.49681, 1.47445, 3.70042, 0.0325, -3.64407, -6.8657, -1.37381, 2.34679, -2.34536, -0.74885, -4.89068, 9.96268, 3.86578, -2.69729, -10.51874]"
42,sub7,scratch,1,sub7-b1__0129__throw.npy,18,throw,18,0.972594,1,"[3.83089, 7.63355, -5.26224, -4.72349, -1.18854, -2.61394, 3.86788, -1.63214, 3.27607, 2.74106, -0.61296, -3.62078, -6.51637, -2.26748, 2.0335, -1.90302, -1.63826, -3.56487, 11.28865, 3.69186, -3.32316, -8.76041]"
42,sub7,scratch,1,sub7-b1__0130__throw.npy,18,throw,18,0.6488253,1,"[4.01084, 8.76623, -4.82989, -3.1357, 0.29535, -0.00327, 2.1008, -1.13455, 1.18459, 3.52447, -1.24932, -4.65396, -8.76297, -0.678, 1.31443, -1.49996, 0.08016, -4.51901, 9.39903, 2.591, -3.14257, -9.37844]"
42,sub7,scratch,1,sub7-b1__0131__throw.npy,18,throw,18,0.9874806,1,"[1.48543, 4.96274, -4.62529, -7.36523, -2.89726, -2.58299, 5.38304, 0.32201, 3.04252, 2.50619, -0.66757, -0.76601, -3.75029, -4.65191, 4.66028, -4.33973, -1.38353, -5.19913, 10.8915, 5.16007, -2.33672, -9.27604]"
42,sub7,scratch,1,sub7-b2__0001__walk.npy,20,walk,20,0.9197232,1,"[4.42122, 2.12444, 0.56524, -5.5272, -0.75355, 0.1801, -5.28542, -2.31587, -0.24538, -2.02135, -1.45804, -5.21298, -5.09183, 0.66341, 1.24244, -1.67815, -7.78072, 3.065, 3.78167, 3.54014, 7.74519, -4.268]"
42,sub7,scratch,1,sub7-b2__0002__turnaround.npy,19,turnaround,19,0.91023266,1,"[-0.38585, -1.81474, -2.3414, -9.27344, -6.0734, -1.99357, 5.9872, -7.1764, 3.68185, -3.06069, 0.94707, 2.20694, 4.4603, -7.09995, 5.44562, 9.57486, -9.61007, -3.55904, 9.1073, 12.4101, -3.07875, -10.5117]"
42,sub7,scratch,1,sub7-b2__0003__walk.npy,20,walk,20,0.83517337,1,"[5.81996, -2.84921, -7.65141, -4.37519, 5.54893, 1.07187, -10.43757, -9.29706, -0.90791, 8.25093, 5.02374, -9.73333, -1.32575, -2.97378, 1.02294, 6.939, -4.41889, 3.92854, 3.07014, -0.32846, 10.26894, -6.76618]"
42,sub7,scratch,1,sub7-b2__0004__turnaround.npy,19,turnaround,19,0.9794906,1,"[-0.40226, -2.28039, -2.74922, -7.79366, -1.50893, -1.63922, 7.03715, -5.02541, -0.601, -2.31828, -3.47403, -0.0167, -1.89159, -2.64056, 4.06678, 6.71382, -8.8002, 0.61324, 7.12549, 11.95834, -0.94103, -9.54747]"
42,sub7,scratch,1,sub7-b2__0005__walk.npy,20,walk,20,0.9571586,1,"[4.65852, 2.11221, 0.99508, -5.37316, -0.89797, 0.32264, -6.1797, -2.55089, 0.09033, -2.26858, -1.08607, -5.40428, -4.80746, 0.45567, 1.05734, -1.36359, -8.21754, 3.10287, 3.39355, 3.34328, 8.42925, -3.69909]"
42,sub7,scratch,1,sub7-b2__0006__turnaround.npy,19,turnaround,19,0.92139816,1,"[-1.12103, -2.93575, -2.7862, -9.38357, -6.48848, -2.32312, 6.30278, -6.73109, 4.33779, -3.06132, 1.32993, 2.7456, 5.54513, -7.96895, 5.94882, 9.3973, -9.7933, -3.79099, 8.99299, 12.4319, -2.81017, -10.23681]"
42,sub7,scratch,1,sub7-b2__0007__walk.npy,20,walk,20,0.7766968,1,"[5.46775, -2.94953, -8.37642, -3.05335, 5.84993, 0.31881, -9.57478, -8.72703, -0.65835, 7.64222, 4.74814, -10.25085, -2.11864, -1.87883, 0.1397, 7.08159, -5.08798, 4.85341, 3.51935, -0.2617, 9.57494, -6.52986]"
42,sub7,scratch,1,sub7-b2__0008__turnaround.npy,19,turnaround,19,0.97057533,1,"[1.7452, -1.26699, -3.23194, -7.12612, -1.21407, -1.67412, 6.97556, -7.1193, -1.15873, -1.58159, -2.23157, -0.57648, -2.50906, -2.00326, 3.52053, 7.40651, -8.51376, -0.20642, 7.25151, 11.83166, -2.22929, -10.88353]"
42,sub7,scratch,1,sub7-b2__0009__walk.npy,20,walk,20,0.9802319,1,"[4.58569, 2.14015, 0.90889, -4.7615, -0.89674, 0.32723, -7.24349, -2.48304, 0.51802, -2.37595, -0.55827, -6.05225, -4.67963, 0.53066, 0.89429, -1.00597, -8.51121, 3.34607, 3.13081, 2.90466, 9.13698, -2.97131]"
42,sub7,scratch,1,sub7-b2__0010__turnaround.npy,19,turnaround,19,0.92270434,1,"[-1.06402, -3.52555, -1.96317, -10.11733, -6.59153, -1.99972, 6.29291, -7.81389, 3.71053, -2.94016, 1.28078, 3.49999, 6.16057, -8.45195, 6.23145, 9.55818, -9.94096, -3.58941, 8.57116, 12.43379, -1.99066, -10.85859]"
42,sub7,scratch,1,sub7-b2__0011__walk.npy,20,walk,20,0.4981619,1,"[5.61645, -3.88102, -8.73816, -3.55278, 5.05184, -0.98624, -7.16145, -9.13767, -0.9048, 7.89394, 4.75768, -8.88138, -1.67655, -2.11062, 1.25602, 5.66212, -5.03488, 4.40004, 3.96256, 0.58614, 8.19703, -7.78264]"
42,sub7,scratch,1,sub7-b2__0012__turnaround.npy,19,turnaround,19,0.9752725,1,"[-0.81958, -2.4706, -3.40579, -6.87991, -1.97676, -1.86983, 6.72894, -4.35069, 0.49211, -2.44953, -2.44, -0.43912, -1.43431, -3.08166, 4.07527, 6.58984, -9.19369, 0.53346, 7.3853, 11.75833, -0.77521, -8.77139]"
42,sub7,scratch,1,sub7-b2__0013__walk.npy,20,walk,20,0.97257036,1,"[5.43285, 2.21703, 1.07678, -4.93975, -1.8443, 0.43264, -8.17718, -3.17193, 0.86169, -1.97984, 0.88794, -6.1133, -3.93588, 0.29097, 1.32231, -1.0365, -9.05399, 2.61078, 2.99498, 2.90057, 9.28824, -3.3293]"
42,sub7,scratch,1,sub7-b2__0014__turnaround.npy,19,turnaround,19,0.90155,1,"[-0.37365, -2.77637, -2.52045, -9.72713, -6.65916, -2.01305, 6.00637, -8.48437, 3.90361, -2.84235, 2.03565, 3.20272, 6.15316, -7.88473, 6.01888, 9.46631, -9.54048, -3.70193, 8.70124, 12.13284, -2.7148, -11.22849]"
42,sub7,scratch,1,sub7-b2__0015__walk.npy,20,walk,9,0.7523921,0,"[5.54593, -4.44658, -9.16082, -3.6422, 3.60401, -2.68383, -5.11296, -8.94465, -0.81939, 8.40285, 5.68011, -7.87085, -1.3793, -1.89795, 2.68402, 3.66875, -5.403, 3.59631, 4.47715, 1.42412, 6.54873, -8.73227]"
42,sub7,scratch,1,sub7-b2__0016__turnaround.npy,19,turnaround,19,0.968158,1,"[5.12436, -0.27871, -2.71901, -5.85515, -0.32694, -1.8945, 4.12942, -8.36954, -2.32679, -0.59749, 0.33349, -2.20484, -4.27605, 0.68755, 1.2102, 5.02901, -8.7958, 0.91011, 6.0673, 10.13187, -1.03463, -11.1957]"
42,sub7,scratch,1,sub7-b2__0017__walk.npy,20,walk,20,0.96682733,1,"[5.66111, 1.73112, 0.87079, -5.33084, -2.31778, 0.19964, -8.29434, -3.55733, 1.04548, -1.61966, 1.75391, -5.90549, -3.21257, -0.14397, 1.71818, -1.03829, -9.31928, 2.34866, 3.0863, 3.04153, 9.27449, -3.71781]"
42,sub7,scratch,1,sub7-b2__0018__turnaround.npy,19,turnaround,19,0.92626196,1,"[0.26157, -2.75461, -2.8688, -10.06457, -6.48025, -2.3611, 6.3647, -8.42477, 3.58839, -1.60617, 2.46567, 3.13352, 5.61521, -8.00234, 6.1292, 8.51403, -8.92269, -4.47198, 9.04566, 12.13661, -2.93573, -11.86505]"
42,sub7,scratch,1,sub7-b2__0019__walk.npy,20,walk,9,0.73522645,0,"[6.20268, -4.26637, -8.34352, -4.09946, 2.41132, -3.13327, -3.38655, -9.61194, -1.42334, 8.01407, 5.26925, -6.63525, -1.38113, -1.64641, 3.8028, 2.6617, -5.90976, 2.65696, 4.54033, 2.37187, 5.34998, -9.97043]"
42,sub7,scratch,1,sub7-b2__0020__turnaround.npy,19,turnaround,19,0.9792724,1,"[1.71629, -0.8747, -2.77567, -6.72951, -2.05998, -1.67325, 6.55703, -5.78813, -1.00003, -1.55647, -1.55003, -1.06573, -3.08633, -1.12804, 3.45119, 5.35046, -8.85666, -0.16407, 7.34381, 11.68013, -2.13392, -10.69073]"
42,sub7,scratch,1,sub7-b2__0021__walk.npy,20,walk,20,0.98857504,1,"[5.5718, 1.39015, 0.83692, -4.83924, -2.26102, 0.28289, -9.62682, -3.69302, 1.53348, -1.65264, 2.63277, -6.37943, -2.71927, -0.44653, 1.62159, -0.5916, -9.57171, 2.5131, 2.5323, 2.605, 10.27239, -2.98758]"
42,sub7,scratch,1,sub7-b2__0022__turnaround.npy,19,turnaround,19,0.9298486,1,"[-0.39297, -3.13326, -2.00833, -10.25029, -7.07991, -1.60332, 5.53699, -8.19754, 3.65414, -2.41687, 2.33019, 3.75036, 6.68964, -8.5006, 6.5394, 8.59973, -9.37956, -4.40349, 8.35304, 11.93585, -1.85301, -11.3932]"
42,sub7,scratch,1,sub7-b2__0023__walk.npy,20,walk,9,0.54595584,0,"[4.82465, -4.7198, -8.99663, -3.36344, 1.65145, -4.60063, -1.42093, -8.52691, 0.06254, 6.67185, 4.8974, -5.758, -0.63227, -1.91422, 3.52746, 2.32503, -6.55678, 3.58911, 5.36557, 2.52955, 4.43338, -8.60278]"
42,sub7,scratch,1,sub7-b2__0024__turnaround.npy,19,turnaround,19,0.98279035,1,"[1.83977, -0.63678, -2.28951, -6.7332, -2.87639, -1.3005, 5.56746, -5.66267, -0.23405, -2.00287, -0.77022, -1.14604, -2.35123, -1.70133, 3.54347, 5.70495, -9.60361, -0.58474, 7.39334, 11.7555, -1.63471, -10.12354]"
42,sub7,scratch,1,sub7-b2__0025__hop.npy,9,hop,0,0.9152235,0,"[7.85438, -0.21045, 0.14212, -7.51234, -0.38665, -2.09803, -4.64918, -9.05177, -1.97873, 2.94833, 2.18054, -3.70138, -3.80564, -0.2636, 2.31547, 2.53736, -7.59597, 2.86297, 3.5875, 3.99378, 4.33545, -9.13615]"
42,sub7,scratch,1,sub7-b2__0026__hop.npy,9,hop,20,0.3607678,0,"[5.99476, -0.45991, -0.10159, -5.80531, 0.77702, -1.78554, -5.92391, -7.88503, -1.03844, 1.23345, 1.00917, -5.02168, -4.25665, -0.20729, 1.19597, 4.54624, -8.33606, 5.03262, 3.28476, 3.21804, 6.00049, -6.55239]"
42,sub7,scratch,1,sub7-b2__0027__hop.npy,9,hop,0,0.64003634,0,"[6.96392, -1.33657, -0.47041, -6.40062, 3.86911, -2.98049, -3.15542, -10.23076, -4.43914, 4.93933, -0.60386, -3.86331, -6.38654, 1.15347, 1.16485, 5.2104, -5.41868, 5.02593, 2.72697, 3.1458, 3.234, -9.55869]"
42,sub7,scratch,1,sub7-b2__0028__hop.npy,9,hop,0,0.7024964,0,"[6.91773, -1.5718, -0.46195, -7.00156, 2.17269, -3.05511, -3.75997, -9.92011, -2.8453, 3.7579, 0.66514, -3.80841, -4.77563, -0.02203, 1.52234, 4.61609, -6.86619, 4.84017, 3.23821, 3.60748, 4.35214, -8.82769]"
42,sub7,scratch,1,sub7-b2__0029__hop.npy,9,hop,0,0.73073703,0,"[7.24253, -1.53708, -0.03636, -6.92185, 2.60879, -2.36448, -4.64775, -9.94534, -3.51023, 4.4108, 0.77232, -4.00482, -5.11302, 0.20863, 1.26189, 5.08852, -6.55931, 4.75502, 2.62028, 3.26761, 4.52731, -8.89414]"
42,sub7,scratch,1,sub7-b2__0030__jump.npy,10,jump,10,0.72414684,1,"[7.02042, -1.03066, 0.491, -8.3388, -6.86378, -1.78799, -6.01848, -7.69963, 0.30562, 2.76205, 8.7151, -1.93103, 1.99463, -3.16063, 6.56389, -1.38407, -9.60451, -2.64421, 3.31065, 5.18195, 5.56298, -10.07957]"
42,sub7,scratch,1,sub7-b2__0031__jump.npy,10,jump,10,0.9396459,1,"[7.28945, -2.45485, -1.52199, -9.1051, -6.99626, -3.86834, -4.74448, -9.01765, 0.89476, 5.02284, 10.87717, -1.05312, 3.25285, -4.02753, 7.25713, -1.60839, -8.94668, -3.20816, 3.78174, 5.35651, 4.39826, -11.21224]"
42,sub7,scratch,1,sub7-b2__0032__jump.npy,10,jump,10,0.75794953,1,"[7.22651, -2.31957, -0.34836, -9.47433, -6.99407, -3.53054, -3.53423, -9.28311, -0.39966, 5.02853, 9.43198, -0.37357, 2.54395, -3.83905, 7.60194, -1.32297, -8.82672, -3.46045, 3.87681, 5.86908, 3.64286, -12.13821]"
42,sub7,scratch,1,sub7-b2__0033__jump.npy,10,jump,10,0.7961449,1,"[7.84705, -2.11455, 0.39487, -9.68174, -7.542, -3.75777, -3.17565, -10.31297, -0.30485, 4.81743, 9.88044, 0.24574, 3.20766, -3.79476, 7.53285, -1.60585, -8.95987, -3.57497, 3.60973, 5.88418, 3.37537, -12.33466]"
42,sub7,scratch,1,sub7-b2__0034__jump.npy,10,jump,10,0.858205,1,"[7.73887, -2.79234, -0.63398, -9.83897, -7.09515, -3.53544, -3.84921, -9.89732, -0.35037, 5.22534, 10.33458, -0.13584, 3.38174, -4.03728, 7.68604, -1.54894, -8.68163, -3.42243, 3.65513, 5.74603, 3.74449, -12.46394]"
42,sub7,scratch,1,sub7-b2__0035__runonspot.npy,13,runonspot,13,0.8640179,1,"[6.80003, 12.51206, -0.24632, 7.84415, 3.95236, -5.85089, -0.33426, -7.25252, -0.57676, -2.16797, -6.44337, -7.29794, -12.86572, 14.37645, -4.04025, 1.29491, -1.48557, 6.52236, 1.14549, -2.23925, -3.25752, 0.65443]"
42,sub7,scratch,1,sub7-b2__0036__runonspot.npy,13,runonspot,13,0.9579322,1,"[7.33188, 10.34634, -0.29354, 4.80048, 6.01287, -5.0099, 1.54746, -8.63701, -3.91826, 0.05484, -7.93725, -5.48111, -12.99316, 13.54335, -3.05552, 1.59722, 0.78109, 5.45626, 0.7169, -1.3426, -3.92523, -3.41118]"
42,sub7,scratch,1,sub7-b2__0037__runonspot.npy,13,runonspot,13,0.9440949,1,"[7.47003, 11.71751, 0.22989, 6.73785, 5.15984, -5.05088, -0.36509, -7.90108, -2.31001, -1.47496, -7.314, -6.77727, -13.09483, 14.57123, -4.15964, 1.4393, -0.45263, 6.3887, 0.27526, -2.2017, -2.88887, -0.66735]"
42,sub7,scratch,1,sub7-b2__0038__runonspot.npy,13,runonspot,13,0.9263904,1,"[7.07179, 12.83548, 0.41759, 8.12202, 5.07464, -4.96197, 0.54455, -7.65966, -1.97397, -2.59069, -8.00531, -6.67662, -13.39497, 15.38245, -4.52405, 1.51809, 0.0265, 6.61359, 0.2171, -2.55191, -4.06463, 0.23749]"
42,sub7,scratch,1,sub7-b2__0039__runonspot.npy,13,runonspot,13,0.9467294,1,"[7.27198, 11.53821, -0.46028, 6.63873, 5.84619, -4.82345, 0.18289, -7.40095, -2.6629, -1.11599, -7.9317, -6.73811, -13.59542, 14.4453, -4.15563, 1.32113, 0.18478, 6.22953, 0.48186, -2.23081, -3.19374, -0.98064]"
42,sub7,scratch,1,sub7-b2__0040__runonspot.npy,13,runonspot,13,0.9745657,1,"[6.68171, 11.71545, -1.17188, 8.15061, 7.16517, -4.3587, -0.49264, -6.88516, -2.78997, -1.24547, -8.26361, -7.7804, -14.41575, 15.41409, -4.87715, 2.0674, 0.99046, 6.96783, -0.06679, -2.99836, -3.2982, -0.0676]"
42,sub7,scratch,1,sub7-b2__0041__buttkicks.npy,4,buttkicks,4,0.8098312,1,"[6.32985, 4.65423, -3.10368, 2.25361, 14.42945, -3.40445, -0.73599, -8.70378, -9.70677, 6.2862, -8.71958, -7.34681, -15.99935, 12.97575, -4.54998, 3.74427, 4.93818, 6.51997, -1.42466, -1.9218, -0.78716, -7.4424]"
42,sub7,scratch,1,sub7-b2__0042__buttkicks.npy,4,buttkicks,4,0.9305266,1,"[5.85079, 3.67999, -3.46719, 1.89637, 14.85409, -4.03113, -0.41742, -8.90049, -9.45643, 6.83668, -8.44936, -7.44389, -15.92292, 12.24663, -4.82688, 4.56349, 4.34346, 7.04938, -1.03805, -1.6225, -0.45758, -7.34798]"
42,sub7,scratch,1,sub7-b2__0043__buttkicks.npy,4,buttkicks,4,0.9739543,1,"[5.76473, 3.0728, -3.55874, 1.09795, 15.38118, -3.59648, 0.45805, -8.67929, -10.51057, 7.90148, -8.99323, -6.72264, -16.16214, 11.72978, -4.29218, 4.3183, 5.35091, 6.0782, -1.1132, -1.40514, -0.86421, -8.48525]"
42,sub7,scratch,1,sub7-b2__0044__buttkicks.npy,4,buttkicks,4,0.7857034,1,"[5.34966, 4.96302, -3.57688, 3.64022, 14.65043, -4.10369, -0.57747, -7.88492, -8.69411, 5.96706, -8.83182, -8.08903, -16.42024, 13.34734, -5.35491, 4.28719, 4.50528, 7.30084, -1.19425, -2.30992, -0.71347, -5.63283]"
42,sub7,scratch,1,sub7-b2__0045__buttkicks.npy,4,buttkicks,4,0.94036525,1,"[6.09373, 4.06135, -3.7609, 2.90268, 15.61847, -3.31991, -1.89778, -8.49268, -9.17604, 6.54806, -8.31595, -8.59436, -16.62161, 12.84982, -5.98498, 5.16024, 4.15657, 7.86682, -1.45085, -2.35935, 0.17865, -6.23236]"
42,sub7,scratch,1,sub7-b2__0046__airkick.npy,0,airkick,10,0.68674296,0,"[8.86447, 0.08611, 2.02253, -7.2742, -11.11376, -2.45305, -4.50315, -8.57526, 1.89025, 1.87795, 10.58312, 0.88378, 5.39519, -3.9153, 9.25454, -6.3746, -9.8045, -6.54693, 2.14726, 4.49007, 4.8721, -9.36956]"
42,sub7,scratch,1,sub7-b2__0048__airkick.npy,0,airkick,0,0.8828615,1,"[10.57234, -1.24771, -0.6727, -7.28288, -3.56529, -2.90451, -6.86792, -10.1848, -1.30944, 5.50014, 8.21503, -3.07666, -0.27404, -0.88894, 4.64721, -2.43493, -8.60435, -1.87887, 1.72508, 3.61297, 6.9934, -9.74595]"
42,sub7,scratch,1,sub7-b2__0049__airkick.npy,0,airkick,0,0.9353298,1,"[10.72522, -1.59061, -0.79026, -6.88111, -1.11891, -2.4943, -7.27107, -10.58469, -3.02218, 6.30052, 6.94371, -4.10596, -2.47837, 0.02669, 3.42425, -1.31503, -7.68528, -0.70896, 1.34958, 3.1999, 7.31429, -10.3439]"
42,sub7,scratch,1,sub7-b2__0050__airkick.npy,0,airkick,10,0.5393668,0,"[9.59708, -1.26593, -0.79224, -6.94959, -6.33988, -2.95946, -7.56221, -8.92382, 1.40458, 4.14023, 9.92561, -2.58425, 2.31124, -2.53453, 5.99502, -3.31083, -9.89107, -2.96196, 1.96338, 3.53137, 7.70528, -8.07335]"
42,sub7,scratch,1,sub7-b2__0051__sidekick.npy,14,sidekick,14,0.9226035,1,"[1.28794, -3.4971, 1.31524, -10.09397, -6.03844, -1.07444, -0.78572, -2.09391, -1.5817, 2.31484, 1.13046, 1.81626, 1.57461, -5.29328, 9.49473, -3.70699, -7.34508, -4.31304, 3.39149, 6.48274, 5.98801, -9.0209]"
42,sub7,scratch,1,sub7-b2__0052__sidekick.npy,14,sidekick,14,0.9629363,1,"[0.9263, -2.82917, 1.7774, -9.10404, -8.4729, -0.14774, -2.73382, -0.99108, 0.06674, 0.57696, 3.39767, 1.47431, 3.48675, -6.01377, 10.34183, -4.43911, -8.39727, -5.15437, 3.2249, 6.12146, 6.4505, -8.1385]"
42,sub7,scratch,1,sub7-b2__0053__sidekick.npy,14,sidekick,14,0.89505506,1,"[0.23225, -3.46553, 1.07964, -8.93922, -8.01568, -1.16277, -2.29075, -0.63563, 1.236, 0.41845, 3.00739, 1.25338, 3.63935, -6.35833, 9.44462, -3.55896, -9.10247, -3.89189, 3.73479, 6.08243, 6.83526, -6.70739]"
42,sub7,scratch,1,sub7-b2__0054__sidekick.npy,14,sidekick,14,0.9718588,1,"[0.45685, -4.65932, 0.21768, -10.35633, -7.48768, -1.2073, -1.35456, -1.16017, -0.33335, 2.66596, 3.19588, 2.44125, 3.87879, -6.89544, 10.70166, -4.38345, -7.40912, -5.35297, 3.56907, 6.45835, 6.23423, -8.98738]"
42,sub7,scratch,1,sub7-b2__0055__sidekick.npy,14,sidekick,14,0.90794367,1,"[-0.84995, -3.56761, 1.03457, -8.32682, -8.23393, -1.36796, -2.80713, 0.25352, 1.90214, 0.08132, 3.38568, 1.20171, 4.02753, -6.83212, 9.71033, -3.59863, -9.08515, -3.84275, 3.62308, 5.78702, 7.09542, -5.82247]"
42,sub7,scratch,1,sub7-b2__0056__sidekick.npy,14,sidekick,14,0.96858346,1,"[-0.21887, -4.77406, 0.56656, -9.92376, -7.16169, -1.47481, -1.05288, -1.00843, -0.4341, 2.52289, 2.67804, 2.41965, 3.52005, -6.73129, 10.51132, -3.82502, -7.59206, -4.75077, 3.47032, 6.38331, 6.19653, -8.47169]"
42,sub7,scratch,1,sub7-b2__0057__crosstoe.npy,6,crosstoe,6,0.9908069,1,"[-0.5902, -1.87457, 7.59385, -8.26109, -8.46931, -2.78616, 15.99318, -9.60334, -3.12259, -4.08334, -3.68122, 11.14976, 6.10999, -5.88992, 8.16401, 0.45023, -5.16948, -4.02189, 4.21085, 8.7519, -5.05906, -12.33425]"
42,sub7,scratch,1,sub7-b2__0058__crosstoe.npy,6,crosstoe,6,0.9856176,1,"[-0.96499, -1.06573, 8.47894, -7.54037, -8.27725, -1.53447, 14.99371, -8.53338, -3.24267, -4.74576, -4.55149, 10.48301, 5.16335, -5.36887, 7.67916, 0.47238, -5.14324, -3.83996, 3.80139, 8.41232, -4.57666, -11.57229]"
42,sub7,scratch,1,sub7-b2__0059__crosstoe.npy,6,crosstoe,6,0.95936424,1,"[-1.4794, -1.14465, 9.36805, -7.71173, -8.19148, -1.38563, 13.96915, -8.17693, -2.97909, -5.38947, -5.12317, 10.36775, 5.37515, -5.82271, 7.64906, 0.85649, -5.76394, -3.03703, 3.51893, 8.1646, -3.33475, -10.37465]"
42,sub7,scratch,1,sub7-b2__0060__crosstoe.npy,6,crosstoe,6,0.9903233,1,"[-1.7776, -1.65167, 8.25025, -8.07174, -8.68761, -2.44551, 16.00973, -7.91355, -2.12825, -5.13181, -4.72866, 11.19654, 5.9699, -6.52171, 7.8732, 0.55594, -5.76235, -3.89997, 4.33198, 8.97154, -4.52555, -10.67454]"
42,sub7,scratch,1,sub7-b2__0061__crosstoe.npy,6,crosstoe,6,0.95507437,1,"[-1.85312, -1.44427, 9.25118, -7.47026, -8.45831, -1.60763, 14.00675, -8.09864, -2.31233, -5.88251, -4.8633, 10.61433, 6.12566, -5.97959, 7.41215, 1.17998, -6.18464, -2.7744, 3.60701, 8.20716, -3.4645, -9.92381]"
42,sub7,scratch,1,sub7-b2__0062__throw.npy,18,throw,18,0.9541925,1,"[0.12689, 2.29696, -2.09358, -5.26453, -3.16447, -0.63354, 1.05739, 1.57383, 3.31865, -1.86277, -0.97921, -2.53556, -4.12866, -4.7749, 2.97659, -1.45397, -7.1896, -0.63004, 8.79228, 5.49106, 1.68454, -5.10157]"
42,sub7,scratch,1,sub7-b2__0063__throw.npy,18,throw,18,0.95663154,1,"[-0.53629, 2.04251, -2.4846, -4.81881, -2.42353, -1.82674, 1.00732, 1.77197, 4.68533, -3.22542, -1.85501, -2.95901, -3.84964, -4.61127, 1.80861, -0.34021, -7.89624, 1.43384, 8.82062, 5.06523, 2.45631, -2.86963]"
42,sub7,scratch,1,sub7-b2__0065__throw.npy,18,throw,18,0.9380732,1,"[-1.29625, 3.0363, -1.9406, -3.21967, -0.38715, 0.1736, -0.28353, 2.77505, 3.95848, -4.12327, -3.99395, -4.3239, -6.25144, -3.6974, 0.21628, 1.98156, -7.37368, 2.86819, 8.01161, 4.14963, 2.82968, -1.44766]"
42,sub7,scratch,1,sub7-b2__0066__throw.npy,18,throw,18,0.95412546,1,"[-0.22758, 3.33637, -1.68405, -4.21982, -1.25058, -1.17749, 0.92023, 1.65143, 3.90753, -3.25264, -3.2976, -3.602, -5.82186, -3.62583, 0.87029, 0.33033, -7.34272, 1.68314, 8.42969, 4.73246, 2.31257, -2.49618]"
42,sub7,scratch,1,sub7-b2__0067__walk.npy,20,walk,20,0.9699877,1,"[5.91733, 0.9199, 0.37257, -4.27292, -5.14857, -0.81751, -10.81234, -4.58866, 4.064, -1.67975, 6.43103, -6.12231, 0.54364, -1.91968, 3.13078, -0.8058, -11.25913, 1.23308, 2.56732, 2.3683, 10.48554, -2.45224]"
42,sub7,scratch,1,sub7-b2__0068__turnaround.npy,19,turnaround,19,0.78998744,1,"[-0.85659, -3.04512, -2.89023, -9.78575, -5.35998, -0.89222, 3.44495, -7.89832, 3.15187, -1.92767, 1.98027, 1.99093, 5.58022, -7.69735, 6.18946, 9.82217, -8.48085, -3.35108, 7.96855, 11.33046, -0.62897, -10.96437]"
42,sub7,scratch,1,sub7-b2__0069__walk.npy,20,walk,9,0.5851166,0,"[4.62275, -4.54648, -8.83612, -2.10382, 2.06301, -4.42781, -0.5769, -7.78266, -0.92077, 6.44501, 4.15782, -6.16925, -2.47919, -0.25116, 3.19748, 1.74607, -6.55176, 3.87753, 4.92214, 2.72225, 3.68457, -8.62121]"
42,sub7,scratch,1,sub7-b2__0070__turnaround.npy,19,turnaround,19,0.98146605,1,"[2.33836, -0.40898, -2.20029, -6.82616, -2.66005, -1.73704, 6.49006, -6.44187, -0.80614, -1.73042, -0.96575, -0.82351, -2.68904, -1.209, 3.52107, 5.12469, -9.08661, -0.60164, 7.38721, 11.78931, -2.31448, -10.8112]"
42,sub7,scratch,1,sub7-b2__0071__walk.npy,20,walk,20,0.9841978,1,"[6.28292, 0.33717, 0.15497, -4.80713, -3.57701, -0.34668, -11.20894, -4.91483, 2.67752, -0.53376, 5.8312, -6.38903, -0.58088, -1.58295, 2.60903, -0.36535, -10.43958, 1.6778, 2.13366, 2.29818, 10.97053, -3.07238]"
42,sub7,scratch,1,sub7-b2__0072__turnaround.npy,19,turnaround,19,0.86773735,1,"[-1.13666, -3.82744, -2.29884, -9.70295, -6.90732, -1.59875, 4.75918, -7.92392, 4.16903, -3.18453, 2.39681, 3.32001, 7.17419, -8.669, 6.35362, 9.44436, -9.99603, -3.25992, 8.17615, 11.69536, -1.05171, -10.58394]"
42,sub7,scratch,1,sub7-b2__0073__walk.npy,20,walk,9,0.4270121,0,"[4.70014, -4.76084, -8.88825, -2.56281, 1.05316, -5.0342, -0.59731, -8.35635, 0.05067, 6.12215, 4.99333, -5.6879, -0.92164, -1.09942, 3.44303, 1.75962, -7.05407, 3.8676, 5.29087, 2.72606, 3.9176, -8.51812]"
42,sub7,scratch,1,sub7-b2__0074__turnaround.npy,19,turnaround,19,0.9830651,1,"[2.0725, -0.90195, -2.29834, -7.12484, -3.32776, -1.86941, 6.64758, -6.41275, -0.46863, -1.80352, -0.62073, -0.27353, -1.86178, -1.81255, 4.10459, 5.20355, -9.44635, -0.80987, 7.51675, 12.02114, -2.42814, -10.90772]"
42,sub7,scratch,1,sub7-b2__0075__walk.npy,20,walk,20,0.9906527,1,"[5.54818, 0.16797, 0.57158, -4.80989, -4.01952, -0.18572, -11.10882, -4.46175, 3.18574, -1.36962, 5.66992, -6.08167, 0.01899, -2.10418, 2.71907, -0.22462, -10.78088, 1.88317, 2.20174, 2.41535, 11.09144, -2.55888]"
42,sub7,scratch,1,sub7-b2__0076__turnaround.npy,19,turnaround,19,0.81098586,1,"[-0.91791, -3.1602, -2.48059, -9.77632, -6.09587, -1.05004, 4.04135, -8.05808, 3.72779, -2.56133, 2.1407, 2.51928, 6.12759, -8.1585, 6.0734, 9.79812, -9.19804, -3.40674, 8.14954, 11.47658, -0.87761, -10.77713]"
42,sub7,scratch,1,sub7-b2__0077__walk.npy,20,walk,18,0.29241344,0,"[4.34488, -4.69927, -8.7255, -2.84755, 0.53521, -4.75701, -0.26676, -8.20392, 0.36348, 5.42042, 4.56076, -5.21656, -0.39252, -1.62031, 4.0719, 1.77857, -7.1399, 3.45838, 5.46008, 3.05346, 3.8673, -8.55497]"
42,sub7,scratch,1,sub7-b2__0078__turnaround.npy,19,turnaround,19,0.9828851,1,"[1.47951, -1.31307, -2.4335, -7.1063, -3.13282, -1.61019, 6.10012, -6.0575, 0.12158, -2.20748, -0.53894, -0.61304, -1.40954, -2.50887, 3.98284, 5.68657, -9.63838, -0.50423, 7.56129, 11.96087, -1.55664, -10.24352]"
42,sub7,scratch,1,sub7-b2__0079__walk.npy,20,walk,20,0.97305715,1,"[6.45889, 0.0185, 0.18448, -4.97081, -4.24723, -0.28191, -11.73155, -5.25267, 3.06285, -0.34526, 7.03757, -6.22123, 0.34214, -2.0695, 2.8572, -0.27241, -10.80295, 1.28736, 1.98777, 2.33991, 11.10594, -3.24239]"
42,sub7,scratch,1,sub7-b2__0080__turnaround.npy,19,turnaround,19,0.7951147,1,"[-0.36425, -3.03746, -2.17652, -9.88914, -6.2173, -1.24621, 3.95574, -8.64255, 3.70972, -2.57481, 2.43625, 2.63675, 6.40771, -8.10748, 5.89094, 9.84896, -9.46523, -3.17461, 8.1377, 11.41858, -0.94094, -10.97281]"
42,sub7,scratch,1,sub7-b2__0081__walk.npy,20,walk,9,0.3672638,0,"[3.96435, -4.98374, -8.73137, -2.5661, 1.06515, -5.17765, 0.41682, -7.89601, 0.00764, 5.65435, 4.16508, -5.10841, -1.05403, -1.4246, 3.86392, 1.63509, -6.93785, 3.75348, 5.36568, 3.08191, 3.62543, -8.38744]"
42,sub7,scratch,1,sub7-b2__0082__turnaround.npy,19,turnaround,19,0.98301816,1,"[2.27752, -1.06013, -2.08965, -7.22094, -3.51925, -2.08851, 7.20902, -7.03772, -0.38789, -1.86554, -0.43695, 0.1252, -1.41729, -1.9685, 3.99127, 5.56967, -9.68616, -0.89346, 7.51435, 12.22358, -2.72325, -11.01932]"
42,sub7,scratch,1,sub7-b2__0083__walk.npy,20,walk,20,0.97093767,1,"[6.45503, -0.36578, -0.08663, -4.87896, -3.95207, -0.46079, -12.02211, -5.51498, 2.84781, 0.22339, 7.41254, -6.41353, 0.28863, -2.05308, 2.80095, 0.04165, -10.72918, 1.49954, 1.8672, 2.19257, 11.27193, -3.40869]"
42,sub7,scratch,1,sub7-b2__0084__turnaround.npy,19,turnaround,19,0.5588109,1,"[-1.77475, -3.77933, -2.79248, -9.24965, -5.64965, -0.75507, 3.30061, -8.20523, 3.64906, -2.96572, 2.48757, 2.5113, 7.01316, -8.27612, 6.15071, 10.53455, -8.64325, -2.66126, 7.40715, 10.85551, -0.11454, -10.4362]"
42,sub7,scratch,1,sub7-b2__0085__walk.npy,20,walk,9,0.3345434,0,"[4.46257, -4.80529, -8.61878, -2.6026, 0.96118, -5.15684, 0.59934, -8.11033, -0.29666, 5.47879, 4.08077, -4.97566, -1.18586, -0.88996, 3.59975, 1.52034, -7.09851, 3.8047, 5.21727, 3.17961, 3.4038, -8.60315]"
42,sub7,scratch,1,sub7-b2__0086__turnaround.npy,19,turnaround,19,0.981009,1,"[2.12289, -0.43995, -2.08683, -6.98272, -3.61644, -1.41329, 5.83134, -6.34158, 0.25214, -2.22161, -0.0072, -0.73894, -1.5668, -2.16333, 3.98639, 5.41506, -9.65842, -1.00825, 7.66795, 11.87165, -2.0939, -10.56574]"
42,sub7,scratch,1,sub7-b2__0087__hop.npy,9,hop,9,0.9240006,1,"[8.43981, -2.8841, -2.23947, -7.25733, 5.77195, -4.41781, -1.62129, -12.14348, -7.19886, 11.02497, 1.87971, -3.03591, -7.23344, 1.81176, 1.69702, 3.6028, -2.06697, 2.86134, 1.93032, 2.88003, 1.0277, -13.03918]"
42,sub7,scratch,1,sub7-b2__0088__hop.npy,9,hop,0,0.5946736,0,"[7.90142, -2.85782, -0.96803, -7.75549, 2.12916, -2.95889, -4.31404, -11.11617, -4.69351, 7.38812, 3.31466, -3.31681, -4.28464, -0.36776, 2.75631, 3.91379, -5.67721, 2.72363, 2.44003, 3.71438, 3.98272, -11.44785]"
42,sub7,scratch,1,sub7-b2__0089__hop.npy,9,hop,9,0.6429765,1,"[8.4657, -2.37874, -2.79059, -7.28054, 3.4352, -4.37268, -4.05678, -11.20759, -3.92863, 9.10161, 3.94318, -4.24533, -5.47083, 0.36677, 1.70911, 4.07015, -4.99299, 3.05443, 2.95046, 3.10826, 3.01658, -10.91873]"
42,sub7,scratch,1,sub7-b2__0090__hop.npy,9,hop,0,0.6383522,0,"[7.38996, -1.99304, -0.34627, -6.71987, 3.38039, -3.07161, -4.12582, -10.92368, -4.36561, 6.32563, 1.35103, -3.79486, -5.53246, 0.3677, 1.50488, 5.11463, -5.58673, 4.28215, 2.28887, 3.12633, 3.85535, -9.79617]"
42,sub7,scratch,1,sub7-b2__0091__hop.npy,9,hop,9,0.79733354,1,"[9.10734, -1.13701, -1.25984, -6.41029, 5.4578, -4.24027, -1.61081, -12.44751, -6.96917, 10.51292, 1.07038, -2.75361, -7.41865, 2.94735, 1.02283, 3.66995, -1.7242, 2.68613, 1.39039, 2.26115, 0.41056, -12.31934]"
42,sub7,scratch,1,sub7-b2__0092__jump.npy,10,jump,10,0.9909939,1,"[7.35527, -2.70994, -0.44409, -8.57704, -8.74563, -3.26652, -6.38264, -9.25561, 1.78737, 4.12209, 13.07267, -0.64529, 5.63886, -4.64579, 7.61475, -2.18582, -9.79252, -3.79426, 2.70074, 4.813, 5.49352, -10.44355]"
42,sub7,scratch,1,sub7-b2__0093__jump.npy,10,jump,10,0.9930494,1,"[7.21527, -4.18555, -1.59663, -9.12208, -7.4621, -4.25647, -5.51725, -10.12253, 0.89845, 6.04415, 13.28663, -0.49471, 5.24594, -4.96761, 7.51472, -1.15199, -9.13997, -3.20774, 3.00229, 4.9837, 4.99884, -11.52492]"
42,sub7,scratch,1,sub7-b2__0095__jump.npy,10,jump,10,0.9889536,1,"[7.17253, -4.94553, -2.34256, -10.09827, -7.78932, -4.75657, -3.79759, -10.02763, -0.2178, 8.09476, 13.88053, 1.01335, 5.6751, -5.50769, 8.82306, -2.33038, -7.42687, -5.01797, 3.21596, 5.29149, 3.45949, -13.58338]"
42,sub7,scratch,1,sub7-b2__0096__jump.npy,10,jump,10,0.98651356,1,"[8.51732, -4.97042, -2.88527, -9.86357, -6.48834, -6.03425, -3.35939, -12.28708, -0.87793, 9.88878, 14.53623, 0.81956, 4.80906, -4.51591, 8.04035, -1.81139, -6.79904, -4.26259, 2.91185, 4.8989, 2.73302, -14.0748]"
42,sub7,scratch,1,sub7-b2__0097__jump.npy,10,jump,10,0.9911684,1,"[8.607, -4.54065, -2.27549, -10.06614, -7.66252, -5.28924, -3.2647, -11.86509, -0.83597, 9.12744, 14.67758, 1.60587, 5.6571, -4.85417, 8.69325, -2.55552, -6.66659, -5.27676, 2.86411, 4.96902, 2.30435, -14.48912]"
42,sub7,scratch,1,sub7-b2__0098__runonspot.npy,13,runonspot,13,0.99860555,1,"[6.79538, 10.9134, -1.14608, 8.3513, 8.68556, -3.2437, -2.16431, -7.07653, -6.28029, 1.09932, -7.34914, -8.36873, -14.76595, 17.67459, -4.73205, 0.7544, 3.59943, 5.40567, -2.25401, -3.43346, -2.49315, -2.93582]"
42,sub7,scratch,1,sub7-b2__0100__runonspot.npy,13,runonspot,13,0.99772686,1,"[7.10704, 10.79814, -0.58657, 7.60664, 9.3647, -3.16362, -0.76457, -7.66662, -6.82392, 1.10803, -8.40894, -7.33942, -15.05981, 17.15344, -5.00856, 1.15691, 4.31986, 5.51049, -2.19934, -3.29695, -3.28276, -3.33779]"
42,sub7,scratch,1,sub7-b2__0101__runonspot.npy,13,runonspot,13,0.9932185,1,"[7.48616, 9.49245, -1.51598, 6.90495, 12.20226, -2.15119, -1.70316, -8.00377, -9.29967, 4.38606, -7.94392, -7.97773, -16.53405, 17.26986, -5.85768, 1.54174, 6.2983, 4.70744, -3.12641, -3.66267, -2.61736, -5.41339]"
42,sub7,scratch,1,sub7-b2__0102__runonspot.npy,13,runonspot,13,0.9930616,1,"[8.12704, 10.61134, -1.46325, 6.61225, 10.53947, -2.57359, -0.65051, -8.29833, -7.61723, 3.13454, -7.95936, -7.08246, -15.92732, 16.28812, -5.37841, 1.6238, 5.26606, 4.57547, -1.96674, -3.32483, -3.85739, -4.60161]"
42,sub7,scratch,1,sub7-b2__0103__runonspot.npy,13,runonspot,13,0.9946274,1,"[6.97518, 10.0357, -0.96328, 7.19577, 11.71128, -1.91155, -0.1223, -7.50315, -8.83874, 2.40845, -9.60852, -7.19224, -16.30586, 17.12532, -5.375, 1.5723, 6.28108, 5.17483, -2.75456, -3.52797, -3.64424, -4.75907]"
42,sub7,scratch,1,sub7-b2__0104__buttkicks.npy,4,buttkicks,4,0.99865013,1,"[5.14538, 1.03841, -4.55145, 0.98166, 18.38692, -0.92531, -1.66319, -8.65784, -13.30388, 10.37271, -8.13111, -7.61727, -16.89909, 11.46901, -4.42918, 5.00472, 7.82029, 5.25384, -2.88687, -1.98835, 0.30696, -10.68806]"
42,sub7,scratch,1,sub7-b2__0105__buttkicks.npy,4,buttkicks,4,0.99626166,1,"[5.71571, 2.49519, -4.80071, 2.29755, 18.46959, -1.87556, -1.24122, -8.80648, -12.57908, 9.83071, -7.94519, -7.92849, -17.50039, 12.82381, -5.59299, 4.69812, 8.22647, 5.80224, -2.75401, -2.66002, -0.88097, -9.59236]"
42,sub7,scratch,1,sub7-b2__0107__buttkicks.npy,4,buttkicks,4,0.99230427,1,"[5.7461, -1.04754, -5.32063, -1.7915, 17.94825, -2.64554, 0.45991, -9.5032, -13.51917, 13.0565, -6.87384, -5.76462, -15.94567, 9.3779, -3.23806, 3.89186, 8.06117, 4.03297, -1.84311, -0.93916, -0.4401, -12.60137]"
42,sub7,scratch,1,sub7-b2__0108__buttkicks.npy,4,buttkicks,4,0.9938514,1,"[6.1246, -1.06937, -5.18531, -1.65141, 17.42216, -3.07817, -0.70655, -9.73683, -12.33107, 12.28827, -6.44447, -6.61669, -15.71368, 9.1782, -3.91466, 4.85489, 5.8517, 5.17971, -1.45111, -0.74965, 0.76913, -11.48516]"
42,sub7,scratch,1,sub7-b2__0109__buttkicks.npy,4,buttkicks,4,0.996476,1,"[5.89472, -1.05918, -4.59432, -1.37399, 17.60338, -2.10374, -1.29366, -9.8956, -13.16853, 11.85939, -6.58505, -6.77642, -15.68799, 9.51037, -3.60318, 5.01468, 6.36881, 5.12141, -2.10187, -0.90351, 0.97413, -11.99484]"
42,sub7,scratch,1,sub7-b2__0110__airkick.npy,0,airkick,0,0.5654696,1,"[11.39685, -2.25343, -0.12367, -8.0853, -6.58844, -3.10341, -6.22348, -11.47197, -1.07979, 7.06744, 11.08831, -0.48645, 3.05735, -2.61283, 7.14134, -4.21892, -8.16036, -4.88788, 1.05655, 3.64344, 6.25371, -11.36788]"
42,sub7,scratch,1,sub7-b2__0111__airkick.npy,0,airkick,10,0.4951325,0,"[10.2803, -3.09367, 0.89766, -8.96144, -7.01189, -3.14226, -5.62922, -11.2688, -1.22781, 6.53855, 10.38439, 0.30183, 3.81707, -3.51005, 7.65841, -3.77998, -8.84244, -4.89927, 1.0358, 4.37473, 6.79383, -11.21782]"
42,sub7,scratch,1,sub7-b2__0112__airkick.npy,0,airkick,0,0.68204683,1,"[10.97081, -3.38621, 1.14048, -9.98406, -7.30349, -3.7145, -2.58385, -12.20232, -2.88946, 8.00386, 9.77238, 2.87789, 3.86303, -3.66522, 8.74782, -5.15611, -6.96481, -6.59242, 1.05877, 4.80188, 4.42687, -13.69435]"
42,sub7,scratch,1,sub7-b2__0113__airkick.npy,0,airkick,0,0.90507597,1,"[12.0008, -2.40892, 1.46704, -9.63857, -6.65514, -3.53338, -2.62112, -12.75809, -3.35761, 7.80321, 9.34259, 2.06376, 2.71253, -2.6198, 8.01797, -5.27502, -6.77903, -6.0542, 1.04442, 4.56443, 4.08635, -13.7]"
42,sub7,scratch,1,sub7-b2__0114__airkick.npy,0,airkick,0,0.87721986,1,"[12.62653, -1.64466, -1.98075, -5.95921, -1.29736, -3.78979, -8.47808, -12.51767, -2.32997, 9.13185, 10.37855, -4.22117, -1.40803, 0.27218, 3.24952, -1.8262, -6.81379, -1.37545, 0.61654, 1.88312, 7.07281, -10.6446]"
42,sub7,scratch,1,sub7-b2__0115__airkick.npy,0,airkick,10,0.6783137,0,"[9.88282, -1.90801, 1.42338, -7.52471, -7.49955, -1.82467, -7.0733, -10.43608, -0.59176, 4.4728, 10.76169, -1.02236, 3.35676, -3.24019, 7.0994, -3.51932, -9.55661, -4.47893, 1.15415, 3.98669, 7.23932, -10.44681]"
42,sub7,scratch,1,sub7-b2__0116__sidekick.npy,14,sidekick,14,0.9918081,1,"[0.396, -5.31159, 2.43483, -11.84659, -8.86407, -1.85176, 3.10768, -2.79802, -2.594, 3.52913, 1.81437, 6.41681, 4.80842, -7.39643, 12.76208, -5.48971, -6.34881, -7.59089, 3.27205, 7.60227, 3.71232, -11.68486]"
42,sub7,scratch,1,sub7-b2__0117__sidekick.npy,14,sidekick,14,0.98974985,1,"[-0.54158, -4.85662, 2.54251, -10.83303, -8.90094, -1.57267, 2.65387, -1.67445, -1.75576, 2.0346, 1.3184, 5.61987, 4.57016, -7.20131, 12.22951, -5.22136, -7.09451, -6.62346, 3.43408, 7.38642, 4.15215, -10.26822]"
42,sub7,scratch,1,sub7-b2__0118__sidekick.npy,14,sidekick,14,0.991577,1,"[0.6381, -5.19463, 1.88818, -11.91068, -9.18865, -2.75955, 3.80107, -3.04949, -1.69306, 3.26573, 1.68281, 6.70411, 5.27163, -7.41573, 12.85448, -5.77268, -6.45929, -7.47148, 3.56384, 7.64564, 3.28454, -11.26194]"
42,sub7,scratch,1,sub7-b2__0119__sidekick.npy,14,sidekick,14,0.9802986,1,"[0.33308, -4.24629, 1.99874, -10.39523, -7.58625, -0.6214, 0.4442, -1.46695, -2.16566, 2.23564, 1.30406, 3.63534, 3.07525, -6.0867, 11.01976, -4.91026, -6.97031, -5.7792, 3.18062, 6.82728, 5.28183, -10.00908]"
42,sub7,scratch,1,sub7-b2__0120__sidekick.npy,14,sidekick,14,0.95307857,1,"[0.57131, -4.79171, 1.73153, -10.38013, -6.39035, -1.06359, -0.04677, -2.27654, -2.13418, 2.67587, 1.18334, 2.93618, 2.49889, -6.08895, 10.20524, -4.06462, -7.13747, -4.57405, 3.05987, 6.67935, 6.12366, -9.59825]"
42,sub7,scratch,1,sub7-b2__0121__crosstoe.npy,6,crosstoe,6,0.9916489,1,"[-1.10229, -2.2594, 7.30036, -8.09118, -8.74514, -2.77596, 16.41033, -9.22662, -3.34739, -3.76458, -3.44009, 11.49742, 6.39105, -5.74849, 8.31748, 0.25921, -4.89111, -4.61054, 4.10531, 8.99967, -5.38848, -12.67677]"
42,sub7,scratch,1,sub7-b2__0123__crosstoe.npy,6,crosstoe,6,0.99290776,1,"[-2.03043, -2.87076, 6.91281, -8.89771, -9.21718, -3.621, 17.46883, -8.08688, -1.71055, -3.9518, -3.49728, 12.44246, 6.9659, -7.33174, 8.14328, 0.50908, -5.60861, -4.79407, 5.0503, 9.72558, -5.78508, -11.75052]"
42,sub7,scratch,1,sub7-b2__0124__crosstoe.npy,6,crosstoe,6,0.86725193,1,"[-0.50883, -0.52277, 10.35955, -7.33301, -8.08947, -0.01326, 12.88041, -8.52663, -4.8888, -4.59039, -5.00355, 10.09594, 4.56716, -4.66396, 7.67485, 0.08119, -4.89969, -3.95391, 2.50626, 7.61059, -3.08964, -11.4944]"
42,sub7,scratch,1,sub7-b2__0125__crosstoe.npy,6,crosstoe,6,0.91614205,1,"[-0.61668, -0.43316, 9.64739, -6.81034, -6.78688, 0.07873, 12.47692, -8.46096, -4.28183, -4.79328, -5.6333, 8.66594, 3.19621, -4.65255, 6.75337, 1.84369, -5.43811, -2.37297, 3.09313, 7.4989, -3.09595, -10.80101]"
42,sub7,scratch,1,sub7-b2__0126__throw.npy,18,throw,18,0.9702486,1,"[2.02865, 5.02797, -2.02485, -3.84946, -1.78565, -0.68565, 1.31101, -1.10252, 3.73544, -1.9703, -2.41745, -4.1012, -6.43526, -3.03045, 0.80333, 1.28858, -7.26691, 0.81679, 9.24081, 4.59506, 0.53159, -4.67067]"
42,sub7,scratch,1,sub7-b2__0127__throw.npy,18,throw,18,0.8387591,1,"[-0.01282, 1.38277, -3.10707, -3.77018, -1.89115, -3.11107, -1.11629, 0.50636, 6.62716, -3.04212, -1.13208, -4.86786, -3.53344, -4.69441, 0.74367, 2.05891, -9.67473, 3.5979, 8.50808, 3.91926, 4.5199, -0.17161]"
42,sub7,scratch,1,sub7-b2__0128__throw.npy,18,throw,18,0.93765914,1,"[-1.37783, 0.7047, -2.07054, -5.4709, -2.46243, -2.36076, 1.02989, 1.65053, 4.95747, -3.26976, -1.76457, -2.49387, -3.2358, -5.44992, 1.73426, 1.27013, -8.65033, 2.19517, 8.81918, 5.5813, 2.54705, -2.74684]"
42,sub7,scratch,1,sub7-b2__0129__throw.npy,18,throw,18,0.9411624,1,"[0.10143, 3.04833, -0.95045, -4.90007, -2.12319, -2.10203, 0.42072, 0.42406, 4.81625, -4.06442, -2.81608, -3.43721, -4.64518, -3.73318, 0.69848, 1.43216, -8.84627, 2.99704, 8.60976, 5.03494, 2.5912, -2.16045]"
42,sub7,scratch,1,sub7-b2__0130__throw.npy,18,throw,18,0.9319867,1,"[-0.11898, 2.27303, -1.14247, -5.40741, -1.59284, -1.38295, 0.51565, 0.54711, 3.9055, -3.17839, -2.9698, -3.17984, -5.00783, -4.11472, 0.88933, 1.87345, -8.45716, 2.47517, 8.4039, 5.42851, 2.52597, -3.0391]"
42,sub7,scratch,1,sub7-c__0001__sit.npy,15,sit,19,0.7907651,0,"[-0.82194, -3.14192, -3.44693, -7.96462, -6.91265, -3.98116, 6.77059, -7.41178, 6.09165, -3.87313, 3.81315, 4.52707, 6.96607, -8.23757, 4.54042, 7.3475, -9.12901, -2.2406, 8.21252, 10.29722, -3.61057, -9.29627]"
42,sub7,scratch,1,sub7-c__0002__stand.npy,17,stand,17,0.9698612,1,"[3.72246, -4.51685, -10.24814, 0.59874, 3.83971, -6.81914, 1.96608, -5.40265, 1.1359, 4.28665, 3.38894, -5.14082, -4.36378, 2.29965, -1.73017, 1.66875, -5.82546, 9.26903, 4.67417, 1.11076, 0.42277, -3.63663]"
42,sub7,scratch,1,sub7-c__0003__sit.npy,15,sit,19,0.7168127,0,"[-1.56641, -3.39773, -3.31766, -7.59841, -6.35923, -3.3485, 6.19704, -7.38659, 6.03889, -4.38139, 3.43024, 4.46009, 7.02806, -8.2162, 4.24962, 8.13648, -8.88274, -1.44427, 7.74498, 9.91007, -3.09795, -8.75104]"
42,sub7,scratch,1,sub7-c__0004__stand.npy,17,stand,17,0.93454975,1,"[2.5736, -1.05425, -9.0797, 5.13826, 7.33903, -5.96909, 2.64239, -1.96536, 0.39298, 3.36587, -0.62225, -6.57224, -9.83538, 5.99388, -4.60718, 0.28154, -2.70544, 10.35207, 2.98962, -1.21185, -1.28192, 0.91796]"
42,sub7,scratch,1,sub7-c__0005__sit.npy,15,sit,19,0.7809207,0,"[-0.41713, -2.96543, -2.95436, -8.35925, -7.47428, -4.19611, 8.32766, -7.84375, 5.25888, -3.58777, 3.51951, 6.30925, 7.36744, -8.13569, 5.24827, 5.73309, -8.10879, -3.37379, 7.81551, 10.42742, -4.76328, -10.1646]"
42,sub7,scratch,1,sub7-c__0006__stand.npy,17,stand,17,0.81278116,1,"[2.84902, -1.07993, -9.04977, 4.17133, 7.52767, -6.44453, 4.17784, -2.52554, -0.45134, 4.57233, -0.77866, -5.65219, -10.38005, 6.077, -3.76871, -0.75021, -1.8929, 9.31641, 2.95646, -0.7326, -2.39376, -0.39129]"
42,sub7,scratch,1,sub7-c__0007__sit.npy,15,sit,19,0.6455697,0,"[-1.20025, -3.18251, -3.54771, -7.69075, -5.71681, -3.31909, 5.84523, -7.74541, 6.01064, -4.14727, 3.29436, 3.61486, 6.33908, -7.83692, 3.69528, 8.90154, -9.26948, -0.94521, 8.03185, 9.97933, -2.92723, -8.73794]"
42,sub7,scratch,1,sub7-c__0008__stand.npy,17,stand,17,0.67334193,1,"[2.32608, -2.02552, -9.53557, 4.03514, 8.6115, -6.06947, 3.88457, -1.8929, -1.14778, 5.4567, -0.86989, -5.82355, -10.49186, 5.83323, -4.16447, -0.95872, -0.9062, 9.4561, 2.65664, -0.98857, -1.8175, -0.67983]"
42,sub7,scratch,1,sub7-c__0009__sit.npy,15,sit,19,0.7756485,0,"[-1.25608, -3.36941, -3.38116, -7.84462, -7.14524, -4.33078, 8.30529, -7.1129, 5.71889, -4.01756, 3.05834, 5.75966, 6.9419, -8.23389, 5.1183, 6.29561, -8.66383, -2.50861, 8.13491, 10.43513, -4.51524, -9.43921]"
42,sub7,scratch,1,sub7-c__0010__stand.npy,17,stand,17,0.92032534,1,"[3.06767, -1.77939, -8.88443, 3.82433, 7.53134, -5.51186, 3.03446, -2.06382, -0.54666, 3.68945, -0.65012, -5.92769, -10.07166, 5.62358, -4.67, 0.20196, -2.89328, 10.18599, 3.09707, -0.65333, -1.68577, -0.62564]"
42,sub7,scratch,1,sub7-c__0011__sit.npy,15,sit,19,0.65954524,0,"[-0.5147, -4.02206, -3.5036, -9.41405, -7.08289, -4.93175, 9.15851, -7.74607, 4.8732, -2.45041, 3.54213, 7.29733, 7.80732, -8.76723, 5.42184, 4.94596, -7.38878, -3.29602, 7.88934, 10.38032, -4.8405, -10.63005]"
42,sub7,scratch,1,sub7-c__0012__stand.npy,17,stand,17,0.9301118,1,"[2.56298, -1.3741, -8.94687, 4.5735, 7.91047, -4.97156, 2.59708, -1.88032, -0.2367, 2.96443, -1.13333, -6.45129, -10.25005, 5.75576, -5.01981, 0.96795, -2.8885, 10.66287, 3.05232, -0.95427, -1.36116, 0.02908]"
42,sub7,scratch,1,sub7-c__0013__sit.npy,15,sit,19,0.81137484,0,"[-0.93069, -3.40435, -3.7733, -7.80691, -5.79881, -3.72682, 7.53593, -7.76714, 4.89489, -3.38267, 3.04223, 4.96717, 6.14215, -7.85037, 4.46618, 7.19411, -7.98924, -2.22298, 7.80083, 10.23841, -4.13766, -9.8969]"
42,sub7,scratch,1,sub7-c__0014__stand.npy,17,stand,17,0.94942486,1,"[2.94789, -2.05939, -9.22622, 3.94368, 6.78328, -5.80847, 2.41876, -2.85338, -0.06859, 3.79509, 0.40857, -6.4275, -9.07563, 5.3612, -4.16329, 0.82819, -3.89157, 10.06982, 3.38103, -0.39752, -0.84827, -0.91856]"
42,sub7,scratch,1,sub7-c__0015__squat.npy,16,squat,16,0.9205197,1,"[0.25455, 0.81055, -0.61326, 2.18589, 7.86624, 3.44614, 2.62842, 1.18388, -16.45027, 12.59139, -3.95372, 1.33701, -11.60429, 8.7014, 2.36998, -9.24129, 15.06997, -8.7996, -5.31445, -3.00269, -3.6948, -13.46722]"
42,sub7,scratch,1,sub7-c__0016__squat.npy,16,squat,16,0.90472573,1,"[0.84354, 2.56562, -0.01842, 3.91649, 5.8519, 2.47542, 1.50416, -0.05081, -15.25405, 11.41743, -2.205, 0.71962, -10.47924, 10.32578, 2.67794, -10.05685, 13.96141, -8.79292, -5.88341, -3.35446, -3.43141, -12.61391]"
42,sub7,scratch,1,sub7-c__0017__squat.npy,16,squat,16,0.95548934,1,"[0.85425, 2.29518, -0.08079, 3.89049, 7.39502, 4.42983, 1.11254, 0.70578, -16.07702, 11.27541, -3.2695, 0.2348, -11.3915, 9.92362, 1.76547, -9.32907, 14.58988, -8.50664, -6.0296, -3.66018, -3.12702, -12.60888]"
42,sub7,scratch,1,sub7-c__0018__squat.npy,16,squat,16,0.9644604,1,"[0.53142, 1.8112, -0.42367, 3.16141, 8.05354, 5.67853, 0.88898, 1.65941, -16.58465, 11.70669, -3.63992, 0.17388, -11.88005, 8.97995, 1.83708, -9.03157, 15.09758, -8.9072, -5.72892, -3.56753, -3.01139, -13.10233]"
42,sub7,scratch,1,sub7-c__0019__squat.npy,16,squat,16,0.96800005,1,"[0.83636, 2.49992, 0.39206, 3.98388, 7.25459, 5.12641, 1.03178, 0.80475, -16.34702, 10.73321, -3.53134, 0.23734, -11.4932, 9.85554, 1.81931, -9.20444, 14.5157, -8.65681, -6.04584, -3.58517, -3.22289, -12.81442]"
42,sub7,scratch,1,sub7-c__0020__squat.npy,16,squat,16,0.93348926,1,"[0.91322, 2.16432, 1.52237, 3.65722, 6.23118, 5.26006, 0.62741, -0.01899, -16.6454, 10.51915, -2.95088, 0.54853, -10.69179, 9.47455, 2.62802, -9.26013, 13.47752, -9.06575, -6.38977, -3.1159, -2.41197, -13.26475]"
42,sub7,scratch,1,sub7-c__0021__squat.npy,16,squat,16,0.96150017,1,"[0.44929, 2.04148, 0.46914, 3.60081, 7.10688, 5.15751, 1.58203, 1.15876, -16.11309, 10.88527, -3.92129, 0.6376, -11.43311, 9.00428, 2.2129, -9.25397, 14.26845, -8.80848, -5.77277, -3.36023, -3.11963, -12.53562]"
42,sub7,scratch,1,sub7-c__0022__pickup.npy,11,pickup,11,0.9008666,1,"[1.74239, -6.83446, 12.20389, -11.79496, -11.44836, -1.08008, 8.31632, -9.5223, -5.9952, 1.41232, 1.88023, 14.71151, 10.62586, -8.49846, 10.0652, -4.63814, -6.09428, -7.44611, -0.51494, 7.09323, 1.78427, -12.51734]"
42,sub7,scratch,1,sub7-c__0023__pickup.npy,11,pickup,11,0.92918676,1,"[1.84372, -6.32062, 12.28773, -11.56633, -11.1434, -1.08601, 9.22857, -9.63668, -6.54893, 1.55774, 1.4221, 15.07766, 9.89282, -8.02657, 9.95925, -4.86817, -5.19634, -7.67024, -0.4634, 6.99974, 0.70692, -13.03143]"
42,sub7,scratch,1,sub7-c__0024__pickup.npy,11,pickup,11,0.94390583,1,"[1.94838, -6.53466, 12.03222, -11.67628, -10.73698, -1.31484, 9.51766, -9.92962, -6.97689, 2.05389, 1.29606, 15.12265, 9.61535, -7.83914, 9.99021, -4.77223, -4.80705, -7.64293, -0.4966, 7.01465, 0.53112, -13.4658]"
42,sub7,scratch,1,sub7-c__0025__pushchair.npy,12,pushchair,11,0.4519659,0,"[2.2631, -6.02405, 12.03249, -10.68588, -12.29688, -0.2636, 4.80448, -9.11351, -5.00918, 1.28897, 3.88073, 12.17857, 10.528, -7.70832, 10.28913, -4.9724, -7.51227, -7.9715, -1.0059, 6.72164, 3.39452, -11.6872]"
42,sub7,scratch,1,sub7-c__0026__pushchair.npy,12,pushchair,11,0.6477228,0,"[2.7659, -3.84532, 12.29111, -9.77625, -10.92362, -0.63718, 8.1689, -9.67053, -7.53451, 2.06026, 1.16353, 13.03615, 7.52139, -5.06567, 10.15559, -6.06526, -4.26367, -8.91882, -1.15754, 6.36367, 0.24118, -13.59149]"
42,sub7,scratch,1,sub7-c__0027__pushchair.npy,12,pushchair,11,0.8751534,0,"[3.73255, -4.20474, 9.93038, -9.54375, -7.35515, -2.02958, 9.87354, -10.54501, -10.9941, 6.37932, 0.59864, 13.01986, 4.1804, -2.83854, 10.06295, -6.65753, 0.29806, -9.51425, -1.63005, 5.58561, -2.11115, -16.61097]"
42,sub7,scratch,1,sub7-c__0028__pushchair.npy,12,pushchair,11,0.9010932,0,"[3.16155, -5.77162, 10.38952, -10.78675, -8.70872, -2.13171, 9.29642, -10.46526, -9.48551, 5.7387, 1.50777, 13.46381, 6.30796, -4.90567, 10.384, -6.01479, -1.99007, -9.04578, -1.20378, 6.35345, -0.48979, -15.64292]"
42,sub7,scratch,1,sub7-c__0029__pushchair.npy,12,pushchair,11,0.8126923,0,"[2.98809, -3.8628, 10.7934, -9.04008, -8.06238, -1.74039, 10.13609, -10.04837, -10.17651, 4.84556, -0.25072, 12.91395, 4.55787, -3.11288, 9.85501, -6.28021, -0.92641, -9.12865, -1.41296, 5.78409, -1.62034, -15.56523]"
42,sub7,scratch,1,sub7-c__0030__sit.npy,15,sit,15,0.9409114,1,"[3.3858, 4.59115, -0.70195, -2.19987, 0.71411, 1.24323, -3.27277, -6.62109, 3.5316, -7.34136, -1.07618, -4.80555, -4.22028, 0.57433, -2.91681, 9.7649, -9.13342, 6.26312, 5.16647, 5.39669, 0.64854, -3.36637]"
42,sub7,scratch,1,sub7-c__0031__stand.npy,17,stand,17,0.9842201,1,"[4.20428, -2.62858, -8.81216, 0.92521, 7.54192, -4.84502, 0.80483, -5.76174, 0.09455, 2.19972, -0.70333, -6.69331, -7.83416, 4.13594, -4.45125, 4.23568, -5.44404, 11.80712, 3.84724, 0.4395, 1.27905, -1.91901]"
42,sub7,scratch,1,sub7-c__0032__sit.npy,15,sit,15,0.9244184,1,"[3.85481, 4.58076, -0.44156, -2.01956, 1.57198, 1.26699, -3.99662, -6.76044, 2.60083, -6.7909, -0.92228, -5.62826, -5.3147, 1.22063, -3.63565, 9.73627, -9.02296, 6.82372, 4.8793, 5.0616, 1.211, -3.79834]"
42,sub7,scratch,1,sub7-c__0033__stand.npy,17,stand,17,0.87938786,1,"[4.96298, 0.05401, -7.20912, 3.18336, 11.09446, -2.33557, -1.48735, -5.07126, -2.10795, 1.19552, -3.16624, -9.31775, -12.31873, 7.59596, -7.67383, 5.70462, -4.30528, 13.11807, 2.2146, -0.93565, 1.69804, -1.04145]"
42,sub7,scratch,1,sub7-c__0034__sit.npy,15,sit,15,0.69874734,1,"[-2.21645, -3.50681, -3.75454, -6.91476, -4.69274, -2.90016, 4.55837, -6.84996, 6.05752, -4.40736, 3.36695, 2.79747, 6.03495, -7.74375, 2.80694, 10.35284, -8.84615, 0.0534, 7.55787, 9.26811, -2.19459, -7.94684]"
42,sub7,scratch,1,sub7-c__0035__stand.npy,17,stand,17,0.9863192,1,"[3.9162, -2.52682, -9.26047, 2.01374, 7.44631, -4.73794, 0.46082, -4.88701, 0.35603, 2.48835, 0.01461, -7.19207, -8.03359, 4.51562, -4.72647, 3.6194, -5.08056, 11.86009, 3.75312, -0.06952, 1.00592, -1.37534]"
42,sub7,scratch,1,sub7-c__0036__sit.npy,15,sit,19,0.6372589,0,"[-2.48181, -3.13632, -4.75749, -5.41748, -4.01758, -3.30451, 7.56073, -6.70702, 4.76173, -4.3385, 1.87439, 2.45466, 3.71152, -6.57924, 3.78468, 8.84789, -7.80964, -0.38448, 7.89513, 9.93816, -3.98047, -8.76314]"
42,sub7,scratch,1,sub7-c__0037__stand.npy,17,stand,17,0.87569094,1,"[4.11986, 0.07052, -7.88398, 4.45937, 9.88948, -3.60262, 0.3509, -3.65743, -1.28074, 1.9126, -2.62772, -8.42709, -12.07781, 7.60362, -6.42079, 3.26529, -3.50414, 11.94753, 2.21771, -1.12825, 0.13996, 0.06441]"
42,sub7,scratch,1,sub7-c__0038__sit.npy,15,sit,19,0.76829165,0,"[-1.95399, -4.0144, -3.81335, -8.19113, -6.1729, -3.66486, 6.49695, -6.52894, 5.63422, -3.50194, 3.47225, 4.53938, 6.82127, -8.57583, 4.69437, 7.80455, -8.40378, -2.21102, 7.94122, 10.10226, -3.21323, -9.49489]"
42,sub7,scratch,1,sub7-c__0039__stand.npy,17,stand,17,0.90675616,1,"[3.22403, -1.2575, -8.96027, 3.80787, 7.95373, -4.80621, 2.3138, -2.88987, -0.35461, 3.04928, -1.15536, -6.64757, -10.03323, 5.81895, -4.58087, 1.26104, -3.00689, 10.37962, 3.01082, -0.72907, -0.96145, -0.5581]"
42,sub7,scratch,1,sub7-c__0040__squat.npy,16,squat,16,0.92021316,1,"[0.64323, 2.39372, 1.05132, 4.33683, 6.30329, 3.86514, 1.43085, 0.16782, -15.8695, 10.20556, -3.38885, 0.44412, -10.81639, 10.11471, 2.26281, -9.22298, 13.31305, -8.27167, -6.01431, -3.31007, -3.04542, -12.52829]"
42,sub7,scratch,1,sub7-c__0041__squat.npy,16,squat,16,0.97422713,1,"[1.06606, 2.74588, 1.83336, 3.55684, 5.66947, 4.48025, 2.57481, -0.39239, -16.34601, 9.26906, -3.87048, 1.76774, -10.24263, 9.8052, 2.60075, -9.4992, 13.91437, -8.88801, -5.97618, -2.96116, -3.99601, -13.4773]"
42,sub7,scratch,1,sub7-c__0042__squat.npy,16,squat,16,0.9218433,1,"[0.95471, 2.44952, 1.78236, 3.72373, 5.55699, 4.01485, 2.18356, -0.55688, -15.93459, 10.04376, -3.45332, 1.31822, -10.30845, 9.68224, 2.60944, -9.16346, 13.05032, -8.70391, -5.92508, -2.90625, -3.44757, -12.98485]"
42,sub7,scratch,1,sub7-c__0043__squat.npy,16,squat,16,0.9249562,1,"[0.3709, 1.92189, 0.50474, 3.59957, 5.93933, 3.81554, 2.05943, 0.85731, -15.46459, 10.92391, -3.25437, 1.22586, -10.53727, 8.95582, 2.71949, -9.70909, 13.57425, -9.07748, -5.59182, -3.11619, -3.22243, -12.52918]"
42,sub7,scratch,1,sub7-c__0044__squat.npy,16,squat,16,0.9479582,1,"[0.44444, 2.04996, 1.28308, 3.75472, 5.91758, 3.65885, 2.42263, 0.06581, -15.7824, 10.24628, -3.61067, 1.41157, -10.41955, 9.40962, 2.66401, -9.46781, 13.52065, -8.61683, -5.82815, -3.04488, -3.44084, -12.67306]"
42,sub7,scratch,1,sub7-c__0045__squat.npy,16,squat,16,0.9230388,1,"[0.85322, 1.10002, 2.89294, 1.54841, 4.15627, 4.88133, 2.74856, -0.36391, -16.64855, 10.14396, -3.05223, 3.12174, -8.91929, 7.72737, 3.98679, -10.05253, 12.72517, -10.0913, -5.80088, -1.88206, -2.90884, -14.34504]"
42,sub7,scratch,1,sub7-c__0046__pickup.npy,11,pickup,11,0.8951107,1,"[2.13122, -5.71552, 12.75024, -11.24, -12.56175, -0.63326, 8.19264, -9.18868, -5.34711, 0.31792, 2.27671, 15.13645, 11.11426, -8.29692, 10.02642, -5.56564, -6.16015, -8.16946, -0.6597, 6.96334, 1.20732, -12.07434]"
42,sub7,scratch,1,sub7-c__0047__pickup.npy,11,pickup,11,0.8345261,1,"[2.06446, -5.50204, 12.71098, -11.0541, -11.87835, -0.39714, 8.28035, -9.53788, -5.9043, 0.24016, 1.54229, 14.48554, 10.24411, -7.86754, 10.044, -4.89693, -6.03741, -7.64352, -0.58708, 6.9483, 1.06518, -12.46359]"
42,sub7,scratch,1,sub7-c__0048__pickup.npy,11,pickup,11,0.9289258,1,"[2.11819, -6.08171, 12.09964, -11.52448, -11.5121, -1.00342, 8.83226, -9.84006, -6.33659, 1.4334, 1.94143, 14.96689, 10.17943, -7.96147, 10.23422, -5.01136, -5.27482, -7.97333, -0.53755, 7.00113, 0.60324, -13.20146]"
42,sub7,scratch,1,sub7-c__0049__pickup.npy,11,pickup,11,0.9494166,1,"[2.208, -6.48078, 11.74436, -11.71339, -10.92396, -1.26166, 9.31305, -10.00909, -7.00964, 2.23646, 1.81201, 15.05336, 9.68137, -7.82289, 10.28953, -5.00712, -4.66055, -8.02627, -0.52513, 7.02615, 0.3099, -13.8543]"
42,sub7,scratch,1,sub7-c__0051__pushchair.npy,12,pushchair,11,0.75904465,0,"[3.35169, -5.67325, 11.43631, -10.94637, -10.46386, -0.79735, 6.83004, -10.10351, -7.74187, 4.15151, 3.08267, 12.89496, 7.85444, -6.20277, 10.29319, -5.50163, -4.65462, -8.89616, -1.2889, 6.49682, 1.24765, -14.0118]"
42,sub7,scratch,1,sub7-c__0052__pushchair.npy,12,pushchair,11,0.59559166,0,"[2.90422, -3.52533, 12.37643, -9.44364, -10.87566, -0.4977, 8.00178, -10.06578, -7.53114, 1.82694, 1.28545, 12.87022, 7.46878, -4.81361, 9.97243, -5.77134, -4.25366, -8.70481, -1.32669, 6.2074, 0.08165, -13.44636]"
42,sub7,scratch,1,sub7-c__0053__pushchair.npy,12,pushchair,11,0.8058805,0,"[3.35547, -3.53349, 11.46387, -9.40578, -9.58851, -1.63352, 9.14516, -10.34424, -9.09003, 4.09489, 1.1771, 13.16252, 6.00799, -3.47193, 9.90018, -6.73398, -2.00263, -9.34437, -1.54808, 5.88219, -1.08539, -14.80353]"
42,sub7,scratch,1,sub7-c__0054__pushchair.npy,12,pushchair,11,0.84305984,0,"[3.0106, -4.47111, 11.21572, -9.87073, -9.22754, -1.78372, 9.36243, -10.51724, -9.06805, 4.18482, 0.95799, 13.28821, 6.33408, -4.22401, 10.03558, -5.96688, -2.3121, -8.78269, -1.3382, 6.12801, -0.81038, -14.9129]"
42,sub7,scratch,1,sub7-c__0055__pushchair.npy,12,pushchair,11,0.75995755,0,"[3.0438, -3.7988, 10.60513, -8.63283, -7.93669, -2.3733, 9.69011, -10.27645, -10.05037, 5.32851, 0.40074, 12.39618, 4.31744, -2.65338, 9.86981, -6.49024, -0.93406, -9.02456, -1.60848, 5.5591, -1.56479, -15.25721]"
42,sub7,scratch,1,sub7-c__0056__sit.npy,15,sit,19,0.792255,0,"[-0.8767, -4.03899, -3.73852, -8.99342, -5.49259, -3.96036, 7.61344, -8.2703, 4.18781, -2.75296, 3.32533, 5.65849, 6.69937, -8.12098, 4.36658, 7.422, -7.2439, -2.13119, 7.6781, 10.21062, -4.08383, -10.91385]"
42,sub7,scratch,1,sub7-c__0057__stand.npy,17,stand,17,0.98928934,1,"[4.71005, -3.64268, -8.80201, -0.30013, 5.82945, -5.37018, 1.44469, -6.29537, 0.14195, 2.36345, 0.57539, -5.30529, -5.98987, 3.16599, -3.42725, 3.17878, -6.01591, 10.89617, 4.10192, 1.13425, 1.13882, -3.32671]"
42,sub7,scratch,1,sub7-c__0058__sit.npy,15,sit,19,0.6119008,0,"[-1.08582, -3.69009, -3.77182, -8.38567, -4.81574, -2.98934, 5.27222, -7.66213, 4.99275, -3.13799, 3.80078, 3.97005, 6.43632, -7.90146, 3.30136, 8.89078, -7.88869, -1.13966, 7.50954, 9.6837, -2.76334, -9.56103]"
42,sub7,scratch,1,sub7-c__0059__stand.npy,17,stand,17,0.9020206,1,"[3.85813, 0.18196, -8.07142, 4.59948, 10.56942, -2.65884, -1.12004, -3.5996, -1.14552, 1.31216, -2.73662, -9.50108, -12.18224, 7.75998, -7.35477, 4.75468, -3.80859, 12.85464, 2.32991, -1.4168, 1.12215, 0.23823]"
42,sub7,scratch,1,sub7-c__0060__sit.npy,15,sit,15,0.80709964,1,"[-1.565, -3.41185, -3.62992, -7.27316, -4.02915, -2.31416, 3.77857, -7.61372, 5.52608, -4.29011, 3.16734, 2.30989, 5.63096, -7.57501, 2.3662, 10.90309, -8.95767, 0.56157, 7.51591, 9.26205, -1.67327, -8.30688]"
42,sub7,scratch,1,sub7-c__0061__stand.npy,17,stand,17,0.9868569,1,"[3.65245, -2.53573, -9.14151, 2.41657, 8.54856, -3.8063, -0.9147, -4.46353, 0.08695, 2.20664, -0.39907, -8.26225, -8.73559, 4.84945, -5.96461, 4.79821, -5.15282, 12.93334, 3.55454, -0.49153, 1.90094, -0.87855]"
42,sub7,scratch,1,sub7-c__0062__sit.npy,15,sit,15,0.564781,1,"[-1.25189, -3.69861, -3.85881, -7.70813, -4.81753, -2.68115, 4.37721, -7.92305, 5.53007, -3.82978, 3.52845, 2.84111, 6.34526, -7.91428, 3.29501, 9.98051, -8.83702, -0.42139, 7.65109, 9.51503, -1.92257, -9.05118]"
42,sub7,scratch,1,sub7-c__0063__stand.npy,17,stand,17,0.9934848,1,"[3.66616, -2.32721, -9.30383, 2.47562, 7.85575, -4.64368, -0.3227, -4.51952, 0.96299, 1.95671, -0.1098, -7.81533, -8.1487, 4.62665, -5.75572, 4.48856, -5.27003, 12.99579, 3.91057, -0.55751, 1.30388, -0.24383]"
42,sub7,scratch,1,sub7-c__0064__sit.npy,15,sit,19,0.43139407,0,"[-2.10932, -3.70103, -4.76759, -6.48164, -5.29181, -3.83215, 5.71511, -7.0732, 6.48007, -4.02772, 4.00466, 2.8507, 6.371, -7.73257, 3.15108, 9.37967, -8.8289, -0.42072, 8.22417, 9.47717, -2.85457, -8.26569]"
42,sub7,scratch,1,sub7-c__0065__stand.npy,17,stand,17,0.99265856,1,"[3.46848, -2.91046, -9.28556, 1.57966, 7.67097, -4.84927, -0.18178, -5.19414, 0.67735, 1.86368, -0.24845, -7.42035, -7.62536, 4.08586, -5.26317, 5.2225, -5.79664, 12.73406, 4.14167, 0.05844, 1.87223, -1.17363]"
42,sub7,scratch,1,sub7-c__0066__squat.npy,16,squat,16,0.9410897,1,"[0.54566, 1.04098, 1.61687, 3.14531, 6.16344, 5.14629, 0.73488, -0.03418, -17.12975, 10.94792, -2.46702, 1.23471, -9.90549, 8.92218, 2.94827, -9.53111, 13.85375, -9.26515, -6.69389, -2.97775, -2.08123, -13.70941]"
42,sub7,scratch,1,sub7-c__0067__squat.npy,16,squat,16,0.94986993,1,"[0.51002, 1.58003, 1.05836, 4.10681, 6.62651, 4.91846, 0.94347, 0.08044, -16.57128, 10.79695, -2.8363, 0.71711, -10.49043, 9.27975, 2.53599, -9.27194, 13.95327, -8.85102, -6.55128, -3.42892, -2.57575, -12.98618]"
42,sub7,scratch,1,sub7-c__0068__squat.npy,16,squat,16,0.95287246,1,"[0.63057, 1.06855, 1.54801, 2.48824, 5.19735, 5.05713, 1.5048, 0.27645, -16.64394, 11.05104, -2.21599, 2.37697, -9.34634, 8.02763, 3.59642, -10.35876, 14.11139, -10.21914, -6.43427, -2.79786, -2.59113, -13.73863]"
42,sub7,scratch,1,sub7-c__0069__squat.npy,16,squat,16,0.9718865,1,"[0.86296, 1.82169, 1.96609, 3.02546, 4.88208, 5.21846, 1.48144, -0.29151, -16.59555, 10.06078, -2.42415, 2.08375, -9.2882, 8.7741, 3.55473, -10.14536, 13.86099, -9.95709, -6.6036, -2.84524, -2.8984, -13.73359]"
42,sub7,scratch,1,sub7-c__0070__squat.npy,16,squat,16,0.92248964,1,"[0.54782, 1.37931, 2.32765, 3.70436, 5.26065, 5.05623, 1.07861, -0.53728, -16.57971, 10.09949, -2.67606, 1.45785, -9.45041, 8.86425, 3.13358, -9.31178, 12.84522, -9.26004, -6.72942, -2.86424, -2.13366, -13.19162]"
42,sub7,scratch,1,sub7-c__0071__pickup.npy,11,pickup,11,0.63616157,1,"[1.21415, -5.57753, 12.72145, -10.33865, -13.72249, -0.08558, 5.92224, -8.19962, -3.19224, -1.72417, 3.15201, 13.99109, 12.68591, -9.11849, 10.0219, -5.00345, -7.87558, -7.59169, -0.62769, 6.63065, 2.69933, -10.12983]"
42,sub7,scratch,1,sub7-c__0072__pickup.npy,11,pickup,11,0.79132533,1,"[1.74018, -5.38597, 13.19662, -10.91526, -12.72336, -0.0462, 7.54197, -8.83835, -4.99432, -0.74844, 1.81365, 14.69847, 11.23469, -8.40654, 9.92926, -5.09648, -6.71518, -7.73271, -0.70888, 6.87412, 1.7389, -11.41698]"
42,sub7,scratch,1,sub7-c__0073__pickup.npy,11,pickup,11,0.9465459,1,"[1.60026, -6.63345, 12.19819, -11.64296, -11.96115, -1.1898, 8.96956, -9.63806, -5.66242, 0.59972, 1.82586, 15.58855, 11.50605, -8.64033, 10.15655, -4.90217, -5.62665, -7.60095, -0.48868, 7.0668, 1.07923, -12.55647]"
42,sub7,scratch,1,sub7-c__0074__pickup.npy,11,pickup,11,0.8308292,1,"[1.5032, -5.99414, 12.79171, -11.11193, -12.90152, -0.49779, 7.46334, -8.87763, -4.43058, -0.59071, 2.33303, 14.78317, 11.92521, -8.94333, 10.03411, -4.92071, -7.06349, -7.61641, -0.53113, 6.96807, 2.01871, -11.19111]"
42,sub7,scratch,1,sub7-c__0075__pickup.npy,11,pickup,11,0.82338476,1,"[1.48004, -5.67368, 12.95078, -10.90023, -12.70221, -0.32256, 7.69891, -8.87665, -4.76245, -0.71977, 1.9062, 14.73539, 11.43213, -8.66169, 9.97869, -4.84193, -6.83519, -7.56624, -0.53777, 6.8952, 1.68688, -11.37789]"
42,sub7,scratch,1,sub7-c__0076__pushchair.npy,12,pushchair,11,0.88745075,0,"[3.47547, -4.91158, 10.91894, -9.41837, -11.81685, -1.32483, 7.15379, -10.66639, -6.86787, 2.76315, 4.4144, 13.73833, 9.97382, -5.85393, 10.57157, -6.88948, -3.56294, -9.55987, -1.84155, 5.74357, 0.13909, -13.99435]"
42,sub7,scratch,1,sub7-c__0077__pushchair.npy,12,pushchair,11,0.8912703,0,"[3.04364, -3.83189, 11.74058, -9.34555, -10.6949, -1.26541, 9.38624, -10.05427, -8.50186, 2.84284, 1.43404, 14.1667, 7.70394, -4.38791, 10.41017, -7.34297, -2.20053, -9.85995, -1.80384, 5.9405, -0.84576, -14.46993]"
42,sub7,scratch,1,sub7-c__0078__pushchair.npy,12,pushchair,11,0.90659887,0,"[2.84073, -3.77277, 12.16588, -9.64977, -11.12463, -1.17095, 9.54855, -10.05769, -7.91753, 2.02056, 1.29875, 14.65077, 8.41251, -4.92415, 10.18168, -6.98193, -2.63595, -9.44051, -1.63555, 6.03913, -0.81404, -13.90775]"
42,sub7,scratch,1,sub7-c__0079__pushchair.npy,12,pushchair,11,0.8930106,0,"[2.73002, -4.17877, 12.21401, -9.66567, -11.35573, -1.04631, 8.88244, -9.96068, -7.69244, 1.96819, 1.73372, 14.54379, 8.93698, -5.34296, 10.35193, -6.84186, -3.14851, -9.45395, -1.75417, 6.06418, -0.27396, -13.72724]"
42,sub7,scratch,1,sub7-c__0080__pushchair.npy,12,pushchair,11,0.90500206,0,"[2.45534, -5.12944, 12.19018, -10.33096, -12.29676, -1.21678, 8.5474, -9.63189, -6.36938, 1.39896, 2.51242, 14.77195, 10.44151, -6.67262, 10.49759, -6.62229, -4.59347, -9.12912, -1.34833, 6.49752, 0.56145, -12.91776]"
42,sub7,scratch,1,sub7-c__0081__pushchair.npy,12,pushchair,11,0.9230649,0,"[2.38306, -5.92029, 11.80813, -10.70559, -12.21885, -1.31248, 8.16463, -9.79472, -6.24585, 1.83102, 3.13807, 14.86463, 10.98024, -7.2534, 10.61347, -6.38243, -4.69825, -8.97985, -1.34429, 6.53546, 0.96366, -13.05604]"
42,sub7,scratch,1,sub7-c__0082__sit.npy,15,sit,15,0.7970841,1,"[3.04898, 2.34644, -3.42024, -2.06326, 0.05653, -0.11788, -0.69968, -6.44649, 3.2527, -5.70696, 0.87839, -4.32437, -3.43093, 0.44856, -1.44006, 9.06267, -9.52617, 4.78629, 6.01592, 7.37894, -1.12925, -5.17293]"
42,sub7,scratch,1,sub7-c__0083__stand.npy,17,stand,17,0.96971345,1,"[3.95043, -2.54886, -9.53911, 2.01387, 7.9311, -4.3601, 0.38919, -4.92266, -0.48654, 3.31439, 0.39673, -7.34305, -8.54999, 5.12656, -4.89608, 3.20403, -4.20427, 11.50695, 3.56749, -0.12527, 0.69891, -2.38742]"
42,sub7,scratch,1,sub7-c__0084__sit.npy,15,sit,19,0.5339848,0,"[-1.57514, -3.58534, -4.43028, -7.80843, -4.11468, -3.73377, 6.32423, -6.86838, 5.33373, -3.15451, 2.96219, 3.16513, 4.73921, -7.73553, 3.04309, 9.261, -8.10138, -0.4721, 8.40822, 9.81323, -3.72256, -9.31618]"
42,sub7,scratch,1,sub7-c__0085__stand.npy,17,stand,17,0.9888101,1,"[3.38263, -3.29546, -9.65086, 1.4922, 7.59188, -4.59766, 0.56729, -4.2791, 0.39054, 2.62535, 0.21946, -6.77731, -7.73753, 3.87035, -5.13613, 3.9591, -4.91181, 12.17773, 4.12664, -0.00857, 0.81047, -1.69513]"
42,sub7,scratch,1,sub7-c__0086__sit.npy,15,sit,19,0.4697553,0,"[-1.19179, -3.22211, -3.8244, -7.16766, -4.62759, -2.29551, 4.79455, -8.02499, 4.9425, -3.91584, 3.52356, 3.01843, 5.88337, -7.46372, 3.14883, 9.44723, -8.17981, -0.63979, 7.52075, 9.50909, -2.50895, -9.29343]"
42,sub7,scratch,1,sub7-c__0087__stand.npy,17,stand,17,0.93450123,1,"[3.72618, -1.31934, -8.87937, 3.7532, 7.75457, -4.45831, 1.38592, -3.38628, -0.57377, 2.98151, -0.34972, -7.2475, -9.8428, 6.20446, -5.13996, 1.60334, -3.72881, 10.65229, 3.03454, -0.62109, -0.28458, -1.1308]"
42,sub7,scratch,1,sub7-c__0088__sit.npy,15,sit,19,0.62805974,0,"[-1.65487, -3.99626, -4.02447, -8.11947, -4.61325, -3.16374, 6.13273, -7.5696, 4.90768, -3.3545, 3.11278, 3.57215, 5.93602, -8.10093, 3.52884, 9.21871, -8.07298, -0.97453, 8.04738, 10.09031, -2.82366, -9.80221]"
42,sub7,scratch,1,sub7-c__0090__sit.npy,15,sit,15,0.99659,1,"[-1.33228, -0.10364, -3.44611, -0.23571, 0.40829, 5.09168, -8.89729, -6.26529, 3.84814, -4.98784, 3.48976, -4.99977, 4.93364, -2.27717, -1.20163, 13.54936, -6.03224, 4.379, 0.32147, 2.0491, 7.67199, -0.38109]"
42,sub7,scratch,1,sub7-c__0091__stand.npy,17,stand,15,0.5961944,0,"[-2.37802, -3.5923, -5.73914, 2.0476, 7.19404, 2.56511, -7.08348, -3.53136, 2.08493, -4.04039, -1.59196, -6.44478, 0.33559, -0.57599, -5.50861, 14.62423, -5.2592, 14.2304, 0.25471, -1.39662, 8.46941, 5.46618]"
42,sub7,scratch,1,sub7-c__0092__sit.npy,15,sit,15,0.999908,1,"[-2.01966, -3.7845, -5.79124, -3.02476, 3.86829, 1.97776, -2.22095, -8.12377, 1.06976, -3.35993, 1.3486, -3.06561, 2.24851, -4.54844, -0.95173, 15.51903, -4.19845, 5.7712, 3.28539, 3.48646, 3.97011, -5.08918]"
42,sub7,scratch,1,sub7-c__0093__stand.npy,17,stand,17,0.54470134,1,"[-2.15322, -2.82868, -5.00444, 2.28685, 8.18172, 2.95511, -7.11751, -3.68774, 1.32593, -4.58112, -3.0045, -6.83929, -1.12856, 0.40388, -6.11404, 14.88258, -5.16712, 15.06473, 0.02693, -1.58529, 8.40454, 5.55507]"
42,sub7,scratch,1,sub7-c__0094__sit.npy,15,sit,15,0.9996964,1,"[-1.56503, -4.17925, -6.26126, -4.44691, 2.62973, 1.38949, -0.82049, -8.43025, 0.5215, -2.06828, 2.56339, -1.5732, 3.5101, -5.46841, 0.90423, 13.53329, -3.10096, 3.06447, 3.53592, 4.4115, 3.05942, -7.38773]"
42,sub7,scratch,1,sub7-c__0095__stand.npy,17,stand,15,0.6695613,0,"[-2.46546, -3.91955, -6.16753, 2.17566, 6.69784, 2.47791, -7.4848, -3.34484, 2.47722, -3.95642, -0.86675, -6.52926, 0.95578, -0.91886, -5.32511, 14.71055, -5.57116, 13.99843, 0.37425, -1.44105, 8.70847, 5.44484]"
42,sub7,scratch,1,sub7-c__0096__sit.npy,15,sit,15,0.9999107,1,"[-2.61407, -4.55521, -5.56327, -3.55335, 2.89431, 1.73784, -2.36554, -7.8711, 1.31967, -3.06276, 1.80464, -2.48711, 3.38055, -5.33193, -0.1331, 15.37744, -4.87844, 5.19674, 3.17676, 4.02505, 4.61412, -4.91534]"
42,sub7,scratch,1,sub7-c__0097__stand.npy,17,stand,17,0.5042638,1,"[-1.68271, -3.00281, -5.34228, 1.81165, 8.30859, 3.05598, -7.25245, -4.12362, 1.00387, -4.17665, -2.58918, -6.77406, -0.97809, 0.36786, -6.14372, 14.86707, -4.91374, 14.88701, 0.09608, -1.51371, 8.30591, 4.83101]"
42,sub7,scratch,1,sub7-c__0098__squat.npy,16,squat,16,0.9996573,1,"[-0.86062, 1.90135, -2.98972, 3.6534, 8.25056, 5.67255, 0.28045, 1.51248, -15.47306, 7.81364, -3.74168, -1.06551, -8.30604, 8.48607, 0.9196, -6.92654, 17.32766, -4.70606, -5.20567, -5.17273, -3.14429, -13.02715]"
42,sub7,scratch,1,sub7-c__0099__squat.npy,16,squat,16,0.999928,1,"[0.21685, 2.39744, -3.14664, 3.09671, 8.09498, 6.09895, 0.6615, 0.94468, -15.89658, 7.84651, -3.06144, -0.07441, -8.12514, 8.5917, 0.98874, -8.07334, 18.90683, -5.73548, -5.57461, -5.40025, -4.05763, -13.93165]"
42,sub7,scratch,1,sub7-c__0100__squat.npy,16,squat,16,0.9999418,1,"[-0.10701, 1.80677, -2.62554, 2.81935, 7.57031, 5.72009, 0.81814, 1.0298, -16.22368, 8.19094, -2.70804, 0.67202, -7.5798, 8.21135, 1.38814, -8.76966, 18.91661, -6.38344, -5.87959, -5.16175, -3.68194, -14.19145]"
42,sub7,scratch,1,sub7-c__0101__squat.npy,16,squat,16,0.9999478,1,"[0.22706, 1.49368, -2.3586, 1.78542, 6.64059, 4.59586, 1.86182, 0.0483, -15.68412, 8.17081, -2.64644, 1.84459, -6.24465, 7.59829, 1.86613, -8.74816, 18.62868, -6.26724, -5.5939, -4.8224, -3.94845, -14.27927]"
42,sub7,scratch,1,sub7-c__0102__squat.npy,16,squat,16,0.9999045,1,"[-0.17412, 2.52094, -2.95422, 3.84367, 7.73421, 5.70054, 0.53342, 1.44434, -15.80073, 7.57764, -2.82365, -0.20478, -8.11293, 9.08036, 0.99618, -8.77012, 18.75888, -5.91225, -5.79566, -5.44866, -3.89749, -13.56129]"
42,sub7,scratch,1,sub7-c__0103__pickup.npy,11,pickup,12,0.99985373,0,"[-0.08674, -7.45424, 6.64826, -11.65238, -15.27776, -4.09653, 4.93773, -8.29505, 3.20553, -4.56311, 5.0196, 12.57349, 21.45014, -12.3857, 9.43403, -1.7294, -9.1237, -2.99248, 1.95914, 5.43225, 4.48457, -7.16167]"
42,sub7,scratch,1,sub7-c__0104__pickup.npy,11,pickup,12,0.9998275,0,"[-0.128, -7.80466, 6.47789, -12.13043, -15.06992, -4.03443, 4.96496, -8.33735, 2.7729, -3.77086, 5.09691, 12.60514, 21.32324, -12.61602, 9.60791, -1.68709, -8.77267, -3.35397, 2.02211, 5.51896, 4.65561, -7.65743]"
42,sub7,scratch,1,sub7-c__0105__pickup.npy,11,pickup,12,0.99965906,0,"[0.06926, -8.08803, 6.58379, -12.43511, -14.94386, -4.53086, 5.83163, -8.91925, 2.28255, -3.44415, 4.9932, 13.27627, 21.29169, -12.60964, 9.77318, -1.81633, -8.46588, -3.34386, 2.0414, 5.71069, 4.13226, -8.24572]"
42,sub7,scratch,1,sub7-c__0106__pickup.npy,11,pickup,12,0.9996723,0,"[-0.06823, -7.76033, 7.02854, -12.2812, -14.9734, -4.06132, 5.46438, -8.5641, 2.30261, -3.82334, 4.5893, 12.99795, 21.06144, -12.45767, 9.69404, -1.8413, -8.75051, -3.32767, 1.90396, 5.72549, 4.52355, -7.85543]"
42,sub7,scratch,1,sub7-c__0107__pickup.npy,11,pickup,12,0.99982566,0,"[-0.16095, -7.8291, 6.55925, -11.93069, -14.96371, -4.28779, 5.13283, -8.51729, 2.97207, -3.96297, 5.09101, 12.6064, 21.30645, -12.62105, 9.44462, -1.43603, -8.997, -3.03049, 2.0613, 5.51119, 4.56312, -7.4429]"
42,sub7,scratch,1,sub7-c__0108__pushchair.npy,12,pushchair,12,0.9999721,1,"[3.36751, -7.04178, 2.52816, -10.09991, -14.305, -4.99061, 1.43431, -11.16159, 2.48462, -0.8972, 10.47248, 9.4651, 21.40382, -10.37833, 8.81219, -2.65342, -6.36205, -3.65316, 1.44669, 3.30283, 4.62728, -10.06784]"
42,sub7,scratch,1,sub7-c__0109__pushchair.npy,12,pushchair,12,0.9992287,1,"[1.46455, -8.17501, 5.38854, -13.29302, -14.17988, -4.86606, 5.69534, -10.20447, -0.24751, 0.11908, 6.30669, 13.38598, 20.6089, -11.25131, 10.50311, -4.05086, -5.13145, -5.13075, 1.27522, 5.14181, 3.90455, -11.19416]"
42,sub7,scratch,1,sub7-c__0110__pushchair.npy,12,pushchair,12,0.99933285,1,"[1.53418, -6.93263, 6.07352, -12.53281, -14.5248, -3.93254, 4.93068, -9.80081, -0.27748, -0.46227, 6.27442, 12.88029, 20.25073, -10.31735, 10.0156, -4.54291, -4.90737, -5.62579, 0.77623, 4.74386, 4.00579, -10.87205]"
42,sub7,scratch,1,sub7-c__0111__pushchair.npy,12,pushchair,12,0.9976545,1,"[1.63952, -7.54881, 5.50745, -12.94828, -14.33154, -4.76113, 6.39802, -9.62518, -1.22919, 0.72493, 6.26718, 13.70284, 19.80086, -10.21488, 10.58884, -5.49422, -3.71205, -6.14797, 0.80742, 4.84466, 2.989, -11.90335]"
42,sub7,scratch,1,sub7-c__0112__pushchair.npy,12,pushchair,12,0.9987423,1,"[1.2804, -7.26492, 5.56331, -12.73701, -14.51934, -4.42806, 5.67269, -9.33456, -0.67905, 0.17321, 6.24896, 13.43206, 20.15914, -10.35047, 10.42536, -5.31242, -4.06326, -6.03263, 0.86901, 4.737, 3.4863, -11.34434]"
42,sub7,scratch,1,sub7-c__0113__pushchair.npy,12,pushchair,12,0.99491405,1,"[1.41178, -8.2913, 4.43646, -13.26803, -13.16852, -5.85686, 6.78086, -9.86517, -1.90788, 2.79125, 6.76225, 14.01304, 19.3172, -10.23924, 10.39215, -5.79438, -2.10465, -6.24841, 0.9246, 4.52535, 2.80743, -12.56561]"
42,sub7,scratch,1,sub7-c__0114__sit.npy,15,sit,15,0.99977857,1,"[-1.1317, -4.32935, -6.07947, -4.65483, 3.07019, 1.72397, -2.11958, -8.55128, 0.67387, -1.813, 2.85686, -2.23172, 3.3894, -5.44307, 0.17937, 14.00701, -3.52976, 3.74462, 3.17308, 4.08785, 4.16431, -6.82121]"
42,sub7,scratch,1,sub7-c__0115__stand.npy,17,stand,15,0.73467827,0,"[-2.39062, -4.1308, -5.8133, 1.43484, 6.41434, 2.72434, -7.44324, -3.30572, 2.40469, -4.21267, -1.30294, -6.04784, 1.26193, -1.52205, -5.10443, 14.91237, -5.87211, 13.88634, 0.47763, -1.25542, 8.89352, 5.22496]"
42,sub7,scratch,1,sub7-c__0116__sit.npy,15,sit,15,0.99989724,1,"[-2.40023, -5.24278, -5.56465, -4.11835, 2.31875, 2.02021, -2.69154, -7.68355, 1.21952, -2.65849, 2.56327, -1.92092, 4.26275, -5.81245, 0.31471, 15.25359, -5.18187, 4.50873, 2.80634, 4.37518, 4.93266, -5.18383]"
42,sub7,scratch,1,sub7-c__0117__stand.npy,17,stand,15,0.5351072,0,"[-1.54706, -2.2694, -4.88497, 2.14806, 7.79542, 3.82239, -8.13064, -3.58174, 2.09484, -5.28475, -2.7982, -6.94037, -0.78518, 0.00042, -6.5705, 15.40319, -5.55458, 15.26078, 0.09765, -1.96561, 8.39428, 6.188]"
42,sub7,scratch,1,sub7-c__0118__sit.npy,15,sit,15,0.99972147,1,"[-2.28832, -5.19805, -5.78771, -4.33809, 1.39564, 1.35478, -2.09382, -7.56816, 1.69843, -2.40736, 3.3797, -1.67748, 4.77791, -6.25955, 1.0634, 14.23634, -5.19386, 3.39045, 3.22327, 4.70073, 4.54867, -5.87093]"
42,sub7,scratch,1,sub7-c__0119__stand.npy,17,stand,15,0.6431858,0,"[-1.35474, -2.90353, -5.34905, 1.3274, 8.85747, 3.56593, -7.53735, -4.48985, 0.44415, -3.85847, -2.77758, -6.8501, -1.29036, 0.42627, -6.35524, 15.27162, -4.5484, 14.6776, -0.037, -1.51531, 8.35723, 4.25147]"
42,sub7,scratch,1,sub7-c__0121__stand.npy,17,stand,15,0.55833864,0,"[-0.98506, -2.5275, -4.9332, 1.20167, 8.95811, 3.47442, -7.34092, -4.73164, 0.446, -4.20412, -3.23566, -6.7619, -1.70936, 0.62968, -6.69473, 15.43623, -4.82117, 15.19908, 0.09884, -1.55752, 8.01149, 4.39458]"
42,sub7,scratch,1,sub7-c__0122__sit.npy,15,sit,15,0.9999198,1,"[-1.67743, -4.07301, -5.59882, -3.83651, 3.17584, 2.12808, -2.01431, -8.81125, 0.58102, -2.66084, 1.97545, -2.38199, 2.73733, -4.82249, -0.31269, 15.12235, -4.32794, 4.67245, 3.24811, 4.17129, 3.71447, -6.35675]"
42,sub7,scratch,1,sub7-c__0123__stand.npy,17,stand,15,0.55467117,0,"[-1.53932, -2.75564, -5.27845, 1.76493, 8.34022, 3.57394, -7.70251, -3.84361, 1.24559, -4.43959, -2.646, -6.8815, -1.0655, 0.17324, -6.44565, 15.20747, -5.01104, 14.98532, 0.11892, -1.72596, 8.27797, 5.1334]"
42,sub7,scratch,1,sub7-c__0124__sit.npy,15,sit,15,0.9999008,1,"[-1.88704, -3.99811, -6.31784, -3.73546, 2.29748, 1.27792, -2.6259, -7.42657, 2.72132, -2.79743, 3.17413, -3.42938, 3.24125, -5.91623, -0.01308, 15.07667, -5.28709, 4.48705, 4.10396, 3.89954, 4.27426, -5.34533]"
42,sub7,scratch,1,sub7-c__0125__stand.npy,17,stand,15,0.57171226,0,"[-0.72561, -2.58415, -5.27215, 0.93402, 9.95166, 3.65165, -6.97625, -5.24891, -0.78235, -3.34463, -3.45781, -6.95482, -2.45371, 1.21268, -6.72352, 15.29484, -3.92802, 14.99892, 0.0508, -1.45091, 7.66974, 3.08103]"
42,sub7,scratch,1,sub7-c__0127__squat.npy,16,squat,16,0.99985886,1,"[-0.25843, 1.20269, -1.69485, 2.24366, 6.18819, 5.70298, 0.96408, 0.64837, -16.27081, 8.07675, -2.31467, 1.09892, -6.45709, 7.54246, 2.37601, -8.91883, 17.55249, -6.83591, -5.80264, -4.48193, -3.05404, -14.72054]"
42,sub7,scratch,1,sub7-c__0128__squat.npy,16,squat,16,0.99988747,1,"[-0.36435, 1.44023, -2.42748, 2.85121, 6.9099, 3.63466, 2.28945, -0.19359, -15.24086, 7.70899, -3.12398, 1.31646, -6.68767, 8.45731, 1.74644, -8.425, 18.08183, -5.30581, -5.51093, -4.80185, -4.16496, -13.60483]"
42,sub7,scratch,1,sub7-c__0129__squat.npy,16,squat,16,0.99991846,1,"[-0.41846, 0.87288, -2.63869, 2.03581, 6.97771, 3.58288, 2.26293, 0.2434, -15.4366, 8.54649, -2.92846, 1.61405, -6.56702, 7.71313, 2.17485, -8.82018, 18.4645, -5.77173, -5.50914, -4.72596, -3.79482, -13.77407]"
42,sub7,scratch,1,sub7-c__0130__squat.npy,16,squat,16,0.999838,1,"[-0.41493, -0.0803, -2.10424, 0.95699, 6.71424, 3.73814, 2.25771, -0.30188, -15.9129, 9.14164, -2.61379, 2.18793, -5.90318, 6.72329, 2.67345, -8.48474, 18.03952, -6.05042, -5.54309, -4.27119, -3.30719, -14.52576]"
42,sub7,scratch,1,sub7-c__0131__pickup.npy,11,pickup,12,0.999617,0,"[-0.25281, -8.45752, 6.37106, -12.67325, -14.81875, -4.4618, 5.60292, -8.35715, 2.02724, -3.12184, 4.87321, 13.19682, 21.11087, -12.83501, 10.10545, -1.93906, -8.31831, -3.5984, 2.03524, 5.79917, 4.4507, -8.40993]"
42,sub7,scratch,1,sub7-c__0132__pickup.npy,11,pickup,12,0.9998369,0,"[-0.2897, -7.64771, 6.69568, -11.83289, -15.0516, -4.07251, 4.82762, -8.23493, 3.02788, -4.51327, 4.65003, 12.53246, 21.30959, -12.44785, 9.57465, -1.6058, -9.09205, -2.94665, 1.93175, 5.489, 4.81339, -7.22287]"
42,sub7,scratch,1,sub7-c__0133__pickup.npy,11,pickup,12,0.9994772,0,"[-0.0816, -8.68166, 6.18016, -12.75127, -14.73022, -4.83687, 6.09685, -8.69146, 1.53356, -2.47423, 5.20219, 13.5152, 21.10968, -12.715, 10.23434, -2.24282, -7.69686, -3.72536, 1.94574, 5.695, 4.08896, -8.95606]"
42,sub7,scratch,1,sub7-c__0134__pickup.npy,11,pickup,12,0.9991375,0,"[-0.20779, -8.47893, 6.66691, -13.00015, -14.87626, -5.002, 6.76011, -8.90792, 1.67581, -2.85843, 4.57774, 14.34422, 21.41552, -12.77246, 10.16304, -2.46433, -7.66928, -3.85211, 1.99736, 5.86418, 3.81059, -8.83607]"
42,sub7,scratch,1,sub7-c__0135__pickup.npy,11,pickup,12,0.99815077,0,"[-0.00644, -8.95829, 6.55136, -13.52952, -14.43216, -4.99556, 7.08888, -9.19399, 0.55226, -1.61206, 4.64638, 14.4507, 20.76286, -12.8055, 10.53633, -2.42173, -7.04951, -4.21183, 1.93113, 6.05347, 3.68435, -9.86637]"
42,sub7,scratch,1,sub7-c__0136__pushchair.npy,12,pushchair,12,0.9947537,1,"[0.91711, -7.78414, 6.23678, -12.96084, -14.60185, -5.47827, 7.64272, -9.74559, -1.23493, 0.04953, 5.26639, 14.90065, 20.16784, -10.41344, 11.05859, -5.62179, -3.88806, -6.09431, 0.84046, 5.31638, 2.61794, -11.704]"
42,sub7,scratch,1,sub7-c__0137__pushchair.npy,12,pushchair,12,0.999335,1,"[0.20208, -7.52807, 5.5637, -12.31371, -14.86302, -4.87225, 5.56148, -8.74281, 0.41647, -0.50639, 6.24085, 13.42552, 20.79913, -11.02246, 10.58767, -4.88567, -4.86789, -5.8926, 1.0773, 4.79672, 3.9527, -10.31302]"
42,sub7,scratch,1,sub7-c__0139__pushchair.npy,12,pushchair,12,0.99431396,1,"[0.68151, -7.81529, 5.2918, -12.91328, -13.88762, -4.74386, 6.63442, -8.91165, -1.8791, 1.4552, 5.73333, 14.57035, 19.75908, -10.36822, 10.85588, -6.17343, -2.17722, -6.8318, 0.50863, 4.49667, 3.09293, -12.05998]"
42,sub7,scratch,1,sub7-c__0140__pushchair.npy,12,pushchair,12,0.9962649,1,"[0.99024, -7.75081, 3.36845, -12.08773, -13.08299, -5.49742, 5.35517, -8.77909, -2.11605, 3.74434, 7.93847, 12.83203, 18.53126, -9.36487, 10.63629, -6.56253, -0.73032, -7.18008, 0.29549, 3.55606, 2.94891, -12.66815]"
