seed,subject,method,k,file,true_id,true_label,pred_id,conf,correct,logits
42,sub7,supMAE,3,sub7-a__0001__wave.npy,21,wave,21,0.7903704,1,"[0.90213, 4.62437, -6.28101, 8.09447, 0.59138, -11.75041, 0.73607, -0.13359, 9.92881, -5.01374, -13.96895, -9.57851, -2.54837, 1.1132, -10.83531, 1.94176, -3.67433, 3.11714, 1.20537, -5.69629, 2.53152, 11.41076]"
42,sub7,supMAE,3,sub7-a__0002__wave.npy,21,wave,21,0.76664746,1,"[0.99828, 4.69699, -5.95372, 9.23975, 0.42307, -10.77832, 0.79108, 1.39689, 9.18743, -5.93334, -14.97468, -9.53643, -2.77648, 1.33407, -10.55174, 1.50424, -3.6162, 2.8235, 1.57271, -5.50148, 2.42745, 11.10457]"
42,sub7,supMAE,3,sub7-a__0003__wave.npy,21,wave,21,0.6809166,1,"[1.09614, 4.92255, -5.81578, 10.0384, 0.53964, -9.81026, 0.45978, 2.4233, 8.71678, -6.1823, -15.06219, -9.86192, -3.35462, 1.75118, -10.40341, 0.87631, -3.31519, 2.4535, 1.40519, -5.29926, 2.11193, 11.03924]"
42,sub7,supMAE,3,sub7-a__0004__wave.npy,21,wave,21,0.6077316,1,"[1.25178, 4.86347, -5.80876, 10.17724, 0.5778, -9.65071, 0.42414, 2.27112, 8.77682, -6.15042, -14.8976, -9.68909, -3.50061, 1.76133, -10.25607, 0.85615, -3.54109, 2.30064, 1.69206, -5.24118, 1.80014, 10.84071]"
42,sub7,supMAE,3,sub7-a__0005__wave.npy,21,wave,21,0.66369295,1,"[1.19165, 4.84107, -5.83604, 9.98653, 0.54299, -9.70306, 0.4769, 2.12151, 9.00547, -6.13088, -14.88211, -9.51622, -3.28832, 1.58242, -10.33401, 1.02094, -3.53623, 2.29847, 1.61653, -5.34726, 1.795, 10.9904]"
42,sub7,supMAE,3,sub7-a__0006__bow.npy,2,bow,2,0.98785967,1,"[-1.39849, 1.56995, 9.7953, 0.99573, -8.9939, -5.15835, 4.39318, -5.58542, -3.30532, -1.25057, -1.72429, 2.5269, 4.50513, -0.38373, -5.1275, 0.72671, -8.1629, 1.54145, -2.1396, 2.13944, 2.48273, -0.88545]"
42,sub7,supMAE,3,sub7-a__0007__bow.npy,2,bow,2,0.9787152,1,"[-1.5748, 2.21464, 9.45198, 1.11828, -8.53382, -4.85611, 4.93687, -4.98635, -3.77634, -1.65135, -2.73002, 2.42851, 4.52139, -0.45613, -5.44639, 0.74834, -7.95595, 1.49325, -1.68665, 2.10768, 1.72235, -1.05425]"
42,sub7,supMAE,3,sub7-a__0008__bow.npy,2,bow,2,0.97840655,1,"[-1.63607, 2.06343, 9.53491, 0.88914, -8.50018, -4.63942, 4.91502, -4.96014, -4.11871, -1.59189, -2.55654, 2.80124, 4.80497, -0.54999, -5.09057, 0.47814, -7.66471, 1.24255, -1.74242, 2.18853, 1.51622, -1.22861]"
42,sub7,supMAE,3,sub7-a__0009__bow.npy,2,bow,2,0.9792468,1,"[-1.5738, 2.26088, 9.43196, 0.99907, -8.36844, -4.87623, 4.837, -5.00039, -3.69868, -1.6636, -2.84904, 2.35188, 4.54115, -0.45085, -5.47803, 0.71068, -7.77862, 1.4511, -1.80888, 2.15075, 1.6538, -0.9485]"
42,sub7,supMAE,3,sub7-a__0010__bow.npy,2,bow,2,0.9837128,1,"[-1.60653, 2.42854, 9.47005, 0.88282, -8.01236, -3.97719, 4.5621, -4.88371, -4.3901, -1.2568, -2.40546, 2.50111, 4.28645, -0.38133, -4.79092, 0.33638, -7.45214, 0.98816, -1.66854, 2.47551, 0.93188, -1.55488]"
42,sub7,supMAE,3,sub7-a__0012__crossarms.npy,5,crossarms,5,0.9999552,1,"[-4.65192, 10.20314, -2.79293, 2.68545, 0.15648, 22.58679, -0.8745, 12.47638, -3.38129, -1.55737, -13.32278, -0.98408, -1.97035, -4.7385, -5.32695, -2.46704, 2.51532, -1.92501, 5.46847, -1.0297, -3.60845, -2.52904]"
42,sub7,supMAE,3,sub7-a__0013__crossarms.npy,5,crossarms,5,0.9999541,1,"[-4.75663, 9.65696, -2.88621, 2.7698, 0.26493, 22.79831, -0.75665, 12.76596, -4.22927, -1.50401, -13.24214, -0.84013, -1.86786, -4.68394, -5.14134, -2.46309, 2.78193, -1.72761, 5.82279, -0.96756, -3.68126, -3.12866]"
42,sub7,supMAE,3,sub7-a__0014__crossarms.npy,5,crossarms,5,0.99996173,1,"[-4.94701, 9.63981, -2.7821, 1.96823, -0.07555, 22.88928, -0.71198, 12.67008, -4.10226, -1.18036, -12.40642, -0.22736, -1.58601, -4.92517, -4.58999, -2.66459, 2.95087, -1.99893, 5.70641, -0.77509, -3.61849, -3.35946]"
42,sub7,supMAE,3,sub7-a__0015__crossarms.npy,5,crossarms,5,0.9999449,1,"[-4.85986, 9.70314, -2.88488, 2.71986, 0.27134, 22.9067, -0.64782, 13.06789, -4.53294, -1.50025, -13.00408, -0.73973, -1.90403, -4.54699, -4.83077, -2.71722, 2.99671, -1.86377, 6.01624, -0.8495, -3.85531, -3.47991]"
42,sub7,supMAE,3,sub7-a__0016__airpunch.npy,1,airpunch,1,0.99702865,1,"[-3.25408, 13.76769, -5.66475, 4.25217, 2.23177, -4.36761, 3.05092, 2.22321, 2.76206, -1.36873, -16.05643, -8.14396, -1.79859, -0.74128, -11.60709, 1.53921, -3.30848, 2.58693, 7.88989, -3.12495, -1.92056, 3.25886]"
42,sub7,supMAE,3,sub7-a__0017__airpunch.npy,1,airpunch,1,0.99791974,1,"[-3.246, 15.23095, -5.9132, 2.68897, 3.54415, -3.66779, 3.40916, 2.49365, 1.45292, -0.52798, -15.35313, -8.32075, -2.53296, -0.61499, -11.44156, 2.07326, -2.97388, 1.52603, 9.0445, -1.71871, -3.08721, 1.26784]"
42,sub7,supMAE,3,sub7-a__0018__airpunch.npy,1,airpunch,1,0.99623704,1,"[-3.79718, 12.4314, -6.16251, 3.07576, 2.64667, -5.83507, 3.44872, 0.70831, 2.83609, -0.73821, -16.03382, -8.68034, -0.73664, -1.21783, -11.66203, 2.86378, -2.77566, 3.44686, 6.6285, -3.23928, -0.88168, 3.96965]"
42,sub7,supMAE,3,sub7-a__0019__airpunch.npy,1,airpunch,1,0.9981078,1,"[-3.85558, 13.30092, -6.01559, 4.23988, 2.60621, -4.42492, 3.68496, 2.41958, 3.04112, -1.94261, -16.93592, -8.26175, -1.1296, -1.38506, -11.31229, 1.6603, -2.50189, 2.80029, 6.7862, -3.61906, -1.89721, 4.24698]"
42,sub7,supMAE,3,sub7-a__0021__drink.npy,7,drink,7,0.8287311,1,"[-2.01166, 9.91401, -5.40001, 10.98942, 0.65241, -2.88872, 2.1489, 12.92535, 2.87053, -7.87319, -16.79746, -9.9004, -4.07778, 2.40204, -9.11772, -4.20322, 2.18003, 0.71952, 1.9317, -4.43642, -0.91266, 8.5832]"
42,sub7,supMAE,3,sub7-a__0022__drink.npy,7,drink,7,0.99213564,1,"[-2.70983, 10.47058, -5.65231, 9.86609, 0.77454, -0.40541, 3.36475, 15.75776, 1.46433, -8.37069, -17.74006, -8.42269, -3.8679, 0.9068, -8.50357, -4.33882, 2.99227, 0.09673, 3.69158, -3.75698, -2.16771, 6.48565]"
42,sub7,supMAE,3,sub7-a__0023__drink.npy,7,drink,7,0.99621296,1,"[-2.76276, 10.30283, -5.56437, 10.03133, 0.66176, 0.07355, 3.52884, 16.45156, 1.03912, -8.59779, -17.90414, -8.19154, -3.95675, 0.80465, -8.27218, -4.38218, 3.03966, 0.15032, 4.05149, -3.67153, -2.31662, 5.97743]"
42,sub7,supMAE,3,sub7-a__0025__drink.npy,7,drink,7,0.9973157,1,"[-2.51592, 9.77055, -6.20821, 10.35985, 1.1152, -0.53111, 3.77505, 16.72863, 0.88247, -8.86961, -18.23672, -8.15683, -4.01085, 0.89455, -8.08701, -4.36275, 3.20349, 0.32524, 5.06787, -3.97539, -2.64479, 5.51753]"
42,sub7,supMAE,3,sub7-a__0026__brushteeth.npy,3,brushteeth,3,0.9116877,1,"[-0.11556, 7.68583, -5.91258, 12.98391, 1.03156, -9.15717, 2.03101, 6.46944, 6.26107, -8.32798, -16.56244, -11.55826, -3.7435, 4.63528, -10.9623, -1.7857, -1.24542, 2.65015, 2.2742, -6.10167, -0.72205, 10.56323]"
42,sub7,supMAE,3,sub7-a__0027__brushteeth.npy,3,brushteeth,3,0.7371886,1,"[-0.21198, 7.47546, -6.06637, 12.17226, 0.81988, -10.17465, 2.33098, 5.72731, 7.04189, -8.23841, -16.60912, -11.17479, -3.09532, 4.10355, -11.03426, -1.27053, -1.3462, 2.96345, 2.08503, -6.43158, -0.11739, 11.09152]"
42,sub7,supMAE,3,sub7-a__0030__brushteeth.npy,3,brushteeth,3,0.63027465,1,"[-0.22099, 7.30068, -6.16491, 11.72516, 0.72019, -9.95756, 2.3104, 5.74983, 7.32267, -8.15632, -16.51519, -10.73111, -3.02395, 3.57828, -10.41046, -1.24015, -1.24464, 2.62545, 2.0187, -6.24949, 0.09158, 11.14402]"
42,sub7,supMAE,3,sub7-a__0032__highfive.npy,8,highfive,8,0.5962781,1,"[-0.30895, 6.0533, -6.80905, 2.73181, -0.16418, -12.07561, 3.66988, -0.44154, 8.99718, -3.12189, -12.80056, -5.61307, -1.17131, -3.03078, -7.63036, 1.70265, -4.04155, 1.91683, 3.8434, -4.04476, 1.75245, 8.50174]"
42,sub7,supMAE,3,sub7-a__0033__highfive.npy,8,highfive,8,0.97230273,1,"[0.33293, 5.08649, -6.05049, 0.24134, -1.29528, -10.02262, 2.30098, -3.49673, 11.19366, -0.54576, -8.39181, -2.41501, -2.11946, -5.51302, -2.4186, 1.59789, -5.22334, -0.58302, 2.5213, -2.13288, 1.0778, 7.53549]"
42,sub7,supMAE,3,sub7-a__0034__highfive.npy,8,highfive,8,0.9734982,1,"[-1.0732, 2.09913, -6.32143, -0.11194, -1.46108, -8.3743, 1.34667, -3.68636, 11.45897, -0.99901, -9.10684, -1.51655, 0.11929, -7.11342, -2.30175, 3.99587, -3.5145, 0.83903, 1.50569, -3.1276, 3.76474, 7.80775]"
42,sub7,supMAE,3,sub7-a__0035__highfive.npy,8,highfive,8,0.9979658,1,"[0.22332, 2.40058, -4.22219, 0.0736, -2.79906, -6.80494, -0.73342, -5.49189, 13.43497, 0.33689, -5.99519, -0.55807, -1.95734, -7.03464, 0.75141, 2.94992, -5.39587, -1.0286, -0.16867, -1.32576, 3.00476, 7.19621]"
42,sub7,supMAE,3,sub7-a__0036__wave.npy,21,wave,21,0.7300622,1,"[-0.73976, 6.15931, -6.93343, 8.38941, 0.7557, -7.64828, 1.65359, 4.86897, 8.01552, -6.51773, -15.84535, -8.02178, -2.53904, -0.72353, -7.76206, 0.15752, -0.89054, 1.48285, 2.78983, -5.02557, 0.69756, 9.99008]"
42,sub7,supMAE,3,sub7-a__0037__wave.npy,21,wave,21,0.6028504,1,"[-0.59188, 5.56787, -6.10749, 8.97905, 0.01955, -7.15038, 1.09583, 4.70384, 8.13428, -6.66198, -15.75155, -7.8675, -2.81495, -0.79275, -7.34281, 0.3979, -1.67277, 1.5216, 2.39828, -4.54784, 1.50708, 9.78842]"
42,sub7,supMAE,3,sub7-a__0038__wave.npy,21,wave,21,0.6053547,1,"[-0.6277, 5.84281, -6.03753, 8.95361, -0.30082, -6.97549, 1.18629, 4.99779, 8.47769, -6.70577, -15.34263, -7.51039, -2.82964, -0.75527, -6.63412, -0.07183, -1.56205, 1.02762, 2.36229, -4.58759, 1.21383, 9.90498]"
42,sub7,supMAE,3,sub7-a__0039__wave.npy,21,wave,3,0.43068618,0,"[-0.78774, 6.21743, -5.82506, 9.01293, -0.28027, -5.5787, 1.28501, 6.49164, 7.31998, -6.78561, -15.64689, -7.4247, -3.28705, -1.00722, -6.36618, -0.59384, -1.28324, 0.56647, 2.70413, -3.8448, 0.83965, 9.00631]"
42,sub7,supMAE,3,sub7-a__0040__wave.npy,21,wave,3,0.55611235,0,"[-0.5643, 5.93964, -5.83206, 9.90546, -0.06119, -6.16142, 0.84218, 5.97766, 7.39171, -6.86483, -15.48153, -8.1552, -3.4399, -0.11005, -6.7701, -0.52689, -1.27812, 0.96342, 2.32921, -4.27507, 1.02773, 9.51615]"
42,sub7,supMAE,3,sub7-a__0042__bow.npy,2,bow,2,0.9598249,1,"[-2.0568, 2.93494, 8.55993, 0.78131, -7.48249, -3.61964, 4.66664, -4.02381, -4.84122, -1.2561, -3.37261, 2.01863, 4.09823, -0.82075, -5.24668, 0.64409, -6.82038, 1.58139, -0.96938, 2.48936, 1.09698, -1.74467]"
42,sub7,supMAE,3,sub7-a__0043__bow.npy,2,bow,2,0.9671044,1,"[-1.93401, 2.73864, 8.51476, 0.89352, -7.36883, -3.58807, 4.33764, -4.17689, -4.6442, -1.05466, -3.46365, 1.65202, 3.75558, -0.95427, -5.36723, 0.88026, -6.99816, 1.83401, -0.97102, 2.60183, 1.26909, -1.70008]"
42,sub7,supMAE,3,sub7-a__0044__bow.npy,2,bow,2,0.9627316,1,"[-2.0446, 2.99236, 8.54557, 0.5249, -7.33441, -3.12632, 4.48495, -4.03955, -5.08776, -0.82833, -3.34387, 2.12869, 4.00642, -1.03851, -4.9834, 0.61667, -6.78749, 1.38918, -0.85652, 2.75593, 0.82983, -2.05174]"
42,sub7,supMAE,3,sub7-a__0045__bow.npy,2,bow,2,0.9420028,1,"[-2.20962, 2.88362, 8.44464, 0.24789, -7.46691, -3.3403, 4.97755, -3.95156, -4.88768, -1.19965, -3.72445, 2.48894, 4.45864, -1.42661, -4.99889, 0.74094, -6.79545, 1.43872, -0.78844, 2.61377, 0.82468, -1.87339]"
42,sub7,supMAE,3,sub7-a__0046__crossarms.npy,5,crossarms,5,0.99991953,1,"[-4.72332, 10.15777, -3.1442, 3.79211, 0.93778, 22.4397, -0.882, 12.95162, -4.50482, -1.81553, -14.2714, -1.64017, -2.47592, -4.46174, -5.21461, -2.51476, 2.80344, -1.59779, 6.24511, -0.83661, -3.90642, -3.07783]"
42,sub7,supMAE,3,sub7-a__0047__crossarms.npy,5,crossarms,5,0.99989176,1,"[-4.86473, 10.57732, -3.25165, 2.90459, 0.59951, 22.05277, -0.86428, 12.81954, -3.35455, -1.83796, -14.32532, -1.45542, -2.07303, -4.94095, -5.46182, -2.36784, 2.76425, -1.77671, 5.84175, -0.902, -3.45944, -2.38634]"
42,sub7,supMAE,3,sub7-a__0048__crossarms.npy,5,crossarms,5,0.99992883,1,"[-4.91637, 10.08914, -3.3147, 2.8825, 0.86544, 22.65402, -0.54947, 13.05128, -4.46892, -1.81289, -14.07266, -1.13784, -2.0103, -4.84699, -5.11614, -2.39891, 3.01892, -1.62481, 6.28636, -0.92556, -4.05456, -3.12503]"
42,sub7,supMAE,3,sub7-a__0051__airpunch.npy,1,airpunch,1,0.9865596,1,"[-2.83184, 11.89362, -6.26642, 3.16818, 3.81115, -6.63329, 3.33159, 0.69325, 2.25447, -0.3983, -15.90753, -9.17792, -1.95629, -1.0038, -13.05735, 3.07982, -3.35203, 3.78455, 7.49011, -2.69321, -1.26438, 3.31045]"
42,sub7,supMAE,3,sub7-a__0052__airpunch.npy,1,airpunch,1,0.9951396,1,"[-2.57172, 13.08501, -5.67021, 3.25269, 3.56606, -6.52332, 3.46592, 0.99752, 1.65803, -0.58513, -15.55524, -9.20101, -1.98705, -0.04239, -13.21837, 2.37235, -3.53442, 3.17155, 7.69502, -2.3577, -1.88054, 2.85407]"
42,sub7,supMAE,3,sub7-a__0053__airpunch.npy,1,airpunch,1,0.99816364,1,"[-2.35826, 12.91363, -5.85957, 4.11774, 3.43177, -6.15323, 2.96432, 1.76725, 2.43153, -0.78427, -15.56999, -9.28491, -2.69013, 0.35625, -11.61571, 0.44327, -2.79739, 2.24727, 6.30254, -2.59574, -1.69741, 4.06586]"
42,sub7,supMAE,3,sub7-a__0054__airpunch.npy,1,airpunch,1,0.9952638,1,"[-3.32693, 12.19789, -6.11922, 3.09389, 2.33728, -5.66292, 3.77186, 2.27717, 2.75311, -1.31377, -16.34375, -7.83483, -1.27307, -1.41539, -10.73446, 0.85399, -2.5358, 2.44936, 6.64708, -2.68022, -0.89014, 4.0404]"
42,sub7,supMAE,3,sub7-a__0056__drink.npy,7,drink,7,0.9998343,1,"[-2.09354, 9.10289, -4.98744, 11.37257, 1.72736, 4.43439, 3.7794, 20.21009, -3.82753, -8.56898, -17.0035, -6.8472, -5.46178, 1.9613, -7.11507, -5.65091, 3.46859, -0.57424, 8.04957, -2.31237, -5.22041, 0.06794]"
42,sub7,supMAE,3,sub7-a__0057__drink.npy,7,drink,7,0.99993193,1,"[-2.20944, 8.65026, -5.23954, 10.94178, 1.4166, 4.66562, 4.37923, 20.7304, -3.5986, -8.61901, -16.52761, -5.73647, -5.3979, 1.53619, -5.65965, -5.85371, 3.5279, -0.94563, 8.71814, -2.24449, -5.76254, -0.84978]"
42,sub7,supMAE,3,sub7-a__0058__drink.npy,7,drink,7,0.9999155,1,"[-2.00903, 8.2651, -5.29181, 11.11303, 1.35423, 4.2948, 4.44133, 20.64616, -3.21761, -8.84414, -16.47789, -5.45805, -5.44142, 1.47075, -5.38803, -5.70312, 3.33142, -0.92887, 8.87942, -2.36469, -5.80413, -0.86085]"
42,sub7,supMAE,3,sub7-a__0059__drink.npy,7,drink,7,0.9999064,1,"[-2.04762, 8.4322, -5.20083, 11.16722, 1.242, 4.21908, 4.48133, 20.60078, -3.39584, -8.76651, -16.45501, -5.63267, -5.40127, 1.68505, -5.47853, -5.84302, 3.26737, -0.923, 8.88878, -2.31232, -5.7741, -0.89919]"
42,sub7,supMAE,3,sub7-a__0060__drink.npy,7,drink,7,0.9955474,1,"[-1.0192, 7.51749, -5.59813, 13.36797, 1.93531, 2.06856, 3.4554, 18.78756, -2.57328, -9.00169, -16.87377, -7.49747, -5.99717, 3.15069, -6.95051, -5.38647, 2.52155, 0.08305, 8.38039, -3.20673, -5.24613, 0.64431]"
42,sub7,supMAE,3,sub7-a__0061__drink.npy,7,drink,7,0.99986684,1,"[-1.86527, 8.33014, -5.52306, 11.0126, 1.44849, 3.17126, 4.57355, 20.14278, -3.30884, -8.77508, -16.96807, -5.98738, -5.19477, 1.63033, -6.13666, -5.50872, 3.05994, -0.53647, 9.16645, -2.48163, -5.3806, -0.58503]"
42,sub7,supMAE,3,sub7-a__0062__brushteeth.npy,3,brushteeth,3,0.77995443,1,"[0.84604, 7.71976, -5.87556, 12.36458, 1.42666, -10.67811, 1.72885, 4.9331, 6.84227, -7.53488, -15.87136, -12.10712, -3.92867, 5.51806, -12.23489, -1.68316, -2.13775, 2.61011, 1.94973, -6.11368, -0.34271, 11.04302]"
42,sub7,supMAE,3,sub7-a__0063__brushteeth.npy,3,brushteeth,3,0.82763404,1,"[0.93545, 7.59971, -5.80793, 12.56287, 1.37792, -10.2304, 1.59431, 5.39908, 6.6804, -7.62609, -15.78009, -11.96789, -4.23796, 5.44788, -11.60352, -1.98037, -2.01348, 2.2834, 1.89695, -5.8217, -0.27029, 10.93729]"
42,sub7,supMAE,3,sub7-a__0064__brushteeth.npy,3,brushteeth,3,0.84548134,1,"[0.9254, 7.46045, -5.81823, 12.5958, 1.40094, -10.28619, 1.65345, 5.32794, 6.62237, -7.6504, -15.91156, -11.88169, -4.07299, 5.36311, -11.91381, -1.77814, -2.12362, 2.43884, 2.0707, -5.92557, -0.36273, 10.84017]"
42,sub7,supMAE,3,sub7-a__0065__brushteeth.npy,3,brushteeth,3,0.6603034,1,"[0.89105, 7.53713, -5.93473, 11.98759, 1.38848, -10.69084, 1.55264, 4.72662, 7.12256, -7.31444, -15.60523, -11.85639, -3.9, 5.16588, -11.8111, -1.70697, -2.03518, 2.40675, 1.63878, -5.9822, -0.0133, 11.28054]"
42,sub7,supMAE,3,sub7-a__0066__brushteeth.npy,3,brushteeth,3,0.49180278,1,"[0.84689, 7.57265, -5.95659, 11.39898, 1.28275, -11.10243, 1.673, 4.29476, 7.31939, -7.06365, -15.52801, -11.63, -3.62027, 4.83299, -11.76806, -1.49949, -2.10405, 2.38115, 1.58061, -5.92863, 0.21108, 11.39103]"
42,sub7,supMAE,3,sub7-a__0067__highfive.npy,8,highfive,8,0.8226158,1,"[1.46742, 5.78316, -7.14649, 2.02692, 0.92009, -11.29745, 1.64376, -2.68134, 10.55494, -1.04489, -10.01541, -5.64093, -2.8026, -2.52025, -6.8346, 1.19368, -4.2543, 0.23115, 2.44368, -3.56555, 0.9001, 8.97583]"
42,sub7,supMAE,3,sub7-a__0068__highfive.npy,8,highfive,8,0.92349,1,"[2.22116, 6.05786, -5.37892, 2.97235, -0.74046, -10.52206, 0.59748, -3.34208, 11.88578, -1.05372, -8.84541, -5.56383, -4.05719, -2.04735, -5.32634, 0.42178, -5.93503, -0.80481, 0.98703, -2.26233, 1.09345, 9.35546]"
42,sub7,supMAE,3,sub7-a__0069__highfive.npy,8,highfive,8,0.99244314,1,"[1.92362, 3.78543, -5.19703, 0.73176, -1.1119, -9.252, -1.03518, -6.34649, 13.66431, 0.71426, -6.57832, -3.9008, -3.20334, -4.15398, -3.61879, 2.71427, -5.93881, -0.5517, -0.36966, -1.9308, 2.90218, 8.77266]"
42,sub7,supMAE,3,sub7-a__0071__highfive.npy,8,highfive,8,0.9773193,1,"[2.0326, 3.64862, -4.41368, 1.93239, -1.69165, -10.50394, -1.46112, -6.50773, 13.4585, 0.24194, -6.73922, -4.79152, -3.10206, -2.90927, -4.58281, 2.1615, -6.27824, 0.14259, -1.17526, -2.16319, 3.91913, 9.68806]"
42,sub7,supMAE,3,sub7-a__0072__wave.npy,21,wave,21,0.83757275,1,"[0.61885, 6.06146, -6.73384, 7.85596, 1.14454, -10.89802, 1.38085, 1.3929, 9.09481, -5.25127, -14.42365, -9.16008, -2.58637, 0.95399, -10.10797, 0.68069, -2.64356, 2.02167, 2.00867, -5.33655, 1.14892, 11.02918]"
42,sub7,supMAE,3,sub7-a__0074__wave.npy,21,wave,21,0.7934416,1,"[0.93707, 5.74837, -6.21507, 8.30432, 0.62655, -11.2853, 1.24159, 0.9687, 9.13968, -5.31961, -14.31021, -9.26484, -2.8076, 1.29671, -10.21156, 0.8298, -3.48957, 2.2182, 2.01513, -5.11902, 1.64926, 10.87177]"
42,sub7,supMAE,3,sub7-a__0075__wave.npy,21,wave,21,0.7659483,1,"[0.76138, 5.75507, -6.39423, 7.33918, 0.42228, -11.80198, 1.67023, 0.24481, 9.88649, -5.13713, -14.03096, -8.62344, -2.09799, 0.73087, -10.04759, 1.19524, -3.59566, 2.19813, 1.98063, -5.4136, 1.7756, 11.16399]"
42,sub7,supMAE,3,sub7-a__0076__wave.npy,21,wave,21,0.7731415,1,"[0.95545, 5.66944, -5.95591, 8.2769, 0.27039, -11.41863, 1.33011, 0.71585, 9.3821, -5.37006, -14.21635, -8.97195, -2.60898, 1.17792, -10.18245, 0.9736, -3.87698, 2.20796, 2.00073, -5.13697, 1.72254, 10.91479]"
42,sub7,supMAE,3,sub7-a__0078__bow.npy,2,bow,2,0.9716833,1,"[-1.98464, 2.66261, 9.03739, 0.81165, -7.82156, -3.57476, 4.7927, -4.28904, -5.11029, -1.17189, -2.90853, 2.46338, 4.28886, -0.69166, -4.62612, 0.37854, -7.04275, 1.17979, -1.12897, 2.66891, 0.96901, -1.97562]"
42,sub7,supMAE,3,sub7-a__0079__bow.npy,2,bow,2,0.9526207,1,"[-2.11058, 3.01127, 8.73225, 0.47397, -7.46932, -3.17139, 5.12113, -4.03408, -5.34811, -1.1885, -3.34089, 2.76419, 4.39132, -1.02185, -4.43493, 0.30091, -6.87047, 0.91731, -0.82278, 2.74124, 0.39183, -2.21024]"
42,sub7,supMAE,3,sub7-a__0080__bow.npy,2,bow,2,0.9530088,1,"[-2.10704, 2.9583, 8.55256, 0.6251, -7.28795, -3.26838, 4.92977, -4.03046, -5.04978, -1.24967, -3.73196, 2.2402, 4.13426, -1.13594, -5.01869, 0.79619, -6.94468, 1.40566, -0.82108, 2.67369, 0.64439, -1.9707]"
42,sub7,supMAE,3,sub7-a__0081__bow.npy,2,bow,2,0.9278016,1,"[-2.32558, 3.22759, 8.30125, 0.55062, -7.24737, -3.2519, 5.22791, -3.76446, -5.17783, -1.34161, -3.8628, 2.17963, 4.22874, -1.0036, -4.88403, 0.8056, -6.64895, 1.33584, -0.77062, 2.6161, 0.43308, -1.99076]"
42,sub7,supMAE,3,sub7-a__0082__crossarms.npy,5,crossarms,5,0.9999863,1,"[-4.88869, 10.37495, -2.8581, 2.00212, 0.45662, 23.64285, -1.05764, 12.30318, -4.10227, -0.77745, -12.36702, -0.28824, -2.37029, -5.0683, -3.39424, -2.7564, 2.88543, -2.60239, 5.87567, -0.14636, -4.42719, -3.71558]"
42,sub7,supMAE,3,sub7-a__0083__crossarms.npy,5,crossarms,5,0.9999598,1,"[-5.15314, 9.95498, -3.22084, 2.48311, 0.55221, 23.5299, -0.53723, 13.37298, -4.40325, -1.96795, -13.77557, -0.53556, -1.82013, -5.17583, -4.5685, -2.0589, 3.2041, -1.70942, 6.45559, -0.81774, -4.17763, -3.55996]"
42,sub7,supMAE,3,sub7-a__0084__crossarms.npy,5,crossarms,5,0.99996495,1,"[-5.00151, 10.27587, -3.18478, 2.96159, 0.86144, 23.37984, -0.93208, 13.06, -3.91963, -1.9234, -14.04752, -1.05687, -2.15183, -5.01873, -5.18752, -2.11052, 3.07083, -1.72651, 5.94465, -0.94566, -4.1456, -2.90598]"
42,sub7,supMAE,3,sub7-a__0085__crossarms.npy,5,crossarms,5,0.9999583,1,"[-4.91764, 10.58335, -3.05887, 3.1439, 0.86242, 22.97702, -1.18446, 12.78598, -3.62295, -1.76152, -13.99521, -1.41365, -2.28097, -4.78069, -5.48887, -2.28789, 2.97931, -1.7549, 5.59149, -0.97116, -3.90829, -2.51361]"
42,sub7,supMAE,3,sub7-a__0086__crossarms.npy,5,crossarms,5,0.9999466,1,"[-5.01032, 10.19781, -3.02727, 2.84739, 0.50231, 22.76122, -0.79581, 12.85604, -3.87907, -1.82872, -13.82522, -0.93809, -1.95725, -5.02717, -5.20376, -2.33037, 2.88538, -1.69111, 5.84343, -0.95832, -3.66978, -2.81623]"
42,sub7,supMAE,3,sub7-a__0087__crossarms.npy,5,crossarms,5,0.9999101,1,"[-4.88903, 10.59445, -3.17674, 3.49487, 0.93065, 22.48717, -0.96382, 13.09175, -3.91626, -1.92514, -14.34145, -1.75912, -2.31476, -4.48055, -5.67855, -2.51251, 3.02815, -1.66114, 5.76512, -1.0534, -3.85868, -2.46693]"
42,sub7,supMAE,3,sub7-a__0088__airpunch.npy,1,airpunch,1,0.99830735,1,"[-3.30386, 13.11735, -6.39166, 4.07491, 3.1168, -5.40864, 3.16349, 1.03922, 3.79131, -1.17112, -16.56974, -9.20058, -1.96751, -0.77016, -11.09315, 2.1781, -3.0744, 2.57806, 6.36684, -3.02076, -1.64138, 4.45225]"
42,sub7,supMAE,3,sub7-a__0089__airpunch.npy,1,airpunch,1,0.99535,1,"[-3.10572, 12.14532, -6.18188, 4.45995, 3.27821, -6.55772, 2.92046, 0.94385, 3.07746, -1.85482, -16.94612, -9.72768, -1.1068, -0.26429, -13.39024, 2.86025, -2.76219, 3.8215, 6.2818, -3.76502, -0.52021, 4.81668]"
42,sub7,supMAE,3,sub7-a__0090__airpunch.npy,1,airpunch,1,0.9943803,1,"[-3.01889, 12.34175, -6.18311, 3.6719, 3.10152, -6.02893, 3.76344, 1.55246, 1.79157, -0.82881, -15.67889, -8.63937, -1.37812, -0.27376, -11.63629, 1.10992, -2.58438, 2.71562, 7.02283, -3.11616, -1.47796, 3.61669]"
42,sub7,supMAE,3,sub7-a__0091__airpunch.npy,1,airpunch,1,0.9938431,1,"[-2.81238, 12.85382, -6.60851, 2.82006, 4.10419, -6.12569, 4.17919, 1.53976, 1.27388, -0.12193, -14.76389, -8.588, -2.09261, -0.12454, -10.74505, 1.09152, -2.3819, 2.11219, 7.6903, -2.52698, -2.88821, 2.81226]"
42,sub7,supMAE,3,sub7-a__0092__airpunch.npy,1,airpunch,1,0.99732757,1,"[-3.21744, 13.1848, -6.67742, 3.6175, 3.8003, -5.62699, 3.88379, 2.29811, 2.22039, -1.35047, -16.3517, -8.80225, -1.66515, -0.40479, -11.21827, 1.16623, -1.98895, 2.25506, 7.10447, -3.07366, -2.14805, 3.8029]"
42,sub7,supMAE,3,sub7-a__0093__drink.npy,7,drink,7,0.9996252,1,"[-1.86382, 8.80565, -5.43617, 11.76279, 1.77123, 2.47224, 3.91506, 19.72205, -3.35262, -8.53901, -16.48641, -7.18286, -5.55446, 2.69796, -6.39093, -6.04396, 3.67617, -0.53711, 7.86012, -2.7799, -5.08762, 0.57267]"
42,sub7,supMAE,3,sub7-a__0094__drink.npy,7,drink,7,0.9975992,1,"[-1.30202, 8.5107, -5.84954, 12.43129, 1.98604, 0.80121, 3.47237, 18.48595, -1.77607, -8.64964, -16.6647, -7.93675, -5.77303, 3.00633, -7.03848, -5.72343, 3.13469, -0.26821, 7.17405, -3.33655, -4.71961, 2.17396]"
42,sub7,supMAE,3,sub7-a__0095__drink.npy,7,drink,7,0.9883909,1,"[-0.8621, 7.99021, -6.06381, 13.10628, 1.93632, -0.39776, 3.58851, 17.56088, -1.22106, -8.96827, -16.79248, -8.20547, -5.7439, 3.51045, -7.26203, -5.37632, 2.40085, 0.14909, 7.62533, -3.75742, -4.6261, 2.36986]"
42,sub7,supMAE,3,sub7-a__0096__drink.npy,7,drink,7,0.9976413,1,"[-1.18119, 8.11124, -6.02165, 12.42949, 1.87279, 0.6946, 3.96081, 18.50444, -1.76321, -8.94519, -16.94368, -7.46227, -5.598, 2.85047, -6.8371, -5.39173, 2.71656, -0.10539, 8.1819, -3.44636, -5.02045, 1.44732]"
42,sub7,supMAE,3,sub7-a__0098__brushteeth.npy,3,brushteeth,3,0.5241597,1,"[0.67927, 7.58348, -5.9217, 11.615, 1.25714, -11.52639, 1.6776, 3.73744, 7.55951, -7.21478, -15.37039, -11.90769, -3.42422, 5.24329, -12.26944, -1.05219, -2.19126, 2.8914, 1.52673, -6.33477, 0.01109, 11.47612]"
42,sub7,supMAE,3,sub7-a__0099__brushteeth.npy,3,brushteeth,3,0.87998074,1,"[0.74727, 7.45777, -5.84795, 12.85689, 1.1952, -10.40137, 1.65186, 5.41088, 6.68526, -7.81151, -15.72423, -11.91853, -3.97637, 5.70461, -11.6167, -1.71852, -1.90178, 2.49693, 2.11929, -6.13109, -0.45301, 10.80373]"
42,sub7,supMAE,3,sub7-a__0100__brushteeth.npy,3,brushteeth,3,0.5666547,1,"[0.5349, 7.71195, -6.35026, 11.47029, 1.23815, -11.08387, 2.32062, 4.97124, 7.44623, -7.55344, -15.73213, -11.29951, -3.29717, 4.79677, -11.48224, -1.47785, -1.72433, 2.40012, 2.19848, -6.4092, -0.40354, 11.14233]"
42,sub7,supMAE,3,sub7-a__0101__brushteeth.npy,3,brushteeth,3,0.7949126,1,"[0.59028, 7.65708, -6.11571, 12.23674, 1.29226, -10.27562, 1.93476, 5.67826, 6.72802, -7.70491, -15.81772, -11.60992, -3.83198, 5.1365, -11.3961, -1.81215, -1.59803, 2.25254, 2.14156, -6.0647, -0.54541, 10.81501]"
42,sub7,supMAE,3,sub7-a__0103__highfive.npy,8,highfive,8,0.9583121,1,"[1.01571, 2.3505, -7.45668, -1.99818, 0.17677, -9.8021, 3.20061, -4.66322, 8.96245, 1.18228, -7.0574, -1.25674, -1.74925, -6.63367, -3.15355, 4.12709, -5.53181, 0.19304, 4.99679, -1.89152, 1.1459, 4.40859]"
42,sub7,supMAE,3,sub7-a__0104__highfive.npy,8,highfive,8,0.8756863,1,"[1.10114, 5.6161, -7.55738, 1.38106, 1.24283, -10.19076, 2.49829, -1.94995, 9.42547, -0.97134, -10.51912, -4.65282, -2.79968, -3.81241, -6.36008, 2.01723, -4.39963, 0.19237, 4.12531, -3.02263, 0.09936, 7.23743]"
42,sub7,supMAE,3,sub7-a__0105__highfive.npy,8,highfive,8,0.9803529,1,"[0.98208, 3.59179, -6.60778, -0.25386, -0.425, -9.63401, 2.49712, -4.11262, 10.28495, -0.10522, -8.34464, -1.91768, -1.99215, -5.96803, -3.87641, 3.52069, -5.86712, 0.07444, 4.02015, -2.34803, 1.02263, 6.08613]"
42,sub7,supMAE,3,sub7-a__0106__highfive.npy,8,highfive,8,0.89565426,1,"[1.19526, 5.48239, -6.64585, 2.16709, 0.39617, -10.5496, 2.11709, -2.21303, 10.09948, -1.60934, -10.72046, -4.50482, -2.55923, -3.54311, -6.69309, 2.28169, -5.11882, 0.42655, 3.64543, -3.2026, 0.51063, 7.83222]"
42,sub7,supMAE,3,sub7-a__0107__highfive.npy,8,highfive,8,0.98468995,1,"[1.19001, 3.88341, -6.60017, 0.22254, -0.18686, -9.33825, 1.22604, -4.10883, 11.29691, 0.05611, -8.16271, -2.59069, -2.40066, -5.33293, -3.97779, 3.1143, -5.25133, -0.16699, 2.89829, -2.56445, 1.21074, 7.04679]"
42,sub7,supMAE,3,sub7-a__0108__highfive.npy,8,highfive,8,0.93280655,1,"[0.55961, 4.44157, -7.1364, 0.4514, 0.20119, -10.83624, 2.51689, -3.10473, 10.02515, -0.71556, -9.84279, -3.68954, -1.71417, -4.76058, -5.89898, 3.09546, -4.7685, 0.88982, 3.78225, -3.1663, 1.289, 7.28093]"
42,sub7,supMAE,3,sub7-a__0109__wave.npy,21,wave,21,0.78652596,1,"[0.27742, 6.21252, -7.101, 7.15287, 0.97816, -10.97919, 1.93677, 1.26409, 9.61666, -5.33523, -14.21419, -8.57131, -2.08451, 0.48829, -9.34481, 0.96065, -2.32973, 1.7788, 2.21178, -5.58219, 0.99032, 11.0348]"
42,sub7,supMAE,3,sub7-a__0110__wave.npy,21,wave,21,0.7176662,1,"[0.50535, 5.98945, -6.50031, 7.60216, 0.28035, -10.60581, 1.67094, 1.52942, 9.73937, -5.52506, -14.1199, -8.19216, -2.35119, 0.47134, -8.86539, 0.79258, -2.94239, 1.44365, 2.22193, -5.17182, 1.24473, 10.80637]"
42,sub7,supMAE,3,sub7-a__0113__wave.npy,21,wave,21,0.745922,1,"[0.53622, 5.95279, -6.55585, 8.07868, 0.48767, -10.44125, 1.52155, 1.88507, 9.2944, -5.59349, -14.20707, -8.52309, -2.61688, 0.80552, -8.94329, 0.63265, -2.75448, 1.52425, 2.39603, -5.18773, 1.03685, 10.66053]"
42,sub7,supMAE,3,sub7-a__0114__bow.npy,2,bow,2,0.9584934,1,"[-2.20774, 3.35142, 9.03229, 1.02392, -8.05001, -4.53456, 5.33573, -4.21812, -4.58911, -1.54478, -3.01657, 2.59049, 4.53774, -0.45209, -4.59445, 0.35687, -7.04621, 0.99404, -1.31626, 2.17438, 0.76066, -1.37301]"
42,sub7,supMAE,3,sub7-a__0116__bow.npy,2,bow,2,0.95378286,1,"[-2.0853, 2.74783, 8.80624, 1.26099, -7.84354, -4.1555, 5.28424, -4.06514, -4.93595, -1.54354, -3.51888, 2.39232, 4.33673, -0.85303, -4.84573, 0.84534, -7.14332, 1.48202, -1.01058, 2.20336, 0.93896, -1.62029]"
42,sub7,supMAE,3,sub7-a__0117__bow.npy,2,bow,2,0.9210079,1,"[-2.42629, 2.90387, 8.39471, 0.56541, -7.66232, -3.64662, 5.42064, -3.73718, -5.02149, -1.52286, -3.6974, 2.52259, 4.60794, -1.17683, -4.82011, 0.92358, -6.57758, 1.45573, -0.93388, 2.34724, 0.74086, -1.74081]"
42,sub7,supMAE,3,sub7-a__0118__bow.npy,2,bow,2,0.92818105,1,"[-2.42612, 2.46877, 8.70328, 0.30101, -7.94258, -3.85942, 5.53998, -4.10552, -4.80819, -1.58694, -3.43245, 3.19838, 5.03796, -1.57495, -4.48179, 0.85427, -6.8137, 1.26813, -1.04422, 2.31961, 0.84077, -1.66873]"
42,sub7,supMAE,3,sub7-a__0119__crossarms.npy,5,crossarms,5,0.9999528,1,"[-4.86374, 11.10095, -3.57648, 3.0902, 1.14333, 23.30393, -1.2418, 13.23058, -3.22455, -1.32983, -13.43319, -1.31939, -2.9674, -4.65037, -3.92349, -3.14917, 3.55461, -2.75056, 5.52415, -0.87111, -4.731, -2.49418]"
42,sub7,supMAE,3,sub7-a__0120__crossarms.npy,5,crossarms,5,0.99989295,1,"[-4.8267, 10.86742, -3.55858, 3.95509, 1.14763, 22.54035, -1.18021, 13.3151, -3.36419, -2.10486, -14.74888, -2.13797, -2.5311, -4.2826, -5.5521, -2.50454, 3.31692, -1.84118, 5.64707, -1.41532, -4.02954, -1.98017]"
42,sub7,supMAE,3,sub7-a__0121__crossarms.npy,5,crossarms,5,0.99984455,1,"[-4.68613, 10.72677, -3.6021, 4.59881, 1.29997, 22.1603, -1.16932, 13.31782, -3.35519, -2.4094, -15.32547, -2.55867, -2.63142, -4.10493, -6.17104, -2.39609, 3.10395, -1.52888, 5.68544, -1.60339, -3.95608, -1.71139]"
42,sub7,supMAE,3,sub7-a__0122__crossarms.npy,5,crossarms,5,0.999683,1,"[-4.79212, 10.88519, -3.59565, 4.32522, 1.13264, 21.58015, -0.93057, 13.44942, -3.17474, -2.55269, -15.40858, -2.45631, -2.43769, -4.20423, -6.19638, -2.4521, 3.13656, -1.55877, 5.78553, -1.62654, -3.68827, -1.61934]"
42,sub7,supMAE,3,sub7-a__0123__crossarms.npy,5,crossarms,5,0.9998288,1,"[-4.71449, 10.78505, -3.44856, 4.59114, 1.31535, 22.01398, -1.22685, 13.25985, -3.62409, -2.13482, -15.09229, -2.55397, -2.67222, -4.07027, -6.10681, -2.64125, 3.14551, -1.65072, 5.51246, -1.48204, -3.95159, -1.75008]"
42,sub7,supMAE,3,sub7-a__0124__airpunch.npy,1,airpunch,1,0.99602675,1,"[-3.1816, 12.31862, -6.60705, 2.01769, 3.56727, -6.63283, 3.16938, -0.3708, 2.11178, 1.36232, -13.08819, -8.53638, -1.52854, -0.08344, -10.16154, 2.06541, -2.19028, 2.28892, 6.65083, -2.61638, -1.87534, 3.02405]"
42,sub7,supMAE,3,sub7-a__0125__airpunch.npy,1,airpunch,1,0.99815375,1,"[-3.03405, 13.1886, -6.58139, 2.8099, 3.62289, -6.29123, 3.49731, 1.06283, 1.99154, 0.41049, -13.87071, -8.69319, -1.7699, 0.55461, -10.33438, 0.76994, -1.84225, 1.64355, 6.7458, -2.78648, -2.56639, 3.37661]"
42,sub7,supMAE,3,sub7-a__0126__airpunch.npy,1,airpunch,1,0.99808276,1,"[-3.12243, 13.05862, -6.04918, 2.70421, 3.24008, -5.60588, 3.30376, 0.7324, 1.873, 0.56604, -13.87223, -8.17028, -1.73934, 0.07315, -10.07479, 0.83372, -2.3208, 1.71145, 6.67679, -2.49821, -2.26515, 2.99279]"
42,sub7,supMAE,3,sub7-a__0127__airpunch.npy,1,airpunch,1,0.9990528,1,"[-3.0826, 13.01675, -5.53953, 3.01065, 2.88288, -6.79755, 3.2211, 1.03986, 1.72302, 0.04614, -13.53012, -8.47677, -1.26045, 0.97064, -10.64261, 0.21328, -1.74927, 1.86056, 5.69588, -2.77014, -1.76457, 3.80898]"
42,sub7,supMAE,3,sub7-a__0128__airpunch.npy,1,airpunch,1,0.9949698,1,"[-3.17941, 12.4782, -6.14599, 1.349, 3.018, -6.25082, 3.93214, 0.09493, 1.37541, 1.47802, -12.90615, -7.80731, -1.58659, -0.25798, -9.23171, 1.16081, -2.72503, 1.50658, 7.11187, -1.61567, -1.96178, 1.94763]"
42,sub7,supMAE,3,sub7-a__0130__drink.npy,7,drink,7,0.9998826,1,"[-2.32189, 8.70887, -5.65877, 11.22, 1.60468, 3.46256, 4.20827, 20.40466, -3.40391, -8.50385, -16.32307, -6.11872, -5.44371, 1.77175, -5.16561, -6.18496, 4.12471, -0.68246, 8.43084, -2.73485, -5.49786, -0.16288]"
42,sub7,supMAE,3,sub7-a__0131__drink.npy,7,drink,7,0.9998393,1,"[-2.11737, 8.55964, -5.98364, 10.95621, 1.72257, 2.49015, 4.26391, 19.85254, -2.85153, -8.5744, -16.82521, -6.28018, -5.2005, 1.6165, -5.77819, -5.7552, 3.81388, -0.44687, 8.43837, -2.88714, -4.94602, 0.38218]"
42,sub7,supMAE,3,sub7-a__0132__drink.npy,7,drink,7,0.9998405,1,"[-2.07722, 8.70944, -6.10259, 10.55744, 1.61571, 1.86155, 4.58841, 19.56654, -2.53311, -8.57641, -16.86588, -6.15315, -5.00971, 1.45429, -5.70245, -5.74954, 3.63097, -0.55502, 8.60863, -2.88553, -4.89754, 0.51685]"
42,sub7,supMAE,3,sub7-a__0133__drink.npy,7,drink,7,0.9999471,1,"[-2.53836, 9.26402, -6.18558, 9.55076, 1.50257, 2.56636, 4.80208, 20.13238, -2.31611, -8.46549, -16.96325, -5.68228, -4.6983, 0.62746, -5.49448, -5.63449, 4.07158, -0.88901, 8.41881, -2.71857, -4.97029, 0.5916]"
42,sub7,supMAE,3,sub7-a__0135__drink.npy,7,drink,7,0.9986985,1,"[-1.47085, 8.0799, -6.36681, 11.60953, 1.74442, 0.15201, 4.36003, 18.32475, -1.526, -9.00855, -17.41721, -7.00665, -4.95964, 2.12986, -6.80928, -5.15081, 2.83659, 0.16737, 8.4971, -3.56495, -4.49917, 1.57072]"
42,sub7,supMAE,3,sub7-a__0136__brushteeth.npy,3,brushteeth,21,0.5954399,0,"[0.51618, 7.66482, -6.38969, 10.91914, 1.4134, -11.31681, 1.96909, 3.64786, 7.94908, -7.02228, -15.28116, -11.22794, -3.25948, 4.41027, -11.3089, -1.12848, -2.00864, 2.42229, 1.95379, -6.25799, -0.12755, 11.39428]"
42,sub7,supMAE,3,sub7-a__0137__brushteeth.npy,3,brushteeth,21,0.6903058,0,"[0.3826, 7.39001, -6.46387, 10.31475, 1.12686, -11.41602, 2.30938, 3.95307, 7.89861, -7.05227, -15.70547, -10.61612, -2.83362, 3.59386, -11.01461, -0.91978, -1.92878, 2.45082, 2.17528, -6.13433, 0.36809, 11.25354]"
42,sub7,supMAE,3,sub7-a__0138__brushteeth.npy,3,brushteeth,21,0.70151347,0,"[0.42538, 7.45301, -6.38675, 10.44283, 1.16519, -11.24917, 1.89691, 3.70279, 7.88315, -6.86573, -15.40092, -10.91352, -3.01956, 3.83517, -10.95229, -1.01468, -1.85754, 2.30682, 1.75843, -5.98936, 0.56254, 11.42047]"
42,sub7,supMAE,3,sub7-a__0139__brushteeth.npy,3,brushteeth,21,0.65831125,0,"[0.48915, 7.28706, -6.53015, 10.52819, 1.27676, -11.26504, 1.91711, 3.64166, 7.94012, -6.89269, -15.25832, -10.92229, -3.06168, 3.87659, -11.04382, -0.92045, -1.90824, 2.42147, 1.99026, -6.11802, 0.29459, 11.29503]"
42,sub7,supMAE,3,sub7-a__0140__brushteeth.npy,3,brushteeth,21,0.64612156,0,"[0.45407, 7.38233, -6.26112, 10.50159, 1.07566, -11.24019, 2.02539, 4.01824, 7.63849, -7.03405, -15.40672, -10.81405, -2.95731, 3.9766, -10.98307, -1.15422, -1.85877, 2.2817, 1.9342, -5.9134, 0.45896, 11.20358]"
42,sub7,supMAE,3,sub7-a__0141__highfive.npy,8,highfive,8,0.94267887,1,"[1.02983, 4.3781, -6.96535, 0.26694, 0.47313, -10.27446, 2.96304, -3.46051, 9.18607, -0.41073, -9.43324, -2.90741, -2.52381, -5.38318, -4.82683, 3.02494, -5.85083, 0.47303, 4.90279, -2.20388, 0.46978, 5.79701]"
42,sub7,supMAE,3,sub7-a__0142__highfive.npy,8,highfive,8,0.8956692,1,"[1.42875, 6.00012, -6.71762, 1.96038, 0.36752, -10.16854, 2.57137, -1.68549, 9.4748, -1.34248, -10.21878, -3.99602, -3.20945, -3.7406, -5.32712, 1.02, -5.29611, -0.38306, 4.40736, -2.4713, -0.08133, 6.90888]"
42,sub7,supMAE,3,sub7-a__0143__highfive.npy,8,highfive,8,0.9760075,1,"[1.23673, 4.90328, -6.39711, 0.22893, -0.46576, -10.258, 1.96791, -4.17679, 11.15413, -0.27625, -8.45786, -3.12458, -2.47995, -4.9416, -3.86589, 2.16959, -5.69195, -0.3155, 2.8817, -2.27385, 1.33547, 7.33806]"
42,sub7,supMAE,3,sub7-a__0144__highfive.npy,8,highfive,8,0.9928768,1,"[1.39347, 4.16406, -5.95566, -0.82413, -0.91818, -9.2631, 1.61801, -4.94428, 11.16061, 0.73277, -6.93648, -1.65062, -2.8383, -6.04766, -2.05645, 2.39392, -6.30736, -0.87187, 3.15819, -1.2846, 1.1296, 5.9646]"
42,sub7,supMAE,3,sub7-a__0145__highfive.npy,8,highfive,8,0.9370981,1,"[1.11116, 5.59972, -6.8708, 1.03604, 0.37851, -9.96319, 2.19342, -2.55107, 10.24097, -0.88387, -9.88637, -3.91259, -2.9514, -4.53334, -4.87822, 1.62787, -4.94904, -0.18759, 3.48037, -2.42749, 0.50452, 7.3486]"
42,sub7,supMAE,3,sub7-b1__0001__walk.npy,20,walk,20,0.9480119,1,"[4.86145, -2.8312, 2.15549, 1.90035, -4.8729, -6.81854, -2.84265, -7.76637, 0.67723, 4.62416, 0.164, -1.50491, -2.77278, -0.84862, -4.80579, 1.92912, -11.36273, 3.30313, 2.55147, 2.5014, 8.63883, -2.19622]"
42,sub7,supMAE,3,sub7-b1__0002__turnaround.npy,19,turnaround,18,0.48464954,0,"[-0.63739, -1.69396, -3.02848, -3.20001, -3.93467, -0.08435, 1.29404, -4.46432, -0.23396, 2.95599, -0.32568, 1.05228, -2.54197, -5.07481, 3.18894, 8.75599, -9.19437, -1.7308, 9.00022, 7.69857, 2.39931, -7.77365]"
42,sub7,supMAE,3,sub7-b1__0003__walk.npy,20,walk,20,0.6281462,1,"[1.21046, -3.90901, -5.8403, -0.14755, -0.6742, -7.79471, 2.3277, -5.04199, 2.62454, -0.22114, -8.62813, -2.32553, 0.96913, -3.83492, -5.02522, 6.81491, -8.37902, 3.98172, 6.35597, -1.20069, 7.88576, -0.44167]"
42,sub7,supMAE,3,sub7-b1__0004__turnaround.npy,19,turnaround,19,0.93202937,1,"[2.56158, -0.33, -0.60182, -2.07903, -2.5085, -2.91641, 3.32234, -4.96602, -2.70929, 3.99684, -1.04564, -0.99189, -6.32451, -2.59001, -1.60778, 6.68374, -12.16272, -0.65828, 8.09914, 10.95869, -0.49344, -8.09688]"
42,sub7,supMAE,3,sub7-b1__0005__walk.npy,20,walk,20,0.98834,1,"[3.48739, -3.30344, 1.92258, 2.02068, -6.1062, -7.48323, -2.0411, -7.12963, 1.99601, 3.4231, -1.17917, -0.79642, -1.20156, -1.86256, -3.98757, 2.36452, -10.5145, 3.97422, 1.92745, 1.10706, 9.51912, -0.91614]"
42,sub7,supMAE,3,sub7-b1__0006__turnaround.npy,19,turnaround,15,0.609455,0,"[-2.4439, -2.56725, -2.73188, -3.15594, -5.50973, -0.80763, 2.43892, -2.97392, 0.70024, 1.27536, -2.71758, 2.54967, -0.15452, -7.01549, 3.99238, 9.20135, -8.18588, -1.12005, 8.56631, 6.88832, 3.47127, -6.54015]"
42,sub7,supMAE,3,sub7-b1__0007__walk.npy,20,walk,20,0.5207473,1,"[0.88304, -5.58048, -5.75748, -1.62476, -2.28672, -7.32558, 4.55125, -4.60083, 1.57291, 0.51609, -5.06903, 0.92663, 1.24602, -4.8473, 0.42664, 4.51968, -7.50165, 2.67944, 6.31052, -0.43265, 6.72817, -2.00184]"
42,sub7,supMAE,3,sub7-b1__0008__turnaround.npy,19,turnaround,19,0.9686913,1,"[0.96293, 1.07159, -1.27317, -2.27178, -1.24408, -2.42988, 2.39909, -4.09706, -1.16201, 4.00187, -3.7933, -3.15329, -7.21605, -3.76678, -3.02968, 6.91147, -11.13101, 0.52493, 7.60973, 11.47045, 0.71227, -7.36859]"
42,sub7,supMAE,3,sub7-b1__0009__walk.npy,20,walk,20,0.9647312,1,"[5.68153, -4.11313, 2.59247, 3.45418, -5.0551, -7.79729, -4.68088, -8.63298, 1.81204, 4.32756, 0.01172, -2.25913, -2.32777, 0.19282, -6.69973, 3.38269, -11.57129, 4.17793, 1.05691, 0.96006, 9.56933, -0.57246]"
42,sub7,supMAE,3,sub7-b1__0010__turnaround.npy,19,turnaround,15,0.6180413,0,"[-2.14393, -2.58833, -3.39203, -3.49706, -4.92839, -0.98682, 2.62153, -3.35445, 0.40632, 1.89683, -2.55139, 2.03373, -0.55426, -6.64649, 3.05359, 9.3284, -8.38112, -1.14813, 8.59575, 7.28942, 3.36145, -6.88026]"
42,sub7,supMAE,3,sub7-b1__0011__walk.npy,20,walk,20,0.45968553,1,"[1.13065, -5.49019, -5.93769, -0.7746, -1.38725, -6.50713, 4.23588, -3.57684, 0.5486, 0.65396, -5.16111, -0.08378, -0.0751, -4.26912, 0.45477, 3.87387, -6.95146, 2.86279, 6.27807, 0.15981, 6.36006, -2.54019]"
42,sub7,supMAE,3,sub7-b1__0012__turnaround.npy,19,turnaround,19,0.98265207,1,"[1.54712, 0.86848, -0.5642, -1.89056, -1.40514, -1.90662, 2.16219, -4.18642, -1.64372, 3.96909, -3.05667, -2.65855, -7.41349, -3.23393, -2.55992, 6.29968, -11.33306, 0.25237, 7.16246, 11.59035, 0.4174, -7.65317]"
42,sub7,supMAE,3,sub7-b1__0013__walk.npy,20,walk,20,0.9743814,1,"[5.59658, -4.92384, 3.3385, 3.96251, -6.04805, -7.44196, -5.60645, -9.091, 2.00048, 4.38777, 1.74852, -1.54365, -1.74952, 0.46848, -5.05068, 3.07032, -11.17206, 3.8093, -0.06499, 0.40765, 9.88425, -0.17001]"
42,sub7,supMAE,3,sub7-b1__0014__turnaround.npy,19,turnaround,18,0.4259993,0,"[-3.74857, -2.15681, -3.59949, -4.64841, -5.17784, 0.17219, 3.07097, -2.61846, 0.71453, 1.68972, -1.24627, 3.66448, 0.54326, -7.94693, 7.06858, 8.08047, -6.13557, -2.25154, 8.30961, 6.89331, 2.45884, -6.76406]"
42,sub7,supMAE,3,sub7-b1__0015__walk.npy,20,walk,20,0.4517918,1,"[0.34217, -5.53205, -5.86611, -0.87475, -2.45593, -7.18791, 5.10329, -3.13125, 1.45246, -0.09588, -5.36388, 0.60522, 0.7054, -4.84006, 0.9212, 4.25729, -6.80512, 3.12427, 6.23464, -0.15834, 6.46913, -2.00288]"
42,sub7,supMAE,3,sub7-b1__0016__turnaround.npy,19,turnaround,19,0.9498524,1,"[-1.62348, -0.88931, -0.65146, -2.97261, -3.89226, -0.42741, 1.62354, -3.7936, 2.0223, 3.55787, -1.93777, 0.56828, -5.37286, -6.3846, 4.12702, 7.11084, -8.75588, -0.02423, 4.74158, 10.22849, 1.96642, -6.40904]"
42,sub7,supMAE,3,sub7-b1__0017__walk.npy,20,walk,20,0.9749093,1,"[6.15966, -5.15915, 2.20506, 4.02336, -4.8623, -8.99105, -5.6407, -9.7385, 2.24602, 4.486, 0.69632, -3.0117, -1.70184, 1.27202, -7.17661, 4.08617, -11.16609, 4.34279, -0.05564, -0.29556, 10.32201, 0.61566]"
42,sub7,supMAE,3,sub7-b1__0018__turnaround.npy,19,turnaround,15,0.46366087,0,"[-3.05944, -1.883, -4.25292, -4.76325, -4.29725, -0.25572, 3.27094, -2.95435, 0.44471, 1.88445, -2.13675, 2.85521, -0.06749, -7.62523, 5.39116, 8.72749, -6.79039, -2.4116, 8.56009, 7.39879, 2.3765, -6.99703]"
42,sub7,supMAE,3,sub7-b1__0019__walk.npy,20,walk,20,0.43148953,1,"[0.68486, -5.57871, -5.96396, -0.82867, -1.74542, -6.48617, 4.5649, -2.92687, 0.77717, 0.2393, -5.06366, 0.34722, 0.23017, -4.58819, 0.66476, 3.83815, -6.42615, 3.05234, 6.2336, 0.23737, 6.25413, -2.5025]"
42,sub7,supMAE,3,sub7-b1__0021__hop.npy,9,hop,9,0.9989145,1,"[-0.4216, -4.74264, -7.7802, -5.77614, 7.50081, -7.47945, -5.03721, -10.20878, -6.33706, 16.44929, 9.43541, -3.77853, 1.37152, 2.39369, 1.82065, -1.03062, 6.64868, 0.17637, -3.09844, -0.03097, 0.82434, -2.6077]"
42,sub7,supMAE,3,sub7-b1__0022__hop.npy,9,hop,9,0.9962231,1,"[0.66796, -5.45573, -6.37952, -6.18505, 5.52392, -7.16241, -4.82879, -11.29806, -6.12287, 16.94836, 11.3693, -2.56925, 0.97881, 2.28143, 2.4016, -0.85803, 4.14449, -0.39188, -3.16374, 0.97175, 1.13949, -3.40898]"
42,sub7,supMAE,3,sub7-b1__0023__hop.npy,9,hop,9,0.99534273,1,"[0.21695, -5.00069, -6.60652, -6.83076, 5.91082, -5.61559, -3.75297, -10.35006, -6.47928, 16.36735, 10.99362, -1.05224, 0.88592, 1.09041, 4.27906, -0.99484, 4.49801, -1.2981, -2.53341, 1.37571, -0.6871, -4.28022]"
42,sub7,supMAE,3,sub7-b1__0024__hop.npy,9,hop,9,0.9983632,1,"[-0.55713, -3.66012, -8.24832, -5.10442, 7.67271, -7.636, -2.4929, -9.42493, -7.14241, 14.18251, 4.3849, -4.88235, 1.70692, 1.89837, -0.4639, 0.98757, 4.7435, 0.91518, -1.3763, 0.08043, 0.8573, -2.83546]"
42,sub7,supMAE,3,sub7-b1__0025__hop.npy,9,hop,9,0.999595,1,"[0.2728, -3.20004, -8.77567, -5.99171, 8.55824, -7.01978, -4.3352, -9.87741, -6.2334, 16.53252, 6.39433, -4.99077, 0.91593, 2.65175, -1.36209, 0.32029, 5.7058, 0.01735, -2.03671, 0.17005, 0.31482, -2.84703]"
42,sub7,supMAE,3,sub7-b1__0026__hop.npy,9,hop,9,0.99944276,1,"[-0.62697, -4.39396, -8.7387, -6.44279, 8.39594, -7.60726, -4.24398, -9.71574, -6.30048, 16.19672, 6.69196, -4.36312, 2.09986, 1.89235, -1.74201, 0.95086, 6.64827, 0.94698, -2.35245, -0.26284, 0.97715, -2.36932]"
42,sub7,supMAE,3,sub7-b1__0027__hop.npy,9,hop,9,0.9982455,1,"[-0.87735, -3.11508, -8.9128, -5.89971, 8.78045, -5.83922, -2.98964, -8.53836, -7.84432, 15.20457, 4.10981, -3.93601, 1.71025, 1.19067, 0.07668, 0.44708, 6.14701, 0.21687, -1.02414, 0.40271, -0.25666, -3.76427]"
42,sub7,supMAE,3,sub7-b1__0028__jump.npy,10,jump,10,0.99971956,1,"[2.69911, -8.72939, 1.40705, -5.21211, -6.14322, -7.16756, -5.53611, -13.92729, -2.15245, 14.81573, 22.99773, 4.82773, 1.68816, 1.7349, 9.03135, -2.19996, -4.23664, -1.72333, -4.41186, 1.42877, 4.10329, -3.74012]"
42,sub7,supMAE,3,sub7-b1__0029__jump.npy,10,jump,10,0.9999137,1,"[3.11814, -8.41405, 2.04303, -4.40457, -5.53386, -5.67446, -6.40358, -13.56413, -2.91225, 14.71413, 24.07405, 5.00572, 0.8109, 2.76678, 8.94655, -3.112, -3.54978, -2.1465, -5.34465, 1.46485, 3.06898, -3.99458]"
42,sub7,supMAE,3,sub7-b1__0031__jump.npy,10,jump,10,0.9998609,1,"[3.92936, -9.3668, 1.36615, -4.44919, -4.68606, -6.71664, -7.07034, -14.24914, -2.60886, 15.32332, 24.20449, 4.22389, 0.41484, 2.70558, 7.83833, -2.48611, -4.02085, -1.51763, -4.95862, 1.32975, 3.6604, -3.82946]"
42,sub7,supMAE,3,sub7-b1__0032__jump.npy,10,jump,10,0.9998487,1,"[3.78307, -9.3365, 0.92317, -4.24909, -4.71132, -7.10931, -6.99379, -14.0662, -2.62959, 15.52007, 24.31682, 3.80157, 0.43953, 3.23563, 7.5739, -2.65062, -3.55806, -1.44198, -4.91897, 0.95409, 3.81856, -3.57752]"
42,sub7,supMAE,3,sub7-b1__0033__jump.npy,10,jump,10,0.9999125,1,"[3.45808, -9.13538, 0.30176, -4.45597, -4.01141, -5.25806, -7.79682, -13.15957, -1.31085, 15.22057, 24.56613, 4.31411, 0.13186, 3.03205, 8.15101, -2.92219, -1.83545, -1.78778, -5.51615, 0.338, 3.23363, -3.39386]"
42,sub7,supMAE,3,sub7-b1__0035__runonspot.npy,13,runonspot,13,0.99936324,1,"[5.09604, 5.57159, -3.17192, 11.74953, 4.33833, -9.27042, -8.28683, -6.7082, -2.01649, 4.52727, 0.6069, -15.22762, -3.28753, 19.11476, -12.74805, -3.37051, 0.27422, 0.40246, -4.19387, -4.99747, 2.8315, 5.52358]"
42,sub7,supMAE,3,sub7-b1__0036__runonspot.npy,13,runonspot,13,0.99917245,1,"[5.32405, 7.17252, -5.08406, 10.1215, 6.1099, -9.03251, -7.1156, -5.82347, -1.67889, 4.35895, -3.06572, -15.23696, -2.53248, 17.30751, -14.02975, -2.73988, 1.02176, 0.19111, -2.47194, -5.5527, 2.25987, 5.65263]"
42,sub7,supMAE,3,sub7-b1__0037__runonspot.npy,13,runonspot,13,0.998168,1,"[5.67439, 7.45797, -3.38789, 12.16866, 5.35017, -8.25991, -7.35784, -5.72175, -2.41, 3.25967, -3.08375, -15.50555, -3.49189, 18.48181, -14.65875, -2.49978, -0.61421, 0.2056, -2.82597, -4.78058, 1.78789, 5.16771]"
42,sub7,supMAE,3,sub7-b1__0038__runonspot.npy,13,runonspot,13,0.9993799,1,"[6.30213, 7.84302, -5.84125, 10.44312, 8.48113, -8.21565, -7.05673, -4.68151, -3.58231, 4.40576, -3.98263, -15.92532, -3.8926, 18.03975, -14.23657, -4.07539, 1.90235, -0.63157, -1.7896, -4.88626, 0.87343, 4.35555]"
42,sub7,supMAE,3,sub7-b1__0039__airkick.npy,0,airkick,10,0.8490931,0,"[6.88673, -5.98384, 5.8188, 5.12693, -9.45023, -4.88604, -7.05004, -10.7674, 4.67387, 4.81826, 9.91706, 1.40724, -1.86453, 3.6721, 1.71212, 1.06077, -10.87237, -0.34711, -4.69914, -0.8906, 7.51379, 0.52519]"
42,sub7,supMAE,3,sub7-b1__0040__buttkicks.npy,4,buttkicks,4,0.99959654,1,"[4.60161, 3.15053, -11.01605, 2.67389, 19.05641, -3.56739, -10.30487, -3.39774, -8.51136, 10.56519, -3.83174, -13.43419, -3.95313, 9.72159, -11.57195, -3.34866, 9.93582, 0.78205, 0.18898, -2.86975, -0.47635, -0.85682]"
42,sub7,supMAE,3,sub7-b1__0041__buttkicks.npy,4,buttkicks,4,0.9996954,1,"[5.34295, 3.88432, -10.95153, 2.23811, 19.31957, -1.84066, -9.56411, -3.15782, -8.95456, 11.0673, -4.30725, -12.24335, -4.69234, 8.34494, -11.24734, -3.29839, 8.75601, -0.06016, 1.42776, -2.22186, -1.93702, -2.13969]"
42,sub7,supMAE,3,sub7-b1__0042__buttkicks.npy,4,buttkicks,4,0.9953992,1,"[5.30989, 2.11446, -11.31134, 0.00323, 18.4303, -2.97138, -9.19657, -4.52121, -8.84183, 13.03362, -1.75667, -10.44077, -3.9322, 6.98877, -9.08777, -3.54319, 8.96709, -0.06647, 1.50912, -2.04023, -1.54633, -2.77564]"
42,sub7,supMAE,3,sub7-b1__0043__buttkicks.npy,4,buttkicks,4,0.99787736,1,"[5.26065, 4.07434, -10.53368, 5.02493, 17.96586, -4.64491, -10.2068, -3.57289, -7.38448, 9.3195, -4.84699, -14.94368, -4.10254, 11.6861, -13.21449, -3.31202, 8.41545, 1.16448, -0.09423, -4.15769, -0.04881, 0.73246]"
42,sub7,supMAE,3,sub7-b1__0045__airkick.npy,0,airkick,10,0.9849074,0,"[8.46385, -4.94601, 5.20472, 2.99267, -8.43482, -2.05322, -6.43703, -10.90909, 3.25587, 7.05028, 13.00741, 2.83906, -3.93219, 3.23566, 6.37783, -1.15196, -10.94966, -3.63612, -3.83643, 1.68314, 4.26779, -2.57525]"
42,sub7,supMAE,3,sub7-b1__0046__airkick.npy,0,airkick,0,0.7997068,1,"[8.83854, -4.65219, 3.57425, 4.82793, -7.45204, -4.1929, -6.41294, -8.96021, 4.28672, 4.41962, 6.24918, 0.9853, -2.48516, 2.81415, 0.33795, 0.99298, -11.00432, -0.89759, -2.09487, -0.95815, 6.76582, -0.32983]"
42,sub7,supMAE,3,sub7-b1__0047__airkick.npy,0,airkick,0,0.9064244,1,"[9.95175, -4.94465, 4.09791, 3.77667, -7.00515, -5.06764, -6.24746, -9.79147, 2.86375, 5.84388, 7.04343, 1.32081, -2.55568, 2.88976, 0.10398, 0.41112, -11.78175, -1.22905, -1.72868, 0.00708, 6.27063, -1.44284]"
42,sub7,supMAE,3,sub7-b1__0048__airkick.npy,0,airkick,0,0.9606242,1,"[11.3302, -4.60478, 1.78075, 4.74492, -2.01463, -4.69144, -8.87377, -10.4164, 1.28822, 7.77308, 6.41144, -2.07787, -4.7511, 4.44132, -3.97909, 1.20921, -10.7344, 0.15044, -1.03317, -0.00528, 5.36657, -1.79153]"
42,sub7,supMAE,3,sub7-b1__0049__airkick.npy,0,airkick,0,0.90774435,1,"[10.64341, -4.99747, 3.14924, 3.90588, -5.23065, -4.04783, -7.22145, -10.223, 2.17083, 6.98274, 7.93938, 0.43693, -3.77533, 3.27908, -0.25436, 0.74012, -11.50686, -1.1892, -1.309, 0.32051, 5.56684, -2.36085]"
42,sub7,supMAE,3,sub7-b1__0050__sidekick.npy,14,sidekick,14,0.9997501,1,"[-0.98914, -2.54032, -0.30392, -6.21115, -10.77771, -3.40762, 3.53878, -5.00966, 2.60757, 5.08438, 5.35711, 10.44935, 6.33049, -6.90617, 18.77212, -1.29555, -4.43121, -4.52288, 1.41064, 0.0849, 2.81048, -3.54542]"
42,sub7,supMAE,3,sub7-b1__0052__sidekick.npy,14,sidekick,14,0.99997616,1,"[-2.38168, -0.07908, -1.6183, -8.75287, -8.78703, 0.82328, 4.99368, -2.72577, 1.2778, 5.67702, 5.26487, 13.174, 4.73978, -8.92773, 23.82072, -3.38444, -2.02987, -6.96054, 2.36092, 1.88895, -1.38624, -5.72253]"
42,sub7,supMAE,3,sub7-b1__0054__sidekick.npy,14,sidekick,14,0.9992219,1,"[-2.76358, -1.67382, -0.88735, -6.33352, -10.98359, -2.90869, 5.44856, -3.00024, 3.19164, 3.15134, 1.80911, 10.38578, 6.74554, -8.56199, 17.5792, -0.00308, -4.34247, -3.2369, 2.77994, 0.25033, 2.98508, -3.56479]"
42,sub7,supMAE,3,sub7-b1__0055__sidekick.npy,14,sidekick,14,0.99996614,1,"[-2.31034, -1.58207, -0.71005, -7.48656, -10.22527, -0.27048, 3.97098, -3.65108, 2.16974, 5.27384, 6.28204, 12.48521, 5.33229, -8.24454, 22.78194, -2.35057, -3.00543, -5.84489, 1.61306, 1.30927, 0.36223, -4.96172]"
42,sub7,supMAE,3,sub7-b1__0056__crosstoe.npy,6,crosstoe,6,0.98858553,1,"[-5.66408, -1.49358, 0.53328, -5.43436, -9.81815, -5.72894, 16.61777, -1.95173, -4.83258, -2.48279, -3.23552, 11.79562, 10.95467, -6.79731, 5.44788, 0.92284, -5.59486, -3.392, 5.14428, 1.1454, -0.84434, -4.5424]"
42,sub7,supMAE,3,sub7-b1__0057__crosstoe.npy,6,crosstoe,6,0.97545093,1,"[-5.5216, -1.83762, 1.6748, -4.99772, -10.51392, -5.77361, 16.22972, -2.34817, -4.12341, -3.29056, -3.47049, 12.33017, 10.90808, -7.25596, 5.22429, 1.38543, -6.58195, -2.80382, 4.99334, 0.96369, -0.53348, -4.28738]"
42,sub7,supMAE,3,sub7-b1__0058__crosstoe.npy,6,crosstoe,6,0.9644961,1,"[-5.52604, -2.06507, 1.47442, -5.0396, -10.62337, -6.15014, 16.15798, -2.16057, -3.87686, -3.31192, -3.78559, 12.67194, 11.06727, -7.72583, 5.05129, 1.70165, -6.78136, -2.76862, 5.28786, 0.99815, -0.22633, -4.24505]"
42,sub7,supMAE,3,sub7-b1__0059__crosstoe.npy,6,crosstoe,6,0.96473455,1,"[-5.81148, -1.94757, 2.57579, -4.8426, -11.0529, -5.47779, 16.09386, -2.49744, -3.39676, -3.60437, -2.97202, 12.68055, 10.461, -7.35084, 5.77627, 1.45867, -7.00875, -2.98122, 4.4944, 1.18581, -0.63572, -4.21435]"
42,sub7,supMAE,3,sub7-b1__0060__crosstoe.npy,6,crosstoe,6,0.9410708,1,"[-5.45574, -2.24529, 2.95794, -4.55478, -11.15184, -6.04645, 15.78372, -2.92058, -3.48526, -3.91263, -3.2409, 12.84944, 11.11765, -7.36883, 5.44097, 1.14787, -6.78712, -2.37145, 3.65012, 0.43418, 0.11951, -3.53217]"
42,sub7,supMAE,3,sub7-b1__0061__crosstoe.npy,6,crosstoe,6,0.9604856,1,"[-5.58591, -1.75251, 2.71144, -4.91242, -10.79825, -5.84271, 15.85128, -2.5831, -3.52812, -3.56284, -3.73551, 12.47838, 10.8645, -7.44103, 4.43668, 1.68747, -6.82883, -2.6009, 4.12062, 1.07404, -0.50861, -3.64213]"
42,sub7,supMAE,3,sub7-b1__0062__throw.npy,18,throw,18,0.9933106,1,"[-2.67268, 9.78294, -5.74568, 1.08049, 2.05292, 0.43727, 1.68134, 5.57339, -5.38942, 0.41045, -8.77331, -6.69773, -3.86388, 0.21882, -6.32265, 4.19618, -2.40066, -1.58429, 14.80788, 4.47363, -2.03074, -6.17015]"
42,sub7,supMAE,3,sub7-b1__0063__throw.npy,18,throw,18,0.98613507,1,"[-1.1834, 9.91712, -5.75361, 2.5079, 3.89511, 2.35206, 1.20027, 5.18123, -6.93583, 0.49999, -9.69283, -7.81522, -5.74902, 1.88982, -7.89962, 4.40689, -3.096, -2.02305, 14.20798, 5.29283, -3.24338, -7.02367]"
42,sub7,supMAE,3,sub7-b1__0065__throw.npy,18,throw,18,0.92709225,1,"[-1.12489, 11.50196, -5.58316, 2.54792, 4.27483, 2.92033, 1.23425, 5.01136, -5.02383, 0.54273, -11.24226, -7.32938, -6.25514, 0.397, -8.46305, 4.65267, -3.85045, -1.97928, 14.04961, 4.70409, -4.09248, -6.77083]"
42,sub7,supMAE,3,sub7-b1__0066__throw.npy,18,throw,18,0.98181206,1,"[-2.07032, 10.49476, -6.67063, 1.87105, 3.44681, 2.06423, 1.93894, 4.47731, -4.17182, 0.64999, -10.55986, -6.43939, -4.97586, -0.60503, -7.10867, 5.36953, -3.22479, -2.11732, 14.49469, 3.94609, -3.36652, -6.38478]"
42,sub7,supMAE,3,sub7-b1__0067__walk.npy,20,walk,20,0.9534325,1,"[6.6895, -5.90923, 1.91729, 4.78784, -5.12667, -8.37638, -7.42167, -10.47762, 3.54819, 5.00476, 3.779, -2.64767, -1.48396, 2.82058, -4.99065, 3.55343, -10.06982, 3.35262, -1.71819, -1.81526, 10.14584, 1.679]"
42,sub7,supMAE,3,sub7-b1__0068__turnaround.npy,19,turnaround,18,0.4503332,0,"[-4.41298, -1.27291, -4.99595, -5.60149, -4.07617, 0.66956, 3.17942, -2.67811, 1.36726, 2.20862, -0.77667, 3.46466, 0.59913, -8.61251, 8.49271, 7.85986, -4.99071, -2.77574, 8.80103, 6.32249, 1.62584, -6.77926]"
42,sub7,supMAE,3,sub7-b1__0069__walk.npy,20,walk,20,0.67875224,1,"[-0.23986, -5.49462, -5.55244, -1.01914, -1.09095, -7.4747, 4.44599, -2.49659, -0.49745, 0.90036, -4.06809, -0.2687, 0.69247, -3.77597, -0.8542, 2.51842, -5.36385, 4.45437, 5.22763, -0.11221, 6.68533, -2.41233]"
42,sub7,supMAE,3,sub7-b1__0070__turnaround.npy,19,turnaround,19,0.89636666,1,"[-1.58691, -1.2824, -0.85809, -3.72771, -3.72126, -0.02884, 3.21277, -3.25498, -0.13603, 4.14749, 0.01196, 3.18303, -5.08372, -7.0853, 7.97431, 3.13487, -8.89576, -0.84976, 5.76954, 10.2793, 0.61008, -8.43259]"
42,sub7,supMAE,3,sub7-b1__0071__walk.npy,20,walk,20,0.9387062,1,"[6.78038, -6.06676, 2.00511, 5.02437, -4.39117, -8.22844, -8.07738, -10.55764, 3.04756, 5.27192, 3.72495, -3.22981, -2.10951, 2.82652, -6.02559, 3.79569, -10.20106, 3.84014, -1.69728, -1.35336, 9.98034, 1.49643]"
42,sub7,supMAE,3,sub7-b1__0072__turnaround.npy,19,turnaround,18,0.45703754,0,"[-4.37172, -1.13841, -4.91881, -5.67954, -4.07886, 0.6826, 2.70109, -2.1293, 1.28063, 2.19225, -1.03999, 3.12585, 0.54965, -8.1908, 7.46822, 8.02688, -4.44973, -2.76432, 8.46887, 6.6659, 1.80818, -6.50137]"
42,sub7,supMAE,3,sub7-b1__0073__walk.npy,20,walk,20,0.57076687,1,"[0.18145, -5.77473, -5.66563, -1.15355, -1.98341, -7.54367, 5.45501, -2.51269, -0.40011, 0.3343, -4.03704, 0.61965, 0.97619, -4.148, 1.34419, 2.53904, -5.76841, 3.26713, 5.60159, 0.22353, 6.6079, -2.70057]"
42,sub7,supMAE,3,sub7-b1__0074__turnaround.npy,19,turnaround,19,0.989908,1,"[3.1124, 0.28068, 0.1551, -1.6479, -1.61055, -1.00041, 1.86719, -5.00786, -2.83918, 4.63491, -0.1167, -1.18496, -7.77262, -2.26162, -0.46232, 4.92287, -11.99831, -1.15736, 7.00843, 11.8167, -0.6524, -8.78842]"
42,sub7,supMAE,3,sub7-b1__0075__walk.npy,20,walk,20,0.97178066,1,"[6.19119, -5.87722, 1.73588, 4.83286, -4.42965, -7.68101, -7.92537, -9.55183, 3.52402, 4.44594, 1.72261, -2.977, -1.39161, 1.74129, -6.47218, 4.23882, -9.4513, 4.22715, -1.58357, -1.61212, 10.33713, 1.98957]"
42,sub7,supMAE,3,sub7-b1__0076__turnaround.npy,19,turnaround,18,0.4816808,0,"[-4.65386, -1.29125, -4.88276, -5.34346, -4.40932, 0.45494, 2.89661, -2.30269, 1.69593, 2.10799, -0.90711, 3.07999, 0.80308, -8.26213, 7.82267, 7.94611, -4.71834, -2.62038, 8.61677, 6.32271, 1.96848, -6.39299]"
42,sub7,supMAE,3,sub7-b1__0077__walk.npy,20,walk,20,0.61197996,1,"[-0.14715, -5.60275, -5.68182, -1.30717, -1.65804, -7.10329, 5.22197, -2.40213, -0.35116, 0.36521, -4.3528, 0.89667, 1.18032, -4.49211, 1.02235, 2.51292, -5.44572, 3.4115, 5.55332, 0.02306, 6.66867, -2.76047]"
42,sub7,supMAE,3,sub7-b1__0078__turnaround.npy,19,turnaround,19,0.9869486,1,"[2.81726, 0.52482, 0.08257, -1.78602, -1.40842, -1.38381, 2.47687, -4.52893, -3.3508, 4.40537, -0.59823, -1.23904, -7.59336, -2.28361, -0.79595, 4.58313, -11.71059, -0.78878, 7.13753, 11.62041, -0.72162, -8.71343]"
42,sub7,supMAE,3,sub7-b1__0079__walk.npy,20,walk,20,0.97215277,1,"[5.72148, -6.44662, 2.17313, 4.30561, -5.13795, -7.44278, -8.12347, -10.11968, 3.72342, 5.31275, 3.70614, -2.13507, -1.08847, 1.57908, -5.0856, 4.15552, -9.41483, 3.95205, -2.0173, -1.48884, 10.23714, 1.61429]"
42,sub7,supMAE,3,sub7-b1__0080__turnaround.npy,19,turnaround,18,0.45498726,0,"[-4.55116, -1.37432, -4.92855, -5.42262, -4.14463, 0.43885, 2.9796, -2.40988, 1.41769, 2.01599, -1.13013, 3.16135, 0.76796, -8.2282, 7.93228, 7.89066, -4.54003, -2.63057, 8.53066, 6.30116, 2.06926, -6.47669]"
42,sub7,supMAE,3,sub7-b1__0081__walk.npy,20,walk,20,0.47094184,1,"[0.03866, -5.70536, -5.64654, -1.34774, -1.93073, -7.04695, 5.6499, -2.48264, -0.70721, 0.53603, -3.66943, 1.03995, 1.05232, -4.2128, 1.76199, 2.25942, -5.79166, 2.93352, 5.83188, 0.33749, 6.39147, -3.17845]"
42,sub7,supMAE,3,sub7-b1__0083__walk.npy,20,walk,20,0.9202875,1,"[6.13036, -6.53699, 1.67464, 4.04294, -4.25759, -7.03958, -8.84537, -10.5893, 3.4816, 6.47561, 4.86796, -2.48068, -1.92486, 1.71277, -4.90919, 4.19879, -9.34187, 3.79394, -1.94252, -1.17483, 9.72803, 0.97884]"
42,sub7,supMAE,3,sub7-b1__0084__turnaround.npy,19,turnaround,18,0.57708883,0,"[-4.24684, -1.26426, -5.3841, -5.21591, -2.97077, 0.30059, 2.89513, -1.79108, 0.64301, 1.92582, -2.91884, 2.54966, 0.58168, -8.42026, 6.6823, 8.06376, -4.04522, -2.52946, 8.75228, 6.40547, 2.42318, -6.34477]"
42,sub7,supMAE,3,sub7-b1__0085__walk.npy,20,walk,20,0.56394887,1,"[0.11549, -5.68878, -5.84105, -0.82979, -1.25768, -6.90623, 4.92996, -2.28311, -0.66192, 0.34323, -4.36666, 0.43464, 0.88955, -4.09861, 0.77272, 2.44663, -5.17548, 3.42599, 5.65458, -0.04774, 6.42544, -2.80043]"
42,sub7,supMAE,3,sub7-b1__0086__turnaround.npy,19,turnaround,19,0.98825747,1,"[2.81618, 0.78432, -0.65179, -1.92685, -1.02058, -0.50226, 1.38032, -5.26767, -1.17128, 4.76981, -0.4371, -1.9441, -8.3213, -2.49056, -0.66057, 5.87252, -11.872, -1.2453, 6.70305, 11.61426, -0.71027, -8.45081]"
42,sub7,supMAE,3,sub7-b1__0087__hop.npy,9,hop,9,0.9946386,1,"[-2.27367, -6.58074, -8.14647, -6.0002, 6.69056, -7.0315, -3.93725, -9.8754, -6.4072, 14.13042, 8.00701, -2.30425, 4.54091, 0.6327, 1.91149, 0.56726, 8.14919, 1.23331, -3.19996, -1.33541, 2.27545, -1.74254]"
42,sub7,supMAE,3,sub7-b1__0088__hop.npy,9,hop,9,0.99550855,1,"[-0.45556, -6.40722, -7.82413, -6.46896, 7.30678, -5.55587, -5.01307, -10.2882, -6.65639, 15.99925, 10.52771, -1.66927, 2.33582, 1.01625, 3.01187, -0.26519, 7.08616, -0.20207, -2.96647, -0.09525, 0.61361, -3.26933]"
42,sub7,supMAE,3,sub7-b1__0090__hop.npy,9,hop,9,0.9962041,1,"[-1.01468, -4.78167, -7.89479, -7.59241, 7.07525, -5.3814, -4.27849, -9.83128, -6.53343, 16.13025, 10.44708, -1.30705, 2.68349, 1.12881, 4.33303, -1.44217, 7.95359, -1.43214, -3.36528, 0.47308, -0.29404, -3.10571]"
42,sub7,supMAE,3,sub7-b1__0091__hop.npy,9,hop,9,0.997547,1,"[-1.41645, -4.79825, -9.19111, -6.55216, 8.8665, -6.38968, -4.15994, -9.25444, -6.92866, 15.46183, 6.17345, -3.3015, 3.57853, 1.31168, -0.1622, 0.3095, 8.54484, 0.47793, -2.55727, -0.79326, 0.92101, -2.24866]"
42,sub7,supMAE,3,sub7-b1__0092__hop.npy,9,hop,9,0.9983368,1,"[-0.59792, -6.00107, -8.4046, -6.67544, 8.65043, -5.13615, -5.36082, -9.92354, -6.96913, 16.45265, 9.54834, -2.06303, 2.19765, 0.98343, 2.17446, -0.54815, 8.16597, -0.2646, -3.05773, -0.04208, 0.36151, -3.17239]"
42,sub7,supMAE,3,sub7-b1__0094__jump.npy,10,jump,10,0.9999783,1,"[3.49096, -9.38415, 2.5546, -3.0204, -5.80302, -4.98729, -8.05854, -13.44589, -0.54467, 13.30615, 24.04689, 4.88616, 0.4985, 2.74181, 7.18681, -1.93373, -4.00211, -1.18599, -5.6709, 0.38392, 4.24762, -2.87956]"
42,sub7,supMAE,3,sub7-b1__0096__jump.npy,10,jump,10,0.99988675,1,"[3.70758, -9.32204, -0.22237, -4.74554, -3.2331, -5.12633, -8.0478, -13.55098, -1.57543, 15.18069, 24.26774, 4.17589, 0.47171, 2.54056, 7.75466, -2.40933, -1.71829, -1.72105, -5.1998, 0.4047, 3.29107, -3.31507]"
42,sub7,supMAE,3,sub7-b1__0097__jump.npy,10,jump,10,0.9999473,1,"[3.15183, -9.20266, -0.15436, -3.6375, -2.88403, -4.5996, -9.23541, -12.95906, -0.63005, 14.6432, 24.49472, 3.23826, -0.10171, 3.70125, 6.75273, -2.36197, -0.33848, -1.06292, -6.3191, -0.42418, 3.45644, -2.4302]"
42,sub7,supMAE,3,sub7-b1__0098__jump.npy,10,jump,10,0.9998343,1,"[2.95366, -9.35149, -0.79608, -4.21881, -2.79886, -4.51137, -9.03802, -12.52196, -0.31427, 15.05852, 23.76413, 3.78812, 0.53487, 2.78264, 6.36178, -2.26901, 0.22051, -0.8703, -5.85905, -0.98825, 3.6582, -2.37771]"
42,sub7,supMAE,3,sub7-b1__0099__jump.npy,10,jump,10,0.9998223,1,"[2.93923, -9.70886, -0.58416, -4.35308, -2.66262, -5.04961, -8.89486, -13.0552, -1.80117, 15.55122, 24.18643, 3.73126, 0.71372, 2.91679, 6.80218, -2.4245, -0.04234, -0.87102, -5.83565, -0.39717, 3.52022, -2.90681]"
42,sub7,supMAE,3,sub7-b1__0102__runonspot.npy,13,runonspot,13,0.9990963,1,"[6.13357, 7.31016, -6.10128, 9.41537, 9.59236, -5.30671, -8.85649, -4.62893, -4.51711, 6.74636, -1.90733, -15.15394, -4.33906, 17.30969, -12.56979, -4.24763, 3.36944, -1.08132, -1.80824, -4.06037, -0.24676, 2.82697]"
42,sub7,supMAE,3,sub7-b1__0103__runonspot.npy,13,runonspot,13,0.99589133,1,"[5.60359, 7.73973, -6.90178, 8.18034, 10.96419, -3.04421, -8.73512, -3.89567, -5.90559, 7.36844, -1.6692, -14.14057, -3.96231, 16.58578, -10.92192, -5.04282, 5.87764, -2.1705, -1.80236, -3.89903, -1.28159, 1.67008]"
42,sub7,supMAE,3,sub7-b1__0104__runonspot.npy,13,runonspot,13,0.92925996,1,"[5.63446, 7.97996, -8.78208, 7.70903, 12.78577, -3.58444, -8.45176, -2.99111, -4.8542, 7.10443, -4.55822, -15.23483, -4.15008, 15.38153, -12.69948, -4.66379, 6.53778, -1.50463, -0.85495, -4.78404, -0.97525, 2.60043]"
42,sub7,supMAE,3,sub7-b1__0105__buttkicks.npy,4,buttkicks,4,0.99685705,1,"[5.15365, 1.56363, -11.30737, 0.17316, 18.78517, -2.75914, -10.89136, -4.14029, -7.15162, 12.90967, 0.24172, -11.30529, -4.42274, 7.87855, -8.47382, -4.06848, 10.75639, -0.18068, -0.27178, -2.5076, -1.67243, -1.41315]"
42,sub7,supMAE,3,sub7-b1__0107__buttkicks.npy,4,buttkicks,4,0.9984042,1,"[4.65816, 4.84843, -10.66195, 4.97916, 17.71948, -5.79307, -9.88042, -2.39335, -5.4248, 7.60271, -6.68258, -15.46129, -3.6624, 11.14948, -14.11494, -3.24438, 8.90201, 1.86208, -0.26228, -4.82479, -0.06049, 2.6196]"
42,sub7,supMAE,3,sub7-b1__0108__buttkicks.npy,4,buttkicks,4,0.9938792,1,"[5.03958, 5.7747, -9.93499, 6.92798, 17.80757, -4.12581, -10.41015, -2.10555, -5.99685, 6.88485, -6.86331, -16.22911, -4.81392, 12.70098, -14.14859, -3.09971, 8.01633, 1.44669, -0.26248, -4.48387, -0.82175, 2.14764]"
42,sub7,supMAE,3,sub7-b1__0109__buttkicks.npy,4,buttkicks,4,0.997542,1,"[4.87014, 4.39257, -10.37933, 5.08803, 17.92315, -4.82546, -10.43396, -3.01163, -7.01791, 8.60598, -5.43088, -15.15283, -3.65818, 11.80953, -13.60613, -3.36441, 9.15396, 1.42046, -0.47652, -4.30459, -0.1314, 1.41159]"
42,sub7,supMAE,3,sub7-b1__0110__airkick.npy,0,airkick,10,0.6261792,0,"[8.8449, -4.68908, 4.93724, 3.02133, -8.00367, -1.8782, -6.57065, -9.99712, 4.46707, 5.64151, 9.46208, 3.22332, -2.5304, 2.1046, 3.55239, 0.25362, -10.95795, -2.99607, -3.22619, 0.5496, 4.93622, -1.76092]"
42,sub7,supMAE,3,sub7-b1__0111__airkick.npy,0,airkick,0,0.87764996,1,"[11.29271, -4.05489, -1.64728, 2.17248, 2.86231, -3.11281, -10.01449, -9.43917, 0.79183, 9.2852, 5.77003, -2.61857, -4.53778, 2.98517, -5.33537, 1.04258, -6.8552, -0.01, -0.37449, -0.28722, 3.50645, -1.99651]"
42,sub7,supMAE,3,sub7-b1__0112__airkick.npy,0,airkick,0,0.92724,1,"[11.21194, -4.46007, -0.47982, 3.42884, 2.2874, -3.91027, -9.96185, -9.75032, -0.02292, 8.61126, 5.14594, -3.0126, -4.63791, 3.48341, -6.53814, 1.55933, -8.07458, 0.94558, -0.3498, 0.05573, 4.06544, -1.93387]"
42,sub7,supMAE,3,sub7-b1__0113__airkick.npy,0,airkick,0,0.8351717,1,"[9.74814, -5.15845, 2.66771, 3.23985, -4.74665, -3.92531, -8.06093, -10.24455, 4.19225, 6.77115, 7.66265, 0.75407, -2.97139, 2.32083, -0.43773, 1.40804, -10.32438, -0.54117, -2.33182, -0.35011, 5.53938, -0.96794]"
42,sub7,supMAE,3,sub7-b1__0114__airkick.npy,0,airkick,0,0.78154755,1,"[11.60591, -4.16462, -0.59886, 1.87213, 2.25216, -1.5691, -10.21102, -9.94063, 0.15821, 10.11909, 8.66633, -1.35647, -5.49329, 3.31735, -1.9985, -0.13022, -7.07707, -1.53385, -1.00125, 0.83029, 2.18043, -3.43945]"
42,sub7,supMAE,3,sub7-b1__0115__sidekick.npy,14,sidekick,14,0.9999937,1,"[-0.14991, -2.61049, -1.6329, -7.46289, -8.88133, -0.46553, 1.65082, -4.99176, 2.775, 6.92773, 9.07048, 11.54789, 4.40216, -6.3321, 23.60897, -3.30182, -1.32557, -6.97284, 0.03947, 0.62824, 0.32406, -4.33534]"
42,sub7,supMAE,3,sub7-b1__0116__sidekick.npy,14,sidekick,14,0.999998,1,"[0.26359, -2.08787, -1.20735, -6.54172, -8.70388, 0.9382, 0.59769, -5.10877, 4.22533, 6.80602, 9.88667, 10.99257, 2.05641, -6.22758, 24.39417, -3.37508, -2.20381, -7.02615, -0.37736, 1.33898, -0.42908, -4.34053]"
42,sub7,supMAE,3,sub7-b1__0117__sidekick.npy,14,sidekick,14,0.99969804,1,"[-0.94403, -2.10721, -1.66357, -7.32344, -9.61413, -1.97543, 2.84608, -4.17058, 4.0877, 5.10961, 4.74645, 11.06769, 6.13025, -7.98207, 19.18595, -0.97151, -2.84833, -5.12445, 1.45916, -0.14617, 2.27237, -3.27781]"
42,sub7,supMAE,3,sub7-b1__0119__sidekick.npy,14,sidekick,14,0.9999646,1,"[-2.35888, -0.2605, -1.0792, -7.61573, -10.85886, -0.86058, 4.32908, -3.36134, 4.78684, 3.78484, 4.9178, 12.08606, 6.40433, -7.79782, 22.33735, -2.41647, -2.09858, -6.8323, 0.6713, 0.16868, 0.96903, -2.87631]"
42,sub7,supMAE,3,sub7-b1__0120__crosstoe.npy,6,crosstoe,6,0.9706683,1,"[-5.29279, -2.42932, 0.80898, -5.94962, -10.51886, -6.19059, 16.52906, -2.65555, -3.91751, -2.69027, -2.64424, 12.88505, 11.01513, -7.71936, 6.10757, 1.31964, -6.38175, -3.3727, 5.01191, 1.03385, -0.02207, -4.4188]"
42,sub7,supMAE,3,sub7-b1__0121__crosstoe.npy,6,crosstoe,6,0.9436182,1,"[-5.63899, -2.77987, -0.18095, -6.02056, -9.81443, -5.56619, 16.23842, -2.54928, -4.26097, -2.38646, -2.73469, 13.34478, 10.75667, -8.49425, 7.61666, 1.22213, -6.22463, -3.18957, 5.93654, 0.84986, -0.67839, -5.07695]"
42,sub7,supMAE,3,sub7-b1__0123__crosstoe.npy,6,crosstoe,6,0.9649121,1,"[-6.10262, -1.42889, 1.52581, -5.91029, -11.25425, -5.98723, 16.54463, -1.81053, -3.2147, -3.1145, -1.89689, 13.13382, 10.83443, -7.01373, 5.9428, 1.33656, -6.3354, -4.03171, 5.16228, 1.42176, -0.69904, -4.49277]"
42,sub7,supMAE,3,sub7-b1__0124__crosstoe.npy,6,crosstoe,6,0.96167505,1,"[-5.92477, -1.73121, 1.66119, -5.61827, -10.84941, -5.7103, 16.54488, -2.09878, -3.61429, -3.17477, -2.81391, 13.22977, 10.88412, -7.58522, 6.07171, 1.11155, -6.57033, -3.44015, 5.30102, 1.23996, -1.05212, -4.49993]"
42,sub7,supMAE,3,sub7-b1__0125__crosstoe.npy,6,crosstoe,18,0.9492076,0,"[-1.21803, 12.01084, -5.03557, 1.49466, 3.25997, 2.45817, 2.31832, 4.92078, -5.43669, 0.9592, -9.77077, -6.57217, -5.98393, 0.74383, -7.32373, 3.40424, -4.50049, -2.55375, 14.94103, 5.04482, -4.09324, -7.71183]"
42,sub7,supMAE,3,sub7-b1__0126__throw.npy,18,throw,18,0.8083154,1,"[-3.72576, 8.75609, -7.43354, -0.79024, 1.35022, -3.35055, 5.66093, 1.86409, -0.89777, 2.70579, -9.24044, -4.84587, -2.26389, -2.03442, -4.87681, 4.44953, -2.40221, -0.64812, 10.25706, 1.61943, -2.6883, -3.44991]"
42,sub7,supMAE,3,sub7-b1__0128__throw.npy,18,throw,18,0.7717571,1,"[-4.04093, 12.03366, -4.89233, 0.99005, 1.60155, 2.86251, 1.3724, 6.54206, -3.92978, 0.22977, -9.34654, -5.81384, -3.61984, -0.4106, -5.5127, 3.58045, -1.52249, -2.62241, 13.25696, 4.49391, -2.75937, -5.8689]"
42,sub7,supMAE,3,sub7-b1__0129__throw.npy,18,throw,18,0.925126,1,"[-3.9744, 11.81789, -5.38165, 0.10253, 1.26459, 1.9224, 2.82862, 6.7929, -2.83421, -0.29406, -9.86539, -4.82117, -3.73726, -2.39592, -4.23036, 3.85339, -2.60673, -3.01361, 14.33988, 4.62887, -3.06504, -5.78605]"
42,sub7,supMAE,3,sub7-b1__0130__throw.npy,18,throw,18,0.56757057,1,"[-3.5691, 12.52856, -5.47537, 1.32298, 2.78043, 4.88605, 1.20494, 6.1027, -2.16288, 0.538, -9.62626, -5.07511, -4.79319, -1.63062, -5.18678, 3.84841, -1.87925, -2.80655, 12.80294, 2.97327, -3.84206, -5.86847]"
42,sub7,supMAE,3,sub7-b1__0131__throw.npy,18,throw,18,0.76141965,1,"[-6.31025, 11.44778, -5.46363, -1.91463, 0.22857, 0.44368, 3.64608, 5.66154, -1.36573, 0.26287, -9.7357, -2.48832, -1.01176, -4.93905, -3.33579, 4.08821, -1.36424, -1.81481, 12.61277, 3.49515, -2.01745, -4.52116]"
42,sub7,supMAE,3,sub7-b2__0001__walk.npy,20,walk,20,0.8838042,1,"[1.02689, -0.45685, 0.43019, -0.31855, -4.39496, -5.45411, 1.37788, -4.13617, -0.37107, 2.71281, -3.51611, -0.14164, -2.34255, -3.93347, -1.47726, -0.00545, -9.26016, 3.25953, 5.05068, 3.46421, 7.5172, -3.59991]"
42,sub7,supMAE,3,sub7-b2__0002__turnaround.npy,19,turnaround,18,0.556802,0,"[0.10413, -2.41354, -2.04746, -1.40708, -5.01475, -2.03154, 2.27662, -4.93973, -1.56755, 2.53356, -1.32252, 0.46824, -2.36924, -4.12101, 0.8251, 9.25091, -10.78268, -0.37275, 9.67949, 7.72246, 3.13217, -7.66853]"
42,sub7,supMAE,3,sub7-b2__0004__turnaround.npy,19,turnaround,19,0.86283803,1,"[-2.58096, -0.41356, -2.12938, -4.90407, -3.53999, -3.94359, 6.46119, -2.83245, -1.56796, 2.68601, -3.40034, 1.76551, -2.6339, -6.10402, 3.63823, 4.93238, -9.1301, -0.15114, 8.11592, 10.17962, 1.34981, -7.62341]"
42,sub7,supMAE,3,sub7-b2__0005__walk.npy,20,walk,20,0.9227138,1,"[1.45364, -0.64957, 0.82962, 0.33632, -4.27528, -4.74631, 0.35257, -4.39879, -0.21337, 2.80102, -3.13653, -0.28957, -2.77658, -3.67896, -1.61903, -0.00604, -9.26037, 3.04755, 4.55753, 3.51338, 7.66884, -3.45927]"
42,sub7,supMAE,3,sub7-b2__0006__turnaround.npy,19,turnaround,15,0.70601314,0,"[-0.43394, -3.13661, -2.31767, -2.06282, -5.91554, -2.46174, 3.53042, -4.87778, 0.26507, 1.53352, -1.98033, 1.43771, -1.1761, -4.74038, 1.5888, 10.2144, -10.91493, -0.13236, 9.25258, 6.73498, 3.70833, -7.18299]"
42,sub7,supMAE,3,sub7-b2__0007__walk.npy,20,walk,20,0.7591905,1,"[3.42976, -2.52155, -6.28671, 0.16404, 3.92885, -6.74289, -1.97375, -7.97193, 0.60254, 2.51921, -7.88048, -5.56464, -0.69678, -1.45165, -8.60846, 6.72442, -7.86696, 4.17734, 5.43668, -2.07741, 8.25968, -1.1356]"
42,sub7,supMAE,3,sub7-b2__0008__turnaround.npy,19,turnaround,19,0.6600462,1,"[0.16256, -0.26476, -1.89639, -3.50081, -3.74003, -4.15415, 5.46234, -4.4058, -2.88111, 2.2285, -2.67972, 0.53164, -2.671, -3.57866, -0.70225, 6.86321, -10.53851, -1.51956, 9.17254, 9.9545, 1.56287, -7.05056]"
42,sub7,supMAE,3,sub7-b2__0009__walk.npy,20,walk,20,0.9580248,1,"[1.89452, -1.23175, 1.07176, 0.82781, -4.37455, -5.41594, -0.28047, -5.00609, 0.28786, 2.80548, -2.93135, -0.64298, -2.74159, -3.28774, -2.7012, 0.52341, -9.55461, 3.50872, 4.03232, 3.13197, 8.11145, -2.86174]"
42,sub7,supMAE,3,sub7-b2__0010__turnaround.npy,19,turnaround,15,0.5698753,0,"[-0.7484, -2.66793, -2.21135, -2.54981, -5.4624, -1.42216, 2.89586, -4.65688, -0.11424, 1.92699, -1.8135, 1.75689, -1.58386, -5.56533, 2.33477, 9.78989, -10.74784, -0.72248, 9.36251, 7.47561, 3.11171, -7.48474]"
42,sub7,supMAE,3,sub7-b2__0011__walk.npy,20,walk,20,0.704833,1,"[2.91802, -3.23829, -7.11944, -0.3651, 4.37031, -6.30619, -1.14599, -7.57003, 0.29639, 2.83767, -7.50242, -4.684, -0.53738, -2.21561, -6.91406, 5.96117, -6.79041, 3.86385, 5.60047, -1.98702, 7.58501, -1.65213]"
42,sub7,supMAE,3,sub7-b2__0012__turnaround.npy,19,turnaround,19,0.8188588,1,"[-2.75028, -0.79964, -2.89021, -4.80129, -3.06874, -4.19077, 5.89386, -2.713, -1.07067, 2.66856, -3.59512, 1.42866, -2.36866, -6.43747, 3.76922, 4.73612, -7.99194, 0.01181, 7.71398, 9.44293, 2.40086, -6.96273]"
42,sub7,supMAE,3,sub7-b2__0013__walk.npy,20,walk,20,0.95915097,1,"[2.76263, -1.49934, 1.37786, 1.10644, -4.57503, -5.27863, -1.16346, -5.70931, 0.51743, 3.37634, -1.75792, -0.91012, -3.08427, -2.50697, -3.00493, 0.67856, -10.10782, 3.22573, 3.72586, 3.15725, 8.14858, -2.87079]"
42,sub7,supMAE,3,sub7-b2__0014__turnaround.npy,19,turnaround,15,0.57535785,0,"[-0.01695, -2.30513, -2.52778, -2.05246, -4.99014, -1.38787, 2.05966, -5.30972, 0.00317, 2.39397, -1.34985, 0.86829, -2.26451, -4.53703, 1.55894, 9.69426, -10.97169, -0.9403, 9.26358, 7.22302, 3.31553, -7.48512]"
42,sub7,supMAE,3,sub7-b2__0015__walk.npy,20,walk,20,0.80653703,1,"[1.64206, -4.38931, -6.9298, -1.08655, 1.48667, -7.91251, 0.88654, -7.46638, 0.75225, 2.86595, -5.24652, -3.08494, 1.05581, -2.69201, -4.56412, 5.42923, -6.97973, 3.9842, 5.47259, -2.22585, 7.74711, -1.18795]"
42,sub7,supMAE,3,sub7-b2__0016__turnaround.npy,19,turnaround,19,0.9591746,1,"[5.34817, -0.18134, -0.59249, -0.37455, 0.38753, -3.23037, 1.25834, -4.26411, -4.77672, 4.39795, -0.5223, -2.91799, -8.0825, 0.04741, -4.43978, 3.70786, -11.0903, -0.5843, 7.28849, 10.65569, 0.05839, -7.76692]"
42,sub7,supMAE,3,sub7-b2__0017__walk.npy,20,walk,20,0.95858234,1,"[3.12564, -1.96542, 1.75495, 0.81062, -5.01123, -5.4982, -1.47728, -6.3527, 1.04232, 3.78109, -0.47877, -0.59125, -3.09824, -2.31568, -2.52333, 0.86147, -10.48029, 3.02006, 3.27411, 3.17324, 8.16897, -2.79506]"
42,sub7,supMAE,3,sub7-b2__0018__turnaround.npy,19,turnaround,18,0.6910204,0,"[0.88075, -2.01359, -2.12662, -1.779, -3.86564, -1.39159, 0.44432, -5.08238, -1.68561, 3.36149, -0.36674, 0.19352, -2.75682, -3.97751, 0.7579, 8.54889, -10.47076, -1.04141, 9.61031, 7.27554, 3.27844, -7.73955]"
42,sub7,supMAE,3,sub7-b2__0019__walk.npy,20,walk,20,0.74120414,1,"[2.92908, -4.07174, -6.66702, -0.85261, 2.19463, -7.39937, 0.98149, -7.48849, -0.03437, 3.11497, -5.15733, -3.04144, -0.4838, -2.28156, -3.89518, 4.39048, -7.60317, 3.11505, 5.64266, -1.38491, 7.14105, -2.06306]"
42,sub7,supMAE,3,sub7-b2__0020__turnaround.npy,19,turnaround,19,0.9687687,1,"[1.3038, 0.56495, -0.85009, -2.84972, -1.89638, -3.83806, 3.92295, -4.54099, -3.11251, 4.45238, -1.79423, -2.05688, -6.38407, -2.36155, -2.29923, 5.41908, -11.43183, -0.2591, 8.02481, 11.57387, 0.09141, -8.12614]"
42,sub7,supMAE,3,sub7-b2__0021__walk.npy,20,walk,20,0.9702477,1,"[3.70291, -2.50548, 1.74122, 1.75881, -4.55836, -5.47616, -2.47396, -6.57585, 0.86754, 3.67538, -0.58963, -1.13309, -3.1532, -1.74041, -3.67089, 1.24485, -10.30287, 3.43615, 2.87638, 2.68644, 8.57401, -2.33745]"
42,sub7,supMAE,3,sub7-b2__0022__turnaround.npy,19,turnaround,18,0.59285194,0,"[-1.26305, -1.96221, -2.77099, -3.45401, -4.711, 0.23667, 1.91935, -3.80974, -0.08138, 2.36349, -0.14069, 2.28589, -1.71722, -5.96865, 4.66712, 8.51822, -8.72022, -1.8799, 9.20115, 7.41059, 2.15717, -7.64097]"
42,sub7,supMAE,3,sub7-b2__0023__walk.npy,20,walk,20,0.46868402,1,"[1.65015, -5.03473, -6.74713, -1.14372, 0.69569, -6.64451, 2.93214, -6.1389, 0.38677, 1.85543, -5.26366, -0.71255, 0.46142, -4.1012, -1.6254, 4.5488, -7.28056, 3.01431, 6.32036, -1.37049, 6.43629, -2.41521]"
42,sub7,supMAE,3,sub7-b2__0026__hop.npy,9,hop,9,0.71108556,1,"[2.43487, 0.0516, -1.20889, 1.57186, -0.49161, -4.83464, -2.44971, -8.15447, -0.27601, 6.78449, -2.7913, -4.51733, -4.43288, -0.66724, -5.59212, 5.31437, -10.01262, 3.67097, 3.07255, 3.27557, 3.8901, -3.31498]"
42,sub7,supMAE,3,sub7-b2__0027__hop.npy,9,hop,9,0.9884194,1,"[3.37521, 0.55899, -3.95176, -0.96601, 3.34255, -3.66291, -2.57255, -8.27468, -1.31729, 9.85805, -1.60819, -4.59563, -5.53444, -0.62256, -3.69796, 3.75342, -7.41676, 0.86085, 3.08183, 4.53562, 1.0903, -4.42018]"
42,sub7,supMAE,3,sub7-b2__0028__hop.npy,9,hop,9,0.9669768,1,"[3.82366, -0.1951, -2.72239, -0.03466, 1.9459, -4.22561, -2.75633, -8.69509, -0.39969, 8.92164, -1.68325, -4.41218, -5.74401, -0.72847, -4.79592, 4.41839, -9.29488, 1.73616, 2.97766, 4.38092, 2.4507, -4.01187]"
42,sub7,supMAE,3,sub7-b2__0029__hop.npy,9,hop,9,0.9725749,1,"[3.41442, -0.19165, -2.81785, -0.11939, 2.08902, -4.67351, -2.98048, -8.67598, -0.46861, 9.02456, -1.53929, -4.84053, -5.22197, -0.32706, -5.53438, 4.66664, -8.57522, 2.16157, 2.51137, 3.92829, 2.64566, -3.50653]"
42,sub7,supMAE,3,sub7-b2__0030__jump.npy,10,jump,10,0.970448,1,"[3.2632, -3.69378, 3.13629, -1.94674, -7.06411, -3.74232, -2.64127, -10.47664, -0.40127, 9.77639, 13.32421, 3.69241, -3.23987, -0.91245, 6.68497, -0.77724, -10.80562, -1.02271, 0.81656, 4.54044, 3.42381, -5.74253]"
42,sub7,supMAE,3,sub7-b2__0031__jump.npy,10,jump,10,0.990851,1,"[3.57724, -4.21064, 1.93398, -3.69175, -6.6881, -4.67158, -2.7307, -11.2895, 0.6172, 10.87339, 15.63487, 4.40057, -2.51874, -0.98511, 8.29012, -1.42897, -9.7592, -2.04034, 0.15406, 3.99508, 3.42381, -5.03912]"
42,sub7,supMAE,3,sub7-b2__0032__jump.npy,10,jump,10,0.9627247,1,"[3.46616, -3.34955, 1.85695, -3.73929, -6.38403, -4.81745, -1.90677, -11.03791, -0.67881, 11.01274, 14.3121, 3.85335, -2.56853, -0.88784, 7.92625, -1.13372, -10.09458, -2.02179, 0.79382, 4.65726, 2.61016, -5.68489]"
42,sub7,supMAE,3,sub7-b2__0033__jump.npy,10,jump,10,0.9844297,1,"[4.32839, -3.72737, 2.66508, -3.57513, -6.94835, -4.20544, -2.03881, -11.15852, -0.21618, 10.51004, 14.80445, 4.77364, -2.79306, -0.97994, 8.61113, -1.60493, -10.80694, -2.78904, 0.51279, 4.80584, 2.5356, -5.79492]"
42,sub7,supMAE,3,sub7-b2__0034__jump.npy,10,jump,10,0.98540986,1,"[3.87678, -4.20334, 1.83723, -3.85648, -6.32904, -4.76716, -2.25656, -11.25824, -0.68514, 11.10335, 15.39938, 4.13437, -2.75208, -0.76811, 8.61919, -1.4082, -9.9979, -2.13566, 0.51664, 4.57342, 2.66841, -5.77131]"
42,sub7,supMAE,3,sub7-b2__0035__runonspot.npy,13,runonspot,1,0.94923544,0,"[3.03739, 9.21857, -5.87378, 4.33729, 3.33229, -10.83014, 1.25619, -5.53284, 1.83571, 2.30795, -10.8365, -9.787, -2.47238, 5.11591, -12.23051, 2.66126, -6.43803, 1.85963, 5.22716, -2.88379, 1.09862, 2.84645]"
42,sub7,supMAE,3,sub7-b2__0036__runonspot.npy,13,runonspot,1,0.813547,0,"[4.08334, 9.10437, -7.49769, 1.24878, 6.6415, -7.15123, 0.38787, -5.61488, -1.15713, 6.48683, -7.87408, -7.69703, -4.22687, 3.78031, -8.01239, 0.5725, -4.8687, -0.96865, 6.2672, -0.57675, -1.65679, -1.03172]"
42,sub7,supMAE,3,sub7-b2__0037__runonspot.npy,13,runonspot,1,0.94538254,0,"[3.92638, 9.47173, -6.20848, 3.79515, 4.88839, -9.07617, 0.68631, -4.96407, 0.73998, 2.77792, -11.59813, -9.21764, -2.83436, 4.61729, -12.43244, 2.2337, -6.19516, 1.07114, 5.94234, -2.22918, 0.49501, 1.80498]"
42,sub7,supMAE,3,sub7-b2__0038__runonspot.npy,13,runonspot,1,0.9643682,0,"[4.04004, 10.41612, -6.86917, 3.33128, 6.33054, -9.1981, 0.71875, -4.75306, 0.42218, 2.89832, -11.5272, -9.77492, -3.32917, 4.79561, -12.2406, 1.61174, -5.20649, 0.56749, 6.06821, -2.15833, -0.85995, 1.72344]"
42,sub7,supMAE,3,sub7-b2__0039__runonspot.npy,13,runonspot,1,0.8791356,0,"[3.64566, 9.26882, -7.17999, 3.16162, 5.26283, -8.70805, 1.4409, -4.35949, 0.78401, 2.65198, -12.43137, -8.8696, -2.66838, 3.25173, -11.72896, 2.44343, -5.82734, 1.19447, 7.0352, -2.31157, 0.3243, 1.36492]"
42,sub7,supMAE,3,sub7-b2__0040__runonspot.npy,13,runonspot,1,0.77039057,0,"[3.26666, 8.73115, -8.30906, 3.83734, 6.894, -9.15461, 0.65397, -4.18562, 1.05437, 2.23387, -13.54143, -10.36124, -2.3932, 3.66937, -13.25741, 2.87992, -4.38796, 2.30719, 6.53662, -3.55061, 0.79787, 2.58293]"
42,sub7,supMAE,3,sub7-b2__0041__buttkicks.npy,4,buttkicks,4,0.99789256,1,"[4.65277, 6.47895, -9.79081, 0.23774, 14.6616, -3.59857, -4.16018, -3.32045, -3.93465, 8.19366, -9.10949, -9.22337, -6.45387, 1.70994, -9.44186, 0.37664, 0.0114, 0.48426, 6.28133, 0.83399, -2.59313, -2.72759]"
42,sub7,supMAE,3,sub7-b2__0042__buttkicks.npy,4,buttkicks,4,0.9975873,1,"[4.77342, 6.4205, -9.00706, 0.63398, 14.02361, -4.33854, -4.27273, -3.57495, -3.50791, 7.48985, -10.1028, -9.55471, -5.7895, 1.92006, -11.935, 1.27052, -0.93797, 1.44148, 6.07842, 0.65134, -1.66609, -1.95314]"
42,sub7,supMAE,3,sub7-b2__0043__buttkicks.npy,4,buttkicks,4,0.9983719,1,"[3.97555, 6.14045, -10.17458, -0.02407, 14.37281, -5.09633, -3.19349, -2.98034, -3.6697, 7.32947, -11.31452, -9.47716, -4.55204, 0.9919, -11.67264, 1.33263, 0.0732, 1.68465, 6.672, -0.27703, -1.22097, -1.62095]"
42,sub7,supMAE,3,sub7-b2__0045__buttkicks.npy,4,buttkicks,4,0.99847716,1,"[4.59042, 5.95929, -9.32831, 2.39077, 13.54945, -5.84146, -3.89244, -2.69085, -2.33846, 4.85373, -13.27796, -11.07961, -4.66962, 2.21038, -14.70586, 2.41411, -1.27022, 3.40272, 6.19487, -1.32521, 0.33305, 0.15316]"
42,sub7,supMAE,3,sub7-b2__0046__airkick.npy,0,airkick,10,0.596453,0,"[7.60597, -4.02483, 3.77603, 1.4333, -8.27643, -4.71108, -2.15964, -8.96213, 2.04322, 4.89289, 8.27222, 2.78727, -3.59307, 0.00022, 5.19571, -1.13145, -12.66797, -1.69453, 1.27644, 2.59104, 5.45296, -3.48717]"
42,sub7,supMAE,3,sub7-b2__0047__airkick.npy,0,airkick,0,0.89806235,1,"[9.17553, -2.95501, 0.60294, 0.40091, -2.51145, -3.81234, -3.59602, -7.64086, -0.54188, 6.63502, 5.27626, 1.12949, -4.86608, -0.9483, 0.21973, -0.44892, -11.24268, -0.45674, 4.16653, 3.02889, 3.7855, -5.05746]"
42,sub7,supMAE,3,sub7-b2__0048__airkick.npy,0,airkick,0,0.8811725,1,"[8.49106, -2.74697, 0.92668, 0.55126, -1.90608, -5.98467, -3.60966, -7.73298, -0.28044, 5.87407, 2.0481, -0.49908, -3.52173, -0.43823, -5.0522, 1.24772, -11.42227, 1.66122, 3.85655, 2.46943, 5.38898, -3.49027]"
42,sub7,supMAE,3,sub7-b2__0051__sidekick.npy,14,sidekick,14,0.9848402,1,"[-3.11925, -0.63572, 0.23931, -5.92494, -9.22809, -3.94045, 4.49849, -3.38015, 1.99154, 4.13109, 2.17828, 7.54657, 3.86022, -8.02286, 11.87425, -0.47153, -6.05786, -0.23564, 3.83443, 2.08177, 3.72905, -4.11146]"
42,sub7,supMAE,3,sub7-b2__0052__sidekick.npy,14,sidekick,14,0.99970216,1,"[-2.88363, -2.30692, 1.93961, -5.28917, -10.77323, -1.76213, 3.43111, -4.77616, 1.8548, 4.94981, 7.4196, 9.58598, 2.20505, -7.56207, 17.82854, -1.85258, -6.70455, -1.86138, 2.38919, 3.32683, 2.51366, -5.50961]"
42,sub7,supMAE,3,sub7-b2__0053__sidekick.npy,14,sidekick,14,0.9950486,1,"[-3.95837, -1.19075, 1.56859, -6.11379, -10.52604, -2.01933, 4.27443, -4.28802, 3.39144, 4.28139, 4.78112, 9.89121, 3.53705, -8.9767, 15.21331, -0.46291, -6.80163, -1.00566, 2.91376, 2.74485, 2.42198, -4.71013]"
42,sub7,supMAE,3,sub7-b2__0054__sidekick.npy,14,sidekick,14,0.99590933,1,"[-4.13769, -1.39797, 0.48568, -6.79967, -10.03657, -1.65988, 4.1511, -3.31132, 2.38103, 4.62594, 4.72662, 10.40792, 4.42884, -9.08035, 15.91556, -1.05067, -5.17484, -1.46663, 3.27751, 2.27298, 2.44431, -4.86573]"
42,sub7,supMAE,3,sub7-b2__0055__sidekick.npy,14,sidekick,14,0.99611473,1,"[-4.54674, -1.348, 1.92163, -5.95785, -10.73932, -1.85728, 3.79382, -4.13181, 3.30899, 4.26539, 5.3593, 10.26479, 3.79717, -9.05138, 15.8267, -0.70528, -6.0316, -0.8043, 2.19732, 2.6229, 2.3321, -4.29459]"
42,sub7,supMAE,3,sub7-b2__0056__sidekick.npy,14,sidekick,14,0.9952305,1,"[-4.65456, -0.89892, 0.71217, -6.89437, -10.1378, -2.03334, 4.80406, -3.49854, 2.4211, 4.50271, 4.44245, 10.52251, 4.71059, -9.2499, 15.87566, -0.75509, -5.42169, -1.28128, 3.16044, 2.36072, 1.91766, -4.74627]"
42,sub7,supMAE,3,sub7-b2__0057__crosstoe.npy,6,crosstoe,6,0.9922936,1,"[-5.52436, 0.57026, 1.18906, -2.40775, -7.91081, -5.29366, 13.02593, -2.85696, -4.27682, -2.25357, -5.72763, 4.68592, 8.11341, -4.08157, -0.64178, 3.51497, -5.57139, 0.16865, 3.48995, 1.45007, -0.00318, -2.69997]"
42,sub7,supMAE,3,sub7-b2__0058__crosstoe.npy,6,crosstoe,6,0.9901613,1,"[-6.1317, 1.45423, 2.10612, -1.71972, -7.57129, -4.36282, 12.09006, -3.09842, -3.71992, -2.38362, -5.97371, 3.98237, 7.40497, -3.71321, -1.01265, 3.55564, -5.54768, 0.16295, 2.81039, 1.61857, -0.41394, -2.45355]"
42,sub7,supMAE,3,sub7-b2__0060__crosstoe.npy,6,crosstoe,6,0.9900641,1,"[-6.18274, 1.72879, 1.8514, -1.38725, -7.57074, -5.1873, 12.27838, -2.74593, -2.84155, -3.04494, -7.39306, 3.7094, 7.61203, -4.13804, -2.47874, 4.0066, -5.64701, 0.71296, 2.99231, 1.27938, 0.17518, -1.68941]"
42,sub7,supMAE,3,sub7-b2__0061__crosstoe.npy,6,crosstoe,6,0.97707933,1,"[-5.73532, 1.05384, 2.89159, -1.31952, -7.9418, -5.49024, 11.87534, -3.11515, -3.70281, -3.05962, -6.87157, 4.5519, 8.07047, -4.28598, -2.04536, 3.44373, -5.94319, 1.2765, 2.76864, 1.00666, 0.63293, -1.89228]"
42,sub7,supMAE,3,sub7-b2__0062__throw.npy,18,throw,18,0.9983571,1,"[-1.97108, 3.54033, -5.49342, -0.34609, 0.98452, 0.6325, 3.17362, 0.84199, -3.53163, 4.19876, -8.6426, -1.5579, -3.70839, -5.81709, -1.95385, 1.49784, -5.25864, 1.23595, 11.52986, 3.21269, 0.39581, -6.36472]"
42,sub7,supMAE,3,sub7-b2__0063__throw.npy,18,throw,18,0.9889705,1,"[-2.6691, 4.05316, -4.97646, 1.11319, 0.74633, -2.82531, 3.15849, 1.93914, -1.88609, 0.70497, -11.85667, -3.77684, -1.79468, -4.56962, -6.65061, 2.20649, -4.18691, 3.11128, 9.54616, 1.32143, 3.21636, -2.71509]"
42,sub7,supMAE,3,sub7-b2__0064__throw.npy,18,throw,18,0.99456716,1,"[-1.13857, 3.97651, -5.06062, 1.74392, 1.88032, -2.06072, 2.51909, 0.45184, -1.64292, 1.80333, -12.14411, -4.61964, -3.67109, -4.47488, -7.50467, 2.95649, -6.28981, 3.07155, 10.18261, 1.89505, 2.35866, -3.45863]"
42,sub7,supMAE,3,sub7-b2__0065__throw.npy,18,throw,18,0.9959935,1,"[-3.10841, 4.24137, -4.8875, 1.40661, 1.88034, 0.83902, 2.44197, 1.96677, -2.76514, 1.83983, -12.28569, -2.90583, -2.78507, -6.31328, -6.08383, 3.16664, -4.56391, 3.58409, 10.68419, 1.59468, 1.19541, -4.31698]"
42,sub7,supMAE,3,sub7-b2__0067__walk.npy,20,walk,20,0.98100513,1,"[4.63036, -3.27783, 2.12468, 2.48009, -5.84931, -7.28269, -2.24494, -7.60132, 2.40441, 2.97534, -0.51919, -0.70877, -2.13205, -1.03243, -3.85725, 2.11167, -11.40538, 3.1164, 1.96043, 1.17079, 9.22687, -0.82364]"
42,sub7,supMAE,3,sub7-b2__0068__turnaround.npy,19,turnaround,18,0.5873712,0,"[-2.73956, -1.59933, -3.88359, -3.6768, -4.9308, -0.21287, 2.32894, -2.25013, 0.62145, 1.61108, -2.10573, 1.97211, -0.60349, -7.05442, 5.18004, 8.9016, -6.95928, -1.65503, 9.42765, 7.06259, 2.70243, -6.49639]"
42,sub7,supMAE,3,sub7-b2__0069__walk.npy,20,walk,20,0.6476516,1,"[1.19362, -5.19908, -7.13529, -0.34814, 0.90181, -7.32882, 2.82812, -5.39059, -0.25676, 2.44758, -5.04474, -2.3515, 0.10801, -2.95689, -2.17225, 3.86265, -6.04156, 3.93786, 5.60662, -1.65493, 6.62142, -1.86544]"
42,sub7,supMAE,3,sub7-b2__0070__turnaround.npy,19,turnaround,19,0.9784707,1,"[2.70519, 0.86041, -0.17772, -2.5899, -1.71329, -3.07849, 3.15079, -5.56333, -2.88631, 4.89295, -0.5969, -1.90452, -7.31407, -2.08855, -2.72424, 5.08668, -12.66356, -0.82833, 7.70476, 11.66359, -0.22021, -8.35274]"
42,sub7,supMAE,3,sub7-b2__0071__walk.npy,20,walk,20,0.9744484,1,"[4.38958, -3.71358, 1.99077, 1.79911, -5.43223, -6.09507, -3.14649, -7.70259, 2.25746, 3.99756, 1.00261, -0.36187, -2.70263, -1.77486, -2.53168, 1.87543, -10.91988, 3.22253, 2.07408, 1.84781, 8.97826, -1.71286]"
42,sub7,supMAE,3,sub7-b2__0072__turnaround.npy,19,turnaround,15,0.55119956,0,"[-2.10652, -2.36517, -3.43827, -3.17027, -5.054, -0.42195, 2.55973, -3.20188, 0.96654, 1.46788, -2.14692, 1.9227, -1.12624, -6.72749, 4.25909, 9.47214, -8.51327, -1.06956, 9.13586, 7.07217, 2.92907, -6.84327]"
42,sub7,supMAE,3,sub7-b2__0073__walk.npy,20,walk,20,0.53583235,1,"[1.52328, -5.32326, -7.22005, -0.64615, 1.01771, -7.34433, 2.80939, -5.94981, -0.08214, 2.41955, -4.78932, -1.98535, 0.16925, -3.1751, -1.78495, 4.03749, -6.46742, 3.38433, 5.92569, -1.35904, 6.35677, -2.07309]"
42,sub7,supMAE,3,sub7-b2__0074__turnaround.npy,19,turnaround,19,0.9797767,1,"[2.13386, 0.7317, -0.38322, -2.59455, -1.98478, -2.81318, 3.19033, -5.1947, -2.37, 4.53155, -1.26324, -1.9024, -7.12827, -2.48962, -2.1478, 5.72279, -12.24886, -0.68362, 7.58799, 11.66825, -0.11105, -8.12831]"
42,sub7,supMAE,3,sub7-b2__0076__turnaround.npy,19,turnaround,18,0.6094369,0,"[-2.58849, -2.01594, -3.87865, -3.67829, -4.87465, -0.06641, 2.63964, -2.86732, 0.44812, 1.85449, -1.18461, 2.01951, -1.01165, -6.7641, 5.86778, 8.71057, -7.33357, -1.50096, 9.372, 6.97613, 2.346, -6.95349]"
42,sub7,supMAE,3,sub7-b2__0077__walk.npy,20,walk,20,0.5167332,1,"[0.60414, -5.17431, -7.21568, -0.84352, 0.03447, -6.50281, 3.4752, -5.39341, 0.54814, 1.73498, -5.41215, -0.92551, 0.92139, -4.20532, -0.46639, 4.3672, -6.30661, 3.12028, 6.15955, -1.50755, 6.49926, -2.08613]"
42,sub7,supMAE,3,sub7-b2__0078__turnaround.npy,19,turnaround,19,0.9709583,1,"[1.67485, 0.49378, -0.81387, -2.81458, -1.57156, -3.15468, 3.60525, -4.85527, -2.9025, 4.36512, -2.09047, -1.88739, -6.69963, -3.17082, -2.01673, 5.44884, -11.87694, -0.23352, 8.00154, 11.62451, 0.46951, -8.22664]"
42,sub7,supMAE,3,sub7-b2__0079__walk.npy,20,walk,20,0.96830666,1,"[4.6983, -4.02941, 2.21089, 1.69199, -5.13011, -6.14901, -3.96861, -8.06986, 2.15874, 4.42456, 1.75822, -0.62709, -2.76436, -1.35986, -3.49738, 2.15036, -10.83516, 3.37679, 1.56926, 1.949, 9.02923, -1.53741]"
42,sub7,supMAE,3,sub7-b2__0080__turnaround.npy,19,turnaround,18,0.62150645,0,"[-1.97377, -2.01855, -3.38793, -3.80926, -4.52619, -0.19151, 2.45046, -3.37837, 0.25722, 2.01311, -1.09561, 2.39754, -1.41008, -7.00093, 5.29801, 8.72498, -8.06156, -1.55293, 9.46896, 7.30766, 2.02463, -7.35588]"
42,sub7,supMAE,3,sub7-b2__0081__walk.npy,20,walk,20,0.5094465,1,"[0.60787, -5.11677, -6.97109, -0.70404, 0.18046, -6.53533, 3.65279, -5.15933, 0.36303, 1.43547, -5.5424, -1.07304, 0.56198, -4.13684, -0.23685, 4.30103, -6.36999, 3.0712, 6.06144, -1.21185, 6.39289, -2.17254]"
42,sub7,supMAE,3,sub7-b2__0082__turnaround.npy,19,turnaround,19,0.9723583,1,"[2.22404, 0.57686, -0.39986, -2.55248, -2.13338, -3.3263, 3.68847, -5.34101, -2.49484, 4.11029, -1.43347, -1.70274, -6.77232, -2.46466, -2.4781, 5.96621, -12.68188, -0.60198, 7.85567, 11.59486, 0.02768, -8.13745]"
42,sub7,supMAE,3,sub7-b2__0084__turnaround.npy,19,turnaround,15,0.3554266,0,"[-3.68141, -2.25965, -3.78054, -4.51517, -5.13523, 0.53221, 2.92197, -3.31011, 1.28738, 1.61897, -1.08573, 3.70174, 0.02146, -8.12923, 8.15009, 8.41236, -6.33771, -2.17234, 8.2106, 6.84695, 2.2534, -6.76299]"
42,sub7,supMAE,3,sub7-b2__0085__walk.npy,20,walk,18,0.4800955,0,"[1.17106, -5.41023, -6.89384, -0.42801, 0.48244, -6.01867, 3.49731, -5.02428, -0.62666, 1.93991, -4.60907, -0.7569, 0.01234, -3.53233, -0.11723, 3.41386, -6.22643, 2.76406, 5.9874, -0.91694, 5.81789, -2.82919]"
42,sub7,supMAE,3,sub7-b2__0086__turnaround.npy,19,turnaround,19,0.9816714,1,"[2.40344, 0.99086, -0.33662, -2.33625, -1.68221, -2.19815, 3.18376, -4.85725, -3.21429, 4.84803, -0.68399, -1.70343, -7.84256, -2.40961, -0.84084, 4.3525, -12.30199, -0.90933, 7.7614, 11.842, -0.461, -8.80864]"
42,sub7,supMAE,3,sub7-b2__0087__hop.npy,9,hop,9,0.99928766,1,"[2.9983, 0.40574, -6.05049, -2.6557, 6.37739, -3.91011, -4.24325, -8.92562, -3.10676, 13.78417, 2.29613, -5.85704, -5.24113, 1.44394, -2.92054, 2.34681, -3.43188, 0.18318, 1.97884, 3.85275, -0.5851, -4.64114]"
42,sub7,supMAE,3,sub7-b2__0088__hop.npy,9,hop,9,0.99778974,1,"[4.00555, -1.56823, -2.99337, -1.03724, 2.32113, -4.22895, -3.98953, -9.95456, -2.10942, 11.40366, 2.21586, -3.88284, -4.76698, 0.1731, -3.57733, 3.51539, -7.60354, 1.24043, 2.02617, 4.22218, 2.24675, -4.70442]"
42,sub7,supMAE,3,sub7-b2__0089__hop.npy,9,hop,9,0.99907374,1,"[4.33403, -0.84142, -4.89966, -1.7313, 3.96006, -5.23922, -4.41815, -10.44707, -0.62759, 12.39567, 2.09123, -5.07882, -5.12427, 0.70354, -4.57963, 3.60386, -6.48019, 0.86975, 1.83516, 3.41506, 2.11026, -3.49647]"
42,sub7,supMAE,3,sub7-b2__0090__hop.npy,9,hop,9,0.9916352,1,"[3.58712, 0.08335, -4.05244, -0.16479, 4.61233, -3.93947, -4.51643, -9.25095, -1.08033, 10.57286, -1.51982, -6.31338, -5.30133, 0.73292, -7.29211, 4.86867, -6.43213, 1.82896, 1.6193, 3.63601, 2.15225, -3.08214]"
42,sub7,supMAE,3,sub7-b2__0091__hop.npy,9,hop,9,0.9925178,1,"[3.25291, 2.46616, -6.22574, -1.28847, 7.41936, -2.88904, -4.71861, -8.21777, -1.92629, 12.36921, -1.47029, -6.95272, -5.50136, 2.43424, -6.82583, 3.03887, -3.2228, -0.2343, 1.5117, 3.40836, -0.4781, -3.34453]"
42,sub7,supMAE,3,sub7-b2__0092__jump.npy,10,jump,10,0.99972075,1,"[3.38538, -5.66963, 4.46992, -2.53068, -8.26524, -3.3759, -4.13809, -11.30838, 1.45309, 9.72982, 18.35481, 5.79236, -2.66829, -0.21131, 9.0843, -1.89231, -9.6187, -1.89981, -2.24591, 3.48626, 3.34867, -4.67149]"
42,sub7,supMAE,3,sub7-b2__0093__jump.npy,10,jump,10,0.99770266,1,"[3.65497, -5.50907, 2.43603, -3.94842, -6.63377, -5.41425, -3.60474, -12.41219, 0.02219, 11.72244, 17.82602, 4.42738, -1.86871, -0.298, 8.16751, -0.94108, -9.48881, -1.61826, -0.82752, 3.77252, 3.45273, -4.9696]"
42,sub7,supMAE,3,sub7-b2__0094__jump.npy,10,jump,10,0.99852633,1,"[3.83877, -5.69315, 2.57327, -4.19812, -7.5572, -5.48121, -2.94486, -12.15597, 0.43376, 11.31582, 17.96013, 4.98594, -1.55668, -0.43763, 9.27888, -1.30154, -9.71607, -2.08763, -0.74082, 3.66145, 3.66527, -4.91447]"
42,sub7,supMAE,3,sub7-b2__0095__jump.npy,10,jump,10,0.9995245,1,"[2.9069, -5.83038, 1.96175, -5.4019, -7.18563, -4.2813, -2.89335, -11.53117, -0.69094, 12.25826, 20.33479, 6.61509, -0.85859, -0.5839, 11.61847, -2.76614, -7.26432, -3.18143, -1.3569, 3.53001, 2.26618, -5.40354]"
42,sub7,supMAE,3,sub7-b2__0097__jump.npy,10,jump,10,0.9998275,1,"[4.18784, -6.33275, 1.92197, -4.63638, -6.72421, -5.49228, -3.77148, -12.48136, -0.35948, 12.16525, 20.90262, 5.02597, -1.18425, 0.94669, 9.55546, -2.4412, -7.6314, -2.67776, -2.09875, 2.70885, 3.33152, -4.54904]"
42,sub7,supMAE,3,sub7-b2__0098__runonspot.npy,13,runonspot,4,0.41423017,0,"[4.25681, 8.34272, -7.48189, 6.13899, 8.84256, -8.70691, -3.52424, -4.59111, -0.8377, 4.04703, -10.38324, -12.95991, -3.67006, 8.50123, -14.6418, 1.11868, -2.30829, 2.13362, 3.83093, -3.36199, 0.71889, 2.85914]"
42,sub7,supMAE,3,sub7-b2__0099__runonspot.npy,13,runonspot,4,0.94999105,0,"[4.59257, 8.841, -9.52143, 3.01311, 11.97081, -5.98197, -3.31865, -3.83857, -2.46206, 6.39073, -10.11021, -10.97306, -4.00661, 6.15812, -12.34408, -0.24016, -0.01946, 0.12835, 5.37703, -2.51106, -1.48984, 0.43566]"
42,sub7,supMAE,3,sub7-b2__0100__runonspot.npy,13,runonspot,4,0.6118662,0,"[4.55151, 9.26127, -7.76836, 4.97566, 9.87722, -7.96921, -2.72618, -4.01227, -1.63733, 3.88841, -11.59399, -12.15711, -3.41999, 7.2446, -14.61084, 0.8613, -2.03355, 1.59192, 4.87099, -3.00958, -0.45448, 2.03525]"
42,sub7,supMAE,3,sub7-b2__0101__runonspot.npy,13,runonspot,4,0.9820594,0,"[4.75161, 8.62257, -8.87073, 4.81264, 12.83169, -5.92811, -4.19691, -2.91604, -3.15345, 4.66554, -12.65798, -12.52907, -3.53851, 6.64733, -16.03282, 0.60542, 0.0323, 1.92716, 4.96913, -3.42794, -0.58961, 1.48815]"
42,sub7,supMAE,3,sub7-b2__0102__runonspot.npy,13,runonspot,4,0.91897404,0,"[4.49484, 8.91138, -9.42675, 3.15006, 11.4486, -5.98678, -2.7506, -3.62065, -2.11054, 5.27535, -11.74826, -11.1079, -3.19557, 5.46678, -14.34793, 0.9911, -0.5506, 1.25458, 5.69074, -3.50607, -0.98433, 1.18821]"
42,sub7,supMAE,3,sub7-b2__0103__runonspot.npy,13,runonspot,4,0.964652,0,"[4.42462, 9.2405, -9.09524, 4.87658, 12.64241, -5.92408, -3.34712, -2.91438, -2.3996, 3.98307, -13.2265, -12.61496, -3.80114, 6.36278, -15.36863, 1.06021, -0.46677, 1.6764, 5.12579, -3.30849, -1.20188, 1.72661]"
42,sub7,supMAE,3,sub7-b2__0104__buttkicks.npy,4,buttkicks,4,0.9998373,1,"[4.59164, 3.68694, -10.74448, 0.90502, 17.21894, -2.54108, -6.40803, -2.60522, -6.28992, 8.40154, -10.01027, -10.22015, -4.90014, 1.93246, -12.47131, 0.88573, 2.91516, 2.63119, 5.53702, -0.86322, -0.59191, -2.61428]"
42,sub7,supMAE,3,sub7-b2__0105__buttkicks.npy,4,buttkicks,4,0.99995553,1,"[4.91814, 4.4591, -11.08394, 1.43041, 18.00392, -3.33547, -6.61508, -2.72, -5.6611, 7.81274, -10.22264, -11.49991, -5.10179, 3.05412, -13.56049, 0.55952, 3.34269, 2.42651, 5.12759, -1.46877, -0.88465, -1.48236]"
42,sub7,supMAE,3,sub7-b2__0106__buttkicks.npy,4,buttkicks,4,0.99978644,1,"[4.34784, 5.14821, -11.14396, 0.80982, 16.46818, -4.15661, -5.36379, -2.66282, -4.52752, 7.80526, -10.89931, -11.04511, -4.54864, 2.46192, -12.97084, 0.68973, 2.52772, 2.01282, 5.67727, -1.34415, -0.59321, -1.0911]"
42,sub7,supMAE,3,sub7-b2__0107__buttkicks.npy,4,buttkicks,4,0.9991615,1,"[5.14594, 2.64036, -11.06661, -1.17834, 16.76813, -3.1093, -5.82362, -2.99625, -5.95903, 9.64892, -8.32679, -8.85092, -4.56816, 0.72873, -10.90412, 0.2805, 2.84368, 1.74185, 5.88284, -0.33363, -0.66148, -3.10997]"
42,sub7,supMAE,3,sub7-b2__0108__buttkicks.npy,4,buttkicks,4,0.9991352,1,"[5.36833, 3.35937, -10.07366, -0.17285, 15.35171, -4.239, -5.02147, -2.9197, -4.67865, 8.11237, -9.81341, -9.40555, -4.60286, 1.02041, -12.37777, 1.21521, 0.61185, 2.39145, 6.04371, -0.22672, 0.00072, -2.21919]"
42,sub7,supMAE,3,sub7-b2__0109__buttkicks.npy,4,buttkicks,4,0.99954045,1,"[5.42934, 2.56271, -9.86452, 0.39185, 15.78618, -4.10402, -5.89934, -3.06267, -5.33445, 7.9104, -9.93459, -10.00084, -4.51937, 1.36846, -12.99357, 1.44578, 0.85621, 3.05404, 5.69583, -0.39808, 0.62573, -2.11065]"
42,sub7,supMAE,3,sub7-b2__0110__airkick.npy,0,airkick,0,0.9887518,1,"[11.01895, -2.48137, 1.40348, 2.06332, -1.75525, -3.53221, -5.19746, -8.05621, -0.28197, 6.29548, 3.7975, -0.334, -5.35238, 1.08069, -2.92523, -0.0141, -12.05984, -0.83893, 3.38748, 2.72145, 3.79622, -4.26378]"
42,sub7,supMAE,3,sub7-b2__0111__airkick.npy,0,airkick,0,0.9319048,1,"[9.53866, -3.55265, 3.08013, 0.34782, -4.4143, -4.40449, -3.98686, -8.73441, 0.23334, 6.38891, 5.58967, 2.25053, -3.26533, -0.5659, -0.95584, 0.07504, -12.50894, -0.73465, 2.46633, 3.09484, 4.39952, -4.30518]"
42,sub7,supMAE,3,sub7-b2__0113__airkick.npy,0,airkick,0,0.99085426,1,"[11.79098, -2.10206, 1.13662, 1.03177, -1.74509, -2.70801, -4.17379, -7.99978, -1.29043, 6.88636, 4.74459, 0.4943, -5.78957, 0.9084, -0.7114, -1.14649, -12.12703, -2.58711, 4.01056, 3.85005, 2.4288, -5.82018]"
42,sub7,supMAE,3,sub7-b2__0114__airkick.npy,0,airkick,0,0.99427116,1,"[12.06874, -1.67138, -1.07883, 3.22435, 2.27212, -3.20469, -6.38542, -7.53787, -0.5721, 6.75109, 1.76695, -3.29925, -7.72963, 2.12528, -4.98218, 0.27, -11.16247, -0.31923, 4.25464, 2.67468, 2.50909, -4.05368]"
42,sub7,supMAE,3,sub7-b2__0115__airkick.npy,0,airkick,0,0.9387228,1,"[8.92765, -4.03516, 2.75252, 2.64941, -4.96078, -3.09824, -4.12031, -7.83199, 0.19006, 5.2314, 4.30721, 1.17536, -4.50226, -0.51254, -0.16744, 0.53278, -12.659, 0.32125, 2.97897, 2.7191, 5.05619, -4.35723]"
42,sub7,supMAE,3,sub7-b2__0116__sidekick.npy,14,sidekick,14,0.99950254,1,"[-4.38214, -0.28348, 0.48571, -7.80366, -10.17828, -0.93318, 5.80942, -2.95957, -0.06574, 4.90045, 5.05356, 11.66743, 5.10858, -8.95472, 19.28032, -2.67312, -4.36952, -3.75593, 3.48799, 3.17457, 0.60083, -6.15785]"
42,sub7,supMAE,3,sub7-b2__0117__sidekick.npy,14,sidekick,14,0.9994978,1,"[-4.75126, -0.53715, 0.98694, -7.17041, -10.31977, -0.80129, 5.95213, -2.76747, 0.39467, 4.23368, 4.69854, 11.6006, 4.7242, -9.33615, 19.20309, -2.32933, -4.72108, -2.98896, 3.40997, 3.04463, 0.52778, -5.9773]"
42,sub7,supMAE,3,sub7-b2__0118__sidekick.npy,14,sidekick,14,0.99984705,1,"[-4.05264, 0.02543, -0.05695, -7.81923, -10.33878, -1.17896, 6.59509, -2.88329, 1.186, 4.38432, 5.00542, 11.92661, 4.70337, -8.91926, 20.71974, -2.78734, -4.71825, -4.4582, 3.67012, 2.90576, 0.09043, -5.93158]"
42,sub7,supMAE,3,sub7-b2__0119__sidekick.npy,14,sidekick,14,0.9983551,1,"[-3.89409, -0.5029, 1.01772, -6.73193, -9.7117, -0.74285, 4.66998, -2.83961, 0.49681, 4.72689, 4.83911, 10.47211, 3.63975, -8.69788, 16.89329, -1.93569, -5.33564, -2.25332, 3.61231, 3.25415, 1.03971, -6.15443]"
42,sub7,supMAE,3,sub7-b2__0120__sidekick.npy,14,sidekick,14,0.99202174,1,"[-3.50314, -0.4547, 0.73275, -6.39273, -9.30657, -1.29498, 4.70139, -2.76912, 1.74095, 4.00173, 2.2711, 9.71546, 3.76135, -9.27885, 14.55725, -0.53952, -6.10399, -1.34544, 4.13575, 2.90167, 1.80337, -5.48026]"
42,sub7,supMAE,3,sub7-b2__0121__crosstoe.npy,6,crosstoe,6,0.98642886,1,"[-5.79696, -0.03235, 1.18958, -2.63383, -8.19642, -5.26908, 13.16446, -3.1653, -4.78626, -2.07384, -5.07975, 5.68498, 8.826, -4.13474, 0.45262, 3.10861, -5.34522, -0.20272, 3.61225, 1.34634, 0.04959, -3.13822]"
42,sub7,supMAE,3,sub7-b2__0122__crosstoe.npy,6,crosstoe,6,0.9901012,1,"[-6.1199, 0.84446, 1.35726, -2.14355, -7.60419, -5.16809, 12.66484, -3.28601, -3.64254, -2.21326, -6.23416, 4.5218, 8.00132, -4.18812, -1.29674, 3.78902, -5.61396, 0.37069, 3.38383, 1.31894, -0.1222, -2.49905]"
42,sub7,supMAE,3,sub7-b2__0123__crosstoe.npy,6,crosstoe,6,0.9897071,1,"[-6.20404, -0.02458, 1.11318, -3.32635, -8.12788, -5.55417, 13.43175, -3.4263, -3.36781, -2.11507, -5.76729, 6.42647, 8.75284, -5.62002, -0.34263, 3.96847, -6.19402, -0.10824, 4.30846, 1.52778, -0.01683, -2.94712]"
42,sub7,supMAE,3,sub7-b2__0125__crosstoe.npy,6,crosstoe,6,0.96906537,1,"[-5.68423, 2.93114, 2.57172, -0.03341, -6.20143, -3.61585, 10.02313, -2.7541, -4.2688, -2.48163, -7.5704, 1.61278, 6.44695, -2.51355, -3.71808, 3.57154, -4.78123, 1.20172, 2.01284, 1.18618, -0.18404, -1.64286]"
42,sub7,supMAE,3,sub7-b2__0126__throw.npy,18,throw,18,0.9959791,1,"[-0.76687, 5.65563, -5.09246, 1.95214, 2.69845, 0.9339, 2.14337, -0.47386, -2.2321, 3.35621, -11.87987, -4.70189, -5.50006, -4.04438, -7.29925, 4.24587, -7.7985, 2.46843, 11.61051, 2.6311, -0.20234, -5.69001]"
42,sub7,supMAE,3,sub7-b2__0127__throw.npy,18,throw,18,0.88934886,1,"[-1.26255, 3.60762, -4.24477, 1.16519, -0.62808, -4.55639, 2.62814, -1.58714, 2.4966, 0.76535, -12.09149, -3.8524, -2.0159, -5.12605, -7.9995, 5.15505, -7.79092, 3.43668, 7.99873, 0.63701, 4.54517, -0.63564]"
42,sub7,supMAE,3,sub7-b2__0129__throw.npy,18,throw,18,0.99437344,1,"[-2.85709, 4.56698, -4.2346, -0.08909, 0.65694, -2.08658, 3.20295, -0.0047, -1.18652, 2.32862, -11.15325, -2.75198, -2.91033, -6.26424, -6.16547, 4.62695, -6.82887, 3.97052, 10.90922, 2.74779, 1.08862, -4.54674]"
42,sub7,supMAE,3,sub7-b2__0130__throw.npy,18,throw,18,0.9956201,1,"[-2.89524, 4.60916, -4.09848, 0.83864, 0.58645, 0.30951, 2.76159, 0.56758, -1.97204, 2.64911, -11.00351, -2.77715, -3.27679, -5.838, -5.22265, 4.05384, -6.64735, 3.26103, 10.90486, 2.75318, 0.77647, -5.12657]"
42,sub7,supMAE,3,sub7-c__0001__sit.npy,15,sit,15,0.9915366,1,"[-1.56498, -3.11013, -3.87614, -0.49595, -2.87481, -2.18733, 1.86939, -2.11074, 2.92045, -0.07069, -5.15526, -0.49204, -3.5088, -5.90834, -1.67067, 11.11337, -7.1836, 2.94877, 5.87368, 5.00623, 3.01818, -4.19328]"
42,sub7,supMAE,3,sub7-c__0002__stand.npy,17,stand,17,0.98750776,1,"[1.41517, -9.33773, -5.67551, 0.16693, 0.09739, -9.88233, 0.97496, -2.83779, -2.69283, 3.80554, 2.09162, -1.49049, -1.60009, -1.74199, -2.83085, 1.17697, -2.48397, 9.28407, 3.29846, -2.33824, 3.75208, -1.66941]"
42,sub7,supMAE,3,sub7-c__0003__sit.npy,15,sit,15,0.9906087,1,"[-2.05092, -3.19373, -3.2475, -1.48342, -3.99679, -2.19712, 2.04672, -2.61295, 3.94982, -0.76757, -5.45902, 0.9079, -1.5265, -6.93273, -0.37748, 10.89877, -7.07623, 2.12359, 5.66418, 4.53535, 4.0747, -3.57226]"
42,sub7,supMAE,3,sub7-c__0004__stand.npy,17,stand,17,0.99763656,1,"[1.39094, -7.1971, -4.48256, 3.72429, 1.88306, -9.62804, -0.84849, -1.10249, -3.31535, 3.07392, 0.34797, -4.47701, -2.94781, 0.81023, -7.70177, -0.51716, -1.47272, 10.76626, 1.59771, -4.12944, 3.26556, 0.74295]"
42,sub7,supMAE,3,sub7-c__0005__sit.npy,15,sit,15,0.98517066,1,"[-1.3291, -3.58919, -3.2674, -1.39406, -3.34551, -2.1342, 1.31991, -2.56569, 2.91379, 0.21244, -3.72179, 0.90109, -2.36075, -6.19277, -0.73786, 10.12807, -6.4503, 2.09484, 5.36275, 4.52897, 3.56848, -4.07028]"
42,sub7,supMAE,3,sub7-c__0006__stand.npy,17,stand,17,0.9961306,1,"[1.59259, -7.13144, -4.5381, 3.02227, 1.36068, -10.64147, 0.09086, -1.29996, -3.84422, 3.48656, 1.05537, -3.93656, -2.51659, 1.08096, -6.85701, -1.08836, -1.6254, 10.18025, 1.76221, -4.05806, 3.22541, 0.45105]"
42,sub7,supMAE,3,sub7-c__0007__sit.npy,15,sit,15,0.98297036,1,"[-1.99696, -2.4208, -3.68923, -1.24279, -3.85665, -2.48164, 2.69157, -2.27611, 2.94372, -0.4793, -5.85794, 0.15424, -1.99088, -6.57299, -0.92825, 11.01902, -7.60726, 1.79036, 6.64346, 5.32415, 3.72387, -4.09106]"
42,sub7,supMAE,3,sub7-c__0008__stand.npy,17,stand,17,0.99572384,1,"[1.20798, -8.04453, -4.29606, 2.72509, 1.73107, -9.66298, -0.71762, -1.40423, -4.24803, 4.10845, 2.02871, -3.38571, -2.24209, 0.81893, -6.94444, -1.38666, -1.00695, 10.27162, 1.63856, -3.96864, 3.06931, -0.0764]"
42,sub7,supMAE,3,sub7-c__0009__sit.npy,15,sit,15,0.9858354,1,"[-0.83358, -3.87601, -2.52778, -1.36118, -4.44365, -2.77476, 1.70481, -3.14797, 3.47469, -0.45086, -3.86962, 1.60604, -1.41247, -6.26977, -0.62563, 10.59069, -7.91966, 2.0108, 5.98171, 3.94131, 4.26431, -3.87972]"
42,sub7,supMAE,3,sub7-c__0010__stand.npy,17,stand,17,0.9971444,1,"[2.21925, -8.23162, -3.97769, 3.50678, 1.95235, -9.12574, -0.80221, -0.9513, -4.82881, 3.63866, 1.79923, -3.58996, -3.61364, 1.20211, -7.36021, -1.14805, -2.14406, 10.66043, 2.15602, -3.44195, 2.68736, -0.96232]"
42,sub7,supMAE,3,sub7-c__0011__sit.npy,15,sit,15,0.9855677,1,"[-1.87452, -3.98896, -3.84306, -1.70379, -2.41429, -1.22143, 1.29179, -1.83759, 2.42937, 0.45147, -3.51169, 1.41563, -2.88127, -6.87446, -0.44048, 10.20825, -5.79827, 2.21545, 5.34625, 4.93982, 2.78198, -4.68953]"
42,sub7,supMAE,3,sub7-c__0013__sit.npy,15,sit,15,0.9893953,1,"[-1.1956, -3.82039, -3.55835, -0.45518, -1.96532, -1.24502, 0.27622, -2.75843, 2.44121, 0.92471, -3.72268, -0.29839, -4.14177, -5.91472, -1.45234, 10.388, -6.44384, 3.04267, 4.92069, 5.00982, 3.10145, -4.50754]"
42,sub7,supMAE,3,sub7-c__0014__stand.npy,17,stand,17,0.9969687,1,"[0.81579, -7.47332, -4.99869, 3.19478, 1.6664, -9.65657, 0.16329, -0.91777, -3.94741, 3.37158, 0.333, -3.76114, -2.38938, 0.2054, -6.67467, -0.26491, -1.51781, 10.42092, 2.57212, -3.69311, 3.08326, -0.40763]"
42,sub7,supMAE,3,sub7-c__0015__squat.npy,16,squat,16,0.9979651,1,"[-6.28917, 6.29461, -11.04849, 0.79266, 11.18689, 6.12417, -4.05942, 5.10994, -10.09912, 9.10912, -5.68723, -7.20027, 2.58409, 3.89726, -2.87983, -5.95491, 17.51513, -0.77745, -0.56124, -3.87761, -3.79651, -0.91892]"
42,sub7,supMAE,3,sub7-c__0016__squat.npy,16,squat,16,0.9982692,1,"[-5.9613, 6.46636, -10.11922, 2.28096, 9.90949, 3.84743, -4.77234, 3.67754, -9.21291, 8.9164, -4.71044, -8.56385, 2.76368, 6.11364, -3.84115, -6.24823, 16.62496, -0.35989, -1.87784, -4.43554, -2.53111, 0.55696]"
42,sub7,supMAE,3,sub7-c__0017__squat.npy,16,squat,16,0.9961351,1,"[-5.74124, 7.01223, -10.25406, 2.83883, 10.33968, 5.56724, -4.10236, 5.13704, -9.68787, 7.03907, -7.96426, -8.71154, 3.17764, 5.42527, -6.84461, -5.49832, 15.98288, 0.34299, -0.65293, -5.12613, -2.31304, 0.61432]"
42,sub7,supMAE,3,sub7-c__0018__squat.npy,16,squat,16,0.99646145,1,"[-5.85722, 7.02761, -10.64002, 2.61216, 11.07442, 7.15156, -4.42151, 6.0766, -10.32083, 7.12984, -8.17493, -8.5871, 2.68713, 4.87223, -6.38147, -5.57704, 16.77874, 0.19211, -0.21003, -4.84877, -2.77932, -0.12901]"
42,sub7,supMAE,3,sub7-c__0019__squat.npy,16,squat,16,0.9951891,1,"[-5.6545, 7.02872, -10.2268, 3.30908, 10.66203, 6.17295, -4.33199, 5.4873, -10.00997, 6.67849, -8.45352, -9.17169, 2.87254, 5.56613, -7.20066, -5.43016, 16.06099, 0.46508, -0.64293, -5.00136, -2.36309, 0.56684]"
42,sub7,supMAE,3,sub7-c__0020__squat.npy,16,squat,16,0.9962734,1,"[-5.63461, 6.37499, -9.19707, 3.78757, 9.67523, 5.5541, -4.41446, 4.89277, -10.44323, 6.69484, -7.69945, -8.91108, 3.19841, 5.84893, -7.1653, -5.46281, 15.3936, 0.82771, -1.1994, -4.84865, -1.76215, 0.53717]"
42,sub7,supMAE,3,sub7-c__0021__squat.npy,16,squat,16,0.99686724,1,"[-6.06434, 6.82402, -10.13278, 2.66546, 10.10288, 6.32778, -3.8373, 5.45742, -9.51968, 6.66415, -8.4551, -8.35499, 3.30479, 4.30646, -6.64887, -5.22772, 15.96748, 0.67464, -0.62917, -5.19246, -2.32977, 0.69915]"
42,sub7,supMAE,3,sub7-c__0022__pickup.npy,11,pickup,11,0.5046062,1,"[-2.18186, -0.9937, 7.3558, -5.51857, -10.19891, -3.34321, 6.82902, -5.33961, -6.90937, 1.17264, -0.66003, 11.32579, 11.27607, -5.37911, -0.02943, -1.86203, -6.02972, -1.84308, -0.5924, 1.89561, 1.78369, -3.25151]"
42,sub7,supMAE,3,sub7-c__0023__pickup.npy,11,pickup,12,0.7406189,0,"[-2.80153, -0.739, 6.71715, -5.29863, -9.38124, -2.93825, 6.50804, -4.96108, -7.36956, 1.29509, -0.81561, 10.45993, 11.55152, -4.81946, -0.60326, -1.85714, -4.67782, -1.45643, -0.70645, 1.48413, 1.34681, -3.06997]"
42,sub7,supMAE,3,sub7-c__0024__pickup.npy,11,pickup,12,0.7646549,0,"[-2.92218, -0.78908, 6.08798, -5.53832, -8.96048, -2.96044, 6.65361, -4.8829, -7.63085, 1.55903, -0.94352, 10.50068, 11.71238, -4.98376, -0.2541, -1.92362, -4.22694, -1.53524, -0.43383, 1.41613, 1.24535, -3.23452]"
42,sub7,supMAE,3,sub7-c__0025__pushchair.npy,12,pushchair,12,0.831052,1,"[-1.24813, -1.73732, 8.2171, -3.27782, -10.55703, -4.91951, 4.27955, -6.75611, -5.02101, 1.39259, -0.99662, 7.94882, 10.39877, -3.47435, -3.18406, -0.43176, -7.43925, -0.14463, -1.90703, 1.5668, 3.95459, -1.64253]"
42,sub7,supMAE,3,sub7-c__0026__pushchair.npy,12,pushchair,12,0.9565847,1,"[-2.03644, 0.67623, 6.50912, -2.95081, -8.12517, -3.76964, 4.21275, -5.49518, -6.75775, 1.95433, -1.63848, 6.27311, 10.25416, -1.65427, -3.54703, -1.54215, -4.64171, -1.00221, -1.76749, 1.31771, 1.75668, -2.03671]"
42,sub7,supMAE,3,sub7-c__0027__pushchair.npy,12,pushchair,12,0.9773744,1,"[-2.70087, 1.58384, 2.08164, -4.35219, -3.92557, -3.141, 3.99424, -4.26503, -9.44372, 5.17495, -0.53214, 4.68872, 9.6542, -0.17784, -0.82031, -3.64769, 0.47937, -2.51722, -1.2568, 1.24303, -0.4812, -3.1495]"
42,sub7,supMAE,3,sub7-c__0028__pushchair.npy,12,pushchair,12,0.9925962,1,"[-2.44085, -0.333, 3.11792, -4.97959, -5.8542, -5.2957, 4.43269, -5.603, -8.01852, 4.24546, -1.48601, 6.06171, 11.32556, -2.23622, -3.30391, -1.74797, -1.97246, -0.63589, -1.15766, 0.73696, 2.11021, -2.13944]"
42,sub7,supMAE,3,sub7-c__0030__sit.npy,15,sit,15,0.47761396,1,"[-1.3196, 0.73341, -1.23447, 2.60729, -1.4641, -2.01046, 0.26051, 0.7919, 0.78527, -1.00289, -8.26597, -4.44142, -8.13016, -4.42078, -4.26669, 7.59513, -7.96941, 6.47494, 5.34955, 7.15822, 2.12728, -4.1104]"
42,sub7,supMAE,3,sub7-c__0031__stand.npy,17,stand,17,0.99796945,1,"[1.43076, -6.76656, -5.92127, 1.52265, 3.45029, -9.49576, 0.20301, -1.49952, -2.98469, 2.47163, -3.69628, -4.54048, -2.76303, -1.62805, -7.9339, 1.84136, -2.43574, 11.13575, 3.6256, -2.86868, 3.72082, -1.14479]"
42,sub7,supMAE,3,sub7-c__0032__sit.npy,15,sit,15,0.57791084,1,"[-1.03895, -0.06787, -0.98462, 2.69385, -0.82167, -1.00647, -0.46569, 0.31618, 1.00939, -0.90016, -8.4332, -4.36673, -8.46812, -4.71339, -5.40687, 8.21899, -8.45545, 7.19763, 5.50316, 7.00152, 2.04696, -4.47139]"
42,sub7,supMAE,3,sub7-c__0033__stand.npy,17,stand,17,0.99778736,1,"[2.09956, -4.69034, -4.85335, 4.35712, 5.6185, -9.24462, -0.83045, -0.40609, -5.21068, 1.73906, -5.98445, -7.37048, -3.82372, 1.17237, -13.06861, 0.90919, -3.0281, 12.23247, 3.95208, -3.36247, 3.35774, -1.18057]"
42,sub7,supMAE,3,sub7-c__0034__sit.npy,15,sit,15,0.9957541,1,"[-2.86349, -2.40137, -3.77179, -0.69812, -2.95124, -1.69424, 1.8222, -1.93699, 3.65764, 0.09823, -6.39902, -0.91802, -3.43385, -6.6088, -1.9525, 11.92837, -6.91902, 3.45572, 5.49659, 5.72678, 2.76006, -4.03865]"
42,sub7,supMAE,3,sub7-c__0036__sit.npy,15,sit,15,0.9940434,1,"[-1.26987, -3.65736, -2.2524, 0.88488, -3.89812, -3.76045, 1.75624, -2.9523, 3.15237, -0.68419, -6.91653, -1.29922, -2.74992, -5.47578, -3.8316, 11.66643, -8.99688, 4.7152, 5.87752, 4.56407, 4.61613, -3.20577]"
42,sub7,supMAE,3,sub7-c__0037__stand.npy,17,stand,17,0.9977114,1,"[2.22772, -5.99976, -4.52556, 4.57921, 3.87957, -9.90202, -0.76937, -0.50926, -4.7867, 2.52228, -2.61685, -6.26067, -4.1613, 1.46862, -9.65041, -0.53982, -2.44755, 11.42899, 2.43772, -3.56683, 3.216, -0.29508]"
42,sub7,supMAE,3,sub7-c__0038__sit.npy,15,sit,15,0.9892813,1,"[-2.28964, -3.10316, -3.72873, -0.86531, -3.50362, -0.92257, 1.44365, -1.78184, 3.46826, 0.027, -5.19975, 0.09111, -2.88482, -6.70931, -0.07433, 10.77962, -6.54895, 2.46994, 5.69, 4.9316, 3.51058, -4.33861]"
42,sub7,supMAE,3,sub7-c__0039__stand.npy,17,stand,17,0.99767035,1,"[1.55415, -7.2837, -4.73863, 3.41574, 2.35487, -9.35713, -0.47273, -0.78351, -4.44797, 2.98744, -0.27484, -4.35698, -2.89146, 0.67185, -7.57756, -0.33931, -1.61259, 10.78964, 2.29664, -3.81582, 3.47589, -0.42482]"
42,sub7,supMAE,3,sub7-c__0040__squat.npy,16,squat,16,0.995314,1,"[-6.00124, 7.21121, -9.29993, 3.68053, 9.12858, 4.28644, -3.41785, 4.8458, -9.41208, 6.11408, -8.64649, -9.02313, 3.6069, 5.75669, -7.58338, -4.88092, 14.71906, 0.94876, -0.7375, -4.9885, -1.86605, 1.13544]"
42,sub7,supMAE,3,sub7-c__0041__squat.npy,16,squat,16,0.9963084,1,"[-5.83307, 7.31029, -9.60366, 3.29245, 9.74652, 5.13765, -3.18581, 5.35304, -10.24117, 5.88101, -8.79313, -8.62389, 3.714, 5.75824, -7.13801, -5.38487, 15.48732, 0.27987, -0.55606, -4.71987, -2.52929, 0.50649]"
42,sub7,supMAE,3,sub7-c__0042__squat.npy,16,squat,16,0.9946479,1,"[-5.90961, 7.213, -9.28946, 3.47234, 9.24144, 4.68532, -3.27469, 4.8009, -9.59467, 6.00492, -8.80847, -8.7818, 3.81882, 5.57343, -7.72439, -4.88557, 14.67072, 0.78669, -0.86018, -5.02563, -2.02415, 1.02173]"
42,sub7,supMAE,3,sub7-c__0043__squat.npy,16,squat,16,0.9975126,1,"[-6.14279, 6.80644, -9.86888, 3.10484, 9.46251, 4.73244, -3.50141, 5.31052, -9.03583, 6.44465, -8.52261, -8.6042, 3.7377, 5.00222, -7.24138, -4.88757, 15.60562, 0.8947, -0.77279, -5.27887, -2.05746, 1.10504]"
42,sub7,supMAE,3,sub7-c__0044__squat.npy,16,squat,16,0.997635,1,"[-6.27663, 6.81905, -9.71138, 2.88663, 9.25678, 4.35623, -3.15941, 4.94617, -9.20358, 6.20796, -8.56784, -8.51945, 4.06437, 4.91507, -7.10208, -4.91457, 15.46399, 0.98004, -0.91737, -5.18313, -1.92961, 1.24905]"
42,sub7,supMAE,3,sub7-c__0045__squat.npy,16,squat,16,0.99897504,1,"[-6.43575, 6.10121, -8.6343, 2.38904, 8.25375, 5.75954, -3.1086, 5.30238, -10.85823, 6.62674, -7.14734, -6.96008, 4.50131, 4.80131, -5.91278, -5.76295, 15.54542, 0.39061, -0.96912, -4.31441, -2.15519, -0.15635]"
42,sub7,supMAE,3,sub7-c__0046__pickup.npy,11,pickup,11,0.9080697,1,"[-1.9208, -1.22547, 8.93322, -5.62585, -11.05916, -1.81477, 6.31888, -5.69433, -6.78149, 1.9679, 2.0544, 12.59112, 9.97849, -5.09512, 3.14956, -2.92464, -6.8438, -3.48125, -1.09738, 3.20113, 0.11231, -4.31801]"
42,sub7,supMAE,3,sub7-c__0047__pickup.npy,11,pickup,11,0.81723386,1,"[-2.29724, -0.82314, 8.15104, -5.31637, -10.47935, -1.87029, 6.59662, -5.28471, -6.9945, 1.64652, 1.04574, 11.59089, 9.9002, -4.94825, 2.7092, -2.48612, -6.2589, -2.94629, -0.76429, 2.88413, 0.14788, -4.26071]"
42,sub7,supMAE,3,sub7-c__0049__pickup.npy,11,pickup,11,0.6938768,1,"[-2.74261, -0.94191, 6.25055, -6.45251, -9.17479, -2.12352, 6.60915, -5.23228, -8.01721, 2.91982, 1.50733, 11.64895, 10.80424, -5.03963, 2.99177, -2.89546, -4.30821, -3.09837, -0.5125, 2.4454, -0.01312, -4.41251]"
42,sub7,supMAE,3,sub7-c__0050__pickup.npy,11,pickup,12,0.6445056,0,"[-2.41734, -0.76075, 7.8186, -4.68006, -10.14345, -2.98711, 6.32335, -5.2991, -6.58864, 0.81459, -0.5014, 10.2483, 10.94613, -4.34903, -0.67542, -1.54146, -5.68577, -1.60351, -1.20492, 1.7603, 1.39505, -2.89184]"
42,sub7,supMAE,3,sub7-c__0051__pushchair.npy,12,pushchair,12,0.98609483,1,"[-1.62053, -0.38315, 5.55938, -3.91663, -7.92996, -4.79433, 3.61396, -6.07133, -6.639, 3.12964, -1.14505, 5.79194, 10.77527, -1.91056, -4.66555, -1.14219, -4.3107, -0.26348, -1.7585, 1.06332, 3.06084, -1.67718]"
42,sub7,supMAE,3,sub7-c__0052__pushchair.npy,12,pushchair,12,0.97245556,1,"[-2.00422, 0.5961, 6.26512, -3.047, -8.11925, -4.14962, 4.4253, -5.62031, -6.72124, 1.85281, -1.5241, 6.08777, 10.53868, -1.37897, -3.704, -1.68868, -4.43993, -0.94517, -1.91767, 1.00332, 1.9145, -1.70054]"
42,sub7,supMAE,3,sub7-c__0053__pushchair.npy,12,pushchair,12,0.9881958,1,"[-2.48137, 1.30995, 4.74769, -3.97139, -6.65999, -4.49703, 4.33036, -5.2459, -7.83259, 3.48049, -0.2212, 5.71092, 10.7129, -0.38869, -2.79464, -2.98312, -2.03005, -1.74366, -2.11665, 0.96821, 0.78285, -1.93906]"
42,sub7,supMAE,3,sub7-c__0054__pushchair.npy,12,pushchair,12,0.98950106,1,"[-2.6083, 0.40074, 4.48344, -4.19796, -6.79586, -4.60314, 4.69104, -5.33184, -7.66103, 3.09247, -1.23238, 6.37774, 11.25201, -1.73699, -3.29226, -1.93576, -2.50058, -0.94636, -1.55249, 0.77556, 1.38185, -1.97026]"
42,sub7,supMAE,3,sub7-c__0056__sit.npy,15,sit,15,0.9858768,1,"[-2.57215, -2.96817, -4.25105, -2.58637, -2.07502, -0.44301, 1.53589, -2.08758, 1.99311, 1.1936, -4.86129, 0.67812, -2.83646, -7.19883, -0.94999, 11.29572, -6.39763, 1.43526, 6.1567, 6.46698, 2.67007, -5.5351]"
42,sub7,supMAE,3,sub7-c__0057__stand.npy,17,stand,17,0.9940759,1,"[2.11806, -8.5805, -5.21044, 0.30703, 1.75051, -9.34465, 0.71048, -2.21867, -3.28354, 3.28465, 0.07077, -1.83646, -2.83132, -2.06269, -4.68788, 0.88358, -3.1184, 9.8788, 3.55658, -1.79768, 3.4897, -2.48345]"
42,sub7,supMAE,3,sub7-c__0058__sit.npy,15,sit,15,0.9951166,1,"[-2.59148, -3.31625, -4.82462, -1.146, -1.3226, -0.41998, 1.57045, -1.07175, 2.44811, 0.0445, -7.16075, -0.22158, -2.99801, -7.10522, -2.25641, 12.00019, -5.69348, 2.95821, 6.29193, 5.33542, 2.4609, -4.9897]"
42,sub7,supMAE,3,sub7-c__0060__sit.npy,15,sit,15,0.99256635,1,"[-2.68528, -3.12914, -4.30029, -0.55544, -1.66401, -0.35921, 1.66268, -1.51183, 2.7037, 0.18696, -7.42227, -0.69115, -3.70368, -7.1313, -2.49899, 11.84724, -6.8921, 3.69242, 6.48693, 5.74634, 2.54339, -5.04185]"
42,sub7,supMAE,3,sub7-c__0061__stand.npy,17,stand,17,0.9991357,1,"[0.89763, -6.87738, -5.66317, 2.24, 3.67798, -8.81388, -0.36719, -0.95103, -2.91064, 1.86148, -4.42592, -5.27832, -2.57929, -1.00433, -9.65681, 2.24861, -2.44001, 12.12475, 3.96119, -3.3213, 3.62761, -1.14842]"
42,sub7,supMAE,3,sub7-c__0062__sit.npy,15,sit,15,0.98280185,1,"[-2.59058, -2.6791, -4.78212, -0.89071, -1.77607, -0.83891, 1.78117, -1.7188, 2.42226, 0.53849, -7.11315, -1.11399, -3.27933, -6.74483, -2.07067, 11.14541, -6.71914, 2.46538, 6.66734, 5.92928, 2.83378, -4.85326]"
42,sub7,supMAE,3,sub7-c__0063__stand.npy,17,stand,17,0.99917525,1,"[1.12295, -7.0475, -5.63414, 1.74052, 3.19167, -9.45996, -0.17314, -1.37768, -2.41062, 2.06109, -3.29021, -4.77821, -2.7503, -1.25837, -8.70117, 2.19316, -2.49589, 11.94822, 3.74523, -3.42296, 3.50327, -0.90903]"
42,sub7,supMAE,3,sub7-c__0065__stand.npy,17,stand,17,0.99856323,1,"[0.81113, -6.92551, -6.46803, 1.25254, 3.24214, -9.64786, 0.23067, -1.32484, -2.28463, 1.87925, -4.44213, -4.55034, -1.8004, -1.96345, -9.01193, 2.97624, -2.20538, 11.95372, 4.42755, -3.63854, 4.38033, -0.92405]"
42,sub7,supMAE,3,sub7-c__0067__squat.npy,16,squat,16,0.99739045,1,"[-5.6968, 5.38711, -9.4241, 3.49477, 9.80982, 5.76795, -4.37031, 4.64686, -10.52958, 6.94306, -7.16411, -8.34167, 3.58043, 5.31862, -6.51865, -5.56529, 15.85776, 0.94086, -1.29437, -5.22798, -1.82999, 0.49343]"
42,sub7,supMAE,3,sub7-c__0068__squat.npy,16,squat,16,0.9995499,1,"[-6.08749, 4.81497, -9.26379, 2.794, 9.07176, 6.21739, -4.43177, 5.14547, -10.73543, 7.38097, -5.62751, -7.25071, 4.00311, 5.16566, -4.94937, -6.35925, 17.04311, 0.50394, -1.75402, -5.11441, -1.99238, 0.104]"
42,sub7,supMAE,3,sub7-c__0069__squat.npy,16,squat,16,0.9994424,1,"[-5.97672, 5.26278, -9.05846, 3.03915, 8.89484, 5.63749, -4.17636, 4.78005, -10.66943, 6.90612, -5.91747, -7.83097, 4.10156, 5.74299, -5.48182, -6.15452, 16.62713, 0.50274, -2.00486, -5.10734, -1.71221, 0.48908]"
42,sub7,supMAE,3,sub7-c__0070__squat.npy,16,squat,16,0.9982674,1,"[-5.86711, 5.12118, -8.4824, 3.8765, 8.54209, 5.53075, -3.95469, 4.57345, -10.46242, 6.38586, -7.03114, -7.80031, 4.19767, 5.41224, -6.82145, -5.44792, 15.14825, 1.10821, -1.68478, -5.23744, -1.53262, 0.70788]"
42,sub7,supMAE,3,sub7-c__0071__pickup.npy,11,pickup,11,0.5735738,1,"[-2.11915, -2.03981, 9.74611, -3.80401, -12.16515, -3.14553, 5.88311, -5.73022, -4.8461, -0.35683, -0.07348, 11.42098, 10.8267, -5.02976, -0.00261, -1.01552, -7.381, -1.19296, -1.89686, 1.63692, 2.48516, -2.26084]"
42,sub7,supMAE,3,sub7-c__0072__pickup.npy,11,pickup,11,0.929685,1,"[-2.1641, -0.90476, 9.24319, -5.3148, -11.22373, -1.16376, 6.2335, -5.3508, -6.45851, 1.59628, 1.86497, 12.6534, 9.45159, -5.30407, 3.79553, -2.88225, -6.92409, -3.52365, -1.0463, 3.40015, -0.13767, -4.42488]"
42,sub7,supMAE,3,sub7-c__0073__pickup.npy,11,pickup,11,0.7982197,1,"[-2.7022, -1.68989, 7.26315, -6.00806, -10.46924, -2.3617, 7.24287, -5.20755, -6.97039, 1.21074, 0.48815, 12.90964, 11.50602, -5.98928, 3.03446, -2.44732, -5.426, -2.80087, -0.51076, 2.14988, 0.67016, -3.86335]"
42,sub7,supMAE,3,sub7-c__0074__pickup.npy,11,pickup,11,0.8540715,1,"[-2.25636, -1.55594, 8.90696, -5.25113, -11.30442, -2.2097, 6.47063, -5.59203, -6.16733, 1.07827, 0.89394, 12.52263, 10.56712, -5.59476, 2.33307, -2.18643, -6.78429, -2.66973, -1.10118, 2.59795, 0.87545, -3.66716]"
42,sub7,supMAE,3,sub7-c__0075__pickup.npy,11,pickup,11,0.7406371,1,"[-2.34299, -1.00801, 8.78508, -4.77096, -10.9677, -1.99638, 6.32644, -5.24545, -6.22666, 0.69906, 0.06178, 11.67247, 10.43291, -5.18782, 1.36192, -1.8689, -6.5146, -2.31811, -1.03354, 2.44686, 0.83021, -3.47926]"
42,sub7,supMAE,3,sub7-c__0076__pushchair.npy,12,pushchair,12,0.9520444,1,"[-0.04088, -3.1105, 6.96815, -3.01196, -8.65151, -5.76437, 3.35557, -7.54338, -7.61466, 2.86775, 2.05238, 7.14881, 10.78544, -0.60219, -1.64666, -2.56401, -4.82818, -1.4708, -3.01488, 0.81025, 3.69096, -1.93821]"
42,sub7,supMAE,3,sub7-c__0077__pushchair.npy,12,pushchair,12,0.9392124,1,"[-2.04211, 0.15946, 6.24831, -3.4677, -8.0608, -3.54976, 4.95214, -5.33539, -8.03228, 2.52079, 0.66854, 7.63283, 10.65547, -0.83688, -0.25127, -3.70143, -3.15592, -2.79769, -2.3196, 1.19942, 0.52508, -2.62711]"
42,sub7,supMAE,3,sub7-c__0078__pushchair.npy,12,pushchair,12,0.88902146,1,"[-2.02017, -0.03841, 7.23751, -3.7003, -9.06068, -3.66582, 5.17559, -5.60412, -7.5694, 2.0003, 0.92402, 8.64875, 10.97484, -1.46411, -0.68862, -3.17069, -4.04006, -2.57789, -2.42328, 1.34212, 0.71834, -2.51388]"
42,sub7,supMAE,3,sub7-c__0079__pushchair.npy,12,pushchair,12,0.8979685,1,"[-1.65803, -0.94472, 7.68449, -3.33646, -9.46878, -4.11403, 5.18327, -5.86453, -7.38445, 1.5245, 0.42282, 8.82767, 11.30053, -1.82837, -1.24167, -2.73376, -4.82621, -2.01273, -2.28952, 1.12214, 1.51338, -2.27488]"
42,sub7,supMAE,3,sub7-c__0080__pushchair.npy,12,pushchair,12,0.8694273,1,"[-1.34842, -1.71171, 8.4489, -3.54143, -10.6236, -4.78028, 5.07212, -6.4211, -6.13148, 1.18533, 0.32579, 9.18329, 11.48373, -2.57846, -1.73268, -1.98679, -6.21892, -1.46894, -2.46072, 1.19546, 2.65254, -1.7395]"
42,sub7,supMAE,3,sub7-c__0081__pushchair.npy,12,pushchair,12,0.8219212,1,"[-1.6613, -2.05477, 7.90506, -4.19051, -10.41199, -4.01935, 5.22367, -6.41724, -6.46615, 1.70685, 0.65028, 10.05542, 11.70297, -3.3471, -0.55002, -2.07295, -5.83583, -1.86406, -1.97403, 1.35748, 2.29371, -2.46567]"
42,sub7,supMAE,3,sub7-c__0082__sit.npy,15,sit,15,0.7176931,1,"[-0.45333, -2.77343, -3.28861, 0.69108, -0.31263, -1.97867, 0.92452, -1.69026, 0.91765, 0.28736, -6.49768, -3.45055, -6.78747, -5.10293, -4.27838, 8.50783, -7.68499, 6.14814, 6.64621, 6.52763, 2.81762, -4.57771]"
42,sub7,supMAE,3,sub7-c__0083__stand.npy,17,stand,17,0.9985098,1,"[0.83961, -7.55732, -5.86447, 1.35351, 2.61337, -9.6195, 0.50685, -1.18369, -3.71562, 3.09645, -1.30727, -3.82796, -2.13139, -0.76291, -6.88605, 0.87758, -1.4341, 11.17905, 3.48581, -3.24538, 3.27611, -1.3954]"
42,sub7,supMAE,3,sub7-c__0084__sit.npy,15,sit,15,0.99442273,1,"[-2.21333, -2.33328, -3.68449, 0.39668, -1.31507, -0.54531, 0.89244, -1.03949, 2.87741, 0.11134, -7.35571, -2.00492, -5.34715, -5.93377, -3.77093, 11.59304, -7.01338, 4.87425, 5.4438, 5.35051, 2.33362, -4.63128]"
42,sub7,supMAE,3,sub7-c__0085__stand.npy,17,stand,17,0.9989371,1,"[1.27507, -7.83619, -5.59118, 1.30358, 2.75914, -8.57867, -0.02432, -0.87702, -3.11783, 2.30445, -2.36222, -3.46889, -2.54948, -1.37871, -8.33977, 1.93628, -2.21208, 11.73511, 4.12646, -3.31077, 3.35699, -1.784]"
42,sub7,supMAE,3,sub7-c__0086__sit.npy,15,sit,15,0.9887223,1,"[-1.92682, -2.72739, -4.34383, -0.82156, -2.0404, -0.86085, 1.91561, -1.96733, 2.86749, -0.54484, -6.64986, -0.61548, -3.1167, -6.37728, -1.72254, 11.31217, -6.82641, 2.29883, 6.5552, 5.12001, 3.25332, -4.61123]"
42,sub7,supMAE,3,sub7-c__0087__stand.npy,17,stand,17,0.9974274,1,"[1.19789, -7.10797, -4.98495, 3.16566, 2.29437, -9.45918, 0.09685, -0.75419, -4.14006, 2.87049, -0.90562, -4.06937, -2.35759, 0.57371, -7.93386, -0.35663, -1.87571, 10.67704, 2.86056, -3.84004, 3.5408, -0.69866]"
42,sub7,supMAE,3,sub7-c__0088__sit.npy,15,sit,15,0.9931612,1,"[-2.54645, -2.64052, -4.38953, -0.03151, -0.64866, -0.15585, 1.36339, -1.38298, 2.6822, 0.31793, -8.02544, -2.04705, -4.92971, -6.30428, -3.58042, 11.66106, -6.80001, 4.44816, 6.06921, 5.51346, 2.29157, -5.09983]"
42,sub7,supMAE,3,sub7-c__0089__stand.npy,17,stand,17,0.9939114,1,"[0.25229, -8.244, -6.17483, 0.16108, 1.02796, -9.02284, 0.90697, -2.15366, -1.52431, 2.9218, 0.2007, -2.00003, -1.56944, -2.2446, -4.13388, 1.941, -2.11183, 9.86287, 3.63639, -2.61978, 3.78335, -1.46639]"
42,sub7,supMAE,3,sub7-c__0090__sit.npy,15,sit,15,0.98433685,1,"[-3.57897, -3.85232, -0.66514, 0.45364, -4.822, 1.96964, -2.92149, -2.92217, 2.84056, -2.04492, -4.03748, 0.32485, 3.86802, -3.31865, -3.31884, 10.75426, -1.97152, 2.25703, -0.41136, 1.27387, 6.48257, 0.46229]"
42,sub7,supMAE,3,sub7-c__0091__stand.npy,17,stand,17,0.9341353,1,"[-1.47973, -5.31488, -2.54721, 3.73479, 1.91944, -1.98464, -5.71837, -2.95382, 1.14219, -2.63994, -5.71271, -5.15735, 0.98313, -1.50112, -7.2075, 7.24199, 0.95092, 10.65797, -3.70792, -4.3385, 7.31377, 3.76392]"
42,sub7,supMAE,3,sub7-c__0092__sit.npy,15,sit,15,0.99774444,1,"[-1.34968, -3.33768, -3.65935, -2.81865, 0.69414, -1.1132, 1.14024, -7.2809, 0.28593, -1.16634, -5.69443, 0.26772, 1.92004, -6.79527, -0.25359, 11.00701, -5.80657, 0.64941, 4.07592, 3.35015, 3.41367, -1.5609]"
42,sub7,supMAE,3,sub7-c__0093__stand.npy,17,stand,17,0.9584921,1,"[-1.49182, -4.26792, -2.61702, 4.61535, 2.44166, -2.1372, -5.25539, -2.0083, 0.71288, -3.62769, -8.22952, -6.30959, 0.82071, -1.11424, -9.22801, 7.49155, 0.44253, 11.29907, -3.02807, -4.43231, 7.33684, 3.8862]"
42,sub7,supMAE,3,sub7-c__0094__sit.npy,15,sit,15,0.9903502,1,"[-1.86926, -2.94988, -3.73384, -4.14909, -0.50339, -0.43255, 0.81122, -7.18813, 1.25856, -0.47968, -3.05794, 1.79037, 2.26687, -7.62714, 3.60691, 10.02884, -5.11803, -0.9555, 4.51445, 3.93773, 2.8521, -2.04764]"
42,sub7,supMAE,3,sub7-c__0095__stand.npy,17,stand,17,0.8967926,1,"[-1.35105, -5.28719, -2.87982, 3.87548, 1.59087, -2.20602, -5.62162, -2.65008, 1.59748, -2.98171, -6.29936, -5.34869, 1.30836, -1.30306, -7.92395, 7.70542, 0.81213, 10.6339, -3.44382, -4.68118, 7.79599, 4.12912]"
42,sub7,supMAE,3,sub7-c__0096__sit.npy,15,sit,15,0.99814165,1,"[-3.20901, -4.34964, -3.76658, -3.54725, -1.62667, -1.3734, 2.39379, -7.3438, 1.37211, -1.25116, -4.11439, 1.88202, 3.47872, -7.86505, 2.35775, 11.4113, -5.21246, 0.97928, 3.39142, 2.59309, 4.04087, -1.32667]"
42,sub7,supMAE,3,sub7-c__0097__stand.npy,17,stand,17,0.9553913,1,"[-1.07929, -4.59485, -2.77754, 4.31937, 2.69164, -2.29789, -5.53367, -2.3028, 0.47438, -3.2407, -7.61658, -6.27984, 0.73609, -0.8244, -9.45626, 7.33363, 0.47318, 11.20753, -2.98605, -4.42887, 7.47945, 3.73335]"
42,sub7,supMAE,3,sub7-c__0098__squat.npy,16,squat,16,0.99985576,1,"[-7.99341, 3.66056, -12.60317, 1.90909, 10.31621, 3.84854, -2.31744, 5.94288, -8.91671, 4.40127, -6.04109, -6.80974, 4.085, 4.18036, -5.02202, -2.65236, 19.18266, 2.746, -0.19869, -7.42996, -1.17851, 0.27238]"
42,sub7,supMAE,3,sub7-c__0099__squat.npy,16,squat,16,0.9998796,1,"[-7.28626, 3.12923, -12.90809, 1.68594, 11.56563, 5.37578, -3.36303, 6.04156, -10.13354, 4.80633, -4.89607, -6.48509, 3.58933, 4.77791, -4.1772, -3.60515, 20.59936, 1.78332, -0.55666, -7.26353, -1.71058, -0.60229]"
42,sub7,supMAE,3,sub7-c__0100__squat.npy,16,squat,16,0.9999682,1,"[-7.65111, 2.45683, -12.40361, 1.46273, 10.49931, 4.91804, -2.97026, 6.37253, -10.68865, 4.87496, -4.07015, -5.27833, 4.39334, 4.63554, -3.36405, -4.11144, 20.88466, 1.74071, -0.69889, -7.23303, -1.49942, -0.91982]"
42,sub7,supMAE,3,sub7-c__0101__squat.npy,16,squat,16,0.9999689,1,"[-7.76302, 3.02806, -12.51265, 0.51183, 10.32213, 4.30689, -2.56771, 6.02736, -9.64493, 4.54865, -4.63211, -4.97672, 4.85652, 3.92869, -3.60359, -3.45469, 20.72621, 1.57418, -1.01112, -7.26921, -1.22731, -0.32352]"
42,sub7,supMAE,3,sub7-c__0104__pickup.npy,11,pickup,11,0.73992115,1,"[-4.40231, -3.3364, 4.78093, -8.66628, -12.30928, -7.2835, 7.51343, -5.63659, 1.99685, -2.66283, 0.31284, 14.25821, 13.20796, -8.49933, 1.98533, 5.66537, -4.937, -0.06066, -1.67023, -2.0805, 5.70606, -0.37818]"
42,sub7,supMAE,3,sub7-c__0105__pickup.npy,11,pickup,11,0.90538317,1,"[-4.28362, -3.83392, 5.05703, -9.46193, -12.5719, -7.23276, 7.99857, -6.03699, 1.2993, -2.31634, 1.61248, 15.5535, 13.28908, -8.91254, 3.71596, 5.03588, -5.14549, -0.87077, -1.47681, -1.45011, 5.03554, -1.11369]"
42,sub7,supMAE,3,sub7-c__0106__pickup.npy,11,pickup,11,0.9421459,1,"[-4.14516, -3.52716, 5.99864, -9.39565, -12.71986, -6.89831, 7.56673, -6.26665, 0.92648, -2.08511, 2.15565, 15.71127, 12.91458, -8.73529, 3.98592, 4.63174, -5.67002, -1.17104, -1.75506, -0.89941, 4.8194, -1.36028]"
42,sub7,supMAE,3,sub7-c__0107__pickup.npy,11,pickup,11,0.8974291,1,"[-4.28461, -3.59519, 5.46951, -9.11981, -12.58995, -7.1195, 7.72223, -6.20746, 1.63876, -2.36036, 1.45912, 15.11459, 12.93869, -8.69818, 3.22265, 5.28502, -5.55432, -0.71518, -1.66655, -1.33578, 5.07957, -0.97389]"
42,sub7,supMAE,3,sub7-c__0108__pushchair.npy,12,pushchair,11,0.5755321,0,"[-1.24326, -5.88654, 1.36798, -8.04203, -9.67585, -8.76809, 5.28574, -7.80885, 1.6879, -0.56299, 3.04691, 11.48079, 11.12838, -5.89006, 1.79361, 6.42594, -4.23646, -0.16805, -1.14921, -2.80149, 7.82006, -1.42245]"
42,sub7,supMAE,3,sub7-c__0109__pushchair.npy,12,pushchair,12,0.7294533,1,"[-4.9021, -3.3261, 1.2444, -10.43584, -9.63909, -7.71815, 6.04931, -5.93045, 0.97027, -0.52125, 1.82815, 13.48277, 14.47612, -7.99456, 2.74114, 5.0308, -0.74433, -0.87449, -1.81, -2.46499, 6.14343, -0.37736]"
42,sub7,supMAE,3,sub7-c__0110__pushchair.npy,12,pushchair,12,0.9111402,1,"[-5.17426, -2.5612, 1.02438, -9.45434, -9.33454, -7.735, 5.88627, -5.28648, 0.9897, -0.93488, 0.75735, 12.15129, 14.48451, -6.83453, 1.09877, 4.81377, -0.09731, -0.37138, -2.05496, -3.03104, 6.3312, 0.35681]"
42,sub7,supMAE,3,sub7-c__0111__pushchair.npy,12,pushchair,12,0.93089217,1,"[-5.47821, -2.5185, 0.08227, -10.28326, -8.6857, -7.8265, 5.853, -5.19088, -0.10687, 0.41156, 2.40067, 12.10863, 14.71321, -6.41172, 1.70328, 3.79552, 1.48576, -0.86381, -2.22422, -2.94658, 5.7895, 0.06364]"
42,sub7,supMAE,3,sub7-c__0112__pushchair.npy,12,pushchair,12,0.9618346,1,"[-5.54972, -2.56065, -0.04212, -9.45425, -8.68558, -8.07307, 5.76754, -4.78404, 0.73942, -0.4265, 0.50145, 11.38447, 14.62367, -6.65493, 0.46873, 4.66925, 1.17027, 0.06471, -1.95887, -3.42893, 6.47344, 0.67126]"
42,sub7,supMAE,3,sub7-c__0113__pushchair.npy,12,pushchair,12,0.986883,1,"[-5.94958, -2.83517, -2.22072, -10.05998, -6.8913, -8.69461, 5.46087, -4.70644, 0.2069, 0.86883, 0.40558, 10.65037, 14.99341, -6.88322, 0.57079, 4.29949, 3.331, 0.36829, -1.46364, -3.95521, 6.41105, 0.83753]"
42,sub7,supMAE,3,sub7-c__0114__sit.npy,15,sit,15,0.9968742,1,"[-1.95087, -2.65217, -4.22348, -4.61419, 0.23713, -0.57399, -0.08226, -7.20981, 1.79462, -0.41533, -4.36524, 1.19482, 3.03749, -7.66204, 0.76935, 11.04469, -4.60553, -0.34403, 4.53216, 3.54558, 3.45672, -1.30671]"
42,sub7,supMAE,3,sub7-c__0115__stand.npy,17,stand,17,0.87804514,1,"[-1.48486, -5.16579, -3.03039, 3.62595, 1.66769, -1.85898, -5.55445, -2.27969, 1.42666, -2.92846, -6.55251, -5.04818, 1.38679, -1.74362, -7.94945, 7.87576, 1.03108, 10.53664, -3.22695, -4.642, 7.82237, 3.89262]"
42,sub7,supMAE,3,sub7-c__0116__sit.npy,15,sit,15,0.97352785,1,"[-2.61905, -3.48437, -2.31761, -4.29105, -2.66263, 0.80607, -0.20558, -7.33606, 2.53198, -0.58253, -1.24965, 3.74009, 3.02585, -7.79096, 5.99609, 9.96487, -4.66018, -1.61556, 2.52431, 4.22919, 2.73502, -1.75176]"
42,sub7,supMAE,3,sub7-c__0117__stand.npy,17,stand,17,0.9441409,1,"[-0.72106, -4.12571, -2.39364, 4.95266, 2.80084, -1.194, -6.3163, -2.3303, 1.20663, -3.38102, -8.19448, -6.70698, -0.23112, -0.90248, -10.43137, 8.02768, -0.29383, 11.28459, -3.27376, -4.40015, 7.26419, 3.93963]"
42,sub7,supMAE,3,sub7-c__0118__sit.npy,15,sit,15,0.9851929,1,"[-2.98689, -3.40572, -2.26346, -4.17089, -3.32039, 0.19415, 0.17671, -7.3821, 3.2653, -0.88744, -1.03667, 3.30585, 3.38267, -7.72155, 5.62723, 10.31064, -4.97246, -1.38385, 2.66265, 3.86982, 3.20434, -1.29864]"
42,sub7,supMAE,3,sub7-c__0119__stand.npy,17,stand,17,0.9439307,1,"[-0.80791, -4.13057, -3.11052, 4.1089, 3.4868, -1.96054, -6.06971, -2.47889, 0.1212, -2.8302, -8.03574, -6.73366, 0.72605, -0.78502, -10.56716, 7.55614, 0.56488, 11.09802, -2.88701, -4.34305, 7.53467, 3.65497]"
42,sub7,supMAE,3,sub7-c__0121__stand.npy,17,stand,17,0.9660353,1,"[-0.64738, -3.90498, -2.78991, 4.36701, 3.52342, -2.10318, -5.70955, -2.30653, -0.10746, -3.10581, -8.60333, -6.79003, 0.32065, -0.79246, -11.25512, 7.67451, -0.11117, 11.5247, -2.61242, -4.30772, 7.13539, 3.46097]"
42,sub7,supMAE,3,sub7-c__0122__sit.npy,15,sit,15,0.99037766,1,"[-1.36163, -4.46033, -3.00031, -3.30332, -0.65878, -1.50316, 2.34753, -8.03033, -0.77167, -0.45425, -3.30307, 2.33454, 2.63956, -6.87206, 2.64635, 9.64605, -6.26038, -0.44563, 3.61478, 3.7797, 2.85678, -2.37168]"
42,sub7,supMAE,3,sub7-c__0123__stand.npy,17,stand,17,0.9577977,1,"[-0.89407, -4.41157, -2.80297, 4.47349, 2.92327, -1.69827, -6.05504, -2.25965, 0.66601, -3.07953, -7.70565, -6.51615, 0.3052, -0.8477, -10.08152, 7.58087, 0.41633, 11.32157, -3.05232, -4.49904, 7.32855, 3.75873]"
42,sub7,supMAE,3,sub7-c__0125__stand.npy,17,stand,17,0.96199524,1,"[-0.60237, -3.74638, -3.34996, 4.12182, 4.22419, -2.19274, -5.74132, -2.36013, -0.69348, -2.89061, -8.49755, -7.2388, 0.46721, -0.27991, -11.30231, 7.31572, 0.36745, 11.20798, -2.31896, -4.03414, 7.12961, 3.21149]"
42,sub7,supMAE,3,sub7-c__0126__squat.npy,16,squat,16,0.9999745,1,"[-8.65149, 3.4424, -12.41969, 0.30412, 9.55163, 4.60969, -2.05712, 6.03656, -9.02212, 4.72097, -4.63959, -4.7258, 4.72338, 3.10677, -2.43339, -3.2316, 20.18594, 1.62358, -0.79146, -6.87005, -1.50974, -0.36452]"
42,sub7,supMAE,3,sub7-c__0128__squat.npy,16,squat,16,0.9999807,1,"[-8.35535, 2.40942, -12.64974, 0.79727, 9.1676, 2.72598, -1.53441, 5.35568, -8.79163, 4.50618, -4.34344, -5.0047, 5.57281, 3.86008, -2.75711, -3.42079, 20.08768, 2.09568, -0.81078, -7.68893, -0.96726, 0.28517]"
42,sub7,supMAE,3,sub7-c__0129__squat.npy,16,squat,16,0.9999877,1,"[-8.31517, 2.3142, -12.57534, 0.4653, 9.29903, 2.87573, -1.96752, 5.65921, -8.80796, 4.62038, -4.08106, -4.90702, 5.40282, 3.47639, -2.65893, -3.53852, 20.67106, 2.23223, -1.28396, -7.67278, -0.78058, 0.38611]"
42,sub7,supMAE,3,sub7-c__0130__squat.npy,16,squat,16,0.99999166,1,"[-8.68091, 1.96796, -12.40463, -0.43479, 8.76281, 3.05675, -1.68382, 5.55418, -8.76791, 4.76063, -3.75372, -3.84148, 5.8787, 2.47386, -2.01111, -3.1848, 20.57632, 2.15883, -1.27821, -7.41605, -0.62991, 0.09131]"
42,sub7,supMAE,3,sub7-c__0131__pickup.npy,11,pickup,11,0.9272343,1,"[-4.64346, -3.98873, 4.89237, -9.62213, -12.63415, -7.13705, 7.73547, -5.85609, 0.95443, -1.75688, 2.38372, 15.85899, 13.30942, -9.11675, 4.63158, 4.55889, -4.59356, -0.80032, -1.52581, -1.47432, 5.02215, -1.26695]"
42,sub7,supMAE,3,sub7-c__0132__pickup.npy,11,pickup,11,0.95712334,1,"[-4.26975, -3.99031, 5.68824, -8.9241, -13.15218, -6.81253, 7.71617, -5.83623, 1.6498, -2.64947, 1.68138, 15.95625, 12.84293, -9.04345, 4.51316, 4.94606, -5.73686, -0.82591, -1.32099, -1.29308, 4.96979, -1.33572]"
42,sub7,supMAE,3,sub7-c__0133__pickup.npy,11,pickup,11,0.7700268,1,"[-4.81437, -3.87125, 3.75942, -9.28977, -12.18689, -7.42633, 7.932, -5.36927, 1.30231, -2.20701, 1.20342, 14.92512, 13.713, -8.87559, 3.4273, 5.15771, -3.72757, -0.32015, -1.28149, -2.17519, 5.55635, -0.74639]"
42,sub7,supMAE,3,sub7-c__0135__pickup.npy,11,pickup,11,0.9232535,1,"[-4.85149, -3.63822, 4.10812, -10.94426, -11.78542, -6.9354, 7.89492, -5.93645, -0.30132, -0.94823, 3.33901, 16.3458, 13.85529, -9.1664, 5.82504, 3.80316, -3.13923, -1.83574, -1.69581, -0.92184, 4.36966, -1.68168]"
42,sub7,supMAE,3,sub7-c__0136__pushchair.npy,12,pushchair,12,0.52729887,1,"[-5.79913, -3.34491, 1.38183, -10.62708, -10.79575, -7.61974, 7.60582, -4.91844, 0.37941, -1.16364, 2.90286, 15.19887, 15.30879, -8.02323, 5.50328, 3.28082, 0.37406, -1.78938, -1.8396, -2.62006, 5.11665, -0.51738]"
42,sub7,supMAE,3,sub7-c__0137__pushchair.npy,12,pushchair,12,0.9332939,1,"[-6.07098, -2.79459, 0.04136, -9.19463, -9.64281, -8.11708, 6.40895, -4.51168, 1.7912, -0.99961, 0.44639, 12.0647, 14.71096, -7.24177, 2.40498, 4.59329, 0.996, -0.0036, -2.02021, -3.66808, 6.45135, 0.90885]"
42,sub7,supMAE,3,sub7-c__0138__pushchair.npy,12,pushchair,12,0.94117486,1,"[-6.03698, -2.91549, -0.07734, -9.63519, -9.4794, -8.27671, 6.4183, -4.27921, 1.45024, -0.99413, 0.71494, 12.26726, 15.04593, -7.22069, 2.21607, 4.33707, 1.64877, -0.07222, -2.06523, -3.68807, 6.37719, 0.99936]"
42,sub7,supMAE,3,sub7-c__0140__pushchair.npy,12,pushchair,12,0.9943504,1,"[-7.07534, -1.68188, -4.59873, -9.14299, -5.09383, -7.94165, 3.63284, -3.75735, -0.37086, 3.24756, 2.47865, 7.98534, 13.71881, -4.27667, 1.75569, 2.09633, 7.52253, 0.43004, -2.83628, -5.06861, 5.61714, 1.43091]"
