seed,subject,method,k,file,true_id,true_label,pred_id,conf,correct,logits
42,sub8,mae,0,sub8-a__0001__wave.npy,21,wave,21,0.51084584,1,"[-3.65949, 7.22964, -1.27534, -4.29974, -7.70226, -0.46359, -0.62554, -1.49342, 8.8363, 0.63741, 1.2015, -3.6277, 4.22905, -2.05757, -1.60122, 1.96726, -2.32942, -3.0493, 4.48926, -4.38214, -0.39662, 9.0832]"
42,sub8,mae,0,sub8-a__0002__wave.npy,21,wave,21,0.75907654,1,"[-3.78866, 6.9555, -1.76116, -3.42794, -7.81401, -0.0256, -0.99867, -0.7069, 8.96072, 0.61539, 0.66774, -3.80038, 4.18291, -1.45329, -1.88198, 1.12276, -1.55733, -3.32197, 4.67347, -5.51471, -0.65206, 10.25512]"
42,sub8,mae,0,sub8-a__0003__wave.npy,21,wave,21,0.51723945,1,"[-3.91876, 7.30211, -2.23935, -3.17562, -7.37333, 0.10877, -1.21101, -1.30098, 8.8729, 0.89753, 1.47171, -4.43151, 3.4638, -1.0125, -1.81148, 1.24036, -1.84522, -2.9285, 4.95851, -4.89806, -0.94695, 9.15228]"
42,sub8,mae,0,sub8-a__0004__wave.npy,21,wave,21,0.7162518,1,"[-3.83705, 6.99003, -1.7595, -3.5829, -7.6499, -0.199, -0.99149, -1.06037, 8.83763, 0.89612, 1.07664, -4.17533, 4.02525, -1.41703, -1.84274, 1.38734, -1.83438, -3.21439, 4.5045, -5.17973, -0.38436, 9.92967]"
42,sub8,mae,0,sub8-a__0005__wave.npy,21,wave,21,0.71558905,1,"[-4.0296, 7.28815, -2.35043, -2.96367, -7.42382, 0.1337, -1.30456, -0.87327, 8.62093, 1.14518, 1.21809, -4.68878, 3.75757, -0.8561, -2.10755, 1.25245, -1.62928, -3.21594, 4.67729, -5.47169, -0.60921, 9.80077]"
42,sub8,mae,0,sub8-a__0006__wave.npy,21,wave,21,0.85048014,1,"[-3.91893, 6.91535, -2.43572, -2.15387, -7.36448, 0.33864, -1.70515, -0.60345, 8.90526, 1.00388, 0.88764, -4.56487, 3.34008, -0.47039, -1.87435, 0.3495, -1.16236, -3.23685, 4.77173, -6.24407, -1.08768, 10.79031]"
42,sub8,mae,0,sub8-a__0008__bow.npy,2,bow,11,0.88036656,0,"[8.17622, 1.26793, 4.38357, -6.5313, -9.18994, 1.86181, 6.92798, 0.39766, -7.57184, -0.17354, -4.80062, 12.76023, 10.53063, 0.85564, 8.47672, -10.85953, 5.94587, -13.54601, 1.06641, -4.10053, -2.81346, -1.04088]"
42,sub8,mae,0,sub8-a__0009__bow.npy,2,bow,11,0.8856089,0,"[7.68971, 1.52912, 4.73988, -6.6689, -9.51087, 2.05047, 7.40036, 0.84156, -7.56499, -0.44392, -5.28917, 13.04484, 10.86081, 0.6089, 8.10853, -10.49641, 5.9698, -13.52143, 1.00231, -4.25513, -2.72783, -0.97273]"
42,sub8,mae,0,sub8-a__0010__bow.npy,2,bow,11,0.95044076,0,"[7.0311, 2.70441, 4.14369, -6.63576, -9.3702, 2.75027, 9.38438, 3.02856, -8.41981, -1.30657, -7.32393, 14.2109, 11.04823, 1.54406, 6.19906, -9.93777, 6.85727, -13.86782, 1.00343, -6.10552, -3.67424, -0.63834]"
42,sub8,mae,0,sub8-a__0011__bow.npy,2,bow,11,0.9796606,0,"[7.71042, 2.35001, 4.24048, -6.60213, -9.02587, 2.21915, 8.56721, 2.01624, -7.83739, -0.91079, -6.97208, 14.67426, 10.55142, 1.09304, 7.34819, -10.76274, 7.39341, -13.99994, 1.10596, -5.88968, -4.3051, -0.46566]"
42,sub8,mae,0,sub8-a__0012__crossarms.npy,5,crossarms,13,0.6197502,0,"[-4.89246, 5.26443, -4.36565, 1.57644, -2.30218, 2.83541, 2.36343, 6.87218, -6.27659, -3.65308, -3.52824, -5.46154, 4.74231, 7.79805, -2.59104, -0.6765, 2.65552, -4.07222, 5.02762, -3.99488, 3.00648, 0.10546]"
42,sub8,mae,0,sub8-a__0013__crossarms.npy,5,crossarms,7,0.46709508,0,"[-4.70643, 6.76396, -5.70135, -1.97988, -2.62431, 4.69655, 4.00472, 7.94495, -4.84557, -4.02944, -5.12792, -2.71266, 4.894, 5.2892, -3.67323, 1.68016, 2.56746, -3.0638, 7.51476, -3.63083, 0.98801, -1.65241]"
42,sub8,mae,0,sub8-a__0014__crossarms.npy,5,crossarms,18,0.7617835,0,"[-3.91567, 7.07429, -6.83989, -2.00325, -1.98623, 5.37951, 2.70193, 6.60517, -2.85538, -3.92169, -4.61577, -2.22487, 3.36004, 4.44604, -3.36579, 1.62648, 2.56726, -2.04142, 8.8968, -3.33872, -0.72218, -2.00742]"
42,sub8,mae,0,sub8-a__0015__crossarms.npy,5,crossarms,18,0.73761046,0,"[-3.7573, 7.60385, -7.17106, -2.05048, -2.07295, 5.93325, 2.52015, 6.81519, -2.29132, -3.75689, -4.70458, -1.97373, 2.94836, 4.36534, -3.55097, 1.62235, 2.75832, -2.01622, 9.17303, -3.94973, -1.4666, -1.78112]"
42,sub8,mae,0,sub8-a__0016__crossarms.npy,5,crossarms,18,0.94145966,0,"[-2.44366, 6.27384, -7.15562, -0.96837, -1.38018, 4.81812, 1.3537, 4.06531, -1.2934, -3.82419, -3.3707, -1.87642, 1.56859, 4.52158, -1.77886, -0.0415, 2.2471, -1.38747, 9.49376, -2.89576, -2.0012, -1.9885]"
42,sub8,mae,0,sub8-a__0019__airpunch.npy,1,airpunch,13,0.7160685,0,"[4.02112, 4.35451, -5.83021, -0.59355, -0.55317, 0.5765, 0.8572, -4.90483, -4.46255, 2.32195, 5.575, -8.54228, 0.13586, 7.52847, 2.23922, -5.91208, -0.37172, -8.15708, 5.72376, 1.38452, 1.22641, -2.1414]"
42,sub8,mae,0,sub8-a__0020__airpunch.npy,1,airpunch,13,0.47137138,0,"[3.25751, 4.88437, -6.43484, -0.45388, -0.68069, 1.34718, 0.27095, -4.88365, -3.18819, 2.40337, 5.75518, -7.88078, -0.22516, 6.89376, 2.32695, -5.75103, -0.34338, -7.22179, 6.39274, 1.44004, -0.10587, -2.46554]"
42,sub8,mae,0,sub8-a__0021__airpunch.npy,1,airpunch,18,0.43869448,0,"[3.04598, 5.77632, -6.28427, -0.78773, -1.99901, 1.91208, 0.47394, -4.27834, -2.1472, 1.81343, 5.34748, -7.33444, 0.35125, 6.04983, 1.74616, -5.0161, -0.70991, -6.97317, 6.66478, 0.72639, -0.44363, -1.72893]"
42,sub8,mae,0,sub8-a__0022__airpunch.npy,1,airpunch,13,0.5696142,0,"[3.61993, 5.51226, -6.52681, -0.3988, -1.30527, 1.56549, 0.9992, -4.43886, -3.64896, 2.33723, 4.82448, -7.41572, 0.69141, 7.38903, 1.96268, -5.98734, 0.26105, -8.24289, 6.66192, -0.18527, -0.29839, -1.72016]"
42,sub8,mae,0,sub8-a__0023__drink.npy,7,drink,7,0.96598387,1,"[-6.46871, 7.55519, -5.0751, -1.97133, -7.31769, 6.36403, 3.28314, 11.97569, 0.37893, -3.22638, -4.87643, -2.29807, 4.86032, 2.44246, -5.03767, 0.65799, 1.94648, -4.08465, 7.92438, -7.89824, -0.9358, 5.07621]"
42,sub8,mae,0,sub8-a__0024__drink.npy,7,drink,7,0.946265,1,"[-5.82762, 7.97056, -5.91367, -3.32104, -6.67466, 6.98418, 3.83463, 12.40812, 0.73011, -3.14854, -5.18028, -0.87284, 3.73398, 1.74869, -5.1905, 1.64127, 1.84157, -3.20694, 9.18933, -7.79897, -2.31707, 3.26679]"
42,sub8,mae,0,sub8-a__0025__drink.npy,7,drink,18,0.48493034,0,"[-5.12293, 7.99395, -6.59932, -1.639, -5.96683, 6.88827, 1.71224, 10.20606, 3.84023, -2.18165, -3.88428, -0.92399, 0.70113, 1.60688, -4.00783, 0.28887, 1.49931, -1.96993, 10.28508, -8.55627, -4.81397, 3.60533]"
42,sub8,mae,0,sub8-a__0026__drink.npy,7,drink,7,0.92053854,1,"[-5.68363, 8.3259, -6.13337, -2.8471, -6.28971, 6.99783, 3.45833, 12.24429, 1.5959, -2.98956, -5.13184, -0.66895, 2.50832, 1.94597, -4.78591, 1.01948, 2.04678, -2.93901, 9.4422, -8.45723, -3.45792, 3.59106]"
42,sub8,mae,0,sub8-a__0027__drink.npy,7,drink,7,0.9073096,1,"[-5.75064, 8.14453, -6.24668, -3.03772, -6.21931, 7.02222, 3.21278, 12.04751, 1.6706, -2.80603, -4.96777, -0.97064, 2.69812, 1.65364, -4.98828, 1.52005, 1.88997, -2.74832, 9.45551, -8.09262, -3.13292, 3.39654]"
42,sub8,mae,0,sub8-a__0028__brushteeth.npy,3,brushteeth,7,0.9870177,0,"[-6.30758, 7.78245, -5.5513, -0.85249, -6.70069, 7.83595, 4.24146, 13.41756, -2.31683, -3.49222, -4.81072, -2.13478, 3.76398, 4.18636, -4.73483, 0.06335, 2.16009, -4.28435, 8.2174, -8.10816, -1.35111, 2.54349]"
42,sub8,mae,0,sub8-a__0029__brushteeth.npy,3,brushteeth,7,0.9943883,0,"[-6.94601, 6.92195, -4.23181, 2.20221, -6.63686, 6.93961, 3.20827, 13.18658, -3.96742, -4.26222, -4.78592, -4.20106, 4.3163, 5.61547, -4.87348, -0.53662, 2.27166, -4.36346, 6.25089, -8.32267, 0.98313, 3.85628]"
42,sub8,mae,0,sub8-a__0030__brushteeth.npy,3,brushteeth,7,0.9866975,0,"[-6.27794, 7.04444, -5.37305, -0.86616, -6.73927, 7.46249, 3.72785, 13.11481, -2.20878, -3.3563, -4.46287, -2.49747, 4.04683, 3.48417, -5.0427, 0.74073, 1.66631, -3.74232, 8.20244, -7.44291, -0.53484, 2.51427]"
42,sub8,mae,0,sub8-a__0031__brushteeth.npy,3,brushteeth,7,0.7722568,0,"[-5.58561, 7.50563, -6.41957, 1.39903, -5.75725, 8.25521, 2.02416, 11.04112, -0.33576, -2.44698, -3.10816, -2.54292, 0.81778, 4.45578, -3.67351, -1.37424, 1.6645, -2.92695, 9.44307, -8.09214, -3.59699, 1.71583]"
42,sub8,mae,0,sub8-a__0032__brushteeth.npy,3,brushteeth,7,0.9681903,0,"[-5.96665, 7.1477, -5.69257, -1.15113, -6.62129, 7.64768, 3.66214, 12.625, -1.52764, -3.11775, -4.27472, -2.07655, 3.4146, 3.15944, -4.82928, 0.72688, 1.52088, -3.41182, 8.78187, -7.35844, -1.32656, 2.01373]"
42,sub8,mae,0,sub8-a__0033__highfive.npy,8,highfive,1,0.8271251,0,"[-4.93896, 9.32136, -5.5898, -1.62062, -4.36761, 1.82873, -0.31351, -2.67167, 3.90825, 1.05416, 3.26662, -6.86813, 1.8181, 2.28003, -0.1836, -0.60731, -1.37168, -3.23497, 7.7091, -0.38698, -1.69222, 0.84926]"
42,sub8,mae,0,sub8-a__0034__highfive.npy,8,highfive,1,0.84216404,0,"[-5.64153, 9.25869, -5.3395, -1.6124, -4.88173, 1.5902, 0.67625, -1.6206, 2.25217, 0.74937, 2.74325, -7.47306, 3.06625, 3.10005, -0.74203, -0.70909, -1.1689, -4.50399, 7.53959, -1.02141, -0.2071, 1.68373]"
42,sub8,mae,0,sub8-a__0035__highfive.npy,8,highfive,1,0.7670439,0,"[-5.14146, 9.10404, -5.58853, -1.45541, -4.71216, 1.48829, 0.90112, -2.5763, 2.38214, 1.28065, 3.41587, -7.36733, 2.23115, 3.86154, 0.55605, -2.17507, -1.09701, -5.01276, 7.86881, -1.26817, -0.89572, 1.50633]"
42,sub8,mae,0,sub8-a__0036__highfive.npy,8,highfive,18,0.52765423,0,"[-4.45887, 8.48133, -5.99162, -1.00637, -3.79585, 1.37769, 1.31358, -3.16831, 1.25878, 0.84971, 3.40381, -7.12861, 1.53643, 4.7783, 1.60243, -3.48334, -0.71342, -5.2216, 8.62772, -0.46476, -1.30062, 0.10216]"
42,sub8,mae,0,sub8-a__0037__highfive.npy,8,highfive,1,0.6013513,0,"[-5.1576, 8.77683, -5.64761, -1.42436, -4.7718, 1.22234, 1.70728, -2.51224, 1.66389, 0.86339, 3.13702, -7.28664, 2.51386, 4.4547, 0.93562, -2.8754, -0.99559, -5.67467, 8.33105, -1.23983, -0.69987, 1.48355]"
42,sub8,mae,0,sub8-a__0038__wave.npy,21,wave,21,0.8205673,1,"[-4.34808, 6.81881, -3.03169, -0.67925, -7.15939, 1.23922, -1.48922, -0.36375, 7.32099, -0.27631, 1.2292, -5.32031, 3.1708, 1.59832, -0.78882, -1.79997, -1.06745, -3.49421, 5.35107, -5.30356, -1.18404, 9.41251]"
42,sub8,mae,0,sub8-a__0039__wave.npy,21,wave,21,0.67402023,1,"[-4.39257, 7.42256, -3.89179, -1.75323, -7.27229, 1.85577, -0.39208, 0.69424, 7.89775, -0.38586, 0.10118, -4.34242, 3.00079, 1.3167, -1.30262, -1.22702, -0.51755, -3.78067, 6.6794, -6.35938, -2.20832, 9.28218]"
42,sub8,mae,0,sub8-a__0040__wave.npy,21,wave,21,0.7494953,1,"[-5.46956, 7.97836, -4.48489, -0.23424, -7.29724, 2.83326, -0.12223, 2.51723, 6.03731, -0.36033, -0.46269, -5.48399, 3.26741, 2.78845, -2.23807, -1.71562, 0.29045, -4.54348, 6.56187, -7.32602, -1.74972, 9.41959]"
42,sub8,mae,0,sub8-a__0041__wave.npy,21,wave,21,0.73904204,1,"[-6.0205, 7.70105, -4.12971, -0.70073, -7.57079, 2.40155, 1.32665, 3.44389, 3.66894, -0.99485, -1.09725, -5.98312, 4.92469, 3.6459, -2.3425, -1.8281, 0.56593, -5.74619, 6.19435, -6.6966, 0.1313, 9.03607]"
42,sub8,mae,0,sub8-a__0042__wave.npy,21,wave,21,0.54680294,1,"[-5.70068, 8.05636, -4.94961, -0.3822, -7.15826, 3.26258, 0.13815, 3.07241, 5.71494, -0.55601, -0.82324, -5.50435, 3.3673, 2.79565, -2.51873, -1.46439, 0.48189, -4.53533, 7.074, -7.03975, -1.75998, 8.65072]"
42,sub8,mae,0,sub8-a__0043__bow.npy,2,bow,11,0.9740554,0,"[8.41801, 1.35648, 5.66286, -6.49452, -9.72073, 1.57525, 9.24808, 1.48787, -8.02301, -1.96238, -6.16381, 14.42513, 10.28674, 1.1037, 8.35561, -11.12947, 5.23563, -13.37996, 0.89085, -4.74703, -3.47728, -0.90473]"
42,sub8,mae,0,sub8-a__0044__bow.npy,2,bow,11,0.9605918,0,"[7.34705, 2.30168, 6.0928, -6.10422, -10.71458, 1.64755, 10.17344, 2.78254, -7.39027, -3.60122, -6.36205, 14.15321, 10.23615, 1.39761, 7.19879, -10.42366, 3.75308, -12.64783, 1.14168, -5.20761, -3.71825, 0.01818]"
42,sub8,mae,0,sub8-a__0045__bow.npy,2,bow,11,0.9573183,0,"[6.68011, 2.24943, 6.19366, -6.25456, -10.79242, 1.60717, 10.20984, 3.25747, -7.40607, -3.44578, -6.88564, 14.52148, 11.01877, 0.89905, 6.60198, -9.92006, 4.2881, -12.78467, 0.85132, -5.62479, -3.40116, 0.48934]"
42,sub8,mae,0,sub8-a__0046__bow.npy,2,bow,11,0.95066005,0,"[5.58741, 3.84133, 5.33981, -7.6309, -11.23432, 2.19448, 11.11465, 3.64752, -6.07393, -3.58233, -7.20606, 14.7024, 10.96733, -0.21405, 5.62704, -8.23684, 3.7142, -12.32699, 1.69203, -5.70239, -4.05169, 0.39003]"
42,sub8,mae,0,sub8-a__0047__bow.npy,2,bow,11,0.8750008,0,"[5.39886, 2.46823, 6.64041, -7.66249, -11.57531, 1.51405, 10.64607, 3.24595, -6.31537, -3.61493, -6.75927, 14.19039, 12.00983, -0.77523, 5.95111, -8.0148, 3.0504, -12.11626, 0.89907, -4.82145, -2.304, 0.71456]"
42,sub8,mae,0,sub8-a__0048__crossarms.npy,5,crossarms,18,0.8902542,0,"[-2.74889, 7.74567, -6.68346, -2.80517, -2.5472, 6.3859, 3.95953, 6.48573, -1.77061, -4.64647, -5.089, 0.44165, 1.60635, 3.26494, -2.72129, 1.57319, 1.83263, -0.94323, 10.29797, -3.98462, -3.01741, -3.40663]"
42,sub8,mae,0,sub8-a__0049__crossarms.npy,5,crossarms,18,0.92655396,0,"[-2.31825, 7.43851, -6.91393, -1.5752, -2.09523, 6.13938, 2.51155, 5.37176, -0.94613, -3.85354, -4.1056, 0.08357, 0.56472, 3.35794, -1.58114, 0.3576, 2.17926, -0.80447, 10.33262, -4.07691, -3.8916, -3.18934]"
42,sub8,mae,0,sub8-a__0050__crossarms.npy,5,crossarms,18,0.9682348,0,"[-2.13386, 6.88935, -7.05621, -1.82722, -1.88238, 5.78433, 2.70405, 5.09697, -0.91532, -4.25734, -4.11782, 0.19604, 0.33202, 3.34329, -1.44285, 0.44375, 1.82878, -0.47463, 10.74745, -3.63071, -3.6489, -3.27539]"
42,sub8,mae,0,sub8-a__0051__crossarms.npy,5,crossarms,18,0.9657677,0,"[-2.0963, 6.64956, -7.06755, -1.51752, -1.43732, 6.02991, 3.07127, 4.90541, -2.03699, -4.84704, -4.41629, -0.07258, 0.53928, 4.12243, -1.36357, 0.02339, 2.05286, -0.78583, 10.59777, -3.01387, -3.1577, -3.7283]"
42,sub8,mae,0,sub8-a__0052__crossarms.npy,5,crossarms,18,0.9354703,0,"[-2.23815, 7.29609, -7.17632, -1.82193, -1.57042, 6.24433, 2.7556, 4.82318, -1.22079, -4.52055, -4.48105, -0.16351, 0.54243, 3.63044, -1.72127, 0.65742, 2.15231, -0.6958, 10.36197, -3.28717, -3.41984, -3.47248]"
42,sub8,mae,0,sub8-a__0053__airpunch.npy,1,airpunch,13,0.9926507,0,"[1.07955, 4.12474, -4.72507, 0.98744, -3.29093, 1.03934, 3.48824, 0.70038, -6.72094, 0.38186, 1.71049, -7.8874, 3.25882, 10.75699, 2.57262, -8.88866, 1.98539, -11.3724, 5.12352, -3.40946, 2.56237, 2.10902]"
42,sub8,mae,0,sub8-a__0054__airpunch.npy,1,airpunch,13,0.9622306,0,"[3.43264, 3.921, -5.81398, 0.12449, -2.07191, 0.98302, 2.72351, -1.77922, -6.25238, 2.19664, 3.3488, -7.78864, 1.97333, 9.39971, 2.25069, -7.74739, 1.29011, -10.75829, 5.73422, -1.85288, 1.72697, -0.26466]"
42,sub8,mae,0,sub8-a__0055__airpunch.npy,1,airpunch,13,0.5014307,0,"[3.35069, 5.2099, -6.58566, -0.18985, -1.6012, 1.55721, 1.39738, -4.56031, -3.11592, 2.08005, 5.24152, -7.2163, -0.02829, 7.45218, 3.06334, -6.94676, 0.01056, -8.16747, 7.14703, 0.10133, -0.95445, -1.95504]"
42,sub8,mae,0,sub8-a__0056__airpunch.npy,1,airpunch,13,0.69441587,0,"[4.41685, 4.74233, -6.57194, 0.05114, -1.77144, 1.58533, 1.61329, -4.01982, -4.09698, 1.9824, 5.04094, -7.16904, 0.16169, 8.16324, 2.65145, -7.34324, 0.12339, -8.77651, 7.05269, -0.55189, -0.5047, -1.62699]"
42,sub8,mae,0,sub8-a__0057__airpunch.npy,1,airpunch,13,0.71284395,0,"[4.73743, 4.62096, -6.64772, -0.17396, -0.59294, 1.31384, 1.18017, -4.54732, -4.29348, 2.0691, 5.70206, -7.8366, -0.48239, 8.03408, 2.13089, -6.36953, -0.44911, -7.92996, 6.54871, 0.6615, -0.12074, -2.47314]"
42,sub8,mae,0,sub8-a__0058__drink.npy,7,drink,7,0.8296349,1,"[-5.68407, 7.66537, -5.63998, -0.42632, -6.69135, 6.88462, 2.92063, 10.71207, 0.21865, -3.17192, -4.02442, -2.51524, 3.05591, 3.75161, -3.74135, -1.27862, 1.88071, -4.00408, 8.69475, -7.76813, -2.31629, 3.82479]"
42,sub8,mae,0,sub8-a__0059__drink.npy,7,drink,7,0.9513454,1,"[-5.30903, 8.51146, -5.67163, -2.4022, -6.41412, 6.96101, 3.46219, 12.38801, 1.49944, -3.0366, -5.36373, -0.7, 2.48824, 2.43243, -4.61349, 0.30758, 2.27974, -3.49501, 8.7163, -8.96538, -3.67321, 4.25208]"
42,sub8,mae,0,sub8-a__0060__drink.npy,7,drink,18,0.58459556,0,"[-4.58593, 7.49905, -6.50583, 1.32696, -5.74852, 7.89723, 1.08752, 9.58529, 2.10368, -2.20927, -2.81939, -1.58217, -0.28975, 3.22693, -3.06254, -1.69427, 1.34257, -2.04817, 10.19908, -8.47933, -5.08386, 2.15152]"
42,sub8,mae,0,sub8-a__0061__drink.npy,7,drink,18,0.7338153,0,"[-4.34765, 7.54033, -6.61284, 0.34492, -5.57128, 7.57483, 1.45033, 9.52945, 2.63621, -2.14394, -2.96945, -1.01018, -0.72911, 2.77356, -3.07072, -1.08021, 1.04134, -1.58241, 10.79178, -8.37524, -5.44737, 1.79862]"
42,sub8,mae,0,sub8-a__0062__drink.npy,7,drink,18,0.70118487,0,"[-4.60754, 7.36293, -6.48242, 1.3611, -5.7808, 7.47151, 1.05154, 9.05808, 2.29755, -2.01235, -2.54219, -1.9258, -0.265, 3.30068, -2.97237, -1.73716, 1.12838, -2.09072, 10.2439, -8.31416, -4.88087, 2.27759]"
42,sub8,mae,0,sub8-a__0063__brushteeth.npy,3,brushteeth,7,0.97428215,0,"[-6.12925, 7.5719, -5.75038, 0.0599, -6.46495, 8.04435, 4.91451, 12.90562, -3.57947, -3.71287, -4.27928, -2.46556, 3.24709, 4.60015, -4.23471, -0.07131, 1.60249, -4.09628, 8.57491, -7.46264, -1.01186, 0.40332]"
42,sub8,mae,0,sub8-a__0064__brushteeth.npy,3,brushteeth,7,0.5558883,0,"[-5.01866, 7.03683, -6.52642, 2.79455, -5.18099, 8.49007, 1.83427, 10.06887, -2.0145, -2.61267, -2.30403, -3.33116, 0.61858, 5.52505, -3.17411, -2.27423, 1.51486, -3.02809, 9.43881, -6.81053, -3.04782, -0.15244]"
42,sub8,mae,0,sub8-a__0065__brushteeth.npy,3,brushteeth,7,0.98833513,0,"[-5.9003, 6.875, -5.122, -1.48925, -6.32664, 7.25056, 4.70341, 13.0207, -3.86792, -3.42462, -4.57531, -2.44487, 4.48889, 3.81468, -4.41997, 0.609, 1.70323, -4.21376, 7.90051, -6.17041, 0.19825, 0.60313]"
42,sub8,mae,0,sub8-a__0066__brushteeth.npy,3,brushteeth,18,0.5906161,0,"[-4.83528, 7.03395, -6.66701, 1.49799, -5.30027, 8.32704, 2.20083, 9.87223, -0.75767, -2.61422, -2.45191, -2.41383, 0.01588, 4.52869, -3.1541, -1.64616, 1.03714, -2.32528, 10.48371, -7.07592, -3.70595, -0.02922]"
42,sub8,mae,0,sub8-a__0067__brushteeth.npy,3,brushteeth,18,0.6914369,0,"[-4.53604, 6.92334, -6.60614, 2.68176, -5.22975, 8.25046, 1.34896, 9.01728, -0.10073, -2.33744, -1.96845, -2.57938, -0.69147, 4.75005, -2.67002, -2.40775, 1.04923, -2.10876, 10.29708, -7.48621, -4.26968, 0.41763]"
42,sub8,mae,0,sub8-a__0068__highfive.npy,8,highfive,1,0.6772075,0,"[-4.58301, 8.56271, -5.42918, -0.55582, -4.43468, 1.42058, 0.34914, -2.85867, 2.21528, 0.74017, 3.5187, -7.43463, 1.89879, 4.09179, 0.757, -2.74916, -1.23051, -4.48697, 7.77044, -0.75728, -1.06015, 1.30093]"
42,sub8,mae,0,sub8-a__0069__highfive.npy,8,highfive,1,0.7866303,0,"[-4.67925, 9.00053, -5.48843, -0.45586, -4.49548, 1.92525, 0.08062, -2.62345, 2.87692, 1.05395, 3.3115, -7.24298, 1.49417, 3.83038, 0.63556, -2.46284, -1.00818, -4.22482, 7.64254, -1.26205, -1.67701, 1.37663]"
42,sub8,mae,0,sub8-a__0070__highfive.npy,8,highfive,1,0.72884375,0,"[-4.70342, 8.63788, -5.28337, -0.70764, -4.57612, 1.15796, 0.56083, -3.08356, 2.56374, 0.98431, 3.62731, -7.49973, 1.77457, 4.25704, 0.78076, -2.73127, -1.35205, -4.59327, 7.57758, -1.25284, -1.02782, 1.8677]"
42,sub8,mae,0,sub8-a__0071__highfive.npy,8,highfive,1,0.5600213,0,"[-4.2678, 8.22577, -5.70598, -0.48899, -4.15174, 1.19745, 0.72257, -3.43718, 2.06732, 1.42519, 4.06343, -7.46501, 1.13083, 4.86613, 1.75512, -3.7385, -1.15616, -4.98241, 7.90698, -1.06084, -1.43723, 1.13354]"
42,sub8,mae,0,sub8-a__0072__highfive.npy,8,highfive,1,0.6906056,0,"[-4.75182, 8.60739, -5.41004, -0.26125, -4.57289, 1.2281, 0.6334, -2.80118, 2.26463, 0.85556, 3.45693, -7.48881, 1.79365, 4.62725, 0.92146, -3.24041, -1.14474, -4.83616, 7.73335, -1.4756, -1.20995, 1.90441]"
42,sub8,mae,0,sub8-a__0073__wave.npy,21,wave,21,0.5188885,1,"[-4.87092, 8.04401, -3.07543, -2.27912, -7.35774, 0.71976, 0.0205, -0.95383, 6.97338, -0.20272, 1.20529, -5.31507, 3.92715, 1.27555, -1.15665, -0.58414, -1.41418, -3.99601, 5.90049, -4.77439, -0.79593, 8.51197]"
42,sub8,mae,0,sub8-a__0074__wave.npy,21,wave,21,0.6346306,1,"[-4.84127, 7.76058, -3.94637, -1.12957, -7.0204, 1.51069, -0.7083, -0.47302, 7.74286, 0.35939, 1.09521, -5.35764, 2.67932, 1.62825, -1.34885, -1.08003, -0.97057, -3.54144, 6.29992, -6.07807, -1.87057, 9.11375]"
42,sub8,mae,0,sub8-a__0075__wave.npy,21,wave,1,0.4305113,0,"[-5.37563, 8.05678, -4.93683, -0.00424, -6.42809, 2.32751, -0.70783, -0.00896, 6.28603, 0.12191, 1.01324, -6.22015, 2.52442, 2.85621, -1.56363, -1.83015, -0.38152, -3.83417, 7.05744, -5.64775, -1.841, 7.79458]"
42,sub8,mae,0,sub8-a__0076__wave.npy,21,wave,21,0.5157202,1,"[-5.15389, 8.06805, -4.2134, -0.87652, -6.82931, 1.86643, -0.80841, -0.0337, 7.34176, 0.1416, 0.84264, -5.70461, 2.7674, 1.85906, -1.68427, -0.99811, -0.66901, -3.61444, 6.51513, -5.82914, -1.83118, 8.66535]"
42,sub8,mae,0,sub8-a__0077__wave.npy,21,wave,1,0.4315816,0,"[-5.31836, 8.19682, -4.55186, -0.36537, -6.64015, 2.14779, -0.68967, 0.0946, 6.42164, 0.01463, 0.85403, -6.1174, 2.82051, 2.62895, -1.4756, -1.61123, -0.40536, -4.01811, 6.70442, -5.59932, -1.70448, 8.10256]"
42,sub8,mae,0,sub8-a__0078__bow.npy,2,bow,11,0.88653433,0,"[5.93513, 1.33919, 7.68207, -7.50068, -12.15505, 0.89858, 9.39457, 1.9276, -5.07441, -3.391, -5.12137, 13.69049, 11.4881, -2.38122, 6.69401, -7.49697, 1.05722, -10.7495, 0.86866, -3.17116, -1.2801, 0.04617]"
42,sub8,mae,0,sub8-a__0079__bow.npy,2,bow,11,0.95164794,0,"[6.20457, 2.23367, 6.49162, -7.37207, -11.64962, 1.67231, 9.85623, 2.47418, -5.80015, -2.89132, -6.06511, 14.54386, 11.34082, -1.36919, 6.67143, -8.42874, 2.86493, -11.92239, 1.16023, -4.44671, -2.82297, -0.00629]"
42,sub8,mae,0,sub8-a__0080__bow.npy,2,bow,11,0.7378299,0,"[5.25503, 1.86575, 7.51244, -7.23934, -12.17525, 1.11885, 9.35644, 2.4465, -5.22979, -3.39146, -5.3655, 13.00723, 11.87737, -1.89811, 6.61219, -7.77048, 1.59643, -11.41959, 0.70442, -3.43162, -1.41333, 0.69539]"
42,sub8,mae,0,sub8-a__0081__bow.npy,2,bow,11,0.9567499,0,"[5.47613, 3.2387, 6.03159, -7.77434, -11.90488, 1.86731, 10.2696, 2.81809, -4.86758, -3.09425, -6.20686, 14.48225, 10.96894, -1.72101, 6.10212, -7.58653, 2.42104, -11.55124, 1.71836, -4.68118, -3.45215, 0.13]"
42,sub8,mae,0,sub8-a__0082__bow.npy,2,bow,11,0.9010781,0,"[5.4539, 1.92949, 7.55144, -7.55527, -12.02877, 1.16903, 10.03141, 2.7195, -5.29773, -3.28081, -6.12987, 14.08823, 11.68546, -1.94849, 6.14632, -7.59364, 2.05087, -11.49765, 0.64589, -4.12362, -1.89116, 0.68912]"
42,sub8,mae,0,sub8-a__0083__crossarms.npy,5,crossarms,18,0.81600714,0,"[-2.79886, 7.76786, -6.81933, -0.4869, -1.54663, 7.03543, 2.596, 5.2868, -2.48164, -4.10389, -4.30063, -0.76695, 0.70476, 4.44199, -1.73427, 0.03361, 2.69676, -1.08166, 9.73638, -3.78325, -3.39893, -3.86117]"
42,sub8,mae,0,sub8-a__0084__crossarms.npy,5,crossarms,18,0.8857243,0,"[-2.6387, 7.91437, -7.30415, -1.75579, -1.65895, 7.31422, 2.8498, 5.40722, -1.41204, -4.44764, -4.89117, 0.15786, 0.53118, 3.47377, -2.0952, 0.99224, 2.47576, -0.58116, 10.46611, -3.75763, -3.8203, -3.78386]"
42,sub8,mae,0,sub8-a__0085__crossarms.npy,5,crossarms,18,0.91198623,0,"[-2.49301, 7.65405, -7.23524, -1.2776, -1.43364, 7.05893, 3.00204, 4.9162, -1.76727, -4.75004, -4.8951, 0.06789, 0.32869, 3.92951, -1.58231, 0.39474, 2.57328, -0.71522, 10.49821, -3.53479, -3.72628, -3.82684]"
42,sub8,mae,0,sub8-a__0086__crossarms.npy,5,crossarms,18,0.8286528,0,"[-2.57276, 8.52953, -7.43299, -1.80565, -2.04736, 7.64737, 2.80799, 5.22073, -0.63692, -4.32213, -4.94461, 0.43576, 0.33125, 3.17775, -1.95026, 0.85199, 2.73003, -0.8548, 10.48602, -4.24804, -4.36941, -3.35055]"
42,sub8,mae,0,sub8-a__0087__crossarms.npy,5,crossarms,18,0.9119308,0,"[-2.39121, 7.75891, -7.2279, -1.51434, -1.56981, 6.9433, 2.81046, 4.42343, -1.00983, -4.49197, -4.59886, 0.09714, 0.07905, 3.52645, -1.4137, 0.54916, 2.36119, -0.63051, 10.50616, -3.41728, -3.97924, -3.64602]"
42,sub8,mae,0,sub8-a__0088__airpunch.npy,1,airpunch,13,0.6577892,0,"[-2.36682, 3.34403, -2.99607, -0.15796, -5.69451, 0.50733, 5.00427, 3.6106, -7.05258, -0.50042, -0.69256, -7.3011, 7.25762, 8.32688, 0.70829, -6.4328, 2.01819, -11.61049, 4.11377, -3.73827, 5.9517, 4.06461]"
42,sub8,mae,0,sub8-a__0089__airpunch.npy,1,airpunch,13,0.6510324,0,"[3.88469, 4.7419, -6.20237, -0.49248, -1.32515, 0.94977, 1.42189, -5.10284, -3.61256, 2.35765, 5.63879, -7.76318, -0.17458, 7.73084, 3.70345, -7.36338, -0.02192, -8.72545, 6.56949, 0.51713, -0.07108, -1.92889]"
42,sub8,mae,0,sub8-a__0090__airpunch.npy,1,airpunch,13,0.62907606,0,"[4.18878, 4.41862, -6.66255, 0.02328, -1.90998, 1.51765, 1.84532, -4.513, -3.59044, 2.19231, 5.15763, -6.60049, -0.2799, 8.17823, 4.09171, -8.51201, 0.52264, -9.08381, 7.43455, -0.51889, -1.19661, -1.69926]"
42,sub8,mae,0,sub8-a__0091__airpunch.npy,1,airpunch,13,0.79820025,0,"[5.1446, 4.36212, -6.77066, 0.47074, -1.91573, 1.83754, 2.10559, -4.1134, -4.23718, 2.39736, 4.64559, -6.54318, -0.38322, 8.87436, 3.8348, -8.80458, 1.01579, -9.70198, 7.22618, -1.51111, -1.29219, -1.46035]"
42,sub8,mae,0,sub8-a__0092__airpunch.npy,1,airpunch,13,0.8459733,0,"[3.82746, 4.54045, -7.00415, 0.82649, -1.32433, 1.69916, 1.49879, -3.97884, -4.22034, 2.51521, 4.87801, -7.59806, -0.50557, 9.08608, 3.34142, -8.38772, 0.96715, -9.26707, 7.15418, -1.1513, -0.68281, -1.36803]"
42,sub8,mae,0,sub8-a__0093__drink.npy,7,drink,7,0.8710194,1,"[-5.25694, 7.86859, -5.13349, 0.66549, -6.85755, 6.54763, 1.02367, 11.07417, 3.39878, -2.33446, -4.19889, -1.22671, 0.76762, 2.38477, -3.47397, -1.51592, 1.86386, -2.83747, 8.66743, -10.01655, -4.61019, 5.91855]"
42,sub8,mae,0,sub8-a__0094__drink.npy,7,drink,18,0.562873,0,"[-5.34749, 7.67906, -5.95462, 1.15425, -6.48839, 6.94019, 0.36692, 8.96831, 3.78031, -1.80975, -2.88515, -2.07931, 0.35034, 2.50504, -2.91157, -1.66005, 1.37415, -2.28227, 9.57557, -8.8792, -4.65161, 4.3428]"
42,sub8,mae,0,sub8-a__0095__drink.npy,7,drink,7,0.6374639,1,"[-4.89187, 7.68587, -5.63121, 1.06852, -6.41593, 7.0302, 0.62967, 10.30979, 3.65806, -1.86637, -3.53296, -0.9432, -0.3207, 2.01074, -3.06595, -1.33064, 1.42761, -1.95685, 9.52156, -9.57872, -5.31349, 4.10047]"
42,sub8,mae,0,sub8-a__0096__drink.npy,7,drink,18,0.50870097,0,"[-4.82537, 7.84306, -5.93037, 0.7649, -6.3005, 7.11374, 1.0238, 9.87495, 3.53871, -1.9414, -3.32819, -0.82774, -0.56976, 2.30315, -2.76284, -1.36671, 1.30151, -1.92106, 10.09096, -9.31831, -5.55232, 3.39925]"
42,sub8,mae,0,sub8-a__0097__drink.npy,7,drink,18,0.82446045,0,"[-4.98072, 7.46546, -6.45194, 1.35082, -5.88852, 7.5072, 1.24842, 8.80355, 2.24425, -2.03038, -2.50787, -1.68487, -0.58701, 3.20439, -2.37331, -1.94401, 1.04448, -1.89038, 10.78452, -8.06884, -4.97272, 1.74009]"
42,sub8,mae,0,sub8-a__0098__brushteeth.npy,3,brushteeth,18,0.71991646,0,"[-5.06679, 6.5328, -6.00687, 4.43345, -5.01118, 7.31067, 0.50582, 7.06043, -1.12517, -2.37529, -0.87654, -4.3357, -0.22289, 5.91389, -1.48595, -3.68244, 1.06856, -2.55034, 9.18957, -5.83577, -2.79226, 0.09485]"
42,sub8,mae,0,sub8-a__0100__brushteeth.npy,3,brushteeth,18,0.551774,0,"[-5.70771, 6.59137, -6.07387, 3.22372, -5.18877, 7.45896, 1.45489, 8.85297, -2.23601, -3.07985, -1.93857, -4.27569, 0.95183, 5.75087, -2.55238, -2.65439, 1.35494, -2.80287, 9.39915, -5.7867, -1.71948, 0.18109]"
42,sub8,mae,0,sub8-a__0101__brushteeth.npy,3,brushteeth,7,0.63398653,0,"[-5.8875, 6.88925, -6.29288, 0.80507, -5.81635, 7.97265, 2.85519, 10.73639, -1.90112, -2.82625, -2.96248, -2.81759, 1.6609, 4.22727, -3.39963, -1.07308, 1.2604, -2.86832, 10.02462, -6.36674, -2.04176, 0.06977]"
42,sub8,mae,0,sub8-a__0102__brushteeth.npy,3,brushteeth,18,0.77333635,0,"[-5.23114, 6.54565, -6.07426, 3.84043, -5.05401, 7.30167, 0.37296, 7.11344, -0.51062, -2.48268, -1.11127, -4.22198, -0.07774, 5.25132, -1.86592, -3.08189, 1.02052, -2.17056, 9.43052, -5.84475, -2.73849, 0.48127]"
42,sub8,mae,0,sub8-a__0103__highfive.npy,8,highfive,1,0.73012567,0,"[-5.51954, 8.7988, -5.41185, -0.66877, -4.20478, 1.47879, 0.00494, -2.71705, 2.17835, 1.00986, 3.15676, -7.65756, 1.91641, 3.65543, 0.74969, -2.2977, -0.88907, -4.12708, 7.76494, -0.39163, -0.69061, 0.86003]"
42,sub8,mae,0,sub8-a__0104__highfive.npy,8,highfive,1,0.68225735,0,"[-5.67646, 8.60398, -5.37159, -0.4693, -4.52567, 1.30245, 0.45273, -2.71066, 2.21041, 1.10493, 3.24542, -7.75275, 1.86094, 4.38426, 1.19619, -3.19391, -0.78195, -4.78214, 7.78271, -1.21944, -0.64812, 1.78476]"
42,sub8,mae,0,sub8-a__0105__highfive.npy,8,highfive,1,0.66941136,0,"[-5.92618, 8.6237, -5.32835, -0.51516, -4.675, 1.28781, 0.96506, -1.75169, 1.22954, 0.39241, 2.57788, -7.97734, 2.66252, 4.63713, 0.48011, -2.74822, -0.75176, -5.06247, 7.86079, -1.26387, 0.18926, 1.92596]"
42,sub8,mae,0,sub8-a__0106__highfive.npy,8,highfive,1,0.70500445,0,"[-5.3258, 8.67728, -5.29654, -0.79365, -4.48317, 1.31491, 0.20916, -2.65335, 2.666, 0.83396, 3.05652, -7.63665, 1.8318, 3.88421, 0.79176, -2.60629, -0.96442, -4.34163, 7.76079, -1.09466, -0.68334, 1.91397]"
42,sub8,mae,0,sub8-a__0107__highfive.npy,8,highfive,1,0.67339706,0,"[-4.63781, 8.49309, -5.50886, -0.92091, -4.00805, 1.41234, 0.00732, -3.35327, 2.65602, 1.57855, 3.63176, -7.48703, 1.01577, 3.84506, 1.54337, -2.98138, -0.91383, -4.34435, 7.71736, -0.47699, -1.20237, 0.80243]"
42,sub8,mae,0,sub8-a__0108__wave.npy,21,wave,21,0.9787854,1,"[-4.8995, 6.2183, -3.16146, 1.84721, -7.40712, 2.39984, -1.88925, 2.02852, 5.43862, -0.98224, 0.35986, -5.97697, 3.24451, 3.15536, -1.56416, -3.2193, -0.0818, -4.01195, 5.14936, -6.72569, -0.70015, 10.72128]"
42,sub8,mae,0,sub8-a__0109__wave.npy,21,wave,21,0.9144433,1,"[-5.19529, 6.53315, -3.91958, 1.96258, -7.11838, 2.98714, -1.7025, 2.18171, 5.48059, -0.94499, 0.42091, -6.05957, 2.55757, 3.33371, -1.77345, -2.96674, -0.09815, -3.5701, 6.03285, -6.73957, -1.22333, 9.63091]"
42,sub8,mae,0,sub8-a__0110__wave.npy,21,wave,21,0.59770125,1,"[-5.1781, 7.0758, -4.70862, 1.29423, -6.8539, 3.50244, -1.26769, 2.19641, 5.62244, -0.69143, 0.33443, -5.81365, 2.26904, 3.22019, -1.85891, -2.63446, -0.04618, -3.53845, 6.98814, -6.49684, -1.85168, 8.26963]"
42,sub8,mae,0,sub8-a__0111__wave.npy,21,wave,21,0.8603256,1,"[-5.75761, 6.82168, -4.58443, 2.01121, -7.20435, 3.71336, -1.1241, 3.71028, 4.80155, -1.0266, -0.28004, -6.15118, 2.71501, 3.6464, -2.64278, -2.70859, 0.26187, -3.80808, 6.6816, -7.40604, -1.17907, 9.41027]"
42,sub8,mae,0,sub8-a__0112__wave.npy,21,wave,18,0.39623857,0,"[-5.31933, 7.23005, -5.31165, 2.18666, -6.27923, 4.2901, -1.50337, 2.6867, 5.07794, -0.79262, 0.39771, -6.01756, 1.40594, 3.61333, -2.07599, -2.55002, 0.06604, -2.95111, 7.47952, -6.37601, -2.3458, 6.92467]"
42,sub8,mae,0,sub8-a__0113__bow.npy,2,bow,11,0.8702668,0,"[5.8262, 1.31381, 8.75971, -7.09745, -12.4878, 0.66944, 8.92826, 1.80036, -4.39613, -3.60447, -4.57331, 12.75244, 10.5072, -2.69061, 6.46318, -7.09242, -0.19273, -9.94146, 0.6269, -2.53889, -0.76771, 0.19318]"
42,sub8,mae,0,sub8-a__0114__bow.npy,2,bow,11,0.9212157,0,"[5.9726, 1.77595, 7.69265, -6.87594, -11.99742, 1.18028, 9.46915, 2.25378, -5.5907, -3.07375, -5.39521, 13.55531, 10.81126, -1.37225, 6.66733, -8.34546, 1.6479, -11.37045, 0.84231, -3.70698, -1.9222, 0.112]"
42,sub8,mae,0,sub8-a__0115__bow.npy,2,bow,11,0.8883979,0,"[6.27465, 1.69311, 7.41479, -6.77295, -11.70135, 1.32232, 9.62, 2.39894, -6.28692, -2.7913, -5.66926, 13.39611, 11.07317, -0.79309, 6.78032, -8.7335, 2.41787, -12.04329, 0.54464, -4.09729, -1.85014, 0.12363]"
42,sub8,mae,0,sub8-a__0116__bow.npy,2,bow,11,0.9233486,0,"[6.03757, 1.66166, 7.5671, -7.1438, -12.00192, 1.26107, 9.82548, 2.19848, -5.92037, -2.96167, -5.56285, 13.93082, 11.17557, -1.42931, 6.81895, -8.44634, 2.00537, -11.77857, 0.84133, -3.72282, -1.9447, -0.03563]"
42,sub8,mae,0,sub8-a__0117__bow.npy,2,bow,11,0.8225836,0,"[5.35221, 1.36149, 8.19764, -7.52454, -12.22034, 0.96124, 9.45829, 1.86383, -5.46175, -2.86437, -5.24401, 13.35019, 11.6778, -2.47875, 6.7217, -7.60912, 1.51886, -11.43556, 0.6142, -2.86533, -0.87725, 0.01218]"
42,sub8,mae,0,sub8-a__0118__bow.npy,2,bow,11,0.97715855,0,"[6.62962, 2.92515, 5.99363, -6.80262, -11.11021, 1.93664, 10.58915, 2.982, -6.70234, -3.17155, -6.71877, 14.91855, 10.26514, 0.20681, 6.65261, -9.3249, 3.61431, -12.35017, 1.39669, -5.35804, -3.98207, -0.3889]"
42,sub8,mae,0,sub8-a__0119__crossarms.npy,5,crossarms,18,0.92903686,0,"[-2.21118, 7.3468, -7.08551, -1.62256, -1.44907, 6.72407, 2.74994, 4.697, -1.459, -4.5613, -4.60458, 0.25006, 0.31984, 3.48217, -1.65404, 0.71639, 2.17868, -0.30765, 10.41841, -3.16109, -3.68926, -4.14039]"
42,sub8,mae,0,sub8-a__0120__crossarms.npy,5,crossarms,18,0.88275176,0,"[-2.78608, 8.12789, -7.30435, -2.57021, -1.89713, 7.48315, 3.88424, 5.91064, -2.0712, -4.8617, -5.39247, 0.39388, 1.19775, 3.46808, -2.58052, 1.38934, 2.37427, -0.98237, 10.65561, -3.58401, -3.34335, -4.01753]"
42,sub8,mae,0,sub8-a__0121__crossarms.npy,5,crossarms,18,0.8836248,0,"[-2.81693, 7.99419, -7.2297, -2.38233, -1.92985, 7.14303, 3.29815, 6.0125, -1.67198, -4.47921, -5.04948, 0.0064, 1.20137, 3.39091, -2.71573, 1.47575, 2.29247, -0.83045, 10.48548, -3.8226, -3.28821, -3.51194]"
42,sub8,mae,0,sub8-a__0122__crossarms.npy,5,crossarms,18,0.8552025,0,"[-2.59174, 8.08518, -7.38291, -1.53901, -1.43072, 7.73345, 3.1653, 5.3463, -2.06098, -4.89802, -5.23459, 0.18976, 0.56614, 3.87166, -2.17929, 0.86574, 2.68969, -0.70792, 10.44719, -3.57424, -3.73437, -4.18664]"
42,sub8,mae,0,sub8-a__0123__crossarms.npy,5,crossarms,18,0.85660005,0,"[-2.48291, 8.10075, -7.39537, -1.59347, -1.48777, 7.48331, 2.88009, 5.07449, -1.54894, -4.60475, -4.97905, -0.06953, 0.43371, 3.81846, -2.10421, 0.81245, 2.62309, -0.78122, 10.36622, -3.6408, -3.79193, -3.81058]"
42,sub8,mae,0,sub8-a__0124__airpunch.npy,1,airpunch,13,0.93628865,0,"[3.80826, 3.88061, -6.26205, 0.29871, -2.07465, 1.18813, 3.39828, -3.47336, -6.03782, 2.0015, 4.61457, -7.30817, 0.58317, 10.06359, 4.5175, -9.94056, 0.92489, -11.05688, 7.14118, -1.09685, 0.24121, -1.50462]"
42,sub8,mae,0,sub8-a__0125__airpunch.npy,1,airpunch,13,0.9594494,0,"[2.98261, 3.71427, -5.62383, 0.32509, -2.72861, 1.10124, 3.76232, -1.66004, -6.98898, 1.30561, 3.55344, -7.82082, 2.13727, 9.75134, 2.65387, -8.27707, 0.65827, -10.96645, 6.29792, -1.42782, 2.31012, -0.65636]"
42,sub8,mae,0,sub8-a__0126__airpunch.npy,1,airpunch,13,0.93722963,0,"[4.57764, 4.33772, -6.22705, 1.37017, -2.63264, 2.16665, 2.60565, -2.53577, -5.88552, 1.36738, 3.5765, -7.02222, 0.79287, 9.76208, 3.48921, -9.41129, 1.47097, -10.60781, 6.78213, -2.1359, 0.16939, -0.85317]"
42,sub8,mae,0,sub8-a__0127__airpunch.npy,1,airpunch,13,0.94471073,0,"[4.55768, 3.82648, -6.37569, 0.66764, -1.93811, 1.53909, 3.3187, -3.08101, -6.62139, 1.63487, 4.14226, -7.26954, 0.78338, 10.01546, 3.60487, -9.24364, 1.0644, -10.88344, 6.92879, -1.15839, 0.59002, -1.7142]"
42,sub8,mae,0,sub8-a__0128__airpunch.npy,1,airpunch,13,0.9459833,0,"[2.54333, 4.09136, -5.2017, 0.62705, -4.07461, 1.89651, 4.28808, -0.4054, -7.12696, 0.23113, 2.19636, -6.91752, 3.31241, 9.61036, 2.57466, -8.79199, 1.40534, -11.53355, 6.44604, -2.46424, 2.37751, 0.26042]"
42,sub8,mae,0,sub8-a__0129__airpunch.npy,1,airpunch,13,0.84825045,0,"[3.43164, 3.81683, -5.31403, -0.43412, -3.81229, 1.47617, 3.89708, -1.9712, -6.11389, 0.96237, 3.73224, -7.49515, 2.5441, 8.50487, 2.26407, -7.60308, 0.06603, -10.75285, 6.50665, -1.09564, 2.66383, -0.493]"
42,sub8,mae,0,sub8-a__0130__drink.npy,7,drink,18,0.44865686,0,"[-5.07015, 7.13501, -5.4124, 2.95804, -6.54887, 6.42733, -0.4447, 8.07397, 3.77848, -1.9755, -2.35907, -2.99946, 0.56456, 3.32068, -2.92977, -2.72445, 1.37701, -2.70263, 8.42763, -9.27979, -4.28568, 6.07985]"
42,sub8,mae,0,sub8-a__0131__drink.npy,7,drink,7,0.83012503,1,"[-5.24308, 7.79235, -5.46561, 0.56835, -6.72491, 6.80675, 1.16628, 10.84217, 2.89873, -2.4251, -3.82015, -1.63204, 1.29187, 2.54358, -3.82135, -1.28601, 1.69214, -2.97955, 8.84155, -9.40722, -4.31989, 5.17203]"
42,sub8,mae,0,sub8-a__0132__drink.npy,7,drink,18,0.6766135,0,"[-5.00167, 7.33671, -6.3347, 1.7901, -5.73681, 7.01034, 0.813, 9.1283, 2.50321, -2.45409, -2.83434, -2.32118, -0.32555, 3.80866, -2.91668, -2.19754, 1.40544, -2.20028, 10.12867, -8.8599, -4.70794, 3.8313]"
42,sub8,mae,0,sub8-a__0133__drink.npy,7,drink,18,0.7074874,0,"[-4.57825, 7.3534, -6.7454, 1.43519, -5.23983, 7.59172, 1.44748, 9.56796, 1.31827, -2.41465, -2.97448, -1.90799, -0.7274, 4.17269, -2.74783, -2.31493, 1.65747, -2.36158, 10.67772, -8.53535, -4.88993, 2.21793]"
42,sub8,mae,0,sub8-a__0134__drink.npy,7,drink,18,0.5251785,0,"[-4.36031, 7.30074, -6.13624, 1.55136, -5.81516, 7.19815, 0.91795, 9.73546, 2.53649, -2.20119, -3.16843, -1.32521, -0.56602, 3.2757, -2.75675, -2.28, 1.64159, -2.32549, 9.9947, -9.21188, -5.26561, 3.44725]"
42,sub8,mae,0,sub8-a__0135__brushteeth.npy,3,brushteeth,7,0.85170406,0,"[-5.75287, 7.0157, -5.8982, 2.46526, -5.58124, 7.60742, 2.75087, 10.78115, -3.34295, -3.20931, -2.84635, -4.21767, 2.14995, 6.36493, -3.3542, -2.27685, 1.78159, -4.1243, 8.43878, -6.56181, -1.34412, 0.83898]"
42,sub8,mae,0,sub8-a__0136__brushteeth.npy,3,brushteeth,7,0.977843,0,"[-6.08194, 6.45828, -4.78778, 1.43873, -6.35823, 7.17855, 3.50742, 11.96882, -4.67124, -3.56602, -3.54511, -4.26686, 4.27021, 5.46032, -4.34662, -0.82766, 1.61736, -4.54804, 7.14637, -6.12627, 0.97833, 1.29212]"
42,sub8,mae,0,sub8-a__0137__brushteeth.npy,3,brushteeth,7,0.938392,0,"[-6.08398, 6.55639, -5.6184, 1.1852, -5.81277, 7.47318, 3.39487, 11.50917, -4.04359, -3.56355, -3.41987, -3.94802, 3.54553, 5.35639, -4.13037, -0.8848, 1.6942, -4.00582, 8.23954, -6.0321, 0.07949, 0.75753]"
42,sub8,mae,0,sub8-a__0138__brushteeth.npy,3,brushteeth,7,0.5473523,0,"[-5.61284, 6.9846, -6.24152, 3.33212, -5.20351, 7.90188, 1.36257, 9.50139, -2.00006, -2.74984, -2.0738, -4.4574, 1.0935, 5.89416, -3.19052, -2.48777, 1.58332, -3.29029, 8.83573, -6.55463, -2.13146, 0.88042]"
42,sub8,mae,0,sub8-a__0139__brushteeth.npy,3,brushteeth,18,0.50836486,0,"[-5.44614, 6.68149, -6.29742, 3.66283, -5.06022, 7.65028, 0.99044, 8.42592, -1.82277, -2.61318, -1.54421, -4.72613, 0.95912, 5.98101, -2.88286, -2.8834, 1.3842, -3.17014, 9.0093, -6.10114, -2.03948, 0.79283]"
42,sub8,mae,0,sub8-a__0140__highfive.npy,8,highfive,18,0.50557244,0,"[-5.22316, 7.82784, -5.93392, -0.01722, -4.02392, 1.28749, 1.1707, -2.37918, 0.50752, 0.93077, 3.32596, -8.2733, 2.16932, 5.86939, 0.99707, -4.13842, -0.64352, -5.86193, 8.00224, -1.22377, 0.01221, 1.60416]"
42,sub8,mae,0,sub8-a__0141__highfive.npy,8,highfive,18,0.49363464,0,"[-5.01506, 7.94503, -5.78873, 0.17504, -4.29488, 1.71135, 0.42816, -2.54084, 2.38282, 0.98337, 3.16185, -7.62266, 1.33839, 5.272, 1.05557, -4.07972, -0.57391, -4.98557, 8.00757, -2.03625, -1.29045, 2.44953]"
42,sub8,mae,0,sub8-a__0142__highfive.npy,8,highfive,1,0.5115039,0,"[-5.20863, 7.95516, -5.72387, -0.21728, -4.11805, 1.6477, 0.22904, -2.41766, 2.10333, 0.76955, 3.64642, -8.02112, 1.40293, 4.60187, 0.54029, -2.90575, -1.31723, -4.1588, 7.84569, -0.85495, -0.57194, 1.50329]"
42,sub8,mae,0,sub8-a__0143__highfive.npy,8,highfive,1,0.6007335,0,"[-4.94181, 8.43614, -5.72143, -0.74236, -4.08144, 1.44626, 0.33968, -2.91195, 2.21091, 0.91759, 3.64545, -7.66554, 1.74106, 4.13658, 0.55919, -2.58183, -1.33817, -4.29928, 7.98413, -0.42628, -0.9094, 1.03996]"
42,sub8,mae,0,sub8-a__0144__highfive.npy,8,highfive,1,0.5776776,0,"[-4.60445, 8.24633, -5.65168, -0.99844, -3.74968, 1.3027, 0.44211, -3.31436, 1.56808, 1.11784, 4.05675, -7.75704, 1.5966, 4.0513, 0.95794, -2.55686, -1.46019, -4.33266, 7.88166, 0.40351, -0.64306, 0.05593]"
42,sub8,mae,0,sub8-b1__0001__walk.npy,20,walk,20,0.9640559,1,"[-0.83913, -1.21026, 0.08889, -5.66035, -5.0256, -2.35418, 3.775, 1.55714, -5.80582, -0.05083, 0.83436, -4.22575, 8.83217, 0.63897, -0.69357, 1.21848, -1.90568, -6.80823, 0.4138, 0.0006, 12.13132, 1.89428]"
42,sub8,mae,0,sub8-b1__0002__turnaround.npy,19,turnaround,19,0.99470925,1,"[6.57198, -0.69963, -5.38685, -6.96959, 4.23416, -2.28064, 5.00258, -4.82694, -7.6556, -1.18053, 6.28794, -3.89054, -4.94922, 3.78826, 1.32476, -0.98821, -7.4491, -0.15721, 5.89573, 12.79266, 3.34243, -10.91432]"
42,sub8,mae,0,sub8-b1__0003__walk.npy,20,walk,20,0.9943094,1,"[0.43031, 1.24066, 2.29575, -1.22517, -3.95885, -4.21624, 3.72324, 0.49286, -3.57753, -2.60139, -0.66093, -3.19458, -3.97647, 1.72397, 1.27236, -3.29176, -6.54072, 2.35283, 2.54151, 0.3907, 9.69833, -1.03056]"
42,sub8,mae,0,sub8-b1__0004__turnaround.npy,19,turnaround,19,0.99979,1,"[-0.61657, 1.8819, -4.49126, -11.73148, 0.15194, -1.97129, 5.7443, -6.81492, -3.2742, 2.31307, 4.923, -3.33423, -0.21435, -2.97642, 5.10923, 3.42095, -5.36003, -3.58757, 8.42096, 17.02776, 2.42838, -12.6027]"
42,sub8,mae,0,sub8-b1__0005__walk.npy,20,walk,20,0.99104136,1,"[-0.87762, -1.11518, -0.20257, -4.88039, -3.70154, -2.5395, 2.95084, 1.56016, -6.1478, 0.22863, 0.99493, -5.46181, 7.83296, 1.43704, -1.2646, 1.26766, -1.79344, -6.35471, 0.08814, -0.0519, 12.55737, 1.90869]"
42,sub8,mae,0,sub8-b1__0006__turnaround.npy,19,turnaround,19,0.9993492,1,"[1.20131, -0.41489, -4.32473, -10.40676, -0.10716, -3.08822, 5.05594, -4.8654, -4.45359, -0.70313, 5.37905, -1.97562, -0.19136, -1.61755, 3.84257, 0.73524, -6.37468, -1.70752, 6.51201, 14.57675, 5.67554, -10.05759]"
42,sub8,mae,0,sub8-b1__0007__walk.npy,20,walk,20,0.99611366,1,"[1.87615, 0.76023, 2.27679, -1.56579, -4.2294, -4.07834, 3.70504, 0.08631, -3.68946, -2.76547, -0.07522, -2.96833, -3.79987, 1.49096, 0.66874, -3.14614, -7.14053, 2.05631, 2.48931, 0.87134, 10.05222, -1.01083]"
42,sub8,mae,0,sub8-b1__0008__turnaround.npy,19,turnaround,19,0.9998047,1,"[-0.90253, 1.90428, -4.68046, -11.34713, 0.70946, -1.97033, 5.49868, -6.9468, -3.61036, 2.76832, 5.27223, -3.84914, -0.57393, -2.36805, 5.08762, 3.08595, -5.0261, -3.71621, 8.37037, 17.05322, 2.24668, -12.74923]"
42,sub8,mae,0,sub8-b1__0009__walk.npy,20,walk,20,0.997077,1,"[-1.32305, -1.62061, -0.53992, -4.65388, -2.41706, -3.11875, 2.44786, 0.84318, -6.40687, 1.21613, 1.68831, -6.38632, 6.99841, 2.07296, -1.11663, 0.802, -1.491, -6.36387, -0.20658, 0.27663, 12.86826, 1.66125]"
42,sub8,mae,0,sub8-b1__0010__turnaround.npy,19,turnaround,19,0.9975253,1,"[5.92923, -0.35305, -4.75829, -8.7829, 2.00462, -2.33784, 6.06584, -4.66999, -7.25325, -1.92812, 6.11164, -2.98093, -2.66918, 2.43009, 2.69661, -1.04044, -7.31214, -2.16906, 6.57899, 13.64516, 4.37354, -10.78069]"
42,sub8,mae,0,sub8-b1__0011__walk.npy,20,walk,20,0.980225,1,"[-0.01681, 1.37529, 2.29359, -2.02492, -4.46195, -4.05859, 4.52442, 0.5956, -3.66824, -1.7337, -0.94146, -2.44602, -3.74196, 1.26437, 2.57571, -4.05445, -5.93076, 1.55694, 3.24392, 0.38446, 8.96897, -1.84976]"
42,sub8,mae,0,sub8-b1__0012__turnaround.npy,19,turnaround,19,0.99979776,1,"[-0.23472, 1.9437, -4.40752, -11.17222, 0.50752, -2.05463, 5.39135, -7.21924, -3.15572, 2.60762, 5.52344, -3.60236, -1.2367, -2.595, 5.14539, 3.38655, -5.57372, -3.16075, 8.38536, 17.03966, 1.68063, -12.86242]"
42,sub8,mae,0,sub8-b1__0013__walk.npy,20,walk,20,0.9967728,1,"[-0.72081, -1.41081, -0.49041, -4.48915, -2.71584, -2.98659, 2.79079, 1.32477, -6.54015, 0.82802, 1.58775, -6.08457, 6.73042, 2.40514, -1.20372, 0.67037, -1.75279, -6.33818, -0.14785, -0.2292, 12.52097, 1.76214]"
42,sub8,mae,0,sub8-b1__0014__turnaround.npy,19,turnaround,19,0.9992174,1,"[4.89685, -0.96173, -4.1083, -9.19113, 0.9564, -2.92887, 5.39378, -5.13558, -5.549, -2.35038, 5.59634, -2.13895, -2.36961, 0.15425, 3.1889, -0.46468, -7.52708, -1.22681, 6.34571, 14.44276, 5.49368, -10.24597]"
42,sub8,mae,0,sub8-b1__0015__walk.npy,20,walk,20,0.98538315,1,"[0.65256, 0.72513, 2.39111, -3.07877, -4.69269, -4.13863, 4.15969, -0.26288, -2.71153, -1.59593, -0.6318, -1.52452, -3.20294, 0.0095, 2.60417, -3.35288, -6.43017, 2.03581, 3.0819, 0.99077, 9.06071, -1.95465]"
42,sub8,mae,0,sub8-b1__0016__turnaround.npy,19,turnaround,19,0.9998723,1,"[-0.1258, 1.77089, -4.75688, -11.8011, 0.52036, -2.03986, 5.27073, -7.21782, -3.03314, 2.7077, 5.22335, -3.48622, -0.18576, -2.93267, 5.00804, 3.54113, -5.12053, -3.78319, 8.00386, 17.15125, 2.25725, -12.52709]"
42,sub8,mae,0,sub8-b1__0017__walk.npy,20,walk,20,0.9916597,1,"[-0.7172, -1.2695, -0.46944, -4.74931, -3.73196, -2.73209, 2.87741, 1.34937, -5.86569, 0.38512, 1.08849, -5.47684, 7.65053, 1.46484, -0.94948, 0.94376, -1.72931, -6.45218, 0.16678, -0.40108, 12.45079, 2.28468]"
42,sub8,mae,0,sub8-b1__0018__turnaround.npy,19,turnaround,19,0.99533266,1,"[5.92672, -0.72983, -4.74004, -8.81275, 1.89806, -2.86155, 5.59725, -4.53076, -6.92496, -1.45452, 6.46521, -3.02472, -2.60673, 2.3615, 2.74905, -1.10192, -7.29798, -1.88985, 6.40224, 12.97852, 4.66308, -10.15621]"
42,sub8,mae,0,sub8-b1__0019__walk.npy,20,walk,20,0.99588805,1,"[2.50203, 0.50607, 2.00508, -1.82636, -4.27222, -4.14203, 3.63667, -0.36777, -3.63278, -2.2698, 0.43791, -2.90575, -3.62356, 1.28115, 0.84229, -3.32001, -7.19712, 1.63615, 2.40159, 0.96937, 9.9555, -1.15411]"
42,sub8,mae,0,sub8-b1__0020__turnaround.npy,19,turnaround,19,0.9997284,1,"[-0.09556, 2.25753, -4.72475, -11.4909, 0.67049, -1.87727, 5.3651, -7.12782, -3.5091, 2.87814, 4.94927, -3.50635, -0.67545, -2.6899, 5.8841, 2.62462, -4.69004, -4.10176, 8.58279, 16.92737, 1.77025, -12.8873]"
42,sub8,mae,0,sub8-b1__0021__walk.npy,20,walk,20,0.953872,1,"[-0.39156, -1.72855, -0.25828, -5.08532, -4.80435, -2.58211, 5.262, 2.55753, -6.67867, -0.27042, 1.24358, -4.31733, 7.50711, 3.04509, 0.54825, -0.77041, -2.3404, -7.53509, 0.93326, -0.88925, 10.66195, 1.78648]"
42,sub8,mae,0,sub8-b1__0022__turnaround.npy,19,turnaround,19,0.9974533,1,"[7.08559, -1.27916, -4.83176, -7.56893, 3.47918, -2.65633, 4.80316, -5.24233, -6.97109, -1.89631, 6.44686, -3.42792, -4.38291, 2.53507, 1.96314, -0.89442, -7.841, -0.31819, 5.60892, 13.72862, 4.20147, -10.66578]"
42,sub8,mae,0,sub8-b1__0023__walk.npy,20,walk,20,0.98736817,1,"[0.5139, 0.58586, 2.27072, -2.81967, -4.75689, -4.62039, 3.87586, -0.87271, -2.56009, -1.49935, 0.12525, -1.9867, -3.5172, 0.18385, 3.31457, -4.18205, -6.4372, 1.67965, 3.04438, 1.28991, 9.16627, -1.50989]"
42,sub8,mae,0,sub8-b1__0024__turnaround.npy,19,turnaround,19,0.9998282,1,"[-0.62413, 1.63995, -4.93907, -11.25831, 1.46969, -2.2562, 5.5382, -7.17428, -4.05866, 2.88857, 5.56489, -3.97518, -0.87131, -1.8728, 5.55019, 2.60096, -4.92451, -3.87265, 8.27575, 17.13504, 1.95266, -13.01011]"
42,sub8,mae,0,sub8-b1__0025__hop.npy,9,hop,9,0.3555729,1,"[0.61255, -2.22223, -4.19377, -1.86115, 5.94353, -2.96725, -0.68079, -1.09719, -8.78749, 8.34794, 2.05941, -8.85309, 0.66643, 8.24822, 2.30167, -4.3206, 4.95744, -8.58026, -1.49796, -1.90393, 8.09656, -1.51713]"
42,sub8,mae,0,sub8-b1__0026__hop.npy,9,hop,9,0.50019324,1,"[-2.9911, -2.65175, -4.8519, -2.83984, 5.59151, -2.29755, -1.89466, -1.7546, -7.72011, 9.06794, 1.84126, -8.26813, 3.01821, 5.67393, 0.96156, -3.48256, 5.75778, -8.0276, -0.07743, 0.28287, 8.95642, -1.46565]"
42,sub8,mae,0,sub8-b1__0027__hop.npy,9,hop,20,0.8706599,0,"[-2.75551, -3.00231, -3.96072, -3.11169, 4.15292, -2.51429, -0.65702, -1.00817, -8.2011, 7.80745, 0.98029, -7.56492, 4.21144, 5.57354, 1.16968, -3.56391, 5.56413, -8.6614, -0.35128, -0.18386, 9.95343, -0.85051]"
42,sub8,mae,0,sub8-b1__0028__hop.npy,9,hop,20,0.9536453,0,"[-3.47158, -3.08623, -3.44277, -3.40837, 3.48142, -2.46269, 0.25385, -0.81301, -8.03687, 6.95797, 0.82367, -7.33149, 4.11005, 5.14564, 0.78577, -2.92844, 4.71279, -7.98235, -0.16829, 0.32129, 10.2943, -1.10577]"
42,sub8,mae,0,sub8-b1__0029__hop.npy,9,hop,20,0.5264012,0,"[-2.61733, -3.4034, -4.3227, -3.20552, 5.81968, -2.76481, -1.04211, -1.73656, -8.17524, 8.72801, 1.72865, -7.69417, 2.40796, 5.94728, 1.14754, -3.87161, 5.38866, -7.78235, -0.14954, 0.60584, 8.97854, -1.85853]"
42,sub8,mae,0,sub8-b1__0030__hop.npy,9,hop,9,0.76353204,1,"[-3.71366, -3.16607, -4.53249, -3.08141, 6.71716, -2.46041, -1.51727, -2.42709, -7.91373, 9.67883, 1.79129, -7.71501, 2.00086, 5.67842, 1.64888, -4.16081, 6.15593, -7.5805, -0.07537, 1.05223, 8.11201, -2.5116]"
42,sub8,mae,0,sub8-b1__0031__jump.npy,10,jump,13,0.51404387,0,"[5.36764, -1.71295, -5.35265, -2.61803, 3.78575, 0.14652, 0.73395, -1.60906, -8.96031, 8.00841, 1.88263, -1.73519, 0.04229, 8.55725, 5.95448, -9.75763, 7.13309, -10.26781, 1.44205, -2.30416, 0.30169, -4.84116]"
42,sub8,mae,0,sub8-b1__0032__jump.npy,10,jump,13,0.5179045,0,"[2.80767, -1.34873, -2.23719, -4.2724, -3.03279, -0.77798, 7.06088, 2.82006, -9.77559, 0.6694, 1.06369, -1.8196, 4.653, 7.48905, 3.5741, -6.25084, 0.64696, -10.41974, 1.52273, -2.14087, 5.74505, -1.79116]"
42,sub8,mae,0,sub8-b1__0033__jump.npy,10,jump,13,0.9372139,0,"[3.42513, -0.19427, -2.87425, -1.38297, -2.46866, 2.00374, 8.37745, 6.19998, -12.38775, -1.85113, -1.94317, 0.08846, 4.12725, 11.21965, 2.17254, -8.03596, 2.97033, -10.75251, 2.59965, -4.14263, 2.41848, -3.22249]"
42,sub8,mae,0,sub8-b1__0034__jump.npy,10,jump,13,0.9779508,0,"[4.20317, 0.53443, -3.94263, -0.6708, -1.40467, 3.57603, 8.24658, 6.26817, -12.41356, -2.26547, -2.04786, 1.29637, 2.14, 12.2251, 2.36987, -9.54116, 3.78475, -10.19823, 4.39476, -3.98312, -0.51668, -4.92993]"
42,sub8,mae,0,sub8-b1__0035__jump.npy,10,jump,13,0.99579924,0,"[4.2391, 0.52526, -4.54029, 0.27822, -0.04996, 3.57833, 7.08082, 5.80982, -12.28265, -1.78888, -1.64279, 0.73475, 0.64059, 12.98303, 2.48745, -10.06361, 4.26791, -9.53889, 4.74633, -3.7812, -1.21212, -5.59672]"
42,sub8,mae,0,sub8-b1__0036__runonspot.npy,13,runonspot,13,0.99945635,1,"[6.29247, 0.36534, -3.92747, 0.57464, 1.73635, 2.87813, 7.3436, 6.56343, -14.50818, 0.08574, -2.46208, 0.74126, -0.9338, 15.55677, 2.16398, -10.09734, 5.56036, -10.38678, 2.11195, -5.32465, -1.90414, -6.55526]"
42,sub8,mae,0,sub8-b1__0037__runonspot.npy,13,runonspot,13,0.9982509,1,"[4.96632, 0.14602, -4.03413, 0.06911, 0.85215, 3.05839, 8.13662, 6.97128, -14.4401, -0.2927, -2.35373, 0.65134, -0.03339, 14.83108, 1.93721, -9.62082, 5.03184, -10.43398, 3.03424, -4.75954, -1.147, -6.72416]"
42,sub8,mae,0,sub8-b1__0038__runonspot.npy,13,runonspot,13,0.9994962,1,"[7.73252, -0.76176, -5.07534, 1.91406, 2.92841, 3.18743, 4.18669, 4.06197, -12.50112, 2.20707, -0.3189, 0.49801, -3.87065, 15.50368, 3.34226, -11.20492, 5.3158, -8.70676, 3.30449, -4.60313, -3.91264, -7.50404]"
42,sub8,mae,0,sub8-b1__0039__runonspot.npy,13,runonspot,13,0.99954504,1,"[7.22936, -0.5721, -5.43643, 1.30728, 3.16456, 3.72895, 4.57284, 4.34039, -12.72195, 1.7363, -0.68616, 0.4731, -3.41406, 15.23856, 2.7061, -10.51707, 5.30111, -8.56963, 3.75193, -4.04969, -3.53641, -8.01338]"
42,sub8,mae,0,sub8-b1__0040__runonspot.npy,13,runonspot,13,0.99905163,1,"[3.75498, -0.20921, -5.06742, -0.02244, 2.4851, 3.33417, 6.375, 6.17355, -13.85832, 1.47721, -2.36404, -0.8747, -0.13755, 14.31844, 1.65256, -8.66135, 5.95996, -9.96463, 2.9369, -4.27101, -0.20086, -6.97308]"
42,sub8,mae,0,sub8-b1__0041__runonspot.npy,13,runonspot,13,0.9996356,1,"[7.32821, -0.39535, -5.64479, 2.27721, 4.48975, 3.83564, 3.51246, 4.15683, -12.68992, 2.44677, -0.94301, -0.14623, -4.61834, 15.66898, 2.78594, -10.78207, 6.22503, -8.12132, 3.26024, -4.486, -4.12703, -8.01422]"
42,sub8,mae,0,sub8-b1__0042__buttkicks.npy,4,buttkicks,4,0.84258056,1,"[2.78047, -1.46264, -6.39393, 0.77411, 14.54772, -2.14422, -2.38872, -1.45656, -11.25927, 9.65673, 0.69688, -7.39613, -5.00985, 12.80765, 4.11284, -8.61981, 8.96659, -7.58616, -0.83017, -1.83729, 0.91216, -6.00228]"
42,sub8,mae,0,sub8-b1__0043__buttkicks.npy,4,buttkicks,4,0.96147966,1,"[1.58635, -0.77852, -6.76325, 0.90366, 15.46052, -1.90889, -2.91393, -1.36376, -10.8569, 9.63494, 0.31011, -7.85663, -5.43666, 12.11539, 3.59553, -7.71537, 9.16643, -6.63011, -0.65384, -1.363, 0.77912, -6.34501]"
42,sub8,mae,0,sub8-b1__0044__buttkicks.npy,4,buttkicks,4,0.96602637,1,"[3.18842, -0.70126, -6.78364, 1.16463, 15.99809, -1.47482, -2.87516, -1.06115, -11.41251, 8.93154, -0.48877, -7.06914, -5.8514, 12.55974, 3.66009, -8.23079, 9.87415, -6.71213, -0.85793, -1.8316, -0.03589, -6.6345]"
42,sub8,mae,0,sub8-b1__0045__buttkicks.npy,4,buttkicks,4,0.972614,1,"[2.56232, -0.96473, -6.86869, 0.94596, 15.96824, -1.61503, -3.00194, -1.52264, -11.52738, 9.06859, 0.49168, -8.0543, -5.53891, 12.33324, 3.01614, -7.46513, 8.78602, -6.4924, -0.88442, -0.84814, 1.01217, -6.72407]"
42,sub8,mae,0,sub8-b1__0046__buttkicks.npy,4,buttkicks,4,0.7745505,1,"[1.70412, -0.76017, -5.61591, 0.98143, 13.66854, -2.09312, -0.99452, 0.57551, -11.92442, 7.8476, -1.18374, -7.87407, -3.88196, 12.38831, 2.78794, -6.98741, 9.07177, -7.5072, -1.50184, -2.79598, 2.70896, -5.19957]"
42,sub8,mae,0,sub8-b1__0047__airkick.npy,0,airkick,13,0.81858987,0,"[1.6771, -0.47616, -3.64153, -1.32818, -0.74477, -0.00035, 5.53677, 4.12855, -10.36268, 1.47178, 0.3838, -4.78063, 2.78933, 8.36111, 2.80493, -5.64955, 1.70527, -9.53197, 2.00031, -2.7465, 6.35021, -2.91384]"
42,sub8,mae,0,sub8-b1__0048__airkick.npy,0,airkick,20,0.8589464,0,"[3.04409, -1.03407, -2.04527, -6.12316, -4.88123, -1.93431, 5.33072, 0.5847, -6.32612, 0.91772, 2.42758, -3.63191, 6.93275, 2.23168, 2.97253, -2.36456, -1.99627, -9.21012, 1.70326, 0.48979, 8.98128, -0.50795]"
42,sub8,mae,0,sub8-b1__0049__airkick.npy,0,airkick,10,0.42058322,0,"[7.39472, -1.38467, -4.45532, -5.86358, -1.32044, -2.11215, 2.43632, -3.81298, -5.88573, 3.4849, 7.43997, -4.68971, 1.86865, 3.37167, 5.87312, -5.36983, -2.80136, -8.31871, 2.96203, 3.27967, 5.46665, -3.98281]"
42,sub8,mae,0,sub8-b1__0050__airkick.npy,0,airkick,10,0.60246265,0,"[2.34103, -0.17562, -3.78194, -4.83434, -0.7692, -3.86782, 2.82671, -3.38178, -4.58335, 4.97761, 8.15082, -6.58052, 0.3917, 4.04105, 7.54216, -5.24966, -3.28119, -7.44805, 2.32172, 1.70289, 5.03269, -2.85695]"
42,sub8,mae,0,sub8-b1__0051__airkick.npy,0,airkick,10,0.39273977,0,"[1.01663, -0.27432, -3.62343, -5.62168, -2.73087, -3.47951, 4.11055, -2.39207, -4.47173, 3.48461, 6.83588, -5.71209, 2.90688, 2.61394, 6.64535, -4.0665, -3.30632, -7.90165, 3.11593, 2.22659, 6.23154, -2.62914]"
42,sub8,mae,0,sub8-b1__0052__sidekick.npy,14,sidekick,14,0.80240995,1,"[11.86455, 0.3628, -2.1817, -3.36183, 1.31259, -0.18684, 4.82866, -2.39232, -9.27026, 3.93915, -1.24537, 3.01532, -1.14359, 6.20389, 13.27334, -11.03762, 5.85982, -11.57984, 0.87088, -2.67351, -3.28873, -6.52594]"
42,sub8,mae,0,sub8-b1__0053__sidekick.npy,14,sidekick,14,0.74488187,1,"[12.87566, 0.39834, -1.13471, -2.78863, 1.13308, -0.00189, 4.55435, -2.15044, -9.47646, 2.9092, -2.80875, 4.69673, -1.05481, 6.02355, 13.9525, -12.00559, 7.27809, -11.72078, 0.20607, -3.34589, -3.82703, -6.06836]"
42,sub8,mae,0,sub8-b1__0054__sidekick.npy,14,sidekick,0,0.5463639,0,"[13.48925, 0.80557, -1.00372, -3.07059, -0.30387, 0.663, 5.00198, -1.6116, -9.09678, 2.46283, -3.20771, 5.7246, -0.35149, 5.46275, 13.30029, -11.52461, 6.97149, -11.86458, 0.24406, -4.00583, -4.23168, -5.57936]"
42,sub8,mae,0,sub8-b1__0055__sidekick.npy,14,sidekick,0,0.9123811,0,"[13.20169, 0.31258, -3.63305, -1.74905, 4.77986, 0.39171, 2.58708, -1.06724, -9.90658, 5.30041, -2.82226, 2.77752, -2.41431, 8.53567, 10.6098, -10.98753, 8.70021, -10.95015, -0.25801, -5.17894, -4.72339, -5.73833]"
42,sub8,mae,0,sub8-b1__0056__sidekick.npy,14,sidekick,14,0.54098654,1,"[10.74805, 0.84635, -3.45695, -1.75442, 4.43763, -0.52186, 2.24816, -1.41151, -8.77642, 6.15735, -2.01156, 1.4687, -2.71008, 8.1271, 11.04393, -10.6479, 7.85699, -10.27311, -0.09151, -5.1509, -4.11806, -5.15968]"
42,sub8,mae,0,sub8-b1__0057__crosstoe.npy,6,crosstoe,6,0.8126509,1,"[2.60891, 1.83844, 1.18866, -8.14228, -10.73597, 0.99998, 14.031, 3.03194, -6.61123, -5.02556, -5.81597, 10.23516, 12.46056, -1.54588, 4.01824, -3.74108, 0.48482, -11.3028, 3.75418, -3.82552, 1.55312, -0.22903]"
42,sub8,mae,0,sub8-b1__0058__crosstoe.npy,6,crosstoe,11,0.56175596,0,"[3.79968, 3.22943, 0.29678, -8.86854, -10.88142, 2.37717, 14.03354, 3.78822, -4.71947, -4.81579, -7.30559, 14.33104, 11.04269, -3.53433, 2.6096, -2.7069, 0.92618, -10.28245, 4.59816, -5.66957, -1.92937, -0.39774]"
42,sub8,mae,0,sub8-b1__0059__crosstoe.npy,6,crosstoe,11,0.69268847,0,"[5.30326, 3.38922, -0.08117, -8.43303, -10.24638, 2.80902, 14.476, 3.51669, -4.8698, -5.15933, -7.59945, 15.29644, 9.58624, -3.04253, 2.91596, -3.27052, 0.97613, -10.03763, 4.96426, -5.79039, -3.45249, -1.43421]"
42,sub8,mae,0,sub8-b1__0060__crosstoe.npy,6,crosstoe,11,0.8796945,0,"[6.49135, 3.23933, -0.34321, -8.54824, -9.76942, 2.61459, 14.45407, 3.12932, -4.65587, -4.76718, -7.46088, 16.44636, 8.36383, -3.06235, 3.14974, -3.2046, 0.95722, -9.36611, 5.1008, -5.78417, -4.62056, -2.37619]"
42,sub8,mae,0,sub8-b1__0061__crosstoe.npy,6,crosstoe,6,0.6477392,1,"[4.42251, 3.96135, -0.03655, -8.49149, -10.44284, 2.66922, 15.14181, 3.98438, -4.80073, -5.04012, -7.41154, 14.52874, 8.95317, -2.61386, 2.55762, -2.59936, 0.4784, -9.73532, 4.94361, -6.11347, -3.34885, -1.23465]"
42,sub8,mae,0,sub8-b1__0062__crosstoe.npy,6,crosstoe,11,0.6892461,0,"[5.93699, 3.31422, 0.9556, -8.29348, -10.1791, 2.46037, 15.41163, 3.46462, -5.37983, -5.65584, -7.86173, 16.20942, 8.58206, -2.41573, 3.42581, -3.77551, 0.86003, -9.8417, 4.42938, -5.87303, -3.96087, -2.00199]"
42,sub8,mae,0,sub8-b1__0063__throw.npy,18,throw,18,0.5316764,1,"[-6.23649, 3.3842, -6.41883, -1.92224, -3.33679, -0.17137, 4.40064, -0.03279, -4.17181, -0.92023, 1.42927, -6.39882, 6.9741, 5.8863, 1.86097, -5.04717, 0.47156, -8.7703, 7.52736, -0.02434, 4.27504, 2.26435]"
42,sub8,mae,0,sub8-b1__0064__throw.npy,18,throw,18,0.69294447,1,"[-5.79229, 3.67952, -7.61735, -0.15334, 0.04009, -0.92496, 2.7649, -3.03956, -4.02829, 0.41352, 4.23973, -8.11522, 2.95778, 7.65886, 2.97289, -6.24938, -0.55139, -6.97657, 8.55487, 1.9409, 1.76323, -1.03085]"
42,sub8,mae,0,sub8-b1__0065__throw.npy,18,throw,18,0.48990116,1,"[-6.62455, 3.30184, -6.83992, -0.86413, -1.6494, -0.49253, 2.57061, -0.62665, -3.95142, 0.70201, 2.58491, -7.72567, 5.5801, 7.02449, 1.10165, -5.29691, 0.88623, -8.22615, 7.27508, -0.11106, 3.7428, 2.15469]"
42,sub8,mae,0,sub8-b1__0066__throw.npy,18,throw,12,0.72926426,0,"[-6.17516, 3.0631, -5.12763, -3.04324, -4.27728, 0.45494, 5.43588, 3.01153, -5.24531, -1.93457, 0.4491, -5.27353, 8.21521, 5.13975, -0.02712, -3.06242, 0.02237, -8.22812, 6.51494, -1.02753, 5.46963, 2.50342]"
42,sub8,mae,0,sub8-b1__0067__throw.npy,18,throw,18,0.6651373,1,"[-6.42466, 3.40457, -7.64213, -0.15748, -0.4337, -0.63853, 1.74147, -2.30086, -2.88618, 0.87748, 3.93312, -8.22142, 3.26033, 7.44879, 2.25823, -6.23524, 0.11104, -6.91991, 8.21278, 0.79103, 1.84829, 0.7222]"
42,sub8,mae,0,sub8-b1__0068__walk.npy,20,walk,20,0.86593246,1,"[-1.89248, -0.82807, -1.69101, -5.75636, -4.31982, -2.58641, 5.79356, 1.44578, -6.47337, 0.25923, 1.4382, -4.43729, 8.33764, 2.14509, 1.59439, -1.44188, -1.38848, -8.55103, 2.21444, 0.12516, 10.2869, 0.76448]"
42,sub8,mae,0,sub8-b1__0069__turnaround.npy,19,turnaround,19,0.9990452,1,"[5.54172, -0.53994, -4.48452, -7.94835, 2.33683, -2.37011, 4.53811, -4.7179, -5.60578, -2.15572, 5.74475, -2.69763, -4.08926, 0.6788, 1.60365, 0.1122, -7.9998, 0.82661, 6.20832, 14.09255, 4.39748, -10.65977]"
42,sub8,mae,0,sub8-b1__0070__walk.npy,20,walk,20,0.994544,1,"[-0.09202, 1.07248, 2.25858, -2.08958, -4.68859, -4.31315, 2.89984, -0.43309, -1.28718, -1.23813, -0.35865, -3.0083, -4.06689, 0.11978, 1.32966, -2.02295, -6.5402, 3.16569, 2.36643, 0.19076, 9.52055, -0.70331]"
42,sub8,mae,0,sub8-b1__0071__walk.npy,20,walk,19,0.9998534,0,"[-0.2488, 1.8867, -4.38336, -12.0346, 0.48182, -2.19644, 6.42628, -7.06403, -3.98657, 2.32416, 5.14207, -3.1885, -0.05909, -1.9317, 5.58736, 2.42779, -4.87118, -4.44135, 7.93712, 17.09532, 2.13489, -12.8368]"
42,sub8,mae,0,sub8-b1__0072__walk.npy,20,walk,20,0.9274067,1,"[0.26718, -0.93364, -0.46412, -5.38772, -4.75195, -2.26517, 4.27629, 1.81175, -6.49284, -0.42823, 0.35802, -3.66575, 8.80994, 1.69936, -0.20351, -0.28688, -1.26346, -7.72755, 0.73206, -0.93085, 11.37225, 1.99599]"
42,sub8,mae,0,sub8-b1__0073__turnaround.npy,19,turnaround,19,0.9974795,1,"[6.33104, -0.63913, -4.18646, -8.45634, 1.45056, -2.52576, 5.52088, -4.37796, -6.25433, -2.83101, 5.12525, -1.86165, -3.29615, 1.11741, 2.48157, -0.7256, -7.5899, -0.7598, 6.44978, 13.44871, 4.76652, -10.39065]"
42,sub8,mae,0,sub8-b1__0074__walk.npy,20,walk,20,0.99150336,1,"[-0.38591, 1.52101, 2.06611, -1.82763, -4.72299, -3.94636, 3.45147, 0.15818, -1.98737, -1.2068, -0.80552, -3.10697, -3.62014, 0.63989, 1.28613, -2.22742, -6.10876, 2.49156, 2.55968, -0.34749, 9.12624, -0.85069]"
42,sub8,mae,0,sub8-b1__0075__turnaround.npy,19,turnaround,19,0.99986815,1,"[-0.4213, 1.58776, -4.59845, -11.97868, 0.66969, -2.32393, 5.86467, -7.56911, -3.64227, 2.57355, 5.38332, -3.27124, 0.04439, -2.23857, 5.97893, 2.20345, -4.69451, -4.34448, 8.08276, 17.28712, 2.11001, -12.73381]"
42,sub8,mae,0,sub8-b1__0076__walk.npy,20,walk,20,0.991779,1,"[-1.26756, -1.11696, -0.95476, -4.28099, -2.68034, -2.80533, 3.95379, 1.54564, -7.31145, 0.56809, 1.33938, -5.80974, 6.93303, 3.41577, -0.68802, -0.71298, -1.19348, -7.34046, 0.58048, -0.60625, 11.82065, 1.47649]"
42,sub8,mae,0,sub8-b1__0077__turnaround.npy,19,turnaround,19,0.9957826,1,"[5.63508, -0.08603, -4.6498, -9.39159, 0.70107, -2.20701, 5.94383, -3.90008, -6.43985, -2.38855, 4.90992, -1.35246, -1.58963, 0.76452, 2.65829, -0.42117, -6.82155, -1.99258, 7.03408, 13.08726, 4.52172, -10.33298]"
42,sub8,mae,0,sub8-b1__0078__walk.npy,20,walk,20,0.9761214,1,"[-1.11273, 2.1486, 1.88844, -1.58802, -4.14204, -3.71172, 3.58826, 0.83774, -2.40163, -1.30761, -1.46253, -2.90734, -3.97889, 1.07122, 2.05628, -2.62488, -5.49837, 2.5461, 2.78071, -0.663, 8.26824, -1.42917]"
42,sub8,mae,0,sub8-b1__0079__turnaround.npy,19,turnaround,19,0.9998178,1,"[0.1022, 2.35463, -4.78566, -12.06866, 0.80917, -1.96142, 6.54613, -6.53896, -4.05376, 2.34741, 4.89563, -3.68932, -0.28343, -1.72143, 4.91828, 3.2397, -5.00965, -4.53199, 7.80492, 16.76428, 2.06184, -12.75711]"
42,sub8,mae,0,sub8-b1__0080__walk.npy,20,walk,20,0.99401253,1,"[-0.65518, -1.18113, -0.62278, -4.37117, -2.99124, -2.75334, 3.97275, 1.87224, -7.04103, 0.0768, 0.76055, -5.39675, 6.97439, 2.90894, -1.18051, -0.11883, -1.27325, -7.02489, 0.2954, -1.04039, 12.1698, 1.95091]"
42,sub8,mae,0,sub8-b1__0081__turnaround.npy,19,turnaround,19,0.99943835,1,"[2.38544, 0.49835, -4.21095, -9.33149, 0.22883, -2.18963, 4.57095, -4.56631, -3.89435, -2.07906, 4.13324, -1.74749, -1.54314, -1.55119, 2.94561, 1.10869, -6.47987, -0.56259, 6.61909, 14.46118, 4.83808, -10.26493]"
42,sub8,mae,0,sub8-b1__0082__walk.npy,20,walk,20,0.99515694,1,"[0.63883, 1.6291, 1.76002, -2.30842, -4.71248, -3.63229, 2.71283, -0.7332, -1.4268, -0.99386, -0.31558, -3.29512, -3.5765, 0.31842, 0.97235, -1.70281, -6.31574, 2.44991, 2.41455, 0.21543, 9.39452, -0.93207]"
42,sub8,mae,0,sub8-b1__0083__turnaround.npy,19,turnaround,19,0.99973565,1,"[-0.04798, 2.36918, -4.97585, -12.31488, 0.55141, -1.7984, 6.79496, -6.12346, -4.14699, 2.29303, 4.73058, -3.56569, 0.32735, -1.85778, 4.5641, 3.24991, -4.99812, -4.84216, 7.92027, 16.51136, 2.33815, -12.48052]"
42,sub8,mae,0,sub8-b1__0084__walk.npy,20,walk,20,0.96619093,1,"[-0.47267, -0.82228, -0.93093, -5.02999, -4.18755, -2.28833, 4.17663, 1.81811, -6.38158, -0.21185, 0.33822, -4.42987, 8.30222, 1.92842, -0.70365, -0.07294, -1.17538, -7.43876, 1.0261, -0.94395, 11.67801, 2.02597]"
42,sub8,mae,0,sub8-b1__0085__turnaround.npy,19,turnaround,19,0.9992212,1,"[4.0734, -0.00283, -3.45255, -9.29918, -0.16622, -2.41283, 6.20624, -4.29289, -5.39938, -2.59571, 4.29793, -2.08266, -1.6948, -0.97926, 2.48919, 1.26451, -7.41544, -1.54795, 6.9065, 14.70121, 5.49942, -10.45371]"
42,sub8,mae,0,sub8-b1__0086__walk.npy,20,walk,20,0.9908528,1,"[-0.1995, 1.88796, 1.15335, -1.51117, -4.37698, -3.43092, 3.01886, 0.51677, -1.96083, -0.23515, -0.76084, -3.68668, -3.10291, 0.90581, 0.32974, -1.57273, -5.5827, 1.93105, 2.15892, -1.27961, 8.69212, -0.51553]"
42,sub8,mae,0,sub8-b1__0087__turnaround.npy,19,turnaround,19,0.99990654,1,"[-0.58835, 1.49, -4.40149, -11.92484, 0.39398, -2.35217, 6.16245, -7.369, -3.5701, 2.15182, 5.29728, -3.56423, 0.19286, -2.32869, 5.78857, 2.51007, -4.97658, -4.41276, 7.66342, 17.33959, 2.67288, -12.50969]"
42,sub8,mae,0,sub8-b1__0088__hop.npy,9,hop,20,0.7541173,0,"[-1.51008, -1.82213, -1.4208, -5.10929, -3.10799, -2.39944, 4.2349, 1.304, -7.4296, 2.33959, -0.39893, -3.55408, 9.00114, 2.91309, 1.85756, -2.89889, 2.53756, -9.86306, 0.80207, -1.23962, 10.13745, 1.09215]"
42,sub8,mae,0,sub8-b1__0089__hop.npy,9,hop,9,0.74152464,1,"[-1.32182, -3.6564, -5.22598, -2.5533, 7.87351, -1.33203, -1.10958, -2.22234, -9.3689, 10.31462, 1.09602, -5.32739, 1.15876, 8.21085, 2.39533, -7.11592, 8.31214, -8.7303, 0.72329, 0.06501, 4.74301, -3.99631]"
42,sub8,mae,0,sub8-b1__0090__hop.npy,9,hop,9,0.6826831,1,"[-2.57576, -2.61931, -5.36791, -2.1005, 7.80202, -1.2761, -0.99825, -1.77541, -9.3841, 9.99724, 0.58331, -6.42959, 1.40164, 8.01254, 1.98194, -6.30368, 8.40422, -8.79826, 0.49625, -0.26893, 5.57304, -3.66631]"
42,sub8,mae,0,sub8-b1__0091__hop.npy,9,hop,9,0.72556776,1,"[-1.97454, -2.8456, -5.99385, -1.73387, 9.13236, -0.84998, -1.69885, -2.22667, -9.31034, 11.12914, 0.61309, -5.55694, 0.11338, 8.45682, 2.51375, -7.31159, 9.37184, -8.44529, 0.75863, -0.37111, 3.66613, -4.60114]"
42,sub8,mae,0,sub8-b1__0092__hop.npy,9,hop,20,0.86964756,0,"[-2.54532, -2.81132, -3.4377, -3.14232, 2.93031, -2.14657, 1.86521, 0.24056, -9.12853, 6.16371, -0.57322, -5.69698, 5.13717, 6.20688, 1.33087, -4.65548, 6.01406, -9.58657, 0.13079, -1.39354, 9.26532, -0.98228]"
42,sub8,mae,0,sub8-b1__0093__hop.npy,9,hop,9,0.7931226,1,"[-1.89916, -2.96481, -5.92754, -1.85556, 11.52046, -0.99003, -4.22714, -3.89147, -7.8779, 13.09085, 1.35534, -5.33853, -1.57595, 7.06726, 2.39267, -6.75281, 10.1031, -6.59813, 0.33549, 1.02945, 1.60003, -5.27656]"
42,sub8,mae,0,sub8-b1__0094__jump.npy,10,jump,20,0.33021063,0,"[3.83944, -2.01978, -1.33458, -4.8388, -2.33951, -2.0856, 5.94925, 0.17726, -10.00193, 2.10578, 0.88855, -1.3483, 5.96635, 6.11019, 5.85582, -7.94234, 2.72486, -12.15774, 0.66654, -1.56387, 6.70133, -1.62326]"
42,sub8,mae,0,sub8-b1__0095__jump.npy,10,jump,13,0.99309677,0,"[4.17717, 0.07832, -4.9758, 0.18622, 0.15869, 3.54314, 6.11798, 4.70461, -11.34891, -1.82934, -0.6479, -0.11638, 0.27319, 11.79042, 2.38567, -8.88723, 2.93409, -7.97716, 5.37781, -2.8252, -0.44756, -5.8237]"
42,sub8,mae,0,sub8-b1__0096__jump.npy,10,jump,20,0.70609385,0,"[1.64097, -1.29822, -1.52475, -6.25523, -4.64433, -1.85416, 7.72491, 0.65902, -8.17601, -1.69826, 3.57944, -3.45459, 5.86574, 4.04215, 3.56399, -3.6326, -3.80539, -8.88343, 2.98252, 2.62339, 8.80903, -2.52491]"
42,sub8,mae,0,sub8-b1__0097__jump.npy,10,jump,20,0.691585,0,"[1.54636, -0.85194, -2.56274, -6.37821, -4.11543, -1.92126, 6.62026, -0.82594, -7.31664, -0.66765, 4.97561, -4.2951, 5.40623, 4.18596, 4.66668, -4.66176, -3.41135, -9.29471, 3.52856, 3.10807, 8.01745, -2.46402]"
42,sub8,mae,0,sub8-b1__0098__jump.npy,10,jump,14,0.47825086,0,"[4.02712, -2.07184, -5.00983, -5.64663, -1.00205, -1.91459, 2.97413, -4.37545, -6.88056, 3.55277, 7.87759, -4.40712, 2.92638, 4.84571, 7.97162, -8.50414, -0.96454, -10.07879, 4.20176, 3.82428, 5.03343, -4.1887]"
42,sub8,mae,0,sub8-b1__0099__jump.npy,10,jump,10,0.6533942,1,"[3.53719, -1.50061, -4.27357, -6.74999, -1.54805, -3.07944, 4.03875, -4.66541, -6.37455, 2.68935, 8.62675, -4.80155, 2.68524, 4.28678, 7.75647, -7.11323, -2.84164, -9.35889, 4.3269, 4.76557, 5.46329, -4.32901]"
42,sub8,mae,0,sub8-b1__0100__runonspot.npy,13,runonspot,13,0.9996288,1,"[5.15206, -0.33124, -4.17081, 1.02699, 1.83125, 2.91216, 6.58399, 6.54113, -14.33625, 0.46654, -2.06698, -0.92034, -0.50422, 15.38867, 0.98393, -8.84519, 5.08376, -9.83887, 1.65555, -5.38355, 0.11825, -5.92948]"
42,sub8,mae,0,sub8-b1__0101__runonspot.npy,13,runonspot,13,0.9992187,1,"[5.00964, -0.24186, -4.07652, 0.69769, 1.58693, 2.89928, 6.29265, 6.51915, -13.7101, 1.05354, -2.67606, -0.22334, -0.2244, 14.64637, 1.13739, -8.55985, 5.95976, -9.79846, 1.51835, -5.80428, -0.14777, -5.72722]"
42,sub8,mae,0,sub8-b1__0102__runonspot.npy,13,runonspot,13,0.9992878,1,"[5.08119, -0.26424, -4.22272, 0.43606, 1.85803, 2.59283, 6.33228, 5.86795, -13.7519, 1.08841, -2.36539, -0.96826, 0.31661, 14.51293, 1.43062, -8.50515, 5.75929, -10.21875, 1.52031, -5.29922, 0.51889, -5.46929]"
42,sub8,mae,0,sub8-b1__0103__runonspot.npy,13,runonspot,13,0.9997335,1,"[6.85809, -0.29102, -4.66555, 1.45763, 4.17925, 2.78187, 4.8003, 5.1347, -14.02765, 2.11794, -2.07922, -0.36275, -2.38763, 16.00398, 2.17557, -10.0825, 6.93409, -9.55729, 1.47116, -5.39789, -2.04952, -6.94162]"
42,sub8,mae,0,sub8-b1__0104__runonspot.npy,13,runonspot,13,0.9994261,1,"[5.09469, -0.18039, -4.18144, 0.53381, 1.89975, 2.34806, 6.63108, 5.96231, -13.94507, 0.93598, -2.26268, -1.04732, 0.12686, 14.83747, 1.58667, -8.64247, 5.52249, -10.34327, 1.70843, -5.32596, 0.15102, -5.69644]"
42,sub8,mae,0,sub8-b1__0105__buttkicks.npy,4,buttkicks,4,0.79259497,1,"[3.01038, -0.54497, -6.3623, 1.31152, 14.25953, -1.2662, -1.87692, -0.57832, -11.48937, 8.68082, -0.50486, -6.80764, -5.41335, 12.87184, 4.04141, -8.44621, 9.45522, -7.33422, -0.76182, -2.39555, 0.05311, -6.58966]"
42,sub8,mae,0,sub8-b1__0106__buttkicks.npy,4,buttkicks,4,0.8647593,1,"[1.09613, -0.69214, -5.96863, 0.79371, 14.17943, -2.08411, -1.49853, -0.24139, -11.67073, 8.35064, -1.05132, -7.90197, -3.85092, 12.22015, 3.54144, -7.30766, 9.79376, -7.75585, -1.18274, -2.12229, 2.26808, -5.58637]"
42,sub8,mae,0,sub8-b1__0107__buttkicks.npy,4,buttkicks,4,0.95995027,1,"[2.0831, -0.38869, -6.31708, 1.28724, 15.35687, -1.50114, -2.5416, -0.41143, -11.16259, 8.44208, -1.37776, -7.32048, -5.34764, 11.99922, 3.50618, -7.50958, 10.22414, -6.69542, -1.16326, -2.20742, 0.79457, -6.12478]"
42,sub8,mae,0,sub8-b1__0108__buttkicks.npy,4,buttkicks,4,0.9728957,1,"[2.64302, -0.31846, -7.05537, 1.30196, 15.75617, -0.96054, -3.45382, -1.25764, -10.7529, 9.4371, -0.8523, -6.94634, -5.70521, 11.84435, 3.47146, -7.82612, 10.64782, -6.64551, -0.67335, -2.08295, -0.39426, -6.42992]"
42,sub8,mae,0,sub8-b1__0109__buttkicks.npy,4,buttkicks,4,0.49460152,1,"[1.06101, -1.06214, -6.02556, 0.08343, 12.2805, -2.082, -0.35133, -0.01706, -11.82597, 8.33946, -0.29265, -8.24851, -2.71435, 12.25926, 2.81909, -6.89375, 8.51428, -8.53558, -0.81119, -2.2098, 3.53978, -5.06633]"
42,sub8,mae,0,sub8-b1__0110__airkick.npy,0,airkick,14,0.537564,0,"[-0.05731, -0.60374, -4.70818, -5.39138, -1.35097, -2.7562, 4.91153, -2.00367, -6.34679, 4.24955, 5.23703, -5.91725, 3.05848, 4.16818, 7.17162, -5.5604, -0.95875, -9.6513, 3.82596, 2.25186, 6.36699, -3.6587]"
42,sub8,mae,0,sub8-b1__0111__airkick.npy,0,airkick,14,0.5207645,0,"[4.11435, -0.87648, -4.26704, -4.81112, 0.88657, -3.4885, 2.51574, -3.96747, -6.06973, 5.12404, 7.71644, -6.44314, 0.11468, 5.23539, 8.03065, -6.84542, -1.93758, -8.41852, 2.37899, 2.33706, 4.85912, -3.87135]"
42,sub8,mae,0,sub8-b1__0112__airkick.npy,0,airkick,20,0.37020993,0,"[0.7372, -0.2817, -3.38567, -5.68059, -2.02867, -3.88707, 4.29795, -2.59088, -4.94503, 3.4275, 6.30684, -6.26324, 2.94581, 3.39044, 6.81369, -4.3931, -2.78184, -8.34481, 2.75856, 2.10625, 6.87045, -2.21522]"
42,sub8,mae,0,sub8-b1__0113__airkick.npy,0,airkick,14,0.829705,0,"[4.94236, -1.02521, -3.56563, -3.97985, 2.02683, -3.83584, 3.46775, -3.35076, -7.70374, 4.7607, 6.15779, -6.26961, -0.61426, 6.76391, 9.05264, -8.0315, -0.94464, -9.33047, 1.55226, 1.43446, 4.67948, -4.32668]"
42,sub8,mae,0,sub8-b1__0114__airkick.npy,0,airkick,14,0.7676386,0,"[2.13985, -0.11312, -4.42869, -4.90776, 0.52244, -4.06645, 3.25883, -3.96794, -5.04727, 5.59733, 8.0722, -5.88739, -0.37433, 4.67578, 9.40548, -6.95196, -2.26813, -8.0097, 3.25131, 2.15574, 3.24262, -4.40465]"
42,sub8,mae,0,sub8-b1__0115__sidekick.npy,14,sidekick,14,0.9244712,1,"[6.09729, -0.2971, -3.13954, -6.05205, -2.42375, -0.57358, 6.39434, -0.35615, -8.78107, 3.9931, -0.68842, 1.17203, 5.7674, 4.51443, 9.91208, -8.39508, 4.79866, -13.35603, 1.62605, -2.07901, 1.98648, -3.71896]"
42,sub8,mae,0,sub8-b1__0116__sidekick.npy,14,sidekick,14,0.7326787,1,"[12.47979, 1.05151, -0.44352, -4.4905, -3.01519, 0.53207, 6.34771, -1.84805, -7.99029, 1.31559, -2.60774, 5.49414, 1.52066, 3.75248, 13.49191, -10.5208, 4.97094, -12.25934, 0.80931, -3.02622, -2.85352, -4.81785]"
42,sub8,mae,0,sub8-b1__0117__sidekick.npy,14,sidekick,14,0.70980704,1,"[11.80616, 1.73794, -1.92301, -3.17223, -0.75291, 2.34776, 5.73231, -0.27433, -9.88025, 1.97417, -5.40454, 6.18617, 1.50347, 5.83773, 12.78151, -11.61779, 9.22319, -13.11172, 0.79074, -4.9766, -4.05915, -5.42011]"
42,sub8,mae,0,sub8-b1__0118__sidekick.npy,14,sidekick,0,0.9130322,0,"[14.4904, 0.48262, -1.51479, -3.51156, -1.18934, 2.1966, 5.66818, -1.07622, -9.74364, 1.32076, -3.41732, 6.71491, 0.33649, 5.02898, 12.12711, -10.9502, 6.86293, -12.13816, 0.89013, -3.11565, -4.05564, -6.6043]"
42,sub8,mae,0,sub8-b1__0119__sidekick.npy,14,sidekick,14,0.49353567,1,"[12.58609, 1.93249, -2.22129, -2.63444, -0.24756, 2.6424, 5.05542, -0.50961, -9.32098, 2.28212, -5.12404, 6.77972, 0.05957, 5.70101, 12.59601, -11.44297, 9.13553, -12.23722, 0.8843, -5.11099, -5.48017, -5.91982]"
42,sub8,mae,0,sub8-b1__0120__crosstoe.npy,6,crosstoe,11,0.77126503,0,"[4.90614, 3.81859, 0.39711, -8.35209, -10.3439, 2.7159, 14.41888, 3.72729, -5.13452, -4.5627, -7.88714, 15.64015, 9.23757, -2.4829, 3.15995, -3.42637, 1.87839, -9.96542, 4.43958, -6.87953, -3.45855, -1.24926]"
42,sub8,mae,0,sub8-b1__0121__crosstoe.npy,6,crosstoe,6,0.5259781,1,"[4.21755, 3.19076, 0.0817, -7.97188, -10.17137, 2.39446, 14.77528, 2.96436, -5.5072, -5.2764, -6.97747, 14.66451, 9.65208, -1.76136, 4.09427, -3.97871, 1.34735, -9.96751, 4.79721, -5.30059, -3.0716, -1.94319]"
42,sub8,mae,0,sub8-b1__0122__crosstoe.npy,6,crosstoe,6,0.89474314,1,"[3.12714, 4.00456, 0.29133, -8.41781, -10.76009, 2.6119, 15.43869, 3.98435, -5.50722, -5.29089, -7.16416, 13.25719, 10.08043, -2.00536, 2.68945, -2.74972, 0.44996, -10.23102, 4.87935, -5.66871, -1.97827, -1.0367]"
42,sub8,mae,0,sub8-b1__0123__crosstoe.npy,6,crosstoe,6,0.84221697,1,"[3.56798, 3.86011, -0.90438, -7.72867, -10.22145, 3.20314, 14.98952, 3.74077, -5.72203, -5.43642, -7.06131, 13.28362, 9.80736, -1.56805, 3.0109, -3.06968, 1.05083, -10.00059, 5.35481, -5.51301, -2.47806, -1.68069]"
42,sub8,mae,0,sub8-b1__0124__crosstoe.npy,6,crosstoe,6,0.8400228,1,"[3.38515, 3.74947, -0.64233, -7.73369, -10.23149, 2.843, 14.93187, 3.47777, -5.4872, -5.30794, -6.93008, 13.24779, 9.57585, -1.62778, 3.3677, -3.16157, 0.98273, -9.92798, 5.18385, -5.50429, -2.49158, -1.56373]"
42,sub8,mae,0,sub8-b1__0125__throw.npy,18,throw,12,0.81626254,0,"[-5.55258, 3.0331, -4.873, -4.55915, -4.93466, -0.659, 6.29223, -0.12885, -4.18577, -1.61839, 0.81366, -4.97148, 8.93298, 3.78671, 2.21201, -3.47532, -0.35184, -9.26426, 6.6329, 0.7965, 5.76252, 1.90082]"
42,sub8,mae,0,sub8-b1__0126__throw.npy,18,throw,18,0.9405951,1,"[-6.3829, 3.92902, -7.09675, -0.60321, -2.85555, 0.80474, 5.29178, 1.31877, -4.96426, -2.20628, 1.53942, -5.81412, 4.66404, 6.95184, 1.58908, -5.32964, -0.55499, -7.22647, 10.02786, -0.71194, 2.38754, 0.40832]"
42,sub8,mae,0,sub8-b1__0127__throw.npy,18,throw,18,0.82050705,1,"[-6.40794, 3.3124, -6.17512, -3.0192, -3.54246, 0.3077, 5.9477, 1.32847, -4.66877, -1.81783, 1.79223, -5.72726, 5.97453, 5.6532, 0.92486, -3.69525, -1.06661, -7.50084, 8.59503, -0.02843, 4.32426, 1.01296]"
42,sub8,mae,0,sub8-b1__0128__throw.npy,18,throw,18,0.86359334,1,"[-6.94375, 3.73145, -6.47338, -1.96808, -3.2812, 0.23127, 5.03978, 1.50975, -3.96643, -1.61759, 1.96517, -6.46721, 5.43584, 5.93722, 0.77486, -4.07285, -0.90036, -7.10753, 8.60726, -0.61925, 3.63897, 1.63843]"
42,sub8,mae,0,sub8-b1__0129__throw.npy,18,throw,18,0.9741521,1,"[-6.72216, 4.50191, -6.96501, -0.89959, -1.83322, 0.35914, 5.01161, 1.28495, -4.23192, -2.04485, 2.32304, -5.84081, 2.98252, 6.55417, 0.83563, -3.73211, -1.85417, -5.29331, 10.52331, -0.34377, 1.45347, -0.46474]"
42,sub8,mae,0,sub8-b1__0130__throw.npy,18,throw,18,0.9914863,1,"[-6.34127, 4.29652, -7.32108, 0.29658, -1.92594, 1.81804, 5.17572, 3.08786, -4.64474, -2.6063, 1.5729, -4.90375, 1.34759, 6.92527, 0.73776, -4.18379, -1.76718, -4.40455, 11.93541, -1.33461, -0.00256, -1.60514]"
42,sub8,mae,0,sub8-b2__0001__walk.npy,20,walk,20,0.66563714,1,"[-2.40621, 0.20778, 0.52377, -5.74435, -4.38722, -2.2151, 4.12603, 1.33928, -7.0388, 0.89252, 1.06016, -4.77857, 9.86318, 1.22246, 1.59838, -0.89073, -0.54525, -8.75264, 0.91056, 1.40803, 10.55644, 0.25033]"
42,sub8,mae,0,sub8-b2__0002__turnaround.npy,19,turnaround,19,0.95114005,1,"[7.90287, -1.02062, -6.15345, -6.6169, 4.94612, -1.97622, 4.91181, -4.66043, -8.74334, -0.68595, 6.53001, -3.85518, -4.3147, 5.09283, 1.6984, -2.59598, -6.66812, -1.68418, 6.39042, 11.36885, 2.71024, -10.62876]"
42,sub8,mae,0,sub8-b2__0003__walk.npy,20,walk,20,0.9636808,1,"[-2.01188, 0.86065, 1.57684, -1.98139, -3.08196, -3.87739, 2.42857, 1.8576, -1.86963, -3.19435, -1.2945, -2.18776, -4.85754, -0.22879, 0.1027, -1.43168, -6.89045, 6.63814, 3.17533, 2.03064, 9.99181, -2.2415]"
42,sub8,mae,0,sub8-b2__0004__turnaround.npy,19,turnaround,19,0.99967504,1,"[1.49711, 0.42809, -3.7233, -8.56004, 0.62769, -3.4429, 4.37812, -8.26095, -2.86779, 1.78066, 6.98748, -5.52603, -4.39067, -1.89908, 4.76619, 1.60118, -7.98101, -0.41401, 8.28308, 16.6036, 3.28039, -11.59458]"
42,sub8,mae,0,sub8-b2__0005__walk.npy,20,walk,20,0.9844525,1,"[-0.63081, -0.7907, 2.52456, -4.49207, -3.84353, -2.44361, 1.92389, 1.323, -7.00634, 0.4756, 0.68829, -5.68442, 8.46823, 0.8612, -0.6583, 1.37473, -1.30951, -6.63591, -1.50534, 1.42058, 12.62531, 1.18583]"
42,sub8,mae,0,sub8-b2__0006__turnaround.npy,19,turnaround,19,0.89493054,1,"[8.53149, -0.72492, -5.97524, -6.52569, 4.8586, -1.91669, 4.719, -4.60961, -8.49104, -0.7855, 6.54519, -3.76227, -4.59305, 5.1271, 1.45465, -2.56957, -6.6552, -1.49948, 6.26491, 10.95505, 2.46255, -10.37242]"
42,sub8,mae,0,sub8-b2__0007__walk.npy,20,walk,20,0.9803843,1,"[-1.88332, 0.79345, 1.82042, -2.0885, -3.54449, -3.73381, 2.55239, 1.84712, -1.7913, -3.16878, -1.50446, -2.01211, -4.54635, -0.32918, 0.25006, -1.81293, -6.75057, 6.17515, 3.15983, 1.87699, 10.20602, -1.97278]"
42,sub8,mae,0,sub8-b2__0008__turnaround.npy,19,turnaround,19,0.9997652,1,"[0.02158, 0.8951, -3.50071, -9.64677, 0.37416, -2.81347, 5.08689, -7.25178, -4.06303, 2.69655, 6.33102, -5.3145, -2.10185, -2.24089, 4.61178, 2.90377, -6.88299, -2.32033, 8.41721, 16.95397, 3.41343, -12.22541]"
42,sub8,mae,0,sub8-b2__0009__walk.npy,20,walk,20,0.97075516,1,"[-0.38916, -0.27547, 2.56266, -4.67221, -4.36841, -2.26901, 2.55311, 1.54688, -7.00864, 0.04305, 0.43002, -5.19747, 8.61419, 0.91505, -0.35563, 1.00273, -1.46018, -6.91882, -1.06776, 1.01198, 12.12512, 1.21965]"
42,sub8,mae,0,sub8-b2__0010__turnaround.npy,19,turnaround,19,0.9906273,1,"[5.99709, 0.41229, -5.66642, -8.3753, 3.52386, -1.93247, 6.6845, -4.21415, -9.70932, -0.19234, 6.22955, -4.31392, -2.60045, 4.37029, 3.08037, -2.30498, -5.88033, -4.30607, 7.38936, 12.82208, 3.63173, -11.62803]"
42,sub8,mae,0,sub8-b2__0011__walk.npy,20,walk,20,0.9788998,1,"[-1.56102, 0.59784, 1.86396, -2.37164, -3.59682, -3.77142, 2.55931, 1.23277, -1.62781, -2.9791, -1.06512, -2.03269, -4.72322, -0.53299, 0.5651, -1.75773, -6.97804, 6.14099, 3.25958, 2.45903, 10.11109, -2.3983]"
42,sub8,mae,0,sub8-b2__0012__turnaround.npy,19,turnaround,19,0.9996271,1,"[0.74996, 1.5065, -3.5611, -10.38911, -0.17384, -2.31954, 5.49283, -7.10977, -3.72359, 2.38962, 5.29537, -3.78661, -1.5152, -2.96467, 5.48504, 2.13057, -6.19628, -3.11328, 9.01695, 16.99462, 2.41684, -12.47257]"
42,sub8,mae,0,sub8-b2__0013__walk.npy,20,walk,20,0.9769433,1,"[-1.03984, -0.29082, 1.57265, -4.86993, -3.76974, -2.43125, 2.89836, 1.19814, -7.22115, 0.7748, 1.17462, -5.79982, 8.18827, 1.81058, -0.30027, 0.56449, -1.33338, -7.28453, -0.6406, 0.88407, 11.94785, 0.99716]"
42,sub8,mae,0,sub8-b2__0014__turnaround.npy,19,turnaround,19,0.94873804,1,"[7.95371, -0.40142, -5.92208, -7.06171, 4.24325, -1.86238, 4.95077, -4.22696, -8.66612, -0.98893, 6.46888, -3.69797, -3.80012, 4.92548, 1.64037, -2.4377, -6.5055, -2.11112, 6.6691, 11.36308, 2.8564, -10.45363]"
42,sub8,mae,0,sub8-b2__0015__walk.npy,20,walk,20,0.9836993,1,"[-1.60306, 0.91423, 2.01869, -2.37078, -3.8717, -3.67973, 2.88115, 1.50482, -1.78909, -2.98315, -1.35634, -2.0414, -4.19737, -0.38195, 0.42579, -1.6183, -6.85731, 5.6402, 3.1487, 1.98762, 9.95225, -2.12898]"
42,sub8,mae,0,sub8-b2__0016__turnaround.npy,19,turnaround,19,0.9995796,1,"[1.29423, 0.70801, -4.12756, -9.05801, 0.77643, -3.1305, 4.94741, -8.25931, -3.64071, 2.53094, 6.74954, -5.41331, -3.1557, -1.79057, 5.37709, 1.88127, -7.04584, -2.30443, 8.61626, 16.59477, 2.79706, -12.1276]"
42,sub8,mae,0,sub8-b2__0017__walk.npy,20,walk,20,0.86291385,1,"[-2.04234, -0.21354, 0.48448, -6.11646, -4.28577, -2.53513, 3.66213, 0.74164, -6.38295, 0.62407, 1.64226, -5.06662, 9.3967, 0.53719, 1.12845, 0.15524, -1.43468, -7.80875, 0.80667, 2.08095, 11.24208, 0.31211]"
42,sub8,mae,0,sub8-b2__0018__turnaround.npy,19,turnaround,19,0.9699608,1,"[6.89544, -0.18886, -6.31138, -7.32346, 3.91985, -1.81066, 4.80184, -4.25107, -8.04295, -0.64419, 6.38818, -3.91894, -3.29605, 4.42239, 1.58426, -1.68192, -6.4587, -2.14417, 6.83751, 11.4103, 2.89005, -10.27091]"
42,sub8,mae,0,sub8-b2__0019__walk.npy,20,walk,20,0.9817099,1,"[-1.62435, 0.89316, 1.96025, -2.13395, -3.78219, -3.69141, 2.92828, 1.81831, -2.063, -3.1576, -1.48411, -1.90554, -4.18321, -0.20248, 0.32419, -1.72326, -6.79249, 5.74466, 3.14906, 1.71708, 9.92108, -2.07584]"
42,sub8,mae,0,sub8-b2__0020__turnaround.npy,19,turnaround,19,0.99966156,1,"[-0.0274, 0.60531, -3.66661, -10.10608, 0.3517, -2.98593, 5.97849, -7.57293, -4.24728, 2.08485, 6.13402, -4.6881, -1.86955, -1.80872, 5.4788, 2.32097, -6.58273, -2.72184, 8.70992, 16.87371, 3.26649, -12.4539]"
42,sub8,mae,0,sub8-b2__0021__hop.npy,9,hop,9,0.9084139,1,"[-0.71588, -2.7141, -6.28575, -2.81625, 9.95615, -1.36453, -4.03932, -5.13988, -9.21003, 12.87088, 3.51442, -7.18922, 1.65904, 7.53085, 3.91142, -7.27367, 9.68756, -10.3993, 0.61021, 2.58744, 3.53895, -4.92341]"
42,sub8,mae,0,sub8-b2__0022__hop.npy,9,hop,9,0.8796717,1,"[-1.58699, -2.47013, -6.68558, -3.10973, 10.11062, -1.02448, -3.70727, -4.69918, -9.09439, 12.90404, 2.72409, -6.82777, 2.06543, 7.28317, 3.63538, -6.95867, 10.26882, -10.39668, 1.00014, 2.27753, 3.28729, -4.94974]"
42,sub8,mae,0,sub8-b2__0023__hop.npy,9,hop,9,0.8530364,1,"[-1.91613, -2.08463, -6.07786, -3.12333, 8.46049, -1.17482, -2.9291, -3.27426, -9.39571, 11.45719, 1.65579, -7.71326, 3.4038, 6.90012, 2.00314, -5.31218, 9.22416, -10.37879, 0.35605, 1.28287, 5.966, -3.46351]"
42,sub8,mae,0,sub8-b2__0024__hop.npy,9,hop,20,0.5541347,0,"[-2.81763, -1.67896, -3.92188, -3.25375, 3.45109, -1.29771, 0.34065, -0.32607, -9.55332, 7.51647, -0.33443, -6.99266, 6.83294, 6.42925, 1.15525, -4.33019, 7.43347, -11.1777, 0.06219, -0.88334, 8.7578, -0.78056]"
42,sub8,mae,0,sub8-b2__0025__hop.npy,9,hop,9,0.60123193,1,"[-1.59642, -2.28668, -6.73834, -2.20004, 9.78179, -0.15797, -2.73178, -3.13834, -10.16604, 11.93299, 0.87773, -6.75281, 2.38809, 8.84869, 2.51336, -7.21882, 11.24127, -10.93561, 0.87033, 0.68867, 3.55222, -4.4395]"
42,sub8,mae,0,sub8-b2__0026__hop.npy,9,hop,9,0.8035011,1,"[-2.2934, -2.29058, -5.29392, -2.72935, 7.31182, -1.25372, -2.21497, -2.06848, -9.38032, 10.77733, 1.01173, -7.69757, 3.63433, 7.46584, 1.52668, -5.21724, 8.96142, -10.32493, -0.04434, 0.2992, 6.44474, -2.62996]"
42,sub8,mae,0,sub8-b2__0027__hop.npy,9,hop,9,0.7530069,1,"[-1.99491, -1.94366, -6.75709, -2.21544, 10.71882, -0.31455, -4.02331, -4.26133, -9.11812, 13.36011, 1.46955, -6.22754, 1.54319, 7.60233, 3.2611, -7.3287, 11.98773, -10.37162, 0.65533, 1.20938, 2.14555, -4.97653]"
42,sub8,mae,0,sub8-b2__0028__jump.npy,10,jump,10,0.89065355,1,"[3.16155, 1.28924, -4.46243, -5.67566, 2.39373, -1.86925, 1.24077, -5.23959, -7.92603, 4.65058, 9.53992, -7.45916, 0.69828, 5.5819, 6.23129, -6.26682, -1.3012, -8.63191, 3.16239, 6.58266, 3.64202, -6.555]"
42,sub8,mae,0,sub8-b2__0029__jump.npy,10,jump,10,0.8984623,1,"[3.95018, 1.18901, -4.94002, -5.19735, 1.92759, -1.19111, 1.56782, -4.84235, -7.53527, 3.57383, 9.79766, -7.22816, -0.14209, 7.00593, 5.91915, -6.90205, -2.30327, -8.01357, 3.94265, 5.9581, 2.75696, -6.46968]"
42,sub8,mae,0,sub8-b2__0030__jump.npy,10,jump,20,0.8278782,0,"[-0.42379, 0.99772, -1.3496, -6.32638, -2.95939, -1.72355, 4.66063, -0.45998, -7.54762, 0.55818, 3.93741, -5.99605, 6.67195, 3.35505, 2.84954, -2.11019, -2.04322, -8.84161, 1.94686, 3.85093, 8.53051, -2.45892]"
42,sub8,mae,0,sub8-b2__0031__jump.npy,10,jump,13,0.57802963,0,"[-1.78373, 1.61742, -3.18798, -1.75274, -2.07468, 1.07438, 4.1938, 3.91731, -9.35986, 0.36964, 0.89367, -6.25664, 5.4031, 7.26917, 1.3801, -4.09091, 1.24235, -9.01581, 3.03876, -1.0578, 6.50426, -1.8284]"
42,sub8,mae,0,sub8-b2__0032__jump.npy,10,jump,10,0.89378303,1,"[1.62485, 1.80447, -4.96223, -5.81703, 3.14565, -1.94006, 0.98212, -5.03201, -7.11507, 4.31268, 9.73577, -8.68593, 0.10404, 5.09724, 4.67222, -3.78436, -2.48575, -6.8719, 3.43964, 7.33784, 4.05432, -6.86332]"
42,sub8,mae,0,sub8-b2__0033__runonspot.npy,13,runonspot,13,0.99997985,1,"[6.38291, 2.71104, -6.0647, 4.60987, 5.59332, 4.17948, 2.50012, 3.75641, -13.59355, 1.13983, -1.84345, -3.75426, -2.88731, 18.93804, 1.84248, -11.42135, 7.72545, -10.2701, 1.91214, -5.57336, -4.12226, -5.45656]"
42,sub8,mae,0,sub8-b2__0034__runonspot.npy,13,runonspot,13,0.9999678,1,"[4.36931, 2.64655, -5.11122, 3.24101, 3.57385, 4.24842, 4.97669, 6.34112, -14.90099, 0.22119, -3.12035, -3.54877, -0.19823, 18.17333, 0.22752, -9.45481, 7.35012, -10.90502, 1.51597, -5.89508, -1.5619, -5.2876]"
42,sub8,mae,0,sub8-b2__0035__runonspot.npy,13,runonspot,13,0.9999405,1,"[3.39898, 3.51668, -5.33132, 2.7282, 2.74607, 4.81245, 5.89752, 6.72566, -14.61962, -0.42437, -3.74066, -3.55874, 0.45848, 17.58902, 0.17439, -8.78115, 7.0516, -10.94115, 2.14635, -5.89083, -1.30778, -5.35198]"
42,sub8,mae,0,sub8-b2__0036__runonspot.npy,13,runonspot,13,0.9999008,1,"[3.37864, 3.04332, -5.25556, 1.98171, 2.65249, 4.43357, 5.84503, 6.35309, -14.4217, -0.10863, -3.2752, -3.91487, 1.03095, 16.65186, -0.12638, -7.88615, 6.39923, -10.78244, 2.18461, -5.27759, -0.288, -5.21157]"
42,sub8,mae,0,sub8-b2__0037__runonspot.npy,13,runonspot,13,0.9999397,1,"[2.87421, 3.43242, -5.91025, 2.50265, 4.09807, 4.53247, 5.4201, 6.37547, -14.84454, -0.02395, -3.58462, -4.43713, 0.33174, 17.47663, -0.0767, -8.22929, 7.177, -10.61302, 2.28984, -5.1486, -0.82636, -5.70931]"
42,sub8,mae,0,sub8-b2__0038__buttkicks.npy,4,buttkicks,13,0.9999645,0,"[4.53632, 2.85973, -6.66504, 2.74324, 5.72036, 4.79974, 3.92587, 5.39599, -14.33552, 1.27894, -2.77231, -4.30224, -1.80928, 18.15152, 0.21886, -8.9794, 7.537, -10.08274, 2.57165, -4.76558, -2.54257, -6.74867]"
42,sub8,mae,0,sub8-b2__0039__buttkicks.npy,4,buttkicks,13,0.81152374,0,"[2.69632, 0.16846, -7.50884, 0.32129, 12.71158, -0.84474, -0.79892, -0.93332, -13.49874, 8.09851, 0.39937, -9.47484, -1.25088, 14.20515, 2.86901, -7.71568, 8.98643, -10.68733, 0.01192, -1.5395, 2.83983, -5.45862]"
42,sub8,mae,0,sub8-b2__0040__buttkicks.npy,4,buttkicks,13,0.595409,0,"[1.72035, 0.27789, -7.83864, 0.86166, 13.38314, -0.47638, -1.63815, -0.83214, -13.06318, 8.85542, 0.32392, -9.76683, -1.46929, 13.8071, 2.2948, -7.41632, 9.78721, -10.36824, -0.07494, -1.62418, 2.53397, -5.50056]"
42,sub8,mae,0,sub8-b2__0041__buttkicks.npy,4,buttkicks,13,0.6810785,0,"[2.44715, 0.55062, -7.41859, 0.64748, 13.07464, -0.47274, -0.96086, -0.32178, -13.24787, 8.15432, -0.53654, -9.07125, -1.60213, 13.8906, 2.66176, -7.55101, 10.10885, -10.44534, -0.21464, -2.26343, 2.26281, -5.48676]"
42,sub8,mae,0,sub8-b2__0042__buttkicks.npy,4,buttkicks,4,0.87794995,1,"[3.79134, 0.08201, -8.35215, 0.72452, 15.36086, -0.22126, -3.43473, -2.89225, -12.29582, 10.39617, 1.16986, -8.502, -3.81175, 13.28799, 3.46747, -8.37178, 10.27676, -9.35093, 0.35381, -0.67001, -0.35958, -6.92194]"
42,sub8,mae,0,sub8-b2__0043__buttkicks.npy,4,buttkicks,4,0.8557242,1,"[2.64156, -0.05693, -8.36262, 0.1515, 14.83169, -0.3233, -3.44725, -2.49782, -12.71152, 10.67306, 1.82118, -9.77557, -2.17812, 12.90041, 2.33833, -7.17032, 10.00288, -9.96526, 0.07778, 0.34731, 1.39079, -6.75515]"
42,sub8,mae,0,sub8-b2__0044__airkick.npy,0,airkick,9,0.7806987,0,"[2.07941, 2.80307, -6.97465, -4.14914, 3.518, -0.85643, 0.04001, -4.06897, -4.76247, 9.79668, 8.15571, -6.89364, -1.56932, 5.70985, 7.03964, -5.9767, 0.56238, -8.1248, 4.05685, 1.15022, -1.10281, -5.86577]"
42,sub8,mae,0,sub8-b2__0045__airkick.npy,0,airkick,10,0.7320777,0,"[-0.06965, 3.68108, -6.12687, -4.25085, 2.24966, -1.51821, -0.40712, -4.77186, -3.6772, 8.27901, 9.60814, -8.2245, -0.97643, 4.49636, 7.17346, -5.12748, -1.16215, -7.10127, 3.78826, 2.74998, 0.6048, -5.08785]"
42,sub8,mae,0,sub8-b2__0046__airkick.npy,0,airkick,9,0.4935203,0,"[1.45705, 3.4239, -6.04308, -3.40736, 3.24249, -1.37992, 0.02756, -4.05179, -5.06346, 8.74572, 8.07231, -7.88439, -1.25504, 6.30538, 7.86764, -6.64612, 0.37504, -8.38232, 2.91923, 0.83255, -0.11586, -4.7141]"
42,sub8,mae,0,sub8-b2__0047__airkick.npy,0,airkick,10,0.6944413,0,"[2.55243, 2.3822, -6.84537, -3.81893, 3.30342, -0.63277, 0.67064, -4.09668, -6.46115, 8.38923, 9.50731, -8.74961, -1.45724, 7.06468, 5.4142, -6.08697, -0.82587, -8.50703, 3.93007, 2.97589, 1.0935, -6.16385]"
42,sub8,mae,0,sub8-b2__0048__airkick.npy,0,airkick,13,0.70359296,0,"[8.10964, 1.53768, -6.73928, -0.58259, 9.37568, -0.08707, -1.12739, -3.20707, -9.123, 9.18111, 4.3573, -6.53273, -5.12215, 11.02116, 6.62224, -9.02067, 4.4526, -8.66382, 1.46712, -1.12212, -2.9231, -6.88804]"
42,sub8,mae,0,sub8-b2__0049__airkick.npy,0,airkick,9,0.7217163,0,"[2.48472, 2.64091, -7.31716, -3.3917, 6.74917, -1.29892, 0.19008, -3.55341, -7.54389, 9.97462, 6.00603, -7.39685, -1.88472, 8.34744, 7.90744, -7.86288, 2.95378, -9.34455, 3.54339, 0.91616, -1.27692, -6.63504]"
42,sub8,mae,0,sub8-b2__0050__airkick.npy,0,airkick,9,0.55307704,0,"[3.94004, 2.38045, -6.72337, -3.38243, 5.41928, -0.92811, 0.19672, -4.2301, -7.41563, 9.00284, 7.64088, -8.01169, -1.93171, 8.00939, 7.04999, -7.32452, 1.31414, -9.15172, 3.07388, 1.96631, -0.34976, -6.49169]"
42,sub8,mae,0,sub8-b2__0051__sidekick.npy,14,sidekick,16,0.63494307,0,"[10.92468, 3.15019, -4.17142, -1.51442, 3.91931, 2.81323, 2.79469, -0.0223, -10.81441, 5.58714, -4.95743, 2.2488, -0.1394, 9.34375, 9.26052, -11.33642, 11.81614, -12.92222, 0.71682, -6.20691, -5.45519, -5.45218]"
42,sub8,mae,0,sub8-b2__0052__sidekick.npy,14,sidekick,14,0.39003837,1,"[11.4871, 4.40526, -1.86787, -1.07927, -0.10805, 4.07638, 5.2621, 1.4303, -10.83988, 0.74669, -7.55535, 5.98745, 0.92771, 7.67897, 11.52065, -12.19301, 10.955, -12.99678, 1.13131, -6.21607, -6.70182, -5.42589]"
42,sub8,mae,0,sub8-b2__0053__sidekick.npy,14,sidekick,14,0.61540365,1,"[9.92847, 4.71984, -2.2875, 0.31054, 0.95294, 3.7185, 4.64359, 1.46629, -11.3283, 0.52983, -7.23613, 4.05857, 0.22495, 9.19634, 12.07721, -12.96902, 11.2795, -12.92509, 1.23874, -6.06874, -6.43941, -5.26062]"
42,sub8,mae,0,sub8-b2__0054__sidekick.npy,14,sidekick,16,0.63399005,0,"[10.77913, 4.70089, -2.64834, 0.01833, 1.34455, 4.41018, 4.8859, 2.48684, -11.87889, 1.25078, -7.46837, 4.52258, 0.31747, 9.58457, 9.81455, -12.08191, 11.8551, -12.99026, 0.71583, -7.0973, -6.44193, -5.49282]"
42,sub8,mae,0,sub8-b2__0055__crosstoe.npy,6,crosstoe,11,0.53624207,0,"[5.11286, 3.27566, 3.05822, -8.86921, -10.97451, 2.4242, 16.87542, 2.73164, -6.46237, -6.11103, -8.33154, 17.02128, 9.46738, -2.30706, 5.44818, -5.57645, 1.65481, -11.49799, 4.73283, -4.3795, -4.12869, -2.91851]"
42,sub8,mae,0,sub8-b2__0056__crosstoe.npy,6,crosstoe,6,0.84762233,1,"[3.93962, 3.17086, 3.12893, -9.31437, -11.16591, 2.0466, 17.19549, 2.44201, -6.39403, -6.39897, -7.46411, 15.47373, 10.28933, -2.33479, 5.60665, -5.00897, 0.53356, -11.25068, 4.88538, -3.2065, -3.04664, -3.01755]"
42,sub8,mae,0,sub8-b2__0057__crosstoe.npy,6,crosstoe,6,0.9687168,1,"[3.64405, 3.35767, 3.03506, -9.5811, -11.27465, 2.25521, 18.13369, 2.78436, -6.32755, -6.68962, -7.47628, 14.69368, 9.72781, -2.3329, 4.71787, -4.14332, -0.25225, -11.26592, 5.204, -2.83122, -2.74091, -3.14243]"
42,sub8,mae,0,sub8-b2__0058__crosstoe.npy,6,crosstoe,6,0.8399993,1,"[3.8225, 3.35521, 2.30074, -9.32497, -10.92615, 2.42569, 17.12488, 2.2555, -6.327, -6.42329, -7.39655, 15.46115, 10.24113, -2.19524, 5.69256, -5.0745, 0.82553, -11.28949, 5.33827, -3.14621, -3.3561, -3.15153]"
42,sub8,mae,0,sub8-b2__0059__crosstoe.npy,6,crosstoe,6,0.8553591,1,"[3.77642, 3.8386, 2.89168, -8.77202, -11.13263, 2.5818, 17.21672, 3.17409, -6.52916, -6.2922, -8.19499, 15.43405, 10.20271, -1.92354, 4.939, -5.05106, 1.32266, -11.53967, 4.60528, -4.6821, -3.1892, -2.19074]"
42,sub8,mae,0,sub8-b2__0060__throw.npy,18,throw,12,0.80039626,0,"[-6.27757, 3.00807, -3.54367, -3.22183, -4.11253, -0.87638, 4.2687, -0.02125, -4.2113, -0.9067, 1.78778, -5.51381, 8.10493, 4.20527, 2.12776, -3.51, -0.26491, -7.73154, 6.1659, 0.51597, 5.07421, 2.49293]"
42,sub8,mae,0,sub8-b2__0061__throw.npy,18,throw,18,0.5448218,1,"[-6.91411, 4.76137, -3.71496, -4.44152, -4.95843, 0.29809, 5.96245, 2.42512, -3.73614, -1.61024, 0.94654, -4.6045, 7.30883, 3.22363, -0.21977, -0.59556, -1.87505, -6.34523, 7.83085, -0.3718, 4.0412, 1.45877]"
42,sub8,mae,0,sub8-b2__0062__throw.npy,18,throw,18,0.8557618,1,"[-6.25715, 5.15518, -4.19488, -3.44493, -4.37332, 0.50411, 5.88157, 2.28057, -4.22827, -1.81568, 1.69613, -4.92697, 5.69018, 4.53167, -0.24868, -0.99035, -2.56739, -5.76623, 8.65307, -0.5565, 3.18678, 0.52362]"
42,sub8,mae,0,sub8-b2__0063__throw.npy,18,throw,18,0.9619125,1,"[-7.2126, 7.82414, -6.31699, -2.40038, -4.49155, 2.49516, 4.76605, 5.08779, -0.68198, -1.46981, -0.72901, -3.61177, 3.56261, 3.74559, -1.91089, -0.94634, -0.45672, -5.06344, 11.19486, -4.6078, -1.55265, 2.15352]"
42,sub8,mae,0,sub8-b2__0064__throw.npy,18,throw,18,0.88271385,1,"[-7.45265, 5.48489, -5.38962, -1.61876, -4.68836, 2.7834, 5.47529, 6.40338, -4.35297, -2.52127, -0.59275, -4.37532, 5.66364, 5.13707, -2.17067, -1.51668, -0.66894, -5.70058, 9.38302, -3.81321, 2.03092, 2.44809]"
42,sub8,mae,0,sub8-b2__0065__walk.npy,20,walk,20,0.90735227,1,"[-1.34668, 1.30097, -1.57301, -5.87912, -2.87671, -1.95818, 3.85575, 0.45336, -6.67753, 1.37899, 3.13311, -6.79088, 7.49346, 2.70263, 0.67809, -0.16574, -1.90728, -8.18956, 1.53957, 1.73857, 9.83405, -0.53913]"
42,sub8,mae,0,sub8-b2__0066__turnaround.npy,19,turnaround,19,0.9602604,1,"[6.96718, 0.14994, -6.18264, -7.62845, 3.45646, -1.58823, 5.47792, -4.05394, -8.43468, -0.81704, 6.52979, -3.81182, -3.09733, 4.75056, 1.76404, -1.98174, -6.61377, -2.57389, 7.13291, 11.31981, 2.892, -10.4796]"
42,sub8,mae,0,sub8-b2__0067__walk.npy,20,walk,20,0.9717433,1,"[-1.43919, 0.93269, 2.18977, -2.37078, -3.5009, -3.75882, 2.69803, 1.38196, -1.67013, -3.20141, -1.57434, -1.84173, -4.75269, -0.3539, 0.00046, -1.08467, -6.95171, 6.36809, 2.83999, 2.02381, 10.00088, -2.315]"
42,sub8,mae,0,sub8-b2__0068__turnaround.npy,19,turnaround,19,0.99941635,1,"[0.394, 0.56643, -3.96117, -9.21191, 0.76251, -3.32892, 5.67647, -7.68481, -4.2797, 1.99737, 6.12257, -5.40985, -2.98077, -1.18035, 5.46707, 1.85717, -6.81794, -2.21524, 8.82966, 16.41623, 3.4274, -12.32899]"
42,sub8,mae,0,sub8-b2__0069__walk.npy,20,walk,20,0.9170902,1,"[-0.94391, 0.60835, 1.03205, -5.06415, -4.62123, -1.73098, 3.47798, 1.92779, -6.66417, 0.13097, 0.5494, -5.3997, 8.78268, 1.63854, -0.95148, 1.06518, -1.43798, -7.54938, -0.02707, 0.07703, 11.19583, 1.70369]"
42,sub8,mae,0,sub8-b2__0070__turnaround.npy,19,turnaround,19,0.9812603,1,"[6.21577, 0.57458, -6.13277, -8.4822, 2.8957, -1.58849, 6.52247, -3.92756, -8.72053, -0.65644, 6.00892, -3.91833, -2.56606, 3.8881, 2.04244, -1.43139, -6.45713, -3.51763, 7.89957, 12.34517, 3.33188, -11.11964]"
42,sub8,mae,0,sub8-b2__0071__walk.npy,20,walk,20,0.8769147,1,"[-2.22616, 0.96327, 2.07331, -2.46283, -3.70635, -4.3054, 1.80517, 1.22765, 0.26261, -2.94455, -1.60432, -1.56965, -4.29973, -1.35918, -0.16907, -0.15121, -7.0399, 7.32245, 2.9171, 1.11158, 9.31593, -0.79148]"
42,sub8,mae,0,sub8-b2__0072__turnaround.npy,19,turnaround,19,0.99936026,1,"[0.34123, 2.49636, -4.22055, -10.3742, 0.65703, -1.93745, 5.55742, -6.88343, -4.21434, 2.38184, 4.91043, -3.98433, -1.50997, -2.13117, 5.45881, 2.27006, -5.28573, -3.57916, 9.19334, 16.61313, 1.56678, -12.79925]"
42,sub8,mae,0,sub8-b2__0073__walk.npy,20,walk,20,0.9141302,1,"[-0.50033, 0.42588, -0.73673, -6.30706, -3.03037, -2.56456, 3.96889, -0.04192, -6.90491, 1.75183, 2.84363, -5.86844, 7.68733, 2.22665, 2.45045, -1.39663, -1.2014, -8.87631, 0.9432, 1.63445, 10.10136, -0.5401]"
42,sub8,mae,0,sub8-b2__0074__turnaround.npy,19,turnaround,19,0.98751915,1,"[7.02776, -0.88881, -5.62106, -7.13714, 4.34309, -2.2591, 5.22024, -4.40093, -8.21754, -1.38026, 6.11009, -3.72589, -4.2267, 4.28125, 1.46297, -1.65504, -7.01694, -1.06672, 6.19188, 12.17093, 3.5213, -10.60832]"
42,sub8,mae,0,sub8-b2__0075__walk.npy,20,walk,20,0.9788513,1,"[-1.53137, 1.04793, 2.01129, -2.31899, -3.64835, -3.76382, 2.91934, 1.52778, -1.80922, -2.86287, -1.38156, -2.13693, -4.49612, -0.19291, 0.33265, -1.30957, -6.83044, 5.77525, 2.96013, 1.64326, 9.78476, -2.08942]"
42,sub8,mae,0,sub8-b2__0076__turnaround.npy,19,turnaround,19,0.9994974,1,"[-0.90555, 1.45341, -4.60043, -10.20497, 1.17024, -2.4964, 5.72945, -7.01359, -4.34135, 2.07309, 5.47076, -4.94253, -1.72706, -1.31634, 5.2992, 2.5398, -5.68628, -2.65019, 9.14626, 16.82225, 2.73985, -12.77608]"
42,sub8,mae,0,sub8-b2__0077__walk.npy,20,walk,20,0.98180586,1,"[-1.0479, 0.21692, 0.05357, -4.30426, -2.52685, -2.09542, 3.02779, 1.26278, -7.89154, 0.80163, 1.06632, -6.89395, 7.74207, 3.23733, -0.96957, 0.23006, -0.78872, -7.77997, -0.06965, 0.37725, 11.75813, 1.0038]"
42,sub8,mae,0,sub8-b2__0078__turnaround.npy,19,turnaround,19,0.98639464,1,"[6.38568, 0.36476, -5.74998, -8.50238, 2.89369, -1.72715, 6.46567, -3.94186, -8.63902, -1.34706, 5.8377, -3.22438, -2.54839, 3.83109, 2.36878, -1.61732, -6.57886, -2.94818, 7.40701, 12.39444, 3.28825, -11.10323]"
42,sub8,mae,0,sub8-b2__0079__walk.npy,20,walk,20,0.9770982,1,"[-1.85886, 1.56031, 1.69198, -2.20287, -3.87615, -3.39118, 3.30194, 1.58739, -2.03294, -2.98353, -1.74623, -1.83963, -4.39351, -0.08016, 1.00408, -2.12966, -6.53084, 5.20663, 3.39503, 1.4551, 9.32761, -2.28021]"
42,sub8,mae,0,sub8-b2__0080__turnaround.npy,19,turnaround,19,0.99947447,1,"[-1.21306, 2.65006, -4.57386, -11.08175, 0.5494, -2.00583, 5.88986, -6.29894, -3.70891, 2.19311, 4.71635, -4.34266, -0.90841, -2.18886, 4.8949, 3.38529, -5.4947, -3.11462, 9.07548, 16.70014, 2.21966, -12.69077]"
42,sub8,mae,0,sub8-b2__0081__walk.npy,20,walk,20,0.9645496,1,"[-2.05999, 0.44416, -0.78483, -4.69735, -2.58604, -2.2078, 3.11622, 1.06118, -7.35745, 1.95885, 1.62167, -6.88506, 7.62609, 3.29946, 0.16916, -0.59252, -0.32995, -8.30499, 0.49176, 0.0958, 10.96536, 0.87866]"
42,sub8,mae,0,sub8-b2__0082__turnaround.npy,19,turnaround,19,0.93969977,1,"[8.3726, -0.80219, -5.89368, -6.80271, 4.55185, -1.89877, 4.94039, -4.27116, -8.62107, -1.28264, 6.05394, -3.49657, -4.37988, 4.81673, 1.50873, -2.43411, -6.57212, -1.64696, 6.33711, 11.39522, 3.12115, -10.48711]"
42,sub8,mae,0,sub8-b2__0083__walk.npy,20,walk,20,0.98589456,1,"[-0.7388, 1.03977, 1.56087, -1.17732, -3.16121, -3.56167, 2.34681, 1.05318, -2.33124, -3.07992, -0.67767, -3.12059, -5.19441, 0.80085, -0.19567, -1.59652, -7.00689, 5.50258, 2.54462, 1.83689, 9.91755, -1.9967]"
42,sub8,mae,0,sub8-b2__0084__turnaround.npy,19,turnaround,19,0.9996588,1,"[-1.81161, 2.0084, -4.65656, -11.84432, 0.58688, -2.21783, 5.57539, -6.1908, -3.72402, 2.65469, 4.13984, -3.80547, 0.8944, -3.47671, 4.53046, 3.56557, -4.72945, -3.81139, 8.78838, 16.84649, 3.47382, -12.15305]"
42,sub8,mae,0,sub8-b2__0085__walk.npy,20,walk,20,0.93356854,1,"[-1.03223, 0.07413, 0.41999, -5.2043, -4.12432, -2.0834, 3.40932, 1.79422, -6.76749, 0.25242, 0.46577, -5.2777, 8.96951, 1.50085, -0.65523, 0.76653, -0.99847, -7.72081, 0.09111, 0.049, 11.61964, 1.71721]"
42,sub8,mae,0,sub8-b2__0086__turnaround.npy,19,turnaround,19,0.9790958,1,"[7.11486, -0.11276, -6.28765, -7.29804, 4.16622, -1.49181, 5.30567, -3.99321, -8.30164, -1.40187, 5.58911, -3.37072, -3.70366, 4.30624, 1.13399, -1.31681, -6.56295, -1.58167, 6.84306, 11.78236, 2.72115, -10.79502]"
42,sub8,mae,0,sub8-b2__0087__walk.npy,20,walk,20,0.99085605,1,"[-0.95102, 1.39102, 2.12242, -1.89755, -4.04422, -3.15288, 3.21904, 1.57952, -2.20826, -3.35086, -1.63639, -2.35523, -4.05125, 0.21721, -0.26962, -1.04305, -6.88931, 4.98871, 2.5854, 1.12453, 10.02743, -1.64785]"
42,sub8,mae,0,sub8-b2__0088__turnaround.npy,19,turnaround,19,0.9993999,1,"[-1.66036, 2.24567, -3.75639, -11.63489, -0.84059, -2.17208, 6.57399, -5.70279, -3.86924, 1.69572, 3.73094, -3.56833, 0.89947, -3.31596, 4.51568, 3.59973, -5.38517, -3.6319, 8.9229, 16.45995, 3.80631, -11.95494]"
42,sub8,mae,0,sub8-b2__0089__hop.npy,9,hop,9,0.71709436,1,"[-1.81152, -2.30141, -5.97788, -2.75555, 8.35376, -0.94844, -2.09198, -3.02899, -9.69528, 11.2213, 1.36754, -6.73737, 2.83271, 7.99496, 3.06794, -6.94061, 10.00402, -10.89882, 0.77296, 0.76643, 4.57663, -3.96465]"
42,sub8,mae,0,sub8-b2__0090__hop.npy,9,hop,9,0.6401648,1,"[-2.57739, -1.61862, -5.9759, -2.83438, 7.64101, -0.57481, -1.87034, -1.83336, -9.37782, 10.57694, 0.28853, -7.06235, 3.69933, 7.34014, 1.56261, -5.24013, 9.80424, -10.45403, 0.54059, -0.02433, 5.56801, -3.0971]"
42,sub8,mae,0,sub8-b2__0091__hop.npy,9,hop,9,0.51988184,1,"[-0.86856, -2.71085, -6.4873, -1.94317, 10.66833, -0.07733, -2.92342, -3.34676, -9.72958, 12.3755, 0.80981, -4.97441, 0.51958, 9.41827, 3.42251, -8.53311, 12.00442, -10.12755, 1.26653, 0.28367, 0.82643, -5.31548]"
42,sub8,mae,0,sub8-b2__0092__hop.npy,9,hop,16,0.53985715,0,"[-2.1937, -1.44795, -6.91846, -2.16934, 9.95175, 0.17694, -1.96575, -2.66268, -10.18975, 11.78815, -0.22819, -6.33556, 2.17455, 8.74606, 2.59786, -7.23032, 12.13646, -11.12179, 0.96313, -0.14993, 3.00832, -4.52176]"
42,sub8,mae,0,sub8-b2__0093__hop.npy,9,hop,16,0.68398094,0,"[-2.79691, -1.32341, -6.19656, -2.98582, 8.32657, -0.01159, -1.26683, -2.13749, -9.98567, 10.97001, -0.76382, -5.48404, 4.07039, 7.65492, 2.42989, -6.55443, 11.84599, -11.31814, 1.00781, -0.1793, 3.68467, -3.99073]"
42,sub8,mae,0,sub8-b2__0094__jump.npy,10,jump,13,0.48171112,0,"[1.76272, 1.23198, -3.04641, -3.31915, -1.67698, 1.56008, 5.1643, 2.98158, -10.37871, 3.41922, -2.97441, -0.58174, 7.3203, 8.28421, 3.13261, -7.82975, 7.80976, -13.04457, 1.48082, -5.28133, 2.9263, -1.10011]"
42,sub8,mae,0,sub8-b2__0095__jump.npy,10,jump,13,0.9996068,0,"[2.74863, 2.52893, -4.74366, 1.07159, -0.12801, 3.50564, 5.09889, 4.74881, -10.5661, -0.80043, 0.12952, -2.99792, 0.0224, 13.95457, 1.68151, -8.57903, 2.39863, -8.63444, 4.47847, -3.593, -1.27458, -4.35501]"
42,sub8,mae,0,sub8-b2__0096__jump.npy,10,jump,13,0.9999,0,"[3.65776, 3.10136, -5.2877, 2.63415, 1.32128, 4.28268, 3.78247, 3.85466, -10.44184, -0.51379, 0.49997, -3.16421, -2.22707, 15.1252, 2.14146, -9.54026, 2.88106, -7.84764, 4.59903, -3.50167, -3.16283, -5.59242]"
42,sub8,mae,0,sub8-b2__0097__jump.npy,10,jump,13,0.99974877,0,"[3.15497, 2.97123, -5.43814, 2.77873, 1.1012, 4.60775, 4.04216, 4.13174, -10.13785, -1.44009, 0.3676, -2.94168, -2.3324, 14.54112, 1.96934, -9.05321, 2.46422, -6.92085, 5.37896, -3.14063, -3.09273, -6.05808]"
42,sub8,mae,0,sub8-b2__0098__jump.npy,10,jump,13,0.9997589,0,"[3.65212, 2.93717, -5.64812, 2.73792, 1.70182, 4.63312, 3.65879, 3.88177, -10.30728, -0.77455, 0.10616, -2.75892, -2.24526, 14.535, 2.08863, -9.26097, 3.36982, -7.39764, 5.23462, -3.31189, -3.37663, -6.11079]"
42,sub8,mae,0,sub8-b2__0099__jump.npy,10,jump,13,0.9990144,0,"[1.71268, 4.07694, -5.1175, 2.2357, 0.54979, 5.44593, 6.01372, 6.81929, -11.81569, -2.56501, -2.55845, -2.4692, 0.0015, 14.42967, 0.23856, -7.56141, 4.2187, -8.02471, 4.79511, -4.49427, -1.77542, -5.55413]"
42,sub8,mae,0,sub8-b2__0100__runonspot.npy,13,runonspot,13,0.9999553,1,"[5.85939, 2.21973, -5.04751, 2.46897, 3.44925, 4.13225, 4.90827, 5.82354, -14.3046, 0.82752, -2.65721, -2.455, -1.13877, 17.67342, 0.92797, -9.7716, 7.06395, -10.67467, 1.58789, -5.80328, -2.39029, -5.81941]"
42,sub8,mae,0,sub8-b2__0101__runonspot.npy,13,runonspot,13,0.99992883,1,"[4.53128, 2.55066, -4.96012, 2.25755, 2.49315, 4.06364, 5.85122, 6.67626, -14.24704, 0.05403, -3.23166, -2.58838, 0.00147, 17.20922, 0.53512, -8.99633, 6.66503, -10.7671, 1.83191, -6.06398, -1.5274, -5.41272]"
42,sub8,mae,0,sub8-b2__0102__runonspot.npy,13,runonspot,13,0.99984646,1,"[4.61125, 3.07164, -4.91435, 2.68255, 2.70819, 4.26799, 5.53453, 6.74678, -14.34358, 0.59591, -3.92376, -2.084, -0.19402, 17.23526, 0.68309, -9.23101, 8.11845, -11.09238, 1.33499, -7.17114, -2.11009, -5.21077]"
42,sub8,mae,0,sub8-b2__0103__runonspot.npy,13,runonspot,13,0.9999124,1,"[4.23335, 3.03784, -5.53937, 2.24715, 3.20694, 4.474, 5.79639, 6.66994, -14.54329, 0.2635, -3.40885, -2.52269, -0.36082, 17.29045, 0.69379, -9.11751, 7.30405, -10.77275, 2.30846, -5.89173, -2.09363, -6.18366]"
42,sub8,mae,0,sub8-b2__0104__runonspot.npy,13,runonspot,13,0.99991906,1,"[4.47237, 2.93666, -5.77341, 2.379, 3.48219, 4.6345, 5.59335, 6.44851, -14.64575, 0.50219, -3.4043, -2.69689, -0.63251, 17.50101, 0.83641, -9.34788, 7.63001, -10.93736, 2.4966, -5.78707, -2.27151, -6.41508]"
42,sub8,mae,0,sub8-b2__0105__runonspot.npy,13,runonspot,13,0.9999455,1,"[5.49224, 2.30561, -5.70372, 2.32204, 3.84373, 4.35972, 5.11294, 6.0396, -14.24809, 1.13623, -2.68146, -2.31335, -1.47541, 17.49058, 0.72888, -9.40018, 7.05323, -10.33888, 2.41121, -5.5862, -2.92562, -6.74023]"
42,sub8,mae,0,sub8-b2__0106__buttkicks.npy,4,buttkicks,13,0.66226965,0,"[0.98999, 0.02488, -7.68753, -0.38996, 12.09976, -0.55721, -0.92907, -0.38943, -12.86584, 8.63828, -0.2857, -9.28483, -0.03678, 12.9183, 2.56107, -7.06718, 10.01627, -11.04965, 0.27232, -1.37756, 3.39725, -5.09893]"
42,sub8,mae,0,sub8-b2__0107__buttkicks.npy,4,buttkicks,4,0.6942352,1,"[2.18163, -0.13955, -7.45516, -0.22494, 13.75441, -1.32507, -1.75059, -1.27868, -12.32544, 9.85646, -0.16308, -8.58248, -1.97492, 12.78778, 3.58277, -7.70089, 10.52865, -10.29687, -0.27634, -1.95393, 2.04428, -5.37917]"
42,sub8,mae,0,sub8-b2__0108__buttkicks.npy,4,buttkicks,4,0.66754633,1,"[2.34635, -0.19102, -7.65869, -0.67774, 13.34683, -1.61968, -1.79825, -1.77234, -12.01058, 9.931, 0.87214, -8.89264, -1.5344, 12.52646, 3.67508, -7.64511, 9.6498, -10.48866, -0.01396, -1.53417, 2.39044, -5.19574]"
42,sub8,mae,0,sub8-b2__0109__buttkicks.npy,4,buttkicks,4,0.8085703,1,"[3.03129, 0.2949, -8.36249, -0.13257, 14.22596, -0.6152, -3.13889, -2.54177, -11.39388, 10.96628, 1.24675, -8.33185, -3.09373, 12.51823, 3.74292, -8.1147, 10.15291, -9.7817, 0.48078, -1.45909, 0.13198, -6.0069]"
42,sub8,mae,0,sub8-b2__0110__buttkicks.npy,4,buttkicks,4,0.88688076,1,"[3.58322, 0.69924, -8.50204, 0.35301, 15.50713, -0.38957, -2.71163, -1.68056, -12.16958, 9.91689, -0.46486, -7.73859, -3.59912, 13.272, 3.91348, -8.45695, 11.42176, -9.68129, 0.36537, -2.0823, -0.746, -6.43389]"
42,sub8,mae,0,sub8-b2__0111__airkick.npy,0,airkick,9,0.853124,0,"[3.4843, 3.5242, -6.99758, -3.13471, 4.94236, -0.67994, -0.25005, -3.3917, -5.01683, 10.01218, 6.19435, -5.69055, -3.15524, 7.04985, 7.57187, -6.97881, 2.06352, -7.91776, 3.60691, -0.96532, -3.40318, -5.85956]"
42,sub8,mae,0,sub8-b2__0112__airkick.npy,0,airkick,9,0.67934537,0,"[5.31333, 2.74266, -6.52077, -2.80587, 6.49982, -1.20998, -0.40945, -4.20854, -6.50432, 9.73933, 6.10576, -6.16231, -3.53585, 7.86821, 8.30299, -8.00444, 2.63803, -8.49456, 2.65516, -0.29156, -2.8178, -6.24582]"
42,sub8,mae,0,sub8-b2__0113__airkick.npy,0,airkick,9,0.70824033,0,"[2.79246, 3.51842, -7.14182, -2.68829, 4.74642, -0.44334, -0.07086, -3.16616, -5.53406, 9.28377, 6.93112, -6.55316, -3.04197, 7.3969, 7.35055, -7.37149, 1.59463, -8.07419, 3.89002, -0.11115, -2.62372, -6.10932]"
42,sub8,mae,0,sub8-b2__0114__airkick.npy,0,airkick,9,0.7171117,0,"[2.46705, 2.65496, -6.39324, -3.7494, 5.00521, -2.1502, 1.01807, -2.2751, -5.5205, 9.32849, 5.41257, -5.91892, -2.49108, 7.22105, 7.8766, -6.70231, 1.7763, -8.08248, 3.32466, -1.01832, -1.81654, -5.25798]"
42,sub8,mae,0,sub8-b2__0115__airkick.npy,0,airkick,9,0.5977181,0,"[0.55878, 3.81396, -6.6574, -4.48425, 3.09704, -1.74868, 0.3093, -4.22207, -4.08996, 9.09034, 8.22779, -7.22409, -1.00956, 4.98787, 7.56775, -5.80865, 0.1369, -7.97373, 4.20401, 1.51837, -0.81221, -5.28652]"
42,sub8,mae,0,sub8-b2__0116__airkick.npy,0,airkick,9,0.37291887,0,"[2.73821, 2.19412, -6.38497, -3.5239, 4.6272, -1.79137, 0.51469, -3.37592, -6.75173, 7.7878, 7.64631, -8.83155, -1.19742, 7.27224, 5.90399, -5.74471, 0.18149, -8.39862, 2.5477, 1.63747, 1.95427, -5.12762]"
42,sub8,mae,0,sub8-b2__0117__airkick.npy,0,airkick,9,0.7628868,0,"[4.44136, 2.96427, -6.60115, -2.05197, 7.65239, -1.38955, -1.45101, -3.6743, -6.24794, 9.99871, 5.67192, -6.986, -3.8518, 7.88845, 7.40146, -7.34046, 3.14423, -7.87571, 2.01844, -0.60947, -2.55246, -5.66675]"
42,sub8,mae,0,sub8-b2__0118__sidekick.npy,14,sidekick,16,0.34957626,0,"[11.18542, 4.03391, -2.97184, -1.22163, 1.8952, 2.92012, 3.90109, 0.61665, -9.68773, 3.23626, -6.10608, 4.75117, -0.68501, 7.99166, 11.07858, -11.81778, 11.22902, -12.438, 0.83009, -6.74331, -7.02243, -5.05872]"
42,sub8,mae,0,sub8-b2__0119__sidekick.npy,14,sidekick,14,0.58557415,1,"[10.68572, 4.36189, -2.56808, -2.10976, -0.25469, 3.39518, 4.5611, 0.41709, -8.99684, 2.74806, -6.39208, 5.69413, 1.1125, 6.41341, 11.7644, -11.74449, 10.73951, -12.97771, 1.63892, -6.38439, -6.70536, -4.80748]"
42,sub8,mae,0,sub8-b2__0120__sidekick.npy,14,sidekick,14,0.6627709,1,"[11.58101, 4.00575, -1.82515, -2.58867, -0.17189, 2.41473, 4.6345, -0.36565, -8.31275, 2.62555, -5.40408, 5.34334, 0.15444, 5.35182, 12.32755, -10.73248, 8.88908, -12.07617, 1.07722, -5.40486, -6.55802, -5.07998]"
42,sub8,mae,0,sub8-b2__0121__sidekick.npy,14,sidekick,16,0.39883316,0,"[10.84289, 4.61617, -2.63289, -1.4947, 0.86239, 2.81309, 3.53787, 0.72697, -8.02857, 3.06749, -6.94189, 5.35007, -0.26789, 6.61398, 10.91444, -11.12379, 11.17278, -12.07046, 0.63453, -7.77792, -7.19341, -3.34173]"
42,sub8,mae,0,sub8-b2__0122__sidekick.npy,14,sidekick,14,0.918078,1,"[9.48263, 4.51677, -1.8721, -3.26679, -0.89787, 1.34873, 3.70537, -0.85989, -6.20504, 4.21211, -4.82603, 4.20528, 1.08104, 4.42472, 12.31234, -10.13274, 8.75724, -12.30953, 1.07532, -6.03104, -6.13536, -2.90615]"
42,sub8,mae,0,sub8-b2__0123__sidekick.npy,14,sidekick,14,0.5843522,1,"[11.10459, 4.31695, -1.81262, -1.18022, -0.43874, 3.01567, 4.2032, 0.65571, -8.46355, 2.18099, -6.34176, 5.41743, 0.14955, 6.2049, 11.74541, -11.32378, 10.01561, -12.28605, 0.82848, -6.66776, -6.79154, -4.21956]"
42,sub8,mae,0,sub8-b2__0124__crosstoe.npy,6,crosstoe,6,0.749371,1,"[4.49424, 3.45334, 2.87038, -9.50492, -10.93612, 2.54556, 17.23364, 2.90842, -6.29968, -5.76689, -8.09511, 16.13713, 9.41603, -2.70307, 5.07516, -4.74462, 1.23533, -11.58559, 4.81768, -3.90528, -3.68064, -3.06621]"
42,sub8,mae,0,sub8-b2__0125__crosstoe.npy,6,crosstoe,6,0.68700904,1,"[4.75783, 3.38447, 2.48317, -8.74006, -10.90507, 2.43448, 16.78803, 2.84804, -6.2413, -6.24413, -8.03205, 15.99986, 9.75635, -2.14877, 5.28298, -5.09933, 1.24442, -11.27751, 4.5817, -4.50672, -3.53393, -2.58762]"
42,sub8,mae,0,sub8-b2__0126__crosstoe.npy,6,crosstoe,6,0.81015676,1,"[4.3793, 3.95867, 2.17401, -9.03866, -10.92955, 2.80248, 17.15569, 2.88188, -6.32755, -6.13477, -7.88116, 15.70215, 9.6886, -2.01128, 5.00951, -4.97658, 1.09412, -11.44991, 5.07772, -4.365, -3.74746, -2.84625]"
42,sub8,mae,0,sub8-b2__0127__sidekick.npy,14,sidekick,6,0.8446167,0,"[4.74498, 3.68482, 1.21179, -9.54063, -10.33239, 2.74193, 17.46457, 2.2589, -6.12805, -6.09826, -7.69363, 15.77015, 9.14677, -2.19595, 5.44445, -4.68253, 1.07992, -11.32768, 5.70795, -3.36279, -4.14054, -3.70478]"
42,sub8,mae,0,sub8-b2__0128__crosstoe.npy,6,crosstoe,6,0.97152585,1,"[3.74917, 4.18993, 2.03804, -9.33177, -11.06394, 3.07081, 17.97144, 3.13475, -6.2902, -6.38046, -7.63425, 14.43663, 9.07191, -1.80243, 4.39944, -4.32765, 0.14369, -11.33212, 5.51418, -3.72382, -3.42753, -2.91107]"
42,sub8,mae,0,sub8-b2__0129__crosstoe.npy,6,crosstoe,6,0.96962345,1,"[3.95106, 3.73396, 1.975, -9.66828, -10.82048, 2.56832, 18.23994, 2.50209, -6.16499, -6.65831, -7.36107, 14.77357, 8.92657, -2.19238, 5.05144, -4.13816, -0.12966, -11.02773, 5.9185, -2.65421, -3.47221, -3.7676]"
42,sub8,mae,0,sub8-b2__0130__throw.npy,18,throw,18,0.5388404,1,"[-7.12876, 5.85674, -4.9556, -5.14703, -4.9595, 1.02357, 5.5381, 1.30513, -2.41424, -1.3232, 0.36932, -3.94437, 8.04619, 2.72077, 0.81598, -1.57235, -0.26167, -7.33733, 8.39053, -0.24438, 2.47637, 1.61076]"
42,sub8,mae,0,sub8-b2__0131__throw.npy,18,throw,18,0.8699964,1,"[-7.15634, 6.79554, -5.22293, -5.16387, -4.92513, 1.90584, 6.427, 3.94224, -2.72447, -1.56658, -0.42664, -3.23076, 6.54546, 2.72166, -0.84162, -0.07956, -0.69943, -6.42203, 9.63753, -1.71929, 1.36392, 0.71912]"
42,sub8,mae,0,sub8-b2__0132__throw.npy,18,throw,18,0.9903244,1,"[-7.2332, 6.08826, -6.92301, -0.29515, -3.11356, 3.40489, 4.49087, 5.14012, -3.19695, -2.17809, 0.24857, -4.30635, 2.40178, 5.91003, -0.72857, -2.98019, -0.48891, -4.50429, 11.64595, -3.68082, -1.10428, 0.58986]"
42,sub8,mae,0,sub8-b2__0133__throw.npy,18,throw,7,0.5941612,0,"[-7.1615, 6.60093, -7.04715, 2.7987, -1.33567, 5.08387, 3.33007, 10.96277, -5.57936, -4.06068, -3.32483, -3.18784, 2.1137, 6.84182, -3.17248, -2.1821, 1.8946, -3.08814, 10.53227, -6.25028, -2.30017, 0.86193]"
42,sub8,mae,0,sub8-b2__0134__throw.npy,18,throw,18,0.60390556,1,"[-6.31194, 7.05307, -6.74253, 2.79397, -1.53157, 5.7983, 4.82418, 11.64631, -7.24836, -4.5831, -3.02399, -1.0226, 0.95458, 6.15359, -2.9724, -1.24303, 0.4412, -2.07729, 12.08631, -5.86257, -3.61429, -2.33625]"
42,sub8,mae,0,sub8-b2__0135__throw.npy,18,throw,18,0.9833908,1,"[-4.85818, 6.75763, -5.77681, -0.27064, -2.96861, 4.27702, 6.97341, 7.11756, -7.21203, -3.43556, -0.33497, -0.87693, 1.13181, 5.84988, -0.7649, -1.07594, -2.1991, -3.13568, 12.26621, -3.09198, -2.50421, -4.85123]"
42,sub8,mae,0,sub8-c__0001__sit.npy,15,sit,15,0.9713987,1,"[-1.70547, 3.56083, 2.43669, -4.05361, -2.32183, -1.35514, 0.74528, 2.12114, 3.4291, -1.53238, -1.62845, -2.46603, -4.61271, -4.18452, -7.38696, 16.7039, -8.27, 13.1784, 0.47406, 0.62861, 2.76546, -3.42521]"
42,sub8,mae,0,sub8-c__0002__stand.npy,17,stand,17,0.9945386,1,"[-0.50903, 2.17645, 0.70981, -2.447, -1.20374, -1.95665, -0.44364, 0.6463, 2.65135, -2.47162, 0.26322, -2.54031, -6.79422, -3.07728, -5.31073, 9.64221, -9.26843, 14.85237, 2.54795, 2.85394, 3.25093, -4.46287]"
42,sub8,mae,0,sub8-c__0003__sit.npy,15,sit,15,0.9837714,1,"[-2.61652, 3.6014, 2.8734, -4.21876, -3.0154, -1.65106, 1.22792, 1.98339, 3.69003, -1.65136, -2.26559, -2.22911, -3.98566, -4.35042, -6.58645, 16.65281, -8.09722, 12.54773, 0.72256, 0.56381, 3.02543, -3.201]"
42,sub8,mae,0,sub8-c__0004__stand.npy,17,stand,17,0.99260604,1,"[-0.04632, 2.38105, 0.43427, -2.185, -0.47985, -1.87145, -1.18233, 0.87884, 3.10056, -2.01754, 0.98853, -2.91061, -7.13727, -2.99754, -6.28633, 11.43479, -9.79526, 16.33515, 2.33931, 1.76964, 1.77044, -4.34947]"
42,sub8,mae,0,sub8-c__0005__walk.npy,20,walk,19,0.46612626,0,"[8.03777, -0.905, -1.77703, -2.54827, 2.667, -3.56265, 0.56019, -3.71442, -4.47406, -2.29396, 6.2291, -4.23942, -8.66958, 2.14257, -0.63, -2.08341, -9.12921, 6.44675, 2.38636, 8.27882, 5.48673, -6.68374]"
42,sub8,mae,0,sub8-c__0006__turnaround.npy,19,turnaround,19,0.99978787,1,"[3.46916, 0.10673, -3.18505, -8.5573, 0.93793, -3.31915, 4.91924, -8.05347, -3.65955, 1.15911, 7.12474, -5.10069, -5.12428, -1.8176, 3.87667, 1.20213, -8.81892, 0.10055, 8.10479, 16.93538, 3.19218, -11.87659]"
42,sub8,mae,0,sub8-c__0007__sit.npy,15,sit,15,0.9982645,1,"[-1.88082, 4.06598, 2.29514, -5.81728, -2.86843, -1.275, 2.86791, 1.50786, 2.75856, -1.82347, -2.20668, -2.03703, -2.58718, -4.44947, -6.46586, 16.94265, -8.36236, 10.5844, 1.55243, 2.44458, 2.82215, -4.61526]"
42,sub8,mae,0,sub8-c__0008__stand.npy,17,stand,17,0.998536,1,"[0.02278, 0.64554, 1.10267, -2.30637, -1.09047, -2.55698, 0.30632, 1.26165, 0.83509, -3.16176, 0.46013, -2.33154, -6.55365, -2.2701, -5.36529, 7.34989, -9.79344, 14.12147, 2.37475, 2.77822, 5.97255, -3.94043]"
42,sub8,mae,0,sub8-c__0009__turnaround.npy,19,turnaround,19,0.94880843,1,"[-2.86923, 0.5426, 1.00633, -8.96608, -4.48677, -2.68742, 7.52756, -1.64939, -5.62704, -0.46905, 1.54622, -3.58783, 4.10511, -3.28142, 1.12888, 5.0812, -6.22237, -3.49876, 5.33732, 11.8887, 8.62242, -7.63993]"
42,sub8,mae,0,sub8-c__0010__sit.npy,15,sit,15,0.99724483,1,"[-2.49953, 3.85026, 2.10089, -5.5352, -2.76102, -1.27934, 2.69587, 1.28995, 2.73235, -1.93944, -2.29322, -2.27305, -2.73829, -4.53571, -6.69756, 17.12948, -8.52541, 11.23599, 1.58564, 2.90401, 3.51844, -4.9294]"
42,sub8,mae,0,sub8-c__0011__stand.npy,17,stand,17,0.9966798,1,"[-0.11189, 1.72407, 0.576, -2.30935, -0.60168, -2.50881, -0.79848, 0.2496, 2.20509, -2.57695, 0.91425, -3.09402, -6.85026, -2.45426, -5.18587, 9.12501, -9.48645, 14.8398, 2.10403, 2.94549, 3.82879, -4.12304]"
42,sub8,mae,0,sub8-c__0012__turnaround.npy,19,turnaround,19,0.9998312,1,"[0.70305, -0.05357, -3.00696, -8.56069, 0.59245, -3.99923, 3.26743, -8.65844, -2.11492, 2.51166, 7.42052, -5.56715, -4.39819, -2.89155, 4.16203, 2.78332, -8.14588, 0.68704, 7.06826, 16.70036, 3.94062, -11.11565]"
42,sub8,mae,0,sub8-c__0013__sit.npy,15,sit,15,0.9983298,1,"[-2.72413, 4.12283, 2.3701, -5.61704, -2.71718, -1.51077, 2.87455, 1.32566, 2.5115, -1.97469, -2.51883, -2.41056, -2.519, -4.21715, -6.56496, 17.37253, -8.26468, 10.97662, 1.25423, 2.77784, 3.55822, -4.82231]"
42,sub8,mae,0,sub8-c__0014__stand.npy,17,stand,17,0.9983923,1,"[-0.22333, 0.78865, 1.2856, -2.01074, -1.1991, -3.13112, -0.02258, 0.74664, 1.1286, -3.21912, 0.61855, -2.79429, -6.68982, -1.91909, -4.53128, 6.64496, -9.499, 13.6127, 1.93358, 2.75325, 6.23, -3.34728]"
42,sub8,mae,0,sub8-c__0015__turnaround.npy,19,turnaround,19,0.99976534,1,"[2.25243, -0.27452, -2.65288, -8.01219, 0.68626, -3.87255, 3.79846, -8.33816, -2.62959, 1.33305, 7.63217, -5.66731, -5.30445, -2.12197, 3.76735, 1.93921, -9.01326, 1.37781, 6.84729, 16.4189, 3.94706, -10.93743]"
42,sub8,mae,0,sub8-c__0016__sit.npy,15,sit,15,0.997897,1,"[-1.73626, 3.81218, 2.66938, -5.30513, -2.73058, -1.6439, 2.14217, 1.22442, 2.94764, -1.83168, -2.11808, -2.53772, -2.83538, -4.24608, -6.80527, 17.14499, -8.34782, 10.9805, 0.90236, 2.01645, 3.34166, -3.80905]"
42,sub8,mae,0,sub8-c__0017__stand.npy,17,stand,17,0.9954904,1,"[-0.30134, 0.99689, 1.69827, -2.05008, -1.54124, -3.09472, 0.29057, 1.26816, 0.69562, -3.39789, 0.18039, -3.03623, -6.46083, -1.72564, -4.7893, 6.44577, -9.48813, 13.1331, 1.7584, 2.45129, 7.3928, -2.9336]"
42,sub8,mae,0,sub8-c__0018__turnaround.npy,19,turnaround,19,0.9993548,1,"[2.0447, -1.35336, -2.12936, -7.17722, 0.48779, -4.57393, 2.92293, -9.00529, -2.80651, 2.29333, 8.44204, -6.24641, -4.89036, -2.2934, 4.09565, 1.82137, -8.80249, 0.50264, 6.05365, 15.92271, 4.94554, -10.19139]"
42,sub8,mae,0,sub8-c__0019__squat.npy,16,squat,16,0.9996644,1,"[1.97851, 1.94077, -4.31305, -1.86877, 3.90221, 1.44797, 3.43027, 0.23469, -12.93222, 5.63546, -8.38424, 2.75971, 10.08648, 8.51588, 5.98083, -12.13315, 18.30212, -17.09023, 0.99928, -5.86477, -1.39206, -1.72732]"
42,sub8,mae,0,sub8-c__0020__squat.npy,16,squat,16,0.9999913,1,"[4.37251, 2.2729, -5.71334, -2.3037, 6.03109, 1.934, 2.77227, -0.53488, -12.4062, 5.5023, -9.30162, 5.9192, 7.69319, 7.839, 5.96016, -12.20513, 20.40206, -16.11441, 1.72194, -6.71874, -4.19026, -2.78325]"
42,sub8,mae,0,sub8-c__0021__squat.npy,16,squat,16,0.999992,1,"[4.43255, 2.07698, -6.17518, -2.78961, 6.33248, 1.3696, 2.09934, -1.57547, -11.3422, 5.95724, -8.57226, 5.85961, 7.23295, 6.73191, 6.76816, -11.9747, 20.14896, -15.74711, 2.35003, -5.86377, -4.51568, -3.04275]"
42,sub8,mae,0,sub8-c__0022__squat.npy,16,squat,16,0.99998593,1,"[4.45073, 3.06847, -7.34262, -2.60842, 6.83555, 1.64091, 2.58424, -1.11388, -10.73326, 4.04188, -8.95421, 5.81129, 5.94729, 7.62407, 6.26223, -11.44618, 19.5649, -14.69946, 3.47386, -6.20597, -5.38632, -3.18328]"
42,sub8,mae,0,sub8-c__0023__squat.npy,16,squat,16,0.99998736,1,"[4.55094, 2.99685, -7.33193, -2.60447, 6.94908, 1.48482, 2.37453, -1.28777, -10.46984, 4.1787, -8.79471, 5.89603, 5.66798, 7.35213, 6.49237, -11.41601, 19.60113, -14.60472, 3.43988, -6.11714, -5.59753, -3.22674]"
42,sub8,mae,0,sub8-c__0024__pickup.npy,11,pickup,11,0.94022125,1,"[6.00923, 0.33538, 4.45878, -7.8404, -6.20654, 1.15565, 9.87983, -0.26704, -9.25347, 0.42321, -9.22233, 15.57511, 12.64547, -2.1225, 7.53829, -9.39149, 10.52237, -15.2543, 0.80874, -4.03, -1.97751, -1.94412]"
42,sub8,mae,0,sub8-c__0025__pickup.npy,11,pickup,11,0.8812514,1,"[5.99455, -0.18589, 3.9855, -8.14455, -5.63637, 0.93891, 9.56236, -0.77774, -9.48162, 1.21901, -8.75622, 15.09498, 12.95466, -2.15836, 7.95064, -9.46368, 10.69348, -15.48651, 0.8658, -3.35368, -1.72498, -2.2848]"
42,sub8,mae,0,sub8-c__0026__pickup.npy,11,pickup,11,0.94381404,1,"[6.28106, -0.44199, 5.64594, -8.19412, -7.04041, 0.75329, 10.12324, -0.95467, -8.70291, 0.1072, -8.32352, 15.54176, 12.60944, -3.07064, 8.08059, -9.02658, 8.73111, -14.80634, 0.60168, -2.54175, -1.40074, -2.28785]"
42,sub8,mae,0,sub8-c__0027__pickup.npy,11,pickup,11,0.90374565,1,"[6.49766, -0.25551, 2.81144, -7.70207, -4.05547, 1.22981, 8.73537, -0.94171, -10.08353, 2.23437, -8.87818, 15.20293, 12.21424, -1.45504, 7.95208, -10.11312, 12.27888, -15.74496, 0.91998, -3.64873, -2.61167, -2.73558]"
42,sub8,mae,0,sub8-c__0028__pickup.npy,11,pickup,11,0.9845005,1,"[6.74176, -0.39657, 6.37715, -7.53448, -7.35977, 0.8601, 10.51452, -0.90723, -8.59651, -0.7602, -8.51749, 16.21719, 11.75532, -2.95427, 8.19363, -9.42272, 8.41193, -14.61533, 0.43053, -2.72764, -2.03521, -2.22618]"
42,sub8,mae,0,sub8-c__0029__pushchair.npy,12,pushchair,12,0.6386328,1,"[3.08705, 1.77917, 8.30088, -6.71865, -10.96381, -0.13322, 11.47302, 2.00635, -7.24975, -4.3925, -7.7665, 12.68082, 13.52346, -1.9535, 6.66056, -8.13688, 4.31811, -13.2889, 0.63905, -3.4364, 0.49543, 0.72587]"
42,sub8,mae,0,sub8-c__0030__pushchair.npy,12,pushchair,11,0.85574,0,"[4.78887, 1.89935, 7.59924, -6.30719, -10.28913, 0.1117, 11.17393, 0.96319, -7.53027, -3.99297, -7.69127, 14.20959, 12.05988, -0.99409, 8.17461, -10.36188, 5.62457, -13.84424, 1.33644, -3.90591, -1.79559, -0.03452]"
42,sub8,mae,0,sub8-c__0031__pushchair.npy,12,pushchair,12,0.6156247,1,"[3.18134, 1.44672, 8.72047, -7.12478, -11.26569, -0.51183, 11.52633, 1.98327, -7.0873, -4.54612, -7.68448, 12.94338, 13.64461, -2.23967, 6.48874, -7.80282, 3.78769, -12.91298, 0.66807, -3.34322, 0.87717, 0.90221]"
42,sub8,mae,0,sub8-c__0032__pushchair.npy,12,pushchair,12,0.96251786,1,"[0.6295, 1.44585, 8.43939, -7.25668, -11.37035, -0.96343, 11.00078, 2.93368, -6.65965, -4.48748, -6.93532, 9.29875, 14.47999, -2.72682, 4.76741, -4.74063, 2.25385, -11.72384, 0.33317, -2.5491, 3.96735, 1.56343]"
42,sub8,mae,0,sub8-c__0033__pushchair.npy,12,pushchair,12,0.6885651,1,"[3.06897, 1.73137, 8.02006, -7.28918, -11.0009, -0.11735, 11.72993, 2.36774, -7.33628, -4.16859, -8.16741, 12.93207, 13.99495, -2.10534, 6.04953, -7.42838, 4.5079, -13.34167, 0.62096, -3.92768, 0.85747, 0.9358]"
42,sub8,mae,0,sub8-c__0034__pushchair.npy,12,pushchair,12,0.96222043,1,"[0.90031, 1.64857, 8.02115, -7.94258, -11.1886, -0.79807, 11.21554, 2.73666, -6.66728, -4.09344, -7.2647, 9.94349, 14.73382, -2.93547, 4.95279, -4.91517, 2.85146, -12.23437, 0.61305, -2.52028, 3.43386, 1.24929]"
42,sub8,mae,0,sub8-c__0035__sit.npy,15,sit,15,0.9989341,1,"[-2.31304, 4.14636, 1.50493, -6.46637, -2.6278, -0.89059, 3.55887, 1.20447, 2.17403, -2.35961, -2.52148, -1.83043, -2.13591, -4.59605, -6.51955, 17.36628, -8.40864, 10.51807, 2.22088, 3.85596, 3.27879, -5.85036]"
42,sub8,mae,0,sub8-c__0036__stand.npy,17,stand,17,0.99809366,1,"[-0.95453, 1.07819, 1.66467, -2.027, -1.69293, -2.67469, 0.03263, 1.53996, 1.3701, -3.44134, -0.43637, -2.44196, -6.30854, -2.2536, -5.25665, 7.32436, -9.16565, 14.05509, 1.70669, 2.0622, 6.77685, -2.95612]"
42,sub8,mae,0,sub8-c__0037__turnaround.npy,19,turnaround,19,0.99976283,1,"[1.65894, 0.245, -3.08867, -8.86962, 0.57646, -3.47318, 4.76688, -7.79615, -3.37471, 1.18352, 6.60117, -5.33526, -4.20273, -2.06843, 4.0326, 2.20562, -8.30755, 0.30441, 8.32427, 16.88551, 4.01416, -11.7565]"
42,sub8,mae,0,sub8-c__0038__sit.npy,15,sit,15,0.9986613,1,"[-1.6384, 3.98661, 1.46881, -6.25172, -2.19235, -1.21951, 2.90357, 1.23791, 2.27371, -1.99566, -1.91074, -2.30942, -2.61402, -4.23742, -6.9062, 17.40914, -8.51251, 10.79132, 1.79881, 3.47003, 3.09583, -5.37518]"
42,sub8,mae,0,sub8-c__0039__stand.npy,17,stand,17,0.9852379,1,"[0.29031, 0.4405, 1.37032, -1.99537, -1.34468, -3.12529, 0.70497, 1.29756, -0.31962, -3.70305, 0.42488, -2.9459, -6.47601, -1.09813, -4.37541, 5.01471, -9.39553, 12.23025, 1.87595, 2.86263, 7.96543, -3.1879]"
42,sub8,mae,0,sub8-c__0040__turnaround.npy,19,turnaround,19,0.99987364,1,"[2.01722, -0.73728, -2.10619, -7.8119, 0.4216, -3.98511, 2.64864, -8.37416, -2.4203, 2.29344, 7.733, -5.41093, -4.58155, -3.11328, 4.1898, 2.12284, -8.24245, 0.60364, 6.00245, 16.93733, 4.24585, -10.95922]"
42,sub8,mae,0,sub8-c__0041__sit.npy,15,sit,15,0.99839383,1,"[-1.98118, 4.27956, 2.19478, -5.46307, -2.48792, -1.18665, 2.64698, 1.33069, 2.45533, -1.89212, -2.1698, -2.5302, -3.08939, -4.18494, -6.82794, 17.18642, -8.16783, 10.75086, 1.24477, 2.75863, 3.0333, -4.69741]"
42,sub8,mae,0,sub8-c__0042__stand.npy,17,stand,17,0.99889356,1,"[-0.12523, 1.15003, 0.88869, -1.99052, -0.78151, -2.83883, -0.47152, 0.75772, 1.64347, -2.89859, 0.75858, -3.07864, -6.97788, -2.09861, -5.27187, 7.81935, -9.69438, 14.71235, 2.15867, 2.75548, 5.22378, -3.68888]"
42,sub8,mae,0,sub8-c__0043__turnaround.npy,19,turnaround,19,0.9993255,1,"[3.74079, -0.05352, -2.32492, -8.06401, 0.44112, -3.54501, 5.55865, -6.27096, -5.25578, -0.26935, 6.25837, -5.67899, -4.83342, -0.47893, 2.64949, 1.10261, -9.063, 0.01984, 7.8246, 15.48492, 5.46241, -10.96805]"
42,sub8,mae,0,sub8-c__0044__stand.npy,17,stand,15,0.9991375,0,"[-3.31377, 4.76347, 1.96241, -5.9894, -3.21451, -0.7791, 3.32398, 1.42708, 2.80635, -1.96785, -2.99202, -2.07047, -2.20119, -4.77119, -6.35643, 17.52179, -7.98453, 10.46033, 1.97549, 3.09422, 3.16609, -5.3014]"
42,sub8,mae,0,sub8-c__0045__stand.npy,17,stand,17,0.9987502,1,"[0.10041, 1.20577, 0.65755, -2.22972, -0.75471, -2.58374, -0.54208, 0.58289, 1.72654, -2.9226, 0.68009, -2.75289, -6.77047, -2.28789, -5.09732, 7.85861, -9.54445, 14.60455, 2.29423, 3.00632, 4.77849, -3.97932]"
42,sub8,mae,0,sub8-c__0046__turnaround.npy,19,turnaround,19,0.9998685,1,"[1.39255, -0.29212, -3.29321, -8.76791, 0.73634, -3.81021, 3.8214, -8.5428, -2.65218, 1.97541, 7.09391, -5.37068, -4.15548, -2.66613, 3.80927, 2.91415, -8.20323, 0.56095, 7.3299, 16.91248, 4.00937, -11.45478]"
42,sub8,mae,0,sub8-c__0047__sit.npy,15,sit,19,0.7026003,0,"[1.21878, 3.44035, 2.36251, -8.7557, -3.90164, -3.01241, 7.61022, -3.44125, -3.41649, -0.96309, 1.00754, -4.74446, -1.73645, -1.85151, 0.41839, 9.06612, -8.67293, -0.1783, 4.84063, 10.17737, 5.6328, -8.48324]"
42,sub8,mae,0,sub8-c__0048__stand.npy,17,stand,17,0.99795365,1,"[0.05701, 1.28808, 0.76996, -2.10766, -0.62417, -2.71101, -0.52901, 0.5571, 1.46163, -2.85097, 0.61516, -3.16323, -6.82814, -1.97728, -5.08042, 7.83581, -9.36501, 14.1082, 1.79251, 2.97913, 5.17253, -3.84837]"
42,sub8,mae,0,sub8-c__0049__turnaround.npy,19,turnaround,19,0.99977714,1,"[0.2164, 0.09867, -3.01104, -8.64112, 0.51866, -3.6384, 3.93636, -7.84964, -2.61449, 1.68175, 6.56394, -4.90781, -4.14469, -2.62807, 4.5315, 2.52877, -7.80497, 0.76149, 7.87848, 16.58633, 3.74401, -11.48968]"
42,sub8,mae,0,sub8-c__0050__sit.npy,15,sit,15,0.9987947,1,"[-2.27497, 4.42786, 2.20659, -5.49636, -2.4587, -1.17136, 2.50136, 1.19222, 2.58634, -1.78309, -2.24626, -2.69642, -2.73981, -4.1679, -6.75942, 17.54721, -8.11429, 10.82411, 1.10493, 2.8198, 3.07389, -4.85219]"
42,sub8,mae,0,sub8-c__0051__stand.npy,17,stand,17,0.9965928,1,"[-0.65354, 2.06727, 0.75228, -2.4058, -0.90315, -2.3327, -0.99244, 0.47829, 2.94929, -2.60386, 0.38821, -2.79758, -6.70664, -2.90045, -5.39082, 9.81372, -9.44907, 15.49699, 2.07794, 2.63989, 3.49755, -4.06221]"
42,sub8,mae,0,sub8-c__0052__turnaround.npy,19,turnaround,19,0.99977976,1,"[1.4123, 0.16072, -3.16435, -8.97814, 0.50258, -3.43193, 4.5283, -7.87456, -3.16527, 1.44755, 6.6054, -5.20334, -3.96573, -2.3998, 4.14343, 2.39577, -8.22989, 0.11904, 8.38214, 17.00358, 3.98901, -11.77566]"
42,sub8,mae,0,sub8-c__0053__squat.npy,16,squat,16,0.99937433,1,"[1.06425, 3.35774, -5.0336, -3.4605, 3.10977, 1.42685, 4.89359, 0.71687, -12.25813, 3.83169, -9.36764, 4.00595, 10.52558, 7.19004, 5.74999, -10.82861, 17.95262, -16.40398, 2.86985, -5.73449, -1.64773, -2.23749]"
42,sub8,mae,0,sub8-c__0054__squat.npy,16,squat,16,0.999977,1,"[3.91318, 3.21694, -6.32669, -3.54376, 5.1954, 1.57691, 4.24692, -0.4374, -11.21687, 3.184, -9.54546, 7.26626, 7.41936, 6.83843, 6.50224, -11.46886, 19.21483, -15.22765, 3.43678, -6.25274, -4.95028, -3.23196]"
42,sub8,mae,0,sub8-c__0055__squat.npy,16,squat,16,0.9999881,1,"[3.95242, 3.33838, -6.25205, -2.54168, 5.45123, 2.10418, 3.5581, -0.41727, -11.46206, 3.94469, -9.45832, 6.68579, 6.99521, 7.44633, 6.72267, -12.148, 19.81942, -15.54341, 2.97851, -6.6902, -5.40295, -3.06558]"
42,sub8,mae,0,sub8-c__0056__squat.npy,16,squat,16,0.9999306,1,"[3.11978, 3.6762, -5.30726, -3.17006, 3.4096, 1.82848, 5.17392, 0.54603, -11.77054, 2.94044, -9.7057, 6.55963, 8.71334, 7.42281, 6.24093, -11.77638, 18.71263, -16.18364, 3.07323, -6.88651, -4.12861, -2.35651]"
42,sub8,mae,0,sub8-c__0057__squat.npy,16,squat,16,0.99998176,1,"[3.82457, 3.97834, -6.43983, -2.69859, 5.06442, 2.43233, 4.06737, 0.00483, -10.96147, 3.00882, -9.76384, 6.83839, 6.51827, 7.58682, 6.20642, -11.57257, 19.31667, -15.01688, 3.47252, -6.98685, -5.65188, -3.04704]"
42,sub8,mae,0,sub8-c__0058__pickup.npy,11,pickup,11,0.49459267,1,"[5.76031, 0.41005, 1.76995, -7.43552, -3.15921, 1.58194, 7.99408, -1.03973, -9.93067, 3.0807, -9.30886, 13.91173, 12.19214, -0.89247, 8.15285, -10.48579, 13.73327, -16.49289, 0.93469, -4.06646, -2.83501, -2.37893]"
42,sub8,mae,0,sub8-c__0059__pickup.npy,11,pickup,11,0.89893085,1,"[5.16219, 0.92366, 4.94387, -8.44076, -7.08154, 1.25439, 10.83619, -0.36714, -8.20397, -0.47823, -9.02904, 14.9897, 12.61208, -2.84763, 8.0764, -8.69485, 9.13151, -15.17648, 0.93803, -2.90706, -1.96735, -2.03451]"
42,sub8,mae,0,sub8-c__0060__pickup.npy,11,pickup,11,0.93761975,1,"[5.18274, 1.21734, 5.0485, -8.42683, -7.38893, 1.45623, 11.03737, -0.03278, -7.94042, -0.8999, -9.26975, 15.47466, 12.53091, -2.93937, 7.83574, -8.54899, 8.96382, -14.97562, 0.9685, -3.27975, -2.30207, -1.81965]"
42,sub8,mae,0,sub8-c__0061__pickup.npy,11,pickup,11,0.9515778,1,"[4.97902, 1.64803, 5.89248, -8.51396, -8.34148, 1.36122, 11.78934, 0.40138, -7.24358, -2.07665, -9.26256, 15.69319, 12.18751, -3.24654, 7.52567, -8.03402, 7.68365, -14.36641, 1.01051, -3.26818, -2.33604, -1.54572]"
42,sub8,mae,0,sub8-c__0062__pickup.npy,11,pickup,11,0.97114426,1,"[5.05277, 2.16212, 5.72549, -8.17491, -8.50707, 1.87481, 12.05686, 1.06378, -7.26565, -2.47886, -9.71745, 16.19454, 11.87973, -2.97466, 6.94664, -8.05302, 7.87194, -14.33696, 1.01696, -4.10396, -2.82888, -1.2571]"
42,sub8,mae,0,sub8-c__0063__pushchair.npy,12,pushchair,2,0.31029394,0,"[1.7962, 0.68986, 11.54591, -6.84782, -12.15891, -1.64856, 10.28002, 1.47091, -4.25129, -5.58037, -5.97495, 11.49258, 11.53004, -4.76329, 6.74025, -5.4966, -0.19683, -9.22441, -0.08187, -1.07223, 2.17736, 0.83428]"
42,sub8,mae,0,sub8-c__0064__pushchair.npy,12,pushchair,2,0.43674067,0,"[1.86248, 0.44989, 11.89128, -6.72521, -12.21872, -1.53402, 9.88704, 1.54532, -4.23522, -5.47004, -5.80276, 11.16646, 11.48445, -4.90927, 6.49871, -5.29389, -0.45109, -9.04699, -0.44624, -0.83845, 2.5618, 0.93802]"
42,sub8,mae,0,sub8-c__0065__pushchair.npy,12,pushchair,12,0.4656991,1,"[1.44134, 1.06, 11.12896, -7.1115, -12.30749, -1.32992, 10.23837, 1.73154, -4.11255, -5.4843, -6.239, 11.54082, 12.06607, -5.06384, 6.32367, -5.15261, 0.01091, -9.35817, 0.18545, -1.24494, 2.19495, 0.95264]"
42,sub8,mae,0,sub8-c__0066__pushchair.npy,12,pushchair,12,0.4074945,1,"[1.6661, 1.44752, 10.77868, -6.99494, -12.2786, -1.03543, 10.9053, 2.0311, -4.67926, -5.79855, -6.6612, 12.01541, 12.12582, -4.23119, 6.42417, -5.82898, 0.49582, -9.83959, 0.43041, -1.81224, 1.51134, 0.8842]"
42,sub8,mae,0,sub8-c__0067__pushchair.npy,12,pushchair,2,0.57048064,0,"[2.21611, 0.11518, 12.29012, -6.70741, -12.1045, -1.57494, 9.83587, 0.99505, -4.01719, -4.99563, -5.76206, 11.44223, 10.83893, -5.41587, 6.82834, -5.57448, -0.50424, -9.1182, -0.3138, -0.44793, 2.38881, 0.63237]"
42,sub8,mae,0,sub8-c__0068__pushchair.npy,12,pushchair,12,0.86634254,1,"[-0.44766, 1.93439, 9.66126, -7.72089, -12.10058, -1.01879, 10.7671, 2.98431, -4.73743, -5.35285, -6.12224, 8.77027, 13.02182, -3.96634, 4.70862, -3.16277, -0.35675, -9.15561, 0.58704, -1.07625, 3.79667, 0.87085]"
42,sub8,mae,0,sub8-c__0069__sit.npy,15,sit,15,0.9993905,1,"[-2.81509, 4.34439, 1.65143, -6.63914, -2.91104, -1.1056, 3.44031, 0.84005, 2.49286, -2.17402, -2.7978, -1.91766, -1.79627, -4.81508, -5.9182, 17.49789, -7.91912, 10.08652, 2.26566, 4.04383, 3.27444, -5.6281]"
42,sub8,mae,0,sub8-c__0070__stand.npy,17,stand,17,0.9979772,1,"[-0.89541, 2.03596, 0.66884, -2.51207, -1.09533, -2.39681, -0.75243, 0.4497, 2.68991, -2.93653, -0.05154, -2.5337, -6.49176, -2.82034, -4.78157, 8.72983, -9.11897, 14.95031, 2.47489, 2.88519, 4.1271, -4.05643]"
42,sub8,mae,0,sub8-c__0071__turnaround.npy,19,turnaround,19,0.99952507,1,"[1.53294, 0.60736, -3.44863, -9.19866, 0.55257, -3.48575, 4.84748, -7.84346, -3.1318, 1.24384, 6.25824, -5.25996, -4.09541, -1.97034, 4.25665, 2.21582, -8.07231, 0.05922, 8.82341, 16.58497, 3.83362, -11.66727]"
42,sub8,mae,0,sub8-c__0072__sit.npy,15,sit,15,0.99939656,1,"[-2.48685, 4.54553, 1.34933, -6.42597, -2.43125, -1.11013, 3.72838, 1.31708, 1.96588, -2.03603, -2.22727, -2.52735, -2.16595, -4.19309, -6.78211, 17.48022, -8.34061, 10.05758, 2.06363, 4.01009, 3.29068, -5.7552]"
42,sub8,mae,0,sub8-c__0073__stand.npy,17,stand,17,0.99819714,1,"[-0.51335, 1.78296, 0.80809, -2.2235, -1.05085, -2.50547, -0.62548, 0.68897, 2.17102, -2.80462, 0.30876, -2.91507, -6.75899, -2.39174, -5.12883, 8.31127, -9.29891, 14.66642, 2.3262, 2.58261, 4.73588, -3.71811]"
42,sub8,mae,0,sub8-c__0074__turnaround.npy,19,turnaround,19,0.99913234,1,"[-0.87951, 0.91362, -2.32442, -9.8716, -1.33818, -2.7663, 6.65696, -4.83409, -4.39755, 0.5935, 4.4075, -4.67302, -0.80763, -2.429, 2.12397, 4.1774, -7.71765, -1.16468, 7.76933, 15.23931, 5.70156, -10.79179]"
42,sub8,mae,0,sub8-c__0075__sit.npy,15,sit,15,0.9995598,1,"[-2.94156, 4.57073, 1.43945, -6.49561, -2.60886, -1.1029, 3.62194, 1.03773, 2.32486, -2.00747, -2.76974, -2.29872, -1.55092, -4.42438, -6.29318, 17.44122, -7.95834, 9.69881, 2.13203, 3.91953, 3.19187, -5.61959]"
42,sub8,mae,0,sub8-c__0076__stand.npy,17,stand,17,0.9984086,1,"[-0.65532, 1.11114, 1.5419, -2.28757, -1.57238, -2.76585, -0.04409, 1.34429, 1.75419, -3.37232, -0.49557, -2.42336, -6.03378, -2.47343, -5.36237, 7.53075, -9.43413, 14.25915, 2.22334, 2.28801, 6.36362, -2.98042]"
42,sub8,mae,0,sub8-c__0077__turnaround.npy,19,turnaround,19,0.9997875,1,"[1.29311, -0.14826, -3.14779, -8.09763, 0.90056, -3.91411, 3.65395, -8.36414, -2.37949, 1.58465, 7.67834, -5.33212, -5.14, -2.34269, 3.65195, 2.30341, -8.63946, 1.60277, 7.00527, 16.58771, 3.45976, -11.10692]"
42,sub8,mae,0,sub8-c__0078__sit.npy,15,sit,15,0.99915195,1,"[-2.78209, 4.46843, 1.56417, -6.22334, -2.51953, -0.99848, 3.61813, 1.20577, 2.17005, -2.08359, -2.61437, -2.35714, -2.14061, -4.3858, -6.50721, 17.25807, -8.22545, 10.1779, 2.14716, 3.8082, 3.27176, -5.64566]"
42,sub8,mae,0,sub8-c__0079__stand.npy,17,stand,17,0.99862826,1,"[-0.65517, 1.31849, 1.20395, -2.21217, -1.2412, -2.85893, -0.31705, 0.9026, 1.86213, -3.03794, 0.19625, -2.80666, -6.65005, -2.28732, -5.03511, 7.69975, -9.46318, 14.43443, 2.14409, 2.56295, 5.71173, -3.40093]"
42,sub8,mae,0,sub8-c__0080__turnaround.npy,19,turnaround,19,0.99979943,1,"[0.92486, -0.24413, -2.96154, -8.99146, 0.46696, -3.69722, 4.39035, -7.81551, -3.49897, 2.01114, 6.5685, -5.7876, -3.30735, -2.48613, 4.02277, 2.74041, -8.02323, -0.48384, 8.01831, 16.81812, 4.85032, -11.49164]"
42,sub8,mae,0,sub8-c__0081__sit.npy,15,sit,15,0.99872917,1,"[-2.91268, 4.38757, 1.64134, -6.09704, -2.84104, -0.94534, 3.41244, 1.28011, 2.56936, -2.22278, -2.6791, -2.11739, -2.14415, -4.66388, -6.66784, 17.4376, -8.43307, 10.76634, 2.18808, 3.59719, 3.42289, -5.50477]"
42,sub8,mae,0,sub8-c__0082__stand.npy,17,stand,17,0.99824166,1,"[-0.46765, 1.71484, 0.75292, -2.2021, -0.93507, -2.78494, -0.75708, 0.35501, 2.48862, -2.75593, 0.52522, -2.87383, -6.71293, -2.52808, -4.89844, 8.37379, -9.36738, 14.74277, 2.28953, 2.60393, 4.27555, -3.63162]"
42,sub8,mae,0,sub8-c__0083__turnaround.npy,19,turnaround,19,0.99984,1,"[0.54639, -0.51975, -3.447, -8.6679, 0.86872, -3.59869, 4.22674, -7.97597, -3.48615, 2.25765, 7.07042, -5.64281, -3.27249, -2.48738, 3.6122, 3.22959, -7.97453, -0.33766, 7.5582, 16.84488, 4.28156, -11.55261]"
42,sub8,mae,0,sub8-c__0084__sit.npy,15,sit,15,0.9990576,1,"[-1.75115, 4.22891, 1.65565, -5.63132, -1.94515, -1.17545, 3.44101, 1.32481, 1.62958, -2.35197, -1.94978, -2.76737, -2.33981, -3.79844, -7.32813, 17.43328, -8.64665, 10.462, 1.34237, 3.57174, 3.25938, -5.34868]"
42,sub8,mae,0,sub8-c__0085__stand.npy,17,stand,17,0.9988348,1,"[-0.64506, 1.22693, 1.32151, -1.97665, -1.24553, -3.03812, -0.33883, 0.87603, 2.03121, -3.15318, 0.1112, -2.76881, -6.50687, -2.409, -5.20502, 7.68988, -9.57896, 14.58472, 2.21855, 2.40297, 5.67335, -3.09123]"
42,sub8,mae,0,sub8-c__0086__turnaround.npy,19,turnaround,19,0.9996778,1,"[0.16538, 1.65258, -3.98541, -9.40183, 1.92964, -2.73956, 5.24859, -7.26151, -4.86641, 2.26631, 6.04758, -4.77076, -3.0755, -1.0082, 4.50246, 2.25547, -6.47667, -1.41684, 8.94009, 17.07257, 1.65054, -13.30305]"
42,sub8,mae,0,sub8-c__0087__squat.npy,16,squat,16,0.9999907,1,"[3.83016, 3.07413, -6.07228, -1.81518, 5.56517, 2.16939, 2.59519, -0.91647, -10.87766, 4.68166, -8.99223, 5.97941, 6.13579, 7.51573, 7.20656, -12.53612, 20.0039, -15.33177, 2.71862, -6.77427, -5.31166, -2.95788]"
42,sub8,mae,0,sub8-c__0088__squat.npy,16,squat,16,0.99999046,1,"[4.09294, 3.51452, -6.10037, -1.6755, 5.31066, 2.51876, 3.23662, -0.28348, -11.3271, 3.94631, -9.48578, 6.53916, 6.17552, 7.94854, 6.95107, -12.65714, 20.16169, -15.57248, 2.70959, -7.27038, -5.80147, -2.85606]"
42,sub8,mae,0,sub8-c__0089__squat.npy,16,squat,16,0.99997497,1,"[3.83795, 3.73498, -6.39119, -2.35641, 5.13011, 2.26049, 4.21538, -0.15558, -11.58838, 3.0026, -9.49017, 6.34319, 6.83725, 8.18447, 6.54749, -12.18182, 19.32495, -15.51993, 3.37593, -6.83678, -5.27134, -3.10058]"
42,sub8,mae,0,sub8-c__0090__squat.npy,16,squat,16,0.99997175,1,"[3.50103, 3.51472, -6.17601, -2.7918, 4.7656, 2.04649, 4.39137, -0.27706, -11.54167, 3.11855, -9.40136, 6.45117, 7.51326, 7.64556, 6.52528, -11.98264, 19.0969, -15.63016, 3.43135, -6.60848, -4.77669, -3.035]"
42,sub8,mae,0,sub8-c__0091__squat.npy,16,squat,16,0.9999349,1,"[3.33673, 4.1101, -6.07838, -2.81276, 4.27354, 2.20639, 5.23255, 0.22382, -11.82283, 2.40301, -9.57326, 6.09899, 7.66683, 8.1538, 6.30616, -11.79476, 18.49464, -15.71916, 3.62861, -6.71667, -4.703, -3.11594]"
42,sub8,mae,0,sub8-c__0092__squat.npy,16,squat,16,0.99993396,1,"[3.6298, 4.31401, -5.88076, -2.80537, 3.75214, 2.19945, 5.40532, 0.24981, -11.23533, 1.94216, -9.63489, 6.91036, 7.18779, 7.7297, 6.65326, -11.87769, 18.29224, -15.47184, 3.78071, -6.99338, -5.37235, -2.97102]"
42,sub8,mae,0,sub8-c__0093__pickup.npy,11,pickup,11,0.98956114,1,"[6.20195, 2.24673, 4.70314, -7.69709, -7.30542, 2.08888, 11.26871, 0.59707, -7.98056, -1.56934, -9.78143, 16.48979, 10.99878, -2.09734, 7.41064, -9.26033, 9.43889, -14.87652, 1.31068, -4.49079, -3.88672, -1.83896]"
42,sub8,mae,0,sub8-c__0094__pickup.npy,11,pickup,12,0.39102122,0,"[2.63395, 2.34451, 7.40665, -9.10179, -10.26768, 0.41134, 12.87154, 1.522, -6.65181, -3.35777, -7.94951, 12.64111, 13.01637, -3.73136, 6.34446, -5.34818, 3.90121, -12.96212, 1.24028, -2.09405, 0.17748, -1.20875]"
42,sub8,mae,0,sub8-c__0095__pickup.npy,11,pickup,12,0.5421723,0,"[2.51173, 2.27917, 7.3263, -9.25044, -10.45129, 0.53572, 12.7566, 1.76485, -6.74395, -3.23509, -8.09087, 12.67741, 13.58298, -3.86436, 5.88816, -5.23214, 4.04295, -13.14588, 1.1873, -2.3059, 0.67685, -0.78589]"
42,sub8,mae,0,sub8-c__0096__pickup.npy,11,pickup,11,0.82861835,1,"[3.98296, 3.33167, 6.74023, -8.74939, -10.04699, 1.52171, 13.47093, 1.92254, -6.33565, -3.9081, -9.19485, 15.22612, 11.83215, -3.33985, 6.12233, -6.43608, 5.02073, -13.25834, 1.5365, -3.60041, -2.2777, -1.1691]"
42,sub8,mae,0,sub8-c__0097__pickup.npy,11,pickup,12,0.82151943,0,"[0.39218, 2.6937, 6.45279, -10.0691, -10.78377, 0.4183, 12.60064, 2.26914, -6.07136, -3.36924, -7.05205, 9.84147, 14.19124, -4.18426, 4.63799, -2.5408, 2.23327, -11.96351, 1.67969, -1.05301, 2.56704, -0.78368]"
42,sub8,mae,0,sub8-c__0098__pushchair.npy,12,pushchair,11,0.49365172,0,"[2.50512, 2.138, 10.12186, -7.59132, -12.08357, -1.07424, 11.46848, 1.35599, -4.72593, -5.90851, -5.89125, 12.13389, 11.14914, -3.97606, 6.66787, -5.8356, -0.19804, -9.41854, 1.57924, -1.19398, 0.63592, -0.47212]"
42,sub8,mae,0,sub8-c__0099__pushchair.npy,12,pushchair,12,0.45605925,1,"[2.38029, 1.81929, 10.5243, -7.07288, -12.18003, -1.27373, 10.36349, 1.31571, -4.96022, -5.13991, -5.33699, 10.38941, 11.35947, -3.73467, 6.76302, -5.95746, -0.22399, -9.7714, 0.99886, -0.95958, 1.85024, 0.11094]"
42,sub8,mae,0,sub8-c__0100__pushchair.npy,12,pushchair,11,0.37129217,0,"[2.14039, 2.4134, 10.09018, -7.36706, -12.28526, -0.7797, 11.49559, 1.98594, -4.93382, -6.02682, -6.38996, 11.84207, 11.63059, -3.6964, 6.04374, -5.68631, 0.09672, -9.65763, 1.42514, -1.74884, 0.98387, 0.04623]"
42,sub8,mae,0,sub8-c__0101__pushchair.npy,12,pushchair,12,0.87793136,1,"[-0.03531, 2.7522, 9.19812, -7.84267, -11.91678, -0.78278, 9.69982, 2.04097, -4.19256, -4.76273, -4.91404, 7.64929, 12.22986, -4.36929, 4.7677, -2.73386, -0.88198, -8.71274, 1.09506, -0.08917, 3.61908, 0.12048]"
42,sub8,mae,0,sub8-c__0102__pushchair.npy,12,pushchair,11,0.40433168,0,"[2.02255, 2.07567, 10.48462, -7.2537, -12.301, -1.05822, 11.41565, 1.82355, -4.77153, -5.9662, -6.5016, 12.02115, 11.67739, -3.94178, 6.21553, -5.79875, 0.14992, -9.68737, 1.21644, -1.79598, 1.13093, 0.34684]"
42,sub8,mae,0,sub8-c__0103__pushchair.npy,12,pushchair,12,0.85697955,1,"[-0.80556, 2.16936, 10.04042, -7.61742, -11.93023, -1.04075, 9.81845, 3.03282, -4.18112, -4.82362, -5.5898, 7.42626, 12.46382, -4.7369, 3.66836, -1.63086, -1.09315, -8.2675, 0.24555, -0.61513, 4.88634, 1.04662]"
42,sub8,mae,0,sub8-c__0104__sit.npy,15,sit,15,0.9983537,1,"[-3.01391, 3.94474, 1.32664, -6.46666, -2.80021, -1.035, 3.29457, 1.08617, 2.63583, -1.93056, -2.8, -1.82345, -2.04926, -5.05243, -6.1227, 16.94743, -8.1256, 10.53422, 2.55903, 4.25247, 3.40977, -5.91733]"
42,sub8,mae,0,sub8-c__0105__stand.npy,17,stand,17,0.9985061,1,"[-0.59482, 1.72411, 0.72736, -2.19608, -0.89626, -2.56804, -0.72866, 0.45523, 2.28815, -3.09648, 0.086, -2.79991, -6.56377, -2.43773, -4.83696, 8.19172, -9.14385, 14.73486, 2.28405, 2.92615, 4.49868, -3.83768]"
42,sub8,mae,0,sub8-c__0106__turnaround.npy,19,turnaround,19,0.99986625,1,"[0.26554, 0.89344, -3.11617, -9.34777, 0.27564, -2.86721, 4.39467, -7.29249, -2.95288, 1.88435, 6.02101, -4.2705, -2.87237, -3.43115, 4.06414, 3.39579, -7.30527, -0.39472, 8.00828, 17.11301, 2.961, -12.02427]"
42,sub8,mae,0,sub8-c__0107__sit.npy,15,sit,15,0.9988851,1,"[-1.88386, 4.38732, 1.46979, -5.62945, -1.72854, -1.10245, 3.34175, 1.47032, 1.46858, -2.42105, -2.17484, -2.95014, -2.58726, -3.66798, -7.42533, 17.39396, -8.45682, 10.5911, 1.4385, 3.72625, 3.44981, -5.50607]"
42,sub8,mae,0,sub8-c__0108__stand.npy,17,stand,17,0.9990633,1,"[-0.63719, 0.97787, 1.17005, -1.93663, -1.08424, -2.72559, -0.30389, 1.23285, 1.76036, -3.38124, -0.12263, -2.41399, -6.397, -2.48728, -5.55491, 7.66426, -9.48758, 14.79608, 2.12131, 2.40218, 5.80331, -3.33179]"
42,sub8,mae,0,sub8-c__0109__turnaround.npy,19,turnaround,19,0.9997408,1,"[0.25758, -0.25543, -2.83993, -9.4337, -0.30813, -3.43308, 5.21729, -7.2079, -3.85594, 1.99559, 6.56398, -5.68199, -1.90172, -2.78535, 3.23375, 3.808, -8.06066, -1.47854, 8.09211, 16.65714, 5.31069, -11.38232]"
42,sub8,mae,0,sub8-c__0110__sit.npy,15,sit,15,0.9989341,1,"[-2.57394, 4.5276, 1.68749, -5.99314, -2.61656, -0.94583, 3.11934, 1.49348, 2.51029, -2.22372, -2.88903, -2.14142, -2.10967, -4.51092, -6.83749, 17.47256, -8.11654, 10.62501, 1.9243, 3.07328, 3.27334, -5.17537]"
42,sub8,mae,0,sub8-c__0111__stand.npy,17,stand,17,0.9950203,1,"[-0.79414, 2.27709, 0.78708, -2.13151, -0.97939, -2.44787, -0.29881, -0.00994, 2.77854, -2.84162, 0.39036, -2.62272, -6.56807, -2.99759, -4.74536, 9.47526, -9.46928, 14.77916, 2.6004, 3.07508, 2.8737, -4.38157]"
42,sub8,mae,0,sub8-c__0112__turnaround.npy,19,turnaround,19,0.9994585,1,"[6.53179, -0.03359, -3.84749, -7.36019, 3.77693, -3.18357, 4.34889, -7.37729, -5.54286, 0.09084, 7.61889, -5.75515, -6.62474, 1.01465, 1.86386, 0.71244, -8.87274, 1.31189, 6.09862, 15.62931, 2.82641, -11.48635]"
42,sub8,mae,0,sub8-c__0113__sit.npy,15,sit,15,0.9991604,1,"[-2.59403, 4.18976, 1.52698, -6.33, -2.61371, -1.04329, 3.38788, 1.09561, 2.46468, -2.20555, -2.77237, -2.11699, -1.79475, -4.72272, -6.55816, 17.25831, -8.2476, 10.16863, 2.20773, 3.98201, 3.43155, -5.53817]"
42,sub8,mae,0,sub8-c__0114__stand.npy,17,stand,17,0.9983419,1,"[-0.28514, 1.64564, 0.70986, -2.01803, -0.68146, -2.70879, -0.70078, 0.43919, 2.10938, -3.0423, 0.38541, -3.07339, -6.63312, -2.18448, -5.1232, 8.21648, -9.38197, 14.65427, 2.17261, 2.73999, 4.56173, -3.61583]"
42,sub8,mae,0,sub8-c__0115__turnaround.npy,19,turnaround,19,0.99976546,1,"[0.43195, 1.08494, -3.59572, -9.51455, 0.80096, -2.73791, 4.77034, -7.21746, -3.50192, 1.73932, 5.91725, -4.55412, -3.17106, -2.57227, 4.02331, 2.92068, -7.32019, -0.41088, 8.56144, 17.02697, 2.95811, -12.31131]"
42,sub8,mae,0,sub8-c__0116__sit.npy,15,sit,15,0.9990426,1,"[-1.59021, 3.91577, 1.28128, -6.24796, -1.8973, -1.12632, 3.42869, 0.95844, 1.8318, -2.15305, -1.99354, -2.51537, -2.26756, -4.18505, -6.95571, 17.11876, -8.62179, 10.16087, 1.99349, 4.23741, 3.22783, -5.76016]"
42,sub8,mae,0,sub8-c__0117__stand.npy,17,stand,17,0.99874437,1,"[-0.33212, 0.88995, 1.11622, -1.79845, -1.05514, -3.1704, -0.38227, 0.75835, 1.49223, -3.18978, 0.37926, -2.96332, -6.67971, -1.92721, -4.90288, 6.6664, -9.41029, 13.91519, 1.96731, 2.45662, 6.34351, -2.96793]"
42,sub8,mae,0,sub8-c__0118__turnaround.npy,19,turnaround,19,0.99988055,1,"[0.61351, 1.3313, -2.9455, -9.30473, 1.00147, -3.09702, 4.97955, -7.50196, -4.13398, 2.46171, 6.28917, -5.00321, -3.28268, -1.96603, 4.39897, 2.34513, -7.18834, -1.00079, 7.94161, 17.22767, 2.62815, -12.58843]"
42,sub8,mae,0,sub8-c__0119__sit.npy,15,sit,15,0.99941456,1,"[-2.24492, 4.23477, 1.27211, -6.27889, -1.97026, -1.35989, 3.58877, 1.08073, 1.75084, -2.3014, -2.19705, -2.67581, -1.86239, -4.04096, -6.93245, 17.54401, -8.43982, 10.09172, 1.86255, 4.37474, 3.51842, -5.81499]"
42,sub8,mae,0,sub8-c__0120__stand.npy,17,stand,17,0.99887115,1,"[-0.31759, 1.14363, 0.71112, -1.97701, -0.69822, -2.97712, -0.80595, 0.34751, 2.12852, -3.07585, 0.45954, -2.95334, -6.63617, -2.27864, -5.03498, 7.70693, -9.3687, 14.58194, 2.06156, 2.89436, 5.09859, -3.43688]"
42,sub8,mae,0,sub8-c__0121__turnaround.npy,19,turnaround,19,0.99974567,1,"[-0.81074, 0.11722, -3.23132, -9.36662, 0.27488, -3.2445, 4.92556, -6.93454, -3.59323, 1.76446, 5.90076, -5.02435, -2.29709, -2.8297, 3.43394, 4.01356, -7.59377, -0.26943, 8.23823, 16.68201, 4.5009, -11.70733]"
42,sub8,mae,0,sub8-c__0122__squat.npy,16,squat,16,0.99997497,1,"[4.83277, 3.6751, -5.73499, -1.63247, 5.12852, 2.70129, 3.86681, -0.31089, -11.86918, 3.78279, -9.28723, 6.71895, 5.94585, 8.56352, 6.89901, -13.06577, 19.56985, -15.76395, 2.73468, -7.22905, -6.18965, -3.27005]"
42,sub8,mae,0,sub8-c__0123__squat.npy,16,squat,16,0.9999486,1,"[3.84876, 3.70353, -5.48509, -2.3064, 4.44692, 1.92818, 5.02638, -0.41716, -11.80623, 2.61459, -9.31765, 6.84313, 7.02222, 7.95528, 7.56457, -12.72502, 18.75979, -15.86116, 3.18533, -6.61862, -5.56928, -3.33898]"
42,sub8,mae,0,sub8-c__0124__squat.npy,16,squat,16,0.99985147,1,"[4.45272, 4.10143, -4.33265, -2.85734, 2.22561, 2.50702, 6.15713, 0.28081, -11.62737, 2.09584, -9.59965, 8.38409, 7.70674, 7.18117, 7.47708, -12.90184, 18.05897, -16.43607, 3.10292, -7.03614, -5.84005, -2.88813]"
42,sub8,mae,0,sub8-c__0125__squat.npy,16,squat,16,0.9998987,1,"[4.03534, 4.28354, -5.10555, -2.6907, 2.99446, 2.40169, 5.95431, 0.36015, -11.58626, 1.9505, -9.6107, 7.83298, 7.40671, 7.63134, 7.30396, -12.66631, 18.22157, -16.0955, 3.28242, -7.1844, -5.87354, -2.95848]"
42,sub8,mae,0,sub8-c__0126__squat.npy,16,squat,16,0.99925154,1,"[4.20673, 4.9144, -4.65347, -2.15781, 1.803, 2.49074, 7.02396, 0.59956, -11.57732, 0.25743, -9.19012, 7.49296, 6.92681, 8.51767, 7.40376, -12.96663, 16.48992, -15.65771, 4.02582, -7.07368, -5.96588, -3.15549]"
42,sub8,mae,0,sub8-c__0127__squat.npy,16,squat,16,0.9993286,1,"[3.63738, 4.7942, -5.02663, -2.9318, 2.31636, 2.03851, 7.11397, 0.42429, -11.78475, 0.90256, -9.14035, 6.8361, 7.64062, 8.26658, 7.16762, -12.29574, 16.48306, -15.84479, 4.19923, -6.56466, -5.37611, -3.40833]"
42,sub8,mae,0,sub8-c__0128__pickup.npy,11,pickup,11,0.6427441,1,"[3.79982, 2.68307, 6.12307, -9.25738, -9.68953, 1.06563, 12.66092, 1.22954, -7.03111, -2.78462, -8.32589, 14.01649, 12.80154, -3.1431, 6.70678, -6.54872, 5.51156, -13.69788, 1.71586, -2.87678, -1.16124, -1.63061]"
42,sub8,mae,0,sub8-c__0129__pickup.npy,11,pickup,11,0.90003,1,"[4.8289, 2.92278, 6.08698, -8.39684, -9.4534, 1.67585, 13.07239, 1.52155, -7.16076, -3.33701, -9.16956, 15.52144, 11.80684, -2.55949, 6.60189, -7.55076, 6.21931, -13.97494, 1.53447, -3.91663, -2.70231, -1.31817]"
42,sub8,mae,0,sub8-c__0130__pickup.npy,11,pickup,11,0.8292415,1,"[4.34444, 3.13922, 5.85718, -9.12033, -9.62384, 1.54021, 13.1948, 1.31775, -6.65776, -3.28223, -8.96358, 15.0997, 12.22902, -3.02448, 6.59739, -6.88041, 5.80207, -13.93905, 1.76969, -3.43424, -2.36738, -1.2886]"
42,sub8,mae,0,sub8-c__0131__pickup.npy,11,pickup,11,0.9396897,1,"[4.72344, 3.05983, 6.11068, -8.77452, -9.70377, 1.63991, 12.95135, 1.5376, -6.64666, -3.35954, -9.26126, 16.02935, 12.00928, -3.13599, 6.39656, -7.21539, 6.07156, -13.68601, 1.74967, -3.96464, -2.84573, -1.25274]"
42,sub8,mae,0,sub8-c__0132__pickup.npy,11,pickup,11,0.45383292,1,"[3.0738, 3.02969, 6.323, -9.29192, -10.27341, 1.10365, 13.1107, 1.80694, -6.36183, -3.29392, -8.4862, 13.63313, 13.13722, -3.40378, 5.96605, -5.69587, 4.82174, -13.60385, 1.59812, -3.03568, -1.00436, -0.80277]"
42,sub8,mae,0,sub8-c__0133__pickup.npy,11,pickup,11,0.76022774,1,"[3.85851, 3.06567, 6.13827, -8.90356, -9.86226, 1.53528, 13.02073, 1.59173, -6.52177, -3.31712, -9.05349, 14.72008, 12.69551, -3.24845, 6.16385, -6.49427, 5.77002, -13.90005, 1.51405, -3.56233, -1.93568, -0.88916]"
42,sub8,mae,0,sub8-c__0134__pushchair.npy,12,pushchair,11,0.89823186,0,"[5.29071, 1.80416, 8.55654, -6.84868, -10.90627, -0.14347, 10.61696, 0.40716, -6.22089, -3.58707, -6.71388, 13.86574, 11.13212, -2.53343, 8.41677, -9.49406, 3.83307, -12.96233, 1.52507, -2.61862, -1.75997, -0.56021]"
42,sub8,mae,0,sub8-c__0135__pushchair.npy,12,pushchair,11,0.5871214,0,"[4.04476, 2.37424, 7.98458, -7.64874, -11.03517, -0.10912, 11.12739, 0.77674, -6.44202, -3.73085, -6.51703, 12.87693, 12.21321, -2.46424, 7.86203, -8.38189, 3.69226, -12.96039, 1.69433, -2.36946, -0.95035, -0.69151]"
42,sub8,mae,0,sub8-c__0136__pushchair.npy,12,pushchair,11,0.6569855,0,"[3.83907, 2.72284, 8.00055, -7.59378, -11.1769, 0.04291, 11.08561, 1.07471, -5.97093, -3.99992, -6.80765, 13.12336, 12.16064, -2.73427, 7.53683, -8.10035, 3.65059, -12.75572, 1.71589, -2.58447, -1.2392, -0.45767]"
42,sub8,mae,0,sub8-c__0137__pushchair.npy,12,pushchair,11,0.47031948,0,"[3.05563, 2.58307, 8.56074, -7.77216, -11.78342, -0.88089, 11.48915, 0.90292, -5.41329, -5.43916, -6.16175, 12.43211, 12.08845, -3.25098, 7.40061, -6.96909, 1.6179, -11.16681, 2.20482, -1.74926, -0.12531, -0.53815]"
42,sub8,mae,0,sub8-c__0138__pushchair.npy,12,pushchair,11,0.55196357,0,"[3.23299, 1.94134, 10.25442, -7.56893, -12.20928, -0.75659, 10.92794, 1.16817, -4.70119, -5.33038, -5.86266, 12.26378, 11.37269, -3.99069, 6.812, -6.18456, 0.26617, -10.04356, 1.16632, -1.45482, 0.51189, -0.1456]"
