seed,subject,method,k,file,true_id,true_label,pred_id,conf,correct,logits
42,sub8,supMAE,3,sub8-a__0002__wave.npy,21,wave,21,0.9960294,1,"[-0.17198, 3.19748, 1.79174, 0.22841, -9.37826, -3.44496, -6.33981, 1.62126, 9.77964, -3.93015, -1.94672, -4.60532, 6.27555, -5.21547, -5.98352, 0.47404, -4.7699, -0.15375, -1.34532, -9.71422, -4.66647, 15.33633]"
42,sub8,supMAE,3,sub8-a__0003__wave.npy,21,wave,21,0.9950901,1,"[-0.33806, 3.72006, 1.75998, 0.09735, -9.59017, -3.26561, -6.32793, 1.589, 9.83172, -4.01618, -1.60186, -4.73975, 6.05083, -5.22229, -5.72757, 0.11923, -4.81785, -0.35071, -1.34384, -9.61491, -5.19293, 15.16879]"
42,sub8,supMAE,3,sub8-a__0004__wave.npy,21,wave,21,0.9961158,1,"[-0.00956, 2.96391, 2.01177, 0.64987, -9.35786, -3.76895, -6.26254, 0.91446, 8.9609, -3.21442, -1.75068, -5.60172, 6.27487, -4.6089, -6.22968, 0.77468, -5.7432, -0.20458, -1.03388, -9.30275, -3.2788, 14.57808]"
42,sub8,supMAE,3,sub8-a__0005__wave.npy,21,wave,21,0.9964101,1,"[-0.07234, 3.27488, 1.89273, 1.03938, -9.28966, -3.51719, -6.62351, 0.88603, 8.68751, -3.0641, -1.43143, -6.03428, 5.89815, -4.21885, -6.12591, 0.29192, -5.80109, -0.38993, -1.22788, -9.45996, -3.32024, 14.3798]"
42,sub8,supMAE,3,sub8-a__0006__wave.npy,21,wave,21,0.9987532,1,"[-0.44319, 3.86581, 1.41598, 0.57371, -8.96941, -3.18565, -6.92588, 1.70069, 9.27679, -3.69821, -1.47339, -5.42995, 5.19455, -4.48534, -5.64688, -0.57728, -4.58178, -0.43049, -1.60401, -10.08858, -5.20348, 15.98498]"
42,sub8,supMAE,3,sub8-a__0008__bow.npy,2,bow,2,0.9174119,1,"[7.81511, 6.26496, 11.64462, -4.71919, -9.95146, 2.07714, 1.75693, -0.59231, 0.95508, -6.98546, 3.84083, 8.06912, 8.25488, -3.80657, 5.08436, -5.39332, -2.74644, -6.97852, -4.38047, -8.04171, -10.89624, -1.73609]"
42,sub8,supMAE,3,sub8-a__0009__bow.npy,2,bow,2,0.91438925,1,"[7.17387, 6.08731, 11.85945, -4.23673, -10.08177, 1.50207, 1.14063, -0.3501, 0.90329, -6.75566, 3.46214, 7.13675, 9.22414, -3.5288, 4.01213, -4.84783, -3.13882, -6.87869, -4.55809, -8.37842, -10.17989, -0.68158]"
42,sub8,supMAE,3,sub8-a__0010__bow.npy,2,bow,2,0.6267693,1,"[5.11777, 4.97135, 11.30245, -3.40142, -8.22211, 0.12661, 2.3607, 0.96776, -1.47915, -6.63554, 1.6918, 6.01067, 10.76805, -1.22142, 3.25197, -3.59816, -2.68311, -6.40979, -4.33471, -10.10851, -9.06737, 0.52802]"
42,sub8,supMAE,3,sub8-a__0011__bow.npy,2,bow,2,0.63395053,1,"[5.78117, 5.10456, 10.71701, -4.84169, -8.362, 1.04468, 2.19702, 1.04627, -0.19009, -7.06306, 2.10429, 8.20159, 9.98975, -2.90328, 4.48026, -4.33115, -1.02843, -6.81165, -4.80908, -9.03057, -10.37727, -0.1172]"
42,sub8,supMAE,3,sub8-a__0012__crossarms.npy,5,crossarms,3,0.94541186,0,"[-4.9098, 0.42782, -5.16504, 7.40652, -2.83976, 3.81998, -6.14245, 3.44127, 0.34252, -2.01387, -2.97528, -5.92924, 1.82358, 1.29006, -2.12362, -2.63517, -0.91887, -2.50794, 1.24326, -6.72199, -0.38756, -0.9142]"
42,sub8,supMAE,3,sub8-a__0013__crossarms.npy,5,crossarms,3,0.5239284,0,"[-5.98726, 0.00076, -7.17735, 6.51483, -1.62096, 6.19336, -5.81525, 4.67066, 0.24269, -2.03203, -3.44874, -4.0091, 0.6646, 0.58754, -1.36708, -2.50532, 1.32527, -1.73229, 1.84059, -6.91744, -2.57174, -2.30569]"
42,sub8,supMAE,3,sub8-a__0014__crossarms.npy,5,crossarms,5,0.6753645,1,"[-5.77224, 0.29223, -7.93718, 5.7664, -1.45185, 6.83132, -6.92906, 4.6757, 1.23974, -1.76269, -2.95202, -3.58834, 0.19133, -0.33891, -1.48325, -2.84179, 2.05988, -1.43859, 1.02242, -6.76009, -3.59571, -1.46032]"
42,sub8,supMAE,3,sub8-a__0015__crossarms.npy,5,crossarms,5,0.7711494,1,"[-5.76781, 0.82209, -7.82957, 5.54965, -1.5758, 7.28462, -7.39405, 5.04525, 1.54343, -1.91506, -2.73694, -3.38027, 0.00325, -0.42117, -1.46143, -3.15568, 2.15256, -1.48894, 0.51078, -7.27299, -4.38356, -1.17893]"
42,sub8,supMAE,3,sub8-a__0019__airpunch.npy,1,airpunch,1,0.5182215,1,"[5.34751, 9.0849, 2.65257, 2.2934, -10.04683, -2.059, -5.05591, -4.03277, 8.97671, -2.84852, 3.05699, -8.4597, -0.55343, -3.04477, -2.28723, -4.64753, -8.81398, -5.97692, 1.49986, -1.94469, -3.53039, 3.14122]"
42,sub8,supMAE,3,sub8-a__0020__airpunch.npy,1,airpunch,1,0.73479253,1,"[5.28743, 9.38344, 3.39706, 2.22555, -10.68715, -1.29436, -4.70653, -3.9285, 8.29343, -2.96747, 3.71869, -7.94071, 0.2119, -3.0317, -2.06322, -5.03299, -9.29377, -6.08266, 1.31638, -2.95537, -4.41702, 2.31403]"
42,sub8,supMAE,3,sub8-a__0022__airpunch.npy,1,airpunch,1,0.9246443,1,"[4.55862, 9.40179, 2.88926, 2.7475, -9.29103, -1.63517, -4.1478, -2.9584, 6.70282, -3.41439, 2.5422, -7.91371, 0.36795, -1.60679, -2.01897, -5.57838, -8.31758, -6.12789, 1.6371, -5.01695, -4.51774, 3.14639]"
42,sub8,supMAE,3,sub8-a__0023__drink.npy,7,drink,7,0.59642136,1,"[-5.7102, 2.31576, -4.04964, 8.88659, -6.47242, 1.90317, -5.80487, 9.33746, 5.37189, -5.06789, -5.70502, -5.91892, 0.56338, -1.87525, -2.5565, -3.2191, -2.2092, -1.48845, 3.28676, -10.77097, -4.81521, 5.23809]"
42,sub8,supMAE,3,sub8-a__0025__drink.npy,7,drink,7,0.93051094,1,"[-6.00667, 2.64463, -5.3335, 7.47924, -6.30787, 3.86814, -5.12026, 10.28968, 5.69429, -4.99558, -4.95279, -4.03677, -0.85018, -2.73444, -1.40226, -3.71698, -1.08233, -1.32856, 3.7288, -10.9938, -7.42858, 3.20057]"
42,sub8,supMAE,3,sub8-a__0027__drink.npy,7,drink,7,0.93350536,1,"[-6.61572, 2.01592, -5.66611, 7.89523, -5.88586, 3.6146, -5.06065, 10.64122, 5.1241, -4.71476, -5.53779, -4.48722, -0.65646, -2.38216, -1.64434, -3.20856, -1.15295, -1.04655, 4.04201, -10.96244, -6.51572, 3.15899]"
42,sub8,supMAE,3,sub8-a__0028__brushteeth.npy,3,brushteeth,3,0.7262342,1,"[-5.6416, 2.58374, -3.81851, 10.61016, -5.64875, 3.08148, -4.72404, 9.62429, 2.3558, -4.52147, -5.31562, -6.47396, -1.38971, 0.29061, -1.18329, -4.22664, -2.98224, -1.64579, 4.64727, -11.41364, -4.79513, 1.40806]"
42,sub8,supMAE,3,sub8-a__0029__brushteeth.npy,3,brushteeth,3,0.82178575,1,"[-6.50995, 1.30648, -4.71441, 11.70067, -5.01022, 2.8586, -4.1107, 10.14834, 1.55653, -4.01152, -6.71477, -6.89, -1.73969, 0.61747, -1.41579, -2.94116, -3.23146, -0.91567, 6.37453, -10.94472, -2.91996, -0.01362]"
42,sub8,supMAE,3,sub8-a__0030__brushteeth.npy,3,brushteeth,3,0.8913568,1,"[-5.2859, 2.41801, -3.66908, 11.02692, -6.5465, 2.93514, -5.32886, 8.88851, 3.48202, -4.1827, -5.38363, -6.97773, -1.35853, -0.6906, -1.79465, -3.89566, -3.75566, -1.63833, 5.20105, -10.22229, -3.91899, 1.22543]"
42,sub8,supMAE,3,sub8-a__0032__brushteeth.npy,3,brushteeth,3,0.7316964,1,"[-5.22611, 2.44689, -4.13726, 10.13192, -6.93259, 3.46387, -4.85204, 9.08608, 4.34585, -4.33475, -5.19253, -6.07743, -1.68427, -1.60726, -1.26983, -3.95709, -3.45394, -1.77661, 5.56521, -9.88924, -4.80124, 0.43196]"
42,sub8,supMAE,3,sub8-a__0033__highfive.npy,8,highfive,8,0.984002,1,"[0.11651, 7.40811, -0.30879, 2.07333, -11.4328, -0.08896, -6.57998, -0.08896, 11.80782, -3.60098, 0.7418, -6.8057, 1.31725, -5.92283, -3.12247, -3.3206, -6.50002, -3.48749, 1.19706, -4.78454, -6.05712, 6.24064]"
42,sub8,supMAE,3,sub8-a__0035__highfive.npy,8,highfive,8,0.8669176,1,"[-0.18865, 6.89335, 0.27665, 2.0384, -10.97966, -1.33139, -5.09166, -0.29633, 9.57347, -3.61523, 0.44928, -7.35663, 2.27497, -4.34227, -2.62745, -3.36757, -6.83013, -3.84268, 1.4434, -6.23997, -4.95094, 7.0859]"
42,sub8,supMAE,3,sub8-a__0036__highfive.npy,8,highfive,8,0.8684601,1,"[0.19918, 7.55404, 0.08546, 2.057, -11.17324, -1.04917, -4.06491, -0.88331, 9.53718, -3.92666, 0.83364, -7.23187, 1.49337, -4.4043, -1.56113, -4.18909, -7.06004, -4.58637, 2.54363, -5.28699, -5.42828, 5.08175]"
42,sub8,supMAE,3,sub8-a__0037__highfive.npy,8,highfive,8,0.8686804,1,"[-0.18837, 6.94784, 0.21812, 2.00501, -11.0853, -1.68999, -4.50088, -0.40839, 9.5775, -3.84221, 0.34089, -7.3699, 2.30651, -4.31148, -2.41838, -3.35566, -6.93009, -3.94135, 1.94639, -6.08599, -4.99222, 7.01434]"
42,sub8,supMAE,3,sub8-a__0038__wave.npy,21,wave,21,0.9729652,1,"[0.45702, 5.05659, 2.17675, 3.22386, -10.05112, -2.26735, -7.52228, 1.09956, 8.97005, -3.81281, -0.9894, -7.51117, 3.7866, -3.73779, -5.09394, -2.26688, -6.48247, -1.46944, -0.74302, -8.28374, -3.77894, 12.58347]"
42,sub8,supMAE,3,sub8-a__0039__wave.npy,21,wave,21,0.97370106,1,"[-0.00704, 4.63478, 1.85255, 2.06516, -10.0155, -2.14837, -6.4939, 1.28302, 8.76945, -4.03342, -0.92318, -6.37825, 4.78844, -3.89987, -4.77761, -1.92883, -5.92762, -1.52707, -0.89708, -9.16036, -4.39371, 12.41814]"
42,sub8,supMAE,3,sub8-a__0040__wave.npy,21,wave,21,0.9821873,1,"[-1.30804, 5.17648, 0.51019, 3.33279, -9.16094, -1.47944, -6.8967, 3.15799, 8.4397, -4.65053, -1.62783, -6.6493, 3.32607, -3.08666, -3.90595, -3.1705, -4.57365, -1.91903, -0.89285, -10.21794, -5.55834, 12.50414]"
42,sub8,supMAE,3,sub8-a__0041__wave.npy,21,wave,21,0.96599716,1,"[-1.05014, 4.82453, 0.83529, 3.74418, -9.54469, -2.18101, -6.61354, 1.9362, 8.1067, -3.96936, -1.59208, -7.73144, 3.5942, -2.82632, -4.23791, -2.58169, -5.90316, -2.02127, -0.13442, -9.17259, -3.55024, 11.51603]"
42,sub8,supMAE,3,sub8-a__0042__wave.npy,21,wave,21,0.92672193,1,"[-1.55278, 4.86204, -0.19204, 3.81106, -9.50397, -1.34355, -6.96905, 3.09687, 9.01066, -4.39611, -1.77569, -7.03434, 2.96777, -3.55095, -4.05695, -2.85774, -4.87747, -2.06562, -0.16332, -9.46787, -4.99629, 11.5744]"
42,sub8,supMAE,3,sub8-a__0044__bow.npy,2,bow,2,0.93113035,1,"[6.11663, 5.78029, 12.76047, -2.66691, -9.60515, -0.79012, 3.94744, 0.97738, -0.18352, -8.70028, 0.60626, 5.31487, 10.11163, -1.53644, 4.43644, -4.21002, -4.77514, -5.90001, -2.72883, -9.50378, -9.00293, 0.57196]"
42,sub8,supMAE,3,sub8-a__0045__bow.npy,2,bow,2,0.77877253,1,"[5.10196, 5.01011, 12.43475, -2.76605, -9.17597, -1.24828, 3.75379, 1.26826, -0.51354, -8.27518, 0.22684, 5.25344, 11.16787, -1.36582, 3.54966, -3.50351, -4.26564, -5.54717, -2.97955, -9.89779, -8.64575, 1.58979]"
42,sub8,supMAE,3,sub8-a__0046__bow.npy,2,bow,12,0.5564004,0,"[4.23585, 4.77763, 11.17668, -3.50978, -9.00505, -0.91726, 3.91468, 2.02072, 0.06716, -8.11161, -0.04948, 5.71172, 11.41142, -2.2666, 3.35239, -2.78275, -3.61554, -5.23972, -3.05297, -9.93413, -9.13245, 2.00328]"
42,sub8,supMAE,3,sub8-a__0047__bow.npy,2,bow,2,0.50673366,1,"[4.5566, 4.32412, 12.22424, -2.88562, -9.49406, -1.67839, 3.63269, 1.23593, -0.19071, -7.85489, -0.11624, 4.85676, 12.19544, -1.8882, 2.59123, -2.64356, -4.75226, -4.89246, -2.88077, -10.13219, -7.79938, 2.5877]"
42,sub8,supMAE,3,sub8-a__0048__crossarms.npy,5,crossarms,5,0.93420595,1,"[-5.11299, 1.20651, -7.00569, 4.62194, -2.12368, 8.64126, -4.63241, 5.6019, 1.13854, -3.15473, -3.09247, -1.16057, -0.42954, -0.94943, 0.61831, -3.36429, 2.27166, -1.39829, 1.81339, -6.9833, -5.90852, -4.06751]"
42,sub8,supMAE,3,sub8-a__0049__crossarms.npy,5,crossarms,5,0.9737595,1,"[-4.31816, 2.03116, -7.08023, 4.21422, -2.72652, 9.23402, -5.73253, 5.14846, 2.18, -3.26564, -1.97849, -0.8465, -1.18232, -1.74405, 0.91455, -4.62567, 2.51255, -1.6639, 1.23216, -7.06993, -7.1063, -3.69837]"
42,sub8,supMAE,3,sub8-a__0050__crossarms.npy,5,crossarms,5,0.91637075,1,"[-5.04599, 0.90131, -7.77547, 4.85732, -1.60084, 8.33926, -4.97994, 5.4002, 1.3292, -3.01817, -3.18877, -1.47234, -1.16333, -0.99535, 0.68075, -3.691, 2.55014, -1.02311, 2.21164, -7.05421, -5.79013, -3.29425]"
42,sub8,supMAE,3,sub8-a__0051__crossarms.npy,5,crossarms,5,0.92917955,1,"[-5.28207, 0.33539, -7.86516, 5.29954, -0.6598, 8.4744, -4.62781, 4.87472, 0.1897, -2.65039, -3.77476, -1.88389, -1.0525, -0.22412, 0.56732, -3.26315, 2.84317, -1.0947, 2.30933, -6.60416, -4.59639, -3.57719]"
42,sub8,supMAE,3,sub8-a__0052__crossarms.npy,5,crossarms,5,0.95951796,1,"[-5.12184, 1.11819, -7.73686, 4.63302, -0.94847, 8.72528, -5.52068, 4.81387, 0.92544, -2.61013, -3.13669, -1.79639, -0.92032, -0.62999, 0.40011, -3.55678, 3.07025, -1.35356, 1.1422, -6.62245, -5.40653, -2.93417]"
42,sub8,supMAE,3,sub8-a__0054__airpunch.npy,1,airpunch,1,0.9339992,1,"[4.66387, 9.27556, 2.72518, 2.88132, -9.03924, -1.83193, -4.1456, -2.54758, 6.34493, -3.55095, 2.58935, -8.32962, -0.55026, -1.14745, -0.92843, -5.91294, -7.8743, -6.85187, 1.50884, -4.53321, -4.52383, 3.26158]"
42,sub8,supMAE,3,sub8-a__0055__airpunch.npy,1,airpunch,1,0.93027544,1,"[4.77224, 10.05407, 3.35315, 2.7263, -10.12812, -0.91657, -4.05605, -2.92676, 7.33908, -3.76201, 3.1318, -7.83004, -0.53868, -2.0445, -0.96257, -6.28979, -8.5471, -6.61993, 1.67736, -4.3485, -5.52923, 2.43318]"
42,sub8,supMAE,3,sub8-a__0056__airpunch.npy,1,airpunch,1,0.9584906,1,"[4.6575, 9.74018, 3.10698, 3.38127, -9.25109, -1.21331, -4.24719, -2.58176, 6.3011, -3.59268, 2.68368, -8.32363, -0.68094, -1.07655, -1.2404, -6.21017, -8.35318, -6.70125, 1.74678, -4.75283, -4.81681, 2.43242]"
42,sub8,supMAE,3,sub8-a__0058__drink.npy,7,drink,7,0.62523973,1,"[-5.49433, 2.75957, -3.83279, 8.76517, -6.61966, 2.28589, -4.66361, 9.31474, 4.69098, -5.25504, -5.4555, -5.76756, -0.12541, -1.56323, -1.50446, -3.72105, -2.7425, -2.11475, 4.42428, -10.38944, -5.15023, 3.28274]"
42,sub8,supMAE,3,sub8-a__0059__drink.npy,7,drink,7,0.9619539,1,"[-6.30919, 2.89639, -4.71141, 8.24364, -5.30483, 3.54696, -5.02551, 11.5306, 4.40194, -5.67023, -5.66502, -4.11667, -0.6953, -1.32866, -1.3528, -4.01656, -0.55614, -1.02472, 3.0684, -12.22743, -7.5394, 4.1641]"
42,sub8,supMAE,3,sub8-a__0060__drink.npy,7,drink,7,0.68180877,1,"[-4.90978, 3.39176, -3.98763, 8.93784, -6.41343, 4.31831, -4.7376, 9.73659, 4.32874, -4.94597, -4.60397, -4.86447, -1.92813, -1.64434, -0.62935, -4.71966, -2.42907, -2.12853, 4.6147, -10.327, -6.81142, 0.43762]"
42,sub8,supMAE,3,sub8-a__0061__drink.npy,7,drink,7,0.79128027,1,"[-5.04548, 3.30917, -4.353, 8.5626, -6.69141, 4.40173, -4.24027, 9.97888, 4.77372, -5.01463, -4.65361, -4.41753, -2.1917, -2.06889, -0.5662, -4.4207, -2.50788, -1.71644, 5.42393, -10.51001, -7.32339, 0.11505]"
42,sub8,supMAE,3,sub8-a__0062__drink.npy,7,drink,3,0.5703557,0,"[-4.11459, 3.82699, -3.16284, 8.84616, -7.56892, 3.4592, -4.67486, 8.48301, 5.14238, -4.9035, -4.076, -5.57459, -1.41984, -1.97311, -1.16581, -4.44696, -3.70885, -2.47314, 5.00477, -10.01726, -6.44681, 1.02067]"
42,sub8,supMAE,3,sub8-a__0063__brushteeth.npy,3,brushteeth,3,0.9001219,1,"[-4.71557, 2.64106, -3.69758, 10.27449, -6.65669, 3.07134, -3.40801, 7.84218, 2.36102, -3.7055, -4.55525, -6.92589, -1.78632, -0.06923, -0.45424, -4.08152, -4.55681, -2.7703, 6.433, -9.28829, -3.54456, -2.20859]"
42,sub8,supMAE,3,sub8-a__0064__brushteeth.npy,3,brushteeth,3,0.9360331,1,"[-4.80187, 2.70752, -3.5491, 10.80624, -6.25661, 3.16477, -4.36077, 8.00706, 2.35073, -3.554, -4.6341, -7.25585, -1.87214, 0.13666, -1.0675, -4.01817, -4.28593, -2.73406, 5.76091, -9.16831, -3.52141, -1.56453]"
42,sub8,supMAE,3,sub8-a__0065__brushteeth.npy,3,brushteeth,3,0.89719534,1,"[-5.34591, 2.11484, -3.7617, 10.58875, -6.37559, 2.46596, -4.12977, 8.31281, 2.45598, -3.59596, -5.22444, -7.32676, -1.09686, -0.05818, -1.24251, -3.37509, -4.3519, -2.46487, 6.08145, -9.27429, -2.8286, -0.88556]"
42,sub8,supMAE,3,sub8-a__0066__brushteeth.npy,3,brushteeth,3,0.81601864,1,"[-4.58579, 2.84621, -4.07472, 9.85413, -7.15498, 3.636, -3.84027, 8.09883, 3.87622, -3.91442, -4.37804, -6.27563, -2.49139, -1.33247, -0.60224, -4.28008, -4.30292, -2.36453, 6.79884, -9.04367, -4.83597, -1.89682]"
42,sub8,supMAE,3,sub8-a__0067__brushteeth.npy,3,brushteeth,3,0.8370176,1,"[-4.53176, 2.96795, -3.83263, 10.10793, -6.91567, 3.67972, -4.04496, 8.30267, 3.69502, -4.08762, -4.44568, -6.24006, -2.56456, -1.0975, -0.66614, -4.47451, -4.09283, -2.30336, 6.46525, -9.37557, -5.02723, -1.39655]"
42,sub8,supMAE,3,sub8-a__0068__highfive.npy,8,highfive,8,0.91069686,1,"[0.52359, 7.54768, 0.92589, 2.73703, -11.55701, -1.22506, -5.47254, -0.64545, 10.1739, -3.80809, 0.76082, -7.73359, 1.7868, -4.63089, -3.05567, -3.77549, -7.60232, -3.78961, 1.92809, -5.46736, -5.08341, 6.45872]"
42,sub8,supMAE,3,sub8-a__0069__highfive.npy,8,highfive,8,0.86405134,1,"[0.84509, 8.22228, 1.0103, 2.5718, -11.58012, -0.25311, -5.72718, -0.59099, 10.19944, -3.89478, 1.35976, -7.31324, 1.09367, -4.64799, -2.37096, -4.57427, -7.27119, -3.91955, 1.36534, -5.97684, -6.25183, 6.16777]"
42,sub8,supMAE,3,sub8-a__0070__highfive.npy,8,highfive,8,0.8810684,1,"[0.69461, 6.8679, 1.23635, 2.57393, -11.49313, -2.02686, -5.46476, -0.91067, 10.07315, -3.69206, 0.48636, -7.92277, 2.40582, -4.4489, -3.54187, -3.10608, -7.72429, -3.41304, 1.59766, -5.73347, -4.04265, 7.69669]"
42,sub8,supMAE,3,sub8-a__0072__highfive.npy,8,highfive,8,0.7813353,1,"[0.53924, 7.41998, 1.75599, 2.68731, -11.39363, -1.59852, -5.06507, -0.65934, 9.11716, -3.85344, 0.59336, -7.89672, 2.55107, -3.90126, -3.05605, -3.63881, -7.94786, -3.9287, 1.6489, -5.97842, -4.52566, 6.73065]"
42,sub8,supMAE,3,sub8-a__0073__wave.npy,21,wave,21,0.9789874,1,"[-0.01486, 4.76582, 2.14482, 1.71471, -10.07769, -2.87035, -5.79505, 0.72293, 8.47613, -4.10688, -1.1032, -6.52845, 5.37513, -3.71197, -4.72228, -1.75942, -6.32753, -1.58274, -0.41118, -9.11611, -3.88061, 12.38832]"
42,sub8,supMAE,3,sub8-a__0074__wave.npy,21,wave,21,0.97902876,1,"[-0.2552, 5.10799, 1.57685, 1.83261, -9.99934, -2.38672, -6.22818, 1.32281, 8.99481, -4.14774, -0.82099, -6.54733, 4.30568, -3.87079, -4.64664, -2.17468, -5.82676, -1.63985, -0.64868, -9.44724, -4.94297, 12.86954]"
42,sub8,supMAE,3,sub8-a__0075__wave.npy,21,wave,21,0.90218955,1,"[-0.79094, 5.20572, 0.7532, 2.86727, -9.94451, -2.17183, -6.08004, 1.43382, 8.75811, -4.10483, -1.19008, -7.27936, 3.86922, -3.5835, -4.29416, -2.57047, -5.92433, -2.43082, 0.26264, -8.56507, -4.20913, 11.01943]"
42,sub8,supMAE,3,sub8-a__0077__wave.npy,21,wave,21,0.9471822,1,"[-0.6097, 5.31149, 1.20961, 2.58615, -9.96434, -2.24842, -6.06754, 1.48881, 8.60614, -4.26931, -1.07654, -7.01925, 4.18667, -3.50289, -4.17058, -2.546, -5.87331, -2.30572, -0.20254, -8.89242, -4.59319, 11.54476]"
42,sub8,supMAE,3,sub8-a__0078__bow.npy,2,bow,2,0.8318028,1,"[5.96218, 4.85027, 13.13297, -2.51888, -10.86833, -1.02458, 3.21088, 0.46392, 1.59677, -8.0968, -0.03053, 4.63158, 11.52798, -3.47853, 2.22606, -2.13232, -6.48425, -4.56549, -2.29041, -8.6964, -7.33754, 1.3809]"
42,sub8,supMAE,3,sub8-a__0079__bow.npy,2,bow,2,0.71960586,1,"[5.4056, 4.88769, 12.35565, -3.28319, -10.14647, -0.63149, 3.22594, 1.19114, 0.89861, -7.94544, 0.52644, 5.67687, 11.40533, -3.09448, 2.95623, -2.69612, -4.85678, -5.09893, -3.08708, -9.44048, -8.72534, 1.46513]"
42,sub8,supMAE,3,sub8-a__0080__bow.npy,2,bow,2,0.7752852,1,"[5.27096, 4.90308, 12.96762, -2.41777, -10.8656, -1.21632, 2.39349, 1.0486, 1.79672, -8.09511, -0.0442, 4.21965, 11.72566, -3.3322, 2.2733, -2.44134, -5.94724, -4.81951, -3.0239, -8.75734, -7.79441, 2.5878]"
42,sub8,supMAE,3,sub8-a__0081__bow.npy,2,bow,2,0.6624797,1,"[5.10028, 4.96508, 11.85967, -3.7167, -10.40451, -0.47533, 3.54272, 1.5189, 1.65038, -8.14801, 0.36765, 5.89149, 11.17491, -3.83454, 3.20625, -2.26563, -4.73833, -5.04492, -2.96555, -9.0244, -9.23466, 1.60551]"
42,sub8,supMAE,3,sub8-a__0082__bow.npy,2,bow,2,0.6267181,1,"[4.91597, 4.24621, 12.83428, -2.91031, -10.10511, -1.5625, 3.39057, 1.20045, 0.71571, -7.89488, -0.36516, 4.87508, 12.31434, -2.84749, 2.22214, -1.92297, -5.41526, -4.72902, -2.91165, -9.36911, -7.5288, 2.58472]"
42,sub8,supMAE,3,sub8-a__0083__crossarms.npy,5,crossarms,5,0.97945637,1,"[-4.84046, 1.99969, -6.87239, 5.49889, -2.1343, 9.82826, -5.86022, 4.79792, 0.64449, -2.51885, -2.33788, -2.14962, -1.43744, -0.41804, -0.09067, -4.38643, 1.98624, -2.01139, 1.48992, -7.26463, -5.72016, -4.46539]"
42,sub8,supMAE,3,sub8-a__0084__crossarms.npy,5,crossarms,5,0.9849592,1,"[-5.51889, 1.42268, -7.704, 5.1114, -0.97207, 10.16875, -5.81768, 5.28473, 0.33157, -2.46195, -3.06871, -1.58623, -1.40622, -0.37648, 0.01936, -3.7897, 3.13615, -1.15576, 1.22055, -7.55732, -5.96526, -3.66617]"
42,sub8,supMAE,3,sub8-a__0086__crossarms.npy,5,crossarms,5,0.9950734,1,"[-4.96036, 2.68373, -7.30496, 4.47175, -1.25131, 11.21167, -6.76001, 5.34957, 0.95299, -2.90974, -2.4574, -0.81118, -1.87135, -0.83461, 0.43244, -4.90055, 3.84573, -1.39296, -0.04032, -8.13701, -7.51967, -2.91353]"
42,sub8,supMAE,3,sub8-a__0087__crossarms.npy,5,crossarms,5,0.995793,1,"[-4.73138, 2.1396, -7.62156, 4.23203, -1.36518, 10.90139, -5.69558, 4.64419, 1.17895, -2.89658, -2.73448, -0.65369, -2.1917, -1.23966, 0.92742, -4.43348, 3.6249, -1.38175, 1.08708, -7.06079, -7.04183, -3.66643]"
42,sub8,supMAE,3,sub8-a__0088__airpunch.npy,1,airpunch,1,0.918187,1,"[2.95161, 7.38277, 2.57766, 3.38088, -8.09626, -3.15676, -2.85594, -2.49885, 3.47862, -2.75129, 0.96043, -9.24922, 1.05923, 0.82227, -0.75674, -5.57599, -7.98049, -7.12127, 2.19393, -5.59173, -1.29069, 3.44755]"
42,sub8,supMAE,3,sub8-a__0089__airpunch.npy,1,airpunch,1,0.91856086,1,"[5.25757, 10.23294, 2.95695, 2.73973, -9.76735, -0.94993, -4.58628, -3.33339, 7.69392, -3.47637, 3.27711, -8.2794, -1.65504, -1.95211, -0.48948, -6.73182, -8.34381, -7.14643, 1.54064, -3.2861, -5.16759, 2.37763]"
42,sub8,supMAE,3,sub8-a__0090__airpunch.npy,1,airpunch,1,0.97265077,1,"[4.70526, 10.04112, 3.86411, 3.17319, -9.94954, -1.09242, -3.58636, -2.93599, 6.03567, -3.62917, 3.20656, -8.22253, -0.76923, -1.00749, -0.62215, -6.61575, -8.80321, -6.8809, 1.91237, -5.1646, -5.37872, 2.47725]"
42,sub8,supMAE,3,sub8-a__0091__airpunch.npy,1,airpunch,1,0.97802573,1,"[4.92013, 10.13823, 4.04208, 3.12561, -9.61152, -1.2028, -3.57246, -2.81043, 5.73541, -3.80122, 3.0743, -8.10628, -0.9182, -0.71964, -0.23479, -6.78172, -8.78624, -6.86268, 1.84732, -5.53593, -5.44375, 2.46812]"
42,sub8,supMAE,3,sub8-a__0092__airpunch.npy,1,airpunch,1,0.9720191,1,"[4.26801, 9.73043, 3.42837, 3.51242, -9.48562, -1.27336, -4.03974, -2.72314, 5.74434, -3.31083, 2.73134, -8.74705, -0.81147, -0.72327, -0.89695, -6.36329, -8.74963, -6.91644, 1.92404, -4.895, -4.42769, 2.49538]"
42,sub8,supMAE,3,sub8-a__0093__drink.npy,7,drink,7,0.6227593,1,"[-4.7841, 3.80799, -1.85405, 9.10776, -6.48257, 2.86172, -5.27055, 9.64474, 3.6814, -5.71513, -5.23051, -5.25372, 0.29486, -0.55378, -1.78529, -4.25669, -2.43929, -1.93634, 2.63237, -12.51952, -6.45719, 5.34395]"
42,sub8,supMAE,3,sub8-a__0094__drink.npy,7,drink,3,0.5243867,0,"[-4.10876, 3.9392, -2.30876, 8.2378, -7.92656, 3.2874, -5.53431, 8.04714, 5.11154, -4.92783, -3.91586, -5.61665, -0.02569, -2.02187, -1.46855, -4.40732, -3.61079, -2.54057, 3.14472, -10.72732, -6.13298, 3.57715]"
42,sub8,supMAE,3,sub8-a__0096__drink.npy,7,drink,7,0.83273005,1,"[-4.69207, 4.05415, -3.05354, 8.20403, -7.21621, 4.62042, -4.78452, 9.89046, 4.54007, -5.40335, -4.27157, -4.07962, -1.26036, -1.98207, -0.49825, -4.96897, -2.37125, -2.07649, 3.85504, -11.60397, -7.98319, 2.11431]"
42,sub8,supMAE,3,sub8-a__0097__drink.npy,7,drink,7,0.6726155,1,"[-4.64954, 3.40257, -4.08815, 8.10089, -7.9483, 4.57749, -4.27571, 9.00119, 5.49238, -4.77958, -4.11777, -4.46997, -2.17406, -2.97761, 0.08408, -4.74795, -3.28093, -2.2138, 5.63133, -9.66617, -6.98354, -0.3487]"
42,sub8,supMAE,3,sub8-a__0100__brushteeth.npy,3,brushteeth,3,0.9723449,1,"[-4.15581, 2.47435, -2.60749, 9.96462, -8.23455, 2.0261, -4.78675, 5.67777, 3.74302, -3.0697, -4.02921, -7.94437, -0.19399, -1.21978, -1.56267, -3.58069, -5.84608, -2.99178, 5.51406, -7.59639, -1.61321, -0.24494]"
42,sub8,supMAE,3,sub8-a__0101__brushteeth.npy,3,brushteeth,3,0.8335305,1,"[-5.44916, 1.54044, -4.34229, 9.60688, -7.26155, 3.17782, -3.78071, 7.68281, 3.22365, -3.10511, -4.83138, -6.66955, -1.19102, -1.38287, -0.73753, -3.39432, -4.48271, -2.53056, 6.61087, -8.544, -2.82942, -1.65042]"
42,sub8,supMAE,3,sub8-a__0102__brushteeth.npy,3,brushteeth,3,0.95685005,1,"[-3.73767, 3.20235, -2.85947, 9.80061, -8.48205, 3.02104, -5.33058, 6.0444, 4.86591, -3.44334, -3.5517, -7.35735, -1.28354, -2.01335, -1.33804, -4.45281, -5.44704, -2.90375, 5.37286, -7.59139, -3.29236, -0.35727]"
42,sub8,supMAE,3,sub8-a__0104__highfive.npy,8,highfive,8,0.8173279,1,"[-0.58087, 6.61363, 0.564, 2.65321, -11.28607, -1.26849, -5.08756, -0.31661, 8.89011, -3.35207, 0.15957, -7.9932, 2.2969, -4.05295, -2.56382, -3.60104, -7.46421, -3.8786, 1.81869, -6.01034, -3.82259, 6.73621]"
42,sub8,supMAE,3,sub8-a__0105__highfive.npy,8,highfive,8,0.78073347,1,"[-1.11075, 5.85963, 0.10872, 2.79661, -10.61893, -1.80988, -4.63185, 0.14228, 8.39465, -3.47841, -1.05283, -7.93383, 3.09828, -3.79255, -2.67662, -2.96234, -7.13203, -3.77823, 2.15998, -5.97345, -2.80611, 6.7347]"
42,sub8,supMAE,3,sub8-a__0106__highfive.npy,8,highfive,8,0.94889206,1,"[-0.7124, 5.94977, -0.00036, 2.33039, -11.16884, -1.47102, -5.6413, 0.18217, 10.279, -3.50691, -0.73615, -7.4473, 2.5238, -5.0996, -2.90048, -2.69021, -6.86351, -3.59529, 1.63313, -4.99377, -3.46957, 7.05009]"
42,sub8,supMAE,3,sub8-a__0107__highfive.npy,8,highfive,8,0.96474344,1,"[0.72982, 6.85033, 1.02104, 1.81375, -11.94252, -0.75935, -5.77231, -0.96921, 10.50197, -3.18617, 0.9074, -7.28317, 1.86542, -5.37852, -2.17398, -3.35408, -7.78072, -4.01256, 1.10569, -4.60986, -4.19505, 5.89036]"
42,sub8,supMAE,3,sub8-a__0109__wave.npy,21,wave,21,0.9704943,1,"[-0.64711, 5.00686, 1.33671, 5.45961, -9.37204, -1.45522, -7.66262, 2.1582, 7.63722, -3.99957, -1.88197, -8.31304, 2.97429, -2.39637, -4.86074, -3.38419, -6.24409, -2.00942, -0.16169, -8.9474, -2.92576, 11.31429]"
42,sub8,supMAE,3,sub8-a__0110__wave.npy,21,wave,21,0.8916347,1,"[-0.75335, 5.00683, 1.19458, 5.063, -9.63516, -1.23075, -7.11124, 2.03252, 7.53104, -3.79519, -1.61498, -8.13448, 3.17376, -2.59698, -4.51949, -3.12687, -6.60232, -2.42572, 0.25921, -8.63195, -2.94776, 9.80827]"
42,sub8,supMAE,3,sub8-a__0111__wave.npy,21,wave,21,0.9327604,1,"[-0.94553, 4.67014, 1.20765, 5.92921, -9.266, -1.41354, -7.13217, 2.15196, 6.97499, -3.67944, -2.14556, -8.52866, 3.00652, -2.04018, -4.8609, -2.88406, -6.68689, -2.1088, 0.46856, -8.89228, -2.13225, 9.99954]"
42,sub8,supMAE,3,sub8-a__0112__wave.npy,21,wave,21,0.5588203,1,"[-1.23301, 5.27124, -0.23201, 6.05995, -9.53175, -0.12042, -7.272, 2.86736, 8.02547, -3.95727, -1.77363, -8.14973, 1.58356, -2.95813, -4.04394, -4.01929, -6.04486, -2.66834, 1.1892, -8.35093, -3.90921, 8.45488]"
42,sub8,supMAE,3,sub8-a__0114__bow.npy,2,bow,2,0.9569566,1,"[6.30307, 5.79774, 13.55995, -2.82113, -11.03451, -0.31616, 3.34662, 0.72456, 1.59076, -8.4023, 0.52011, 5.29648, 10.42517, -3.53095, 3.13812, -2.91404, -6.01628, -5.35257, -2.66097, -8.37997, -8.60516, 0.81649]"
42,sub8,supMAE,3,sub8-a__0115__bow.npy,2,bow,2,0.9179919,1,"[5.75963, 5.28939, 13.56713, -2.2701, -10.19784, -0.95366, 2.98168, 0.82809, 0.24371, -7.86341, 0.22434, 4.40568, 11.14249, -2.18882, 2.72955, -2.81742, -5.87245, -5.43383, -3.09384, -9.25442, -7.69356, 1.57013]"
42,sub8,supMAE,3,sub8-a__0117__bow.npy,2,bow,2,0.88096476,1,"[5.71222, 5.17667, 13.47931, -2.98169, -11.02602, -0.54312, 2.92807, 0.67094, 1.53948, -7.93763, 0.28221, 5.27895, 11.47024, -3.7462, 2.3617, -2.43993, -5.81545, -5.19501, -2.88178, -8.47413, -7.9744, 1.48693]"
42,sub8,supMAE,3,sub8-a__0118__bow.npy,2,bow,2,0.8748134,1,"[5.45461, 5.42923, 12.62781, -3.09153, -9.71906, -0.56196, 4.23308, 1.40774, -0.16534, -8.30844, 0.50248, 5.89693, 10.6615, -2.13144, 3.91713, -3.18487, -4.62243, -5.5641, -2.81717, -9.65385, -9.20046, 0.56443]"
42,sub8,supMAE,3,sub8-a__0119__crossarms.npy,5,crossarms,5,0.98376507,1,"[-4.91605, 1.5242, -7.40088, 4.90942, -1.34003, 9.76645, -5.12418, 4.79659, 0.5973, -2.66945, -2.92893, -1.4113, -1.51541, -0.63624, 0.5079, -3.85067, 2.76159, -1.31174, 1.71131, -6.7628, -5.91583, -4.29971]"
42,sub8,supMAE,3,sub8-a__0120__crossarms.npy,5,crossarms,5,0.9862135,1,"[-5.76171, 1.01967, -7.93459, 4.87316, -0.39306, 10.07638, -5.4191, 5.08419, -0.08191, -2.1812, -3.43623, -1.50552, -1.04991, -0.24838, -0.27919, -3.34016, 3.36722, -1.03648, 1.41651, -7.35032, -5.43477, -3.6699]"
42,sub8,supMAE,3,sub8-a__0121__crossarms.npy,5,crossarms,5,0.9760191,1,"[-5.73856, 0.9473, -8.03154, 4.83333, -0.81195, 9.58145, -5.82237, 5.29225, 0.56971, -2.16342, -3.25972, -1.73826, -1.0088, -0.56085, -0.38519, -3.28851, 3.03297, -1.00484, 1.3201, -7.26881, -5.45288, -3.37126]"
42,sub8,supMAE,3,sub8-a__0123__crossarms.npy,5,crossarms,5,0.9906452,1,"[-5.34907, 1.74708, -7.629, 5.00212, -0.53826, 10.45134, -6.12838, 4.9206, 0.09241, -2.32366, -3.02917, -1.74414, -1.57648, -0.09573, -0.00655, -4.08583, 3.35759, -1.36944, 0.66685, -7.49964, -5.89096, -3.45806]"
42,sub8,supMAE,3,sub8-a__0124__airpunch.npy,1,airpunch,1,0.9830474,1,"[4.16851, 9.57473, 3.85432, 3.75054, -9.29373, -1.82974, -2.70389, -2.99648, 4.02304, -3.24451, 2.64071, -9.16922, -0.48666, 0.50105, -0.38525, -6.79286, -9.21129, -7.46023, 2.67976, -5.44902, -3.73266, 1.81422]"
42,sub8,supMAE,3,sub8-a__0125__airpunch.npy,1,airpunch,1,0.98198503,1,"[4.26188, 9.62486, 3.77878, 3.87613, -8.99799, -1.66382, -3.12926, -2.26365, 4.47374, -3.84139, 2.03898, -8.77322, -0.39688, 0.12689, -0.4475, -6.41509, -8.73348, -7.51329, 2.31751, -5.08789, -3.87803, 1.8547]"
42,sub8,supMAE,3,sub8-a__0126__airpunch.npy,1,airpunch,1,0.9855606,1,"[4.61662, 10.15039, 3.45877, 3.97655, -8.70271, -0.78411, -3.87626, -1.90044, 5.11361, -4.01555, 2.05396, -8.30149, -1.34882, -0.20525, -0.09051, -6.95296, -8.06967, -7.43644, 1.80215, -5.03231, -4.87783, 1.79746]"
42,sub8,supMAE,3,sub8-a__0127__airpunch.npy,1,airpunch,1,0.98747057,1,"[4.34977, 9.92421, 3.90594, 4.16215, -8.56267, -1.3973, -2.73436, -2.14776, 3.68296, -3.90131, 2.10597, -8.6558, -0.81328, 0.78324, -0.11019, -6.87519, -8.53568, -7.59063, 2.488, -5.51464, -4.38423, 1.30964]"
42,sub8,supMAE,3,sub8-a__0128__airpunch.npy,1,airpunch,1,0.9772003,1,"[3.63078, 9.26277, 3.36006, 4.0415, -9.01866, -1.55698, -2.94569, -1.63087, 4.52894, -4.20288, 1.25736, -8.31735, 0.18374, -0.09377, -0.64698, -6.29959, -8.09247, -7.44938, 2.59752, -5.40989, -3.90062, 2.27083]"
42,sub8,supMAE,3,sub8-a__0129__airpunch.npy,1,airpunch,1,0.9651447,1,"[4.7373, 9.35135, 4.16363, 3.71335, -9.47358, -1.53285, -3.84736, -2.71233, 5.08894, -3.54128, 2.38024, -8.51375, 0.18766, -0.48276, -1.1571, -6.41697, -8.94826, -6.9616, 1.76583, -5.42103, -3.80705, 2.71063]"
42,sub8,supMAE,3,sub8-a__0130__drink.npy,7,drink,3,0.7513282,0,"[-3.17335, 4.88951, -0.88305, 8.96247, -7.61404, 2.54317, -6.5588, 7.59215, 5.18859, -5.4926, -3.93631, -6.22471, 0.39786, -1.36178, -2.52629, -5.12659, -3.55198, -2.67842, 2.02536, -11.03697, -6.26213, 5.58261]"
42,sub8,supMAE,3,sub8-a__0131__drink.npy,7,drink,7,0.60770047,1,"[-4.71556, 3.98242, -2.09998, 9.11396, -6.50291, 3.07703, -5.52338, 9.57542, 3.95607, -5.59747, -5.00981, -5.41717, 0.35153, -0.78795, -2.08575, -4.34334, -2.47389, -2.33243, 2.65617, -11.75762, -6.44703, 4.3118]"
42,sub8,supMAE,3,sub8-a__0132__drink.npy,7,drink,3,0.5730698,0,"[-4.993, 3.71296, -3.32785, 9.63194, -6.60835, 3.41573, -5.00169, 9.31544, 4.10137, -5.26449, -4.87153, -5.79272, -1.35607, -0.97847, -1.37724, -4.88074, -2.91915, -1.96961, 4.60989, -11.23474, -6.39994, 2.70729]"
42,sub8,supMAE,3,sub8-a__0133__drink.npy,7,drink,7,0.5280364,1,"[-5.10834, 3.42238, -3.92872, 9.45296, -6.30539, 4.1222, -4.32625, 9.592, 3.56851, -4.97981, -4.8061, -5.3042, -2.22398, -0.98401, -0.35741, -5.03312, -2.63704, -2.23745, 5.37122, -10.72743, -6.46977, 0.46702]"
42,sub8,supMAE,3,sub8-a__0134__drink.npy,7,drink,7,0.5802551,1,"[-4.53986, 4.07292, -2.73468, 9.40715, -6.51647, 4.0295, -4.8305, 9.74987, 3.75684, -5.50662, -4.74629, -5.02126, -1.42328, -0.87033, -0.81165, -5.13739, -2.49776, -2.39859, 4.18283, -11.44861, -7.17303, 2.03422]"
42,sub8,supMAE,3,sub8-a__0135__brushteeth.npy,3,brushteeth,3,0.97470325,1,"[-4.22684, 3.43471, -2.15118, 10.77412, -7.11892, 2.00092, -4.72383, 6.94248, 2.59829, -3.90627, -4.31785, -8.11314, -0.7704, 0.45149, -1.28929, -4.3795, -5.22338, -3.30456, 5.00342, -9.01445, -2.79258, 0.03249]"
42,sub8,supMAE,3,sub8-a__0137__brushteeth.npy,3,brushteeth,3,0.9661424,1,"[-4.92788, 2.3834, -3.54044, 10.9181, -6.61868, 2.50726, -4.49016, 7.36369, 2.50359, -3.48253, -4.88375, -7.73807, -1.07983, -0.02994, -1.56723, -3.96301, -4.49928, -2.74796, 5.76169, -8.94298, -2.31554, -0.56702]"
42,sub8,supMAE,3,sub8-a__0138__brushteeth.npy,3,brushteeth,3,0.9670904,1,"[-4.66719, 2.88574, -3.28736, 10.89838, -6.51816, 2.72158, -5.10648, 7.40285, 2.6433, -3.51664, -4.52816, -7.80273, -1.2926, 0.07466, -1.57608, -4.32831, -4.29774, -3.035, 5.01255, -8.89574, -2.83912, -0.34878]"
42,sub8,supMAE,3,sub8-a__0139__brushteeth.npy,3,brushteeth,3,0.97217315,1,"[-4.08599, 2.9889, -2.85709, 10.26963, -7.48836, 2.24661, -4.82374, 6.35844, 3.38329, -3.43207, -3.95638, -7.86919, -0.69986, -0.57175, -1.7369, -4.17793, -5.15043, -3.30505, 5.23243, -8.17636, -2.53839, -0.35504]"
42,sub8,supMAE,3,sub8-a__0140__highfive.npy,8,highfive,8,0.74229956,1,"[0.40962, 6.70715, 1.32389, 3.18344, -11.16929, -2.15087, -5.12494, -1.14579, 8.32369, -2.8293, 0.70086, -8.98415, 2.27426, -3.28006, -3.39557, -3.19924, -8.48745, -4.04674, 1.88711, -5.30176, -2.66119, 6.33463]"
42,sub8,supMAE,3,sub8-a__0141__highfive.npy,8,highfive,8,0.74820805,1,"[0.33451, 6.94711, 1.41381, 3.10341, -11.369, -1.57965, -5.35678, -0.52006, 8.73028, -3.43238, 0.80409, -8.34345, 2.19157, -3.58506, -3.08534, -3.79668, -7.99985, -3.94039, 1.46651, -6.22504, -4.0041, 6.90558]"
42,sub8,supMAE,3,sub8-a__0142__highfive.npy,8,highfive,8,0.95922315,1,"[0.05534, 6.56756, 0.1644, 3.52373, -11.49034, -1.57006, -5.83098, -0.59104, 10.23468, -3.00201, 0.40647, -8.80553, 1.27959, -4.45752, -3.69896, -3.05111, -8.23756, -3.51298, 2.32517, -4.51899, -3.23052, 6.04012]"
42,sub8,supMAE,3,sub8-a__0143__highfive.npy,8,highfive,8,0.976843,1,"[0.33281, 6.91188, 0.20062, 2.5312, -11.72062, -1.48584, -5.81155, -0.82774, 11.05749, -3.10594, 0.70611, -8.14105, 1.54904, -5.22731, -3.64001, -2.76999, -7.91137, -3.67161, 2.06806, -4.04511, -4.1219, 6.14961]"
42,sub8,supMAE,3,sub8-a__0144__highfive.npy,8,highfive,8,0.95776504,1,"[0.8593, 6.95757, 0.97218, 2.41174, -11.98666, -1.60693, -5.03912, -1.41592, 10.29048, -3.11874, 0.95176, -8.09047, 2.10153, -5.03019, -3.33599, -2.91593, -8.58415, -4.0463, 2.3216, -3.94719, -3.69458, 5.34646]"
42,sub8,supMAE,3,sub8-b1__0001__walk.npy,20,walk,20,0.81617796,1,"[3.48178, 1.74424, 1.07091, 0.75384, -4.07789, -5.35562, -3.68621, -6.78126, -0.74985, 4.17457, 3.31072, -10.90191, 2.83981, 2.9236, -2.40115, -2.46989, -10.34619, -4.05596, 1.16259, -3.89908, 6.76674, 3.00815]"
42,sub8,supMAE,3,sub8-b1__0002__turnaround.npy,19,turnaround,19,0.99997723,1,"[6.19956, 8.74989, -1.14115, -2.89225, -0.7613, -4.49257, 1.21685, -8.10448, 4.38355, 1.4191, 1.73727, -8.76165, -8.24827, -1.15744, -0.56766, 1.55218, -9.66894, -5.68428, 6.23809, 19.69799, 6.62192, -6.20327]"
42,sub8,supMAE,3,sub8-b1__0003__walk.npy,20,walk,20,0.9999093,1,"[6.28047, 1.09368, -0.87764, -3.01928, 1.07034, -3.04457, 0.0482, -5.32732, -1.5346, 3.4297, -0.9579, -5.72067, -4.79441, 0.05475, 5.56785, -5.80685, -9.94696, 2.76678, 2.49627, 2.90178, 16.09122, -3.10506]"
42,sub8,supMAE,3,sub8-b1__0004__turnaround.npy,19,turnaround,19,0.99998474,1,"[-1.15712, 2.87152, -4.70793, -2.43122, -4.25762, -4.74754, 2.55021, -4.75842, 5.98512, 2.73247, -0.77975, -8.86949, -3.96373, -4.69268, -2.48535, 6.89832, -7.73711, -6.65608, 8.52996, 19.88337, 4.27102, -6.12481]"
42,sub8,supMAE,3,sub8-b1__0005__walk.npy,20,walk,20,0.8598239,1,"[3.7531, 1.92659, 1.12775, 0.9106, -3.93004, -5.4277, -4.06032, -6.86038, -0.462, 4.1984, 3.23171, -11.14003, 2.52596, 2.84441, -2.8134, -2.32546, -10.48458, -3.92494, 1.07045, -3.63033, 7.1352, 3.18553]"
42,sub8,supMAE,3,sub8-b1__0006__turnaround.npy,19,turnaround,19,0.9998913,1,"[3.03153, 4.60016, -4.37467, -3.93551, -0.53043, -4.36614, -1.15348, -6.8484, 4.91888, 2.95287, -0.59769, -8.26318, -6.54832, -2.67332, 1.31465, 2.79997, -7.62101, -6.04146, 4.86965, 18.68992, 9.53183, -4.54603]"
42,sub8,supMAE,3,sub8-b1__0007__walk.npy,20,walk,20,0.99993825,1,"[6.41721, 1.15971, -0.60484, -2.85879, 1.13756, -3.37301, 0.18136, -5.44406, -1.68351, 3.19027, -1.14393, -5.88633, -4.41378, 0.27001, 5.33989, -5.81744, -10.11682, 2.40789, 2.62049, 2.90986, 16.49266, -3.07855]"
42,sub8,supMAE,3,sub8-b1__0008__turnaround.npy,19,turnaround,19,0.9999896,1,"[-1.15837, 2.81592, -5.08077, -2.37771, -4.00244, -4.76723, 1.77217, -5.03533, 6.19376, 3.22336, -0.71325, -9.23268, -4.30655, -4.64606, -2.77195, 6.73183, -7.48871, -6.522, 8.19038, 20.0194, 4.74661, -5.60582]"
42,sub8,supMAE,3,sub8-b1__0009__walk.npy,20,walk,20,0.74632865,1,"[3.70163, 2.31966, 1.0218, 0.69152, -4.25016, -5.15464, -4.12052, -7.34139, -0.22591, 4.57711, 3.95598, -11.30274, 2.28636, 2.62803, -3.21883, -2.47412, -10.56426, -4.09587, 1.2857, -3.0189, 6.59902, 2.79358]"
42,sub8,supMAE,3,sub8-b1__0010__turnaround.npy,19,turnaround,19,0.99996793,1,"[5.72752, 8.07123, -1.98836, -3.03797, -0.33012, -4.67638, 0.7756, -7.59294, 4.39479, 1.54324, 0.73622, -8.90815, -7.51023, -1.23365, -0.6177, 1.43317, -9.09474, -6.2666, 6.03039, 18.99752, 7.43681, -5.5366]"
42,sub8,supMAE,3,sub8-b1__0011__walk.npy,20,walk,20,0.9998983,1,"[6.04898, 0.82114, -1.36488, -3.32476, -0.08545, -3.09317, 0.29943, -5.5745, -0.57449, 3.84154, -0.45669, -5.92754, -5.00759, -0.94811, 5.25598, -5.57982, -10.4324, 2.86751, 3.37873, 3.61318, 15.81598, -3.53236]"
42,sub8,supMAE,3,sub8-b1__0012__turnaround.npy,19,turnaround,19,0.99997544,1,"[-0.85003, 3.47002, -4.65322, -2.57798, -4.05725, -4.69504, 3.16658, -4.81293, 5.78567, 2.65114, -0.63353, -8.90125, -4.51863, -4.50119, -2.4214, 6.56576, -7.97589, -6.63066, 8.94635, 19.70232, 3.88201, -6.27591]"
42,sub8,supMAE,3,sub8-b1__0013__walk.npy,20,walk,20,0.68828064,1,"[4.07507, 2.5833, 1.16704, 0.76387, -4.21937, -5.25246, -3.86283, -7.30639, -0.35864, 4.32334, 4.09297, -11.40393, 1.82754, 2.92657, -2.66555, -2.85008, -10.79147, -4.12892, 1.37806, -3.42552, 6.34515, 2.73737]"
42,sub8,supMAE,3,sub8-b1__0014__turnaround.npy,19,turnaround,19,0.9998117,1,"[5.61483, 6.21474, -2.77683, -3.42536, 0.51748, -4.66986, -0.53335, -7.18055, 4.58892, 1.71513, -0.60605, -8.10869, -7.43841, -1.60227, 1.41558, 1.0224, -8.57078, -5.84103, 5.10785, 18.1848, 9.53407, -4.96349]"
42,sub8,supMAE,3,sub8-b1__0015__walk.npy,20,walk,20,0.9999058,1,"[6.15654, 0.42719, -1.30822, -3.381, 0.32554, -3.18728, 0.3509, -5.56002, -1.03562, 3.70941, -0.56503, -5.58728, -4.43384, -0.72193, 5.73822, -5.41602, -10.24391, 2.85692, 2.99449, 3.16633, 16.06254, -3.53044]"
42,sub8,supMAE,3,sub8-b1__0017__walk.npy,20,walk,20,0.8564683,1,"[3.76569, 2.01548, 0.68255, 0.9332, -3.72711, -5.63079, -3.78599, -7.0758, -0.43533, 4.26464, 3.31201, -11.51642, 1.90888, 3.10592, -2.46764, -2.68358, -10.4982, -4.04486, 1.53141, -3.5597, 7.1482, 3.20852]"
42,sub8,supMAE,3,sub8-b1__0018__turnaround.npy,19,turnaround,19,0.9999722,1,"[5.6746, 7.99468, -2.01967, -2.85379, 0.1822, -4.90704, 0.82629, -7.60606, 4.10144, 1.56557, 0.6254, -9.19012, -7.5591, -0.86224, -1.01846, 1.80549, -8.94092, -6.27797, 6.04894, 19.11618, 7.50568, -5.38392]"
42,sub8,supMAE,3,sub8-b1__0020__turnaround.npy,19,turnaround,19,0.9999902,1,"[-0.82497, 3.85729, -4.4398, -2.39804, -4.8843, -3.69616, 2.58041, -4.7627, 6.70941, 2.56443, -0.05804, -8.18297, -5.05708, -5.59715, -2.74108, 6.21079, -7.48024, -6.96301, 9.03407, 20.73487, 2.30064, -6.99374]"
42,sub8,supMAE,3,sub8-b1__0021__walk.npy,20,walk,20,0.9210565,1,"[4.89819, 1.55152, 1.12488, 0.90214, -3.01257, -6.33627, -3.0381, -6.78396, -1.01481, 3.41208, 2.55733, -11.13984, 1.85573, 3.70632, -0.97644, -3.14284, -10.84818, -3.75338, 1.42383, -4.72127, 8.07714, 3.5912]"
42,sub8,supMAE,3,sub8-b1__0022__turnaround.npy,19,turnaround,19,0.9999578,1,"[6.99617, 8.13072, -1.71622, -2.95736, -0.02687, -4.40461, 0.10533, -7.88544, 4.91533, 1.39458, 1.24801, -8.61375, -8.23883, -1.30607, -0.1062, 0.38477, -9.46644, -5.59767, 5.65274, 18.84382, 7.31984, -5.43478]"
42,sub8,supMAE,3,sub8-b1__0023__walk.npy,20,walk,20,0.9999205,1,"[6.18342, 0.53215, -1.41759, -3.45535, 0.49633, -3.2486, -0.22354, -5.50085, -0.60205, 3.69486, -0.72281, -5.82025, -4.45552, -0.8788, 5.51911, -5.85929, -9.99405, 2.53465, 2.66641, 3.46207, 16.17148, -2.68478]"
42,sub8,supMAE,3,sub8-b1__0024__turnaround.npy,19,turnaround,19,0.99998987,1,"[-1.09572, 2.62227, -5.38707, -2.7903, -3.09523, -4.95825, 2.47206, -5.13538, 5.41829, 3.31989, -0.78661, -9.09183, -4.48109, -4.16405, -2.22902, 6.76763, -7.17954, -6.64054, 8.32629, 20.10372, 4.88284, -5.96971]"
42,sub8,supMAE,3,sub8-b1__0025__hop.npy,9,hop,9,0.79780084,1,"[3.19905, 0.16167, -3.70825, -2.26475, 1.41375, -2.9827, -6.79434, -9.0264, -3.22612, 9.80643, 8.38183, -10.09945, -2.90293, 4.45439, -0.72958, -4.89039, -5.02002, -3.69413, -2.3032, -3.70282, 4.64546, 2.50105]"
42,sub8,supMAE,3,sub8-b1__0026__hop.npy,9,hop,9,0.99492633,1,"[-1.42724, -2.91866, -7.32598, -3.42435, 3.35851, -0.34723, -7.6326, -8.24061, -4.6481, 13.11452, 7.78101, -8.16192, -2.30753, 3.65606, -2.42452, -3.57188, -0.78884, -2.85599, -2.6783, -2.47538, 4.13683, 1.1514]"
42,sub8,supMAE,3,sub8-b1__0027__hop.npy,9,hop,9,0.9847996,1,"[-0.46001, -2.79581, -6.70607, -4.0047, 2.74533, -0.52198, -7.11357, -8.68049, -4.74896, 12.90992, 8.72348, -7.62507, -2.0964, 3.58903, -1.40028, -4.24122, -1.18863, -2.93682, -2.92525, -3.03818, 3.6537, 0.83415]"
42,sub8,supMAE,3,sub8-b1__0028__hop.npy,9,hop,9,0.9857649,1,"[-0.37834, -2.70212, -6.56673, -3.88758, 2.63429, -0.59875, -6.91006, -8.83353, -4.80044, 12.7987, 8.53916, -8.06191, -2.34186, 3.77125, -0.84112, -4.69762, -1.711, -2.92959, -2.6109, -2.7579, 3.94114, 0.54732]"
42,sub8,supMAE,3,sub8-b1__0029__hop.npy,9,hop,9,0.9943493,1,"[-0.92396, -3.27728, -7.30962, -4.10481, 3.95397, -0.74855, -6.76308, -8.46893, -5.16502, 13.14715, 7.91309, -7.80021, -2.77842, 4.05258, -1.42997, -4.14391, -1.00659, -2.01369, -2.38006, -2.84442, 4.18633, 0.95884]"
42,sub8,supMAE,3,sub8-b1__0031__jump.npy,10,jump,10,0.86124843,1,"[3.60014, -1.42082, -4.51532, -6.77367, 3.40641, 2.44428, -5.42345, -6.79864, -5.73163, 9.68571, 11.5261, 0.50401, -2.97671, 2.43068, 4.69979, -6.74331, 3.5924, -4.00286, -7.05881, -6.72486, -4.6901, -1.17613]"
42,sub8,supMAE,3,sub8-b1__0033__jump.npy,10,jump,10,0.45845926,1,"[5.31279, 2.43968, 1.2918, 0.83088, -1.81713, -1.08253, -2.33495, -4.06608, -5.79429, 1.52954, 7.689, -4.87277, -0.50096, 7.67678, 5.27702, -9.47748, -3.87637, -5.65775, -1.99323, -10.80603, -3.31115, -1.67253]"
42,sub8,supMAE,3,sub8-b1__0034__jump.npy,10,jump,13,0.66423196,0,"[4.63784, 2.47398, 1.06404, 1.11334, -1.06142, 0.71497, -1.04921, -2.95246, -6.99883, 0.17313, 6.4763, -3.11719, -0.48442, 8.06868, 6.73134, -10.54326, -2.32575, -6.68408, -1.34177, -10.7003, -3.89551, -4.36824]"
42,sub8,supMAE,3,sub8-b1__0035__jump.npy,10,jump,13,0.95023674,0,"[3.52731, 3.60918, 1.37023, 4.26864, -1.35551, 1.43378, -1.23566, -1.74087, -7.12012, -1.47015, 4.3064, -5.4974, -1.52287, 9.53064, 6.20205, -11.07875, -4.29213, -6.12545, 0.51669, -10.42443, -2.50851, -5.48958]"
42,sub8,supMAE,3,sub8-b1__0036__runonspot.npy,13,runonspot,13,0.9670465,1,"[6.30963, 5.69183, 3.94233, 5.59145, -0.48396, -0.78467, 0.70381, -2.65954, -7.97243, -2.05646, 4.04234, -7.17987, -4.44849, 11.62871, 7.86065, -10.52574, -7.04677, -6.79161, 1.86004, -8.93359, -2.12004, -7.06813]"
42,sub8,supMAE,3,sub8-b1__0037__runonspot.npy,13,runonspot,13,0.9472755,1,"[4.89141, 5.06777, 2.95366, 5.73601, -1.99246, -0.50789, 1.33374, -2.66033, -7.28631, -1.60489, 4.11827, -7.43624, -4.16257, 10.75108, 7.53853, -10.08751, -7.49363, -7.355, 3.45767, -8.27649, -1.99866, -8.63858]"
42,sub8,supMAE,3,sub8-b1__0038__runonspot.npy,13,runonspot,13,0.89168435,1,"[7.03126, 5.66279, 3.93135, 5.39651, -2.27306, -0.53269, 0.10489, -3.57574, -6.69649, -1.44583, 5.36443, -7.45039, -4.97114, 10.45428, 7.74033, -10.40653, -7.99479, -6.98894, 2.09888, -8.54742, -2.8044, -7.1008]"
42,sub8,supMAE,3,sub8-b1__0039__runonspot.npy,13,runonspot,13,0.93372536,1,"[5.95037, 4.85779, 2.62947, 5.61123, -1.52754, 0.01485, 0.37582, -3.18253, -7.08894, -1.02602, 4.62798, -7.44661, -5.2076, 10.52671, 7.4505, -10.21667, -7.43209, -6.9598, 3.053, -8.33936, -2.18785, -8.32609]"
42,sub8,supMAE,3,sub8-b1__0040__runonspot.npy,13,runonspot,13,0.99371946,1,"[3.94865, 3.78948, 1.29087, 5.93349, 1.38214, -0.55693, -0.37717, -2.8659, -8.84453, 0.58079, 3.81327, -8.6276, -5.27561, 12.25935, 6.67464, -9.63682, -6.11793, -6.45135, 2.37166, -8.13527, -0.16566, -7.54332]"
42,sub8,supMAE,3,sub8-b1__0041__runonspot.npy,13,runonspot,13,0.9343735,1,"[5.44487, 4.83725, 1.9955, 5.68898, -1.08141, 0.22706, 0.57816, -2.9793, -7.0412, -0.84673, 4.39665, -7.60266, -6.08398, 10.63411, 7.66692, -10.05471, -7.21657, -7.04524, 3.53902, -7.74322, -2.13766, -8.7719]"
42,sub8,supMAE,3,sub8-b1__0042__buttkicks.npy,4,buttkicks,4,0.9977831,1,"[1.15802, -0.9572, -6.20365, -3.61997, 15.41432, -0.82943, -6.09611, -5.12245, -9.37764, 8.75019, 2.87779, -5.64799, -6.98422, 8.40968, 3.77986, -5.52382, 3.80022, -3.64443, -5.39538, -1.02472, 4.35443, 0.44543]"
42,sub8,supMAE,3,sub8-b1__0043__buttkicks.npy,4,buttkicks,4,0.99861825,1,"[0.5257, -0.79848, -7.06338, -4.18474, 15.86341, -0.04965, -6.28557, -4.954, -8.91214, 9.05111, 2.94244, -4.83677, -7.76506, 7.58069, 3.59643, -5.31546, 4.99993, -3.29582, -5.50687, -0.41497, 3.35981, 0.23174]"
42,sub8,supMAE,3,sub8-b1__0045__buttkicks.npy,4,buttkicks,4,0.9995809,1,"[0.64978, -0.38115, -7.10887, -4.34023, 16.9695, 0.87467, -6.39271, -4.73707, -9.36728, 8.90483, 2.93378, -4.01173, -8.40183, 7.58435, 3.72435, -5.64606, 6.0054, -3.36485, -5.95666, 0.27532, 2.68397, -0.452]"
42,sub8,supMAE,3,sub8-b1__0046__buttkicks.npy,4,buttkicks,4,0.99971133,1,"[0.08184, -0.86542, -7.21922, -3.78003, 17.37536, 0.40295, -6.49227, -3.97447, -9.84125, 8.72703, 2.00581, -4.28365, -7.64327, 8.15327, 2.74996, -4.97444, 6.105, -2.73963, -5.87772, -0.83069, 3.3862, 0.39116]"
42,sub8,supMAE,3,sub8-b1__0047__airkick.npy,0,airkick,18,0.50220925,0,"[4.62701, 2.94119, 1.10864, 3.69635, -7.3672, -1.65287, 1.18988, -3.26014, -0.74276, -1.0949, 2.26342, -7.74357, -0.61651, 2.05628, 5.83553, -7.00914, -9.85667, -7.2615, 6.28636, -5.26341, 1.2341, -5.627]"
42,sub8,supMAE,3,sub8-b1__0049__airkick.npy,0,airkick,0,0.90129745,1,"[10.12547, 6.64637, 5.94407, -0.21255, -11.07571, -3.53597, -0.73744, -7.92312, 3.53529, -0.89967, 7.32129, -8.15674, 0.82914, -0.96003, 3.22629, -6.44795, -13.30348, -6.70637, 1.71781, -4.06291, -0.57245, -0.06147]"
42,sub8,supMAE,3,sub8-b1__0050__airkick.npy,0,airkick,0,0.8694368,1,"[9.66623, 6.60538, 6.15643, -0.20394, -10.76332, -4.0108, -0.6456, -7.39925, 3.07706, -0.99536, 7.00656, -8.3064, 1.06914, -0.38412, 2.96567, -5.70976, -13.17129, -6.26944, 1.2736, -5.45517, -0.69479, 1.35846]"
42,sub8,supMAE,3,sub8-b1__0051__airkick.npy,0,airkick,0,0.86380136,1,"[9.01197, 5.96938, 5.72197, 0.21043, -10.43705, -4.38787, -1.00403, -7.30349, 2.93688, -0.50519, 6.31223, -8.55649, 2.14045, -0.24742, 1.58977, -5.03459, -13.05775, -6.09488, 1.44471, -5.24053, 0.54169, 1.32384]"
42,sub8,supMAE,3,sub8-b1__0052__sidekick.npy,14,sidekick,14,0.99579203,1,"[11.11131, 4.64012, 4.41698, -4.94787, -2.30374, 1.89313, 1.37794, -3.82801, -1.85188, -2.82413, 5.41762, 2.9902, -3.4389, -0.19909, 16.58448, -9.51375, -1.54373, -8.24403, -4.4572, -4.23087, -6.59525, -4.95227]"
42,sub8,supMAE,3,sub8-b1__0053__sidekick.npy,14,sidekick,14,0.99820924,1,"[10.77712, 4.67112, 5.27839, -4.58535, -2.56698, 2.0968, 1.68882, -2.65205, -1.58537, -4.62914, 3.66196, 4.38877, -2.26438, -0.72576, 17.10953, -9.95623, -0.49998, -8.19979, -4.56807, -4.11591, -6.69269, -4.70547]"
42,sub8,supMAE,3,sub8-b1__0054__sidekick.npy,14,sidekick,14,0.9970674,1,"[10.78411, 4.88853, 5.23857, -4.58926, -2.7008, 2.55363, 1.67549, -2.08924, -1.50389, -4.76298, 3.94367, 4.93824, -2.3606, -0.78476, 16.62403, -9.40974, -0.28607, -7.75161, -4.84865, -4.89152, -7.83853, -4.68136]"
42,sub8,supMAE,3,sub8-b1__0055__sidekick.npy,14,sidekick,14,0.9959149,1,"[10.04404, 3.40208, 3.13649, -4.19536, 2.75794, 2.13788, 0.44756, -1.16137, -4.90951, -2.85843, 3.15576, 3.91867, -3.32168, 2.52556, 15.54769, -9.11651, 1.51032, -6.80194, -5.89893, -5.98808, -6.15148, -4.41891]"
42,sub8,supMAE,3,sub8-b1__0056__sidekick.npy,14,sidekick,14,0.9856607,1,"[10.796, 4.40933, 3.86499, -4.38684, -0.15805, 0.8945, 0.21389, -3.02603, -2.8519, -2.17827, 5.29898, 1.95132, -3.54303, 1.43439, 15.03338, -9.30826, -1.21927, -6.55413, -5.24217, -6.13092, -6.32854, -2.73049]"
42,sub8,supMAE,3,sub8-b1__0057__crosstoe.npy,6,crosstoe,6,0.99988246,1,"[5.0952, 0.05554, 4.35938, -6.293, -5.87407, -4.94862, 18.01371, -1.64577, -2.19218, -6.59159, -1.25629, 7.86623, 7.79165, -2.50796, 7.62521, 1.08482, -4.27523, -2.53972, 6.22273, -7.02742, -4.91004, -5.14415]"
42,sub8,supMAE,3,sub8-b1__0058__crosstoe.npy,6,crosstoe,6,0.99917585,1,"[3.63175, -0.48899, 3.26133, -7.39344, -5.97507, -4.28967, 16.4307, -0.12002, -0.25889, -6.6343, -1.63287, 8.42089, 8.68429, -4.61041, 6.37012, 1.78667, -3.05586, -2.14163, 5.1293, -5.72794, -6.14977, -3.35541]"
42,sub8,supMAE,3,sub8-b1__0059__crosstoe.npy,6,crosstoe,6,0.9991804,1,"[4.05161, -0.14043, 3.53009, -7.24851, -6.00941, -3.96915, 16.55706, 0.1608, 0.13676, -7.28894, -2.03684, 8.74431, 8.60302, -4.92456, 6.56177, 1.42743, -3.007, -2.28761, 5.26499, -5.29416, -6.22166, -3.82743]"
42,sub8,supMAE,3,sub8-b1__0060__crosstoe.npy,6,crosstoe,6,0.99755764,1,"[4.42292, 0.25845, 4.03374, -7.81632, -6.29042, -3.72674, 16.04297, 0.45951, 0.89378, -7.56909, -1.64253, 9.72962, 8.5345, -5.63395, 6.34484, 1.73153, -2.59042, -2.34076, 4.5465, -4.39079, -6.99991, -4.09739]"
42,sub8,supMAE,3,sub8-b1__0061__crosstoe.npy,6,crosstoe,6,0.9992568,1,"[3.81707, -0.15097, 3.70717, -7.41629, -5.76182, -4.32203, 16.81003, 0.65298, -0.28946, -7.29832, -1.99928, 8.97232, 8.75017, -4.57673, 6.06225, 2.38373, -2.91347, -1.65245, 4.88554, -6.01645, -6.5076, -3.0527]"
42,sub8,supMAE,3,sub8-b1__0063__throw.npy,18,throw,18,0.9016474,1,"[0.59925, 4.05139, -1.53432, 3.72602, -8.15753, -4.32063, -0.70031, -5.00989, 3.07516, 0.2092, 1.94791, -11.33124, 0.88329, 0.64386, -2.07832, -3.58314, -9.54183, -4.75437, 7.24347, -3.85996, 0.97853, 2.63823]"
42,sub8,supMAE,3,sub8-b1__0064__throw.npy,18,throw,18,0.6854157,1,"[1.39055, 5.37089, -0.84422, 3.66594, -8.66036, -3.6572, -1.43525, -5.35684, 3.5948, 0.30728, 3.64168, -11.48726, -0.14202, 0.6192, -2.09792, -4.52463, -9.94294, -5.04661, 6.62407, -4.20217, -0.63872, 2.00282]"
42,sub8,supMAE,3,sub8-b1__0065__throw.npy,18,throw,18,0.92039967,1,"[-0.51104, 4.69589, -1.59783, 5.26074, -7.27754, -4.3663, -1.27807, -4.13994, 2.22237, 0.14789, 1.56307, -11.93028, -0.3638, 1.90897, -3.11118, -3.66416, -8.82988, -4.1282, 8.30373, -4.99761, -0.51606, 3.12577]"
42,sub8,supMAE,3,sub8-b1__0066__throw.npy,18,throw,18,0.99851817,1,"[-3.72629, 3.68242, -2.18056, 7.80338, -6.47865, -4.43327, 2.04184, -0.82181, 0.75529, -1.77661, -3.4732, -10.34779, -0.47672, 1.95434, -3.2302, -1.85579, -8.26915, -1.86482, 14.34353, -6.65311, -0.98951, 2.15057]"
42,sub8,supMAE,3,sub8-b1__0067__throw.npy,18,throw,18,0.6518384,1,"[1.0856, 4.54413, -1.54421, 3.51445, -7.77207, -3.29978, -1.60974, -5.3601, 2.58864, 0.95981, 3.58475, -11.46976, 0.17807, 1.09043, -1.62145, -4.81775, -9.23472, -5.72232, 5.88819, -4.12599, 0.55229, 1.25103]"
42,sub8,supMAE,3,sub8-b1__0068__walk.npy,20,walk,20,0.54515976,1,"[4.25875, 2.51204, 1.3743, 0.48533, -4.52826, -5.09841, -2.88418, -6.71815, -1.0733, 3.25394, 3.97059, -10.52448, 2.75221, 3.31922, -0.91877, -4.26412, -10.29435, -4.90393, 1.24492, -5.19866, 5.61382, 2.60985]"
42,sub8,supMAE,3,sub8-b1__0069__turnaround.npy,19,turnaround,19,0.9999504,1,"[7.29642, 7.31631, -2.1224, -3.67765, 0.53042, -3.77973, -0.72115, -7.52924, 5.32499, 1.38531, 0.67029, -7.33915, -8.55456, -2.10038, 1.19256, 0.37551, -8.96153, -5.17517, 4.7501, 18.65185, 7.98781, -5.52995]"
42,sub8,supMAE,3,sub8-b1__0070__walk.npy,20,walk,20,0.99994946,1,"[5.62282, 0.59554, -1.76628, -3.18245, 1.10813, -3.18865, -1.05659, -5.28007, -0.35883, 4.09221, -0.96509, -6.23367, -4.93033, -0.56456, 4.44399, -5.0316, -9.74847, 3.50886, 2.3151, 3.33799, 16.11008, -1.91364]"
42,sub8,supMAE,3,sub8-b1__0071__walk.npy,20,walk,19,0.9999846,0,"[-0.47587, 4.55799, -4.05716, -3.04175, -5.04761, -3.41167, 3.13191, -5.52769, 6.20459, 2.44625, 1.06449, -7.7568, -4.78974, -5.25343, -2.74091, 5.0981, -7.09759, -7.16073, 9.01053, 20.18289, 1.07376, -7.13804]"
42,sub8,supMAE,3,sub8-b1__0072__walk.npy,20,walk,20,0.68056166,1,"[4.55582, 2.48244, 1.61985, 0.3144, -4.06388, -5.64876, -2.60627, -6.61311, -0.71041, 2.65666, 3.11021, -10.18029, 2.9118, 3.14897, -0.85505, -3.69049, -10.1226, -4.61556, 1.28437, -4.64673, 6.13272, 2.97617]"
42,sub8,supMAE,3,sub8-b1__0073__turnaround.npy,19,turnaround,19,0.9999306,1,"[6.58469, 7.63855, -1.99151, -3.06367, 0.3821, -4.35032, -0.30181, -7.07261, 5.09577, 0.95953, -0.14002, -7.81291, -8.02083, -1.69338, 0.67276, 0.95027, -8.83491, -5.49905, 5.18726, 18.36289, 8.13151, -5.14829]"
42,sub8,supMAE,3,sub8-b1__0074__walk.npy,20,walk,20,0.99994886,1,"[5.46974, 0.56035, -1.8896, -3.06066, 0.99183, -3.1143, -1.33458, -5.33722, -0.41633, 4.32636, -0.74157, -6.58249, -4.85831, -0.48248, 4.05187, -4.86549, -9.73271, 3.32486, 2.22197, 3.29954, 15.97069, -1.71866]"
42,sub8,supMAE,3,sub8-b1__0075__turnaround.npy,19,turnaround,19,0.9999732,1,"[-0.67026, 3.82473, -4.85772, -3.21703, -5.28992, -3.24571, 3.13128, -5.62348, 6.52628, 2.66, 1.11129, -7.55748, -4.76891, -5.75033, -2.44423, 5.24201, -7.02881, -7.0329, 9.42602, 20.02665, 1.09366, -7.40206]"
42,sub8,supMAE,3,sub8-b1__0076__walk.npy,20,walk,20,0.44245404,1,"[4.70393, 3.26694, 1.67949, 0.16552, -4.43702, -5.12093, -2.74876, -7.36163, -0.73373, 3.3894, 4.38358, -10.66361, 2.21065, 3.14043, -1.48758, -4.16555, -10.62106, -4.76732, 1.60288, -4.06849, 5.47228, 2.19207]"
42,sub8,supMAE,3,sub8-b1__0077__turnaround.npy,19,turnaround,19,0.99994373,1,"[5.89958, 7.98063, -2.1765, -3.01139, 0.45952, -4.37664, 0.25012, -6.92695, 4.37694, 0.98428, -0.12817, -8.16728, -7.59534, -1.2979, 0.0118, 1.42243, -8.35173, -6.1801, 5.47244, 18.416, 7.59315, -5.26272]"
42,sub8,supMAE,3,sub8-b1__0079__turnaround.npy,19,turnaround,19,0.99998844,1,"[-0.20838, 4.51776, -3.92138, -2.34833, -3.85678, -4.63765, 2.3223, -5.22318, 5.87592, 2.31632, -0.0493, -9.36055, -4.39977, -3.86113, -3.1817, 6.2517, -7.51146, -7.24447, 7.83874, 19.53685, 2.82258, -5.32022]"
42,sub8,supMAE,3,sub8-b1__0080__walk.npy,20,walk,20,0.77867246,1,"[4.57845, 2.49576, 0.96899, 0.147, -3.3127, -5.48832, -2.88106, -7.34466, -1.03282, 3.82089, 3.64383, -10.82253, 1.97387, 3.46632, -1.62543, -3.90587, -10.36205, -4.29808, 1.67979, -3.96246, 6.8003, 2.55129]"
42,sub8,supMAE,3,sub8-b1__0082__walk.npy,20,walk,20,0.9999639,1,"[5.54536, 0.628, -1.52441, -2.77864, 1.28616, -3.04149, -1.91729, -5.3094, -0.87525, 4.35763, -0.6722, -6.59054, -4.45455, 0.10639, 4.09669, -4.91722, -9.61025, 2.80857, 1.48127, 2.67589, 16.31353, -1.61705]"
42,sub8,supMAE,3,sub8-b1__0084__walk.npy,20,walk,20,0.65606797,1,"[4.32784, 2.53433, 1.07057, 0.09521, -4.07129, -5.39854, -2.63219, -7.03951, -0.75082, 3.36864, 3.68924, -10.5125, 2.56116, 3.15291, -1.2294, -3.89186, -10.33545, -4.52682, 1.7175, -4.45934, 6.02628, 2.55235]"
42,sub8,supMAE,3,sub8-b1__0085__turnaround.npy,19,turnaround,19,0.9999863,1,"[5.35873, 6.42964, -3.28928, -3.93723, 0.23892, -4.01521, -1.12594, -7.12132, 5.61375, 1.78813, -0.29345, -7.7972, -7.68711, -2.72978, 0.72587, 2.33022, -7.50733, -6.19793, 4.34526, 20.00589, 8.61252, -4.58514]"
42,sub8,supMAE,3,sub8-b1__0086__walk.npy,20,walk,20,0.9999498,1,"[5.29256, 0.08365, -2.59269, -3.04082, 1.39158, -2.93755, -1.66744, -5.27925, -0.92324, 5.04402, -0.3158, -6.8926, -4.60459, -0.20983, 3.47764, -4.29029, -9.5215, 3.00683, 1.89681, 2.58985, 15.9756, -1.49956]"
42,sub8,supMAE,3,sub8-b1__0087__turnaround.npy,19,turnaround,19,0.9999852,1,"[-0.5803, 3.58385, -4.84453, -2.98525, -5.28631, -3.83122, 2.87761, -5.86806, 6.70275, 2.75112, 0.75446, -8.26004, -4.57642, -5.56544, -2.43286, 5.41936, -7.33409, -7.07752, 9.16197, 20.4024, 2.2068, -6.70442]"
42,sub8,supMAE,3,sub8-b1__0088__hop.npy,9,hop,9,0.99556786,1,"[-2.3993, -3.62778, -7.08277, -2.58357, 4.7867, -1.58215, -5.92102, -6.99045, -6.43384, 12.12218, 5.56844, -8.30039, -1.41729, 5.37485, -2.41367, -2.98346, -0.47298, -1.75932, -1.81776, -3.96624, 5.36487, 1.67665]"
42,sub8,supMAE,3,sub8-b1__0089__hop.npy,9,hop,9,0.9703755,1,"[-0.52999, -3.15787, -7.4188, -5.27638, 4.05611, 0.78705, -6.4075, -7.90111, -5.62683, 12.71101, 9.20973, -5.45289, -3.3647, 3.99851, 0.34843, -6.01893, 0.6254, -2.16766, -3.3039, -3.9573, 1.23718, -0.5978]"
42,sub8,supMAE,3,sub8-b1__0090__hop.npy,9,hop,9,0.99238175,1,"[-1.4733, -3.09207, -8.1724, -5.25123, 5.32286, 1.27642, -6.4584, -7.66692, -6.13675, 13.34014, 8.41114, -5.25531, -3.98636, 3.95529, -0.03205, -5.27222, 2.05955, -2.48279, -3.41603, -2.86757, 1.57996, -0.85078]"
42,sub8,supMAE,3,sub8-b1__0091__hop.npy,9,hop,9,0.9939505,1,"[-1.6661, -3.6107, -8.16354, -5.0678, 5.89752, 1.05072, -6.00829, -7.4041, -6.82781, 13.34294, 8.10685, -5.11719, -3.96934, 4.54624, 0.19612, -5.11549, 2.08936, -1.75532, -3.33035, -3.62917, 1.72805, -0.79166]"
42,sub8,supMAE,3,sub8-b1__0092__hop.npy,9,hop,9,0.99698275,1,"[-2.18463, -3.71207, -7.7397, -3.88964, 5.52657, -0.28644, -6.01115, -7.46922, -6.73982, 12.93189, 6.6804, -6.72478, -2.1855, 4.91638, -1.44469, -4.07518, 0.98687, -2.40655, -2.43359, -3.36272, 4.11046, 0.2089]"
42,sub8,supMAE,3,sub8-b1__0094__jump.npy,10,jump,10,0.98999107,1,"[5.83715, 0.96764, -2.21381, -7.63288, -0.45421, 1.70213, -3.61828, -7.18665, -3.06588, 6.93317, 12.11892, 1.71305, -2.23592, 0.21101, 6.13319, -7.4239, 2.0285, -5.12769, -6.13833, -6.66876, -6.64776, -0.986]"
42,sub8,supMAE,3,sub8-b1__0095__jump.npy,10,jump,13,0.9518914,0,"[2.24659, 2.1923, -1.20294, 3.90263, -0.18267, 3.59354, -1.81923, -1.65371, -7.29441, 0.13999, 4.21255, -4.81274, -1.90274, 8.68589, 4.8001, -10.219, -3.16567, -4.85095, 1.04068, -10.74669, -2.28593, -6.64023]"
42,sub8,supMAE,3,sub8-b1__0097__jump.npy,10,jump,10,0.9555494,1,"[6.26841, 3.82511, 2.0608, -1.791, -8.1369, -2.75173, -2.79643, -8.82902, 0.27462, 3.55259, 9.53113, -8.48423, 1.59964, 1.02309, 2.46835, -7.01778, -9.79763, -6.82326, -0.29547, -4.51372, 0.50627, 0.28473]"
42,sub8,supMAE,3,sub8-b1__0098__jump.npy,10,jump,10,0.97015566,1,"[7.13097, 4.68747, 2.47811, -2.14281, -8.75797, -2.01352, -3.04321, -9.47213, 0.84856, 3.65111, 10.75082, -8.24103, 0.68545, 0.41617, 2.9244, -7.82998, -10.03118, -7.42213, -0.38607, -3.57771, -0.59611, -0.64836]"
42,sub8,supMAE,3,sub8-b1__0099__jump.npy,10,jump,10,0.97787595,1,"[6.62284, 4.04518, 2.11031, -2.47206, -7.78137, -2.71936, -2.77134, -9.34406, 0.05226, 4.16171, 10.59813, -8.2616, 0.89056, 1.2933, 2.71237, -7.29381, -9.59317, -7.06885, -0.60436, -4.22033, -0.16689, -0.12789]"
42,sub8,supMAE,3,sub8-b1__0100__runonspot.npy,13,runonspot,13,0.9850965,1,"[6.46878, 5.34039, 3.13579, 5.1399, 0.00391, -1.07883, -0.97513, -4.1821, -7.83558, 0.22096, 5.65772, -8.57417, -5.18511, 11.74994, 6.35906, -10.10258, -7.54319, -6.40474, 1.1142, -8.5442, -1.18608, -5.96904]"
42,sub8,supMAE,3,sub8-b1__0101__runonspot.npy,13,runonspot,13,0.9957456,1,"[5.1615, 3.82543, 1.75825, 5.15148, 1.59441, -0.85854, -1.16317, -3.55262, -8.80465, 0.95759, 4.7729, -8.39967, -5.3679, 12.47922, 6.38685, -9.66966, -6.29422, -5.52654, 1.04376, -8.92122, -0.33058, -5.96091]"
42,sub8,supMAE,3,sub8-b1__0102__runonspot.npy,13,runonspot,13,0.98417133,1,"[6.9079, 4.6823, 2.40407, 4.00169, 1.56323, -0.51224, -2.32116, -4.37409, -7.90711, 0.68344, 5.70157, -7.97739, -5.17608, 11.74115, 6.28975, -10.37825, -6.13141, -5.83198, -0.58899, -8.93214, -1.10924, -4.52688]"
42,sub8,supMAE,3,sub8-b1__0103__runonspot.npy,13,runonspot,13,0.9907171,1,"[6.4785, 4.31179, 1.93224, 3.89609, 2.63271, -0.10499, -2.01106, -4.0516, -8.79906, 0.89679, 5.52883, -7.37972, -5.83928, 12.31551, 6.94586, -10.41642, -5.2549, -5.89079, -0.61968, -8.68194, -1.08367, -5.60472]"
42,sub8,supMAE,3,sub8-b1__0104__runonspot.npy,13,runonspot,13,0.97050405,1,"[6.41753, 5.15808, 3.10353, 4.79153, -0.19955, -0.9085, -0.49405, -3.73499, -7.57102, -0.39073, 5.23198, -7.81645, -4.82572, 11.2642, 7.12878, -10.05343, -6.95671, -7.06971, 1.30201, -8.27658, -1.73208, -6.65628]"
42,sub8,supMAE,3,sub8-b1__0105__buttkicks.npy,4,buttkicks,4,0.9993486,1,"[1.23786, -0.71639, -6.29813, -3.71784, 16.27091, 0.17084, -5.79511, -4.4859, -9.78976, 8.21273, 2.64557, -4.28484, -7.55351, 8.18214, 4.70707, -5.97474, 5.15441, -3.54312, -5.70239, -0.85789, 3.25693, -0.52039]"
42,sub8,supMAE,3,sub8-b1__0106__buttkicks.npy,4,buttkicks,4,0.99904686,1,"[-0.37511, -1.10234, -7.41519, -4.09668, 16.31958, 0.3884, -6.03097, -4.40384, -9.59484, 9.07798, 2.54788, -4.48335, -7.43465, 7.80405, 3.51929, -4.94257, 5.95663, -3.09044, -5.61122, -0.65464, 3.15567, -0.00557]"
42,sub8,supMAE,3,sub8-b1__0107__buttkicks.npy,4,buttkicks,4,0.99943763,1,"[0.94034, -0.51827, -7.1259, -4.61978, 16.33444, 0.77851, -6.39996, -4.63387, -8.73319, 8.5927, 2.92721, -3.56082, -8.20153, 6.96296, 4.20369, -5.72306, 6.07469, -3.16314, -6.03553, -0.32486, 2.34507, -0.03051]"
42,sub8,supMAE,3,sub8-b1__0108__buttkicks.npy,4,buttkicks,4,0.9983564,1,"[0.38036, -0.59093, -7.60864, -4.8457, 15.89875, 1.40243, -6.72419, -4.80309, -8.78337, 9.34063, 3.9, -3.44784, -8.32693, 6.84923, 3.83879, -5.63568, 6.65792, -3.43263, -6.36029, -0.4269, 1.44742, -0.39691]"
42,sub8,supMAE,3,sub8-b1__0110__airkick.npy,0,airkick,0,0.81813437,1,"[9.7085, 5.97278, 4.63532, -0.77068, -9.2248, -3.81093, -0.22333, -9.0617, 1.6632, 1.18697, 8.01218, -9.07732, -1.0144, 0.59265, 4.82687, -6.6172, -12.57598, -7.85371, 1.56547, -2.60959, 1.12628, -1.11634]"
42,sub8,supMAE,3,sub8-b1__0112__airkick.npy,0,airkick,0,0.86018944,1,"[8.856, 5.7686, 5.395, -0.46009, -9.86, -4.65949, -0.53296, -7.49667, 2.34858, -0.3819, 6.32118, -8.47258, 2.10668, 0.19663, 2.12619, -5.46263, -12.69943, -5.98454, 1.53641, -5.75899, 0.52532, 1.97789]"
42,sub8,supMAE,3,sub8-b1__0113__airkick.npy,0,airkick,0,0.9487481,1,"[11.78425, 7.28425, 6.51638, -1.83169, -7.84691, -2.75957, -0.46871, -7.67188, 1.55378, -1.54954, 6.96444, -6.34597, -1.70432, 0.3943, 8.26489, -8.72394, -10.62641, -8.02274, -0.62204, -3.96593, -1.25119, -0.10278]"
42,sub8,supMAE,3,sub8-b1__0114__airkick.npy,0,airkick,0,0.9262545,1,"[10.13927, 6.37427, 6.14662, -0.78141, -9.65114, -4.14778, -0.22197, -7.60391, 2.24425, -1.02386, 6.77817, -7.59663, 1.09323, 0.14107, 4.13889, -6.42394, -12.41795, -6.72918, 0.96708, -5.19294, -0.21314, 0.78956]"
42,sub8,supMAE,3,sub8-b1__0116__sidekick.npy,14,sidekick,14,0.99397886,1,"[10.78379, 5.5824, 5.43398, -4.4873, -4.32703, 2.03932, 1.82128, -2.49224, 0.05174, -5.04182, 4.30089, 3.95357, -2.14274, -1.66047, 15.90334, -9.07448, -1.54797, -7.51159, -4.20894, -4.8245, -8.259, -3.49738]"
42,sub8,supMAE,3,sub8-b1__0117__sidekick.npy,14,sidekick,14,0.99975044,1,"[8.69131, 4.00836, 4.01376, -4.56315, -2.6852, 3.51992, 1.86558, -0.65297, -2.09321, -5.23203, 2.77888, 6.08572, -1.152, -1.1813, 17.08504, -9.10621, 1.60503, -8.23273, -4.90144, -4.89587, -7.80624, -5.46447]"
42,sub8,supMAE,3,sub8-b1__0118__sidekick.npy,14,sidekick,14,0.99717015,1,"[11.12419, 4.7656, 4.49654, -4.18898, -2.03427, 3.55076, 1.29234, -2.08095, -1.8829, -4.61135, 3.91779, 5.21459, -3.41972, -0.58856, 16.99594, -10.12502, 0.29139, -7.93372, -4.62664, -4.48732, -7.84568, -5.98514]"
42,sub8,supMAE,3,sub8-b1__0119__sidekick.npy,14,sidekick,14,0.9995541,1,"[9.4813, 4.23631, 4.03421, -4.45655, -1.84345, 3.66985, 1.72674, -0.94308, -2.49157, -4.78145, 3.32552, 5.89346, -2.46881, -0.51552, 17.23866, -9.30717, 1.32672, -7.70491, -5.00581, -5.23837, -8.19213, -5.57695]"
42,sub8,supMAE,3,sub8-b1__0120__crosstoe.npy,6,crosstoe,6,0.99925035,1,"[3.9937, -0.44602, 3.43953, -7.67151, -4.89762, -4.16021, 17.38218, -0.08422, -1.84264, -6.44462, -1.30155, 10.0191, 7.96693, -3.75915, 6.86733, 2.16175, -2.32772, -1.48201, 5.09411, -6.68409, -6.28131, -4.73461]"
42,sub8,supMAE,3,sub8-b1__0121__crosstoe.npy,6,crosstoe,6,0.99953175,1,"[3.89195, 0.32365, 4.35011, -7.40276, -5.80696, -4.09536, 17.50056, 0.23582, -1.02176, -7.21411, -1.55969, 9.54763, 8.13981, -4.16515, 6.75301, 1.96398, -3.04495, -2.06832, 5.4657, -5.27532, -6.69066, -5.115]"
42,sub8,supMAE,3,sub8-b1__0124__crosstoe.npy,6,crosstoe,6,0.9997193,1,"[3.56882, -0.14805, 3.43726, -7.13116, -5.69054, -4.47937, 17.37346, 0.1911, -0.93245, -6.85726, -1.7695, 8.49469, 8.31256, -4.02876, 6.3041, 2.33059, -3.27159, -1.63833, 5.54581, -6.15533, -6.18635, -3.6401]"
42,sub8,supMAE,3,sub8-b1__0125__throw.npy,18,throw,18,0.89351666,1,"[0.8314, 3.54559, -1.42477, 2.71978, -8.48824, -4.44888, 0.33985, -5.07063, 3.09931, 0.01457, 1.67309, -10.73421, 1.7954, 0.17187, -0.79269, -3.20191, -9.59916, -5.40862, 6.74622, -2.99312, 1.83276, 1.62235]"
42,sub8,supMAE,3,sub8-b1__0126__throw.npy,18,throw,18,0.9998217,1,"[-3.37159, 4.2268, -2.29977, 7.48984, -7.80241, -3.64694, 3.17234, -0.64469, 1.41608, -2.4176, -2.78321, -9.01594, -1.64522, 1.02632, -1.76888, -2.99717, -8.12612, -1.72076, 16.17729, -7.2348, -3.14324, 0.82255]"
42,sub8,supMAE,3,sub8-b1__0127__throw.npy,18,throw,18,0.99979025,1,"[-3.5183, 3.96653, -2.31366, 7.42471, -7.39084, -4.08783, 3.20507, -0.67053, 1.14791, -2.17132, -3.02916, -9.40157, -1.32048, 1.32719, -2.16925, -2.23686, -8.3502, -1.82003, 15.9457, -7.0792, -2.31368, 0.78534]"
42,sub8,supMAE,3,sub8-b1__0129__throw.npy,18,throw,18,0.99993,1,"[-4.21039, 4.29626, -2.86682, 7.97205, -6.67307, -2.88642, 4.18063, 1.12293, 1.2287, -2.82463, -3.95904, -7.98798, -3.04218, 0.88167, -2.02757, -1.25294, -7.59451, -0.89296, 17.59086, -7.10311, -4.19028, -1.15067]"
42,sub8,supMAE,3,sub8-b1__0130__throw.npy,18,throw,18,0.99984443,1,"[-4.6234, 3.57302, -3.83977, 9.56754, -6.47966, -1.04794, 4.25015, 2.93218, 0.68179, -3.10123, -4.57502, -7.34401, -4.41135, 0.9005, -0.75413, -1.98239, -6.80876, -0.72735, 18.34477, -7.76327, -4.97644, -3.59871]"
42,sub8,supMAE,3,sub8-b2__0001__walk.npy,20,walk,12,0.7465782,0,"[3.55057, 1.8981, 3.77839, 0.14752, -3.90004, -3.58598, -4.04773, -4.3599, -1.43324, 1.70997, 1.40415, -6.9965, 6.76744, 1.59838, -2.48892, -1.43026, -7.49724, -5.21736, -2.23957, -4.4748, 5.18974, 2.62915]"
42,sub8,supMAE,3,sub8-b2__0002__turnaround.npy,19,turnaround,19,0.9995239,1,"[5.4785, 9.84307, -0.14432, -2.66993, -1.69147, -4.11987, 3.65797, -7.60012, 2.74833, 1.19916, 2.2145, -8.31335, -7.5311, -0.54718, -0.4002, 0.8459, -10.51057, -6.0793, 7.85563, 17.6417, 4.94322, -8.51662]"
42,sub8,supMAE,3,sub8-b2__0003__walk.npy,20,walk,20,0.99982965,1,"[4.77711, 1.26903, -2.26011, -2.2895, 2.49099, -2.12292, 0.14673, -3.89796, -0.9216, 3.34645, -2.6191, -5.53984, -7.04654, -0.31078, 5.1197, -5.08577, -9.75588, 5.68168, 3.91309, 4.7605, 15.35399, -4.96125]"
42,sub8,supMAE,3,sub8-b2__0004__turnaround.npy,19,turnaround,19,0.9999943,1,"[0.87192, 4.28543, -2.51775, -2.10939, -4.00358, -4.36507, 3.22257, -5.13213, 5.648, 2.36102, -0.70609, -8.36158, -6.03492, -4.75918, -0.77868, 5.19783, -9.52153, -4.745, 8.53225, 20.76844, 5.90256, -8.01412]"
42,sub8,supMAE,3,sub8-b2__0005__walk.npy,20,walk,12,0.5921397,0,"[3.36978, 2.53483, 3.83518, 0.99737, -5.39909, -3.45001, -5.22549, -4.90303, 0.29769, 2.14709, 1.88729, -7.91121, 6.14886, 0.44306, -4.63343, -0.42794, -8.38563, -4.82815, -1.66276, -2.49107, 5.28929, 2.67571]"
42,sub8,supMAE,3,sub8-b2__0006__turnaround.npy,19,turnaround,19,0.99865025,1,"[6.03063, 10.35525, 0.15841, -2.37367, -1.55, -4.2793, 3.68571, -7.60557, 2.89753, 0.95578, 2.50897, -8.54236, -7.85954, -0.2875, -1.07094, 0.9716, -10.71849, -5.97609, 7.82127, 17.05428, 4.068, -7.92491]"
42,sub8,supMAE,3,sub8-b2__0007__walk.npy,20,walk,20,0.9998671,1,"[4.48625, 0.86663, -2.54087, -2.57002, 1.93485, -2.0603, -0.01434, -4.04507, -0.80572, 3.72418, -2.23374, -5.55239, -6.72126, -0.57668, 5.24717, -5.34894, -9.71977, 5.4805, 3.89437, 4.38215, 15.47792, -4.77624]"
42,sub8,supMAE,3,sub8-b2__0008__turnaround.npy,19,turnaround,19,0.999956,1,"[0.0417, 4.10795, -2.37414, -1.59582, -5.03738, -5.17435, 4.08499, -4.58075, 5.9791, 1.68179, -1.02429, -8.59555, -4.59806, -4.88761, -2.45979, 6.24141, -9.5633, -5.41601, 9.72163, 19.82009, 4.68587, -7.2895]"
42,sub8,supMAE,3,sub8-b2__0009__walk.npy,20,walk,12,0.61690515,0,"[3.48697, 2.30986, 3.8274, 0.80886, -4.69557, -3.72145, -4.74184, -4.4088, -0.08594, 1.60488, 1.13531, -7.53757, 6.33712, 0.80871, -3.90496, -0.52117, -8.02748, -4.81529, -1.7697, -3.11444, 5.43541, 2.91708]"
42,sub8,supMAE,3,sub8-b2__0010__turnaround.npy,19,turnaround,19,0.9998703,1,"[3.76701, 8.88569, -0.63341, -2.59571, -0.93921, -4.44529, 4.20794, -7.22845, 1.5106, 1.67291, 1.35679, -8.71107, -6.64677, 0.02486, -0.87891, 2.02542, -9.53926, -6.69472, 7.99673, 18.21511, 5.43079, -8.56275]"
42,sub8,supMAE,3,sub8-b2__0011__walk.npy,20,walk,20,0.9999025,1,"[4.25136, 0.51141, -2.38434, -2.46617, 2.00221, -2.16101, 0.13621, -4.05581, -1.14534, 3.78331, -2.43173, -5.53364, -6.30406, -0.35708, 5.49027, -5.12811, -9.67161, 5.29204, 3.81476, 4.15303, 15.75097, -4.83418]"
42,sub8,supMAE,3,sub8-b2__0012__turnaround.npy,19,turnaround,19,0.99998176,1,"[0.70482, 4.78149, -1.96941, -2.26513, -4.74081, -4.65405, 4.26763, -4.597, 5.66755, 1.32616, -0.56748, -8.0141, -4.55404, -4.85531, -1.58327, 5.28627, -9.17335, -6.47848, 9.13781, 20.12425, 3.96915, -8.00304]"
42,sub8,supMAE,3,sub8-b2__0013__walk.npy,20,walk,12,0.6001637,0,"[4.00751, 3.09742, 4.24934, 0.30679, -5.39023, -3.52532, -4.33194, -5.14507, -0.08843, 1.78469, 2.49771, -7.7449, 5.98688, 0.8928, -3.62964, -1.2735, -8.81374, -5.06461, -1.57733, -3.34477, 4.41172, 2.50211]"
42,sub8,supMAE,3,sub8-b2__0014__turnaround.npy,19,turnaround,19,0.99974734,1,"[5.57076, 9.85777, -0.39182, -2.60556, -1.27318, -4.1156, 3.04515, -7.6741, 3.0558, 1.17194, 2.27317, -8.5401, -7.80882, -0.54911, -1.05085, 1.53465, -9.94055, -6.3676, 7.30446, 18.23627, 4.58302, -7.69443]"
42,sub8,supMAE,3,sub8-b2__0015__walk.npy,20,walk,20,0.9999031,1,"[4.7202, 0.7081, -2.17556, -2.51146, 1.61575, -2.07627, -0.20296, -4.18679, -0.98214, 3.85067, -1.94665, -5.59781, -6.18403, -0.5025, 5.21289, -5.25381, -9.83525, 5.09368, 3.42974, 3.87572, 15.62873, -4.49982]"
42,sub8,supMAE,3,sub8-b2__0016__turnaround.npy,19,turnaround,19,0.99999046,1,"[0.04923, 3.48896, -2.65195, -2.42503, -3.79802, -4.80359, 3.51512, -5.02148, 4.63901, 2.43267, -0.85685, -8.3412, -4.59184, -4.45224, -0.88728, 5.79544, -8.88469, -5.68369, 8.5223, 20.23242, 5.59775, -7.28698]"
42,sub8,supMAE,3,sub8-b2__0017__walk.npy,20,walk,12,0.54510474,0,"[3.65493, 2.12324, 3.39945, 0.30114, -4.46964, -4.0507, -4.43762, -5.02801, -0.58493, 2.20071, 1.91904, -7.95116, 6.085, 1.42018, -3.17891, -1.44139, -8.36978, -4.92308, -1.49692, -4.11834, 5.5019, 3.08826]"
42,sub8,supMAE,3,sub8-b2__0018__turnaround.npy,19,turnaround,19,0.9998839,1,"[4.90833, 9.38413, -0.93018, -2.57993, -1.58254, -4.30037, 2.67186, -7.64215, 3.47933, 1.46741, 2.1426, -8.77657, -7.50478, -0.81895, -1.32542, 2.08946, -9.88727, -6.18545, 7.30054, 18.5883, 5.00057, -7.40099]"
42,sub8,supMAE,3,sub8-b2__0019__walk.npy,20,walk,20,0.99988496,1,"[4.76781, 0.98304, -2.24424, -2.47726, 1.81287, -2.14943, 0.05593, -4.1908, -0.95055, 3.64767, -2.07551, -5.69708, -6.53166, -0.4678, 5.22513, -5.24285, -9.85819, 5.05468, 3.75197, 4.52198, 15.53984, -4.83144]"
42,sub8,supMAE,3,sub8-b2__0020__turnaround.npy,19,turnaround,19,0.99997294,1,"[-1.02435, 2.76501, -3.95658, -2.39324, -3.98333, -4.96, 3.67785, -4.88078, 5.21199, 2.63884, -1.43457, -8.45153, -4.09743, -4.62174, -2.06468, 6.84567, -8.20996, -5.80985, 9.43354, 20.05406, 5.45567, -7.11702]"
42,sub8,supMAE,3,sub8-b2__0021__hop.npy,9,hop,9,0.7314552,1,"[0.48, -0.65314, -4.70246, -4.19732, -0.61364, 1.45256, -8.84451, -8.81284, -2.79715, 11.4473, 10.44482, -6.06109, -0.08265, 1.25403, -2.12355, -4.89498, -0.48914, -6.73383, -4.74487, -1.26746, 1.007, -0.66737]"
42,sub8,supMAE,3,sub8-b2__0022__hop.npy,9,hop,9,0.81185496,1,"[-0.21068, -0.88673, -5.99746, -5.20609, 0.481, 2.71196, -8.74897, -8.59721, -3.22053, 12.23042, 10.76777, -4.92692, -1.08453, 0.95852, -1.50122, -5.2111, 1.15188, -6.58474, -5.17968, -1.01641, -0.20481, -1.46927]"
42,sub8,supMAE,3,sub8-b2__0023__hop.npy,9,hop,9,0.98777455,1,"[-1.55776, -2.14653, -6.60949, -4.08072, 2.79115, 1.23652, -8.78438, -7.74399, -4.46755, 12.55511, 8.14778, -6.25612, -0.45956, 2.57342, -3.1127, -3.44442, 1.29893, -5.44146, -4.64197, -1.27849, 2.68664, 0.03917]"
42,sub8,supMAE,3,sub8-b2__0024__hop.npy,9,hop,9,0.991667,1,"[-2.33764, -2.58259, -6.37679, -3.29391, 2.95093, 0.52876, -8.00697, -6.95519, -5.32929, 11.96242, 7.11654, -6.73552, 0.25844, 3.53576, -2.95073, -3.31408, 0.97233, -4.99689, -4.11116, -2.67432, 3.17158, 0.53745]"
42,sub8,supMAE,3,sub8-b2__0025__hop.npy,9,hop,9,0.9862643,1,"[-2.32784, -2.34887, -7.31879, -3.96153, 3.83353, 1.90258, -8.69004, -7.22126, -5.43977, 12.4928, 8.19028, -5.86937, -1.23632, 3.42877, -2.25955, -4.45573, 2.64998, -5.39031, -4.82776, -2.00781, 1.64798, -0.33944]"
42,sub8,supMAE,3,sub8-b2__0026__hop.npy,9,hop,9,0.98711723,1,"[-1.96982, -2.50807, -6.59681, -3.60313, 3.02958, 0.73022, -8.69654, -7.41756, -4.7679, 12.2502, 7.88452, -6.7855, -0.89466, 3.38051, -2.25178, -3.83795, 1.31686, -5.02489, -4.62572, -2.02278, 2.61263, 0.5062]"
42,sub8,supMAE,3,sub8-b2__0027__hop.npy,9,hop,9,0.9649625,1,"[-1.7552, -1.61356, -6.9458, -5.10261, 2.56463, 2.8363, -8.66924, -7.56309, -4.52239, 12.66859, 9.34743, -4.35873, -1.1795, 1.79026, -1.87976, -4.6905, 3.20007, -6.17362, -5.4014, -1.37303, 0.1258, -1.12601]"
42,sub8,supMAE,3,sub8-b2__0028__jump.npy,10,jump,10,0.9962606,1,"[5.60309, 4.07058, 1.35183, -6.52716, -4.28618, 3.56059, -6.20629, -7.57734, -1.08908, 5.66315, 12.14812, -0.14842, 0.52502, -1.67489, 3.84795, -7.41828, 0.23172, -9.19534, -7.49477, -2.6, -6.71996, -1.9461]"
42,sub8,supMAE,3,sub8-b2__0030__jump.npy,10,jump,10,0.96648127,1,"[4.00417, 3.03328, 1.42266, -3.16484, -5.15928, -0.61539, -6.26473, -7.56119, -1.03011, 5.60875, 9.30301, -6.20294, 3.0356, 0.48992, -0.0722, -4.93846, -4.44786, -7.93741, -4.79455, -3.00722, -0.50404, 1.07741]"
42,sub8,supMAE,3,sub8-b2__0031__jump.npy,10,jump,10,0.72295487,1,"[1.55576, 3.21522, 0.73843, 2.91307, -6.58544, 0.34114, -4.09494, -3.4199, -1.66604, 2.07749, 5.348, -7.93428, 1.454, 2.15265, 1.59804, -6.78003, -6.09877, -8.01117, 0.9265, -4.98837, -1.10128, -2.77235]"
42,sub8,supMAE,3,sub8-b2__0032__jump.npy,10,jump,10,0.95170116,1,"[3.57184, 3.12495, -0.19465, -3.89989, -3.33109, 0.35053, -6.76116, -7.98238, -1.62799, 7.35256, 10.37617, -6.18885, 1.01668, 0.85291, -0.17138, -5.19361, -3.38796, -8.05207, -5.01363, -1.95429, -1.11781, -0.15212]"
42,sub8,supMAE,3,sub8-b2__0033__runonspot.npy,13,runonspot,13,0.952761,1,"[5.29967, 8.28356, 3.90732, 5.20816, 1.7242, 1.65454, -3.87243, -2.35699, -7.27151, -1.19515, 4.77145, -7.33783, -4.65894, 11.43323, 4.05632, -10.27965, -3.92347, -7.66046, -2.3715, -8.94855, -5.07784, -3.969]"
42,sub8,supMAE,3,sub8-b2__0034__runonspot.npy,13,runonspot,13,0.97604626,1,"[4.1527, 7.43969, 3.39038, 6.58753, 0.35184, 1.23644, -3.20059, -2.25246, -7.44314, -0.82594, 4.42601, -8.3847, -4.43573, 11.59584, 4.0111, -10.03111, -5.09541, -7.81845, -0.62519, -8.80906, -3.6786, -5.47282]"
42,sub8,supMAE,3,sub8-b2__0035__runonspot.npy,13,runonspot,13,0.97385854,1,"[3.46579, 7.19345, 3.3014, 6.86918, 0.09524, 0.9636, -2.95433, -1.95727, -7.4118, -1.00567, 3.55024, -8.71012, -3.58935, 11.41421, 3.68906, -9.50909, -5.37283, -7.81128, -0.22998, -8.90202, -2.84517, -5.22476]"
42,sub8,supMAE,3,sub8-b2__0036__runonspot.npy,13,runonspot,13,0.97604626,1,"[3.84696, 7.1369, 3.10017, 6.08498, 0.6414, 1.23416, -3.55878, -2.48132, -7.33321, -0.33321, 4.12359, -8.60441, -3.86212, 11.23976, 3.50536, -9.46745, -5.14793, -7.79899, -0.84874, -8.65883, -2.89475, -5.05877]"
42,sub8,supMAE,3,sub8-b2__0037__runonspot.npy,13,runonspot,13,0.9949785,1,"[3.07803, 6.81818, 2.35131, 6.67663, 3.53148, 1.56278, -3.87974, -1.68141, -9.04504, -0.12129, 3.12984, -8.52764, -4.69923, 12.80655, 3.6001, -9.58209, -3.3361, -7.60021, -1.47701, -8.50998, -2.2965, -5.30873]"
42,sub8,supMAE,3,sub8-b2__0038__buttkicks.npy,4,buttkicks,13,0.99217695,0,"[3.48231, 6.59161, 2.0346, 6.4019, 2.3136, 1.03894, -3.4783, -2.12828, -8.22719, 0.26857, 4.02818, -8.88521, -5.08813, 12.15281, 3.9479, -9.73516, -4.31192, -7.64929, -0.60975, -8.32913, -2.57452, -5.58617]"
42,sub8,supMAE,3,sub8-b2__0039__buttkicks.npy,4,buttkicks,4,0.9797147,1,"[1.29894, 0.25201, -5.18976, -3.39258, 13.06866, 0.88147, -7.44601, -4.83306, -9.2252, 8.87344, 4.52188, -5.14088, -4.88832, 7.8171, 2.37122, -5.13226, 4.22236, -6.39068, -7.18601, -1.84086, 2.30178, -1.00035]"
42,sub8,supMAE,3,sub8-b2__0040__buttkicks.npy,4,buttkicks,4,0.83129895,1,"[1.36707, 0.67489, -5.28755, -3.33688, 11.25673, 1.5728, -8.36689, -5.2896, -8.2803, 9.56557, 5.98564, -5.28122, -4.83159, 6.88025, 1.1849, -5.27942, 3.98034, -6.77941, -7.21557, -1.96156, 1.25808, -1.16663]"
42,sub8,supMAE,3,sub8-b2__0041__buttkicks.npy,4,buttkicks,4,0.97051585,1,"[1.28434, 1.04348, -5.85808, -4.0656, 12.82709, 2.50301, -8.03783, -4.61867, -8.68142, 9.19782, 5.52991, -3.78339, -6.06236, 6.76406, 2.17982, -5.64925, 5.64689, -6.52569, -7.49478, -1.61926, 0.04505, -1.80135]"
42,sub8,supMAE,3,sub8-b2__0042__buttkicks.npy,4,buttkicks,4,0.96377355,1,"[0.79451, 0.08451, -6.14439, -4.27494, 12.92542, 2.39664, -7.80749, -4.81566, -8.86359, 9.55264, 5.39326, -3.57904, -5.63808, 6.59877, 2.45173, -5.05148, 5.91441, -6.58152, -7.52731, -1.23471, 0.52505, -1.98862]"
42,sub8,supMAE,3,sub8-b2__0043__buttkicks.npy,4,buttkicks,4,0.87785363,1,"[0.28241, 0.33779, -6.43567, -3.42514, 12.47441, 2.50725, -9.33858, -4.87098, -8.49503, 10.46186, 5.85453, -4.66587, -5.11599, 6.6543, -0.71799, -4.27921, 5.68245, -6.00259, -7.71542, -1.75221, 0.83438, -0.80137]"
42,sub8,supMAE,3,sub8-b2__0044__airkick.npy,0,airkick,0,0.6036124,1,"[8.17313, 5.90772, 6.33547, -1.6073, -9.7343, -0.94339, -2.65888, -5.11093, 1.84841, -0.50788, 7.19102, -5.02681, 2.77317, -0.99015, 3.67559, -4.85709, -9.62405, -6.50314, -3.23068, -7.49453, -3.71099, 1.50296]"
42,sub8,supMAE,3,sub8-b2__0045__airkick.npy,0,airkick,0,0.42704538,1,"[7.00138, 6.19665, 6.45359, -0.38014, -9.75756, -1.70933, -3.28466, -4.99683, 2.15884, -0.74424, 5.65133, -6.46266, 3.65884, -0.70202, 1.78778, -4.53355, -10.22381, -6.62218, -2.40897, -6.17416, -1.821, 1.94597]"
42,sub8,supMAE,3,sub8-b2__0046__airkick.npy,0,airkick,0,0.42573264,1,"[7.7605, 6.57044, 7.68655, -1.02056, -8.89991, -0.98093, -3.10426, -3.71506, 1.31649, -2.05226, 5.12113, -4.67028, 3.53572, -0.33763, 3.81146, -5.14904, -8.73438, -6.76125, -4.13626, -7.98662, -3.73893, 2.97346]"
42,sub8,supMAE,3,sub8-b2__0047__airkick.npy,0,airkick,0,0.78541005,1,"[9.2137, 7.09357, 7.05586, 0.31972, -6.72842, -2.24378, -3.97005, -5.98751, 0.06702, 0.19686, 5.86662, -7.61294, 1.61354, 1.91, 0.47518, -5.64727, -10.2463, -6.74729, -2.87732, -5.67546, -0.204, 1.86476]"
42,sub8,supMAE,3,sub8-b2__0048__airkick.npy,0,airkick,0,0.9612692,1,"[11.4141, 7.00587, 5.87639, -2.19169, -1.37552, 0.6932, -3.90246, -4.52505, -2.55553, 0.31659, 6.32845, -3.47782, -2.75504, 2.94765, 7.3819, -7.95746, -5.55826, -7.86379, -6.25252, -5.99393, -3.53364, -0.84989]"
42,sub8,supMAE,3,sub8-b2__0049__airkick.npy,0,airkick,0,0.79748756,1,"[8.45836, 4.97039, 4.32535, -2.68695, -0.58209, -0.93925, -3.75078, -4.61892, -3.11571, 1.80794, 5.18929, -5.19606, -1.32045, 3.23766, 6.637, -6.07177, -5.78093, -7.30189, -5.94947, -5.58505, -0.638, 0.61473]"
42,sub8,supMAE,3,sub8-b2__0050__airkick.npy,0,airkick,0,0.89994,1,"[9.74062, 6.7925, 6.55521, -1.07282, -3.07469, -1.45856, -4.19435, -5.2801, -2.05359, 0.43235, 5.39285, -6.201, -0.04424, 3.32497, 3.57435, -6.71452, -7.55757, -6.98349, -5.05651, -6.6911, -1.12295, 2.14632]"
42,sub8,supMAE,3,sub8-b2__0052__sidekick.npy,14,sidekick,14,0.9989524,1,"[6.88925, 5.22057, 4.10427, -3.15418, -0.67724, 5.3511, 1.02341, 2.42998, -3.08158, -6.27537, 1.08486, 6.72676, -1.30173, 0.02016, 14.61581, -8.07668, 3.7607, -7.53198, -6.05171, -5.68674, -9.70355, -5.91117]"
42,sub8,supMAE,3,sub8-b2__0053__sidekick.npy,14,sidekick,14,0.99962926,1,"[6.0044, 5.56221, 4.16092, -2.50974, -0.46963, 5.29757, 0.29194, 2.63063, -3.28307, -6.30702, 0.81355, 5.84335, -1.74077, 0.38415, 15.10893, -8.81268, 4.05468, -7.70472, -6.2582, -5.22099, -9.53333, -5.11449]"
42,sub8,supMAE,3,sub8-b2__0054__sidekick.npy,14,sidekick,14,0.999015,1,"[5.73286, 5.70938, 4.73412, -1.58921, -0.06762, 4.52283, 0.53791, 3.25882, -4.69449, -5.94103, 0.50276, 4.76536, -1.09602, 2.07724, 13.83151, -8.40811, 3.37678, -7.68157, -6.13133, -6.80791, -8.82043, -4.86277]"
42,sub8,supMAE,3,sub8-b2__0055__crosstoe.npy,6,crosstoe,6,0.99865794,1,"[3.79887, 1.45652, 4.79511, -8.22217, -6.29094, -2.42676, 16.90182, 0.21528, -0.56717, -7.62511, -2.65133, 10.00672, 7.80649, -5.71695, 8.38507, -1.33356, -1.53198, -5.67607, 5.47529, -1.90882, -6.29774, -6.67734]"
42,sub8,supMAE,3,sub8-b2__0056__crosstoe.npy,6,crosstoe,6,0.9987147,1,"[4.10797, 2.00841, 5.5056, -7.81257, -6.76182, -2.42461, 16.66069, 0.54298, -0.3274, -8.0016, -2.58602, 9.62041, 8.31202, -5.68152, 7.82251, -1.16244, -2.19583, -5.49778, 5.23286, -2.36126, -6.60051, -6.23025]"
42,sub8,supMAE,3,sub8-b2__0057__crosstoe.npy,6,crosstoe,6,0.9994648,1,"[3.96028, 1.72154, 4.84949, -7.76786, -6.61315, -2.79827, 17.06339, 0.24396, -0.29652, -7.8311, -3.00756, 8.82523, 8.1733, -5.6682, 7.96398, -1.24971, -2.47337, -5.7597, 5.91228, -1.78108, -5.81477, -6.22783]"
42,sub8,supMAE,3,sub8-b2__0058__crosstoe.npy,6,crosstoe,6,0.9980367,1,"[3.87559, 1.63078, 4.7813, -8.08238, -6.53217, -2.47852, 16.56371, 0.57371, -0.21725, -7.72505, -2.46772, 10.09658, 8.29442, -5.76459, 7.66293, -0.86658, -1.59422, -5.1582, 5.02428, -2.92793, -6.8285, -5.8326]"
42,sub8,supMAE,3,sub8-b2__0059__crosstoe.npy,6,crosstoe,6,0.9961337,1,"[3.70564, 1.74788, 5.44051, -7.95263, -6.29673, -2.15607, 16.22065, 1.11313, -0.68748, -7.94489, -2.70696, 10.45452, 8.70568, -5.44988, 7.55564, -0.70715, -1.26904, -5.14354, 4.3045, -3.48029, -6.96075, -5.62404]"
42,sub8,supMAE,3,sub8-b2__0060__throw.npy,18,throw,18,0.9998834,1,"[-4.56523, 3.64132, -2.25717, 6.12919, -9.52993, -1.96609, 2.93101, 1.61099, 3.14356, -2.72171, -3.77204, -6.77672, 0.16035, -2.12612, -3.78834, 0.11473, -8.12514, -0.67339, 15.36518, -7.89457, -4.30186, 0.90872]"
42,sub8,supMAE,3,sub8-b2__0061__throw.npy,18,throw,18,0.9999341,1,"[-5.45632, 2.44055, -3.4175, 7.25691, -7.93707, -1.08481, 4.16926, 3.06077, 1.26063, -2.16666, -4.57214, -6.41563, -1.16962, -0.88631, -2.49236, 0.19322, -7.59479, -0.46152, 16.95518, -8.05564, -4.00193, -2.62279]"
42,sub8,supMAE,3,sub8-b2__0062__throw.npy,18,throw,18,0.9998566,1,"[-4.70719, 3.58513, -2.60199, 7.47036, -8.12668, -0.79867, 3.22079, 3.08933, 1.76339, -2.72149, -4.18537, -6.43158, -1.73752, -0.76775, -2.90655, -0.30966, -7.95837, -0.15162, 16.37098, -8.92645, -4.91343, -1.8151]"
42,sub8,supMAE,3,sub8-b2__0063__throw.npy,18,throw,18,0.99997294,1,"[-4.10876, 2.95415, -4.023, 5.55922, -7.00528, 0.0228, 5.79084, 3.52391, 2.29493, -3.38472, -4.65186, -4.21326, -2.51735, -2.34552, -1.09031, -0.8236, -6.26163, -0.51724, 16.99821, -8.21267, -6.36963, -3.3284]"
42,sub8,supMAE,3,sub8-b2__0064__throw.npy,18,throw,18,0.9999006,1,"[-4.83716, 2.55879, -4.00223, 7.78482, -6.75597, 0.19055, 3.91192, 3.5221, 0.93344, -2.11836, -4.70716, -5.87478, -2.668, -0.58991, -2.43798, -0.55286, -7.12508, -0.13118, 17.04375, -8.72297, -4.4074, -3.46018]"
42,sub8,supMAE,3,sub8-b2__0065__walk.npy,20,walk,12,0.57153535,0,"[3.35588, 3.08561, 3.30996, 0.83874, -4.76496, -3.39034, -4.79414, -4.35899, -0.40695, 1.98519, 2.26086, -8.26463, 5.47718, 1.71609, -3.58012, -1.52445, -8.55314, -4.94703, -1.54411, -4.9278, 4.02082, 2.97897]"
42,sub8,supMAE,3,sub8-b2__0066__turnaround.npy,19,turnaround,19,0.99971896,1,"[4.54363, 9.35746, -0.68253, -2.43895, -1.31998, -4.43926, 3.28689, -7.39322, 2.40934, 1.59151, 1.84201, -8.9966, -7.07961, -0.04143, -1.20687, 1.69399, -10.1289, -6.1298, 7.64926, 17.72954, 5.49379, -7.8629]"
42,sub8,supMAE,3,sub8-b2__0068__turnaround.npy,19,turnaround,19,0.9999496,1,"[-1.32405, 2.28125, -4.15786, -2.47915, -4.06192, -4.8804, 4.12629, -4.60017, 5.03037, 2.66197, -1.73861, -8.14624, -4.01584, -4.79235, -1.35186, 6.70085, -8.3173, -5.14035, 9.70183, 19.67427, 5.62984, -7.46638]"
42,sub8,supMAE,3,sub8-b2__0069__walk.npy,20,walk,12,0.6075809,0,"[3.35234, 3.25933, 3.64621, 0.47785, -5.32335, -3.66101, -4.45899, -4.65231, -0.15458, 1.93978, 2.51009, -8.33496, 5.65949, 1.45762, -3.53903, -1.5342, -8.73536, -5.09599, -1.39837, -4.52488, 3.64504, 3.31642]"
42,sub8,supMAE,3,sub8-b2__0070__turnaround.npy,19,turnaround,19,0.9997961,1,"[4.43782, 9.47953, -0.72582, -2.69983, -1.1867, -4.26605, 3.81836, -7.1301, 2.33756, 1.17201, 1.64898, -8.51608, -7.14379, -0.2896, -0.7183, 1.75765, -9.64016, -6.51513, 7.81707, 18.16942, 4.87828, -8.36755]"
42,sub8,supMAE,3,sub8-b2__0071__walk.npy,20,walk,20,0.9955173,1,"[1.55941, -0.96043, -6.14165, -3.54041, 1.48546, -3.04556, -0.96737, -3.25081, 3.10013, 4.86055, -3.61489, -5.91208, -6.01349, -3.28348, 0.35778, -1.43941, -8.58599, 8.67739, 5.9801, 4.44375, 14.18469, 0.217]"
42,sub8,supMAE,3,sub8-b2__0072__turnaround.npy,19,turnaround,19,0.9999598,1,"[0.05085, 4.75289, -2.46955, -1.90684, -4.27947, -5.01479, 4.6422, -4.47178, 5.3521, 1.30018, -0.78882, -8.46665, -4.62548, -4.25074, -2.21764, 5.92079, -8.84056, -6.59617, 9.69711, 19.86918, 3.54073, -7.53429]"
42,sub8,supMAE,3,sub8-b2__0073__walk.npy,20,walk,12,0.37364054,0,"[4.5628, 3.38944, 3.48568, -0.63844, -5.15463, -3.40189, -4.17153, -5.1011, -0.06423, 1.83691, 3.4078, -7.58695, 4.97669, 1.19503, -1.77649, -2.43062, -8.64709, -5.60457, -1.87292, -4.7604, 3.3832, 2.61898]"
42,sub8,supMAE,3,sub8-b2__0074__turnaround.npy,19,turnaround,19,0.9999534,1,"[5.52101, 9.17251, -0.87645, -3.21541, -1.121, -3.86242, 2.11177, -7.84714, 3.75928, 1.50737, 2.22202, -8.27399, -7.91266, -1.17665, -0.49118, 1.69953, -9.67924, -6.03869, 6.61075, 19.26837, 5.30306, -7.52868]"
42,sub8,supMAE,3,sub8-b2__0075__walk.npy,20,walk,20,0.9998909,1,"[4.98707, 1.17363, -2.12757, -2.68706, 1.82103, -2.19938, 0.11021, -4.3946, -0.85244, 3.5957, -1.96789, -5.72164, -6.49161, -0.53758, 4.8499, -5.05334, -9.97612, 4.97263, 3.78742, 4.46717, 15.51839, -4.49841]"
42,sub8,supMAE,3,sub8-b2__0076__turnaround.npy,19,turnaround,19,0.9999212,1,"[-1.94897, 2.38954, -5.0828, -2.43192, -3.81823, -4.73554, 3.86884, -4.36373, 5.26727, 2.72105, -1.72063, -8.42584, -3.98042, -4.73507, -1.91156, 6.41711, -7.50869, -5.91138, 10.04005, 19.53195, 4.68583, -7.3336]"
42,sub8,supMAE,3,sub8-b2__0077__walk.npy,20,walk,12,0.33825627,0,"[3.69433, 3.37582, 3.07238, 0.51023, -4.44847, -3.6663, -4.48142, -5.18111, -0.37771, 2.3099, 2.42877, -8.74038, 4.80159, 1.80045, -3.58537, -1.87895, -8.78776, -5.2066, -0.93491, -3.74752, 4.62823, 2.65485]"
42,sub8,supMAE,3,sub8-b2__0078__turnaround.npy,19,turnaround,19,0.9999448,1,"[4.46964, 9.01033, -0.90453, -2.97115, -1.36103, -4.18597, 2.95068, -7.50344, 2.94916, 1.58907, 1.83263, -8.61255, -6.98109, -0.77768, -0.93121, 2.18693, -9.62831, -6.34687, 7.13797, 18.99525, 5.39647, -7.70568]"
42,sub8,supMAE,3,sub8-b2__0079__walk.npy,20,walk,20,0.9998211,1,"[4.72329, 0.61662, -2.10561, -2.98306, 1.32253, -2.01347, 0.40343, -4.19433, -0.9668, 3.4582, -1.94662, -5.10055, -5.87004, -0.78822, 6.18559, -5.56114, -9.7084, 4.75834, 3.50774, 3.71043, 15.34853, -4.64805]"
42,sub8,supMAE,3,sub8-b2__0080__turnaround.npy,19,turnaround,19,0.9999162,1,"[-1.75366, 3.50847, -4.42695, -1.97678, -4.16123, -4.85502, 3.8173, -3.86121, 5.67181, 1.96448, -1.55225, -8.93227, -3.98089, -4.51065, -2.52066, 6.45624, -7.85811, -6.2248, 9.75971, 19.20476, 3.39616, -6.44454]"
42,sub8,supMAE,3,sub8-b2__0081__walk.npy,20,walk,12,0.51610416,0,"[3.08617, 2.84354, 2.64812, -0.12843, -4.8667, -3.33619, -4.36591, -5.0021, -0.65759, 2.59685, 3.18193, -8.28482, 5.14135, 1.65895, -2.48458, -2.16201, -8.30316, -5.187, -1.4807, -4.59775, 3.85678, 2.71457]"
42,sub8,supMAE,3,sub8-b2__0082__turnaround.npy,19,turnaround,19,0.99987197,1,"[6.28256, 9.61569, -0.60873, -2.93724, -0.85748, -4.12587, 2.0863, -7.90129, 3.67875, 1.32498, 2.34321, -8.4897, -8.23041, -0.80029, -0.53398, 1.01814, -9.90636, -6.09643, 6.66911, 18.67882, 5.28497, -7.2076]"
42,sub8,supMAE,3,sub8-b2__0083__walk.npy,20,walk,20,0.9998952,1,"[4.86902, 0.90641, -1.78816, -2.53289, 1.75927, -2.06062, -0.15292, -4.18493, -1.20433, 3.42306, -2.18869, -5.35392, -6.03922, -0.1949, 5.64825, -5.0686, -9.46455, 4.8431, 2.89462, 3.76305, 15.62922, -4.24249]"
42,sub8,supMAE,3,sub8-b2__0084__turnaround.npy,19,turnaround,19,0.9999615,1,"[-1.37295, 3.1648, -3.8837, -2.0967, -3.7845, -4.82874, 3.47541, -3.96962, 5.13239, 2.15475, -1.60695, -8.30828, -3.22525, -4.37183, -3.00606, 6.82682, -7.41474, -6.65134, 9.10339, 19.39238, 3.8742, -6.82494]"
42,sub8,supMAE,3,sub8-b2__0085__walk.npy,20,walk,20,0.3969644,1,"[3.40239, 2.38554, 2.5211, 0.09829, -3.53965, -4.1109, -4.32575, -4.9248, -0.96813, 2.51971, 2.11541, -8.51803, 5.10459, 2.2457, -2.58878, -1.90983, -8.19001, -5.17087, -1.30508, -4.29595, 5.18182, 2.99898]"
42,sub8,supMAE,3,sub8-b2__0086__turnaround.npy,19,turnaround,19,0.99991715,1,"[5.4135, 9.63149, -0.93859, -2.71619, -1.31834, -3.77899, 1.86904, -7.60646, 3.98407, 1.3923, 2.22597, -8.47955, -8.02575, -1.12916, -1.06511, 1.65167, -9.442, -6.14001, 6.68051, 19.10986, 5.05254, -7.35802]"
42,sub8,supMAE,3,sub8-b2__0087__walk.npy,20,walk,20,0.9999132,1,"[5.07247, 0.84829, -2.12684, -2.80272, 1.59913, -2.01337, -0.57303, -4.26673, -0.69213, 3.69803, -1.95321, -5.56098, -5.93459, -0.63186, 4.95465, -5.12826, -9.68525, 4.61078, 3.01708, 3.79968, 15.60043, -3.7737]"
42,sub8,supMAE,3,sub8-b2__0088__turnaround.npy,19,turnaround,19,0.99991953,1,"[-1.35805, 3.47254, -3.54886, -2.17923, -4.48024, -4.86426, 4.02936, -3.61334, 5.63075, 1.48401, -1.9678, -7.9733, -3.20191, -4.76935, -2.74198, 6.97597, -7.63649, -6.48675, 9.42755, 18.96779, 3.56554, -6.66643]"
42,sub8,supMAE,3,sub8-b2__0089__hop.npy,9,hop,9,0.9146267,1,"[-0.59917, -1.54559, -5.7648, -4.434, 1.5722, 1.24963, -8.0234, -8.02612, -4.29677, 11.84366, 9.46995, -6.02686, -0.71425, 2.59605, -1.16286, -5.03885, 0.52825, -5.85949, -4.58299, -2.21045, 1.16044, -0.62169]"
42,sub8,supMAE,3,sub8-b2__0090__hop.npy,9,hop,9,0.9918161,1,"[-2.5192, -2.54041, -7.67776, -4.6228, 4.51243, 1.9842, -8.43505, -6.91733, -5.45602, 13.01074, 8.17133, -5.17198, -1.71409, 3.1412, -2.24539, -3.87916, 3.24629, -4.68871, -5.00774, -2.27837, 1.17881, -0.19513]"
42,sub8,supMAE,3,sub8-b2__0091__hop.npy,9,hop,9,0.9460869,1,"[-1.46759, -2.44294, -7.17461, -4.82885, 3.85982, 2.14064, -7.87243, -7.4885, -5.5476, 12.31242, 9.43867, -4.79034, -2.13729, 3.56649, -0.51595, -5.38944, 2.84283, -5.18108, -4.99484, -2.50784, -0.00706, -1.40788]"
42,sub8,supMAE,3,sub8-b2__0093__hop.npy,9,hop,9,0.98760915,1,"[-2.72887, -2.319, -8.07507, -5.48578, 5.32783, 3.18026, -7.85038, -6.80006, -6.18842, 12.99891, 8.54054, -3.42106, -2.10372, 3.03933, -1.57469, -4.52746, 5.15831, -5.1894, -5.36981, -1.95532, -0.35825, -1.44156]"
42,sub8,supMAE,3,sub8-b2__0094__jump.npy,10,jump,10,0.61667,1,"[1.56479, -0.04946, -3.33069, -6.32948, 3.04133, 2.5247, -6.5303, -4.95676, -5.38598, 8.62321, 9.12619, 0.38207, 0.20194, 2.20476, 1.08939, -5.18081, 4.60394, -5.6731, -7.57507, -6.78595, -4.32241, 0.33322]"
42,sub8,supMAE,3,sub8-b2__0095__jump.npy,10,jump,10,0.79713404,1,"[3.05092, 5.44452, 1.69866, 1.57582, -3.99689, 1.13317, -5.69272, -4.18002, -3.02502, 2.03041, 7.60005, -7.38212, -0.38585, 5.43184, 1.44659, -8.33718, -4.92098, -7.11459, -2.61671, -8.42422, -4.04423, 0.20385]"
42,sub8,supMAE,3,sub8-b2__0096__jump.npy,10,jump,10,0.44013992,1,"[3.51908, 6.35745, 2.48757, 2.57202, -3.29844, 1.3351, -5.33347, -4.01835, -3.94317, 1.09578, 7.09195, -7.65689, -1.18703, 6.77421, 2.40351, -9.23475, -4.88297, -7.87909, -2.57218, -7.84067, -3.89377, -1.25752]"
42,sub8,supMAE,3,sub8-b2__0097__jump.npy,10,jump,10,0.37436622,1,"[3.9091, 6.85974, 3.00775, 3.15565, -3.79664, 2.39467, -4.9168, -3.63362, -4.00576, 0.03123, 7.07958, -6.96209, -1.40037, 6.7959, 3.4394, -9.84241, -4.74152, -8.41623, -2.53869, -7.75897, -4.99781, -3.01284]"
42,sub8,supMAE,3,sub8-b2__0098__jump.npy,10,jump,10,0.5570904,1,"[3.20546, 6.03592, 1.67479, 2.44372, -2.49061, 2.69913, -6.04386, -3.71717, -4.32749, 1.53804, 7.44057, -6.76465, -1.54138, 6.76084, 2.43441, -9.4875, -3.3472, -8.06694, -3.28792, -7.92124, -4.68269, -2.20521]"
42,sub8,supMAE,3,sub8-b2__0099__jump.npy,10,jump,13,0.81960773,0,"[2.83425, 6.16294, 2.00717, 4.37959, -1.97306, 3.54578, -4.43707, -1.93808, -5.65732, -0.8151, 5.58394, -6.10671, -2.13533, 8.38279, 4.39646, -10.44354, -3.08767, -7.8581, -2.12366, -9.03321, -5.26431, -4.52118]"
42,sub8,supMAE,3,sub8-b2__0100__runonspot.npy,13,runonspot,13,0.9813953,1,"[4.82593, 7.26624, 3.52824, 5.44857, 0.82984, 1.38627, -3.26975, -2.35082, -7.70829, -0.8057, 4.63637, -7.70366, -4.24397, 11.59536, 4.83617, -10.20908, -4.90411, -7.55828, -1.6083, -9.36707, -3.73869, -4.9344]"
42,sub8,supMAE,3,sub8-b2__0101__runonspot.npy,13,runonspot,13,0.987359,1,"[4.35146, 6.66428, 3.29245, 5.86493, 0.72408, 0.45044, -2.62511, -2.16835, -7.60386, -0.85854, 4.03712, -8.12689, -3.68903, 11.60301, 4.59148, -9.52446, -5.34194, -7.38101, -0.70469, -9.22796, -3.00479, -5.06903]"
42,sub8,supMAE,3,sub8-b2__0104__runonspot.npy,13,runonspot,13,0.9784801,1,"[4.40865, 6.88306, 2.87216, 5.36983, 0.58646, 1.3295, -2.5966, -1.97405, -7.69265, -0.83714, 4.79471, -7.18991, -4.56849, 11.29608, 5.86577, -10.48011, -4.35259, -8.23704, -0.89225, -8.8576, -4.20311, -6.40993]"
42,sub8,supMAE,3,sub8-b2__0106__buttkicks.npy,4,buttkicks,4,0.96632975,1,"[-0.50582, -0.64339, -7.08375, -3.92861, 13.26134, 1.48038, -7.8763, -4.57373, -9.03731, 9.82538, 4.40206, -4.95077, -4.85122, 7.03718, 1.66774, -4.41265, 5.63803, -6.02762, -7.05668, -1.42245, 2.26085, -0.63659]"
42,sub8,supMAE,3,sub8-b2__0107__buttkicks.npy,4,buttkicks,4,0.9451212,1,"[1.10957, -0.5301, -6.1753, -4.91734, 12.72639, 1.18079, -7.59733, -5.17584, -8.47552, 9.82724, 5.35961, -4.17706, -4.82092, 6.46861, 2.44985, -4.81871, 4.83791, -5.72688, -7.50862, -2.13819, 1.61168, -0.38018]"
42,sub8,supMAE,3,sub8-b2__0108__buttkicks.npy,4,buttkicks,4,0.79460496,1,"[1.69093, 0.00093, -5.57342, -4.74182, 11.20483, 0.92761, -7.84594, -5.55697, -7.80536, 9.79899, 6.07993, -4.72493, -4.09979, 6.18792, 1.71406, -4.78434, 3.56715, -6.09071, -7.33591, -2.56783, 1.52306, -0.29519]"
42,sub8,supMAE,3,sub8-b2__0110__buttkicks.npy,4,buttkicks,4,0.9891043,1,"[0.9047, -0.24137, -6.45868, -5.09025, 13.66626, 2.05244, -7.45265, -4.17524, -8.66843, 9.02001, 4.76904, -2.88331, -5.09813, 6.336, 3.36136, -5.10809, 6.20941, -5.90863, -7.85965, -2.03143, 0.46119, -1.09412]"
42,sub8,supMAE,3,sub8-b2__0111__airkick.npy,0,airkick,0,0.7126388,1,"[9.07527, 6.76865, 5.69567, -2.36597, -7.19791, -0.34795, -3.15022, -4.6838, 1.12277, -0.36481, 7.58432, -4.32938, -0.11894, 0.15987, 5.93222, -5.7431, -8.16187, -6.43326, -4.61706, -7.84598, -5.02175, 1.47251]"
42,sub8,supMAE,3,sub8-b2__0112__airkick.npy,0,airkick,0,0.80542487,1,"[9.2494, 6.71562, 6.47066, -2.5799, -5.75433, -0.32929, -2.75916, -4.39872, -0.12234, -0.90455, 6.09959, -3.65744, 0.66109, 0.70624, 6.37316, -6.25409, -7.11111, -7.19938, -5.01213, -7.38047, -4.31399, 1.15746]"
42,sub8,supMAE,3,sub8-b2__0113__airkick.npy,0,airkick,0,0.87287444,1,"[9.69817, 6.94764, 6.26257, -1.81512, -5.74719, -0.45633, -3.2321, -4.66421, 0.09694, -0.67196, 6.06266, -4.64292, -0.07485, 1.13043, 5.90884, -6.37743, -7.92033, -7.3891, -4.81071, -6.61138, -3.2397, 0.93863]"
42,sub8,supMAE,3,sub8-b2__0114__airkick.npy,0,airkick,0,0.8848328,1,"[9.28657, 4.70924, 4.92602, -3.61635, -4.14269, -1.28798, -3.15979, -3.68888, 0.53185, -0.38253, 5.58199, -3.05417, 0.26879, 0.60541, 6.75989, -4.69113, -6.52201, -5.26581, -6.04437, -7.95121, -3.5404, 3.07788]"
42,sub8,supMAE,3,sub8-b2__0115__airkick.npy,0,airkick,0,0.7262348,1,"[8.27074, 6.06168, 6.76859, -1.73696, -7.04496, -2.24854, -2.67096, -4.65836, 0.86544, -1.01511, 4.65295, -5.17928, 3.21443, 0.22232, 2.68855, -4.42155, -8.68923, -6.47687, -3.60701, -6.99591, -1.73982, 3.21372]"
42,sub8,supMAE,3,sub8-b2__0116__airkick.npy,0,airkick,0,0.8407312,1,"[9.09883, 6.63237, 6.30497, -1.62709, -6.19276, -1.55563, -3.55081, -5.33788, 0.45295, -0.32319, 5.74744, -5.81628, 1.18251, 0.96963, 4.00586, -5.8131, -8.6726, -6.95083, -4.19008, -6.52136, -1.90111, 2.38156]"
42,sub8,supMAE,3,sub8-b2__0118__sidekick.npy,14,sidekick,14,0.9984877,1,"[6.53178, 4.9329, 3.21152, -4.43491, 0.16334, 4.35811, -0.54793, 1.3855, -3.10439, -3.82064, 2.74376, 5.62441, -1.69876, 0.3887, 13.64409, -7.84031, 3.85914, -7.52583, -7.25523, -6.40493, -9.57722, -3.49758]"
42,sub8,supMAE,3,sub8-b2__0119__sidekick.npy,14,sidekick,14,0.9976597,1,"[5.98698, 4.84725, 3.72355, -4.22146, -1.29578, 4.67548, 0.18514, 2.26119, -1.85077, -5.19122, 1.57923, 6.55075, -0.17997, -1.04881, 13.32089, -7.00873, 3.66502, -7.68174, -6.57096, -5.81684, -9.96769, -4.2469]"
42,sub8,supMAE,3,sub8-b2__0120__sidekick.npy,14,sidekick,14,0.9967565,1,"[7.48772, 5.11975, 3.47787, -4.91244, -0.2787, 4.80469, 0.19769, 1.13875, -1.98939, -4.36429, 2.6644, 6.73826, -1.99511, -0.9421, 13.73643, -7.07874, 3.54776, -7.04253, -6.8133, -5.39853, -10.26915, -4.2266]"
42,sub8,supMAE,3,sub8-b2__0121__sidekick.npy,14,sidekick,14,0.997291,1,"[6.1526, 4.95851, 2.88473, -4.50215, 0.22756, 4.31845, -0.22081, 2.37563, -1.97799, -4.86743, 1.71027, 6.72227, -1.90501, -0.58336, 13.33083, -7.05681, 4.76779, -6.39079, -7.06146, -6.34752, -10.37964, -2.21045]"
42,sub8,supMAE,3,sub8-b2__0122__sidekick.npy,14,sidekick,14,0.99053967,1,"[6.13428, 5.27718, 3.45144, -5.51242, -2.06202, 3.69229, -0.5935, 1.08369, -0.09433, -3.93874, 3.08697, 5.71009, -0.29838, -2.02306, 11.63037, -5.85407, 2.75189, -6.89189, -7.06526, -6.12813, -10.72844, -1.40983]"
42,sub8,supMAE,3,sub8-b2__0124__crosstoe.npy,6,crosstoe,6,0.9972072,1,"[3.77685, 1.30698, 4.70355, -8.38219, -6.21528, -2.18336, 16.19293, 0.47157, -0.46637, -7.33101, -2.41596, 10.05203, 8.31004, -5.83757, 7.87841, -1.00108, -1.30178, -5.67756, 4.74217, -2.2475, -6.34599, -6.32273]"
42,sub8,supMAE,3,sub8-b2__0125__crosstoe.npy,6,crosstoe,6,0.9978515,1,"[4.17095, 1.48333, 5.05063, -7.80225, -6.46616, -2.41741, 16.32088, 0.65287, -0.29897, -7.97479, -2.6269, 9.7894, 8.40705, -5.56927, 8.21581, -1.05756, -1.94549, -5.17928, 4.80526, -2.82894, -6.56467, -6.07151]"
42,sub8,supMAE,3,sub8-b2__0126__crosstoe.npy,6,crosstoe,6,0.99848396,1,"[4.07873, 1.92278, 5.15373, -7.75473, -6.70932, -2.48056, 16.52052, 0.66631, -0.39721, -7.96346, -2.43572, 9.58417, 8.47815, -5.44342, 8.00031, -1.1074, -2.18131, -5.33688, 4.94666, -2.9348, -6.68663, -6.17371]"
42,sub8,supMAE,3,sub8-b2__0127__sidekick.npy,14,sidekick,6,0.9976674,0,"[4.46809, 1.71859, 4.23459, -8.23115, -6.49413, -2.23598, 15.90513, 0.07518, 0.25516, -7.36758, -1.86208, 9.40243, 7.69111, -5.92492, 8.36983, -1.26755, -1.84861, -5.87608, 4.69593, -1.33711, -6.53667, -6.67529]"
42,sub8,supMAE,3,sub8-b2__0128__crosstoe.npy,6,crosstoe,6,0.99864584,1,"[4.068, 1.71447, 5.29055, -8.01733, -6.66803, -2.40616, 16.43472, 0.61284, -0.19419, -7.87105, -2.62425, 9.35176, 8.47293, -5.71722, 7.56688, -0.56408, -2.34242, -5.07316, 4.69723, -2.72769, -6.49674, -5.28279]"
42,sub8,supMAE,3,sub8-b2__0129__crosstoe.npy,6,crosstoe,6,0.9996517,1,"[3.83048, 1.49032, 4.4276, -7.94852, -6.68959, -2.90252, 17.22427, 0.03574, 0.15283, -7.64961, -3.01471, 8.46956, 7.97549, -5.98827, 7.71177, -0.62108, -2.76686, -5.49169, 6.1823, -0.96149, -5.59598, -6.10558]"
42,sub8,supMAE,3,sub8-b2__0131__throw.npy,18,throw,18,0.99949217,1,"[-6.01858, 1.50893, -3.98731, 7.91244, -5.28853, -1.24127, 4.03865, 4.29279, -0.59245, -1.83401, -5.66261, -6.83908, -1.12532, 0.8487, -2.2352, 0.68926, -6.48756, -0.23869, 15.54757, -8.79101, -3.06329, -2.00589]"
42,sub8,supMAE,3,sub8-b2__0132__throw.npy,18,throw,18,0.9995974,1,"[-5.27442, 2.64012, -4.44575, 9.25514, -5.54347, 0.61684, 3.27206, 5.44724, 0.41698, -3.00245, -5.9985, -5.76616, -4.0613, 0.0784, -1.59814, -1.05689, -5.77098, -0.0378, 17.09827, -8.80832, -5.06838, -3.6421]"
42,sub8,supMAE,3,sub8-b2__0133__throw.npy,18,throw,3,0.79809177,0,"[-8.3652, 2.05212, -4.60243, 16.22825, 0.50807, 0.64949, 0.57399, 9.17755, -5.83098, -2.92613, -8.96907, -8.8569, -5.22912, 6.35451, -3.71572, -0.92223, -2.78075, 1.94725, 14.8502, -10.15707, -3.12789, -3.11346]"
42,sub8,supMAE,3,sub8-b2__0134__throw.npy,18,throw,18,0.7081253,1,"[-7.20741, 2.66764, -3.29706, 15.3358, -1.0537, 0.38755, 2.78447, 8.41864, -5.81341, -3.42825, -7.86367, -8.05185, -4.87669, 5.73887, -3.11363, -1.13148, -4.03947, 1.53402, 16.22317, -9.93625, -4.05422, -4.806]"
42,sub8,supMAE,3,sub8-c__0001__sit.npy,15,sit,15,0.9892055,1,"[-2.14704, -0.45908, -4.19124, 1.47323, 1.78887, -3.36099, 1.76223, 1.57531, 4.39395, 0.15883, -8.70955, -3.68946, -5.12179, -2.21615, -5.87773, 16.67759, -6.71707, 12.15757, 5.29626, 2.73974, 4.46519, 1.57725]"
42,sub8,supMAE,3,sub8-c__0002__stand.npy,17,stand,17,0.99267477,1,"[-0.73826, -0.70671, -5.96931, 0.79583, 3.09299, -1.89519, -0.20951, 1.67959, 4.7933, 1.21881, -8.16037, -4.11025, -7.2228, -2.88481, -3.32056, 9.46948, -7.18827, 14.45061, 5.76015, 2.57287, 6.17449, 0.401]"
42,sub8,supMAE,3,sub8-c__0003__sit.npy,15,sit,15,0.99437124,1,"[-2.95148, -1.33263, -4.13033, 1.10588, 0.56938, -3.95312, 2.99746, 1.95879, 4.51691, -0.27721, -9.31615, -3.30337, -4.03184, -2.80994, -4.61218, 17.07055, -6.67839, 11.89261, 5.78832, 2.43758, 4.35158, 1.6628]"
42,sub8,supMAE,3,sub8-c__0004__stand.npy,17,stand,17,0.99991393,1,"[2.04048, -0.25807, -2.07123, 2.43863, 4.78569, -2.348, 1.51301, 0.47685, -1.01797, 1.33449, -6.77196, -4.44394, -5.87966, 1.22125, -3.12482, 5.17319, -9.62264, 17.27845, 5.65399, -4.20519, 7.66453, 0.27238]"
42,sub8,supMAE,3,sub8-c__0005__walk.npy,20,walk,20,0.96512413,1,"[8.98969, 5.95233, 0.12796, -0.62041, 4.52316, -2.43583, 1.01401, -4.69004, -1.76832, 1.13862, -1.28707, -6.52068, -9.59875, 2.61859, 4.06088, -7.861, -10.64589, 3.20761, 4.98255, 6.47521, 12.4685, -6.72835]"
42,sub8,supMAE,3,sub8-c__0006__turnaround.npy,19,turnaround,19,0.99998975,1,"[3.55783, 7.20122, 0.25222, -1.85837, -4.38951, -3.79149, 4.65131, -5.12146, 5.75394, 0.60775, -0.15163, -7.11143, -7.00707, -4.64626, -0.572, 3.42775, -10.51088, -4.97083, 8.85743, 20.58018, 4.25276, -9.7479]"
42,sub8,supMAE,3,sub8-c__0007__sit.npy,15,sit,15,0.99956924,1,"[-1.3287, -0.33812, -3.80939, 0.57909, 0.25202, -4.00169, 2.64603, 0.87467, 5.22936, -0.12344, -8.39107, -3.69903, -3.96312, -3.38545, -5.30427, 17.62961, -7.17378, 9.84953, 5.54106, 4.13314, 4.14573, 1.39048]"
42,sub8,supMAE,3,sub8-c__0008__stand.npy,17,stand,17,0.9991565,1,"[1.53819, -0.6397, -2.41155, 2.1892, 4.23003, -2.12784, 1.55251, 0.43134, -1.03815, 1.55705, -7.19715, -4.63, -5.37497, 0.77902, -2.30209, 4.70055, -9.87145, 16.54489, 5.6517, -3.28219, 9.42898, -0.43197]"
42,sub8,supMAE,3,sub8-c__0009__turnaround.npy,19,turnaround,19,0.9999665,1,"[1.41584, 4.04573, -0.85609, -1.25328, -5.56254, -5.07078, 4.76264, -5.09983, 6.10305, 1.53762, -1.36657, -7.7884, -5.11328, -5.35641, -2.67024, 6.58712, -10.44246, -4.20429, 9.82936, 20.21661, 5.44446, -7.59528]"
42,sub8,supMAE,3,sub8-c__0010__sit.npy,15,sit,15,0.9990081,1,"[-1.72421, -0.2806, -3.54969, 0.8194, 0.01059, -4.09286, 2.37953, 0.75598, 5.39731, -0.24117, -8.4382, -3.90583, -3.89833, -3.35614, -5.48004, 17.45824, -7.49764, 10.52635, 5.46742, 4.05223, 4.63211, 1.77102]"
42,sub8,supMAE,3,sub8-c__0011__stand.npy,17,stand,17,0.99916446,1,"[1.52103, 0.0495, -2.49836, 2.13141, 4.67794, -2.0384, 0.62391, 0.23289, -0.67413, 1.41958, -7.00741, -4.91218, -6.1058, 1.07664, -2.09943, 3.74672, -9.31244, 16.18087, 5.28719, -2.65829, 9.05142, -0.03488]"
42,sub8,supMAE,3,sub8-c__0012__turnaround.npy,19,turnaround,19,0.99999714,1,"[2.27614, 4.90004, -1.69, -2.00497, -4.32555, -3.78869, 2.63516, -5.36733, 7.45287, 1.86524, -0.47705, -7.56104, -7.24948, -5.63504, -1.03669, 5.03711, -10.03377, -3.47124, 8.17157, 21.499, 5.76988, -8.36138]"
42,sub8,supMAE,3,sub8-c__0013__sit.npy,15,sit,15,0.99912375,1,"[-2.04754, 0.02441, -3.04125, 1.0124, -0.22413, -3.808, 2.2538, 1.06551, 5.31953, -0.70833, -8.72366, -3.62809, -3.49803, -3.19803, -5.21482, 17.47765, -7.24982, 10.42416, 5.08616, 3.51446, 4.15121, 1.78954]"
42,sub8,supMAE,3,sub8-c__0014__stand.npy,17,stand,17,0.99902153,1,"[1.05491, -0.91779, -2.59666, 1.60063, 4.23888, -2.20729, 1.08124, 0.49087, -0.73712, 1.54807, -7.28216, -4.47051, -5.32175, 0.68842, -1.3774, 4.10107, -9.28728, 16.44579, 5.37611, -2.92899, 9.48971, -0.20393]"
42,sub8,supMAE,3,sub8-c__0015__turnaround.npy,19,turnaround,19,0.99999666,1,"[3.09334, 5.75079, -0.25532, -1.62256, -4.1602, -3.821, 3.74859, -5.27643, 6.17363, 1.32913, -0.64375, -7.15241, -7.14428, -4.91961, -0.42713, 4.26306, -10.23927, -3.92184, 8.32482, 21.19501, 5.54172, -9.21175]"
42,sub8,supMAE,3,sub8-c__0016__sit.npy,15,sit,15,0.9995302,1,"[-1.90766, 0.10472, -3.08744, 1.39832, 0.21345, -4.32551, 1.76224, 0.98925, 5.21344, -0.36433, -8.60958, -4.18104, -3.51289, -2.8098, -6.17392, 17.79432, -7.17096, 10.11342, 5.04397, 3.29139, 4.12361, 2.64928]"
42,sub8,supMAE,3,sub8-c__0017__stand.npy,17,stand,17,0.9989661,1,"[1.12998, -0.52506, -2.47293, 1.71584, 4.30489, -1.74415, 0.64734, 0.54921, -0.89938, 1.56936, -7.13794, -4.35292, -5.4505, 0.68977, -1.50015, 4.02908, -9.1293, 16.19014, 4.99329, -3.19454, 9.28956, -0.40383]"
42,sub8,supMAE,3,sub8-c__0018__turnaround.npy,19,turnaround,19,0.99998987,1,"[3.1332, 5.18873, 0.72236, -0.91463, -4.99194, -4.18843, 4.07972, -5.01984, 5.74611, 0.64205, -1.01287, -6.81184, -6.30597, -4.86777, -0.11055, 4.65455, -10.449, -4.04676, 8.27616, 20.01553, 5.95571, -8.49884]"
42,sub8,supMAE,3,sub8-c__0019__squat.npy,16,squat,16,0.9995054,1,"[-4.79761, -2.78808, -5.78923, -5.75923, 8.3495, 6.68865, -4.16129, 1.42408, -8.5624, 2.47815, 0.74133, 8.58533, 5.07786, 1.98998, 2.75642, -4.78533, 16.87844, -7.58657, -8.68594, -6.12378, -6.06996, -2.338]"
42,sub8,supMAE,3,sub8-c__0020__squat.npy,16,squat,16,0.99885213,1,"[-3.78717, -1.83179, -6.36021, -7.08707, 7.81934, 7.05827, -3.95686, 1.22636, -6.84731, 1.81465, 1.10727, 10.32716, 4.46803, 0.09775, 3.10038, -5.0129, 17.21234, -7.24801, -8.1304, -4.86187, -7.29631, -3.08235]"
42,sub8,supMAE,3,sub8-c__0021__squat.npy,16,squat,16,0.9985378,1,"[-3.64048, -1.99016, -6.75661, -7.58697, 6.99345, 6.66389, -3.99088, 0.8912, -5.66675, 1.76809, 1.15317, 10.33965, 4.89167, -1.09969, 3.21844, -4.77257, 16.92983, -7.23597, -7.77213, -4.1831, -7.12996, -2.65146]"
42,sub8,supMAE,3,sub8-c__0023__squat.npy,16,squat,16,0.99907446,1,"[-3.53797, -1.17603, -7.41373, -7.32892, 7.51848, 7.0882, -3.85835, 1.01582, -5.48693, 1.07584, 1.18446, 10.28491, 3.63107, -0.8275, 4.04382, -5.34771, 17.37099, -6.93545, -7.5898, -3.94901, -7.99278, -2.76051]"
42,sub8,supMAE,3,sub8-c__0024__pickup.npy,11,pickup,11,0.9941719,1,"[1.12943, -1.77099, 2.59171, -8.64832, -0.65679, 3.54734, 4.27225, 1.45723, -3.90639, -3.30567, -1.41857, 15.81444, 10.06605, -4.65131, 4.49806, -2.16883, 9.87924, -5.81864, -4.04873, -6.3259, -6.87628, -3.92221]"
42,sub8,supMAE,3,sub8-c__0025__pickup.npy,11,pickup,11,0.9948809,1,"[1.26937, -2.21565, 2.21511, -8.78549, -0.32511, 3.6173, 4.25053, 0.90614, -4.24639, -2.69949, -1.01264, 15.85956, 9.7932, -4.56545, 4.4775, -1.99577, 9.98082, -5.89619, -3.98307, -5.90825, -6.44457, -4.4564]"
42,sub8,supMAE,3,sub8-c__0026__pickup.npy,11,pickup,11,0.9961473,1,"[2.64232, -1.09903, 4.73316, -8.23879, -2.42771, 3.0572, 5.39221, 0.85875, -3.1042, -4.23586, -1.43498, 15.69742, 10.03117, -5.22637, 4.87436, -2.1736, 7.68149, -5.84607, -3.02536, -5.71166, -6.6571, -4.40304]"
42,sub8,supMAE,3,sub8-c__0027__pickup.npy,11,pickup,11,0.9950035,1,"[1.32302, -1.72672, 1.74559, -9.02464, -0.27502, 4.37945, 3.64208, 0.85191, -3.87662, -2.45916, -0.57537, 15.83241, 8.78987, -4.87404, 4.86256, -2.42005, 10.33881, -6.30455, -4.16742, -5.24495, -7.00551, -5.0809]"
42,sub8,supMAE,3,sub8-c__0028__pickup.npy,11,pickup,11,0.9968927,1,"[2.79821, -0.38177, 5.50891, -8.12315, -2.90883, 2.95111, 5.94636, 1.28736, -2.59339, -5.07887, -1.92015, 15.73271, 9.84212, -5.32345, 5.04916, -2.26627, 7.35643, -5.84147, -2.8051, -5.47323, -7.23637, -4.17808]"
42,sub8,supMAE,3,sub8-c__0029__pushchair.npy,12,pushchair,12,0.9758906,1,"[1.35837, 1.61148, 8.15406, -5.7291, -7.40811, -0.40407, 5.43229, 2.65226, 0.53282, -8.43002, -3.10454, 10.4554, 14.25969, -4.99343, 3.80092, -2.69567, 2.04783, -4.89572, -2.2491, -8.19954, -7.26422, 1.51835]"
42,sub8,supMAE,3,sub8-c__0031__pushchair.npy,12,pushchair,12,0.97927666,1,"[1.97661, 1.50309, 8.66205, -5.80049, -8.25307, -0.8086, 5.68058, 2.03195, 1.33132, -8.60621, -3.13253, 10.26453, 14.31414, -5.73774, 3.74264, -2.27045, 1.00408, -4.70493, -1.63982, -7.45147, -6.7351, 1.45864]"
42,sub8,supMAE,3,sub8-c__0032__pushchair.npy,12,pushchair,12,0.9962161,1,"[0.92866, 0.77619, 8.13939, -5.37896, -7.2932, -1.44686, 5.4432, 2.38733, 0.27471, -7.98333, -3.72975, 9.40484, 15.24458, -4.76567, 2.95566, -1.82074, 1.48215, -4.60886, -1.89109, -8.12195, -5.64462, 2.34882]"
42,sub8,supMAE,3,sub8-c__0033__pushchair.npy,12,pushchair,12,0.96174717,1,"[1.84001, 1.50297, 8.27743, -6.08478, -7.45783, -0.33891, 5.45066, 2.21992, 0.55646, -8.21729, -2.77419, 10.74001, 14.05265, -5.26041, 3.9633, -2.61825, 1.97728, -5.07011, -2.23657, -7.7906, -7.2182, 1.038]"
42,sub8,supMAE,3,sub8-c__0034__pushchair.npy,12,pushchair,12,0.99537474,1,"[0.82828, 0.53838, 7.63859, -5.78936, -6.86879, -1.13952, 4.966, 2.42159, 0.07896, -7.49713, -3.42548, 9.74588, 15.24248, -4.86826, 3.01617, -1.8357, 2.1679, -4.86976, -2.42482, -8.10134, -5.74337, 2.16752]"
42,sub8,supMAE,3,sub8-c__0036__stand.npy,17,stand,17,0.9996754,1,"[0.17001, -1.2977, -2.91193, 1.8136, 4.17418, -1.6191, 0.91943, 1.02857, -0.88163, 1.58813, -7.57936, -4.07296, -5.22599, 0.54472, -1.30679, 4.57128, -8.81876, 16.93486, 5.21255, -3.55345, 8.85117, -0.2357]"
42,sub8,supMAE,3,sub8-c__0037__turnaround.npy,19,turnaround,19,0.9999956,1,"[2.17492, 5.06179, -1.37252, -1.85742, -4.22247, -3.99641, 3.12163, -5.31058, 6.46066, 1.72327, -0.61428, -7.32179, -6.62636, -5.19044, -1.18243, 5.04217, -9.60743, -3.81897, 8.32764, 20.91292, 5.44931, -8.52651]"
42,sub8,supMAE,3,sub8-c__0038__sit.npy,15,sit,15,0.99982977,1,"[-1.48111, -0.19887, -3.72038, 0.88626, 0.25044, -4.51069, 2.33326, 0.28202, 5.08288, 0.0865, -8.10683, -4.48089, -3.63094, -3.05913, -5.99644, 18.03355, -7.35342, 9.2895, 5.58785, 5.02734, 4.91172, 1.52523]"
42,sub8,supMAE,3,sub8-c__0039__stand.npy,17,stand,17,0.9961836,1,"[1.98644, -0.14206, -2.70872, 1.71529, 4.75356, -1.64316, 0.81123, 0.27124, -1.08765, 1.38446, -6.86303, -4.56056, -6.06758, 1.03753, -0.90156, 2.63002, -9.25729, 15.49284, 5.12046, -2.4278, 9.91232, -1.08342]"
42,sub8,supMAE,3,sub8-c__0040__turnaround.npy,19,turnaround,19,0.99999607,1,"[4.48387, 6.13727, -0.07256, -1.95901, -5.11971, -3.14733, 3.28452, -5.44406, 7.69257, 0.34459, -0.01544, -5.95773, -7.93847, -5.92824, 1.22819, 2.99815, -10.00882, -3.97836, 7.6545, 20.98756, 5.06844, -9.08701]"
42,sub8,supMAE,3,sub8-c__0041__sit.npy,15,sit,15,0.99964607,1,"[-1.8814, -0.15209, -3.36855, 1.05995, 0.40166, -4.10371, 2.77277, 1.09662, 4.77919, -0.62168, -8.98932, -3.73176, -3.83644, -2.85046, -5.15153, 17.83236, -6.80758, 9.85979, 5.48369, 4.0778, 4.29224, 1.64168]"
42,sub8,supMAE,3,sub8-c__0042__stand.npy,17,stand,17,0.99917537,1,"[1.46875, -0.74883, -2.68435, 2.08346, 4.77456, -2.43546, 1.03171, 0.47203, -0.89922, 1.48519, -7.28665, -4.68029, -5.5183, 1.00978, -2.03207, 3.91531, -9.32905, 16.77547, 5.33821, -3.22084, 9.64999, 0.2278]"
42,sub8,supMAE,3,sub8-c__0043__turnaround.npy,19,turnaround,19,0.99999464,1,"[2.80998, 5.83802, -1.60192, -1.90609, -2.95972, -4.37769, 3.41209, -5.36807, 5.60114, 2.01489, -0.85144, -7.77099, -7.36976, -4.19496, -1.86571, 5.34553, -9.80324, -3.66533, 8.22585, 20.6976, 6.29005, -8.24616]"
42,sub8,supMAE,3,sub8-c__0044__stand.npy,17,stand,15,0.9995468,0,"[-2.40192, -0.64734, -3.43485, 0.74235, -0.62791, -3.49308, 2.67087, 1.37185, 5.43035, -0.83559, -9.04387, -3.02281, -3.45005, -3.66721, -4.40777, 17.86485, -6.65792, 10.14617, 5.20906, 3.47075, 3.71799, 1.71057]"
42,sub8,supMAE,3,sub8-c__0046__turnaround.npy,19,turnaround,19,0.999997,1,"[2.43683, 4.58619, -2.24369, -1.99654, -4.10488, -3.76739, 2.03162, -5.60859, 7.69611, 2.24085, -0.27513, -7.61635, -7.30908, -5.68492, -1.75909, 5.49231, -9.75631, -3.27142, 8.01987, 21.41617, 5.94019, -8.23298]"
42,sub8,supMAE,3,sub8-c__0047__sit.npy,15,sit,19,0.99870265,0,"[3.21524, 7.46161, 1.51287, -0.93334, -3.06045, -4.13439, 4.71543, -3.32304, 5.85445, -2.204, -3.81696, -5.29872, -5.55421, -3.61872, -1.06274, 9.17465, -8.57468, -3.56053, 6.66918, 16.0936, 2.125, -5.23901]"
42,sub8,supMAE,3,sub8-c__0048__stand.npy,17,stand,17,0.99723095,1,"[1.81686, 0.08246, -2.50766, 1.8225, 4.70915, -1.8132, 0.65824, 0.20485, -0.79182, 1.3574, -6.87546, -4.7451, -6.26034, 0.99662, -1.18695, 2.67952, -9.32191, 15.63465, 5.2154, -1.99375, 9.72849, -0.83394]"
42,sub8,supMAE,3,sub8-c__0049__turnaround.npy,19,turnaround,19,0.9999887,1,"[1.45008, 4.49378, -1.44193, -2.31628, -4.84777, -4.20112, 4.21745, -5.03848, 6.45547, 1.46598, -0.68876, -7.02363, -6.29694, -5.4159, 0.12018, 4.44212, -9.98214, -3.79502, 8.97672, 20.50408, 5.48816, -8.84716]"
42,sub8,supMAE,3,sub8-c__0050__sit.npy,15,sit,15,0.9996898,1,"[-2.15183, 0.08144, -3.44431, 1.52655, -0.07353, -3.95342, 1.84013, 1.04225, 5.55185, -0.55529, -8.86051, -4.09337, -3.91474, -3.12064, -5.93364, 17.99412, -6.85733, 9.88504, 5.36469, 4.13648, 4.09812, 2.14235]"
42,sub8,supMAE,3,sub8-c__0051__stand.npy,17,stand,17,0.9992964,1,"[1.24131, -0.5569, -2.59133, 1.77658, 4.37682, -1.94592, 0.5954, 0.51702, -0.66213, 1.51068, -6.99494, -4.5152, -5.61756, 0.68236, -1.64718, 3.65158, -9.27364, 16.51333, 5.11599, -2.88953, 9.22487, -0.21492]"
42,sub8,supMAE,3,sub8-c__0052__turnaround.npy,19,turnaround,19,0.9999949,1,"[1.77315, 4.86217, -1.61913, -2.11194, -4.42876, -3.97255, 3.20797, -5.1621, 6.40045, 1.87705, -0.52605, -7.38305, -6.26237, -5.33663, -1.05584, 4.88458, -9.6678, -4.26114, 8.47696, 20.87226, 5.39552, -8.63554]"
42,sub8,supMAE,3,sub8-c__0053__squat.npy,16,squat,16,0.99945873,1,"[-5.44546, -2.78844, -7.32589, -6.72803, 7.4398, 6.41532, -3.47731, 1.54153, -6.96859, 1.71027, 0.28833, 8.96447, 5.92478, 0.18808, 3.37533, -4.60303, 16.78492, -6.92427, -7.62263, -5.17663, -6.18727, -2.22879]"
42,sub8,supMAE,3,sub8-c__0055__squat.npy,16,squat,16,0.9978721,1,"[-3.71745, -1.30125, -6.43924, -7.34653, 6.82426, 7.12593, -3.0018, 1.46848, -6.06541, 0.60247, 0.91599, 10.70119, 4.81881, -0.60043, 4.25615, -5.45088, 16.90365, -7.29639, -7.64556, -4.71627, -7.99041, -3.34736]"
42,sub8,supMAE,3,sub8-c__0056__squat.npy,16,squat,16,0.99808514,1,"[-4.21874, -1.67422, -6.34341, -7.1233, 6.76964, 6.39641, -2.65859, 1.77961, -6.34001, 0.51008, 0.53661, 10.26119, 5.75735, -0.25768, 3.92161, -4.97591, 16.58003, -7.06094, -7.51723, -5.32179, -7.51737, -2.68805]"
42,sub8,supMAE,3,sub8-c__0057__squat.npy,16,squat,16,0.99819475,1,"[-3.97134, -1.02588, -6.58529, -7.18735, 6.94985, 7.34752, -2.88655, 1.7035, -6.15953, 0.44543, 0.85496, 10.59566, 4.38408, -0.34387, 4.51549, -5.41585, 16.9781, -7.11803, -7.63892, -4.797, -8.26815, -3.46392]"
42,sub8,supMAE,3,sub8-c__0059__pickup.npy,11,pickup,11,0.99601585,1,"[1.7046, -1.35201, 3.5185, -8.59487, -1.30758, 3.55618, 4.97573, 1.59886, -3.43821, -3.9358, -1.88246, 15.73264, 9.76722, -4.9443, 5.27288, -2.31129, 9.14141, -6.1145, -3.91829, -5.76592, -6.92686, -4.02903]"
42,sub8,supMAE,3,sub8-c__0060__pickup.npy,11,pickup,11,0.9963201,1,"[1.70715, -0.84657, 3.86791, -8.60923, -2.00997, 3.63014, 5.14838, 1.9091, -2.85881, -4.43118, -1.92467, 15.66721, 9.77036, -5.27266, 5.44367, -2.4601, 8.6163, -6.12844, -3.76314, -5.77085, -7.46076, -3.9785]"
42,sub8,supMAE,3,sub8-c__0061__pickup.npy,11,pickup,11,0.99518186,1,"[2.12849, -0.21811, 5.0098, -8.3046, -2.8469, 3.14078, 5.96811, 2.16893, -2.33721, -5.4743, -2.43526, 15.44431, 9.98986, -5.37155, 5.67311, -2.48837, 7.60245, -5.97413, -3.29962, -5.81639, -7.62136, -3.62274]"
42,sub8,supMAE,3,sub8-c__0062__pickup.npy,11,pickup,11,0.99525046,1,"[2.15767, 0.51314, 5.37222, -8.29351, -3.53479, 3.25609, 6.1035, 2.56077, -1.69274, -5.97482, -2.47368, 15.29882, 9.84468, -5.68543, 5.73682, -2.53729, 7.04994, -5.95706, -3.19742, -5.85809, -8.28061, -3.50572]"
42,sub8,supMAE,3,sub8-c__0063__pushchair.npy,12,pushchair,12,0.945603,1,"[2.69522, 1.80784, 10.47803, -4.75765, -10.05975, -1.36122, 5.84198, 1.97971, 3.49281, -9.38802, -4.16942, 8.58453, 13.48468, -6.79105, 3.53336, -1.1741, -2.08658, -3.29395, -0.77775, -6.00769, -6.01398, 1.95843]"
42,sub8,supMAE,3,sub8-c__0065__pushchair.npy,12,pushchair,12,0.981043,1,"[2.20145, 1.60469, 9.83233, -4.99989, -9.83213, -1.24501, 5.25234, 2.33101, 3.43879, -9.09855, -4.09119, 8.71743, 14.07382, -6.80991, 3.19236, -1.18466, -1.60095, -3.26558, -1.2091, -6.72274, -6.18199, 2.45909]"
42,sub8,supMAE,3,sub8-c__0066__pushchair.npy,12,pushchair,12,0.96247137,1,"[2.4312, 2.25567, 10.19256, -4.93809, -9.88447, -0.81993, 5.53727, 2.29559, 2.97954, -9.41591, -3.73668, 8.87574, 13.68486, -6.41144, 3.78053, -1.80752, -1.66143, -3.62109, -1.3307, -6.9786, -6.80074, 1.96317]"
42,sub8,supMAE,3,sub8-c__0067__pushchair.npy,12,pushchair,12,0.9382823,1,"[2.77373, 1.50338, 10.79736, -4.83707, -9.96493, -1.77054, 6.09089, 1.88505, 3.37683, -9.12132, -4.47742, 8.55827, 13.62985, -6.83991, 3.05482, -0.74506, -2.23345, -3.29434, -0.574, -5.82239, -5.44555, 2.23867]"
42,sub8,supMAE,3,sub8-c__0068__pushchair.npy,12,pushchair,12,0.9968827,1,"[1.02855, 1.02169, 9.41485, -3.97182, -9.24869, -2.16604, 5.10538, 2.39718, 2.01997, -8.63547, -4.53377, 6.99063, 15.28464, -5.2753, 2.34574, -0.76293, -1.96075, -3.11615, -1.22215, -7.6831, -4.73145, 3.4876]"
42,sub8,supMAE,3,sub8-c__0069__sit.npy,15,sit,15,0.9997687,1,"[-2.72609, -0.812, -3.96088, 0.87251, -0.6455, -3.91627, 2.5254, 1.18259, 5.53018, -0.53005, -8.91165, -3.52846, -3.23864, -3.76421, -4.59527, 18.04557, -6.65754, 9.63012, 5.58407, 4.33723, 4.2245, 1.53634]"
42,sub8,supMAE,3,sub8-c__0070__stand.npy,17,stand,17,0.99893266,1,"[0.73017, -0.61042, -3.0888, 1.54627, 4.01086, -1.62982, 0.39609, 0.50659, -0.21343, 1.6052, -7.06862, -4.44796, -5.70225, 0.23463, -1.19465, 3.3247, -9.06214, 16.25899, 5.18928, -2.33249, 9.39445, -0.52837]"
42,sub8,supMAE,3,sub8-c__0071__turnaround.npy,19,turnaround,19,0.9999938,1,"[1.38316, 4.27102, -2.26942, -2.05714, -4.28307, -3.94734, 2.8416, -5.17775, 6.71237, 2.10084, -0.86029, -7.40995, -6.26524, -5.45967, -1.53291, 5.89402, -9.32836, -3.65295, 8.3689, 20.67871, 5.69258, -8.21929]"
42,sub8,supMAE,3,sub8-c__0072__sit.npy,15,sit,15,0.99989617,1,"[-1.21087, 0.61436, -3.16357, 0.64539, -0.02232, -4.23843, 3.07832, 0.60494, 5.36893, -0.89428, -8.50757, -3.78711, -3.81878, -3.26834, -5.52703, 18.1909, -7.12807, 8.92841, 5.52424, 5.04662, 3.94874, 1.53509]"
42,sub8,supMAE,3,sub8-c__0073__stand.npy,17,stand,17,0.99949527,1,"[0.95083, -0.84614, -2.97798, 1.56992, 4.20033, -1.97067, 0.61665, 0.51028, -0.30292, 1.76205, -7.01283, -4.44993, -5.62913, 0.35701, -1.82507, 4.01144, -9.19789, 16.78086, 5.35084, -2.9676, 9.15292, -0.03969]"
42,sub8,supMAE,3,sub8-c__0074__turnaround.npy,19,turnaround,19,0.9999976,1,"[1.68725, 5.27166, -2.22142, -2.60001, -3.91628, -3.74805, 3.70905, -5.09814, 6.82859, 1.95767, -0.81136, -7.38789, -6.99051, -5.51058, -1.21325, 5.40959, -9.66516, -3.94944, 8.73559, 21.94286, 5.29892, -9.21316]"
42,sub8,supMAE,3,sub8-c__0075__sit.npy,15,sit,15,0.9998989,1,"[-2.47864, -0.24201, -3.59732, 1.0786, -0.15076, -3.90125, 2.27632, 1.21513, 5.25384, -0.67812, -8.91529, -3.6204, -3.09243, -3.24616, -5.28434, 18.42271, -6.42391, 9.17426, 5.08358, 3.99071, 3.91365, 1.86897]"
42,sub8,supMAE,3,sub8-c__0076__stand.npy,17,stand,17,0.9992132,1,"[0.91354, -1.30833, -2.95575, 1.57733, 4.06336, -2.04068, 0.74987, 0.46886, -0.57979, 1.86261, -7.14232, -4.20836, -5.00042, 0.22329, -1.50465, 3.85091, -9.24681, 16.84679, 5.04399, -3.50553, 9.68257, 0.03375]"
42,sub8,supMAE,3,sub8-c__0077__turnaround.npy,19,turnaround,19,0.9999968,1,"[2.80837, 5.47026, -1.30346, -2.39137, -4.38469, -3.89306, 3.91709, -5.37624, 7.17737, 1.48581, -0.44321, -7.14113, -7.30254, -5.57999, -0.50941, 4.40078, -10.16007, -3.56305, 8.73106, 21.62714, 5.27453, -9.0188]"
42,sub8,supMAE,3,sub8-c__0078__sit.npy,15,sit,15,0.9996762,1,"[-1.86884, 0.24647, -3.60365, 0.84324, 0.02497, -3.93119, 2.58579, 1.01523, 5.41127, -0.66645, -8.94289, -3.92398, -3.74653, -3.35499, -5.25829, 17.42454, -6.97766, 9.32933, 5.62848, 4.51438, 4.36594, 1.5218]"
42,sub8,supMAE,3,sub8-c__0079__stand.npy,17,stand,17,0.9995727,1,"[0.81654, -0.70306, -2.7099, 1.93785, 4.18579, -1.99677, 0.75215, 0.75972, -0.4476, 1.47619, -7.37642, -4.40089, -5.45273, 0.45948, -1.95035, 4.33299, -9.15068, 16.77204, 5.31519, -3.25459, 8.96892, 0.18042]"
42,sub8,supMAE,3,sub8-c__0080__turnaround.npy,19,turnaround,19,0.99998796,1,"[1.49565, 4.14793, -1.48915, -1.51267, -4.73021, -4.19031, 3.29162, -4.80088, 6.32105, 1.61286, -1.30781, -7.32827, -5.69965, -5.39959, -1.51346, 5.86782, -9.55851, -4.28786, 8.68839, 20.22573, 5.84089, -8.24989]"
42,sub8,supMAE,3,sub8-c__0081__sit.npy,15,sit,15,0.9994425,1,"[-1.60604, -0.05419, -3.27927, 0.65291, -0.33452, -3.88991, 2.92094, 0.96258, 5.45678, -0.94846, -8.68808, -3.29998, -3.6747, -3.54144, -4.97734, 17.61626, -7.15105, 10.10014, 5.47652, 3.84654, 3.99589, 1.6659]"
42,sub8,supMAE,3,sub8-c__0083__turnaround.npy,19,turnaround,19,0.99998724,1,"[1.24317, 4.41435, -1.35704, -1.42934, -4.73319, -4.37945, 4.09989, -4.79223, 6.08845, 1.54209, -1.30528, -7.74596, -5.92771, -5.1697, -1.42268, 5.64563, -9.98616, -4.07193, 9.34834, 20.71303, 5.61663, -8.29602]"
42,sub8,supMAE,3,sub8-c__0084__sit.npy,15,sit,15,0.9996438,1,"[-0.35805, 1.66683, -2.26905, 1.28802, 0.82808, -4.55565, 2.51639, 0.44864, 5.19779, -1.26195, -8.64535, -4.34423, -4.08756, -2.53514, -6.48497, 17.26217, -7.28714, 9.26591, 5.11435, 5.11813, 4.08287, 2.6472]"
42,sub8,supMAE,3,sub8-c__0085__stand.npy,17,stand,17,0.99966705,1,"[0.81996, -0.80227, -2.72128, 1.83304, 3.96253, -2.53238, 1.07699, 0.66377, 0.00948, 1.41903, -7.50928, -4.42842, -5.19501, 0.08017, -2.46615, 4.8593, -9.26078, 17.07492, 5.61041, -2.96112, 9.0114, 0.7885]"
42,sub8,supMAE,3,sub8-c__0086__turnaround.npy,19,turnaround,19,0.999995,1,"[1.4131, 5.91432, -2.22064, -1.82195, -2.47824, -4.29216, 2.41671, -5.86546, 4.76827, 2.5386, 0.72738, -8.84451, -7.00496, -3.22835, -1.70425, 4.26284, -9.0306, -5.65028, 7.5671, 20.14523, 5.56712, -7.86895]"
42,sub8,supMAE,3,sub8-c__0087__squat.npy,16,squat,16,0.99905974,1,"[-4.25801, -1.76108, -7.11808, -7.39535, 7.06611, 7.18142, -3.7677, 1.25964, -6.09977, 1.53933, 1.27514, 9.92897, 4.0332, -0.44434, 4.46648, -5.62825, 17.01856, -7.1905, -7.95934, -4.65765, -7.679, -2.9279]"
42,sub8,supMAE,3,sub8-c__0088__squat.npy,16,squat,16,0.99873966,1,"[-3.99719, -1.30839, -6.59569, -7.16488, 7.0457, 7.29091, -3.28169, 1.48613, -6.48818, 0.88988, 1.14367, 10.26811, 4.18708, 0.02091, 4.65316, -5.8918, 17.03586, -7.3795, -8.00357, -5.08229, -8.0188, -3.19633]"
42,sub8,supMAE,3,sub8-c__0089__squat.npy,16,squat,16,0.99873525,1,"[-4.14232, -1.30166, -6.73615, -7.06697, 7.06375, 6.77393, -2.79114, 1.33957, -6.52572, 0.76628, 0.96935, 9.83811, 4.64945, 0.15011, 4.47108, -5.69392, 16.62301, -7.19819, -7.40936, -5.0926, -7.72684, -3.17958]"
42,sub8,supMAE,3,sub8-c__0090__squat.npy,16,squat,16,0.9987393,1,"[-4.45255, -1.9347, -7.09085, -7.3746, 7.26938, 6.50017, -2.78772, 1.26546, -6.54853, 1.18995, 0.80952, 9.96866, 5.15048, -0.11529, 4.08665, -5.16684, 16.74765, -6.93462, -7.36416, -4.98631, -7.2602, -2.97476]"
42,sub8,supMAE,3,sub8-c__0091__squat.npy,16,squat,16,0.9989473,1,"[-4.36289, -1.5214, -6.93092, -7.08863, 7.75674, 6.70941, -2.55628, 1.46074, -7.01116, 0.98874, 0.68725, 9.83073, 4.67617, 0.41806, 4.22772, -5.27893, 16.85139, -6.91015, -7.41126, -5.14063, -7.43378, -3.19739]"
42,sub8,supMAE,3,sub8-c__0092__squat.npy,16,squat,16,0.99834204,1,"[-4.01351, -1.18273, -6.52503, -7.16205, 7.23249, 6.66217, -2.16894, 1.6128, -6.66384, 0.41916, 0.62568, 10.12579, 4.74158, 0.18663, 4.77348, -5.45085, 16.61838, -6.99796, -7.37568, -5.19604, -7.80932, -3.25045]"
42,sub8,supMAE,3,sub8-c__0093__pickup.npy,11,pickup,11,0.9981597,1,"[2.09179, 1.03932, 4.42737, -8.71485, -3.25965, 3.61663, 5.72747, 2.37596, -1.63452, -5.58836, -1.76759, 15.40096, 8.67636, -5.70877, 6.1469, -3.24546, 7.7049, -6.16944, -3.25099, -5.84888, -8.9931, -3.84867]"
42,sub8,supMAE,3,sub8-c__0094__pickup.npy,11,pickup,11,0.9778751,1,"[2.2274, 0.97067, 6.49455, -7.73615, -3.89294, 1.80793, 7.53361, 2.5759, -2.25794, -6.6901, -2.97475, 14.49182, 10.6308, -4.89969, 5.29608, -2.40404, 5.83655, -5.46873, -2.23422, -6.9386, -7.86263, -2.68537]"
42,sub8,supMAE,3,sub8-c__0095__pickup.npy,11,pickup,11,0.9637676,1,"[1.91066, 0.63439, 6.21893, -7.8388, -4.01047, 1.80581, 7.34903, 2.79458, -2.12834, -6.69818, -3.01187, 14.63174, 11.31953, -5.05128, 5.19104, -2.32145, 5.86889, -5.41264, -2.28619, -7.23254, -7.82922, -2.75799]"
42,sub8,supMAE,3,sub8-c__0097__pickup.npy,11,pickup,11,0.93026525,1,"[1.96745, 0.66922, 6.71769, -7.62929, -4.55328, 1.37223, 7.69557, 2.76598, -1.83821, -6.97869, -3.29537, 14.41066, 11.79489, -5.22563, 4.73178, -1.87864, 5.23498, -5.32789, -1.92007, -7.12435, -7.56457, -2.42148]"
42,sub8,supMAE,3,sub8-c__0098__pushchair.npy,12,pushchair,12,0.9501983,1,"[2.65914, 3.06036, 9.49139, -5.15175, -9.86939, -0.66005, 5.86994, 2.04292, 3.48109, -9.3087, -3.32219, 8.48941, 12.77798, -6.59593, 3.34204, -1.78918, -2.29835, -3.17459, -0.44566, -6.61953, -7.24892, 1.06448]"
42,sub8,supMAE,3,sub8-c__0099__pushchair.npy,12,pushchair,12,0.9708349,1,"[2.34049, 2.8872, 9.89478, -4.45141, -10.03264, -1.46274, 5.04936, 2.00643, 3.41467, -9.13316, -3.56658, 7.32523, 13.48526, -6.14558, 2.47765, -1.47803, -2.588, -3.35339, -0.85907, -6.8743, -6.33148, 2.49511]"
42,sub8,supMAE,3,sub8-c__0100__pushchair.npy,12,pushchair,12,0.9731293,1,"[2.13377, 2.93057, 9.50529, -4.8043, -9.49263, -0.74997, 5.56206, 2.49597, 2.84562, -9.32262, -3.60502, 8.35358, 13.38886, -6.0237, 3.14005, -1.87664, -1.83537, -3.3423, -0.88377, -7.41794, -7.08254, 1.69515]"
42,sub8,supMAE,3,sub8-c__0101__pushchair.npy,12,pushchair,12,0.9945135,1,"[1.04598, 2.00359, 9.38423, -3.67653, -9.14969, -1.80389, 4.29494, 2.61518, 2.26491, -8.43344, -4.30452, 6.22227, 14.63782, -5.16599, 1.59079, -0.97743, -2.31668, -3.09587, -1.33521, -7.83466, -5.22141, 3.66721]"
42,sub8,supMAE,3,sub8-c__0102__pushchair.npy,12,pushchair,12,0.9723095,1,"[2.11711, 2.57797, 9.62719, -4.99168, -9.73424, -0.95597, 5.89249, 2.48923, 3.04132, -9.35603, -3.7556, 8.75007, 13.55418, -6.39047, 3.10541, -1.59207, -1.80507, -3.06411, -0.66776, -7.30967, -7.02367, 1.84861]"
42,sub8,supMAE,3,sub8-c__0105__stand.npy,17,stand,17,0.99893254,1,"[0.79135, -0.78586, -3.05311, 1.78814, 4.70226, -1.82103, 0.31156, 0.56089, -0.59589, 1.62373, -7.40384, -4.54818, -5.61061, 0.69517, -1.3411, 3.36226, -8.77085, 16.46301, 4.87736, -2.50245, 9.60215, -0.11675]"
42,sub8,supMAE,3,sub8-c__0106__turnaround.npy,19,turnaround,19,0.99998343,1,"[1.63018, 4.79, -1.24224, -2.1611, -5.64155, -4.48062, 4.55441, -4.85489, 7.08508, 0.97859, -0.6677, -7.18969, -5.76174, -5.98056, -0.95933, 5.23466, -10.24668, -4.43152, 9.40965, 20.55182, 4.82977, -8.17461]"
42,sub8,supMAE,3,sub8-c__0107__sit.npy,15,sit,15,0.99980503,1,"[-0.77112, 1.73691, -2.68884, 1.44548, 1.01943, -4.43768, 2.50651, 0.25398, 4.97298, -1.03445, -8.81678, -4.70147, -4.35697, -2.41442, -6.47313, 17.40498, -7.09611, 8.71214, 5.45014, 6.16592, 4.63582, 1.78629]"
42,sub8,supMAE,3,sub8-c__0108__stand.npy,17,stand,17,0.99949825,1,"[0.53994, -0.82282, -2.59173, 2.21102, 4.06377, -2.53514, 1.32284, 0.81054, -0.36328, 1.35598, -7.87983, -4.64244, -5.00015, 0.40847, -2.56466, 5.21939, -9.36981, 17.04242, 5.65642, -2.88144, 9.40083, 0.5584]"
42,sub8,supMAE,3,sub8-c__0109__turnaround.npy,19,turnaround,19,0.99995613,1,"[0.49897, 3.70405, -2.24368, -1.16347, -5.43422, -4.94877, 2.81955, -4.4835, 7.26692, 1.77967, -1.49457, -8.13288, -5.20492, -5.85523, -3.29942, 6.70242, -9.59753, -3.76438, 9.42568, 19.64583, 5.46794, -6.24743]"
42,sub8,supMAE,3,sub8-c__0110__sit.npy,15,sit,15,0.9997315,1,"[-1.93187, -0.14238, -3.57415, 0.79588, 0.17763, -3.88434, 2.52089, 1.04107, 5.27469, -0.67457, -8.86977, -3.41979, -3.59373, -3.39481, -5.45432, 18.03263, -6.67517, 9.77816, 5.36252, 4.40119, 4.1589, 1.62976]"
42,sub8,supMAE,3,sub8-c__0112__turnaround.npy,19,turnaround,19,0.99999714,1,"[3.36621, 6.6568, -1.4341, -1.86389, -2.10223, -4.17163, 3.28618, -5.92249, 5.15692, 2.22459, 0.08315, -8.18765, -7.60884, -3.28847, -2.92321, 5.57761, -9.48398, -3.94657, 7.75212, 21.02676, 5.00993, -8.41427]"
42,sub8,supMAE,3,sub8-c__0113__sit.npy,15,sit,15,0.99987876,1,"[-1.8328, -0.19629, -3.53785, 0.75759, -0.16442, -4.09957, 2.59925, 0.83881, 5.44257, -0.6303, -8.80219, -3.59025, -3.2646, -3.60968, -5.39811, 18.22244, -6.83017, 9.1323, 5.42768, 4.85371, 4.43151, 1.67927]"
42,sub8,supMAE,3,sub8-c__0114__stand.npy,17,stand,17,0.9994869,1,"[0.96722, -0.61486, -2.79177, 1.94195, 4.70171, -2.25074, 0.52617, 0.5554, -0.5025, 1.44932, -7.32769, -4.59341, -5.48031, 0.76571, -1.9181, 3.87039, -8.91791, 16.79589, 4.98136, -2.96041, 9.18834, 0.45506]"
42,sub8,supMAE,3,sub8-c__0115__turnaround.npy,19,turnaround,19,0.999987,1,"[1.21683, 4.99775, -1.77909, -2.27332, -5.05001, -4.22131, 4.19695, -4.80146, 6.91442, 1.4607, -0.68091, -7.48857, -6.01315, -5.63788, -1.42344, 5.09903, -10.01837, -4.35781, 9.36174, 20.73132, 4.80054, -8.58257]"
42,sub8,supMAE,3,sub8-c__0116__sit.npy,15,sit,15,0.9998901,1,"[-0.41357, 0.74605, -3.16439, 0.70539, 0.51452, -4.37667, 2.45615, 0.07417, 5.58176, -0.56695, -8.23979, -4.1239, -3.9776, -3.25112, -6.17588, 17.80568, -7.05562, 8.49866, 5.24067, 6.11641, 4.615, 1.75626]"
42,sub8,supMAE,3,sub8-c__0117__stand.npy,17,stand,17,0.99948055,1,"[0.65536, -1.09837, -3.15282, 1.65822, 4.48736, -2.32183, 0.7494, 0.74311, -0.34326, 1.61747, -7.43656, -4.43205, -5.38978, 0.45685, -1.77042, 4.27263, -8.88885, 16.91393, 5.3164, -2.96575, 9.31769, 0.42278]"
42,sub8,supMAE,3,sub8-c__0118__turnaround.npy,19,turnaround,19,0.9999974,1,"[2.58161, 5.80516, -1.40132, -2.4624, -4.30006, -4.03451, 2.74667, -6.02311, 6.7531, 1.98522, 1.00302, -7.95209, -6.8267, -5.14465, -1.74435, 4.35981, -9.97998, -4.75316, 7.88259, 21.16722, 4.78424, -8.23728]"
42,sub8,supMAE,3,sub8-c__0120__stand.npy,17,stand,17,0.99918705,1,"[0.70183, -0.98273, -3.07049, 1.73346, 4.44808, -2.54682, 0.58514, 0.53414, -0.15527, 1.62652, -7.46615, -4.75071, -5.25444, 0.50805, -1.9856, 4.14492, -9.02731, 16.8474, 5.19611, -2.47006, 9.71233, 0.57849]"
42,sub8,supMAE,3,sub8-c__0121__turnaround.npy,19,turnaround,19,0.9999541,1,"[-0.05041, 3.79806, -2.39829, -1.74626, -5.40806, -4.69486, 4.51142, -4.38091, 6.85314, 1.49913, -1.76794, -7.77947, -5.25399, -5.82436, -2.20295, 6.51226, -9.73286, -3.6337, 10.21097, 20.26963, 5.04245, -7.66647]"
42,sub8,supMAE,3,sub8-c__0122__squat.npy,16,squat,16,0.99687,1,"[-3.24598, -0.08868, -5.2213, -6.80553, 6.51501, 7.38044, -2.47568, 1.69741, -6.73803, 0.00818, 1.22564, 10.34621, 3.77937, 0.54553, 4.95325, -6.51203, 16.18633, -7.62519, -7.54759, -5.58946, -8.789, -3.91864]"
42,sub8,supMAE,3,sub8-c__0123__squat.npy,16,squat,16,0.997673,1,"[-3.94018, -1.29869, -5.91978, -7.19672, 6.79624, 6.40338, -1.53009, 1.46874, -6.8534, 0.16081, 0.49457, 10.3766, 5.14975, 0.16972, 5.06044, -5.59868, 16.49309, -7.31299, -7.10447, -5.32227, -7.75152, -3.4467]"
42,sub8,supMAE,3,sub8-c__0124__squat.npy,16,squat,16,0.98400116,1,"[-2.92038, 0.00553, -3.89166, -7.19429, 4.67541, 6.40212, -0.90402, 1.97847, -6.01497, -1.14001, 0.56918, 10.89036, 5.61636, -0.36798, 5.60066, -6.10834, 15.03281, -7.87103, -7.09223, -5.95989, -8.73878, -3.53371]"
42,sub8,supMAE,3,sub8-c__0126__squat.npy,16,squat,16,0.9824479,1,"[-2.62167, 0.75976, -3.50762, -6.30636, 4.80544, 6.09691, -0.36944, 2.15109, -6.43645, -2.12286, 0.5201, 10.19869, 5.63385, 0.65444, 5.78659, -6.6681, 14.26681, -7.36834, -6.54748, -6.78172, -8.95137, -3.50597]"
42,sub8,supMAE,3,sub8-c__0127__squat.npy,16,squat,16,0.99310124,1,"[-3.21938, -0.06313, -4.74899, -6.82935, 5.9199, 6.09456, -0.6665, 1.7793, -6.67118, -1.02608, 0.50344, 10.11399, 5.57765, 0.48746, 5.2299, -5.87942, 15.13395, -7.38579, -6.65492, -5.97473, -8.30254, -3.62854]"
42,sub8,supMAE,3,sub8-c__0128__pickup.npy,11,pickup,11,0.9764371,1,"[1.83913, 1.00535, 5.62887, -8.06154, -3.81412, 2.17933, 6.86305, 2.68734, -2.04359, -6.24229, -2.44434, 14.40443, 10.63601, -5.01417, 5.21622, -2.50315, 6.05859, -5.64246, -2.60914, -7.1061, -8.29779, -2.9288]"
42,sub8,supMAE,3,sub8-c__0129__pickup.npy,11,pickup,11,0.99031407,1,"[2.46769, 1.72185, 6.22209, -7.99036, -4.46876, 2.4075, 7.18043, 2.84857, -1.34561, -6.95016, -2.40185, 14.73101, 10.00016, -5.36109, 5.59429, -2.78799, 5.59846, -5.5642, -2.40169, -6.77578, -9.01337, -3.19833]"
42,sub8,supMAE,3,sub8-c__0130__pickup.npy,11,pickup,11,0.988166,1,"[2.55442, 1.77949, 6.33538, -8.02685, -4.41742, 2.47287, 7.10819, 2.76864, -1.40401, -6.91843, -2.37037, 14.56826, 10.04579, -5.28213, 5.68968, -2.88145, 5.46067, -5.74038, -2.61352, -6.66616, -8.95522, -3.19719]"
42,sub8,supMAE,3,sub8-c__0132__pickup.npy,11,pickup,11,0.97618026,1,"[2.26777, 1.32056, 6.44876, -7.78893, -4.26509, 2.07828, 7.02447, 2.91514, -1.85025, -6.77251, -2.57653, 14.55564, 10.79698, -4.95224, 5.18122, -2.66405, 5.71393, -5.52163, -2.7256, -7.45956, -8.64127, -2.50231]"
42,sub8,supMAE,3,sub8-c__0133__pickup.npy,11,pickup,11,0.98559237,1,"[2.16732, 1.2758, 6.10709, -7.92345, -4.02862, 2.43438, 6.80671, 2.96247, -1.8312, -6.57981, -2.50218, 14.78573, 10.50566, -5.04628, 5.25604, -2.68281, 6.13352, -5.59795, -2.91864, -7.17575, -8.81032, -2.79799]"
42,sub8,supMAE,3,sub8-c__0134__pushchair.npy,12,pushchair,12,0.601688,1,"[3.9504, 4.027, 9.66133, -6.25145, -9.12679, 1.02119, 5.02516, 1.74425, 2.64906, -8.728, -1.58641, 10.30269, 11.14707, -6.54723, 4.78406, -3.51774, -0.25652, -5.23465, -2.1234, -6.41178, -9.16174, -0.35335]"
42,sub8,supMAE,3,sub8-c__0135__pushchair.npy,12,pushchair,12,0.96568274,1,"[2.01109, 2.91956, 8.66968, -5.76917, -8.03093, -0.01469, 4.71701, 2.28715, 1.32445, -8.18795, -2.34012, 9.4296, 13.16103, -5.31601, 3.56973, -2.88287, 0.6778, -5.10561, -2.3796, -7.61984, -7.91188, 1.24669]"
42,sub8,supMAE,3,sub8-c__0136__pushchair.npy,12,pushchair,12,0.9628451,1,"[2.10036, 3.1968, 8.74353, -5.78901, -8.38395, 0.30626, 4.30122, 2.4235, 1.8816, -8.20858, -2.25346, 9.26074, 12.99297, -5.71187, 3.54068, -2.87694, 0.38992, -5.1431, -2.60706, -7.39063, -8.23475, 1.31243]"
42,sub8,supMAE,3,sub8-c__0137__pushchair.npy,12,pushchair,12,0.97892374,1,"[2.31344, 3.0786, 8.71021, -5.46856, -9.58853, -0.34603, 4.98817, 2.0316, 2.99882, -8.90673, -2.48898, 8.84519, 13.32995, -6.34201, 3.41731, -2.44882, -1.063, -3.87494, -1.32044, -7.51999, -7.96545, 1.60487]"
42,sub8,supMAE,3,sub8-c__0138__pushchair.npy,12,pushchair,12,0.94785833,1,"[2.94177, 3.1686, 10.12307, -5.0279, -9.95768, -0.62867, 5.25503, 1.96836, 3.16898, -9.18894, -3.0389, 8.3337, 13.18788, -6.30429, 3.16645, -1.94112, -2.31692, -3.76296, -1.16539, -7.01213, -7.31845, 1.512]"
