seed,subject,method,k,file,true_id,true_label,pred_id,conf,correct,logits
44,sub10,scratch,1,sub10-a__0002__wave.npy,21,wave,21,0.99665606,1,"[1.44509, 10.39417, 0.85777, 2.79253, -10.80921, 1.92666, -8.30044, 4.12775, 15.40735, -1.39153, -1.02008, -10.06616, 2.8722, -0.77426, -6.3531, -7.19234, -1.71179, -5.72751, 1.19777, -5.56974, 0.57578, 21.11127]"
44,sub10,scratch,1,sub10-a__0003__wave.npy,21,wave,21,0.99687,1,"[1.64613, 10.8852, 0.57146, 2.1911, -9.85913, 3.78036, -8.34944, 6.96264, 14.08066, -1.46691, -1.53096, -9.74333, 2.965, -0.57573, -6.32425, -7.61952, -0.94188, -6.52096, 0.74607, -4.66954, 0.38638, 19.88522]"
44,sub10,scratch,1,sub10-a__0004__wave.npy,21,wave,21,0.99563307,1,"[1.64733, 10.27128, 0.42274, 2.76522, -10.13246, 3.64766, -8.39569, 5.87888, 14.52275, -1.41637, -1.2335, -10.02418, 2.71837, -0.89124, -6.44526, -7.48345, -1.42098, -5.92822, 0.92603, -4.71838, 0.627, 19.96645]"
44,sub10,scratch,1,sub10-a__0005__wave.npy,21,wave,21,0.9994035,1,"[1.52895, 10.32514, -0.13048, 3.88894, -8.55627, 5.32833, -8.06288, 9.50118, 11.51633, -1.89175, -2.53686, -10.25724, 2.29179, 1.23089, -6.42314, -7.87991, -0.31084, -6.59523, 1.44049, -5.00289, -0.23807, 19.30468]"
44,sub10,scratch,1,sub10-a__0006__wave.npy,21,wave,21,0.99942374,1,"[1.23866, 9.94897, 0.21967, 4.19971, -9.61797, 3.75287, -8.40461, 6.68945, 13.37772, -1.73738, -1.85975, -10.57153, 2.33599, 0.82314, -6.41294, -7.79379, -0.76976, -5.95333, 1.3466, -5.80212, -0.01975, 20.86925]"
44,sub10,scratch,1,sub10-a__0007__bow.npy,2,bow,2,0.9960925,1,"[3.2771, 0.53091, 11.22874, 1.5069, -12.27514, -7.12094, 2.28595, -14.53234, 2.47232, -2.21578, 5.18484, -0.18888, 0.49845, -6.34528, 1.12015, 2.32648, -11.80165, 0.18799, -2.69722, 0.54865, 3.77052, -7.24973]"
44,sub10,scratch,1,sub10-a__0008__bow.npy,2,bow,2,0.9979261,1,"[2.65841, -0.29517, 11.77655, 0.98071, -11.34934, -7.7723, 3.15394, -14.47569, 1.39703, -2.16552, 4.99938, 1.6751, 0.41206, -6.71096, 1.78185, 3.08928, -11.22856, 0.92543, -3.20657, 0.66208, 3.62817, -7.92408]"
44,sub10,scratch,1,sub10-a__0009__bow.npy,2,bow,2,0.99834836,1,"[2.56164, -0.12863, 11.79511, 1.42823, -11.15546, -7.67304, 2.79885, -14.45961, 1.31254, -2.29882, 4.86424, 1.14589, 0.25, -5.88874, 1.83797, 2.73242, -10.73982, 0.50288, -3.43926, 0.07111, 3.12209, -7.58024]"
44,sub10,scratch,1,sub10-a__0010__bow.npy,2,bow,2,0.9982418,1,"[2.75483, 0.01313, 11.70656, 1.62748, -11.21366, -7.5935, 3.0556, -14.43364, 1.66242, -2.42673, 4.68209, 0.66581, 0.00545, -6.10916, 1.523, 2.92647, -11.22338, 0.75745, -2.91404, 0.2655, 3.31998, -7.2876]"
44,sub10,scratch,1,sub10-a__0011__bow.npy,2,bow,2,0.9978016,1,"[2.80782, 0.1186, 11.68006, 1.14996, -11.73582, -7.609, 2.8207, -14.57059, 1.53706, -2.31945, 5.11179, 0.96469, 0.77538, -6.12088, 1.64151, 2.50389, -11.1883, 0.05205, -3.17472, 0.31803, 3.30939, -7.63524]"
44,sub10,scratch,1,sub10-a__0012__bow.npy,2,bow,2,0.9990182,1,"[1.84455, 0.24236, 12.2995, 0.88486, -12.13935, -7.64793, 3.23795, -13.99156, 2.19725, -2.86929, 4.80773, 1.65714, 1.65914, -6.47275, 1.84094, 2.08023, -10.26042, -0.14466, -3.63912, 0.07744, 3.09098, -6.39057]"
44,sub10,scratch,1,sub10-a__0013__crossarms.npy,5,crossarms,5,0.99981004,1,"[6.01399, 3.78737, -5.36778, 7.89423, -0.19249, 17.79332, -3.1701, 8.81494, -3.755, -2.97483, -2.45812, -8.82074, -3.39367, 5.62298, -5.32745, -2.94601, -1.55954, -4.61978, 1.20871, -1.06466, -1.96353, -4.50783]"
44,sub10,scratch,1,sub10-a__0014__crossarms.npy,5,crossarms,5,0.9982796,1,"[6.09605, 3.17925, -6.26181, 10.00538, -0.85785, 16.51524, -3.51005, 7.54555, -3.89759, -2.39523, -2.51913, -10.50297, -4.58395, 7.01906, -4.87123, -3.6475, -1.94043, -4.58652, 2.46465, -1.84513, -1.80021, -3.80402]"
44,sub10,scratch,1,sub10-a__0015__crossarms.npy,5,crossarms,5,0.9971522,1,"[5.42578, 3.08715, -6.40889, 10.86296, -0.48435, 16.83349, -3.77299, 8.29052, -3.66363, -2.86946, -3.06189, -10.81603, -4.73058, 7.57318, -5.1686, -3.84274, -1.16845, -4.08935, 2.71609, -2.73674, -2.08052, -2.16554]"
44,sub10,scratch,1,sub10-a__0017__crossarms.npy,5,crossarms,5,0.9977254,1,"[5.39888, 3.13394, -6.44848, 10.57733, -1.22927, 16.75375, -4.10192, 7.88883, -2.69713, -2.75344, -2.59971, -10.90901, -4.34753, 6.78672, -5.32956, -4.21845, -1.54434, -4.0606, 2.70142, -2.3675, -1.68201, -1.62071]"
44,sub10,scratch,1,sub10-a__0018__airpunch.npy,1,airpunch,1,0.99789894,1,"[5.73386, 12.26402, 2.08032, -4.13506, -6.80832, 2.14815, 1.43031, 4.2252, 1.94887, -1.16533, -1.58047, -5.44609, 0.49487, -1.74858, -3.5431, 0.87265, -6.2099, -8.58855, 1.60717, 3.42148, -0.89655, -2.1602]"
44,sub10,scratch,1,sub10-a__0019__airpunch.npy,1,airpunch,0,0.4867471,0,"[7.58908, 3.14546, -0.47308, 7.48298, -9.36202, -1.4198, -3.9862, -15.29643, 3.51035, 1.33576, 5.42245, -11.20117, -6.51612, 2.62237, -0.49335, -0.54179, -9.89181, -2.05165, -0.61666, -2.97281, 1.13047, -7.03006]"
44,sub10,scratch,1,sub10-a__0020__airpunch.npy,1,airpunch,1,0.97607887,1,"[5.10086, 10.20829, 2.02112, -6.19656, -8.79591, -0.4818, 0.29266, -2.10318, 6.00533, 0.38555, 1.43057, -3.29924, 2.08626, -6.02684, -2.52355, 0.48033, -7.59917, -6.81839, 0.96717, 4.0877, 2.0427, -3.00281]"
44,sub10,scratch,1,sub10-a__0022__airpunch.npy,1,airpunch,1,0.9942106,1,"[5.34898, 11.22872, 2.49866, -6.45958, -8.73574, -1.03382, 1.74488, -1.77815, 4.73548, -0.44687, 0.7809, -3.42792, 1.95292, -5.46719, -2.63009, 1.43189, -7.82209, -7.20604, 1.3728, 4.30055, 1.28677, -2.88882]"
44,sub10,scratch,1,sub10-a__0023__airpunch.npy,1,airpunch,1,0.992968,1,"[4.90352, 10.90887, 0.96173, -5.61154, -8.32604, 0.44573, 0.2738, 0.91416, 5.1959, 0.18091, 0.19532, -4.19341, 2.28511, -4.29384, -2.72416, -0.49682, -6.83204, -7.66277, 2.22655, 3.55228, 1.87001, -1.5806]"
44,sub10,scratch,1,sub10-a__0024__airpunch.npy,1,airpunch,1,0.9921185,1,"[4.6012, 11.15821, 0.05086, -4.08043, -8.88008, 0.9895, -1.0341, 2.89283, 5.91691, 0.46161, -0.63727, -5.48305, 2.60209, -3.01054, -2.98697, -2.56394, -5.9063, -8.69816, 3.37705, 2.11294, 2.01781, 1.18744]"
44,sub10,scratch,1,sub10-a__0025__drink.npy,7,drink,7,0.99923396,1,"[4.44714, 10.18928, -0.79165, 1.92772, -1.7248, 11.38726, -4.96887, 18.82588, -1.33606, -1.44058, -5.09787, -7.76044, -0.43851, 4.20157, -4.70121, -5.08399, -0.73711, -7.34288, 1.70016, 0.37952, 0.1755, 2.18928]"
44,sub10,scratch,1,sub10-a__0026__drink.npy,7,drink,7,0.9996811,1,"[4.36035, 10.06198, -1.00514, 2.01764, -1.29539, 11.92511, -4.38972, 20.12053, -2.50742, -1.73926, -5.52137, -7.4592, -0.15856, 4.65278, -4.76631, -4.96861, -0.54641, -7.28731, 2.27068, 0.49563, 0.2465, 1.73809]"
44,sub10,scratch,1,sub10-a__0027__drink.npy,7,drink,7,0.9997267,1,"[4.37358, 9.54819, -1.30036, 2.94527, -0.90479, 12.23397, -4.16989, 20.50622, -3.4611, -1.92602, -5.74115, -7.80186, -0.40868, 5.3757, -4.81902, -4.69114, -0.71499, -7.06232, 2.81599, 0.23895, 0.03781, 1.15147]"
44,sub10,scratch,1,sub10-a__0028__drink.npy,7,drink,7,0.9996202,1,"[4.26665, 8.90574, -1.55719, 3.86842, -0.23224, 13.06323, -4.43393, 20.95562, -3.98669, -2.08593, -5.89075, -8.11945, -0.85983, 6.00059, -4.93237, -4.77151, -0.43709, -6.57518, 2.80289, -0.03145, -0.08962, 0.88135]"
44,sub10,scratch,1,sub10-a__0029__drink.npy,7,drink,7,0.99977523,1,"[4.03073, 9.55939, -1.10355, 3.15394, -0.86631, 12.30343, -4.30108, 20.76707, -3.07417, -2.27193, -5.82718, -7.87739, -0.34323, 5.13055, -5.08868, -4.68255, -0.67222, -6.58968, 2.88452, 0.11445, 0.12841, 1.87413]"
44,sub10,scratch,1,sub10-a__0030__drink.npy,7,drink,7,0.99984646,1,"[3.44281, 9.78107, -1.10708, 3.79975, -0.94829, 12.24364, -4.30883, 21.10773, -2.58204, -2.74734, -6.14445, -8.22357, -0.36378, 5.35822, -5.39254, -5.03299, -0.13948, -6.61926, 3.12343, -0.55511, -0.20917, 3.45527]"
44,sub10,scratch,1,sub10-a__0031__brushteeth.npy,3,brushteeth,3,0.9954881,1,"[5.22743, 1.17727, -2.41887, 11.73784, -4.51864, 3.06717, -2.33032, -11.56497, -0.50936, -2.21164, 1.52043, -10.47481, -8.06631, 5.84293, -2.06024, 0.81916, -5.60214, 0.76538, 0.42395, -5.0465, -1.91661, -4.38555]"
44,sub10,scratch,1,sub10-a__0032__brushteeth.npy,3,brushteeth,3,0.993558,1,"[5.50142, 1.10139, -2.83149, 11.12077, -4.92301, 3.3775, -2.18391, -11.92463, -0.28309, -1.91924, 2.01834, -10.36014, -7.73683, 4.97797, -2.10702, 0.85441, -6.25643, 0.78384, 0.65569, -4.18047, -1.19265, -5.23833]"
44,sub10,scratch,1,sub10-a__0033__brushteeth.npy,3,brushteeth,3,0.99475276,1,"[5.2755, 0.78258, -2.52217, 11.23005, -4.78101, 3.17424, -2.07474, -11.91189, -0.65709, -2.02394, 2.04656, -10.3272, -7.61806, 5.07568, -1.97725, 0.89278, -6.33966, 0.89827, 0.63228, -4.09638, -1.18175, -5.4755]"
44,sub10,scratch,1,sub10-a__0034__brushteeth.npy,3,brushteeth,3,0.9947865,1,"[5.32388, 0.83094, -2.55602, 11.43313, -4.60846, 3.21167, -2.11142, -11.82196, -0.86142, -2.08209, 1.85887, -10.35371, -7.73343, 5.47289, -1.93822, 0.83053, -6.01785, 0.67568, 0.49637, -4.3803, -1.5765, -5.33258]"
44,sub10,scratch,1,sub10-a__0036__highfive.npy,8,highfive,8,0.99375653,1,"[5.212, 8.53252, 0.96993, -4.45701, -12.5953, -0.62225, -5.26237, -5.32434, 13.69223, 2.06789, 3.91398, -5.47533, 3.31471, -8.9852, -3.18275, -3.0461, -8.27044, -5.60477, 0.70593, 3.08295, 5.16666, 1.67253]"
44,sub10,scratch,1,sub10-a__0037__highfive.npy,8,highfive,8,0.96922034,1,"[5.72922, 8.12139, 1.24111, -6.24949, -11.89961, 0.36685, -4.31512, -4.78155, 11.79338, 2.45025, 4.27155, -3.15829, 3.64407, -9.92829, -2.48843, -2.57361, -8.02564, -5.54002, -0.77399, 4.93652, 5.5752, -1.55165]"
44,sub10,scratch,1,sub10-a__0038__highfive.npy,8,highfive,8,0.98225373,1,"[5.9612, 7.58002, 1.20802, -6.15346, -12.57454, 0.25692, -4.50116, -5.76237, 12.10959, 2.68622, 4.90321, -3.12704, 3.75048, -10.60287, -2.23438, -2.75294, -8.58738, -5.21496, -0.86863, 5.33379, 6.27236, -2.19118]"
44,sub10,scratch,1,sub10-a__0039__highfive.npy,8,highfive,8,0.96235645,1,"[5.52103, 8.24922, 1.11432, -6.74951, -11.93092, 0.70758, -4.16093, -4.13976, 11.68825, 2.42696, 4.18064, -2.64353, 4.16975, -10.04088, -2.35078, -2.88441, -7.43513, -5.87729, -1.10169, 5.18451, 5.56388, -1.40504]"
44,sub10,scratch,1,sub10-a__0040__highfive.npy,8,highfive,8,0.9922557,1,"[5.42237, 8.32967, 1.35679, -5.73073, -12.55114, 0.03509, -5.02798, -5.25832, 13.33866, 2.29261, 4.468, -3.78755, 3.74056, -10.12548, -2.76657, -2.96336, -7.90466, -5.40485, -0.67459, 4.20801, 5.56134, 0.05831]"
44,sub10,scratch,1,sub10-a__0041__highfive.npy,8,highfive,8,0.9968004,1,"[5.07266, 8.43162, 1.02668, -5.94491, -13.00352, 0.68777, -6.23716, -4.89281, 14.30464, 2.59282, 4.73926, -4.02144, 4.3688, -9.81828, -2.44308, -4.23615, -6.62698, -6.31794, -1.75855, 3.90208, 5.39533, 1.27843]"
44,sub10,scratch,1,sub10-a__0042__wave.npy,21,wave,21,0.9245893,1,"[1.4428, 11.32102, 1.05323, -0.49282, -10.86336, 1.20022, -8.6203, 4.2063, 16.21251, 0.04396, -0.94482, -7.94096, 3.06307, -2.89942, -4.87228, -7.10885, -0.64014, -6.388, -0.36438, -3.79789, 1.69875, 18.72641]"
44,sub10,scratch,1,sub10-a__0043__wave.npy,21,wave,21,0.8144063,1,"[1.35978, 10.88376, 1.54643, -0.19259, -11.60931, 0.57399, -8.96481, 2.29528, 17.37854, 0.05866, -0.27317, -8.16284, 2.94614, -3.56815, -4.89672, -7.03091, -1.23997, -5.78403, -0.75517, -3.87236, 2.02221, 18.85895]"
44,sub10,scratch,1,sub10-a__0044__wave.npy,21,wave,21,0.91583097,1,"[0.56842, 10.53101, 1.99493, 0.75483, -11.97904, -0.25814, -8.85668, 0.9597, 18.25907, -0.68592, -0.15262, -8.4389, 3.11886, -3.27288, -5.2981, -6.87648, -1.22774, -4.88789, -0.555, -4.95993, 1.82182, 20.64651]"
44,sub10,scratch,1,sub10-a__0045__wave.npy,21,wave,21,0.96106744,1,"[1.81831, 11.38745, 0.90636, 0.05152, -9.88331, 3.08849, -8.67974, 6.88481, 14.46042, -0.13586, -1.66701, -8.19535, 2.47367, -2.19301, -5.03635, -7.48004, -0.26045, -6.67888, -0.60442, -3.28494, 1.43958, 17.7124]"
44,sub10,scratch,1,sub10-a__0046__wave.npy,21,wave,21,0.97719395,1,"[1.32979, 10.85603, 0.84066, 1.17539, -10.12093, 2.75132, -8.90886, 5.67725, 15.37804, -0.51006, -1.48783, -8.88022, 2.18541, -2.13099, -5.41165, -7.41612, -0.43233, -5.83061, -0.29605, -3.96263, 1.42848, 19.14658]"
44,sub10,scratch,1,sub10-a__0047__bow.npy,2,bow,2,0.98418576,1,"[2.10536, 0.969, 11.07125, -1.5778, -14.1491, -7.15271, 0.73923, -13.34796, 5.64904, -0.91792, 5.77198, 2.08918, 2.86101, -9.6846, 1.91495, 0.29118, -10.42404, -0.57582, -3.97117, 2.51121, 5.90755, -5.72113]"
44,sub10,scratch,1,sub10-a__0048__bow.npy,2,bow,2,0.9957789,1,"[1.24035, 0.37895, 11.90886, -1.54005, -13.2471, -7.44453, 1.87863, -13.01125, 4.52027, -1.59391, 5.41887, 3.2509, 3.02329, -9.43852, 2.17547, 1.01407, -9.98366, 0.2512, -4.18735, 2.33309, 5.44194, -5.98207]"
44,sub10,scratch,1,sub10-a__0049__bow.npy,2,bow,2,0.9966536,1,"[1.20711, -0.04981, 11.98862, -1.47102, -13.02018, -7.19687, 2.55958, -12.80014, 3.50731, -1.78897, 5.2927, 3.77456, 3.13135, -9.37392, 2.37361, 1.25922, -9.9885, 0.16928, -4.24814, 2.61135, 5.2723, -6.75633]"
44,sub10,scratch,1,sub10-a__0050__bow.npy,2,bow,2,0.9989843,1,"[1.06947, 0.48989, 12.74103, -1.14704, -12.85712, -7.78474, 2.77808, -12.94326, 3.36444, -2.36463, 4.85878, 3.69539, 2.95846, -8.50573, 2.36968, 1.28645, -9.51602, -0.14687, -4.41526, 1.49799, 4.49056, -6.05274]"
44,sub10,scratch,1,sub10-a__0051__bow.npy,2,bow,2,0.9971009,1,"[1.30254, 0.2361, 12.30075, -2.22355, -13.10154, -7.88028, 2.04093, -13.02613, 3.91163, -1.29312, 5.48401, 4.44389, 3.23334, -9.60005, 2.71927, 1.01306, -9.55303, -0.19226, -4.82102, 2.28288, 5.28024, -6.62767]"
44,sub10,scratch,1,sub10-a__0052__crossarms.npy,5,crossarms,5,0.99962103,1,"[5.47735, 4.7115, -4.14814, 5.71697, -0.55956, 18.50631, -3.73795, 10.6118, -1.46878, -3.44844, -2.67731, -6.68078, -2.51877, 2.54144, -5.96925, -2.48874, -0.84727, -2.97191, -0.16648, -0.33749, -0.81061, -3.20086]"
44,sub10,scratch,1,sub10-a__0053__crossarms.npy,5,crossarms,5,0.9995865,1,"[5.93336, 4.60476, -4.43309, 5.45837, -1.40442, 17.85535, -3.81995, 10.03363, -1.26808, -2.82341, -2.29979, -6.85522, -2.45638, 1.98308, -5.74302, -2.74138, -1.73967, -3.17939, 0.30685, 0.37434, -0.13946, -3.79724]"
44,sub10,scratch,1,sub10-a__0054__crossarms.npy,5,crossarms,5,0.9993678,1,"[5.5583, 4.0467, -4.96222, 7.26921, -0.44777, 18.12979, -4.07371, 10.72558, -2.27132, -2.94081, -3.06985, -7.94258, -3.51926, 3.62578, -5.67175, -3.06067, -1.17794, -2.81505, 1.06164, -0.45576, -0.39413, -3.1734]"
44,sub10,scratch,1,sub10-a__0055__crossarms.npy,5,crossarms,5,0.99922633,1,"[5.48374, 5.03259, -4.6228, 6.49246, -1.30804, 17.83705, -4.18558, 10.64811, -1.16227, -3.18286, -2.83242, -7.93325, -2.84843, 3.13724, -5.89925, -3.38664, -1.16365, -3.46941, 0.86521, -0.49772, -0.51338, -2.10676]"
44,sub10,scratch,1,sub10-a__0056__crossarms.npy,5,crossarms,5,0.99963677,1,"[4.98017, 4.50178, -5.02806, 7.49946, -1.23337, 18.17881, -4.55027, 10.18248, -0.66942, -3.35632, -2.93156, -8.3765, -3.1851, 3.50502, -5.95393, -3.88426, -0.45612, -3.03917, 0.70684, -1.1451, -0.64606, -0.92202]"
44,sub10,scratch,1,sub10-a__0057__airpunch.npy,1,airpunch,1,0.9683667,1,"[5.05836, 11.24902, 0.48555, -3.0618, -8.09301, 2.12941, -2.97189, 3.83442, 7.71841, 0.7513, -1.00914, -6.32613, 0.7316, -3.96379, -3.89423, -2.34311, -5.77942, -7.03565, 2.48641, 1.68574, 2.4058, 2.53677]"
44,sub10,scratch,1,sub10-a__0058__airpunch.npy,1,airpunch,1,0.9112832,1,"[4.95785, 11.35979, 0.9189, -3.81737, -9.78995, -0.4699, -2.0826, 0.68473, 9.00042, 0.61336, -0.04985, -5.85759, 2.02665, -4.96579, -3.71775, -1.91391, -7.10449, -7.03471, 3.78453, 1.45097, 2.93276, 3.06426]"
44,sub10,scratch,1,sub10-a__0059__airpunch.npy,1,airpunch,1,0.98922205,1,"[5.04965, 10.89633, 0.57309, -6.00806, -8.74237, 0.80992, -0.75347, 1.26963, 5.84699, 1.02956, 0.107, -4.01378, 2.65345, -4.72485, -2.4065, -1.80729, -6.20704, -8.492, 1.93515, 3.66396, 2.57776, -0.95085]"
44,sub10,scratch,1,sub10-a__0060__airpunch.npy,1,airpunch,1,0.9937038,1,"[4.98121, 10.89055, 0.09575, -5.86665, -7.75952, 2.46444, -0.07861, 4.12383, 3.04485, 0.70548, -0.68472, -3.72897, 2.83335, -3.07886, -2.08617, -2.11906, -5.25888, -9.4345, 1.77303, 4.17604, 1.9281, -2.56256]"
44,sub10,scratch,1,sub10-a__0061__airpunch.npy,1,airpunch,1,0.9953869,1,"[5.33401, 11.45627, -0.39381, -3.96969, -8.37229, 2.63068, -1.15307, 4.2937, 4.4675, 0.46887, -1.03771, -5.81307, 2.14636, -2.22957, -2.88096, -2.87714, -5.60558, -9.82156, 3.22625, 2.59092, 1.62459, 0.04229]"
44,sub10,scratch,1,sub10-a__0062__airpunch.npy,1,airpunch,1,0.9923679,1,"[4.86775, 11.26726, -0.25165, -4.15276, -7.3818, 3.20215, -1.1674, 5.8107, 4.15334, 0.30915, -1.50172, -5.35061, 2.07138, -2.33129, -3.17191, -2.51084, -5.03051, -8.94395, 2.65773, 2.90617, 1.62285, -0.01901]"
44,sub10,scratch,1,sub10-a__0064__drink.npy,7,drink,7,0.99974006,1,"[3.69063, 9.60392, -1.15661, 3.21059, -0.90584, 12.47083, -4.73338, 20.78163, -2.55151, -2.22558, -5.81396, -7.93341, -0.31792, 5.1193, -4.95673, -5.21894, 0.11061, -6.9501, 2.32271, -0.06239, -0.07597, 2.54298]"
44,sub10,scratch,1,sub10-a__0065__drink.npy,7,drink,7,0.99945813,1,"[4.34945, 9.43938, -1.17742, 2.13848, -1.09962, 12.39113, -4.19711, 19.96269, -3.05387, -1.81165, -5.29151, -7.37584, -0.163, 4.42618, -4.61389, -4.67019, -0.88945, -6.87509, 2.30517, 1.13287, 0.54217, 0.26211]"
44,sub10,scratch,1,sub10-a__0066__drink.npy,7,drink,7,0.999627,1,"[4.19195, 9.5729, -1.10958, 2.41689, -0.74987, 12.65251, -4.18448, 20.59187, -3.26678, -2.09558, -5.55535, -7.40938, -0.20454, 4.79468, -4.8061, -4.55003, -0.48952, -6.89322, 2.33138, 0.75517, 0.15953, 0.62313]"
44,sub10,scratch,1,sub10-a__0067__drink.npy,7,drink,7,0.9995859,1,"[4.09313, 10.07699, -0.99319, 1.89186, -1.43917, 12.02736, -4.44491, 19.95001, -1.97286, -1.8816, -5.42727, -7.35304, -0.06632, 4.03281, -4.83397, -4.8785, -0.39137, -7.10406, 2.0353, 0.72313, 0.33831, 1.87413]"
44,sub10,scratch,1,sub10-a__0068__drink.npy,7,drink,7,0.999645,1,"[3.97517, 9.37598, -1.30765, 3.19344, -0.63112, 12.87675, -4.32869, 20.85018, -3.25258, -2.30636, -5.76783, -7.80564, -0.44813, 5.11396, -5.00623, -4.74131, -0.32345, -6.68266, 2.5813, 0.35337, 0.05255, 1.28326]"
44,sub10,scratch,1,sub10-a__0069__brushteeth.npy,3,brushteeth,3,0.9939435,1,"[3.18449, 2.85752, -3.49487, 14.30538, -4.48097, 4.50797, -3.57632, -6.82398, 1.12855, -3.83323, -0.95705, -13.09127, -7.68654, 9.1875, -3.3949, -1.77349, -2.6884, -0.43023, 2.17284, -7.9828, -3.25174, 3.23064]"
44,sub10,scratch,1,sub10-a__0070__brushteeth.npy,3,brushteeth,3,0.99615896,1,"[4.90176, 1.50032, -2.64336, 11.24993, -5.41543, 3.21675, -2.58187, -11.83096, 0.89026, -2.32245, 1.79687, -10.46754, -7.50875, 4.76576, -2.26623, 0.50372, -5.65661, 0.90154, 0.56064, -4.66803, -1.20062, -3.62255]"
44,sub10,scratch,1,sub10-a__0071__brushteeth.npy,3,brushteeth,3,0.99505323,1,"[5.21928, 1.59198, -2.47316, 11.02433, -5.6382, 3.09255, -2.48099, -12.01897, 1.00888, -2.15772, 1.91495, -10.23954, -7.59152, 4.33464, -2.2029, 0.73684, -6.00441, 1.0581, 0.48473, -4.4487, -0.95898, -4.09015]"
44,sub10,scratch,1,sub10-a__0072__brushteeth.npy,3,brushteeth,3,0.9943315,1,"[5.06761, 1.659, -2.43855, 10.6614, -6.38022, 2.79203, -2.50496, -12.52517, 1.57645, -2.06021, 2.35637, -10.45481, -7.17178, 3.69654, -2.13153, 0.3862, -6.49289, 0.92387, 0.72129, -3.80372, -0.31732, -4.16909]"
44,sub10,scratch,1,sub10-a__0073__brushteeth.npy,3,brushteeth,3,0.99552506,1,"[4.99888, 1.43699, -2.47, 11.06277, -5.74275, 2.96813, -2.57605, -12.14057, 0.85939, -2.17122, 2.09122, -10.45105, -7.31751, 4.58703, -2.05859, 0.41066, -5.94701, 0.721, 0.48904, -4.32963, -0.99704, -4.12529]"
44,sub10,scratch,1,sub10-a__0074__brushteeth.npy,3,brushteeth,3,0.9948783,1,"[5.24638, 1.38252, -2.48977, 11.071, -5.52056, 3.25662, -2.40487, -11.96877, 0.47495, -2.17344, 2.00578, -10.36973, -7.4213, 4.56051, -2.14811, 0.5878, -6.11145, 0.76418, 0.51469, -4.18592, -1.02611, -4.60217]"
44,sub10,scratch,1,sub10-a__0075__brushteeth.npy,3,brushteeth,3,0.99279296,1,"[5.27152, 1.89961, -2.1792, 10.54002, -6.58894, 2.70274, -2.73513, -12.56831, 1.99388, -2.0114, 2.40757, -10.31179, -7.19865, 3.47994, -2.22413, 0.47894, -6.52297, 1.01744, 0.46878, -3.96581, -0.31827, -3.94351]"
44,sub10,scratch,1,sub10-a__0076__highfive.npy,8,highfive,8,0.9974452,1,"[4.73345, 8.62178, 1.54328, -4.9721, -13.43373, -1.76908, -5.2181, -6.79599, 14.69816, 1.79016, 4.48247, -5.04385, 3.94175, -9.90908, -3.04332, -2.8202, -8.71708, -4.98965, 0.85539, 3.14167, 5.83482, 2.04053]"
44,sub10,scratch,1,sub10-a__0077__highfive.npy,8,highfive,8,0.9878527,1,"[4.86858, 9.10027, 1.26715, -5.50405, -12.131, -0.62556, -5.05247, -4.31808, 13.5427, 2.05452, 3.48548, -4.36559, 3.57293, -9.14402, -2.88494, -3.01829, -7.28964, -5.72373, 0.12782, 3.23423, 5.06758, 1.97442]"
44,sub10,scratch,1,sub10-a__0078__highfive.npy,8,highfive,8,0.9867073,1,"[5.08317, 8.78194, 1.24856, -5.69511, -11.97425, -0.16117, -4.98351, -4.31041, 13.15995, 2.17227, 3.69375, -4.08636, 3.56615, -9.39777, -2.83735, -3.01945, -7.39458, -5.63576, -0.27206, 3.76767, 5.19996, 1.07841]"
44,sub10,scratch,1,sub10-a__0079__highfive.npy,8,highfive,8,0.9737645,1,"[5.47878, 8.08976, 1.14201, -6.24205, -12.00244, -0.40843, -4.27685, -4.89212, 11.92773, 2.61473, 4.03811, -3.16196, 3.60855, -9.95952, -2.27266, -2.64108, -8.02887, -5.3851, -0.3036, 4.78975, 5.84675, -1.02241]"
44,sub10,scratch,1,sub10-a__0080__highfive.npy,8,highfive,8,0.98935014,1,"[5.10872, 8.58511, 1.23982, -5.4263, -12.24548, -0.74371, -4.83978, -4.93794, 13.21247, 2.28268, 3.66504, -4.14872, 3.28039, -9.64931, -2.7672, -2.85133, -7.75158, -5.2761, 0.11563, 3.74773, 5.50935, 1.04294]"
44,sub10,scratch,1,sub10-a__0081__highfive.npy,8,highfive,8,0.96277916,1,"[5.38106, 9.19693, 0.80774, -4.43718, -11.88603, -0.29456, -4.18279, -3.64709, 12.49408, 1.61968, 2.7154, -5.44174, 2.88708, -8.54328, -3.46906, -2.62909, -8.34674, -5.66441, 1.70534, 3.21884, 5.01767, 1.74601]"
44,sub10,scratch,1,sub10-a__0082__wave.npy,21,wave,8,0.82643795,0,"[2.0378, 10.7384, 1.48608, -2.141, -11.45938, 1.3672, -8.45508, 2.47429, 16.95095, 0.46499, 0.23769, -6.91321, 3.3699, -5.68213, -4.66738, -6.34917, -2.19938, -5.59385, -0.97611, -1.56964, 3.15888, 15.38076]"
44,sub10,scratch,1,sub10-a__0083__wave.npy,21,wave,8,0.8011964,0,"[1.63981, 10.699, 1.98235, -1.64909, -12.26436, 0.30234, -9.05093, 0.45155, 18.4501, 0.33576, 0.74841, -7.24467, 3.51995, -5.50648, -4.74395, -6.53503, -1.95331, -5.46061, -1.53829, -2.65573, 2.81654, 17.05457]"
44,sub10,scratch,1,sub10-a__0084__wave.npy,21,wave,8,0.6751986,0,"[1.39853, 10.19004, 1.75997, -0.82617, -12.72326, -0.79395, -8.40107, -0.7631, 18.5545, 0.2187, 0.61952, -7.58849, 3.45006, -5.38541, -4.81789, -6.40769, -2.53831, -4.92918, -0.45228, -3.15143, 3.05852, 17.82222]"
44,sub10,scratch,1,sub10-a__0085__wave.npy,21,wave,21,0.9071916,1,"[1.14893, 10.40987, 1.0597, 0.44544, -10.56575, 2.45803, -9.35577, 4.68444, 16.13441, -0.16255, -0.78423, -8.37095, 2.54388, -3.18439, -4.98729, -7.32856, -0.54537, -5.60978, -0.99538, -3.34101, 1.95688, 18.4175]"
44,sub10,scratch,1,sub10-a__0086__wave.npy,21,wave,21,0.92456776,1,"[1.02525, 10.58451, 1.16818, 0.37915, -10.90577, 2.26638, -8.80707, 4.87227, 16.25344, -0.42537, -0.9847, -8.27823, 2.93434, -3.46579, -5.12558, -7.45507, -0.75634, -5.5416, -0.61174, -3.19899, 2.1966, 18.763]"
44,sub10,scratch,1,sub10-a__0087__bow.npy,2,bow,2,0.99530303,1,"[1.09616, 0.74671, 11.75669, -0.93763, -13.62028, -6.90762, 1.75287, -12.79343, 5.32992, -2.10241, 4.83028, 2.54614, 2.94717, -9.41283, 1.85575, 0.69207, -9.59434, -0.04504, -4.02286, 2.04123, 5.34824, -4.90979]"
44,sub10,scratch,1,sub10-a__0088__bow.npy,2,bow,2,0.99752134,1,"[1.00796, 0.73184, 12.33819, -1.83641, -13.49362, -7.65419, 1.84479, -12.7421, 4.73029, -1.7363, 5.09517, 3.78694, 3.35153, -9.47316, 2.42054, 0.61695, -9.27963, -0.40901, -4.62074, 1.96577, 5.22323, -5.47046]"
44,sub10,scratch,1,sub10-a__0089__bow.npy,2,bow,2,0.99763656,1,"[0.65948, 0.25316, 12.27596, -1.46851, -13.15428, -7.33205, 2.46251, -12.60409, 4.32092, -2.07104, 4.91165, 3.84159, 3.26762, -9.51743, 2.39318, 0.90954, -9.30895, 0.14253, -4.42653, 2.27543, 5.21771, -5.62583]"
44,sub10,scratch,1,sub10-a__0090__bow.npy,2,bow,2,0.99632025,1,"[0.82781, 0.27051, 12.22059, -2.59817, -13.32415, -7.63093, 2.18626, -12.45802, 4.36016, -1.48462, 5.29754, 4.90035, 3.82994, -10.08439, 2.74471, 0.71807, -9.11117, -0.25332, -4.84444, 2.61224, 5.50595, -5.99644]"
44,sub10,scratch,1,sub10-a__0091__bow.npy,2,bow,2,0.99767977,1,"[0.46605, 0.43611, 12.41991, -1.9858, -13.21638, -7.54761, 2.60627, -12.4403, 4.45957, -2.17308, 4.90207, 4.4305, 3.70821, -9.72064, 2.43787, 0.84954, -9.08804, 0.07423, -4.46013, 2.19716, 5.24388, -5.4162]"
44,sub10,scratch,1,sub10-a__0092__crossarms.npy,5,crossarms,5,0.99895525,1,"[5.96078, 4.61373, -4.18688, 4.70682, -0.58694, 18.01972, -3.08587, 11.14798, -2.70478, -2.9055, -2.62504, -5.90365, -2.18646, 2.19328, -5.43946, -1.99076, -1.57225, -3.20473, 0.36216, 0.89083, -0.11988, -5.39736]"
44,sub10,scratch,1,sub10-a__0093__crossarms.npy,5,crossarms,5,0.9994179,1,"[5.55924, 4.1867, -4.65639, 5.85139, -1.24429, 18.23645, -4.19891, 10.77381, -1.23016, -2.85932, -2.5535, -6.91065, -2.37945, 2.01122, -5.75605, -3.18868, -1.37455, -2.73573, 0.41771, 0.30105, 0.25891, -3.28072]"
44,sub10,scratch,1,sub10-a__0094__crossarms.npy,5,crossarms,5,0.9993389,1,"[5.57164, 3.99587, -4.58255, 5.75687, -0.88203, 18.4453, -3.86323, 11.11477, -1.9032, -3.03335, -2.51875, -6.6623, -2.25993, 2.14479, -5.71232, -2.72578, -1.60055, -2.48147, 0.60316, 0.54016, 0.27106, -4.21521]"
44,sub10,scratch,1,sub10-a__0095__crossarms.npy,5,crossarms,5,0.9993482,1,"[5.56921, 3.80283, -4.77939, 6.18388, -0.68626, 18.61964, -3.90174, 11.27426, -2.06861, -3.01289, -2.76654, -6.88307, -2.59966, 2.34366, -5.7409, -2.79442, -1.50847, -2.18909, 0.80914, 0.46104, 0.40829, -4.11323]"
44,sub10,scratch,1,sub10-a__0096__crossarms.npy,5,crossarms,5,0.9993781,1,"[4.76319, 3.59162, -5.25547, 7.75148, -0.52786, 18.80557, -4.42494, 11.39561, -1.56342, -3.41394, -3.19828, -8.00224, -3.01984, 3.32643, -5.99157, -3.55176, -0.64018, -2.04485, 1.16246, -0.75896, -0.04895, -1.81819]"
44,sub10,scratch,1,sub10-a__0097__crossarms.npy,5,crossarms,5,0.99953294,1,"[5.1678, 3.37546, -5.26441, 7.92499, -0.54558, 18.45333, -4.15128, 10.72061, -2.02709, -3.1565, -3.12157, -8.04794, -3.46417, 3.38463, -5.76981, -3.14968, -1.12504, -1.98588, 1.25896, -0.53352, 0.00423, -2.86757]"
44,sub10,scratch,1,sub10-a__0098__crossarms.npy,5,crossarms,5,0.9996074,1,"[5.16094, 3.35475, -5.10776, 7.09822, -0.54616, 18.78436, -4.2038, 10.91656, -1.81092, -3.1249, -2.85776, -7.36095, -2.93737, 2.74611, -5.76948, -3.1264, -1.0489, -1.91731, 0.80338, -0.11805, 0.22145, -3.2146]"
44,sub10,scratch,1,sub10-a__0099__airpunch.npy,1,airpunch,1,0.9111007,1,"[4.69767, 11.59848, 0.63888, -3.61907, -5.53262, 6.11606, -2.24343, 9.20966, 3.70649, -0.39966, -1.98181, -5.23827, 0.80521, -1.90392, -3.54392, -2.02888, -3.27859, -7.92693, 0.21055, 3.13555, 0.66979, -0.4711]"
44,sub10,scratch,1,sub10-a__0100__airpunch.npy,1,airpunch,1,0.9790354,1,"[4.67959, 11.65513, 0.40401, -3.8839, -8.27131, 2.46455, -3.21856, 4.55569, 7.7007, 0.61915, -0.81907, -5.78162, 1.40552, -3.82333, -3.50324, -2.64998, -4.90417, -7.66637, 1.91907, 1.98818, 2.19292, 2.55519]"
44,sub10,scratch,1,sub10-a__0101__airpunch.npy,1,airpunch,1,0.98155564,1,"[5.24838, 11.30538, 0.29702, -3.71995, -6.79847, 5.3139, -1.83906, 6.90706, 4.45875, -0.17718, -1.18446, -5.45928, 1.02824, -2.8737, -3.55133, -1.66521, -4.82437, -7.75025, 1.11915, 3.54994, 1.36213, -1.21498]"
44,sub10,scratch,1,sub10-a__0102__airpunch.npy,1,airpunch,1,0.9865161,1,"[6.15932, 11.55055, 0.62988, -3.43174, -9.81687, 0.31138, -1.12285, 1.13256, 6.69669, 0.46662, -0.43989, -6.20025, 1.14957, -4.50045, -3.57693, -0.83946, -8.2371, -7.42757, 4.56265, 2.31727, 2.80281, 0.30119]"
44,sub10,scratch,1,sub10-a__0103__airpunch.npy,1,airpunch,1,0.9874442,1,"[6.14324, 10.94123, 0.35957, -3.59048, -8.97582, 1.81388, -0.85116, 2.7527, 4.97751, 0.6401, -0.57722, -5.66362, 1.07435, -4.01686, -3.09986, -1.09311, -7.62777, -7.69757, 3.51133, 3.35807, 2.72866, -1.7812]"
44,sub10,scratch,1,sub10-a__0104__drink.npy,7,drink,7,0.9995974,1,"[3.56767, 9.74124, -1.01299, 2.35616, -1.71686, 11.83352, -5.03673, 19.76781, -1.30459, -1.87202, -5.27116, -7.75034, -0.0304, 3.93305, -4.69907, -5.54766, -0.2409, -6.80864, 1.9518, 0.58123, 0.66489, 2.78147]"
44,sub10,scratch,1,sub10-a__0105__drink.npy,7,drink,7,0.99979645,1,"[3.48204, 9.17276, -1.49529, 3.48381, -0.34629, 13.11769, -4.48658, 21.63659, -3.44244, -2.3866, -5.99461, -7.87133, -0.32667, 5.48435, -4.92877, -5.12214, 0.25894, -6.59358, 2.6129, 0.22681, 0.11919, 1.74608]"
44,sub10,scratch,1,sub10-a__0106__drink.npy,7,drink,7,0.99979013,1,"[3.61339, 9.60563, -1.25012, 2.95338, -0.75617, 12.64528, -4.58255, 21.16128, -2.74272, -2.26772, -5.83262, -7.73695, -0.21151, 4.97285, -4.96415, -5.10967, 0.09691, -6.73146, 2.45149, 0.26996, 0.18372, 2.22724]"
44,sub10,scratch,1,sub10-a__0107__drink.npy,7,drink,7,0.99970704,1,"[3.94969, 9.48735, -1.36533, 2.80587, -0.73123, 12.60031, -4.34827, 20.77999, -3.15195, -2.11697, -5.70994, -7.68047, -0.31591, 4.94375, -4.85313, -4.76335, -0.32974, -6.75049, 2.59179, 0.57233, 0.26801, 1.22749]"
44,sub10,scratch,1,sub10-a__0108__drink.npy,7,drink,7,0.9970752,1,"[4.05118, 10.18035, -1.14093, 3.55638, -4.32433, 8.23197, -5.61245, 16.17046, 1.43956, -0.8515, -5.14225, -9.22094, -0.54953, 3.55066, -4.44192, -5.71441, -1.5021, -7.29306, 3.29863, -1.38679, 0.70989, 6.41215]"
44,sub10,scratch,1,sub10-a__0109__brushteeth.npy,3,brushteeth,3,0.9952591,1,"[3.33175, 2.27934, -2.3179, 13.18765, -5.32453, 2.36023, -3.18261, -9.78093, 1.23253, -3.30638, 0.34761, -12.18472, -7.4598, 7.81639, -2.39886, -0.86287, -4.00416, 0.1081, 1.36585, -7.13318, -2.53028, 0.88411]"
44,sub10,scratch,1,sub10-a__0110__brushteeth.npy,3,brushteeth,3,0.99654704,1,"[4.98176, 1.16126, -2.05634, 11.44591, -4.83731, 2.70817, -2.21193, -11.74102, 0.0551, -2.39394, 1.50893, -9.88473, -7.98008, 4.97497, -1.94382, 1.28913, -5.69015, 1.39922, 0.30894, -4.927, -1.47704, -4.23853]"
44,sub10,scratch,1,sub10-a__0111__brushteeth.npy,3,brushteeth,3,0.99734926,1,"[4.76122, 1.13207, -1.82627, 11.34865, -5.31009, 2.69439, -2.18913, -11.98359, 0.60664, -2.59315, 1.70516, -9.90686, -7.6958, 4.27976, -2.09468, 1.19565, -6.03223, 1.69182, 0.45191, -4.54864, -1.05608, -4.03392]"
44,sub10,scratch,1,sub10-a__0112__brushteeth.npy,3,brushteeth,3,0.99700874,1,"[4.88358, 1.25514, -2.09452, 11.2933, -5.5347, 3.00924, -2.17349, -11.94571, 0.75557, -2.6141, 1.77539, -10.01145, -7.50402, 4.21315, -2.2282, 1.00886, -6.03556, 1.41737, 0.5314, -4.44674, -1.05108, -4.01708]"
44,sub10,scratch,1,sub10-a__0113__brushteeth.npy,3,brushteeth,3,0.9972428,1,"[4.65343, 1.15154, -2.05438, 11.32463, -5.52253, 2.91429, -2.38016, -11.89778, 0.71743, -2.57932, 1.85435, -10.19493, -7.34169, 4.45397, -2.13629, 0.71996, -5.93394, 1.27294, 0.49945, -4.42967, -1.02306, -3.84799]"
44,sub10,scratch,1,sub10-a__0114__highfive.npy,8,highfive,8,0.9981481,1,"[5.04666, 7.97805, 1.6511, -4.81574, -13.22682, -1.41451, -5.93769, -6.26889, 14.5176, 2.59117, 4.42359, -4.68456, 3.23623, -10.14228, -2.48562, -3.17041, -8.28664, -4.65907, -0.20081, 3.47222, 6.22788, 1.60659]"
44,sub10,scratch,1,sub10-a__0115__highfive.npy,8,highfive,8,0.9820962,1,"[5.12105, 9.03788, 1.17242, -4.95186, -11.86383, -0.46996, -4.78431, -3.87761, 13.09645, 1.98043, 3.11196, -4.81169, 2.90754, -9.06758, -3.10849, -2.74449, -7.89103, -5.21113, 0.77397, 3.362, 5.34653, 1.71844]"
44,sub10,scratch,1,sub10-a__0116__highfive.npy,8,highfive,8,0.9913282,1,"[4.85686, 9.04566, 1.35058, -4.75723, -12.20122, -0.76058, -5.24008, -4.29311, 13.83329, 1.88237, 3.23602, -5.09174, 3.09383, -9.10532, -3.1719, -3.00364, -7.77486, -5.24044, 0.68514, 3.02353, 5.29594, 2.62441]"
44,sub10,scratch,1,sub10-a__0117__highfive.npy,8,highfive,8,0.9967096,1,"[5.15858, 8.82287, 1.39127, -3.48475, -13.27979, -1.68968, -5.77486, -5.88767, 14.60708, 2.08488, 3.54041, -6.16524, 2.54597, -8.7869, -3.01943, -3.23215, -8.38377, -5.20573, 1.06485, 2.07053, 5.42301, 3.28379]"
44,sub10,scratch,1,sub10-a__0119__highfive.npy,8,highfive,8,0.9956927,1,"[5.51741, 8.30979, 1.82603, -4.03464, -13.41554, -2.3806, -5.17918, -6.90454, 13.9311, 2.24235, 3.93853, -5.3583, 2.63507, -9.5561, -2.76707, -2.45444, -9.40648, -4.58811, 1.22067, 2.83511, 6.0794, 1.66201]"
44,sub10,scratch,1,sub10-a__0120__wave.npy,21,wave,8,0.63894445,0,"[2.08163, 10.98539, 1.13847, -2.32416, -10.54577, 2.41997, -8.84176, 4.66465, 15.42562, 0.86797, -0.41217, -6.75503, 3.1342, -4.69253, -4.17667, -7.01262, -0.87467, -6.55872, -1.60424, -1.31577, 2.69702, 14.83368]"
44,sub10,scratch,1,sub10-a__0121__wave.npy,21,wave,8,0.9225836,0,"[2.37074, 10.21196, 1.70568, -1.627, -12.41013, 0.01511, -9.12543, -0.04554, 17.62369, 1.14581, 0.94071, -7.45447, 3.05499, -5.60582, -4.10873, -6.46727, -2.8247, -5.54922, -1.16598, -2.06636, 3.45843, 15.13846]"
44,sub10,scratch,1,sub10-a__0122__wave.npy,21,wave,8,0.89046353,0,"[1.91875, 10.18429, 1.68042, -1.48414, -12.10329, 0.6107, -9.43472, 0.53136, 17.93255, 0.92501, 0.8695, -7.43054, 3.07764, -5.53118, -4.32713, -6.71333, -2.12719, -5.41142, -1.65838, -2.1266, 3.22533, 15.83355]"
44,sub10,scratch,1,sub10-a__0123__wave.npy,21,wave,8,0.9852073,0,"[2.35852, 9.5421, 2.38124, -1.5918, -13.40809, -1.52663, -9.05139, -3.09056, 18.69314, 1.22135, 1.90251, -7.25141, 3.14403, -6.51465, -3.92283, -5.86069, -3.96024, -4.57588, -1.2132, -2.20657, 4.07218, 14.48726]"
44,sub10,scratch,1,sub10-a__0124__wave.npy,21,wave,8,0.75558805,0,"[1.60528, 9.88831, 2.00485, -0.16759, -12.43332, 0.27972, -9.30781, 0.33192, 18.14814, 0.29405, 0.70984, -8.27011, 2.86362, -5.1607, -4.68169, -6.56614, -2.72506, -4.62222, -0.99186, -2.80328, 3.2712, 17.01869]"
44,sub10,scratch,1,sub10-a__0125__bow.npy,2,bow,2,0.9967986,1,"[1.18894, 0.59491, 12.03254, -1.27468, -13.36672, -7.12991, 1.85669, -12.71258, 4.61241, -1.89814, 4.98385, 3.22827, 2.92788, -9.42227, 2.14481, 0.8048, -9.60777, 0.02624, -4.27933, 2.17608, 5.3787, -5.73413]"
44,sub10,scratch,1,sub10-a__0126__bow.npy,2,bow,2,0.9986234,1,"[1.30029, 1.08245, 12.47927, -0.60079, -13.25034, -7.29092, 1.6387, -12.81813, 4.48564, -2.25262, 4.82018, 2.25816, 2.64636, -8.3031, 2.01951, 0.85447, -9.49969, -0.40482, -4.30825, 1.19734, 4.60151, -5.3016]"
44,sub10,scratch,1,sub10-a__0128__bow.npy,2,bow,2,0.9980293,1,"[0.74397, 0.5604, 12.40826, -1.33659, -13.16997, -7.28065, 2.68464, -12.45442, 4.63633, -2.5109, 4.62144, 3.78238, 3.23014, -9.55452, 2.04259, 1.23637, -9.4218, 0.38769, -4.16928, 1.8986, 5.14296, -5.09597]"
44,sub10,scratch,1,sub10-a__0129__bow.npy,2,bow,2,0.99806756,1,"[0.54564, 0.46099, 12.45123, -1.48797, -13.18084, -7.20432, 2.96093, -12.24163, 4.39325, -2.62424, 4.60182, 4.06104, 3.60962, -9.5613, 2.08352, 1.17403, -9.37796, 0.42143, -4.13988, 2.04478, 5.1693, -5.18783]"
44,sub10,scratch,1,sub10-a__0130__crossarms.npy,5,crossarms,5,0.99958354,1,"[5.49001, 4.15769, -4.86728, 6.04181, -1.80149, 17.54951, -4.06641, 9.72303, -0.9794, -2.65079, -2.34754, -7.10047, -2.59522, 1.9219, -5.32851, -3.20938, -1.40442, -2.96484, 0.52033, 0.28781, 0.35057, -3.51726]"
44,sub10,scratch,1,sub10-a__0131__crossarms.npy,5,crossarms,5,0.999373,1,"[5.26338, 3.69363, -5.28648, 7.6303, -1.05159, 17.7783, -4.17483, 10.33134, -1.74431, -2.80376, -3.01954, -7.9426, -3.52265, 3.22202, -5.38996, -3.22413, -1.04949, -2.43996, 1.21078, -0.52424, 0.11401, -2.92597]"
44,sub10,scratch,1,sub10-a__0132__crossarms.npy,5,crossarms,5,0.99953735,1,"[4.82398, 3.53632, -5.25663, 8.24864, -1.6316, 17.54115, -4.50104, 9.62921, -0.76184, -3.05694, -2.83538, -8.50159, -3.49728, 3.00267, -5.57834, -3.65548, -1.16683, -2.04257, 1.31843, -0.84203, 0.2792, -1.7133]"
44,sub10,scratch,1,sub10-a__0133__crossarms.npy,5,crossarms,5,0.99941134,1,"[4.80244, 3.38297, -5.38271, 8.02982, -1.09204, 17.94429, -4.35286, 10.41429, -1.54447, -3.01966, -3.02319, -8.30633, -3.31053, 3.24911, -5.53007, -3.67534, -1.02452, -2.18082, 1.42538, -0.52141, 0.3004, -2.24963]"
44,sub10,scratch,1,sub10-a__0134__crossarms.npy,5,crossarms,5,0.99941516,1,"[5.04925, 3.566, -5.30561, 7.83186, -1.7427, 17.56947, -4.58071, 10.01007, -0.80883, -2.78367, -2.7603, -8.31386, -3.29015, 2.73557, -5.51806, -3.75475, -1.36527, -2.16258, 1.3628, -0.4379, 0.58131, -2.03051]"
44,sub10,scratch,1,sub10-a__0135__crossarms.npy,5,crossarms,5,0.9995493,1,"[4.96877, 3.13483, -5.40196, 7.83926, -1.07863, 18.093, -4.45072, 10.30057, -1.35666, -2.87726, -2.86072, -8.02914, -3.36332, 2.7716, -5.58239, -3.46788, -1.29368, -1.66414, 1.32608, -0.29427, 0.63568, -2.58992]"
44,sub10,scratch,1,sub10-a__0136__drink.npy,7,drink,7,0.9997955,1,"[3.46035, 9.45736, -1.33269, 3.19532, -0.94533, 11.91977, -4.78682, 20.49815, -2.81128, -2.0158, -5.83284, -7.96593, -0.31117, 5.36328, -4.53106, -5.43799, 0.21851, -7.15924, 2.54082, -0.0567, 0.10545, 2.41319]"
44,sub10,scratch,1,sub10-a__0137__drink.npy,7,drink,7,0.9997706,1,"[3.56677, 9.19036, -1.26194, 3.63824, -0.65652, 12.38431, -4.6233, 20.80529, -3.19219, -2.2838, -5.91623, -7.97459, -0.49907, 5.43549, -4.76392, -5.02444, -0.00915, -6.67454, 2.69989, -0.13014, 0.03939, 1.9339]"
44,sub10,scratch,1,sub10-a__0138__drink.npy,7,drink,7,0.99966574,1,"[3.57967, 9.51915, -0.97527, 2.75595, -1.26084, 12.00013, -5.0865, 20.08463, -1.87885, -1.95586, -5.48189, -7.74485, -0.23141, 4.37137, -4.68167, -5.34015, -0.05614, -6.73821, 1.98477, 0.30571, 0.41218, 2.53664]"
44,sub10,scratch,1,sub10-a__0139__drink.npy,7,drink,7,0.9997013,1,"[3.75861, 9.30726, -1.28348, 3.37775, -0.77567, 12.33416, -4.76912, 20.49856, -2.93217, -2.04816, -5.78967, -7.91051, -0.59017, 5.2366, -4.67407, -5.04355, 0.02127, -6.80588, 2.38206, 0.02681, 0.06194, 1.82027]"
44,sub10,scratch,1,sub10-a__0140__drink.npy,7,drink,7,0.99966073,1,"[3.86601, 9.50744, -1.11001, 3.25973, -1.07553, 11.99065, -4.8735, 20.0603, -2.52818, -1.98301, -5.7098, -7.97467, -0.56926, 5.01032, -4.71707, -5.09606, -0.13931, -6.97149, 2.31505, -0.05866, 0.01764, 2.21455]"
44,sub10,scratch,1,sub10-a__0141__airpunch.npy,1,airpunch,1,0.9557821,1,"[5.75468, 10.85671, -1.07539, 0.17683, -7.73687, 4.17136, -2.82563, 7.47553, 4.43018, 0.163, -2.51815, -8.56855, -0.02657, -0.98901, -4.14401, -3.12728, -6.20515, -7.96082, 4.98809, 1.21053, 2.17112, 2.12882]"
44,sub10,scratch,1,sub10-a__0142__airpunch.npy,1,airpunch,1,0.76438355,1,"[6.5676, 10.50899, 0.21232, -0.56599, -11.30955, -0.24723, -3.92814, -0.57247, 9.25296, 1.36777, 0.25022, -8.61236, 0.09642, -4.05289, -3.4876, -2.51805, -8.64265, -7.16955, 4.49998, 0.51252, 3.40505, 2.81344]"
44,sub10,scratch,1,sub10-a__0143__airpunch.npy,1,airpunch,1,0.98176724,1,"[6.33748, 10.8783, -0.25687, -1.74958, -8.79701, 2.98991, -2.31672, 4.80438, 5.21961, 0.72366, -1.16816, -7.26946, 0.53914, -2.78846, -3.50087, -2.35506, -7.31021, -7.93574, 4.08755, 2.3223, 2.78928, -0.00247]"
44,sub10,scratch,1,sub10-a__0144__airpunch.npy,1,airpunch,1,0.9639354,1,"[6.43828, 10.90479, 0.32026, -1.39595, -10.07322, 0.50145, -1.95998, 0.80405, 7.09501, 0.56748, -0.36547, -7.68279, 0.17911, -3.83723, -3.76296, -1.33761, -8.85393, -7.06259, 5.1295, 1.46488, 3.02414, 0.67676]"
44,sub10,scratch,1,sub10-a__0145__airpunch.npy,1,airpunch,1,0.96190035,1,"[5.75441, 10.8097, 0.27672, -3.85015, -7.05104, 4.77605, -1.83467, 7.259, 3.34332, 0.48405, -1.49584, -4.93128, 1.21583, -3.1452, -3.20543, -1.79363, -5.59922, -7.68857, 1.80694, 3.9718, 2.39099, -2.06482]"
44,sub10,scratch,1,sub10-a__0146__brushteeth.npy,3,brushteeth,3,0.9960537,1,"[5.19926, 1.22588, -2.27784, 11.26105, -4.79866, 3.05368, -2.26708, -11.53787, 0.48072, -2.29071, 1.40517, -9.47276, -8.17245, 4.41609, -2.15861, 1.69201, -5.58648, 1.85103, 0.21991, -4.93467, -1.33653, -4.09347]"
44,sub10,scratch,1,sub10-a__0147__brushteeth.npy,3,brushteeth,3,0.99532026,1,"[5.13441, 1.12903, -2.0726, 10.90773, -5.13352, 3.19378, -2.2279, -11.71293, 0.84754, -2.33776, 1.72922, -9.29248, -7.85585, 3.5584, -2.23313, 1.74711, -6.05851, 2.13025, 0.25914, -4.33934, -0.77131, -4.47708]"
44,sub10,scratch,1,sub10-a__0148__brushteeth.npy,3,brushteeth,3,0.9974463,1,"[4.4819, 1.35693, -1.87395, 11.08826, -5.99071, 2.7332, -2.57411, -11.96697, 1.90418, -2.5372, 1.86699, -9.91023, -7.33437, 3.5656, -2.27258, 0.85756, -5.91159, 1.84657, 0.39308, -4.48985, -0.55064, -3.04641]"
44,sub10,scratch,1,sub10-a__0149__brushteeth.npy,3,brushteeth,3,0.9974088,1,"[4.79023, 1.44561, -1.94305, 11.36109, -5.53905, 2.72235, -2.47065, -11.7671, 1.28935, -2.50732, 1.5114, -9.87149, -7.81647, 4.16744, -2.18929, 1.1361, -5.64614, 1.68554, 0.31157, -4.89472, -1.06023, -3.27898]"
44,sub10,scratch,1,sub10-a__0150__brushteeth.npy,3,brushteeth,3,0.99554884,1,"[4.88309, 1.02201, -2.00667, 10.7293, -5.79241, 3.22339, -2.34423, -12.09198, 1.49602, -2.35459, 2.06511, -9.41551, -7.43376, 2.82916, -2.26467, 1.37605, -6.31061, 2.12958, 0.32816, -3.79873, -0.25561, -4.31315]"
44,sub10,scratch,1,sub10-a__0151__brushteeth.npy,3,brushteeth,3,0.997166,1,"[4.66417, 1.27336, -1.974, 11.07986, -5.86842, 3.09656, -2.39643, -11.90214, 1.70659, -2.61567, 1.83743, -9.77196, -7.42795, 3.3187, -2.32328, 1.08575, -6.06659, 2.01618, 0.46243, -4.26345, -0.4896, -3.49781]"
44,sub10,scratch,1,sub10-a__0152__highfive.npy,8,highfive,8,0.9988452,1,"[4.68606, 7.75386, 1.73619, -4.66597, -13.63775, -2.2345, -6.11927, -6.72203, 14.82132, 2.8246, 4.44214, -4.52821, 3.32536, -10.06946, -1.99545, -3.38695, -7.9185, -4.75454, -0.27376, 3.04854, 6.3188, 2.22433]"
44,sub10,scratch,1,sub10-a__0153__highfive.npy,8,highfive,8,0.9831065,1,"[5.53791, 8.41752, 1.34024, -4.58559, -12.04774, -1.67898, -4.76111, -5.30286, 12.60631, 2.5469, 3.36393, -4.79005, 2.22685, -8.96475, -2.48844, -2.16614, -8.56385, -4.9959, 1.0374, 3.15743, 5.57923, 0.70276]"
44,sub10,scratch,1,sub10-a__0154__highfive.npy,8,highfive,8,0.9753946,1,"[5.85547, 7.98737, 1.01249, -4.30433, -12.19601, -0.97459, -4.84404, -5.46202, 11.90406, 2.71086, 3.64557, -5.02714, 2.06852, -8.88705, -2.22776, -2.55327, -8.76427, -5.33549, 0.7763, 3.71576, 5.79605, -0.6386]"
44,sub10,scratch,1,sub10-a__0155__highfive.npy,8,highfive,8,0.9277828,1,"[5.98898, 8.47773, 1.17453, -4.36107, -11.96122, -2.17698, -3.52744, -5.71999, 11.1787, 2.26037, 2.9681, -4.96923, 1.95392, -8.6158, -2.61635, -1.39582, -9.61284, -5.00422, 2.42717, 3.38898, 5.65406, -0.47917]"
44,sub10,scratch,1,sub10-a__0156__highfive.npy,8,highfive,8,0.95298624,1,"[5.11747, 9.57224, 0.92132, -3.89597, -11.51273, -0.82543, -4.61274, -3.37, 12.60426, 1.74618, 2.12659, -5.89305, 2.04241, -7.77165, -3.36425, -2.53192, -7.77925, -5.62576, 1.91331, 2.2813, 4.66169, 2.87947]"
44,sub10,scratch,1,sub10-b1__0001__walk.npy,20,walk,10,0.50928193,0,"[0.44792, -1.70005, 0.33226, -4.50979, -13.30282, -4.85459, -4.71218, -13.4114, 7.55424, 4.92554, 9.59197, -0.91384, 5.86874, -9.2602, 3.7435, -5.61238, -8.20233, -3.66883, -2.52424, 6.77116, 9.28676, -6.27818]"
44,sub10,scratch,1,sub10-b1__0002__turnaround.npy,19,turnaround,19,0.9973236,1,"[5.76895, 2.15277, -5.396, -0.91707, -11.25251, -0.83684, 5.13745, -11.52378, 4.4496, 0.42797, 5.49409, -7.22263, 0.48379, -8.64706, -0.03494, 3.85376, -13.03307, -3.95446, 4.71043, 13.36049, 6.56723, -11.77223]"
44,sub10,scratch,1,sub10-b1__0003__walk.npy,20,walk,20,0.9865883,1,"[0.82751, -5.75574, -9.96151, 2.73678, -6.97447, 2.32711, 2.87186, -4.2573, -1.45058, 1.57356, 3.1262, -1.70345, 4.99053, -2.7861, 0.39427, -3.68236, -9.18819, 6.19237, 9.16051, 3.81504, 13.53516, -8.90018]"
44,sub10,scratch,1,sub10-b1__0004__turnaround.npy,19,turnaround,19,0.99807847,1,"[4.77521, 2.41929, -5.14877, -2.34072, -11.68307, -1.04547, 4.05263, -11.09142, 5.03818, 0.87413, 5.59094, -5.95835, 1.82217, -9.46503, 0.56102, 3.31176, -11.59744, -4.81788, 3.68488, 13.54581, 6.66261, -11.1699]"
44,sub10,scratch,1,sub10-b1__0005__walk.npy,20,walk,20,0.5319068,1,"[0.10323, -2.29529, -0.18265, -4.16911, -12.81799, -4.18419, -4.72233, -12.95594, 7.58156, 4.4303, 9.29244, -0.95409, 6.23003, -9.43903, 2.88077, -5.22485, -8.52171, -2.42358, -1.7533, 6.77875, 9.69642, -5.70064]"
44,sub10,scratch,1,sub10-b1__0006__turnaround.npy,19,turnaround,19,0.99504685,1,"[6.84687, 3.45524, -4.63713, -1.01722, -11.46174, -1.10005, 4.60096, -11.87523, 4.51147, 0.82132, 5.32896, -8.04768, 0.00284, -8.08556, -0.172, 3.55391, -12.9022, -5.52474, 3.91401, 12.74394, 5.50297, -11.87695]"
44,sub10,scratch,1,sub10-b1__0007__walk.npy,20,walk,20,0.97780275,1,"[1.26669, -5.06006, -9.92383, 2.24943, -8.38398, 1.9735, 3.11547, -4.5831, -1.14048, 1.47791, 3.60468, -1.6831, 5.95656, -2.79755, 0.62451, -3.5126, -9.17077, 4.54685, 8.96259, 3.62316, 12.82252, -8.93648]"
44,sub10,scratch,1,sub10-b1__0008__turnaround.npy,19,turnaround,19,0.99764144,1,"[5.05471, 2.04784, -5.98091, -1.25459, -11.1889, -0.73187, 4.8305, -11.20759, 3.97975, 0.78248, 5.63671, -6.87825, 1.06071, -8.05381, 0.61749, 3.35298, -11.96572, -5.1773, 4.58605, 13.12243, 6.04953, -11.77046]"
44,sub10,scratch,1,sub10-b1__0009__walk.npy,20,walk,20,0.51976806,1,"[1.22051, -0.91454, -0.11199, -4.3013, -13.67291, -3.88663, -5.09641, -12.15955, 9.17993, 4.3198, 8.56358, -1.36538, 6.02899, -10.18661, 2.12178, -5.16293, -8.66527, -2.9381, -1.46414, 6.75197, 9.77789, -4.18914]"
44,sub10,scratch,1,sub10-b1__0010__turnaround.npy,19,turnaround,19,0.99727124,1,"[6.61281, 2.51695, -3.93642, -0.98959, -10.09464, -1.57144, 5.6742, -11.82005, 2.28776, 0.86921, 5.30967, -7.15659, -0.53565, -7.63868, 0.4311, 5.02863, -13.46334, -4.6111, 4.28914, 13.35218, 5.44026, -14.23829]"
44,sub10,scratch,1,sub10-b1__0011__walk.npy,20,walk,20,0.99031526,1,"[0.30059, -5.94823, -9.79887, 2.29171, -7.28989, 2.02397, 3.64032, -4.37239, -1.93554, 1.41667, 3.14714, -0.83402, 5.7544, -2.84104, 0.90386, -3.91924, -8.89578, 5.90542, 8.90158, 3.90991, 13.6349, -9.32117]"
44,sub10,scratch,1,sub10-b1__0012__turnaround.npy,19,turnaround,19,0.9977011,1,"[5.68197, 2.24379, -5.53992, -1.2802, -11.14042, -0.90785, 5.38043, -11.27248, 3.20788, 0.83855, 5.5241, -6.72675, 0.73427, -7.9531, 0.55796, 3.72225, -12.5261, -5.19038, 4.66296, 13.28492, 6.00606, -12.58297]"
44,sub10,scratch,1,sub10-b1__0013__walk.npy,20,walk,8,0.4422933,0,"[0.44153, -1.18022, 0.09171, -3.9797, -13.96494, -3.83817, -5.14866, -11.99466, 9.79815, 4.02629, 8.31585, -1.12291, 6.26743, -10.59423, 2.06154, -5.00043, -8.07952, -2.36741, -1.69027, 6.56905, 9.75857, -3.0777]"
44,sub10,scratch,1,sub10-b1__0014__turnaround.npy,19,turnaround,19,0.9974807,1,"[6.05618, 2.6683, -4.50961, -1.07955, -10.99213, -1.22613, 5.36944, -12.01766, 3.45851, 0.76669, 5.45353, -7.20744, 0.30636, -8.14055, 0.3327, 4.08979, -12.65016, -5.44095, 4.19364, 13.13904, 5.44384, -12.84942]"
44,sub10,scratch,1,sub10-b1__0015__walk.npy,20,walk,20,0.9895356,1,"[0.01021, -6.03865, -10.03493, 2.3649, -7.10256, 2.24161, 3.70066, -4.1213, -2.0511, 1.33363, 3.05371, -1.02332, 5.79516, -2.67024, 0.91538, -4.25403, -8.73239, 5.79115, 9.08087, 4.08984, 13.71784, -9.24072]"
44,sub10,scratch,1,sub10-b1__0016__turnaround.npy,19,turnaround,19,0.9973788,1,"[5.56989, 2.08032, -5.35189, -1.23623, -11.07408, -1.17174, 5.31952, -11.61617, 3.3825, 0.84863, 5.68778, -6.70802, 0.6843, -8.143, 0.56393, 4.0829, -12.57875, -4.88174, 4.59673, 13.14991, 5.95633, -12.78495]"
44,sub10,scratch,1,sub10-b1__0017__walk.npy,20,walk,20,0.5885733,1,"[0.62616, -1.99578, -0.28723, -3.01941, -13.09012, -3.81509, -4.84658, -12.76142, 8.61698, 4.06999, 8.30283, -1.88362, 5.47081, -9.887, 1.86867, -4.65017, -8.70703, -2.02517, -1.07737, 6.64828, 9.63022, -3.97029]"
44,sub10,scratch,1,sub10-b1__0018__turnaround.npy,19,turnaround,19,0.9940394,1,"[6.24424, 2.73859, -5.00395, -0.50526, -11.3997, -1.21023, 4.14088, -12.42866, 4.92772, 0.87239, 5.82294, -8.35979, 0.12292, -7.75646, 0.16512, 3.48197, -12.51645, -5.12298, 3.73456, 12.33249, 5.35428, -11.83935]"
44,sub10,scratch,1,sub10-b1__0019__walk.npy,20,walk,20,0.99069107,1,"[0.05372, -6.35983, -10.01813, 2.28399, -6.47855, 2.26977, 3.98851, -4.14249, -2.54824, 1.38468, 2.96743, -0.69528, 5.49988, -2.61606, 0.88898, -4.00392, -8.95593, 6.25658, 9.05845, 4.22281, 13.82921, -9.75295]"
44,sub10,scratch,1,sub10-b1__0020__turnaround.npy,19,turnaround,19,0.99777967,1,"[4.74081, 2.19722, -5.72109, -1.72375, -11.55592, -0.89289, 4.84291, -10.75949, 4.49961, 0.72548, 5.47679, -6.09776, 1.42098, -8.80813, 0.68588, 3.54386, -11.73632, -4.73048, 4.4827, 13.35005, 6.5308, -11.21716]"
44,sub10,scratch,1,sub10-b1__0021__walk.npy,20,walk,8,0.5364767,0,"[0.75015, -1.46669, 0.07229, -2.89523, -13.77952, -3.94424, -5.16344, -12.67044, 9.69535, 3.82834, 8.06514, -1.99667, 5.75311, -10.04601, 1.64109, -4.5909, -8.33366, -2.3958, -1.32189, 5.88814, 9.22231, -2.50728]"
44,sub10,scratch,1,sub10-b1__0022__turnaround.npy,19,turnaround,19,0.9979882,1,"[5.74291, 3.04287, -4.41111, -1.74429, -11.07221, -1.80212, 4.46229, -11.83706, 4.44916, 1.1954, 5.34786, -7.2253, 0.47486, -8.27371, 0.85704, 3.44135, -11.75709, -5.57213, 3.29332, 13.1996, 5.72912, -12.16232]"
44,sub10,scratch,1,sub10-b1__0023__walk.npy,20,walk,20,0.9909506,1,"[0.04348, -6.60402, -9.80494, 2.46335, -6.06191, 2.24445, 4.23121, -4.20175, -2.96695, 1.30772, 2.87182, -0.62706, 5.0727, -2.44299, 0.85568, -3.85016, -9.24084, 6.76317, 9.08695, 4.34931, 13.91199, -10.16151]"
44,sub10,scratch,1,sub10-b1__0024__turnaround.npy,19,turnaround,19,0.99581194,1,"[6.39372, 2.2991, -4.69658, -0.93416, -10.83152, -1.28097, 6.183, -11.96987, 2.35219, 0.54597, 5.53228, -6.77401, -0.05761, -7.8515, 0.21178, 4.71312, -13.57111, -4.87107, 4.94477, 12.99995, 5.5154, -13.82521]"
44,sub10,scratch,1,sub10-b1__0025__hop.npy,9,hop,9,0.82728577,1,"[4.817, -0.41174, -7.11144, -3.41828, 4.98301, -1.94701, -7.91333, -5.43115, -3.10117, 8.67332, 1.35181, -3.86699, -0.66999, 6.80847, 3.34884, -7.51086, 2.28353, -11.74265, -2.20591, 0.03197, -0.60716, -5.21394]"
44,sub10,scratch,1,sub10-b1__0026__hop.npy,9,hop,9,0.8711754,1,"[4.67021, 0.44205, -6.81869, -4.40455, 2.84147, -1.75854, -7.05239, -4.99647, -2.78354, 8.32895, 2.05583, -3.5415, 0.84353, 6.04179, 3.84754, -8.19729, 1.71119, -12.75143, -2.18895, 0.93438, -0.05209, -5.47725]"
44,sub10,scratch,1,sub10-b1__0027__hop.npy,9,hop,9,0.90209115,1,"[4.49868, 1.06991, -6.69032, -4.66751, 2.95795, -2.15222, -7.29032, -4.40526, -2.13421, 8.59241, 1.15745, -3.11843, 0.1978, 5.95502, 4.11417, -8.11779, 2.94046, -12.75807, -2.62293, 0.47587, -0.23166, -4.36209]"
44,sub10,scratch,1,sub10-b1__0028__hop.npy,9,hop,9,0.83622354,1,"[4.73058, -0.5246, -6.71882, -4.38753, 5.06936, -1.74225, -6.70591, -4.87746, -3.59337, 8.04025, 2.01579, -3.28766, -0.02715, 5.66639, 3.3566, -6.97131, 0.30106, -10.62557, -1.47724, 1.53241, 0.76407, -6.97675]"
44,sub10,scratch,1,sub10-b1__0029__hop.npy,9,hop,9,0.8810622,1,"[4.65836, -0.01784, -6.7765, -3.68753, 3.59606, -2.0657, -7.26342, -5.43661, -2.3569, 8.15715, 1.66376, -4.18969, -0.02435, 5.66652, 3.24956, -7.53989, 1.00699, -11.63406, -1.61124, 0.91797, 0.1919, -5.07183]"
44,sub10,scratch,1,sub10-b1__0030__hop.npy,9,hop,9,0.79484594,1,"[4.2166, -1.50536, -6.95243, -2.6467, 5.32395, -2.42591, -8.65477, -6.74187, -3.04453, 8.83178, 2.28209, -4.33084, -0.90906, 7.25949, 3.93345, -7.91436, 2.30756, -11.35608, -2.80198, -0.24904, -0.75001, -5.43721]"
44,sub10,scratch,1,sub10-b1__0031__jump.npy,10,jump,10,0.5979012,1,"[-3.92045, -5.87918, -3.299, 2.61942, -4.40827, -5.45563, -5.49078, -14.94776, -1.55185, 4.61902, 7.34401, -5.36825, 3.30384, 5.37383, 6.51573, -7.92003, 1.67874, -7.82251, -3.66922, -1.09896, -0.5423, -4.70699]"
44,sub10,scratch,1,sub10-b1__0032__jump.npy,10,jump,10,0.93853015,1,"[-1.09949, -4.67938, -2.51555, -2.48403, -9.14958, -6.39928, -6.73312, -16.34334, 2.74979, 7.48148, 10.72874, -2.27583, 5.21172, -1.90109, 6.88693, -7.92931, -1.70283, -8.86014, -5.4245, 2.67964, 3.04354, -6.70956]"
44,sub10,scratch,1,sub10-b1__0033__jump.npy,10,jump,10,0.9648293,1,"[-1.36894, -4.53287, -1.7808, -1.41381, -9.84144, -6.51172, -6.35309, -16.84569, 3.73706, 6.59131, 10.55934, -3.2516, 4.65646, -2.43623, 6.17535, -7.25026, -2.76517, -7.51954, -4.63939, 2.61789, 3.5092, -5.77167]"
44,sub10,scratch,1,sub10-b1__0034__jump.npy,10,jump,10,0.89509284,1,"[-1.39855, -4.45461, -3.33363, -0.90469, -7.71094, -6.29921, -7.59531, -16.36376, 2.14335, 7.45827, 10.10141, -4.23701, 4.0448, 1.0048, 6.95198, -8.74024, -0.0979, -9.52275, -5.22657, 1.09157, 1.55566, -5.39596]"
44,sub10,scratch,1,sub10-b1__0035__jump.npy,10,jump,10,0.94091886,1,"[-0.82835, -4.30772, -2.75529, -1.39261, -9.17295, -6.23664, -7.2479, -16.59557, 3.57774, 7.26604, 10.41074, -3.88716, 4.38692, -1.33784, 6.23401, -7.97731, -1.90156, -8.48552, -4.75134, 2.13787, 2.94592, -5.40211]"
44,sub10,scratch,1,sub10-b1__0036__jump.npy,10,jump,10,0.97678363,1,"[0.40181, -3.87162, -1.46986, -0.9272, -10.66059, -6.06267, -5.89667, -17.1215, 3.85433, 6.26085, 10.53257, -4.21694, 3.9505, -2.87096, 5.27345, -6.6381, -4.94334, -7.38206, -3.9061, 3.00684, 3.93869, -6.62195]"
44,sub10,scratch,1,sub10-b1__0037__runonspot.npy,13,runonspot,13,0.9900226,1,"[-1.64674, -1.62415, -6.5626, 11.21714, 0.24551, -0.32153, -5.43676, -7.77669, -3.533, 0.87087, -0.06445, -11.8722, -3.86749, 15.81767, 3.00875, -7.95807, 5.24112, -7.54839, 0.41341, -8.12324, -5.48731, 2.79708]"
44,sub10,scratch,1,sub10-b1__0038__runonspot.npy,13,runonspot,13,0.99951124,1,"[0.38026, -1.31312, -7.5577, 10.4466, 5.16556, -0.42563, -6.96727, -6.20406, -5.47894, 2.65211, -1.81651, -11.92005, -6.41511, 18.08806, 2.68348, -7.89376, 6.03212, -8.31359, 0.62412, -8.7621, -6.35705, 2.45025]"
44,sub10,scratch,1,sub10-b1__0039__runonspot.npy,13,runonspot,13,0.99788946,1,"[-0.04794, -1.57522, -6.98586, 11.25571, 3.57044, -0.0449, -5.79409, -6.88373, -5.15943, 1.27052, -1.11445, -12.28848, -5.87382, 17.4162, 2.24006, -7.07121, 4.40739, -6.93261, 1.12069, -8.49123, -5.83322, 1.65508]"
44,sub10,scratch,1,sub10-b1__0040__runonspot.npy,13,runonspot,13,0.99769044,1,"[-0.99447, -1.80874, -6.80817, 11.26425, 2.68901, -0.5689, -5.81108, -7.0377, -5.12152, 1.54902, -0.68878, -11.94694, -5.16663, 17.33529, 2.95737, -7.69186, 5.06945, -7.06912, 0.77859, -8.55806, -5.7697, 2.15066]"
44,sub10,scratch,1,sub10-b1__0042__buttkicks.npy,4,buttkicks,4,0.99655163,1,"[-4.11244, -10.7926, -8.78561, 2.88722, 19.10537, -2.37696, -7.59377, -6.57515, -10.92172, 8.59414, -0.78614, -2.86484, -6.34158, 13.41986, 7.0463, -6.48109, 8.76435, -1.62041, -2.26861, -2.85301, -1.85496, -8.00266]"
44,sub10,scratch,1,sub10-b1__0043__buttkicks.npy,4,buttkicks,4,0.98002726,1,"[-4.04812, -10.36782, -8.10815, 3.87826, 17.25595, -2.83747, -6.15359, -7.28489, -11.14499, 7.87079, -1.00574, -3.63163, -6.54092, 13.35085, 7.34616, -5.82153, 8.09996, -2.07902, -1.86445, -2.68273, -2.22646, -7.98422]"
44,sub10,scratch,1,sub10-b1__0044__buttkicks.npy,4,buttkicks,4,0.9830205,1,"[-3.60407, -10.26614, -8.39986, 4.47254, 18.37173, -2.03922, -6.19483, -6.714, -11.56341, 7.10477, -1.22276, -3.90899, -7.13005, 14.31071, 6.54983, -5.5432, 7.56643, -1.3169, -1.41253, -3.48689, -2.4661, -8.09105]"
44,sub10,scratch,1,sub10-b1__0045__buttkicks.npy,4,buttkicks,4,0.9841739,1,"[-3.60231, -9.28801, -8.145, 2.9747, 18.11572, -2.19748, -7.89867, -5.8489, -10.43542, 7.85613, -1.14235, -3.80539, -5.9244, 13.97744, 6.50009, -7.00786, 8.75425, -3.09675, -2.14624, -3.22641, -2.36555, -6.62068]"
44,sub10,scratch,1,sub10-b1__0046__buttkicks.npy,4,buttkicks,4,0.98877305,1,"[-4.00462, -10.54594, -7.68514, 4.11381, 17.59158, -2.07343, -5.61255, -6.91537, -11.73531, 6.73707, -1.17619, -3.43571, -6.14256, 13.10771, 6.69143, -5.4395, 7.01282, -1.17308, -1.38578, -2.56769, -1.7755, -8.75495]"
44,sub10,scratch,1,sub10-b1__0047__airkick.npy,0,airkick,0,0.47682735,1,"[8.47657, 2.31098, -6.09906, 0.81421, 0.70725, -1.71782, -8.35044, -6.334, -0.34199, 7.70724, -0.16673, -7.29733, -2.98786, 8.01313, 1.13021, -7.63643, 0.82813, -12.74713, -1.52722, -3.40463, -2.34382, -0.07499]"
44,sub10,scratch,1,sub10-b1__0048__airkick.npy,0,airkick,14,0.96905833,0,"[-9.04083, -11.57294, -3.15461, -0.21332, 1.07875, -5.76702, -1.28525, -11.66459, -7.95948, 6.21358, 6.12735, 4.93463, 3.41046, 2.58698, 10.5371, -3.43052, 3.72089, 1.16892, -5.46099, 1.59064, 2.25442, -12.10504]"
44,sub10,scratch,1,sub10-b1__0049__airkick.npy,0,airkick,14,0.9671157,0,"[-8.12395, -11.14284, -2.41287, 0.15392, 1.26508, -5.87903, -0.85912, -11.38021, -8.2728, 5.92636, 5.74341, 5.0645, 2.48167, 2.8458, 10.20066, -2.44813, 2.88049, 1.99382, -5.47977, 0.90061, 2.08472, -12.49636]"
44,sub10,scratch,1,sub10-b1__0050__airkick.npy,0,airkick,14,0.6663201,0,"[-3.88847, -7.84097, 1.61601, 3.08219, -2.61106, -6.5678, 0.97175, -12.94397, -4.95922, 2.53395, 5.31827, 1.96391, -0.7217, 0.80708, 6.77152, 2.03519, -4.0595, 5.04871, -3.58344, -0.39481, 2.81728, -11.43001]"
44,sub10,scratch,1,sub10-b1__0051__airkick.npy,0,airkick,14,0.7129783,0,"[-4.22728, -7.90069, 1.46949, 2.04141, -3.95664, -6.30291, 1.80798, -13.02114, -5.5846, 2.63472, 5.95725, 2.32391, 1.25387, 0.42427, 7.07263, 0.62937, -4.26668, 2.85865, -3.60993, 0.75393, 2.96145, -12.19257]"
44,sub10,scratch,1,sub10-b1__0052__airkick.npy,0,airkick,14,0.5020172,0,"[-1.89413, -6.28962, 2.77109, 1.45207, -3.79983, -7.35541, 1.64788, -12.81981, -4.5895, 2.80992, 5.71271, 3.03846, -1.02941, -0.66646, 6.27831, 3.20096, -6.2728, 4.58698, -3.55243, 0.11874, 3.63828, -12.63462]"
44,sub10,scratch,1,sub10-b1__0053__airkick.npy,0,airkick,14,0.65094984,0,"[-4.16219, -8.14605, 1.63736, -0.11327, -3.27754, -7.13542, 0.18216, -12.65095, -4.64201, 4.56655, 6.70973, 4.56143, 0.77935, -1.70142, 7.71436, 1.08418, -4.10423, 4.15975, -4.65719, 1.82193, 4.66461, -13.02644]"
44,sub10,scratch,1,sub10-b1__0054__sidekick.npy,14,sidekick,14,0.98351306,1,"[-9.27445, -9.77356, 0.30226, 1.37678, -1.37637, -6.48155, 0.75784, -12.04324, -5.50936, 2.84809, 4.66313, 3.93619, 2.92598, 1.31301, 9.55549, -2.67544, 2.62583, 1.79835, -4.73966, 0.4017, 2.37798, -9.02382]"
44,sub10,scratch,1,sub10-b1__0055__sidekick.npy,14,sidekick,14,0.9891957,1,"[-10.08403, -10.62063, -0.88884, 2.42323, -0.33983, -5.83376, 1.51728, -11.175, -5.8967, 2.56111, 3.54172, 3.45461, 2.60013, 2.03359, 9.69331, -2.85275, 3.50858, 2.59942, -3.76368, 0.18674, 2.45917, -8.25342]"
44,sub10,scratch,1,sub10-b1__0057__sidekick.npy,14,sidekick,14,0.94552416,1,"[-8.64293, -9.8763, 0.83053, 1.31287, -3.02307, -5.90475, 1.58461, -12.71114, -4.69245, 2.30834, 5.17453, 3.34339, 3.83819, -0.68427, 8.58262, -2.47726, 0.80711, 1.27983, -3.87073, 2.02289, 3.04757, -8.98737]"
44,sub10,scratch,1,sub10-b1__0058__sidekick.npy,14,sidekick,14,0.9785442,1,"[-8.59952, -9.44853, 0.41169, 2.38339, -1.4459, -6.30393, 1.13349, -12.57324, -4.86277, 2.18566, 4.26593, 2.27899, 2.12027, 1.41323, 8.75457, -2.1641, 1.87748, 1.71228, -3.77339, 0.23796, 2.01196, -8.02838]"
44,sub10,scratch,1,sub10-b1__0059__crosstoe.npy,6,crosstoe,6,0.9994667,1,"[2.37012, 1.35653, -1.55188, -1.76087, -15.31075, -2.06388, 15.43553, -10.27223, -1.71934, -3.21356, 2.88521, 1.41397, 7.64409, -5.39131, 2.3337, -2.01714, -8.8453, -9.7349, 3.84847, 6.15991, 3.69034, -7.25926]"
44,sub10,scratch,1,sub10-b1__0060__crosstoe.npy,6,crosstoe,6,0.99996674,1,"[2.17503, 1.13672, 2.71392, 0.16474, -14.04007, -4.77921, 15.80173, -10.88988, -2.07866, -4.47638, 2.21174, 1.26468, 4.03611, -4.68881, 2.1295, 1.32093, -10.96376, -5.23591, 4.06709, 3.53862, 3.68063, -7.82653]"
44,sub10,scratch,1,sub10-b1__0061__crosstoe.npy,6,crosstoe,6,0.99989843,1,"[1.22833, 1.22162, 0.04945, -2.15937, -13.98089, -3.53312, 16.21843, -8.86823, -4.1604, -3.13206, 2.06158, 3.72257, 6.81166, -3.437, 4.11992, -1.44439, -7.08858, -9.08768, 2.55098, 4.15523, 2.93549, -8.53097]"
44,sub10,scratch,1,sub10-b1__0062__crosstoe.npy,6,crosstoe,6,0.9998499,1,"[0.25598, 1.69748, 1.35285, -1.96398, -15.27078, -2.73879, 16.30786, -8.73156, -0.69675, -4.57625, 1.9014, 3.27748, 7.25353, -6.3821, 2.62441, -1.18012, -7.90859, -7.09047, 2.71397, 5.58928, 4.096, -5.78404]"
44,sub10,scratch,1,sub10-b1__0063__crosstoe.npy,6,crosstoe,6,0.9998406,1,"[0.52847, 1.76252, 0.5284, -3.92447, -14.53447, -3.21424, 17.11481, -8.02602, -3.72264, -3.05172, 1.90056, 5.07702, 8.13796, -5.56753, 4.00785, -1.61249, -6.80783, -9.35786, 2.67703, 6.40389, 3.82981, -8.40481]"
44,sub10,scratch,1,sub10-b1__0064__throw.npy,18,throw,1,0.81706357,0,"[8.45168, 10.50706, -0.71596, -0.78111, -7.17552, 2.04054, 6.10978, 0.67987, -3.22366, -2.31206, -1.01477, -8.61367, -0.97443, -0.4299, -4.03631, 4.19935, -11.7773, -9.22608, 7.87435, 5.84896, -0.4945, -8.89423]"
44,sub10,scratch,1,sub10-b1__0065__throw.npy,18,throw,1,0.77797234,0,"[8.67408, 10.73293, -0.16616, -2.40307, -7.88666, 0.28986, 6.28887, 0.30616, -3.68946, -1.75908, -1.06729, -6.9138, -0.06002, -1.24099, -3.50359, 4.61936, -12.3525, -8.43531, 8.74376, 5.75014, 0.78954, -8.89776]"
44,sub10,scratch,1,sub10-b1__0066__throw.npy,18,throw,1,0.86761856,0,"[8.42004, 10.9329, 0.34032, -3.67194, -8.66209, -2.0827, 6.92837, -3.62582, -2.26043, -1.437, -0.28665, -6.46184, -0.01863, -2.52582, -2.89757, 4.85669, -12.27657, -9.09895, 7.73554, 6.33233, 0.51052, -8.38369]"
44,sub10,scratch,1,sub10-b1__0067__throw.npy,18,throw,1,0.8577728,0,"[8.51006, 11.52246, -0.55734, -3.05674, -8.52038, -1.09826, 7.10927, -1.25921, -2.24264, -1.73009, -1.07167, -7.17258, 0.1861, -1.69558, -3.54487, 4.31569, -12.27548, -9.2783, 9.22442, 5.79909, 0.76856, -7.01691]"
44,sub10,scratch,1,sub10-b1__0068__throw.npy,18,throw,1,0.7231444,0,"[9.33903, 10.51728, 0.33994, -3.51746, -9.11681, -1.96577, 6.63397, -5.81804, -2.18771, -1.20942, 0.75868, -6.67871, -0.23301, -2.93311, -2.88243, 5.35954, -13.09798, -9.16103, 6.85196, 6.74168, 0.36641, -10.03181]"
44,sub10,scratch,1,sub10-b1__0069__walk.npy,20,walk,8,0.3625687,0,"[-1.82741, -3.47196, -0.0503, 1.51464, -11.90984, -3.69182, -4.20231, -14.00381, 7.24237, 2.41004, 7.23648, -5.20275, 4.27042, -6.11127, 2.06292, -4.65976, -6.49836, -2.19029, -0.48695, 3.68876, 6.83554, -1.58512]"
44,sub10,scratch,1,sub10-b1__0070__turnaround.npy,19,turnaround,19,0.9874193,1,"[6.76968, 2.94816, -4.9117, -0.08854, -10.57364, -1.70735, 3.63416, -12.42426, 4.28766, 1.12916, 5.49616, -9.00819, -0.83268, -6.56956, 0.24585, 3.88398, -12.38265, -5.37855, 3.65448, 11.63588, 4.63568, -12.11872]"
44,sub10,scratch,1,sub10-b2__0001__walk.npy,20,walk,20,0.77302325,1,"[0.96291, -2.05266, 0.76485, -1.81048, -12.59191, -3.6661, -3.62546, -13.29451, 8.1231, 3.01617, 8.04191, -2.98892, 3.88883, -9.53138, 1.564, -3.95739, -10.52599, -0.26867, -0.38521, 6.78871, 10.14122, -5.35662]"
44,sub10,scratch,1,sub10-b2__0002__turnaround.npy,19,turnaround,19,0.9612962,1,"[4.18714, 0.0897, -7.84021, -1.58504, -8.61553, 1.3955, 6.208, -6.15866, 1.21603, 1.02982, 3.77305, -4.34083, 1.07685, -7.44158, 0.75871, 0.93918, -12.83829, -0.1525, 6.93818, 14.47186, 11.23794, -12.36295]"
44,sub10,scratch,1,sub10-b2__0003__walk.npy,20,walk,20,0.987324,1,"[0.38487, -5.9104, -9.69976, 2.44669, -7.73002, 1.81403, 3.87408, -4.72369, -1.75166, 1.26908, 3.24989, -1.14282, 5.89437, -3.00574, 0.87998, -3.75351, -9.36453, 5.53604, 9.11108, 4.03153, 13.54826, -9.38967]"
44,sub10,scratch,1,sub10-b2__0004__turnaround.npy,19,turnaround,19,0.99690443,1,"[5.14964, 1.61892, -5.15067, -0.49437, -10.86856, -1.22496, 4.86156, -11.6812, 3.85223, 0.68304, 5.53663, -6.92402, -0.06319, -8.18948, 0.62579, 4.34698, -12.70727, -3.81661, 4.65571, 12.92544, 6.17245, -12.38947]"
44,sub10,scratch,1,sub10-b2__0005__walk.npy,20,walk,20,0.57435036,1,"[0.23221, -1.8705, 1.05897, -1.81762, -13.73413, -3.98117, -3.72711, -12.95541, 9.40619, 2.87759, 7.738, -2.35698, 4.73836, -10.36099, 1.44617, -3.85489, -9.58207, -0.2477, -0.60764, 6.26973, 9.92392, -3.24935]"
44,sub10,scratch,1,sub10-b2__0006__turnaround.npy,19,turnaround,19,0.99633163,1,"[5.50653, 1.27663, -4.10407, -0.06165, -10.29169, -1.92966, 5.65133, -12.89051, 3.06024, 0.60135, 5.66478, -7.40143, -0.3502, -7.69416, 0.75492, 4.46744, -13.19659, -3.71458, 4.25488, 12.77202, 5.66685, -13.70695]"
44,sub10,scratch,1,sub10-b2__0007__walk.npy,20,walk,20,0.9906687,1,"[0.18356, -6.54146, -9.78434, 2.55259, -6.12192, 2.02682, 4.47353, -4.27209, -3.14394, 1.31595, 2.66909, -0.62967, 4.94833, -2.51548, 0.94558, -3.73104, -9.31438, 6.42652, 9.11503, 4.44093, 13.88186, -10.17622]"
44,sub10,scratch,1,sub10-b2__0008__turnaround.npy,19,turnaround,19,0.9953206,1,"[5.52343, 1.35454, -5.05777, 0.37999, -10.43453, -1.27302, 5.61738, -12.06829, 3.38398, 0.37687, 5.31105, -7.39455, -0.9413, -7.77577, 0.23932, 4.77416, -13.28376, -3.24888, 5.14669, 12.61613, 5.88651, -12.56549]"
44,sub10,scratch,1,sub10-b2__0009__walk.npy,20,walk,20,0.48593587,1,"[-0.09396, -2.70597, 1.01688, 0.0431, -13.06809, -3.883, -3.49637, -13.51494, 8.80603, 2.31571, 7.31848, -3.55875, 4.06934, -9.1199, 1.13403, -3.26848, -9.3976, 0.02434, -0.22423, 5.20043, 8.98473, -2.574]"
44,sub10,scratch,1,sub10-b2__0010__turnaround.npy,19,turnaround,19,0.9957373,1,"[4.85984, 0.74973, -4.93819, 0.27985, -10.45118, -1.14134, 5.34974, -12.13422, 3.74105, 0.40265, 5.73481, -7.61337, 0.27652, -7.87132, 0.52447, 3.91844, -13.14492, -2.95032, 4.74102, 12.79086, 6.51054, -13.02689]"
44,sub10,scratch,1,sub10-b2__0012__turnaround.npy,19,turnaround,19,0.9918893,1,"[5.62623, 0.96995, -4.88728, 1.08133, -9.79012, -1.46544, 5.53496, -12.61912, 2.90177, 0.32838, 5.31723, -7.8857, -1.4515, -7.11364, 0.14541, 5.21041, -13.31865, -3.03037, 5.13377, 11.98091, 5.25321, -13.03714]"
44,sub10,scratch,1,sub10-b2__0013__walk.npy,20,walk,8,0.5869047,0,"[-0.60987, -3.16034, 0.38192, 1.68794, -12.1645, -3.44056, -3.13913, -13.37246, 8.51983, 1.52078, 6.0813, -4.66089, 3.46086, -8.16698, 0.58299, -2.80892, -8.38683, -0.10531, 0.64645, 4.37594, 7.99378, -1.08508]"
44,sub10,scratch,1,sub10-b2__0014__turnaround.npy,19,turnaround,19,0.99580777,1,"[4.51904, 0.07364, -5.16624, 0.41135, -9.70095, -1.28677, 5.39182, -12.51182, 3.27866, 0.61546, 5.83216, -7.66138, -0.15207, -7.57194, 0.71025, 3.67074, -13.04725, -2.33412, 4.83161, 12.89225, 6.71032, -13.54047]"
44,sub10,scratch,1,sub10-b2__0015__walk.npy,20,walk,20,0.99164104,1,"[0.11086, -7.42767, -9.32801, 2.74792, -4.7201, 1.91933, 5.22319, -4.50728, -3.90325, 1.22254, 2.46255, 0.10468, 3.58146, -2.70281, 0.79533, -2.79001, -9.96236, 8.57769, 8.88433, 4.90542, 14.2432, -11.18649]"
44,sub10,scratch,1,sub10-b2__0016__turnaround.npy,19,turnaround,19,0.9947983,1,"[4.68857, 0.10611, -4.78172, 0.8246, -9.1994, -1.54347, 6.04768, -12.66365, 2.45227, 0.21162, 5.55869, -7.14436, -1.28415, -7.43271, 0.43896, 5.29496, -13.31961, -2.06234, 5.18518, 12.541, 5.61369, -13.72986]"
44,sub10,scratch,1,sub10-b2__0017__walk.npy,20,walk,8,0.5751972,0,"[-2.25951, -4.21343, 0.06471, 2.21744, -11.66424, -3.27175, -2.6325, -13.04302, 8.17676, 1.32377, 5.5525, -4.02555, 3.62422, -8.24309, 1.1326, -2.66791, -6.78343, 0.54643, 0.42214, 4.31011, 7.7125, -0.58084]"
44,sub10,scratch,1,sub10-b2__0018__turnaround.npy,19,turnaround,19,0.9900795,1,"[4.13224, -1.03427, -5.77958, 1.02189, -9.13338, -1.31008, 5.74274, -12.66405, 2.48441, 0.61597, 5.89543, -7.70945, -0.05237, -6.45636, 1.03423, 3.12116, -13.06932, -1.61779, 5.09749, 12.16269, 6.88119, -14.19965]"
44,sub10,scratch,1,sub10-b2__0019__walk.npy,20,walk,20,0.98731184,1,"[0.1114, -7.92826, -8.75607, 2.63817, -3.33846, 1.7601, 5.87773, -4.58854, -4.86465, 1.32911, 2.17762, 0.69717, 2.43024, -2.64465, 0.8761, -2.4534, -10.30958, 9.88392, 8.45, 5.48251, 14.47832, -12.16975]"
44,sub10,scratch,1,sub10-b2__0020__turnaround.npy,19,turnaround,19,0.9934267,1,"[5.05944, 0.14424, -4.8224, 1.16958, -8.94817, -1.43137, 6.32702, -12.49813, 2.10835, 0.22528, 5.32737, -7.49882, -1.66643, -6.96377, 0.37994, 5.20299, -13.45599, -2.04965, 5.28986, 12.3792, 5.53961, -13.97211]"
44,sub10,scratch,1,sub10-b2__0021__walk.npy,20,walk,20,0.5981752,1,"[-1.86912, -4.73187, -0.11129, 3.65345, -10.19312, -3.04719, -0.89439, -13.45791, 6.15807, 0.6164, 4.63256, -4.96016, 2.08709, -7.10412, 0.80489, -1.66047, -7.42257, 1.11843, 1.65154, 4.3184, 6.9649, -1.87938]"
44,sub10,scratch,1,sub10-b2__0022__turnaround.npy,19,turnaround,19,0.9630211,1,"[4.40391, -2.06399, -5.34849, -0.58891, -5.83242, -0.29327, 7.65546, -8.32058, -2.35497, 1.58368, 4.56246, -3.36423, -1.65254, -5.42848, 1.66189, 2.26165, -14.14135, 1.87879, 5.52079, 13.32223, 9.94653, -16.60504]"
44,sub10,scratch,1,sub10-b2__0023__walk.npy,20,walk,20,0.98350924,1,"[0.07657, -8.22445, -8.86863, 2.76564, -2.75768, 1.60601, 6.1418, -4.82142, -5.42597, 1.44596, 2.15197, 0.64371, 2.01872, -2.10144, 1.02792, -2.36942, -10.30211, 9.89786, 8.49357, 5.3192, 14.23427, -12.65692]"
44,sub10,scratch,1,sub10-b2__0024__turnaround.npy,19,turnaround,19,0.9868024,1,"[4.76921, -0.25752, -4.54433, 2.03693, -8.52346, -1.59424, 5.93576, -12.96962, 2.43051, 0.00968, 5.30981, -7.94336, -2.29763, -6.5362, 0.30269, 5.46304, -13.36394, -1.41585, 5.12829, 11.47615, 5.09607, -13.5273]"
44,sub10,scratch,1,sub10-b2__0026__hop.npy,9,hop,9,0.97069585,1,"[2.65111, -2.94482, -5.50401, 0.05936, -2.67837, -5.87054, -5.77984, -13.19063, 0.76663, 8.43122, 3.00487, -5.42235, -0.53677, 2.0612, 4.43538, -7.29227, -0.13728, -9.7822, -1.49938, 1.06219, 1.37849, -3.68403]"
44,sub10,scratch,1,sub10-b2__0027__hop.npy,9,hop,9,0.95765316,1,"[2.63372, -3.75686, -6.737, 0.84741, 2.156, -5.10129, -7.70822, -11.82773, -1.35807, 9.14261, 2.13847, -5.94504, -2.33345, 5.63056, 4.5113, -7.48788, 2.0947, -9.76843, -2.00395, -0.55797, -0.28343, -3.85179]"
44,sub10,scratch,1,sub10-b2__0028__hop.npy,9,hop,9,0.9812625,1,"[3.66374, -2.19132, -6.15223, -2.31752, 0.14647, -4.90029, -5.64566, -10.2402, -1.61099, 9.20093, 2.01233, -3.88358, -0.53917, 2.95585, 4.67823, -7.11183, 0.64315, -11.16092, -1.84771, 2.17146, 1.05008, -5.80813]"
44,sub10,scratch,1,sub10-b2__0029__hop.npy,9,hop,9,0.97692776,1,"[3.60556, -2.5654, -6.68035, -0.30403, 0.52996, -4.15936, -6.40264, -10.33101, -1.22564, 8.81919, 1.54081, -5.40757, -1.33878, 4.09215, 3.87999, -7.43316, 1.10034, -10.70743, -1.42797, 0.73971, 0.40991, -4.17014]"
44,sub10,scratch,1,sub10-b2__0030__hop.npy,9,hop,9,0.8561115,1,"[-0.05736, -4.76854, -5.47284, 1.96862, 0.42468, -5.83967, -5.83022, -13.2509, -0.41085, 7.28454, 1.92073, -5.64798, -1.69593, 4.04097, 5.06195, -7.04176, 2.33349, -7.87614, -1.85805, -0.07576, 0.36701, -3.48429]"
44,sub10,scratch,1,sub10-b2__0031__jump.npy,10,jump,10,0.3541728,1,"[-4.12524, -6.18796, -2.10467, 4.54554, -7.04897, -4.71818, -2.26168, -15.69222, 2.27868, 2.60477, 4.97124, -5.69249, 1.86681, -0.37428, 4.84077, -5.40496, -0.57954, -4.24257, -1.35456, 1.02301, 2.05566, -3.11429]"
44,sub10,scratch,1,sub10-b2__0032__jump.npy,10,jump,10,0.37035006,1,"[-4.4262, -5.93, -1.4996, 3.77179, -8.05348, -5.06487, -2.12986, -15.59866, 3.55868, 2.66879, 4.99058, -4.91073, 2.34341, -2.07056, 4.78894, -5.4032, -0.74723, -3.78111, -1.59132, 1.70625, 2.97451, -2.51508]"
44,sub10,scratch,1,sub10-b2__0033__jump.npy,10,jump,10,0.38539562,1,"[-4.81922, -6.16978, -1.69119, 4.32681, -7.39547, -4.81036, -2.41588, -15.32937, 2.9561, 2.36036, 5.07249, -5.40793, 2.33307, -0.88647, 4.81307, -5.56887, -0.38297, -3.68975, -1.49547, 1.04216, 2.39337, -2.24862]"
44,sub10,scratch,1,sub10-b2__0034__jump.npy,10,jump,3,0.8142984,0,"[-4.67078, -4.74274, -5.64683, 9.78681, -1.63774, 0.23731, -5.59462, -6.01309, -0.42589, 2.49706, 0.52299, -10.44777, -0.94071, 8.23801, 3.64221, -8.80026, 5.24762, -6.54719, 0.48026, -3.8561, -1.91233, 3.41137]"
44,sub10,scratch,1,sub10-b2__0035__jump.npy,10,jump,10,0.39760408,1,"[-3.20925, -5.68124, -1.31571, 5.01094, -7.42234, -4.87803, -2.32809, -15.85869, 2.8034, 2.2921, 5.10826, -6.33017, 1.07071, -0.71999, 4.03217, -4.56566, -2.09639, -3.23532, -0.94183, 0.96013, 2.36895, -2.89507]"
44,sub10,scratch,1,sub10-b2__0036__jump.npy,10,jump,10,0.44256842,1,"[-3.68282, -5.67244, -1.24794, 4.56919, -8.23891, -4.63005, -2.37374, -15.59071, 3.98719, 2.21238, 5.27554, -5.93455, 1.58239, -2.02837, 4.01062, -4.55281, -2.11659, -2.85189, -1.0531, 1.42216, 3.06042, -2.2251]"
44,sub10,scratch,1,sub10-b2__0037__runonspot.npy,13,runonspot,3,0.5395069,0,"[-2.20621, -3.73735, -5.20158, 11.10407, -1.02585, -1.28721, -3.73233, -10.24445, -2.26024, 1.16783, 0.32175, -11.54392, -3.71166, 10.94466, 3.20382, -6.98139, 3.21097, -6.07525, 0.79679, -5.11244, -3.46872, 0.92107]"
44,sub10,scratch,1,sub10-b2__0038__runonspot.npy,13,runonspot,13,0.71881264,1,"[-2.42376, -3.77463, -5.82827, 11.19691, 0.36892, -1.23732, -4.46812, -9.23401, -2.68301, 1.86636, -0.34964, -11.59261, -4.34373, 12.13764, 3.49562, -7.60168, 4.68314, -6.38313, 0.67226, -5.68095, -3.96337, 1.59907]"
44,sub10,scratch,1,sub10-b2__0039__runonspot.npy,13,runonspot,13,0.76788706,1,"[-2.48789, -3.87659, -6.15387, 11.44101, 1.38097, -0.9774, -4.71199, -8.99991, -3.46439, 1.98786, -0.85052, -11.66297, -5.01603, 12.64016, 3.7442, -7.58821, 5.2751, -6.17736, 0.53278, -5.8104, -4.16656, 1.06713]"
44,sub10,scratch,1,sub10-b2__0040__runonspot.npy,13,runonspot,13,0.7374696,1,"[-2.10095, -3.92183, -5.97729, 12.4588, 1.96644, -0.12849, -4.64126, -7.98215, -3.74357, 1.01364, -1.20616, -12.29802, -5.34047, 13.49215, 3.06787, -6.99671, 4.48171, -5.72156, 1.08456, -6.5766, -4.58623, 1.06103]"
44,sub10,scratch,1,sub10-b2__0041__runonspot.npy,13,runonspot,13,0.7150697,1,"[-2.91698, -4.43031, -5.38966, 11.25537, 1.13993, -1.16534, -3.65873, -9.82813, -3.54239, 0.95512, -0.20605, -11.15235, -4.40425, 12.17695, 3.69341, -6.63529, 4.11996, -5.15524, 0.5993, -5.51557, -3.98552, 0.03435]"
44,sub10,scratch,1,sub10-b2__0042__buttkicks.npy,4,buttkicks,4,0.97181267,1,"[-6.32642, -11.422, -6.72896, 4.16068, 12.56512, -3.20669, -4.78063, -9.47442, -7.17537, 7.09895, -0.21982, -3.21141, -4.69148, 7.90974, 7.77961, -6.33134, 7.55665, -0.9482, -1.92448, 0.16737, -0.08913, -6.89253]"
44,sub10,scratch,1,sub10-b2__0043__buttkicks.npy,4,buttkicks,4,0.9946451,1,"[-5.11017, -11.36775, -8.05556, 3.63603, 16.70236, -2.5253, -6.2591, -7.91636, -9.69854, 8.32675, -0.70894, -3.24883, -5.951, 11.34375, 7.84164, -6.933, 8.59672, -2.00037, -2.34802, -1.35806, -1.30314, -7.95586]"
44,sub10,scratch,1,sub10-b2__0044__buttkicks.npy,4,buttkicks,4,0.9714035,1,"[-4.77819, -10.48224, -7.40274, 4.90271, 14.03386, -2.32298, -5.9282, -8.85564, -8.36038, 6.80295, -0.80221, -4.78365, -5.6212, 10.41058, 6.54829, -6.77351, 7.42545, -1.88474, -1.42842, -1.15389, -1.17981, -6.35772]"
44,sub10,scratch,1,sub10-b2__0045__buttkicks.npy,4,buttkicks,4,0.9973477,1,"[-5.66904, -12.8646, -7.40959, 2.17537, 15.08032, -3.48685, -4.39466, -9.85397, -9.27061, 8.23641, 0.41674, -0.98322, -4.85578, 7.48377, 8.08308, -5.42719, 6.41052, 0.19535, -2.26384, 1.42988, 0.80417, -10.16028]"
44,sub10,scratch,1,sub10-b2__0046__buttkicks.npy,4,buttkicks,4,0.9964122,1,"[-5.5694, -11.8757, -7.06748, 3.48015, 14.60398, -3.1387, -5.83104, -9.18366, -7.99001, 7.64888, -0.24552, -2.84395, -4.94449, 8.28835, 6.95775, -6.30144, 6.63071, -0.1557, -1.61716, -0.048, 0.47749, -7.61847]"
44,sub10,scratch,1,sub10-b2__0047__buttkicks.npy,4,buttkicks,4,0.98575324,1,"[-6.13549, -11.79741, -7.13457, 4.01918, 13.5383, -2.95303, -5.39281, -9.30218, -8.17323, 6.99735, -0.11577, -3.11272, -4.44931, 8.82783, 7.44027, -6.44643, 7.15181, -0.65553, -1.81157, -0.42579, -0.08862, -7.26739]"
44,sub10,scratch,1,sub10-b2__0049__airkick.npy,0,airkick,0,0.9456267,1,"[10.57491, 7.65992, 2.96504, -0.79817, -7.77333, -3.50578, 1.21619, -12.62515, 1.27443, 1.42499, 1.69298, -6.94172, -4.48327, -2.706, -0.8664, 4.03938, -8.77624, -8.26075, -3.04859, 3.55761, -1.9801, -9.19172]"
44,sub10,scratch,1,sub10-b2__0050__airkick.npy,0,airkick,0,0.9625955,1,"[8.43552, 4.92715, 2.59164, 0.89025, -3.58482, -3.46671, -1.07496, -13.09432, -0.66508, 1.90371, 1.25865, -7.33523, -5.75365, 0.80401, 0.13337, 2.04855, -6.02314, -7.36664, -3.96924, 1.06955, -2.83172, -8.75717]"
44,sub10,scratch,1,sub10-b2__0051__airkick.npy,0,airkick,0,0.9331967,1,"[8.83482, 5.7936, 3.15262, 2.30592, -6.96173, -3.17635, 0.698, -13.49054, 1.232, -0.42079, 1.76007, -8.51446, -5.44545, -1.97909, -1.63384, 4.61977, -9.6415, -5.06533, -1.85917, 2.77133, -1.51674, -8.50434]"
44,sub10,scratch,1,sub10-b2__0052__airkick.npy,0,airkick,0,0.98697805,1,"[10.55437, 6.11176, 1.05988, 2.98039, -6.31997, -2.6303, 0.5275, -12.67971, 0.76368, 0.9803, 0.37016, -9.56637, -6.50843, 0.10079, -2.03765, 2.96294, -9.22206, -7.20703, -0.45582, 1.03461, -2.08394, -8.00747]"
44,sub10,scratch,1,sub10-b2__0053__airkick.npy,0,airkick,0,0.8367343,1,"[7.5848, 4.75663, 3.68741, 2.31414, -7.28733, -2.79134, 1.77102, -13.70686, 0.77904, -1.33522, 2.2455, -8.0551, -4.36721, -3.07218, -1.5241, 5.03951, -10.33651, -4.13762, -1.20685, 3.79146, -0.76596, -9.45916]"
44,sub10,scratch,1,sub10-b2__0054__airkick.npy,0,airkick,0,0.9912122,1,"[12.04226, 7.25589, 1.48185, -0.02448, -8.42331, -1.18411, 3.18529, -10.92485, -1.26941, 1.04685, 0.93343, -7.6172, -3.17755, -1.92646, -2.58129, 2.47431, -11.07167, -9.78333, 0.40683, 3.67396, -1.5222, -10.02944]"
44,sub10,scratch,1,sub10-b2__0055__sidekick.npy,14,sidekick,14,0.4385257,1,"[-7.97387, -9.47154, -0.70147, 2.41031, -5.29915, -3.48599, 6.35856, -12.68718, -2.63951, -0.29199, 3.83328, 2.22465, 4.0043, -3.62462, 6.51575, -1.7057, -1.54787, 1.85595, -0.70174, 4.35938, 4.37474, -7.99829]"
44,sub10,scratch,1,sub10-b2__0056__sidekick.npy,14,sidekick,6,0.49219832,0,"[-8.48713, -9.7392, -1.085, 2.73857, -4.31359, -2.64785, 6.86023, -11.66235, -3.43179, -0.94348, 3.00493, 2.70631, 4.04772, -2.95465, 6.59348, -1.70803, -0.77664, 2.77964, -0.2974, 3.89112, 4.35995, -7.99434]"
44,sub10,scratch,1,sub10-b2__0057__sidekick.npy,14,sidekick,6,0.7683352,0,"[-7.15774, -9.29369, -0.84636, 3.23741, -4.64369, -2.96225, 7.6103, -12.75634, -3.37746, -1.18577, 3.20072, 1.7454, 2.99851, -3.02951, 5.98377, -0.54432, -2.34691, 2.96919, 0.18621, 4.00109, 4.07914, -8.71518]"
44,sub10,scratch,1,sub10-b2__0058__sidekick.npy,14,sidekick,6,0.9358862,0,"[-6.44968, -9.2147, -3.20017, 2.193, -5.00334, -2.51967, 9.62651, -13.26305, -3.9655, -0.60706, 3.70447, 1.63247, 3.22476, -3.6135, 6.03822, -0.83065, -3.11867, 1.15768, 1.45486, 6.09803, 4.45436, -10.02737]"
44,sub10,scratch,1,sub10-b2__0059__sidekick.npy,14,sidekick,6,0.71290267,0,"[-7.6083, -9.08732, -2.78835, 2.68047, -5.25779, -1.85454, 7.57341, -12.29585, -1.92901, -0.95293, 3.45881, 1.18142, 3.4319, -3.91635, 5.86426, -1.5592, -1.87391, 2.4656, 1.06909, 5.19964, 5.03547, -7.66783]"
44,sub10,scratch,1,sub10-b2__0060__sidekick.npy,14,sidekick,14,0.68758863,1,"[-8.98323, -10.64308, -1.4444, 3.19792, -2.98836, -3.03031, 5.53794, -11.74555, -3.95494, -0.45697, 3.03047, 2.83684, 3.63071, -1.87884, 6.9275, -1.37812, 0.25909, 3.69421, -0.55331, 2.5222, 3.97672, -7.9122]"
44,sub10,scratch,1,sub10-b2__0061__sidekick.npy,14,sidekick,14,0.70754814,1,"[-9.66077, -11.06362, -2.23985, 3.00614, -2.86789, -2.71453, 5.51179, -11.71825, -3.67085, -0.26804, 3.10969, 3.06298, 3.91426, -2.214, 7.1682, -1.94431, 0.75704, 4.06842, -0.29157, 3.0263, 4.51462, -7.73185]"
44,sub10,scratch,1,sub10-b2__0062__crosstoe.npy,6,crosstoe,6,0.9996371,1,"[2.4422, 1.45857, -2.43973, -3.16246, -13.6929, -1.52724, 17.71275, -9.17187, -4.09145, -3.15776, 2.59681, 2.18624, 7.11292, -6.44211, 2.08283, 0.19791, -10.01204, -9.11877, 4.98028, 9.70552, 4.0325, -11.88971]"
44,sub10,scratch,1,sub10-b2__0063__crosstoe.npy,6,crosstoe,6,0.9999473,1,"[2.28863, 1.83258, -0.78991, -2.57116, -13.69845, -2.99852, 18.41594, -8.85296, -4.49824, -3.82335, 1.80321, 2.52604, 6.45258, -6.00489, 1.97692, 1.4419, -10.45426, -8.35554, 5.31575, 8.3686, 3.66498, -11.44989]"
44,sub10,scratch,1,sub10-b2__0065__crosstoe.npy,6,crosstoe,6,0.9999155,1,"[1.69801, 1.1285, -0.72277, -3.80646, -13.54894, -1.69061, 18.89621, -8.97238, -4.54686, -3.93953, 2.56618, 4.37352, 7.95689, -7.15342, 2.08005, 0.79563, -9.92177, -7.86335, 4.63934, 9.2549, 4.1769, -11.90564]"
44,sub10,scratch,1,sub10-b2__0066__crosstoe.npy,6,crosstoe,6,0.9997665,1,"[3.44003, 2.87753, 0.25908, -4.98727, -12.65686, -3.21989, 17.69536, -8.58287, -6.20682, -3.41749, 2.09215, 4.22259, 7.00083, -6.18177, 2.26306, 3.06708, -10.81209, -8.90005, 4.48788, 9.20378, 3.27449, -14.52623]"
44,sub10,scratch,1,sub10-b2__0067__crosstoe.npy,6,crosstoe,6,0.9998468,1,"[1.74625, 2.93144, -0.46572, -4.86266, -13.17309, -2.41482, 18.0192, -6.75523, -5.22271, -3.82299, 1.43041, 4.50236, 8.71788, -5.94891, 2.12001, 1.05956, -8.88385, -9.3945, 5.05199, 8.24847, 3.48917, -11.18999]"
44,sub10,scratch,1,sub10-b2__0068__crosstoe.npy,6,crosstoe,6,0.99995995,1,"[-0.88304, -0.12575, -1.07185, -1.33866, -13.08638, -2.87199, 17.47403, -7.92895, -3.30853, -4.20894, 0.76537, 3.93694, 7.14202, -4.29085, 3.83411, -1.23528, -5.76699, -7.56139, 3.36544, 4.84063, 3.46155, -7.255]"
44,sub10,scratch,1,sub10-b2__0069__throw.npy,18,throw,1,0.9676721,0,"[6.78479, 10.56138, 0.81758, -0.58282, -8.63941, -0.05545, 2.81892, -4.17803, 2.69204, -2.53681, 0.79105, -9.93676, -1.08169, -2.88982, -3.71009, 4.18735, -10.51155, -8.43769, 4.52253, 5.34403, -0.81095, -6.11829]"
44,sub10,scratch,1,sub10-b2__0070__throw.npy,18,throw,1,0.98825246,0,"[7.58748, 12.43059, 0.00372, -0.88341, -8.37547, 0.84086, 4.80095, 1.96631, 0.44717, -2.09027, -2.24592, -8.85242, -0.80693, -0.61528, -4.37941, 3.11391, -9.25957, -10.18893, 6.68956, 3.70059, -1.54417, -2.51763]"
44,sub10,scratch,1,sub10-b2__0071__throw.npy,18,throw,1,0.9942569,0,"[8.03741, 13.30449, 1.71727, -1.34702, -7.89631, 1.29015, 4.98091, 4.04581, 0.73398, -2.36369, -3.32565, -7.6865, -1.02518, -0.79747, -4.65669, 3.5333, -8.23583, -10.20596, 4.62153, 2.93976, -2.32989, -0.83506]"
44,sub10,scratch,1,sub10-b2__0072__throw.npy,18,throw,1,0.99764866,0,"[7.4264, 13.57957, 2.9549, -2.7331, -9.6252, 0.13748, 2.18698, -0.92282, 4.77448, -2.23179, -0.97802, -7.44655, 0.14246, -2.95465, -4.69504, 2.78237, -7.83569, -9.91699, 1.78526, 2.16404, -2.24029, -0.00527]"
44,sub10,scratch,1,sub10-b2__0073__throw.npy,18,throw,1,0.9935846,0,"[7.66976, 12.87277, 1.24857, -1.53166, -8.79779, -0.01377, 4.56438, 1.22353, 2.22802, -1.87173, -2.02957, -8.10363, -1.42303, -2.21626, -3.95076, 4.36815, -8.90919, -9.46166, 4.86845, 3.89905, -1.45706, -2.11271]"
44,sub10,scratch,1,sub10-b2__0074__throw.npy,18,throw,1,0.9831656,0,"[7.35634, 11.76605, 0.56686, -0.20074, -9.15873, -0.16954, 3.34793, -2.52326, 3.76399, -2.57393, -0.06045, -10.1976, -1.74077, -3.06135, -4.56463, 4.78431, -10.97597, -7.58037, 5.83456, 4.61434, -0.52354, -3.93941]"
44,sub10,scratch,1,sub10-b2__0075__throw.npy,18,throw,1,0.9934813,0,"[6.91431, 12.20609, 1.6055, 0.04713, -8.83622, 0.52669, 3.64802, -0.20968, 3.11139, -2.73337, -1.24236, -9.36061, -1.83212, -2.59997, -4.23924, 4.64439, -9.4978, -8.57931, 4.39481, 3.92094, -1.48275, -3.08218]"
44,sub10,scratch,1,sub10-b2__0076__walk.npy,20,walk,8,0.52626675,0,"[-1.77568, -3.64421, 0.80563, 4.40093, -10.55734, -2.91999, -0.07827, -13.07117, 6.6088, -0.45807, 3.70988, -5.75875, 1.42864, -6.8425, 0.47447, -1.32503, -7.29025, 0.65068, 1.70478, 3.90427, 6.16894, -0.97166]"
44,sub10,scratch,1,sub10-b2__0077__turnaround.npy,19,turnaround,19,0.9957278,1,"[3.93493, -0.02238, -5.36297, 0.32906, -9.47302, -1.43551, 4.66049, -12.68606, 3.89939, 0.83783, 5.7633, -8.01973, -0.23409, -7.44355, 1.08019, 2.77898, -12.094, -2.34365, 4.32306, 12.75196, 6.75267, -12.98964]"
44,sub10,scratch,1,sub10-b2__0078__walk.npy,20,walk,20,0.9855487,1,"[0.11994, -7.99584, -8.68465, 2.36474, -2.47685, 1.76693, 5.54647, -4.36443, -4.79931, 1.43213, 1.98023, 0.82374, 1.71745, -2.97077, 0.74086, -2.3265, -10.29354, 10.54888, 8.1922, 6.02563, 14.87865, -12.13136]"
44,sub10,scratch,1,sub10-b2__0079__turnaround.npy,19,turnaround,19,0.9897502,1,"[5.08035, -0.58217, -4.64291, 1.53512, -7.82178, -1.62462, 6.5576, -12.86552, 1.19521, 0.20053, 5.40279, -7.38805, -2.4243, -6.28981, 0.41852, 5.66165, -13.75685, -1.05357, 5.20191, 12.04938, 5.30939, -15.0062]"
44,sub10,scratch,1,sub10-b2__0080__walk.npy,20,walk,20,0.42436814,1,"[-1.95013, -4.68142, -0.23263, 3.89796, -10.16953, -3.04164, -1.68491, -13.53189, 6.0978, 0.77409, 4.67025, -5.29956, 2.55469, -6.0034, 0.99666, -2.51394, -6.44624, -0.17254, 1.16731, 3.34263, 6.17611, -1.05966]"
44,sub10,scratch,1,sub10-b2__0081__turnaround.npy,19,turnaround,19,0.994619,1,"[3.76612, -0.44468, -5.16829, 0.42305, -9.47748, -1.39329, 4.71585, -12.89431, 3.86962, 0.73671, 5.90029, -7.79663, 0.00453, -7.65827, 1.08086, 2.92182, -12.3723, -1.78941, 4.32101, 12.72193, 7.04053, -13.18123]"
44,sub10,scratch,1,sub10-b2__0082__walk.npy,20,walk,20,0.9735603,1,"[0.09925, -8.35034, -8.78541, 2.9076, -2.42371, 1.62219, 5.73599, -4.73347, -5.02559, 1.52212, 2.03845, 0.68987, 1.59718, -2.39965, 0.8324, -2.14022, -10.29, 10.76028, 8.42207, 5.23695, 14.46898, -12.23408]"
44,sub10,scratch,1,sub10-b2__0083__turnaround.npy,19,turnaround,19,0.992661,1,"[4.82229, 0.17202, -5.2019, 1.28944, -9.07661, -1.13019, 6.02138, -11.93912, 2.58673, 0.04128, 5.24875, -7.49861, -1.52485, -6.86285, 0.38401, 5.20633, -13.12805, -2.05358, 5.2857, 12.14882, 5.59267, -13.2831]"
44,sub10,scratch,1,sub10-b2__0084__walk.npy,20,walk,20,0.53514105,1,"[-2.3358, -4.7869, -0.35528, 3.54017, -10.29086, -3.07334, -1.46587, -13.24081, 6.3422, 0.67814, 4.4846, -4.84832, 2.68404, -6.82679, 1.01231, -2.09825, -6.4629, 0.45648, 1.35847, 3.8511, 6.78014, -1.0961]"
44,sub10,scratch,1,sub10-b2__0085__turnaround.npy,19,turnaround,19,0.93450695,1,"[3.31931, -1.36042, -6.08413, -0.46937, -10.7185, -1.25307, 4.44953, -12.73882, 4.21756, 1.62166, 6.53562, -6.8063, 2.13525, -7.70874, 1.83679, 0.30699, -12.57601, -1.36233, 4.81491, 12.04669, 9.29975, -13.52625]"
44,sub10,scratch,1,sub10-b2__0086__walk.npy,20,walk,20,0.980273,1,"[0.26014, -7.88016, -8.76434, 2.75014, -3.03811, 1.69406, 5.5729, -4.53277, -4.4131, 1.31988, 2.10098, 0.56415, 1.86101, -2.77945, 0.64867, -2.13971, -10.3299, 10.50745, 8.4254, 5.37449, 14.54343, -11.74017]"
44,sub10,scratch,1,sub10-b2__0087__turnaround.npy,19,turnaround,19,0.9925413,1,"[4.33812, -0.65693, -4.14884, 1.39411, -7.91735, -1.85219, 6.03638, -13.07874, 2.1019, 0.12862, 5.41454, -7.33396, -2.07763, -6.99934, 0.62298, 5.52632, -13.3516, -0.61345, 4.80928, 12.12365, 5.61319, -14.32186]"
44,sub10,scratch,1,sub10-b2__0088__walk.npy,20,walk,20,0.48458695,1,"[-2.32763, -4.56552, 0.10697, 3.40833, -10.79397, -3.11603, -1.35003, -13.06101, 6.93695, 0.48465, 4.47383, -4.50358, 2.77746, -7.53385, 0.79261, -1.87273, -6.78359, 0.91849, 1.25236, 4.00797, 7.05356, -0.94717]"
44,sub10,scratch,1,sub10-b2__0089__turnaround.npy,19,turnaround,19,0.98797333,1,"[3.88984, -1.00709, -5.15375, 0.45708, -9.57204, -1.34714, 5.15949, -12.93832, 3.37893, 0.74723, 6.12937, -7.51698, 0.48884, -7.36584, 1.14676, 2.41338, -13.20461, -1.05399, 4.72149, 12.48072, 7.76629, -14.08964]"
44,sub10,scratch,1,sub10-b2__0090__walk.npy,20,walk,20,0.931417,1,"[0.87708, -8.31546, -8.24622, 3.25678, -1.97326, 1.43983, 6.53025, -5.31124, -5.59529, 1.18412, 2.09167, 0.37778, 0.63986, -1.99114, 0.48069, -1.16693, -11.40267, 11.214, 8.57565, 5.1277, 13.90301, -13.18652]"
44,sub10,scratch,1,sub10-b2__0091__turnaround.npy,19,turnaround,19,0.9921268,1,"[4.60264, -0.52305, -4.82583, 1.3884, -8.31115, -1.30717, 6.3444, -12.11437, 1.64991, -0.02251, 5.35033, -7.14372, -1.70631, -6.72693, 0.43867, 5.72753, -13.50834, -1.10224, 5.34803, 12.27765, 5.68577, -14.34701]"
44,sub10,scratch,1,sub10-b2__0092__walk.npy,20,walk,20,0.47494352,1,"[-1.48907, -4.1721, -0.19731, 3.40738, -10.89536, -3.00477, -1.38369, -13.01879, 7.1901, 0.58809, 4.46067, -5.03099, 2.43682, -7.61078, 0.31121, -1.69864, -7.57735, 0.81909, 1.76642, 4.1364, 7.23285, -0.9422]"
44,sub10,scratch,1,sub10-b2__0093__turnaround.npy,19,turnaround,19,0.98680866,1,"[3.8405, -1.2562, -5.44081, 0.88135, -8.92434, -1.01814, 4.92507, -12.64352, 3.2863, 0.65085, 5.88549, -7.91762, -0.05814, -7.14414, 0.89738, 2.53456, -13.26715, -0.47906, 4.98092, 12.45316, 7.89541, -13.95133]"
44,sub10,scratch,1,sub10-b2__0094__walk.npy,20,walk,20,0.961119,1,"[0.41309, -8.32325, -8.37806, 2.94769, -2.17745, 1.44804, 6.22591, -5.08124, -5.39016, 1.29973, 2.09919, 0.62603, 1.17949, -2.33277, 0.70063, -1.6375, -10.94259, 10.97184, 8.45379, 5.43273, 14.26927, -12.89727]"
44,sub10,scratch,1,sub10-b2__0095__turnaround.npy,19,turnaround,19,0.9950702,1,"[4.05273, 0.54701, -4.86712, 0.53899, -10.41264, -1.17608, 4.52932, -12.8113, 5.13467, 0.03448, 5.66229, -7.93699, -0.05528, -8.42833, 0.33897, 3.44138, -12.25877, -2.61803, 4.10622, 12.39359, 6.1907, -11.70305]"
44,sub10,scratch,1,sub10-b2__0096__hop.npy,9,hop,9,0.9163046,1,"[0.42553, -5.49281, -5.94115, 0.05129, 0.76509, -5.63262, -4.45295, -13.04609, -2.61959, 8.25725, 2.96003, -4.76018, -0.97544, 2.62584, 5.63383, -6.77331, 0.64359, -8.1421, -1.03809, 3.22178, 1.91187, -6.56186]"
44,sub10,scratch,1,sub10-b2__0097__hop.npy,9,hop,9,0.91058195,1,"[0.99394, -4.53706, -5.8958, 0.11121, 0.5537, -5.26167, -6.33935, -12.7312, -0.85914, 7.97168, 3.26523, -4.96343, -0.3281, 3.76911, 5.29188, -7.78078, 1.53365, -9.47356, -2.21961, 1.00554, 0.73523, -4.227]"
44,sub10,scratch,1,sub10-b2__0098__hop.npy,9,hop,9,0.7546458,1,"[-0.94893, -4.87845, -7.00961, 1.8432, 2.49296, -4.98095, -8.29947, -11.57048, -0.55472, 8.12072, 2.0876, -5.88782, -1.39323, 6.36114, 5.6286, -8.57856, 5.33566, -9.03719, -2.61172, -1.4499, -0.85199, -1.18019]"
44,sub10,scratch,1,sub10-b2__0099__hop.npy,9,hop,9,0.8701768,1,"[0.82982, -4.00739, -6.52174, 0.95691, 2.09471, -5.25034, -8.26665, -11.46953, -0.6759, 8.53824, 2.09469, -5.32814, -1.38471, 6.08943, 5.40251, -8.42661, 4.32916, -9.85033, -3.03778, -1.42208, -0.80276, -1.93648]"
44,sub10,scratch,1,sub10-b2__0100__hop.npy,9,hop,9,0.962627,1,"[2.2673, -4.02953, -6.63005, -0.96847, 1.75763, -4.38254, -6.15497, -11.1725, -2.27121, 8.65659, 2.77638, -4.55104, -0.42638, 4.0184, 4.8237, -7.72322, 1.1806, -10.2364, -1.95398, 1.62506, 0.66647, -6.03775]"
44,sub10,scratch,1,sub10-b2__0101__hop.npy,9,hop,9,0.95941603,1,"[3.61204, -2.56239, -6.51617, -0.52229, 1.60728, -4.44865, -6.26407, -10.18446, -1.93708, 8.57702, 1.65152, -5.55531, -1.44444, 4.71801, 4.05704, -7.37747, 0.59065, -10.5862, -1.01065, 0.99226, 0.47307, -4.79244]"
44,sub10,scratch,1,sub10-b2__0102__hop.npy,9,hop,9,0.94570994,1,"[1.8379, -2.53481, -6.72636, -0.45919, 2.52909, -5.63416, -6.42768, -9.81353, -1.69206, 9.24127, 0.49384, -4.78489, -2.80119, 5.61183, 5.52937, -7.84601, 3.76476, -10.32892, -1.98916, -0.07097, -0.25099, -3.34179]"
44,sub10,scratch,1,sub10-b2__0103__hop.npy,9,hop,13,0.6000394,0,"[3.80451, -1.78129, -7.61605, 0.49958, 4.15241, -3.16386, -8.32872, -8.07328, -2.72474, 8.65567, 0.71975, -6.14075, -2.16331, 9.096, 3.695, -8.71072, 3.90202, -11.78305, -2.04758, -2.41197, -2.13184, -2.24119]"
44,sub10,scratch,1,sub10-b2__0104__hop.npy,9,hop,9,0.88127005,1,"[3.26438, -3.53385, -7.03856, 0.56491, 3.25644, -3.80713, -6.91292, -10.21962, -2.76168, 8.46105, 1.78718, -6.0988, -1.75318, 6.28886, 3.50522, -7.67973, 1.00549, -9.98131, -0.98265, -0.04058, -0.21996, -4.799]"
44,sub10,scratch,1,sub10-b2__0105__jump.npy,10,jump,10,0.52329063,1,"[-3.54821, -5.8812, -2.55298, 4.67586, -6.44659, -4.99133, -3.38737, -15.80873, 1.48905, 3.16748, 5.78881, -6.56768, 1.67912, 1.7574, 4.98194, -6.25894, -0.51078, -5.1564, -1.69119, -0.00472, 1.14434, -3.06271]"
44,sub10,scratch,1,sub10-b2__0106__jump.npy,10,jump,10,0.6544532,1,"[-3.34387, -6.26832, -2.13275, 4.09782, -7.34191, -5.07792, -2.62751, -16.23683, 2.34168, 3.17401, 6.01224, -5.73436, 1.75089, -0.70838, 4.56266, -5.24949, -2.01696, -3.7142, -1.20257, 1.37907, 2.66266, -3.74731]"
44,sub10,scratch,1,sub10-b2__0108__jump.npy,10,jump,10,0.5587077,1,"[-4.61585, -7.17613, -2.34545, 2.79058, -6.34629, -5.62299, -3.36687, -16.32612, 1.61382, 4.20664, 6.51586, -4.19396, 2.50756, -0.61446, 6.02497, -5.98459, -0.11109, -4.19193, -2.60608, 1.6251, 2.53607, -4.40789]"
44,sub10,scratch,1,sub10-b2__0109__jump.npy,10,jump,10,0.68436897,1,"[-3.50704, -5.92203, -2.11261, 3.28243, -8.03728, -5.23984, -3.15574, -16.29049, 2.95435, 3.52476, 6.308, -5.29734, 2.70001, -0.98977, 4.95439, -6.09284, -1.14026, -4.92817, -1.95827, 1.32101, 2.4748, -3.08456]"
44,sub10,scratch,1,sub10-b2__0110__jump.npy,10,jump,10,0.6861419,1,"[-3.47949, -5.99406, -2.42288, 3.69933, -7.34977, -5.17652, -3.84795, -16.00528, 2.57713, 3.7972, 6.42352, -5.86814, 2.31848, 0.03832, 5.08012, -6.23661, -0.85603, -4.92682, -2.00809, 0.81948, 2.15792, -2.8293]"
44,sub10,scratch,1,sub10-b2__0111__runonspot.npy,13,runonspot,13,0.80200523,1,"[-2.72794, -4.65637, -5.65069, 10.89348, 0.82644, -0.88864, -3.73418, -8.97411, -4.24718, 1.60984, 0.30006, -11.38715, -3.53349, 12.29422, 3.90084, -7.14006, 3.66266, -6.11291, 0.8404, -4.82473, -3.67999, -0.57053]"
44,sub10,scratch,1,sub10-b2__0112__runonspot.npy,13,runonspot,13,0.7959631,1,"[-3.21547, -4.29096, -6.16341, 11.54326, 0.72186, -0.35492, -4.76807, -8.38191, -3.26289, 1.2085, -0.05611, -11.84433, -3.48945, 12.906, 3.37771, -7.6829, 4.69022, -5.8217, 0.98785, -6.0651, -3.92524, 1.71549]"
44,sub10,scratch,1,sub10-b2__0113__runonspot.npy,13,runonspot,13,0.75501394,1,"[-2.7608, -4.6899, -6.35395, 12.03559, 2.09517, 0.00679, -4.44295, -8.13254, -4.14071, 1.05976, -0.59113, -12.02619, -4.55875, 13.16172, 3.04213, -6.95307, 4.11188, -4.97501, 1.50002, -5.92915, -3.91867, 0.62041]"
44,sub10,scratch,1,sub10-b2__0114__runonspot.npy,13,runonspot,13,0.96451014,1,"[-2.5738, -3.32103, -6.815, 10.85163, 1.20027, -0.48449, -5.75569, -8.01886, -3.39068, 1.92318, -0.10978, -11.90126, -3.61088, 14.16078, 3.56946, -8.58691, 5.67454, -7.46385, 0.61449, -6.602, -4.61796, 2.30652]"
44,sub10,scratch,1,sub10-b2__0115__runonspot.npy,13,runonspot,13,0.9887931,1,"[-3.00009, -5.07081, -7.3076, 10.68847, 4.80981, -0.232, -4.91373, -7.46184, -6.2901, 2.38611, -0.84834, -11.06437, -4.6364, 15.18209, 4.12529, -7.93505, 5.99976, -6.27002, 0.9132, -6.00118, -4.66305, -0.44207]"
44,sub10,scratch,1,sub10-b2__0116__buttkicks.npy,4,buttkicks,4,0.9950531,1,"[-5.63412, -11.99176, -8.53271, 1.09957, 16.14862, -3.60915, -7.9292, -8.85919, -8.17609, 10.04555, 0.46118, -1.09309, -4.52469, 9.07237, 8.18555, -7.54055, 9.67387, -1.82358, -3.68501, -0.40811, -0.11442, -7.39692]"
44,sub10,scratch,1,sub10-b2__0117__buttkicks.npy,4,buttkicks,4,0.98106235,1,"[-6.73631, -12.04437, -8.13913, 1.78999, 14.49127, -3.31699, -7.69219, -8.92663, -7.656, 9.25139, 0.54646, -1.59997, -3.69535, 8.4395, 8.49369, -7.69136, 9.79821, -1.69277, -3.46251, -0.17179, 0.25762, -6.8139]"
44,sub10,scratch,1,sub10-b2__0118__buttkicks.npy,4,buttkicks,4,0.9967721,1,"[-5.68992, -12.62292, -8.10806, 1.03036, 15.81384, -3.04784, -6.88928, -8.64236, -8.96035, 9.54704, 0.81258, -0.63891, -3.79421, 8.00902, 8.13656, -6.78971, 8.14608, -0.86141, -3.1983, 0.77413, 0.8608, -9.22573]"
44,sub10,scratch,1,sub10-b2__0120__buttkicks.npy,4,buttkicks,4,0.9990392,1,"[-5.28759, -11.9551, -8.09698, 2.87666, 17.20774, -3.17122, -7.80703, -8.13124, -8.16009, 8.78025, -0.32421, -2.7074, -5.86118, 9.82153, 6.97909, -6.62507, 7.85287, 0.13702, -1.97285, -1.16898, 0.24102, -7.09727]"
44,sub10,scratch,1,sub10-b2__0121__buttkicks.npy,4,buttkicks,4,0.97428936,1,"[-6.43805, -12.12965, -7.25395, 2.47514, 12.97211, -3.57869, -6.6529, -9.63249, -7.8149, 7.90614, 1.00446, -1.74407, -3.20321, 8.1297, 8.11112, -6.34651, 7.5479, -0.61931, -2.9677, -0.28002, 0.57746, -7.50634]"
44,sub10,scratch,1,sub10-b2__0122__airkick.npy,0,airkick,0,0.8590078,1,"[8.47332, 1.83648, -4.71836, 3.69379, -4.2067, -3.35048, -5.88549, -10.11985, 1.92258, 6.30623, 0.2517, -8.98145, -3.22989, 5.17248, 0.30423, -6.39336, -2.64377, -11.06899, 0.3065, -2.9491, -1.08618, 1.17695]"
44,sub10,scratch,1,sub10-b2__0123__airkick.npy,0,airkick,0,0.9903756,1,"[10.51152, 3.57909, -3.53177, 2.00524, -6.34231, -3.40508, -1.39268, -11.02761, 0.33926, 5.69745, -0.64042, -8.36866, -4.59121, 1.17998, -0.19262, -2.90104, -5.8157, -10.49296, 1.53312, 1.34606, -0.3056, -3.99928]"
44,sub10,scratch,1,sub10-b2__0124__airkick.npy,0,airkick,3,0.8153828,0,"[4.53272, -0.83689, -1.63295, 6.593, -6.70245, -5.59889, -2.47621, -14.74696, 3.63964, 3.04749, 0.75288, -8.55335, -4.51263, 1.29298, 0.65849, -2.91781, -4.36962, -4.44377, 0.19948, -1.74691, 0.85087, -0.12458]"
44,sub10,scratch,1,sub10-b2__0125__airkick.npy,0,airkick,0,0.6275438,1,"[6.6381, 0.01139, -2.91229, 5.74169, -8.1896, -4.36811, -4.12967, -14.07715, 3.97816, 4.16973, 1.76541, -8.81775, -2.47953, 2.23084, 0.04356, -4.89539, -4.43022, -7.96582, -0.00126, -2.70161, 0.02436, 1.39616]"
44,sub10,scratch,1,sub10-b2__0126__airkick.npy,0,airkick,0,0.97222453,1,"[8.79585, 0.24609, -2.2593, 3.96292, -8.81899, -4.93481, -2.16968, -14.06654, 2.51584, 4.69853, 1.39272, -7.09235, -2.51931, -0.21546, -0.48198, -3.18162, -7.253, -7.48739, 0.73726, -0.41334, 1.40309, -2.5673]"
44,sub10,scratch,1,sub10-b2__0127__airkick.npy,0,airkick,0,0.91541636,1,"[11.52757, 9.14042, 0.00632, -2.39009, -8.0738, -1.93476, 0.96709, -7.42686, 0.91222, 3.51124, -0.64691, -5.85976, -2.96233, -0.82131, -1.27676, 0.20644, -6.4907, -12.12609, -1.12365, 2.15688, -2.00071, -5.96974]"
44,sub10,scratch,1,sub10-b2__0128__sidekick.npy,14,sidekick,6,0.4169403,0,"[-7.9876, -9.33147, -0.85099, 1.82934, -5.37994, -3.74103, 6.68734, -12.81182, -2.24093, 0.12975, 4.04482, 2.37801, 3.96118, -4.20746, 6.53596, -1.98459, -1.73904, 2.12872, -0.49611, 5.10806, 4.86193, -7.93889]"
44,sub10,scratch,1,sub10-b2__0129__sidekick.npy,14,sidekick,14,0.912223,1,"[-9.60393, -10.88184, -1.33021, 2.42327, -2.26857, -3.77477, 3.67346, -11.82718, -3.76156, 1.0361, 3.6041, 2.90144, 3.49649, -1.74187, 7.84833, -2.49282, 1.28488, 3.11043, -1.76522, 2.97256, 4.07079, -7.80397]"
44,sub10,scratch,1,sub10-b2__0130__sidekick.npy,14,sidekick,14,0.7387417,1,"[-8.85836, -10.01936, -1.22241, 2.7166, -4.18137, -3.21277, 4.74929, -12.45357, -2.43806, -0.14353, 3.75388, 2.15062, 3.64007, -3.00114, 6.92266, -1.88999, -0.0387, 2.8512, -1.08205, 3.76923, 4.32416, -7.32097]"
44,sub10,scratch,1,sub10-b2__0131__sidekick.npy,14,sidekick,14,0.5550487,1,"[-9.26686, -9.82603, -0.35519, 1.60494, -5.00093, -3.96725, 6.01645, -12.01905, -2.55329, -0.08744, 3.71557, 3.65997, 4.61962, -4.16091, 7.04437, -2.25714, -0.784, 2.9116, -0.86443, 4.58614, 5.31459, -7.4469]"
44,sub10,scratch,1,sub10-b2__0132__sidekick.npy,14,sidekick,6,0.94756186,0,"[-6.24718, -8.66865, -0.69573, 3.07408, -5.45283, -3.21791, 9.09621, -12.98531, -2.99924, -1.68203, 3.26634, 1.77612, 2.59485, -3.80814, 5.31927, 0.41098, -4.10326, 3.6722, 1.08708, 4.35261, 4.60534, -8.94752]"
44,sub10,scratch,1,sub10-b2__0133__crosstoe.npy,6,crosstoe,6,0.9990546,1,"[2.53211, 2.1466, -1.855, -3.22026, -14.40778, -1.46988, 17.14645, -8.66577, -2.01972, -3.53843, 2.49726, 1.6137, 6.74625, -7.83896, 1.46895, 0.18288, -10.68483, -8.12203, 5.17611, 10.13665, 4.94761, -10.39075]"
44,sub10,scratch,1,sub10-b2__0134__crosstoe.npy,6,crosstoe,6,0.9999629,1,"[1.78028, -0.08027, -0.66453, -2.23254, -12.98451, -3.30131, 18.08678, -9.31498, -3.83079, -3.27032, 1.65858, 3.48562, 5.44637, -6.34736, 2.84095, 0.69778, -9.81726, -6.20175, 4.36197, 7.67856, 4.77681, -10.23765]"
44,sub10,scratch,1,sub10-b2__0135__crosstoe.npy,6,crosstoe,6,0.9954194,1,"[-2.30587, -0.1559, 0.77075, -4.97308, -13.2181, -5.39268, 14.34416, -9.7613, -2.10318, -2.3664, 1.66832, 7.27353, 8.56351, -6.82095, 5.59208, -1.76344, -2.21253, -9.44537, -0.89121, 6.72633, 2.83793, -7.97809]"
44,sub10,scratch,1,sub10-b2__0136__crosstoe.npy,6,crosstoe,6,0.99522567,1,"[-1.48574, -0.97162, -0.28819, -3.55008, -12.41261, -3.50122, 14.72362, -10.11732, -4.05735, -2.14837, 2.52575, 4.96279, 7.5638, -6.20136, 5.18416, -1.53927, -4.53868, -9.4052, 0.60197, 9.17045, 3.06139, -10.65885]"
44,sub10,scratch,1,sub10-b2__0137__crosstoe.npy,6,crosstoe,6,0.9942483,1,"[-1.75278, -1.34864, -0.09007, -2.9026, -12.26851, -3.86734, 14.42364, -10.76555, -4.06436, -2.23789, 2.58681, 4.39372, 7.18512, -6.13723, 5.05015, -1.46293, -4.67534, -9.05935, 0.91138, 9.10851, 3.03235, -10.2646]"
44,sub10,scratch,1,sub10-b2__0138__crosstoe.npy,6,crosstoe,6,0.99157953,1,"[-2.04744, -1.04558, -1.50056, -4.56125, -12.37324, -3.25931, 14.69291, -9.7916, -3.6552, -2.10827, 2.36833, 5.96498, 8.35665, -6.71217, 5.31603, -1.54562, -3.36001, -9.7775, 0.52718, 9.65053, 3.21993, -9.96831]"
44,sub10,scratch,1,sub10-b2__0139__throw.npy,18,throw,18,0.9756536,1,"[4.77933, 7.48069, -3.74264, 1.5128, -3.68398, 3.96174, 1.05366, 4.07362, -1.08441, -1.86913, -1.63222, -10.31541, -0.40939, 2.18007, -3.309, 1.51038, -7.86229, -8.19758, 11.31424, 2.90977, 0.1519, -1.53526]"
44,sub10,scratch,1,sub10-b2__0140__throw.npy,18,throw,18,0.9972451,1,"[4.69272, 6.24569, -4.16796, 1.32268, -4.32224, 3.25387, 2.77268, 2.70743, -1.31857, -2.42848, -0.89418, -8.97081, 0.19524, 0.41995, -3.36408, 3.49539, -9.62142, -6.08761, 12.57924, 4.33789, 1.31988, -3.69572]"
44,sub10,scratch,1,sub10-b2__0141__throw.npy,18,throw,18,0.98182595,1,"[4.50953, 7.4784, -3.96505, 3.34973, -2.643, 4.68186, -0.04057, 5.48615, 0.18818, -2.81898, -2.22795, -10.72484, -1.09976, 2.8373, -4.88095, 2.01218, -7.24264, -6.27456, 11.71869, 0.66936, -0.40699, 1.7814]"
44,sub10,scratch,1,sub10-b2__0143__throw.npy,18,throw,18,0.998187,1,"[4.02936, 5.22135, -4.47822, 2.04962, -5.74989, 3.46832, 3.17703, 0.73516, -0.51114, -2.64095, 0.16827, -9.90813, -0.35698, -1.0895, -2.89713, 3.51379, -10.85393, -5.45999, 12.87445, 5.86416, 2.53825, -5.55669]"
44,sub10,scratch,1,sub10-b2__0144__throw.npy,18,throw,18,0.99625576,1,"[3.64524, 6.68526, -4.34527, 3.32722, -4.97741, 4.14574, 2.06807, 3.41814, 0.75814, -3.14549, -1.26606, -11.11029, -1.05577, 0.33762, -3.94666, 2.6415, -9.02771, -5.69496, 12.52339, 3.74456, 1.18641, -1.28321]"
44,sub10,scratch,1,sub10-c__0001__sit.npy,15,sit,15,0.9855478,1,"[3.83905, 4.28591, 3.82381, -1.19132, -2.55689, -0.96042, 2.56542, -2.536, 2.13191, -4.16102, 0.40052, -1.00696, -1.44368, -7.62256, -5.67323, 11.70929, -11.90765, 7.21711, 5.29479, 2.30905, 3.13541, -1.07536]"
44,sub10,scratch,1,sub10-c__0003__turnaround.npy,19,turnaround,19,0.9862773,1,"[6.0336, 7.14324, 1.9295, -6.95384, -7.90324, 0.66994, 3.01734, -3.89918, 1.44956, -0.0523, 2.41911, -3.65692, 3.36059, -8.15193, -2.72728, 1.31954, -10.82677, -7.48601, 2.28621, 11.76288, 2.73954, -5.10008]"
44,sub10,scratch,1,sub10-c__0004__sit.npy,15,sit,15,0.98199284,1,"[3.51477, 4.54928, 3.5991, -1.68972, -3.30541, -1.03883, 2.92946, -1.85339, 2.69272, -4.50847, 0.11549, -0.34735, -0.59095, -8.19958, -5.67795, 11.57758, -11.61616, 7.27079, 5.59459, 2.19287, 3.64439, -0.0231]"
44,sub10,scratch,1,sub10-c__0005__stand.npy,17,stand,17,0.95332795,1,"[1.79044, 3.80777, 3.6642, -0.65123, -2.38966, -1.05514, 1.69725, -1.51007, 5.07509, -3.97702, 0.11238, -1.85663, -2.75525, -9.22679, -5.07559, 8.89837, -11.77437, 12.03757, 4.86875, 3.87961, 6.24047, 1.1892]"
44,sub10,scratch,1,sub10-c__0006__turnaround.npy,19,turnaround,19,0.98570675,1,"[5.33172, 7.3545, 1.93759, -6.71248, -8.24508, 0.42751, 2.85923, -3.76738, 2.66836, -0.42826, 2.34238, -4.0638, 3.2788, -8.80116, -2.90031, 1.2907, -10.96609, -6.68726, 2.82265, 11.77991, 3.22948, -3.94175]"
44,sub10,scratch,1,sub10-c__0007__sit.npy,15,sit,15,0.9748375,1,"[3.71978, 4.37325, 3.9171, -0.76103, -2.82033, -0.87727, 2.72541, -2.54793, 2.55549, -4.64081, 0.26216, -1.21525, -1.68012, -7.89389, -5.82535, 11.77594, -12.18146, 7.96356, 5.47906, 2.31675, 3.4486, -0.75279]"
44,sub10,scratch,1,sub10-c__0008__stand.npy,17,stand,17,0.9501375,1,"[2.48892, 3.32229, 3.67211, -0.16627, -1.63226, -0.7992, 2.10539, -1.98615, 3.90204, -4.23203, 0.10254, -1.87763, -3.15039, -8.82797, -5.61502, 9.52952, -12.56328, 12.52905, 5.17037, 3.9506, 5.90929, 0.09628]"
44,sub10,scratch,1,sub10-c__0009__turnaround.npy,19,turnaround,19,0.9804174,1,"[6.19996, 7.35305, 2.14034, -6.46129, -7.52106, 0.58418, 3.04886, -4.02615, 2.0486, -0.23531, 2.07839, -4.21179, 2.23545, -8.35306, -3.04885, 1.76024, -11.25261, -6.44208, 2.35494, 11.58422, 2.86669, -4.42976]"
44,sub10,scratch,1,sub10-c__0010__sit.npy,15,sit,15,0.9751559,1,"[3.85128, 4.44961, 3.91535, -1.01478, -2.72471, -1.18859, 2.56367, -2.50746, 2.65724, -4.39296, 0.24298, -1.07019, -1.55722, -7.82565, -5.85585, 11.78509, -12.1295, 7.95894, 5.44833, 1.98834, 3.41796, -0.38778]"
44,sub10,scratch,1,sub10-c__0011__stand.npy,17,stand,17,0.94654465,1,"[2.31502, 3.56796, 3.65927, 0.06255, -1.83108, -0.77671, 2.06345, -1.63864, 4.30037, -4.43992, -0.10834, -2.01498, -3.15516, -8.6549, -5.64831, 9.72419, -12.25728, 12.64062, 5.20595, 3.4062, 5.83299, 0.78169]"
44,sub10,scratch,1,sub10-c__0012__turnaround.npy,19,turnaround,19,0.99288094,1,"[5.72866, 6.83638, 1.91153, -6.55989, -7.39897, 1.11643, 3.31375, -3.83765, 1.5729, -0.47232, 2.35877, -3.93324, 2.82679, -8.43484, -2.93978, 1.62291, -11.17738, -6.51981, 2.52165, 12.14294, 2.98448, -5.27144]"
44,sub10,scratch,1,sub10-c__0013__sit.npy,15,sit,15,0.9858196,1,"[3.25367, 4.95665, 3.74798, -1.18507, -2.95455, -0.94651, 2.45698, -1.98925, 2.91392, -4.58012, -0.17342, -0.897, -1.25615, -7.36844, -5.39753, 11.46434, -10.65197, 6.88429, 4.84544, 1.23153, 2.89661, 0.55682]"
44,sub10,scratch,1,sub10-c__0014__stand.npy,17,stand,17,0.94855344,1,"[1.79091, 3.38354, 3.55478, -0.34203, -2.07742, -0.68038, 2.1392, -1.66303, 4.34067, -4.52493, 0.11588, -1.62096, -2.36497, -8.87412, -5.44534, 9.38262, -12.07728, 12.36019, 5.21536, 3.56642, 5.97687, 0.84571]"
44,sub10,scratch,1,sub10-c__0015__turnaround.npy,19,turnaround,19,0.97412723,1,"[6.43961, 7.2839, 1.88864, -6.60586, -7.54413, 1.0602, 2.97721, -3.84178, 1.7009, -0.25588, 2.27206, -3.95547, 2.73762, -7.9846, -3.13631, 1.76076, -11.02571, -7.19008, 2.10798, 11.31037, 2.44204, -4.97685]"
44,sub10,scratch,1,sub10-c__0016__squat.npy,16,squat,16,0.99772996,1,"[-2.69702, -1.01503, -1.20109, -4.71979, 0.6856, -1.72763, -5.05752, 1.56668, -7.33334, 7.6241, -0.69113, 7.47247, 4.50196, 7.07041, 8.69747, -10.70085, 15.39758, -13.17989, -11.09891, -2.2138, -3.44746, -4.77327]"
44,sub10,scratch,1,sub10-c__0017__squat.npy,16,squat,16,0.99940443,1,"[-3.79615, -1.65274, -2.00504, -4.58657, 2.388, -2.5631, -6.41015, 0.97667, -6.95165, 8.5661, -0.91996, 7.26454, 3.37453, 7.62764, 9.38384, -11.04153, 17.36196, -12.54912, -11.48749, -2.73053, -3.71591, -3.60237]"
44,sub10,scratch,1,sub10-c__0018__squat.npy,16,squat,16,0.99832445,1,"[-6.8886, -4.75879, -2.34648, -8.62889, 3.65799, -4.30364, -7.64715, -1.77698, -5.72737, 9.67944, 1.15993, 12.58175, 5.84034, 3.28313, 11.04611, -10.52559, 19.212, -9.00583, -13.19674, -0.6958, -0.894, -4.29266]"
44,sub10,scratch,1,sub10-c__0019__squat.npy,16,squat,16,0.9979721,1,"[-7.32553, -5.19162, -2.25329, -8.89154, 3.53552, -5.14295, -8.01382, -2.93014, -5.11938, 10.03627, 1.65242, 12.97326, 5.88118, 2.68188, 11.43567, -10.47126, 19.4101, -8.52695, -13.46885, -0.59621, -0.6067, -4.11912]"
44,sub10,scratch,1,sub10-c__0020__squat.npy,16,squat,16,0.9981627,1,"[-7.1597, -5.23965, -2.19761, -8.75248, 4.10043, -5.19922, -7.5589, -2.60811, -5.77528, 10.27256, 1.03571, 13.26639, 5.2662, 3.2298, 11.64599, -10.47379, 19.78582, -8.72389, -13.76795, -0.75078, -0.95247, -4.49779]"
44,sub10,scratch,1,sub10-c__0021__squat.npy,16,squat,16,0.9992612,1,"[-7.72551, -5.56707, -2.71953, -8.57831, 4.8433, -4.78767, -7.9783, -2.36343, -5.91264, 10.19689, 1.01157, 13.0063, 5.30858, 3.64122, 11.71436, -10.74272, 20.50557, -8.55103, -13.58753, -0.8355, -1.05845, -4.32696]"
44,sub10,scratch,1,sub10-c__0022__pickup.npy,11,pickup,11,0.98143816,1,"[-0.9901, -1.31502, 1.1594, -9.29138, -7.67504, -4.75137, 2.12622, -5.81065, -4.15269, 4.99535, 2.8039, 13.54067, 9.39272, -3.33323, 7.15236, -5.32825, 6.80121, -11.32156, -9.80691, 2.57453, 0.44835, -7.74219]"
44,sub10,scratch,1,sub10-c__0023__pickup.npy,11,pickup,11,0.989899,1,"[-1.32521, -1.47817, 1.27646, -9.41215, -7.29706, -5.14254, 1.85089, -5.95949, -4.07751, 5.25008, 2.65417, 14.07148, 9.14889, -3.4747, 7.4412, -5.46405, 7.51984, -11.02223, -10.14021, 2.37838, 0.51281, -7.40128]"
44,sub10,scratch,1,sub10-c__0024__pickup.npy,11,pickup,11,0.990827,1,"[-1.87716, -2.11084, 1.06526, -9.21065, -6.33013, -5.38845, 1.1035, -5.97743, -4.39127, 5.81733, 2.52584, 14.30801, 8.62613, -2.82358, 8.00036, -5.8375, 8.73688, -10.79465, -10.70043, 2.01781, 0.26157, -7.38216]"
44,sub10,scratch,1,sub10-c__0025__pickup.npy,11,pickup,11,0.98935765,1,"[-1.47628, -1.34325, 1.94376, -9.37416, -7.85962, -5.31081, 2.13084, -5.72478, -4.0237, 4.74508, 2.58194, 14.4426, 9.76463, -3.83318, 7.20075, -5.30918, 7.11921, -10.81843, -9.92328, 2.22666, 0.6063, -6.97294]"
44,sub10,scratch,1,sub10-c__0026__pickup.npy,11,pickup,11,0.9768008,1,"[-0.86194, -1.15652, 1.33937, -9.16032, -8.351, -4.69835, 2.84274, -5.9623, -3.94312, 4.43956, 2.78214, 13.58603, 9.75729, -3.76588, 6.87607, -5.0898, 6.19957, -11.47248, -9.44425, 2.68748, 0.48256, -7.69436]"
44,sub10,scratch,1,sub10-c__0027__pushchair.npy,12,pushchair,12,0.96684974,1,"[0.69706, 1.68994, 2.76759, -8.75099, -11.96921, -2.85867, 1.31974, -3.74583, -1.19938, 2.27863, 3.97764, 9.68451, 13.06747, -5.57052, 3.63801, -4.86813, 0.73328, -10.9923, -6.57394, 3.15489, 1.91253, -5.68838]"
44,sub10,scratch,1,sub10-c__0028__pushchair.npy,12,pushchair,12,0.9707954,1,"[0.93279, 1.59005, 3.00029, -8.33652, -12.35192, -2.98057, 1.70075, -4.01724, -1.1179, 2.12999, 4.05159, 9.54843, 13.06375, -5.71653, 3.46262, -4.67971, 0.07249, -10.80932, -6.2866, 3.13472, 2.00719, -6.00823]"
44,sub10,scratch,1,sub10-c__0029__pushchair.npy,12,pushchair,12,0.9781722,1,"[1.04248, 2.31889, 2.82065, -8.59138, -12.43633, -2.99691, 2.12667, -3.8197, -0.94448, 1.76418, 3.76513, 9.25671, 13.07254, -5.89694, 3.14018, -4.20012, -0.25569, -10.876, -5.58423, 3.06685, 2.02165, -5.36139]"
44,sub10,scratch,1,sub10-c__0031__pushchair.npy,12,pushchair,12,0.9425126,1,"[0.2784, 1.35485, 2.88097, -9.12259, -12.09507, -3.23138, 2.10811, -4.62693, -1.16558, 1.99744, 4.08023, 10.62042, 13.42178, -6.38761, 3.70874, -4.49544, 0.67309, -10.52969, -6.50322, 3.40149, 2.18091, -5.8094]"
44,sub10,scratch,1,sub10-c__0032__sit.npy,15,sit,15,0.97153735,1,"[3.97999, 4.71532, 3.87178, -0.87043, -2.5598, -0.86762, 2.33135, -1.80488, 3.05964, -4.4648, -0.19981, -1.16114, -2.16359, -8.01841, -5.98088, 11.94014, -11.71437, 8.30081, 5.15209, 1.99731, 3.57443, -0.00348]"
44,sub10,scratch,1,sub10-c__0033__stand.npy,17,stand,17,0.9789843,1,"[2.20758, 3.22891, 3.73983, -0.2554, -1.63782, -1.02154, 1.98268, -1.42746, 4.40741, -3.94426, 0.00179, -1.49371, -3.44898, -9.31473, -5.31061, 9.48547, -12.19518, 13.40539, 5.01758, 4.15318, 6.54147, 0.18237]"
44,sub10,scratch,1,sub10-c__0034__turnaround.npy,19,turnaround,19,0.9963826,1,"[5.30969, 6.43513, 1.47016, -6.30814, -7.04561, 1.48253, 2.89359, -3.63576, 2.18821, -0.60895, 2.50227, -4.16078, 2.58101, -8.89786, -3.26495, 1.8467, -11.40368, -5.37339, 2.85345, 12.47309, 3.61628, -5.10662]"
44,sub10,scratch,1,sub10-c__0035__sit.npy,15,sit,15,0.9565723,1,"[3.06263, 4.5871, 3.5756, -1.48311, -3.00492, -1.08523, 2.33297, -1.7798, 3.43928, -4.32309, 0.05726, -0.89178, -1.09984, -8.37911, -5.5858, 11.22804, -11.4989, 7.96851, 5.53613, 2.4513, 4.08869, 0.47036]"
44,sub10,scratch,1,sub10-c__0036__stand.npy,17,stand,17,0.98090804,1,"[1.82155, 3.09817, 3.47752, -0.08585, -1.6856, -0.81595, 1.99524, -1.47703, 4.45295, -4.15801, 0.08681, -1.73916, -3.16364, -9.09484, -5.28392, 9.27612, -12.14329, 13.31058, 5.20973, 4.01372, 6.50751, 0.44967]"
44,sub10,scratch,1,sub10-c__0037__turnaround.npy,19,turnaround,19,0.9823314,1,"[6.40648, 7.19373, 1.97714, -6.46334, -7.77224, 0.72012, 3.35265, -4.30384, 1.23448, -0.3232, 2.42723, -4.08694, 2.84976, -8.00948, -3.02166, 1.91759, -11.51088, -7.29901, 2.77155, 11.64045, 2.56352, -5.67501]"
44,sub10,scratch,1,sub10-c__0038__sit.npy,15,sit,15,0.94809264,1,"[4.18912, 4.48025, 3.91532, -0.20782, -1.81871, -1.14945, 2.25807, -2.10374, 2.64058, -4.40825, -0.35494, -1.58306, -3.17128, -7.44906, -5.94531, 12.16556, -12.06818, 9.21611, 5.2223, 1.62744, 3.57647, -0.3653]"
44,sub10,scratch,1,sub10-c__0039__stand.npy,17,stand,17,0.98335016,1,"[2.06175, 2.95024, 3.61624, -0.52558, -1.53484, -1.07946, 2.06806, -1.45966, 4.19276, -3.76654, 0.17252, -1.3574, -3.16498, -9.49914, -5.21584, 9.25664, -12.48211, 13.45958, 5.18266, 4.64514, 6.86998, -0.15114]"
44,sub10,scratch,1,sub10-c__0040__turnaround.npy,19,turnaround,19,0.97185016,1,"[5.79659, 7.64556, 1.99874, -6.70761, -7.8411, 1.24324, 2.40593, -3.24809, 2.48451, -0.4526, 1.96403, -4.09096, 2.97045, -8.31945, -3.05289, 1.35803, -10.31515, -7.10235, 1.96889, 11.36904, 2.73843, -3.79151]"
44,sub10,scratch,1,sub10-c__0041__sit.npy,15,sit,15,0.9626439,1,"[3.91478, 4.33377, 3.91615, -0.21369, -2.28434, -0.68721, 2.51466, -2.4112, 2.52757, -4.84909, -0.06738, -1.64097, -2.52822, -7.64214, -6.01078, 12.05801, -12.3878, 8.73389, 5.47777, 1.98224, 3.46365, -0.69031]"
44,sub10,scratch,1,sub10-c__0042__stand.npy,17,stand,17,0.96263087,1,"[1.73917, 3.68068, 3.53258, -0.16208, -1.99789, -0.95156, 1.68916, -1.45166, 4.84263, -4.15839, -0.1204, -1.94492, -3.17284, -8.72431, -5.10269, 9.15699, -11.4414, 12.48538, 4.86574, 3.30465, 6.01593, 1.29742]"
44,sub10,scratch,1,sub10-c__0043__turnaround.npy,19,turnaround,19,0.93085897,1,"[5.9624, 8.0043, 2.49242, -6.91805, -8.21013, 1.0174, 2.7563, -3.29582, 2.07453, -0.3497, 1.96887, -3.70061, 3.3182, -7.7099, -2.70563, 1.02681, -9.84433, -8.15122, 1.48824, 10.75219, 1.99154, -3.85124]"
44,sub10,scratch,1,sub10-c__0045__stand.npy,17,stand,17,0.98224556,1,"[1.73628, 2.89173, 3.37771, -0.30278, -1.60808, -0.86668, 2.32187, -1.46448, 4.00918, -4.26337, 0.09783, -1.17727, -2.71654, -9.17241, -5.34805, 9.53344, -12.15068, 13.62518, 5.43444, 3.9273, 6.58761, 0.28859]"
44,sub10,scratch,1,sub10-c__0046__turnaround.npy,19,turnaround,19,0.9795895,1,"[6.34015, 7.18317, 2.18267, -6.50106, -7.65173, 0.83484, 3.3454, -4.08115, 1.09423, -0.38641, 2.39944, -3.95178, 2.92459, -7.81337, -2.9646, 1.84168, -11.36215, -7.41151, 2.37467, 11.46411, 2.33616, -5.66185]"
44,sub10,scratch,1,sub10-c__0047__squat.npy,16,squat,16,0.9982039,1,"[-7.37367, -5.08509, -2.35322, -9.10234, 3.46058, -5.3958, -7.99397, -3.48316, -5.02713, 9.98287, 1.80018, 12.89818, 6.17699, 2.80492, 11.48794, -10.50571, 19.48061, -8.8788, -13.44005, -0.92604, -0.81462, -3.88247]"
44,sub10,scratch,1,sub10-c__0048__squat.npy,16,squat,16,0.9956577,1,"[-7.37066, -5.42114, -2.08686, -9.11735, 3.33788, -5.81585, -7.40634, -3.98174, -5.33553, 10.10802, 1.76721, 13.43954, 6.03227, 2.44807, 11.62311, -10.22178, 19.05604, -8.5798, -13.55765, -0.659, -0.66535, -4.44796]"
44,sub10,scratch,1,sub10-c__0049__squat.npy,16,squat,16,0.99908006,1,"[-8.01468, -5.75715, -2.89852, -8.92624, 4.55171, -5.43942, -8.4952, -3.31867, -5.26189, 10.35938, 1.66238, 12.91525, 5.73649, 3.18158, 11.90057, -10.65036, 20.27106, -8.24268, -13.37836, -0.84628, -0.68608, -3.96236]"
44,sub10,scratch,1,sub10-c__0050__squat.npy,16,squat,16,0.99738055,1,"[-7.79046, -5.4783, -2.40322, -9.35428, 3.47104, -5.15936, -7.66417, -2.98815, -5.4021, 9.8323, 1.61668, 13.72219, 6.69838, 2.62555, 11.7946, -10.67836, 19.81867, -8.69773, -13.57168, -0.52609, -0.46924, -4.31994]"
44,sub10,scratch,1,sub10-c__0051__squat.npy,16,squat,16,0.99818146,1,"[-7.59804, -5.30769, -2.52504, -9.09556, 3.82106, -5.3195, -7.8651, -3.13021, -5.2284, 10.17144, 1.47426, 13.18475, 5.85402, 2.76167, 11.7267, -10.50902, 19.74159, -8.59571, -13.52839, -0.65235, -0.63489, -4.08526]"
44,sub10,scratch,1,sub10-c__0052__squat.npy,16,squat,16,0.997269,1,"[-7.87823, -5.83286, -2.61061, -9.07693, 3.63481, -5.17306, -7.9734, -3.48854, -4.9992, 10.15916, 1.9168, 13.33, 6.24184, 2.16, 11.66578, -10.48872, 19.43921, -8.10158, -13.59132, -0.20178, -0.27606, -4.40751]"
44,sub10,scratch,1,sub10-c__0053__pickup.npy,11,pickup,11,0.9868383,1,"[-1.54379, -0.9096, 1.93431, -9.58051, -7.32984, -5.16277, 1.44369, -5.211, -4.26198, 5.07054, 2.23795, 14.20747, 9.57639, -3.01117, 7.50597, -5.90149, 8.10494, -11.43315, -10.36263, 1.76156, 0.27933, -6.64915]"
44,sub10,scratch,1,sub10-c__0054__pickup.npy,11,pickup,11,0.9884172,1,"[-1.2878, -0.84707, 1.91078, -9.58692, -7.30138, -5.03052, 1.69512, -5.09537, -4.42021, 4.91698, 2.24893, 14.2085, 9.50027, -3.12594, 7.34197, -5.56584, 7.73438, -11.33344, -10.191, 1.93406, 0.29438, -6.89838]"
44,sub10,scratch,1,sub10-c__0055__pickup.npy,11,pickup,11,0.9881777,1,"[-0.90103, -0.30943, 2.79208, -9.62043, -8.51791, -5.10739, 2.77263, -4.92821, -4.09275, 3.97124, 2.12124, 14.72068, 10.24234, -4.11519, 6.68174, -4.88014, 6.41281, -11.0909, -9.64002, 1.98098, 0.60419, -6.59889]"
44,sub10,scratch,1,sub10-c__0056__pickup.npy,11,pickup,11,0.9718837,1,"[-0.87937, -0.52493, 2.07092, -9.58131, -8.5208, -4.52852, 2.72732, -5.05962, -4.16283, 4.15208, 2.55886, 13.98326, 10.39885, -3.83346, 6.70528, -5.17698, 6.13221, -11.45105, -9.48656, 2.48437, 0.60369, -7.33025]"
44,sub10,scratch,1,sub10-c__0057__pickup.npy,11,pickup,11,0.9805444,1,"[-0.83872, -0.94669, 1.59956, -9.41379, -8.32723, -5.00245, 2.61044, -6.05511, -3.69767, 4.62614, 2.83447, 13.674, 9.66712, -4.17412, 6.77228, -4.97063, 6.00278, -11.13897, -9.34465, 2.7198, 0.71687, -7.34077]"
44,sub10,scratch,1,sub10-c__0058__pickup.npy,11,pickup,11,0.9777689,1,"[-0.35526, 0.36749, 2.28751, -9.63019, -8.31437, -4.54979, 2.77686, -4.48258, -4.11921, 4.13144, 1.92403, 13.66831, 9.81512, -3.62827, 6.44111, -4.99729, 6.36606, -11.80982, -9.35468, 2.13491, 0.35654, -6.56375]"
44,sub10,scratch,1,sub10-c__0059__pushchair.npy,12,pushchair,12,0.9706439,1,"[1.42395, 2.05042, 2.6192, -8.21082, -12.32353, -3.17772, 1.65823, -4.36953, -0.80179, 2.36068, 4.03202, 8.7348, 12.25797, -5.65159, 3.2856, -4.26353, -0.38592, -11.03436, -5.86017, 3.14674, 1.86218, -5.94385]"
44,sub10,scratch,1,sub10-c__0060__pushchair.npy,12,pushchair,12,0.96468896,1,"[1.39754, 2.12508, 2.81857, -8.48577, -12.15339, -3.51828, 1.6457, -4.45704, -0.83921, 2.27035, 3.97487, 9.01588, 12.34187, -6.0847, 3.1245, -3.87362, -0.6612, -10.46873, -5.53743, 3.13519, 2.16413, -5.56223]"
44,sub10,scratch,1,sub10-c__0061__pushchair.npy,12,pushchair,12,0.9593427,1,"[0.69834, 1.48722, 2.41243, -8.61784, -11.72089, -3.4873, 1.45554, -4.44271, -1.28797, 2.68085, 4.07267, 9.3449, 12.52107, -5.67274, 3.73659, -4.50433, 0.30153, -10.66481, -5.9525, 3.2811, 2.15566, -5.84133]"
44,sub10,scratch,1,sub10-c__0062__pushchair.npy,12,pushchair,12,0.9708401,1,"[0.86111, 1.70108, 2.87351, -8.4622, -12.194, -3.47236, 1.14599, -4.35939, -0.67457, 2.21763, 4.2001, 9.33174, 12.85134, -6.10856, 3.30312, -4.18919, -0.17809, -10.19193, -5.84808, 2.93979, 2.27802, -5.36962]"
44,sub10,scratch,1,sub10-c__0063__pushchair.npy,12,pushchair,12,0.9473009,1,"[0.55901, 1.48719, 2.7777, -8.83434, -11.85682, -3.69146, 1.25654, -4.54823, -1.00072, 2.48256, 4.04327, 9.88989, 12.78734, -6.1356, 3.65999, -4.2624, 0.40088, -10.25401, -6.13131, 3.06986, 2.30351, -5.41745]"
44,sub10,scratch,1,sub10-c__0064__sit.npy,15,sit,15,0.9234809,1,"[2.80655, 3.7622, 2.95522, -0.71949, -2.29767, -0.76645, 1.96795, -1.97934, 3.17596, -4.47097, -0.01518, -0.95327, -1.57728, -7.88705, -5.52169, 11.60356, -11.14131, 9.06541, 5.47755, 1.90312, 4.10736, 0.5256]"
44,sub10,scratch,1,sub10-c__0065__stand.npy,17,stand,17,0.9364773,1,"[2.23186, 3.5555, 3.49571, 0.35601, -1.23842, -0.77561, 1.60328, -1.63673, 4.06561, -4.32284, -0.32727, -2.49817, -3.70046, -7.86435, -5.43391, 9.65717, -11.71294, 12.38155, 4.98625, 2.90337, 5.41134, 1.00136]"
44,sub10,scratch,1,sub10-c__0067__sit.npy,15,sit,15,0.9686434,1,"[3.02994, 4.92584, 3.82013, -1.40889, -3.1093, -0.86812, 2.14201, -1.70355, 3.48659, -4.5557, -0.08256, -1.01722, -1.0329, -8.01587, -5.53934, 10.98524, -11.00034, 7.29248, 4.98997, 1.94518, 3.59942, 0.81184]"
44,sub10,scratch,1,sub10-c__0068__stand.npy,17,stand,17,0.9606094,1,"[1.93116, 3.30131, 3.5143, 0.27753, -1.84498, -0.70093, 2.05157, -1.83842, 4.39654, -4.55486, -0.03673, -1.82783, -3.18653, -8.6017, -5.42146, 9.64336, -11.89423, 12.88221, 5.13385, 3.07939, 5.86712, 0.76797]"
44,sub10,scratch,1,sub10-c__0069__turnaround.npy,19,turnaround,19,0.9956388,1,"[5.33783, 6.37235, 1.26378, -6.35978, -7.16331, 1.27077, 2.79856, -4.23523, 1.74405, -0.3361, 2.71641, -4.18302, 2.90603, -8.38293, -2.91183, 1.58025, -10.89499, -6.69467, 2.69469, 12.22928, 2.99656, -5.54505]"
44,sub10,scratch,1,sub10-c__0070__sit.npy,15,sit,17,0.7012599,0,"[3.55009, 1.63513, 2.4627, 1.63367, -0.79281, -0.59923, 3.3779, -2.37557, 1.77407, -4.90741, 0.32117, -1.85752, -3.44192, -7.75521, -6.63898, 12.30312, -13.67573, 13.16709, 7.64979, 2.75451, 5.03671, -1.81742]"
44,sub10,scratch,1,sub10-c__0071__stand.npy,17,stand,17,0.96072346,1,"[2.30329, 3.28069, 3.66773, 0.05141, -1.6124, -0.71005, 1.97282, -1.58249, 4.19255, -4.38971, -0.03394, -1.8956, -3.21076, -8.87432, -5.61725, 9.74479, -12.42594, 12.9888, 5.23613, 3.7184, 6.0807, 0.39256]"
44,sub10,scratch,1,sub10-c__0072__turnaround.npy,19,turnaround,19,0.99381614,1,"[5.44238, 6.83381, 1.87276, -6.73376, -8.16023, 0.77903, 3.1374, -4.36845, 2.14968, -0.36413, 2.58289, -3.74067, 3.32937, -8.83476, -2.66345, 1.24457, -10.80544, -7.05094, 2.28877, 12.2314, 3.04844, -4.8871]"
44,sub10,scratch,1,sub10-c__0073__sit.npy,15,sit,15,0.95804197,1,"[4.20751, 4.64775, 4.094, -0.71925, -2.52747, -0.98916, 2.26472, -2.23819, 2.97124, -4.40312, 0.00529, -1.54135, -2.44183, -8.02218, -6.02062, 11.60511, -12.33103, 8.37369, 5.07685, 2.33645, 3.60117, -0.47366]"
44,sub10,scratch,1,sub10-c__0074__stand.npy,17,stand,17,0.9603326,1,"[2.22928, 3.26344, 3.48635, -0.01718, -1.73211, -0.87588, 2.05143, -1.52633, 4.23315, -4.29136, -0.02489, -1.63285, -3.12364, -8.94254, -5.51001, 9.92992, -12.29914, 13.15915, 5.44028, 3.37638, 6.17779, 0.49128]"
44,sub10,scratch,1,sub10-c__0075__turnaround.npy,19,turnaround,19,0.9911411,1,"[6.37966, 6.65795, 2.255, -6.16354, -7.39373, 1.08939, 3.68547, -4.83886, 0.81543, -0.57391, 2.52984, -4.06215, 2.47577, -8.10932, -3.02129, 2.1011, -11.70641, -6.87304, 2.39118, 12.01676, 2.46903, -6.41499]"
44,sub10,scratch,1,sub10-c__0076__sit.npy,15,sit,15,0.983539,1,"[3.17816, 3.8548, 3.4908, -0.91182, -2.97025, -0.60221, 3.06146, -3.09385, 2.05982, -4.74439, 0.53399, -0.96714, -0.89538, -7.77274, -5.55823, 11.53048, -11.8331, 7.1046, 5.75006, 2.49033, 3.10445, -1.01425]"
44,sub10,scratch,1,sub10-c__0077__stand.npy,17,stand,17,0.87371176,1,"[2.24587, 4.1189, 3.5132, 0.31702, -1.59472, -0.73598, 1.49781, -1.53602, 4.41153, -4.50819, -0.48549, -2.73084, -3.47117, -7.6425, -5.50294, 9.55879, -11.37684, 11.52724, 4.89593, 2.41928, 5.00143, 1.77989]"
44,sub10,scratch,1,sub10-c__0078__turnaround.npy,19,turnaround,19,0.9825127,1,"[6.49914, 6.77277, 2.05585, -6.46508, -7.55075, 0.81579, 3.84008, -4.82321, 0.32232, -0.36179, 2.64161, -3.5936, 2.99143, -7.64246, -2.885, 2.14275, -11.35364, -7.81138, 2.49923, 11.4424, 1.93572, -6.52602]"
44,sub10,scratch,1,sub10-c__0079__sit.npy,15,sit,15,0.95754486,1,"[3.49525, 5.31684, 3.77534, -0.68552, -2.65122, -1.24263, 2.06015, -2.06963, 3.50517, -4.57713, -0.45108, -2.05671, -2.31501, -7.09074, -5.68433, 11.0564, -11.05554, 7.74575, 4.94707, 1.28691, 3.22815, 1.3937]"
44,sub10,scratch,1,sub10-c__0080__stand.npy,17,stand,17,0.92061937,1,"[1.55424, 4.08953, 3.29049, 0.51518, -1.59255, -1.08879, 1.90278, -1.16232, 4.4437, -4.82784, -0.73082, -2.93224, -3.2296, -7.21177, -5.52579, 9.31686, -11.33363, 11.82325, 5.54704, 2.08759, 5.13841, 2.69032]"
44,sub10,scratch,1,sub10-c__0081__turnaround.npy,19,turnaround,19,0.9656848,1,"[6.71642, 7.26308, 2.43586, -6.54154, -7.89411, 0.54417, 3.54478, -4.69079, 0.82716, -0.21525, 2.46936, -3.72887, 2.83848, -7.6158, -2.74848, 1.89557, -11.25243, -8.00082, 2.00037, 11.10073, 1.89692, -6.02788]"
44,sub10,scratch,1,sub10-c__0082__squat.npy,16,squat,16,0.9991492,1,"[-7.47119, -5.94518, -2.73223, -8.20135, 5.92888, -5.49447, -8.77374, -3.16191, -5.61477, 10.68189, 1.43255, 12.46318, 4.26645, 3.60359, 11.36789, -10.02381, 19.94032, -7.33695, -13.1752, -1.07295, -1.01594, -4.12356]"
44,sub10,scratch,1,sub10-c__0083__squat.npy,16,squat,16,0.996869,1,"[-7.78903, -6.36851, -2.47709, -8.66178, 4.86991, -6.06154, -8.16215, -4.38199, -5.30208, 10.62619, 2.01473, 13.22797, 4.97021, 2.37941, 11.53548, -9.68977, 19.22132, -6.93129, -13.38635, -0.5252, -0.47511, -4.59119]"
44,sub10,scratch,1,sub10-c__0084__squat.npy,16,squat,16,0.9974445,1,"[-8.04976, -6.73883, -2.66523, -8.3964, 5.36409, -5.82325, -7.86616, -3.82786, -5.73276, 10.61806, 1.55154, 13.73346, 4.76524, 2.68133, 11.72496, -9.91152, 19.86502, -6.73119, -13.46494, -0.51509, -0.52521, -4.77947]"
44,sub10,scratch,1,sub10-c__0085__squat.npy,16,squat,16,0.997849,1,"[-7.60228, -6.44346, -2.48252, -8.29754, 5.94916, -5.67125, -8.1806, -3.55137, -6.06557, 10.74946, 1.52826, 13.03319, 4.24368, 3.15427, 11.53041, -9.84586, 19.45464, -6.80384, -13.36788, -0.50263, -0.67541, -5.06603]"
44,sub10,scratch,1,sub10-c__0086__squat.npy,16,squat,16,0.9967064,1,"[-7.33741, -5.85938, -2.10765, -8.40222, 4.6035, -5.73926, -7.93711, -3.52795, -5.50544, 10.66541, 1.71036, 13.00963, 4.56492, 2.53437, 11.48684, -9.82182, 18.99556, -7.26267, -13.44775, -0.37891, -0.4926, -4.77933]"
44,sub10,scratch,1,sub10-c__0087__squat.npy,16,squat,16,0.99313825,1,"[-7.09668, -5.43014, -1.59111, -8.67484, 3.70683, -5.73932, -7.33007, -3.10952, -5.58421, 10.15691, 1.5607, 13.52883, 5.22136, 2.31052, 11.39843, -9.71772, 18.64647, -7.65984, -13.52008, -0.39771, -0.42816, -4.80192]"
44,sub10,scratch,1,sub10-c__0088__pickup.npy,11,pickup,11,0.98975956,1,"[-2.07307, -1.41002, 2.1773, -9.31618, -5.72965, -5.64352, 0.00073, -4.65823, -4.57937, 5.82755, 1.97749, 14.52581, 8.4694, -2.45314, 7.89445, -6.00488, 9.49103, -10.2656, -11.06685, 1.14285, 0.2559, -6.16827]"
44,sub10,scratch,1,sub10-c__0089__pickup.npy,11,pickup,11,0.9920338,1,"[-2.45272, -2.25085, 1.81097, -9.13237, -5.45423, -5.92215, 0.0652, -5.44198, -4.46672, 6.08671, 2.18486, 14.88069, 8.21278, -2.78754, 8.09613, -5.93226, 9.67197, -9.73321, -11.11377, 1.39882, 0.41409, -6.45249]"
44,sub10,scratch,1,sub10-c__0090__pickup.npy,11,pickup,11,0.99360996,1,"[-1.22747, -1.45133, 2.02722, -9.04904, -6.98703, -5.33438, 1.19485, -5.27622, -4.16261, 5.2308, 2.4412, 14.25059, 8.83126, -3.55796, 7.11215, -5.09982, 7.40615, -10.09923, -10.14258, 1.96633, 0.64935, -6.94629]"
44,sub10,scratch,1,sub10-c__0091__pickup.npy,11,pickup,11,0.9948933,1,"[-1.76246, -1.40818, 2.07241, -9.53211, -6.70904, -5.70511, 1.18185, -5.30232, -4.25893, 5.16814, 2.23934, 14.97352, 9.23392, -3.42452, 7.46159, -5.37702, 8.33325, -10.20157, -10.39755, 1.5061, 0.56113, -6.36112]"
44,sub10,scratch,1,sub10-c__0093__pushchair.npy,12,pushchair,12,0.9632842,1,"[0.90156, 1.68818, 2.47195, -8.53117, -12.00404, -3.46153, 1.25927, -4.06339, -0.78666, 2.2813, 3.96884, 9.45727, 12.73581, -6.07238, 3.3142, -4.03371, -0.07426, -10.07553, -5.63411, 3.01456, 2.43792, -5.22761]"
44,sub10,scratch,1,sub10-c__0094__pushchair.npy,12,pushchair,12,0.9864222,1,"[0.65636, 1.53719, 2.62089, -8.2555, -12.40081, -3.09581, 1.18825, -4.02437, -0.2312, 1.63937, 4.48849, 9.05852, 13.36407, -6.7934, 2.50326, -3.65606, -1.09219, -9.198, -4.86136, 3.24837, 2.76171, -4.86358]"
44,sub10,scratch,1,sub10-c__0095__pushchair.npy,12,pushchair,12,0.98547703,1,"[1.62557, 2.25936, 2.48648, -8.01323, -12.84231, -3.1298, 2.04845, -3.98756, -0.23985, 1.54848, 3.86269, 8.51328, 12.75799, -6.56297, 2.36306, -3.20791, -1.78363, -9.96985, -4.51999, 3.27717, 2.56472, -5.00845]"
44,sub10,scratch,1,sub10-c__0096__pushchair.npy,12,pushchair,12,0.9582878,1,"[0.06038, 0.95332, 2.21078, -8.54553, -11.60281, -3.38075, 0.97834, -4.18378, -1.26222, 2.49429, 4.11402, 9.92968, 13.07199, -5.82108, 3.74293, -4.65268, 0.97225, -10.10074, -5.9776, 2.95085, 2.37395, -5.15313]"
44,sub10,scratch,1,sub10-c__0097__pushchair.npy,12,pushchair,12,0.9769582,1,"[0.57755, 1.08564, 2.16155, -8.45838, -12.12903, -3.13115, 1.57174, -4.61035, -0.78421, 2.09778, 4.49618, 9.39265, 13.15549, -6.44667, 3.15979, -3.95611, -0.5533, -9.89261, -5.41533, 3.55993, 2.64417, -5.8094]"
44,sub10,scratch,1,sub10-c__0098__pushchair.npy,12,pushchair,12,0.89283246,1,"[0.39484, 0.88931, 2.58339, -8.75491, -11.56895, -3.8346, 1.15541, -4.7429, -0.90137, 2.69735, 4.13786, 10.42613, 12.55135, -6.34817, 3.73779, -4.14452, 0.74503, -9.69378, -6.41813, 3.09795, 2.46627, -5.4779]"
44,sub10,scratch,1,sub10-c__0099__sit.npy,15,sit,15,0.95054597,1,"[3.13285, 4.41627, 3.48095, -1.09025, -2.69833, -0.788, 2.52982, -1.83109, 3.09797, -4.67459, -0.21277, -0.88984, -1.63487, -8.07709, -5.55081, 11.37892, -11.22769, 8.32664, 5.18252, 2.27643, 3.97152, 0.32894]"
44,sub10,scratch,1,sub10-c__0100__stand.npy,17,stand,17,0.916137,1,"[1.88486, 3.79276, 3.36262, 0.4992, -1.7255, -0.7672, 1.83636, -1.83061, 4.4379, -4.76061, -0.35553, -2.43934, -3.22335, -7.5908, -5.56355, 9.58688, -11.33013, 12.01352, 5.14351, 2.08088, 5.13252, 1.83061]"
44,sub10,scratch,1,sub10-c__0101__turnaround.npy,19,turnaround,19,0.9959715,1,"[5.66974, 6.48122, 1.63872, -6.48701, -7.50657, 1.06019, 3.36882, -4.34201, 1.49309, -0.44652, 2.51562, -3.89615, 2.92796, -8.64056, -2.88219, 1.6839, -11.26489, -6.65256, 2.69415, 12.47484, 3.09764, -5.61916]"
44,sub10,scratch,1,sub10-c__0102__sit.npy,15,sit,15,0.96665376,1,"[2.66517, 4.44825, 3.49639, -1.04621, -2.50757, -0.73156, 1.92378, -2.09248, 3.22539, -4.69752, 0.0314, -1.42771, -1.16247, -7.61617, -5.63345, 10.99924, -11.122, 7.39783, 5.397, 2.08122, 3.5036, 0.67079]"
44,sub10,scratch,1,sub10-c__0103__stand.npy,17,stand,17,0.9589161,1,"[1.73972, 3.26329, 3.64911, 0.05057, -1.88208, -0.72515, 2.08772, -1.79706, 4.22292, -4.59766, -0.07112, -1.67617, -2.86908, -8.60098, -5.26564, 9.39341, -11.74424, 12.59759, 4.87322, 3.34519, 5.87323, 0.74254]"
44,sub10,scratch,1,sub10-c__0104__turnaround.npy,19,turnaround,19,0.99567896,1,"[5.75304, 6.5253, 1.69576, -6.55785, -7.41015, 0.73752, 3.22065, -3.99539, 1.58549, -0.25964, 2.39906, -3.8043, 2.92527, -8.74864, -2.94864, 1.72342, -11.44436, -6.16621, 2.87807, 12.46111, 3.44668, -5.34915]"
44,sub10,scratch,1,sub10-c__0105__sit.npy,15,sit,15,0.96969044,1,"[3.08207, 4.49961, 3.59827, -0.69617, -2.77041, -1.20175, 2.68992, -2.38701, 2.82778, -4.66302, -0.10193, -1.33337, -1.74025, -7.19235, -5.48032, 11.31418, -11.07027, 7.67983, 5.21281, 1.68838, 3.23328, 0.34115]"
44,sub10,scratch,1,sub10-c__0106__stand.npy,17,stand,17,0.9256578,1,"[1.47884, 3.74014, 3.38634, 0.54543, -1.72328, -0.88786, 1.91301, -1.6319, 4.13037, -4.83595, -0.53645, -2.43606, -3.12387, -7.35522, -5.19901, 9.33068, -11.04485, 11.89431, 5.03748, 2.17953, 5.09273, 2.02478]"
44,sub10,scratch,1,sub10-c__0107__turnaround.npy,19,turnaround,19,0.9889754,1,"[6.54943, 6.56897, 2.08632, -6.25986, -7.20208, 0.53055, 4.0476, -4.7874, -0.03229, -0.26619, 2.56488, -3.87723, 2.58491, -7.58199, -2.81181, 2.23077, -12.00833, -7.08135, 2.90215, 11.8395, 2.41227, -7.00365]"
44,sub10,scratch,1,sub10-c__0108__sit.npy,15,sit,15,0.9620227,1,"[2.98623, 4.41518, 3.74594, -1.42618, -2.85553, -1.04272, 2.73041, -2.39232, 2.8526, -4.52864, 0.0606, -0.71581, -1.38413, -8.06506, -5.192, 11.13771, -11.25446, 7.75341, 4.98363, 2.53462, 3.77639, -0.29405]"
44,sub10,scratch,1,sub10-c__0109__stand.npy,17,stand,17,0.9477472,1,"[1.46602, 3.31199, 3.34501, -0.0902, -1.88627, -0.84841, 2.05868, -1.80602, 4.18015, -4.53069, -0.07266, -1.69559, -2.67852, -8.40122, -5.09844, 9.29086, -11.46859, 12.24711, 5.11274, 3.11868, 5.77564, 1.05583]"
44,sub10,scratch,1,sub10-c__0110__turnaround.npy,19,turnaround,19,0.9856754,1,"[6.35613, 7.04909, 1.85868, -6.33428, -7.65522, 0.76902, 3.12993, -4.22262, 1.01337, -0.18876, 2.47481, -4.1989, 2.88904, -7.74029, -2.9148, 1.61426, -11.26776, -7.68294, 2.61873, 11.73915, 2.36733, -5.71578]"
44,sub10,scratch,1,sub10-c__0111__sit.npy,15,sit,15,0.97832537,1,"[3.12054, 4.36506, 3.47761, -0.80876, -2.24684, -0.32925, 2.45228, -2.17143, 2.38507, -4.85251, -0.00029, -1.18088, -1.49488, -7.27584, -5.67718, 11.40974, -11.12214, 7.36343, 5.44912, 1.88367, 3.09661, -0.38223]"
44,sub10,scratch,1,sub10-c__0112__stand.npy,17,stand,17,0.93287957,1,"[2.32045, 3.4652, 3.57393, 0.82737, -1.44479, -0.6904, 1.98622, -1.99494, 4.07348, -4.7701, -0.27463, -2.35093, -3.69598, -7.73455, -5.73272, 10.00758, -11.8245, 12.66234, 5.16613, 2.29523, 5.19217, 1.01195]"
44,sub10,scratch,1,sub10-c__0113__turnaround.npy,19,turnaround,19,0.94137555,1,"[7.37409, 7.20797, 2.46708, -6.46383, -7.80868, 0.04335, 4.19459, -5.03063, -0.15583, -0.02642, 2.48775, -3.49531, 2.72634, -7.09937, -2.744, 2.36391, -11.86788, -8.19737, 2.42628, 10.80887, 1.67302, -6.92207]"
44,sub10,scratch,1,sub10-c__0114__squat.npy,16,squat,16,0.9977291,1,"[-7.01059, -5.39801, -2.18841, -8.52533, 4.47287, -5.44312, -8.32829, -3.16631, -5.26166, 10.22266, 1.75039, 12.73822, 5.02286, 2.83796, 11.13713, -9.83809, 19.0729, -7.75132, -13.08749, -0.80387, -0.7253, -4.1124]"
44,sub10,scratch,1,sub10-c__0115__squat.npy,16,squat,16,0.9963451,1,"[-7.32029, -5.61965, -2.11459, -8.72217, 4.37201, -6.00724, -8.0331, -3.71857, -5.13027, 10.2349, 1.71139, 13.33582, 5.0595, 2.39097, 11.22932, -9.59469, 19.09835, -7.30092, -13.15425, -0.85007, -0.56185, -3.96624]"
44,sub10,scratch,1,sub10-c__0116__squat.npy,16,squat,16,0.99404514,1,"[-7.11628, -6.03075, -2.08321, -8.73972, 4.12282, -5.23252, -7.85429, -3.73061, -5.79234, 10.05152, 2.24735, 13.0179, 5.90358, 2.54339, 11.03613, -9.88106, 18.3097, -7.69156, -13.25265, -0.20909, -0.58978, -5.24713]"
44,sub10,scratch,1,sub10-c__0118__squat.npy,16,squat,16,0.9942754,1,"[-7.10936, -6.16748, -1.84883, -8.33856, 3.79328, -5.07082, -7.58242, -3.65263, -5.86849, 10.09577, 2.10835, 13.10915, 5.77288, 2.64691, 11.11523, -10.16228, 18.43702, -7.84059, -13.65863, -0.23198, -0.72778, -5.49487]"
44,sub10,scratch,1,sub10-c__0119__pickup.npy,11,pickup,11,0.9894159,1,"[-0.31257, -0.66703, 2.91309, -8.8385, -7.73889, -5.11981, 1.79836, -4.70085, -4.45609, 4.43858, 2.37672, 13.91777, 9.29388, -3.62987, 6.26245, -4.559, 5.78194, -10.19765, -9.54648, 1.81356, 0.58726, -7.01152]"
44,sub10,scratch,1,sub10-c__0120__pickup.npy,11,pickup,11,0.9949994,1,"[-1.32242, -1.80898, 2.17444, -8.96957, -6.48171, -5.72692, 1.02226, -5.64541, -4.6845, 5.51072, 2.47179, 14.4872, 8.68444, -3.12144, 7.3456, -5.21199, 7.64997, -10.02462, -10.38774, 1.64421, 0.43366, -7.1255]"
44,sub10,scratch,1,sub10-c__0121__pickup.npy,11,pickup,11,0.99434716,1,"[-0.72693, -1.52215, 2.43776, -8.74362, -7.3624, -5.32924, 2.19454, -5.4948, -4.74424, 4.72683, 2.38602, 14.40028, 9.04996, -3.48133, 6.79951, -4.6869, 6.44983, -10.33876, -9.88748, 2.02322, 0.38499, -7.59672]"
44,sub10,scratch,1,sub10-c__0122__pickup.npy,11,pickup,11,0.9939084,1,"[-1.09478, -1.33458, 2.38866, -9.36238, -7.0439, -5.55051, 1.50418, -5.53007, -4.45986, 4.90519, 2.58542, 14.59303, 9.31552, -3.64618, 6.92522, -4.86934, 6.94469, -10.10098, -10.03084, 1.82922, 0.58193, -7.05787]"
44,sub10,scratch,1,sub10-c__0123__pickup.npy,11,pickup,11,0.984461,1,"[-0.33377, -1.2276, 2.455, -8.79846, -8.71835, -5.38195, 2.60375, -6.44622, -3.37395, 4.28135, 3.29089, 13.69158, 9.49627, -5.00727, 6.01594, -4.00256, 4.39428, -9.84291, -8.97184, 2.72413, 1.08242, -7.56164]"
44,sub10,scratch,1,sub10-c__0124__pickup.npy,11,pickup,11,0.9949114,1,"[-0.86075, -1.86621, 2.21044, -8.92927, -7.32908, -5.62463, 1.75208, -6.27583, -4.1139, 5.09537, 2.94282, 14.35242, 8.86843, -4.18145, 6.83767, -4.56198, 6.22024, -9.78849, -9.9129, 2.35925, 0.79785, -7.58131]"
44,sub10,scratch,1,sub10-c__0125__pushchair.npy,12,pushchair,12,0.98373175,1,"[2.02964, 1.98786, 2.47478, -7.77308, -12.30422, -3.36483, 1.57262, -4.21308, -0.78615, 1.99307, 4.07053, 8.13573, 12.27867, -6.05174, 2.27529, -3.1342, -2.17162, -9.77488, -4.39244, 3.13048, 2.43024, -5.47526]"
44,sub10,scratch,1,sub10-c__0126__pickup.npy,11,pickup,12,0.9778497,0,"[1.91254, 1.8466, 2.69416, -7.8277, -12.13906, -3.79498, 1.01832, -4.24277, -0.70541, 2.15723, 3.99275, 8.49018, 12.30526, -6.17117, 2.4437, -3.22868, -1.81076, -9.36993, -4.57166, 2.81948, 2.60231, -4.92154]"
44,sub10,scratch,1,sub10-c__0127__pushchair.npy,12,pushchair,12,0.98479307,1,"[1.30925, 1.75594, 2.28404, -8.10042, -11.7765, -3.24506, 1.05937, -3.6922, -1.02091, 1.99903, 4.05385, 8.61142, 12.80605, -5.96778, 2.52404, -3.64141, -1.24758, -9.50372, -4.47604, 2.96801, 2.58729, -4.89059]"
44,sub10,scratch,1,sub10-c__0128__pushchair.npy,12,pushchair,12,0.96648973,1,"[1.0437, 1.22662, 2.61083, -8.21393, -11.9704, -3.258, 1.40766, -4.20174, -1.05254, 2.1452, 4.2509, 9.46373, 12.83788, -6.11906, 2.9701, -3.95064, -0.69174, -9.77218, -5.53112, 3.22266, 2.45113, -5.65783]"
44,sub10,scratch,1,sub10-c__0129__pushchair.npy,12,pushchair,12,0.9593785,1,"[1.09873, 1.44405, 2.83095, -8.199, -12.09504, -3.68075, 1.47419, -4.2214, -0.94842, 2.06032, 3.95327, 9.6148, 12.78619, -6.36955, 2.92709, -3.66733, -0.82907, -9.45158, -5.25143, 2.96851, 2.63575, -5.15018]"
44,sub10,scratch,1,sub10-c__0130__pushchair.npy,12,pushchair,12,0.968874,1,"[0.71745, 0.84288, 2.53427, -8.25954, -12.38209, -3.054, 1.93597, -4.74928, -0.86475, 1.78446, 4.53051, 9.88951, 13.33753, -6.75777, 2.96201, -3.93952, -0.84293, -9.62953, -5.55034, 3.6677, 2.68207, -5.99943]"
