seed,subject,method,k,file,true_id,true_label,pred_id,conf,correct,logits
44,sub10,mae,1,sub10-a__0002__wave.npy,21,wave,21,0.99991703,1,"[-0.51632, 1.66203, -1.24944, 0.20713, -4.62641, -10.66632, -4.31834, -3.0379, 7.35997, -1.07096, -0.02192, -9.23325, 1.40054, 4.71669, -3.84103, 1.45092, -6.93137, -3.36523, 7.41424, -4.78672, 2.14608, 17.51851]"
44,sub10,mae,1,sub10-a__0003__wave.npy,21,wave,21,0.99986684,1,"[0.06446, 2.4444, -1.55699, 1.01677, -4.34237, -8.2712, -4.43445, -0.353, 6.38669, -1.28872, -0.40028, -8.78753, 0.89347, 4.49302, -3.84878, 0.76577, -6.244, -3.77496, 6.48775, -4.91523, 1.30637, 16.14448]"
44,sub10,mae,1,sub10-a__0004__wave.npy,21,wave,21,0.99979657,1,"[-0.23125, 1.94273, -0.99003, 1.16326, -4.7727, -9.33755, -4.8756, -2.11957, 7.16877, -1.59206, 0.28298, -9.03336, 1.00656, 4.17732, -3.62316, 0.53015, -6.71416, -3.57252, 6.85569, -4.44576, 1.58803, 16.25595]"
44,sub10,mae,1,sub10-a__0005__wave.npy,21,wave,21,0.9999163,1,"[-0.49793, 1.79327, -1.21675, 3.60807, -3.59777, -8.01991, -4.40256, 0.68372, 5.44221, -2.21843, -0.3373, -8.0993, 0.1547, 5.86906, -3.2343, -0.4623, -5.49355, -3.76165, 6.99012, -6.03353, 0.5108, 16.83904]"
44,sub10,mae,1,sub10-a__0006__wave.npy,21,wave,21,0.9998697,1,"[-0.30163, 1.76883, -0.77494, 1.83871, -4.50253, -9.49513, -4.48278, -1.94512, 6.89235, -1.88517, -0.04076, -8.85291, 0.58151, 5.07378, -3.38689, 0.43365, -6.56964, -3.38539, 7.29318, -5.1796, 1.33788, 16.82316]"
44,sub10,mae,1,sub10-a__0007__bow.npy,2,bow,2,0.99418133,1,"[2.67118, 0.05335, 12.46288, 6.19979, -8.99909, -5.34962, -1.07287, -9.85347, 5.20238, -6.54047, 1.51702, 0.63252, -2.38101, -6.33306, 6.69731, -3.90726, -5.5746, 1.66286, -0.88811, -0.83312, -2.02358, -4.22621]"
44,sub10,mae,1,sub10-a__0008__bow.npy,2,bow,2,0.9957153,1,"[2.26593, -0.3478, 12.85168, 6.16678, -8.77973, -4.69166, -0.51845, -9.48828, 4.49382, -6.52758, 1.17536, 2.18585, -2.39039, -7.43619, 6.94697, -4.00241, -4.9248, 2.41544, -1.41014, -0.66938, -2.35577, -4.90911]"
44,sub10,mae,1,sub10-a__0009__bow.npy,2,bow,2,0.98300385,1,"[2.36751, -0.20097, 12.35177, 6.53031, -8.79173, -4.76862, -0.58266, -9.5423, 4.51845, -6.78934, 1.41218, 2.14172, -2.83786, -7.04001, 8.06792, -4.6304, -4.5982, 1.95336, -1.36304, -0.77012, -2.55231, -5.89035]"
44,sub10,mae,1,sub10-a__0010__bow.npy,2,bow,2,0.9931263,1,"[2.14395, -0.33467, 12.49521, 6.54852, -8.2358, -4.83205, -0.78604, -9.47527, 4.76344, -6.5941, 1.11511, 1.62257, -2.98841, -6.87017, 6.91245, -3.72103, -4.8743, 2.24921, -1.25095, -0.7362, -2.36627, -4.61201]"
44,sub10,mae,1,sub10-a__0011__bow.npy,2,bow,2,0.9939108,1,"[2.29835, -0.04729, 12.66214, 6.37334, -9.03387, -5.04034, -0.59828, -9.46347, 4.84049, -6.79889, 1.23746, 1.67304, -2.12009, -6.98537, 7.08504, -4.23759, -4.93832, 1.73277, -1.23101, -0.93354, -2.41351, -4.63561]"
44,sub10,mae,1,sub10-a__0012__bow.npy,2,bow,2,0.98915255,1,"[2.35028, -0.25431, 12.56582, 6.39948, -9.02956, -4.7295, -0.86708, -9.58889, 4.74864, -6.9956, 1.38968, 2.76828, -2.41354, -7.63457, 7.7781, -4.76829, -4.34812, 1.70342, -1.46329, -0.4094, -2.82475, -5.65451]"
44,sub10,mae,1,sub10-a__0013__crossarms.npy,5,crossarms,5,0.9999994,1,"[3.72315, -1.43545, -2.67158, 4.58811, -2.47472, 21.36035, 1.16861, 5.37289, -7.96274, -3.26306, -0.77413, 6.26735, -2.48625, -4.69741, 1.94306, -3.06042, 4.74796, 2.07775, 0.31978, -3.79374, -5.01339, -16.10742]"
44,sub10,mae,1,sub10-a__0014__crossarms.npy,5,crossarms,5,0.99987185,1,"[3.16801, -1.44803, -2.05205, 9.7319, -1.59811, 18.72572, -0.04232, 5.28575, -7.00713, -5.10071, -0.54043, 4.79434, -4.08875, -2.16675, 3.39889, -4.9208, 5.11392, 0.61005, 0.9377, -5.79717, -5.90719, -14.23077]"
44,sub10,mae,1,sub10-a__0015__crossarms.npy,5,crossarms,5,0.9993949,1,"[3.2092, -1.099, -1.90538, 10.8665, -1.62849, 18.28506, -0.11824, 5.27646, -6.38346, -5.78056, -0.98346, 4.28859, -4.42833, -1.67781, 3.25848, -4.79393, 4.99577, 0.37692, 1.41192, -6.60081, -6.22854, -13.3157]"
44,sub10,mae,1,sub10-a__0017__crossarms.npy,5,crossarms,5,0.9989784,1,"[3.22024, -1.20002, -1.90709, 10.57904, -1.87132, 17.47172, -0.45887, 4.68581, -5.8613, -5.69145, -0.43021, 3.76845, -4.3207, -1.4803, 2.96951, -4.88692, 4.47703, 0.14934, 1.82484, -6.28388, -6.06774, -12.65038]"
44,sub10,mae,1,sub10-a__0018__airpunch.npy,1,airpunch,1,0.99392056,1,"[0.84788, 11.59721, -2.06278, -10.73137, -5.91305, -4.8077, 1.34582, 3.23723, 3.61136, -1.41136, -2.03254, -2.78975, -0.25331, -4.4592, -1.87675, 1.17179, -5.83503, 1.82285, 5.25985, 5.9742, -1.4333, -4.24183]"
44,sub10,mae,1,sub10-a__0019__airpunch.npy,1,airpunch,14,0.8513915,0,"[4.06571, 3.16368, 1.91441, 4.88853, -7.80003, 0.31315, -2.19706, -7.03884, 2.3931, -5.98711, 4.96279, -2.69633, -5.6958, -3.84844, 7.99341, -5.96267, -3.68372, 1.05297, 4.91461, -0.34406, -4.32739, -12.47899]"
44,sub10,mae,1,sub10-a__0020__airpunch.npy,1,airpunch,1,0.95994896,1,"[2.87017, 12.01566, -0.34412, -11.37494, -9.89657, -4.71268, -2.50697, -1.79424, 7.94809, -1.90455, -0.0176, -3.85346, 1.08351, -8.81836, -1.42865, -0.72293, -7.11479, 1.33442, 4.60201, 8.27902, -1.64445, -6.22434]"
44,sub10,mae,1,sub10-a__0022__airpunch.npy,1,airpunch,1,0.9971079,1,"[1.9678, 13.25389, -1.51028, -11.20939, -7.19455, -5.05245, -1.10785, 0.94843, 4.99173, -1.32577, -1.58611, -2.36135, 0.61374, -7.13871, -2.13939, -0.11237, -5.49813, 0.98863, 5.36367, 7.15219, -3.0592, -5.16216]"
44,sub10,mae,1,sub10-a__0023__airpunch.npy,1,airpunch,1,0.5363016,1,"[1.9646, 9.18236, -2.3376, -7.63238, -7.57582, -7.19365, -2.31453, -1.73757, 6.49515, -2.2986, -0.02234, -4.84918, 0.33947, -2.6032, -1.84867, -1.14856, -6.90157, 0.36144, 8.94682, 3.89484, -1.25016, -0.1048]"
44,sub10,mae,1,sub10-a__0024__airpunch.npy,1,airpunch,18,0.8467395,0,"[1.8118, 8.33398, -2.56817, -5.90524, -9.03169, -6.79178, -3.3256, -1.57884, 7.03808, -3.03118, 0.12543, -3.99553, 1.15079, -3.17363, -0.17073, -3.87299, -5.93739, -0.12878, 10.28978, 2.30701, -1.72701, 0.67206]"
44,sub10,mae,1,sub10-a__0025__drink.npy,7,drink,7,0.99910456,1,"[1.20023, 6.9217, -0.53561, 3.71882, -0.30329, 6.55755, -1.29625, 14.50478, -4.25251, -3.02666, -3.50909, 1.24516, -4.3855, -0.17091, -1.2243, -1.77325, -0.55996, 2.60128, 0.01516, -1.08211, -1.4163, -6.039]"
44,sub10,mae,1,sub10-a__0026__drink.npy,7,drink,7,0.99963784,1,"[1.47904, 6.0368, -0.53419, 4.41329, -0.48894, 6.44269, -1.20236, 14.9848, -4.90678, -3.2501, -3.22343, 1.84217, -4.05994, 0.6602, -1.35938, -2.20637, -0.67213, 2.96578, 0.84516, -1.40327, -1.25209, -5.96331]"
44,sub10,mae,1,sub10-a__0027__drink.npy,7,drink,7,0.9997204,1,"[1.23433, 5.29057, -0.41177, 5.97622, 0.11137, 6.80264, -0.93615, 15.51845, -5.86158, -3.60856, -3.44747, 2.4779, -4.28009, 1.43289, -0.60594, -2.411, 0.0274, 2.87147, 0.39584, -2.13221, -1.2544, -6.49005]"
44,sub10,mae,1,sub10-a__0028__drink.npy,7,drink,7,0.998855,1,"[1.11542, 4.41588, -0.29165, 6.68287, 0.56781, 8.49174, -1.19148, 15.43615, -6.13158, -3.48044, -3.47692, 2.51903, -4.43958, 0.9269, -0.6024, -2.28497, 0.74068, 2.77652, -0.6976, -2.25243, -1.40362, -7.00398]"
44,sub10,mae,1,sub10-a__0029__drink.npy,7,drink,7,0.99975866,1,"[0.75332, 5.19677, -0.58291, 4.45388, 0.34016, 7.60912, -0.50732, 16.07982, -6.0598, -2.87095, -3.85594, 2.56237, -3.61508, 0.63718, -1.43683, -1.26707, 0.36754, 2.9384, -0.67065, -1.63045, -0.75569, -6.39924]"
44,sub10,mae,1,sub10-a__0030__drink.npy,7,drink,7,0.99988997,1,"[0.26115, 5.391, -0.70121, 5.43804, 0.84415, 7.09612, -0.84414, 16.54624, -5.80704, -3.10663, -4.06194, 2.2856, -3.56144, 1.01455, -1.42592, -1.49007, 0.98368, 2.29639, -0.63422, -2.24169, -1.16044, -4.94733]"
44,sub10,mae,1,sub10-a__0031__brushteeth.npy,3,brushteeth,3,0.9784767,1,"[2.5626, 3.80332, 0.5939, 12.09433, -1.62037, 6.91236, 0.15834, -1.40833, -1.17776, -7.25317, -2.50452, -1.29107, -8.15327, 1.42559, 7.95379, -2.44834, 2.69599, -0.38147, 0.47821, -8.86383, -6.90139, -9.99358]"
44,sub10,mae,1,sub10-a__0032__brushteeth.npy,3,brushteeth,3,0.9373201,1,"[2.77973, 2.83197, 0.13272, 10.97335, -2.66416, 7.44028, 1.14976, -1.93548, -1.7864, -6.80428, -2.16061, -1.27392, -6.81605, 1.15229, 7.67016, -1.63315, 2.16508, -0.87319, 0.21189, -8.43496, -5.69632, -10.94665]"
44,sub10,mae,1,sub10-a__0033__brushteeth.npy,3,brushteeth,3,0.96278334,1,"[2.67932, 1.62136, 0.97485, 10.40768, -3.83352, 6.14676, 2.47149, -2.68416, -1.49344, -6.85209, -2.57253, -2.35283, -5.3459, 1.67751, 6.64314, 1.02875, 0.64084, -1.57674, -0.96321, -8.45044, -3.30355, -9.86821]"
44,sub10,mae,1,sub10-a__0034__brushteeth.npy,3,brushteeth,3,0.9608912,1,"[2.62593, 3.15807, 0.39826, 11.5908, -1.77404, 7.36048, 0.42267, -1.71527, -1.6855, -6.79942, -2.19099, -1.13155, -7.5546, 1.26244, 7.92491, -2.23029, 2.71983, -0.6992, 0.11366, -8.54256, -6.39986, -10.59844]"
44,sub10,mae,1,sub10-a__0036__highfive.npy,8,highfive,19,0.5406141,0,"[5.81514, 6.54405, 1.66787, -8.8386, -12.7964, -3.19885, -6.73559, -7.30637, 7.93012, -0.71581, 3.94946, -3.44025, 2.85888, -11.61943, 2.08966, -3.61355, -7.12317, 0.73774, 2.23488, 8.43319, 0.37614, -9.32042]"
44,sub10,mae,1,sub10-a__0037__highfive.npy,8,highfive,19,0.85570246,0,"[6.43429, 6.6929, 1.97064, -9.96576, -13.19663, -1.79495, -5.64703, -6.18584, 6.5929, -0.37252, 4.01402, -2.10258, 2.88293, -12.46714, 2.41513, -3.72864, -6.94804, 1.78161, 1.43696, 9.50468, 0.24169, -11.73925]"
44,sub10,mae,1,sub10-a__0038__highfive.npy,8,highfive,19,0.8447315,0,"[6.84169, 5.62259, 1.84791, -9.32222, -13.7247, -2.22956, -6.28359, -7.48758, 6.5981, -0.47192, 4.95941, -2.75947, 3.38325, -12.47488, 2.67113, -3.96248, -7.40585, 1.05903, 1.61369, 9.36737, 1.01038, -11.94059]"
44,sub10,mae,1,sub10-a__0039__highfive.npy,8,highfive,19,0.86219835,0,"[6.65723, 6.46321, 1.96827, -10.07886, -13.76935, -1.66472, -5.4574, -5.86651, 6.27519, -0.39298, 3.96581, -1.37638, 3.36644, -12.75084, 2.95009, -4.17312, -6.67725, 1.6695, 1.23513, 9.4689, 0.18847, -12.03413]"
44,sub10,mae,1,sub10-a__0040__highfive.npy,8,highfive,19,0.7790113,0,"[6.41097, 6.69029, 2.10775, -8.97773, -13.62867, -2.38974, -6.73467, -7.21293, 7.30286, -0.85359, 4.64674, -2.86567, 3.41321, -12.7675, 2.61793, -4.26348, -6.99597, 0.5402, 1.53165, 9.28677, 0.05231, -11.28388]"
44,sub10,mae,1,sub10-a__0041__highfive.npy,8,highfive,19,0.6869435,0,"[6.7431, 6.4685, 1.98394, -8.65974, -13.88829, -2.15368, -6.93761, -7.71408, 7.42258, -0.84898, 4.706, -3.0249, 3.50517, -12.75114, 3.18846, -4.84342, -6.85386, -0.06048, 1.76157, 8.90246, -0.28689, -11.21326]"
44,sub10,mae,1,sub10-a__0042__wave.npy,21,wave,21,0.9065725,1,"[1.25372, 5.2266, 0.49517, -0.76211, -6.94064, -9.52848, -6.6211, -3.19142, 10.51466, -2.43697, -0.29896, -7.43551, -0.79932, -0.18976, -1.54325, -1.85564, -6.14361, -1.58053, 6.63204, -1.57338, -0.83086, 12.81271]"
44,sub10,mae,1,sub10-a__0043__wave.npy,21,wave,21,0.6691827,1,"[1.49845, 5.08545, 1.20274, -0.82432, -7.26537, -10.03386, -7.02706, -4.8291, 11.20946, -2.4729, 0.10399, -7.84688, -0.92405, -0.74335, -1.17476, -1.53706, -6.67262, -1.58894, 5.98349, -0.98641, -0.44476, 11.92165]"
44,sub10,mae,1,sub10-a__0044__wave.npy,21,wave,21,0.95994973,1,"[0.50946, 4.20121, 1.41631, 0.19609, -6.48891, -11.0052, -6.7715, -5.48659, 11.02584, -2.47722, -0.05629, -7.76667, -0.56871, 0.1143, -1.40943, -1.0865, -6.18075, -1.89154, 6.22433, -2.09544, -0.35559, 14.21202]"
44,sub10,mae,1,sub10-a__0045__wave.npy,21,wave,21,0.83466214,1,"[1.74457, 5.13369, 0.8501, 1.55047, -6.94699, -8.29013, -6.76004, -2.10154, 9.65435, -3.69402, -0.04919, -7.0823, -1.75702, 0.44773, -1.338, -3.12519, -6.20639, -1.58403, 7.29616, -2.08357, -1.32247, 11.37462]"
44,sub10,mae,1,sub10-a__0046__wave.npy,21,wave,21,0.9556814,1,"[1.37072, 4.24025, 1.36919, 3.33926, -5.84285, -8.55569, -7.13006, -2.09465, 9.60893, -3.52168, -0.39968, -7.41024, -2.39406, 1.38533, -1.09332, -2.15785, -5.83418, -2.20816, 5.37817, -2.80306, -1.06926, 12.70173]"
44,sub10,mae,1,sub10-a__0047__bow.npy,2,bow,2,0.99683267,1,"[3.39678, -0.00735, 12.88601, 5.13149, -10.4202, -4.63516, -2.22113, -9.68615, 4.89078, -6.37196, 1.53478, 3.37803, -1.58003, -8.41965, 6.77874, -5.23272, -5.07284, 1.71645, -1.20077, 0.62338, -2.11594, -5.77073]"
44,sub10,mae,1,sub10-a__0048__bow.npy,2,bow,2,0.9984029,1,"[2.40234, -0.25325, 13.05001, 5.05455, -9.41098, -4.61571, -1.50483, -9.44401, 4.71462, -6.39906, 1.09359, 3.52384, -1.62508, -8.47769, 6.02672, -4.37018, -4.80906, 2.28372, -1.35565, 0.69558, -2.17495, -4.93964]"
44,sub10,mae,1,sub10-a__0049__bow.npy,2,bow,2,0.99806505,1,"[2.77804, -0.59458, 13.30848, 5.70636, -9.51093, -3.66491, -1.18209, -8.95623, 3.86038, -6.65124, 0.76824, 4.70193, -1.80432, -8.74936, 6.51631, -4.79983, -4.35278, 2.49986, -1.77365, 0.3413, -2.63845, -5.90062]"
44,sub10,mae,1,sub10-a__0050__bow.npy,2,bow,2,0.9979188,1,"[2.51115, -0.01295, 13.39088, 5.99813, -9.39091, -4.44424, -1.04357, -8.94224, 4.54717, -7.02522, 0.33798, 4.19026, -1.98493, -8.39374, 6.65189, -4.60411, -4.34013, 2.33704, -1.6563, -0.17196, -2.71704, -5.09957]"
44,sub10,mae,1,sub10-a__0051__bow.npy,2,bow,2,0.99784994,1,"[2.95121, -0.22485, 13.41777, 5.30251, -10.11136, -3.80452, -1.33012, -8.87252, 4.1288, -6.64566, 0.73933, 5.0859, -1.66344, -9.24804, 6.89209, -5.09033, -4.28053, 2.66722, -1.71422, 0.32268, -2.67359, -6.0593]"
44,sub10,mae,1,sub10-a__0052__crossarms.npy,5,crossarms,5,0.9999994,1,"[4.00844, 0.42581, -2.11863, 3.92682, -3.68339, 21.59084, 0.83859, 5.59525, -6.6919, -3.80381, -1.58451, 6.76182, -2.78383, -6.96882, 1.36404, -2.91938, 4.52626, 3.2176, 1.13885, -3.24278, -5.6087, -16.38703]"
44,sub10,mae,1,sub10-a__0053__crossarms.npy,5,crossarms,5,0.99999833,1,"[3.93956, -0.36501, -1.97542, 4.81889, -3.86934, 20.52839, 0.19437, 5.16926, -6.52265, -3.95138, -0.76779, 6.79847, -2.75602, -6.4508, 1.78083, -3.93289, 4.4504, 2.7134, 1.37715, -3.12308, -5.48198, -15.91373]"
44,sub10,mae,1,sub10-a__0054__crossarms.npy,5,crossarms,5,0.99999845,1,"[3.54535, -0.89724, -1.86487, 6.3671, -2.89326, 20.83828, -0.00073, 5.52101, -6.79839, -4.18473, -1.07091, 6.55207, -3.1551, -5.68011, 1.73103, -3.70557, 5.07556, 2.49037, 0.86795, -4.06133, -5.60215, -15.13201]"
44,sub10,mae,1,sub10-a__0055__crossarms.npy,5,crossarms,5,0.99999845,1,"[3.54365, -0.16218, -1.99239, 5.19595, -3.25366, 20.29668, 0.1617, 5.57115, -6.31371, -4.14769, -1.0514, 6.0772, -2.91995, -5.67133, 1.28172, -3.37685, 4.5664, 2.55382, 1.19889, -3.68605, -5.36452, -14.76147]"
44,sub10,mae,1,sub10-a__0056__crossarms.npy,5,crossarms,5,0.9999758,1,"[3.61746, 0.78266, -1.60907, 7.81402, -3.1035, 18.57856, -0.46232, 4.99975, -4.87491, -5.40124, -1.52531, 4.50424, -4.06223, -4.33842, 1.98026, -3.98112, 4.37101, 1.40107, 1.71694, -5.11343, -6.17634, -13.14763]"
44,sub10,mae,1,sub10-a__0057__airpunch.npy,1,airpunch,1,0.7142844,1,"[1.85186, 10.34918, -0.69643, -6.58334, -8.6372, -5.52922, -4.02656, -0.67974, 9.40066, -3.23553, -0.47226, -5.39601, -0.45733, -5.59014, -0.83509, -1.61403, -6.54427, -0.0153, 5.58738, 4.77289, -1.13338, -1.09618]"
44,sub10,mae,1,sub10-a__0058__airpunch.npy,1,airpunch,8,0.6814592,0,"[1.54171, 8.336, -1.33755, -6.19215, -9.30208, -7.61657, -4.55612, -4.01695, 9.85413, -2.90141, 0.25116, -5.21752, 1.223, -5.15036, -0.32315, -2.69677, -6.25271, -0.40874, 8.45145, 3.32834, -1.11266, 1.78126]"
44,sub10,mae,1,sub10-a__0059__airpunch.npy,1,airpunch,1,0.8017845,1,"[3.5352, 8.67672, -0.68338, -10.04552, -10.17701, -3.83487, -2.25101, -0.82208, 6.60574, -1.22416, 0.12844, -2.75616, 1.23395, -7.30856, 1.39708, -2.23478, -5.84591, 1.13254, 3.93776, 6.41525, -0.52153, -5.4396]"
44,sub10,mae,1,sub10-a__0060__airpunch.npy,1,airpunch,1,0.7541385,1,"[3.22756, 8.70558, -2.37877, -7.11811, -9.34879, -4.64477, -1.56364, 0.92212, 4.90802, -2.66593, -1.17363, -1.88796, 0.41395, -3.77892, 2.08685, -3.64918, -5.23768, -0.00692, 7.47589, 3.33996, -1.50826, -3.85711]"
44,sub10,mae,1,sub10-a__0061__airpunch.npy,1,airpunch,1,0.52816975,1,"[3.65117, 8.14019, -2.17326, -6.19902, -9.98112, -4.31466, -2.42473, 0.69798, 5.0776, -2.80102, -0.81871, -1.62939, -0.00825, -4.08216, 3.56182, -5.22059, -4.67112, -0.24582, 7.93905, 2.9958, -1.93291, -3.95118]"
44,sub10,mae,1,sub10-a__0062__airpunch.npy,1,airpunch,1,0.9647571,1,"[2.80147, 9.6278, -1.3966, -6.4788, -8.54869, -3.12111, -2.51049, 3.15744, 5.19738, -2.86543, -1.77552, -1.20928, -0.41599, -5.00175, 0.95682, -3.33337, -4.72139, 1.21994, 5.59952, 4.02027, -1.81193, -4.2678]"
44,sub10,mae,1,sub10-a__0064__drink.npy,7,drink,7,0.9993999,1,"[0.88677, 5.07156, -0.15404, 6.66505, 0.15293, 7.80333, -1.55114, 15.55534, -5.39802, -3.75795, -3.61369, 2.29247, -4.04193, 0.50513, -0.42911, -2.45969, 0.94956, 2.00249, -0.75741, -2.112, -1.56377, -6.20751]"
44,sub10,mae,1,sub10-a__0065__drink.npy,7,drink,7,0.9988439,1,"[1.01352, 4.50483, -1.2127, 0.31564, -0.50953, 8.6345, 0.44113, 15.42744, -6.5862, -1.22592, -3.87217, 3.53255, -2.44826, -0.68663, -1.51282, -0.10118, 0.49969, 3.73047, -1.63577, -0.22029, 0.20776, -7.97196]"
44,sub10,mae,1,sub10-a__0066__drink.npy,7,drink,7,0.999508,1,"[0.95187, 4.92582, -0.77675, 2.81709, -0.09289, 8.68171, -0.17275, 16.34095, -6.68253, -2.29592, -3.93077, 3.76899, -3.41121, -0.47312, -1.16559, -1.13973, 0.75911, 3.89244, -1.12709, -0.58951, -0.66878, -8.17028]"
44,sub10,mae,1,sub10-a__0067__drink.npy,7,drink,7,0.9998136,1,"[0.82368, 6.02604, -0.5373, 3.52948, -0.30305, 6.92281, -0.79506, 15.90746, -5.36441, -2.81327, -3.84734, 2.80321, -3.64556, -0.23885, -1.11095, -1.5863, 0.26609, 3.11459, -0.52366, -0.79492, -0.98365, -6.53344]"
44,sub10,mae,1,sub10-a__0068__drink.npy,7,drink,7,0.9992619,1,"[0.85397, 4.62411, -0.81831, 3.62202, 0.15999, 9.17263, -0.45311, 16.40422, -6.68602, -2.51693, -3.98759, 3.43524, -3.31399, -0.21936, -1.21347, -1.09912, 1.11748, 3.16624, -1.45781, -1.15568, -0.75636, -7.8009]"
44,sub10,mae,1,sub10-a__0069__brushteeth.npy,3,brushteeth,3,0.9996113,1,"[0.92884, 4.13194, 0.63234, 15.96656, -0.58028, 0.83999, 0.53707, 1.23929, 1.19446, -9.5074, -5.61548, -4.55016, -8.25605, 7.97335, 5.86686, 0.40065, 1.38795, -2.72514, 0.76901, -12.74152, -4.96703, -0.94969]"
44,sub10,mae,1,sub10-a__0070__brushteeth.npy,3,brushteeth,3,0.963255,1,"[2.48462, 3.61323, 0.21854, 11.32154, -2.41749, 6.90446, 0.26583, -1.81501, -0.90799, -7.12547, -2.45148, -0.92496, -7.1986, 0.79254, 7.63973, -2.43056, 2.81474, -0.78319, 0.7458, -8.47805, -6.57899, -9.9288]"
44,sub10,mae,1,sub10-a__0071__brushteeth.npy,3,brushteeth,3,0.9452376,1,"[2.72332, 3.74051, 0.37729, 11.27369, -2.64421, 7.32879, 0.16163, -1.71564, -1.04725, -7.11778, -2.33432, -0.20908, -7.38076, 0.10948, 7.98984, -3.19274, 3.01102, -0.35403, 1.04237, -8.27901, -6.98499, -10.50676]"
44,sub10,mae,1,sub10-a__0072__brushteeth.npy,3,brushteeth,3,0.9476284,1,"[2.40541, 3.42677, 0.49017, 10.94319, -2.97124, 6.02227, 0.13205, -2.52083, -0.61939, -7.01299, -1.81158, -0.64454, -6.70597, 0.20588, 7.8827, -3.31623, 2.50378, -0.98744, 1.06064, -7.80096, -6.39953, -10.06807]"
44,sub10,mae,1,sub10-a__0073__brushteeth.npy,3,brushteeth,3,0.9695616,1,"[2.3755, 3.79988, 0.51566, 11.47068, -2.24301, 6.15981, -0.13479, -1.96803, -0.59959, -7.12245, -2.10842, -1.0054, -7.47336, 0.7734, 7.80669, -3.05234, 2.68092, -0.72708, 0.96263, -8.14521, -6.72305, -9.65741]"
44,sub10,mae,1,sub10-a__0074__brushteeth.npy,3,brushteeth,3,0.9469884,1,"[2.64852, 3.57676, 0.38011, 11.36992, -2.36345, 7.35837, 0.1059, -1.67432, -1.27485, -6.997, -2.22488, -0.38655, -7.34013, 0.35899, 8.07216, -3.19009, 3.03975, -0.62149, 0.69286, -8.20928, -6.8492, -10.64488]"
44,sub10,mae,1,sub10-a__0075__brushteeth.npy,3,brushteeth,3,0.9337079,1,"[2.76769, 3.76307, 0.70206, 10.83995, -3.39679, 6.45395, -0.21496, -2.4525, -0.5263, -7.16126, -1.62287, 0.03206, -6.95844, -0.6065, 7.97392, -4.04046, 2.56224, -0.38766, 1.5885, -7.4966, -7.00097, -10.48762]"
44,sub10,mae,1,sub10-a__0076__highfive.npy,8,highfive,8,0.8850914,1,"[5.11228, 5.94271, 1.00832, -8.87894, -12.91736, -5.5567, -6.69455, -8.68907, 9.49833, -0.80423, 3.37262, -4.90872, 3.65674, -10.88707, 1.43253, -2.35461, -7.61163, 0.01913, 3.30258, 6.98197, 1.36543, -5.45922]"
44,sub10,mae,1,sub10-a__0077__highfive.npy,8,highfive,8,0.5038205,1,"[5.63511, 7.36463, 1.60498, -9.29447, -12.79564, -3.59317, -6.25002, -7.41971, 8.79403, -0.9714, 3.48882, -3.89728, 2.66878, -11.62522, 1.65815, -3.06904, -7.28034, 0.60447, 2.60441, 8.42538, -0.102, -8.35308]"
44,sub10,mae,1,sub10-a__0078__highfive.npy,8,highfive,19,0.72736305,0,"[6.09387, 6.848, 1.80656, -9.50146, -13.00196, -2.23476, -5.9566, -6.36424, 7.47603, -0.72622, 3.58672, -2.6492, 2.55787, -12.18085, 2.32535, -3.42915, -6.91191, 1.42188, 1.65109, 9.06056, 0.12063, -10.54712]"
44,sub10,mae,1,sub10-a__0079__highfive.npy,8,highfive,19,0.8236648,0,"[6.43474, 6.28233, 1.85375, -9.89723, -13.30103, -2.22432, -5.66958, -6.52943, 6.8346, -0.4332, 3.9038, -1.97179, 2.77924, -12.25941, 2.61297, -3.6688, -6.94698, 1.78922, 1.63484, 9.23157, 0.34617, -11.13024]"
44,sub10,mae,1,sub10-a__0080__highfive.npy,8,highfive,19,0.45683554,0,"[5.79948, 7.22984, 1.85792, -9.35867, -12.86153, -3.53079, -6.42384, -7.22598, 8.48192, -0.70107, 3.50096, -3.66802, 2.71758, -11.81453, 1.79626, -3.01689, -7.26819, 0.6614, 1.82014, 8.62289, 0.27525, -8.83056]"
44,sub10,mae,1,sub10-a__0081__highfive.npy,8,highfive,8,0.5972386,1,"[5.65489, 7.17148, 1.75225, -8.75698, -12.70058, -3.86477, -6.11591, -6.8723, 8.95177, -1.40298, 3.05114, -4.20633, 2.09042, -10.91012, 1.44689, -2.51568, -7.7406, 0.73417, 2.34257, 8.17923, 0.40788, -7.74184]"
44,sub10,mae,1,sub10-a__0082__wave.npy,21,wave,8,0.940711,0,"[1.97999, 5.62548, 0.06743, -5.06904, -8.29111, -7.84833, -6.56649, -4.69359, 10.61492, -1.30295, 0.66414, -7.77546, 0.94902, -3.61361, -2.43509, -0.34367, -7.30334, -1.0858, 5.28046, 1.54299, 0.98633, 7.63628]"
44,sub10,mae,1,sub10-a__0083__wave.npy,21,wave,8,0.96739835,0,"[2.64291, 5.82367, 1.53145, -2.11161, -8.56066, -8.60855, -7.59493, -5.71572, 11.61332, -2.51603, 0.54577, -7.63933, -0.55278, -3.24374, -1.03732, -1.63413, -7.20844, -1.50704, 5.15008, 0.93986, -0.35527, 8.06779]"
44,sub10,mae,1,sub10-a__0084__wave.npy,21,wave,8,0.59664655,0,"[1.43973, 4.66489, 1.19124, -2.10703, -8.28429, -10.87844, -7.38948, -7.07376, 11.62132, -2.24822, 0.81082, -7.65966, 0.48579, -2.05369, -1.47331, -1.40562, -7.04434, -1.71621, 6.58918, -0.04812, 0.24166, 11.21849]"
44,sub10,mae,1,sub10-a__0085__wave.npy,21,wave,21,0.8325556,1,"[0.90652, 4.55256, 0.66665, 0.15179, -6.22269, -8.3322, -7.27084, -3.27816, 10.16188, -2.64449, 0.07944, -8.15258, -1.20687, -0.05787, -1.97344, -1.13986, -6.24746, -2.08827, 5.37096, -1.45451, -0.19809, 11.778]"
44,sub10,mae,1,sub10-a__0086__wave.npy,21,wave,21,0.8516253,1,"[0.79948, 4.62456, 1.02016, -0.29355, -6.90485, -9.39838, -7.32239, -3.83752, 10.76768, -2.62282, -0.00491, -7.83519, -0.39818, -0.7035, -1.73021, -1.40766, -6.27122, -2.20077, 5.31246, -1.27773, 0.01022, 12.5217]"
44,sub10,mae,1,sub10-a__0087__bow.npy,2,bow,2,0.9974477,1,"[2.92665, -0.21227, 13.23423, 6.12299, -9.83282, -4.07456, -1.65199, -8.87162, 4.36687, -6.83759, 0.22998, 4.75019, -1.67079, -8.50257, 6.62166, -5.0797, -4.33822, 1.85194, -1.45767, 0.2037, -2.52593, -5.4532]"
44,sub10,mae,1,sub10-a__0088__bow.npy,2,bow,2,0.9977209,1,"[2.87098, 0.05276, 13.4564, 5.78076, -10.24459, -4.20606, -1.40464, -8.71639, 4.45498, -6.99741, 0.29246, 5.2316, -1.49965, -8.97107, 6.87356, -5.38406, -4.21473, 2.27057, -1.46912, 0.04164, -2.77495, -5.49494]"
44,sub10,mae,1,sub10-a__0089__bow.npy,2,bow,2,0.99731964,1,"[2.66532, -0.58211, 13.261, 5.85054, -9.58995, -3.62492, -1.37012, -8.84688, 3.97459, -6.80972, 0.36995, 5.5926, -1.80799, -9.17749, 6.73851, -5.06356, -3.90909, 2.44843, -1.77666, 0.48632, -2.78715, -6.05604]"
44,sub10,mae,1,sub10-a__0090__bow.npy,2,bow,2,0.9979395,1,"[2.71955, -0.31487, 13.40321, 5.33192, -10.01203, -3.49765, -1.07313, -8.54496, 3.87015, -6.80543, 0.2677, 6.03811, -1.46092, -9.62771, 6.48846, -5.16886, -3.85169, 2.77608, -1.7645, 0.44452, -2.95428, -5.89279]"
44,sub10,mae,1,sub10-a__0091__bow.npy,2,bow,2,0.9987196,1,"[2.15921, -0.03361, 13.53227, 5.32464, -9.76157, -4.06865, -0.22123, -8.36974, 4.2015, -7.04395, -0.4077, 5.51279, -1.2049, -9.18509, 6.03861, -4.40036, -4.0698, 2.63104, -1.85041, 0.06594, -2.66002, -4.85467]"
44,sub10,mae,1,sub10-a__0092__crossarms.npy,5,crossarms,5,0.99999833,1,"[3.69609, -0.26989, -2.31756, 3.76361, -3.33202, 21.75232, 0.98422, 6.33002, -7.8445, -3.38472, -1.54125, 8.18957, -2.40455, -6.91198, 1.59652, -3.38641, 5.06351, 3.69908, 1.09256, -2.98636, -5.36297, -17.04133]"
44,sub10,mae,1,sub10-a__0093__crossarms.npy,5,crossarms,5,0.999992,1,"[3.78674, 0.07656, -1.87055, 7.23206, -3.29718, 19.36254, -0.66908, 4.96069, -5.80398, -4.92586, -0.87793, 5.90786, -3.52808, -5.1713, 2.10204, -4.76235, 4.61806, 2.09045, 2.21273, -4.401, -6.17108, -14.52417]"
44,sub10,mae,1,sub10-a__0094__crossarms.npy,5,crossarms,5,0.9999987,1,"[3.78242, -1.43793, -2.07916, 4.43069, -3.75992, 21.68134, 0.38181, 5.47986, -7.36036, -3.57503, -0.83638, 7.89622, -1.92753, -6.78941, 1.46627, -3.60466, 5.0849, 3.13938, 0.95369, -3.13134, -5.18629, -16.28677]"
44,sub10,mae,1,sub10-a__0095__crossarms.npy,5,crossarms,5,0.9999987,1,"[3.8344, -0.97305, -1.87897, 5.86002, -3.48985, 21.44012, -0.09747, 5.3422, -6.9756, -4.00649, -1.0746, 7.50862, -2.63048, -6.66786, 1.78403, -4.07808, 5.21376, 2.84959, 1.22143, -3.6208, -5.78352, -15.90456]"
44,sub10,mae,1,sub10-a__0096__crossarms.npy,5,crossarms,5,0.99999845,1,"[3.754, -1.18264, -1.86056, 6.68482, -3.49619, 20.90334, -0.45865, 5.15876, -6.23682, -4.56563, -0.99411, 6.47402, -2.70007, -5.79517, 1.5349, -3.77726, 5.1648, 2.06798, 1.1177, -4.20752, -5.73362, -14.66185]"
44,sub10,mae,1,sub10-a__0097__crossarms.npy,5,crossarms,5,0.99999785,1,"[3.64545, -1.45659, -1.63376, 6.86093, -3.42425, 20.82536, -0.33473, 5.15314, -6.52686, -4.49195, -1.06123, 6.84281, -2.70815, -5.78909, 1.91781, -3.90415, 5.36516, 2.10739, 0.73746, -4.23938, -5.63939, -14.88585]"
44,sub10,mae,1,sub10-a__0098__crossarms.npy,5,crossarms,5,0.9999988,1,"[3.77864, -1.24039, -1.82825, 6.21863, -3.53862, 21.20221, -0.27688, 4.96306, -6.57003, -4.24972, -0.97247, 7.01526, -2.57693, -6.34207, 1.76653, -3.90398, 5.24967, 2.37995, 1.03119, -3.91919, -5.79664, -15.34054]"
44,sub10,mae,1,sub10-a__0099__airpunch.npy,1,airpunch,1,0.98309314,1,"[2.8014, 9.80661, -0.49453, -2.81851, -7.04874, -0.5336, -2.97323, 3.67778, 4.62646, -4.36846, -1.52165, -1.83867, -2.43388, -5.18227, 0.3216, -2.78828, -4.72876, 1.26244, 4.40608, 4.17659, -1.92074, -7.01383]"
44,sub10,mae,1,sub10-a__0100__airpunch.npy,1,airpunch,1,0.655079,1,"[2.31736, 9.25105, -0.97745, -5.86047, -8.34784, -4.41586, -4.22693, -1.11375, 8.48826, -3.21577, -0.24495, -4.63639, -1.01563, -5.62584, -0.27329, -2.27926, -6.18149, 0.44335, 6.18038, 4.85686, -1.08911, -2.52253]"
44,sub10,mae,1,sub10-a__0101__airpunch.npy,1,airpunch,1,0.9068766,1,"[3.51163, 8.77206, -0.90469, -3.1225, -7.79994, -1.33413, -3.17865, 1.61648, 5.338, -4.02472, -0.83822, -2.76646, -2.56747, -4.70851, 0.57929, -2.91837, -5.62119, 1.45276, 5.86598, 4.01293, -1.45783, -6.225]"
44,sub10,mae,1,sub10-a__0102__airpunch.npy,1,airpunch,1,0.5060871,1,"[3.09437, 7.77031, -0.03513, -6.49871, -9.7457, -4.9924, -3.72372, -0.74113, 7.50087, -2.38883, -0.00176, -3.37078, -0.26811, -6.00285, 0.06511, -2.2887, -6.29421, 2.73547, 5.96887, 4.2256, -0.09487, -1.72681]"
44,sub10,mae,1,sub10-a__0103__airpunch.npy,1,airpunch,1,0.49125686,1,"[3.11744, 8.14842, -0.44411, -3.9211, -9.401, -5.48592, -3.80775, -1.15778, 7.29215, -3.89071, -0.53664, -3.10968, -1.18766, -4.21017, 1.29125, -3.80548, -6.18997, 0.7788, 7.62924, 3.17432, -1.07124, -1.9978]"
44,sub10,mae,1,sub10-a__0104__drink.npy,7,drink,7,0.9993198,1,"[0.67946, 4.90323, -1.30199, 0.14772, -1.06565, 7.50563, 0.80895, 14.88339, -5.18626, -1.30349, -4.62876, 1.41206, -1.35272, -0.1509, -1.90335, 1.41198, -0.05258, 1.71843, -2.47292, -1.39015, 1.46016, -5.79945]"
44,sub10,mae,1,sub10-a__0105__drink.npy,7,drink,7,0.99948895,1,"[0.83525, 4.56483, -0.87544, 3.6574, 0.0193, 9.11062, -0.42761, 16.70878, -6.48567, -2.46593, -4.19387, 3.10223, -2.94854, 0.01083, -1.13294, -0.96754, 1.2891, 2.48837, -1.95875, -1.5091, -0.5423, -7.21199]"
44,sub10,mae,1,sub10-a__0106__drink.npy,7,drink,7,0.9995685,1,"[0.77459, 4.9713, -0.82441, 3.76775, 0.06956, 8.60028, -0.87761, 16.38951, -6.02071, -2.5796, -3.91003, 2.93159, -3.27887, -0.21066, -1.19937, -1.36323, 1.12864, 2.6564, -1.34028, -1.22966, -0.9748, -6.75186]"
44,sub10,mae,1,sub10-a__0107__drink.npy,7,drink,7,0.9995541,1,"[0.74762, 4.62002, -1.02058, 3.03829, 0.19924, 8.73768, -0.33369, 16.48364, -6.70509, -2.20115, -3.99525, 3.58177, -3.26041, -0.14793, -1.17797, -1.02061, 1.1417, 3.36782, -1.43695, -0.89159, -0.63723, -7.60231]"
44,sub10,mae,1,sub10-a__0108__drink.npy,7,drink,3,0.9444362,0,"[0.32159, 2.93498, -1.06395, 10.95988, -2.18375, -2.39301, -1.45836, 6.53515, -0.04223, -6.38904, -2.65813, -4.69991, -3.16029, 7.6507, -0.67635, -1.23785, -3.71551, -1.98377, 5.86277, -7.66995, 0.7501, 5.37584]"
44,sub10,mae,1,sub10-a__0109__brushteeth.npy,3,brushteeth,3,0.99841297,1,"[0.22452, 3.84082, 1.00828, 14.79836, -0.20646, -1.48488, 0.09003, -0.41473, 1.98961, -8.79834, -5.02752, -5.52992, -7.90163, 8.24238, 5.94117, 1.15248, 0.64059, -3.01375, 0.38201, -11.87878, -4.18184, 0.18434]"
44,sub10,mae,1,sub10-a__0110__brushteeth.npy,3,brushteeth,3,0.97501737,1,"[2.07387, 3.64956, 0.7476, 11.87938, -1.87779, 6.41617, 0.46487, -1.67137, -0.78312, -7.36326, -2.8024, -0.95015, -7.73492, 0.99682, 8.00953, -2.20205, 2.93984, -0.40559, 0.37974, -8.72364, -6.5723, -9.63161]"
44,sub10,mae,1,sub10-a__0111__brushteeth.npy,3,brushteeth,3,0.9732737,1,"[2.11932, 3.41584, 0.80025, 11.65825, -1.92694, 6.47002, 0.177, -2.21617, -0.79885, -7.12379, -2.36194, -0.64327, -7.47411, 0.49514, 7.80949, -2.63797, 2.90554, -0.35093, 0.68133, -8.3334, -6.68111, -9.82336]"
44,sub10,mae,1,sub10-a__0112__brushteeth.npy,3,brushteeth,3,0.97233576,1,"[2.26047, 3.41983, 0.5896, 11.73884, -2.24709, 6.91925, 0.17137, -1.96653, -0.88454, -7.24651, -2.53867, -0.3726, -7.20274, 0.35265, 7.81672, -2.71528, 3.19863, -0.64134, 0.62863, -8.48956, -6.81798, -9.94658]"
44,sub10,mae,1,sub10-a__0113__brushteeth.npy,3,brushteeth,3,0.9827472,1,"[2.07971, 3.40054, 0.84502, 11.70362, -2.08946, 5.67114, 0.08677, -2.3254, -0.41746, -7.21037, -2.35686, -1.32087, -7.21318, 1.15437, 7.48093, -2.26113, 2.48345, -0.91916, 0.60308, -8.35875, -6.28333, -9.038]"
44,sub10,mae,1,sub10-a__0114__highfive.npy,8,highfive,8,0.622464,1,"[6.1172, 5.73532, 2.58282, -7.51621, -13.23371, -4.40865, -7.45301, -9.21123, 8.89932, -1.53548, 4.4493, -3.88765, 1.80761, -11.553, 2.54553, -3.8247, -7.7944, 0.85027, 2.7547, 8.17275, 0.54266, -8.57623]"
44,sub10,mae,1,sub10-a__0115__highfive.npy,8,highfive,8,0.6417045,1,"[5.58983, 6.73237, 1.69684, -8.46166, -12.78316, -3.89736, -6.15205, -6.89488, 8.9627, -1.58139, 3.13328, -3.56422, 1.61028, -11.05368, 1.88384, -3.25676, -7.44302, 1.53841, 3.08976, 8.06581, 0.22219, -7.69821]"
44,sub10,mae,1,sub10-a__0116__highfive.npy,8,highfive,8,0.70974416,1,"[5.35835, 6.97764, 1.85193, -8.81302, -12.42494, -4.31001, -6.61367, -7.79778, 9.34796, -1.13015, 3.30401, -4.59247, 2.20175, -10.93995, 1.18715, -2.39786, -7.72305, 0.57104, 2.51681, 8.11558, 0.41316, -7.02131]"
44,sub10,mae,1,sub10-a__0117__highfive.npy,8,highfive,8,0.98382866,1,"[4.34091, 6.24036, 1.70288, -6.19622, -11.48349, -7.21605, -7.5501, -9.66691, 11.03669, -1.99271, 3.25262, -6.51582, 1.40797, -8.22173, 0.60503, -2.29599, -8.1561, -0.78781, 4.59646, 5.67772, 0.45782, -1.89094]"
44,sub10,mae,1,sub10-a__0119__highfive.npy,8,highfive,8,0.9828873,1,"[4.33731, 5.90692, 1.80817, -6.8054, -11.44619, -7.47761, -7.39068, -10.29112, 10.88865, -1.56249, 3.33957, -6.41218, 1.75073, -8.25562, 0.19311, -1.96601, -8.33059, -0.52188, 4.87459, 5.7461, 0.79236, -1.62409]"
44,sub10,mae,1,sub10-a__0120__wave.npy,21,wave,8,0.97170246,0,"[3.16588, 6.95023, 1.35574, -2.29479, -8.49233, -5.96201, -7.20543, -2.36766, 10.69886, -2.67024, -0.09544, -6.74837, -1.39501, -4.0906, -0.84822, -2.17531, -6.69474, -0.95316, 3.88029, 1.95222, -0.73806, 5.08103]"
44,sub10,mae,1,sub10-a__0121__wave.npy,21,wave,8,0.9851579,0,"[2.79539, 5.25008, 1.58659, -2.90815, -8.67948, -8.60793, -7.41444, -6.75531, 11.29095, -2.17794, 1.16359, -7.79307, -0.61834, -3.22897, -0.83443, -1.38757, -7.67291, -0.72861, 5.37652, 1.49439, 0.27407, 6.64335]"
44,sub10,mae,1,sub10-a__0122__wave.npy,21,wave,8,0.99259007,0,"[2.68647, 5.63254, 1.80958, -2.45651, -8.73912, -8.41435, -7.63772, -6.73564, 11.66376, -2.45871, 1.12481, -7.97719, -0.78769, -3.83838, -0.5834, -1.47052, -7.61755, -1.05657, 4.78513, 1.88496, 0.15775, 6.07662]"
44,sub10,mae,1,sub10-a__0123__wave.npy,21,wave,8,0.98621714,0,"[2.69985, 4.82954, 1.9536, -3.11044, -8.72509, -9.42717, -7.52266, -8.13403, 11.41843, -1.90521, 1.58972, -7.66572, -0.43562, -3.43213, -0.58128, -1.38373, -7.70684, -0.61763, 5.49853, 1.61195, 0.45594, 6.76436]"
44,sub10,mae,1,sub10-a__0124__wave.npy,21,wave,8,0.9692935,0,"[1.7891, 4.5698, 1.70004, -2.02458, -7.92788, -9.13838, -7.38557, -7.09656, 11.39735, -2.45559, 1.20699, -8.52493, -0.6381, -2.57505, -1.40548, -0.53877, -7.88584, -1.11184, 5.08249, 1.08632, 1.10606, 7.84059]"
44,sub10,mae,1,sub10-a__0125__bow.npy,2,bow,2,0.9978611,1,"[2.49485, 0.09012, 13.44669, 6.25589, -9.70436, -4.23666, -1.14753, -8.37809, 4.28302, -7.10373, -0.01787, 4.8614, -1.63897, -8.47126, 6.59971, -5.22203, -4.17204, 2.16848, -1.56824, -0.09367, -2.68418, -5.17454]"
44,sub10,mae,1,sub10-a__0126__bow.npy,2,bow,2,0.9966646,1,"[2.06301, 0.44099, 13.16359, 6.77718, -8.82667, -4.50021, -1.5561, -8.34851, 4.94046, -7.17543, 0.08032, 3.11378, -2.22597, -7.73315, 6.52889, -4.58281, -4.22734, 2.00526, -1.66224, -0.46247, -2.67181, -4.43959]"
44,sub10,mae,1,sub10-a__0128__bow.npy,2,bow,2,0.9981882,1,"[2.36069, -0.10643, 13.32502, 6.00711, -9.41463, -3.72716, -0.72781, -8.20047, 4.07606, -7.11747, -0.42742, 5.4017, -1.80588, -9.04984, 5.97893, -4.38202, -4.03707, 2.7197, -1.69313, 0.09673, -2.91635, -5.02219]"
44,sub10,mae,1,sub10-a__0129__bow.npy,2,bow,2,0.99881136,1,"[2.24273, -0.1639, 13.47423, 5.65327, -9.47687, -3.89617, -0.45593, -8.34443, 4.20258, -7.09653, -0.44454, 5.14878, -1.51612, -8.95389, 5.67319, -4.00184, -4.31053, 2.86024, -1.71717, 0.11966, -2.63472, -4.73342]"
44,sub10,mae,1,sub10-a__0130__crossarms.npy,5,crossarms,5,0.9999944,1,"[3.53412, -0.80605, -1.79818, 6.37574, -3.79506, 19.64622, -0.35086, 4.8807, -6.17006, -4.53682, -0.7874, 6.8438, -2.75073, -5.86226, 2.4991, -4.65373, 5.16737, 1.97432, 1.36694, -3.79275, -5.70945, -15.15172]"
44,sub10,mae,1,sub10-a__0131__crossarms.npy,5,crossarms,5,0.99998224,1,"[3.32818, -1.07637, -1.50702, 8.23436, -3.24113, 19.42191, -0.64318, 5.19319, -6.01213, -5.15497, -1.01313, 6.40666, -3.29199, -4.998, 2.6819, -4.68939, 5.50873, 1.69001, 1.04394, -4.71333, -5.94789, -14.35608]"
44,sub10,mae,1,sub10-a__0132__crossarms.npy,5,crossarms,5,0.99996865,1,"[3.25645, -1.26613, -1.19452, 8.1775, -3.49566, 18.72629, -0.80782, 4.61653, -5.36549, -5.19599, -0.97378, 5.79466, -2.99158, -4.75129, 2.50781, -4.38799, 5.36696, 1.13067, 0.77144, -4.90948, -5.63694, -13.21496]"
44,sub10,mae,1,sub10-a__0133__crossarms.npy,5,crossarms,5,0.9999893,1,"[3.19294, -1.33989, -1.53878, 7.82069, -3.14757, 19.60725, -0.5801, 4.99342, -6.01311, -4.88527, -1.14903, 6.38548, -2.89741, -5.02736, 2.1749, -4.23777, 5.52604, 1.5792, 0.91119, -4.7329, -5.63765, -13.79251]"
44,sub10,mae,1,sub10-a__0134__crossarms.npy,5,crossarms,5,0.99990726,1,"[3.37424, -1.10541, -1.14538, 8.66521, -3.48639, 18.04379, -1.01362, 4.44916, -5.10002, -5.3389, -0.81931, 5.65834, -3.4392, -4.49112, 2.56294, -4.78194, 4.93479, 1.33216, 1.47419, -4.87345, -5.76062, -12.95114]"
44,sub10,mae,1,sub10-a__0135__crossarms.npy,5,crossarms,5,0.99999535,1,"[3.38711, -1.7267, -1.6822, 7.226, -3.37704, 20.0458, -0.5615, 4.63358, -6.11469, -4.56813, -0.87876, 6.44159, -2.60893, -5.45123, 2.06105, -4.07695, 5.37415, 1.62788, 0.84443, -4.40232, -5.50246, -14.24761]"
44,sub10,mae,1,sub10-a__0136__drink.npy,7,drink,7,0.99940133,1,"[0.60653, 4.81149, -0.77279, 4.96083, 0.53699, 8.23074, -1.08923, 15.72709, -5.93703, -2.95445, -3.90783, 2.50482, -3.58901, 0.5977, -0.3899, -1.81647, 1.43911, 2.038, -1.15139, -2.04126, -1.27102, -6.27541]"
44,sub10,mae,1,sub10-a__0137__drink.npy,7,drink,7,0.9989096,1,"[0.38312, 4.59414, -0.23793, 7.56505, 0.8267, 8.04164, -1.48458, 15.37052, -5.77091, -3.91129, -3.72333, 2.47342, -4.10858, 0.85344, -0.10719, -2.58535, 1.58037, 2.03893, -0.67425, -2.75677, -1.67541, -6.14609]"
44,sub10,mae,1,sub10-a__0138__drink.npy,7,drink,7,0.99908483,1,"[0.67349, 5.19943, -0.15116, 5.41437, 0.10239, 7.5663, -1.60397, 14.76346, -4.96389, -3.24235, -3.5328, 2.09603, -3.82873, -0.07517, -0.41991, -2.2284, 0.8965, 2.15758, -0.89929, -1.68782, -1.29044, -6.02572]"
44,sub10,mae,1,sub10-a__0139__drink.npy,7,drink,7,0.9947496,1,"[0.73689, 4.75032, 0.02299, 9.06344, 0.48092, 7.29951, -2.03423, 14.47976, -5.11871, -4.59445, -3.35136, 1.9714, -4.55354, 1.2241, 0.31062, -3.35314, 1.18854, 1.62275, 0.01466, -3.17488, -2.05955, -5.84247]"
44,sub10,mae,1,sub10-a__0140__drink.npy,7,drink,3,0.8613819,0,"[0.42877, 4.74763, -0.11798, 13.09731, 0.68136, 4.2641, -3.37209, 11.26735, -2.94227, -6.30827, -2.53758, -0.21847, -5.39781, 3.45102, 0.9865, -4.94575, 0.86625, -0.09409, 2.83271, -5.74805, -3.40079, -1.92342]"
44,sub10,mae,1,sub10-a__0141__airpunch.npy,1,airpunch,18,0.86956847,0,"[0.69795, 4.90549, -0.59912, 5.83562, -5.01963, -5.35801, -5.16652, 1.05298, 5.06758, -5.70299, -0.7295, -3.52672, -2.54237, 1.9099, 1.45967, -5.49163, -3.2273, -1.53297, 8.49697, -2.92019, -2.30977, 4.39891]"
44,sub10,mae,1,sub10-a__0142__airpunch.npy,1,airpunch,8,0.7907839,0,"[2.39861, 5.16774, 0.5443, 0.27684, -8.32739, -7.26076, -6.56407, -4.59674, 9.00092, -4.19039, 0.86065, -5.67702, -1.52636, -1.85137, 1.04988, -3.95873, -6.09105, -1.1537, 7.55539, 0.307, -0.9228, 3.62348]"
44,sub10,mae,1,sub10-a__0143__airpunch.npy,1,airpunch,18,0.8348876,0,"[2.48084, 5.89512, -0.2625, 2.44107, -7.09133, -4.53815, -4.87899, 0.04152, 5.74053, -5.16313, -0.26997, -3.61741, -2.81228, -0.41473, 1.84499, -5.38804, -4.8806, -0.53608, 8.18683, -0.23041, -1.63178, 0.37094]"
44,sub10,mae,1,sub10-a__0144__airpunch.npy,1,airpunch,18,0.45667908,0,"[2.26687, 6.48327, -0.1572, 0.33539, -7.93388, -6.43267, -5.01137, -2.11323, 7.80347, -4.91529, 0.03394, -4.97183, -2.33397, -1.29479, 1.34067, -4.06456, -5.9768, -0.77862, 7.87434, 0.92421, -1.06401, 1.36273]"
44,sub10,mae,1,sub10-a__0145__airpunch.npy,1,airpunch,1,0.9344522,1,"[4.1526, 8.51877, -0.035, -3.82271, -8.26937, 0.8639, -2.80623, 4.25776, 2.91132, -3.30065, -0.88864, -0.88968, -2.55594, -5.69175, 1.59684, -3.64184, -4.92038, 2.08967, 3.70808, 4.94219, -0.95283, -9.40585]"
44,sub10,mae,1,sub10-a__0146__brushteeth.npy,3,brushteeth,3,0.9448224,1,"[2.26443, 3.52552, 0.43045, 11.39688, -2.29623, 7.45372, 0.46345, -1.49657, -1.0494, -7.22754, -2.7953, 0.01603, -7.46707, 0.08453, 8.12755, -2.55213, 3.55463, -0.01501, 0.57876, -8.60313, -6.97911, -10.35588]"
44,sub10,mae,1,sub10-a__0147__brushteeth.npy,3,brushteeth,3,0.9332174,1,"[2.29453, 3.21898, 0.71524, 11.03237, -2.919, 7.43646, 0.32484, -2.02093, -0.88299, -7.13109, -2.31164, 0.15976, -6.84976, -0.69388, 7.88622, -2.81597, 3.21648, -0.12627, 0.66535, -7.87418, -6.69385, -10.6269]"
44,sub10,mae,1,sub10-a__0148__brushteeth.npy,3,brushteeth,3,0.9803146,1,"[1.99863, 3.34685, 1.45378, 11.35171, -2.89255, 4.90241, -0.20973, -2.82242, 0.44445, -7.37345, -1.99758, -1.19938, -6.96677, 0.32108, 7.32591, -2.55142, 2.0758, -0.7196, 0.87068, -7.65354, -6.08415, -8.51239]"
44,sub10,mae,1,sub10-a__0149__brushteeth.npy,3,brushteeth,3,0.9803373,1,"[2.23739, 3.76098, 0.99113, 11.94751, -2.40597, 6.23338, 0.00967, -1.87387, -0.30696, -7.54103, -2.78902, -0.47722, -7.56141, 0.3985, 7.82636, -2.71605, 2.98975, -0.31933, 0.82961, -8.54232, -6.85628, -9.3353]"
44,sub10,mae,1,sub10-a__0150__brushteeth.npy,3,brushteeth,3,0.9332337,1,"[2.54145, 2.94613, 0.74284, 10.977, -3.13319, 7.63306, -0.12098, -2.52419, -0.79763, -7.02387, -1.87884, 0.41994, -6.65548, -1.16646, 7.62896, -3.26855, 3.1392, -0.34565, 1.03496, -7.42184, -6.89279, -10.68742]"
44,sub10,mae,1,sub10-a__0151__brushteeth.npy,3,brushteeth,3,0.97176975,1,"[2.19887, 3.38737, 0.87737, 11.48594, -2.65767, 6.46119, 0.08017, -2.40517, -0.33073, -7.27454, -2.43699, -0.3506, -6.96923, -0.11931, 7.65991, -2.81193, 2.92487, -0.58692, 0.87578, -8.06748, -6.65932, -9.60228]"
44,sub10,mae,1,sub10-a__0152__highfive.npy,8,highfive,8,0.9575374,1,"[4.96983, 5.98897, 2.22991, -6.17075, -11.93966, -6.52627, -8.09656, -10.02991, 10.45644, -1.80155, 3.79796, -5.70727, 1.37855, -9.55754, 1.65902, -3.00614, -7.8418, -0.85875, 3.39045, 6.80662, 0.41167, -4.40469]"
44,sub10,mae,1,sub10-a__0153__highfive.npy,8,highfive,8,0.92381644,1,"[4.62543, 5.98983, 1.53552, -7.69688, -11.82735, -6.15026, -6.98925, -9.77304, 10.2059, -1.50358, 3.66734, -5.61081, 1.55055, -9.65492, 0.77503, -2.0019, -8.19667, 0.08383, 4.21853, 7.38251, 0.97538, -5.16602]"
44,sub10,mae,1,sub10-a__0154__highfive.npy,8,highfive,8,0.8987026,1,"[5.17705, 6.38431, 1.88527, -7.19549, -11.89897, -5.77334, -7.09246, -9.50965, 10.06455, -1.81036, 3.68784, -5.86497, 0.88904, -9.38964, 1.22957, -2.41866, -8.43131, -0.06937, 3.84623, 7.48214, 0.78601, -6.02952]"
44,sub10,mae,1,sub10-a__0155__highfive.npy,8,highfive,8,0.8648342,1,"[4.99609, 6.54243, 1.25045, -8.57671, -12.16565, -5.5694, -6.5261, -8.8625, 9.69489, -1.16166, 2.9874, -4.62388, 1.96975, -9.9757, 0.9984, -2.36879, -7.80708, 0.38451, 4.22771, 7.37145, 0.64186, -5.75199]"
44,sub10,mae,1,sub10-a__0156__highfive.npy,8,highfive,8,0.94596183,1,"[4.14501, 7.20479, 0.90253, -7.64222, -11.0942, -6.092, -6.43426, -7.33287, 10.54204, -1.79665, 2.00262, -5.2811, 0.69703, -8.65826, 0.88243, -2.16613, -7.45812, 0.39429, 4.31421, 6.49607, 0.19196, -3.29131]"
44,sub10,mae,1,sub10-b1__0001__walk.npy,20,walk,20,0.9217076,1,"[-0.78269, -5.18365, -0.73057, -5.69898, -4.34222, -6.88703, -1.345, -12.41439, 0.49397, 2.99163, 6.86683, -9.8299, 6.23181, -0.37459, -0.1914, 5.24404, -8.1941, -6.00715, -0.28592, 4.20268, 9.93311, -4.81316]"
44,sub10,mae,1,sub10-b1__0002__turnaround.npy,19,turnaround,19,0.9974999,1,"[-0.6485, 1.34998, -4.76861, -6.88607, -0.06451, -2.52821, 2.97458, -10.23352, 0.00971, 1.36233, 2.38649, -8.55441, -0.7103, -3.79416, 0.3018, 6.9862, -6.15703, -4.1688, 3.71048, 13.31553, 5.87239, -12.42996]"
44,sub10,mae,1,sub10-b1__0003__walk.npy,20,walk,20,0.99819213,1,"[-2.12288, -5.69178, -7.17123, -5.14183, 1.00374, -5.88042, 7.61115, -5.09464, -4.99004, 4.42507, -2.78689, -7.74198, 3.14605, 8.08672, 0.89145, 9.66549, -6.90179, 0.79594, 2.04895, 0.38283, 16.27362, -5.67998]"
44,sub10,mae,1,sub10-b1__0004__turnaround.npy,19,turnaround,19,0.9999584,1,"[-1.82122, 3.0997, -3.17811, -6.39313, 1.72849, -0.18789, -0.75499, -6.73992, -1.9076, 2.28811, 3.81202, -2.93241, -1.09689, -7.62384, 1.53248, 0.50379, -1.14269, -4.05776, 2.39354, 14.73433, 0.48044, -12.87312]"
44,sub10,mae,1,sub10-b1__0005__walk.npy,20,walk,20,0.74166155,1,"[-1.59979, -6.60109, -3.45161, -5.5317, -2.79993, -6.79996, -0.29784, -11.68443, -1.77953, 4.11195, 6.30494, -9.40337, 7.99016, 1.70059, 0.16327, 5.66364, -6.41168, -8.18446, 0.30802, 2.12386, 9.31458, -3.3216]"
44,sub10,mae,1,sub10-b1__0006__turnaround.npy,19,turnaround,19,0.9999051,1,"[-0.34074, 4.17991, -1.71454, -4.20652, -1.20682, -0.50591, -0.85832, -6.5474, 0.14951, -0.08924, 3.4095, -4.29359, -1.18508, -7.4363, 1.08149, 0.33562, -3.42351, -4.75298, 1.78803, 13.98591, 0.68173, -13.0202]"
44,sub10,mae,1,sub10-b1__0007__walk.npy,20,walk,20,0.9964078,1,"[-0.89955, -5.14387, -6.47329, -4.47997, 0.03909, -5.08244, 7.66246, -4.91776, -5.10203, 3.35235, -2.69853, -7.41905, 2.59506, 8.2708, -0.42437, 9.88569, -8.11913, 1.61802, 2.53705, 0.2498, 15.78139, -6.75394]"
44,sub10,mae,1,sub10-b1__0008__turnaround.npy,19,turnaround,19,0.99989223,1,"[-0.43818, 3.22642, -3.19603, -5.53134, 2.06303, -0.6715, -0.66632, -8.00932, -1.75515, 1.7779, 4.46175, -4.71842, -2.30509, -6.19635, 0.74025, 1.27056, -3.16421, -4.07459, 3.26248, 14.22007, 0.72189, -13.31102]"
44,sub10,mae,1,sub10-b1__0009__walk.npy,20,walk,20,0.92543423,1,"[1.0565, -4.28731, -1.16483, -5.80777, -5.70432, -6.59921, -2.55245, -11.79047, 1.23638, 2.40439, 5.73873, -9.63012, 6.4545, -0.78378, -1.67848, 6.09826, -9.06339, -5.97015, 0.09025, 3.87228, 9.80404, -3.89503]"
44,sub10,mae,1,sub10-b1__0010__turnaround.npy,19,turnaround,19,0.99900633,1,"[0.4692, 6.09836, -2.43448, -2.50323, -1.93935, -0.74539, -0.08326, -5.54804, 0.00775, -2.12487, 3.15512, -3.57274, -2.41638, -7.21646, 2.63338, -1.57771, -3.00603, -4.72869, 3.12425, 13.14816, -1.26927, -14.98961]"
44,sub10,mae,1,sub10-b1__0011__walk.npy,20,walk,20,0.9983376,1,"[-1.87718, -6.09453, -6.77664, -5.22692, 0.824, -5.76105, 8.34838, -5.59682, -5.79144, 4.21821, -2.34848, -6.76088, 3.0669, 8.45617, 0.41798, 8.92826, -7.67796, 1.7612, 3.20977, 0.63208, 16.11472, -6.81008]"
44,sub10,mae,1,sub10-b1__0012__turnaround.npy,19,turnaround,19,0.99984455,1,"[0.2413, 4.13956, -2.74861, -4.43083, 1.78025, -0.40337, -1.20241, -6.72109, -1.99251, 0.94221, 3.76038, -3.8183, -2.75493, -6.34405, 0.86226, 0.78328, -2.68558, -4.4673, 2.82817, 13.70443, -0.26346, -13.42042]"
44,sub10,mae,1,sub10-b1__0013__walk.npy,20,walk,20,0.8840931,1,"[-0.6398, -5.01398, -1.03402, -5.7023, -4.63894, -6.60419, -2.8406, -12.30057, 1.18031, 3.17957, 6.48062, -9.27432, 6.55911, -1.329, -0.90227, 5.17506, -7.69344, -6.44603, -0.27958, 4.54965, 9.44583, -3.40186]"
44,sub10,mae,1,sub10-b1__0014__turnaround.npy,19,turnaround,19,0.9992448,1,"[-0.25391, 5.75384, -2.96618, -2.95752, -2.60789, -0.42707, 0.3405, -6.08471, 0.12815, -2.03888, 3.52652, -2.92919, -1.15868, -8.18311, 3.48585, -2.75523, -2.14105, -5.00979, 3.45178, 13.22496, -1.52201, -15.57445]"
44,sub10,mae,1,sub10-b1__0015__walk.npy,20,walk,20,0.9985203,1,"[-1.89288, -5.7579, -6.99233, -5.25005, 0.61225, -5.74091, 8.44899, -5.14399, -5.47783, 3.74408, -3.17594, -6.78714, 3.10144, 8.25837, 0.73314, 9.38453, -7.46845, 1.15162, 2.76794, 0.81685, 16.44382, -6.77288]"
44,sub10,mae,1,sub10-b1__0016__turnaround.npy,19,turnaround,19,0.9999341,1,"[-0.67903, 4.06772, -3.57288, -6.18439, 1.21616, -1.11826, -0.07431, -7.64075, -1.20055, 1.31362, 3.72185, -4.43961, -2.02619, -6.7697, 1.30495, 1.29222, -2.95575, -3.82234, 3.48774, 14.64257, 0.6003, -13.55374]"
44,sub10,mae,1,sub10-b1__0017__walk.npy,20,walk,20,0.86419886,1,"[0.81945, -5.12989, -1.45699, -5.57634, -4.94407, -6.15629, -3.56023, -12.5478, 0.68181, 2.99799, 7.19885, -9.61542, 6.09295, -0.74033, -1.97716, 5.28916, -8.72002, -6.07547, 0.40905, 4.79353, 9.51272, -4.19717]"
44,sub10,mae,1,sub10-b1__0018__turnaround.npy,19,turnaround,19,0.9986009,1,"[0.82433, 5.92916, -3.84369, -3.93342, -3.05881, -0.65583, 0.38423, -7.33019, -0.08453, -1.5459, 4.22244, -3.86281, -0.74655, -7.80321, 3.90866, -2.73263, -2.68229, -5.17237, 4.08901, 12.89832, -1.54105, -16.79463]"
44,sub10,mae,1,sub10-b1__0019__walk.npy,20,walk,20,0.9981749,1,"[-2.15386, -6.01428, -7.48101, -5.43857, 1.18029, -5.53791, 8.42985, -5.28903, -5.94892, 4.11637, -2.61963, -6.99939, 3.50272, 8.58966, 0.4482, 9.34757, -7.32584, 0.8971, 3.17855, 0.80773, 16.28271, -6.80856]"
44,sub10,mae,1,sub10-b1__0020__turnaround.npy,19,turnaround,19,0.99989545,1,"[-0.73136, 3.46393, -3.12757, -4.73264, 1.61996, -0.33347, -0.86487, -7.09699, -1.61685, 0.9627, 3.93274, -3.60728, -2.14171, -6.68727, 0.93689, 0.64397, -2.27964, -4.38679, 3.33628, 14.00337, -0.08604, -12.97115]"
44,sub10,mae,1,sub10-b1__0021__walk.npy,20,walk,20,0.8435034,1,"[0.30266, -5.09338, -0.37617, -5.23882, -5.72038, -6.40332, -3.2238, -12.65222, 1.82209, 2.51243, 6.75787, -9.1049, 6.3029, -1.71522, -0.89576, 4.80721, -8.09337, -6.20803, -0.3554, 4.35935, 9.08056, -3.47644]"
44,sub10,mae,1,sub10-b1__0022__turnaround.npy,19,turnaround,19,0.9975278,1,"[0.9936, 6.87685, -3.554, -3.43451, -2.93369, -0.77959, -0.05463, -6.37553, -0.02123, -2.02054, 3.24215, -3.55102, -1.35278, -7.98201, 3.68476, -2.37524, -2.46166, -5.36239, 3.63558, 12.98386, -1.83754, -16.53402]"
44,sub10,mae,1,sub10-b1__0023__walk.npy,20,walk,20,0.99817014,1,"[-1.5276, -5.84062, -6.43116, -5.03147, 1.2282, -5.89846, 8.14114, -5.10886, -5.56524, 3.86529, -2.85868, -7.09909, 1.99402, 8.90694, -0.51327, 9.92608, -8.44078, 2.80719, 3.09403, 0.88238, 16.65539, -6.43408]"
44,sub10,mae,1,sub10-b1__0024__turnaround.npy,19,turnaround,19,0.9998454,1,"[-0.08855, 4.61116, -2.6607, -4.67204, 0.81701, -0.60374, -0.68607, -6.68552, -1.37409, 0.43749, 3.42987, -3.65022, -2.09879, -6.92832, 0.74122, 0.85128, -2.99558, -4.20265, 3.21741, 13.89826, -0.15433, -13.34768]"
44,sub10,mae,1,sub10-b1__0025__hop.npy,9,hop,9,0.8937939,1,"[4.28189, -3.31043, -12.19897, -7.85952, 7.11404, -0.98705, -11.8617, -7.29054, -7.28213, 9.64423, 5.90318, -2.7701, 3.34199, 4.40153, -0.38832, -2.31639, 3.62488, -9.99696, 2.73167, 0.64652, -1.54241, -5.33391]"
44,sub10,mae,1,sub10-b1__0026__hop.npy,9,hop,9,0.90215236,1,"[4.51871, -2.85629, -12.11133, -8.22377, 5.27584, -1.30101, -11.12643, -7.07015, -7.09426, 9.10887, 6.1775, -2.27683, 4.40724, 3.87263, 0.84626, -3.73441, 3.57514, -10.19169, 3.70535, 0.40379, -2.07641, -5.43355]"
44,sub10,mae,1,sub10-b1__0027__hop.npy,9,hop,9,0.87764716,1,"[4.80992, -2.26138, -11.81195, -7.24523, 4.83678, -0.97879, -11.37401, -6.5042, -6.76288, 8.41955, 5.32923, -1.31392, 3.45098, 3.05275, 2.84899, -4.54474, 4.49008, -10.45839, 2.76593, 0.28181, -2.95958, -6.45841]"
44,sub10,mae,1,sub10-b1__0028__hop.npy,9,hop,9,0.8789485,1,"[3.78426, -2.83171, -12.13761, -8.66338, 6.93071, -1.21985, -10.86076, -7.11582, -7.17195, 9.33639, 5.76321, -3.21121, 3.91775, 4.13515, -1.5941, -1.43567, 2.0489, -8.83881, 3.9313, 1.35612, -0.90605, -5.03732]"
44,sub10,mae,1,sub10-b1__0029__hop.npy,9,hop,9,0.8623165,1,"[3.95052, -2.66305, -11.77293, -7.47811, 6.67844, -1.41616, -11.98355, -6.86434, -6.59379, 8.91201, 5.35615, -3.19336, 3.34785, 4.06021, -0.46526, -1.94337, 3.08419, -9.93705, 2.60202, 1.00964, -1.53461, -4.7705]"
44,sub10,mae,1,sub10-b1__0030__hop.npy,9,hop,9,0.8412511,1,"[3.75867, -3.52466, -12.03137, -7.61364, 8.05569, -1.24925, -11.84905, -7.84888, -7.22374, 9.90507, 5.93686, -4.19365, 3.15386, 4.98104, -0.75026, -1.4634, 3.11399, -10.37814, 2.43867, 0.8389, -0.86385, -5.16212]"
44,sub10,mae,1,sub10-b1__0031__jump.npy,10,jump,10,0.8369038,1,"[-4.45925, -8.07463, -4.81684, -2.32102, 3.19685, -7.21582, -3.28551, -13.28856, -2.49767, 4.95875, 8.63998, -10.32227, 5.78074, 5.70208, 4.83198, 0.38879, -0.46663, -12.35486, 0.46179, 0.22388, 5.19599, -1.86214]"
44,sub10,mae,1,sub10-b1__0032__jump.npy,10,jump,10,0.99985135,1,"[-1.56842, -6.30188, -4.21894, -3.90715, -1.83884, -3.47905, -8.15596, -13.864, -2.20072, 4.66755, 16.10779, -5.98791, 6.82337, -2.20971, 5.91614, -8.08962, 1.23033, -10.3597, 2.92233, 3.93239, -0.20361, -8.20543]"
44,sub10,mae,1,sub10-b1__0033__jump.npy,10,jump,10,0.9998474,1,"[-1.0154, -5.85085, -2.22857, -4.26444, -2.4893, -5.27086, -8.00337, -14.79595, 0.13868, 4.2253, 15.14702, -7.31148, 4.66614, -2.51716, 5.11643, -5.86182, -1.37052, -8.53965, 2.06549, 5.4059, 1.4313, -7.00419]"
44,sub10,mae,1,sub10-b1__0034__jump.npy,10,jump,10,0.9998915,1,"[-1.87404, -6.14131, -4.81112, -3.75716, -0.36302, -4.42363, -8.49954, -14.11193, -1.89616, 4.96635, 15.93795, -7.83677, 5.6087, -0.16612, 6.08541, -7.31132, 1.20754, -10.93741, 3.02611, 3.19016, -0.04353, -6.89162]"
44,sub10,mae,1,sub10-b1__0035__jump.npy,10,jump,10,0.99986935,1,"[-1.70847, -6.0133, -4.49067, -4.30722, -1.36665, -4.07766, -8.74488, -14.16814, -1.51127, 4.90643, 15.98477, -6.99093, 6.35655, -1.87312, 5.90141, -7.46476, 1.3935, -10.64004, 2.71567, 3.8276, -0.26977, -7.12829]"
44,sub10,mae,1,sub10-b1__0036__jump.npy,10,jump,10,0.9998752,1,"[-0.68617, -6.08385, -3.38336, -4.01216, -2.33348, -3.80818, -8.16413, -14.34543, -1.613, 4.40471, 15.74711, -6.66568, 6.10698, -2.32542, 5.50683, -7.00543, 0.00774, -9.81299, 2.44682, 4.24893, 0.18541, -8.06047]"
44,sub10,mae,1,sub10-b1__0037__runonspot.npy,13,runonspot,13,0.9548829,1,"[-2.53548, -1.29213, -4.38395, 13.43436, 5.86523, -7.08589, -3.57828, -3.34462, 0.0282, -4.52763, -0.37378, -9.25839, -5.20033, 16.48976, 7.34826, -1.62822, 3.16837, -10.55464, 2.91663, -12.2415, -3.85802, 5.04815]"
44,sub10,mae,1,sub10-b1__0038__runonspot.npy,13,runonspot,13,0.9987717,1,"[-1.73899, -1.02504, -6.67431, 12.13849, 9.21758, -7.24229, -5.41015, -2.16496, -1.78738, -2.4659, -1.03032, -9.71415, -6.1823, 18.89582, 6.23913, -1.02776, 3.74026, -11.00456, 3.10016, -12.53419, -3.47775, 5.23992]"
44,sub10,mae,1,sub10-b1__0039__runonspot.npy,13,runonspot,13,0.99918145,1,"[-3.92875, -2.59445, -5.39176, 11.42089, 7.23772, -8.1012, -1.43542, -3.18561, -1.17541, -3.16093, -1.19235, -10.74336, -4.01166, 18.55506, 4.6304, 1.99517, 1.15199, -10.03469, 3.4455, -11.89346, -0.72028, 6.85746]"
44,sub10,mae,1,sub10-b1__0040__runonspot.npy,13,runonspot,13,0.9930086,1,"[-4.60024, -1.32437, -4.71295, 13.15129, 7.35559, -9.05924, -1.74842, -2.43307, -0.70718, -3.9065, -1.07459, -9.33451, -5.39994, 18.11629, 7.66669, -1.44724, 2.94236, -9.15974, 3.87852, -12.90925, -2.96372, 6.74868]"
44,sub10,mae,1,sub10-b1__0042__buttkicks.npy,4,buttkicks,4,0.9817347,1,"[-3.08058, -3.95215, -12.94131, -3.29334, 17.7557, -4.99164, -7.83935, -5.64919, -6.94144, 9.61633, 1.43878, -10.81168, -1.36439, 13.75518, -1.92492, 5.67721, 3.87415, -10.58867, 2.168, -3.89454, 2.20888, 2.56292]"
44,sub10,mae,1,sub10-b1__0043__buttkicks.npy,4,buttkicks,4,0.9904117,1,"[-1.8879, -3.95737, -12.15833, -0.91719, 17.82308, -4.2638, -10.01326, -5.60485, -6.33521, 8.93359, 1.83704, -9.50819, -3.23747, 13.17016, 0.88284, 2.58987, 6.20363, -11.25585, 1.09115, -4.56315, -0.06361, 1.32674]"
44,sub10,mae,1,sub10-b1__0044__buttkicks.npy,4,buttkicks,4,0.9674827,1,"[-4.3039, -3.72129, -12.26484, -0.40261, 17.99137, -4.31735, -5.84344, -4.77275, -6.8651, 7.47906, 0.05936, -10.94308, -2.5506, 14.59739, -0.49297, 6.14039, 3.97088, -10.32143, 2.0778, -5.04885, 1.58898, 1.49318]"
44,sub10,mae,1,sub10-b1__0045__buttkicks.npy,4,buttkicks,4,0.99260134,1,"[-3.68674, -3.81686, -12.70797, -2.64931, 18.15855, -4.76688, -8.39247, -5.66449, -6.6058, 9.62398, 1.65787, -10.74793, -1.8292, 13.23241, -0.51601, 4.42155, 4.60099, -10.82079, 2.16417, -3.52981, 1.27726, 2.079]"
44,sub10,mae,1,sub10-b1__0046__buttkicks.npy,4,buttkicks,4,0.9959573,1,"[-5.29632, -4.59801, -12.11896, -2.23526, 17.93601, -3.60911, -6.05397, -5.9871, -7.03591, 9.122, 1.06822, -10.96918, -1.00368, 12.39003, 0.05906, 5.81483, 4.46643, -10.65323, 0.94866, -3.25887, 2.43341, 0.33547]"
44,sub10,mae,1,sub10-b1__0047__airkick.npy,0,airkick,0,0.9972167,1,"[11.3937, -2.11068, -7.79989, -1.81339, -1.82767, -1.06001, -10.52721, -7.47167, -4.59901, 3.85385, 3.63787, -1.46122, 2.10041, 3.70286, 4.65661, -4.72109, 1.42621, -12.33851, 1.18286, -3.12132, -4.15396, -6.94614]"
44,sub10,mae,1,sub10-b1__0048__airkick.npy,0,airkick,14,0.7478387,0,"[-7.22119, -7.76954, -2.50556, -2.9092, 5.09632, -7.36168, -0.47182, -11.86271, -3.61221, 6.80001, 8.76764, -5.24785, 2.63798, 3.73336, 10.01724, -3.04553, 2.09261, -6.15283, 0.79612, -0.11941, 1.3878, -3.12433]"
44,sub10,mae,1,sub10-b1__0049__airkick.npy,0,airkick,14,0.9924562,0,"[-8.18139, -7.15841, -2.93987, -0.14035, 7.26381, -5.86835, 2.40565, -8.24623, -5.23811, 6.20468, 4.67623, -2.53323, 0.90495, 4.78501, 12.60173, -3.50878, 4.52086, -4.55097, 0.18297, -3.06846, -0.77034, -2.82045]"
44,sub10,mae,1,sub10-b1__0050__airkick.npy,0,airkick,14,0.9954027,0,"[-5.43128, -5.74379, 1.0731, 3.23235, 3.14443, -6.44056, 3.42285, -8.90856, -1.3439, 1.23444, 2.91406, -4.48308, -2.43894, 4.10309, 10.50916, -0.05271, -1.02285, -0.66187, -0.18626, -2.78634, 0.48104, -3.10842]"
44,sub10,mae,1,sub10-b1__0051__airkick.npy,0,airkick,14,0.99110854,0,"[-4.54348, -6.76458, 1.31823, 2.18202, 2.26967, -6.50909, 1.64715, -10.05516, -2.04953, 2.15112, 4.87094, -3.19608, -0.40148, 3.58066, 10.04429, -1.90828, -0.8115, -2.60884, -0.0624, -2.00155, 0.42075, -3.52474]"
44,sub10,mae,1,sub10-b1__0052__airkick.npy,0,airkick,14,0.998648,0,"[-5.7866, -5.96651, 0.77746, 1.45496, 2.56514, -5.33935, 3.64552, -8.01131, -2.80221, 2.5581, 3.63104, -2.34523, -1.13977, 2.06111, 11.40158, -1.89654, -0.23293, -0.2105, -0.03348, -1.49055, 0.3198, -4.69642]"
44,sub10,mae,1,sub10-b1__0053__airkick.npy,0,airkick,14,0.994532,0,"[-6.80326, -6.78468, -0.5878, -0.40495, 4.43402, -4.94107, 3.23508, -8.27934, -4.02784, 5.03798, 4.14417, -2.24061, -0.02245, 1.97315, 11.04253, -1.81728, 1.11173, -1.12019, -0.3105, -0.70239, 0.8295, -4.5843]"
44,sub10,mae,1,sub10-b1__0054__sidekick.npy,14,sidekick,14,0.9975261,1,"[-7.41819, -6.24, 0.33997, 3.39492, 5.07558, -6.00536, 1.98668, -9.609, -0.67714, 1.55226, 2.95905, -4.52542, -1.4304, 2.83284, 11.53146, -1.30024, 2.35647, -4.72392, -1.00741, -1.83207, -0.11325, -2.70657]"
44,sub10,mae,1,sub10-b1__0055__sidekick.npy,14,sidekick,14,0.9833007,1,"[-5.97595, -6.42523, 1.43574, 3.64694, 4.2333, -5.18328, 0.96202, -10.47127, 0.34365, 0.41826, 2.79543, -4.64252, -2.19707, 1.52203, 9.05, 0.29531, 0.6898, -4.18732, -1.27816, -0.06878, 0.66493, -3.54381]"
44,sub10,mae,1,sub10-b1__0057__sidekick.npy,14,sidekick,14,0.99477,1,"[-6.51975, -7.10115, 1.32301, 1.75498, 3.65175, -6.00803, 1.34959, -11.69013, 0.03123, 1.81921, 4.04148, -4.22664, -0.57841, 0.7818, 10.09877, -1.14274, 1.04845, -5.10632, -1.0961, 0.71341, 1.2328, -3.43262]"
44,sub10,mae,1,sub10-b1__0058__sidekick.npy,14,sidekick,14,0.9867734,1,"[-7.34001, -5.97847, 0.68986, 3.346, 5.19443, -6.33213, 1.52183, -10.07691, 0.49501, 1.02467, 2.73511, -5.36922, -2.02768, 2.38097, 9.84918, -0.00768, 1.51461, -4.35732, -0.54674, -1.17205, 0.22971, -1.68845]"
44,sub10,mae,1,sub10-b1__0059__crosstoe.npy,6,crosstoe,6,0.9979457,1,"[-4.2637, -4.17751, -2.17555, -1.34249, -4.22049, -4.69812, 14.08023, -9.92585, -2.27271, -2.74258, -1.37402, -1.45863, 5.88793, -0.20488, 7.70306, 1.44086, -2.49019, -6.44855, 4.38597, 0.10907, 2.94983, -6.76724]"
44,sub10,mae,1,sub10-b1__0060__crosstoe.npy,6,crosstoe,6,0.9982722,1,"[-3.57372, -2.26381, 0.52476, 3.97087, -3.97362, -4.32659, 16.60897, -5.395, -2.90405, -6.48079, -5.77926, 3.10621, 1.61142, 0.89719, 10.24615, 1.34631, -1.11342, -2.94451, 2.43349, -4.5813, 0.70829, -7.16876]"
44,sub10,mae,1,sub10-b1__0061__crosstoe.npy,6,crosstoe,6,0.99904674,1,"[-3.99166, -2.64571, -1.28797, 0.86778, -6.5165, -4.31236, 18.20815, -5.30632, -4.37834, -5.06828, -4.74299, 4.26086, 6.38501, -0.34195, 11.24444, -0.75062, 0.01549, -5.54444, 3.0522, -4.01423, 0.9767, -7.81539]"
44,sub10,mae,1,sub10-b1__0062__crosstoe.npy,6,crosstoe,6,0.99812526,1,"[-4.9432, -2.29776, -1.00306, 2.38895, -5.17699, -5.14958, 18.02063, -5.69835, -3.27395, -5.664, -5.12514, 2.31292, 4.61032, 0.81117, 11.74203, -0.26284, -0.45297, -5.22455, 3.23547, -4.51368, 1.02132, -6.57149]"
44,sub10,mae,1,sub10-b1__0063__crosstoe.npy,6,crosstoe,6,0.9811926,1,"[-4.95956, -1.6234, -2.53837, 1.98339, -4.3187, -4.59492, 17.96469, -3.98341, -4.66042, -5.68413, -6.54551, 7.95878, 3.40483, 0.01401, 14.00772, -2.89579, 2.75612, -4.67478, 4.03447, -5.15985, -0.97803, -8.2243]"
44,sub10,mae,1,sub10-b1__0064__throw.npy,18,throw,1,0.7624669,0,"[1.90886, 9.13614, -3.56538, -4.16546, 0.10428, 3.4444, -2.02031, 7.48746, -3.92634, -1.03307, -1.55118, -0.05813, -2.95372, -4.32047, -2.51122, 0.0252, -0.85347, -1.48074, 1.91813, 6.96363, -3.63465, -9.43564]"
44,sub10,mae,1,sub10-b1__0065__throw.npy,18,throw,1,0.98562616,0,"[0.33792, 10.57378, -2.454, 0.13129, -0.69184, -0.08832, -1.46377, 5.11896, -1.543, -4.12384, -2.13047, -1.27351, -2.92861, -2.59443, -1.89577, -0.32966, -2.29688, -1.67707, 5.78941, 4.24801, -3.82793, -7.18363]"
44,sub10,mae,1,sub10-b1__0066__throw.npy,18,throw,1,0.97168046,0,"[1.65554, 12.38055, -3.32745, -5.44448, -1.73539, -1.69993, -1.64379, 0.92055, 0.21453, -2.03379, -1.95827, -3.25353, -1.70405, -5.4804, -1.21548, 1.44824, -3.11185, -4.36816, 4.00291, 8.83501, -3.38008, -10.229]"
44,sub10,mae,1,sub10-b1__0067__throw.npy,18,throw,1,0.99534684,0,"[-0.49796, 11.93801, -3.84306, -2.45814, -0.1241, -1.94195, -1.99193, 4.38749, 0.00852, -2.98465, -2.55298, -2.57869, -2.27754, -3.08244, -2.32378, 0.3539, -1.78031, -2.62087, 6.08224, 5.25563, -4.32626, -5.44015]"
44,sub10,mae,1,sub10-b1__0068__throw.npy,18,throw,1,0.9746987,0,"[3.10061, 13.08748, -2.48342, -4.47882, -2.28987, -0.09591, -2.14498, 1.26435, -0.90696, -2.32177, -1.33163, -3.06381, -1.69988, -6.68976, -1.03901, 1.01326, -3.24343, -4.83614, 2.50981, 9.43273, -4.02422, -13.23731]"
44,sub10,mae,1,sub10-b1__0069__walk.npy,20,walk,20,0.8579616,1,"[-3.82235, -6.05026, -0.88974, -1.97225, -0.42825, -6.44648, -2.13262, -11.14428, 1.14494, 2.96399, 4.76043, -9.66941, 4.74588, 1.30023, 0.27291, 5.2833, -4.68502, -8.55405, -1.33815, 2.65221, 7.95917, 0.42935]"
44,sub10,mae,1,sub10-b1__0070__turnaround.npy,19,turnaround,19,0.9987393,1,"[1.44671, 4.78725, -3.51628, -2.79413, -1.1021, -0.1605, -0.69766, -6.95961, -0.68326, -1.07185, 4.36503, -4.598, -2.33923, -5.86259, 2.89177, -1.73037, -2.99805, -5.63913, 3.741, 12.25932, -1.37603, -15.29463]"
44,sub10,mae,1,sub10-b2__0001__walk.npy,20,walk,20,0.9455523,1,"[-0.14984, -5.32819, -0.32895, -3.65724, -3.71399, -6.26173, -1.06829, -11.24989, 0.38942, 1.95412, 4.90443, -9.12164, 4.1465, 0.68729, -1.89074, 7.16486, -8.96739, -5.33529, -0.51686, 4.02619, 10.20736, -3.9809]"
44,sub10,mae,1,sub10-b2__0002__turnaround.npy,19,turnaround,19,0.9998004,1,"[0.78881, 2.6317, -2.88812, -5.5628, -1.29245, -4.16216, -0.54084, -7.96595, 0.298, -0.5035, 3.15246, -3.53074, -5.93676, -4.73916, 3.96266, -1.68911, -6.25723, 3.41655, 6.24612, 15.14894, 4.75513, -15.55074]"
44,sub10,mae,1,sub10-b2__0003__walk.npy,20,walk,20,0.99806553,1,"[-2.06146, -5.76066, -6.76605, -4.77287, 0.22829, -5.74719, 8.71005, -5.45546, -5.12058, 3.53002, -3.33588, -6.98596, 3.69944, 7.86196, 1.16603, 9.52485, -7.22799, 0.08997, 2.0026, 0.52577, 16.2648, -6.67063]"
44,sub10,mae,1,sub10-b2__0004__turnaround.npy,19,turnaround,19,0.9998323,1,"[-0.22026, 3.45786, -2.40322, -3.47658, 2.21435, -0.95785, -1.35219, -7.24203, -0.90859, 0.69157, 3.43315, -4.626, -3.82456, -5.53717, 0.70466, 1.61938, -3.196, -3.87137, 2.72474, 13.29482, 0.31479, -12.17228]"
44,sub10,mae,1,sub10-b2__0005__walk.npy,20,walk,20,0.9320948,1,"[0.38181, -4.70411, 0.19317, -4.57352, -4.31871, -6.4104, -2.5335, -11.70721, 1.68817, 2.15844, 5.07115, -9.59378, 4.54985, -0.54052, -2.23686, 7.08744, -9.10435, -5.39343, -0.93049, 4.38964, 9.96496, -3.04138]"
44,sub10,mae,1,sub10-b2__0006__turnaround.npy,19,turnaround,19,0.9992312,1,"[0.62177, 5.12746, -1.93929, -1.12791, -2.14574, -0.68619, -0.34673, -6.12311, 0.37559, -2.51394, 3.16269, -3.58283, -2.25418, -6.78161, 2.63145, -1.80591, -3.15337, -5.01529, 2.76645, 12.59934, -0.8207, -14.66553]"
44,sub10,mae,1,sub10-b2__0007__walk.npy,20,walk,20,0.99814904,1,"[-2.06873, -5.9516, -7.28388, -4.64138, 1.36594, -5.9107, 8.23909, -5.2201, -5.65076, 3.57037, -3.39209, -7.14732, 3.00156, 8.65096, 1.19541, 9.67226, -7.00161, -0.12521, 2.18649, 0.84016, 16.43463, -6.67374]"
44,sub10,mae,1,sub10-b2__0008__turnaround.npy,19,turnaround,19,0.999899,1,"[0.24887, 3.61214, -2.30503, -3.83121, 1.12434, -1.22336, -1.35324, -8.20982, 0.12471, 0.36422, 3.21003, -5.03939, -3.56344, -6.28313, 0.67689, 2.149, -3.82701, -3.71107, 2.72442, 13.78379, 0.93163, -12.53887]"
44,sub10,mae,1,sub10-b2__0009__walk.npy,20,walk,20,0.9137871,1,"[-0.75735, -5.49907, 0.06587, -3.85997, -3.29969, -6.3019, -2.55581, -12.11963, 1.65141, 2.55949, 5.42053, -9.47481, 4.55619, -0.39942, -1.34013, 6.28342, -7.81029, -6.35847, -1.2726, 4.34675, 9.22271, -2.21695]"
44,sub10,mae,1,sub10-b2__0010__turnaround.npy,19,turnaround,19,0.9995796,1,"[0.67881, 5.50835, -2.6958, -2.45908, -3.12197, -1.3013, 0.88221, -7.33694, 0.96644, -2.5377, 3.33154, -4.54587, -1.83297, -7.35083, 3.08076, -1.51521, -4.28331, -4.06089, 3.84385, 13.63808, 0.0948, -15.98133]"
44,sub10,mae,1,sub10-b2__0012__turnaround.npy,19,turnaround,19,0.9998838,1,"[0.1421, 3.67597, -2.83562, -4.41903, 1.35185, -1.89737, -1.11295, -9.0502, 0.56296, 0.66271, 3.05013, -6.05259, -3.46888, -5.82659, 0.41228, 3.11971, -4.15092, -4.03849, 2.82814, 13.80949, 1.51138, -12.43331]"
44,sub10,mae,1,sub10-b2__0013__walk.npy,20,walk,20,0.86265755,1,"[-1.29965, -5.82295, -0.3855, -3.74756, -1.76738, -5.37184, -3.3128, -11.84329, 1.35361, 3.20626, 4.75479, -9.09793, 4.2429, -0.67646, -1.78888, 6.81226, -6.47813, -7.00715, -2.06849, 4.76198, 8.96231, -1.87038]"
44,sub10,mae,1,sub10-b2__0014__turnaround.npy,19,turnaround,19,0.9997303,1,"[0.28749, 4.89721, -3.59134, -3.23053, -1.75479, -1.61497, 1.00453, -7.7627, 0.17078, -1.66411, 3.74626, -5.2337, -2.13298, -6.22569, 2.68939, -0.83895, -4.3197, -4.07865, 4.4798, 13.881, 0.9047, -15.91376]"
44,sub10,mae,1,sub10-b2__0015__walk.npy,20,walk,20,0.9960443,1,"[-2.52727, -5.74979, -6.89176, -5.37755, 2.19848, -6.10892, 8.1171, -4.83135, -5.45115, 3.88004, -3.52874, -7.1126, 2.42108, 8.12765, -0.6304, 11.15913, -7.72245, 1.49998, 2.1224, 1.71732, 16.78054, -5.91106]"
44,sub10,mae,1,sub10-b2__0016__turnaround.npy,19,turnaround,19,0.9999081,1,"[-0.36274, 3.89839, -2.63175, -5.03163, 1.40465, -2.08786, -0.84922, -8.86592, 0.35345, 0.99265, 3.02291, -5.7653, -2.90148, -6.36321, 0.54004, 3.18082, -3.93862, -3.8424, 2.32597, 14.09338, 1.76626, -12.63779]"
44,sub10,mae,1,sub10-b2__0017__walk.npy,20,walk,20,0.87928075,1,"[-4.20747, -6.58238, -0.82215, -3.82323, 0.20696, -5.2582, -2.48393, -11.34865, 0.8392, 4.5339, 3.89732, -7.9587, 4.8402, -1.53889, -0.31481, 6.11438, -3.67913, -7.45735, -2.97013, 5.04566, 8.76791, -0.9261]"
44,sub10,mae,1,sub10-b2__0018__turnaround.npy,19,turnaround,19,0.9996289,1,"[0.45493, 3.80449, -4.58084, -4.44, -1.66263, -2.22797, 2.38953, -8.71506, -1.05215, -1.20397, 3.99922, -4.21004, -1.95768, -5.62683, 3.07904, -1.1105, -4.64614, -2.67479, 6.30168, 14.43035, 1.78934, -17.0003]"
44,sub10,mae,1,sub10-b2__0019__walk.npy,20,walk,20,0.9984383,1,"[-2.56759, -5.86217, -6.51759, -5.80357, 3.05324, -6.35905, 7.04928, -5.51527, -5.54499, 4.3876, -2.63196, -7.45572, 1.64872, 7.87675, -0.75953, 10.62404, -8.07603, 1.98531, 2.20862, 3.0817, 17.1758, -6.5415]"
44,sub10,mae,1,sub10-b2__0020__turnaround.npy,19,turnaround,19,0.99989915,1,"[-0.34462, 3.61892, -2.96349, -4.87496, 1.07843, -2.42181, -0.42772, -9.37793, 1.12714, 0.65097, 2.73549, -6.3424, -3.18317, -5.97191, 0.89063, 3.50104, -4.29631, -3.7753, 2.70688, 14.0044, 2.21078, -12.49309]"
44,sub10,mae,1,sub10-b2__0021__walk.npy,20,walk,20,0.81438303,1,"[-2.69595, -6.69968, -1.53658, -4.02919, 0.82768, -4.80135, -2.30149, -11.19466, -0.24924, 4.60858, 3.89822, -8.58581, 4.07649, -0.02917, -1.57758, 7.35105, -4.92231, -7.73577, -2.47613, 5.07873, 9.04503, -1.60824]"
44,sub10,mae,1,sub10-b2__0022__turnaround.npy,19,turnaround,19,0.9963425,1,"[2.1684, 1.12129, -2.81878, -4.85402, 2.84244, -4.8878, -1.3973, -9.4427, -2.44902, 0.96295, 6.49285, -6.82022, -8.06458, -0.12006, 0.94912, 0.1064, -9.06425, 4.16156, 7.26455, 13.42209, 5.65959, -15.90048]"
44,sub10,mae,1,sub10-b2__0023__walk.npy,20,walk,20,0.9962114,1,"[-2.43689, -5.83441, -6.88842, -5.21636, 3.47679, -6.3159, 8.15413, -4.62443, -6.20947, 3.98631, -3.66919, -6.88573, 1.02819, 9.04166, -0.52715, 11.15695, -7.86467, 2.18744, 2.30682, 1.81607, 16.88755, -6.46446]"
44,sub10,mae,1,sub10-b2__0024__turnaround.npy,19,turnaround,19,0.9997441,1,"[0.40541, 3.49835, -2.10796, -3.96405, 1.4944, -2.41172, -1.3712, -9.37681, 0.90243, 0.73438, 2.60483, -6.6792, -3.59617, -5.54046, 0.3611, 4.03168, -4.66701, -4.28333, 1.65894, 13.13269, 2.15492, -11.91858]"
44,sub10,mae,1,sub10-b2__0026__hop.npy,9,hop,9,0.9799619,1,"[2.86655, -4.71666, -8.49502, -6.19594, 5.50364, -3.29085, -12.18984, -9.74054, -4.64816, 10.06146, 4.91864, -5.08275, 3.3091, 2.00718, 0.97594, -0.42016, 2.59427, -12.1102, -2.13638, 2.80057, 2.38092, -4.02067]"
44,sub10,mae,1,sub10-b2__0027__hop.npy,9,hop,9,0.95676494,1,"[2.69852, -4.83122, -10.03781, -6.69865, 7.95675, -3.04067, -12.39592, -9.44361, -5.49803, 11.12792, 4.61187, -5.48637, 2.52735, 3.81535, 0.77455, -0.00247, 3.43052, -12.23174, -1.67526, 1.89651, 1.72906, -3.47072]"
44,sub10,mae,1,sub10-b2__0028__hop.npy,9,hop,9,0.9823232,1,"[3.575, -3.60698, -9.72486, -7.3264, 5.31905, -2.54218, -12.67639, -8.2789, -5.52403, 10.18958, 4.89406, -3.57006, 3.93258, 1.76335, 0.74532, -1.61332, 3.47987, -11.72171, -1.34171, 2.42685, 0.85654, -4.80273]"
44,sub10,mae,1,sub10-b2__0029__hop.npy,9,hop,9,0.9806841,1,"[4.07798, -4.0582, -9.71671, -7.32817, 4.541, -3.73885, -11.28561, -8.22005, -4.76523, 9.75986, 3.42241, -5.13457, 4.54565, 3.56958, -0.18416, 0.83412, 1.84748, -12.02264, -1.81077, 0.68362, 2.7905, -2.56519]"
44,sub10,mae,1,sub10-b2__0030__hop.npy,9,hop,9,0.74319947,1,"[1.36691, -5.00091, -8.94335, -3.60628, 8.08522, -1.51856, -11.21032, -6.73699, -6.30243, 9.23661, 2.15144, -3.42933, 3.01086, 3.22047, 1.68086, -0.28877, 5.43272, -13.39443, -3.39754, 1.14754, 1.59159, -3.85399]"
44,sub10,mae,1,sub10-b2__0031__jump.npy,10,jump,10,0.8373267,1,"[-2.42876, -6.56505, -1.38765, -0.86035, 3.18376, -3.9572, -6.93496, -12.34417, -0.81501, 4.59651, 7.54561, -6.68362, 2.61776, -0.54143, 2.51951, -0.49901, 0.13322, -10.47082, -2.0211, 5.16776, 3.66407, -3.95488]"
44,sub10,mae,1,sub10-b2__0032__jump.npy,10,jump,10,0.59045374,1,"[-1.91146, -6.01276, -0.6591, -1.85592, 1.99823, -4.44207, -7.40797, -12.16874, -0.08223, 5.13043, 6.8407, -6.02077, 3.04119, -2.18543, 2.42508, -0.41468, -0.0402, -9.97672, -2.98361, 5.92903, 4.10369, -3.53446]"
44,sub10,mae,1,sub10-b2__0033__jump.npy,10,jump,10,0.77030855,1,"[-2.57194, -5.97877, -0.59893, -1.24672, 2.32305, -5.1612, -6.9613, -12.73099, 0.89394, 4.44964, 7.36426, -7.37363, 2.05706, -0.96276, 2.40393, -0.18341, -0.92719, -9.46895, -1.8626, 5.68032, 4.05607, -2.58977]"
44,sub10,mae,1,sub10-b2__0034__jump.npy,10,jump,3,0.6135413,0,"[-3.50219, -6.81008, -1.37138, 6.27001, 3.80932, -4.64222, -5.8782, -9.0883, 0.67706, 1.21193, 4.60443, -7.38733, -0.30392, 4.48028, 4.36432, -1.8802, 1.08123, -9.86835, -0.45596, -0.41405, 1.51516, 1.73557]"
44,sub10,mae,1,sub10-b2__0035__jump.npy,10,jump,10,0.87719023,1,"[-0.96084, -5.53056, -0.36376, -0.13118, 1.21401, -4.93555, -7.40593, -12.45679, 0.97099, 3.59766, 7.42349, -7.59325, 1.50154, -0.68654, 2.52702, -0.26009, -1.60081, -9.74324, -2.11394, 4.93031, 3.49422, -2.96326]"
44,sub10,mae,1,sub10-b2__0036__jump.npy,10,jump,10,0.92483675,1,"[-1.75993, -5.81296, -0.72187, 0.02605, 1.30567, -3.87275, -7.11165, -12.27403, 0.30242, 3.5882, 8.16181, -6.2866, 2.17412, -1.81651, 3.418, -1.71564, -0.05546, -10.10136, -1.78752, 5.25488, 2.26398, -4.05319]"
44,sub10,mae,1,sub10-b2__0037__runonspot.npy,13,runonspot,13,0.87475735,1,"[-3.17198, -4.43951, -2.9068, 8.11699, 6.65935, -5.31912, -4.30062, -6.44511, -0.42232, -0.06211, 0.30576, -10.35975, -1.9538, 10.29244, 3.79591, 3.03116, 1.44512, -12.41571, -2.1098, -5.11029, 2.11767, 2.54935]"
44,sub10,mae,1,sub10-b2__0038__runonspot.npy,13,runonspot,13,0.85397124,1,"[-2.18196, -3.01874, -4.31544, 10.87732, 8.81067, -5.13288, -6.71545, -4.78842, -1.0002, -0.55172, -0.46092, -9.0984, -5.04816, 12.77728, 6.56811, -0.53869, 5.0104, -12.61211, -1.5802, -8.31122, -1.61926, 2.76382]"
44,sub10,mae,1,sub10-b2__0039__runonspot.npy,13,runonspot,13,0.79268914,1,"[-3.38804, -3.84076, -4.61118, 7.87237, 8.49986, -3.68014, -4.25599, -3.85268, -2.22562, 0.79047, -1.33954, -9.55884, -2.37114, 10.28812, 4.20695, 3.36013, 3.58569, -12.98879, -3.41917, -5.23231, 2.15344, 1.02054]"
44,sub10,mae,1,sub10-b2__0040__runonspot.npy,13,runonspot,13,0.93225276,1,"[-3.5108, -4.24515, -4.96342, 9.29428, 9.22649, -3.94313, -4.48786, -3.67601, -2.26204, 0.16646, -1.29254, -10.23754, -2.55379, 12.58257, 3.85015, 3.40433, 3.80237, -13.158, -2.54921, -7.36006, 1.23258, 2.56262]"
44,sub10,mae,1,sub10-b2__0041__runonspot.npy,13,runonspot,13,0.900355,1,"[-3.00867, -3.4769, -5.63923, 8.01504, 10.7784, -5.012, -5.94415, -6.41576, -1.85508, 1.21, -0.21967, -9.99933, -4.40929, 13.0457, 4.9995, 1.69151, 4.46408, -12.26712, -0.55492, -6.99856, -0.54863, 2.04115]"
44,sub10,mae,1,sub10-b2__0042__buttkicks.npy,4,buttkicks,4,0.99849737,1,"[-4.34066, -5.64458, -9.46634, -0.14674, 16.21561, -4.06156, -9.28047, -6.76803, -4.717, 8.94203, 1.07635, -9.47141, -2.06811, 9.0257, 2.72827, 2.53639, 6.3679, -12.86905, -2.37926, -0.74826, 2.55155, -0.00919]"
44,sub10,mae,1,sub10-b2__0043__buttkicks.npy,4,buttkicks,4,0.99811816,1,"[-2.00815, -4.2015, -11.68406, -2.21181, 17.7022, -3.46412, -10.79454, -6.07156, -6.46496, 9.85739, 1.83908, -9.28799, -2.35702, 11.19019, -0.1035, 2.56033, 5.91691, -11.8551, -0.15673, -1.68831, 1.19092, -0.56947]"
44,sub10,mae,1,sub10-b2__0044__buttkicks.npy,4,buttkicks,4,0.9980635,1,"[-4.73064, -5.0242, -10.85063, -1.93962, 17.00823, -4.04694, -8.24799, -6.51326, -5.54637, 9.65682, 0.66314, -10.86281, -1.08384, 10.34717, -0.071, 5.54826, 5.1221, -12.4094, -1.47415, -1.444, 3.31164, 1.08024]"
44,sub10,mae,1,sub10-b2__0045__buttkicks.npy,4,buttkicks,4,0.9959116,1,"[-3.73863, -5.66749, -11.4637, -5.2994, 17.7175, -2.6769, -9.52239, -7.45403, -7.27505, 12.20947, 2.45441, -8.77917, -0.29828, 7.61032, -0.21602, 4.2044, 5.99457, -11.64971, -2.09591, 1.2798, 3.44594, -2.28284]"
44,sub10,mae,1,sub10-b2__0046__buttkicks.npy,4,buttkicks,4,0.9964001,1,"[-4.5961, -5.75219, -11.0139, -3.94069, 16.90119, -3.66135, -8.87002, -6.9671, -6.12507, 11.23087, 1.55707, -9.52833, 0.04213, 8.09069, -0.51895, 4.8319, 5.17632, -11.92217, -1.76766, 0.8799, 4.11001, -0.33376]"
44,sub10,mae,1,sub10-b2__0047__buttkicks.npy,4,buttkicks,4,0.9985537,1,"[-5.06061, -5.80781, -10.94239, -3.04191, 17.49846, -3.67027, -9.01033, -7.68985, -5.86021, 10.86573, 2.50506, -9.61325, -0.78155, 8.49347, 0.40853, 3.44093, 5.69892, -11.71773, -0.63596, 0.4435, 2.67086, -0.24873]"
44,sub10,mae,1,sub10-b2__0049__airkick.npy,0,airkick,19,0.84843576,0,"[5.79493, 6.98366, -1.4844, -3.92516, 1.24381, 0.50709, -5.40739, -3.96801, -2.5271, 1.84719, -0.91899, -3.5372, -4.12247, -5.46074, -0.13954, 4.43188, -2.38815, -6.39031, -2.5235, 9.039, -1.56183, -13.7892]"
44,sub10,mae,1,sub10-b2__0050__airkick.npy,0,airkick,19,0.58894503,0,"[5.39786, 2.78263, 1.33746, 1.81991, 0.31979, 3.18152, -6.03748, -3.00151, -3.85125, -0.35451, -0.38079, -0.15778, -2.3764, -4.8285, 0.3939, 1.18244, -0.37408, -8.35151, -3.25812, 5.99624, -2.33438, -11.8124]"
44,sub10,mae,1,sub10-b2__0051__airkick.npy,0,airkick,1,0.5055497,0,"[6.43549, 7.8652, 0.07949, -0.99765, -0.09015, 2.33784, -5.70056, -1.43679, -3.31473, -0.59802, -0.98952, -2.48237, -3.66497, -5.52657, -1.30579, 3.65079, -2.65152, -7.37339, -2.5963, 7.53437, -3.21845, -13.62424]"
44,sub10,mae,1,sub10-b2__0052__airkick.npy,0,airkick,0,0.83689,1,"[7.73626, 5.45262, -1.48, 0.46579, 1.54567, 2.31032, -7.0805, -1.16625, -4.40439, 0.49196, -1.70201, -2.34196, -4.87008, -2.58396, -0.30442, 3.1259, -1.52078, -9.19356, -3.1051, 5.13682, -2.72366, -12.11263]"
44,sub10,mae,1,sub10-b2__0053__airkick.npy,0,airkick,19,0.8013023,0,"[5.55604, 5.26841, -0.01226, -1.02633, 1.05292, 2.85725, -6.33699, -2.41665, -3.69588, 0.72425, -0.2287, -1.82469, -3.16497, -5.46361, -0.62695, 2.82042, -1.71777, -7.54456, -3.25497, 7.59971, -2.3309, -12.97186]"
44,sub10,mae,1,sub10-b2__0054__airkick.npy,0,airkick,19,0.59323597,0,"[7.14065, 4.8041, 0.54949, -1.35301, -0.81905, 1.65549, -5.19173, -3.24783, -3.32049, 0.24193, 0.16853, -2.30048, -2.61868, -4.96811, -1.42687, 3.19562, -3.37343, -8.09355, -2.3156, 7.6355, -1.82049, -11.75999]"
44,sub10,mae,1,sub10-b2__0055__sidekick.npy,14,sidekick,14,0.55599254,1,"[-8.83671, -7.34545, -1.40486, -2.45601, 5.24193, -2.23467, 4.20517, -11.47422, -2.37806, 4.00838, 2.01997, -2.28773, 2.93584, -2.95874, 6.33487, 0.86909, 2.4203, -4.78022, -0.23842, 4.38771, 2.84757, -6.1513]"
44,sub10,mae,1,sub10-b2__0056__sidekick.npy,14,sidekick,14,0.8423926,1,"[-4.44423, -5.77384, 1.44047, -0.16413, 2.54398, -3.97922, 1.80632, -12.72236, 0.49136, 0.70265, 2.69849, -3.54371, -0.12912, -2.27554, 6.52371, 1.4583, -0.5601, -5.3313, -0.77911, 4.25093, 2.13774, -6.67515]"
44,sub10,mae,1,sub10-b2__0057__sidekick.npy,14,sidekick,19,0.39088318,0,"[-4.81216, -7.1368, -1.27482, -3.31995, 4.72157, -2.99037, 2.91895, -13.66805, -1.50899, 3.74367, 1.62135, -2.82459, 0.4386, -2.26042, 5.48726, 3.46582, -0.16335, -4.58176, -0.3912, 5.85843, 4.50043, -8.23567]"
44,sub10,mae,1,sub10-b2__0058__sidekick.npy,14,sidekick,14,0.5294992,1,"[-8.01551, -6.98408, -3.06055, -3.77055, 5.61754, -2.15603, 6.05208, -12.26046, -2.89397, 4.0902, 1.92514, -1.39041, 1.65016, -2.65868, 6.93489, 0.85312, 2.03114, -3.46995, 1.90289, 4.71097, 2.5311, -8.49729]"
44,sub10,mae,1,sub10-b2__0059__sidekick.npy,14,sidekick,14,0.77585226,1,"[-4.8663, -4.3281, -0.911, -2.03193, 2.85582, -3.59416, 3.57415, -12.40024, 0.7543, 1.11161, 1.53924, -2.64751, -1.2207, -3.18444, 7.11757, 1.29699, -0.05983, -3.86076, 0.94022, 5.62113, 2.20794, -8.76057]"
44,sub10,mae,1,sub10-b2__0060__sidekick.npy,14,sidekick,14,0.9657138,1,"[-5.80776, -6.09144, 1.28126, -0.16371, 2.23426, -3.88601, 4.77197, -12.03124, 0.38048, 0.70239, 1.18281, -2.19398, -0.44373, -2.87951, 8.56886, 1.07658, 0.00804, -3.00234, -0.99857, 3.44315, 2.4649, -7.30116]"
44,sub10,mae,1,sub10-b2__0061__sidekick.npy,14,sidekick,14,0.84411174,1,"[-7.64629, -6.5436, -0.64364, -1.41171, 4.69197, -2.77693, 4.24901, -11.82352, -0.8209, 2.42831, 1.54058, -2.14739, 0.46036, -2.87704, 7.30332, 0.88498, 1.4728, -3.0032, 0.27786, 4.06363, 2.28301, -6.9909]"
44,sub10,mae,1,sub10-b2__0062__crosstoe.npy,6,crosstoe,6,0.9993901,1,"[-4.76487, -3.80177, -2.63748, -0.98804, -3.20197, -2.45197, 14.55344, -7.4734, -4.39001, -2.43447, -2.38022, 0.77404, 6.69801, -1.26673, 6.01644, 2.04012, -1.43817, -7.53354, 2.68332, 2.11959, 3.06238, -8.98827]"
44,sub10,mae,1,sub10-b2__0063__crosstoe.npy,6,crosstoe,6,0.99942625,1,"[-4.50867, -3.11604, -2.29616, 0.72001, -4.41615, -2.4243, 15.39335, -4.47459, -5.03221, -4.06325, -4.60953, 2.98238, 7.6119, -0.70751, 6.56548, 1.79829, -0.1667, -8.46228, 1.37047, -0.14065, 2.66493, -7.98667]"
44,sub10,mae,1,sub10-b2__0065__crosstoe.npy,6,crosstoe,6,0.9995408,1,"[-5.2898, -4.02843, -3.17835, -0.80591, -2.94564, -2.16604, 15.88462, -5.13163, -5.98866, -2.40293, -4.2055, 2.98076, 7.6256, -0.69192, 7.331, 2.00397, 0.4072, -8.20766, 1.20162, 0.3001, 3.25823, -8.94627]"
44,sub10,mae,1,sub10-b2__0066__crosstoe.npy,6,crosstoe,6,0.9987123,1,"[-3.66795, 1.59433, -2.81428, 2.10667, -7.41159, -0.13249, 17.44361, 2.72321, -7.06946, -7.77029, -8.28796, 10.60457, 8.75821, -2.31924, 7.49394, -1.21547, 2.99938, -7.6194, 1.12246, -3.75691, -1.22874, -11.12134]"
44,sub10,mae,1,sub10-b2__0067__crosstoe.npy,6,crosstoe,6,0.99900407,1,"[-5.05125, 0.77908, -4.33914, 1.26396, -6.28246, -1.31016, 17.56333, 1.5738, -6.92533, -6.44608, -8.41439, 10.04928, 9.24149, -1.74772, 9.07436, -1.52443, 4.58157, -8.13891, 2.01757, -4.36602, -0.93103, -9.37385]"
44,sub10,mae,1,sub10-b2__0068__crosstoe.npy,6,crosstoe,6,0.9956625,1,"[-5.64919, -2.65649, -2.92475, 3.24926, -3.92035, -3.45788, 18.39783, -4.39462, -4.49892, -6.07348, -7.19161, 5.99194, 5.2067, 0.6746, 12.96015, -1.33261, 3.47424, -6.82082, 2.61961, -5.62276, -0.18074, -8.48051]"
44,sub10,mae,1,sub10-b2__0069__throw.npy,18,throw,1,0.99113303,0,"[-0.35968, 11.42259, -3.56151, -1.63939, 1.10524, 1.47718, -2.20872, 4.01332, -2.18403, -2.40792, -1.98964, -2.79733, -2.14068, -4.8884, -1.374, 1.97239, -0.30586, -5.79461, 0.93905, 6.60978, -4.13652, -10.50148]"
44,sub10,mae,1,sub10-b2__0070__throw.npy,18,throw,1,0.9923862,0,"[-0.85428, 13.32508, -3.70988, -2.46823, 0.00757, -3.34978, -0.49961, 8.42873, 1.17582, -3.40128, -5.27894, -2.63147, -3.28346, -0.81371, -2.57757, 1.44332, -1.21803, -2.32305, 4.65165, 1.67163, -4.83967, -0.42422]"
44,sub10,mae,1,sub10-b2__0071__throw.npy,18,throw,1,0.99233866,0,"[-1.68628, 12.80235, -4.20637, -5.82742, -0.47148, -5.53387, 0.48527, 7.78437, 2.34448, -2.08549, -5.43388, -2.95808, -2.11462, -0.91624, -3.57991, 2.48121, -1.76929, -0.9972, 5.8302, 1.62878, -4.36897, 3.35505]"
44,sub10,mae,1,sub10-b2__0072__throw.npy,18,throw,1,0.9968804,0,"[3.37211, 14.32737, -0.47694, -3.07642, -4.01359, 1.01463, -0.46728, 8.53409, -1.08371, -4.01249, -5.17656, 1.32231, -1.84904, -5.8269, -0.49237, 0.78081, -1.34411, -2.62896, -1.03764, 4.55248, -5.62858, -9.80295]"
44,sub10,mae,1,sub10-b2__0073__throw.npy,18,throw,1,0.9998517,0,"[-0.76756, 14.66985, -2.40356, -2.94686, -2.84015, -3.98928, -0.87655, 2.40103, 4.03854, -4.67375, -3.75181, -3.10088, -2.49027, -6.17934, -0.07179, 0.96851, -2.28415, -2.66186, 2.55773, 5.57222, -5.34919, -6.70704]"
44,sub10,mae,1,sub10-b2__0074__throw.npy,18,throw,1,0.9995567,0,"[0.84619, 14.03443, -2.12391, -0.2022, -1.48799, 0.07647, -2.53259, 5.87028, 0.89431, -4.50939, -3.74267, -2.57975, -3.61782, -5.34732, -0.49758, 0.95161, -1.11935, -4.02918, 0.50696, 5.2218, -5.68348, -8.83375]"
44,sub10,mae,1,sub10-b2__0075__throw.npy,18,throw,1,0.99846065,0,"[-1.5212, 12.82525, -3.37386, -0.55438, 0.25793, -1.06256, -0.33863, 5.95019, -0.3151, -4.33389, -3.41523, -2.89037, -2.70111, -3.26986, -1.04992, 2.05994, -0.8186, -5.15332, 1.70705, 5.13924, -3.64707, -7.92909]"
44,sub10,mae,1,sub10-b2__0076__walk.npy,20,walk,20,0.6465358,1,"[-3.00409, -5.64597, 0.64418, -1.4327, 0.06407, -4.28619, -0.97832, -8.65598, 0.49637, 2.09565, 1.26717, -6.91857, 3.5277, -1.17936, -1.0509, 7.47285, -4.10927, -8.03197, -4.05212, 4.54102, 8.15633, -1.03104]"
44,sub10,mae,1,sub10-b2__0077__turnaround.npy,19,turnaround,19,0.99904245,1,"[1.78447, 5.14787, -3.95237, -2.42416, -1.32823, -1.54954, 0.37485, -7.58479, -0.52051, -2.09305, 3.45324, -4.65958, -3.47004, -5.18334, 2.61935, -0.84403, -4.31212, -3.86307, 5.34197, 13.02928, 0.05951, -16.34933]"
44,sub10,mae,1,sub10-b2__0078__walk.npy,20,walk,20,0.9970701,1,"[-1.59085, -5.70903, -6.81545, -5.78441, 4.2296, -5.8837, 5.61562, -4.88309, -6.25139, 4.72395, -2.87924, -6.74867, 0.44575, 8.38809, -2.81546, 11.17176, -8.44373, 3.14296, 2.64435, 3.4478, 17.06857, -6.71421]"
44,sub10,mae,1,sub10-b2__0079__turnaround.npy,19,turnaround,19,0.99984026,1,"[0.26786, 3.32141, -2.99277, -5.75241, 1.62418, -3.19963, -0.24787, -10.7847, 1.04582, 1.39409, 3.12563, -7.25483, -3.64296, -5.1165, 0.51688, 4.38786, -5.39311, -3.20893, 2.94446, 13.97865, 3.10206, -12.84778]"
44,sub10,mae,1,sub10-b2__0080__walk.npy,20,walk,20,0.86673635,1,"[-1.93231, -6.68176, -1.12452, -3.47943, -0.60084, -5.19455, -2.88286, -11.632, 0.5317, 3.94669, 3.85513, -8.70012, 4.88894, 0.04538, -1.20791, 6.75309, -5.02776, -8.46134, -2.68173, 4.02148, 8.91895, -1.03169]"
44,sub10,mae,1,sub10-b2__0081__turnaround.npy,19,turnaround,19,0.9994467,1,"[1.52455, 5.20391, -3.81744, -3.2051, -2.27952, -1.76464, 1.13893, -8.16905, -0.21136, -2.13614, 3.47471, -4.37046, -2.64273, -6.17806, 2.73343, -0.94713, -4.66749, -3.29192, 5.61449, 13.7433, 0.47478, -16.87395]"
44,sub10,mae,1,sub10-b2__0082__walk.npy,20,walk,20,0.9936406,1,"[-2.8547, -6.10021, -7.22042, -5.28384, 4.9442, -6.28165, 7.2494, -4.70366, -6.34284, 4.74582, -3.46157, -6.96145, 0.43697, 9.34856, -1.58188, 11.52527, -7.68035, 3.32652, 2.67251, 1.93071, 16.69924, -5.83457]"
44,sub10,mae,1,sub10-b2__0083__turnaround.npy,19,turnaround,19,0.99984944,1,"[0.49671, 3.69833, -2.51042, -4.45888, 0.86599, -2.27997, -0.53439, -9.69148, 1.04722, 0.29075, 3.17856, -6.66625, -3.6901, -5.62709, 0.69946, 3.34263, -5.0209, -3.66208, 2.91145, 13.65907, 1.89106, -12.76554]"
44,sub10,mae,1,sub10-b2__0084__walk.npy,20,walk,20,0.8424364,1,"[-2.1077, -6.58539, -2.02411, -3.84901, 0.22729, -4.526, -2.74942, -11.16679, -0.02979, 4.35581, 3.43626, -8.69415, 4.64077, 0.14887, -1.31133, 7.08701, -4.60804, -8.56007, -2.58186, 4.42164, 8.98736, -1.43439]"
44,sub10,mae,1,sub10-b2__0085__turnaround.npy,19,turnaround,19,0.9992442,1,"[1.62767, 2.22026, -3.93335, -4.94592, -2.86973, -1.83602, 1.99837, -9.07133, -2.18939, -0.18856, 4.39692, -2.8928, -1.52214, -5.35624, 3.51583, -1.81054, -5.55164, 0.07517, 6.08996, 13.65572, 4.15806, -18.41571]"
44,sub10,mae,1,sub10-b2__0086__walk.npy,20,walk,20,0.99554825,1,"[-2.58431, -6.09821, -7.21642, -5.42403, 4.53348, -6.29478, 7.02015, -4.98975, -6.39255, 4.64861, -3.02887, -6.89815, 0.66792, 9.28333, -1.73664, 11.02287, -7.80264, 3.11818, 3.2472, 2.14346, 16.61358, -6.00241]"
44,sub10,mae,1,sub10-b2__0087__turnaround.npy,19,turnaround,19,0.9998851,1,"[-0.70568, 2.86479, -2.48059, -5.22686, 1.77531, -2.46233, -1.09677, -10.08248, 1.3915, 1.49512, 2.69702, -6.4722, -2.9635, -6.05659, 0.45957, 4.00471, -4.30753, -3.47408, 1.6486, 13.93284, 2.98285, -12.12025]"
44,sub10,mae,1,sub10-b2__0088__walk.npy,20,walk,20,0.8642715,1,"[-2.54694, -6.44141, -1.40371, -3.8602, -0.13619, -4.50886, -2.54791, -10.72711, 0.18192, 4.19119, 2.96229, -7.89826, 4.96451, -0.79137, -1.39194, 7.04708, -4.4058, -8.19847, -3.09665, 4.73889, 9.1618, -1.32615]"
44,sub10,mae,1,sub10-b2__0089__turnaround.npy,19,turnaround,19,0.99978465,1,"[0.9801, 3.66752, -3.70221, -3.71385, -2.69215, -2.02524, 2.49615, -8.68589, -0.62342, -1.83718, 3.53347, -3.69851, -2.033, -6.03867, 3.14143, -0.62177, -5.26399, -1.77312, 5.50459, 14.35493, 2.3329, -17.45962]"
44,sub10,mae,1,sub10-b2__0090__walk.npy,20,walk,20,0.9947454,1,"[-2.10227, -6.18407, -7.28604, -5.27328, 5.3518, -6.13935, 6.78001, -5.25587, -6.89174, 4.87944, -2.6025, -7.22009, -0.03323, 10.03833, -1.80921, 10.83942, -8.18492, 3.23188, 3.33713, 2.17837, 16.47084, -6.70708]"
44,sub10,mae,1,sub10-b2__0091__turnaround.npy,19,turnaround,19,0.9998883,1,"[-0.20737, 3.02618, -2.93961, -5.58238, 1.32144, -2.80798, -0.09096, -10.46265, 1.27328, 1.15615, 2.97568, -7.04027, -3.41852, -5.42257, 1.1714, 3.96341, -4.96533, -3.21865, 2.71513, 14.09322, 3.17089, -12.77611]"
44,sub10,mae,1,sub10-b2__0092__walk.npy,20,walk,20,0.8706115,1,"[-2.31547, -6.24149, -0.97932, -3.87057, -0.42674, -4.49063, -2.67611, -10.52732, 0.24175, 4.05639, 2.97768, -7.78418, 4.80782, -1.05037, -1.91264, 7.17735, -4.85598, -7.7587, -3.21101, 5.06859, 9.32787, -1.5119]"
44,sub10,mae,1,sub10-b2__0093__turnaround.npy,19,turnaround,19,0.99982893,1,"[1.64163, 4.13431, -3.87869, -3.74899, -0.99557, -2.186, 0.85389, -8.71403, -0.66527, -1.09691, 3.92204, -5.28178, -3.40242, -4.95543, 1.82421, 0.25995, -5.72306, -2.14791, 5.23365, 14.46711, 2.4023, -17.02714]"
44,sub10,mae,1,sub10-b2__0094__walk.npy,20,walk,20,0.9942654,1,"[-2.28515, -5.81639, -6.90595, -5.34229, 4.21115, -6.06908, 7.24978, -4.90656, -6.2098, 4.34065, -3.29006, -7.20541, 0.5653, 8.69224, -1.03045, 11.56834, -7.83461, 2.32805, 1.89612, 2.39249, 16.79274, -6.72164]"
44,sub10,mae,1,sub10-b2__0095__turnaround.npy,19,turnaround,19,0.9998969,1,"[-0.69316, 3.47743, -2.9037, -5.62489, 0.39551, -2.53482, -0.85581, -9.85009, 1.94153, 1.27848, 2.58002, -6.2391, -1.69106, -6.7506, 1.26784, 3.22453, -3.60117, -4.35754, 1.76255, 13.85556, 2.62795, -12.1104]"
44,sub10,mae,1,sub10-b2__0096__hop.npy,9,hop,9,0.6045284,1,"[-0.90093, -6.22025, -9.05944, -5.29736, 4.97039, -4.19474, -5.17154, -7.16931, -4.93906, 8.57374, 0.86025, -8.30009, 6.79969, 5.06901, 0.78703, 5.39235, 1.38218, -13.81204, -3.56165, -0.86908, 7.61625, -0.82257]"
44,sub10,mae,1,sub10-b2__0097__hop.npy,9,hop,9,0.85417485,1,"[0.70544, -5.69368, -8.95122, -5.46867, 7.24167, -2.5343, -10.74359, -10.53683, -5.08097, 9.26458, 5.59271, -6.63228, 4.04653, 3.39122, -0.48392, 0.85493, 2.40675, -12.67571, -0.75597, 2.90878, 2.74517, -3.72698]"
44,sub10,mae,1,sub10-b2__0098__hop.npy,9,hop,9,0.82436347,1,"[-0.71824, -5.90837, -10.00429, -5.81457, 8.02425, -3.55581, -9.24779, -8.88674, -5.08491, 9.71277, 3.43377, -7.84312, 4.7857, 4.93723, -0.22469, 3.31214, 3.17527, -13.64727, -2.27636, 1.03556, 4.79702, -1.60023]"
44,sub10,mae,1,sub10-b2__0099__hop.npy,9,hop,9,0.8261221,1,"[1.8785, -5.54967, -10.37383, -5.24977, 8.13329, -2.71924, -10.76375, -9.3203, -5.96138, 9.78355, 3.87907, -6.08891, 3.28968, 5.20377, 1.25578, 0.84125, 3.82303, -13.49117, -1.58204, 0.53867, 2.34626, -3.46071]"
44,sub10,mae,1,sub10-b2__0100__hop.npy,9,hop,9,0.91442555,1,"[1.07256, -5.74047, -10.28709, -6.90006, 6.66521, -2.84069, -8.68356, -8.18975, -6.40343, 9.67567, 3.43241, -6.39102, 5.82859, 4.75199, -1.78681, 3.35958, 1.78954, -12.75133, -1.61116, 0.91577, 5.18405, -3.08687]"
44,sub10,mae,1,sub10-b2__0101__hop.npy,9,hop,9,0.9388148,1,"[2.65757, -4.6048, -9.92921, -6.75744, 5.45828, -3.39258, -9.89781, -8.5038, -5.39473, 9.13337, 3.35093, -6.22542, 5.17374, 4.39549, -1.07398, 2.36418, 1.6302, -12.85532, -1.51769, 0.66433, 3.91094, -2.81786]"
44,sub10,mae,1,sub10-b2__0102__hop.npy,9,hop,9,0.7269353,1,"[1.05795, -5.08898, -10.5719, -5.56617, 8.24445, -4.25984, -8.87502, -6.83252, -5.8906, 9.44834, 1.47158, -6.83392, 3.08645, 6.63487, 0.38697, 3.73832, 2.74043, -12.71348, -2.63096, -0.5409, 4.69226, -1.56819]"
44,sub10,mae,1,sub10-b2__0103__hop.npy,9,hop,9,0.76554555,1,"[5.33557, -3.77461, -11.36852, -5.41613, 7.09474, -3.41023, -12.04198, -8.16836, -6.19472, 9.2115, 4.59949, -5.1055, 2.01234, 7.32486, 0.84333, -1.52431, 3.09471, -12.66572, 1.02889, -1.34128, -0.43328, -3.19799]"
44,sub10,mae,1,sub10-b2__0104__hop.npy,9,hop,9,0.9001106,1,"[3.18544, -4.63523, -10.90964, -6.39776, 8.23843, -3.6869, -11.78285, -8.32377, -6.34918, 10.59292, 4.22274, -5.74534, 3.25181, 6.20307, -1.45292, 0.68221, 2.47607, -12.26728, -0.28213, 0.4013, 2.29962, -2.3985]"
44,sub10,mae,1,sub10-b2__0105__jump.npy,10,jump,10,0.9892265,1,"[-1.98068, -6.0676, -2.11907, -1.46604, 1.87931, -5.79594, -7.96582, -13.63711, 0.2692, 4.48999, 9.97373, -8.76396, 3.25701, 0.80779, 2.78902, -1.91516, -0.67949, -11.09459, -0.34559, 4.27673, 2.90508, -2.53821]"
44,sub10,mae,1,sub10-b2__0106__jump.npy,10,jump,10,0.96259606,1,"[-0.16849, -5.92841, -0.09959, -1.01455, -0.09407, -5.54924, -7.34309, -13.6033, 0.93916, 3.59413, 8.94271, -7.38154, 1.7878, -0.83699, 2.23425, -0.56406, -2.92596, -8.73802, -1.13622, 5.26337, 3.81797, -3.65435]"
44,sub10,mae,1,sub10-b2__0108__jump.npy,10,jump,10,0.98708993,1,"[-2.05348, -6.3722, -2.25493, -2.49451, 1.7617, -4.61615, -8.22969, -13.5333, -0.69053, 5.51937, 10.69156, -6.97505, 3.84843, -1.37911, 3.52127, -2.83546, 0.53169, -10.70227, -1.00879, 5.40803, 2.54877, -4.47328]"
44,sub10,mae,1,sub10-b2__0109__jump.npy,10,jump,10,0.98326117,1,"[-0.42858, -5.73823, -0.59002, -1.83072, -0.61182, -5.69956, -8.01771, -13.81283, 0.88203, 4.06663, 9.82807, -7.46831, 3.66091, -1.37738, 2.89405, -2.10684, -1.70772, -10.28525, -1.14926, 5.12174, 3.31637, -3.51022]"
44,sub10,mae,1,sub10-b2__0110__jump.npy,10,jump,10,0.9726107,1,"[-1.64956, -6.15278, -1.11402, -2.2841, 1.23197, -5.47446, -7.33286, -14.19946, 0.6971, 4.87209, 9.85862, -7.86638, 2.52273, -1.01822, 2.84726, -1.4785, -1.62087, -9.32243, -0.62021, 5.81832, 3.53749, -3.68868]"
44,sub10,mae,1,sub10-b2__0111__runonspot.npy,13,runonspot,13,0.93130636,1,"[-4.56997, -5.26525, -3.65539, 8.69026, 7.14554, -5.40079, -3.0981, -5.3532, -1.15254, -0.28191, 0.24415, -10.67091, -1.19533, 11.50982, 4.29551, 3.12327, 1.90677, -12.9416, -1.83739, -5.84117, 2.28895, 3.19707]"
44,sub10,mae,1,sub10-b2__0112__runonspot.npy,13,runonspot,13,0.9738675,1,"[-4.89179, -4.99732, -4.33033, 9.1906, 7.28163, -6.67865, -3.26908, -5.6455, -0.35722, -0.54115, -0.06131, -11.15035, -1.35707, 12.97362, 4.27767, 2.9445, 2.22125, -12.94034, -0.76777, -7.4495, 1.92113, 5.27069]"
44,sub10,mae,1,sub10-b2__0113__runonspot.npy,13,runonspot,13,0.98430693,1,"[-4.24487, -4.92376, -5.89842, 7.70396, 9.19951, -5.62671, -4.30054, -5.60609, -1.61656, 1.1566, -0.20525, -11.76322, -1.90907, 13.55549, 3.76836, 3.87293, 2.95395, -13.37737, -1.39288, -7.2981, 2.27657, 4.06932]"
44,sub10,mae,1,sub10-b2__0114__runonspot.npy,13,runonspot,13,0.9857298,1,"[-4.5933, -5.15128, -5.41782, 6.75393, 7.43545, -5.37156, -3.97639, -6.43011, -1.55073, 0.84179, 1.83286, -11.18471, -0.42738, 12.11477, 3.245, 2.75942, 1.76446, -12.93173, 0.05178, -5.67152, 2.35709, 3.08639]"
44,sub10,mae,1,sub10-b2__0115__runonspot.npy,13,runonspot,13,0.9950618,1,"[-5.26459, -4.56682, -6.3487, 9.74078, 9.9726, -6.36369, -3.0017, -4.27631, -2.15878, -0.15467, -0.91505, -11.16753, -2.3685, 15.87047, 4.46569, 2.86116, 3.47772, -12.74841, 0.38812, -9.37166, 1.01356, 5.13921]"
44,sub10,mae,1,sub10-b2__0116__buttkicks.npy,4,buttkicks,4,0.99287134,1,"[-2.12246, -5.07821, -12.83631, -5.88933, 17.72558, -3.21672, -11.1197, -7.648, -7.4325, 12.77167, 3.8266, -7.6599, -0.84235, 8.55695, -0.09646, 2.00587, 6.82985, -11.19633, 0.14654, -0.06914, 0.96196, -1.09882]"
44,sub10,mae,1,sub10-b2__0117__buttkicks.npy,4,buttkicks,4,0.97958857,1,"[-3.74744, -6.36041, -11.64413, -4.98022, 15.63329, -4.07475, -8.9163, -8.56579, -6.42563, 11.7184, 3.56864, -9.37208, 1.56072, 8.52868, 0.64279, 3.51132, 5.82789, -12.70528, -1.24495, -0.80237, 3.40662, 0.00215]"
44,sub10,mae,1,sub10-b2__0118__buttkicks.npy,4,buttkicks,4,0.98432183,1,"[-2.65274, -6.16755, -12.78916, -5.92466, 17.0918, -2.01859, -10.72229, -8.48884, -7.94902, 12.94354, 5.09175, -7.09826, 0.42137, 7.34083, 1.06412, 0.88235, 7.54213, -11.75897, -0.09075, 0.32385, 0.73211, -2.91322]"
44,sub10,mae,1,sub10-b2__0120__buttkicks.npy,4,buttkicks,4,0.99651426,1,"[-3.44223, -5.30892, -12.17827, -6.03205, 17.60964, -4.49485, -9.13021, -8.00775, -6.35961, 11.8723, 2.42319, -10.23472, -0.50471, 9.37289, -1.77277, 5.77059, 3.96468, -10.86211, 0.09104, 0.79092, 3.99615, 0.00476]"
44,sub10,mae,1,sub10-b2__0121__buttkicks.npy,4,buttkicks,4,0.97137535,1,"[-5.21331, -7.01976, -10.7038, -5.15719, 14.86072, -3.72696, -6.66466, -9.52238, -6.15294, 11.30694, 3.84004, -10.37451, 2.03237, 7.63755, 0.88366, 4.7879, 3.7959, -11.85871, -1.10913, 0.76017, 4.82236, -1.14255]"
44,sub10,mae,1,sub10-b2__0122__airkick.npy,0,airkick,0,0.976641,1,"[9.45119, -3.40671, -0.68299, 2.91342, -5.35329, -3.7495, -9.75717, -11.55938, 0.5497, -0.08196, 5.33717, -5.62282, 0.83861, 1.62134, 4.18676, -2.53599, -2.99763, -12.11745, -0.71088, -0.91994, -0.62061, -5.13215]"
44,sub10,mae,1,sub10-b2__0123__airkick.npy,0,airkick,0,0.56559795,1,"[5.56415, -1.85157, -1.88729, -0.43301, 1.24119, -0.08677, -6.73763, -5.34156, -3.60843, 2.8949, 0.51471, -3.81702, -0.83083, -0.67072, -0.41998, 3.6115, -1.77601, -10.17075, -2.79217, 4.84473, 2.23147, -6.6528]"
44,sub10,mae,1,sub10-b2__0124__airkick.npy,0,airkick,0,0.71422905,1,"[5.94387, -3.37351, -1.21887, 4.77008, 0.2927, 0.16425, -8.84974, -6.35789, -3.03447, 0.8107, 2.26327, -2.7581, -0.74, 0.40376, 2.54884, -0.70694, 0.57594, -11.77927, -3.78193, 0.85592, -0.8336, -6.25561]"
44,sub10,mae,1,sub10-b2__0125__airkick.npy,0,airkick,0,0.6449098,1,"[6.02476, -4.2795, -0.24276, 2.96605, -1.71478, -2.27619, -9.20308, -10.97206, -0.38626, 1.22831, 5.1856, -5.55535, -0.00086, 0.13866, 2.46096, -0.71018, -2.14478, -10.97665, -1.98937, 2.03947, 0.75306, -5.62014]"
44,sub10,mae,1,sub10-b2__0126__airkick.npy,0,airkick,0,0.9989635,1,"[10.76244, -2.95309, -0.72838, 2.18877, -5.79789, -1.12991, -9.97886, -7.49529, -2.01147, 1.22429, 1.95007, -1.4722, 2.06766, -0.96582, 2.90256, -1.28017, -1.32197, -11.95737, -4.33552, -0.81988, -0.10097, -6.55913]"
44,sub10,mae,1,sub10-b2__0127__airkick.npy,0,airkick,0,0.88300145,1,"[10.04235, 7.19604, -1.73542, -5.43389, -3.22499, 0.67619, -5.45233, -2.53289, -2.16474, 1.13008, -1.38817, -3.33555, -2.73634, -4.43196, -0.36991, 3.64932, -4.34711, -7.76826, -1.54294, 7.41772, -1.7362, -13.12261]"
44,sub10,mae,1,sub10-b2__0128__sidekick.npy,14,sidekick,14,0.6468453,1,"[-9.45031, -7.25396, -1.07345, -2.26718, 5.60952, -3.24002, 3.96182, -11.35417, -1.88495, 4.03481, 2.15891, -2.20347, 2.58061, -2.64396, 6.80351, 0.51651, 2.7376, -4.51024, -0.18467, 4.01913, 2.60302, -5.17241]"
44,sub10,mae,1,sub10-b2__0129__sidekick.npy,14,sidekick,14,0.9736777,1,"[-7.22555, -7.10712, 0.18006, 0.01452, 4.62979, -4.09826, 2.68069, -11.78643, -0.48848, 2.52657, 2.58155, -3.21526, 0.14196, -1.32133, 8.78905, 0.18169, 1.87785, -4.70701, -1.19337, 2.67606, 2.04045, -5.39355]"
44,sub10,mae,1,sub10-b2__0130__sidekick.npy,14,sidekick,14,0.7293668,1,"[-5.89539, -6.62017, 0.06043, -1.46624, 3.48494, -3.57157, 2.08711, -12.77207, 0.09612, 2.2895, 2.6871, -2.60654, 0.15101, -3.13367, 6.34209, 1.54817, 0.42236, -4.02353, -0.46615, 4.77451, 2.80191, -6.72459]"
44,sub10,mae,1,sub10-b2__0131__sidekick.npy,14,sidekick,14,0.92085,1,"[-8.79661, -7.10983, -0.1875, -0.7878, 5.03352, -4.65823, 3.46739, -11.51495, -0.80736, 2.84106, 2.07349, -1.92104, 1.42858, -1.72651, 8.02106, -0.10951, 2.54397, -4.39225, -0.29291, 3.03347, 2.26809, -4.46303]"
44,sub10,mae,1,sub10-b2__0132__sidekick.npy,14,sidekick,14,0.44124827,1,"[-5.42579, -6.7755, -1.25846, -3.30927, 4.09096, -3.57846, 4.649, -12.95405, -1.15375, 2.99245, 0.43352, -1.99687, 0.41225, -2.36816, 6.0535, 3.70093, -0.34139, -3.16957, -0.32223, 5.2784, 4.72522, -8.24485]"
44,sub10,mae,1,sub10-b2__0133__crosstoe.npy,6,crosstoe,6,0.9996773,1,"[-3.6134, -2.87035, -2.62325, -0.01011, -4.54311, -3.12909, 15.95203, -5.21207, -5.25187, -3.66278, -3.79313, 2.74466, 6.2273, -0.39298, 7.68964, 1.34705, -1.05072, -7.87891, 2.28895, 0.3283, 2.22305, -8.8328]"
44,sub10,mae,1,sub10-b2__0134__crosstoe.npy,6,crosstoe,6,0.99964654,1,"[-5.05927, -2.42574, -1.72371, 2.24676, -6.04874, -3.45459, 17.77937, -5.67677, -2.24667, -5.65208, -5.1288, 1.4281, 5.12969, -1.3222, 9.82099, 1.49244, -0.85971, -4.47412, 1.81977, -2.64481, 1.98497, -8.38944]"
44,sub10,mae,1,sub10-b2__0135__crosstoe.npy,6,crosstoe,6,0.9154684,1,"[-6.57602, -0.8395, -1.01721, -3.24619, -9.53018, -3.36459, 14.89292, -1.68541, -2.35799, -4.76396, -6.4469, 9.24289, 12.42077, -5.66578, 9.46451, -2.16448, 3.94284, -2.9251, -2.6825, -3.40407, 3.15144, -6.41052]"
44,sub10,mae,1,sub10-b2__0136__crosstoe.npy,6,crosstoe,6,0.9912703,1,"[-6.62897, -1.39424, -0.84061, -1.74425, -8.52766, -4.65526, 15.41443, -3.12486, -1.32453, -5.00756, -5.76812, 6.51719, 10.31274, -4.08857, 9.45256, -0.51791, 2.72643, -2.30348, -1.95161, -4.08818, 3.18808, -5.29975]"
44,sub10,mae,1,sub10-b2__0137__crosstoe.npy,6,crosstoe,6,0.98634106,1,"[-7.09262, -0.96126, 0.44322, -2.82393, -8.24246, -6.25413, 14.70502, -4.49119, -0.10297, -4.47062, -5.89497, 5.37659, 10.25289, -4.4288, 8.52963, 0.17246, 1.43066, -2.82185, -2.19122, -2.57705, 3.97997, -4.06697]"
44,sub10,mae,1,sub10-b2__0138__crosstoe.npy,6,crosstoe,6,0.99178666,1,"[-5.78538, -0.84743, -0.67119, -4.2427, -9.60613, -4.37759, 15.4129, -5.42063, -0.96423, -4.7738, -5.41329, 7.34581, 10.39265, -6.20146, 8.81236, -0.64851, 1.19073, -2.10349, -0.67549, -1.11414, 2.97462, -7.66331]"
44,sub10,mae,1,sub10-b2__0139__throw.npy,18,throw,18,0.997897,1,"[0.34039, 1.35353, -3.86867, -4.28343, -2.36515, 1.70786, 0.22451, -6.1472, -0.15166, -2.54681, 2.0191, -1.60254, 1.33006, -3.09822, -5.83434, 1.70548, -5.25269, 1.39754, 10.67246, 4.02891, -0.67745, -7.75829]"
44,sub10,mae,1,sub10-b2__0140__throw.npy,18,throw,18,0.99930465,1,"[-0.42399, 1.91131, -4.53366, -6.36549, -4.91498, -2.00687, 0.12491, -7.0303, 2.04724, -1.14448, 2.20997, -2.44788, 1.71328, -4.02556, -3.87439, 1.93235, -4.15466, 3.90606, 11.90365, 2.65613, -0.98117, -2.87348]"
44,sub10,mae,1,sub10-b2__0141__throw.npy,18,throw,18,0.9998838,1,"[1.95381, 1.66594, -6.43465, -4.57635, -2.18993, 0.36084, 0.08092, -1.77539, -0.68099, -1.44404, -0.04226, -2.90692, -1.56141, 1.57644, -5.65009, 2.51426, -4.83308, 4.03593, 13.58523, 0.14203, -1.60331, -2.25672]"
44,sub10,mae,1,sub10-b2__0143__throw.npy,18,throw,18,0.9786733,1,"[0.91314, 1.31963, -3.63312, -2.67752, -2.06166, 4.73444, -0.38132, -2.26466, -2.08348, -2.5651, 1.48605, 1.69297, -1.55569, -4.13006, -3.98062, 0.05373, -2.88474, 5.14655, 9.70103, 3.94316, -2.55344, -9.30837]"
44,sub10,mae,1,sub10-b2__0144__throw.npy,18,throw,18,0.9845562,1,"[0.94561, 2.06719, -3.88631, -0.89896, -1.67627, 4.91095, 0.1684, -0.65413, -1.75953, -3.69665, 0.13583, 1.03448, -2.81428, -2.69937, -3.90561, 0.26918, -2.79994, 4.83246, 9.82157, 2.22386, -3.06899, -8.54926]"
44,sub10,mae,1,sub10-c__0001__sit.npy,15,sit,15,0.943402,1,"[0.30137, 2.41933, -2.82499, -9.71237, -2.37912, 0.09958, 1.1199, -1.30318, -1.67287, 1.67874, -1.66629, -2.19227, 2.08573, -5.81057, -7.09512, 12.05782, -7.04726, 9.22168, 3.9472, 4.92635, 2.36133, -5.54906]"
44,sub10,mae,1,sub10-c__0003__turnaround.npy,19,turnaround,19,0.989495,1,"[3.38805, 6.28161, 0.40696, -9.59186, -6.77488, 0.38782, -5.44864, -3.44243, 2.10567, -0.0519, 4.5556, -2.48403, 2.61281, -9.86428, -4.64718, 0.02362, -6.57861, 2.01298, 3.84594, 11.15312, -1.6359, -9.73548]"
44,sub10,mae,1,sub10-c__0004__sit.npy,15,sit,15,0.80330807,1,"[0.45964, 2.25054, -2.62292, -9.5713, -3.23143, 0.81579, 1.62904, -0.42865, -1.95714, 1.31497, -1.85154, -0.98738, 2.06813, -6.21126, -5.93107, 11.11426, -6.43463, 9.69586, 3.45515, 4.73265, 2.06154, -6.12957]"
44,sub10,mae,1,sub10-c__0005__stand.npy,17,stand,17,0.9793569,1,"[1.01676, 3.17503, 0.77924, -8.94423, -2.92504, 0.21311, -2.65324, -2.75172, -0.88636, 0.86618, 0.06218, -1.13671, -0.83176, -8.68487, -6.23648, 7.83433, -8.12415, 12.97342, 3.98725, 8.77299, 2.14839, -9.11145]"
44,sub10,mae,1,sub10-c__0006__turnaround.npy,19,turnaround,19,0.990063,1,"[3.21239, 6.29116, 0.73361, -8.92085, -6.72738, -0.00109, -5.38993, -4.08103, 2.39252, -0.68868, 4.69514, -2.89406, 2.23131, -9.86807, -4.77672, 0.12549, -7.20747, 2.08995, 4.59743, 11.29432, -1.65847, -9.72132]"
44,sub10,mae,1,sub10-c__0007__sit.npy,15,sit,15,0.91388726,1,"[0.59999, 2.44356, -2.62709, -9.34843, -2.62853, 0.73156, 1.32123, -1.32345, -2.0222, 1.40386, -1.89763, -1.86103, 1.77178, -6.3009, -6.71083, 12.05209, -7.11255, 9.6736, 3.91356, 5.15101, 2.37797, -6.73186]"
44,sub10,mae,1,sub10-c__0008__stand.npy,17,stand,17,0.9472276,1,"[0.90515, 2.785, 0.03166, -9.62255, -2.51776, 0.27997, -1.62824, -3.20428, -1.70833, 1.41191, 0.2026, -0.95263, 0.08724, -8.49806, -7.3823, 8.51579, -8.28071, 12.2423, 5.00176, 8.75959, 2.49008, -8.77002]"
44,sub10,mae,1,sub10-c__0009__turnaround.npy,19,turnaround,19,0.9868831,1,"[3.45372, 6.38535, 0.41528, -9.29005, -6.61382, 0.04122, -5.22613, -3.76753, 2.08185, -0.42799, 4.76606, -2.70819, 2.09185, -9.67223, -4.61215, -0.12379, -6.89398, 2.22834, 4.42419, 11.07216, -2.01749, -9.87902]"
44,sub10,mae,1,sub10-c__0010__sit.npy,15,sit,15,0.919292,1,"[0.29122, 2.53974, -2.4154, -9.75723, -2.68446, 0.14158, 1.34938, -1.47624, -1.55908, 1.48215, -2.00753, -2.10538, 2.02054, -6.31062, -6.7625, 12.23564, -7.22396, 9.78932, 3.93492, 5.00378, 2.43879, -5.85494]"
44,sub10,mae,1,sub10-c__0011__stand.npy,17,stand,17,0.94554996,1,"[0.5882, 3.09041, 0.46434, -9.33503, -2.94216, -0.00999, -1.64579, -3.12929, -1.11726, 0.87275, -0.04824, -1.22777, 0.29184, -8.72415, -7.31228, 8.69652, -8.44298, 12.20851, 4.68, 8.59615, 2.53435, -8.34106]"
44,sub10,mae,1,sub10-c__0012__turnaround.npy,19,turnaround,19,0.99426174,1,"[3.38245, 6.11726, 0.46042, -9.85909, -6.32271, 0.68737, -5.3275, -3.36272, 1.773, 0.10912, 4.17261, -2.1416, 1.61985, -10.01327, -4.62455, 0.42365, -6.73422, 3.27048, 4.03261, 11.62913, -1.44334, -10.4347]"
44,sub10,mae,1,sub10-c__0013__sit.npy,15,sit,15,0.84254736,1,"[0.22674, 2.8334, -1.84056, -9.16311, -3.50657, 1.27492, 1.90808, -1.12028, -1.55477, 0.66912, -2.39313, -1.59859, 2.4512, -7.05983, -5.65629, 11.35769, -6.92446, 9.66876, 3.59384, 4.5882, 1.95131, -6.71005]"
44,sub10,mae,1,sub10-c__0014__stand.npy,17,stand,17,0.9681597,1,"[0.69522, 3.1019, 0.56908, -9.29049, -2.97928, 0.49672, -1.90416, -2.99428, -1.10728, 0.83858, -0.11791, -0.80535, 0.28833, -8.90316, -6.88469, 8.20838, -8.1078, 12.47506, 4.61714, 8.47521, 1.95587, -8.36388]"
44,sub10,mae,1,sub10-c__0015__turnaround.npy,19,turnaround,19,0.9675289,1,"[2.90569, 7.02843, 0.20706, -8.27556, -6.78521, 0.20216, -5.31478, -3.4649, 2.41854, -1.35184, 4.72136, -3.07851, 2.80508, -9.43682, -5.1918, -0.57281, -6.96984, 1.1309, 5.34458, 10.70938, -2.39218, -9.34961]"
44,sub10,mae,1,sub10-c__0016__squat.npy,16,squat,16,0.99645185,1,"[-2.54298, -3.57728, -5.64326, 2.84535, 2.15173, 3.29683, -4.35137, 6.02308, -9.96992, 3.18623, -3.61772, 15.76276, 3.20714, 0.12794, 14.68909, -12.51758, 21.69457, -9.3818, -6.15514, -9.13149, -7.45385, -7.41163]"
44,sub10,mae,1,sub10-c__0017__squat.npy,16,squat,16,0.99950874,1,"[-4.14067, -3.647, -6.9098, 2.43833, 4.679, 2.06475, -4.84749, 5.99864, -9.72946, 4.61425, -4.04549, 13.63117, 2.67323, 1.19037, 15.06457, -11.28947, 22.89664, -10.06264, -6.63533, -9.54613, -6.91717, -5.42421]"
44,sub10,mae,1,sub10-c__0018__squat.npy,16,squat,16,0.9997707,1,"[-5.00852, -5.18346, -7.8895, -7.92003, 3.1861, 1.85697, -5.26689, -1.76607, -9.33287, 10.29519, 2.92812, 11.65341, 9.43396, -5.60308, 10.12628, -9.99092, 20.49324, -8.87069, -3.09308, -3.58846, -4.93116, -6.2539]"
44,sub10,mae,1,sub10-c__0019__squat.npy,16,squat,16,0.9993051,1,"[-4.26159, -5.05923, -7.03415, -7.57938, 1.35105, 1.34435, -5.66523, -3.08838, -8.64772, 9.44263, 4.40973, 11.63577, 9.50708, -6.71086, 11.51429, -11.55869, 19.65678, -8.51624, -2.06973, -3.22369, -5.62829, -7.09031]"
44,sub10,mae,1,sub10-c__0020__squat.npy,16,squat,16,0.9994925,1,"[-4.58946, -4.98278, -7.22283, -7.61232, 2.94872, 1.34173, -5.03759, -1.50225, -9.05301, 10.23495, 1.63996, 12.88445, 8.54273, -5.97089, 11.86988, -10.34104, 20.83899, -8.58558, -3.84445, -3.90701, -5.23112, -6.30957]"
44,sub10,mae,1,sub10-c__0021__squat.npy,16,squat,16,0.9999018,1,"[-5.39427, -5.17893, -8.28324, -7.9372, 4.33072, 1.61594, -5.74151, -2.14519, -9.15045, 10.7933, 2.28608, 11.84987, 8.83866, -5.77691, 11.01431, -10.15752, 21.68262, -9.18437, -3.17197, -3.67097, -5.43076, -5.90966]"
44,sub10,mae,1,sub10-c__0022__pickup.npy,11,pickup,11,0.9997081,1,"[2.71408, -4.16228, 0.71272, -6.39703, -9.3217, -0.48239, 1.49107, -1.44978, -7.21564, 4.10521, -2.58519, 19.31793, 9.33184, -7.65441, 10.50811, -9.38596, 10.06954, -4.5479, -3.81989, -3.02893, -2.49944, -8.20487]"
44,sub10,mae,1,sub10-c__0023__pickup.npy,11,pickup,11,0.99957806,1,"[2.85363, -4.04682, 0.80517, -5.33192, -9.46408, 0.0347, 1.00649, -0.6906, -7.46962, 3.55099, -2.44964, 19.3793, 8.86257, -7.60067, 11.17029, -9.99432, 10.37342, -4.5716, -4.15991, -3.35922, -2.89277, -8.96255]"
44,sub10,mae,1,sub10-c__0024__pickup.npy,11,pickup,11,0.9993979,1,"[2.12245, -4.46214, -0.13814, -5.29745, -8.23994, 0.39449, 0.56291, -0.578, -8.08918, 4.12419, -2.30849, 19.68891, 8.91278, -7.48798, 11.27829, -10.14111, 11.75645, -5.0096, -4.17217, -3.58458, -3.24228, -8.98868]"
44,sub10,mae,1,sub10-c__0025__pickup.npy,11,pickup,11,0.9996921,1,"[2.22822, -4.22874, 0.42478, -6.66661, -9.49446, -0.70277, 1.40134, -1.73704, -7.11624, 4.01439, -2.41648, 19.40527, 10.45037, -8.15832, 9.67081, -9.14569, 10.37245, -4.82164, -3.31749, -2.93773, -2.65167, -7.70562]"
44,sub10,mae,1,sub10-c__0026__pickup.npy,11,pickup,11,0.99988234,1,"[3.40641, -4.16905, 1.70962, -4.59345, -10.85323, 0.25016, 1.44873, -0.86862, -7.36671, 2.35971, -2.77377, 20.04663, 9.80727, -7.79123, 10.30377, -9.9796, 9.37099, -4.81994, -3.88573, -3.43445, -2.76411, -8.87798]"
44,sub10,mae,1,sub10-c__0027__pushchair.npy,12,pushchair,12,0.9997422,1,"[3.19555, -2.71171, 0.60696, -8.39415, -14.1096, -3.32378, 1.99137, -4.95792, -2.4825, 1.96738, 1.68032, 6.88228, 15.24434, -6.59924, 3.61641, -4.1956, 0.06523, -4.86347, -0.85362, -0.99341, 2.77089, -5.18164]"
44,sub10,mae,1,sub10-c__0028__pushchair.npy,12,pushchair,12,0.98937446,1,"[4.02242, -3.05508, 2.35822, -6.96475, -15.15931, -1.8917, 0.90526, -4.86829, -3.23695, 1.23817, 1.24893, 11.15731, 15.69333, -8.74961, 4.25906, -6.59648, 1.83027, -4.96815, -1.26506, -0.76234, 0.64592, -6.57535]"
44,sub10,mae,1,sub10-c__0029__pushchair.npy,12,pushchair,12,0.9977356,1,"[3.83855, -2.29318, 2.29829, -7.51111, -15.14601, -2.93391, 1.70282, -4.83626, -2.04072, 1.03319, 1.09272, 8.68039, 14.792, -7.95729, 4.14485, -5.11845, 0.06579, -4.04352, -1.08275, -0.80075, 1.82993, -5.56486]"
44,sub10,mae,1,sub10-c__0031__pushchair.npy,12,pushchair,12,0.9976714,1,"[3.39216, -2.62391, 1.52001, -8.56266, -14.37479, -2.59139, 1.98207, -5.13483, -2.61983, 1.92316, 1.10121, 9.15877, 15.23047, -8.25945, 3.87505, -4.78737, 0.84487, -4.16709, -1.09988, -0.50903, 2.00538, -5.97973]"
44,sub10,mae,1,sub10-c__0032__sit.npy,15,sit,15,0.58068454,1,"[0.42779, 1.94994, -1.54779, -8.61502, -3.04044, 1.66353, 1.70667, -1.00929, -2.43702, 0.65738, -2.15674, -0.52799, 1.03477, -6.91227, -6.41344, 11.67031, -7.32811, 11.34146, 3.72314, 5.26921, 2.67682, -7.62162]"
44,sub10,mae,1,sub10-c__0033__stand.npy,17,stand,17,0.9881505,1,"[0.78219, 2.69025, 0.76441, -8.81581, -2.93603, 0.37553, -1.95063, -2.66564, -1.29953, 0.85256, -0.39656, -0.48267, -0.77506, -8.78543, -6.57776, 8.48958, -8.10485, 13.65959, 3.77794, 8.57741, 2.85857, -9.17975]"
44,sub10,mae,1,sub10-c__0034__turnaround.npy,19,turnaround,19,0.994743,1,"[3.25539, 6.18424, 0.40122, -9.24656, -6.14684, 0.74693, -5.4745, -3.55118, 1.7881, -0.30567, 4.38562, -2.44659, 1.61298, -9.94067, -4.91024, 0.36592, -6.97343, 2.99016, 4.33493, 11.80058, -1.47097, -10.61182]"
44,sub10,mae,1,sub10-c__0035__sit.npy,15,sit,15,0.79468566,1,"[0.4381, 2.13215, -2.44582, -9.71574, -2.7382, 1.08827, 1.83606, -1.12727, -2.25964, 1.31707, -2.42035, -0.72276, 1.48611, -6.49625, -6.34507, 11.86429, -7.03445, 10.5038, 4.14996, 5.05793, 2.28997, -6.58918]"
44,sub10,mae,1,sub10-c__0036__stand.npy,17,stand,17,0.98286,1,"[0.60613, 2.87188, 0.39337, -9.05927, -2.38286, 0.28924, -2.24821, -2.8626, -1.21306, 1.08195, -0.26112, -0.96966, -0.8243, -8.50647, -6.76969, 8.49892, -8.12011, 13.38114, 4.30554, 8.74367, 2.55924, -8.79952]"
44,sub10,mae,1,sub10-c__0037__turnaround.npy,19,turnaround,19,0.9817259,1,"[3.4613, 6.96616, 0.44003, -8.41017, -7.01466, 0.30523, -5.82226, -3.79667, 2.46092, -1.09815, 4.66396, -3.03567, 2.79971, -9.83131, -5.29737, -0.29789, -7.20132, 1.16578, 4.68193, 11.18545, -1.91449, -10.01133]"
44,sub10,mae,1,sub10-c__0038__sit.npy,15,sit,15,0.71838045,1,"[0.32106, 2.47508, -1.71471, -9.14059, -2.57334, 1.12985, 1.22273, -1.13395, -2.22424, 0.9685, -2.30993, -1.32637, 0.78302, -6.81731, -6.67405, 12.17391, -7.57567, 11.23278, 3.65879, 5.60525, 2.95033, -7.57439]"
44,sub10,mae,1,sub10-c__0039__stand.npy,17,stand,17,0.9835421,1,"[1.06323, 2.61366, 0.35467, -8.99206, -1.89875, 0.25149, -2.97574, -2.71108, -1.49984, 1.49837, -0.11869, -0.79673, -1.40396, -8.21115, -6.92579, 8.44417, -7.92472, 13.53492, 3.97118, 8.97473, 2.46285, -9.00218]"
44,sub10,mae,1,sub10-c__0040__turnaround.npy,19,turnaround,19,0.9864265,1,"[3.30422, 6.38318, 0.52548, -9.57637, -6.85975, 0.57054, -5.17359, -3.22809, 2.13985, -0.24762, 4.38784, -2.28704, 2.17774, -10.00713, -4.03009, -0.20088, -6.29848, 2.47608, 3.62341, 10.93437, -1.91373, -10.04596]"
44,sub10,mae,1,sub10-c__0041__sit.npy,15,sit,15,0.68498373,1,"[0.45284, 2.44356, -1.9234, -9.22558, -2.72449, 1.91038, 1.01254, -1.31141, -2.65701, 0.98154, -1.79705, -0.66526, 1.29292, -7.44223, -6.60238, 11.23201, -7.09094, 10.43903, 4.12052, 6.12666, 2.16935, -8.44901]"
44,sub10,mae,1,sub10-c__0042__stand.npy,17,stand,17,0.98481745,1,"[0.49122, 3.22197, 0.73402, -8.66518, -3.00604, 0.45961, -2.01437, -2.56713, -0.96564, 0.48047, -0.36394, -0.84421, -0.53336, -8.80615, -6.12499, 7.96992, -7.95578, 13.07116, 4.14376, 8.37214, 2.16567, -8.94472]"
44,sub10,mae,1,sub10-c__0043__turnaround.npy,19,turnaround,19,0.96508074,1,"[2.92628, 6.85536, 0.652, -9.07041, -7.19949, -0.04451, -5.36129, -3.26211, 2.97658, -0.68434, 4.29359, -2.8231, 2.72138, -9.76034, -4.09552, -0.56518, -6.50822, 1.59997, 3.82228, 10.3496, -2.10718, -8.86455]"
44,sub10,mae,1,sub10-c__0045__stand.npy,17,stand,17,0.97470516,1,"[0.28835, 2.6454, 0.27269, -9.08514, -2.84974, 0.4598, -0.92868, -2.75607, -1.65112, 0.76174, -0.3258, -0.09937, 0.08939, -8.62261, -6.74038, 8.17873, -7.94667, 12.67048, 5.00339, 8.41399, 2.41729, -8.47736]"
44,sub10,mae,1,sub10-c__0046__turnaround.npy,19,turnaround,19,0.97531986,1,"[3.07946, 7.109, 0.28295, -7.86853, -6.48318, 0.02663, -5.88584, -3.87396, 2.49276, -1.43951, 4.65869, -3.37374, 2.4625, -9.40035, -5.69991, -0.21838, -7.33498, 0.8882, 5.49139, 11.06855, -2.1613, -9.47979]"
44,sub10,mae,1,sub10-c__0047__squat.npy,16,squat,16,0.9990845,1,"[-4.24065, -4.71859, -7.03959, -8.99918, 1.52567, 0.18246, -5.56734, -3.54203, -8.34992, 10.48492, 4.67005, 10.67427, 10.08663, -6.42096, 10.64911, -10.96087, 18.88164, -8.50574, -2.04927, -2.90017, -4.9126, -6.16038]"
44,sub10,mae,1,sub10-c__0048__squat.npy,16,squat,16,0.9987135,1,"[-4.5859, -4.95259, -7.00954, -9.6746, 2.42836, -0.11468, -5.17354, -3.26154, -8.51869, 11.38312, 3.21159, 11.69347, 10.03303, -6.66474, 10.1961, -9.83155, 19.11225, -8.29246, -2.9545, -2.6032, -4.15244, -5.51042]"
44,sub10,mae,1,sub10-c__0049__squat.npy,16,squat,16,0.9997036,1,"[-5.22411, -5.38456, -7.83183, -8.87709, 3.33243, 0.48014, -5.95908, -4.00605, -8.60066, 11.24592, 4.43987, 10.27543, 9.9343, -6.14401, 10.6965, -10.54422, 20.17039, -9.19637, -2.13723, -2.98685, -4.9336, -5.66743]"
44,sub10,mae,1,sub10-c__0050__squat.npy,16,squat,16,0.99926656,1,"[-4.39989, -5.15428, -7.34551, -8.81323, 1.58179, 1.1785, -4.93469, -3.23256, -8.90629, 10.28619, 3.44671, 12.00049, 10.87747, -6.77276, 11.08871, -10.90532, 19.86325, -9.03421, -2.44512, -3.05562, -4.96337, -6.89231]"
44,sub10,mae,1,sub10-c__0051__squat.npy,16,squat,16,0.9995303,1,"[-4.90872, -4.91262, -7.66287, -8.91698, 2.93086, 0.43562, -5.38985, -2.72972, -8.75377, 11.08283, 3.32197, 11.24081, 9.67838, -6.18165, 11.04284, -10.39929, 19.96313, -8.78682, -2.75451, -3.05738, -4.77395, -5.77731]"
44,sub10,mae,1,sub10-c__0052__squat.npy,16,squat,16,0.9995435,1,"[-5.34371, -5.27318, -7.86579, -8.67227, 3.03494, 0.658, -5.42052, -3.05979, -8.8004, 11.14124, 3.6301, 11.11957, 10.27229, -6.53837, 10.57697, -10.32466, 19.92043, -8.99821, -2.56466, -2.81654, -4.5795, -5.77775]"
44,sub10,mae,1,sub10-c__0053__pickup.npy,11,pickup,11,0.9989791,1,"[3.30247, -3.11358, 0.9235, -5.86866, -10.44763, 0.20142, 0.48429, -0.63285, -7.0298, 3.20161, -1.42489, 18.33713, 9.51623, -8.03348, 11.07699, -10.66119, 9.66227, -4.60715, -3.82532, -2.80437, -3.28378, -9.72566]"
44,sub10,mae,1,sub10-c__0054__pickup.npy,11,pickup,11,0.9994288,1,"[3.08239, -3.41666, 1.00957, -6.62103, -10.07679, -0.18318, 0.95926, -1.20323, -6.91086, 3.7755, -1.85799, 18.50055, 9.65402, -8.0599, 10.36498, -9.79997, 9.58306, -4.40424, -3.67251, -2.70689, -2.81935, -8.88502]"
44,sub10,mae,1,sub10-c__0055__pickup.npy,11,pickup,11,0.99968815,1,"[3.82479, -3.18357, 2.30106, -5.64079, -12.18841, -0.232, 1.57073, -1.20224, -6.43549, 2.01993, -2.06475, 18.94069, 10.50984, -8.59925, 9.47104, -9.70365, 7.92064, -4.0487, -3.27936, -2.69394, -2.82629, -9.02858]"
44,sub10,mae,1,sub10-c__0056__pickup.npy,11,pickup,11,0.99973065,1,"[3.57551, -3.40342, 1.88304, -6.09909, -11.45884, -0.01953, 1.77731, -1.11536, -6.71988, 2.67171, -2.25566, 19.12684, 10.41472, -8.33069, 9.73485, -9.67896, 8.36246, -4.21442, -3.53735, -2.63519, -2.51428, -9.07997]"
44,sub10,mae,1,sub10-c__0057__pickup.npy,11,pickup,11,0.999678,1,"[3.58025, -3.75396, 1.73371, -6.04942, -11.08043, -0.57991, 1.02308, -1.85004, -6.4975, 3.18482, -1.79335, 18.58973, 9.82376, -8.38062, 9.66685, -9.58108, 8.24572, -4.12267, -3.30755, -2.50649, -2.43974, -8.53104]"
44,sub10,mae,1,sub10-c__0058__pickup.npy,11,pickup,11,0.99911004,1,"[4.20479, -2.10154, 1.79342, -5.26647, -11.89927, 0.48985, 0.65842, 0.30484, -6.35094, 1.59093, -1.26857, 17.62709, 8.67477, -7.79051, 10.37482, -10.59013, 7.74318, -3.43108, -3.29613, -2.41984, -3.46044, -10.2295]"
44,sub10,mae,1,sub10-c__0059__pushchair.npy,12,pushchair,12,0.9529494,1,"[4.23507, -2.69403, 2.84263, -6.55967, -15.12657, -2.55338, 0.23474, -4.72769, -2.83457, 1.1627, 1.11552, 11.40739, 14.41866, -8.6651, 5.08481, -7.14561, 1.91001, -4.47079, -1.31694, -0.91546, 0.2561, -6.28013]"
44,sub10,mae,1,sub10-c__0060__pushchair.npy,12,pushchair,12,0.99937636,1,"[3.59777, -1.75834, 0.95031, -8.43769, -14.78094, -3.87226, 0.24866, -6.31176, -1.10463, 1.53903, 2.72779, 6.80562, 14.29694, -8.37227, 3.6625, -5.18352, -0.31353, -3.63306, 0.6245, 0.11388, 1.26809, -5.28072]"
44,sub10,mae,1,sub10-c__0061__pushchair.npy,12,pushchair,12,0.99692994,1,"[3.3992, -2.61296, 1.60323, -7.90907, -14.47015, -3.2253, 0.48011, -5.44406, -2.33981, 1.90112, 2.05758, 9.06018, 14.85757, -8.27623, 4.1919, -5.95223, 1.21441, -4.30905, -0.44697, -0.50544, 1.08905, -5.36323]"
44,sub10,mae,1,sub10-c__0062__pushchair.npy,12,pushchair,12,0.9998109,1,"[3.23234, -2.65095, 1.17247, -7.55323, -14.71295, -3.59727, 0.95953, -5.82934, -1.84457, 1.29035, 2.07757, 6.97059, 15.60812, -7.5285, 2.73854, -4.32122, -0.35117, -4.73426, -0.09812, -0.69646, 2.37902, -4.82775]"
44,sub10,mae,1,sub10-c__0063__pushchair.npy,12,pushchair,12,0.9988576,1,"[3.71161, -2.38392, 1.52552, -8.28869, -14.64764, -3.26994, 1.16622, -5.66288, -1.89427, 1.75103, 1.81266, 7.67737, 14.50169, -8.08749, 3.7255, -4.47948, -0.1617, -3.74391, -0.68449, -0.34913, 2.08375, -5.60418]"
44,sub10,mae,1,sub10-c__0064__sit.npy,15,sit,15,0.77221173,1,"[0.13774, 2.56142, -2.50634, -9.11978, -2.19299, 1.73244, 1.3761, -1.27123, -2.78707, 1.12229, -1.61755, -1.13509, 1.7541, -6.73328, -6.80972, 10.92728, -6.94675, 9.67749, 5.06664, 5.602, 1.6812, -7.49795]"
44,sub10,mae,1,sub10-c__0065__stand.npy,17,stand,17,0.97143847,1,"[0.74375, 3.40496, -0.01029, -9.07795, -1.76283, 0.48877, -3.01982, -2.90474, -1.14555, 1.19462, 0.07869, -1.32465, -0.8959, -8.51189, -6.88523, 8.10295, -7.64441, 12.72633, 4.66387, 8.77002, 1.46271, -8.64752]"
44,sub10,mae,1,sub10-c__0067__sit.npy,15,sit,15,0.6874828,1,"[0.25337, 2.08773, -1.92925, -9.56375, -3.31131, 1.39978, 2.11901, -1.32542, -2.39632, 0.98483, -2.01206, -0.43826, 2.04448, -6.99381, -5.9785, 11.14879, -7.04063, 10.35031, 4.15768, 5.34615, 2.3551, -7.41378]"
44,sub10,mae,1,sub10-c__0068__stand.npy,17,stand,17,0.9776303,1,"[0.26946, 3.12126, 0.65728, -8.83732, -2.84048, 0.71598, -1.72021, -2.85798, -1.27546, 0.58486, -0.01316, -0.86486, -0.00215, -9.01325, -7.19591, 8.34184, -8.05863, 12.86226, 4.63955, 8.40726, 2.20085, -8.76512]"
44,sub10,mae,1,sub10-c__0069__turnaround.npy,19,turnaround,19,0.9871848,1,"[2.4421, 6.60981, -0.05039, -8.37916, -6.00355, 0.32386, -5.7706, -3.92207, 2.4386, -0.90583, 4.46164, -3.19885, 2.38095, -9.52711, -5.15662, -0.09753, -6.74695, 1.17874, 5.19801, 11.30155, -1.65957, -9.62184]"
44,sub10,mae,1,sub10-c__0070__sit.npy,15,sit,15,0.976178,1,"[0.52071, 1.87289, -2.66921, -9.06247, -0.39799, -1.3539, 0.33051, -2.68343, -1.99498, 2.1867, -1.9134, -3.76278, 0.04299, -4.64461, -9.45585, 14.28345, -9.07023, 10.55204, 4.7994, 6.11658, 4.73425, -5.34845]"
44,sub10,mae,1,sub10-c__0071__stand.npy,17,stand,17,0.9701581,1,"[0.86389, 2.85736, 0.24131, -9.20938, -2.74162, 0.56647, -1.71358, -2.92704, -1.52978, 1.00064, -0.15852, -0.61078, -0.05628, -8.80276, -7.38558, 8.6296, -8.2546, 12.83662, 4.73127, 8.66734, 2.36187, -8.82718]"
44,sub10,mae,1,sub10-c__0072__turnaround.npy,19,turnaround,19,0.9851496,1,"[2.71832, 6.61825, 0.63504, -7.90462, -6.80958, 0.25351, -5.76278, -4.11852, 2.59561, -1.40343, 4.72738, -2.79531, 2.55631, -10.05444, -4.75573, -0.71904, -6.83092, 1.11369, 4.99789, 11.15922, -2.1722, -9.76868]"
44,sub10,mae,1,sub10-c__0073__sit.npy,15,sit,15,0.9221404,1,"[0.54436, 2.01595, -2.39345, -9.51733, -2.22394, 1.28506, 1.53532, -1.34872, -2.62658, 1.51106, -2.02514, -1.44287, 1.39041, -6.5605, -6.9575, 12.38188, -7.2827, 9.8912, 3.72777, 5.66957, 2.90791, -7.64378]"
44,sub10,mae,1,sub10-c__0074__stand.npy,17,stand,17,0.9888453,1,"[0.81989, 3.01132, 0.35119, -8.91772, -3.06923, 0.95035, -1.76007, -2.76965, -1.4041, 0.78267, -0.18508, -0.06895, -0.12903, -9.20367, -6.70372, 7.93362, -7.7636, 13.33345, 4.77841, 8.29913, 1.63063, -8.896]"
44,sub10,mae,1,sub10-c__0075__turnaround.npy,19,turnaround,19,0.9878401,1,"[3.36067, 6.47815, 0.0827, -8.46253, -6.44884, 0.5341, -6.09754, -4.02902, 2.06814, -0.80181, 4.65114, -2.9036, 2.42012, -9.82721, -5.55341, -0.0505, -7.09398, 1.45751, 5.10833, 11.28243, -1.87375, -10.08884]"
44,sub10,mae,1,sub10-c__0076__sit.npy,15,sit,15,0.95029795,1,"[0.32426, 2.64821, -2.82761, -9.60878, -2.34494, 1.08477, 1.42191, -2.0066, -2.00379, 1.3672, -1.88398, -1.88738, 2.18964, -6.5861, -6.83225, 11.64917, -7.06809, 8.62559, 4.91643, 5.49014, 1.80045, -6.75799]"
44,sub10,mae,1,sub10-c__0077__stand.npy,17,stand,17,0.9682741,1,"[0.76761, 3.64626, 0.35818, -8.90293, -2.90987, 0.60742, -1.99829, -2.88113, -0.9537, 0.52358, -0.10976, -1.19076, -0.06677, -8.8506, -6.68015, 8.01865, -7.97761, 12.20798, 4.9641, 8.11175, 1.31913, -8.38868]"
44,sub10,mae,1,sub10-c__0078__turnaround.npy,19,turnaround,19,0.9616332,1,"[2.89152, 7.26508, -0.05353, -8.12846, -6.89359, 0.26573, -5.99829, -3.56648, 2.69112, -1.25629, 4.71954, -3.20862, 3.23713, -9.68154, -5.2949, -0.75548, -6.60945, 0.0067, 5.2577, 10.71479, -2.55531, -9.07347]"
44,sub10,mae,1,sub10-c__0079__sit.npy,15,sit,15,0.9132269,1,"[0.24465, 3.26568, -2.0919, -9.57543, -2.73037, 0.95462, 1.27061, -1.3055, -1.47711, 0.64877, -2.19134, -2.1617, 1.59604, -6.70526, -6.74582, 11.78895, -7.41386, 9.40479, 4.56309, 5.44495, 1.95576, -6.44936]"
44,sub10,mae,1,sub10-c__0080__stand.npy,17,stand,17,0.9650652,1,"[0.14805, 3.67508, 0.36315, -8.88933, -2.77821, -0.31842, -1.54996, -2.91641, -0.30187, 0.19397, -0.47697, -1.52374, -0.25207, -8.17137, -6.91391, 8.52541, -8.27565, 12.2432, 5.38918, 7.69712, 1.56777, -6.75193]"
44,sub10,mae,1,sub10-c__0081__turnaround.npy,19,turnaround,19,0.9667644,1,"[2.92532, 7.2258, 0.15694, -7.90616, -6.77733, 0.12933, -5.86155, -3.92192, 2.5744, -1.43435, 4.78018, -3.20793, 2.8467, -9.67161, -5.18446, -0.7665, -6.85187, 0.27987, 5.49404, 10.86047, -2.5377, -9.49418]"
44,sub10,mae,1,sub10-c__0082__squat.npy,16,squat,16,0.9997123,1,"[-4.65076, -5.73295, -7.54023, -8.14031, 3.42612, 0.50969, -6.10702, -4.11746, -8.3107, 10.68465, 4.96481, 10.1192, 8.19569, -5.69931, 10.36717, -10.36889, 19.70672, -7.98222, -1.4647, -3.21771, -5.3222, -5.51176]"
44,sub10,mae,1,sub10-c__0083__squat.npy,16,squat,16,0.9991061,1,"[-5.83893, -5.72209, -7.42445, -9.26147, 4.13376, -0.64842, -5.5629, -4.14049, -8.18477, 12.14247, 4.54193, 9.70183, 8.88143, -5.96984, 10.08972, -9.32804, 19.38835, -7.74739, -2.23378, -2.71627, -4.01046, -4.16348]"
44,sub10,mae,1,sub10-c__0084__squat.npy,16,squat,16,0.9997414,1,"[-5.5943, -6.05406, -7.5393, -7.97835, 3.81406, 0.37222, -5.19447, -3.5801, -8.58413, 11.00031, 3.39762, 11.67532, 9.01596, -6.2814, 10.60396, -9.85749, 20.58848, -8.22683, -2.36896, -3.46886, -4.85367, -4.87421]"
44,sub10,mae,1,sub10-c__0085__squat.npy,16,squat,16,0.9995797,1,"[-5.22137, -5.84328, -7.35176, -8.52878, 4.41879, 0.23045, -5.76944, -3.99126, -8.46454, 11.61262, 4.01896, 10.39564, 8.08604, -5.84588, 10.38857, -9.57362, 19.87004, -7.76759, -2.2289, -3.01371, -4.65881, -5.0662]"
44,sub10,mae,1,sub10-c__0086__squat.npy,16,squat,16,0.99902403,1,"[-4.9141, -5.5684, -6.77192, -7.96875, 2.73108, -0.28746, -5.12089, -3.54017, -8.15644, 10.73855, 4.04306, 10.8999, 7.99979, -6.02413, 11.80643, -10.46373, 19.30869, -7.42704, -2.25771, -3.28588, -4.7342, -5.3831]"
44,sub10,mae,1,sub10-c__0087__squat.npy,16,squat,16,0.99845564,1,"[-4.47617, -5.49268, -6.03429, -8.18807, 1.46527, -0.30755, -4.69341, -3.52897, -8.02057, 10.13083, 3.63957, 11.76091, 9.05672, -6.53315, 11.26407, -10.41196, 18.85924, -7.45751, -2.53278, -3.0699, -4.48243, -5.66705]"
44,sub10,mae,1,sub10-c__0088__pickup.npy,11,pickup,11,0.99363977,1,"[1.84164, -3.53119, 0.49924, -6.28051, -8.79892, -1.24106, -0.06987, -1.36005, -6.26807, 4.39459, -0.54102, 16.81143, 8.49539, -7.5586, 11.24262, -10.1618, 10.75247, -4.06753, -3.35413, -2.97214, -3.20377, -7.46927]"
44,sub10,mae,1,sub10-c__0089__pickup.npy,11,pickup,11,0.99537164,1,"[1.03545, -4.27156, -0.38203, -6.49176, -7.81707, -1.25982, -0.19271, -1.97113, -6.70869, 5.16497, -0.94193, 17.50792, 9.27919, -7.95218, 10.60096, -9.60423, 11.81736, -4.7648, -3.35096, -3.12826, -3.00102, -6.95829]"
44,sub10,mae,1,sub10-c__0090__pickup.npy,11,pickup,11,0.9987362,1,"[2.22103, -4.1813, 0.63834, -6.0503, -9.66038, -1.00604, 0.25612, -1.98065, -6.5122, 3.99505, -0.95124, 17.53681, 9.67687, -8.12424, 9.78967, -9.34717, 9.8214, -4.2745, -3.22243, -2.67987, -2.56442, -7.74105]"
44,sub10,mae,1,sub10-c__0091__pickup.npy,11,pickup,11,0.99881387,1,"[1.98257, -3.96549, 0.35296, -7.22919, -8.92644, -1.18561, 0.24148, -2.39639, -6.32533, 4.7189, -0.86502, 17.81975, 9.64873, -8.38062, 9.5585, -9.38922, 10.4723, -4.12231, -2.96181, -2.45616, -2.82959, -7.3026]"
44,sub10,mae,1,sub10-c__0093__pushchair.npy,12,pushchair,12,0.99957377,1,"[3.17617, -3.03551, 0.72781, -8.09686, -14.13889, -3.55412, 1.24901, -5.91031, -2.13229, 1.98221, 2.16288, 7.11519, 14.94544, -7.3315, 3.3769, -4.26971, 0.0227, -4.32413, -0.18888, -0.56443, 2.49728, -5.06788]"
44,sub10,mae,1,sub10-c__0094__pushchair.npy,12,pushchair,12,0.9999747,1,"[1.39083, -2.86777, -1.18043, -8.54632, -12.83212, -4.5194, 1.73824, -6.2474, -1.21842, 2.13994, 2.66136, 3.28075, 15.47318, -6.1454, 0.92719, -1.47923, -1.51868, -4.36987, 1.1235, -0.5054, 4.19648, -2.83859]"
44,sub10,mae,1,sub10-c__0095__pushchair.npy,12,pushchair,12,0.9998528,1,"[3.25557, -2.60792, 0.3955, -8.23575, -14.53843, -4.23541, 2.20467, -6.24553, -1.00242, 1.33728, 1.37749, 5.42776, 14.59658, -6.84269, 2.57237, -2.36828, -1.83816, -3.77372, 0.23388, -0.57525, 3.52389, -4.12414]"
44,sub10,mae,1,sub10-c__0096__pushchair.npy,12,pushchair,12,0.99991417,1,"[2.23121, -3.15089, -0.35917, -8.48816, -13.55024, -3.88464, 0.74768, -6.53456, -1.97901, 2.45775, 3.00089, 6.16076, 15.67914, -7.3893, 2.98113, -4.29945, 0.64187, -5.00959, 0.60328, -0.53203, 2.38468, -4.22203]"
44,sub10,mae,1,sub10-c__0097__pushchair.npy,12,pushchair,12,0.9999348,1,"[2.03491, -2.84248, -0.77735, -9.15687, -12.99484, -4.40211, 1.52236, -6.75941, -1.13803, 2.54751, 2.5517, 4.17163, 14.74278, -6.73389, 2.153, -2.10755, -1.14373, -3.98978, 0.64908, -0.15454, 3.90041, -3.7851]"
44,sub10,mae,1,sub10-c__0098__pushchair.npy,12,pushchair,12,0.99951077,1,"[2.72272, -3.33499, 0.25662, -8.71053, -13.48044, -3.4741, 1.23664, -6.241, -2.30924, 2.57515, 1.94959, 7.52822, 15.18837, -7.78505, 2.66221, -3.73224, 0.56942, -4.34219, -0.12313, -0.24397, 2.64612, -4.92836]"
44,sub10,mae,1,sub10-c__0099__sit.npy,15,sit,15,0.7651479,1,"[0.1596, 2.64456, -1.92009, -8.89509, -2.66508, 1.7401, 1.13078, -0.64091, -2.19854, 0.63797, -2.24819, -1.08243, 1.23493, -6.96492, -6.23508, 11.39536, -6.87844, 10.20285, 3.74243, 5.4299, 2.08777, -7.43945]"
44,sub10,mae,1,sub10-c__0100__stand.npy,17,stand,17,0.959534,1,"[0.26305, 3.5867, 0.60917, -8.9065, -2.8022, 0.36009, -1.80125, -2.93726, -0.78681, 0.42442, -0.05357, -1.6556, 0.26702, -8.62808, -7.44469, 8.80219, -8.22087, 12.32638, 4.76412, 7.89908, 1.87721, -7.81627]"
44,sub10,mae,1,sub10-c__0101__turnaround.npy,19,turnaround,19,0.9941492,1,"[2.91831, 6.12941, 0.18876, -9.11197, -5.8435, 0.77411, -5.42195, -3.55567, 1.67713, -0.22369, 4.29473, -2.20822, 1.57448, -9.89534, -4.47305, 0.03941, -6.43711, 2.39923, 4.57797, 11.65005, -1.78988, -10.4163]"
44,sub10,mae,1,sub10-c__0102__sit.npy,15,sit,15,0.9564906,1,"[0.16195, 2.54218, -2.69077, -10.0846, -2.19918, 0.80847, 1.06667, -1.73445, -1.7868, 1.51007, -1.94919, -2.00631, 1.94424, -6.46171, -7.08042, 12.35925, -6.99483, 9.23723, 4.26831, 5.39263, 2.1508, -6.12906]"
44,sub10,mae,1,sub10-c__0103__stand.npy,17,stand,17,0.97775954,1,"[0.27388, 2.98684, 0.52925, -9.10184, -2.72452, 0.45455, -1.42252, -2.95977, -1.28769, 0.75484, -0.4199, -0.60742, 0.07067, -8.81502, -6.69903, 8.32555, -7.98511, 12.79795, 4.63177, 8.28221, 2.21511, -8.48365]"
44,sub10,mae,1,sub10-c__0104__turnaround.npy,19,turnaround,19,0.9984609,1,"[3.01229, 5.21323, -0.70069, -10.38292, -4.78613, 1.11562, -5.30194, -3.74104, 0.53031, 1.02734, 4.41049, -2.22849, 1.07918, -9.6901, -4.77767, 1.35053, -6.32633, 3.36646, 4.47731, 12.51224, -0.85154, -11.64253]"
44,sub10,mae,1,sub10-c__0105__sit.npy,15,sit,15,0.940778,1,"[-0.28383, 3.28556, -2.28827, -9.33649, -2.36974, -0.62727, 0.90881, -1.22956, -0.35859, 0.83227, -2.53692, -3.26436, 1.10686, -5.68772, -5.8211, 12.37656, -7.06717, 9.59831, 2.96759, 4.78704, 2.62751, -5.32704]"
44,sub10,mae,1,sub10-c__0106__stand.npy,17,stand,17,0.9598404,1,"[0.13331, 3.64705, 0.33389, -8.73468, -2.5763, 0.14238, -1.22913, -2.86145, -0.84517, 0.28326, -0.5343, -1.37825, -0.17625, -8.26933, -6.49906, 8.35244, -8.04459, 11.98715, 5.23498, 7.71602, 1.50914, -7.58838]"
44,sub10,mae,1,sub10-c__0107__turnaround.npy,19,turnaround,19,0.9908116,1,"[3.16748, 6.37556, -0.54439, -8.76925, -5.28508, 0.06006, -6.14688, -4.14295, 1.69529, -0.28664, 4.67449, -3.50209, 1.72004, -8.91297, -6.40434, 0.86588, -7.43848, 1.71478, 5.77937, 11.64988, -1.34304, -9.78787]"
44,sub10,mae,1,sub10-c__0108__sit.npy,15,sit,15,0.8175181,1,"[-0.00605, 2.38833, -1.99307, -9.37854, -2.70819, 1.56581, 1.53257, -1.01407, -2.14596, 0.88283, -2.30587, -0.9451, 1.78264, -7.03541, -5.80738, 11.42097, -6.54845, 9.90842, 3.36156, 5.26511, 2.1083, -7.41889]"
44,sub10,mae,1,sub10-c__0109__stand.npy,17,stand,17,0.97176164,1,"[0.19933, 3.00873, 0.34487, -8.9855, -2.76588, 0.69835, -1.41999, -2.89915, -1.35998, 0.63246, -0.16835, -0.69591, 0.27129, -8.72378, -6.50927, 8.02433, -7.80079, 12.33153, 4.81903, 8.12382, 1.87569, -8.50097]"
44,sub10,mae,1,sub10-c__0110__turnaround.npy,19,turnaround,19,0.96422,1,"[2.73034, 7.38546, 0.01243, -7.88708, -7.03959, -0.2272, -5.70356, -3.97528, 3.12558, -1.67269, 4.58204, -3.56059, 2.9128, -9.70256, -4.92442, -0.55152, -6.85206, 0.06996, 5.41891, 10.89285, -2.25597, -9.3717]"
44,sub10,mae,1,sub10-c__0111__sit.npy,15,sit,15,0.90042937,1,"[0.21737, 2.49413, -2.61176, -9.32651, -2.27875, 1.3262, 1.01485, -1.32906, -2.17795, 1.1211, -1.77245, -1.59177, 1.79844, -6.4962, -7.18863, 11.94751, -6.95269, 9.72788, 4.2526, 5.24959, 2.04183, -6.80463]"
44,sub10,mae,1,sub10-c__0112__stand.npy,17,stand,17,0.9787973,1,"[0.5614, 3.41147, 0.76831, -8.58106, -2.38932, 0.78354, -2.20663, -2.85032, -1.02424, 0.62269, -0.18694, -1.28037, -0.53569, -8.82728, -7.0491, 8.6542, -7.86182, 12.92468, 4.29534, 8.01787, 1.67771, -8.38268]"
44,sub10,mae,1,sub10-c__0113__turnaround.npy,19,turnaround,19,0.9392695,1,"[3.26888, 7.89082, 0.0925, -7.87886, -7.24869, -0.11651, -5.58067, -3.26313, 2.66085, -1.70518, 4.23767, -3.21864, 3.33288, -9.5807, -5.39023, -0.54309, -6.99786, -0.41039, 5.22261, 10.74486, -2.53217, -9.26465]"
44,sub10,mae,1,sub10-c__0114__squat.npy,16,squat,16,0.9991829,1,"[-3.72285, -5.65821, -6.68896, -8.31943, 1.28728, 0.68058, -6.20194, -5.12856, -7.78215, 9.77533, 6.05354, 10.16537, 9.05109, -6.72725, 9.77551, -10.9255, 18.26709, -7.63283, -0.59664, -2.43251, -5.39797, -6.47226]"
44,sub10,mae,1,sub10-c__0115__squat.npy,16,squat,16,0.9991697,1,"[-4.57107, -5.57102, -6.7828, -8.7637, 1.86196, -0.35044, -5.78555, -4.86006, -7.73103, 10.48561, 5.5068, 10.20853, 9.3981, -6.67001, 9.72202, -10.33384, 18.52163, -7.55891, -0.90938, -2.64209, -4.84748, -5.12968]"
44,sub10,mae,1,sub10-c__0116__squat.npy,16,squat,16,0.99895895,1,"[-4.43582, -5.72394, -6.8527, -9.17839, 2.25972, 0.93357, -6.0405, -4.70836, -8.30668, 11.03351, 5.33103, 10.26388, 10.07844, -6.7335, 8.77127, -9.96161, 18.5707, -8.11387, -1.55929, -2.04308, -4.62667, -5.816]"
44,sub10,mae,1,sub10-c__0118__squat.npy,16,squat,16,0.99895453,1,"[-4.06083, -5.73949, -6.26831, -7.54846, 2.02447, 1.61444, -5.52255, -3.22813, -8.67285, 10.10781, 3.54722, 12.33163, 8.92898, -6.48445, 10.34577, -10.44958, 19.43998, -7.97327, -2.79981, -3.25255, -5.01999, -6.35517]"
44,sub10,mae,1,sub10-c__0119__pickup.npy,11,pickup,11,0.998752,1,"[3.27313, -3.96551, 1.43647, -6.46274, -10.85326, -1.49042, 1.13279, -2.4896, -5.99278, 3.31431, -1.13826, 17.16796, 10.25764, -7.99502, 8.27169, -8.24749, 8.08068, -3.85435, -2.6991, -2.51644, -2.21051, -7.3018]"
44,sub10,mae,1,sub10-c__0120__pickup.npy,11,pickup,11,0.99800247,1,"[2.28872, -4.3635, 0.27174, -6.59365, -9.26368, -1.20571, 0.31954, -2.43675, -6.66577, 4.51613, -0.60506, 17.16124, 10.03909, -7.86295, 9.47512, -9.12533, 9.94101, -4.73868, -3.01553, -2.69416, -2.57707, -7.48705]"
44,sub10,mae,1,sub10-c__0121__pickup.npy,11,pickup,11,0.99976236,1,"[2.93254, -4.56759, 0.90281, -5.71577, -9.65987, -0.66562, 1.26811, -1.5927, -7.18528, 3.62032, -2.33247, 19.04033, 9.6236, -7.49658, 9.2917, -8.72124, 9.80547, -4.55464, -3.57137, -3.22527, -2.60493, -7.78026]"
44,sub10,mae,1,sub10-c__0122__pickup.npy,11,pickup,11,0.99816626,1,"[2.58823, -3.97597, 0.75962, -6.36963, -10.09784, -0.8431, 0.35984, -2.22026, -6.51317, 3.81552, -0.33214, 17.1356, 10.30079, -8.18763, 9.16967, -9.31955, 9.34135, -4.40598, -2.73592, -2.50179, -2.7417, -7.91774]"
44,sub10,mae,1,sub10-c__0123__pickup.npy,11,pickup,11,0.998692,1,"[3.01516, -4.54509, 1.61962, -5.86563, -11.12323, -1.54311, 1.23376, -3.21065, -6.08383, 3.04643, -1.29021, 17.63874, 10.92436, -8.44354, 7.70483, -7.94917, 7.66852, -4.24784, -2.45373, -2.39416, -1.85873, -7.0983]"
44,sub10,mae,1,sub10-c__0124__pickup.npy,11,pickup,11,0.99901605,1,"[2.40604, -4.68839, 0.43632, -6.48002, -9.62215, -0.92378, 0.44167, -3.00256, -6.68519, 4.30135, -0.94632, 17.85765, 10.53916, -8.58273, 8.33343, -8.53784, 9.55209, -4.72538, -2.69821, -2.29798, -2.54662, -7.40953]"
44,sub10,mae,1,sub10-c__0125__pushchair.npy,12,pushchair,12,0.9996151,1,"[3.81989, -2.89023, 0.9982, -7.61731, -14.59269, -3.40624, 0.56929, -6.26224, -1.82339, 1.48216, 2.58497, 6.89359, 14.84264, -7.56256, 2.40443, -4.19282, -0.71356, -4.08385, 0.60568, -0.1703, 1.97656, -4.8706]"
44,sub10,mae,1,sub10-c__0126__pickup.npy,11,pickup,12,0.99982053,0,"[4.1625, -2.85173, 0.47901, -7.6325, -14.72902, -3.5485, 0.11063, -7.00944, -1.43254, 1.33089, 3.00465, 5.83313, 14.74206, -7.55868, 2.23798, -4.0035, -1.14927, -4.23303, 1.07709, -0.00481, 1.96559, -5.20909]"
44,sub10,mae,1,sub10-c__0127__pushchair.npy,12,pushchair,12,0.9999552,1,"[2.83011, -2.65428, -0.85248, -8.4021, -13.59187, -4.13687, 0.67853, -6.78729, -1.17628, 1.78254, 3.52485, 3.71927, 14.88696, -6.50474, 1.48004, -2.81494, -1.53836, -4.19504, 1.72219, -0.05355, 2.94069, -4.05457]"
44,sub10,mae,1,sub10-c__0128__pushchair.npy,12,pushchair,12,0.99996245,1,"[2.60976, -3.33087, -0.54993, -8.45345, -13.50558, -4.00062, 1.59602, -6.61333, -1.91321, 2.15356, 2.43279, 5.32498, 15.81442, -6.54297, 1.4023, -2.7087, -0.72238, -5.04646, 1.00195, -0.51062, 3.20667, -3.79902]"
44,sub10,mae,1,sub10-c__0129__pushchair.npy,12,pushchair,12,0.99956137,1,"[3.5856, -3.05195, 0.83995, -7.85983, -14.66592, -3.04101, 0.73998, -6.54633, -2.13549, 1.46316, 2.40881, 8.01835, 15.77459, -8.36202, 2.43911, -4.76363, 0.2347, -4.50508, 0.67193, -0.1413, 1.54024, -5.4467]"
44,sub10,mae,1,sub10-c__0130__pushchair.npy,12,pushchair,12,0.99992573,1,"[2.55189, -3.6091, -0.20906, -8.67756, -13.5059, -3.44857, 1.91686, -6.50947, -2.45985, 2.34739, 2.10254, 6.74295, 16.33202, -7.23592, 1.72024, -3.10233, 0.00056, -5.08353, 0.3455, -0.38944, 3.19549, -4.55961]"
