seed,subject,method,k,file,true_id,true_label,pred_id,conf,correct,logits
44,sub10,supMAE,3,sub10-a__0001__wave.npy,21,wave,21,1.0,1,"[-1.00943, 4.33373, 4.03685, 5.80568, -5.98759, -10.26675, -3.71024, 2.79473, 5.29111, -5.18653, -2.23983, -5.66741, 1.26094, 0.83355, -3.43476, 2.84544, -10.35002, 4.75874, -4.27883, -3.2228, 2.92798, 22.89536]"
44,sub10,supMAE,3,sub10-a__0002__wave.npy,21,wave,21,0.9999995,1,"[-0.21569, 3.61417, 5.0072, 5.22354, -6.07646, -10.1845, -4.04571, 2.31648, 5.08318, -4.28298, -1.56567, -5.60797, 0.82272, 0.76808, -3.28903, 3.35396, -10.8497, 5.48036, -6.12112, -3.34161, 3.85911, 21.30563]"
44,sub10,supMAE,3,sub10-a__0003__wave.npy,21,wave,21,0.99998474,1,"[-0.02918, 5.14665, 3.83419, 5.91289, -5.03685, -6.42255, -4.74679, 6.26907, 3.25206, -3.96538, -1.18863, -4.87942, 0.8544, 0.23898, -5.08783, 2.19917, -8.46546, 4.03775, -4.96512, -3.02465, 2.94944, 18.20979]"
44,sub10,supMAE,3,sub10-a__0004__wave.npy,21,wave,21,0.99999833,1,"[-0.20341, 3.68289, 4.55107, 6.19976, -5.29227, -8.65065, -5.01432, 4.32169, 4.11455, -4.37444, -1.15339, -5.45795, 0.58262, 0.91674, -3.73699, 2.84041, -9.65254, 4.74798, -6.18077, -3.25391, 3.28716, 20.17232]"
44,sub10,supMAE,3,sub10-a__0005__wave.npy,21,wave,21,0.9996043,1,"[-0.56349, 4.20766, 4.06617, 9.11347, -2.50477, -6.57698, -4.87515, 8.98615, 0.38855, -5.14939, -1.26163, -5.34052, -0.17387, 3.57676, -4.29713, 1.51259, -7.22216, 3.18665, -4.54059, -4.02956, 2.15667, 17.59145]"
44,sub10,supMAE,3,sub10-a__0006__wave.npy,21,wave,21,0.99999404,1,"[0.09891, 3.27385, 5.4133, 7.84607, -4.2667, -9.36759, -4.26149, 4.9894, 2.75569, -4.97551, -1.45083, -5.82568, -0.24153, 2.91431, -2.89297, 2.83294, -9.72157, 4.62191, -6.36564, -4.19058, 3.00924, 20.05532]"
44,sub10,supMAE,3,sub10-a__0009__bow.npy,2,bow,2,0.9942064,1,"[4.39571, -2.99699, 12.91179, 1.12668, -9.19447, -12.82244, 3.97689, -9.25342, 2.73392, -4.03903, 2.77241, 3.91798, -0.8391, -1.92357, 7.66446, 1.23019, -9.76166, -0.20525, -9.34909, -1.49981, 1.52862, -1.57048]"
44,sub10,supMAE,3,sub10-a__0010__bow.npy,2,bow,2,0.99890137,1,"[4.35868, -3.60255, 13.93339, 0.82332, -8.71182, -13.44112, 4.0967, -9.00541, 2.55746, -3.80878, 1.73755, 3.46425, -0.52884, -1.53182, 6.94025, 1.44794, -10.44733, 0.21657, -9.59304, -1.61565, 1.87942, -0.98752]"
44,sub10,supMAE,3,sub10-a__0011__bow.npy,2,bow,2,0.99938047,1,"[4.34999, -3.56396, 14.33213, 0.6352, -8.84718, -13.04273, 4.51988, -8.78524, 2.38223, -3.57844, 1.57934, 3.53636, 0.33836, -1.32805, 6.68829, 0.98428, -10.34085, -0.00681, -10.13721, -2.21378, 2.1945, -0.83968]"
44,sub10,supMAE,3,sub10-a__0012__bow.npy,2,bow,2,0.9933281,1,"[4.29672, -2.89437, 12.90781, 1.67013, -9.11891, -12.82822, 4.21872, -8.92958, 2.72898, -4.96133, 2.1286, 3.93115, -0.68928, -1.91407, 7.81621, 1.60103, -9.55854, -0.93316, -9.10415, -1.58666, 0.35633, -1.47046]"
44,sub10,supMAE,3,sub10-a__0013__crossarms.npy,5,crossarms,5,0.99941504,1,"[0.32821, 3.00494, -5.293, 8.39898, 4.78815, 18.30808, -1.42882, 9.52034, -9.6908, 1.55978, 0.55951, 2.18045, -4.3006, 2.12546, -2.37256, -3.63281, 10.43563, -5.47175, 2.30163, -7.16897, -1.98297, -10.71337]"
44,sub10,supMAE,3,sub10-a__0014__crossarms.npy,5,crossarms,5,0.8287026,1,"[0.87457, 1.50501, -3.98509, 11.78681, 5.0037, 13.4178, -1.74321, 7.86966, -9.61717, 0.31275, 2.3049, 0.58089, -5.85078, 5.38589, 1.0105, -4.5063, 8.38078, -6.57955, 0.63137, -8.64983, -2.24216, -9.15876]"
44,sub10,supMAE,3,sub10-a__0015__crossarms.npy,5,crossarms,3,0.60882545,0,"[0.56663, 1.38165, -3.60617, 13.14233, 5.38796, 12.6792, -2.15007, 7.97716, -9.16754, -0.22621, 1.69402, -0.37614, -5.99345, 6.1804, 1.23871, -4.34251, 8.03849, -6.15145, -0.06001, -9.77672, -2.4697, -7.24587]"
44,sub10,supMAE,3,sub10-a__0016__crossarms.npy,5,crossarms,3,0.7876351,0,"[0.97131, 0.98072, -3.39372, 12.85679, 4.90609, 11.51158, -2.02002, 7.23426, -9.07302, -0.19793, 2.47193, -0.31936, -6.14419, 6.4062, 1.7978, -4.47716, 7.20843, -6.22994, -0.28854, -9.2264, -2.05125, -7.48493]"
44,sub10,supMAE,3,sub10-a__0017__crossarms.npy,5,crossarms,3,0.85209805,0,"[0.73144, 0.86907, -3.44247, 13.2523, 4.66201, 11.4688, -2.49445, 7.18979, -8.4721, -0.28978, 2.25231, -0.64096, -5.87982, 6.33532, 1.58945, -4.22278, 7.02963, -5.54271, -0.96448, -9.72742, -1.81006, -6.22428]"
44,sub10,supMAE,3,sub10-a__0018__airpunch.npy,1,airpunch,1,0.9571232,1,"[1.13901, 9.72901, 0.68889, -1.64888, -3.46451, -5.72927, 0.80008, 0.69724, 0.15884, 0.06685, -3.09689, 0.57995, -0.51965, -1.03912, -4.47573, -0.52098, -1.76134, -0.79597, 6.58954, 2.18532, -1.15982, -3.76554]"
44,sub10,supMAE,3,sub10-a__0019__airpunch.npy,1,airpunch,14,0.9083242,0,"[6.8765, -1.41138, 1.03896, 3.7043, -4.54778, -5.18368, -1.19113, -9.90986, 1.3036, 1.01846, 5.77276, -0.69869, -6.82514, 0.18155, 9.49706, -0.27706, -3.54766, -2.155, -5.86485, -2.09565, -0.53991, -5.96331]"
44,sub10,supMAE,3,sub10-a__0020__airpunch.npy,1,airpunch,1,0.86807716,1,"[1.23378, 8.11568, -0.4513, -5.10944, -7.4447, -3.91825, -1.69919, -4.26402, 5.94324, 1.08525, -1.64077, 1.81063, 2.07345, -6.7959, -3.52981, 0.89764, -2.82344, 2.85909, 1.98158, 4.34831, 0.25459, -4.48181]"
44,sub10,supMAE,3,sub10-a__0022__airpunch.npy,1,airpunch,1,0.9585207,1,"[1.98102, 8.33308, -0.55962, -4.92165, -6.77559, -5.42547, -0.31508, -4.19552, 3.11654, 1.51997, -1.79053, 0.76351, 1.50436, -4.90524, -4.15809, 1.1658, -3.70399, 1.4013, 4.40511, 3.85602, -0.03278, -3.72668]"
44,sub10,supMAE,3,sub10-a__0023__airpunch.npy,1,airpunch,1,0.96592015,1,"[1.74373, 8.30719, -0.41975, -2.75793, -7.27324, -4.24428, -1.46517, -3.02021, 4.20452, 0.1416, -2.03538, 1.07397, 2.25377, -4.43544, -3.11662, 0.18263, -3.09187, 2.14731, 3.14449, 3.07461, -0.2665, -2.79016]"
44,sub10,supMAE,3,sub10-a__0024__airpunch.npy,1,airpunch,1,0.8630988,1,"[1.91429, 8.33337, -1.0762, -1.10647, -8.16934, -3.46656, -3.41461, -4.11343, 6.41507, -0.9961, -1.16219, 1.31988, 2.19103, -5.69312, -0.29385, -1.12283, -2.18347, 1.0125, 1.60001, 2.93523, -1.46473, -2.6782]"
44,sub10,supMAE,3,sub10-a__0025__drink.npy,7,drink,7,0.9987226,1,"[-1.68905, 8.20456, -0.21718, 6.02091, 4.57019, 5.84241, -4.55851, 15.20477, -7.28009, -1.00513, -2.23138, 0.00969, -3.01376, 3.23832, -6.48773, -4.35597, 6.1082, -2.59595, 4.94943, -2.39884, 0.0587, -4.18833]"
44,sub10,supMAE,3,sub10-a__0027__drink.npy,7,drink,7,0.9995035,1,"[-1.49683, 7.36001, -0.40225, 7.66521, 4.82888, 5.66286, -4.48146, 16.10774, -8.97976, -1.45264, -2.01021, -0.57019, -2.52426, 5.10075, -6.59909, -4.66983, 5.37366, -2.28862, 6.03052, -2.86418, 0.14432, -3.89451]"
44,sub10,supMAE,3,sub10-a__0029__drink.npy,7,drink,7,0.99979454,1,"[-2.08885, 7.38149, -0.43066, 7.4349, 5.34436, 6.51127, -4.53106, 17.03331, -8.96496, -1.30316, -2.56724, -0.22435, -2.50494, 4.50231, -7.25738, -4.52467, 6.07288, -1.79426, 6.04778, -3.04534, 0.34583, -3.7156]"
44,sub10,supMAE,3,sub10-a__0030__drink.npy,7,drink,7,0.9998085,1,"[-2.7295, 7.6224, -0.58321, 8.27069, 5.35368, 5.92535, -4.53903, 17.50659, -9.03037, -2.1646, -2.51193, -0.1827, -2.29384, 4.84364, -7.21947, -4.5038, 6.14295, -2.47374, 6.29994, -3.11029, -0.28823, -3.20087]"
44,sub10,supMAE,3,sub10-a__0032__brushteeth.npy,3,brushteeth,3,0.99182135,1,"[1.91407, 1.66381, 2.11699, 9.85562, 3.45447, -0.50132, 0.81188, -1.07763, -2.24832, 0.61471, -0.4932, -1.37692, -9.61977, 4.38852, 2.66577, 0.74482, 0.49844, -3.84214, -5.64941, -11.36268, -0.91516, -2.17969]"
44,sub10,supMAE,3,sub10-a__0034__brushteeth.npy,3,brushteeth,3,0.9894332,1,"[1.93366, 1.57648, 2.6319, 10.03871, 3.59506, -1.32416, 0.81072, -0.65241, -2.60048, 0.11137, -0.39197, -1.7248, -9.52221, 5.08419, 2.47312, 0.9828, -0.07716, -4.11272, -5.62831, -11.1566, -1.07509, -2.34192]"
44,sub10,supMAE,3,sub10-a__0035__brushteeth.npy,3,brushteeth,3,0.98602366,1,"[2.01441, 1.4624, 3.04516, 9.91163, 3.59349, -1.79588, 1.07556, -0.68189, -2.80425, 0.15267, -0.298, -1.67466, -9.52802, 5.26971, 2.54834, 0.92131, -0.41922, -4.08506, -5.58551, -10.99058, -0.77891, -2.67748]"
44,sub10,supMAE,3,sub10-a__0036__highfive.npy,8,highfive,8,0.9796331,1,"[2.99603, 5.5538, -2.46284, -3.22722, -10.48384, -1.82945, -7.44629, -7.35037, 9.85904, 1.4748, 2.56547, 1.10294, 2.79524, -9.58303, 0.36445, -0.57051, -3.61848, 2.60422, -3.53197, 4.15786, 1.07696, -4.38338]"
44,sub10,supMAE,3,sub10-a__0037__highfive.npy,8,highfive,8,0.9153345,1,"[3.27911, 5.81207, -2.48578, -3.90318, -10.40171, -0.5622, -6.36719, -6.93274, 8.6489, 1.94002, 2.09448, 2.09105, 2.88817, -9.75921, -0.25224, -0.68556, -2.85583, 2.64352, -2.27325, 4.6679, 1.07788, -6.17057]"
44,sub10,supMAE,3,sub10-a__0038__highfive.npy,8,highfive,8,0.91131973,1,"[3.29001, 5.2513, -2.60593, -4.13284, -10.75693, -0.54863, -6.13625, -7.26566, 8.38349, 2.18923, 2.49875, 2.21757, 3.36487, -9.70438, -0.0319, -1.00251, -3.1877, 2.61747, -1.92356, 4.84538, 1.74819, -6.648]"
44,sub10,supMAE,3,sub10-a__0039__highfive.npy,8,highfive,8,0.8826778,1,"[3.07149, 5.74147, -2.78578, -4.12835, -10.66857, -0.36499, -5.87481, -7.09474, 8.3323, 1.99043, 2.1158, 2.25219, 3.40762, -9.71365, -0.06203, -1.00095, -2.72144, 2.48874, -1.52515, 4.98358, 1.27384, -6.54414]"
44,sub10,supMAE,3,sub10-a__0040__highfive.npy,8,highfive,8,0.97340447,1,"[2.90927, 5.68786, -2.86029, -3.58744, -11.01732, -1.20903, -6.72512, -7.74773, 9.77629, 1.39018, 2.51281, 1.86455, 3.37578, -10.12982, 0.51797, -1.20288, -3.22302, 2.26882, -2.36405, 4.61283, 0.94698, -5.41549]"
44,sub10,supMAE,3,sub10-a__0041__highfive.npy,8,highfive,8,0.9683279,1,"[3.5592, 5.57077, -2.98085, -3.44395, -11.20173, -0.54168, -6.91466, -7.80783, 9.51357, 1.6275, 2.82712, 1.86574, 3.40229, -10.21383, 1.29112, -1.52978, -2.78468, 1.5531, -3.04002, 4.32275, 0.65838, -5.46863]"
44,sub10,supMAE,3,sub10-a__0042__wave.npy,21,wave,21,0.9999883,1,"[-0.63783, 5.96313, 3.31935, 4.36787, -6.15127, -7.65131, -5.39467, 1.77505, 6.8935, -3.28346, -2.06137, -4.33375, 0.42634, -2.10762, -2.84073, 1.96469, -7.65239, 4.65409, -5.72797, -2.99632, 2.97101, 18.75397]"
44,sub10,supMAE,3,sub10-a__0044__wave.npy,21,wave,21,0.9999987,1,"[-1.50301, 3.92298, 5.37874, 4.07487, -6.33379, -10.7718, -4.94345, -0.30821, 8.0562, -4.05229, -2.68598, -4.8078, 0.42589, -1.49738, -1.73781, 3.04202, -9.57732, 5.93141, -7.33086, -3.77765, 3.96365, 21.82634]"
44,sub10,supMAE,3,sub10-a__0045__wave.npy,21,wave,21,0.9999839,1,"[-0.60077, 5.79251, 4.24533, 5.8585, -5.7671, -7.0989, -5.72183, 3.27857, 5.56545, -4.10907, -1.70373, -4.15645, 0.09991, -1.35206, -2.40108, 1.07005, -7.04035, 4.08643, -5.87775, -3.28345, 2.70231, 18.05618]"
44,sub10,supMAE,3,sub10-a__0046__wave.npy,21,wave,21,0.9999975,1,"[-1.04859, 4.36395, 4.70885, 6.10539, -5.31928, -8.48505, -5.89669, 2.53, 6.10166, -4.17021, -1.86409, -4.85236, -0.38586, -0.62947, -1.95964, 1.95672, -7.95967, 4.77395, -7.18025, -4.03008, 3.4518, 20.04055]"
44,sub10,supMAE,3,sub10-a__0047__bow.npy,2,bow,2,0.9991115,1,"[3.67187, -3.46436, 14.5539, 0.81616, -9.75531, -12.62012, 2.99577, -9.12815, 3.39729, -4.39984, 1.8736, 4.84999, 0.14561, -3.00087, 7.38464, 1.3427, -9.83095, 1.52248, -10.87985, -1.7367, 2.60454, -0.13632]"
44,sub10,supMAE,3,sub10-a__0048__bow.npy,2,bow,2,0.9995166,1,"[3.17071, -3.9096, 14.7092, 0.48001, -9.09578, -11.89584, 3.32176, -8.57744, 3.47872, -4.51065, 0.6941, 5.10652, 0.41858, -3.48407, 6.80733, 1.53761, -9.28604, 1.99758, -10.56216, -1.6949, 2.32126, -0.04535]"
44,sub10,supMAE,3,sub10-a__0049__bow.npy,2,bow,2,0.99953306,1,"[3.65806, -3.78437, 14.91555, 0.51786, -9.4262, -11.58526, 3.76003, -8.53085, 2.91298, -4.55989, 0.99207, 5.55092, 0.63344, -3.49286, 6.93357, 1.15215, -9.15458, 1.03494, -10.405, -1.64055, 1.92225, -1.2463]"
44,sub10,supMAE,3,sub10-a__0050__bow.npy,2,bow,2,0.9996136,1,"[3.3115, -3.11451, 15.14954, 0.79175, -9.11809, -12.33225, 4.24426, -8.49407, 3.29833, -5.00286, 0.28545, 5.23212, 0.57819, -3.19989, 7.04129, 0.9628, -8.96744, 0.43789, -10.00773, -2.08343, 1.27925, -0.60567]"
44,sub10,supMAE,3,sub10-a__0051__bow.npy,2,bow,2,0.9978853,1,"[3.82662, -3.59853, 14.00583, 0.52855, -9.78981, -10.85552, 3.25775, -8.99562, 2.98404, -4.35403, 1.64886, 6.56214, -0.05653, -4.44399, 7.46476, 0.90505, -8.27572, 1.09929, -9.86621, -1.21544, 1.56717, -2.06463]"
44,sub10,supMAE,3,sub10-a__0052__crossarms.npy,5,crossarms,5,0.99989986,1,"[-0.05557, 3.81193, -5.52306, 7.35358, 3.28814, 20.82039, -3.39761, 8.92208, -6.97457, 1.60308, -0.54536, 3.07284, -3.34781, -1.58628, -2.66586, -3.40326, 11.52483, -3.21616, 0.87331, -6.87072, -1.83341, -9.26142]"
44,sub10,supMAE,3,sub10-a__0054__crossarms.npy,5,crossarms,5,0.9994492,1,"[-0.08444, 2.54244, -4.77226, 9.66226, 4.17775, 18.78454, -3.38382, 8.9279, -8.06863, 0.97758, 0.52195, 2.44233, -4.71969, 0.74532, -0.91952, -4.04042, 10.93219, -3.85832, 0.26223, -8.06487, -1.49943, -8.68582]"
44,sub10,supMAE,3,sub10-a__0055__crossarms.npy,5,crossarms,5,0.99954236,1,"[-0.19411, 3.14467, -4.94944, 8.96792, 3.72446, 18.75458, -3.19215, 8.87425, -7.62208, 1.01046, 0.30307, 2.44488, -4.22367, 0.36386, -1.49198, -3.88629, 10.79666, -3.65744, 0.44991, -7.75966, -1.35984, -8.39833]"
44,sub10,supMAE,3,sub10-a__0056__crossarms.npy,5,crossarms,5,0.9986064,1,"[-0.01269, 2.42463, -4.10123, 10.58703, 3.49118, 17.7884, -4.04499, 7.6802, -6.38032, 0.71097, 0.37142, 1.78238, -4.73192, 0.52892, 0.1671, -4.20406, 10.38351, -3.68422, -1.79301, -9.48531, -1.70352, -6.42602]"
44,sub10,supMAE,3,sub10-a__0057__airpunch.npy,1,airpunch,1,0.70388937,1,"[0.7958, 9.31117, -1.19759, -0.50911, -7.34486, -2.42458, -4.65066, -2.34316, 8.44001, -0.85438, -1.60935, 0.44911, 1.39366, -6.54562, -1.60417, -1.96498, -1.12842, 0.70427, 0.968, 2.20616, -1.03674, -1.97409]"
44,sub10,supMAE,3,sub10-a__0058__airpunch.npy,1,airpunch,8,0.540859,0,"[1.46069, 8.55333, -1.83783, -1.52008, -8.86904, -2.54145, -4.69615, -4.63971, 8.72788, -0.85046, -1.07545, 1.36522, 2.26592, -7.85848, -0.37849, -1.21968, -1.83411, 1.78826, 0.83142, 3.29945, -1.36375, -1.90552]"
44,sub10,supMAE,3,sub10-a__0059__airpunch.npy,1,airpunch,1,0.9380648,1,"[1.46282, 7.95381, -2.36668, -3.30452, -7.14439, -2.59017, -1.5141, -2.82259, 4.15793, 0.21652, -1.77369, 1.42044, 2.91934, -4.74405, -2.58521, -0.28136, -1.53003, 0.82117, 3.64417, 3.96953, -0.58759, -4.27031]"
44,sub10,supMAE,3,sub10-a__0060__airpunch.npy,1,airpunch,1,0.9412817,1,"[1.25702, 8.17797, -2.26326, -2.61543, -6.36455, -0.85474, -1.30502, -1.76293, 2.62103, 0.19112, -1.97549, 2.61647, 2.46274, -4.3448, -1.37907, -2.24589, 0.91335, -0.55354, 4.86245, 3.78492, -1.27318, -6.29526]"
44,sub10,supMAE,3,sub10-a__0061__airpunch.npy,1,airpunch,1,0.95011854,1,"[1.85901, 7.88843, -2.6817, -1.26927, -7.02771, -1.07279, -2.29657, -1.83196, 2.98004, -0.66857, -1.61017, 1.51876, 2.7187, -3.90908, -1.05022, -1.70469, -0.03658, -0.44533, 4.08752, 3.41941, -1.78452, -4.36122]"
44,sub10,supMAE,3,sub10-a__0063__drink.npy,7,drink,7,0.9990632,1,"[-2.56414, 8.25986, -1.03722, 5.0101, 4.052, 7.02346, -4.13323, 15.71431, -7.27975, -0.89129, -2.72463, 0.77316, -1.80302, 2.48503, -7.54194, -4.00985, 6.61543, -1.60115, 5.71351, -1.79381, 0.41354, -4.25613]"
44,sub10,supMAE,3,sub10-a__0064__drink.npy,7,drink,7,0.999561,1,"[-2.24505, 7.10805, -0.65744, 8.4794, 4.90278, 6.48153, -5.14152, 16.70217, -8.69814, -2.13816, -1.73621, -0.08247, -2.29971, 4.65876, -5.73749, -5.10822, 6.67532, -3.10787, 5.01017, -3.23798, -0.60693, -3.97138]"
44,sub10,supMAE,3,sub10-a__0065__drink.npy,7,drink,7,0.99935144,1,"[-1.93132, 7.25148, -1.09836, 5.5447, 4.6524, 7.82305, -3.82178, 16.01848, -9.03309, -0.51296, -2.28678, 0.9287, -2.04925, 3.64734, -7.20255, -4.38036, 6.91903, -1.76106, 6.31049, -1.87265, 0.43111, -6.22954]"
44,sub10,supMAE,3,sub10-a__0067__drink.npy,7,drink,7,0.9991698,1,"[-2.13388, 8.13019, -1.16376, 6.27635, 4.02337, 6.52452, -4.99109, 15.7323, -7.66106, -1.20864, -2.14061, 0.53646, -2.1233, 2.99316, -7.09971, -4.54578, 6.37253, -2.40489, 5.92907, -2.07076, -0.07378, -4.25095]"
44,sub10,supMAE,3,sub10-a__0068__drink.npy,7,drink,7,0.99967,1,"[-2.15671, 7.21601, -1.05614, 7.65029, 4.97387, 7.32187, -4.64198, 16.83085, -9.07955, -1.57735, -1.99415, 0.42788, -2.28646, 4.34106, -6.38051, -4.8287, 7.08304, -2.63498, 5.82714, -2.76547, -0.41237, -5.2261]"
44,sub10,supMAE,3,sub10-a__0069__brushteeth.npy,3,brushteeth,3,0.99542904,1,"[-0.04326, 2.69387, 3.38315, 13.61922, 4.00414, -5.0032, 0.4843, 1.47889, -1.62768, -2.75001, -2.85723, -4.20278, -8.82628, 8.18122, 2.43131, 0.74626, -1.04026, -3.404, -4.9828, -13.06234, -1.43624, 4.37932]"
44,sub10,supMAE,3,sub10-a__0071__brushteeth.npy,3,brushteeth,3,0.9945121,1,"[1.78693, 1.37349, 2.39221, 9.90309, 2.72791, -0.33503, 0.65048, -1.5582, -1.63995, 0.39293, -0.81053, -0.96082, -9.30209, 3.68802, 3.18963, 0.6159, 0.69804, -3.27743, -6.03048, -11.45845, -0.83185, -1.45615]"
44,sub10,supMAE,3,sub10-a__0072__brushteeth.npy,3,brushteeth,3,0.991126,1,"[1.73814, 0.99209, 2.9603, 9.38698, 1.99646, -1.17278, 0.74298, -2.18294, -1.13226, 0.5873, -0.7083, -0.73341, -8.81095, 3.37436, 3.48783, 0.49805, 0.06935, -2.77077, -6.5614, -11.2987, 0.06986, -0.94382]"
44,sub10,supMAE,3,sub10-a__0073__brushteeth.npy,3,brushteeth,3,0.99230665,1,"[1.71827, 1.34532, 2.94883, 9.86209, 2.55253, -1.74025, 0.67009, -1.45397, -1.61691, 0.03548, -0.57628, -1.29125, -9.0746, 4.33165, 3.13884, 0.7291, -0.14801, -3.45926, -6.24331, -11.19531, -0.54312, -1.18944]"
44,sub10,supMAE,3,sub10-a__0074__brushteeth.npy,3,brushteeth,3,0.9934274,1,"[1.82882, 1.4556, 2.63306, 9.86016, 2.74317, -0.76489, 0.68503, -1.19911, -2.06838, 0.25355, -0.42089, -0.97247, -9.1807, 4.05569, 2.99443, 0.57758, 0.3846, -3.79327, -5.89748, -11.17062, -0.78728, -2.16672]"
44,sub10,supMAE,3,sub10-a__0075__brushteeth.npy,3,brushteeth,3,0.9916841,1,"[2.12724, 1.33064, 2.79529, 9.49445, 1.71029, -1.32636, 0.19587, -2.47114, -0.98017, 0.34796, -0.13928, -0.40243, -9.13011, 3.05248, 3.87032, 0.24919, 0.27342, -3.4112, -6.43104, -10.84945, -0.78005, -1.48998]"
44,sub10,supMAE,3,sub10-a__0076__highfive.npy,8,highfive,8,0.97935665,1,"[2.43391, 5.3416, -2.34329, -3.9048, -10.81892, -2.05435, -6.70735, -7.31662, 9.85128, 1.38012, 2.12832, 1.11429, 3.62396, -9.65121, -0.11736, -0.09367, -4.2406, 3.40879, -2.98775, 4.45824, 2.11254, -3.72936]"
44,sub10,supMAE,3,sub10-a__0078__highfive.npy,8,highfive,8,0.96452403,1,"[2.91631, 5.87929, -2.33706, -3.30186, -10.59075, -1.0445, -6.82393, -7.04754, 9.50992, 1.20872, 1.98054, 1.70375, 2.99631, -9.75903, 0.40884, -0.58109, -2.90745, 2.5715, -3.23321, 4.1952, 0.71395, -4.86441]"
44,sub10,supMAE,3,sub10-a__0079__highfive.npy,8,highfive,8,0.93460345,1,"[3.06578, 5.54865, -2.48032, -3.79975, -10.66686, -0.74629, -6.11029, -7.22405, 8.74437, 1.63046, 2.00969, 2.06035, 3.2214, -9.62191, 0.28714, -0.72493, -2.85864, 2.73775, -2.5034, 4.54527, 1.12876, -5.71864]"
44,sub10,supMAE,3,sub10-a__0080__highfive.npy,8,highfive,8,0.9891556,1,"[2.69953, 5.84668, -1.87189, -3.42558, -10.6178, -2.07145, -7.13359, -7.66855, 10.64611, 1.59518, 1.60663, 1.23459, 2.77949, -10.15739, -0.00792, -0.42516, -3.59042, 3.36977, -3.87581, 3.5658, 1.35022, -3.06948]"
44,sub10,supMAE,3,sub10-a__0081__highfive.npy,8,highfive,8,0.9801158,1,"[2.3995, 6.41301, -1.88277, -2.97698, -10.48779, -2.60595, -6.70966, -6.6866, 10.46523, 0.94225, 0.97207, 0.81669, 3.25085, -9.23212, -0.76866, -0.2829, -3.88693, 3.02052, -3.24161, 3.49321, 0.91658, -2.37826]"
44,sub10,supMAE,3,sub10-a__0082__wave.npy,21,wave,21,0.9788537,1,"[0.58743, 6.33942, 2.26855, 1.2262, -8.19154, -5.65316, -6.33011, -0.75822, 8.67199, -1.37821, -1.10641, -2.39167, 1.49237, -5.7455, -3.44447, 1.9939, -7.17732, 5.33483, -5.6829, -0.94842, 3.1878, 12.63931]"
44,sub10,supMAE,3,sub10-a__0085__wave.npy,21,wave,21,0.9999846,1,"[-0.7081, 4.38012, 4.43786, 5.45943, -5.42186, -7.70041, -6.51194, 1.91906, 6.81784, -3.55847, -1.55471, -4.38481, -0.37578, -1.45452, -1.80429, 2.07749, -7.43039, 4.85859, -8.19972, -3.96801, 3.33643, 18.38524]"
44,sub10,supMAE,3,sub10-a__0086__wave.npy,21,wave,21,0.9999939,1,"[-0.89029, 4.44418, 4.74451, 5.21551, -6.22874, -8.96108, -5.85793, 1.54801, 6.88424, -3.91072, -1.58541, -4.37862, 0.29042, -1.31748, -1.98235, 1.94489, -8.36038, 5.00085, -7.29325, -3.48332, 3.57516, 19.35107]"
44,sub10,supMAE,3,sub10-a__0087__bow.npy,2,bow,2,0.9980013,1,"[3.35483, -3.19263, 13.96582, 1.10192, -9.92989, -11.67856, 2.97984, -9.10974, 3.80717, -4.78622, 1.03846, 6.1889, -0.31526, -4.34632, 7.45302, 1.52171, -8.63958, 1.50103, -9.99412, -1.70649, 1.71011, -0.65256]"
44,sub10,supMAE,3,sub10-a__0088__bow.npy,2,bow,2,0.9990773,1,"[3.08855, -3.0167, 14.55317, 1.19518, -9.23236, -11.91973, 3.16893, -8.64973, 3.57662, -4.77139, 0.76369, 5.97317, -0.37232, -3.84972, 7.27117, 1.08278, -8.37728, 1.21317, -9.96402, -2.09221, 1.67186, -0.54534]"
44,sub10,supMAE,3,sub10-a__0089__bow.npy,2,bow,2,0.99736065,1,"[3.44831, -3.27088, 13.69588, 0.7086, -9.92158, -11.29309, 2.79501, -9.01325, 3.69205, -4.87066, 1.21237, 6.40642, 0.01549, -4.69392, 7.40131, 1.24892, -8.34354, 0.8679, -9.59613, -1.02819, 1.17993, -1.76423]"
44,sub10,supMAE,3,sub10-a__0091__bow.npy,2,bow,2,0.9995912,1,"[2.88974, -3.73601, 15.15845, 0.67624, -9.11486, -11.38015, 4.28533, -8.28842, 3.29331, -5.04112, -0.25315, 6.0092, 0.61504, -4.05041, 6.93022, 1.25092, -8.43442, 1.56007, -9.97572, -1.90407, 1.69709, -0.44161]"
44,sub10,supMAE,3,sub10-a__0093__crossarms.npy,5,crossarms,5,0.9997292,1,"[0.85059, 2.28609, -4.62768, 9.14, 1.84565, 18.98359, -4.13586, 5.83447, -5.39069, 1.16867, 0.6296, 3.03406, -4.10281, -1.79519, 0.8309, -4.50629, 10.5406, -3.28627, -1.41736, -8.08301, -1.91912, -7.89868]"
44,sub10,supMAE,3,sub10-a__0094__crossarms.npy,5,crossarms,5,0.99987364,1,"[-0.1485, 2.74876, -5.38584, 8.03959, 3.09877, 20.43957, -3.46574, 8.80712, -7.70842, 1.3969, 0.17934, 3.06517, -3.06994, -0.60059, -1.77149, -4.0774, 11.35441, -2.85219, 0.84749, -6.91727, -1.08856, -9.4916]"
44,sub10,supMAE,3,sub10-a__0095__crossarms.npy,5,crossarms,5,0.9998597,1,"[0.10411, 2.48699, -5.27416, 8.43899, 3.16701, 20.59484, -3.71109, 8.54468, -7.72712, 1.5787, 0.1495, 3.33903, -3.65731, -0.9134, -1.18601, -4.40185, 11.64024, -3.02684, 0.65838, -7.23868, -1.30036, -9.52421]"
44,sub10,supMAE,3,sub10-a__0096__crossarms.npy,5,crossarms,5,0.99971527,1,"[-0.5453, 2.13429, -4.9952, 10.09241, 3.46835, 19.59792, -3.97142, 8.97094, -7.35027, 0.74892, 0.02529, 2.13702, -3.53847, 0.40301, -1.05538, -4.05251, 11.00777, -2.70311, -0.5684, -8.66788, -1.14286, -7.21135]"
44,sub10,supMAE,3,sub10-a__0097__crossarms.npy,5,crossarms,5,0.99957544,1,"[-0.57394, 2.10822, -4.85199, 9.99074, 3.78047, 19.28679, -3.68871, 9.12334, -7.88063, 0.69237, 0.20855, 2.38944, -3.70916, 0.76494, -0.91606, -4.14636, 11.15513, -3.20631, -0.15688, -8.37614, -1.22586, -7.9972]"
44,sub10,supMAE,3,sub10-a__0099__airpunch.npy,1,airpunch,1,0.9752609,1,"[-0.07485, 8.65013, -1.67898, -0.94497, -4.14165, 3.34503, -4.52813, 2.69279, 2.62471, -0.20824, -1.64993, 3.24141, 0.41123, -5.32662, -2.76886, -2.40199, 3.66292, 0.2625, 2.00958, 2.3138, -1.16364, -7.46292]"
44,sub10,supMAE,3,sub10-a__0101__airpunch.npy,1,airpunch,1,0.9761444,1,"[0.77106, 8.27159, -1.97579, -0.73373, -4.97422, 2.71058, -4.43504, 1.24829, 2.7156, 0.1341, -1.43833, 2.87339, 0.32808, -5.36783, -2.1148, -2.31734, 2.82186, 0.65145, 2.25355, 2.28009, -0.84165, -6.91993]"
44,sub10,supMAE,3,sub10-a__0102__airpunch.npy,1,airpunch,1,0.92029345,1,"[1.1175, 7.45668, -2.27352, -0.11182, -6.7861, -2.79347, -2.80052, -1.48256, 3.0362, -0.98288, -1.75617, 0.49469, 1.50419, -3.43106, -1.93315, -0.21933, -1.75388, 2.07469, 4.47131, 3.00785, -0.0396, -1.39942]"
44,sub10,supMAE,3,sub10-a__0103__airpunch.npy,1,airpunch,1,0.93880576,1,"[1.49639, 7.76979, -0.96058, -1.24111, -6.76313, -0.36993, -3.25083, -2.23299, 4.63186, 0.04106, -1.48962, 2.42797, 0.95427, -5.72289, -0.53361, -2.19308, 0.39084, 1.40371, 1.95332, 2.80199, -0.3727, -5.62673]"
44,sub10,supMAE,3,sub10-a__0104__drink.npy,7,drink,7,0.99958557,1,"[-2.49959, 7.41699, -0.35611, 6.41325, 4.73629, 7.22791, -4.58194, 16.26937, -7.92472, -1.13935, -2.25048, 0.42864, -2.26558, 3.47979, -6.53092, -4.72534, 6.8216, -1.78975, 4.62709, -2.80497, 0.66712, -4.30621]"
44,sub10,supMAE,3,sub10-a__0105__drink.npy,7,drink,7,0.9997695,1,"[-2.49163, 6.9356, -0.92447, 8.31057, 5.31384, 7.6222, -4.71565, 17.51998, -9.29987, -1.79552, -2.0879, 0.30713, -1.96588, 4.83133, -6.1853, -5.06768, 7.4382, -2.39095, 5.29176, -3.34824, -0.43568, -4.90946]"
44,sub10,supMAE,3,sub10-a__0106__drink.npy,7,drink,7,0.999723,1,"[-2.40528, 7.44052, -0.77514, 7.76039, 4.69227, 6.97937, -4.65293, 16.97243, -8.67442, -1.86967, -2.11714, 0.33978, -2.05125, 4.20295, -6.30487, -4.89047, 6.8637, -2.36222, 5.51256, -2.86833, -0.2142, -4.34284]"
44,sub10,supMAE,3,sub10-a__0107__drink.npy,7,drink,7,0.9997148,1,"[-2.37605, 7.40448, -1.35356, 6.89149, 5.09272, 7.45317, -4.55931, 16.91602, -8.96065, -1.11902, -2.28481, 0.53128, -2.14454, 4.08406, -7.11459, -4.63622, 7.11733, -2.03676, 6.2645, -2.48406, 0.01703, -5.17352]"
44,sub10,supMAE,3,sub10-a__0108__drink.npy,7,drink,3,0.9537124,0,"[-0.74945, 6.04155, 1.85528, 12.11278, 1.75026, -1.97901, -4.1956, 8.9656, -4.89423, -3.45291, -1.99452, -3.13926, -4.05653, 6.07067, -1.14737, -4.54159, -0.07151, -0.63333, 3.15269, -5.0513, 0.83825, 4.77983]"
44,sub10,supMAE,3,sub10-a__0109__brushteeth.npy,3,brushteeth,3,0.9853721,1,"[0.3625, 2.00425, 4.88956, 12.36673, 3.45383, -6.89734, 1.1607, 0.44029, -1.07376, -2.60868, -2.93353, -4.10297, -8.64966, 8.06185, 2.67571, 1.25257, -2.54595, -2.42049, -5.89779, -12.43778, -0.42402, 4.76934]"
44,sub10,supMAE,3,sub10-a__0110__brushteeth.npy,3,brushteeth,3,0.9949649,1,"[1.46736, 1.51667, 2.98294, 10.49195, 3.26644, -1.08654, 0.99938, -0.66223, -1.79989, -0.5443, -1.33701, -1.57543, -9.3063, 4.62194, 2.74809, 1.18234, 0.20742, -3.2528, -6.14266, -11.78325, -1.05946, -0.74831]"
44,sub10,supMAE,3,sub10-a__0111__brushteeth.npy,3,brushteeth,3,0.9949634,1,"[1.42316, 1.2519, 3.14177, 10.09227, 2.80877, -1.24487, 0.61554, -1.20374, -1.37744, -0.36854, -1.05103, -1.0619, -9.124, 3.85324, 2.91614, 1.17685, 0.07721, -3.20928, -6.47959, -11.56697, -0.89556, -0.84969]"
44,sub10,supMAE,3,sub10-a__0112__brushteeth.npy,3,brushteeth,3,0.99483114,1,"[1.42972, 1.33253, 3.02368, 10.03399, 2.589, -1.00911, 0.74036, -1.16239, -1.52827, -0.26767, -0.98337, -0.99882, -8.86588, 3.90224, 2.89871, 0.84949, 0.20408, -3.3505, -6.28689, -11.4835, -0.78385, -1.1206]"
44,sub10,supMAE,3,sub10-a__0113__brushteeth.npy,3,brushteeth,3,0.9931433,1,"[1.3029, 1.2922, 3.47364, 10.08865, 2.69085, -2.06478, 0.70623, -1.00625, -1.43601, -0.51774, -1.03791, -1.43277, -8.78602, 4.47635, 2.70289, 1.14739, -0.54743, -3.13005, -6.52226, -11.47001, -0.4471, -0.42336]"
44,sub10,supMAE,3,sub10-a__0114__highfive.npy,8,highfive,8,0.98407227,1,"[3.14597, 4.94914, -1.65673, -3.19135, -10.58556, -1.93501, -7.27907, -7.49802, 9.75348, 1.49838, 2.3599, 1.30056, 2.58612, -9.50033, 0.76353, -0.39035, -3.8505, 3.45185, -4.40501, 3.7302, 1.75842, -3.67381]"
44,sub10,supMAE,3,sub10-a__0115__highfive.npy,8,highfive,8,0.97016555,1,"[2.50714, 6.08307, -2.01178, -2.70194, -10.26665, -1.81019, -6.76557, -6.60375, 9.77752, 0.73774, 1.41892, 1.34762, 2.71345, -9.29469, -0.03266, -0.24981, -3.35261, 3.10413, -3.23293, 3.67721, 0.87322, -3.1982]"
44,sub10,supMAE,3,sub10-a__0116__highfive.npy,8,highfive,8,0.99360234,1,"[2.44337, 5.9633, -1.29002, -2.6913, -10.71318, -2.66605, -7.33788, -7.23316, 11.22497, 0.63195, 1.21582, 0.87583, 3.00941, -9.80197, 0.1309, -0.12859, -4.02713, 3.31021, -4.84922, 3.06516, 1.03935, -1.131]"
44,sub10,supMAE,3,sub10-a__0118__highfive.npy,8,highfive,8,0.99841857,1,"[3.1858, 5.13494, 0.0655, -2.80713, -10.82359, -3.66646, -7.38185, -8.91602, 11.98755, 1.28111, 1.24145, 0.53882, 2.17861, -9.94116, 1.60707, -0.59058, -4.48411, 3.13959, -6.75799, 1.98855, 1.52143, 0.22529]"
44,sub10,supMAE,3,sub10-a__0119__highfive.npy,8,highfive,8,0.9978109,1,"[3.73071, 5.07627, 0.09402, -3.01671, -11.12049, -3.67743, -6.98017, -9.56638, 11.74126, 1.60382, 1.28591, 0.85692, 1.88923, -10.24942, 1.66251, -0.37651, -4.74974, 3.55431, -6.29582, 2.24956, 1.42316, -0.75667]"
44,sub10,supMAE,3,sub10-a__0120__wave.npy,21,wave,21,0.9727674,1,"[0.07691, 6.47135, 2.48757, 2.81855, -6.78277, -3.61472, -7.20691, 1.96169, 7.66565, -1.93954, -0.9616, -2.36343, 0.97212, -4.97527, -2.82072, 0.59505, -4.89402, 4.11275, -6.73269, -1.82174, 2.81042, 11.54826]"
44,sub10,supMAE,3,sub10-a__0121__wave.npy,21,wave,21,0.9995969,1,"[0.8521, 3.59848, 4.94814, 2.63409, -7.61461, -8.62632, -5.69149, -2.3278, 7.65703, -1.98699, -0.79675, -3.64535, 0.3191, -2.83438, -0.69729, 2.63524, -8.87174, 6.24608, -8.53241, -2.60327, 4.42949, 15.79713]"
44,sub10,supMAE,3,sub10-a__0122__wave.npy,21,wave,21,0.9989911,1,"[0.54872, 3.98694, 4.48445, 2.56843, -7.48374, -8.36115, -6.7278, -1.78018, 8.70233, -2.24395, -0.52472, -3.53037, 0.17805, -3.73519, -0.90302, 2.46173, -8.40494, 5.8394, -9.00585, -2.2212, 3.95489, 15.69032]"
44,sub10,supMAE,3,sub10-a__0123__wave.npy,21,wave,21,0.9986393,1,"[0.87312, 2.79171, 5.30955, 1.31761, -8.18676, -10.00039, -5.43193, -4.701, 8.69446, -1.63604, -0.62117, -3.3497, 0.21329, -3.49591, 0.22957, 3.05362, -9.66476, 6.89646, -8.91075, -2.16712, 5.04414, 15.50263]"
44,sub10,supMAE,3,sub10-a__0124__wave.npy,21,wave,21,0.99983037,1,"[0.39256, 3.32737, 5.55859, 2.88729, -7.39307, -10.013, -5.91271, -2.50018, 8.02102, -2.2302, -1.09728, -3.93983, -0.16644, -2.68201, -0.68438, 2.57401, -9.52277, 6.42683, -8.08636, -2.81063, 4.77376, 17.00161]"
44,sub10,supMAE,3,sub10-a__0125__bow.npy,2,bow,2,0.99968636,1,"[3.14817, -3.57004, 15.55457, 0.82556, -9.48154, -11.6486, 4.00293, -8.33519, 3.04083, -4.74963, 0.29727, 6.14445, 0.73373, -3.71087, 7.09002, 0.87204, -8.57066, 1.42319, -10.3589, -2.152, 2.07327, -0.74591]"
44,sub10,supMAE,3,sub10-a__0126__bow.npy,2,bow,2,0.9996989,1,"[2.73333, -3.34158, 15.65476, 1.53975, -8.79203, -12.44861, 4.00475, -7.86162, 3.13296, -5.33831, -0.10302, 4.69395, 0.79877, -2.51328, 7.42297, 0.67648, -8.68106, 0.85366, -10.21772, -2.59533, 1.68014, 0.32154]"
44,sub10,supMAE,3,sub10-a__0127__bow.npy,2,bow,2,0.999814,1,"[2.64434, -3.32233, 16.01478, 1.24726, -8.90677, -12.44241, 5.38309, -7.7831, 3.15716, -6.2266, -0.90795, 4.66114, 1.53856, -2.5922, 7.1691, 1.27226, -9.10061, 0.88101, -9.87424, -2.34438, 1.04722, 0.50109]"
44,sub10,supMAE,3,sub10-a__0128__bow.npy,2,bow,2,0.9995202,1,"[2.94604, -3.60063, 14.99639, 0.92372, -9.24248, -11.08475, 3.94993, -8.18437, 3.35375, -4.94656, -0.56242, 6.17957, 0.65805, -4.22777, 6.87003, 1.23883, -8.19585, 1.47099, -9.83635, -2.11615, 1.52993, -0.49269]"
44,sub10,supMAE,3,sub10-a__0129__bow.npy,2,bow,2,0.9996569,1,"[2.73964, -3.81567, 15.23708, 0.7335, -9.15109, -11.14325, 4.32625, -7.8786, 3.07132, -5.27439, -0.70711, 5.73695, 1.42065, -3.82675, 6.88852, 1.14546, -8.39453, 1.2266, -9.736, -1.88302, 1.48166, -0.48772]"
44,sub10,supMAE,3,sub10-a__0130__crossarms.npy,5,crossarms,5,0.9995615,1,"[-0.29499, 2.22258, -5.09544, 8.93846, 2.69801, 18.77164, -3.45203, 7.30012, -6.7084, 0.81811, 0.62833, 2.94963, -3.40282, -0.24338, -0.21253, -4.36513, 10.8809, -3.51829, -0.22912, -7.65434, -1.33517, -8.61191]"
44,sub10,supMAE,3,sub10-a__0131__crossarms.npy,5,crossarms,5,0.9981674,1,"[-0.57039, 1.84125, -4.41669, 10.72191, 3.68476, 17.75805, -3.6743, 8.05419, -7.26045, 0.32927, 0.4717, 2.09442, -4.17737, 1.33564, 0.33554, -4.52595, 10.73848, -3.54739, -0.78563, -8.94256, -1.37362, -7.43672]"
44,sub10,supMAE,3,sub10-a__0132__crossarms.npy,5,crossarms,5,0.9964631,1,"[-0.91552, 1.46744, -4.07666, 11.02928, 3.72921, 17.10266, -3.65234, 8.09845, -6.97862, 0.0989, 0.32676, 1.57411, -4.06297, 1.74382, 0.33925, -4.18594, 10.3089, -2.99183, -1.42914, -9.37286, -0.92731, -6.19473]"
44,sub10,supMAE,3,sub10-a__0133__crossarms.npy,5,crossarms,5,0.9983411,1,"[-0.94423, 1.6888, -4.38159, 10.80677, 4.07458, 17.94242, -3.7925, 8.65289, -7.57987, 0.32876, 0.33576, 1.94572, -4.13322, 1.56025, -0.1023, -4.4268, 10.77544, -3.28305, -0.63556, -9.10487, -1.01324, -6.95333]"
44,sub10,supMAE,3,sub10-a__0134__crossarms.npy,5,crossarms,5,0.9945475,1,"[-0.52564, 1.26866, -3.98197, 11.1697, 3.2915, 16.65815, -4.06089, 7.47379, -6.62533, 0.08309, 0.74682, 1.64903, -4.23993, 1.56522, 0.92377, -4.42887, 9.96785, -2.89764, -1.76308, -9.27055, -0.96632, -5.9923]"
44,sub10,supMAE,3,sub10-a__0135__crossarms.npy,5,crossarms,5,0.9990584,1,"[-0.68325, 1.30712, -4.26971, 10.60839, 3.76793, 18.40241, -3.95469, 8.46768, -7.29407, 0.66018, 0.31669, 2.02395, -3.99894, 1.14155, 0.04221, -4.44987, 10.76327, -2.62653, -1.38875, -9.20385, -0.62967, -6.70393]"
44,sub10,supMAE,3,sub10-a__0136__drink.npy,7,drink,7,0.99973315,1,"[-2.87417, 7.15919, -0.69071, 7.85578, 5.66132, 6.48348, -4.44898, 16.98963, -9.13057, -1.90127, -2.22997, -0.20966, -2.2009, 5.19903, -6.18273, -4.9462, 6.99267, -2.765, 5.70367, -3.23359, -0.01745, -4.2162]"
44,sub10,supMAE,3,sub10-a__0137__drink.npy,7,drink,7,0.9995838,1,"[-2.7962, 6.78107, -0.6297, 8.9046, 5.95827, 6.58564, -4.85897, 17.10408, -9.3519, -2.21477, -2.05685, -0.24126, -2.61518, 5.44569, -5.63374, -5.20051, 7.1988, -2.97116, 5.45148, -3.71501, -0.41816, -4.19103]"
44,sub10,supMAE,3,sub10-a__0138__drink.npy,7,drink,7,0.99967515,1,"[-2.74981, 7.21067, -0.45654, 7.44333, 5.2988, 6.88769, -4.99789, 16.63582, -8.31593, -1.65892, -2.1743, 0.02586, -2.38688, 4.14789, -6.27203, -5.00528, 6.91151, -2.38833, 4.96014, -3.23081, 0.2485, -3.83281]"
44,sub10,supMAE,3,sub10-a__0139__drink.npy,7,drink,7,0.9991819,1,"[-2.50222, 6.70691, -0.5234, 9.16669, 5.6028, 6.27991, -5.19338, 16.539, -8.94033, -2.36474, -1.73187, -0.35459, -2.70953, 5.32456, -5.16113, -5.24615, 6.84138, -3.1203, 4.88497, -3.81969, -0.53435, -3.97262]"
44,sub10,supMAE,3,sub10-a__0140__drink.npy,7,drink,7,0.9816285,1,"[-2.20196, 6.67879, -0.0716, 10.61868, 4.57074, 4.0878, -6.15941, 14.63051, -7.22984, -3.32118, -1.18312, -1.15454, -3.116, 4.96091, -3.38094, -5.57857, 5.52871, -3.88026, 3.71567, -4.28079, -1.03106, -1.35619]"
44,sub10,supMAE,3,sub10-a__0141__airpunch.npy,1,airpunch,1,0.7086313,1,"[1.95966, 7.62778, -1.03182, 2.26713, -6.51577, -0.13717, -6.13001, -1.83922, 6.69867, -0.96056, 0.15732, 0.99352, -0.49407, -5.70804, 1.71787, -3.8715, 0.87283, -1.58509, -1.37856, 0.57545, -1.77723, -4.07733]"
44,sub10,supMAE,3,sub10-a__0142__airpunch.npy,1,airpunch,8,0.8881481,0,"[4.227, 5.91649, -0.17514, 1.87061, -8.46763, -2.46414, -5.70113, -6.00488, 8.2942, -0.26657, 1.758, 0.16601, -1.29858, -6.38749, 3.83902, -2.73489, -2.07283, -0.79887, -4.6745, 0.19282, -1.04578, -2.59471]"
44,sub10,supMAE,3,sub10-a__0143__airpunch.npy,1,airpunch,1,0.7686684,1,"[2.63109, 7.44243, -0.48575, 0.81364, -7.3121, 0.00402, -4.67473, -2.74465, 6.1675, -0.46364, -0.26048, 1.51313, 0.07012, -6.06834, 1.68408, -3.37441, 0.38454, -0.74559, -0.88198, 1.32672, -1.23872, -4.63843]"
44,sub10,supMAE,3,sub10-a__0144__airpunch.npy,1,airpunch,1,0.50897974,1,"[2.28699, 7.80234, -0.48732, 0.75019, -7.76052, -2.12262, -4.55035, -3.95961, 7.75492, -0.96024, -0.71837, 0.72838, 0.32802, -6.21429, 1.26287, -2.36878, -1.24378, -0.09073, -0.59373, 1.4263, -1.1834, -2.78556]"
44,sub10,supMAE,3,sub10-a__0145__airpunch.npy,1,airpunch,1,0.94132644,1,"[1.03145, 7.56972, -1.5518, -1.25368, -4.47018, 3.1993, -3.49944, 1.8952, 1.23173, 0.85727, -1.34319, 3.32232, 0.11618, -4.73714, -2.60294, -2.63342, 3.024, 0.38827, 2.76901, 2.51595, -0.1013, -8.06813]"
44,sub10,supMAE,3,sub10-a__0146__brushteeth.npy,3,brushteeth,3,0.99701154,1,"[1.69417, 1.48192, 2.46617, 10.31594, 2.61735, 0.59819, 0.42876, -1.07104, -1.23491, -0.27716, -1.219, -0.74559, -9.27796, 3.21742, 2.89916, 1.11307, 1.02456, -2.75016, -6.60263, -11.7466, -1.3115, -0.84841]"
44,sub10,supMAE,3,sub10-a__0147__brushteeth.npy,3,brushteeth,3,0.9964019,1,"[1.48461, 1.23368, 2.52687, 10.04208, 2.56963, 1.08425, 0.50093, -1.00458, -1.39426, -0.06188, -1.16972, -0.43594, -8.90638, 2.9458, 2.821, 0.94658, 1.18206, -2.66334, -6.53756, -11.67881, -0.8792, -1.30099]"
44,sub10,supMAE,3,sub10-a__0148__brushteeth.npy,3,brushteeth,3,0.99541867,1,"[1.19903, 1.0003, 3.42778, 10.06894, 2.1854, -1.34224, 0.57478, -1.46875, -0.61084, -0.44597, -1.6214, -1.04109, -8.71553, 3.47807, 2.94042, 1.32066, -0.20789, -1.98181, -7.01401, -11.72944, -0.15961, 0.69271]"
44,sub10,supMAE,3,sub10-a__0149__brushteeth.npy,3,brushteeth,3,0.9959066,1,"[1.48531, 1.09459, 3.35874, 10.29911, 2.32275, -1.45139, 0.23094, -1.5456, -0.79475, -0.70589, -1.17447, -1.07251, -9.04261, 3.64425, 3.35901, 1.1259, -0.03466, -2.65599, -6.89852, -11.46829, -0.97649, -0.08099]"
44,sub10,supMAE,3,sub10-a__0150__brushteeth.npy,3,brushteeth,3,0.9958442,1,"[1.5181, 0.79105, 2.733, 9.88311, 2.17876, 0.439, 0.13206, -1.60427, -1.12955, -0.07708, -0.71159, -0.07029, -8.83361, 2.60295, 3.26238, 0.90447, 0.87764, -2.81434, -6.74915, -11.352, -0.81643, -1.44601]"
44,sub10,supMAE,3,sub10-a__0151__brushteeth.npy,3,brushteeth,3,0.9959843,1,"[1.14844, 1.00066, 3.10118, 10.05199, 2.43044, -0.20548, 0.45719, -1.34963, -0.95481, -0.14047, -1.5147, -0.6197, -8.68293, 3.13141, 3.03688, 0.79726, 0.67036, -2.43872, -6.70947, -11.88231, -0.47476, -0.23478]"
44,sub10,supMAE,3,sub10-a__0152__highfive.npy,8,highfive,8,0.9959837,1,"[3.15582, 4.7869, -1.15134, -2.31678, -10.97314, -2.54588, -7.60834, -8.46742, 10.89389, 0.86438, 2.0845, 1.50618, 2.0843, -10.10472, 2.55491, -1.1632, -3.32394, 2.83226, -5.35627, 2.84833, 0.98314, -2.03485]"
44,sub10,supMAE,3,sub10-a__0153__highfive.npy,8,highfive,8,0.990333,1,"[3.75991, 5.62917, -1.86005, -2.37356, -10.94158, -0.98518, -7.06431, -8.46775, 10.59827, 0.85093, 1.58278, 1.88643, 1.83922, -10.4811, 2.23656, -1.0127, -2.46365, 2.65497, -4.33704, 3.18696, -0.33536, -3.90745]"
44,sub10,supMAE,3,sub10-a__0155__highfive.npy,8,highfive,8,0.98425055,1,"[3.50433, 5.78545, -1.59353, -2.92375, -10.89351, -1.63567, -5.98479, -8.84827, 10.22701, 1.07992, 1.28547, 2.09469, 1.78374, -10.3304, 2.27162, -1.20743, -2.61416, 2.43982, -3.1729, 3.68236, 0.06552, -4.60468]"
44,sub10,supMAE,3,sub10-a__0156__highfive.npy,8,highfive,8,0.9808282,1,"[2.51927, 6.60725, -1.65973, -1.67396, -10.08581, -2.16216, -7.06823, -6.80749, 10.61865, 0.12506, 0.92814, 1.28114, 1.83499, -9.50539, 1.03638, -0.54732, -2.69697, 2.49083, -3.90246, 2.76637, -0.21102, -2.25844]"
44,sub10,supMAE,3,sub10-b1__0001__walk.npy,20,walk,20,0.8366337,1,"[3.02845, -6.56188, -0.17454, -7.95695, -5.40586, -8.48916, -2.57946, -11.46962, 1.72524, 5.14337, 7.14534, -2.79389, 3.52892, 0.6342, 1.80405, 1.96971, -11.21405, 1.52226, -6.7609, 4.22583, 9.00424, -5.0326]"
44,sub10,supMAE,3,sub10-b1__0002__turnaround.npy,19,turnaround,19,0.97449374,1,"[2.79949, -3.95892, -3.4595, -5.66966, -3.30647, -9.08937, -0.47021, -11.31596, -0.1951, -1.36274, 2.64718, -2.81777, 0.212, -0.1785, 3.08027, 8.41849, -8.52508, -3.03985, 4.44042, 12.09233, -0.19999, -12.95879]"
44,sub10,supMAE,3,sub10-b1__0003__walk.npy,20,walk,20,0.99479127,1,"[-1.00803, -7.05424, -0.51986, -2.76812, -2.389, -0.66555, -0.59861, -5.76803, -1.87885, 3.42022, 4.64337, -3.06855, 2.68698, 3.52981, 2.36862, -2.32032, -5.60286, 7.8562, -0.34967, 3.87777, 13.19922, -5.20731]"
44,sub10,supMAE,3,sub10-b1__0004__turnaround.npy,19,turnaround,19,0.98824954,1,"[2.17072, -2.99279, -4.10344, -5.55099, -3.98834, -7.28421, -1.50315, -11.32759, 0.69113, -0.62106, 1.43262, -0.55902, 0.12774, -3.6337, 5.00446, 5.32415, -2.97165, -5.2471, 4.75678, 10.62315, -2.1739, -13.09612]"
44,sub10,supMAE,3,sub10-b1__0005__walk.npy,20,walk,20,0.8511531,1,"[2.97349, -7.22797, 0.11273, -6.84462, -5.93814, -8.44784, -2.24167, -10.83214, 1.12654, 4.18608, 6.58078, -2.42827, 3.40572, 0.90763, 1.42258, 3.22285, -11.56465, 2.40695, -7.18383, 3.98108, 8.58678, -3.3635]"
44,sub10,supMAE,3,sub10-b1__0006__turnaround.npy,19,turnaround,19,0.9932591,1,"[2.81681, -2.86746, -4.47579, -5.46642, -2.953, -8.35251, -1.71418, -11.20714, -0.08265, -1.0282, 3.41655, -2.58551, -0.07665, -0.57218, 3.37356, 6.84979, -6.86757, -4.28917, 4.96234, 12.05447, -1.31088, -13.71975]"
44,sub10,supMAE,3,sub10-b1__0007__walk.npy,20,walk,20,0.99625105,1,"[-1.61847, -6.8235, -0.66637, -2.54074, -1.0122, -1.54816, -0.53792, -5.30178, -2.04556, 3.48678, 3.662, -3.8257, 2.46164, 4.99689, 2.2211, -2.62679, -5.28368, 7.13596, 0.65556, 3.65139, 12.92172, -4.8355]"
44,sub10,supMAE,3,sub10-b1__0008__turnaround.npy,19,turnaround,19,0.9876924,1,"[2.64146, -3.08769, -5.87446, -5.46627, -3.01694, -7.16384, -0.82469, -11.84796, 0.2855, -0.53172, 2.19763, -1.68782, -0.65135, -2.21084, 5.17037, 4.69251, -3.12444, -6.14544, 6.32203, 11.15163, -2.54543, -14.13042]"
44,sub10,supMAE,3,sub10-b1__0009__walk.npy,20,walk,20,0.9138914,1,"[2.98672, -6.98612, 0.51253, -7.00885, -6.39737, -7.98681, -3.28019, -10.64716, 1.74769, 4.47713, 6.29507, -2.22871, 3.69803, 0.14556, 0.84784, 3.13038, -11.49927, 3.38139, -8.08081, 3.46993, 9.02859, -2.389]"
44,sub10,supMAE,3,sub10-b1__0010__turnaround.npy,19,turnaround,19,0.9934215,1,"[2.18636, -2.89503, -3.27531, -4.66875, -3.66362, -7.5478, -1.94365, -10.79766, 0.44391, -1.68849, 3.7501, -1.92315, 0.1672, -0.97502, 4.32568, 6.24185, -6.7926, -3.14997, 3.90977, 11.56151, -0.38815, -13.11276]"
44,sub10,supMAE,3,sub10-b1__0013__walk.npy,20,walk,20,0.95262605,1,"[2.58108, -6.89913, 1.14973, -6.76753, -7.0891, -8.18357, -3.4624, -10.77199, 2.87382, 3.9568, 5.62707, -1.83087, 3.91024, -0.80771, 1.37401, 3.33643, -11.54181, 4.15561, -8.47566, 3.15762, 9.28234, -1.23814]"
44,sub10,supMAE,3,sub10-b1__0014__turnaround.npy,19,turnaround,19,0.9952068,1,"[2.20452, -2.64624, -4.74407, -4.57796, -3.46986, -6.8401, -2.42639, -10.77565, 0.27548, -1.70116, 3.64043, -1.37491, -0.04325, -1.51936, 4.60481, 5.51368, -5.06775, -4.73857, 5.06078, 11.65689, -2.00146, -13.5692]"
44,sub10,supMAE,3,sub10-b1__0015__walk.npy,20,walk,20,0.9982912,1,"[-1.83622, -6.77524, -0.68202, -2.96417, -1.6574, -0.69322, 0.22754, -5.45842, -2.47619, 3.52922, 4.201, -3.13581, 3.67948, 4.64071, 2.76436, -3.91021, -4.89188, 6.57115, 1.0285, 3.76065, 13.30058, -5.80083]"
44,sub10,supMAE,3,sub10-b1__0016__turnaround.npy,19,turnaround,19,0.99048704,1,"[2.37948, -2.80026, -5.22219, -5.21999, -3.7547, -6.79177, -1.21056, -11.4725, 0.66131, -1.30008, 1.93493, -0.86597, -0.39587, -3.00733, 5.18244, 4.98049, -2.89559, -5.40849, 5.8479, 11.18479, -2.73648, -13.72959]"
44,sub10,supMAE,3,sub10-b1__0017__walk.npy,20,walk,20,0.82481176,1,"[2.57504, -7.28203, 0.43032, -6.45145, -6.78542, -8.08171, -3.75216, -10.35768, 2.25329, 3.35241, 6.29025, -2.09281, 3.98076, -0.30196, 1.0349, 3.99307, -11.66538, 3.52466, -8.54004, 3.61228, 8.20182, -1.56468]"
44,sub10,supMAE,3,sub10-b1__0018__turnaround.npy,19,turnaround,19,0.99311346,1,"[2.50654, -2.18159, -4.5293, -4.45625, -3.09168, -7.17578, -1.92734, -10.91276, 0.13343, -1.45879, 3.33455, -1.99181, -0.12221, -1.01172, 4.50435, 5.43671, -5.37026, -5.19174, 5.64765, 11.44403, -2.11003, -13.98172]"
44,sub10,supMAE,3,sub10-b1__0019__walk.npy,20,walk,20,0.99847704,1,"[-1.55472, -7.03921, -0.77498, -3.51696, -1.19268, -0.75144, 0.28204, -5.12714, -3.20974, 3.80356, 4.64324, -3.38476, 3.63711, 5.1204, 1.89183, -3.27948, -5.66566, 6.73373, 0.79662, 4.25195, 13.63747, -6.45938]"
44,sub10,supMAE,3,sub10-b1__0020__turnaround.npy,19,turnaround,19,0.9852651,1,"[2.29618, -2.89894, -5.46962, -4.99847, -3.61856, -6.88367, -1.13396, -11.50011, 0.76867, -1.27832, 1.7492, -0.98372, -0.51543, -3.06704, 5.53339, 4.76038, -2.48534, -5.91908, 5.91054, 10.83387, -3.19515, -13.28236]"
44,sub10,supMAE,3,sub10-b1__0021__walk.npy,20,walk,20,0.7756073,1,"[2.9666, -6.85249, 0.38945, -6.4077, -7.32145, -8.36453, -3.53553, -10.72436, 2.74312, 3.39732, 6.13927, -2.17836, 4.14092, -0.45903, 1.11735, 3.85011, -11.81494, 3.00292, -8.67434, 3.35023, 7.78075, -1.38275]"
44,sub10,supMAE,3,sub10-b1__0022__turnaround.npy,19,turnaround,19,0.9947877,1,"[2.03164, -2.35337, -3.82908, -4.64091, -3.72596, -7.07023, -1.99348, -10.6768, 0.12936, -1.89094, 3.63692, -1.3982, 0.43357, -1.46948, 4.60421, 5.60959, -5.40212, -4.39976, 4.70291, 11.52934, -1.51493, -13.4953]"
44,sub10,supMAE,3,sub10-b1__0023__walk.npy,20,walk,20,0.99830025,1,"[-1.74705, -6.86399, -0.26921, -3.22533, -0.5247, -1.08759, 0.29002, -4.40061, -3.3586, 3.93087, 4.09608, -3.29553, 3.27587, 5.50006, 1.54739, -3.4972, -5.37437, 6.84333, 0.58688, 3.74166, 13.5995, -5.97136]"
44,sub10,supMAE,3,sub10-b1__0024__turnaround.npy,19,turnaround,19,0.98857343,1,"[2.68268, -2.56688, -5.23806, -4.99708, -3.83124, -6.47358, -1.24268, -11.41968, 0.58153, -1.30095, 2.10711, -0.40993, -0.68088, -3.38246, 5.07158, 4.64792, -2.5767, -5.76822, 5.72257, 10.85074, -3.44396, -14.07474]"
44,sub10,supMAE,3,sub10-b1__0025__hop.npy,9,hop,9,0.9608583,1,"[3.75976, -3.45297, -11.51182, -5.93992, 4.14303, 1.20742, -5.71089, -5.41306, -3.20042, 8.65804, 4.32064, -1.94809, 2.70123, 3.27573, -4.17377, -0.72588, 0.97782, -4.92044, -2.17082, 1.62733, -3.9673, -7.90484]"
44,sub10,supMAE,3,sub10-b1__0026__hop.npy,9,hop,9,0.95184857,1,"[4.80008, -3.03281, -11.33115, -6.52236, 2.56626, 1.1368, -4.3274, -6.42947, -3.05632, 8.66, 4.58647, -1.78123, 3.37672, 2.79553, -3.30071, -1.22133, 0.29108, -5.23779, -1.69911, 2.09818, -3.65334, -8.38548]"
44,sub10,supMAE,3,sub10-b1__0027__hop.npy,9,hop,9,0.7644631,1,"[5.88668, -1.9748, -11.52856, -5.35247, 0.64511, 2.18322, -4.81153, -7.06668, -2.04098, 7.50704, 5.07286, -0.69696, 2.66018, 0.92307, -1.06189, -1.85277, 1.54648, -5.82295, -2.04047, 2.00955, -5.81196, -8.68643]"
44,sub10,supMAE,3,sub10-b1__0028__hop.npy,9,hop,9,0.9310222,1,"[4.11083, -3.52777, -10.82059, -6.40793, 3.29989, 1.49316, -5.14178, -5.88257, -3.13845, 7.89345, 3.949, -1.64375, 3.27607, 2.62351, -4.18792, -0.18966, -0.34953, -3.84069, -1.81416, 2.46868, -3.94254, -8.17084]"
44,sub10,supMAE,3,sub10-b1__0029__hop.npy,9,hop,9,0.9155371,1,"[4.24959, -3.17228, -10.70986, -5.75592, 2.00616, 0.8034, -5.69004, -6.44966, -2.17433, 7.75703, 4.51594, -1.8314, 3.34388, 2.05352, -3.42617, -0.35141, -0.47973, -4.19537, -2.77384, 1.88392, -3.91081, -7.5605]"
44,sub10,supMAE,3,sub10-b1__0030__hop.npy,9,hop,9,0.9225771,1,"[4.43819, -3.97107, -11.16817, -5.37557, 3.76181, 1.20916, -5.98821, -6.03783, -2.88614, 8.32314, 5.13003, -2.30806, 2.35265, 3.34387, -3.19374, -0.67457, 0.41691, -4.99457, -3.20537, 1.48334, -3.91811, -8.26308]"
44,sub10,supMAE,3,sub10-b1__0031__jump.npy,10,jump,10,0.9060642,1,"[4.40766, -4.52237, -0.19543, -0.20919, -4.11385, -11.65758, -1.80057, -9.86983, 1.3328, -0.54895, 9.27813, -3.26867, 0.30157, 4.47141, 6.83162, 0.94078, -8.12181, -7.23189, -8.06513, 0.64724, 0.13152, -4.28266]"
44,sub10,supMAE,3,sub10-b1__0033__jump.npy,10,jump,10,0.99577576,1,"[5.39147, -4.58319, -2.81851, -1.14543, -7.51497, -8.28039, -4.51608, -11.0255, 2.60043, -0.10739, 12.34291, -1.06695, 0.08262, -0.23212, 6.5646, 1.76511, -7.87739, -4.23598, -8.75883, 2.95789, 0.5302, -5.65752]"
44,sub10,supMAE,3,sub10-b1__0034__jump.npy,10,jump,10,0.9922003,1,"[5.78457, -4.21768, -2.90013, -1.15578, -5.84978, -9.1078, -3.66867, -10.90257, 1.55, 0.14307, 12.14062, -2.1133, -0.27514, 1.63993, 7.01538, 0.92929, -7.13159, -6.89555, -7.91074, 2.9084, -0.59732, -6.71991]"
44,sub10,supMAE,3,sub10-b1__0035__jump.npy,10,jump,10,0.9930433,1,"[5.73489, -4.34636, -3.15752, -1.39944, -6.95795, -8.47303, -4.15649, -11.14382, 2.178, 0.1494, 12.23578, -1.58692, 0.2213, 0.40864, 6.99402, 1.16372, -7.28534, -5.89673, -8.15533, 3.27589, -0.21811, -6.47031]"
44,sub10,supMAE,3,sub10-b1__0036__jump.npy,10,jump,10,0.9907466,1,"[6.05722, -4.48117, -2.18625, -1.57907, -7.26664, -8.90577, -3.67856, -11.35038, 1.83181, 0.22227, 12.05887, -1.46049, 0.42359, 0.48818, 7.04024, 0.95325, -7.8703, -5.86463, -8.13639, 3.34633, 0.18133, -6.84729]"
44,sub10,supMAE,3,sub10-b1__0037__runonspot.npy,13,runonspot,13,0.99846244,1,"[1.06393, -1.10538, -0.63596, 8.23964, 5.25638, -12.69017, 0.7628, -2.32639, -1.80274, -2.06744, 0.04807, -7.86956, -3.88156, 14.79053, 4.53011, -0.85703, -3.368, -9.79755, -3.21036, -7.14851, -3.34361, 0.82117]"
44,sub10,supMAE,3,sub10-b1__0038__runonspot.npy,13,runonspot,13,0.99844474,1,"[1.06185, -1.16251, -4.73682, 6.18955, 8.93805, -9.33131, -1.98888, -2.0363, -3.14314, 1.56621, 0.46071, -8.08509, -4.49756, 15.46638, 1.08694, -1.74715, -1.01429, -9.40985, -2.07137, -7.00896, -4.26682, -0.80193]"
44,sub10,supMAE,3,sub10-b1__0039__runonspot.npy,13,runonspot,13,0.9996941,1,"[0.47667, -1.54083, -2.03946, 7.33053, 7.86758, -10.73059, -0.01319, -1.015, -3.32182, -0.30883, -0.1686, -8.36407, -3.79836, 16.42319, 1.92732, -1.13494, -2.76025, -8.54762, -2.73084, -7.42597, -2.53102, 0.56955]"
44,sub10,supMAE,3,sub10-b1__0041__runonspot.npy,13,runonspot,13,0.9996208,1,"[1.0486, -1.38298, -2.25662, 7.33379, 7.24821, -11.40726, -0.47089, -1.75561, -3.01524, -0.04244, 0.60968, -8.41776, -4.33238, 15.86999, 2.67079, -1.49709, -2.8289, -9.27023, -2.68387, -6.77449, -2.85941, -0.23431]"
44,sub10,supMAE,3,sub10-b1__0042__buttkicks.npy,4,buttkicks,4,0.99919194,1,"[-0.70573, -4.32285, -12.4786, -2.69728, 19.03646, -1.09228, -6.80669, -0.7466, -5.57646, 10.643, -0.05033, -6.37628, -4.98741, 11.58458, -5.26705, -2.3289, 5.95206, -7.56541, 1.07243, -2.37263, -4.05495, -7.99967]"
44,sub10,supMAE,3,sub10-b1__0043__buttkicks.npy,4,buttkicks,4,0.99820006,1,"[0.40569, -3.76952, -12.96571, -1.47959, 17.99506, -1.65053, -6.65084, -1.47535, -4.98647, 10.29119, -0.21531, -6.54691, -6.1051, 11.38089, -3.85216, -2.53811, 6.5555, -9.15695, 1.15013, -3.18109, -5.31498, -8.08647]"
44,sub10,supMAE,3,sub10-b1__0044__buttkicks.npy,4,buttkicks,4,0.9979138,1,"[-0.43209, -3.87976, -11.72807, -1.59935, 18.86495, -2.24839, -5.86371, -0.53683, -5.8385, 9.64407, -0.70546, -6.66164, -5.35956, 12.64541, -4.6546, -2.26828, 5.39446, -8.58331, 1.59944, -2.90017, -4.59807, -7.84788]"
44,sub10,supMAE,3,sub10-b1__0045__buttkicks.npy,4,buttkicks,4,0.9962643,1,"[-0.2625, -3.59955, -12.057, -2.4746, 17.58062, -2.69377, -6.05667, -1.336, -4.77977, 9.81269, -0.93747, -6.86294, -4.22071, 11.87401, -4.91691, -2.23828, 4.73419, -8.20448, 1.34197, -2.46849, -4.35412, -6.80277]"
44,sub10,supMAE,3,sub10-b1__0046__buttkicks.npy,4,buttkicks,4,0.99796486,1,"[-0.72618, -4.23625, -11.3995, -1.73933, 18.83902, -2.2717, -5.88506, -0.33723, -5.94288, 9.67788, -1.21243, -6.69035, -4.83193, 12.59, -4.6577, -2.32162, 5.6614, -8.59372, 1.73948, -2.9693, -4.20344, -7.97822]"
44,sub10,supMAE,3,sub10-b1__0047__airkick.npy,0,airkick,0,0.95214456,1,"[9.23585, -0.72569, -8.99481, -1.79956, -1.79781, -0.31715, -2.98869, -7.0682, -2.17676, 5.98515, 4.60797, -1.34026, 1.18724, 2.35227, -0.71708, -1.06078, -0.75083, -7.28467, -3.51649, -0.30569, -7.8386, -6.98635]"
44,sub10,supMAE,3,sub10-b1__0048__airkick.npy,0,airkick,14,0.8459389,0,"[5.20186, -1.79756, -4.82569, -1.11515, 2.20461, -8.38649, -2.75444, -7.87097, 1.16267, 3.95613, 5.34802, -1.95874, -3.65484, 2.33082, 7.86002, -2.01334, -0.08857, -8.85435, -1.84768, 1.1873, -1.90944, -9.50884]"
44,sub10,supMAE,3,sub10-b1__0049__airkick.npy,0,airkick,14,0.94881284,0,"[4.84935, -2.07884, -4.11171, -0.57983, 4.21348, -7.89402, -0.43274, -6.64453, -0.38027, 4.0034, 3.31798, -2.36089, -3.99837, 3.99757, 8.75332, -2.72591, 1.74734, -9.36963, -0.97269, 0.00781, -1.95205, -9.56396]"
44,sub10,supMAE,3,sub10-b1__0050__airkick.npy,0,airkick,14,0.9331676,0,"[5.01344, -2.2976, -0.61814, 1.77737, 1.44175, -9.77881, -0.11714, -6.56868, 1.5521, -0.01988, 2.10042, -3.35772, -4.89261, 3.21911, 8.03801, 2.99018, -4.03126, -3.53207, -3.79398, -0.69848, -1.24154, -5.29834]"
44,sub10,supMAE,3,sub10-b1__0051__airkick.npy,0,airkick,14,0.9369423,0,"[4.6411, -1.71615, -1.03255, -0.65365, 0.16292, -11.05132, -0.31987, -7.94291, 1.54464, 1.83686, 4.05354, -2.32947, -2.32441, 3.07851, 8.00058, -0.99128, -3.5121, -7.002, -2.43001, 0.92679, -0.47923, -7.55833]"
44,sub10,supMAE,3,sub10-b1__0052__airkick.npy,0,airkick,14,0.98389834,0,"[3.3333, -3.70982, -0.48909, 0.49982, 0.42377, -8.65753, 1.95837, -6.24955, 0.65853, 0.12688, 1.75454, -2.81538, -1.76003, 3.84301, 8.7528, 1.20655, -3.23611, -2.70627, -2.89911, 0.12723, 1.44391, -4.78587]"
44,sub10,supMAE,3,sub10-b1__0054__sidekick.npy,14,sidekick,14,0.9977843,1,"[3.1858, -4.69868, 0.0632, 1.20759, -0.35198, -9.80287, 0.21224, -8.42824, 1.81124, -0.44146, 2.71569, -1.72827, -2.52855, 2.99045, 10.41509, -0.44839, -1.74299, -6.86748, -4.69836, -0.8054, -1.49418, -5.10072]"
44,sub10,supMAE,3,sub10-b1__0056__sidekick.npy,14,sidekick,14,0.9929426,1,"[4.18959, -3.46544, -0.53307, 0.99713, 1.75362, -10.16285, 0.46541, -7.69322, 0.22834, 1.09375, 2.54249, -1.80247, -4.17638, 3.84113, 9.90774, -1.84646, 0.22662, -9.17978, -2.55804, -0.19625, -3.17811, -8.26565]"
44,sub10,supMAE,3,sub10-b1__0058__sidekick.npy,14,sidekick,14,0.993587,1,"[2.72777, -4.8829, 0.52047, 0.92381, 1.05136, -11.05532, 0.39451, -7.97306, 2.23082, -0.45172, 1.32108, -3.17074, -2.64148, 3.86062, 9.50844, 0.0493, -2.45712, -6.91818, -4.61904, -0.78231, -1.68115, -4.18329]"
44,sub10,supMAE,3,sub10-b1__0059__crosstoe.npy,6,crosstoe,6,0.9997508,1,"[3.27867, 1.24914, 1.37302, -3.30039, -7.48731, -5.02872, 16.19631, -10.48775, 0.15366, -3.48968, -4.2508, 5.07429, 5.75891, -2.9529, 7.61438, -3.52223, -1.00596, -12.08674, 5.03411, 0.22143, -5.06447, -11.25393]"
44,sub10,supMAE,3,sub10-b1__0060__crosstoe.npy,6,crosstoe,6,0.99971884,1,"[1.96576, 1.62669, 6.94636, 1.29389, -5.38018, -9.51512, 16.33986, -6.83739, 0.82455, -6.87978, -6.14647, 1.6494, 2.34232, 0.66193, 7.79576, -0.78295, -3.92523, -7.51272, 1.58498, -2.59885, -4.59712, -4.65997]"
44,sub10,supMAE,3,sub10-b1__0061__crosstoe.npy,6,crosstoe,6,0.9999684,1,"[2.03556, 3.09068, 3.59628, -2.03736, -4.28861, -6.97943, 17.73015, -7.24021, -0.15568, -3.99401, -6.10969, 2.49566, 4.11468, -0.33038, 7.14202, -3.65443, -0.9756, -11.1123, 5.15302, -1.16147, -4.84873, -9.19767]"
44,sub10,supMAE,3,sub10-b1__0062__crosstoe.npy,6,crosstoe,6,0.9999423,1,"[0.84039, 3.87748, 4.65607, -0.944, -5.70979, -6.75351, 17.69585, -6.81477, 1.22721, -5.32976, -6.71125, 3.69657, 4.61799, -1.36094, 7.75695, -4.54281, -0.75042, -10.19969, 5.02513, -1.83859, -4.49827, -6.93043]"
44,sub10,supMAE,3,sub10-b1__0063__crosstoe.npy,6,crosstoe,6,0.99998045,1,"[0.71826, 3.95954, 4.33006, -2.7784, -4.91676, -8.14903, 18.32767, -7.3866, 0.80197, -3.62067, -6.9514, 3.43731, 4.92269, -1.1615, 6.94314, -4.47048, -0.75801, -11.15446, 6.09912, -1.08638, -3.1986, -7.58899]"
44,sub10,supMAE,3,sub10-b1__0066__throw.npy,18,throw,18,0.99893624,1,"[1.89915, 5.90935, -3.10132, -3.19821, -0.96833, -4.7307, 2.72517, -4.1929, -4.10069, 1.41413, -3.5616, 0.48909, -1.87287, -1.35824, -1.72598, -0.56449, 1.40013, -7.48758, 13.08849, 4.72604, -4.65136, -11.37311]"
44,sub10,supMAE,3,sub10-b1__0067__throw.npy,18,throw,18,0.9998827,1,"[1.15706, 6.27209, -3.46886, -2.90274, 0.17187, -3.78765, 3.49785, -2.4627, -5.54966, 1.25061, -4.29081, -0.17785, -1.46258, -0.43901, -3.04801, -1.0163, 1.45852, -7.3303, 15.57005, 4.61667, -4.10542, -11.04781]"
44,sub10,supMAE,3,sub10-b1__0068__throw.npy,18,throw,18,0.9889263,1,"[3.69811, 5.423, -2.80279, -3.85791, -1.22565, -4.25181, 1.51818, -4.55272, -4.45835, 3.15234, -2.12885, 0.56014, -2.38624, -1.97446, -2.15512, -0.00564, 0.8127, -7.71349, 10.48009, 4.5836, -4.5899, -12.428]"
44,sub10,supMAE,3,sub10-b1__0069__walk.npy,20,walk,20,0.77245986,1,"[2.28317, -7.11597, 2.37993, -4.52534, -4.33588, -11.93624, -2.83438, -10.00263, 3.27302, 2.38321, 4.24784, -4.30571, 2.02199, 2.39187, 2.27971, 4.43708, -12.18696, 1.36776, -9.03901, 2.06858, 6.75626, -0.45608]"
44,sub10,supMAE,3,sub10-b1__0070__turnaround.npy,19,turnaround,19,0.98642725,1,"[3.17487, -2.37931, -3.83876, -4.144, -2.9691, -8.21217, -0.77746, -10.72631, -0.82364, -1.57908, 3.44164, -2.59054, -0.1354, 0.36345, 3.88878, 6.46704, -6.92438, -5.42055, 5.40271, 11.16687, -1.81382, -14.04031]"
44,sub10,supMAE,3,sub10-b2__0002__turnaround.npy,19,turnaround,19,0.98803604,1,"[-1.5611, -6.88986, -4.41769, -4.62262, 1.45379, -3.33633, -0.95772, -6.47268, -4.43859, 0.49166, 3.85832, -2.77269, -1.1842, 2.92366, 4.55215, 1.73542, -3.30081, 2.38321, 4.06566, 10.83497, 5.91912, -11.26021]"
44,sub10,supMAE,3,sub10-b2__0003__walk.npy,20,walk,20,0.99851507,1,"[-1.34175, -7.16175, -0.72935, -3.44466, -2.55994, -1.32135, 0.18601, -6.60097, -1.83113, 3.203, 4.76538, -3.24976, 4.04612, 4.09311, 2.98682, -2.97086, -6.1996, 6.29836, 0.72682, 4.47886, 13.33024, -6.43145]"
44,sub10,supMAE,3,sub10-b2__0004__turnaround.npy,19,turnaround,19,0.98584765,1,"[3.07585, -3.45485, -4.69416, -4.827, -3.04887, -7.9367, -1.64759, -11.80659, 0.60866, -0.49472, 2.00831, -1.64769, -1.45174, -2.37835, 5.26237, 4.93844, -3.38445, -5.79567, 4.92444, 10.46336, -2.82573, -13.56805]"
44,sub10,supMAE,3,sub10-b2__0005__walk.npy,20,walk,20,0.96615726,1,"[2.22927, -7.68723, 3.26429, -5.83926, -6.53771, -9.49075, -3.33974, -10.22108, 2.58669, 3.26411, 5.06891, -1.93548, 3.15622, -0.16794, 1.89599, 3.27372, -11.90433, 4.66129, -9.25892, 2.80262, 9.37821, -0.56422]"
44,sub10,supMAE,3,sub10-b2__0006__turnaround.npy,19,turnaround,19,0.99167573,1,"[1.8051, -3.30488, -3.27936, -4.50213, -3.72919, -7.63995, -1.88352, -11.32375, 0.61261, -1.74897, 4.24738, -2.38706, 0.70231, -0.49772, 4.70744, 5.83911, -7.2848, -3.28393, 4.07719, 11.1695, 0.15361, -13.23953]"
44,sub10,supMAE,3,sub10-b2__0007__walk.npy,20,walk,20,0.99828917,1,"[-1.54623, -7.3799, -0.80809, -3.14891, -1.77794, -0.73293, 0.1767, -5.26746, -3.32623, 3.25422, 4.87362, -2.79796, 4.02456, 4.69206, 2.31895, -3.31545, -5.30569, 6.01169, 0.68945, 4.32189, 13.07847, -6.8641]"
44,sub10,supMAE,3,sub10-b2__0008__turnaround.npy,19,turnaround,19,0.98328614,1,"[3.11127, -3.56518, -4.50984, -4.3991, -3.43585, -7.35343, -1.13518, -11.8044, 0.44786, -1.34707, 2.27484, -1.0831, -1.49603, -2.49807, 5.59919, 5.18029, -3.42518, -5.59997, 4.87167, 10.49402, -3.30802, -13.80753]"
44,sub10,supMAE,3,sub10-b2__0009__walk.npy,20,walk,20,0.93255717,1,"[2.39698, -7.87656, 2.47338, -5.20128, -5.18875, -10.24144, -3.90443, -9.95395, 2.85415, 3.43379, 4.33971, -3.02866, 2.56201, 0.826, 1.48196, 3.94686, -11.88204, 3.76571, -9.26416, 2.1614, 8.23333, -0.03076]"
44,sub10,supMAE,3,sub10-b2__0010__turnaround.npy,19,turnaround,19,0.99062246,1,"[1.40909, -3.03629, -3.66248, -4.66105, -3.95144, -6.98342, -2.22266, -11.06473, 0.53803, -1.83107, 4.79136, -2.55457, 1.36296, -0.53213, 4.06906, 6.00503, -7.57809, -2.95386, 3.91333, 11.13235, 0.52263, -13.18807]"
44,sub10,supMAE,3,sub10-b2__0011__walk.npy,20,walk,20,0.9982626,1,"[-1.71171, -7.4672, -1.16404, -3.67516, -0.99062, -0.88091, 0.25816, -4.80711, -3.82637, 3.42282, 4.54916, -3.0389, 3.9894, 5.04946, 1.35098, -2.93643, -5.41523, 6.07057, 1.05209, 4.86395, 13.16383, -7.25577]"
44,sub10,supMAE,3,sub10-b2__0012__turnaround.npy,19,turnaround,19,0.98028964,1,"[2.93134, -3.72125, -4.2938, -4.19394, -3.07316, -6.99851, -1.79086, -11.35787, 0.49741, -1.2929, 2.52342, -1.14567, -1.32215, -2.22215, 5.19571, 5.42598, -3.57068, -5.28703, 4.18823, 10.13682, -3.13025, -13.92035]"
44,sub10,supMAE,3,sub10-b2__0013__walk.npy,20,walk,20,0.8558246,1,"[1.59896, -7.82268, 2.05796, -4.2624, -4.93425, -10.89044, -4.10007, -9.27207, 3.03248, 2.59197, 3.64329, -3.0754, 2.80434, 1.26525, 1.09465, 4.3997, -11.59492, 3.01706, -8.91931, 1.74762, 7.16376, 0.5783]"
44,sub10,supMAE,3,sub10-b2__0014__turnaround.npy,19,turnaround,19,0.9877516,1,"[1.24453, -3.29955, -3.65085, -4.43925, -3.36742, -7.23225, -2.17628, -10.66298, 0.07486, -1.7957, 4.98815, -2.76727, 0.99052, 0.00131, 3.87483, 6.26744, -7.82852, -3.02364, 3.98574, 11.0582, 0.87967, -13.26752]"
44,sub10,supMAE,3,sub10-b2__0015__walk.npy,20,walk,20,0.9967624,1,"[-1.76153, -7.51393, -0.49263, -3.04675, -0.60912, -0.66246, 0.11514, -3.68613, -4.30342, 3.35656, 4.33365, -2.56004, 3.30441, 4.99076, 1.19551, -2.71053, -5.07442, 7.07671, 0.5422, 4.43247, 13.07931, -6.58479]"
44,sub10,supMAE,3,sub10-b2__0016__turnaround.npy,19,turnaround,19,0.9786307,1,"[2.36188, -3.96982, -3.67207, -4.32636, -3.43543, -7.26929, -1.88721, -11.26385, 0.61644, -1.49469, 2.47332, -1.12264, -0.6653, -2.33638, 5.34661, 5.05663, -3.60022, -5.19761, 3.77369, 9.90259, -2.67289, -13.36334]"
44,sub10,supMAE,3,sub10-b2__0017__walk.npy,20,walk,20,0.89999896,1,"[0.6802, -8.23711, 2.21168, -3.35039, -3.99828, -10.39496, -4.47766, -8.94785, 3.78727, 2.48687, 2.41759, -2.68592, 2.48054, 0.69776, 2.635, 3.11211, -9.3313, 2.59843, -8.99553, 0.56864, 7.19095, 1.19167]"
44,sub10,supMAE,3,sub10-b2__0018__turnaround.npy,19,turnaround,19,0.9871049,1,"[1.68342, -2.87186, -2.91741, -4.59128, -3.24543, -8.46642, -0.80013, -11.11751, 0.18418, -1.83029, 4.72756, -2.82077, 0.83953, 0.62528, 4.10935, 5.95023, -8.34187, -3.53933, 4.04175, 10.78101, 0.70348, -13.26042]"
44,sub10,supMAE,3,sub10-b2__0019__walk.npy,20,walk,20,0.9951788,1,"[-1.95214, -7.31123, -0.35635, -3.31462, 1.55326, -0.92996, 0.17793, -1.96445, -5.32911, 4.29368, 3.47985, -2.77511, 2.39608, 6.09278, -0.71701, -2.66352, -4.95752, 7.80989, 0.60131, 3.99846, 13.36533, -6.42921]"
44,sub10,supMAE,3,sub10-b2__0020__turnaround.npy,19,turnaround,19,0.98136157,1,"[2.23541, -3.9443, -3.65129, -4.38843, -3.04933, -7.05776, -1.4962, -11.1498, 0.54495, -1.51338, 2.35315, -1.30802, -0.64582, -2.02235, 5.39175, 5.03426, -3.61509, -4.84994, 4.0639, 10.08303, -2.61608, -13.68585]"
44,sub10,supMAE,3,sub10-b2__0021__walk.npy,20,walk,20,0.5854239,1,"[1.23705, -8.66692, 1.86274, -2.96238, -3.38989, -11.56774, -3.29138, -8.71253, 1.80374, 2.23021, 2.28561, -2.59102, 2.10891, 1.99557, 2.07477, 4.28747, -9.64925, 0.94517, -7.36425, 1.59112, 5.2821, -1.42445]"
44,sub10,supMAE,3,sub10-b2__0023__walk.npy,20,walk,20,0.9955367,1,"[-1.73734, -7.32119, -0.55389, -3.19864, 1.86275, -1.21432, 0.50173, -2.23527, -5.78372, 4.22154, 4.00947, -3.04467, 2.02422, 6.7443, -0.42277, -2.88183, -4.93123, 6.94178, 0.88076, 4.05752, 13.04989, -7.25547]"
44,sub10,supMAE,3,sub10-b2__0024__turnaround.npy,19,turnaround,19,0.9665973,1,"[2.65062, -4.22754, -3.46584, -4.14158, -2.77236, -7.66009, -1.6847, -11.40642, 0.75661, -1.21048, 2.57737, -1.91719, -1.19876, -1.53498, 5.19931, 5.4589, -4.44697, -4.70014, 3.39133, 9.53169, -2.3536, -13.37204]"
44,sub10,supMAE,3,sub10-b2__0025__hop.npy,9,hop,9,0.9760199,1,"[3.58217, -5.62062, -8.49466, -4.29018, 2.77778, -2.25146, -6.77879, -7.55376, -1.12444, 8.83011, 4.4718, -2.7302, 1.3122, 3.07969, -1.05727, -1.5537, 0.04241, -4.50856, -5.09568, -0.57802, -1.30919, -6.91796]"
44,sub10,supMAE,3,sub10-b2__0027__hop.npy,9,hop,9,0.92817336,1,"[4.40306, -5.09917, -9.46055, -3.42782, 2.94148, -2.16218, -7.5364, -7.74243, -1.3705, 8.60034, 5.68969, -2.69388, 0.05255, 2.96244, -0.47359, -1.49591, 0.40028, -5.79253, -4.90246, -0.30348, -2.75526, -7.91116]"
44,sub10,supMAE,3,sub10-b2__0028__hop.npy,9,hop,9,0.85438335,1,"[4.87083, -4.12151, -9.72439, -4.6778, -0.25573, -1.36931, -6.92963, -8.46521, -0.57185, 8.13227, 6.07079, -1.25897, 1.97729, 0.5902, -0.18796, -1.82334, 0.26962, -5.18912, -4.41877, 1.14897, -2.95647, -7.90859]"
44,sub10,supMAE,3,sub10-b2__0029__hop.npy,9,hop,9,0.752584,1,"[5.11677, -3.41831, -9.88285, -3.33246, 0.46416, -1.79134, -6.79849, -7.91071, -1.21061, 7.50582, 6.03097, -1.14175, 0.86288, 1.52708, -0.07303, -1.48064, 0.94762, -6.15393, -4.17223, 0.57571, -4.80495, -8.17208]"
44,sub10,supMAE,3,sub10-b2__0030__hop.npy,9,hop,9,0.8330594,1,"[2.53042, -6.25445, -8.70685, -3.20364, 3.50961, -2.78695, -6.30166, -7.62479, -1.84171, 7.05607, 4.98064, -2.01179, 0.91115, 3.37701, 1.19121, -1.71372, 1.42464, -7.32103, -3.8607, -6e-05, -2.9369, -9.45571]"
44,sub10,supMAE,3,sub10-b2__0031__jump.npy,10,jump,10,0.6700885,1,"[3.47684, -6.46726, -1.254, -0.64114, -2.7906, -10.24401, -3.87165, -9.92568, 1.4003, 1.50698, 6.60624, -1.917, 0.05337, 2.37837, 5.72107, 0.88284, -5.35477, -7.06948, -7.05477, 0.6306, -0.17878, -6.56832]"
44,sub10,supMAE,3,sub10-b2__0033__jump.npy,10,jump,10,0.6197318,1,"[2.65256, -6.96676, -0.76663, -0.02437, -2.94559, -9.88181, -4.87758, -9.65341, 2.05356, 0.59114, 6.53428, -1.9742, -0.08329, 1.97089, 5.94534, 1.32968, -5.7426, -5.15317, -7.6341, 0.39173, 0.46546, -5.08734]"
44,sub10,supMAE,3,sub10-b2__0034__jump.npy,10,jump,14,0.449083,0,"[2.1335, -5.69829, -1.8835, 6.068, -0.0463, -9.18656, -4.84937, -5.63552, -0.25438, -1.83943, 5.7002, -4.10741, -2.31395, 6.30161, 6.95628, -0.51281, -3.55374, -7.141, -5.18229, -2.06526, -2.12433, -2.68162]"
44,sub10,supMAE,3,sub10-b2__0035__jump.npy,10,jump,10,0.6981521,1,"[3.63816, -6.23332, -0.19985, 0.53875, -3.99458, -10.36393, -5.04931, -10.04833, 2.57143, 0.24785, 7.18431, -1.74926, -1.09854, 1.35291, 6.21912, 1.82624, -6.67252, -4.63916, -8.39125, 0.13518, 0.12308, -4.59508]"
44,sub10,supMAE,3,sub10-b2__0036__jump.npy,10,jump,10,0.62434644,1,"[3.52411, -6.42713, -1.26026, 0.19482, -4.20476, -9.39542, -4.78853, -10.25341, 2.66965, 0.07024, 7.33129, -1.27946, -0.78087, 0.73103, 6.75233, 1.79055, -5.70974, -5.20645, -7.82883, 0.89529, -0.35467, -5.48924]"
44,sub10,supMAE,3,sub10-b2__0037__runonspot.npy,13,runonspot,13,0.9953625,1,"[0.84682, -3.90777, -0.86993, 6.20598, 5.02961, -12.21402, -2.01051, -3.39935, -1.45078, -0.25108, 0.98628, -6.89175, -3.06842, 11.98526, 4.51502, -1.24604, -2.73905, -9.37953, -3.49336, -5.20121, -2.42279, -2.91686]"
44,sub10,supMAE,3,sub10-b2__0038__runonspot.npy,13,runonspot,13,0.9928631,1,"[0.77765, -3.52515, -2.28591, 7.12419, 5.87846, -11.43816, -2.88586, -3.01244, -1.67496, 0.35789, 1.27017, -7.12582, -4.41311, 12.36594, 4.3791, -1.63281, -1.54074, -9.50586, -3.08171, -5.79491, -2.9019, -2.62676]"
44,sub10,supMAE,3,sub10-b2__0040__runonspot.npy,13,runonspot,13,0.9902788,1,"[0.03542, -4.43963, -3.48429, 5.98279, 8.80428, -8.29565, -3.98934, -1.52422, -3.31193, 1.69969, 1.48052, -7.35607, -3.67892, 13.48902, 2.35963, -2.02372, -0.11004, -9.01832, -2.95005, -6.11446, -2.59842, -4.22874]"
44,sub10,supMAE,3,sub10-b2__0041__runonspot.npy,13,runonspot,13,0.9915804,1,"[0.58314, -3.72161, -2.4921, 5.54662, 7.74715, -10.68606, -2.28643, -3.10914, -2.27711, 1.65325, 0.56065, -7.31879, -4.58702, 12.63638, 3.40738, -1.58614, -1.1728, -9.5886, -2.56863, -5.89929, -2.20887, -3.64989]"
44,sub10,supMAE,3,sub10-b2__0042__buttkicks.npy,4,buttkicks,4,0.9929422,1,"[-1.15966, -7.00467, -10.8904, -2.89106, 15.8291, -3.33225, -6.98013, -2.79819, -3.47783, 10.78434, -1.43815, -5.82993, -3.86192, 8.36252, -1.51785, -3.06025, 6.54264, -8.24869, 0.97025, -2.05045, -2.03487, -8.81784]"
44,sub10,supMAE,3,sub10-b2__0043__buttkicks.npy,4,buttkicks,4,0.9990644,1,"[-0.56349, -5.01481, -12.6658, -2.48865, 18.04779, -0.85127, -8.18083, -1.18618, -4.96014, 10.55453, 0.16479, -5.93684, -4.71216, 10.0985, -3.57968, -3.48664, 7.51197, -8.92472, 1.13506, -2.10509, -5.14767, -9.30906]"
44,sub10,supMAE,3,sub10-b2__0044__buttkicks.npy,4,buttkicks,4,0.9972982,1,"[-1.15442, -6.01663, -11.36722, -2.77275, 16.70747, -3.58811, -7.26717, -2.60831, -3.56654, 10.24738, -0.73482, -6.35133, -4.40527, 9.91899, -2.66545, -2.83015, 5.76296, -8.51369, 0.47142, -2.26805, -2.7042, -8.26925]"
44,sub10,supMAE,3,sub10-b2__0045__buttkicks.npy,4,buttkicks,4,0.9956392,1,"[-0.07602, -5.97435, -13.67953, -4.20882, 17.00703, -0.00206, -8.56947, -2.57722, -4.55629, 11.5417, 1.22716, -4.67384, -4.92729, 7.74812, -3.83357, -2.36578, 7.16816, -8.59159, 0.64686, -0.70486, -4.36662, -10.91482]"
44,sub10,supMAE,3,sub10-b2__0049__airkick.npy,0,airkick,0,0.8997728,1,"[7.86628, 3.88512, 0.94604, -4.51405, -2.72122, -4.11705, -1.21014, -6.62788, 0.44604, 5.15619, -0.92373, 3.7664, -4.25216, -5.93076, 0.24566, 1.87177, 1.57698, -5.80011, -3.03889, 2.01212, -7.44819, -10.78473]"
44,sub10,supMAE,3,sub10-b2__0050__airkick.npy,0,airkick,0,0.9439108,1,"[8.14038, 3.30984, 0.94082, -4.03924, -3.38959, -3.36145, -1.00573, -7.57741, -0.17249, 4.88815, 0.17912, 3.31067, -2.68663, -5.1578, 1.19908, 0.69011, 1.40789, -7.89102, -4.0003, 0.58575, -8.02858, -12.08098]"
44,sub10,supMAE,3,sub10-b2__0051__airkick.npy,0,airkick,0,0.94460315,1,"[8.30731, 2.93109, -0.46538, -1.92299, -1.64831, -5.48252, -3.99623, -6.57316, -2.05595, 5.28947, 1.13473, 0.59927, -5.43003, -2.78246, -0.32815, 2.29443, -0.8771, -7.47742, -2.54382, 1.24616, -6.79516, -10.36872]"
44,sub10,supMAE,3,sub10-b2__0052__airkick.npy,0,airkick,0,0.95553005,1,"[7.79234, 2.80036, -0.40112, -2.13952, -2.24185, -4.52605, -2.50573, -7.00461, -1.48114, 4.39268, 1.29871, 1.12074, -3.92044, -2.88332, 0.5928, 1.05027, 0.27501, -9.23595, -2.86496, 0.29777, -7.42473, -12.36158]"
44,sub10,supMAE,3,sub10-b2__0054__airkick.npy,0,airkick,0,0.8338071,1,"[7.61789, 5.37092, -1.22917, -4.61136, -3.25175, -2.80967, 0.94634, -5.84208, -0.23801, 4.81165, -1.30177, 3.84324, -2.451, -5.13505, -1.84374, 0.60256, 2.24068, -8.77929, -0.01065, 1.456, -8.32111, -12.77744]"
44,sub10,supMAE,3,sub10-b2__0055__sidekick.npy,14,sidekick,14,0.82846135,1,"[-1.01843, -7.58561, -3.73234, -2.93464, 2.78127, -4.25934, 0.81952, -7.65644, 1.17027, 1.42882, -1.23963, -1.95736, 2.99287, 1.38873, 5.62793, -1.11796, 0.58518, -7.09853, -0.47575, 0.78654, 0.69168, -8.18175]"
44,sub10,supMAE,3,sub10-b2__0056__sidekick.npy,14,sidekick,14,0.99610174,1,"[2.14917, -6.37761, -1.36892, -0.7316, -1.12482, -5.63368, 0.57524, -8.54431, 1.94238, -0.8672, 0.29693, -0.06672, 1.01319, -0.39829, 8.85246, -0.48766, -0.1511, -8.24308, -3.37992, 0.23646, -2.76326, -7.72833]"
44,sub10,supMAE,3,sub10-b2__0057__sidekick.npy,14,sidekick,14,0.99165183,1,"[0.9179, -6.506, -1.08605, -1.16509, -0.7408, -5.7264, 0.48902, -8.71588, 2.34703, -0.50357, 0.07231, -0.97768, 1.34493, -0.46152, 7.98856, -0.32957, -1.20522, -6.94821, -2.98443, 0.05311, -0.82244, -6.96136]"
44,sub10,supMAE,3,sub10-b2__0058__sidekick.npy,14,sidekick,4,0.48869792,0,"[0.09823, -6.94743, -6.55954, -3.07655, 4.95757, -3.54648, 1.96253, -8.27779, -0.17868, 2.73708, -2.2061, -1.89038, -0.26085, 1.69741, 4.45314, -0.37673, 1.89802, -8.7527, 2.89721, 1.80013, -1.10582, -10.9359]"
44,sub10,supMAE,3,sub10-b2__0059__sidekick.npy,14,sidekick,14,0.97513765,1,"[0.71515, -6.51706, -5.59066, -1.83134, 1.7641, -2.30379, 0.85487, -8.75594, 1.72447, 0.68826, -1.52814, -0.50088, 0.14233, -1.01969, 7.55321, -0.95729, 3.05291, -8.1432, 0.96806, 1.35131, -2.06206, -9.64242]"
44,sub10,supMAE,3,sub10-b2__0060__sidekick.npy,14,sidekick,14,0.99745446,1,"[0.90101, -6.41383, -1.96958, -0.57501, -0.52063, -4.42968, 0.32398, -8.17055, 2.37439, -1.23295, 0.3457, -0.6468, 1.42759, -0.40422, 9.23632, -0.61231, 0.46647, -7.3674, -3.17217, -0.16853, -1.58845, -6.94074]"
44,sub10,supMAE,3,sub10-b2__0061__sidekick.npy,14,sidekick,14,0.9846613,1,"[-0.15231, -6.87583, -4.29392, -1.18501, 2.67175, -2.51401, 0.12981, -7.51088, 1.85381, 0.48291, -1.12864, -0.83141, 1.08089, 0.06306, 8.20095, -1.7239, 3.24815, -8.04043, -1.14446, -0.40523, -1.49729, -8.05707]"
44,sub10,supMAE,3,sub10-b2__0062__crosstoe.npy,6,crosstoe,6,0.9993831,1,"[1.61582, 1.16785, 1.08908, -6.1301, -6.32246, -7.7608, 16.74879, -11.39845, -0.15673, -2.14875, -4.26549, 2.82158, 8.24972, -1.31448, 5.66532, -4.50574, -2.82599, -12.06803, 8.91357, 3.0962, -2.27955, -12.57348]"
44,sub10,supMAE,3,sub10-b2__0064__crosstoe.npy,6,crosstoe,6,0.9992238,1,"[0.62641, 0.59469, 1.96174, -5.10533, -5.90317, -8.63937, 17.229, -9.90558, -1.65892, -2.61684, -4.87925, 2.96782, 7.98416, 0.49184, 4.24599, -3.45992, -3.56034, -10.27751, 9.93011, 2.92283, -1.13884, -11.62277]"
44,sub10,supMAE,3,sub10-b2__0065__crosstoe.npy,6,crosstoe,6,0.9997044,1,"[1.31226, 1.26222, 1.3795, -6.05448, -5.99612, -6.99559, 17.85768, -10.74601, -1.36059, -1.89626, -4.58054, 4.12948, 7.56259, -1.28666, 5.60056, -5.01449, -1.57542, -11.91842, 9.58558, 2.87011, -2.12184, -13.27336]"
44,sub10,supMAE,3,sub10-b2__0066__crosstoe.npy,6,crosstoe,6,0.9999002,1,"[1.55271, 1.74205, 4.31544, -5.41207, -7.22641, -8.63684, 18.15867, -9.51517, -2.70252, -2.63384, -4.14342, 4.27135, 8.46848, -0.06464, 5.83487, -3.97168, -3.10214, -10.60197, 7.78245, 2.58093, -2.12233, -12.48374]"
44,sub10,supMAE,3,sub10-b2__0067__crosstoe.npy,6,crosstoe,6,0.9997279,1,"[0.0211, 3.36216, 2.72448, -4.72661, -6.34576, -8.61346, 18.2317, -8.87148, -1.01766, -2.81323, -6.09182, 3.19608, 8.81771, 0.06907, 5.48476, -5.47888, -1.37864, -11.98362, 9.64627, 1.11871, -2.28689, -9.59899]"
44,sub10,supMAE,3,sub10-b2__0068__crosstoe.npy,6,crosstoe,6,0.99994826,1,"[1.06252, 0.69196, 2.70776, -2.70915, -6.71128, -5.84448, 18.6677, -8.83327, -0.95316, -4.57833, -6.02909, 3.68067, 8.19004, -0.27103, 7.90333, -4.41121, -0.41635, -11.97173, 5.5763, -1.13149, -3.39645, -9.31589]"
44,sub10,supMAE,3,sub10-b2__0069__throw.npy,18,throw,18,0.9944299,1,"[1.68596, 4.03032, -2.65477, -1.19508, 0.94309, -1.13962, -0.09367, -1.09699, -5.11629, 1.56243, -1.9479, 0.62278, -3.11969, -1.42456, -1.80553, -1.2538, 2.96416, -7.44848, 9.90396, 2.94379, -4.39623, -12.81656]"
44,sub10,supMAE,3,sub10-b2__0070__throw.npy,18,throw,18,0.9976336,1,"[0.24661, 6.92683, -2.92667, -0.4117, 0.32128, -2.87273, 2.22982, 0.55791, -4.05732, -0.62802, -4.9548, 0.40507, -2.44372, -0.4224, -3.86222, -0.10705, 2.09815, -6.42729, 13.01423, 2.93745, -5.18617, -9.52402]"
44,sub10,supMAE,3,sub10-b2__0071__throw.npy,18,throw,18,0.9665486,1,"[-0.35619, 7.51942, -1.66494, -2.90008, -0.14253, -4.06408, 2.3812, -0.18083, -1.12961, -0.22957, -6.37766, 0.29933, -2.08117, -2.36666, -4.80726, 1.42564, 0.87295, -3.17601, 10.91619, 3.67153, -3.98066, -7.02842]"
44,sub10,supMAE,3,sub10-b2__0072__throw.npy,18,throw,1,0.9447406,0,"[1.29246, 7.44542, 1.1406, -3.99747, -4.10365, -2.23158, 0.69831, -1.25147, 0.54767, 1.405, -3.68527, 2.3782, -0.06414, -5.80832, -3.40215, 0.64694, 0.4656, -2.31635, 4.10277, 2.21716, -3.01521, -7.44293]"
44,sub10,supMAE,3,sub10-b2__0073__throw.npy,18,throw,18,0.98311204,1,"[-0.38943, 5.79375, -3.54694, -3.99432, -0.26165, -2.621, 0.15873, -1.91808, 0.3158, 0.10772, -4.46689, 1.21768, -2.09818, -3.71743, -2.70652, 0.65138, 2.17197, -2.31055, 10.64891, 5.92947, -3.48193, -10.07559]"
44,sub10,supMAE,3,sub10-b2__0075__throw.npy,18,throw,18,0.9972134,1,"[-0.34216, 5.34035, -4.45501, -3.20238, 2.89499, -2.02399, -0.75424, -0.09381, -2.82711, 2.13109, -4.16669, 0.43473, -4.16463, -1.2755, -4.49546, 0.12142, 3.57508, -4.48194, 11.86132, 4.78519, -3.43451, -11.55596]"
44,sub10,supMAE,3,sub10-b2__0076__walk.npy,20,walk,20,0.31820104,1,"[0.90872, -7.96008, 3.54582, -1.2232, -3.32109, -12.18914, -2.75054, -8.66877, 2.63023, 0.50145, 0.71146, -2.33039, 1.0336, 1.52087, 3.62516, 3.76192, -8.80759, 0.11767, -6.95077, 0.46705, 4.22348, -0.9056]"
44,sub10,supMAE,3,sub10-b2__0077__turnaround.npy,19,turnaround,19,0.9760477,1,"[1.92999, -2.87806, -2.65942, -3.58469, -3.28848, -7.87064, -0.96623, -10.61736, -0.0999, -2.4091, 4.57338, -2.50195, 0.29754, 0.40613, 4.74165, 6.1333, -7.52809, -3.89337, 3.6873, 10.29315, -0.14609, -12.96589]"
44,sub10,supMAE,3,sub10-b2__0078__walk.npy,20,walk,20,0.9912792,1,"[-2.56107, -7.36492, -1.52128, -3.26372, 1.56857, 0.80212, -1.28914, -1.42546, -5.33593, 3.94795, 3.92792, -2.21454, 2.1262, 4.96565, -1.1735, -2.23718, -3.75139, 8.48443, 0.09775, 4.13624, 13.28302, -6.61121]"
44,sub10,supMAE,3,sub10-b2__0079__turnaround.npy,19,turnaround,19,0.98183835,1,"[2.4663, -4.43419, -3.08194, -4.89088, -2.87143, -7.36806, -1.34583, -11.11859, -0.0208, -1.26016, 3.02755, -1.66197, -0.37808, -1.3101, 4.58371, 5.89752, -5.20887, -4.04204, 3.19244, 10.24738, -1.67767, -14.21751]"
44,sub10,supMAE,3,sub10-b2__0080__walk.npy,20,walk,20,0.62600416,1,"[1.88012, -7.93752, 1.97013, -2.98883, -4.38777, -11.01933, -3.83239, -8.87193, 2.53799, 2.35345, 3.30516, -2.77316, 2.91082, 1.78667, 1.99567, 3.44226, -9.94637, 0.35699, -8.86673, 0.64097, 5.39156, -0.548]"
44,sub10,supMAE,3,sub10-b2__0081__turnaround.npy,19,turnaround,19,0.9838635,1,"[1.70546, -2.83731, -2.93884, -4.15029, -3.25383, -8.00848, -1.27641, -10.86311, 0.41794, -2.09907, 4.33236, -2.60955, 0.48419, -0.02409, 4.53536, 6.11938, -7.51187, -3.6386, 3.83386, 10.63488, 0.12318, -12.99197]"
44,sub10,supMAE,3,sub10-b2__0082__walk.npy,20,walk,20,0.99191886,1,"[-2.07139, -7.25401, -2.0932, -2.73853, 2.4873, 0.01922, -1.07772, -1.60636, -5.55644, 4.47136, 4.32728, -2.86081, 1.24061, 5.95024, -0.43462, -2.56328, -3.59571, 7.49926, 0.86126, 4.07665, 12.60708, -6.95517]"
44,sub10,supMAE,3,sub10-b2__0083__turnaround.npy,19,turnaround,19,0.98060566,1,"[2.5073, -4.1067, -3.39189, -4.32045, -3.34387, -7.22275, -1.32186, -11.09255, 0.41459, -1.77442, 2.46755, -1.54704, -0.36259, -1.82532, 5.29234, 5.26077, -4.16783, -4.80896, 3.89909, 10.07185, -2.47095, -13.58932]"
44,sub10,supMAE,3,sub10-b2__0084__walk.npy,20,walk,20,0.76906115,1,"[0.87497, -8.61637, 1.72382, -2.73388, -3.72117, -10.35175, -4.15073, -8.58166, 2.46753, 2.30971, 2.59008, -2.69945, 3.0028, 1.81093, 2.27346, 3.12257, -8.92662, 1.26087, -8.38287, 0.41453, 5.88563, -0.04025]"
44,sub10,supMAE,3,sub10-b2__0085__turnaround.npy,19,turnaround,19,0.94415295,1,"[1.14093, -2.30303, -3.16837, -4.0321, -4.48525, -7.19374, -0.5773, -10.75878, -0.27442, -1.37259, 6.50325, -2.50141, 1.84418, 0.81304, 5.4182, 1.64454, -6.15531, -4.7075, 4.21112, 9.719, 1.56315, -13.16117]"
44,sub10,supMAE,3,sub10-b2__0086__walk.npy,20,walk,20,0.99196106,1,"[-2.43278, -7.39709, -1.57929, -3.04675, 1.43438, 0.48921, -1.13734, -1.79825, -5.08151, 3.73304, 4.4793, -2.57346, 2.22158, 5.31454, -0.40743, -2.26893, -3.97224, 8.03553, 0.26313, 4.37884, 12.98155, -6.70862]"
44,sub10,supMAE,3,sub10-b2__0087__turnaround.npy,19,turnaround,19,0.97740227,1,"[2.23211, -4.48156, -2.85442, -4.6315, -2.3599, -7.52798, -1.32148, -10.92977, 0.15242, -1.30982, 2.12311, -1.79437, -0.80635, -1.38496, 4.51303, 6.30712, -4.93598, -3.47994, 3.80467, 10.32551, -1.83672, -13.83612]"
44,sub10,supMAE,3,sub10-b2__0088__walk.npy,20,walk,20,0.80694795,1,"[0.73504, -8.56236, 2.23564, -2.81616, -4.56911, -10.14198, -4.11236, -8.67763, 2.85187, 1.98783, 2.4446, -1.92289, 3.11846, 0.74248, 2.41311, 3.38101, -9.02422, 1.91975, -8.63749, 0.41131, 6.23814, 0.0389]"
44,sub10,supMAE,3,sub10-b2__0089__turnaround.npy,19,turnaround,19,0.98312366,1,"[1.70137, -2.94278, -2.13363, -4.75325, -4.19111, -7.95931, -0.85994, -11.19136, 0.48342, -1.77115, 5.58972, -2.70176, 1.69162, 0.23023, 4.31165, 5.13323, -8.43554, -2.99211, 2.75374, 10.37008, 1.65961, -13.14793]"
44,sub10,supMAE,3,sub10-b2__0091__turnaround.npy,19,turnaround,19,0.9795943,1,"[2.03361, -4.62798, -3.56881, -4.70562, -2.51897, -7.17172, -1.419, -10.89144, 0.29828, -1.08253, 2.09534, -1.91082, -0.54749, -1.38675, 4.63976, 5.76276, -4.28862, -3.70035, 3.85984, 10.06223, -1.39415, -13.64129]"
44,sub10,supMAE,3,sub10-b2__0092__walk.npy,20,walk,20,0.77676266,1,"[1.28141, -8.56261, 2.00282, -3.34519, -4.99502, -10.31112, -4.08445, -9.32338, 2.83799, 2.14217, 3.22344, -2.08892, 3.00756, 0.74281, 2.24391, 3.82258, -9.89737, 2.08749, -8.88348, 1.07617, 6.26427, -0.48619]"
44,sub10,supMAE,3,sub10-b2__0093__turnaround.npy,19,turnaround,19,0.98333687,1,"[1.80576, -2.98095, -2.0925, -4.42526, -3.61357, -8.31383, -0.71603, -10.89028, -0.01463, -1.95791, 5.25549, -3.02845, 1.22918, 0.78522, 4.17761, 5.59585, -8.59222, -3.24383, 3.04844, 10.4135, 1.27057, -13.10872]"
44,sub10,supMAE,3,sub10-b2__0094__walk.npy,20,walk,20,0.9924198,1,"[-1.73641, -7.30646, -0.25622, -2.77247, 2.06186, -1.25598, 0.28757, -1.74886, -5.82661, 3.93064, 3.81658, -3.03288, 1.3633, 6.66814, -0.82782, -2.19217, -5.10025, 7.75563, 0.58484, 3.89322, 12.97146, -6.75193]"
44,sub10,supMAE,3,sub10-b2__0095__turnaround.npy,19,turnaround,19,0.9881269,1,"[2.52961, -3.52112, -3.17387, -4.95959, -2.85174, -6.38297, -0.71548, -10.78283, -0.78828, -1.49628, 1.92832, -1.26185, 0.40695, -1.90476, 4.22035, 5.51058, -3.8516, -5.07245, 4.95793, 10.59615, -2.89846, -15.11393]"
44,sub10,supMAE,3,sub10-b2__0097__hop.npy,9,hop,9,0.9477537,1,"[2.48397, -6.51768, -7.64177, -4.83326, 2.9892, -2.64297, -5.7303, -7.56424, -1.18256, 7.65555, 3.74647, -2.47192, 2.88431, 3.03447, -0.84718, -1.29187, -0.61395, -5.30937, -4.48931, 0.37073, -1.05511, -7.76983]"
44,sub10,supMAE,3,sub10-b2__0098__hop.npy,9,hop,9,0.8864523,1,"[1.12721, -6.90265, -9.32211, -4.12232, 5.29156, -2.14673, -6.44413, -6.48825, -1.24241, 8.16232, 3.72778, -4.1199, 2.0644, 5.26549, -1.07385, -1.4301, 0.74701, -4.88309, -4.54749, -0.77933, -0.25849, -6.10847]"
44,sub10,supMAE,3,sub10-b2__0099__hop.npy,9,hop,9,0.9144653,1,"[3.60687, -5.76589, -9.48423, -3.7798, 3.3456, -1.19122, -6.09463, -7.23307, -1.6356, 7.96568, 4.97676, -2.9485, 1.69887, 3.89952, -0.38298, -1.75351, 0.79891, -5.95257, -4.80006, -0.55961, -2.32095, -7.47799]"
44,sub10,supMAE,3,sub10-b2__0101__hop.npy,9,hop,9,0.9553627,1,"[4.1706, -4.57811, -9.66232, -4.71177, 2.26259, -2.00953, -6.55435, -7.53254, -1.28509, 8.48236, 4.80251, -2.73107, 1.81759, 2.98156, -1.84071, -1.41382, -0.3452, -4.92248, -4.00234, 0.61909, -2.63321, -7.02343]"
44,sub10,supMAE,3,sub10-b2__0102__hop.npy,9,hop,9,0.94055057,1,"[2.82569, -4.7421, -10.42296, -3.98346, 4.32167, -1.88415, -5.57473, -6.91139, -2.14874, 8.33536, 4.61228, -2.65391, 0.41688, 4.0592, -0.34278, -2.19968, 2.18823, -5.9082, -3.08037, -0.05654, -3.1738, -8.0946]"
44,sub10,supMAE,3,sub10-b2__0103__hop.npy,9,hop,9,0.85211,1,"[5.50578, -3.19002, -10.69697, -3.28612, 3.57424, -1.25848, -5.84856, -6.55891, -2.57183, 8.09251, 5.30688, -2.73839, 0.33733, 4.36907, -2.17544, -1.3756, 0.62895, -7.20143, -3.53863, -0.15208, -5.30376, -7.95375]"
44,sub10,supMAE,3,sub10-b2__0104__hop.npy,9,hop,9,0.9677652,1,"[3.01667, -4.92245, -9.68812, -4.6861, 5.017, -2.70334, -7.02424, -6.14649, -2.13773, 9.2857, 4.39726, -3.25304, 1.20082, 4.61255, -3.93731, -0.99925, -0.62944, -4.96266, -3.64061, 0.11278, -1.79106, -6.90383]"
44,sub10,supMAE,3,sub10-b2__0105__jump.npy,10,jump,10,0.88849664,1,"[3.92274, -6.13315, -2.08161, -0.46188, -2.51215, -9.90427, -4.47076, -9.93226, 1.44661, 1.33258, 7.96903, -2.61342, -0.48542, 2.9547, 5.62527, 1.03319, -5.91546, -6.71923, -7.51316, 0.94534, -0.4441, -6.31826]"
44,sub10,supMAE,3,sub10-b2__0106__jump.npy,10,jump,10,0.9026229,1,"[4.7384, -5.6783, -0.37827, 0.65806, -5.72956, -10.0161, -4.97659, -10.67174, 2.84909, -0.47902, 8.96045, -1.21293, -1.1173, 0.6429, 6.53731, 2.25015, -7.61867, -4.45093, -9.16041, 0.89072, -0.49244, -4.84338]"
44,sub10,supMAE,3,sub10-b2__0107__jump.npy,10,jump,10,0.87278146,1,"[4.48657, -5.97617, -0.85812, -0.10446, -5.21571, -9.25571, -4.4274, -10.59242, 2.53165, 0.06557, 8.51107, -1.05845, -0.12717, 0.63702, 6.4133, 1.4943, -6.76499, -5.31933, -8.70413, 0.90835, -0.52867, -5.57273]"
44,sub10,supMAE,3,sub10-b2__0109__jump.npy,10,jump,10,0.9182806,1,"[4.64985, -5.91841, -1.21595, -0.2352, -5.37729, -9.26847, -4.55202, -10.80346, 2.14267, 0.2884, 9.11295, -0.98763, -0.22427, 0.69566, 6.52327, 1.46272, -6.48779, -5.6602, -8.58885, 1.07688, -0.56983, -6.18876]"
44,sub10,supMAE,3,sub10-b2__0110__jump.npy,10,jump,10,0.90894365,1,"[3.78109, -6.56534, -1.23703, -0.39153, -4.11117, -9.24287, -5.31469, -10.35594, 2.49384, 0.70049, 8.40265, -1.91379, -0.30993, 1.19429, 5.92603, 1.54621, -6.81909, -4.25596, -8.72497, 0.83266, 0.61093, -4.6869]"
44,sub10,supMAE,3,sub10-b2__0111__runonspot.npy,13,runonspot,13,0.9960608,1,"[1.33471, -3.79192, -1.42915, 5.25007, 5.81933, -11.97527, -0.86119, -3.23796, -2.33423, -0.23032, 1.09591, -6.73562, -3.08886, 12.11204, 5.21254, -1.04141, -1.84989, -11.27359, -2.73883, -4.143, -3.33688, -4.82654]"
44,sub10,supMAE,3,sub10-b2__0113__runonspot.npy,13,runonspot,13,0.9947678,1,"[-0.57663, -4.34697, -3.25574, 5.85328, 9.08289, -10.16851, -3.25326, -1.55516, -2.61068, 1.76716, 0.46074, -8.13887, -3.7861, 14.37112, 1.86442, -1.33217, -1.51951, -7.96599, -2.89201, -6.27764, -1.07718, -1.7734]"
44,sub10,supMAE,3,sub10-b2__0114__runonspot.npy,13,runonspot,13,0.9987325,1,"[-0.44268, -3.67019, -2.57533, 6.31416, 7.83078, -11.1678, -2.1602, -1.86962, -1.99099, 0.71669, -0.27993, -8.54704, -2.84846, 14.70729, 3.05209, -2.1031, -1.58455, -8.51496, -2.65517, -6.19488, -1.17711, -0.25311]"
44,sub10,supMAE,3,sub10-b2__0115__runonspot.npy,13,runonspot,13,0.9912608,1,"[-0.48905, -3.49892, -3.42139, 5.50914, 9.97685, -10.89821, -1.42002, -1.45468, -2.65044, 1.97055, -0.74008, -8.29361, -3.51866, 14.72094, 3.11628, -2.99971, 0.18427, -10.41136, -1.4041, -6.06843, -1.73375, -2.1396]"
44,sub10,supMAE,3,sub10-b2__0116__buttkicks.npy,4,buttkicks,4,0.9884349,1,"[-0.06452, -5.48967, -14.19552, -4.19825, 16.89005, 0.78415, -8.82184, -2.51845, -4.19948, 12.42612, 1.15934, -4.79969, -4.13045, 7.65691, -4.64765, -3.1396, 7.51889, -7.67658, 0.36669, -1.52535, -4.19372, -9.15308]"
44,sub10,supMAE,3,sub10-b2__0118__buttkicks.npy,4,buttkicks,4,0.964668,1,"[1.16779, -5.67274, -14.9137, -4.5501, 15.47531, 1.29957, -8.71015, -3.53992, -3.81825, 12.15632, 2.15203, -4.47334, -3.91861, 6.74319, -3.55585, -2.98413, 7.26548, -8.4054, 0.22283, -0.46755, -4.64837, -10.49476]"
44,sub10,supMAE,3,sub10-b2__0119__buttkicks.npy,4,buttkicks,4,0.99193466,1,"[-0.20097, -5.74434, -14.92528, -4.24668, 17.62188, 1.07103, -9.14917, -2.63475, -4.03373, 12.77768, 1.18069, -4.69979, -5.01377, 7.38233, -3.3375, -4.11913, 9.20503, -8.72966, 1.0282, -0.92263, -3.87637, -10.38299]"
44,sub10,supMAE,3,sub10-b2__0120__buttkicks.npy,4,buttkicks,4,0.99722904,1,"[-0.36952, -5.56686, -13.2887, -3.32119, 17.09841, -0.04485, -9.52769, -1.90528, -4.20538, 11.15333, 1.3122, -5.36662, -4.53923, 8.20436, -4.50978, -2.34466, 6.3903, -6.72751, 0.06938, -1.10623, -4.39615, -8.27114]"
44,sub10,supMAE,3,sub10-b2__0121__buttkicks.npy,4,buttkicks,4,0.9662447,1,"[0.44718, -6.82139, -12.5707, -4.6727, 14.39803, -2.15544, -7.10312, -4.86919, -2.68992, 10.99107, 1.07619, -5.83371, -3.14058, 8.04514, -1.95328, -2.20397, 4.45038, -7.7061, -0.61001, -0.62217, -1.79763, -9.03033]"
44,sub10,supMAE,3,sub10-b2__0122__airkick.npy,0,airkick,0,0.982733,1,"[9.8282, -2.01996, -3.4374, -0.31997, -6.75993, -5.39825, -2.51369, -9.87398, 0.27094, 3.17091, 5.6367, -1.04496, 1.91264, 0.96053, 2.10631, -0.07902, -5.66117, -6.34537, -7.30713, -0.97943, -5.52424, -5.07892]"
44,sub10,supMAE,3,sub10-b2__0123__airkick.npy,0,airkick,0,0.9785527,1,"[9.16021, 1.01347, -5.27767, -2.11827, -5.97965, -2.85965, 1.58032, -9.23385, -1.1224, 4.25899, 1.47084, 4.28011, -0.56918, -3.72718, 3.55774, -1.86821, 2.65805, -10.36078, -0.23591, 0.74564, -9.78467, -11.97457]"
44,sub10,supMAE,3,sub10-b2__0124__airkick.npy,0,airkick,10,0.5945292,0,"[5.79708, -4.52095, -3.35113, 0.68761, -3.1298, -7.14456, -3.90947, -9.31985, 0.20654, 1.58174, 6.40536, -1.13413, -1.01188, 1.55878, 4.18827, 1.08969, -4.13041, -7.75484, -6.32677, -0.25261, -3.84216, -7.98907]"
44,sub10,supMAE,3,sub10-b2__0125__airkick.npy,0,airkick,0,0.92532474,1,"[8.26058, -3.33576, -3.22658, 0.40559, -5.15708, -6.89738, -3.66617, -9.51479, 0.24953, 2.46024, 5.63168, -1.28019, 0.54246, 1.39149, 2.20903, 1.06188, -5.9389, -6.88004, -7.06057, -0.87798, -4.41165, -5.92088]"
44,sub10,supMAE,3,sub10-b2__0126__airkick.npy,0,airkick,0,0.9551393,1,"[9.10782, -2.10476, -4.22931, 0.08041, -6.04916, -5.74635, -3.65847, -9.62605, 0.04575, 4.21311, 5.83716, -0.42037, 0.47354, 0.12883, 1.90912, -0.32519, -4.45189, -7.44879, -6.1482, -1.06049, -4.78473, -6.93351]"
44,sub10,supMAE,3,sub10-b2__0127__airkick.npy,0,airkick,0,0.6441392,1,"[6.7616, 5.40201, -1.88457, -4.54019, -4.43107, -2.01434, 1.44185, -6.43128, 0.48531, 4.92908, -2.13025, 4.4013, -1.89129, -5.76498, -0.08756, -0.3474, 3.16755, -7.27458, 0.23002, 0.95843, -7.53402, -11.32689]"
44,sub10,supMAE,3,sub10-b2__0128__sidekick.npy,14,sidekick,14,0.8593517,1,"[-0.95139, -7.6291, -3.98206, -2.26652, 3.7463, -4.69555, 0.16961, -7.27509, 1.46247, 1.75912, -1.68087, -2.14686, 1.70217, 1.77328, 6.10393, -1.32328, 1.50104, -7.1517, -0.99854, 0.13449, 0.11521, -7.03044]"
44,sub10,supMAE,3,sub10-b2__0129__sidekick.npy,14,sidekick,14,0.9948837,1,"[1.74508, -7.02961, -1.61431, -0.6209, 0.82552, -7.08995, -0.26398, -8.34952, 1.87585, 0.59781, 0.54676, -1.77828, -0.52915, 1.44592, 8.56705, -0.16007, -0.66722, -7.29399, -4.03205, -0.24359, -1.32289, -6.36557]"
44,sub10,supMAE,3,sub10-b2__0130__sidekick.npy,14,sidekick,14,0.99270827,1,"[1.21716, -6.83169, -2.01702, -0.84652, -0.65939, -5.10854, -0.94744, -8.55514, 3.01565, -0.77669, 0.72988, -0.4859, 0.51775, -1.00646, 8.45268, 0.06057, -0.5315, -6.25308, -3.64596, 0.71971, -1.38333, -6.49652]"
44,sub10,supMAE,3,sub10-b2__0132__sidekick.npy,14,sidekick,14,0.9848787,1,"[0.61075, -6.58415, -1.87456, -1.15879, -0.80386, -5.01993, 1.48477, -8.78396, 2.59535, -0.92703, -0.83179, -0.91029, 1.21691, -0.67106, 7.56715, 0.42087, -1.34618, -6.1126, -2.0725, 0.43586, -0.64017, -6.65601]"
44,sub10,supMAE,3,sub10-b2__0134__crosstoe.npy,6,crosstoe,6,0.9999691,1,"[1.89505, 0.00369, 3.50069, -4.30543, -7.066, -6.56596, 18.55433, -10.62982, -0.1216, -3.98516, -5.28207, 3.11603, 7.52915, -1.30721, 7.195, -3.12472, -3.43411, -9.06239, 5.57633, 0.7907, -1.96336, -10.02175]"
44,sub10,supMAE,3,sub10-b2__0135__crosstoe.npy,6,crosstoe,6,0.99332076,1,"[-0.91348, 1.12137, 5.03997, -4.99253, -9.20352, -3.60146, 15.72937, -8.60589, 0.07592, -4.73008, -2.52987, 9.37503, 9.44744, -4.55502, 9.94904, -6.35648, 3.13145, -6.32782, 1.18474, 0.239, -1.84285, -9.61555]"
44,sub10,supMAE,3,sub10-b2__0136__crosstoe.npy,6,crosstoe,6,0.99897087,1,"[0.06642, 0.02896, 6.93115, -5.5964, -8.82073, -8.61314, 17.2758, -10.26498, 0.09561, -5.80385, -2.04057, 5.42662, 9.86476, -1.5538, 9.41603, -4.66113, -2.06098, -7.78498, 1.45026, 1.33802, -0.57002, -8.92261]"
44,sub10,supMAE,3,sub10-b2__0137__crosstoe.npy,6,crosstoe,6,0.9980696,1,"[0.12426, -0.07788, 8.65512, -4.58924, -9.74647, -10.50285, 16.68193, -10.14239, 0.95139, -6.44872, -2.58527, 5.61439, 9.43558, -1.86421, 9.64505, -4.11067, -3.30293, -6.71749, 0.48582, 0.71331, -0.39331, -6.17915]"
44,sub10,supMAE,3,sub10-b2__0139__throw.npy,18,throw,18,0.95419806,1,"[3.07783, 4.18518, -9.26908, 1.54702, -0.80721, 6.36441, -1.54767, 0.01055, -3.68215, -2.99286, -0.27733, -0.26304, -0.36313, -0.47704, -3.80999, 2.20868, 1.39222, -4.45569, 9.76492, 4.97758, -6.70191, -9.64819]"
44,sub10,supMAE,3,sub10-b2__0140__throw.npy,18,throw,18,0.9997564,1,"[1.83445, 3.62602, -8.40961, 1.2135, 1.92071, 3.24281, 1.15408, 0.90309, -5.6718, -1.88358, -2.01476, -2.05773, -2.49151, 2.9241, -5.55119, 3.3689, -0.96447, -2.72749, 14.42295, 5.74682, -2.58224, -9.18445]"
44,sub10,supMAE,3,sub10-b2__0141__throw.npy,18,throw,18,0.9969812,1,"[0.48225, 4.80625, -8.76356, 2.08009, 1.4857, 4.40494, -0.92299, 2.77322, -3.59268, -3.40366, -3.4135, -3.48308, 0.06674, 2.44669, -7.34658, 3.98798, -0.86952, -2.02059, 11.64927, 3.80987, -3.67611, -3.39276]"
44,sub10,supMAE,3,sub10-b2__0142__throw.npy,18,throw,18,0.574044,1,"[-0.25383, -1.98087, -8.92883, 1.14537, 0.48374, -1.44926, -4.22362, -5.02701, 1.2247, -3.5708, -1.00579, -5.80711, -0.25287, 1.56688, -0.73775, 5.40571, -3.85375, -2.49122, 7.01183, 6.37105, -2.05539, -2.93778]"
44,sub10,supMAE,3,sub10-b2__0143__throw.npy,18,throw,18,0.995783,1,"[2.93276, 2.69045, -8.08446, 1.84056, -0.75258, 2.81416, -0.03647, -1.00291, -4.73011, -3.14581, 0.06132, -0.77909, -2.24933, 1.55342, -3.42514, 3.97291, -1.89878, -1.96428, 12.212, 6.59827, -3.42715, -9.98357]"
44,sub10,supMAE,3,sub10-b2__0144__throw.npy,18,throw,18,0.99702257,1,"[1.84065, 4.63681, -8.61631, 2.99916, 0.34987, 4.89218, -0.95065, 1.08699, -3.69579, -3.49899, -1.40814, -0.93332, -2.39924, 0.81061, -4.12542, 2.68442, 0.63515, -2.85206, 11.78718, 4.65962, -4.43483, -8.27802]"
44,sub10,supMAE,3,sub10-c__0001__sit.npy,15,sit,15,0.9761562,1,"[0.03921, 3.2943, -2.63365, -3.7303, -7.75534, -0.17293, -3.54466, -1.95524, 1.6644, -3.82928, -0.44644, -2.20913, 5.1983, -6.96883, -7.10074, 12.60895, -9.61023, 8.61055, 1.58007, 7.37529, 0.82844, -1.034]"
44,sub10,supMAE,3,sub10-c__0002__stand.npy,17,stand,17,0.95055556,1,"[-1.24315, 2.11133, -0.27272, -4.77868, -9.58481, 0.18647, -4.42607, -3.40876, 3.18268, -3.29066, -0.54384, -1.27319, 6.16963, -8.47337, -7.10982, 11.22157, -11.96248, 14.20676, 0.21008, 7.34158, 4.94513, -0.75699]"
44,sub10,supMAE,3,sub10-c__0003__turnaround.npy,19,turnaround,19,0.95477444,1,"[2.1798, 4.70812, -4.01326, -4.62775, -8.50354, -0.91401, -3.24799, -3.50567, 0.58458, -1.65896, 2.0979, 1.55278, 4.28856, -6.9725, -3.22794, 5.27746, -2.5885, 0.09695, 2.88769, 9.09722, -2.68691, -7.07504]"
44,sub10,supMAE,3,sub10-c__0004__sit.npy,15,sit,15,0.9605876,1,"[-0.24582, 3.41137, -2.34185, -3.72441, -8.86592, 0.37816, -2.9926, -2.17428, 2.10702, -4.32069, -0.56186, -1.93679, 6.13778, -7.47548, -6.24682, 11.97555, -9.42165, 8.46404, 1.34139, 7.14071, 1.3797, -1.04376]"
44,sub10,supMAE,3,sub10-c__0006__turnaround.npy,19,turnaround,19,0.96553326,1,"[2.20495, 4.56862, -3.98735, -4.67438, -8.7044, -1.47551, -2.99538, -4.03806, 0.85749, -2.06631, 2.11312, 1.20439, 4.40975, -6.88019, -2.75419, 5.39386, -2.97716, 0.06278, 3.02277, 9.42848, -2.79681, -7.02852]"
44,sub10,supMAE,3,sub10-c__0007__sit.npy,15,sit,15,0.96550494,1,"[0.23565, 3.43499, -2.41277, -3.87547, -8.40189, 0.05762, -2.99795, -2.44047, 1.88799, -3.88343, -0.87598, -1.76163, 5.34251, -7.68185, -6.59366, 12.2883, -9.67471, 8.62356, 2.34352, 7.56688, 1.18708, -1.97272]"
44,sub10,supMAE,3,sub10-c__0008__stand.npy,17,stand,17,0.9320749,1,"[-0.51156, 1.79019, -0.56426, -5.46002, -8.91903, -0.76382, -5.05894, -3.97117, 2.92861, -2.29787, 0.46131, -1.50456, 5.27393, -8.06812, -7.15138, 10.49819, -11.69187, 13.21773, 0.17007, 8.15265, 4.91647, -2.10589]"
44,sub10,supMAE,3,sub10-c__0010__sit.npy,15,sit,15,0.95926934,1,"[0.13628, 3.4611, -2.46741, -4.03791, -8.50662, -0.11236, -3.45745, -2.49596, 2.31795, -3.79654, -1.05104, -2.01511, 5.58564, -7.80565, -6.77468, 12.39572, -9.85854, 9.00646, 1.91532, 7.48893, 1.1351, -1.00541]"
44,sub10,supMAE,3,sub10-c__0011__stand.npy,17,stand,17,0.9340299,1,"[-0.92267, 2.08303, 0.0248, -4.98323, -9.18555, -0.89055, -5.1529, -3.64018, 3.44145, -3.02484, -0.16451, -1.57903, 5.66908, -8.17503, -6.99032, 11.00886, -11.98056, 13.69992, -0.3417, 7.62536, 4.86775, -1.0711]"
44,sub10,supMAE,3,sub10-c__0012__turnaround.npy,19,turnaround,19,0.9494661,1,"[2.16122, 4.70305, -4.09669, -4.48606, -8.26945, -0.8682, -3.69318, -3.27201, 0.66552, -1.85578, 2.21839, 0.95463, 4.35573, -6.66825, -3.77303, 5.68166, -3.27456, 0.56875, 2.56756, 9.18644, -2.64148, -6.79352]"
44,sub10,supMAE,3,sub10-c__0013__sit.npy,15,sit,15,0.9700448,1,"[-0.42664, 3.69627, -2.25087, -3.88685, -9.01342, 0.71823, -2.75699, -2.63859, 2.63786, -4.57683, -1.32744, -1.61479, 6.48526, -8.09312, -5.54313, 11.70927, -8.97097, 7.66426, 1.60124, 6.80951, 0.87079, -1.48571]"
44,sub10,supMAE,3,sub10-c__0014__stand.npy,17,stand,17,0.95390934,1,"[-1.01954, 1.9, -0.00824, -5.20183, -9.70008, -0.3541, -5.04994, -3.98604, 3.48889, -3.16352, 0.03235, -1.26692, 6.20946, -8.43828, -6.25493, 10.47041, -11.55985, 13.5794, -0.52791, 7.71372, 4.78419, -1.31911]"
44,sub10,supMAE,3,sub10-c__0015__turnaround.npy,19,turnaround,19,0.9318552,1,"[2.23223, 5.30495, -4.71672, -4.3683, -8.11651, -1.10722, -2.6494, -3.67823, 0.663, -1.55823, 1.8799, 1.236, 4.06688, -6.28079, -3.44928, 4.94853, -2.64763, -0.71283, 3.88142, 8.77194, -3.01264, -7.19649]"
44,sub10,supMAE,3,sub10-c__0016__squat.npy,16,squat,16,0.9999269,1,"[0.6283, 1.30193, -6.25411, -2.08584, 5.73207, 1.66643, 0.1037, 2.0123, -6.76171, 8.02284, -0.71747, 6.80364, -0.09782, 2.61365, 2.88325, -13.21169, 18.13438, -15.02704, 7.06616, -0.8472, -5.05647, -14.25623]"
44,sub10,supMAE,3,sub10-c__0017__squat.npy,16,squat,16,0.9999298,1,"[-0.3694, 1.14742, -8.41935, -2.1404, 9.30074, 1.9025, -1.26187, 2.70575, -6.46901, 9.51944, -1.65447, 4.82085, -1.43496, 3.52502, 1.7917, -13.25031, 19.7772, -15.09331, 7.84053, -1.42943, -4.9172, -13.32675]"
44,sub10,supMAE,3,sub10-c__0018__squat.npy,16,squat,16,0.9998721,1,"[0.68906, -1.11485, -8.09918, -4.34947, 4.68782, 6.82588, -4.65704, 0.74677, -5.02064, 9.15827, 1.85269, 6.96305, 0.65295, -2.18567, 1.5156, -9.6929, 18.32369, -9.94466, 2.32672, -0.10692, -2.67824, -12.72251]"
44,sub10,supMAE,3,sub10-c__0019__squat.npy,16,squat,16,0.99943334,1,"[2.25712, -0.29341, -7.2732, -3.9216, 0.4152, 5.6824, -4.21681, -1.79662, -3.06699, 7.01254, 3.39066, 8.00737, 1.05539, -4.28089, 3.63198, -9.08855, 15.88654, -9.55671, 1.58611, 1.11629, -3.51519, -12.93156]"
44,sub10,supMAE,3,sub10-c__0020__squat.npy,16,squat,16,0.9999026,1,"[1.343, -0.57996, -7.08674, -4.75452, 4.26505, 5.68666, -4.04752, -0.30635, -4.10976, 9.34559, 0.89602, 7.91431, -0.04396, -3.05994, 2.99743, -10.49989, 18.82511, -10.51511, 2.45286, -0.11633, -3.41587, -12.68125]"
44,sub10,supMAE,3,sub10-c__0021__squat.npy,16,squat,16,0.9999242,1,"[-0.0709, -1.46876, -8.28874, -5.11665, 6.98423, 7.10329, -4.68284, 1.01343, -4.9967, 10.53793, 0.39794, 6.85804, 0.11698, -2.04921, 1.3556, -10.49006, 20.10794, -10.31214, 2.67762, -0.81461, -2.43306, -12.40906]"
44,sub10,supMAE,3,sub10-c__0022__pickup.npy,11,pickup,11,0.9905205,1,"[3.58467, 0.49406, -0.75534, -4.92431, -8.9767, -1.07625, 1.95314, -4.84936, -1.77058, 2.61506, 2.57832, 11.09558, 5.04189, -6.28016, 4.05681, -5.47443, 5.70997, -6.62669, 0.92826, 3.70953, -2.16713, -12.10813]"
44,sub10,supMAE,3,sub10-c__0023__pickup.npy,11,pickup,11,0.98536426,1,"[3.48696, 0.97736, -1.6346, -4.64854, -8.60626, -1.01434, 1.57572, -5.24574, -1.16947, 2.65371, 2.33593, 11.07024, 4.50928, -6.51672, 4.45159, -5.94167, 6.49563, -7.23307, 1.68735, 3.78623, -2.7909, -12.23689]"
44,sub10,supMAE,3,sub10-c__0024__pickup.npy,11,pickup,11,0.969448,1,"[3.51316, 0.80252, -2.28517, -4.40303, -7.77107, -0.4866, 1.07799, -4.73974, -1.62817, 3.02723, 2.60698, 11.01584, 3.99832, -6.19754, 4.44567, -6.36609, 7.41326, -7.69841, 1.91699, 3.65731, -3.12807, -12.66207]"
44,sub10,supMAE,3,sub10-c__0025__pickup.npy,11,pickup,11,0.9925396,1,"[3.22041, 0.17109, -0.69444, -5.39668, -9.22964, -0.66692, 1.15271, -4.9001, -1.31848, 3.07, 1.8564, 11.60409, 5.7425, -7.35065, 3.40453, -5.34286, 5.95004, -5.76498, 0.96839, 3.59112, -1.95675, -11.17476]"
44,sub10,supMAE,3,sub10-c__0026__pickup.npy,11,pickup,11,0.99070716,1,"[3.57508, 0.86882, -1.03044, -4.43416, -9.97187, -1.48923, 2.10533, -5.90027, -0.82425, 1.49418, 2.55405, 11.24078, 5.58449, -6.61068, 4.96147, -5.45818, 5.23714, -7.05094, 1.12402, 3.90277, -2.84684, -12.04996]"
44,sub10,supMAE,3,sub10-c__0027__pushchair.npy,12,pushchair,12,0.91026264,1,"[3.34579, 0.80875, 1.22614, -5.05019, -14.57249, -1.96887, 1.42979, -5.79893, 1.07999, -0.39102, 2.64348, 8.24234, 10.60256, -7.60193, 2.01414, -1.50028, -1.8366, -0.94229, -1.21786, 4.63044, 0.18636, -7.10602]"
44,sub10,supMAE,3,sub10-c__0029__pushchair.npy,12,pushchair,12,0.9534296,1,"[2.83543, 1.25499, 1.04934, -4.9952, -14.62664, -2.36661, 1.41668, -6.13778, 1.87789, -0.69344, 2.50712, 7.71506, 10.79751, -7.58169, 2.03089, -1.30783, -2.30045, -0.75645, -1.2589, 4.49557, 0.26509, -6.37423]"
44,sub10,supMAE,3,sub10-c__0030__pushchair.npy,12,pushchair,12,0.9373222,1,"[3.06925, 1.04122, 0.05282, -5.11272, -14.28742, -1.61254, 0.9052, -6.30885, 1.93357, -0.16283, 2.81198, 7.529, 10.31556, -7.84705, 1.77741, -1.04867, -1.91987, -0.537, -1.22445, 4.57324, 0.39035, -6.78999]"
44,sub10,supMAE,3,sub10-c__0031__pushchair.npy,12,pushchair,12,0.8869245,1,"[2.81631, 0.84011, 0.91512, -5.46351, -14.34063, -1.45366, 1.44415, -6.03701, 1.29579, 0.00432, 2.40249, 8.55846, 10.64494, -8.13239, 1.91569, -1.65142, -1.29482, -0.85649, -1.03884, 4.50268, 0.36106, -7.29214]"
44,sub10,supMAE,3,sub10-c__0033__stand.npy,17,stand,17,0.9751502,1,"[-1.05974, 1.6784, -0.19274, -4.83614, -9.31717, -0.6476, -5.24987, -3.87751, 3.35449, -2.995, 0.23171, -1.12106, 5.20912, -8.32762, -6.29466, 10.4416, -11.36602, 14.19268, -0.16033, 7.84186, 4.91466, -1.51964]"
44,sub10,supMAE,3,sub10-c__0034__turnaround.npy,19,turnaround,19,0.9551222,1,"[2.2731, 4.46475, -4.22934, -4.56641, -8.29464, -0.82524, -3.14472, -3.56086, 0.28793, -1.94005, 2.37547, 1.18562, 4.31862, -6.45635, -3.66262, 5.84757, -3.42546, 0.77292, 2.89, 9.37584, -2.43698, -7.22091]"
44,sub10,supMAE,3,sub10-c__0035__sit.npy,15,sit,15,0.9172711,1,"[-0.56697, 3.06511, -1.80773, -4.03126, -9.12764, 0.0114, -3.09327, -2.80247, 2.54635, -4.34129, -0.81448, -2.01413, 5.98237, -7.83732, -6.00709, 12.1666, -10.21559, 9.64373, 1.06478, 7.29296, 2.15708, -0.53685]"
44,sub10,supMAE,3,sub10-c__0037__turnaround.npy,19,turnaround,19,0.96674293,1,"[2.77691, 4.87157, -4.48574, -4.4819, -8.50119, -0.94941, -3.42468, -4.07947, 0.58445, -1.53444, 2.48106, 1.71846, 3.68877, -7.11251, -2.86047, 4.98031, -2.47168, -0.73408, 3.13214, 9.29841, -3.52465, -8.09894]"
44,sub10,supMAE,3,sub10-c__0038__sit.npy,15,sit,15,0.94919086,1,"[0.25988, 3.20338, -2.19178, -3.78291, -8.85132, -0.01807, -3.66019, -2.99256, 2.36633, -4.2001, -0.59589, -1.74559, 4.85953, -8.19194, -5.90335, 12.3654, -10.17905, 9.21687, 1.5561, 7.7461, 1.49629, -2.17186]"
44,sub10,supMAE,3,sub10-c__0039__stand.npy,17,stand,17,0.9740296,1,"[-0.91161, 1.68595, -0.27867, -4.87397, -9.16701, -1.00123, -5.45849, -3.73993, 3.12001, -2.87325, 0.40343, -1.26318, 5.1119, -8.04298, -6.57004, 10.42731, -11.52098, 14.15207, -0.01871, 8.08374, 4.80345, -1.49899]"
44,sub10,supMAE,3,sub10-c__0040__turnaround.npy,19,turnaround,19,0.9101537,1,"[2.01037, 5.1204, -3.74608, -4.18615, -8.77844, -0.59393, -3.36696, -3.17243, 1.02858, -2.1942, 2.05618, 1.35519, 4.48148, -7.09456, -3.27355, 5.50105, -2.9342, 0.3309, 2.07896, 8.59401, -2.98217, -6.43256]"
44,sub10,supMAE,3,sub10-c__0041__sit.npy,15,sit,15,0.95172954,1,"[0.42093, 3.09389, -3.07425, -4.24063, -8.52755, 0.17385, -4.42015, -3.27739, 2.4405, -3.67881, -0.13775, -1.68383, 5.02809, -8.35682, -5.94745, 12.02832, -9.62981, 8.2046, 1.87193, 8.44128, 1.08319, -3.22985]"
44,sub10,supMAE,3,sub10-c__0042__stand.npy,17,stand,17,0.97540957,1,"[-1.28902, 2.13632, -0.11667, -4.74189, -9.31389, -0.75834, -5.39862, -3.97587, 4.08253, -3.24251, -0.00551, -1.41933, 5.27093, -8.36936, -5.6186, 10.02616, -11.04525, 13.81505, -0.17671, 7.69448, 4.83691, -0.96293]"
44,sub10,supMAE,3,sub10-c__0043__turnaround.npy,19,turnaround,19,0.8537907,1,"[2.00736, 5.8346, -3.50414, -4.28652, -8.21723, -1.00951, -3.50832, -3.0067, 1.73114, -1.56685, 1.1761, 1.61136, 3.81549, -7.40243, -3.02997, 4.82897, -1.88112, -0.11185, 2.37582, 8.06791, -3.04439, -5.95603]"
44,sub10,supMAE,3,sub10-c__0046__turnaround.npy,19,turnaround,19,0.96101296,1,"[2.17449, 5.17597, -4.68645, -4.36288, -8.00188, -1.43035, -3.42925, -3.7266, 0.58117, -1.73558, 2.21076, 1.09375, 3.83609, -6.37802, -3.42984, 5.0609, -2.77305, -0.90175, 4.01572, 9.3365, -3.22595, -7.64055]"
44,sub10,supMAE,3,sub10-c__0047__squat.npy,16,squat,16,0.9996786,1,"[1.63661, -0.43855, -6.70823, -4.84085, 2.09837, 5.02795, -3.96262, -1.45767, -3.44765, 8.2032, 2.54572, 7.50456, 1.13024, -3.3468, 3.17668, -9.48643, 16.68729, -10.03665, 1.48745, 0.51473, -2.97563, -12.42192]"
44,sub10,supMAE,3,sub10-c__0049__squat.npy,16,squat,16,0.9998323,1,"[1.33297, -0.92867, -7.72881, -4.72639, 3.0247, 6.02503, -4.6171, -1.13871, -3.68593, 8.39089, 2.85646, 6.98396, 0.88495, -3.20482, 3.14251, -9.54848, 17.38815, -10.01127, 1.68636, 0.57446, -2.75111, -12.59526]"
44,sub10,supMAE,3,sub10-c__0050__squat.npy,16,squat,16,0.9998142,1,"[1.73149, -0.67137, -6.61188, -5.15133, 2.15068, 6.52188, -3.69909, -0.91293, -3.99432, 8.3078, 1.90388, 8.4272, 1.96942, -3.84761, 3.32361, -10.19407, 17.73543, -10.33958, 1.4962, 0.25075, -3.2762, -12.95272]"
44,sub10,supMAE,3,sub10-c__0051__squat.npy,16,squat,16,0.99980277,1,"[1.13104, -0.61988, -7.39599, -4.95795, 3.23062, 5.74379, -4.41592, -0.64681, -3.80793, 8.73965, 2.00505, 7.19194, 0.9007, -3.27036, 2.75519, -9.42588, 17.51187, -9.81149, 1.77138, 0.34491, -2.77029, -12.36579]"
44,sub10,supMAE,3,sub10-c__0052__squat.npy,16,squat,16,0.999811,1,"[1.05714, -0.68172, -8.08504, -4.73919, 3.10858, 6.22677, -5.08564, -0.63097, -3.51516, 8.63205, 2.23064, 7.07189, 1.09941, -3.57124, 2.57356, -9.42322, 17.47635, -9.81029, 1.92425, 0.51413, -2.72467, -12.44874]"
44,sub10,supMAE,3,sub10-c__0053__pickup.npy,11,pickup,11,0.9818941,1,"[3.25938, 1.43053, -1.02093, -4.7441, -8.34499, -0.46308, 1.52051, -4.78644, -1.20776, 2.73152, 1.95105, 11.41556, 4.60004, -6.72044, 4.53566, -6.46008, 7.23684, -7.35383, 1.45128, 3.31841, -3.08698, -12.09943]"
44,sub10,supMAE,3,sub10-c__0054__pickup.npy,11,pickup,11,0.98720294,1,"[3.3222, 0.91341, -0.64098, -4.9551, -8.60363, -0.44575, 1.45834, -4.45176, -1.73833, 2.83359, 2.15291, 11.32737, 5.02322, -6.62062, 3.866, -5.8317, 6.65967, -6.57408, 1.11737, 3.4713, -2.45654, -11.91131]"
44,sub10,supMAE,3,sub10-c__0055__pickup.npy,11,pickup,11,0.9947465,1,"[3.33226, 1.1551, 0.07635, -4.77833, -10.406, -0.85868, 1.64441, -5.39909, -0.57942, 1.57705, 1.91544, 11.95625, 6.14509, -7.66332, 4.26271, -5.3403, 5.26422, -5.85068, 0.68689, 3.68605, -2.67655, -11.19519]"
44,sub10,supMAE,3,sub10-c__0056__pickup.npy,11,pickup,11,0.9934355,1,"[3.33628, 0.90491, 0.03748, -4.96895, -9.8678, -0.87066, 2.18364, -4.96437, -1.50405, 1.95239, 2.16159, 11.70047, 5.96486, -6.83911, 4.25781, -5.65904, 5.45035, -6.39154, 1.01632, 3.79247, -2.38622, -11.98125]"
44,sub10,supMAE,3,sub10-c__0058__pickup.npy,11,pickup,11,0.9875327,1,"[3.18363, 1.48041, -1.21462, -4.48786, -9.46266, -0.44225, 1.38002, -5.15143, -0.91888, 1.61274, 2.58311, 11.05042, 5.4379, -6.70839, 4.32905, -5.5158, 5.96033, -6.71703, 0.93708, 3.84393, -3.19713, -12.0352]"
44,sub10,supMAE,3,sub10-c__0059__pushchair.npy,12,pushchair,12,0.94301724,1,"[3.10043, 1.07562, 0.37846, -4.6971, -14.43221, -2.50782, 0.63408, -6.44965, 2.30438, -0.70103, 2.9665, 7.46276, 10.35515, -7.48218, 2.25146, -1.11131, -2.36121, -0.804, -1.56355, 4.45972, -0.01961, -6.63809]"
44,sub10,supMAE,3,sub10-c__0060__pushchair.npy,12,pushchair,12,0.9470312,1,"[3.30957, 0.87101, 1.44679, -5.27876, -14.54286, -2.96531, 0.9423, -6.26901, 1.78939, 0.064, 2.4681, 7.3668, 10.34343, -7.60851, 1.65791, -0.94604, -2.83092, -0.10892, -1.48666, 4.49796, 0.74004, -6.00344]"
44,sub10,supMAE,3,sub10-c__0061__pushchair.npy,12,pushchair,12,0.95503414,1,"[3.09867, 0.66066, 0.02905, -5.16987, -13.93727, -2.78718, 0.39968, -6.50237, 2.10872, 0.20412, 2.97688, 6.89409, 10.1099, -7.25385, 1.76067, -1.11353, -2.34901, -0.64598, -1.1813, 4.666, 0.68675, -6.1463]"
44,sub10,supMAE,3,sub10-c__0062__pushchair.npy,12,pushchair,12,0.973397,1,"[3.01205, 0.80024, 0.8942, -4.81638, -14.75967, -2.7626, 0.48552, -6.29326, 2.31362, -0.63057, 2.95103, 6.99089, 10.72071, -7.48451, 1.55638, -0.48082, -3.37322, 0.26148, -1.82844, 4.44636, 0.8274, -5.53217]"
44,sub10,supMAE,3,sub10-c__0063__pushchair.npy,12,pushchair,12,0.9564906,1,"[3.15322, 0.73887, 0.94808, -4.8199, -14.60144, -2.85959, 0.54966, -6.26854, 1.94951, -0.35111, 3.08612, 7.0865, 10.30223, -7.43048, 1.74675, -0.64329, -3.05904, -0.04781, -1.79301, 4.50805, 0.74643, -5.6321]"
44,sub10,supMAE,3,sub10-c__0064__sit.npy,15,sit,15,0.96897227,1,"[-0.32576, 3.16641, -3.18383, -3.9096, -8.5336, 0.65839, -3.5824, -2.8974, 2.55154, -4.27072, -0.78708, -2.02475, 5.61669, -8.04609, -6.01916, 12.32148, -9.56084, 8.49939, 1.94971, 7.57581, 1.19104, -1.37495]"
44,sub10,supMAE,3,sub10-c__0065__stand.npy,17,stand,17,0.9024785,1,"[-0.55997, 2.23993, -0.27083, -4.92402, -8.98994, -1.16494, -5.33573, -3.88012, 3.47326, -3.16879, 0.05422, -1.8207, 5.11812, -8.01239, -6.46221, 10.97202, -11.78322, 13.24766, -0.10551, 7.91704, 4.15264, -1.46207]"
44,sub10,supMAE,3,sub10-c__0066__turnaround.npy,19,turnaround,19,0.95420426,1,"[2.48907, 4.93728, -4.10892, -4.39284, -8.69432, -0.87641, -3.37041, -3.94761, 0.98702, -1.81965, 2.19095, 1.76998, 4.05701, -7.33655, -2.8864, 5.06579, -2.5683, -0.51538, 2.7838, 9.03526, -3.29885, -7.38351]"
44,sub10,supMAE,3,sub10-c__0067__sit.npy,15,sit,15,0.9400985,1,"[-0.37988, 3.39049, -2.09274, -4.18175, -9.28005, 0.46623, -3.05009, -3.05927, 2.69986, -4.29031, -1.03187, -1.35097, 6.27705, -8.49466, -5.57616, 11.65342, -9.35455, 8.53244, 1.65622, 7.41827, 1.54825, -1.76397]"
44,sub10,supMAE,3,sub10-c__0068__stand.npy,17,stand,17,0.9492888,1,"[-1.26598, 2.01326, -0.10428, -4.78247, -9.13774, -0.57129, -5.55557, -3.48836, 3.60974, -3.23224, -0.09045, -1.57378, 5.78016, -8.11314, -6.74489, 10.7543, -11.6871, 13.7365, -0.3945, 7.61963, 4.79204, -0.89621]"
44,sub10,supMAE,3,sub10-c__0069__turnaround.npy,19,turnaround,19,0.9684794,1,"[2.27251, 4.58127, -5.24128, -4.20509, -8.05289, -0.84276, -3.53839, -4.28776, 0.57052, -1.87734, 2.57753, 1.48658, 3.8735, -6.6094, -2.61038, 4.96905, -2.15362, -1.3526, 3.66835, 9.30844, -3.46657, -8.05652]"
44,sub10,supMAE,3,sub10-c__0070__sit.npy,15,sit,17,0.8497736,0,"[-0.46899, 1.64743, -0.51359, -3.43895, -8.61677, -2.01432, -4.65261, -2.7392, 2.68013, -3.31772, -0.05025, -2.22089, 4.43174, -7.11473, -7.83128, 12.40699, -13.21453, 14.14614, 0.69071, 7.21983, 4.31136, 0.72451]"
44,sub10,supMAE,3,sub10-c__0071__stand.npy,17,stand,17,0.8993613,1,"[-0.53844, 2.09187, -0.53438, -4.90084, -9.33085, -0.63079, -4.98277, -3.81421, 3.25761, -3.02292, -0.01599, -1.63476, 5.59962, -8.20406, -6.89515, 11.05631, -11.98099, 13.29833, 0.13934, 8.00171, 4.35289, -1.81779]"
44,sub10,supMAE,3,sub10-c__0072__turnaround.npy,19,turnaround,19,0.96816593,1,"[2.19159, 4.65045, -4.47388, -4.36395, -8.63042, -1.14874, -3.22878, -4.38469, 0.99426, -1.99628, 2.26167, 1.70582, 4.1539, -7.07543, -2.25194, 4.74553, -2.18416, -1.10879, 3.3733, 9.24508, -3.22934, -7.65122]"
44,sub10,supMAE,3,sub10-c__0073__sit.npy,15,sit,15,0.9580079,1,"[0.51835, 2.75979, -2.48865, -4.60553, -8.80793, -0.04907, -3.3112, -3.4162, 1.9016, -3.77247, -0.36809, -1.64787, 5.22297, -8.21479, -6.21653, 12.4039, -10.17957, 8.66418, 1.80464, 8.44908, 1.3898, -3.12647]"
44,sub10,supMAE,3,sub10-c__0074__stand.npy,17,stand,17,0.94273174,1,"[-0.66236, 2.09928, -0.64663, -4.83027, -9.4337, -0.58851, -4.99416, -4.00959, 3.65559, -3.06555, -0.24689, -1.53256, 5.47273, -8.38199, -6.4783, 10.87224, -11.71442, 13.73437, 0.35966, 7.9889, 4.40519, -1.4877]"
44,sub10,supMAE,3,sub10-c__0075__turnaround.npy,19,turnaround,19,0.9589012,1,"[2.56548, 4.83109, -4.28156, -4.49118, -8.66753, -1.00061, -3.69703, -3.75934, 0.8022, -1.97206, 2.33552, 1.6251, 4.32828, -7.17032, -3.21974, 5.39077, -2.83447, -0.82317, 2.59169, 9.29333, -3.44707, -7.44246]"
44,sub10,supMAE,3,sub10-c__0076__sit.npy,15,sit,15,0.9615579,1,"[-0.05904, 2.96938, -3.00583, -4.41616, -8.09611, 0.46918, -3.89028, -2.7828, 2.0206, -3.5991, -0.50258, -2.00936, 5.57119, -7.80315, -6.26642, 12.0583, -9.1542, 8.21204, 1.81046, 7.9758, 1.16522, -2.21395]"
44,sub10,supMAE,3,sub10-c__0077__stand.npy,17,stand,17,0.8705534,1,"[-0.7056, 2.50478, -0.43477, -4.94567, -9.0989, -0.79659, -5.14777, -3.85527, 3.78131, -3.14565, -0.12462, -1.95436, 5.55663, -8.07863, -6.39007, 10.76088, -11.53762, 12.71823, -0.26976, 7.6473, 4.34762, -1.41065]"
44,sub10,supMAE,3,sub10-c__0078__turnaround.npy,19,turnaround,19,0.9639052,1,"[2.90134, 5.03778, -5.09145, -4.37179, -8.23363, -1.37629, -3.45906, -4.32439, 0.74232, -1.32158, 2.24214, 1.80162, 3.4712, -6.96753, -2.72663, 4.68354, -1.93315, -2.1044, 3.84168, 9.21912, -3.95652, -8.16755]"
44,sub10,supMAE,3,sub10-c__0080__stand.npy,17,stand,17,0.9391334,1,"[-1.56191, 2.26706, 0.31492, -5.01102, -9.28365, -1.33666, -4.8333, -3.9435, 4.14181, -3.60018, -0.48468, -2.11479, 6.03242, -7.8813, -6.20732, 10.9227, -12.09085, 13.69617, -0.69518, 7.27848, 5.06258, 0.01485]"
44,sub10,supMAE,3,sub10-c__0081__turnaround.npy,19,turnaround,19,0.95084745,1,"[2.26372, 5.34016, -5.0672, -4.26662, -8.00558, -1.50231, -3.34397, -3.94342, 0.84007, -1.45996, 1.97387, 1.27785, 3.73693, -6.42255, -3.11164, 4.56504, -2.19408, -1.68658, 4.4148, 9.07805, -3.31103, -7.76172]"
44,sub10,supMAE,3,sub10-c__0082__squat.npy,16,squat,16,0.9997136,1,"[1.88556, -1.05095, -7.66218, -3.7386, 2.90291, 5.42465, -5.11532, -1.34341, -3.33397, 8.31482, 3.06155, 7.19739, -0.60582, -3.21983, 2.72696, -8.95028, 16.80891, -9.152, 1.56944, 0.52804, -3.05191, -12.04684]"
44,sub10,supMAE,3,sub10-c__0083__squat.npy,16,squat,16,0.99877626,1,"[1.58831, -1.0711, -7.88444, -4.34563, 2.19377, 4.25352, -5.48253, -1.89814, -2.61412, 8.22442, 3.35819, 6.25731, -0.2905, -3.73953, 2.26111, -7.4111, 15.09044, -7.99692, 1.36064, 1.31139, -2.06878, -11.49589]"
44,sub10,supMAE,3,sub10-c__0084__squat.npy,16,squat,16,0.9996898,1,"[1.54823, -1.16143, -7.70756, -4.13264, 2.58989, 5.40818, -5.13128, -1.53634, -2.98741, 8.45183, 2.47938, 7.88737, -0.32002, -4.27439, 2.79061, -8.94597, 17.01762, -8.88088, 1.89381, 0.62041, -2.89837, -12.11878]"
44,sub10,supMAE,3,sub10-c__0085__squat.npy,16,squat,16,0.9995766,1,"[1.34317, -1.45486, -7.78905, -4.23877, 3.97222, 5.4655, -5.60832, -0.82577, -3.64304, 9.14521, 2.60617, 6.85627, -0.83364, -3.24221, 1.95809, -8.60349, 17.03923, -8.49531, 1.58805, 0.3925, -2.40263, -11.93719]"
44,sub10,supMAE,3,sub10-c__0086__squat.npy,16,squat,16,0.99939847,1,"[1.94907, -0.69548, -6.98222, -3.79897, 2.20551, 4.28831, -5.03686, -1.63454, -2.67282, 8.34713, 2.50621, 7.44439, -1.03097, -4.04018, 3.03778, -8.67044, 16.12474, -8.33334, 1.75818, 0.69881, -2.66484, -11.64674]"
44,sub10,supMAE,3,sub10-c__0087__squat.npy,16,squat,16,0.9991916,1,"[1.77734, -0.76853, -6.00072, -4.13823, 1.57975, 4.16686, -4.44616, -1.24191, -3.12657, 7.96543, 2.1659, 8.0972, 0.13766, -4.05277, 2.73332, -8.58765, 15.86357, -8.22857, 1.45264, 0.63978, -2.55002, -11.63602]"
44,sub10,supMAE,3,sub10-c__0088__pickup.npy,11,pickup,11,0.9756319,1,"[3.24736, 0.81386, -1.16373, -4.25886, -8.11439, -0.57294, 0.12994, -4.26349, -1.28511, 2.91251, 2.69514, 10.69084, 4.01349, -6.59497, 3.47985, -5.30487, 6.81883, -5.63376, 0.87531, 3.36799, -2.21121, -10.97932]"
44,sub10,supMAE,3,sub10-c__0090__pickup.npy,11,pickup,11,0.9755088,1,"[3.52586, 0.5784, -2.15016, -3.87673, -9.64821, -0.87362, -0.17199, -4.78053, -0.77659, 1.88317, 3.7871, 9.90833, 5.19345, -6.47339, 3.50253, -4.69346, 4.8718, -5.43588, 0.79898, 4.24898, -2.20953, -10.9318]"
44,sub10,supMAE,3,sub10-c__0091__pickup.npy,11,pickup,11,0.98699605,1,"[2.92481, -0.03534, -1.27756, -5.03149, -8.37285, 0.07868, 0.07881, -4.4017, -1.53342, 3.40832, 2.36967, 11.2053, 4.77526, -7.25703, 2.73189, -4.8295, 6.60417, -4.92687, 0.78135, 3.43378, -1.66833, -10.88664]"
44,sub10,supMAE,3,sub10-c__0092__pickup.npy,11,pickup,11,0.9890493,1,"[3.26343, 0.5384, -1.41688, -4.61746, -9.16505, -0.48711, 0.18169, -5.0794, -0.78692, 2.73649, 2.58318, 11.02773, 4.77017, -7.47305, 3.57837, -4.95733, 6.047, -5.39981, 1.01513, 3.76165, -2.09339, -10.91788]"
44,sub10,supMAE,3,sub10-c__0093__pushchair.npy,12,pushchair,12,0.975779,1,"[2.82415, 0.53725, -0.25233, -4.55765, -14.53549, -2.17906, -0.15598, -6.28949, 2.30609, -0.60886, 3.43713, 6.85677, 10.71595, -7.43013, 1.61611, -0.74846, -2.79515, -0.34918, -1.55208, 4.58516, 0.65817, -5.53246]"
44,sub10,supMAE,3,sub10-c__0094__pushchair.npy,12,pushchair,12,0.99193937,1,"[2.66593, 0.61157, 0.31601, -4.32729, -15.07722, -3.05841, -0.31806, -6.16156, 2.67716, -1.15189, 3.24456, 5.99058, 11.19237, -7.16789, 0.84734, 0.17128, -4.58991, 0.8102, -1.32981, 4.79803, 1.35359, -4.08293]"
44,sub10,supMAE,3,sub10-c__0095__pushchair.npy,12,pushchair,12,0.98431015,1,"[2.58795, 1.17577, 0.10988, -4.37189, -14.94761, -3.42604, 0.43703, -6.88809, 3.46092, -1.35545, 2.82888, 6.23816, 10.67418, -7.23393, 1.82507, -0.09952, -4.13011, 0.3093, -1.50346, 4.58194, 0.86915, -4.62947]"
44,sub10,supMAE,3,sub10-c__0096__pushchair.npy,12,pushchair,12,0.98389155,1,"[2.80607, 0.22562, -0.03978, -4.5244, -14.46127, -2.58612, -0.16946, -5.95455, 1.85835, -0.39069, 3.62005, 6.48711, 10.82699, -7.02591, 1.28643, -0.64907, -3.09351, -0.24685, -1.41816, 4.55981, 1.09906, -4.92397]"
44,sub10,supMAE,3,sub10-c__0097__pushchair.npy,12,pushchair,12,0.98709667,1,"[2.63079, 0.80514, -0.66404, -4.53561, -14.26701, -2.93389, 0.06135, -6.4288, 2.77027, -0.81046, 3.44245, 5.81488, 10.61297, -6.70167, 1.46654, -0.36557, -3.50858, -0.13429, -1.32264, 4.80303, 0.9999, -5.0872]"
44,sub10,supMAE,3,sub10-c__0098__pushchair.npy,12,pushchair,12,0.9620304,1,"[2.76333, 0.49398, -0.88044, -4.49433, -14.08421, -2.08493, -0.79861, -6.21827, 2.39065, -0.27846, 3.80347, 6.54964, 10.0241, -7.39865, 1.37847, -0.54995, -2.62555, -0.03241, -1.48758, 4.68645, 0.81258, -5.51505]"
44,sub10,supMAE,3,sub10-c__0099__sit.npy,15,sit,15,0.93965,1,"[-0.57141, 3.10385, -2.37914, -3.9448, -8.99851, 0.75579, -3.83004, -2.81865, 2.53139, -4.39909, -0.52069, -1.58808, 5.9438, -8.34488, -5.62708, 11.90545, -9.39169, 8.8941, 1.13017, 7.49166, 1.60275, -1.82511]"
44,sub10,supMAE,3,sub10-c__0100__stand.npy,17,stand,17,0.9349746,1,"[-1.30055, 2.37438, 0.29302, -4.74314, -8.92206, -1.25138, -5.62975, -3.4164, 3.95296, -3.28128, -0.4021, -1.93232, 5.58305, -7.93245, -6.94344, 11.1518, -11.99996, 13.84264, -0.71899, 7.19202, 4.68967, 0.09108]"
44,sub10,supMAE,3,sub10-c__0101__turnaround.npy,19,turnaround,19,0.954205,1,"[2.0484, 4.53476, -4.58074, -4.40964, -7.93314, -0.87397, -3.28789, -3.5177, 0.30344, -1.94504, 2.27527, 1.27005, 4.11578, -6.46588, -3.47092, 5.61773, -2.72806, -0.3206, 3.20738, 9.20717, -2.91193, -7.37165]"
44,sub10,supMAE,3,sub10-c__0102__sit.npy,15,sit,15,0.96288544,1,"[-0.45333, 3.17336, -2.31619, -4.26178, -8.32304, 0.05349, -3.94776, -2.78334, 2.39441, -4.0202, -0.63302, -1.97398, 5.76175, -7.77297, -6.24756, 12.19077, -9.57959, 8.55102, 1.33294, 7.62878, 1.38471, -1.38425]"
44,sub10,supMAE,3,sub10-c__0103__stand.npy,17,stand,17,0.9425793,1,"[-1.36197, 1.90868, -0.00879, -5.1854, -9.24186, -0.46546, -5.15273, -3.8483, 3.50146, -3.18421, 0.11355, -1.29808, 5.981, -8.29615, -6.34845, 10.46544, -11.49494, 13.33877, -0.45003, 7.67008, 5.03135, -1.55669]"
44,sub10,supMAE,3,sub10-c__0104__turnaround.npy,19,turnaround,19,0.95691293,1,"[2.35552, 4.21948, -4.49822, -4.50511, -8.19154, -0.85585, -4.11337, -3.65903, 0.58741, -1.53513, 2.57063, 0.33504, 4.36986, -6.43781, -4.0158, 5.76199, -3.81329, 0.86378, 2.578, 9.33141, -2.23307, -6.9115]"
44,sub10,supMAE,3,sub10-c__0105__sit.npy,15,sit,15,0.9215093,1,"[-0.84091, 3.52897, -2.68822, -3.72227, -7.62301, -0.39649, -4.62877, -1.85463, 2.72223, -3.87318, -0.65236, -2.66871, 5.00383, -7.22741, -6.29959, 12.10106, -8.9331, 9.5159, 1.1351, 7.34862, 1.61462, -0.34941]"
44,sub10,supMAE,3,sub10-c__0106__stand.npy,17,stand,17,0.9453461,1,"[-1.76426, 2.3467, 0.72723, -5.00782, -9.14044, -1.38296, -4.7419, -3.72776, 4.21531, -3.56637, -0.53018, -2.03871, 6.03149, -7.96071, -6.19142, 10.77072, -12.08415, 13.65843, -0.90479, 6.97939, 5.43764, 0.2392]"
44,sub10,supMAE,3,sub10-c__0107__turnaround.npy,19,turnaround,19,0.96709925,1,"[2.16153, 4.75468, -4.9126, -4.31668, -7.60271, -1.25121, -4.05334, -3.45841, 0.22886, -1.60393, 2.44291, 0.87682, 3.74737, -6.15998, -3.7019, 5.3316, -2.80566, -0.69912, 3.84726, 9.46123, -2.96429, -7.58415]"
44,sub10,supMAE,3,sub10-c__0108__sit.npy,15,sit,15,0.94408935,1,"[-0.54437, 3.08659, -2.24074, -4.39347, -8.60644, 0.46964, -3.76422, -2.95416, 2.40296, -4.07286, -0.50583, -1.60367, 5.87893, -8.10555, -5.53428, 11.80336, -9.10246, 8.55947, 1.22132, 7.74095, 1.46501, -2.21275]"
44,sub10,supMAE,3,sub10-c__0109__stand.npy,17,stand,17,0.9472976,1,"[-1.46417, 1.98947, -0.24585, -5.15637, -9.2567, -0.56083, -5.14486, -3.96735, 3.76675, -3.23367, 0.05357, -1.50917, 6.02267, -8.24974, -6.08155, 10.29156, -11.35062, 13.27166, -0.2038, 7.69481, 5.00525, -1.22106]"
44,sub10,supMAE,3,sub10-c__0110__turnaround.npy,19,turnaround,19,0.96650445,1,"[2.56898, 5.03082, -5.07559, -4.06718, -8.44218, -1.04528, -3.72607, -4.51317, 0.97435, -1.67686, 2.44434, 1.61703, 3.59784, -6.90832, -2.32793, 4.25668, -1.99068, -1.62819, 4.04161, 9.22132, -3.53869, -8.36411]"
44,sub10,supMAE,3,sub10-c__0111__sit.npy,15,sit,15,0.936758,1,"[-0.68682, 3.23177, -2.32024, -3.86762, -7.99231, 0.68996, -4.10379, -2.20753, 1.89128, -3.92434, -0.40288, -1.54441, 5.56738, -7.54756, -6.45089, 11.80824, -9.02086, 8.85939, 1.62857, 7.45258, 1.24469, -1.89493]"
44,sub10,supMAE,3,sub10-c__0112__stand.npy,17,stand,17,0.9401356,1,"[-1.07021, 2.04629, 0.24676, -4.60402, -8.79309, -1.00084, -5.79104, -3.38837, 3.5712, -3.16755, -0.14418, -1.67482, 5.14433, -8.01873, -6.94628, 11.2833, -11.88588, 14.05856, -0.81975, 7.23902, 4.61463, -0.38827]"
44,sub10,supMAE,3,sub10-c__0113__turnaround.npy,19,turnaround,19,0.9683108,1,"[3.04155, 5.11061, -5.33525, -4.30291, -8.27461, -1.60116, -3.22221, -4.50477, 0.37925, -1.24779, 2.55665, 1.46212, 3.50755, -6.35649, -2.7772, 4.34444, -2.36673, -2.14433, 4.61217, 9.45351, -3.76318, -8.81473]"
44,sub10,supMAE,3,sub10-c__0115__squat.npy,16,squat,16,0.99752873,1,"[2.40846, -0.94284, -7.14217, -3.92353, -0.17352, 4.52455, -4.93084, -2.49708, -2.46101, 6.91747, 4.07541, 7.57613, 0.59725, -4.65888, 2.57921, -7.29843, 14.05482, -7.83444, 0.94223, 1.62447, -2.75799, -11.71523]"
44,sub10,supMAE,3,sub10-c__0116__squat.npy,16,squat,16,0.9983719,1,"[1.77, -1.97788, -7.71321, -4.53521, 2.15915, 5.65661, -5.49969, -0.85706, -4.32766, 8.31734, 3.7768, 6.67583, 1.15925, -3.11268, 1.12086, -7.48884, 14.98368, -8.12694, 1.06189, 1.27786, -2.07337, -12.33259]"
44,sub10,supMAE,3,sub10-c__0118__squat.npy,16,squat,16,0.99941015,1,"[1.95226, -1.33524, -6.62197, -3.8123, 1.75781, 5.32883, -4.80534, -0.9686, -4.01488, 7.8853, 3.33196, 7.98781, 0.26689, -3.40625, 2.83912, -9.13557, 16.11363, -9.15546, 1.45566, 0.90245, -2.82986, -12.98986]"
44,sub10,supMAE,3,sub10-c__0120__pickup.npy,11,pickup,11,0.98716104,1,"[3.94545, 0.16545, -1.73518, -4.48759, -9.1809, -0.97957, 0.08138, -4.99345, -1.31012, 2.77796, 3.38069, 10.56153, 4.80025, -6.71674, 3.15743, -4.72398, 5.25202, -5.62838, 0.9436, 4.14841, -2.29967, -11.27049]"
44,sub10,supMAE,3,sub10-c__0121__pickup.npy,11,pickup,11,0.9907951,1,"[3.97433, 0.08269, -1.1501, -4.40248, -9.86638, -1.13824, 0.58463, -4.90232, -1.47113, 2.22383, 3.17618, 11.03543, 5.59864, -6.64162, 3.32858, -4.83597, 4.78429, -5.82428, 0.79703, 4.19341, -2.48894, -11.46473]"
44,sub10,supMAE,3,sub10-c__0122__pickup.npy,11,pickup,11,0.9806311,1,"[3.90004, 0.47985, -1.92899, -4.46093, -9.69649, -0.68508, 0.16273, -5.07737, -1.10765, 2.24538, 3.62323, 10.23341, 5.41321, -6.70414, 3.06741, -4.4983, 4.83325, -5.55355, 0.76644, 4.32567, -2.39115, -11.23039]"
44,sub10,supMAE,3,sub10-c__0123__pickup.npy,11,pickup,11,0.96220833,1,"[3.77875, 0.29224, -1.33839, -4.43578, -11.37893, -2.16243, 0.08437, -6.24904, 0.23859, 1.30078, 3.50921, 9.98357, 6.40326, -7.22003, 3.27438, -3.65904, 2.49479, -4.63192, 0.58643, 4.80164, -1.76495, -10.27042]"
44,sub10,supMAE,3,sub10-c__0124__pickup.npy,11,pickup,11,0.98205215,1,"[4.00762, -0.03879, -2.11581, -4.53034, -9.87437, -0.94391, -0.64427, -5.6198, -0.50083, 2.69221, 3.46198, 10.21926, 5.32345, -7.20638, 3.09707, -4.29877, 4.51539, -5.17146, 0.70028, 4.33263, -1.87573, -10.80273]"
44,sub10,supMAE,3,sub10-c__0126__pickup.npy,11,pickup,12,0.99164057,0,"[3.8334, 0.22081, -0.45141, -4.38996, -15.12926, -3.15367, -0.93901, -6.61563, 2.34583, -0.65285, 4.12519, 5.37211, 10.99139, -6.72775, 0.62077, 0.41199, -5.13831, 0.36791, -1.86912, 5.05207, 0.85925, -4.44451]"
44,sub10,supMAE,3,sub10-c__0127__pushchair.npy,12,pushchair,12,0.9943914,1,"[3.43733, 0.23409, -0.78407, -4.33728, -14.86382, -2.78028, -0.66415, -6.1569, 1.99696, -0.81837, 4.18652, 5.05353, 11.25721, -6.4145, 0.33461, 0.47856, -4.95903, 0.39777, -1.46164, 5.11002, 1.00812, -4.23868]"
44,sub10,supMAE,3,sub10-c__0128__pushchair.npy,12,pushchair,12,0.9871589,1,"[3.43664, 0.26848, 0.298, -4.70894, -14.96271, -2.80304, -0.00523, -6.21907, 1.86574, -0.6866, 3.50992, 6.51097, 11.14353, -6.99469, 0.97923, -0.32593, -4.0073, 0.04882, -1.5112, 4.97328, 0.78562, -5.34231]"
44,sub10,supMAE,3,sub10-c__0129__pushchair.npy,12,pushchair,12,0.9859174,1,"[3.31178, 0.26862, -0.16839, -4.60414, -15.24429, -2.50126, -0.51438, -6.68857, 2.38505, -0.65294, 3.56347, 6.73037, 11.20989, -7.61604, 1.16373, -0.4588, -3.86386, -0.1429, -1.45453, 4.89679, 0.55748, -5.28018]"
