seed,subject,method,k,file,true_id,true_label,pred_id,conf,correct,logits
44,sub11,mae,1,sub11-a__0001__wave.npy,21,wave,21,0.80477357,1,"[0.22888, 3.10803, 4.12524, 1.38382, -7.30148, -4.45661, -2.21192, 1.91892, 12.40897, -8.69248, -9.05109, 0.20912, -2.37989, -4.49208, -5.85161, 1.00245, -6.21808, 0.87438, 2.37041, -4.43415, -2.40712, 13.82583]"
44,sub11,mae,1,sub11-a__0002__wave.npy,21,wave,21,0.9077774,1,"[0.13576, 3.26591, 3.52354, 1.83466, -7.44115, -4.20397, -1.69212, 2.62978, 11.54191, -8.80221, -9.07278, 0.51972, -2.48549, -4.15924, -5.92982, 0.88069, -5.98408, 0.53457, 2.06127, -5.07104, -2.05591, 13.82963]"
44,sub11,mae,1,sub11-a__0003__wave.npy,21,wave,21,0.8412632,1,"[0.34841, 3.81855, 3.42854, 1.43725, -7.11996, -4.69736, -1.78462, 2.40909, 12.39868, -8.41823, -9.35492, 0.53201, -2.73323, -4.42463, -6.14601, 1.19355, -5.73847, 0.75891, 2.00153, -5.08813, -2.61589, 14.06678]"
44,sub11,mae,1,sub11-a__0004__wave.npy,21,wave,21,0.74694055,1,"[0.27279, 3.86344, 3.42983, 1.1078, -6.91899, -4.33859, -2.01259, 1.96895, 13.05704, -8.41803, -9.34635, 0.13567, -3.04665, -4.36752, -6.00683, 1.48718, -5.41551, 1.11486, 1.89284, -5.25132, -3.06679, 14.13962]"
44,sub11,mae,1,sub11-a__0005__wave.npy,21,wave,21,0.7822557,1,"[-0.11743, 3.36172, 3.20064, 2.01875, -6.95786, -3.59607, -2.32, 3.14165, 11.53281, -8.33098, -9.23631, 0.86202, -2.86247, -4.14688, -5.78263, 1.31182, -5.03763, 0.87012, 2.34806, -5.00554, -3.00439, 12.8127]"
44,sub11,mae,1,sub11-a__0006__wave.npy,21,wave,21,0.6937471,1,"[0.17097, 3.36745, 3.73382, 1.10152, -7.32413, -4.14163, -2.07226, 2.65716, 12.7862, -8.52524, -9.13004, 0.60454, -2.1791, -4.97788, -5.8011, 1.10383, -6.0, 0.96592, 2.31003, -4.52284, -2.70273, 13.60419]"
44,sub11,mae,1,sub11-a__0007__bow.npy,2,bow,2,0.9671021,1,"[5.01856, -2.63154, 13.08135, -5.1939, -9.94125, -6.14218, -1.28523, -1.5738, 2.81833, -2.98058, -3.00293, 9.39681, 8.24411, -11.26967, -1.17267, -3.38007, -13.67113, -4.44398, -0.28298, 5.23233, 3.89838, 4.15523]"
44,sub11,mae,1,sub11-a__0009__bow.npy,2,bow,2,0.87033916,1,"[4.33371, -3.11875, 12.9525, -4.46967, -10.34785, -5.78846, -0.80415, -1.39751, 1.67448, -3.26673, -3.50011, 10.93377, 8.78734, -10.48757, -0.3923, -3.84886, -12.86308, -5.21673, -0.40375, 4.2277, 3.82444, 4.18814]"
44,sub11,mae,1,sub11-a__0010__bow.npy,2,bow,2,0.8629132,1,"[4.55393, -2.75603, 13.37423, -5.07737, -10.60947, -6.18375, -0.83373, -1.42468, 2.08775, -2.73624, -3.39452, 11.431, 9.18979, -10.77754, -0.6425, -3.77751, -12.72822, -5.67176, -0.23113, 4.27105, 3.42978, 3.81589]"
44,sub11,mae,1,sub11-a__0011__bow.npy,2,bow,2,0.8481354,1,"[4.53849, -2.70478, 13.2431, -5.03626, -10.63818, -6.1566, -0.8471, -1.36959, 2.10929, -2.61837, -3.39324, 11.40995, 9.26342, -10.75629, -0.70524, -3.75177, -12.61668, -5.8324, -0.25185, 4.21493, 3.47676, 3.98892]"
44,sub11,mae,1,sub11-a__0012__crossarms.npy,5,crossarms,5,0.98305684,1,"[-2.22672, 3.56342, -3.28649, 6.56986, -4.08983, 11.03442, -1.08886, 5.37705, -2.39129, -2.3315, -8.56432, 4.21694, -0.84035, -5.08832, -2.51719, 3.33984, -0.16548, -1.8525, -1.72219, -3.18274, -1.05493, 1.46193]"
44,sub11,mae,1,sub11-a__0013__crossarms.npy,5,crossarms,5,0.9712738,1,"[-2.56572, 3.61134, -3.61583, 7.7808, -4.09391, 11.57388, -1.56047, 6.46617, -2.93421, -3.46571, -7.74154, 3.96129, -0.90096, -4.09676, -2.29411, 2.10955, 0.29987, -1.85627, -2.4545, -4.90273, -1.30197, 1.73853]"
44,sub11,mae,1,sub11-a__0014__crossarms.npy,5,crossarms,5,0.9962035,1,"[-2.71589, 4.49347, -4.70172, 7.4296, -2.59117, 13.18955, -1.59518, 5.33134, -4.1737, -1.79865, -7.94982, 2.16096, -2.31464, -2.92054, -2.59657, 3.66736, 1.93879, -1.67462, -2.61058, -3.12533, -1.69169, -0.42798]"
44,sub11,mae,1,sub11-a__0015__crossarms.npy,5,crossarms,5,0.99738675,1,"[-3.30376, 3.10886, -4.44953, 6.96383, -3.26689, 13.28596, -1.34017, 5.83138, -4.02927, -1.72486, -8.809, 4.29744, -1.44255, -4.3527, -1.93666, 3.67015, 1.92047, -1.85366, -1.29958, -3.5804, -1.48886, -0.2973]"
44,sub11,mae,1,sub11-a__0016__crossarms.npy,5,crossarms,5,0.99935764,1,"[-2.9319, 3.24761, -4.8148, 6.67965, -2.39196, 14.3043, -1.81973, 5.05442, -5.10153, -1.27613, -7.53505, 2.34177, -1.84537, -3.57487, -1.92633, 3.94186, 1.69296, -1.76784, -1.53495, -1.68822, -1.17602, -1.85931]"
44,sub11,mae,1,sub11-a__0017__airpunch.npy,1,airpunch,1,0.92555076,1,"[0.58214, 11.22019, -0.57282, 8.64519, -4.92118, 3.68682, -2.80284, 4.24683, 2.31487, -8.55472, -3.14067, -3.76444, -3.07051, 4.58572, -5.44449, -2.64893, -1.97913, -1.07798, -6.94049, -8.26973, -3.468, 4.59081]"
44,sub11,mae,1,sub11-a__0018__airpunch.npy,1,airpunch,8,0.6025863,0,"[4.36946, 8.15516, 5.56579, 0.41257, -6.7356, -5.00235, -2.83299, 0.8098, 8.94547, -7.00738, 0.12288, -2.12417, -0.08316, -1.57442, -5.81491, -3.21546, -9.5325, -0.87907, -3.59131, -2.14564, -2.22326, 7.11635]"
44,sub11,mae,1,sub11-a__0019__airpunch.npy,1,airpunch,8,0.95028114,0,"[2.84355, 4.60866, 5.9197, -1.42025, -8.15058, -6.20294, -2.39662, 2.77406, 11.38437, -5.76942, -3.08682, 0.35207, 4.57899, -6.8553, -5.18109, -3.29992, -10.61772, -1.85006, 0.67398, 0.09089, 0.0817, 8.29191]"
44,sub11,mae,1,sub11-a__0020__airpunch.npy,1,airpunch,8,0.96904045,0,"[2.05377, 3.21369, 5.79642, -2.65035, -8.36813, -6.46653, -1.79518, 2.47527, 12.81531, -5.70867, -4.86251, 0.72856, 5.64584, -8.8771, -4.80523, -2.61623, -11.10417, -1.6265, 2.12979, 0.77912, 1.15609, 9.3127]"
44,sub11,mae,1,sub11-a__0021__airpunch.npy,1,airpunch,8,0.9044296,0,"[1.961, 2.15949, 5.51724, -2.72509, -7.9629, -6.66419, -2.03622, 2.60661, 12.57554, -5.31772, -6.09069, 1.50763, 5.64312, -9.14043, -4.84356, -1.88177, -10.54885, -1.90018, 2.53874, 0.58865, 1.2889, 10.30883]"
44,sub11,mae,1,sub11-a__0022__drink.npy,7,drink,7,0.78039104,1,"[-1.81749, -0.55764, -0.17129, 7.32231, -5.90781, 2.30957, -2.52927, 8.64108, -2.62828, -3.69778, -4.82048, 2.11871, 1.65463, -1.10134, -3.04583, -2.22588, -3.46045, -3.84233, 1.33156, -2.41598, 1.9865, 3.73327]"
44,sub11,mae,1,sub11-a__0024__drink.npy,7,drink,7,0.53632236,1,"[-1.49388, -1.25941, 0.6093, 6.11739, -6.27109, 0.81507, -1.93444, 7.13295, -1.19014, -4.22167, -7.2384, 2.32815, 1.47869, -1.47639, -3.74824, -0.806, -3.95662, -4.37284, 1.79774, -3.16689, 2.39245, 6.3831]"
44,sub11,mae,1,sub11-a__0025__drink.npy,7,drink,7,0.5142492,1,"[-1.29976, -1.03419, 0.91551, 5.83235, -6.28924, 0.42164, -2.11088, 7.11003, -0.58907, -4.34866, -7.24429, 2.2348, 1.53725, -1.71077, -4.00359, -0.86058, -4.22514, -4.26561, 1.7123, -3.02823, 2.35407, 6.6581]"
44,sub11,mae,1,sub11-a__0026__drink.npy,7,drink,7,0.5019117,1,"[-1.25027, -1.07843, 0.81478, 6.23848, -6.33665, 0.60735, -2.05694, 6.99856, -1.44475, -4.09466, -6.9056, 2.46078, 1.28876, -1.308, -3.78496, -0.82252, -3.98385, -4.39924, 1.41637, -3.0339, 2.33753, 6.28952]"
44,sub11,mae,1,sub11-a__0027__brushteeth.npy,3,brushteeth,3,0.6849109,1,"[0.73062, 0.87536, 1.88201, 7.20474, -5.22229, -0.95504, -3.93418, 5.41945, -1.85284, -3.51454, -4.36603, 1.13993, -1.1838, -0.02857, -4.72851, -0.84532, -4.27291, -3.47021, -0.72731, -1.81641, 1.11245, 5.92197]"
44,sub11,mae,1,sub11-a__0028__brushteeth.npy,3,brushteeth,3,0.9201379,1,"[-0.44156, -0.52833, 0.79161, 8.40382, -4.73552, 1.65419, -4.25077, 5.86725, -5.17313, -2.65398, -3.74072, 2.08048, -2.40534, 1.14843, -3.15904, -0.20607, -2.48309, -2.9245, 0.45954, -1.54119, 0.52023, 2.26795]"
44,sub11,mae,1,sub11-a__0029__brushteeth.npy,3,brushteeth,3,0.9354656,1,"[-0.27564, -0.35356, 0.94966, 8.45773, -4.89214, 1.67071, -4.22333, 5.67822, -5.31061, -2.78706, -3.49863, 2.04088, -2.67959, 1.36253, -3.08136, -0.18421, -2.58991, -2.72901, 0.31452, -1.5559, 0.38315, 1.99757]"
44,sub11,mae,1,sub11-a__0031__brushteeth.npy,3,brushteeth,3,0.8961425,1,"[0.511, 0.78912, 1.65923, 7.49459, -5.05616, 0.35991, -4.31096, 5.10894, -3.38266, -3.04344, -3.49751, 1.77747, -2.6174, 0.48012, -3.85012, 0.07341, -3.31073, -2.51632, -0.1109, -1.22548, -0.04571, 3.05704]"
44,sub11,mae,1,sub11-a__0032__highfive.npy,8,highfive,8,0.7876496,1,"[-0.74168, 3.79218, 4.42877, 1.20886, -8.5378, -4.57544, -1.82802, 4.65324, 12.56811, -8.53468, -7.90623, 1.61733, 0.3051, -5.27322, -5.25792, -1.01275, -6.27808, 0.13939, 3.18224, -3.30652, -2.16348, 11.25381]"
44,sub11,mae,1,sub11-a__0033__highfive.npy,8,highfive,8,0.97466576,1,"[-0.05064, 4.34432, 4.74957, -0.93176, -8.1341, -5.49115, -1.96411, 3.1865, 14.10298, -7.70865, -7.40394, 1.58286, 0.649, -6.11874, -5.18657, -0.10389, -6.76258, -0.12217, 3.39459, -2.98338, -3.16312, 10.44561]"
44,sub11,mae,1,sub11-a__0034__highfive.npy,8,highfive,8,0.6237189,1,"[-0.01965, 3.76665, 4.77856, 1.71454, -7.38045, -4.09873, -2.72083, 2.41672, 9.84002, -7.7881, -7.11109, 1.0557, -2.52365, -3.29388, -5.1172, 0.57275, -5.65249, 0.02003, 2.88325, -3.41078, -3.16366, 9.3165]"
44,sub11,mae,1,sub11-a__0036__highfive.npy,8,highfive,8,0.93378717,1,"[-1.25591, 4.3993, 4.99184, 1.10853, -7.52027, -4.76426, -2.55299, 2.42439, 10.16494, -7.76395, -8.48108, 2.86363, -2.35257, -2.53551, -4.98644, 0.8903, -3.86186, -0.34026, 5.05671, -4.1749, -4.5034, 7.25887]"
44,sub11,mae,1,sub11-a__0037__highfive.npy,8,highfive,8,0.9124775,1,"[-0.30817, 4.63651, 5.4746, 0.69195, -7.20908, -4.65026, -2.76426, 1.13755, 10.94634, -7.59066, -7.90782, 1.81679, -2.68301, -3.21112, -5.0905, 1.4927, -4.91802, -0.10468, 3.48731, -3.72305, -4.49958, 8.52732]"
44,sub11,mae,1,sub11-a__0038__wave.npy,21,wave,21,0.6250726,1,"[-0.90452, 4.10977, 3.16247, 1.98745, -7.13842, -3.87321, -2.17876, 3.95339, 10.86071, -7.52082, -9.35915, 2.18746, -2.25384, -3.78287, -5.7449, 0.95442, -3.60441, -0.09707, 2.94532, -5.26021, -3.37812, 11.37522]"
44,sub11,mae,1,sub11-a__0039__wave.npy,21,wave,8,0.6045186,0,"[-1.05435, 3.60096, 2.8584, 1.09411, -7.28655, -4.03944, -2.06407, 4.94143, 12.01602, -7.20635, -9.62618, 2.80929, -0.77033, -5.33544, -5.62762, 0.97385, -4.12027, -0.22038, 3.57056, -4.68692, -3.11911, 11.58935]"
44,sub11,mae,1,sub11-a__0040__wave.npy,21,wave,21,0.71613723,1,"[-0.67468, 3.77123, 2.63582, 2.44859, -7.00563, -3.59254, -2.29778, 4.82638, 10.14313, -6.93437, -9.23795, 2.51366, -1.79353, -4.30637, -5.75474, 1.14507, -3.84496, -0.28322, 2.68129, -4.73971, -2.99459, 11.07734]"
44,sub11,mae,1,sub11-a__0041__wave.npy,21,wave,21,0.6836523,1,"[-0.53741, 3.46506, 3.11764, 1.89664, -7.39565, -3.81088, -2.25071, 4.75936, 11.07918, -7.20498, -9.1047, 2.47, -0.93086, -5.05256, -5.70108, 0.84142, -4.72833, -0.31411, 2.54949, -4.41128, -2.60611, 11.85297]"
44,sub11,mae,1,sub11-a__0042__bow.npy,2,bow,2,0.932474,1,"[4.3808, -2.16864, 13.4254, -6.5297, -10.42434, -6.54217, -1.37501, -1.12941, 4.74149, -2.42854, -3.60835, 10.34435, 9.77153, -11.99879, -1.41785, -3.4796, -12.75324, -5.36339, 0.67539, 4.81257, 3.36694, 4.1916]"
44,sub11,mae,1,sub11-a__0043__bow.npy,2,bow,2,0.87009305,1,"[4.29755, -2.71907, 12.72296, -5.73348, -10.15752, -6.23699, -1.35849, -1.10442, 3.57273, -2.16362, -3.67161, 10.45978, 9.60315, -11.58337, -1.23241, -3.29005, -12.46469, -5.64933, 0.3196, 4.73827, 3.82424, 4.63818]"
44,sub11,mae,1,sub11-a__0044__bow.npy,2,bow,2,0.650437,1,"[3.51241, -3.57659, 12.05162, -5.12031, -10.07387, -5.80856, -1.0393, -0.94617, 2.03261, -1.83408, -3.50514, 11.17117, 9.94162, -10.97406, -0.43632, -3.50137, -11.77647, -6.21291, 0.59011, 4.54128, 4.16181, 4.26191]"
44,sub11,mae,1,sub11-a__0045__bow.npy,2,bow,2,0.6595109,1,"[3.76851, -3.46404, 12.16687, -5.14807, -10.22528, -5.94034, -0.88699, -1.0283, 2.10284, -1.75105, -3.66595, 11.31383, 9.74261, -11.1817, -0.60595, -3.26568, -12.00981, -6.14706, 0.57357, 4.73097, 4.17796, 4.33866]"
44,sub11,mae,1,sub11-a__0046__bow.npy,2,bow,2,0.5576708,1,"[3.82555, -3.62732, 12.29356, -5.24112, -10.05527, -5.97725, -1.06961, -1.30083, 1.73207, -1.26168, -3.74614, 11.95282, 9.77659, -11.12035, -0.58654, -3.05761, -11.55436, -6.52634, 0.5893, 4.59556, 3.94077, 4.11638]"
44,sub11,mae,1,sub11-a__0047__crossarms.npy,5,crossarms,5,0.99996114,1,"[-4.48013, 4.51083, -6.26312, 6.44983, -1.92862, 17.14425, -1.52892, 5.33702, -5.51287, -0.81649, -7.83323, 1.16069, -1.42337, -1.9745, -1.56567, 3.53158, 4.72698, -1.94965, -1.60046, -2.6547, -1.9435, -3.83692]"
44,sub11,mae,1,sub11-a__0049__crossarms.npy,5,crossarms,5,0.99993837,1,"[-4.5338, 3.66254, -5.759, 5.80446, -2.21259, 16.39804, -1.72784, 5.6262, -5.03789, -0.37252, -8.45112, 2.59758, -0.9397, -3.37538, -1.44046, 3.78844, 4.67068, -2.20517, -0.77992, -2.48433, -1.89946, -3.46417]"
44,sub11,mae,1,sub11-a__0050__crossarms.npy,5,crossarms,5,0.9999676,1,"[-4.94309, 4.07008, -6.36767, 5.80318, -1.93036, 17.21846, -1.60195, 5.59216, -5.06212, -0.26832, -8.48853, 2.30272, -1.24163, -2.89871, -1.33461, 3.9452, 5.51335, -1.97644, -0.75017, -2.86357, -2.33082, -4.04515]"
44,sub11,mae,1,sub11-a__0051__crossarms.npy,5,crossarms,5,0.9999763,1,"[-4.91188, 4.5417, -6.5733, 5.96932, -1.74681, 17.6612, -1.76411, 5.75142, -5.20292, -0.63394, -8.30702, 1.37802, -1.42516, -2.09386, -1.53842, 3.72744, 5.55387, -1.84584, -1.13453, -2.9147, -2.33989, -4.31938]"
44,sub11,mae,1,sub11-a__0052__crossarms.npy,5,crossarms,5,0.9999609,1,"[-4.48647, 4.06377, -5.9765, 5.58026, -1.98226, 16.6582, -1.61593, 5.43082, -4.6028, -0.71797, -8.02731, 1.62759, -1.31378, -2.95197, -1.52315, 3.97846, 4.04185, -1.632, -0.66731, -2.09372, -1.93718, -3.84393]"
44,sub11,mae,1,sub11-a__0053__airpunch.npy,1,airpunch,1,0.87879187,1,"[2.56459, 10.81692, 3.73577, 2.71817, -6.50361, -2.70695, -2.46456, 1.4711, 8.66749, -8.065, -2.01083, -2.36148, -0.94589, 0.83132, -6.06825, -2.77551, -6.37145, -0.96124, -4.84725, -5.46639, -3.50318, 6.89545]"
44,sub11,mae,1,sub11-a__0055__airpunch.npy,1,airpunch,1,0.43572885,1,"[0.04238, 9.6362, 1.29366, 3.18386, -6.66093, -0.12192, -1.63968, 2.95169, 9.56633, -7.97123, -7.82187, -0.20927, 2.08699, -2.61422, -5.61368, -1.23564, -5.085, -1.91754, -2.97051, -6.67838, -2.29465, 8.61084]"
44,sub11,mae,1,sub11-a__0056__airpunch.npy,1,airpunch,1,0.8419984,1,"[-0.40952, 10.61191, 0.4668, 4.65435, -6.30337, 0.76794, -1.54706, 3.18406, 8.26394, -7.76525, -8.49864, -0.30157, 1.14929, -1.26962, -5.87672, -1.02577, -3.41704, -2.09234, -3.85564, -7.8102, -2.76783, 8.18913]"
44,sub11,mae,1,sub11-a__0057__airpunch.npy,1,airpunch,1,0.8470868,1,"[-0.86498, 10.58751, -0.10022, 4.79044, -6.33145, 2.36689, -1.34275, 3.24835, 8.26493, -8.52412, -8.15998, -0.57141, 0.53088, -1.68172, -5.49296, -0.62043, -3.21372, -1.34811, -3.97231, -8.27875, -3.13927, 8.04179]"
44,sub11,mae,1,sub11-a__0058__drink.npy,7,drink,18,0.32715544,0,"[-3.38194, -0.69767, -0.38895, 4.61722, -5.74636, 1.97713, -1.37965, 4.91121, -2.70936, -2.56418, -7.76546, 4.6133, 0.30415, -1.61636, -0.98037, 1.7487, -0.81068, -4.43681, 5.15981, -1.98729, -0.33356, 0.90784]"
44,sub11,mae,1,sub11-a__0059__drink.npy,7,drink,7,0.6013676,1,"[-0.62494, -1.54686, 2.24003, 4.96434, -6.24132, -0.116, -2.85957, 6.5366, -1.16664, -3.44173, -6.57258, 3.49249, 1.68213, -2.99518, -3.80237, -0.55586, -5.01993, -4.02325, 1.74419, -1.10752, 2.4606, 5.50539]"
44,sub11,mae,1,sub11-a__0060__drink.npy,7,drink,7,0.5205689,1,"[-0.55791, -1.63869, 2.47134, 4.91795, -6.28706, -0.42396, -2.95939, 6.33314, -1.10048, -3.42954, -6.46918, 3.54027, 1.82278, -3.12006, -3.78458, -0.71051, -5.17765, -4.17285, 1.76367, -0.90327, 2.55831, 5.72892]"
44,sub11,mae,1,sub11-a__0061__drink.npy,7,drink,7,0.3519705,1,"[0.15881, -1.40473, 3.43239, 5.10492, -6.3958, -0.7756, -3.62389, 5.49828, -1.43264, -3.524, -5.25406, 3.29757, 1.11236, -2.89106, -3.76605, -0.85025, -5.7665, -3.77786, 1.31165, -0.13708, 2.30365, 5.33062]"
44,sub11,mae,1,sub11-a__0062__drink.npy,7,drink,7,0.6317468,1,"[-4.09793, -0.94116, 0.426, 6.42192, -5.61349, 1.57794, -2.24124, 7.37186, -3.09048, -4.16877, -7.01591, 3.73401, -0.05722, 0.27429, -1.65258, -1.01403, -0.84209, -3.32821, 5.5458, -1.29378, 0.33906, 0.72594]"
44,sub11,mae,1,sub11-a__0063__drink.npy,7,drink,7,0.49476796,1,"[-0.13942, -0.95789, 2.89512, 5.56378, -5.89923, -0.31456, -3.90304, 6.01606, -2.07565, -3.01752, -5.55034, 3.51932, 0.37585, -2.01677, -4.07307, -0.39196, -4.49933, -3.74184, 1.45744, -0.51069, 1.72019, 4.51081]"
44,sub11,mae,1,sub11-a__0064__brushteeth.npy,3,brushteeth,3,0.97306496,1,"[-0.07136, -1.29743, 1.01722, 8.28786, -4.61922, 1.53012, -4.13529, 4.27015, -6.80419, -1.73042, -2.60481, 1.87263, -2.07383, 1.23588, -2.53934, -0.15965, -2.94112, -3.75493, -0.41619, -0.35127, 1.6763, 2.47243]"
44,sub11,mae,1,sub11-a__0065__brushteeth.npy,3,brushteeth,3,0.8849525,1,"[-0.52675, -0.37998, 1.21632, 7.89055, -4.9883, 1.70607, -4.40652, 5.73942, -5.18332, -2.3448, -3.54754, 2.66809, -2.22246, 0.73927, -2.90355, 0.07073, -2.47804, -2.88839, 0.69851, -0.93931, 0.35072, 1.49601]"
44,sub11,mae,1,sub11-a__0066__brushteeth.npy,3,brushteeth,3,0.90937126,1,"[-0.04973, 0.10244, 1.55956, 7.71566, -5.18085, 1.08579, -4.33283, 5.23222, -4.47389, -2.62473, -3.47091, 2.30205, -2.38011, 0.57071, -3.25445, 0.16499, -2.97259, -2.76832, 0.24033, -0.8894, 0.36669, 2.31508]"
44,sub11,mae,1,sub11-a__0067__brushteeth.npy,3,brushteeth,3,0.9394663,1,"[0.31367, -0.64584, 1.75405, 7.70104, -5.37543, 0.8508, -4.09483, 4.54753, -5.04839, -2.46854, -2.97431, 2.22928, -1.85307, 0.21484, -2.96617, -0.18168, -3.77758, -3.33251, -0.2528, -0.49081, 1.26023, 3.05956]"
44,sub11,mae,1,sub11-a__0068__brushteeth.npy,3,brushteeth,3,0.9012877,1,"[0.42844, 0.34, 1.79513, 7.41907, -5.20121, 0.42554, -4.30769, 4.9008, -3.85041, -2.68283, -3.27564, 1.9442, -2.05902, 0.06029, -3.57811, 0.02195, -3.6632, -2.94477, -0.20786, -0.59337, 0.68202, 3.21667]"
44,sub11,mae,1,sub11-a__0069__brushteeth.npy,3,brushteeth,3,0.89415956,1,"[-0.01424, -0.40131, 1.74174, 7.53264, -5.4167, 0.92266, -4.09971, 5.16453, -4.59178, -2.48438, -3.45655, 2.63612, -1.63657, 0.0302, -3.13258, -0.15242, -3.42993, -3.25952, 0.24931, -0.68192, 0.92544, 2.75149]"
44,sub11,mae,1,sub11-a__0070__highfive.npy,8,highfive,8,0.59693307,1,"[0.2842, 5.34534, 4.82192, 0.39912, -8.10266, -7.3856, -1.30929, 0.50895, 12.66379, -6.62246, -8.1784, 1.6736, -1.24456, -2.82246, -5.62482, -0.12947, -4.65894, -1.72636, 2.31329, -5.49151, -3.94141, 12.26942]"
44,sub11,mae,1,sub11-a__0071__highfive.npy,8,highfive,21,0.59100103,0,"[-0.47503, 3.19345, 4.36175, 3.87038, -6.69388, -3.12194, -3.12262, 1.83886, 5.37545, -6.49119, -6.71204, 1.99283, -3.19338, -1.39695, -4.48693, 1.46214, -4.46304, -0.80536, 2.81224, -2.97538, -3.05473, 6.36685]"
44,sub11,mae,1,sub11-a__0072__highfive.npy,8,highfive,8,0.92195624,1,"[-1.12772, 4.33597, 5.5315, 0.36846, -8.15831, -6.26327, -2.10974, 1.68838, 11.67577, -7.28437, -9.20932, 3.43727, -0.58927, -3.77045, -5.2317, 0.67346, -4.67599, -1.47267, 5.0828, -3.79784, -3.9404, 9.15173]"
44,sub11,mae,1,sub11-a__0073__highfive.npy,8,highfive,8,0.8559888,1,"[-1.45429, 3.26031, 5.68936, -0.35857, -8.44272, -6.69025, -1.69552, 1.17817, 13.55308, -8.26282, -9.96109, 2.63572, -0.53617, -4.23755, -5.38742, 0.6252, -5.27866, -0.85094, 5.5795, -3.81617, -3.28913, 11.766]"
44,sub11,mae,1,sub11-a__0074__highfive.npy,8,highfive,8,0.90636665,1,"[-1.57722, 3.35918, 5.6829, 0.4726, -8.22731, -5.89405, -2.31341, 2.90921, 10.65025, -7.01974, -9.06988, 3.91354, 0.07843, -3.68153, -5.13742, 0.13281, -4.55999, -1.53874, 5.94491, -3.20746, -3.29156, 8.18384]"
44,sub11,mae,1,sub11-a__0076__wave.npy,21,wave,21,0.8628362,1,"[-0.59363, 3.33582, 2.67071, 3.7405, -6.849, -2.9128, -2.66291, 5.52251, 6.6837, -5.41316, -8.3136, 3.62881, -1.42974, -3.42113, -5.53609, 0.87483, -3.14052, -1.38461, 2.008, -4.06958, -2.4147, 8.91492]"
44,sub11,mae,1,sub11-a__0077__wave.npy,21,wave,21,0.90001374,1,"[-0.21455, 3.45317, 3.17072, 2.74698, -6.90592, -4.29452, -2.51722, 4.23206, 8.54677, -5.77642, -8.93976, 3.05806, -1.31939, -4.00579, -5.94999, 1.16145, -3.93454, -1.42605, 2.28325, -4.02872, -2.32788, 10.7777]"
44,sub11,mae,1,sub11-a__0078__wave.npy,21,wave,21,0.9413352,1,"[-0.17395, 2.997, 3.21996, 3.0726, -7.06618, -4.25376, -2.54049, 4.31631, 8.19229, -5.89127, -8.66163, 3.05107, -1.0508, -4.17572, -5.81135, 0.9522, -4.33188, -1.43886, 2.1856, -3.81896, -1.8339, 11.01529]"
44,sub11,mae,1,sub11-a__0079__wave.npy,21,wave,21,0.8517389,1,"[-0.69056, 2.68619, 2.45394, 3.1026, -6.91015, -2.98658, -2.48975, 5.88077, 7.66631, -5.52474, -8.82871, 3.64591, -0.59934, -4.70885, -5.44959, 1.08941, -3.93719, -1.19744, 2.61156, -3.58904, -1.91941, 9.61097]"
44,sub11,mae,1,sub11-a__0080__wave.npy,21,wave,21,0.95233864,1,"[0.30058, 2.23302, 3.64738, 2.93929, -7.16977, -3.87371, -2.75867, 4.39564, 7.03635, -5.45847, -7.94666, 3.17524, -0.41685, -4.84833, -5.58284, 0.77917, -5.42542, -1.74894, 2.03685, -2.52801, -1.0318, 10.18127]"
44,sub11,mae,1,sub11-a__0081__bow.npy,2,bow,2,0.5909497,1,"[3.54602, -4.50475, 13.12668, -5.85842, -10.30239, -5.69183, -1.08594, -1.52657, 1.58484, -1.19154, -3.78593, 12.69416, 9.9755, -11.53103, -0.02371, -3.13727, -11.45734, -6.29429, 0.99153, 4.89972, 3.92658, 3.40992]"
44,sub11,mae,1,sub11-a__0082__bow.npy,2,bow,11,0.6157748,0,"[3.43964, -4.98796, 11.8183, -4.34659, -9.65548, -5.42379, -1.01139, -1.93646, -0.37318, -0.50526, -3.2105, 12.3602, 9.17167, -10.22741, 0.45297, -2.89522, -10.74422, -6.82098, 0.29931, 4.5961, 4.30868, 3.82379]"
44,sub11,mae,1,sub11-a__0083__bow.npy,2,bow,11,0.65951806,0,"[3.71164, -4.4773, 12.5245, -4.98223, -10.03442, -5.69653, -1.00192, -1.89857, 0.26689, -0.42112, -3.57524, 13.24169, 9.65868, -10.51594, 0.11379, -2.95109, -10.62649, -7.21772, 0.27985, 4.26919, 3.74248, 3.58462]"
44,sub11,mae,1,sub11-a__0084__bow.npy,2,bow,11,0.7130925,0,"[3.62613, -4.64358, 12.57151, -4.71853, -10.1513, -5.56659, -0.78735, -1.92867, -0.06687, -0.60939, -3.72797, 13.52606, 9.45721, -10.46449, 0.29992, -2.94857, -10.67538, -7.04958, 0.26775, 4.24595, 3.82273, 3.55154]"
44,sub11,mae,1,sub11-a__0085__bow.npy,2,bow,11,0.58679575,0,"[3.90326, -4.90889, 12.06982, -3.98104, -9.67172, -5.50903, -1.00614, -2.24702, -1.05697, -0.38553, -3.20418, 12.4536, 8.62581, -9.87758, 0.28667, -2.56039, -10.97071, -6.96023, -0.12723, 4.77315, 4.31915, 3.76305]"
44,sub11,mae,1,sub11-a__0086__crossarms.npy,5,crossarms,5,0.99986875,1,"[-4.15158, 4.95346, -5.61657, 5.51296, -2.33524, 15.51114, -1.3508, 5.36068, -3.44024, -0.68162, -8.37227, 1.7579, -1.01854, -3.12543, -2.17824, 4.03333, 3.88257, -1.6613, -1.27852, -2.50669, -2.04869, -2.87418]"
44,sub11,mae,1,sub11-a__0087__crossarms.npy,5,crossarms,5,0.9999249,1,"[-4.69859, 5.62595, -6.57046, 6.01891, -1.84194, 16.71158, -1.43556, 5.93169, -4.09431, -0.60293, -8.41742, 1.32661, -1.57158, -2.03445, -2.14456, 3.88838, 5.48246, -1.59778, -1.69148, -3.50996, -2.63853, -3.62913]"
44,sub11,mae,1,sub11-a__0088__crossarms.npy,5,crossarms,5,0.99991417,1,"[-4.30638, 4.69288, -5.89781, 6.13935, -1.94084, 16.29111, -1.88945, 5.69794, -4.8542, -0.57744, -7.97248, 1.45808, -1.47002, -2.10953, -1.9281, 3.76156, 4.60343, -1.74223, -1.54045, -2.66946, -2.09493, -3.75241]"
44,sub11,mae,1,sub11-a__0089__crossarms.npy,5,crossarms,5,0.99995923,1,"[-4.5766, 4.5409, -6.26483, 5.51755, -1.81321, 16.75929, -1.65165, 5.53706, -4.35635, -0.3774, -8.19459, 1.40549, -1.20879, -2.60699, -1.74483, 4.0605, 4.71166, -1.59978, -0.96733, -2.48463, -2.13337, -3.96969]"
44,sub11,mae,1,sub11-a__0090__crossarms.npy,5,crossarms,5,0.99986434,1,"[-4.01853, 4.44314, -5.76481, 6.33331, -2.19383, 15.86516, -1.64579, 5.69923, -4.91551, -0.55425, -8.18687, 1.72797, -1.21659, -2.72406, -2.02287, 3.79405, 3.98984, -1.98088, -1.84488, -2.69914, -1.64161, -2.93381]"
44,sub11,mae,1,sub11-a__0091__crossarms.npy,5,crossarms,1,0.7010332,0,"[3.18061, 9.66991, 4.88443, 1.77792, -6.44517, -4.08639, -2.92184, 0.5493, 8.49615, -7.06688, -3.02144, -1.40477, -0.4458, -0.57947, -6.34281, -1.74789, -7.57611, -1.71946, -4.25164, -3.85551, -2.86534, 7.43297]"
44,sub11,mae,1,sub11-a__0092__airpunch.npy,1,airpunch,1,0.91896045,1,"[0.69004, 10.40953, 1.55694, 4.91515, -6.01191, 1.15626, -2.31353, 2.1383, 6.9884, -8.36696, -5.87887, -1.25871, -1.02576, -0.22875, -5.79503, -0.68724, -4.28694, -1.30064, -5.06545, -7.15377, -3.27821, 7.42917]"
44,sub11,mae,1,sub11-a__0093__airpunch.npy,1,airpunch,1,0.9382558,1,"[-0.25102, 10.42906, 0.31022, 5.93546, -6.01141, 2.91385, -1.92512, 3.1357, 6.11247, -8.48458, -6.87411, -1.02416, -0.7502, -0.40763, -5.54769, -0.65592, -3.19938, -1.34959, -5.12757, -7.96684, -3.01749, 7.20816]"
44,sub11,mae,1,sub11-a__0094__airpunch.npy,1,airpunch,1,0.98060775,1,"[0.15536, 10.72057, 0.81198, 5.5499, -6.23778, 2.81898, -2.04075, 2.28241, 5.70876, -8.87788, -4.74987, -1.99811, -1.17271, 0.55883, -4.94803, -1.13895, -3.93066, -0.92106, -5.19404, -7.1485, -3.38029, 5.7157]"
44,sub11,mae,1,sub11-a__0095__airpunch.npy,1,airpunch,1,0.9328637,1,"[0.00117, 10.38711, 1.1551, 4.45071, -6.344, 1.76289, -1.83495, 1.78008, 7.2286, -8.65958, -6.07252, -1.34828, 0.10385, -0.74007, -5.12776, -0.81929, -4.42159, -1.36045, -4.44129, -6.95937, -3.12742, 6.74742]"
44,sub11,mae,1,sub11-a__0096__airpunch.npy,1,airpunch,1,0.91423887,1,"[-0.54902, 11.30182, 0.58484, 3.96427, -6.45229, 1.74106, -1.50836, 2.34127, 8.75876, -8.79224, -6.60428, -1.12409, 0.46118, -0.67931, -5.30142, -0.92289, -3.47858, -1.32724, -4.08163, -8.03079, -3.86537, 7.05157]"
44,sub11,mae,1,sub11-a__0097__drink.npy,7,drink,21,0.80512434,0,"[1.26599, -1.03087, 4.39261, 2.98311, -6.21554, -2.31208, -3.44419, 4.42168, 0.71649, -3.4659, -6.61843, 2.96173, 1.49952, -4.20111, -4.89685, 0.15783, -7.22103, -3.92725, 1.10026, 0.40874, 2.7324, 6.87761]"
44,sub11,mae,1,sub11-a__0098__drink.npy,7,drink,7,0.57247484,1,"[-0.17484, -0.05684, 3.00031, 5.94192, -6.19147, -0.46502, -3.98172, 6.6574, -0.50516, -4.37437, -6.14731, 3.06797, -0.51172, -1.8672, -4.53409, -0.41422, -4.617, -2.53707, 1.56724, -1.1114, 0.9961, 4.98876]"
44,sub11,mae,1,sub11-a__0099__drink.npy,7,drink,7,0.3494576,1,"[0.35341, -0.42611, 3.75932, 5.36106, -6.3511, -1.30511, -4.02403, 5.7073, -0.33271, -4.17562, -5.77417, 3.07607, 0.0423, -2.32459, -4.49041, -0.60798, -5.46425, -2.97981, 1.31558, -0.58037, 1.50914, 5.59559]"
44,sub11,mae,1,sub11-a__0100__drink.npy,7,drink,21,0.4862105,0,"[-0.25883, -1.20984, 2.51558, 4.82541, -6.26732, -0.65386, -2.84532, 6.07357, -0.55583, -3.84049, -7.18511, 3.27728, 0.93875, -2.83328, -4.43031, -0.02016, -5.17658, -3.95381, 1.69521, -1.31283, 2.32619, 6.37387]"
44,sub11,mae,1,sub11-a__0101__drink.npy,7,drink,7,0.6284528,1,"[-0.48095, -1.21108, 2.87014, 5.30899, -6.33495, -0.27586, -3.45062, 6.58791, -1.07712, -3.89049, -6.32702, 3.8088, 0.83493, -2.79551, -3.94323, -0.60421, -5.05789, -3.33227, 1.96785, -0.73687, 1.94835, 4.97531]"
44,sub11,mae,1,sub11-a__0102__drink.npy,7,drink,7,0.43970945,1,"[-0.90221, -1.33242, 1.04561, 6.19268, -6.23304, 0.71335, -2.40389, 6.76955, -1.72464, -3.93208, -7.34093, 3.12817, 0.62525, -2.03451, -4.04255, 0.04564, -4.2473, -4.11191, 1.46574, -2.37906, 2.31253, 6.35315]"
44,sub11,mae,1,sub11-a__0103__brushteeth.npy,3,brushteeth,3,0.7122933,1,"[0.01502, 2.25492, 1.98381, 7.02076, -5.31078, 0.37844, -4.54736, 5.99666, -1.58752, -3.8576, -4.47218, 2.05439, -3.23953, 0.73907, -4.39243, 0.34782, -2.29822, -1.6168, 0.15729, -2.0778, -1.26412, 2.8553]"
44,sub11,mae,1,sub11-a__0104__brushteeth.npy,3,brushteeth,3,0.9513817,1,"[0.951, -1.31585, 2.08614, 7.7838, -5.37796, 0.46248, -4.01129, 3.61157, -5.50693, -2.70284, -2.62191, 1.78671, -1.91463, 0.0284, -2.71094, -0.31246, -4.87678, -3.33186, -1.06073, -0.00604, 2.14257, 4.01059]"
44,sub11,mae,1,sub11-a__0105__brushteeth.npy,3,brushteeth,3,0.93947583,1,"[0.75586, -0.7735, 2.04047, 7.79735, -5.37874, 0.22607, -3.96715, 4.13735, -4.88806, -2.9654, -3.34807, 1.71002, -1.99305, 0.5744, -3.339, -0.28716, -4.4328, -3.40229, -0.71886, -0.76012, 1.77518, 4.21055]"
44,sub11,mae,1,sub11-a__0106__brushteeth.npy,3,brushteeth,3,0.9516126,1,"[1.02353, -1.64567, 1.91697, 7.74876, -5.14075, 0.18073, -3.8169, 3.10799, -6.16901, -2.30791, -2.32555, 1.48849, -1.98771, 0.54976, -2.64174, -0.39109, -4.86157, -3.70091, -1.1209, -0.00309, 2.55602, 4.1437]"
44,sub11,mae,1,sub11-a__0107__brushteeth.npy,3,brushteeth,3,0.91857564,1,"[1.05863, -0.12604, 2.45806, 7.4332, -5.40646, -0.35469, -4.08818, 3.88664, -4.21101, -3.07742, -3.14893, 1.65763, -2.13674, 0.52864, -3.66504, -0.24951, -4.55882, -3.28868, -0.88548, -0.65399, 1.38363, 4.27746]"
44,sub11,mae,1,sub11-a__0108__brushteeth.npy,3,brushteeth,3,0.91466093,1,"[1.03222, 0.71198, 2.27809, 7.40953, -5.34319, -0.18788, -4.28246, 4.31927, -3.44007, -3.20411, -3.21278, 1.5286, -2.48699, 0.39521, -3.88537, 0.02569, -4.24743, -2.7782, -0.85692, -0.76327, 0.65592, 3.97562]"
44,sub11,mae,1,sub11-a__0109__highfive.npy,8,highfive,8,0.783356,1,"[-0.58298, 3.68127, 5.7194, 0.87227, -8.60571, -5.51976, -2.5956, 3.74641, 11.0572, -7.35155, -8.9954, 3.54749, -0.22907, -4.53452, -5.70947, 0.06069, -5.29327, -1.18648, 4.22962, -3.2375, -2.77309, 9.74319]"
44,sub11,mae,1,sub11-a__0110__highfive.npy,8,highfive,8,0.8279008,1,"[0.07266, 2.02593, 8.19629, -1.22341, -8.52559, -6.24002, -2.86679, -0.67717, 10.52967, -7.21113, -7.7035, 3.16267, 0.12367, -6.26028, -4.1361, 1.2785, -8.39655, -1.36042, 4.98967, 0.8228, -1.92664, 8.28438]"
44,sub11,mae,1,sub11-a__0111__highfive.npy,8,highfive,8,0.9325922,1,"[-0.81457, 2.82875, 7.61901, -1.12217, -8.62901, -6.65384, -2.6145, 0.01485, 12.06642, -7.71458, -9.01966, 3.63984, 0.19988, -5.68551, -4.60204, 1.1428, -7.02035, -1.47391, 5.6991, -0.75791, -2.76029, 9.22766]"
44,sub11,mae,1,sub11-a__0112__highfive.npy,8,highfive,8,0.8721507,1,"[-1.80257, 2.59707, 6.56988, 0.44546, -8.65122, -5.72617, -2.58881, 1.92024, 10.15085, -7.7942, -8.99916, 3.98514, 0.05203, -3.81111, -4.58747, 0.3711, -5.52742, -1.45023, 6.6325, -1.9683, -2.7966, 7.69764]"
44,sub11,mae,1,sub11-a__0113__highfive.npy,8,highfive,8,0.87751853,1,"[-1.99672, 3.30484, 5.24666, 1.44243, -8.72915, -4.10603, -2.18932, 3.91821, 9.91904, -8.20779, -8.31201, 3.60346, -0.55203, -3.90458, -4.50834, -0.03079, -4.87802, -0.87669, 5.56988, -2.93846, -2.92526, 7.72404]"
44,sub11,mae,1,sub11-a__0114__highfive.npy,8,highfive,8,0.9363372,1,"[-2.63704, 2.65021, 4.56524, 0.95304, -8.83729, -3.45144, -1.79267, 4.24574, 11.07908, -8.51746, -8.44003, 3.74749, 0.31947, -4.8353, -3.91417, 0.03437, -4.77175, -0.58349, 6.02773, -3.37479, -3.01223, 8.23291]"
44,sub11,mae,1,sub11-a__0115__wave.npy,21,wave,21,0.9848941,1,"[0.21734, 4.402, 3.86175, 3.79921, -6.95299, -4.94113, -2.60343, 2.78127, 8.97417, -6.82683, -9.19707, 1.2692, -2.73177, -1.96117, -6.73413, 0.91075, -4.00317, -1.36423, 0.39492, -5.3291, -1.86852, 13.17656]"
44,sub11,mae,1,sub11-a__0116__wave.npy,21,wave,21,0.9677665,1,"[0.4049, 4.48275, 4.22995, 2.86122, -7.05066, -5.06765, -2.56375, 1.68708, 10.16082, -7.16257, -9.47831, 0.89535, -3.4213, -2.2469, -6.67797, 1.358, -4.03318, -0.8764, 0.72651, -5.51225, -2.37129, 13.57015]"
44,sub11,mae,1,sub11-a__0117__wave.npy,21,wave,21,0.98840743,1,"[0.5512, 3.42787, 3.79632, 5.31827, -7.13594, -3.25824, -3.0993, 3.36923, 5.29818, -6.25947, -7.15812, 1.42274, -2.64949, -1.52225, -5.79509, 0.45478, -4.34334, -1.70688, -0.4512, -4.02763, -1.09828, 10.6946]"
44,sub11,mae,1,sub11-a__0118__wave.npy,21,wave,21,0.9907246,1,"[1.46165, 3.62062, 4.96978, 2.93215, -7.03736, -5.60417, -2.95773, 1.33498, 8.29098, -6.21743, -7.9069, 0.9277, -2.17855, -2.74358, -6.48801, 0.7724, -5.63853, -1.87104, -0.14958, -3.78251, -0.94859, 13.01447]"
44,sub11,mae,1,sub11-a__0119__wave.npy,21,wave,21,0.9901175,1,"[1.16187, 3.43471, 4.57586, 3.21025, -7.06118, -5.26999, -2.82747, 1.74995, 7.89954, -6.11857, -7.86393, 1.54496, -2.01864, -3.08906, -6.24444, 0.91255, -5.45588, -1.86854, 0.22583, -3.62405, -1.06198, 12.56812]"
44,sub11,mae,1,sub11-a__0120__bow.npy,2,bow,2,0.7549241,1,"[3.58167, -3.6753, 13.16906, -5.9806, -10.2702, -6.09225, -1.55738, -1.13668, 2.94043, -1.68704, -4.41051, 11.90318, 10.00058, -11.69462, -0.75419, -2.9943, -11.64074, -6.1215, 1.08566, 4.91906, 3.87164, 4.06365]"
44,sub11,mae,1,sub11-a__0121__bow.npy,2,bow,2,0.81088555,1,"[3.7713, -4.47621, 11.88864, -4.66498, -9.34003, -5.75548, -1.73417, -1.44762, 1.33572, -1.1801, -3.74335, 10.25828, 8.48224, -11.18177, -0.68188, -2.2709, -11.93636, -5.65702, 0.63027, 5.74148, 4.90835, 4.73861]"
44,sub11,mae,1,sub11-a__0122__bow.npy,2,bow,2,0.7209532,1,"[3.40175, -4.17339, 12.54956, -5.11949, -10.03305, -5.76943, -1.45189, -1.07513, 2.14869, -1.63626, -4.42221, 11.48989, 9.30394, -11.47153, -0.70878, -2.6009, -11.77131, -5.84493, 0.96504, 5.25082, 4.49395, 4.70904]"
44,sub11,mae,1,sub11-a__0123__bow.npy,2,bow,2,0.84490466,1,"[3.78628, -3.99333, 12.05755, -5.38967, -9.71679, -6.12513, -1.58559, -1.23543, 2.63315, -1.43942, -3.99319, 10.06112, 8.91447, -11.72457, -1.05726, -2.1328, -12.45945, -5.46509, 1.20643, 6.1647, 4.79734, 4.89009]"
44,sub11,mae,1,sub11-a__0124__bow.npy,2,bow,2,0.7772705,1,"[3.823, -3.58685, 12.88517, -6.16026, -10.22147, -6.43109, -1.47806, -1.24299, 3.66735, -1.24256, -4.69112, 11.48144, 9.65671, -12.10843, -1.32852, -2.19663, -11.99193, -5.92241, 1.37789, 5.37721, 4.06716, 4.87375]"
44,sub11,mae,1,sub11-a__0125__crossarms.npy,5,crossarms,5,0.9997087,1,"[-3.94085, 5.46337, -5.37529, 6.85677, -2.74824, 15.52718, -1.36791, 5.88791, -3.83514, -2.04101, -8.60074, 0.82416, -1.26077, -2.38436, -2.61211, 3.54301, 3.34103, -1.39032, -2.5164, -2.82439, -1.42562, -1.83515]"
44,sub11,mae,1,sub11-a__0126__crossarms.npy,5,crossarms,5,0.9998305,1,"[-4.40604, 5.63545, -5.38433, 6.26296, -2.76832, 15.97049, -1.62636, 6.27273, -3.39445, -1.77937, -8.96841, 1.83862, -1.61984, -2.47716, -2.45695, 3.75814, 4.34163, -1.17077, -1.70725, -3.38431, -2.33683, -2.81656]"
44,sub11,mae,1,sub11-a__0127__crossarms.npy,5,crossarms,5,0.9992778,1,"[-3.41982, 4.45747, -4.50801, 6.74289, -3.26419, 14.45529, -1.64075, 5.96849, -4.12642, -1.94857, -8.32685, 1.60892, -0.99224, -3.29874, -2.44337, 3.46269, 1.82735, -1.55123, -2.04377, -2.01426, -0.68025, -1.4907]"
44,sub11,mae,1,sub11-a__0128__crossarms.npy,5,crossarms,5,0.99982566,1,"[-4.23477, 5.45377, -5.13515, 6.02694, -3.00011, 15.79298, -1.5895, 6.26439, -3.7622, -1.63168, -8.51226, 1.90786, -1.07498, -2.97396, -2.23083, 3.58766, 3.73297, -1.33354, -1.82224, -2.74659, -1.91397, -3.13738]"
44,sub11,mae,1,sub11-a__0129__crossarms.npy,5,crossarms,5,0.9999337,1,"[-4.58883, 5.00689, -5.21035, 4.86536, -2.83527, 16.39095, -1.71802, 6.17885, -3.38354, -1.31625, -8.52588, 1.96468, -0.1733, -3.3984, -1.99728, 3.50233, 4.17545, -1.50923, -0.92067, -2.01475, -1.91021, -3.89022]"
44,sub11,mae,1,sub11-a__0130__airpunch.npy,1,airpunch,1,0.91307163,1,"[2.04688, 9.81232, 5.06586, 2.6834, -6.88703, -2.51479, -3.13478, 0.46484, 7.16986, -7.79705, -4.44525, -0.3554, -0.82688, -0.61188, -5.78416, -0.70067, -6.92699, -1.52744, -3.29974, -3.27188, -3.16171, 5.53489]"
44,sub11,mae,1,sub11-a__0131__airpunch.npy,1,airpunch,1,0.8849434,1,"[2.0642, 9.13318, 5.31161, 2.25349, -7.30996, -2.44577, -3.00816, 0.44837, 6.80804, -7.4909, -3.32531, 0.13617, -0.43649, -1.18137, -4.75649, -0.64487, -7.55801, -1.15433, -2.94895, -1.8298, -3.26213, 4.29722]"
44,sub11,mae,1,sub11-a__0132__airpunch.npy,1,airpunch,1,0.9114731,1,"[1.13838, 8.94224, 4.10988, 3.02445, -7.22771, -0.3747, -2.82839, 1.22574, 6.33646, -8.12582, -4.9619, 0.39099, -0.0063, -1.94748, -4.66638, -0.07544, -6.92412, -1.14928, -2.73788, -2.56486, -2.90154, 4.44477]"
44,sub11,mae,1,sub11-a__0133__airpunch.npy,1,airpunch,1,0.80171156,1,"[-0.16146, 9.65745, 2.39589, 3.55139, -7.2654, 0.18413, -1.95063, 2.31097, 7.9777, -8.33575, -7.5097, 0.13908, 1.05185, -1.97367, -5.46106, -0.32039, -5.38094, -1.75716, -2.68844, -5.34403, -2.65553, 6.79032]"
44,sub11,mae,1,sub11-a__0134__airpunch.npy,1,airpunch,1,0.8346812,1,"[0.23854, 9.71725, 2.9031, 3.95796, -7.26661, 0.07384, -2.13208, 2.26775, 7.58838, -8.35688, -7.31387, 0.29707, 0.28306, -1.8612, -5.67996, -0.24732, -5.43805, -1.61225, -3.27572, -5.40945, -2.72395, 7.11184]"
44,sub11,mae,1,sub11-a__0135__airpunch.npy,1,airpunch,1,0.78499776,1,"[-0.90393, 9.05505, 2.4103, 2.89854, -7.46866, 0.73771, -1.89986, 1.73001, 7.65322, -8.37637, -7.62697, 0.88097, 1.71336, -2.47584, -4.51044, 0.26342, -5.22967, -1.80383, -1.39752, -4.5955, -2.95822, 5.24756]"
44,sub11,mae,1,sub11-a__0136__drink.npy,7,drink,7,0.7973897,1,"[-1.366, 0.66233, 2.75124, 5.39913, -5.62639, -0.06075, -4.47362, 7.09925, -0.34826, -3.64394, -6.90669, 3.22517, -0.76867, -1.35386, -4.13557, 0.2757, -2.5945, -2.42956, 2.47865, -0.3872, 0.20007, 3.24876]"
44,sub11,mae,1,sub11-a__0137__drink.npy,7,drink,7,0.5549431,1,"[-0.94617, -0.86788, 3.53068, 5.30864, -7.00254, -0.29164, -3.5716, 6.26357, -0.73298, -3.97974, -6.55448, 4.27053, 0.58668, -2.70034, -3.59678, -0.22704, -4.62387, -3.10213, 2.37163, -0.11109, 1.61433, 4.52036]"
44,sub11,mae,1,sub11-a__0138__drink.npy,7,drink,7,0.6699773,1,"[-0.78727, 0.45584, 2.96996, 5.8284, -6.48767, -0.03325, -3.96293, 6.86428, -0.59155, -3.71901, -6.55684, 3.98016, -0.33352, -1.98268, -4.19061, 0.11961, -3.67472, -2.58025, 2.1641, -0.59094, 0.52437, 3.74129]"
44,sub11,mae,1,sub11-a__0139__drink.npy,7,drink,7,0.72293985,1,"[-1.0928, 0.24578, 3.42261, 5.31993, -6.64564, -0.29015, -4.00736, 6.88944, -0.01563, -4.10607, -7.16585, 4.20856, -0.0521, -2.18452, -4.17397, 0.10466, -3.74634, -2.6774, 2.64291, -0.53616, 0.58721, 3.94946]"
44,sub11,mae,1,sub11-a__0140__drink.npy,7,drink,3,0.51504713,0,"[-2.03375, -0.52586, 3.24956, 5.95768, -6.68384, 0.02165, -3.35528, 5.54232, -2.26465, -4.43576, -5.68582, 3.66614, -0.07293, -1.11779, -2.49521, -0.68892, -3.45736, -3.16888, 2.99418, 0.35564, 1.38936, 2.69089]"
44,sub11,mae,1,sub11-a__0141__brushteeth.npy,3,brushteeth,3,0.44647062,1,"[1.67672, -2.04897, 3.86928, 5.87285, -5.81243, -2.45519, -3.6196, 0.3799, -4.11556, -3.07343, -2.37554, 0.97466, -1.87355, -0.55795, -2.04496, -0.15925, -6.89571, -3.42642, -0.57834, 2.28405, 3.39156, 5.83144]"
44,sub11,mae,1,sub11-a__0142__brushteeth.npy,3,brushteeth,3,0.9122033,1,"[1.2749, -1.59695, 2.81082, 7.62695, -6.05725, -0.02771, -3.55635, 2.37728, -5.24808, -3.28885, -2.51939, 1.58929, -1.98143, -0.5007, -2.25399, -0.32268, -6.07465, -2.99878, -1.42585, 0.75749, 2.96206, 4.92019]"
44,sub11,mae,1,sub11-a__0143__brushteeth.npy,3,brushteeth,3,0.91554594,1,"[0.92563, -2.35754, 2.46137, 7.66462, -5.94705, 0.43697, -3.36445, 2.69215, -6.02715, -2.88785, -2.78361, 1.82979, -1.64247, -0.43686, -1.9993, -0.39801, -5.74574, -3.29463, -1.17762, 0.65963, 3.47935, 4.81397]"
44,sub11,mae,1,sub11-a__0144__brushteeth.npy,3,brushteeth,3,0.9003426,1,"[1.15007, -1.60191, 2.76976, 7.61665, -6.01354, -0.06996, -3.58493, 2.60332, -5.1302, -3.30504, -2.8983, 1.55923, -1.88667, -0.37313, -2.48645, -0.2762, -5.89812, -3.06182, -1.28297, 0.535, 3.01225, 5.08884]"
44,sub11,mae,1,sub11-a__0145__brushteeth.npy,3,brushteeth,3,0.8709512,1,"[1.09215, -1.14192, 2.7728, 7.57486, -6.00801, -0.3108, -3.61516, 2.71112, -4.3916, -3.52588, -3.2201, 1.48003, -1.97384, -0.35856, -2.88409, -0.11478, -5.7266, -2.97802, -1.15932, 0.2796, 2.65248, 5.44446]"
44,sub11,mae,1,sub11-a__0146__highfive.npy,8,highfive,8,0.8865469,1,"[-0.59766, 4.70676, 8.04648, -1.2795, -8.06992, -6.00938, -3.14156, -0.49217, 10.27513, -5.98146, -7.89355, 4.60736, -0.77087, -4.99122, -4.06007, 1.54033, -5.36209, -1.37427, 5.42637, -0.43718, -4.64085, 4.96221]"
44,sub11,mae,1,sub11-a__0147__highfive.npy,8,highfive,8,0.61560607,1,"[-0.1937, 1.7473, 7.36913, -0.11137, -8.4554, -5.51923, -2.87479, 0.18598, 8.98755, -6.82674, -7.97225, 4.08859, -0.22133, -5.47962, -4.0931, 1.7152, -7.0799, -1.80567, 4.65342, -0.17398, -2.21374, 8.08024]"
44,sub11,mae,1,sub11-a__0148__highfive.npy,8,highfive,8,0.69164854,1,"[-0.21069, 3.30923, 7.25509, 0.36823, -8.12282, -6.21038, -2.87131, -0.16096, 9.19407, -6.24587, -8.37174, 3.86935, -0.70764, -4.41851, -4.67285, 1.66469, -6.12878, -2.04828, 4.38517, -0.79186, -2.89679, 7.93946]"
44,sub11,mae,1,sub11-a__0149__highfive.npy,8,highfive,8,0.903284,1,"[-0.21215, 1.96053, 7.77207, -2.83383, -8.99911, -8.04875, -1.94166, -0.13873, 13.88031, -6.78796, -9.46535, 4.06161, 2.0809, -7.38595, -4.86312, 1.00728, -8.07492, -2.00368, 5.48577, -0.44249, -1.7573, 11.62219]"
44,sub11,mae,1,sub11-a__0150__highfive.npy,8,highfive,8,0.9598602,1,"[-0.15399, 2.92679, 7.46464, -3.30079, -9.10364, -8.43141, -1.5959, -0.15664, 15.32502, -6.39179, -9.95302, 4.24829, 2.15713, -7.36172, -5.25187, 1.26603, -7.49094, -2.07834, 5.43341, -1.76379, -2.56956, 12.13956]"
44,sub11,mae,1,sub11-b1__0001__walk.npy,20,walk,12,0.4769515,0,"[5.35629, -3.42315, 6.40018, -5.40593, -5.66077, -6.20698, -1.13105, -1.3045, 0.52849, 2.69177, -1.94977, 4.19308, 7.3401, -9.90748, -2.77356, -0.71751, -11.84157, -6.79891, -0.03698, 5.33189, 6.12638, 4.83884]"
44,sub11,mae,1,sub11-b1__0002__turnaround.npy,19,turnaround,19,0.80774176,1,"[5.17538, 0.66025, 7.92539, -3.78433, -6.37327, -4.5031, 1.62068, -1.72614, -3.58817, -1.52509, 5.96542, 1.14011, 2.75927, -6.8121, 1.00548, -6.02043, -13.73708, 1.09961, -1.20203, 9.61483, 5.30416, -5.19886]"
44,sub11,mae,1,sub11-b1__0003__walk.npy,20,walk,20,0.90391356,1,"[4.64267, 1.21574, 1.77852, -0.9437, -2.34055, -3.5529, 3.239, 0.18694, -3.6558, -5.86428, 0.40595, -4.67759, -1.91671, -4.7553, 2.14307, -7.80108, -12.56293, 5.34795, 0.60201, 4.44495, 8.34585, -3.08915]"
44,sub11,mae,1,sub11-b1__0004__turnaround.npy,19,turnaround,19,0.9984041,1,"[6.39298, -1.86719, 5.935, -4.55028, -0.65317, -5.84934, -3.30158, -5.72478, -2.56481, 2.59452, 1.68754, -1.15909, -2.07844, -7.21155, -0.06009, 0.9251, -12.22056, 0.41544, 3.01564, 13.39367, 3.3049, -4.28456]"
44,sub11,mae,1,sub11-b1__0005__walk.npy,20,walk,12,0.6690651,0,"[5.17304, -2.54524, 6.16521, -6.08008, -5.40749, -6.06231, -0.76896, -0.9661, 1.38715, 2.59791, -0.88326, 3.29207, 8.05682, -10.07295, -2.77483, -1.81127, -12.0572, -6.45454, 0.22358, 5.34535, 6.40393, 3.85651]"
44,sub11,mae,1,sub11-b1__0006__turnaround.npy,19,turnaround,19,0.9632076,1,"[4.41207, 0.97932, 7.742, -4.40423, -5.2, -5.44049, -0.0194, -1.52111, -2.09831, 0.02303, 5.31814, 0.30589, 3.21257, -6.63664, -0.17331, -5.53441, -12.7042, -0.04855, 0.89149, 11.20505, 5.20721, -5.29984]"
44,sub11,mae,1,sub11-b1__0007__walk.npy,20,walk,20,0.88991684,1,"[4.57806, 2.12354, 2.36076, -0.65738, -2.4532, -3.88872, 2.57619, 0.59292, -3.18243, -5.9545, 0.50325, -4.53505, -2.0245, -4.32615, 1.72506, -8.55747, -12.08062, 5.26227, 0.76857, 4.18524, 8.08174, -3.32204]"
44,sub11,mae,1,sub11-b1__0008__turnaround.npy,19,turnaround,19,0.9995254,1,"[5.90158, -1.32147, 6.35449, -4.45078, -1.19061, -5.1603, -3.55667, -5.82588, -2.55928, 1.81202, 2.53044, -1.54225, -2.72456, -7.07073, 1.05655, 0.65621, -12.39113, 1.57985, 3.23207, 14.56918, 2.61098, -6.02184]"
44,sub11,mae,1,sub11-b1__0009__walk.npy,20,walk,12,0.7713401,0,"[4.25764, -2.05096, 3.59429, -6.23792, -5.67619, -4.22109, 1.83852, 0.12798, 2.05584, 1.91772, -2.02424, 1.94444, 8.88769, -9.80041, -2.26953, -1.71419, -12.10921, -6.03977, -0.2329, 3.47408, 7.54668, 4.41626]"
44,sub11,mae,1,sub11-b1__0010__turnaround.npy,19,turnaround,19,0.97417295,1,"[3.80532, 0.46099, 7.01892, -4.26792, -4.87324, -4.48297, 0.73436, -1.56447, -2.76089, -0.40921, 4.7988, 0.26226, 2.54772, -6.69424, 1.27015, -5.46647, -12.24504, 1.19043, 0.55207, 10.98244, 5.51569, -5.84359]"
44,sub11,mae,1,sub11-b1__0011__walk.npy,20,walk,20,0.9429286,1,"[4.2134, 2.67662, 2.73189, -0.67564, -3.8193, -3.98665, 3.29743, 0.41769, -2.66459, -5.49103, 0.67392, -3.90991, -1.25706, -4.59723, 2.12555, -8.73344, -11.91151, 4.08204, 0.82711, 4.04978, 8.35107, -3.01696]"
44,sub11,mae,1,sub11-b1__0012__turnaround.npy,19,turnaround,19,0.99917597,1,"[5.95249, -0.96204, 6.18621, -4.10487, -1.47493, -5.38254, -3.71768, -6.04847, -2.75431, 2.03584, 3.21931, -1.23284, -2.2448, -6.41302, 0.62645, 0.32886, -11.96334, 0.02601, 3.39092, 13.95295, 2.05972, -5.66563]"
44,sub11,mae,1,sub11-b1__0013__walk.npy,20,walk,12,0.4985111,0,"[5.53991, -0.40096, 2.39901, -6.18072, -4.31489, -4.63615, 2.44925, -0.78956, 0.88994, 2.68817, 0.55529, -0.38884, 7.64706, -8.29713, -2.77926, -2.39676, -12.84309, -5.74648, -1.1836, 3.23523, 7.47479, 3.00195]"
44,sub11,mae,1,sub11-b1__0014__turnaround.npy,19,turnaround,19,0.98428303,1,"[3.79867, 0.61507, 6.94128, -3.92449, -4.23656, -4.20462, 0.3102, -1.97246, -3.28213, -0.68931, 4.7577, -0.16727, 1.58132, -6.04392, 1.47962, -5.13076, -11.84447, 1.85798, 0.36422, 11.33564, 4.78964, -6.47367]"
44,sub11,mae,1,sub11-b1__0015__walk.npy,20,walk,20,0.9493523,1,"[4.41014, 2.93006, 3.13477, -0.9294, -4.17542, -4.44251, 3.04794, 0.02839, -2.16833, -4.99324, 0.72979, -3.78693, -0.76294, -4.5968, 1.81987, -8.45715, -12.05504, 2.98084, 1.04896, 4.23019, 8.43922, -2.68679]"
44,sub11,mae,1,sub11-b1__0016__turnaround.npy,19,turnaround,19,0.9966804,1,"[5.99243, -1.05195, 6.915, -4.15669, -2.60512, -6.06843, -3.13891, -6.10158, -3.26325, 2.37977, 4.22646, 0.24674, -0.20294, -6.13345, 0.2958, -0.98637, -11.72739, -2.8155, 2.86756, 13.03133, 2.44496, -4.81892]"
44,sub11,mae,1,sub11-b1__0017__walk.npy,20,walk,12,0.67580396,0,"[4.96274, 0.27174, 3.28482, -6.47507, -5.35902, -4.35734, 3.25565, -0.83608, 0.51822, 3.17862, 2.14753, 0.34312, 8.27954, -7.98663, -1.81273, -3.84137, -12.35736, -5.65388, -0.75269, 3.67633, 7.38734, 0.95661]"
44,sub11,mae,1,sub11-b1__0018__turnaround.npy,19,turnaround,19,0.98163867,1,"[2.75284, -0.55147, 6.56712, -3.9153, -4.88622, -3.21596, 0.87783, -1.2725, -3.18161, -1.01476, 3.38873, 0.35368, 2.01731, -6.45181, 2.37315, -4.874, -11.61824, 2.00619, 0.93562, 10.90953, 5.45114, -5.95467]"
44,sub11,mae,1,sub11-b1__0019__walk.npy,20,walk,20,0.9649446,1,"[4.3953, 2.90481, 3.40817, -1.39079, -5.50424, -4.92708, 3.70976, -0.33189, -1.95453, -4.30456, 1.35355, -2.9954, 0.48062, -4.915, 2.1408, -8.46095, -12.47548, 1.08965, 1.11932, 4.28354, 8.89189, -2.22029]"
44,sub11,mae,1,sub11-b1__0020__turnaround.npy,19,turnaround,19,0.99885833,1,"[5.17511, -0.76948, 6.30877, -3.72991, -2.56726, -5.32142, -3.33738, -5.68142, -2.78469, 1.65221, 3.99298, -0.56907, -0.98265, -5.88214, 0.95932, -0.94618, -11.46854, -1.46236, 3.7847, 13.51246, 2.27253, -5.39636]"
44,sub11,mae,1,sub11-b1__0022__hop.npy,9,hop,9,0.8796431,1,"[1.48904, 4.20517, -2.07811, -2.40812, 11.21991, -2.32138, 0.68049, -11.42937, -4.41459, 13.21258, 2.9421, -2.93621, -6.61516, 1.8523, 4.57959, 3.4614, 3.71568, -1.29736, -4.8348, -2.63455, -7.55213, -7.91217]"
44,sub11,mae,1,sub11-b1__0023__hop.npy,9,hop,9,0.81028026,1,"[0.94077, 4.64179, -2.0882, -1.8842, 11.30287, -1.99993, 0.53087, -11.22791, -3.93412, 12.75883, 1.51791, -2.65049, -7.19561, 1.75086, 4.46753, 3.94556, 4.34446, -0.75292, -4.76527, -2.99376, -7.79697, -7.57655]"
44,sub11,mae,1,sub11-b1__0024__hop.npy,9,hop,9,0.93093234,1,"[4.02438, 5.17152, -0.32858, -3.09414, 10.04778, -4.28658, 0.37938, -11.16916, -3.81385, 12.67573, 5.92198, -3.91908, -5.9352, 1.04488, 1.71606, 2.43225, -0.1661, -1.33193, -5.29473, -1.06911, -6.69652, -7.18311]"
44,sub11,mae,1,sub11-b1__0025__hop.npy,9,hop,9,0.924085,1,"[2.32432, 5.54155, -0.93452, -1.91109, 8.63556, -3.04364, 1.6636, -10.82359, -3.09495, 11.20075, 3.13614, -2.93349, -6.89231, 1.88567, 3.92467, 3.33453, 1.17315, 0.08399, -5.78624, -2.42359, -7.35453, -6.61319]"
44,sub11,mae,1,sub11-b1__0026__hop.npy,9,hop,9,0.88251305,1,"[1.49678, 4.88246, -0.97406, -2.23026, 8.94361, -2.50855, 1.25277, -10.67485, -2.41501, 11.00151, 1.48458, -2.10883, -7.18236, 1.39169, 4.6245, 4.0982, 2.40857, 0.46822, -5.34999, -2.88553, -7.86356, -6.57001]"
44,sub11,mae,1,sub11-b1__0027__jump.npy,10,jump,10,0.9982836,1,"[8.2095, 5.97116, 2.49981, -4.84874, 2.02871, -6.76974, 0.40057, -6.8575, -3.96497, 8.00724, 15.26079, -5.49611, 1.25989, -2.8728, -2.75911, -5.0398, -10.91076, -3.34934, -3.41986, 5.29115, 0.27838, -6.58896]"
44,sub11,mae,1,sub11-b1__0028__jump.npy,10,jump,10,0.99661463,1,"[9.44307, 5.40801, 4.2427, -5.42921, -0.51982, -7.03663, 1.34313, -7.01815, -3.1295, 6.36909, 15.22291, -4.10995, 1.86473, -4.64075, -2.25164, -4.87984, -13.3058, -2.46282, -4.01562, 5.90769, 0.59927, -6.20361]"
44,sub11,mae,1,sub11-b1__0029__jump.npy,10,jump,10,0.9988279,1,"[7.54742, 6.66337, 3.03562, -3.78653, 0.51354, -6.55695, 1.12137, -6.48105, -4.50836, 7.92703, 15.36643, -4.54416, 0.93474, -1.6053, -1.75554, -5.49471, -9.85238, -3.29703, -4.38465, 3.99868, -0.32026, -6.82178]"
44,sub11,mae,1,sub11-b1__0030__jump.npy,10,jump,10,0.9973393,1,"[9.16739, 4.6789, 4.40407, -5.36953, -0.8946, -6.82415, 1.81464, -6.95962, -3.61801, 5.86709, 15.21893, -3.74712, 2.01181, -5.4395, -1.54726, -4.93227, -13.6018, -2.15511, -3.90801, 6.57185, 1.32484, -6.30131]"
44,sub11,mae,1,sub11-b1__0032__runonspot.npy,13,runonspot,13,0.9993711,1,"[1.71213, 1.65587, -4.43744, 3.50894, 4.80105, -0.57978, -1.37826, 0.76757, -10.78735, 4.52216, 6.93231, -6.66552, -3.55529, 14.53093, -0.84732, -4.11634, -1.1854, -3.10839, -3.27846, -3.92673, -0.52784, -6.82936]"
44,sub11,mae,1,sub11-b1__0033__runonspot.npy,13,runonspot,13,0.9999628,1,"[-0.00759, 2.70725, -4.31939, 5.21603, 6.64818, 0.22746, -3.13687, 0.86865, -11.46072, 5.03176, 4.90134, -5.97205, -6.31049, 17.35492, -0.57614, -3.2132, 3.08433, -2.0127, -2.62698, -4.42989, -3.34346, -9.34595]"
44,sub11,mae,1,sub11-b1__0034__runonspot.npy,13,runonspot,13,0.9997801,1,"[0.59343, 1.52585, -3.35911, 3.07187, 7.55247, -1.08953, -3.89577, -0.628, -10.29911, 5.7123, 5.2498, -6.18431, -5.52448, 16.21936, -1.23145, -3.05802, 1.66128, -2.56777, -1.25724, -3.30057, -2.67348, -8.60294]"
44,sub11,mae,1,sub11-b1__0035__runonspot.npy,13,runonspot,13,0.9999664,1,"[0.52065, 1.85383, -2.6681, 4.52733, 3.94164, 0.4532, -3.30173, 0.92773, -10.46934, 2.62565, 5.13669, -4.63121, -5.58833, 16.14067, 0.08457, -3.4474, 0.44759, -0.91299, -1.88469, -3.12526, -2.65284, -9.13578]"
44,sub11,mae,1,sub11-b1__0036__runonspot.npy,13,runonspot,13,0.9998411,1,"[1.30182, 2.29031, -1.94847, 4.03943, 3.73961, 0.0175, -3.50133, 0.18662, -10.51865, 3.13956, 6.89002, -4.58451, -5.178, 15.76982, -0.28356, -3.7929, -0.03274, -1.40637, -2.35928, -2.60396, -2.80664, -9.48761]"
44,sub11,mae,1,sub11-b1__0038__buttkicks.npy,4,buttkicks,4,0.9835149,1,"[1.16951, 0.85434, -3.14582, -2.15976, 16.68306, -2.28544, -1.58291, -9.37804, -5.8871, 12.59406, -0.22196, -5.67248, -7.33787, 2.85506, 0.92865, 3.95737, 2.78072, -0.11052, -1.72785, -1.32816, -4.0292, -6.97956]"
44,sub11,mae,1,sub11-b1__0039__buttkicks.npy,4,buttkicks,4,0.943817,1,"[0.86095, 1.8571, -3.34134, -1.84044, 15.70922, -1.8556, -1.42017, -9.47013, -6.21461, 12.88763, 0.67843, -4.99899, -7.31123, 3.05149, 1.93389, 3.39653, 3.62449, -0.26032, -2.24894, -1.48084, -4.75885, -7.62551]"
44,sub11,mae,1,sub11-b1__0040__buttkicks.npy,4,buttkicks,4,0.9848786,1,"[0.35497, 1.07593, -3.87636, -1.40332, 17.55907, -2.04107, -2.033, -8.82119, -6.63616, 13.38237, -0.32597, -6.01676, -7.54902, 4.01708, 0.62602, 3.42037, 4.57163, -0.85296, -1.60335, -1.96666, -4.10006, -6.96245]"
44,sub11,mae,1,sub11-b1__0041__buttkicks.npy,4,buttkicks,4,0.9613892,1,"[1.05325, 1.73339, -3.96895, -1.85562, 17.27423, -2.27918, -1.57504, -9.63243, -6.71436, 14.05927, 1.11151, -5.92975, -7.31099, 3.69182, 0.92862, 3.62165, 3.97008, -1.02608, -2.00561, -1.58603, -4.803, -7.74006]"
44,sub11,mae,1,sub11-b1__0042__airkick.npy,0,airkick,13,0.9962315,0,"[1.70589, 2.70872, -0.22768, 2.92183, 3.10692, -0.63811, -2.1865, -1.96593, -8.80954, 3.4051, 4.17107, -2.02127, -6.66325, 10.69189, 1.49795, -1.98722, -0.95406, 1.07219, -3.15673, -0.98077, -3.23099, -8.57637]"
44,sub11,mae,1,sub11-b1__0043__airkick.npy,0,airkick,10,0.61616725,0,"[4.9644, 5.62338, 4.09626, -1.99608, 1.82087, -5.58141, -1.26585, -6.23346, -4.426, 4.85742, 6.95014, -1.79375, -4.30742, 3.28931, -1.06325, -2.99626, -5.89744, -0.24628, -2.78156, 1.81346, -2.75051, -7.00072]"
44,sub11,mae,1,sub11-b1__0044__airkick.npy,0,airkick,10,0.59616673,0,"[5.01546, 7.04882, 3.11391, -1.79511, 1.873, -3.60976, 0.10252, -6.77405, -6.11989, 5.50216, 7.75877, -1.47054, -3.92635, -0.1171, -0.15167, -2.22385, -5.94543, -0.63987, -3.77294, 1.78156, -2.58001, -8.1949]"
44,sub11,mae,1,sub11-b1__0045__airkick.npy,0,airkick,10,0.7208875,0,"[6.48033, 6.23871, 4.13217, -2.7671, 0.76978, -4.63075, -0.23955, -6.14046, -5.26783, 4.38285, 8.14692, -1.33889, -3.00205, -1.25091, -1.79988, -2.39484, -8.30276, -0.25325, -3.18831, 3.222, -1.23883, -7.25565]"
44,sub11,mae,1,sub11-b1__0046__airkick.npy,0,airkick,10,0.50532013,0,"[5.59434, 6.59987, 3.3771, -2.41991, 1.89529, -4.05845, -0.04084, -6.6045, -5.00343, 5.22214, 7.14584, -1.69181, -3.67443, -1.37861, -0.93236, -1.74188, -6.85578, 0.12569, -3.46599, 2.60382, -1.93545, -7.24249]"
44,sub11,mae,1,sub11-b1__0047__sidekick.npy,14,sidekick,10,0.638445,0,"[8.16846, 6.33532, 6.67144, -5.40212, -4.87558, -5.76421, 5.56067, -10.4615, -2.02801, 7.3177, 9.38763, 3.4074, 0.93141, -4.71258, 4.37191, -2.09573, -9.01179, -3.08502, -8.02039, -0.02309, -4.29599, -5.56668]"
44,sub11,mae,1,sub11-b1__0048__sidekick.npy,14,sidekick,10,0.5630957,0,"[6.64874, 6.12407, 7.15955, -4.3108, -5.7867, -4.21991, 5.79976, -10.26285, -2.97998, 7.02731, 8.6904, 5.27155, 0.75826, -4.34358, 6.09444, -2.16266, -7.32534, -2.90436, -8.22494, -0.58119, -4.63617, -6.61864]"
44,sub11,mae,1,sub11-b1__0049__sidekick.npy,14,sidekick,10,0.74226207,0,"[9.43572, 5.42975, 7.965, -5.38252, -6.03915, -5.89543, 5.28881, -9.5716, -3.24456, 7.30557, 10.82498, 4.38401, 2.71573, -5.66262, 3.40803, -3.18352, -10.6579, -3.74474, -8.39419, 1.6736, -2.5625, -5.89714]"
44,sub11,mae,1,sub11-b1__0051__sidekick.npy,14,sidekick,10,0.93354356,0,"[7.97584, 6.13618, 6.5633, -5.95503, -6.35268, -5.68258, 6.00968, -9.58012, -1.84989, 7.90321, 11.54434, 3.0307, 3.60781, -5.6085, 4.51998, -4.08743, -10.01452, -4.68772, -7.50308, 0.7869, -2.70304, -5.71139]"
44,sub11,mae,1,sub11-b1__0052__crosstoe.npy,6,crosstoe,6,0.9983758,1,"[3.7586, 4.25741, -0.66033, -5.18392, -9.61316, -4.31574, 12.75326, -1.95656, 1.27691, 2.16254, 1.69467, 3.74962, 5.89411, -4.33932, 2.92684, -1.21318, -11.02476, -4.15395, -3.6086, -3.11761, 1.05118, 1.13356]"
44,sub11,mae,1,sub11-b1__0053__crosstoe.npy,6,crosstoe,6,0.7361024,1,"[3.07305, 1.28766, 1.9835, -7.46704, -8.61661, -5.77041, 7.96682, -0.93413, 3.67317, 0.33952, -1.77151, 6.65035, 5.12854, -6.61874, 0.40042, 1.18461, -10.26717, -3.1057, 2.04716, -0.6024, 0.26297, 1.32006]"
44,sub11,mae,1,sub11-b1__0054__crosstoe.npy,6,crosstoe,6,0.9971553,1,"[5.40438, 4.12921, -0.12817, -5.83839, -8.22006, -4.46989, 11.82631, -3.6163, 1.05634, 2.62303, 1.3616, 3.19394, 3.8299, -4.62716, 2.09312, 1.17272, -12.10471, -2.56792, -4.16471, -1.93793, 0.24984, -0.01113]"
44,sub11,mae,1,sub11-b1__0055__crosstoe.npy,6,crosstoe,6,0.9414952,1,"[4.66155, 1.16241, 1.12701, -7.35988, -8.59867, -4.43949, 9.19848, -2.17632, 2.50317, 2.18505, 0.12225, 5.05119, 5.69781, -6.96478, 2.30393, 1.90581, -11.81805, -3.09651, -2.7437, -1.38733, 0.8913, 1.73508]"
44,sub11,mae,1,sub11-b1__0056__crosstoe.npy,6,crosstoe,6,0.9702757,1,"[4.69161, 1.40539, -0.03979, -6.84147, -8.52866, -3.8261, 9.72774, -1.99588, 2.05139, 2.4853, 0.40858, 4.14546, 5.65799, -6.60469, 2.37279, 1.71086, -11.49253, -3.14905, -3.1715, -2.18891, 1.31873, 2.14224]"
44,sub11,mae,1,sub11-b1__0058__throw.npy,18,throw,18,0.99974734,1,"[-3.11697, -0.85479, -2.0836, -0.07044, -1.04228, -1.97798, 0.06067, 0.32795, 0.24007, -1.95876, -2.29214, -0.81615, -0.82703, 4.01007, -1.17829, -0.45026, -2.87457, -0.94238, 12.43972, -1.77614, -1.30462, -4.73439]"
44,sub11,mae,1,sub11-b1__0059__throw.npy,18,throw,3,0.5019624,0,"[0.11879, 3.62433, -6.33969, 5.46794, -1.94248, 3.34708, 2.58766, 3.93264, -4.42599, 0.05495, 4.33171, -3.15427, -0.90357, 3.11293, -0.8613, -2.46402, -3.90041, 0.30482, -0.16983, -3.16011, -0.36993, -3.01972]"
44,sub11,mae,1,sub11-b1__0060__throw.npy,18,throw,18,0.54249334,1,"[-0.75099, 1.95517, 1.55391, -4.26159, -2.59726, -8.03736, 1.14793, -2.50211, 8.66852, -2.34254, -4.1188, -0.73833, 0.66391, 0.4196, -4.38909, 0.82757, -5.70892, -0.48484, 8.84554, -2.61364, -2.13128, 2.7702]"
44,sub11,mae,1,sub11-b1__0061__throw.npy,18,throw,18,0.93769664,1,"[-1.36856, -1.57942, -3.81503, 2.74307, -1.47435, 1.81834, 1.05089, 2.23928, -3.97569, -0.56867, 0.07357, 0.84065, -1.52971, 2.11334, -0.25444, 0.54177, -3.05498, 0.25747, 6.65016, -2.46134, -1.21681, -4.48158]"
44,sub11,mae,1,sub11-b1__0062__throw.npy,18,throw,18,0.49523598,1,"[-0.85747, 1.71104, -3.55406, 2.5918, -2.34774, -0.44182, 2.04286, 2.62272, -0.01916, -1.66045, -0.2482, -0.22014, -1.34707, 1.70544, -1.6179, 0.36011, -3.70942, 1.29563, 4.00342, -3.38548, -1.9747, -1.2943]"
44,sub11,mae,1,sub11-b1__0063__throw.npy,18,throw,18,0.70652384,1,"[-0.14122, 0.42725, 2.50397, -4.67481, -2.54318, -8.26882, 0.2252, -2.7786, 8.07611, -1.96646, -4.63946, -0.953, 1.20535, -0.01587, -4.44532, 0.40685, -6.19034, -0.81057, 8.96804, -1.35649, -0.74812, 2.98207]"
44,sub11,mae,1,sub11-b1__0064__walk.npy,20,walk,20,0.44179118,1,"[5.15955, 1.99868, 0.59724, -5.9999, -3.17638, -3.86058, 4.88754, -1.34686, -1.44815, 4.21043, 3.85369, -1.72789, 5.78224, -5.37165, -1.45062, -3.96035, -11.47575, -4.19392, -0.91904, 2.46978, 6.41037, -1.66991]"
44,sub11,mae,1,sub11-b1__0065__turnaround.npy,19,turnaround,19,0.9978023,1,"[3.32844, -0.43203, 5.52813, -3.99326, -3.61997, -2.72912, -0.26657, -2.1067, -3.65781, -1.70616, 4.35169, -1.15038, 0.45504, -6.02689, 2.84009, -4.06032, -11.74549, 3.81042, 1.00346, 12.30589, 4.107, -6.97315]"
44,sub11,mae,1,sub11-b1__0066__walk.npy,20,walk,20,0.7938282,1,"[5.1268, 4.37514, 3.82548, -2.71089, -7.48587, -6.15905, 4.38376, -2.10744, -0.9737, -2.06446, 4.65927, -2.12416, 2.75426, -4.9081, 2.60912, -8.5027, -12.91944, -2.6, 0.75734, 3.8568, 7.67465, -2.64943]"
44,sub11,mae,1,sub11-b1__0067__turnaround.npy,19,turnaround,19,0.9968541,1,"[4.7472, -0.78317, 5.70188, -3.70798, -1.27822, -5.14159, -3.45106, -6.32207, -5.7217, 4.39741, 5.9826, 0.21169, 0.38369, -4.63928, 0.88348, -1.65157, -9.57159, -4.37729, 2.83399, 12.58172, 1.21619, -7.09989]"
44,sub11,mae,1,sub11-b1__0068__walk.npy,20,walk,20,0.5737736,1,"[4.47006, 0.78397, 0.07198, -6.09128, -4.20743, -3.2319, 5.97174, -0.48933, -0.64493, 2.77472, 1.02755, -0.86813, 6.86919, -5.97196, -1.24202, -3.35876, -11.62499, -4.43229, -0.67922, 1.67253, 7.59225, 0.26755]"
44,sub11,mae,1,sub11-b1__0069__turnaround.npy,19,turnaround,19,0.99795145,1,"[3.54677, -0.06979, 5.2095, -3.98195, -3.37022, -2.92725, -0.29787, -2.45423, -4.70091, -1.36497, 5.78915, -1.74696, 0.63138, -4.84153, 2.52451, -4.40608, -12.02082, 2.30413, 1.19247, 12.60137, 3.56024, -7.82608]"
44,sub11,mae,1,sub11-b1__0070__walk.npy,20,walk,20,0.9089462,1,"[4.23842, 3.52319, 3.23181, -2.42464, -8.48341, -5.17875, 5.74796, -1.07611, -0.8169, -2.68532, 2.22126, -1.62679, 3.21413, -4.93473, 2.83622, -8.10504, -12.59066, -3.01274, 0.93042, 2.4963, 8.53405, -1.19668]"
44,sub11,mae,1,sub11-b1__0071__turnaround.npy,19,turnaround,19,0.9984138,1,"[4.54877, -0.63339, 6.4328, -3.74323, -2.04761, -5.46817, -3.60742, -5.88483, -4.06534, 2.79219, 4.49593, 0.23341, 0.01706, -5.33006, 0.76363, -1.40549, -10.43051, -3.15671, 3.64298, 13.21483, 1.64241, -6.46126]"
44,sub11,mae,1,sub11-b1__0072__walk.npy,20,walk,20,0.55794907,1,"[4.19131, 1.32413, 0.81833, -5.76915, -4.15625, -3.36174, 5.19756, -0.86873, -1.47245, 3.39513, 2.93019, -0.85655, 6.56854, -5.68774, -0.82925, -4.34464, -11.12164, -4.48703, -0.37044, 2.28672, 7.1665, -1.29934]"
44,sub11,mae,1,sub11-b1__0073__turnaround.npy,19,turnaround,19,0.99807006,1,"[3.85285, 0.02101, 5.42547, -3.79691, -3.26279, -3.0049, -0.57121, -2.72559, -4.5931, -1.82572, 5.56844, -1.88149, -0.03939, -5.08399, 2.57723, -4.15288, -12.13957, 2.8381, 0.87564, 12.64328, 3.2896, -7.70192]"
44,sub11,mae,1,sub11-b1__0075__turnaround.npy,19,turnaround,19,0.9961898,1,"[5.06095, -0.00969, 6.56008, -3.97745, -1.53975, -5.5953, -3.7997, -6.42032, -4.82701, 3.96058, 5.5674, 0.38207, 0.32661, -4.95395, 0.34758, -1.60527, -9.97943, -4.00916, 2.87171, 12.65945, 0.71304, -7.29923]"
44,sub11,mae,1,sub11-b1__0076__walk.npy,20,walk,20,0.6555929,1,"[4.24522, 0.50244, -0.20373, -5.71363, -4.16804, -2.7853, 6.14822, -0.2364, -1.24632, 2.62769, 0.7297, -0.8862, 6.68353, -5.68612, -0.94102, -3.48293, -11.30134, -4.36517, -0.83119, 1.34674, 7.86111, 0.37973]"
44,sub11,mae,1,sub11-b1__0077__turnaround.npy,19,turnaround,19,0.9979881,1,"[3.80377, -0.13916, 5.28044, -3.74493, -3.0259, -2.84887, -0.55687, -2.58352, -4.40412, -2.08857, 5.23962, -2.03539, -0.19178, -5.28838, 2.65385, -4.23311, -12.19615, 3.5622, 0.89111, 12.45241, 3.44188, -7.59113]"
44,sub11,mae,1,sub11-b1__0078__walk.npy,20,walk,20,0.93536335,1,"[5.05185, 3.03059, 3.78213, -3.1861, -7.87629, -6.0634, 5.22764, -2.00066, -0.07664, -2.2676, 2.3648, -1.79033, 3.28073, -5.61198, 2.33466, -7.43582, -13.37562, -2.85812, 0.79572, 3.31641, 8.8598, -0.44421]"
44,sub11,mae,1,sub11-b1__0079__turnaround.npy,19,turnaround,19,0.99831545,1,"[4.45204, 0.23212, 6.21286, -4.41331, -0.6892, -4.70149, -3.81763, -6.7876, -5.47755, 4.18157, 6.50855, -0.17147, 0.10187, -4.73007, 1.01666, -1.63506, -9.83825, -3.05733, 3.11839, 13.59356, -0.11318, -9.33536]"
44,sub11,mae,1,sub11-b1__0080__walk.npy,20,walk,20,0.6666422,1,"[4.30048, 1.35426, 0.57772, -5.53881, -3.86769, -3.28976, 5.3037, -0.92321, -2.05748, 3.15221, 3.22573, -1.43991, 6.04906, -5.1448, -0.66095, -4.59619, -11.33863, -4.07702, -0.40221, 2.52706, 7.33615, -1.71488]"
44,sub11,mae,1,sub11-b1__0081__turnaround.npy,19,turnaround,19,0.99747413,1,"[4.13111, 0.03632, 5.12903, -3.69855, -3.10959, -2.91961, -0.28888, -2.72775, -4.82366, -2.04685, 6.06815, -2.41205, -0.09161, -5.15562, 2.6014, -4.54584, -12.68188, 3.18754, 0.85112, 12.58455, 3.5054, -7.85119]"
44,sub11,mae,1,sub11-b1__0082__walk.npy,20,walk,20,0.8379928,1,"[5.82207, 4.01309, 3.78053, -2.84479, -7.10819, -6.76424, 3.69433, -2.43034, -0.80634, -1.62568, 4.75383, -2.51687, 2.96737, -4.94365, 1.67348, -7.90878, -13.46593, -3.32985, 0.59506, 4.4419, 8.20262, -1.44829]"
44,sub11,mae,1,sub11-b1__0083__turnaround.npy,19,turnaround,19,0.99733716,1,"[4.68861, -0.45396, 5.87119, -3.51198, -0.88866, -5.03858, -3.84194, -6.27979, -5.99899, 4.04342, 6.41734, -0.14739, 0.26635, -4.51621, 0.73693, -1.85535, -9.72906, -3.51432, 2.41514, 12.97521, 1.01309, -7.65099]"
44,sub11,mae,1,sub11-b1__0084__hop.npy,9,hop,4,0.60357696,0,"[0.66869, 3.27566, -1.18307, -1.6731, 8.20984, -1.62676, 1.56131, -9.0435, -2.99844, 7.63087, -0.34052, -2.3748, -7.7731, 2.30205, 5.52853, 3.59232, 0.75293, 2.94809, -3.81518, -2.19006, -6.20268, -6.61449]"
44,sub11,mae,1,sub11-b1__0085__hop.npy,9,hop,9,0.446868,1,"[4.93093, 4.91308, 0.27892, -2.29475, 6.17531, -4.25234, 0.10391, -6.23377, -4.58167, 7.80468, 7.72293, -5.78542, -3.34582, 2.26377, -1.49341, -2.0984, -4.97341, 0.52355, -2.95846, 1.76073, -1.87262, -6.37788]"
44,sub11,mae,1,sub11-b1__0086__hop.npy,9,hop,9,0.50838906,1,"[1.31508, 0.25863, 0.10057, -2.31326, 5.89232, -1.6671, -2.09829, -1.68457, -2.67125, 6.05179, 0.4953, -5.40544, -1.59233, 1.19786, -2.86789, -2.67122, -3.21645, 0.89435, 2.32347, 2.48451, 2.4684, -3.38146]"
44,sub11,mae,1,sub11-b1__0087__hop.npy,9,hop,9,0.69450927,1,"[0.8052, 0.45403, -0.18442, -2.38729, 5.91065, -1.52625, -1.59315, -1.87663, -2.98389, 6.8567, 1.01052, -5.32116, -1.04589, 1.47236, -2.36608, -3.03334, -2.6135, 0.42338, 2.4258, 2.40367, 2.49045, -3.84248]"
44,sub11,mae,1,sub11-b1__0088__hop.npy,9,hop,9,0.70726424,1,"[0.32134, 0.48837, 0.33866, -1.8369, 6.16777, -1.30289, -2.03924, -1.94042, -2.69373, 7.12092, -0.16164, -4.67254, -1.68297, 2.15885, -2.1595, -2.46755, -0.83456, 0.56348, 1.99761, 1.6828, 1.62022, -3.71587]"
44,sub11,mae,1,sub11-b1__0089__hop.npy,9,hop,9,0.55719686,1,"[0.50656, -0.42208, 0.04716, -2.30208, 5.76271, -0.80987, -2.14087, -1.39937, -2.72218, 6.13556, -0.40881, -4.8601, -1.16635, 0.84089, -2.23556, -2.51961, -1.98627, 0.92685, 2.68019, 2.20114, 2.69366, -3.32578]"
44,sub11,mae,1,sub11-b1__0090__hop.npy,9,hop,9,0.72299457,1,"[-0.50209, -0.3607, -0.43003, -1.84161, 6.97306, -0.44889, -2.43188, -1.31785, -3.18017, 7.97261, -0.79245, -4.5548, -1.24055, 1.80632, -2.40069, -2.33892, 0.38015, -0.15946, 2.89116, 1.38055, 2.22637, -3.55352]"
44,sub11,mae,1,sub11-b1__0091__jump.npy,10,jump,10,0.90653557,1,"[9.2717, 3.61702, 4.237, -5.12993, -1.50274, -6.02243, 2.41798, -5.72105, -2.9955, 2.86089, 11.6264, -3.62333, 1.09502, -5.20929, -1.56773, -4.05039, -14.5426, 0.98218, -3.38906, 6.64223, 2.06913, -5.67195]"
44,sub11,mae,1,sub11-b1__0092__jump.npy,10,jump,10,0.86244,1,"[8.21087, 3.56816, 3.61685, -5.0548, -0.65175, -5.59512, 2.54232, -5.51152, -2.95113, 4.1629, 10.21305, -3.80398, 1.23463, -4.27369, -1.1767, -4.13344, -12.93462, 0.62922, -2.97248, 6.21831, 2.18543, -5.62426]"
44,sub11,mae,1,sub11-b1__0093__jump.npy,10,jump,10,0.8455719,1,"[8.65515, 3.3216, 4.12152, -5.07998, -1.49554, -5.80769, 2.70918, -5.45765, -3.10623, 3.31502, 10.47029, -3.33919, 1.15653, -4.44556, -1.03465, -4.20105, -13.8016, 0.87492, -3.23276, 6.31217, 2.21032, -5.62082]"
44,sub11,mae,1,sub11-b1__0094__jump.npy,10,jump,10,0.9533085,1,"[8.21989, 3.45314, 4.32898, -4.57769, -1.21006, -5.98813, 2.25678, -5.46607, -3.092, 3.02217, 11.42622, -3.63881, 1.00065, -4.36431, -1.26413, -4.76354, -13.53359, 1.06135, -2.91779, 6.43593, 2.2144, -5.6929]"
44,sub11,mae,1,sub11-b1__0095__jump.npy,10,jump,10,0.9168529,1,"[8.67114, 3.19781, 4.37904, -4.84263, -1.70462, -6.20136, 2.38113, -5.33009, -2.98734, 2.94557, 11.23596, -3.348, 1.22603, -4.76605, -1.32065, -4.59002, -14.13896, 1.07162, -2.95299, 6.7919, 2.40035, -5.47923]"
44,sub11,mae,1,sub11-b1__0096__runonspot.npy,13,runonspot,13,0.97441304,1,"[0.99947, -1.18458, -1.71235, 1.62625, 6.38497, -0.21603, -2.74328, -1.21879, -8.42593, 4.03521, 2.48078, -4.78234, -5.80891, 10.17104, 0.32338, -1.76629, -1.94011, 2.34416, 0.3609, 0.32225, -0.6761, -7.87359]"
44,sub11,mae,1,sub11-b1__0098__runonspot.npy,13,runonspot,13,0.9994802,1,"[0.91428, -0.34213, -2.68431, 3.49338, 4.98141, 1.19184, -2.63955, 0.33721, -11.38478, 3.56735, 4.92165, -4.17739, -5.20715, 13.45833, 0.51854, -2.95741, -0.91492, 0.24562, -0.66331, -1.20728, -1.04091, -9.60962]"
44,sub11,mae,1,sub11-b1__0099__runonspot.npy,13,runonspot,13,0.99937207,1,"[0.91988, -0.46294, -1.37078, 2.73301, 4.77214, 0.40641, -2.96322, -0.83381, -9.68142, 3.45638, 3.5923, -3.44459, -5.93797, 12.74394, 1.10243, -2.07169, -1.00458, 1.26929, -0.58999, -0.90536, -1.7389, -9.05591]"
44,sub11,mae,1,sub11-b1__0100__runonspot.npy,13,runonspot,13,0.99922025,1,"[1.33929, 0.02552, -2.08489, 2.81047, 4.69653, -0.23702, -2.28348, -0.16364, -10.31135, 3.87107, 5.06261, -4.35694, -4.91676, 12.99337, 0.34138, -3.00153, -1.54931, 0.26506, -1.24621, -1.00882, -1.03126, -8.75307]"
44,sub11,mae,1,sub11-b1__0101__buttkicks.npy,4,buttkicks,4,0.99021953,1,"[1.18319, 0.61627, -1.46379, -2.30828, 12.7916, -2.38496, -1.12819, -7.17722, -3.55257, 8.16157, -1.49793, -5.87659, -6.72498, 1.63125, 0.64041, 2.31416, -0.31624, 2.93117, -0.92391, -0.24363, -2.20772, -4.9579]"
44,sub11,mae,1,sub11-b1__0102__buttkicks.npy,4,buttkicks,4,0.97052157,1,"[1.65734, 1.07962, -0.99732, -2.14968, 12.20405, -2.49006, -0.0344, -8.44756, -3.87726, 8.70214, -1.09975, -4.5926, -6.52776, 0.90502, 1.74747, 2.66605, -0.67098, 2.50237, -1.92034, 0.05348, -2.40026, -5.36658]"
44,sub11,mae,1,sub11-b1__0103__buttkicks.npy,4,buttkicks,4,0.9721733,1,"[1.34515, 1.67419, -1.77808, -2.0224, 13.09558, -2.24135, -0.64007, -8.11017, -4.29677, 9.53923, -0.64296, -5.02611, -6.61937, 1.26573, 1.19375, 2.53316, 0.43008, 1.85636, -1.79867, -0.29106, -2.66073, -5.60929]"
44,sub11,mae,1,sub11-b1__0104__buttkicks.npy,4,buttkicks,4,0.9669329,1,"[1.4426, 1.60939, -1.11074, -2.09033, 13.96703, -2.38223, -2.45053, -8.02056, -5.19109, 10.59036, 1.28255, -6.01681, -6.10455, 2.79023, -0.06454, 1.22175, 0.93961, 1.049, -0.62683, 1.10368, -2.82387, -7.1307]"
44,sub11,mae,1,sub11-b1__0105__buttkicks.npy,4,buttkicks,4,0.9567139,1,"[1.6441, 1.89477, -1.49977, -1.64955, 12.95317, -2.25676, -0.08066, -8.98592, -5.09918, 9.85449, 0.02642, -4.42842, -6.89522, 2.21946, 2.16896, 2.74155, 0.62131, 1.94431, -2.67535, -0.54656, -3.55258, -6.6483]"
44,sub11,mae,1,sub11-b1__0106__airkick.npy,0,airkick,10,0.38541412,0,"[4.56278, 5.1445, 1.83867, -2.9151, 2.27887, -4.26264, 0.27951, -3.70028, -4.35252, 4.39545, 5.53711, -2.89909, -2.14481, -1.00516, -2.49552, -2.92034, -7.30202, 0.31896, -0.69734, 3.5156, 1.04976, -6.26365]"
44,sub11,mae,1,sub11-b1__0107__airkick.npy,0,airkick,10,0.6475186,0,"[5.1324, 5.19987, 2.44688, -2.55947, 0.53894, -4.2016, 0.90492, -4.03708, -5.16116, 3.51243, 6.72996, -2.07019, -1.80949, -1.61353, -1.51969, -3.40873, -8.51573, 0.21615, -1.57292, 3.92151, 1.08805, -6.64157]"
44,sub11,mae,1,sub11-b1__0108__airkick.npy,0,airkick,9,0.33601958,0,"[4.83649, 4.7543, 1.67126, -2.04648, 4.10263, -3.25318, 0.58784, -6.06227, -4.92913, 5.27136, 3.79582, -2.88135, -4.7484, -1.17103, -0.13886, 0.4177, -6.30488, 2.45152, -3.57725, 2.74357, -1.11118, -6.40156]"
44,sub11,mae,1,sub11-b1__0109__airkick.npy,0,airkick,0,0.33307812,1,"[5.32072, 4.96054, 2.00879, -2.54088, 2.65288, -3.65413, 0.89394, -5.83712, -4.80529, 4.66601, 4.65536, -2.35285, -3.93416, -1.89894, -0.32263, -0.44138, -7.3933, 1.89978, -3.07729, 3.10789, -0.70229, -6.47354]"
44,sub11,mae,1,sub11-b1__0110__airkick.npy,0,airkick,1,0.3125907,0,"[4.70846, 4.93369, 2.79669, -2.50412, 1.82103, -3.65218, 0.34513, -4.96243, -4.45754, 3.79296, 4.38138, -1.75771, -3.47106, -2.15355, -0.93582, -1.23785, -7.41663, 1.88556, -1.90397, 3.61904, 0.06034, -6.4882]"
44,sub11,mae,1,sub11-b1__0111__sidekick.npy,14,sidekick,10,0.86448437,0,"[6.53705, 5.67135, 5.11667, -2.75056, -2.78824, -4.81052, 4.39478, -8.50547, -6.06662, 7.04966, 9.65583, 2.23579, -1.62266, 0.34725, 4.00247, -2.68727, -6.26838, -2.59214, -7.06804, -0.74282, -3.99359, -7.37177]"
44,sub11,mae,1,sub11-b1__0112__sidekick.npy,14,sidekick,10,0.86601675,0,"[5.45968, 6.2153, 4.08618, -3.30185, -3.13179, -3.66441, 5.65787, -9.47383, -6.06125, 7.16479, 9.84475, 2.44617, -1.33421, -1.4856, 6.27359, -2.55214, -5.88615, -2.43263, -6.87807, -0.66787, -4.13812, -8.30983]"
44,sub11,mae,1,sub11-b1__0113__sidekick.npy,14,sidekick,9,0.48592097,0,"[3.46243, 5.45419, 2.36155, -2.25564, 0.02382, -2.23594, 4.97109, -9.11592, -5.95841, 7.65473, 6.21806, 2.16158, -3.1732, -1.21221, 7.16899, -0.47774, -3.19394, -0.16993, -6.50458, -0.82799, -4.53756, -8.10633]"
44,sub11,mae,1,sub11-b1__0114__sidekick.npy,14,sidekick,10,0.9623857,0,"[7.00478, 6.65052, 5.98731, -3.68461, -5.55565, -4.77588, 5.72978, -7.68507, -5.01193, 5.62251, 11.22188, 2.78593, 1.07536, -3.41179, 3.72425, -4.47143, -9.05404, -2.93179, -6.78583, 1.00596, -2.11881, -7.18316]"
44,sub11,mae,1,sub11-b1__0115__sidekick.npy,14,sidekick,10,0.95397484,0,"[5.68788, 6.46303, 5.23091, -3.28048, -4.35821, -4.10777, 5.37998, -7.59044, -5.57462, 5.85756, 10.51338, 2.5111, 0.38302, -2.91082, 4.23622, -4.34673, -7.72249, -2.59523, -5.96579, 0.82775, -2.20148, -7.75748]"
44,sub11,mae,1,sub11-b1__0116__sidekick.npy,14,sidekick,10,0.49290034,0,"[4.34271, 5.55586, 4.22951, -2.70692, -2.15673, -2.88584, 5.03398, -8.60049, -5.73987, 6.84665, 7.62982, 3.02234, -1.57888, -2.5478, 6.39132, -2.17444, -5.2139, -0.98949, -6.25769, 0.11729, -3.45386, -7.98754]"
44,sub11,mae,1,sub11-b1__0117__sidekick.npy,14,sidekick,10,0.8928624,0,"[6.20053, 5.95729, 6.06032, -3.70781, -4.84217, -4.50671, 5.30647, -7.9654, -4.6917, 6.40765, 9.84655, 3.27104, 0.91364, -4.15341, 4.77577, -3.91747, -8.17513, -2.42676, -6.51548, 1.13836, -2.16019, -7.15244]"
44,sub11,mae,1,sub11-b1__0118__crosstoe.npy,6,crosstoe,6,0.99344045,1,"[4.11494, 2.762, -1.13177, -5.53407, -7.02313, -3.92531, 10.23422, -1.46068, 1.89267, 2.23134, -2.78735, 3.01313, 3.5132, -4.31157, 0.32592, 2.28472, -10.22366, -2.91686, -2.18615, -2.82775, 2.06667, 2.82743]"
44,sub11,mae,1,sub11-b1__0119__crosstoe.npy,6,crosstoe,6,0.9391479,1,"[4.56681, 1.14033, -1.02235, -6.31284, -5.99511, -3.71178, 8.07436, -1.59921, 1.54613, 2.79958, -1.15675, 2.86307, 3.37803, -5.18383, 0.60715, 3.1312, -10.24087, -2.17553, -2.27003, -2.12613, 1.50841, 2.32576]"
44,sub11,mae,1,sub11-b1__0120__crosstoe.npy,6,crosstoe,6,0.9585806,1,"[4.57051, 1.59088, -1.36263, -6.20835, -6.33713, -3.67792, 8.53006, -1.48084, 1.19019, 3.28325, -0.43038, 3.07333, 3.58666, -5.07194, 1.4308, 2.75856, -10.03761, -2.2065, -2.78316, -2.12669, 1.0324, 1.69321]"
44,sub11,mae,1,sub11-b1__0121__crosstoe.npy,6,crosstoe,6,0.9089671,1,"[4.29403, 1.44335, -1.53312, -6.9501, -5.70642, -4.32074, 7.70108, -1.68429, 2.1585, 3.13217, -0.18236, 3.60148, 3.3257, -5.25014, 0.83696, 3.68276, -9.64287, -2.08582, -1.14891, -2.14224, -0.15189, 1.13636]"
44,sub11,mae,1,sub11-b1__0122__crosstoe.npy,6,crosstoe,6,0.9641225,1,"[4.78472, 1.53386, -1.36687, -6.28532, -6.59249, -3.78131, 8.79542, -1.42514, 1.00808, 3.0273, -0.10921, 3.29438, 3.76245, -5.44693, 1.15616, 2.51719, -10.74341, -2.66864, -2.76779, -2.23625, 1.37257, 1.92723]"
44,sub11,mae,1,sub11-b1__0123__throw.npy,18,throw,18,0.634193,1,"[0.57996, 0.12007, -3.14167, 0.7722, -1.8022, -0.60752, 2.33287, 1.03061, -1.86509, 0.74316, 0.06068, -0.98361, -0.33502, 1.29829, -0.83848, -0.56092, -5.23259, 0.37004, 3.99728, -1.29866, 0.44864, -2.31947]"
44,sub11,mae,1,sub11-b1__0124__throw.npy,18,throw,1,0.46307856,0,"[1.4041, 4.30296, -3.70799, 1.74601, -2.48355, -1.72585, 3.45967, 1.01338, -0.81854, -0.06491, 2.92003, -2.63617, -0.73787, 2.63506, -1.4055, -1.34353, -6.02914, 1.35111, 0.49324, -1.8564, -1.13094, -1.87124]"
44,sub11,mae,1,sub11-b1__0125__throw.npy,18,throw,18,0.60352325,1,"[0.71364, 2.87926, -0.61729, -0.33255, -2.94358, -5.38209, 2.39228, -0.70124, 0.76815, -0.85428, 0.19757, -1.87552, 0.39193, 3.54703, -2.49973, -1.30553, -6.64796, -0.48896, 4.73179, -1.96014, -0.50103, -2.17887]"
44,sub11,mae,1,sub11-b1__0126__throw.npy,18,throw,6,0.31617704,0,"[2.08707, 3.10254, -3.25226, 1.23055, -2.77372, -1.9845, 3.60266, 0.7429, -2.17435, 0.61568, 3.27467, -1.76598, 0.18762, 2.09073, -1.33584, -1.41185, -7.04802, 0.36149, 0.87687, -1.49494, -0.25366, -2.63384]"
44,sub11,mae,1,sub11-b1__0127__throw.npy,18,throw,18,0.882627,1,"[0.18669, 1.70406, 0.59469, -2.65796, -2.24062, -6.52103, 1.0986, -2.19338, 4.47286, -1.56093, -2.65359, -1.77229, -0.14794, 2.68256, -3.58062, 0.29254, -5.46464, -0.85721, 6.80229, -2.62749, -1.3202, 0.784]"
44,sub11,mae,1,sub11-b2__0001__walk.npy,20,walk,20,0.49065098,1,"[3.81227, -6.43522, 4.36162, -2.40636, -3.34753, -6.10851, -2.2014, -3.79015, -5.61228, 5.27887, 1.83749, 3.4366, 4.19201, -5.82951, 0.51032, -0.75112, -8.94824, -7.64176, 0.89936, 6.27142, 6.89039, 4.14063]"
44,sub11,mae,1,sub11-b2__0002__turnaround.npy,19,turnaround,19,0.98474264,1,"[7.68251, 1.59574, 6.98449, -4.0302, -1.19395, -5.71, -1.40004, -7.34478, -5.89174, 1.23706, 8.29139, -1.0637, -1.72203, -4.64374, -0.27905, -0.87471, -13.33185, 1.58692, -1.71037, 13.05692, 0.1589, -8.05558]"
44,sub11,mae,1,sub11-b2__0003__walk.npy,20,walk,20,0.56773996,1,"[6.27877, 0.39879, -0.29503, -2.017, 0.44274, -3.79017, 1.80926, -1.01622, -5.17435, -4.2181, 0.11847, -5.52423, -2.41713, -4.12867, 1.80968, -5.94003, -11.48248, 2.78933, -0.62437, 2.89481, 6.64576, -2.48112]"
44,sub11,mae,1,sub11-b2__0004__turnaround.npy,19,turnaround,20,0.78290766,0,"[4.28016, -2.41614, 0.40469, -2.61534, -0.1607, -3.50991, -1.35366, 0.05774, -4.29946, -0.20907, -3.27141, -2.5513, -1.37574, -5.21847, 3.5259, -3.25861, -7.3785, -0.73402, -0.26068, 4.05269, 6.42577, 0.0996]"
44,sub11,mae,1,sub11-b2__0005__walk.npy,20,walk,20,0.9482684,1,"[2.91637, -8.40107, 0.24707, -2.64945, -2.02512, -2.19208, -1.74436, 0.32915, -6.26511, 0.15873, -6.27875, 1.57455, 0.9528, -8.14941, 4.17261, -2.70985, -6.96338, -6.7477, 1.08325, 1.3461, 8.06708, 4.27561]"
44,sub11,mae,1,sub11-b2__0006__turnaround.npy,19,turnaround,0,0.9225122,0,"[6.67228, 0.68451, 1.55171, -1.48703, -0.46921, -3.57679, -2.02587, -1.60567, -5.98951, -4.3037, 0.45632, -4.54501, -3.98428, -4.52429, 2.94569, -6.84934, -9.72011, -0.73931, -0.23189, 3.28936, 2.27148, -4.61288]"
44,sub11,mae,1,sub11-b2__0007__walk.npy,20,walk,20,0.858827,1,"[4.42449, 1.39839, -0.65755, -1.97165, 0.04961, -3.86954, 1.38397, 1.39619, -4.17139, -0.09969, -3.30894, -3.02598, -0.47386, -2.72274, 1.23223, -4.95642, -6.05207, -1.47462, -0.82938, 0.98585, 6.46994, -1.07311]"
44,sub11,mae,1,sub11-b2__0008__turnaround.npy,19,turnaround,20,0.87000424,0,"[3.60583, -2.65373, 0.86699, -2.86712, -0.7898, -3.4644, -1.53398, 0.3715, -3.54668, -0.0862, -4.34775, -1.64359, -0.95861, -6.08238, 3.37963, -2.78717, -7.02197, -1.15734, 0.43376, 4.08989, 6.81058, 0.44546]"
44,sub11,mae,1,sub11-b2__0010__turnaround.npy,19,turnaround,0,0.8504353,0,"[5.88763, 1.12647, 1.4781, -1.22566, -1.34536, -3.38193, -1.51451, -0.40076, -5.71728, -4.53183, 0.48636, -4.2285, -2.98425, -4.12109, 3.10259, -7.89623, -8.99179, -1.07091, -0.02931, 2.30308, 2.95257, -4.53864]"
44,sub11,mae,1,sub11-b2__0011__walk.npy,20,walk,20,0.98264104,1,"[2.67801, 0.34279, -0.25037, -2.21346, -1.39069, -3.29392, 1.56606, 2.70239, -3.30263, 0.0822, -4.67088, -1.29465, 0.91839, -3.62145, 1.74026, -4.88563, -5.42587, -1.14478, 0.06645, 1.04224, 7.97952, -0.12814]"
44,sub11,mae,1,sub11-b2__0012__turnaround.npy,19,turnaround,20,0.91307557,0,"[2.30864, -3.38145, 0.57025, -2.91369, -0.97526, -2.80266, -1.85876, 1.14516, -3.11924, 0.0613, -5.09904, -1.10086, -0.84363, -6.43334, 3.9837, -2.78539, -6.05779, -1.08309, 1.57167, 3.83657, 7.17717, 0.59036]"
44,sub11,mae,1,sub11-b2__0013__walk.npy,20,walk,20,0.8577506,1,"[3.08499, -5.85688, -0.02233, -3.31026, -2.60311, -1.64956, -1.45534, 2.17309, -3.02928, -2.20252, -7.67346, 0.34637, 1.1494, -8.9184, 3.13464, -4.0412, -7.18351, -5.24461, 1.5231, -0.63597, 6.38345, 3.50112]"
44,sub11,mae,1,sub11-b2__0014__turnaround.npy,19,turnaround,0,0.76613057,0,"[5.33895, 1.54135, 1.72581, -1.22286, -0.77578, -2.77957, -1.73035, -0.5173, -5.82871, -4.21551, 0.07497, -3.92608, -3.61506, -3.83369, 3.3145, -7.73691, -7.81335, -0.29778, 0.49542, 2.40334, 2.26042, -6.17935]"
44,sub11,mae,1,sub11-b2__0015__walk.npy,20,walk,20,0.98423094,1,"[1.59323, 0.53281, 0.59263, -2.18705, -2.65407, -3.23439, 1.09371, 3.01683, -2.35989, -0.16823, -4.80246, -0.26453, 1.38653, -4.1653, 2.24506, -4.97178, -5.02513, -0.94183, 0.76132, 1.67671, 8.15971, -0.10585]"
44,sub11,mae,1,sub11-b2__0016__turnaround.npy,19,turnaround,20,0.9042935,0,"[1.78059, -4.61386, 0.41077, -3.04705, -1.40754, -2.18643, -2.02481, 1.6144, -3.00152, -0.79364, -6.05041, -0.59433, -0.7263, -7.16596, 4.50416, -2.99494, -6.12241, -1.67351, 2.51151, 3.38971, 7.2558, 1.00338]"
44,sub11,mae,1,sub11-b2__0017__walk.npy,20,walk,20,0.8112542,1,"[3.10423, -5.27181, -0.90081, -3.09795, -2.58249, -0.97339, -0.67986, 2.39797, -2.96093, -2.82072, -7.59877, -0.43898, 1.00545, -8.40075, 3.62793, -4.45598, -6.99985, -4.90101, 1.21762, -1.66029, 6.07905, 3.09826]"
44,sub11,mae,1,sub11-b2__0018__turnaround.npy,19,turnaround,0,0.65917945,0,"[4.99097, 1.50553, 1.61565, -1.29949, -0.52746, -2.69092, -1.78345, -0.19044, -5.55456, -4.2274, -0.12927, -4.2667, -3.51705, -3.96802, 3.27581, -7.91615, -7.77938, 0.29115, 0.83734, 2.85027, 2.7859, -6.11636]"
44,sub11,mae,1,sub11-b2__0019__walk.npy,20,walk,20,0.9877079,1,"[0.39026, -0.59361, 0.18711, -2.40964, -3.45272, -2.2825, 1.54849, 4.28226, -1.73711, 0.00935, -6.57461, 0.88543, 2.52072, -4.50431, 2.56262, -4.79675, -4.10608, -1.426, 1.24612, 0.64487, 9.15855, 1.07368]"
44,sub11,mae,1,sub11-b2__0020__turnaround.npy,19,turnaround,20,0.7745635,0,"[1.07497, -5.06662, -0.18916, -2.92212, -1.98175, -1.40887, -1.64549, 1.9654, -3.34346, -1.68203, -6.36937, -0.2605, -0.41379, -7.10913, 5.26116, -3.83111, -5.5162, -2.74708, 3.30393, 2.66498, 6.75328, 0.60036]"
44,sub11,mae,1,sub11-b2__0021__hop.npy,9,hop,14,0.3595089,0,"[1.34931, -4.20982, -2.61879, -2.93637, 1.9826, -0.34124, -2.84689, 2.17653, -5.58838, 0.58959, -3.81318, -2.97297, -0.5321, -5.13808, 4.019, -7.3782, -1.99236, -5.7841, 3.05385, -1.90669, 3.99065, -1.40535]"
44,sub11,mae,1,sub11-b2__0022__hop.npy,9,hop,14,0.44966358,0,"[0.76203, -3.64017, -3.6944, -2.32075, 2.68905, 0.21516, -2.70592, 2.47584, -6.27097, 1.09444, -3.76336, -3.6184, -1.09737, -3.96907, 4.21644, -7.44553, -0.46476, -6.08884, 2.86377, -2.89133, 3.43437, -1.94591]"
44,sub11,mae,1,sub11-b2__0023__hop.npy,9,hop,20,0.3165913,0,"[1.39871, -3.79371, -3.02686, -2.64855, 2.51658, -0.61228, -3.11839, 2.32537, -5.5119, 1.07088, -4.05992, -3.19865, -1.01658, -4.85215, 3.43439, -6.86265, -1.52823, -5.92727, 2.89046, -2.42331, 3.61749, -1.11103]"
44,sub11,mae,1,sub11-b2__0024__hop.npy,9,hop,14,0.44711858,0,"[1.05625, -3.88007, -3.54417, -2.31928, 2.99047, 0.27425, -2.7592, 2.17712, -6.54164, 1.17204, -3.23107, -3.94828, -1.15294, -4.05123, 4.32437, -7.73303, -1.07864, -5.72854, 2.95624, -2.36968, 3.6074, -2.22676]"
44,sub11,mae,1,sub11-b2__0025__hop.npy,9,hop,14,0.505507,0,"[0.88972, -4.26703, -3.52293, -3.0507, 2.79717, 0.41602, -2.61057, 1.8596, -6.13136, 1.13295, -3.68612, -3.38594, -0.80071, -4.79318, 4.6055, -7.41166, -0.91666, -5.88006, 3.44203, -2.39633, 3.56808, -2.26788]"
44,sub11,mae,1,sub11-b2__0026__hop.npy,9,hop,20,0.46110868,0,"[4.18358, -3.37865, 0.0281, -3.04239, -1.64013, -1.53341, -1.98199, 1.3235, -2.47924, -3.56593, -4.29108, -2.49806, -0.59953, -7.80494, 3.97446, -6.56378, -7.67067, -2.45254, 1.42841, -0.26447, 4.72353, 0.42658]"
44,sub11,mae,1,sub11-b2__0027__hop.npy,9,hop,20,0.44881812,0,"[4.07127, -3.41886, -0.31726, -2.98291, -1.17475, -1.34694, -2.09717, 1.32597, -2.94458, -3.36611, -3.95637, -2.95823, -0.81055, -7.33636, 4.02476, -6.7679, -7.3971, -2.59677, 1.54927, -0.32166, 4.63862, 0.00446]"
44,sub11,mae,1,sub11-b2__0028__hop.npy,9,hop,20,0.4010648,0,"[4.23488, -3.19508, -0.02834, -3.10259, -1.43362, -1.60698, -1.99194, 1.27119, -2.62944, -3.4596, -4.01313, -2.71792, -0.77183, -7.48658, 3.99179, -6.70742, -7.62306, -2.56031, 1.4924, -0.28424, 4.50693, 0.02909]"
44,sub11,mae,1,sub11-b2__0029__hop.npy,9,hop,20,0.42551517,0,"[4.19073, -3.36865, 0.007, -3.03273, -1.44321, -1.50813, -1.99729, 1.16297, -2.84794, -3.41292, -3.88034, -2.64276, -0.68383, -7.55795, 4.00259, -6.66227, -7.60381, -2.74456, 1.38288, -0.21042, 4.58527, 0.10093]"
44,sub11,mae,1,sub11-b2__0030__hop.npy,9,hop,20,0.3690651,0,"[4.42432, -3.02639, 0.03565, -2.90788, -1.5202, -1.62802, -1.92829, 1.13659, -2.7798, -3.57887, -3.85756, -2.66831, -0.89383, -7.43389, 3.91488, -6.68019, -7.68502, -2.61129, 1.11267, -0.41675, 4.43317, 0.14794]"
44,sub11,mae,1,sub11-b2__0031__runonspot.npy,13,runonspot,13,0.8436843,1,"[1.89098, 1.60485, -6.00222, 2.01836, 5.35365, -0.12002, -3.34698, 3.10007, -8.21809, -1.20926, -2.49936, -8.38553, -6.00697, 7.35339, 3.06085, -8.19647, 2.59082, -4.91721, -1.90126, -7.62411, -0.84077, -4.1799]"
44,sub11,mae,1,sub11-b2__0032__runonspot.npy,13,runonspot,13,0.6352568,1,"[2.55817, 0.99829, -4.65291, 1.70765, 2.31515, -0.35439, -2.84237, 4.02723, -6.81859, -3.65128, -3.16717, -7.30546, -4.40994, 5.1879, 2.44982, -8.36507, -0.5788, -4.99521, -1.64295, -6.95761, 0.75716, -2.0931]"
44,sub11,mae,1,sub11-b2__0033__runonspot.npy,13,runonspot,13,0.47616038,1,"[2.76807, 0.76401, -4.04718, 1.43583, 1.81439, -0.58065, -2.88886, 3.99209, -6.38683, -3.88699, -3.18529, -7.10235, -4.29259, 4.49099, 2.41818, -8.37436, -1.42667, -4.65735, -1.32094, -6.31749, 1.0863, -1.95587]"
44,sub11,mae,1,sub11-b2__0034__runonspot.npy,13,runonspot,13,0.7888536,1,"[2.94605, 1.69638, -3.82199, 2.05683, 2.00863, -0.86738, -3.29723, 3.76787, -6.28297, -4.38154, -2.65493, -7.53761, -5.27512, 5.87049, 2.24092, -8.4808, -1.09763, -4.07638, -1.78467, -6.55097, 0.21598, -2.45326]"
44,sub11,mae,1,sub11-b2__0035__runonspot.npy,13,runonspot,13,0.46685398,1,"[2.80678, 0.14396, -4.68705, 1.1229, 2.65361, -0.35116, -2.66467, 3.58735, -7.0794, -3.22263, -3.37545, -7.24959, -4.38179, 4.38083, 2.73077, -7.99942, -1.28422, -4.93166, -1.15919, -6.3803, 1.16403, -2.26023]"
44,sub11,mae,1,sub11-b2__0036__buttkicks.npy,4,buttkicks,4,0.80905765,1,"[2.61959, -2.19301, -5.10108, -1.57381, 6.89988, -0.3251, -2.16958, -1.1251, -8.40248, 3.52451, -2.35917, -5.58008, -4.21127, -2.41836, 5.18686, -5.96147, 0.772, -5.7843, -0.21494, -4.08965, 1.05578, -3.63441]"
44,sub11,mae,1,sub11-b2__0037__buttkicks.npy,4,buttkicks,4,0.5804823,1,"[2.56169, -2.65892, -4.54851, -1.55671, 5.93272, -0.3265, -2.72097, -0.54026, -8.17925, 2.93139, -2.2605, -5.18734, -3.63111, -2.72469, 5.44281, -6.4456, 0.1211, -5.38679, 0.24369, -3.20199, 1.69493, -3.64679]"
44,sub11,mae,1,sub11-b2__0038__buttkicks.npy,4,buttkicks,4,0.6701359,1,"[2.66239, -2.42583, -4.79647, -1.5313, 6.0966, -0.20247, -2.46513, -0.55102, -8.10603, 2.68289, -2.23147, -5.80237, -3.76748, -2.50969, 5.19147, -6.63531, -0.0647, -5.29804, 0.31952, -3.40211, 1.73105, -3.61963]"
44,sub11,mae,1,sub11-b2__0039__buttkicks.npy,4,buttkicks,4,0.5250864,1,"[2.20761, -2.46024, -4.92489, -1.4479, 5.9237, -0.01671, -2.45928, -0.53399, -8.35068, 3.16538, -2.30451, -5.10083, -3.53619, -2.5556, 5.68673, -6.45898, 0.82561, -5.71038, 0.12363, -3.57192, 1.54572, -3.77815]"
44,sub11,mae,1,sub11-b2__0040__buttkicks.npy,4,buttkicks,4,0.8506966,1,"[2.67944, -2.69654, -5.38822, -1.88693, 6.97217, -0.42669, -2.21613, -0.69994, -8.42916, 3.30463, -2.18635, -5.97228, -3.68543, -2.54249, 4.90668, -6.15617, -0.12735, -5.81388, 0.37453, -3.57995, 1.80457, -3.40317]"
44,sub11,mae,1,sub11-b2__0041__airkick.npy,0,airkick,0,0.8783863,1,"[5.67487, -0.44837, -0.51774, -1.52777, 0.84235, -3.03387, -2.51703, 0.16811, -5.38269, -2.65322, -1.36166, -4.35905, -3.83823, -1.7269, 3.29296, -7.85847, -5.82776, -3.52911, -1.16762, -2.38066, 1.97923, -2.06222]"
44,sub11,mae,1,sub11-b2__0042__airkick.npy,0,airkick,0,0.8792074,1,"[5.87659, 0.72187, -0.01591, -1.21429, -0.03337, -2.77502, -1.96172, -0.48147, -5.09235, -3.2551, -0.71438, -4.09042, -4.48488, -1.28646, 3.69627, -8.22812, -5.55383, -3.16205, -1.53675, -2.97904, 0.8578, -2.84282]"
44,sub11,mae,1,sub11-b2__0043__airkick.npy,0,airkick,0,0.76192206,1,"[5.65403, 1.33489, 0.68765, -0.38703, -0.81701, -2.93756, -1.44327, -0.85506, -4.69231, -4.05262, -0.86099, -4.00767, -5.45883, 0.29491, 4.35939, -8.30571, -5.5043, -1.81972, -2.03982, -3.32849, 0.15519, -3.13898]"
44,sub11,mae,1,sub11-b2__0044__airkick.npy,0,airkick,0,0.7673075,1,"[5.90003, 0.11978, 0.26846, -1.63166, -1.18566, -1.39865, -0.86525, -0.88488, -4.64805, -3.84425, -2.01775, -3.43243, -3.97931, -5.02507, 4.59746, -7.17067, -6.87645, -2.09417, -1.42942, -2.03937, 1.89629, -2.5544]"
44,sub11,mae,1,sub11-b2__0045__airkick.npy,0,airkick,0,0.85103554,1,"[6.24195, 0.79929, 0.11557, -1.37148, -1.14322, -1.78707, -0.85525, -0.79299, -5.03947, -3.74187, -0.93051, -3.6793, -4.02261, -4.01852, 4.3805, -7.67778, -6.66203, -2.59566, -1.93205, -2.36222, 1.44573, -2.85645]"
44,sub11,mae,1,sub11-b2__0047__sidekick.npy,14,sidekick,0,0.49497408,0,"[5.38662, -2.0593, 1.15284, -2.38547, -4.0493, -1.62789, -0.37647, 0.10248, -2.93238, -4.2876, -3.33146, -0.83485, -0.85991, -6.78584, 5.26956, -6.84122, -7.43661, -3.04996, -1.61756, -2.29763, 3.03482, 0.06707]"
44,sub11,mae,1,sub11-b2__0048__sidekick.npy,14,sidekick,0,0.6617411,0,"[5.5359, -1.84149, 1.26399, -2.44624, -3.97424, -2.10476, -0.82702, 0.27048, -2.16063, -4.12194, -3.97633, -0.69234, -0.94931, -7.321, 4.62729, -6.14669, -7.5341, -2.97747, -1.61716, -2.31316, 2.89885, 0.78717]"
44,sub11,mae,1,sub11-b2__0049__sidekick.npy,14,sidekick,0,0.7680015,0,"[5.83653, -2.11296, 1.59558, -2.63327, -4.03892, -2.51012, -1.06934, 0.16605, -2.00881, -4.09968, -4.21334, -0.38519, -0.84889, -7.61826, 4.26107, -5.80929, -7.90133, -3.06238, -1.67378, -2.07573, 3.01478, 1.34403]"
44,sub11,mae,1,sub11-b2__0050__sidekick.npy,14,sidekick,0,0.6990376,0,"[5.69677, -2.63023, 1.39602, -2.66833, -3.88927, -2.07324, -0.93758, 0.17954, -2.5044, -3.95413, -4.17084, -0.19699, -0.69476, -7.73111, 4.54532, -5.79558, -7.79377, -3.07701, -1.42349, -1.95182, 3.16437, 0.95932]"
44,sub11,mae,1,sub11-b2__0051__sidekick.npy,14,sidekick,0,0.50561166,0,"[5.24749, -2.12183, 0.13983, -2.45059, -2.95241, -1.7288, -0.69537, -0.07957, -3.00241, -3.79082, -3.3032, -1.65942, -1.19229, -6.73952, 5.07914, -6.41792, -7.08292, -3.20682, -1.36054, -2.46702, 2.99594, 0.20879]"
44,sub11,mae,1,sub11-b2__0052__crosstoe.npy,6,crosstoe,14,0.6740105,0,"[2.21203, -2.81432, -0.02413, -4.03086, -6.36871, -1.08542, 3.17225, 2.48128, -2.68328, -5.95008, -8.96348, 3.82572, 1.3317, -6.5748, 5.55189, -5.00947, -6.16758, -5.67888, 2.46803, -3.90723, 2.7362, 0.27741]"
44,sub11,mae,1,sub11-b2__0053__crosstoe.npy,6,crosstoe,14,0.75516117,0,"[3.5025, -3.25998, -0.5193, -4.36465, -4.59157, -0.78651, 0.94226, 1.16363, -3.15568, -4.65548, -6.99428, 1.35985, 0.19101, -6.85886, 5.26566, -3.36872, -7.03305, -4.72874, 1.95051, -2.13911, 2.30895, -1.32715]"
44,sub11,mae,1,sub11-b2__0054__crosstoe.npy,6,crosstoe,14,0.73337543,0,"[3.44996, -2.98571, -0.05878, -5.03283, -4.60247, -0.95815, 1.00754, 0.92248, -2.8412, -4.36906, -7.3094, 2.2991, 0.13401, -7.13347, 5.19057, -3.14264, -6.95178, -5.03622, 2.22228, -2.44728, 1.85412, -1.58711]"
44,sub11,mae,1,sub11-b2__0055__crosstoe.npy,6,crosstoe,14,0.71108997,0,"[3.48945, -3.0169, -0.3077, -5.45444, -4.89474, -1.5133, 1.50163, 1.37658, -2.02199, -3.92173, -7.57909, 2.28217, 0.67909, -7.56926, 5.17256, -2.6654, -7.21655, -5.01773, 1.93137, -2.42301, 2.29571, -0.68812]"
44,sub11,mae,1,sub11-b2__0056__crosstoe.npy,6,crosstoe,14,0.7211127,0,"[3.26506, -3.28974, -0.47528, -5.2681, -4.76112, -1.08113, 1.36865, 1.66252, -2.24836, -4.21643, -7.18847, 2.0793, 0.8235, -7.62032, 5.20806, -3.21627, -7.31888, -4.79601, 2.30172, -2.36584, 2.58947, -0.86297]"
44,sub11,mae,1,sub11-b2__0057__crosstoe.npy,6,crosstoe,14,0.67224026,0,"[3.27827, -2.86374, -0.07114, -5.46824, -5.23871, -1.70577, 1.69101, 1.81611, -2.01135, -4.47708, -7.39882, 3.0408, 1.05762, -7.57298, 5.22498, -3.60338, -7.47397, -5.0349, 2.7496, -2.28308, 2.42153, -1.04484]"
44,sub11,mae,1,sub11-b2__0058__throw.npy,18,throw,18,0.44659698,1,"[4.16582, -4.32046, 1.16524, -5.41988, -1.35656, -4.11004, -3.56842, -0.17409, 1.85016, -3.66495, -6.43686, -1.75214, -1.80056, -8.04131, 1.94612, -2.52439, -8.58442, -2.13343, 4.5956, 1.51379, 2.67589, 3.04101]"
44,sub11,mae,1,sub11-b2__0059__throw.npy,18,throw,14,0.78969353,0,"[2.51535, -7.90299, -1.2917, -3.75019, -1.40914, -0.60444, -3.29821, 0.52387, -2.26954, -2.85732, -5.42644, -0.11727, -1.19735, -6.99174, 6.47446, -3.85415, -5.93504, -3.20222, 4.89568, -1.42354, 2.75382, 1.85742]"
44,sub11,mae,1,sub11-b2__0060__throw.npy,18,throw,18,0.5834661,1,"[2.17607, -8.91367, -1.28792, -3.86087, -0.81291, -0.84479, -3.97373, 0.42356, -2.8163, -2.16501, -5.87451, 0.46849, -1.42166, -6.75587, 6.33694, -2.79117, -5.73695, -2.91999, 6.71699, -1.02883, 2.21277, 0.52369]"
44,sub11,mae,1,sub11-b2__0061__throw.npy,18,throw,14,0.75915414,0,"[2.83928, -8.60753, -0.99405, -4.3458, -0.25922, -0.42212, -3.93223, -0.20168, -3.34652, -1.83469, -4.76837, 0.0155, -1.41323, -7.35901, 6.63202, -3.13613, -6.24316, -2.77978, 5.33243, -0.29687, 2.37324, 0.06252]"
44,sub11,mae,1,sub11-b2__0062__throw.npy,18,throw,18,0.53386265,1,"[2.52534, -8.33109, -1.35267, -4.9281, -0.72582, -1.87783, -3.18633, -0.23029, -1.30744, -2.09011, -5.63514, -0.08624, -0.73296, -7.45308, 6.2669, -2.91521, -6.29983, -3.07606, 6.45941, -0.9033, 2.28695, 1.4904]"
44,sub11,mae,1,sub11-b2__0063__throw.npy,18,throw,18,0.6241608,1,"[2.01709, -8.50571, -1.85505, -3.57125, -1.205, -1.50269, -3.3069, 0.7879, -1.98433, -2.69574, -6.21875, 0.21767, -0.94679, -6.73556, 6.21738, -3.45667, -5.64833, -3.32333, 6.78769, -1.74924, 2.56629, 1.95684]"
44,sub11,mae,1,sub11-b2__0064__walk.npy,20,walk,14,0.8367442,0,"[1.52699, -7.67163, -4.39098, -4.08604, -0.46785, -0.77109, -1.27703, 1.60428, -3.83606, -0.62893, -5.6455, 0.39411, 0.95277, -6.2955, 6.83732, -3.96593, -3.93925, -6.28988, 4.9074, -3.73642, 3.1587, 1.99271]"
44,sub11,mae,1,sub11-b2__0065__turnaround.npy,19,turnaround,18,0.8227169,0,"[1.74448, -6.84706, 1.37339, -5.31051, 3.42837, -0.4102, -6.37546, -0.68778, -2.2492, -2.99421, -6.16988, -1.53048, -3.19527, -8.49559, 4.80894, -2.22991, -6.74708, 3.71547, 6.99488, 3.19515, 1.56886, -4.61264]"
44,sub11,mae,1,sub11-b2__0066__walk.npy,20,walk,18,0.69164926,0,"[-2.91813, -6.70208, 2.30537, -5.79161, -0.95232, 1.44371, -5.76709, 3.91058, 0.84101, -3.32372, -10.17411, 2.37687, 1.45378, -9.51205, 3.81037, -2.11089, -3.4397, 3.62842, 6.98198, 2.1019, 5.72606, -1.5572]"
44,sub11,mae,1,sub11-b2__0067__turnaround.npy,19,turnaround,20,0.63524544,0,"[0.96113, -5.60674, 2.12066, -5.72733, -0.19421, -1.64548, -5.45441, 1.88808, -1.47748, -0.91345, -5.80045, 0.44641, 0.99569, -8.50342, 3.13555, -2.67588, -6.08238, -1.6162, 4.1862, 4.35354, 5.80592, -0.69733]"
44,sub11,mae,1,sub11-b2__0068__walk.npy,20,walk,14,0.88156617,0,"[1.56735, -7.44714, -4.23954, -3.92609, -0.03255, -0.56255, -1.69585, 1.23209, -4.14241, -0.7375, -4.98618, -0.04138, 0.36617, -5.91932, 7.171, -4.39882, -3.56428, -5.92052, 4.97746, -3.60498, 2.64289, 0.98897]"
44,sub11,mae,1,sub11-b2__0069__turnaround.npy,19,turnaround,18,0.8205739,0,"[1.34872, -6.38516, 1.80952, -5.20034, 2.11318, -0.05821, -6.21151, -0.48492, -1.42119, -3.25554, -6.18806, -0.70293, -2.69492, -8.35491, 5.16978, -2.76724, -5.84551, 3.32871, 7.0071, 2.64348, 1.07592, -4.47957]"
44,sub11,mae,1,sub11-b2__0070__walk.npy,20,walk,18,0.75938314,0,"[-2.78301, -6.29899, 3.01262, -5.79695, -0.92772, 1.02648, -6.32669, 3.68196, 1.26204, -3.5637, -9.49335, 2.31871, 1.26335, -9.52574, 3.94168, -2.65362, -3.49152, 4.18665, 7.08783, 2.66014, 5.11782, -2.12885]"
44,sub11,mae,1,sub11-b2__0071__turnaround.npy,19,turnaround,20,0.6676316,0,"[1.07268, -4.85845, 1.96374, -5.65519, -0.44834, -1.86457, -5.16193, 2.07556, -1.21862, -0.8613, -5.41044, 0.27905, 1.34481, -8.27262, 2.96167, -3.16349, -5.8825, -2.14814, 3.67344, 4.1985, 5.71325, -0.52053]"
44,sub11,mae,1,sub11-b2__0072__walk.npy,20,walk,14,0.86260426,0,"[1.60461, -7.67791, -4.491, -4.10373, -0.07047, -0.63374, -1.35134, 1.34557, -4.15604, -0.67693, -5.37467, 0.12941, 0.65709, -6.03566, 7.00239, -4.10794, -3.76516, -6.20611, 4.92935, -3.8452, 2.89842, 1.48769]"
44,sub11,mae,1,sub11-b2__0073__turnaround.npy,19,turnaround,18,0.8236897,0,"[1.85627, -6.65539, 0.9067, -5.02032, 2.24598, -0.45799, -5.79348, -0.94575, -1.93744, -2.99736, -5.25152, -1.29971, -2.89144, -7.54516, 5.40279, -2.97453, -6.11554, 2.01542, 7.09942, 2.03145, 0.76878, -3.97022]"
44,sub11,mae,1,sub11-b2__0074__walk.npy,20,walk,18,0.71880263,0,"[-2.93378, -6.48333, 2.62709, -5.82955, -1.07192, 1.29386, -6.02622, 3.87363, 1.18587, -3.37411, -9.98969, 2.4966, 1.49229, -9.59127, 3.88435, -2.34337, -3.26339, 3.64676, 6.98585, 2.34397, 5.47794, -1.69379]"
44,sub11,mae,1,sub11-b2__0075__turnaround.npy,19,turnaround,20,0.65072596,0,"[0.77527, -4.76518, 2.10653, -5.67332, -0.27918, -1.75476, -5.45402, 2.22902, -1.10261, -1.06158, -5.80352, 0.42715, 1.0949, -8.36792, 2.84749, -2.9207, -5.77101, -1.54139, 3.92755, 4.2462, 5.72439, -0.89295]"
44,sub11,mae,1,sub11-b2__0076__walk.npy,20,walk,14,0.8943453,0,"[1.57545, -7.19759, -4.03039, -3.92479, 0.41974, -0.6069, -2.08674, 0.87792, -4.12183, -0.6544, -4.38562, -0.28951, -0.0384, -5.67517, 7.34066, -4.78797, -3.16744, -5.60899, 5.08109, -3.42255, 2.08686, 0.26779]"
44,sub11,mae,1,sub11-b2__0077__turnaround.npy,19,turnaround,18,0.83212614,0,"[1.17003, -6.55896, 1.85817, -5.31377, 2.35993, 0.12939, -6.39564, -0.23308, -1.43161, -3.50307, -6.51947, -0.79004, -2.76892, -8.70372, 5.02624, -2.64101, -6.1927, 4.05105, 7.15154, 3.00127, 1.49881, -4.6344]"
44,sub11,mae,1,sub11-b2__0078__walk.npy,20,walk,18,0.7213087,0,"[-2.88563, -6.60622, 2.7468, -5.93433, -1.13339, 1.17908, -5.977, 3.89394, 1.3183, -3.5092, -9.94345, 2.45813, 1.62462, -9.71745, 3.89681, -2.38441, -3.53385, 3.7273, 7.03378, 2.43349, 5.50883, -1.56655]"
44,sub11,mae,1,sub11-b2__0079__turnaround.npy,19,turnaround,20,0.60863703,0,"[1.40217, -3.78134, 1.13244, -5.4585, -0.39581, -2.26794, -4.77186, 2.22811, -1.32884, -0.77083, -4.77591, -0.27898, 1.2188, -7.79895, 2.85988, -3.79247, -5.76611, -2.97003, 3.47113, 3.8137, 5.20987, -0.59458]"
44,sub11,mae,1,sub11-b2__0080__walk.npy,20,walk,14,0.83030474,0,"[1.61023, -7.71843, -4.61749, -4.19679, 0.05607, -0.39442, -1.18026, 1.31191, -3.92336, -0.9204, -5.90377, -0.05544, 0.59356, -6.14112, 6.84114, -3.76988, -3.96215, -6.04297, 5.03928, -3.991, 2.86426, 1.66544]"
44,sub11,mae,1,sub11-b2__0081__turnaround.npy,19,turnaround,18,0.8277922,0,"[0.9693, -6.00821, 2.24154, -5.18156, 2.07592, 0.07429, -6.49432, -0.2881, -0.82008, -3.38921, -6.66329, -0.48357, -2.64974, -8.68482, 5.04941, -2.78118, -5.45254, 3.90229, 7.08017, 2.76581, 1.01123, -4.67897]"
44,sub11,mae,1,sub11-b2__0082__walk.npy,20,walk,18,0.6552678,0,"[-2.88411, -6.62977, 2.35608, -5.84538, -1.10188, 1.35634, -5.79285, 4.02548, 0.99101, -3.36912, -9.99358, 2.43522, 1.66178, -9.62669, 3.92357, -2.36859, -3.4462, 3.47464, 6.83629, 2.22676, 5.72705, -1.44612]"
44,sub11,mae,1,sub11-b2__0083__turnaround.npy,19,turnaround,20,0.6342261,0,"[1.21448, -4.39402, 1.43619, -5.44296, -0.38049, -2.0068, -4.94225, 2.23233, -1.36674, -0.82375, -5.19984, -0.0308, 1.08055, -8.00614, 3.02661, -3.47589, -5.78988, -2.5148, 3.60083, 3.88699, 5.4108, -0.52546]"
44,sub11,mae,1,sub11-b2__0084__hop.npy,9,hop,14,0.88338834,0,"[1.769, -7.7697, -4.25561, -3.73813, 0.86461, -0.61275, -1.73135, 0.71242, -4.87537, -0.69491, -4.84449, -0.24048, -0.09818, -5.74742, 7.12989, -4.23524, -4.00972, -5.78012, 4.91706, -3.38582, 2.54244, 0.79468]"
44,sub11,mae,1,sub11-b2__0085__hop.npy,9,hop,14,0.8412692,0,"[0.31444, -6.84439, -4.51152, -2.6937, 2.6821, -0.21339, -2.87681, 0.9032, -5.43838, 0.71826, -3.67311, -1.10916, -1.06392, -4.24463, 7.31195, -5.80146, -0.4239, -5.51035, 5.54236, -3.57679, 1.40927, -0.83554]"
44,sub11,mae,1,sub11-b2__0086__hop.npy,9,hop,14,0.8870693,0,"[0.02621, -6.93925, -4.95144, -2.10851, 3.37816, 0.40978, -3.00207, 0.91819, -6.28858, 1.29864, -3.75788, -1.27717, -1.51593, -3.92608, 7.46414, -5.78022, 0.54334, -5.56615, 5.17855, -3.8849, 1.34493, -1.15616]"
44,sub11,mae,1,sub11-b2__0087__hop.npy,9,hop,14,0.8485171,0,"[-0.05681, -6.98054, -5.26559, -2.26741, 3.50787, -0.06119, -2.82598, 1.04272, -6.14463, 1.56045, -3.70589, -1.18691, -1.17074, -4.07599, 7.26208, -5.76168, 0.49131, -5.81219, 5.31739, -4.01437, 1.54933, -0.62977]"
44,sub11,mae,1,sub11-b2__0088__hop.npy,9,hop,14,0.82285666,0,"[-0.70235, -6.59934, -5.44141, -2.08476, 4.18906, 0.44427, -3.00793, 0.94678, -6.30704, 2.34732, -3.73028, -1.26033, -1.68077, -3.27127, 7.39106, -6.03079, 2.34538, -5.92742, 5.54037, -4.50834, 0.61701, -1.53443]"
44,sub11,mae,1,sub11-b2__0089__hop.npy,9,hop,14,0.8149025,0,"[0.07368, -6.83653, -4.48405, -2.88463, 2.83015, -0.09783, -2.76286, 0.81509, -5.25525, 0.85832, -3.79655, -0.80357, -0.98735, -4.37583, 7.36845, -5.76832, -0.01337, -5.49443, 5.80344, -3.79243, 0.9946, -1.01893]"
44,sub11,mae,1,sub11-b2__0090__jump.npy,10,jump,14,0.8915603,0,"[2.30776, -6.8034, -2.86994, -3.44448, 0.72009, -1.18677, -2.75461, 0.04437, -3.96471, -1.40848, -4.09034, -0.49423, -1.11543, -5.71751, 7.15316, -4.58809, -4.34788, -4.10132, 4.89305, -2.51486, 1.82153, -0.03393]"
44,sub11,mae,1,sub11-b2__0091__jump.npy,10,jump,14,0.89137405,0,"[2.45767, -6.69458, -2.91916, -3.25592, 1.01834, -1.41477, -2.70373, -0.03072, -4.09642, -1.37087, -3.91519, -0.89602, -1.51356, -5.30254, 7.07818, -4.73397, -4.52172, -3.94966, 4.79785, -2.4585, 1.70727, -0.13403]"
44,sub11,mae,1,sub11-b2__0092__jump.npy,10,jump,14,0.9233733,0,"[2.56488, -6.69561, -3.00698, -3.0052, 1.10136, -1.41176, -2.76324, -0.11304, -4.53124, -1.20514, -3.61907, -0.97145, -1.59122, -4.96978, 7.16948, -4.92016, -4.29153, -4.21261, 4.41782, -2.58622, 1.73234, -0.10784]"
44,sub11,mae,1,sub11-b2__0093__jump.npy,10,jump,14,0.9257955,0,"[2.45471, -6.70264, -3.07075, -3.14837, 0.95333, -1.21541, -2.67398, -0.07965, -4.40124, -1.24497, -3.69079, -0.8161, -1.46111, -5.19715, 7.33228, -4.86636, -4.20159, -4.12283, 4.60246, -2.5933, 1.66968, -0.26517]"
44,sub11,mae,1,sub11-b2__0094__jump.npy,10,jump,14,0.9024688,0,"[2.39692, -6.74748, -2.94194, -3.39397, 1.05244, -1.29373, -2.78888, -0.18415, -4.09195, -1.33188, -3.75177, -0.91278, -1.50834, -5.28032, 7.26108, -4.77863, -4.25794, -3.9363, 4.88516, -2.47831, 1.54484, -0.3491]"
44,sub11,mae,1,sub11-b2__0095__jump.npy,10,jump,14,0.88790774,0,"[2.65738, -6.8097, -2.80008, -3.42475, 1.04933, -1.49679, -2.86216, -0.12367, -4.16469, -1.28992, -3.70702, -0.90211, -1.47794, -5.26368, 7.04638, -4.7039, -4.6854, -3.97951, 4.78361, -2.25476, 1.65212, -0.23499]"
44,sub11,mae,1,sub11-b2__0096__runonspot.npy,13,runonspot,5,0.9129549,0,"[1.40319, -4.92176, -8.92389, -0.07364, 3.98944, 8.4974, -3.32072, 3.03936, -10.01489, -0.07948, -4.24452, -3.98553, -4.37049, 1.06775, 5.91242, -3.74228, 1.26505, -4.93794, 2.25905, -6.70344, -0.24051, -4.85859]"
44,sub11,mae,1,sub11-b2__0097__runonspot.npy,13,runonspot,14,0.9029474,0,"[2.09767, -5.99612, -5.57659, -0.62324, 3.47931, -0.15161, -3.27929, 2.13379, -7.82073, -0.47284, -3.20451, -3.39533, -3.16486, 0.80666, 6.57786, -6.06633, -2.10235, -4.95516, 3.03208, -4.52688, 1.03032, -1.93126]"
44,sub11,mae,1,sub11-b2__0098__runonspot.npy,13,runonspot,14,0.8606942,0,"[2.11353, -5.35604, -5.99209, 0.09246, 3.77738, -0.00558, -3.50042, 2.79811, -8.11597, -0.53092, -2.74979, -4.09177, -3.70024, 1.90453, 6.37772, -6.54385, -1.85737, -4.78538, 2.7051, -4.70046, 0.74565, -2.36104]"
44,sub11,mae,1,sub11-b2__0099__runonspot.npy,13,runonspot,14,0.8861474,0,"[1.78968, -5.1571, -5.68007, 0.78684, 3.73233, 0.35323, -3.77778, 2.85809, -8.48912, -0.41722, -2.95694, -3.87404, -4.45261, 2.70823, 6.6564, -6.65762, -0.90732, -4.33082, 2.61564, -4.87661, 0.17227, -3.10685]"
44,sub11,mae,1,sub11-b2__0100__runonspot.npy,13,runonspot,14,0.90014726,0,"[2.03224, -6.54342, -5.89338, -1.771, 3.07415, 0.1255, -2.66147, 2.16463, -7.20826, -0.40644, -3.96754, -2.83943, -2.15922, -0.74867, 6.60673, -5.48234, -2.60015, -5.54223, 3.61441, -4.69788, 1.37397, -1.43596]"
44,sub11,mae,1,sub11-b2__0101__runonspot.npy,13,runonspot,14,0.8821544,0,"[1.63489, -5.11926, -6.06225, 0.26925, 3.77693, 0.13197, -3.44474, 2.86832, -8.16994, -0.27045, -2.74448, -3.92325, -3.57507, 2.14345, 6.56523, -6.79785, -0.80583, -5.14828, 2.65504, -5.15937, 0.56455, -2.42867]"
44,sub11,mae,1,sub11-b2__0102__buttkicks.npy,4,buttkicks,14,0.78355396,0,"[1.05421, -5.0112, -5.69148, -1.65338, 6.19597, -0.64536, -2.55277, -1.4116, -5.82682, 2.31941, -4.05875, -2.80415, -4.33938, -2.6068, 7.5709, -4.16693, 1.64162, -4.64545, 3.2383, -5.63738, -1.21819, -1.93059]"
44,sub11,mae,1,sub11-b2__0103__buttkicks.npy,4,buttkicks,14,0.84715694,0,"[0.9406, -5.00374, -5.37265, -1.84859, 5.78617, -0.55607, -2.67611, -1.31599, -5.51202, 2.22618, -3.9012, -2.48462, -4.08113, -2.81916, 7.64973, -4.41602, 1.66244, -4.58162, 3.53668, -5.47323, -1.32954, -2.05845]"
44,sub11,mae,1,sub11-b2__0104__buttkicks.npy,4,buttkicks,14,0.8687041,0,"[1.05667, -4.90869, -5.32561, -1.81777, 5.68566, -0.63075, -2.63572, -1.40431, -5.40736, 2.0855, -4.06742, -2.59342, -4.17672, -2.82565, 7.72266, -4.36896, 1.50943, -4.41915, 3.39227, -5.51433, -1.3475, -1.97243]"
44,sub11,mae,1,sub11-b2__0105__buttkicks.npy,4,buttkicks,14,0.8613223,0,"[1.32204, -5.19333, -6.02855, -2.15267, 5.97971, -0.52101, -2.33109, -1.7723, -5.694, 2.5337, -4.69915, -2.2163, -4.03424, -3.54438, 7.91444, -3.29845, 1.37529, -4.76033, 3.1481, -5.71706, -1.19226, -1.81111]"
44,sub11,mae,1,sub11-b2__0106__buttkicks.npy,4,buttkicks,14,0.913242,0,"[0.91071, -5.31807, -5.15561, -2.05467, 5.24331, -0.53231, -2.99613, -0.99347, -5.54712, 2.2217, -3.96523, -2.06916, -3.53628, -3.20475, 7.88001, -4.63039, 1.53416, -4.66097, 3.77546, -5.05325, -0.92173, -2.09451]"
44,sub11,mae,1,sub11-b2__0107__airkick.npy,0,airkick,14,0.91847736,0,"[3.06549, -5.95503, -2.55294, -2.37945, 3.04448, -1.38849, -3.51367, -0.84706, -5.37394, -1.08874, -4.20981, -1.39913, -4.26446, -3.60007, 6.95667, -4.64044, -3.803, -2.76664, 3.86732, -2.76924, 0.12694, -2.02722]"
44,sub11,mae,1,sub11-b2__0108__airkick.npy,0,airkick,14,0.92869955,0,"[3.04927, -6.85381, -1.41976, -2.91058, 2.04903, -1.81758, -3.84436, -0.88258, -4.69813, -1.04943, -3.55202, -0.48308, -3.56088, -3.64613, 7.29554, -5.21965, -4.28468, -2.33188, 4.39202, -1.69191, 0.09881, -2.11076]"
44,sub11,mae,1,sub11-b2__0109__airkick.npy,0,airkick,14,0.9626215,0,"[2.28944, -7.10456, -2.12187, -1.22475, 1.93699, 1.18702, -4.50914, 1.32121, -7.12749, -1.18946, -4.27465, -0.43794, -4.41325, -2.60146, 7.70029, -5.16318, -3.4458, -1.55737, 4.07356, -1.60812, 0.21288, -4.20719]"
44,sub11,mae,1,sub11-b2__0110__airkick.npy,0,airkick,14,0.89095324,0,"[2.94743, -7.32832, -0.3829, -3.56701, 1.21043, -1.92455, -4.0756, -1.0291, -3.71938, -1.7025, -4.05645, -0.30689, -3.54601, -4.32688, 7.29719, -4.71896, -5.62972, -1.02125, 5.03326, -0.58473, 0.43298, -2.10436]"
44,sub11,mae,1,sub11-b2__0111__airkick.npy,0,airkick,14,0.9548926,0,"[2.25872, -7.68093, -1.92709, -1.78593, 1.90329, 1.79914, -4.67888, 1.27577, -7.33566, -0.77595, -4.1822, 0.03888, -4.29047, -2.67338, 7.79125, -4.99569, -3.40337, -1.26594, 4.43886, -1.16734, 0.1321, -5.08147]"
44,sub11,mae,1,sub11-b2__0112__sidekick.npy,14,sidekick,14,0.96037394,1,"[3.85299, -4.59223, -4.22818, -0.31884, 0.56913, -0.87843, -2.35341, 2.01486, -7.53662, -1.18453, -1.47099, -2.01363, -2.72072, 0.94058, 7.35185, -6.95685, -3.28367, -5.19433, 0.51245, -4.84172, 0.4041, -1.89077]"
44,sub11,mae,1,sub11-b2__0113__sidekick.npy,14,sidekick,14,0.9840316,1,"[3.82893, -5.67877, -3.1459, -2.65856, -0.31981, -1.75144, -1.18317, -0.48111, -5.27084, -0.62745, -2.3614, 0.05233, -1.11131, -4.23445, 8.19527, -5.39141, -4.12131, -5.37181, 1.75694, -4.01683, 0.84936, -0.44059]"
44,sub11,mae,1,sub11-b2__0115__sidekick.npy,14,sidekick,14,0.9861152,1,"[3.38042, -5.83982, -3.18392, -2.98538, -0.5588, -1.5859, -1.21642, -0.14259, -4.63797, -0.91301, -2.54069, 0.02038, -0.61434, -4.85085, 8.16131, -5.41609, -4.25585, -5.18822, 2.47905, -3.68732, 1.13082, -0.26723]"
44,sub11,mae,1,sub11-b2__0116__sidekick.npy,14,sidekick,14,0.97514546,1,"[3.84886, -5.83091, -3.19523, -2.73481, -0.89645, -1.69847, -1.00606, -0.18742, -4.66656, -1.24279, -2.762, 0.09122, -0.65229, -5.09786, 7.84371, -5.1901, -5.01686, -5.20115, 2.1448, -3.73685, 1.41777, 0.37703]"
44,sub11,mae,1,sub11-b2__0117__crosstoe.npy,6,crosstoe,14,0.6455875,0,"[3.71226, -9.83037, 0.03276, -3.77267, -1.92367, -0.99441, -1.70962, -0.08622, -6.97279, -1.69364, -7.09332, 4.02548, 0.11136, -7.42018, 6.10725, -2.20374, -7.7206, -5.58566, 2.93109, -0.51777, 4.80063, 1.52021]"
44,sub11,mae,1,sub11-b2__0118__crosstoe.npy,6,crosstoe,14,0.705329,0,"[3.80995, -9.84108, -0.44589, -4.66307, -0.65431, -1.21756, -2.177, -1.06997, -6.28125, -0.74607, -6.67842, 3.12975, 0.13783, -7.51724, 5.9707, -1.00083, -7.67658, -5.66539, 3.97878, -0.29841, 3.57659, 0.58578]"
44,sub11,mae,1,sub11-b2__0119__crosstoe.npy,6,crosstoe,14,0.6098675,0,"[4.16715, -9.68033, 0.42103, -4.11303, -1.22049, -1.15772, -2.21206, -1.05827, -7.06079, -1.05232, -6.80992, 3.63853, -0.09186, -7.34946, 5.70472, -1.17774, -8.07691, -5.72406, 3.05627, 0.10847, 4.11178, 0.65406]"
44,sub11,mae,1,sub11-b2__0120__crosstoe.npy,6,crosstoe,14,0.668187,0,"[4.02129, -9.95392, 0.1719, -4.59897, -1.08023, -1.21222, -2.18796, -1.26631, -6.37331, -0.86362, -6.78125, 3.57278, -0.01923, -7.7971, 5.91073, -0.99694, -7.98649, -5.48248, 3.53527, 0.01718, 3.91351, 0.89059]"
44,sub11,mae,1,sub11-b2__0121__crosstoe.npy,6,crosstoe,14,0.5234814,0,"[5.04006, -9.71985, 2.41576, -3.19518, -2.1149, -1.71702, -3.22621, -1.73725, -8.0116, -1.5738, -5.14199, 4.74096, -1.03064, -7.1632, 6.01484, -2.14737, -8.79193, -4.65405, 1.99675, 1.77741, 4.34208, 0.09881]"
44,sub11,mae,1,sub11-b2__0122__throw.npy,18,throw,18,0.84757584,1,"[2.53909, -7.27122, -3.16468, -3.97112, 0.643, -2.34209, -3.16716, 0.24095, -1.14534, -3.53119, -5.85517, -2.07101, -2.09099, -4.88392, 5.40364, -3.53701, -5.86104, -2.98006, 7.2305, -2.91072, 1.26173, 1.75848]"
44,sub11,mae,1,sub11-b2__0123__throw.npy,18,throw,18,0.77209705,1,"[2.55958, -8.25955, -2.82856, -3.90562, 0.95385, -0.44535, -4.06332, 0.757, -2.94183, -2.31341, -5.47981, -1.48769, -2.34775, -5.76658, 5.83497, -3.13239, -5.46159, -2.47732, 7.12268, -1.63198, 1.39742, -0.43719]"
44,sub11,mae,1,sub11-b2__0124__throw.npy,18,throw,18,0.7168503,1,"[2.5056, -8.46288, -2.67222, -3.8141, 1.10906, -0.03824, -4.23676, 0.55995, -3.59619, -1.89032, -5.26683, -1.26685, -2.50057, -5.82304, 6.03088, -3.02228, -5.22511, -2.52139, 7.01347, -1.48653, 1.28181, -1.07573]"
44,sub11,mae,1,sub11-b2__0125__throw.npy,18,throw,18,0.91911066,1,"[1.86044, -7.46286, -3.52885, -4.35771, 0.70761, -1.61968, -3.41993, 1.08964, -1.04542, -3.26313, -6.07232, -1.88074, -1.51399, -5.18552, 5.74816, -3.91738, -4.75499, -2.97193, 8.23204, -2.99859, 1.10688, 0.48578]"
44,sub11,mae,1,sub11-b2__0127__throw.npy,18,throw,18,0.65767395,1,"[1.76526, -6.61433, -3.90312, -2.55313, 0.27565, -0.7707, -3.31515, 2.26441, -1.87651, -4.20102, -5.86801, -2.28906, -2.15662, -4.17803, 5.6078, -4.77865, -4.77193, -3.20997, 6.35472, -3.93605, 1.36242, 1.62626]"
44,sub11,mae,1,sub11-c__0001__sit.npy,15,sit,15,0.9630396,1,"[1.26598, -3.29546, -1.06958, -2.30001, 0.69551, -0.4283, 2.90264, -3.89656, 2.86182, -2.26917, -13.71452, -1.01723, -5.86918, -4.39002, -2.43242, 9.62757, -9.17053, 5.848, 5.10062, -1.66799, 1.8025, 3.11747]"
44,sub11,mae,1,sub11-c__0002__stand.npy,17,stand,17,0.987462,1,"[-0.05227, 2.29594, 1.0072, 1.28388, -1.82659, -1.1335, 1.66398, -2.08241, 8.5136, -7.86883, -13.59111, -4.31619, -7.03448, -3.18475, -2.27809, 2.96426, -9.25469, 12.93495, 5.19724, -2.79036, 1.05926, 4.01159]"
44,sub11,mae,1,sub11-c__0003__turnaround.npy,19,turnaround,19,0.9961771,1,"[4.88934, 0.13288, 7.48223, -4.49131, -3.47252, -5.25768, -2.9802, -5.5388, -3.12123, 1.99948, 4.44767, 0.93914, 1.14479, -6.43652, 0.43348, -2.53531, -11.0089, -4.10762, 3.16572, 13.18244, 1.21002, -6.23526]"
44,sub11,mae,1,sub11-c__0004__sit.npy,15,sit,15,0.9980223,1,"[1.98414, -3.68892, -0.72262, -4.97676, 2.17513, -1.90841, 1.06118, -6.35812, 2.87272, 1.75464, -13.38615, -0.60686, -5.12001, -4.5204, -3.16228, 13.01252, -8.38859, 1.41322, 6.72461, 0.51401, -0.13367, 1.55119]"
44,sub11,mae,1,sub11-c__0005__stand.npy,17,stand,17,0.9844657,1,"[0.17143, 3.34835, -0.50146, 1.96592, -2.62241, 0.55524, 3.29509, -0.62666, 7.13674, -8.08561, -13.96485, -4.27514, -6.15835, -3.16525, -2.10053, 2.06928, -9.05716, 11.43604, 4.17064, -4.64209, 1.57237, 4.08505]"
44,sub11,mae,1,sub11-c__0006__turnaround.npy,19,turnaround,19,0.99139965,1,"[6.62689, -0.19982, 6.90765, -3.87802, -2.77379, -6.17466, -2.92911, -5.71447, -3.4066, 1.99533, 4.94688, -0.13774, 0.23306, -5.56977, -0.62661, -1.93854, -11.74379, -4.02599, 1.66407, 12.30839, 2.26782, -3.84776]"
44,sub11,mae,1,sub11-c__0007__sit.npy,15,sit,15,0.9991304,1,"[2.19585, -3.24982, -0.9151, -4.88506, 2.59283, -1.92374, 1.11675, -6.63447, 2.89671, 2.35369, -13.62836, -0.76802, -5.30833, -4.31665, -3.58422, 13.55706, -8.14138, 1.47091, 6.40796, 0.04227, -0.36578, 1.45765]"
44,sub11,mae,1,sub11-c__0008__stand.npy,17,stand,17,0.9740253,1,"[1.04325, 2.89041, 0.32745, 0.82273, -2.62268, -0.27077, 3.06984, -1.58218, 8.10367, -7.38497, -13.61889, -4.14884, -5.68468, -4.15275, -2.67581, 2.91856, -10.1058, 11.7941, 4.25934, -3.39145, 1.65044, 4.43451]"
44,sub11,mae,1,sub11-c__0009__turnaround.npy,19,turnaround,19,0.9916157,1,"[6.16422, -0.25662, 6.52252, -3.78332, -2.49062, -6.09322, -2.88263, -5.66228, -3.77473, 2.49947, 5.05892, -0.05994, 0.50317, -5.2913, -0.41019, -2.15263, -11.32747, -4.34884, 2.1019, 11.97796, 2.11023, -4.27002]"
44,sub11,mae,1,sub11-c__0010__sit.npy,15,sit,15,0.9982157,1,"[2.31603, -3.55201, -0.6829, -4.85937, 2.65464, -1.76702, 0.52679, -6.63959, 2.25402, 1.85401, -12.88349, -1.14298, -5.54534, -4.59374, -3.13807, 13.16338, -8.6603, 1.89825, 6.77373, 1.42501, -0.06543, 0.60802]"
44,sub11,mae,1,sub11-c__0011__stand.npy,17,stand,17,0.9914324,1,"[0.50781, 2.8644, 0.12301, 1.6171, -2.22303, 0.69586, 2.70736, -1.09693, 7.39942, -8.30348, -14.00325, -4.41018, -6.44282, -3.80272, -2.30432, 2.41927, -9.30139, 12.26304, 4.48055, -3.92689, 1.51015, 3.86248]"
44,sub11,mae,1,sub11-c__0012__turnaround.npy,19,turnaround,19,0.98350626,1,"[4.9869, -3.15459, 5.80181, -4.42089, -3.53608, -4.84582, -1.09089, -4.96283, -2.40346, 1.48518, 2.37031, 0.89566, 0.92261, -6.71529, 2.11742, -1.87232, -10.95245, -3.92217, 3.40395, 10.44698, 3.70997, -1.78717]"
44,sub11,mae,1,sub11-c__0013__sit.npy,15,sit,15,0.9969037,1,"[2.20251, -3.54815, -0.65411, -4.63855, 2.33481, -1.82276, 0.72026, -5.87917, 2.20137, 0.79631, -13.38447, -1.22575, -5.22525, -4.18018, -3.5278, 12.42884, -8.6692, 1.47449, 6.59422, 0.88362, 0.53706, 1.11946]"
44,sub11,mae,1,sub11-c__0014__stand.npy,17,stand,17,0.99024147,1,"[0.99088, 2.68509, 0.29181, 0.98446, -1.70565, -0.22276, 2.21928, -1.47912, 7.6168, -7.57739, -13.13424, -4.61276, -6.13437, -3.82662, -2.68697, 2.44927, -9.73409, 12.31392, 4.2507, -3.02597, 1.53256, 3.80679]"
44,sub11,mae,1,sub11-c__0016__squat.npy,16,squat,16,0.99973875,1,"[-9.97753, 0.74471, -9.60164, 1.32273, 13.91084, 4.80072, -3.94505, -1.95413, -9.03518, 15.29545, -2.39255, 2.36154, -1.77583, 4.66871, 5.00041, -1.76506, 23.76898, -7.62164, 4.86005, -7.78736, -6.57848, -9.99358]"
44,sub11,mae,1,sub11-c__0017__squat.npy,16,squat,16,0.9999751,1,"[-10.12635, 1.5535, -10.10447, 2.20938, 15.01226, 6.16895, -4.07145, -2.59688, -8.65875, 14.98191, -4.13551, 2.16528, -4.34356, 5.12647, 5.32562, -0.73371, 26.29345, -6.39986, 3.81896, -9.06174, -7.81438, -10.36226]"
44,sub11,mae,1,sub11-c__0019__squat.npy,16,squat,16,0.99994576,1,"[-10.02781, 0.59896, -9.92044, 1.54861, 14.18842, 5.80179, -3.9157, -2.75004, -9.13985, 14.94167, -2.96343, 2.82351, -2.84323, 4.62086, 6.10654, -1.47888, 25.15, -7.25911, 4.6784, -8.33837, -7.22543, -10.61651]"
44,sub11,mae,1,sub11-c__0020__squat.npy,16,squat,16,0.999985,1,"[-10.20752, 1.06074, -10.2184, 1.98604, 14.28685, 6.58951, -4.02886, -2.52402, -8.80423, 14.47737, -3.88274, 2.77635, -3.68249, 4.90173, 5.81059, -1.01806, 26.19295, -6.74444, 4.47431, -8.99268, -7.73363, -10.66118]"
44,sub11,mae,1,sub11-c__0021__squat.npy,16,squat,16,0.9999943,1,"[-10.27148, 1.50387, -9.92178, 2.26677, 14.09346, 6.76706, -4.09209, -2.61786, -8.74289, 14.40923, -4.46247, 3.53212, -4.37452, 5.1378, 5.54091, -0.58443, 27.03474, -6.60058, 4.04035, -9.49746, -8.28803, -10.73865]"
44,sub11,mae,1,sub11-c__0022__pickup.npy,11,pickup,11,0.9943487,1,"[-1.37525, 4.1936, 3.98724, -1.00634, -11.25465, -2.43023, 6.84269, -0.35459, -0.86445, -0.95567, 3.76895, 12.81258, 6.22061, -3.00031, 6.17098, -5.19563, -2.89568, -6.24898, -2.79595, -6.02497, -3.22462, -2.30466]"
44,sub11,mae,1,sub11-c__0023__pickup.npy,11,pickup,11,0.9999907,1,"[-3.94634, 2.91389, 4.99324, -1.29539, -5.72427, -1.96783, 2.8492, -3.09447, -2.74809, 2.005, -1.64894, 19.18584, 1.40301, -2.85497, 7.18564, -2.3375, 6.19536, -5.23958, 1.12636, -6.0452, -7.14356, -6.29201]"
44,sub11,mae,1,sub11-c__0024__pickup.npy,11,pickup,11,0.99999857,1,"[-2.83489, 1.8484, 6.09671, -2.34753, -8.90917, -3.36344, 3.9405, -1.34547, 0.29269, -1.12082, -4.17758, 20.35008, 4.61716, -4.99715, 5.83802, -2.09478, 1.7822, -4.94723, 1.4041, -5.59911, -5.69431, -2.32727]"
44,sub11,mae,1,sub11-c__0025__pickup.npy,11,pickup,11,0.98984224,1,"[0.86411, 2.22562, 5.46331, -4.57114, -10.41412, -5.83551, 5.36081, -0.2607, 4.31817, -2.20473, -0.29142, 12.92899, 8.20825, -7.90282, 2.5955, -3.12729, -7.54445, -3.77511, -0.15519, -2.31812, -1.88275, 1.79429]"
44,sub11,mae,1,sub11-c__0026__pickup.npy,11,pickup,11,0.99951196,1,"[0.39033, 1.60872, 6.01755, -4.4642, -9.89851, -5.62003, 4.54616, -0.09772, 3.57535, -2.27637, -2.22525, 15.12062, 7.11561, -7.69164, 2.76849, -2.47749, -6.13011, -3.77752, 0.35697, -2.59773, -2.46589, 1.43969]"
44,sub11,mae,1,sub11-c__0027__pushchair.npy,12,pushchair,12,0.77997476,1,"[2.42061, 3.46063, 5.4632, -5.03863, -10.86474, -6.42974, 4.37135, -0.19188, 5.31193, -1.66183, 3.98387, 8.2368, 9.65567, -8.16525, 1.37192, -5.62302, -9.49912, -4.01022, -0.47249, -1.13345, -0.26824, 1.56194]"
44,sub11,mae,1,sub11-c__0028__pushchair.npy,12,pushchair,12,0.89547735,1,"[4.78499, 1.76409, 6.05615, -6.01465, -9.45079, -6.27517, 3.48526, -1.19652, 4.11702, -0.79015, 4.76263, 5.14165, 9.02874, -9.24194, -0.06936, -5.0311, -13.19955, -2.42515, -0.65632, 2.93147, 2.69459, 1.16634]"
44,sub11,mae,1,sub11-c__0029__pushchair.npy,12,pushchair,12,0.7622952,1,"[2.08183, 3.00079, 5.27621, -5.4066, -10.19314, -6.68661, 3.44633, -0.05263, 6.11286, -1.72758, 3.16809, 8.2013, 9.55239, -8.80472, 1.08902, -5.19697, -9.03181, -3.63337, 0.60284, -0.69863, -0.11007, 1.86345]"
44,sub11,mae,1,sub11-c__0030__pushchair.npy,12,pushchair,12,0.97175115,1,"[4.21906, 2.22569, 4.70288, -6.39457, -8.68754, -5.90735, 3.62263, -0.41233, 5.19633, 0.04007, 3.90797, 3.42227, 9.83523, -9.31751, -0.70891, -4.86969, -12.71721, -2.96441, -0.16044, 2.8171, 3.46059, 1.68506]"
44,sub11,mae,1,sub11-c__0031__pushchair.npy,12,pushchair,12,0.9239385,1,"[3.76721, 3.19382, 5.18837, -6.2123, -10.03171, -6.88088, 4.01636, -0.47329, 6.55935, -0.80942, 3.81063, 5.76222, 9.73379, -9.38297, 0.07349, -4.99164, -11.5337, -3.14857, -0.16959, 1.04124, 1.37623, 2.11387]"
44,sub11,mae,1,sub11-c__0032__pushchair.npy,12,pushchair,12,0.97942686,1,"[3.12054, 0.29443, 2.75147, -6.63023, -8.78608, -3.85058, 5.86781, 1.04202, 4.7674, -0.24551, -0.5828, 3.64598, 10.62183, -9.46005, -0.41644, -3.25905, -12.26359, -4.0375, -0.2117, 1.06371, 5.58179, 3.64822]"
44,sub11,mae,1,sub11-c__0033__sit.npy,15,sit,15,0.99963987,1,"[2.58428, -2.16644, -1.16992, -4.34148, 1.35342, -0.75499, 1.7297, -6.81506, 2.85433, 1.48042, -12.60427, -0.77032, -5.4645, -3.88021, -2.72077, 12.97489, -8.24098, 1.96944, 4.58181, -0.53344, -1.02103, 1.28644]"
44,sub11,mae,1,sub11-c__0034__stand.npy,17,stand,17,0.97427905,1,"[-0.30106, 3.52814, -0.10784, 2.33128, -2.56343, -0.30757, 2.72515, -1.52591, 8.47732, -8.35013, -13.74041, -4.6018, -6.86395, -2.03617, -2.20275, 2.66148, -8.41646, 12.16217, 3.98076, -4.89498, 0.18281, 4.76218]"
44,sub11,mae,1,sub11-c__0035__turnaround.npy,19,turnaround,19,0.99197125,1,"[5.46851, -0.52508, 5.67746, -3.27679, -2.83453, -4.57503, -1.9912, -4.93931, -3.89333, 0.81298, 4.81177, -0.49256, 0.33974, -5.5807, 0.68504, -3.14291, -11.24703, -3.40297, 1.55153, 11.32834, 2.16936, -3.95077]"
44,sub11,mae,1,sub11-c__0036__sit.npy,15,sit,15,0.99903023,1,"[2.18068, -3.32727, -1.29716, -4.93121, 3.07501, -0.94014, 0.78428, -6.66506, 1.97925, 2.53675, -12.98144, -0.71557, -5.55697, -4.5208, -3.19446, 13.54327, -7.82016, 1.6049, 6.51781, 0.49492, -0.70216, 0.24243]"
44,sub11,mae,1,sub11-c__0037__stand.npy,17,stand,17,0.9814516,1,"[-0.35095, 3.28816, -0.64653, 2.12438, -2.81196, 0.63198, 3.64407, -0.26585, 7.45871, -8.31416, -14.09339, -4.31263, -5.67259, -3.2692, -2.08911, 2.03325, -8.90734, 11.56303, 4.11542, -4.84024, 1.5635, 4.6139]"
44,sub11,mae,1,sub11-c__0038__turnaround.npy,19,turnaround,19,0.9904054,1,"[5.16531, 0.69011, 7.64712, -4.9945, -2.47024, -6.2795, -3.44527, -6.36495, -3.43145, 3.05582, 5.5369, 1.12662, 0.92429, -5.3772, -0.0063, -2.65452, -10.35948, -4.6466, 3.08609, 12.49128, 0.3446, -6.89694]"
44,sub11,mae,1,sub11-c__0039__sit.npy,15,sit,15,0.99844664,1,"[2.02583, -3.23128, -1.04789, -4.63399, 2.29442, -0.38882, 0.68171, -6.38703, 1.66362, 1.89826, -12.63762, -0.41322, -5.45486, -4.52995, -2.65538, 12.97842, -7.97645, 1.67554, 6.44683, 1.03668, -0.6305, -0.09371]"
44,sub11,mae,1,sub11-c__0040__sit.npy,15,sit,17,0.99885595,0,"[0.316, 1.87097, 0.4183, 1.44587, -0.94959, 0.61271, 1.37407, -2.10118, 6.92953, -7.21274, -12.77368, -4.09395, -7.49312, -3.13928, -2.49988, 3.857, -8.84683, 13.87376, 4.69269, -3.00858, 0.04091, 2.66859]"
44,sub11,mae,1,sub11-c__0041__turnaround.npy,19,turnaround,19,0.988708,1,"[4.17471, -3.58667, 4.707, -4.78978, -2.95213, -4.22678, -1.22851, -4.11288, -1.7622, 1.48645, 1.15669, 0.61133, 0.99099, -7.25298, 2.21123, -1.16018, -10.50277, -3.28135, 4.43183, 10.27756, 3.90775, -1.47293]"
44,sub11,mae,1,sub11-c__0042__sit.npy,15,sit,15,0.9985279,1,"[2.29697, -3.04287, -0.82561, -4.39464, 1.75118, -1.05559, 1.03584, -6.6119, 2.48681, 1.4767, -13.32243, -0.78473, -5.51881, -4.44111, -2.94106, 12.8693, -8.57443, 1.53311, 6.26532, 0.60724, -0.40969, 1.05842]"
44,sub11,mae,1,sub11-c__0043__stand.npy,17,stand,17,0.9952148,1,"[-0.1931, 1.75703, 0.75386, 1.47938, -1.2608, -0.46107, 1.3476, -2.30563, 8.07684, -7.70051, -13.3909, -4.18291, -7.62594, -2.82129, -2.55111, 3.88406, -8.59099, 13.5059, 5.32078, -3.25361, -0.13428, 3.60088]"
44,sub11,mae,1,sub11-c__0044__turnaround.npy,19,turnaround,19,0.9838033,1,"[3.74843, -3.12088, 5.05275, -5.05143, -3.42874, -4.27426, -1.11375, -4.10397, -0.98169, 1.2505, 0.52414, 1.08551, 1.18578, -7.32578, 2.21603, -1.34191, -10.21533, -3.52254, 5.12465, 10.14126, 3.35934, -1.81823]"
44,sub11,mae,1,sub11-c__0046__stand.npy,17,stand,17,0.99884784,1,"[-0.32123, 2.1761, 0.71782, 1.62442, -1.52238, 0.76512, 1.33152, -1.93884, 7.74685, -7.80962, -13.24355, -3.98667, -7.88741, -3.62763, -1.87577, 3.82865, -8.54956, 14.60755, 5.00777, -2.97701, -0.22077, 2.58083]"
44,sub11,mae,1,sub11-c__0047__turnaround.npy,19,turnaround,19,0.9911772,1,"[4.53452, -2.33168, 5.6905, -3.91733, -4.03752, -4.69556, -1.32315, -3.77266, -2.9632, 0.97895, 2.75026, 1.0762, 1.7372, -6.49196, 1.47417, -2.83133, -10.83447, -4.23214, 3.1496, 10.9018, 3.65378, -2.35806]"
44,sub11,mae,1,sub11-c__0048__sit.npy,15,sit,15,0.9974515,1,"[2.39836, -1.55304, -0.40503, -3.85824, 1.68084, -2.01243, 0.65093, -6.94099, 2.71081, 0.84355, -12.7117, -1.26126, -5.88368, -3.38695, -3.29475, 11.97656, -8.43968, 1.63038, 5.88484, 0.73262, -0.77347, 0.67427]"
44,sub11,mae,1,sub11-c__0049__stand.npy,17,stand,17,0.9796053,1,"[0.48046, 3.82377, 0.063, 1.86311, -2.50247, -0.077, 3.03246, -1.38265, 7.88209, -8.37713, -13.87486, -4.54478, -6.6445, -2.95798, -2.50783, 2.53714, -9.20198, 11.82975, 3.95888, -4.44033, 0.98648, 4.15571]"
44,sub11,mae,1,sub11-c__0050__turnaround.npy,19,turnaround,19,0.9817895,1,"[6.6045, 0.11724, 4.4128, -2.88395, -0.58546, -5.38648, -2.93401, -5.84367, -4.6306, 1.54909, 5.02129, -2.53879, -1.78478, -3.85926, -0.19223, -2.11737, -11.55598, -2.9522, 2.13795, 10.88959, 1.73794, -4.6376]"
44,sub11,mae,1,sub11-c__0051__squat.npy,16,squat,16,0.9999889,1,"[-9.97017, 1.70895, -9.63607, 2.41551, 14.28658, 6.53102, -3.96798, -2.58292, -9.45204, 15.0917, -3.67219, 3.40046, -4.14325, 5.37329, 5.54813, -0.93838, 26.87734, -6.82468, 2.90042, -9.45451, -8.23598, -10.86512]"
44,sub11,mae,1,sub11-c__0052__squat.npy,16,squat,16,0.99988866,1,"[-9.63844, 1.54071, -9.66799, 1.90266, 15.94176, 5.07677, -4.60136, -2.92691, -9.0095, 15.03434, -3.54609, 2.00322, -4.49645, 5.55438, 4.05384, -0.90801, 25.38387, -6.7803, 4.39669, -8.59929, -7.72008, -10.59112]"
44,sub11,mae,1,sub11-c__0053__squat.npy,16,squat,16,0.9999248,1,"[-9.82969, 1.58181, -10.16335, 1.89431, 15.65424, 5.63722, -4.59777, -2.37097, -9.12069, 14.94309, -3.3379, 1.88171, -3.96471, 5.52975, 4.14929, -1.19929, 25.54999, -7.00282, 4.62458, -8.6966, -7.60976, -10.69893]"
44,sub11,mae,1,sub11-c__0054__squat.npy,16,squat,16,0.99991727,1,"[-9.78401, 1.46458, -10.08067, 1.70893, 15.82616, 5.48015, -4.60018, -2.68696, -9.13668, 14.96931, -3.39214, 1.82456, -4.15678, 5.53388, 4.30849, -1.08736, 25.57974, -6.95733, 4.61723, -8.64299, -7.65587, -10.88593]"
44,sub11,mae,1,sub11-c__0055__squat.npy,16,squat,16,0.99998283,1,"[-9.94424, 2.13228, -10.00351, 2.20643, 15.4132, 6.1684, -4.48843, -2.48056, -8.94871, 14.53353, -4.20322, 2.55686, -5.06194, 5.92719, 4.19777, -0.60851, 26.72891, -6.52242, 3.96068, -9.48335, -8.38648, -11.041]"
44,sub11,mae,1,sub11-c__0056__pickup.npy,11,pickup,11,0.9994398,1,"[0.67059, 1.24165, 6.43362, -4.71172, -9.65541, -5.63172, 4.34187, -0.38378, 3.25727, -2.20549, -2.06321, 14.77568, 6.57121, -7.91337, 2.62765, -2.3568, -6.6296, -3.36481, 0.35321, -2.02958, -2.05084, 1.06553]"
44,sub11,mae,1,sub11-c__0057__pickup.npy,11,pickup,11,0.9995901,1,"[0.56416, 1.85942, 6.49858, -4.53214, -9.94036, -5.80752, 4.44147, -0.46104, 3.65055, -2.34937, -1.98676, 15.00267, 6.26795, -7.38416, 2.7475, -2.47526, -6.25959, -3.36765, 0.31676, -2.45636, -2.70174, 1.01543]"
44,sub11,mae,1,sub11-c__0058__pickup.npy,11,pickup,11,0.9996778,1,"[0.19703, 1.56723, 6.43537, -4.41039, -10.07672, -5.53779, 4.3616, -0.03354, 3.39474, -2.66017, -2.23314, 15.39972, 6.69764, -7.33769, 2.88109, -2.73885, -6.03862, -3.62732, 0.51888, -2.61543, -2.53406, 0.99741]"
44,sub11,mae,1,sub11-c__0059__pickup.npy,11,pickup,11,0.99970144,1,"[0.18533, 1.66489, 6.33258, -4.59471, -10.25289, -5.49867, 4.41064, 0.07847, 3.96979, -2.60035, -2.57487, 15.60482, 6.96302, -7.54303, 2.96569, -2.51271, -5.8402, -3.5697, 0.65811, -2.72633, -2.81053, 1.17466]"
44,sub11,mae,1,sub11-c__0060__pickup.npy,11,pickup,11,0.9992021,1,"[0.45965, 2.00884, 5.88574, -3.96943, -10.1114, -5.29002, 4.57009, 0.02202, 3.42495, -2.6587, -1.56082, 14.35246, 6.74411, -7.10876, 2.70442, -2.71321, -6.38196, -3.44523, -0.05014, -2.79978, -2.45714, 1.31764]"
44,sub11,mae,1,sub11-c__0061__pickup.npy,11,pickup,11,0.999079,1,"[0.7293, 2.05549, 6.41021, -4.59476, -10.20139, -5.70576, 4.62377, -0.24015, 4.24632, -2.50551, -1.83201, 14.35129, 6.64193, -7.54946, 2.47472, -2.48271, -6.64345, -3.28593, 0.0562, -2.51553, -2.59327, 1.58031]"
44,sub11,mae,1,sub11-c__0062__pushchair.npy,12,pushchair,12,0.95574063,1,"[3.56983, 2.52336, 4.78404, -5.75634, -9.84918, -5.78895, 4.16114, -0.12671, 5.47789, -1.32415, 4.36769, 5.13934, 9.68152, -9.08108, 0.21741, -5.11519, -12.33037, -2.58285, -0.36272, 1.53946, 2.0296, 1.76621]"
44,sub11,mae,1,sub11-c__0063__pushchair.npy,12,pushchair,12,0.9587044,1,"[4.30771, 1.0881, 4.8758, -6.32129, -8.90139, -5.4779, 3.62089, -0.34519, 4.56005, -0.65135, 3.39583, 4.11443, 9.36566, -9.52179, -0.34062, -4.4581, -13.2682, -2.27303, -0.06927, 3.08939, 3.68198, 1.80884]"
44,sub11,mae,1,sub11-c__0064__pushchair.npy,12,pushchair,12,0.9520671,1,"[3.53712, -0.80841, 3.44071, -6.90029, -8.92012, -3.48606, 5.42442, 0.92313, 4.2016, -0.84058, -0.93206, 3.43304, 9.97009, -9.79232, -0.60848, -2.96594, -13.584, -3.26723, 0.43742, 2.22216, 6.46141, 3.42915]"
44,sub11,mae,1,sub11-c__0065__pushchair.npy,12,pushchair,12,0.98809487,1,"[3.37258, 0.81125, 4.49975, -6.69668, -9.02622, -4.96782, 4.16579, 0.11785, 4.61329, -0.41448, 2.35507, 4.3749, 10.59525, -9.63834, -0.04447, -4.68876, -12.47322, -3.4666, 0.61598, 2.4917, 4.40799, 1.76211]"
44,sub11,mae,1,sub11-c__0066__pushchair.npy,12,pushchair,12,0.9869222,1,"[3.19666, 0.31338, 3.93779, -6.8283, -9.07177, -4.52459, 4.98339, 0.49831, 4.58601, -0.52168, 1.1978, 4.40152, 10.65873, -9.6717, 0.01725, -4.18228, -12.53616, -3.70771, 0.42174, 1.95144, 4.90168, 2.44508]"
44,sub11,mae,1,sub11-c__0068__pushchair.npy,12,pushchair,12,0.9642002,1,"[4.56576, 1.13013, 4.56431, -6.6675, -8.05216, -4.89695, 3.34019, -0.40737, 3.73316, 0.53273, 4.0034, 1.95006, 9.64923, -9.1283, -0.80012, -5.04694, -13.45874, -3.24728, -0.01813, 3.99426, 5.23513, 1.0633]"
44,sub11,mae,1,sub11-c__0069__sit.npy,15,sit,15,0.9992655,1,"[1.75158, -2.66347, -1.06192, -4.43495, 1.79254, -0.54596, 1.39171, -6.53039, 2.51905, 1.48865, -13.58625, -0.32094, -5.58993, -4.03611, -2.44052, 13.22238, -7.76864, 1.69994, 5.89472, -0.19076, -0.80205, 0.60333]"
44,sub11,mae,1,sub11-c__0070__stand.npy,17,stand,17,0.9915421,1,"[-0.61878, 2.56908, 0.4335, 1.62443, -1.01093, -0.69525, 1.3946, -2.5747, 8.0913, -7.32762, -13.42937, -4.34143, -7.67244, -1.8175, -2.1361, 3.84251, -7.8344, 12.93569, 5.18855, -3.54656, -0.74963, 3.04372]"
44,sub11,mae,1,sub11-c__0071__turnaround.npy,19,turnaround,19,0.9930856,1,"[5.03625, -0.81351, 5.51553, -3.05497, -2.50778, -5.01996, -2.31115, -5.17427, -4.26135, 1.57326, 4.44355, -0.43864, 0.29869, -4.86528, 0.65579, -2.75328, -10.68207, -3.93735, 2.33899, 11.21555, 2.27726, -4.23265]"
44,sub11,mae,1,sub11-c__0072__sit.npy,15,sit,15,0.9990337,1,"[1.86083, -4.09805, -1.40655, -4.79624, 2.6988, -0.45988, 1.15483, -6.22687, 1.34681, 1.92589, -12.45162, -0.84896, -5.37654, -4.48197, -2.27257, 13.15964, -8.07581, 1.86439, 6.12022, 0.50521, -0.36429, 0.47494]"
44,sub11,mae,1,sub11-c__0073__stand.npy,17,stand,17,0.97439766,1,"[0.00522, 4.16988, -0.19902, 1.68498, -2.04561, -0.12537, 2.34637, -2.09119, 8.61096, -7.46606, -13.78748, -4.65194, -6.87422, -2.72752, -2.2589, 3.38926, -8.48463, 12.29161, 4.09883, -4.20299, -0.0131, 4.06333]"
44,sub11,mae,1,sub11-c__0074__turnaround.npy,19,turnaround,19,0.98479086,1,"[4.84777, -1.25666, 5.24459, -2.96093, -3.18333, -4.37513, -1.3657, -4.60571, -3.99006, 0.86212, 3.62102, -0.0777, 0.65, -5.19791, 1.37692, -3.03416, -10.54209, -4.2149, 1.98395, 10.13261, 2.82225, -3.05297]"
44,sub11,mae,1,sub11-c__0075__sit.npy,15,sit,15,0.99865365,1,"[1.65731, -3.37557, -1.00247, -4.45018, 2.01069, -0.3705, 0.92951, -6.51644, 1.92582, 1.72524, -13.03201, -0.44344, -5.98274, -4.75445, -2.06598, 13.37141, -7.89097, 2.25853, 6.71098, 1.06506, -0.75625, -0.17374]"
44,sub11,mae,1,sub11-c__0076__stand.npy,17,stand,17,0.9972155,1,"[-0.39722, 2.30716, -0.08135, 1.88789, -1.09378, 0.49044, 1.66089, -1.71058, 7.70288, -7.78078, -13.43798, -4.37336, -7.24345, -3.035, -2.03976, 3.34583, -8.28346, 13.67391, 4.70039, -3.73014, 0.13413, 3.77299]"
44,sub11,mae,1,sub11-c__0077__turnaround.npy,19,turnaround,19,0.99180824,1,"[5.27322, -0.4571, 5.87662, -3.26662, -3.19424, -4.73179, -2.07379, -4.83478, -4.09151, 1.30151, 4.55795, 0.03699, 0.73999, -5.33376, 0.65032, -3.00002, -10.78956, -4.14521, 1.73095, 11.30527, 2.16509, -4.19547]"
44,sub11,mae,1,sub11-c__0078__sit.npy,15,sit,15,0.99864334,1,"[1.2799, -2.48423, -0.30595, -4.56955, 1.13626, -1.11609, 1.02348, -6.47721, 2.73457, 0.97768, -12.83705, -0.00763, -5.43281, -4.7368, -1.89518, 12.88622, -7.78882, 2.18138, 6.20032, 1.28743, -1.01369, -0.23156]"
44,sub11,mae,1,sub11-c__0079__stand.npy,17,stand,17,0.9984718,1,"[-0.85727, 2.99059, 1.51282, 1.42155, -1.38272, -0.75799, 1.23042, -2.54533, 6.55534, -7.80429, -11.42383, -4.18891, -8.06393, -2.15425, -0.56238, 2.10602, -7.84913, 13.33998, 5.31867, -2.29834, -0.60685, 0.36797]"
44,sub11,mae,1,sub11-c__0080__turnaround.npy,19,turnaround,19,0.98611534,1,"[4.74342, -2.04552, 6.81064, -4.86847, -4.31488, -5.5436, -1.71949, -4.32596, -1.14278, 1.04399, 2.02128, 1.47127, 1.84139, -7.15677, 1.16045, -2.23173, -11.05016, -4.14799, 3.94789, 11.28802, 3.22661, -2.23217]"
44,sub11,mae,1,sub11-c__0081__sit.npy,15,sit,15,0.9997173,1,"[2.31784, -2.75385, -1.55341, -4.46686, 3.22306, -0.39927, 1.15629, -6.86316, 2.27273, 1.41182, -13.26589, -1.34528, -6.24775, -4.06031, -3.05926, 13.74576, -7.87176, 2.92983, 5.24012, -0.61959, -1.14779, 0.67173]"
44,sub11,mae,1,sub11-c__0082__stand.npy,17,stand,17,0.99703574,1,"[0.22975, 2.17165, 0.22202, 1.37265, -1.44557, 0.85561, 2.06804, -2.5666, 7.80621, -7.48508, -13.56986, -4.14023, -7.29479, -3.14505, -1.98363, 4.21006, -8.72937, 13.70627, 4.36452, -3.81129, -0.17914, 3.60574]"
44,sub11,mae,1,sub11-c__0083__turnaround.npy,19,turnaround,19,0.99157727,1,"[6.17279, 0.21165, 6.09614, -4.12298, -2.32458, -6.16219, -2.76892, -5.628, -2.78705, 2.14288, 4.59682, -0.78241, 0.2545, -5.32098, -0.54923, -2.09345, -11.37801, -4.16769, 2.42849, 11.72718, 1.74529, -4.08901]"
44,sub11,mae,1,sub11-c__0084__squat.npy,16,squat,16,0.9922626,1,"[-8.80663, 0.4157, -8.36078, 0.49445, 12.01532, 3.74159, -3.76732, -2.00692, -9.27913, 14.86463, 0.84767, 2.96853, 0.11773, 4.09296, 5.12196, -2.77766, 19.77496, -8.08416, 4.76302, -6.41445, -5.74035, -10.04385]"
44,sub11,mae,1,sub11-c__0085__squat.npy,16,squat,16,0.99994326,1,"[-9.67736, 1.37022, -10.03043, 2.28671, 15.27299, 6.57277, -4.04536, -2.8154, -10.00793, 15.67035, -3.21048, 2.12312, -4.512, 5.63285, 5.42882, -0.93389, 25.96069, -6.8158, 2.9628, -8.81167, -7.63723, -10.97873]"
44,sub11,mae,1,sub11-c__0086__squat.npy,16,squat,16,0.99998975,1,"[-9.87791, 1.96838, -10.43521, 2.60673, 14.75198, 7.65865, -4.0455, -2.38134, -9.55149, 14.79347, -3.81928, 2.28029, -4.85689, 5.92441, 5.35795, -0.80713, 26.95798, -6.36634, 2.91465, -9.55874, -8.22432, -11.18894]"
44,sub11,mae,1,sub11-c__0087__squat.npy,16,squat,16,0.99999464,1,"[-10.04141, 2.18081, -10.73894, 2.77518, 14.58047, 8.17708, -3.99044, -2.02145, -9.46302, 14.52508, -4.0542, 2.2429, -5.01998, 6.05174, 5.38021, -0.71282, 27.38319, -6.17193, 2.85623, -9.82722, -8.41447, -11.31137]"
44,sub11,mae,1,sub11-c__0088__squat.npy,16,squat,16,0.9999939,1,"[-9.95224, 2.7022, -10.69482, 2.97432, 14.58361, 8.10337, -4.01567, -2.23303, -9.52453, 14.6575, -3.63744, 1.83617, -5.52436, 6.72096, 5.27287, -0.6459, 27.32726, -6.03882, 2.45357, -9.96485, -8.70886, -11.44069]"
44,sub11,mae,1,sub11-c__0089__pickup.npy,11,pickup,11,0.9790027,1,"[1.7813, 1.26983, 5.81433, -4.26679, -9.83482, -5.09848, 4.38386, 0.44579, 2.30237, -1.78305, 0.92285, 10.78182, 6.37011, -6.61969, 1.74423, -3.42435, -8.96672, -2.99534, -0.61893, -0.91881, -0.26815, 0.60849]"
44,sub11,mae,1,sub11-c__0090__pickup.npy,11,pickup,11,0.9919802,1,"[1.75096, 2.21518, 6.4279, -4.24589, -10.0623, -5.66228, 4.03754, 0.22094, 2.88731, -2.09225, 0.60432, 11.85058, 6.02218, -6.77539, 1.79353, -3.43672, -8.35606, -3.25994, -0.9283, -1.43406, -1.2891, 0.72357]"
44,sub11,mae,1,sub11-c__0091__pickup.npy,11,pickup,11,0.9976611,1,"[0.84458, 0.99839, 6.15922, -4.37035, -9.86873, -5.3209, 3.98648, 0.47888, 3.0853, -2.20484, -1.40585, 13.51493, 7.0595, -7.66245, 2.2806, -2.8859, -7.36469, -3.45251, -0.12094, -1.71137, -0.99161, 1.55552]"
44,sub11,mae,1,sub11-c__0092__pickup.npy,11,pickup,11,0.9968656,1,"[0.96363, 1.31083, 6.14162, -4.49579, -10.01859, -5.40347, 3.88107, 0.4624, 3.80576, -2.36623, -1.45809, 13.17395, 6.97811, -7.77019, 2.10664, -2.71447, -7.48576, -3.27476, -0.07611, -1.78882, -1.21464, 1.83785]"
44,sub11,mae,1,sub11-c__0093__pickup.npy,11,pickup,11,0.9937457,1,"[1.18651, 1.43528, 6.26794, -4.17095, -10.31978, -5.43804, 3.93705, 0.63259, 3.42303, -2.37969, -0.94765, 12.78565, 7.38597, -7.55563, 1.93077, -3.24718, -7.93872, -3.60501, -0.43226, -1.76598, -0.77893, 1.89073]"
44,sub11,mae,1,sub11-c__0095__pushchair.npy,12,pushchair,12,0.86472756,1,"[2.40457, 1.96407, 5.11835, -4.63135, -10.0373, -5.08336, 3.06339, 0.40408, 4.3638, -2.28446, 3.75083, 6.80664, 8.98394, -8.33751, 0.89254, -5.34158, -10.51045, -2.77496, 0.13446, 0.47589, 1.59912, 1.37771]"
44,sub11,mae,1,sub11-c__0096__pushchair.npy,12,pushchair,12,0.9763229,1,"[2.6198, 0.89671, 4.97891, -5.92093, -9.59596, -5.05778, 3.49939, 0.55188, 5.25015, -1.58789, 1.90774, 5.79055, 10.36747, -9.57722, 0.3573, -4.78824, -11.6446, -3.022, 0.72869, 1.69124, 3.45297, 2.27517]"
44,sub11,mae,1,sub11-c__0097__pushchair.npy,12,pushchair,12,0.98096406,1,"[3.1199, 1.06456, 4.13807, -5.9759, -9.08401, -4.74574, 3.79568, 0.37245, 4.96934, -0.97776, 2.25968, 4.76752, 10.09535, -9.67625, 0.26025, -4.44207, -11.94002, -2.63651, 0.38174, 2.1608, 3.82187, 1.98362]"
44,sub11,mae,1,sub11-c__0098__pushchair.npy,12,pushchair,12,0.9194756,1,"[1.35256, 2.59324, 4.45499, -5.29223, -10.61837, -5.47121, 4.54963, 0.77028, 5.59343, -1.8474, 2.01421, 8.27864, 10.83178, -8.77191, 1.4287, -5.19485, -9.00457, -4.36818, 0.49819, -1.08753, 0.97356, 2.03633]"
44,sub11,mae,1,sub11-c__0099__pushchair.npy,12,pushchair,12,0.9419747,1,"[3.52642, -0.5797, 3.05968, -6.52624, -7.9885, -2.99267, 4.85067, 0.79944, 3.39684, -0.01957, 0.0779, 2.07943, 9.87864, -9.32684, -0.46974, -3.43571, -13.11026, -3.53723, -0.10072, 2.87466, 6.84804, 2.67404]"
44,sub11,mae,1,sub11-c__0100__pushchair.npy,12,pushchair,12,0.9703545,1,"[3.02562, 2.26043, 4.72145, -5.98852, -9.41435, -6.06772, 3.75601, -0.14348, 5.67415, -0.82116, 3.16391, 5.71017, 10.20807, -9.46733, 0.37474, -5.07937, -11.17519, -3.10146, 0.36221, 1.50158, 2.47678, 1.75942]"
44,sub11,mae,1,sub11-c__0101__pushchair.npy,12,pushchair,12,0.96883607,1,"[2.2138, 2.21529, 4.26086, -5.913, -9.70801, -5.50694, 4.33019, 0.3376, 5.50711, -0.93897, 2.6096, 6.41482, 10.40116, -9.18223, 0.79321, -5.0372, -10.08541, -3.64891, 0.71497, 0.4641, 2.19576, 1.70992]"
44,sub11,mae,1,sub11-c__0102__sit.npy,15,sit,15,0.9997068,1,"[2.65705, -1.48636, -0.8963, -3.7833, 1.3235, -0.31, 1.67985, -6.57799, 2.46392, 0.84988, -12.886, -1.09571, -6.37689, -3.98355, -2.8885, 13.10686, -8.57778, 3.15311, 4.3679, -0.25895, -0.73137, 0.43271]"
44,sub11,mae,1,sub11-c__0104__turnaround.npy,19,turnaround,19,0.9936799,1,"[5.18814, -1.4414, 5.73463, -4.00146, -2.97829, -5.43498, -2.0665, -5.0819, -3.28066, 1.91754, 3.97143, 0.08114, 0.86992, -5.77085, 0.88508, -2.36917, -10.90756, -4.14921, 3.01177, 11.43776, 2.69064, -3.66106]"
44,sub11,mae,1,sub11-c__0105__sit.npy,15,sit,15,0.9994861,1,"[2.58774, -1.90519, -0.77, -4.13671, 2.22549, -1.38449, 0.87184, -6.98888, 2.85191, 1.41163, -13.24133, -1.24615, -6.23461, -3.78452, -3.58541, 13.24589, -8.25256, 2.24193, 5.4385, -0.02774, -0.75939, 0.85061]"
44,sub11,mae,1,sub11-c__0106__stand.npy,17,stand,17,0.9886436,1,"[-0.76573, 3.06163, -0.23727, 2.40194, -1.86365, -0.22794, 2.71238, -0.89102, 7.40416, -8.39358, -14.33923, -4.39908, -6.88714, -2.19662, -2.32302, 2.53687, -8.21704, 12.0101, 4.67828, -4.86841, 0.81612, 4.28932]"
44,sub11,mae,1,sub11-c__0107__turnaround.npy,19,turnaround,19,0.99569184,1,"[5.44092, -0.04751, 6.63922, -3.73383, -2.35907, -5.90263, -3.39184, -5.79455, -3.79353, 2.70512, 4.93323, -0.01459, 0.44107, -5.19777, -0.26954, -2.19775, -10.81652, -4.08228, 2.60717, 12.50907, 1.51322, -5.3506]"
44,sub11,mae,1,sub11-c__0108__sit.npy,15,sit,15,0.99688536,1,"[1.8951, -3.15508, -0.89444, -4.50964, 1.83999, -1.57066, 1.13832, -5.94254, 2.96579, 1.13036, -13.31178, -0.78715, -5.08679, -4.17062, -3.32171, 12.33361, -8.27468, 1.74533, 6.48752, 0.47214, 0.12875, 1.5593]"
44,sub11,mae,1,sub11-c__0109__stand.npy,17,stand,17,0.9946725,1,"[0.24404, 2.58132, 0.08375, 1.40575, -1.09124, -0.00575, 1.77078, -1.50091, 7.61135, -7.39507, -13.40431, -4.42605, -6.85442, -3.39251, -2.80643, 3.17026, -9.06441, 12.94582, 4.90573, -3.25602, 0.65775, 3.57011]"
44,sub11,mae,1,sub11-c__0110__turnaround.npy,19,turnaround,19,0.9744933,1,"[3.81649, -4.3037, 4.81518, -4.41866, -3.45203, -4.09616, -0.6872, -4.11953, -1.84515, 0.88206, 0.85278, 1.28485, 1.29981, -7.57144, 2.65678, -1.48978, -10.45405, -3.20904, 4.09359, 9.45317, 4.34286, -0.3911]"
44,sub11,mae,1,sub11-c__0111__sit.npy,15,sit,15,0.998478,1,"[2.05353, -2.67016, -1.05425, -4.25924, 2.50734, -1.07468, 0.66931, -6.65416, 2.4931, 1.67548, -13.58849, -1.14108, -6.19804, -4.37772, -3.18232, 13.26968, -8.20328, 2.19513, 6.72074, 0.65511, -0.49618, 0.42774]"
44,sub11,mae,1,sub11-c__0112__stand.npy,17,stand,17,0.99662966,1,"[-0.20326, 2.56033, 0.15176, 1.97587, -1.60532, 0.30039, 1.99975, -1.02554, 7.49802, -8.41154, -13.88415, -4.2929, -7.19038, -3.25919, -2.40627, 2.88133, -8.92215, 13.3093, 4.96703, -3.74209, 0.8551, 3.65402]"
44,sub11,mae,1,sub11-c__0113__turnaround.npy,19,turnaround,19,0.99583447,1,"[5.72781, 0.05004, 5.35165, -3.59808, -1.11149, -5.57298, -3.22003, -5.84799, -3.96765, 2.40624, 5.44022, -1.58004, -0.25558, -4.61301, -0.40289, -2.10519, -10.97702, -3.52643, 2.43391, 12.13573, 1.64911, -5.12712]"
44,sub11,mae,1,sub11-c__0114__sit.npy,15,sit,15,0.9990601,1,"[1.92095, -3.17862, -0.65072, -4.58847, 1.66185, -0.44173, 1.01328, -6.73895, 2.09614, 1.75843, -13.05354, -0.44999, -6.09277, -4.91458, -2.69117, 13.78062, -8.45529, 2.60461, 6.75583, 1.41813, -0.62583, -0.51519]"
44,sub11,mae,1,sub11-c__0115__stand.npy,17,stand,17,0.99887186,1,"[-0.04883, 1.73282, 0.71871, 1.22404, -1.37222, 0.52517, 1.41018, -1.87352, 7.27274, -7.21669, -12.97997, -3.68728, -7.39244, -4.02936, -1.98195, 3.54759, -8.94158, 14.25471, 5.50954, -2.43051, 0.28068, 2.29407]"
44,sub11,mae,1,sub11-c__0116__turnaround.npy,19,turnaround,19,0.9770405,1,"[4.2386, -3.74986, 3.86974, -4.15153, -2.80465, -4.06924, -1.1013, -3.8865, -3.07949, 1.98129, 2.08702, 0.83405, 1.47531, -6.48812, 2.39607, -2.24625, -9.72907, -4.20065, 3.55304, 9.23375, 3.99831, -1.25979]"
44,sub11,mae,1,sub11-c__0117__squat.npy,16,squat,16,0.99993384,1,"[-9.51197, 1.40647, -9.10761, 1.89709, 14.4002, 5.14488, -4.39767, -2.79442, -8.89226, 14.76719, -2.84701, 2.86922, -3.4382, 5.21113, 4.87428, -1.37003, 24.91758, -7.014, 3.98969, -8.46119, -7.69321, -10.43236]"
44,sub11,mae,1,sub11-c__0118__squat.npy,16,squat,16,0.99996495,1,"[-9.99993, 1.10574, -10.13317, 2.01323, 14.96303, 6.52412, -4.02182, -2.669, -9.58545, 15.02925, -3.46365, 2.38742, -3.84271, 5.30554, 5.62877, -1.23902, 25.95006, -6.91969, 4.01167, -8.80222, -7.58663, -11.0631]"
44,sub11,mae,1,sub11-c__0119__squat.npy,16,squat,16,0.9999683,1,"[-10.06427, 1.2985, -10.46931, 2.19969, 15.23341, 6.81082, -4.16851, -2.39556, -9.61886, 15.17027, -3.59184, 1.75264, -4.01197, 5.65696, 5.36511, -1.23089, 26.25481, -6.86116, 3.84566, -8.9323, -7.582, -11.02424]"
44,sub11,mae,1,sub11-c__0120__squat.npy,16,squat,16,0.9999845,1,"[-10.15405, 1.64759, -10.50911, 2.29581, 14.97271, 7.14703, -4.10366, -2.32373, -9.55234, 15.16187, -3.72728, 2.22191, -4.13377, 5.60751, 5.45434, -1.15388, 26.83852, -6.8768, 3.53934, -9.31433, -7.91631, -11.16319]"
44,sub11,mae,1,sub11-c__0121__squat.npy,16,squat,16,0.99998987,1,"[-10.34317, 1.31177, -10.35875, 2.18745, 14.40197, 6.68781, -4.32794, -2.21028, -8.87396, 14.63562, -4.05943, 2.42922, -3.62578, 5.39847, 5.30873, -1.11724, 26.71968, -6.9131, 4.48127, -9.16063, -7.82519, -10.69913]"
44,sub11,mae,1,sub11-c__0122__pickup.npy,11,pickup,11,0.99933463,1,"[0.46564, 1.13911, 6.62786, -4.73624, -10.16971, -5.25989, 4.34287, -0.01143, 3.37367, -2.30104, -1.88065, 14.69907, 6.58245, -7.74515, 2.78411, -2.58515, -6.78001, -3.37303, 0.36057, -1.93837, -1.82146, 0.94761]"
44,sub11,mae,1,sub11-c__0123__pickup.npy,11,pickup,11,0.99981385,1,"[-0.10201, 1.42349, 6.83013, -4.20187, -10.33743, -5.09687, 4.40459, -0.01433, 3.13753, -2.62812, -2.68548, 15.98218, 6.32619, -6.97365, 3.27269, -2.49522, -5.63269, -3.61405, 0.25297, -2.81867, -2.66691, 0.73714]"
44,sub11,mae,1,sub11-c__0124__pickup.npy,11,pickup,11,0.99932265,1,"[0.28687, 1.37316, 6.4778, -4.24536, -10.19473, -5.20165, 4.015, 0.2489, 3.3275, -2.67306, -1.92192, 14.69288, 6.76832, -7.21215, 2.6389, -2.81296, -6.42293, -3.62318, 0.25068, -2.42111, -1.95732, 1.28373]"
44,sub11,mae,1,sub11-c__0125__pickup.npy,11,pickup,11,0.9995926,1,"[0.21071, 1.64512, 6.52042, -4.25175, -10.29573, -5.35136, 4.16804, -0.01055, 3.72192, -2.63712, -2.24432, 15.08051, 6.44331, -7.13953, 2.89365, -2.51581, -6.05291, -3.50832, 0.20711, -2.69445, -2.51874, 1.3163]"
44,sub11,mae,1,sub11-c__0126__pickup.npy,11,pickup,11,0.99855655,1,"[0.19673, 1.74913, 6.27169, -4.25607, -10.95092, -5.21449, 4.78726, 0.28188, 4.25649, -2.99677, -1.86642, 14.6054, 7.79477, -7.58746, 2.98125, -2.99968, -6.67167, -3.86671, -0.02549, -2.90759, -2.10034, 2.03835]"
44,sub11,mae,1,sub11-c__0127__pushchair.npy,12,pushchair,12,0.59442914,1,"[1.27032, 2.07132, 4.49915, -4.87909, -10.53784, -5.54108, 3.89747, 0.45819, 5.55448, -2.05866, 2.26982, 9.04035, 9.47351, -8.76016, 2.13994, -4.81006, -8.48442, -3.3888, 0.8054, -0.98677, 0.13504, 1.99432]"
44,sub11,mae,1,sub11-c__0128__pushchair.npy,12,pushchair,12,0.96359664,1,"[2.51292, 2.55746, 5.10779, -5.65878, -10.35751, -5.69093, 3.93411, -0.05925, 5.53861, -0.97982, 4.03995, 6.59481, 10.44795, -9.28267, 1.13118, -5.67177, -10.52631, -3.68182, 0.17463, 0.8683, 1.79991, 1.43151]"
44,sub11,mae,1,sub11-c__0129__pushchair.npy,12,pushchair,12,0.9647796,1,"[2.70194, 2.99945, 5.69157, -5.74058, -10.44188, -5.98242, 3.80182, -0.50309, 5.44083, -0.56148, 4.70446, 6.40253, 10.50814, -9.16019, 1.03134, -6.00403, -10.60098, -4.07459, -0.0214, 1.0078, 1.69141, 1.05034]"
44,sub11,mae,1,sub11-c__0130__pushchair.npy,12,pushchair,12,0.8732436,1,"[2.53263, 3.11324, 5.97509, -5.88133, -10.92731, -6.43071, 3.78805, -0.35858, 6.66067, -1.31619, 3.21685, 7.58735, 10.02169, -9.55274, 1.11908, -5.31852, -10.04205, -3.93227, 0.29815, 0.06631, 0.7633, 1.93371]"
44,sub11,mae,1,sub11-c__0131__pushchair.npy,12,pushchair,12,0.9712096,1,"[2.73507, 2.1448, 5.46744, -5.75683, -10.15705, -5.64266, 3.67179, 0.11114, 5.22827, -0.74499, 3.83728, 6.23662, 10.49239, -9.20086, 0.59477, -5.69639, -10.87356, -3.82312, 0.17236, 1.33942, 2.37559, 1.61902]"
