seed,subject,method,k,file,true_id,true_label,pred_id,conf,correct,logits
44,sub10,supMAE,0,sub10-a__0001__wave.npy,21,wave,21,0.9999865,1,"[-1.33597, 0.28139, 1.75724, 6.31543, -7.14674, -7.81201, -4.35603, 0.5741, 4.00697, -1.18113, -2.86321, -7.62442, -1.2787, 0.51282, -6.37149, 2.27017, -7.02719, 3.29218, 2.78999, -5.08042, 1.70214, 17.73262]"
44,sub10,supMAE,0,sub10-a__0002__wave.npy,21,wave,21,0.9999714,1,"[-0.74136, -0.15223, 2.98552, 5.6047, -6.90349, -7.51875, -4.65661, 0.01482, 3.59715, -0.6281, -2.31218, -7.4002, -1.55038, 0.70999, -6.22051, 3.12242, -7.64799, 3.86455, 0.94223, -4.77151, 2.90149, 16.51481]"
44,sub10,supMAE,0,sub10-a__0003__wave.npy,21,wave,21,0.9991959,1,"[0.29901, 1.13603, 2.08389, 5.88928, -5.99639, -5.03732, -4.46442, 4.26276, 2.9102, -1.4629, -1.85306, -6.06053, -1.51329, 0.10339, -5.71816, 1.66414, -6.54097, 2.73141, 0.85067, -5.02146, 1.33602, 13.32252]"
44,sub10,supMAE,0,sub10-a__0004__wave.npy,21,wave,21,0.9998369,1,"[-0.50264, 0.33218, 2.86853, 6.66216, -6.18976, -6.27895, -5.50872, 1.75206, 2.85998, -1.06706, -2.00284, -6.97901, -1.51919, 0.698, -6.40354, 2.6471, -6.79154, 3.25468, 0.08398, -4.49602, 2.39814, 15.50082]"
44,sub10,supMAE,0,sub10-a__0005__wave.npy,21,wave,21,0.97063565,1,"[-1.06563, 1.11115, 2.16489, 9.3642, -3.90524, -4.87165, -5.06408, 5.70005, -0.01795, -2.04906, -2.11728, -6.77401, -1.64765, 3.17409, -6.25923, 1.67997, -4.82621, 2.68827, -0.18264, -4.9812, 0.78373, 12.89272]"
44,sub10,supMAE,0,sub10-a__0006__wave.npy,21,wave,21,0.9993363,1,"[-1.23804, 0.22467, 3.40592, 8.07833, -5.50857, -6.60343, -5.02873, 1.7666, 1.38268, -0.92638, -2.27586, -7.7022, -1.95531, 2.9533, -6.42756, 3.14082, -6.45757, 3.7312, -0.58249, -4.96796, 2.00043, 15.43625]"
44,sub10,supMAE,0,sub10-a__0007__bow.npy,2,bow,2,0.9999491,1,"[-4.13327, -1.55397, 15.4143, 1.19706, -8.29692, -7.47255, 3.02771, -10.31867, -0.85292, 4.01983, 2.6618, 1.06978, -0.33415, 1.50564, -3.62772, 3.68455, -8.19413, 0.68447, -7.94376, 0.98991, 3.9593, 3.95185]"
44,sub10,supMAE,0,sub10-a__0008__bow.npy,2,bow,2,0.99995744,1,"[-4.3681, -1.24988, 15.45164, 1.34588, -8.06719, -7.05201, 2.93202, -10.17557, -1.06213, 4.16431, 2.80219, 1.59773, -0.47734, 1.13703, -4.13097, 3.77943, -7.8206, 0.17642, -8.07036, 1.51258, 3.3023, 3.36599]"
44,sub10,supMAE,0,sub10-a__0009__bow.npy,2,bow,2,0.9995869,1,"[-4.84792, -2.04417, 13.85377, 1.36857, -9.19302, -7.65456, 3.22226, -9.84299, 0.11429, 4.8667, 5.23658, 2.26347, -2.09915, 0.87688, -2.52599, 3.74824, -8.5912, 0.23921, -6.22911, 0.78959, 1.82706, 2.82996]"
44,sub10,supMAE,0,sub10-a__0010__bow.npy,2,bow,2,0.999905,1,"[-4.51915, -1.69089, 14.8579, 1.47132, -8.47051, -7.69679, 2.8215, -10.14318, -0.48298, 4.50362, 3.61535, 1.6324, -1.27684, 0.87067, -3.98062, 4.01603, -8.37853, 0.25954, -6.98448, 1.67721, 3.00564, 3.39506]"
44,sub10,supMAE,0,sub10-a__0011__bow.npy,2,bow,2,0.9999343,1,"[-4.11267, -1.45121, 15.06045, 1.1779, -8.30995, -7.27644, 2.96697, -10.20454, -0.82828, 4.18656, 3.21898, 1.73836, -0.31456, 1.07137, -3.98789, 3.57677, -8.11144, 0.02622, -7.56802, 1.21265, 3.56447, 3.37367]"
44,sub10,supMAE,0,sub10-a__0012__bow.npy,2,bow,2,0.9997937,1,"[-5.03456, -1.45857, 14.05647, 2.12092, -9.18495, -7.44137, 3.28834, -9.5635, 0.1473, 3.96066, 4.44828, 2.12948, -1.73065, 0.6787, -2.85606, 3.90154, -8.02034, -0.3805, -6.48682, 1.03743, 0.86988, 3.08973]"
44,sub10,supMAE,0,sub10-a__0013__crossarms.npy,5,crossarms,5,0.9996049,1,"[-0.21375, 4.05606, -4.99045, 2.22659, 3.28082, 16.29056, 0.46019, 7.85794, -7.59361, 0.8811, 1.18415, 4.21336, -2.81344, 7.17979, 1.72162, -3.13347, 6.43404, -2.21348, -2.22023, -7.88708, -3.98763, -10.76629]"
44,sub10,supMAE,0,sub10-a__0014__crossarms.npy,5,crossarms,5,0.9489251,1,"[-1.67624, 4.09285, -3.45845, 6.44225, 3.52942, 13.24267, -1.16256, 4.70238, -9.11277, 1.30956, 2.63714, 1.78835, -3.65151, 10.27701, 1.32206, -2.58637, 6.07578, -2.68021, -4.20447, -7.5795, -3.18129, -8.64988]"
44,sub10,supMAE,0,sub10-a__0015__crossarms.npy,5,crossarms,5,0.8823168,1,"[-1.98509, 4.5404, -3.25535, 7.85721, 3.86242, 13.11753, -2.24099, 4.06931, -9.23285, 0.85277, 1.56356, 0.52943, -3.47021, 11.04779, 0.58585, -2.2079, 6.6436, -2.31525, -4.90706, -8.08079, -2.93916, -7.12863]"
44,sub10,supMAE,0,sub10-a__0016__crossarms.npy,5,crossarms,5,0.7008174,1,"[-1.99122, 3.90019, -2.94595, 7.89773, 3.45411, 12.01991, -1.9845, 3.46601, -9.19258, 1.31076, 2.57677, 0.53113, -3.80322, 11.12347, 0.76874, -2.17256, 5.73622, -2.39157, -4.80787, -7.60324, -2.56968, -7.05892]"
44,sub10,supMAE,0,sub10-a__0017__crossarms.npy,5,crossarms,5,0.73180026,1,"[-1.92457, 3.73969, -3.0904, 8.32503, 3.2913, 12.11422, -2.70265, 3.17236, -8.80621, 1.11366, 2.14524, 0.19492, -3.5773, 11.03946, 0.33852, -1.87896, 5.85232, -1.9466, -5.05488, -8.05884, -2.10938, -6.08268]"
44,sub10,supMAE,0,sub10-a__0018__airpunch.npy,1,airpunch,18,0.66762173,0,"[0.41819, 2.40044, 1.14556, -3.39768, -4.30414, -6.99537, 7.676, 6.67707, 5.77462, 0.09247, -0.82109, 0.58137, -3.55209, -0.51534, 2.81908, -1.91975, -5.42074, 0.1504, 8.80212, -1.99456, -5.57597, -4.51481]"
44,sub10,supMAE,0,sub10-a__0019__airpunch.npy,1,airpunch,10,0.6192936,0,"[-1.54222, 1.33311, 3.98605, 1.45127, -5.28221, -0.72155, -1.28774, -10.29105, -1.3279, 7.15133, 7.78693, -1.30824, -6.07794, 4.77379, 2.47661, 2.20706, -3.52392, -0.49407, -5.39916, -0.34261, -0.20304, -2.20447]"
44,sub10,supMAE,0,sub10-a__0020__airpunch.npy,1,airpunch,8,0.9773825,0,"[2.60371, -0.34174, 0.92347, -6.17929, -6.96347, -6.0464, 5.21373, 3.31301, 11.2181, -0.10613, 0.85253, 2.62789, -2.43377, -6.46469, 4.85973, -1.31696, -7.29856, 1.56316, 7.20312, -1.03695, -3.70609, -4.46189]"
44,sub10,supMAE,0,sub10-a__0021__airpunch.npy,1,airpunch,18,0.83049047,0,"[3.5217, -1.93294, 0.04498, -3.16578, -6.4585, -7.40954, 6.40473, 2.98063, 7.299, -1.26921, 0.79191, 0.72568, -2.34541, -2.89009, 3.4959, -0.04611, -8.07515, 1.87527, 9.27789, -1.98349, -3.1121, -2.66648]"
44,sub10,supMAE,0,sub10-a__0022__airpunch.npy,1,airpunch,18,0.6064943,0,"[3.31277, 1.03379, 0.60592, -6.12105, -6.11668, -6.66912, 6.30606, 2.6883, 7.96732, -0.3724, 0.09358, 1.11108, -2.06388, -4.70055, 3.87258, -1.18739, -7.12427, 0.6375, 8.6032, -0.93637, -3.32361, -4.00561]"
44,sub10,supMAE,0,sub10-a__0023__airpunch.npy,1,airpunch,8,0.687725,0,"[3.43426, -0.52074, 0.28798, -3.68451, -6.74621, -6.49659, 5.27932, 3.68788, 9.42758, -1.09812, 0.22546, 1.59667, -2.21535, -4.47029, 5.1534, -1.89156, -6.97362, 1.28774, 8.55443, -2.3281, -4.19316, -3.4064]"
44,sub10,supMAE,0,sub10-a__0024__airpunch.npy,1,airpunch,8,0.9625985,0,"[3.05939, -0.2047, 0.2892, -1.72938, -7.64383, -5.96482, 3.00289, 2.70283, 11.18471, -1.44373, 1.35334, 2.12344, -2.68354, -5.65671, 7.28656, -2.74854, -6.483, 0.11348, 7.14299, -2.2656, -5.37067, -2.97652]"
44,sub10,supMAE,0,sub10-a__0025__drink.npy,7,drink,7,0.9998698,1,"[-1.49361, 5.59963, -0.49442, 3.56879, 2.43353, 3.67932, -0.80183, 15.04441, -3.06224, -1.1966, -1.73026, 1.12426, -3.12845, 4.14917, -0.84337, -4.31747, 2.50796, -1.07826, 1.89158, -3.39758, -3.37077, -6.24248]"
44,sub10,supMAE,0,sub10-a__0026__drink.npy,7,drink,7,0.9998838,1,"[-0.19574, 5.38475, -0.79648, 4.02123, 1.70638, 3.53803, -0.93562, 14.9956, -3.46318, -2.13987, -1.76269, 1.04156, -2.63019, 3.50844, -0.64241, -4.69305, 1.70405, -1.05461, 2.99704, -3.40746, -3.0064, -5.59857]"
44,sub10,supMAE,0,sub10-a__0027__drink.npy,7,drink,7,0.99977475,1,"[-0.41181, 5.10405, -1.08374, 5.77509, 3.14359, 3.5373, -1.11705, 15.06297, -5.03745, -2.33956, -2.041, 0.31226, -2.37806, 5.32679, -1.17233, -4.67443, 2.58012, -0.86334, 2.81844, -3.49135, -2.65681, -5.9931]"
44,sub10,supMAE,0,sub10-a__0028__drink.npy,7,drink,7,0.99960726,1,"[-0.89498, 5.34031, -0.98622, 6.62076, 3.79762, 5.02157, -2.31699, 15.15658, -6.07794, -2.11857, -1.77186, 0.75169, -2.38612, 5.69755, -1.2408, -4.59839, 3.74185, -0.92862, 0.95668, -3.5093, -2.82464, -6.39382]"
44,sub10,supMAE,0,sub10-a__0029__drink.npy,7,drink,7,0.9999087,1,"[-0.9665, 5.22485, -1.21083, 5.44738, 3.39601, 4.25124, -1.29612, 15.8306, -4.98313, -2.01617, -2.58653, 0.80069, -2.27756, 4.82543, -1.89431, -4.61753, 3.14423, -0.47078, 2.67579, -3.58484, -2.55399, -5.94537]"
44,sub10,supMAE,0,sub10-a__0030__drink.npy,7,drink,7,0.9999012,1,"[-1.65781, 5.58406, -1.29346, 6.43174, 3.34813, 3.87985, -1.36672, 16.27937, -5.02343, -2.75716, -2.6064, 0.66594, -2.03073, 4.99141, -2.11714, -4.63948, 3.42161, -0.96545, 2.74832, -3.61027, -3.14719, -5.47713]"
44,sub10,supMAE,0,sub10-a__0031__brushteeth.npy,3,brushteeth,13,0.95476294,0,"[-6.50993, 9.42778, 4.02654, 4.08465, 1.05207, 6.43738, -2.32333, -5.3839, -5.9009, 5.09773, -1.3259, -3.67175, -5.41677, 12.55424, -6.05643, 3.98945, 3.41805, -0.49065, -10.17963, -6.07844, -0.33583, -0.56228]"
44,sub10,supMAE,0,sub10-a__0032__brushteeth.npy,3,brushteeth,13,0.95245713,0,"[-6.19693, 8.93037, 3.44077, 3.1955, 0.94218, 7.08744, -1.84013, -5.57612, -5.91989, 5.782, -1.1059, -2.84428, -5.47876, 12.12528, -5.57919, 3.70529, 3.29782, -0.15581, -9.78114, -6.3833, 0.3521, -1.12223]"
44,sub10,supMAE,0,sub10-a__0033__brushteeth.npy,3,brushteeth,13,0.9683662,0,"[-6.2259, 8.8475, 4.00437, 3.52282, 1.0382, 6.54114, -1.88015, -5.48496, -6.20538, 5.496, -1.32465, -3.32968, -5.33421, 12.41692, -6.31147, 4.07554, 2.90648, 0.10793, -9.96155, -5.93384, 0.91358, -0.86517]"
44,sub10,supMAE,0,sub10-a__0034__brushteeth.npy,3,brushteeth,13,0.9603462,0,"[-6.26709, 9.24643, 4.05625, 3.66245, 1.12943, 6.6555, -1.96494, -5.36537, -6.34461, 5.24197, -1.21679, -3.39278, -5.17951, 12.53805, -6.20028, 3.91582, 3.13881, -0.39653, -10.07211, -5.80268, 0.42922, -1.1271]"
44,sub10,supMAE,0,sub10-a__0035__brushteeth.npy,3,brushteeth,13,0.96837336,0,"[-6.36149, 9.15686, 4.43782, 3.62005, 1.15033, 6.25792, -1.68954, -5.40987, -6.56122, 5.39803, -1.08465, -3.40041, -5.18443, 12.67301, -6.24438, 3.93225, 2.831, -0.35787, -10.08925, -5.51605, 0.71389, -1.33822]"
44,sub10,supMAE,0,sub10-a__0036__highfive.npy,8,highfive,8,0.9964618,1,"[4.93825, 0.30268, 0.77872, -3.26602, -8.61593, -2.93352, -2.74414, -1.45513, 12.07049, 0.12847, 4.36119, 2.645, -1.47135, -9.15341, 5.91419, -2.28574, -7.42442, -0.28375, 2.25682, 0.44271, -0.48977, -3.21685]"
44,sub10,supMAE,0,sub10-a__0037__highfive.npy,8,highfive,8,0.9892987,1,"[5.43013, -0.30721, 0.51416, -4.42918, -8.6269, -2.43839, -0.79529, -0.35184, 11.70166, 0.31202, 4.25278, 3.88282, -1.73517, -9.11883, 6.82284, -2.67929, -7.59397, -0.05411, 3.50019, 0.11118, -1.19822, -4.90371]"
44,sub10,supMAE,0,sub10-a__0038__highfive.npy,8,highfive,8,0.9811679,1,"[5.65808, -0.66636, 0.3804, -4.3671, -8.66505, -2.43755, -0.74061, -0.85923, 11.19751, 0.44411, 4.67913, 4.06445, -1.26296, -9.25138, 6.79127, -2.99609, -7.82269, -0.26789, 3.90149, 0.50515, -0.21267, -5.11619]"
44,sub10,supMAE,0,sub10-a__0039__highfive.npy,8,highfive,8,0.9792612,1,"[5.57954, -0.62853, 0.09533, -4.57044, -8.66951, -2.53029, -0.15223, -0.29241, 11.55932, 0.07998, 4.37004, 4.09625, -1.38728, -9.23365, 7.45748, -3.12772, -7.62813, -0.25836, 4.30969, 0.20526, -1.06423, -5.20911]"
44,sub10,supMAE,0,sub10-a__0040__highfive.npy,8,highfive,8,0.99447083,1,"[5.20489, 0.17426, 0.27622, -3.61404, -8.95473, -2.77706, -1.79219, -1.42258, 12.24325, -0.16158, 4.53122, 3.51429, -1.18797, -9.78069, 6.69532, -3.14237, -7.41279, -0.6649, 3.40125, 0.51645, -0.79661, -3.99726]"
44,sub10,supMAE,0,sub10-a__0041__highfive.npy,8,highfive,8,0.9838213,1,"[5.5301, 0.4439, 0.35422, -3.63897, -9.11571, -2.11189, -2.17411, -1.70899, 11.72893, 0.10681, 4.84726, 3.64135, -1.0455, -9.64467, 7.37987, -3.3175, -7.10726, -1.21262, 2.56304, 0.28539, -1.00546, -4.05873]"
44,sub10,supMAE,0,sub10-a__0042__wave.npy,21,wave,21,0.9993185,1,"[-0.65061, 1.38467, 1.94035, 3.70885, -7.09343, -6.13447, -4.93712, 1.16606, 6.46447, -0.61711, -2.41602, -5.41838, -2.42949, -1.46314, -3.0235, 1.46529, -6.24612, 2.90969, 1.00197, -5.35651, 1.10573, 13.87933]"
44,sub10,supMAE,0,sub10-a__0043__wave.npy,21,wave,21,0.99978536,1,"[-1.31265, 1.11522, 3.57554, 3.7093, -7.19176, -6.79674, -5.8695, -1.26212, 6.39514, -0.1499, -2.47164, -5.97888, -2.39033, -1.00504, -3.64619, 2.47959, -6.44943, 3.5055, -1.15942, -4.7539, 2.49762, 15.05055]"
44,sub10,supMAE,0,sub10-a__0044__wave.npy,21,wave,21,0.999979,1,"[-2.36677, 1.0871, 3.79904, 3.99327, -7.19174, -7.46093, -6.10909, -2.10629, 5.98645, -0.29429, -3.60939, -6.5634, -1.78587, -0.88209, -5.23232, 2.90991, -6.35722, 3.78777, -0.5111, -4.44772, 3.31477, 17.15402]"
44,sub10,supMAE,0,sub10-a__0045__wave.npy,21,wave,21,0.99933964,1,"[-0.78799, 1.97409, 2.79449, 5.14579, -6.71465, -5.54222, -5.48172, 2.10261, 5.03811, -1.49659, -2.33685, -5.3152, -2.47188, -0.73941, -2.74575, 0.87513, -5.59289, 2.53406, -0.13422, -5.08469, 0.84165, 13.25498]"
44,sub10,supMAE,0,sub10-a__0046__wave.npy,21,wave,21,0.9998883,1,"[-1.615, 1.61706, 3.26429, 5.80175, -6.2632, -5.87522, -6.68533, 0.39976, 4.57072, -1.01955, -2.89117, -6.308, -2.37089, -0.0721, -4.43976, 2.05177, -5.36828, 3.05016, -1.39924, -4.75996, 2.51358, 15.32107]"
44,sub10,supMAE,0,sub10-a__0047__bow.npy,2,bow,2,0.9999471,1,"[-4.1577, -1.90097, 15.16339, 1.19718, -9.03212, -7.48718, 1.65747, -9.92365, 0.45108, 2.93956, 3.29269, 3.15477, -1.08596, -0.5885, -2.02909, 3.7683, -8.2158, 0.93483, -7.87743, 1.23397, 3.41923, 3.76327]"
44,sub10,supMAE,0,sub10-a__0048__bow.npy,2,bow,2,0.999949,1,"[-4.36004, -2.06109, 15.19664, 1.23787, -8.47182, -6.92598, 1.70255, -9.55693, 0.56159, 2.76988, 2.0504, 3.47689, -0.63527, -1.39919, -3.01995, 3.85619, -7.47623, 1.15483, -7.90199, 1.69868, 3.37821, 3.91043]"
44,sub10,supMAE,0,sub10-a__0049__bow.npy,2,bow,2,0.99997115,1,"[-3.93004, -1.58763, 15.58371, 1.19027, -8.61494, -6.58808, 2.20177, -9.45082, 0.02316, 2.44535, 2.31271, 3.94088, -0.33719, -1.37367, -2.67127, 3.46309, -7.43451, 0.38328, -8.16584, 1.84318, 3.08166, 3.0085]"
44,sub10,supMAE,0,sub10-a__0050__bow.npy,2,bow,2,0.999979,1,"[-4.65242, -0.98305, 15.73495, 1.30929, -8.56943, -7.10597, 2.68667, -9.33773, 0.48383, 2.35498, 1.70486, 3.45171, -0.36109, -0.9656, -2.74861, 3.29136, -7.11447, 0.07989, -7.8963, 1.39927, 2.2651, 3.45805]"
44,sub10,supMAE,0,sub10-a__0051__bow.npy,2,bow,2,0.9998779,1,"[-3.84006, -2.20177, 14.75213, 0.89881, -9.11786, -6.55434, 2.34703, -9.2485, 0.5147, 2.92189, 3.49069, 5.28266, -1.48954, -2.01952, -1.28077, 3.2012, -7.60284, 0.55061, -7.26619, 1.41252, 2.07339, 2.27395]"
44,sub10,supMAE,0,sub10-a__0052__crossarms.npy,5,crossarms,5,0.99992883,1,"[0.88545, 4.33799, -5.28858, 0.78012, 2.02312, 17.89334, -1.51497, 7.94056, -4.72612, -0.10469, -0.21372, 5.52833, -2.56522, 3.68533, 3.14994, -3.56559, 6.89562, -1.24719, -2.70882, -8.37177, -4.23744, -9.97808]"
44,sub10,supMAE,0,sub10-a__0053__crossarms.npy,5,crossarms,5,0.9999144,1,"[0.99891, 3.25614, -5.1438, 1.64631, 1.60072, 16.8654, -1.58003, 6.74619, -4.8668, 0.04593, 1.11206, 5.69833, -2.96664, 3.94339, 3.97634, -3.55545, 6.23466, -1.29819, -2.86906, -8.30755, -3.91359, -9.82454]"
44,sub10,supMAE,0,sub10-a__0054__crossarms.npy,5,crossarms,5,0.9998543,1,"[-0.32097, 4.05357, -4.63292, 3.44495, 2.85309, 16.73547, -2.32681, 6.71987, -6.7126, 0.28561, 0.66142, 4.54025, -3.33377, 6.00845, 2.68213, -3.1574, 7.12753, -1.33974, -3.88388, -8.36741, -3.30373, -9.12465]"
44,sub10,supMAE,0,sub10-a__0055__crossarms.npy,5,crossarms,5,0.9998161,1,"[-0.19036, 3.91763, -4.91533, 2.69465, 2.36594, 16.44093, -1.77792, 7.11106, -5.89436, 0.23648, 0.60966, 4.58276, -3.18535, 5.57795, 2.77212, -3.23076, 6.75321, -1.24019, -3.16909, -8.64369, -3.5155, -9.03496]"
44,sub10,supMAE,0,sub10-a__0056__crossarms.npy,5,crossarms,5,0.9998443,1,"[-0.66937, 4.79215, -3.84779, 4.25141, 2.2524, 16.62744, -3.84353, 4.87295, -5.99627, 0.30296, 0.07789, 3.63954, -3.13631, 6.12234, 2.46129, -2.84777, 7.46813, -1.34343, -5.68461, -9.06427, -2.89398, -7.16089]"
44,sub10,supMAE,0,sub10-a__0057__airpunch.npy,1,airpunch,8,0.9986313,0,"[1.94284, 1.893, 0.36504, -1.41896, -7.19633, -4.56048, 1.12292, 3.97257, 12.83929, -1.26925, 0.49615, 1.27708, -3.06481, -6.23646, 5.40471, -3.38529, -5.0594, -0.38802, 5.37486, -2.05794, -4.73253, -2.60239]"
44,sub10,supMAE,0,sub10-a__0058__airpunch.npy,1,airpunch,8,0.9951042,0,"[3.13846, 0.45543, -0.21088, -2.16853, -8.31318, -5.07764, 1.31507, 2.31422, 13.03842, -1.44801, 1.2757, 2.37568, -2.81238, -7.69518, 7.31012, -3.11773, -6.22116, 0.18575, 6.56666, -1.94702, -5.19486, -2.31794]"
44,sub10,supMAE,0,sub10-a__0059__airpunch.npy,1,airpunch,8,0.619335,0,"[3.48374, -1.35745, -1.16977, -3.76397, -6.44486, -5.61471, 5.62429, 4.33644, 9.75944, -1.05981, 1.05736, 2.57102, -1.83765, -5.11735, 6.04031, -2.50259, -6.28873, 0.08629, 9.19208, -1.91529, -4.45406, -4.44317]"
44,sub10,supMAE,0,sub10-a__0060__airpunch.npy,1,airpunch,18,0.44569585,0,"[2.96047, -0.71758, -1.09793, -3.52726, -5.82205, -4.54148, 6.01706, 5.49248, 8.66605, -1.20133, 1.03169, 3.96419, -2.09342, -4.46997, 8.03861, -4.08959, -4.71731, -0.77673, 8.95464, -1.89506, -5.60829, -6.24957]"
44,sub10,supMAE,0,sub10-a__0061__airpunch.npy,1,airpunch,18,0.46045718,0,"[4.03879, -0.83767, -1.48938, -1.75409, -6.24575, -4.49144, 4.56627, 4.82393, 8.44908, -2.27114, 0.93586, 2.75504, -1.88282, -4.40971, 7.85291, -3.66055, -4.94763, -0.84872, 8.76966, -2.15222, -5.62293, -4.69508]"
44,sub10,supMAE,0,sub10-a__0062__airpunch.npy,1,airpunch,8,0.86951727,0,"[2.86304, 0.0795, -0.75116, -2.35137, -6.08149, -4.06671, 3.4812, 5.37217, 10.02273, -1.71622, 0.8334, 3.23816, -2.28719, -5.16708, 7.40007, -3.85367, -4.55704, -0.40966, 7.27887, -2.0542, -5.45649, -5.2032]"
44,sub10,supMAE,0,sub10-a__0063__drink.npy,7,drink,7,0.9999758,1,"[-1.09688, 4.60479, -1.62237, 2.64558, 2.19155, 4.03275, 0.10739, 16.15635, -2.40001, -1.85992, -2.11245, 2.13414, -2.44241, 3.05526, -0.51286, -4.56218, 2.48519, -0.52417, 3.30791, -3.65567, -3.32257, -6.50378]"
44,sub10,supMAE,0,sub10-a__0064__drink.npy,7,drink,7,0.9997054,1,"[-1.40387, 5.68708, -0.9478, 6.69151, 3.18438, 4.47134, -2.24907, 15.37449, -5.01335, -2.86938, -1.84594, 0.90101, -1.92263, 4.90727, -0.95225, -4.94691, 3.82681, -1.59635, 1.12113, -3.33368, -3.1504, -5.88138]"
44,sub10,supMAE,0,sub10-a__0065__drink.npy,7,drink,7,0.9999633,1,"[-0.44171, 4.14758, -1.68762, 3.18894, 2.98785, 4.74516, 0.36991, 16.04946, -4.22438, -1.79721, -1.7612, 2.36471, -2.31294, 4.19108, -0.19872, -4.76914, 2.76496, -0.44593, 3.19487, -3.36044, -3.0076, -7.99521]"
44,sub10,supMAE,0,sub10-a__0066__drink.npy,7,drink,7,0.99995565,1,"[-0.626, 4.87619, -1.73496, 4.25373, 2.88356, 4.73063, -0.49406, 16.11539, -4.13418, -2.20906, -1.77014, 2.05744, -2.19247, 4.01184, -0.36497, -5.02043, 3.1746, -1.00889, 2.92352, -3.32715, -3.45633, -7.49021]"
44,sub10,supMAE,0,sub10-a__0067__drink.npy,7,drink,7,0.9999391,1,"[-0.75817, 5.32071, -1.43519, 4.16367, 2.30455, 3.96171, -1.04407, 15.70781, -3.18881, -2.29332, -1.86397, 1.7761, -2.42345, 3.39654, -0.67521, -4.90012, 2.67141, -1.21747, 2.99276, -3.36314, -3.2874, -6.31346]"
44,sub10,supMAE,0,sub10-a__0068__drink.npy,7,drink,7,0.99991405,1,"[-1.04139, 5.17917, -1.46332, 5.60972, 3.21313, 4.8153, -1.22062, 15.99966, -4.8627, -2.53451, -1.84677, 1.60251, -2.11125, 4.70187, -0.64901, -4.93796, 3.65349, -1.1069, 2.06938, -3.42618, -3.35915, -7.02254]"
44,sub10,supMAE,0,sub10-a__0069__brushteeth.npy,3,brushteeth,13,0.99154836,0,"[-7.63241, 9.31403, 3.62383, 8.17459, 1.18166, 3.36988, -2.94724, -4.20517, -5.36008, 2.75571, -4.35768, -6.82359, -4.69051, 14.37239, -7.23817, 3.75721, 3.98912, 0.33178, -8.6289, -7.33139, 0.03797, 3.88422]"
44,sub10,supMAE,0,sub10-a__0070__brushteeth.npy,3,brushteeth,13,0.9377161,0,"[-6.45582, 8.82138, 3.5212, 3.53552, 0.60557, 7.07896, -2.29698, -5.79711, -5.42578, 5.2905, -1.93355, -2.93575, -4.99364, 11.73794, -5.85016, 3.73298, 3.66846, 0.05139, -9.9338, -6.68565, 0.67697, 0.044]"
44,sub10,supMAE,0,sub10-a__0071__brushteeth.npy,3,brushteeth,13,0.9382514,0,"[-6.20863, 8.38312, 3.58857, 3.32194, 0.28907, 7.04778, -2.05763, -5.97023, -5.36796, 5.69487, -1.38829, -2.36064, -5.44688, 11.41267, -5.12967, 3.54865, 3.38434, 0.10456, -9.76224, -6.59058, 0.36204, -0.45567]"
44,sub10,supMAE,0,sub10-a__0072__brushteeth.npy,3,brushteeth,13,0.93684685,0,"[-6.25942, 7.86172, 4.09486, 3.13088, -0.24571, 6.29079, -2.10058, -6.6112, -5.07121, 6.00756, -1.29625, -2.12666, -5.15794, 10.90862, -5.13843, 3.51901, 2.83698, 0.30455, -9.84334, -6.30779, 1.40084, 0.12835]"
44,sub10,supMAE,0,sub10-a__0073__brushteeth.npy,3,brushteeth,13,0.9559758,0,"[-6.46406, 8.50746, 4.2161, 3.65279, 0.17261, 6.06241, -2.15925, -6.01295, -5.45687, 5.48063, -1.2694, -2.89429, -5.15455, 11.74221, -5.6815, 3.69855, 2.91339, -0.09287, -9.95216, -6.06454, 0.82912, -0.07797]"
44,sub10,supMAE,0,sub10-a__0074__brushteeth.npy,3,brushteeth,13,0.93673205,0,"[-6.2866, 8.76993, 4.00139, 3.3936, 0.3649, 6.85043, -1.99712, -5.65181, -5.78193, 5.4744, -1.08237, -2.44274, -5.19624, 11.65263, -5.39064, 3.50601, 3.16428, -0.31339, -9.95587, -6.10103, 0.50926, -0.95621]"
44,sub10,supMAE,0,sub10-a__0075__brushteeth.npy,3,brushteeth,13,0.9120263,0,"[-6.13731, 8.04588, 4.18669, 3.19256, -0.62961, 5.98839, -2.3019, -6.50774, -4.73207, 5.90921, -0.53425, -1.73214, -5.61694, 10.63835, -4.42729, 3.27528, 2.61683, -0.14922, -9.73407, -6.24993, 0.27549, -0.28532]"
44,sub10,supMAE,0,sub10-a__0076__highfive.npy,8,highfive,8,0.99772865,1,"[4.68453, -0.61006, 0.51145, -3.69979, -8.87918, -3.37946, -1.97024, -1.39948, 12.20548, 0.21333, 4.09194, 2.64601, -0.98899, -9.44479, 5.43855, -2.08057, -7.97989, 0.1887, 3.52709, 0.4245, 0.41375, -2.65641]"
44,sub10,supMAE,0,sub10-a__0077__highfive.npy,8,highfive,8,0.99829,1,"[5.08932, 0.30425, 1.01561, -3.77596, -8.80185, -3.21238, -2.19929, -1.53397, 12.99521, -0.16794, 2.85129, 2.64013, -1.58924, -9.50163, 6.29607, -2.19728, -7.21707, 0.17273, 2.31048, -0.3778, -0.84329, -2.32299]"
44,sub10,supMAE,0,sub10-a__0078__highfive.npy,8,highfive,8,0.99436426,1,"[4.93913, -0.03162, 0.69533, -3.67083, -8.81266, -2.67775, -1.66865, -0.69278, 12.28856, -0.22344, 3.96474, 3.34111, -1.58833, -9.20194, 6.89761, -2.44782, -7.22719, -0.16086, 2.60681, -0.03387, -1.39738, -3.7864]"
44,sub10,supMAE,0,sub10-a__0079__highfive.npy,8,highfive,8,0.9858148,1,"[5.36539, -0.89685, 0.35317, -4.17489, -8.72398, -2.80249, -0.58584, -0.60379, 11.82948, -0.02848, 4.21787, 3.81857, -1.56679, -9.13121, 7.38145, -2.64706, -7.55775, 0.01351, 3.556, -0.07161, -1.15956, -4.5182]"
44,sub10,supMAE,0,sub10-a__0080__highfive.npy,8,highfive,8,0.9984464,1,"[4.97505, 0.26777, 0.94709, -3.73015, -8.75065, -3.23602, -2.50296, -1.68663, 12.82723, 0.01628, 3.23274, 2.73252, -1.65016, -9.58708, 5.92803, -2.11769, -7.30576, 0.29106, 2.28593, -0.28404, -0.33028, -2.39433]"
44,sub10,supMAE,0,sub10-a__0081__highfive.npy,8,highfive,8,0.9990658,1,"[4.9555, 0.29914, 0.74163, -3.10481, -8.64579, -3.84575, -1.85096, -0.62334, 13.05825, -0.83935, 2.51709, 2.09499, -1.27204, -9.05769, 5.51688, -2.13722, -7.29258, 0.13957, 2.9883, -0.51679, -0.87539, -2.01732]"
44,sub10,supMAE,0,sub10-a__0082__wave.npy,21,wave,8,0.51828575,0,"[1.84671, 0.93967, 2.0075, 0.60851, -8.13054, -5.19045, -4.39148, 0.77681, 9.18656, -0.42049, -0.97732, -2.55523, -2.1852, -5.14195, -1.13402, 0.83576, -7.45046, 2.70575, 1.46601, -4.06307, 1.25669, 9.10818]"
44,sub10,supMAE,0,sub10-a__0083__wave.npy,21,wave,21,0.99216276,1,"[-0.14788, 1.48424, 3.5715, 1.81884, -8.0321, -5.6855, -6.19702, -1.03059, 8.19865, -0.68827, -2.04208, -4.27833, -1.57585, -4.05726, -2.79099, 1.74727, -6.79715, 2.86345, -1.08856, -3.68695, 2.86433, 13.06395]"
44,sub10,supMAE,0,sub10-a__0084__wave.npy,21,wave,21,0.99969864,1,"[-0.91115, 0.44175, 3.53817, 2.60929, -7.95713, -8.1188, -6.17978, -3.51834, 7.72041, -0.66009, -2.53019, -5.4044, -1.6867, -2.73526, -3.3941, 2.4903, -7.19535, 3.54928, -0.10701, -3.6912, 3.82601, 15.88939]"
44,sub10,supMAE,0,sub10-a__0085__wave.npy,21,wave,21,0.99965656,1,"[-1.40781, 1.67393, 3.47018, 5.03409, -6.24773, -5.20564, -7.13471, 0.10456, 5.41792, -0.55412, -2.42376, -5.56379, -2.35208, -0.65139, -4.13375, 2.23953, -5.26978, 3.05562, -2.44353, -4.63189, 2.48917, 14.11142]"
44,sub10,supMAE,0,sub10-a__0086__wave.npy,21,wave,21,0.99982613,1,"[-1.03019, 1.1464, 3.41263, 5.119, -6.75929, -6.59719, -6.32558, 0.01023, 5.56816, -1.15785, -2.45956, -5.73423, -2.07492, -0.94618, -3.89918, 1.91476, -6.04913, 3.00985, -0.98052, -4.58266, 2.66462, 14.88435]"
44,sub10,supMAE,0,sub10-a__0087__bow.npy,2,bow,2,0.99989736,1,"[-4.35183, -2.0719, 14.64606, 1.30229, -9.3743, -7.11707, 2.07176, -9.26666, 1.36907, 2.60325, 2.73319, 4.66005, -1.85412, -1.82484, -1.29532, 3.76613, -7.62678, 0.9473, -7.11336, 0.96963, 2.12113, 3.33487]"
44,sub10,supMAE,0,sub10-a__0088__bow.npy,2,bow,2,0.9999447,1,"[-4.84911, -1.56158, 15.09462, 1.31719, -8.85144, -7.12274, 2.02466, -9.13859, 0.99372, 2.80058, 2.41538, 4.40422, -1.66539, -1.24379, -1.84073, 3.50582, -7.23746, 0.80181, -7.42546, 0.82781, 2.12785, 3.34998]"
44,sub10,supMAE,0,sub10-a__0089__bow.npy,2,bow,2,0.999897,1,"[-4.24434, -1.85913, 14.72125, 1.29732, -9.32622, -6.84627, 1.93347, -9.0527, 1.34689, 2.47902, 3.01047, 5.01559, -1.4369, -2.46634, -1.52994, 3.39898, -7.45897, 0.27044, -7.05218, 1.75737, 1.76675, 2.62743]"
44,sub10,supMAE,0,sub10-a__0090__bow.npy,2,bow,2,0.9999517,1,"[-4.14809, -1.68489, 15.25699, 1.1947, -8.63206, -6.30176, 2.09198, -9.08296, 0.67121, 1.87897, 1.82813, 4.73485, -0.43465, -2.4148, -1.83646, 3.21714, -6.82869, 0.52352, -7.96966, 1.79202, 2.36987, 3.01213]"
44,sub10,supMAE,0,sub10-a__0091__bow.npy,2,bow,2,0.9999633,1,"[-4.54826, -1.66784, 15.49244, 1.25352, -8.51101, -6.56906, 2.64282, -9.08419, 0.55807, 2.04962, 1.03722, 4.35403, -0.44839, -1.92608, -2.55708, 3.47367, -6.74248, 0.80014, -7.87476, 1.63208, 2.60346, 3.54642]"
44,sub10,supMAE,0,sub10-a__0092__crossarms.npy,5,crossarms,5,0.9998048,1,"[0.75953, 3.77226, -5.13278, 0.78356, 2.01266, 16.89462, -0.61192, 7.97795, -5.13162, -0.15092, 0.36816, 6.14202, -2.74759, 3.86048, 4.12473, -4.07958, 6.54802, -1.49514, -1.85648, -7.85414, -4.18159, -10.86018]"
44,sub10,supMAE,0,sub10-a__0093__crossarms.npy,5,crossarms,5,0.9999372,1,"[0.97148, 3.84936, -4.20587, 2.93608, 1.11889, 16.78764, -3.32952, 4.14583, -4.58604, 0.15728, 0.76639, 5.25955, -3.26396, 3.67886, 4.47722, -3.57638, 6.64516, -1.46457, -4.62725, -8.57864, -3.46751, -8.19464]"
44,sub10,supMAE,0,sub10-a__0094__crossarms.npy,5,crossarms,5,0.999912,1,"[1.0297, 3.18117, -5.40531, 1.94897, 2.21981, 17.32847, -1.81669, 7.40697, -5.67362, -0.33752, 0.4805, 5.54967, -2.35645, 4.29859, 3.68148, -3.91109, 6.78978, -1.01197, -2.53619, -8.24168, -3.25212, -9.98932]"
44,sub10,supMAE,0,sub10-a__0095__crossarms.npy,5,crossarms,5,0.99994075,1,"[1.04451, 3.57916, -5.12336, 2.25478, 2.29865, 17.68104, -2.29762, 6.93304, -6.0348, -0.13448, 0.31928, 5.87308, -2.72637, 4.15961, 3.86997, -4.00309, 7.14854, -1.17713, -3.15998, -8.09972, -3.20496, -9.9381]"
44,sub10,supMAE,0,sub10-a__0096__crossarms.npy,5,crossarms,5,0.99991584,1,"[0.33481, 3.62094, -5.11656, 4.08982, 2.59201, 17.40375, -3.39927, 6.36685, -6.30098, -0.66621, -0.24212, 4.29465, -2.30593, 5.39613, 2.64976, -3.33271, 7.61999, -0.81592, -4.10795, -8.92571, -2.50318, -8.03649]"
44,sub10,supMAE,0,sub10-a__0097__crossarms.npy,5,crossarms,5,0.99987614,1,"[-0.03872, 3.57613, -4.90407, 4.0047, 2.80405, 17.09074, -2.9501, 6.64449, -6.65955, -0.5045, 0.09139, 4.51715, -2.41916, 5.75536, 2.78461, -3.37262, 7.58731, -1.06803, -3.98624, -8.59669, -2.73294, -8.6022]"
44,sub10,supMAE,0,sub10-a__0098__crossarms.npy,5,crossarms,5,0.9999447,1,"[0.59065, 3.55791, -4.95552, 3.18414, 2.2516, 17.69074, -3.08627, 6.40524, -6.09322, -0.37584, 0.25117, 5.34473, -2.52368, 4.64314, 3.37502, -3.53497, 7.40609, -1.0747, -4.05242, -8.5164, -2.92094, -8.95599]"
44,sub10,supMAE,0,sub10-a__0099__airpunch.npy,1,airpunch,7,0.53570783,0,"[1.32314, 1.92337, -0.21637, -3.02229, -4.42146, -0.16341, 1.87822, 8.73373, 8.40928, -1.68784, 0.44593, 4.80522, -3.09818, -4.43665, 6.56431, -3.99606, -2.22021, -0.07635, 3.6711, -1.9528, -5.71376, -7.62206]"
44,sub10,supMAE,0,sub10-a__0100__airpunch.npy,1,airpunch,8,0.9874564,0,"[2.10279, 1.475, -0.19682, -2.42158, -6.80873, -2.39382, 1.0252, 5.22203, 11.56477, -1.10115, 1.32248, 3.38924, -3.51523, -6.46098, 6.95024, -3.06553, -4.27771, -0.03694, 4.05855, -2.00871, -5.84948, -4.70068]"
44,sub10,supMAE,0,sub10-a__0101__airpunch.npy,1,airpunch,8,0.5587401,0,"[2.26021, 1.04337, -0.63668, -2.74665, -5.06815, -0.80215, 2.10981, 7.31931, 8.25469, -1.23408, 0.81288, 4.47425, -3.48201, -4.44717, 7.15771, -3.87672, -3.03527, 0.2055, 4.87119, -2.39909, -5.36139, -7.14434]"
44,sub10,supMAE,0,sub10-a__0102__airpunch.npy,1,airpunch,18,0.888589,0,"[3.4711, -1.85702, -1.8857, -0.51463, -6.33791, -5.79123, 3.78119, 4.46775, 8.02978, -1.7835, 0.62087, 1.45235, -3.28513, -3.89934, 6.08241, -2.22836, -5.97774, 1.24411, 10.28799, -2.63695, -4.08074, -2.40017]"
44,sub10,supMAE,0,sub10-a__0103__airpunch.npy,1,airpunch,8,0.81135076,0,"[2.73646, -0.28593, 0.17443, -2.68501, -6.41035, -3.60663, 3.30941, 4.40901, 9.75808, -0.83504, 1.07673, 3.68456, -3.58432, -5.0775, 8.1352, -3.54735, -4.95163, 0.59984, 6.07803, -2.06486, -4.7628, -5.68976]"
44,sub10,supMAE,0,sub10-a__0104__drink.npy,7,drink,7,0.99993145,1,"[-1.4012, 4.97453, -0.9557, 4.10122, 2.95955, 4.65682, -1.19205, 15.64978, -3.77716, -1.99735, -2.05001, 1.69478, -2.35298, 4.13385, -0.58746, -4.68638, 3.23109, -0.62055, 1.42883, -3.5759, -2.50755, -6.44995]"
44,sub10,supMAE,0,sub10-a__0105__drink.npy,7,drink,7,0.99989986,1,"[-1.14627, 5.11331, -1.50437, 6.31487, 3.63653, 5.10642, -1.63329, 16.26745, -5.2365, -2.94349, -2.14113, 1.46395, -1.64756, 5.09821, -0.59566, -5.04987, 4.19712, -0.89545, 1.40375, -3.78485, -3.20209, -6.87165]"
44,sub10,supMAE,0,sub10-a__0106__drink.npy,7,drink,7,0.9999263,1,"[-1.24122, 5.17998, -1.35783, 5.74441, 2.92171, 4.4473, -1.31874, 16.11433, -4.48585, -2.71475, -1.99557, 1.43927, -2.04201, 4.52294, -0.57355, -4.99148, 3.5126, -0.95802, 2.04869, -3.64229, -3.28999, -6.38208]"
44,sub10,supMAE,0,sub10-a__0107__drink.npy,7,drink,7,0.99995935,1,"[-0.86538, 4.81615, -1.91407, 4.82161, 3.31673, 4.66736, -0.85829, 16.36283, -4.4571, -2.28416, -2.03926, 1.80588, -2.13273, 4.38155, -0.80501, -4.91239, 3.45699, -0.67393, 2.85138, -3.52698, -3.11447, -7.1341]"
44,sub10,supMAE,0,sub10-a__0108__drink.npy,7,drink,3,0.9634558,0,"[-1.25223, 4.31726, 0.38367, 10.68882, 0.45315, -1.73829, -2.94971, 6.69768, -3.66845, -2.2945, -2.65219, -3.96817, -4.31274, 6.62411, -0.16795, -3.23236, 0.39622, 0.39989, 2.28846, -4.34333, -1.00832, 1.98964]"
44,sub10,supMAE,0,sub10-a__0109__brushteeth.npy,3,brushteeth,13,0.9950112,0,"[-7.71269, 8.48448, 4.99274, 7.32226, 0.72317, 1.84011, -2.46756, -5.25993, -5.09528, 3.4675, -4.28195, -6.92164, -4.69489, 14.11062, -7.7651, 4.35809, 2.74168, 0.96717, -8.93462, -6.55593, 1.14584, 4.55557]"
44,sub10,supMAE,0,sub10-a__0110__brushteeth.npy,3,brushteeth,13,0.9582795,0,"[-6.57064, 8.85612, 3.9989, 4.04362, 0.70263, 6.74723, -2.08375, -5.52743, -5.61153, 4.86737, -2.182, -3.33484, -5.18681, 12.14693, -6.14135, 3.99305, 3.60032, 0.20862, -10.13734, -6.48641, 0.27778, 0.13081]"
44,sub10,supMAE,0,sub10-a__0111__brushteeth.npy,3,brushteeth,13,0.92589474,0,"[-6.78358, 8.68851, 4.39, 3.79866, 0.28477, 6.67718, -2.45677, -5.95452, -5.31238, 5.25575, -1.8426, -2.69467, -5.08922, 11.39826, -6.31237, 4.05842, 3.31317, 0.07747, -10.30522, -6.22491, 0.57596, 0.26475]"
44,sub10,supMAE,0,sub10-a__0112__brushteeth.npy,3,brushteeth,13,0.92103314,0,"[-6.48166, 8.74011, 4.23033, 3.72189, 0.24923, 6.76978, -2.28408, -5.83227, -5.41161, 4.99167, -1.82762, -2.60577, -4.87975, 11.37258, -5.89525, 3.67509, 3.37143, -0.09597, -10.18035, -6.20884, 0.68576, -0.03886]"
44,sub10,supMAE,0,sub10-a__0113__brushteeth.npy,3,brushteeth,13,0.9503325,0,"[-6.74035, 8.65412, 4.60563, 4.04065, 0.29817, 6.0073, -2.43233, -5.88321, -5.40695, 4.97454, -1.96141, -3.20278, -4.7654, 11.73481, -6.5807, 4.02342, 2.97166, 0.07496, -10.21654, -6.05512, 1.12832, 0.60014]"
44,sub10,supMAE,0,sub10-a__0114__highfive.npy,8,highfive,8,0.99421257,1,"[5.02864, -0.4947, 1.20262, -3.29398, -8.66425, -3.1413, -2.78902, -1.90044, 11.75267, 0.33004, 4.13773, 2.84372, -1.79211, -8.96057, 6.19792, -1.89752, -7.63071, 0.38614, 1.76528, 0.07707, 0.13106, -2.68383]"
44,sub10,supMAE,0,sub10-a__0115__highfive.npy,8,highfive,8,0.99755764,1,"[4.5558, -0.25955, 0.61003, -3.03246, -8.69936, -3.38398, -1.72035, -0.49048, 12.53613, -0.41239, 3.31555, 2.78391, -1.95, -8.82699, 6.24474, -2.03199, -7.33853, 0.37276, 3.00484, -0.59774, -1.38359, -2.61655]"
44,sub10,supMAE,0,sub10-a__0116__highfive.npy,8,highfive,8,0.999321,1,"[4.51974, 0.46089, 1.36541, -2.83927, -8.95865, -3.55928, -3.15632, -1.68944, 13.15363, -0.57248, 2.64296, 2.1151, -1.39612, -9.35582, 5.40339, -1.76419, -7.18336, 0.22851, 1.52674, -0.57918, -0.55282, -0.8235]"
44,sub10,supMAE,0,sub10-a__0117__highfive.npy,8,highfive,8,0.9988575,1,"[4.21826, 1.31483, 2.52268, -2.58278, -9.09139, -3.76379, -4.24372, -4.1193, 12.66053, 0.03104, 2.69639, 1.52431, -1.99195, -8.77054, 5.52428, -1.32906, -6.97422, 0.03859, -0.60514, -0.49051, 0.12703, 0.22685]"
44,sub10,supMAE,0,sub10-a__0118__highfive.npy,8,highfive,8,0.9989619,1,"[4.32952, 1.29861, 2.76662, -3.16934, -8.9718, -3.54509, -4.41587, -4.33549, 12.531, 0.43122, 2.25972, 1.54907, -1.54822, -8.94538, 5.13497, -1.45712, -6.77821, 0.03623, -0.85413, -0.41209, 0.74522, 0.50326]"
44,sub10,supMAE,0,sub10-a__0119__highfive.npy,8,highfive,8,0.9981888,1,"[4.96002, 0.87801, 2.72955, -3.5272, -9.19539, -3.76948, -3.64178, -4.59428, 12.50653, 0.59866, 2.45041, 1.88619, -2.0254, -9.1488, 5.71699, -1.32346, -7.29468, 0.44044, -0.22243, -0.49144, 0.43725, -0.27059]"
44,sub10,supMAE,0,sub10-a__0120__wave.npy,21,wave,8,0.551806,0,"[1.08452, 2.0577, 2.38052, 1.9428, -6.93489, -3.32267, -5.67133, 2.75783, 8.20736, -1.11867, -1.08796, -2.34434, -2.14329, -4.21548, -0.54567, -0.04632, -5.44643, 1.85894, -1.079, -4.17102, 0.82977, 7.98046]"
44,sub10,supMAE,0,sub10-a__0121__wave.npy,21,wave,21,0.9966349,1,"[0.47198, -0.24792, 4.16771, 2.21045, -7.56651, -6.45768, -5.47429, -2.73839, 6.41344, 0.40886, -1.12911, -4.51824, -2.48106, -1.86979, -1.90517, 2.59851, -7.45044, 3.81871, -1.29151, -4.11653, 3.52924, 12.35244]"
44,sub10,supMAE,0,sub10-a__0122__wave.npy,21,wave,21,0.9925442,1,"[0.15745, 0.62647, 4.17688, 2.35299, -7.56492, -6.10401, -6.65038, -2.14623, 7.37115, 0.21134, -0.90921, -4.30635, -2.50397, -2.88148, -2.35397, 2.37407, -7.0511, 3.28392, -2.12438, -3.51467, 3.17045, 12.34806]"
44,sub10,supMAE,0,sub10-a__0123__wave.npy,21,wave,21,0.9952715,1,"[-0.11232, -0.72894, 4.77223, 1.07845, -8.02589, -7.30556, -5.43177, -4.88044, 6.97971, 1.28518, -0.81658, -4.30593, -2.58257, -2.36907, -1.94323, 3.16702, -8.03317, 4.21454, -1.35139, -3.28449, 4.45267, 12.57858]"
44,sub10,supMAE,0,sub10-a__0124__wave.npy,21,wave,21,0.99906415,1,"[-0.40981, 0.36365, 4.74135, 2.80511, -7.51529, -7.1364, -6.28802, -3.47599, 6.19723, 0.74312, -1.68865, -5.12023, -2.59719, -1.8477, -3.37136, 2.72432, -7.31476, 3.89086, -1.25374, -3.43734, 4.33899, 13.61741]"
44,sub10,supMAE,0,sub10-a__0125__bow.npy,2,bow,2,0.99997497,1,"[-4.32764, -1.66352, 15.87561, 1.14139, -8.71039, -6.82205, 2.50163, -9.11675, 0.29502, 2.16853, 1.59525, 4.50341, -0.42686, -1.39272, -1.96722, 3.25953, -7.0679, 0.77627, -8.10992, 1.23615, 2.90071, 3.19774]"
44,sub10,supMAE,0,sub10-a__0126__bow.npy,2,bow,2,0.99998283,1,"[-5.05173, -0.84634, 15.96035, 2.06045, -8.2347, -7.04471, 1.99636, -9.19044, 0.06943, 1.874, 0.95101, 2.75907, 0.03411, -0.36634, -2.59767, 3.0929, -6.44245, 0.36475, -8.35827, 1.304, 2.77352, 4.09069]"
44,sub10,supMAE,0,sub10-a__0127__bow.npy,2,bow,2,0.9999827,1,"[-4.84867, -0.71914, 16.088, 1.99631, -8.28418, -7.02787, 3.18242, -9.03278, 0.21832, 0.79123, 0.00026, 2.47305, 0.76973, -0.76951, -2.91881, 3.27633, -6.41271, 0.29448, -8.16732, 1.59276, 2.17906, 4.31237]"
44,sub10,supMAE,0,sub10-a__0128__bow.npy,2,bow,2,0.99995935,1,"[-4.25535, -1.45405, 15.42183, 1.45671, -8.52876, -6.32236, 2.34946, -8.94528, 0.64814, 1.82526, 0.64416, 4.56505, -0.37419, -2.11421, -2.37084, 3.39488, -6.50284, 0.65711, -7.82842, 1.48847, 2.56524, 3.46004]"
44,sub10,supMAE,0,sub10-a__0129__bow.npy,2,bow,2,0.9999734,1,"[-4.44012, -1.35544, 15.64475, 1.57138, -8.39962, -6.23014, 2.46265, -8.87692, 0.27734, 1.51119, 0.39622, 4.03142, 0.52663, -1.98698, -2.80354, 3.19369, -6.36956, 0.35518, -7.92102, 1.95162, 2.71547, 3.56902]"
44,sub10,supMAE,0,sub10-a__0130__crossarms.npy,5,crossarms,5,0.9998621,1,"[0.23294, 3.01465, -4.93809, 3.07134, 1.96057, 16.28275, -2.31249, 5.6633, -5.25645, -0.3288, 0.93933, 5.16993, -2.60428, 4.73579, 3.87413, -3.64662, 6.85179, -1.5101, -3.41955, -8.39751, -3.04996, -8.86179]"
44,sub10,supMAE,0,sub10-a__0131__crossarms.npy,5,crossarms,5,0.9996693,1,"[-0.58653, 3.62533, -4.41408, 4.89644, 2.76717, 16.0572, -3.32311, 5.33123, -6.49315, -0.414, 0.33951, 3.98572, -2.75771, 6.36495, 3.00892, -3.31158, 7.63045, -1.27804, -4.58406, -8.67396, -2.57854, -7.87863]"
44,sub10,supMAE,0,sub10-a__0132__crossarms.npy,5,crossarms,5,0.9994854,1,"[-1.06101, 3.2112, -4.27194, 5.3441, 2.74653, 15.66413, -3.60865, 5.01306, -6.47297, -0.29594, 0.11942, 3.33129, -2.62945, 6.72988, 2.36684, -2.82368, 7.59644, -0.8192, -4.88328, -8.90354, -2.01135, -6.82959]"
44,sub10,supMAE,0,sub10-a__0133__crossarms.npy,5,crossarms,5,0.9996842,1,"[-0.91169, 3.52574, -4.50368, 5.0588, 3.04298, 16.25328, -3.54862, 5.66863, -6.86738, -0.31919, 0.10387, 3.84906, -2.62613, 6.51099, 2.39603, -3.1576, 7.77505, -1.06052, -4.48758, -8.69053, -2.17245, -7.5621]"
44,sub10,supMAE,0,sub10-a__0134__crossarms.npy,5,crossarms,5,0.99938047,1,"[-0.70506, 3.03657, -4.09227, 5.65077, 2.4478, 15.21481, -4.04229, 4.4257, -6.29208, -0.30107, 0.52105, 3.39522, -2.90028, 6.46791, 2.82595, -2.90711, 7.25635, -0.83377, -5.04428, -8.76828, -1.96596, -6.56713]"
44,sub10,supMAE,0,sub10-a__0135__crossarms.npy,5,crossarms,5,0.99980015,1,"[-0.40073, 3.19058, -4.46268, 4.85395, 2.90047, 16.59397, -3.88768, 5.3474, -6.76783, -0.19159, 0.01373, 4.03442, -2.55793, 6.1321, 2.5946, -3.15851, 7.74223, -0.67913, -5.00831, -8.76358, -1.6781, -7.38402]"
44,sub10,supMAE,0,sub10-a__0136__drink.npy,7,drink,7,0.9998572,1,"[-1.91634, 5.20887, -1.32842, 5.97519, 3.83955, 4.24804, -1.42585, 15.75259, -5.14947, -2.60889, -2.17643, 0.79499, -1.83318, 5.44007, -1.09895, -4.81767, 4.03208, -1.18168, 1.94041, -3.5426, -2.7768, -6.24227]"
44,sub10,supMAE,0,sub10-a__0137__drink.npy,7,drink,7,0.9995863,1,"[-2.14034, 5.50477, -1.15307, 7.08354, 4.04501, 4.61895, -2.20472, 15.39439, -5.73379, -2.67065, -2.1511, 0.6998, -1.9627, 5.74761, -1.30107, -4.85573, 4.50253, -1.28261, 1.26285, -3.52375, -2.91495, -6.07908]"
44,sub10,supMAE,0,sub10-a__0138__drink.npy,7,drink,7,0.99985003,1,"[-1.82493, 5.44407, -0.98162, 5.43299, 3.43889, 4.67348, -2.06127, 15.42949, -4.53077, -2.29425, -2.17494, 1.14162, -2.09916, 4.6032, -1.25392, -4.82948, 3.84116, -1.0786, 1.30137, -3.45357, -2.51767, -5.91953]"
44,sub10,supMAE,0,sub10-a__0139__drink.npy,7,drink,7,0.9990715,1,"[-1.95693, 5.67088, -0.88601, 7.39821, 3.80593, 4.50476, -2.68372, 14.77463, -5.53963, -2.82421, -1.92194, 0.51309, -2.03634, 5.65358, -1.10698, -4.80106, 4.32854, -1.48142, 0.72676, -3.44405, -2.85378, -5.78714]"
44,sub10,supMAE,0,sub10-a__0140__drink.npy,7,drink,7,0.9558714,1,"[-2.38356, 6.54194, -0.10836, 9.2574, 2.83274, 3.26954, -4.43503, 12.4228, -4.86692, -3.04725, -1.66181, -0.70845, -2.38029, 5.25685, -1.12438, -4.75278, 3.98692, -2.32936, -0.22599, -3.15154, -2.77946, -3.21903]"
44,sub10,supMAE,0,sub10-a__0141__airpunch.npy,1,airpunch,8,0.92903394,0,"[1.85022, 3.48452, 1.24597, 0.91492, -6.15875, -1.6173, -1.85412, 2.73193, 9.61109, -1.25323, 1.6454, 1.89913, -3.6226, -4.63286, 6.97128, -4.07729, -2.80004, -2.01816, 0.41992, -1.51364, -4.52615, -3.9611]"
44,sub10,supMAE,0,sub10-a__0142__airpunch.npy,1,airpunch,8,0.91814584,0,"[3.35099, 2.94398, 2.30497, 0.59006, -7.47905, -2.61419, -2.57446, -2.11858, 9.43177, -0.18047, 2.97929, 0.65451, -4.15198, -4.78287, 6.93682, -2.45889, -4.48615, -1.56199, -1.84212, -1.3349, -2.70537, -2.05906]"
44,sub10,supMAE,0,sub10-a__0143__airpunch.npy,1,airpunch,8,0.83713543,0,"[2.58847, 1.90946, 1.30413, -0.72677, -6.91339, -2.15333, 0.29152, 2.51063, 9.65478, -0.67722, 1.75403, 2.5189, -3.68854, -4.89374, 7.99624, -3.89842, -3.91064, -1.25491, 1.98145, -1.8788, -4.68772, -4.51363]"
44,sub10,supMAE,0,sub10-a__0144__airpunch.npy,1,airpunch,8,0.9864434,0,"[2.10188, 1.80266, 1.27497, -0.4198, -7.51318, -3.70635, 0.35448, 1.45875, 11.06843, -0.63128, 1.32807, 1.38924, -3.63927, -5.26353, 6.71252, -3.09645, -4.78374, -0.79223, 3.22573, -1.87297, -4.46096, -2.82184]"
44,sub10,supMAE,0,sub10-a__0145__airpunch.npy,1,airpunch,7,0.5210666,0,"[2.408, 0.25823, -0.41006, -3.31508, -4.5116, -0.59542, 3.28272, 7.82456, 6.95174, -0.48898, 1.15289, 5.08285, -3.63278, -3.764, 6.78738, -3.93594, -3.20504, 0.11326, 5.08023, -2.16491, -4.64695, -8.07064]"
44,sub10,supMAE,0,sub10-a__0146__brushteeth.npy,3,brushteeth,13,0.8982905,0,"[-5.8689, 8.33823, 3.4757, 3.5602, 0.15328, 7.76572, -2.41883, -5.55432, -4.87414, 4.84898, -1.91642, -2.16344, -5.53287, 11.00644, -5.11021, 3.74341, 3.73403, 0.46417, -10.14635, -7.0673, -0.27351, -0.06308]"
44,sub10,supMAE,0,sub10-a__0147__brushteeth.npy,3,brushteeth,13,0.8615231,0,"[-6.00752, 8.16972, 3.52832, 3.34685, 0.16697, 8.14955, -2.39458, -5.54431, -5.06898, 5.06589, -1.83796, -1.7382, -5.17753, 10.72355, -5.22736, 3.56164, 3.78198, 0.4343, -10.13526, -6.92079, 0.22142, -0.37919]"
44,sub10,supMAE,0,sub10-a__0148__brushteeth.npy,3,brushteeth,13,0.9414494,0,"[-6.52538, 7.73766, 4.25281, 3.94098, -0.20905, 6.23936, -2.57597, -6.22028, -4.56766, 5.14644, -2.40374, -2.6784, -5.07916, 10.84623, -6.08004, 4.11466, 3.0703, 0.89549, -10.02975, -6.63941, 1.1708, 1.4324]"
44,sub10,supMAE,0,sub10-a__0149__brushteeth.npy,3,brushteeth,13,0.92695016,0,"[-6.36478, 8.20173, 4.482, 4.22005, -0.02379, 6.22495, -2.84102, -6.1795, -4.72882, 4.73631, -2.0112, -2.72677, -5.2623, 10.95413, -5.6496, 3.96636, 3.20157, 0.36473, -10.35685, -6.24884, 0.45143, 0.88216]"
44,sub10,supMAE,0,sub10-a__0150__brushteeth.npy,3,brushteeth,13,0.8449718,0,"[-6.2369, 7.87023, 3.99891, 3.53684, -0.14293, 7.64859, -2.75692, -6.0598, -4.94381, 5.30093, -1.33917, -1.3367, -5.1496, 10.22894, -5.28791, 3.68127, 3.42801, 0.20843, -10.2711, -6.42217, 0.4842, -0.21581]"
44,sub10,supMAE,0,sub10-a__0151__brushteeth.npy,3,brushteeth,13,0.8919685,0,"[-6.43194, 8.12881, 4.06565, 3.73615, 0.10285, 7.22319, -2.70324, -6.09405, -4.92564, 5.14127, -2.35108, -2.0544, -4.90068, 10.65158, -5.73006, 3.63799, 3.68637, 0.48631, -10.20662, -6.68253, 0.96782, 0.62888]"
44,sub10,supMAE,0,sub10-a__0152__highfive.npy,8,highfive,8,0.99389786,1,"[4.37303, 0.2617, 1.78008, -2.39725, -9.11768, -3.34763, -3.92098, -3.29292, 12.10406, 0.20554, 3.67824, 2.85999, -2.0955, -9.36836, 6.86613, -2.12102, -6.71172, -0.10787, 0.43045, -0.06594, -0.33648, -1.16532]"
44,sub10,supMAE,0,sub10-a__0153__highfive.npy,8,highfive,8,0.9874894,1,"[5.39048, 0.46304, 1.13412, -2.98418, -9.13907, -2.51434, -2.55021, -2.34902, 12.70271, -0.56021, 3.26391, 3.36555, -2.57785, -9.59365, 8.2632, -2.35547, -6.43836, -0.01915, 1.1216, -0.41233, -2.23754, -2.9807]"
44,sub10,supMAE,0,sub10-a__0154__highfive.npy,8,highfive,8,0.9885373,1,"[4.61311, 0.73903, 2.08041, -2.93058, -9.09639, -2.73276, -2.4991, -2.46688, 12.14636, 0.04462, 3.60369, 3.2592, -2.56692, -8.70826, 7.60427, -2.04517, -6.59518, -0.24484, 0.13357, -0.51316, -1.79634, -3.03249]"
44,sub10,supMAE,0,sub10-a__0155__highfive.npy,8,highfive,8,0.9842107,1,"[4.72862, 0.07451, 1.22893, -3.68159, -9.24477, -3.28704, -1.00431, -2.24913, 12.73206, 0.03139, 3.34798, 3.49964, -2.84254, -9.33277, 8.56335, -2.51664, -6.86724, -0.01568, 2.32907, -0.20102, -2.27166, -3.54738]"
44,sub10,supMAE,0,sub10-a__0156__highfive.npy,8,highfive,8,0.9980757,1,"[3.83832, 0.84669, 1.06555, -2.29437, -8.82592, -3.42055, -2.40166, -0.8277, 13.13194, -0.65256, 2.63478, 2.50672, -2.59247, -8.73614, 6.78746, -1.93172, -6.41528, 0.13068, 1.71441, -0.97505, -2.51998, -1.90329]"
44,sub10,supMAE,0,sub10-b1__0001__walk.npy,20,walk,20,0.9978654,1,"[2.67665, -5.28471, 3.05888, -4.00844, -1.37028, -4.77173, -3.18143, -11.84295, -1.06426, 4.94912, 7.70733, -2.53225, 4.07847, -0.73512, -4.68471, 2.83432, -8.84061, -1.29615, -2.65544, 6.93769, 14.3107, -0.70684]"
44,sub10,supMAE,0,sub10-b1__0002__turnaround.npy,19,turnaround,19,0.99996805,1,"[-1.69119, -0.15153, 2.79667, -0.9467, -2.25342, -4.85361, 1.45472, -7.77489, -0.04765, 0.75116, 3.76998, -3.4334, 1.34473, -2.66961, -3.90007, 6.6347, -6.08562, -3.97916, 1.73028, 17.1074, 3.11166, -5.80523]"
44,sub10,supMAE,0,sub10-b1__0003__walk.npy,20,walk,20,0.9993698,1,"[-0.82576, -6.37705, -0.82419, -0.48154, -0.85969, 0.23434, -2.075, -7.69644, -4.13099, 4.58332, 4.54627, -2.75614, 2.47509, 2.6162, -1.88252, -1.23934, -3.95382, 5.38073, 1.34374, 6.95761, 14.67802, -2.8023]"
44,sub10,supMAE,0,sub10-b1__0004__turnaround.npy,19,turnaround,19,0.9999839,1,"[-2.78263, 1.3166, 2.72993, -1.34464, -3.13398, -3.81083, 0.72305, -6.96785, 1.10103, 1.50713, 2.96545, -0.23366, 1.06921, -5.53261, -1.03628, 4.21399, -2.49526, -5.67688, 0.91193, 15.86614, 0.83965, -6.11421]"
44,sub10,supMAE,0,sub10-b1__0005__walk.npy,20,walk,20,0.998326,1,"[3.21225, -6.00572, 2.89777, -3.10433, -1.74346, -4.71385, -2.94152, -11.3976, -1.68884, 3.59677, 6.80041, -2.41599, 3.79983, -0.4871, -4.72793, 3.84191, -8.92189, -0.39519, -2.88815, 6.41652, 13.82004, 0.5195]"
44,sub10,supMAE,0,sub10-b1__0006__turnaround.npy,19,turnaround,19,0.9999851,1,"[-1.43337, 1.21144, 2.21659, -1.05006, -1.82217, -4.50853, 0.54437, -7.16593, 0.27944, 0.35604, 4.47992, -2.88874, 1.17134, -2.99466, -2.25394, 5.18996, -5.16158, -5.0104, 1.52325, 16.81117, 1.84341, -6.80774]"
44,sub10,supMAE,0,sub10-b1__0007__walk.npy,20,walk,20,0.99918514,1,"[-1.65552, -6.04202, -0.97511, -0.09443, 0.25644, -0.43862, -2.06299, -7.37608, -4.21901, 4.80466, 3.59678, -3.6307, 2.56172, 3.85136, -2.40481, -1.38419, -3.33072, 4.96676, 1.84547, 7.14808, 14.51663, -2.6192]"
44,sub10,supMAE,0,sub10-b1__0008__turnaround.npy,19,turnaround,19,0.9999924,1,"[-2.38834, 1.43412, 1.06715, -0.90263, -2.27367, -3.73196, 1.3314, -7.60249, 0.6255, 1.67304, 3.84811, -1.46181, 0.62938, -4.42542, -1.28354, 3.51856, -2.3252, -6.27485, 2.05821, 16.4942, 0.6844, -6.85114]"
44,sub10,supMAE,0,sub10-b1__0009__walk.npy,20,walk,20,0.99954516,1,"[4.52926, -5.52673, 3.17191, -3.31685, -1.66482, -4.37853, -4.18355, -11.3014, -1.30831, 2.51021, 5.86182, -2.07307, 4.08195, -1.43001, -4.35294, 3.66646, -8.73488, 0.00579, -3.70044, 6.10946, 14.6355, 0.99573]"
44,sub10,supMAE,0,sub10-b1__0010__turnaround.npy,19,turnaround,19,0.9999682,1,"[-2.44454, 0.72959, 2.86162, -0.65201, -2.77047, -4.08619, 0.01517, -7.10291, 0.66769, 0.51367, 4.89377, -2.31854, 0.9338, -2.95791, -1.31117, 4.88015, -5.30745, -3.97147, 0.9759, 16.07274, 2.01049, -6.46509]"
44,sub10,supMAE,0,sub10-b1__0011__walk.npy,20,walk,20,0.9996612,1,"[-1.53095, -6.15698, -0.75706, -0.7633, 0.20412, -0.2118, -1.44184, -7.41625, -4.39328, 4.88411, 4.10798, -2.88005, 3.18216, 3.60253, -1.60661, -2.25768, -3.74645, 4.83307, 1.89566, 6.77294, 15.13185, -3.35367]"
44,sub10,supMAE,0,sub10-b1__0012__turnaround.npy,19,turnaround,19,0.9999931,1,"[-2.21661, 1.90017, 1.62045, -0.76627, -2.50566, -3.95138, 1.37877, -7.12879, 0.84844, 0.87363, 3.30593, -1.32203, 0.61069, -4.63568, -0.944, 3.55299, -2.23627, -6.26505, 1.61812, 16.40537, 0.06283, -6.69772]"
44,sub10,supMAE,0,sub10-b1__0013__walk.npy,20,walk,20,0.9996475,1,"[3.65017, -5.64232, 3.68865, -3.03798, -2.63744, -4.56224, -4.53787, -11.43823, -0.26195, 2.81438, 5.30347, -1.75111, 3.95931, -2.26419, -4.34232, 3.88109, -8.75851, 0.58368, -3.73234, 5.9176, 14.6089, 2.06318]"
44,sub10,supMAE,0,sub10-b1__0014__turnaround.npy,19,turnaround,19,0.999982,1,"[-2.17219, 1.47603, 1.89353, -0.35945, -2.56369, -3.58469, -0.30361, -6.76694, 0.63566, 0.0966, 4.80354, -1.47383, 0.93387, -3.72492, -0.84586, 4.06233, -4.01366, -5.2996, 1.37465, 16.24896, 0.68121, -6.75261]"
44,sub10,supMAE,0,sub10-b1__0015__walk.npy,20,walk,20,0.9994861,1,"[-1.48902, -6.16892, -1.12056, -0.48256, -0.04528, -0.03681, -1.29402, -7.38677, -4.54074, 4.51772, 4.23485, -2.78415, 3.54372, 3.40099, -1.30539, -2.70583, -3.27577, 4.29394, 2.27265, 7.01618, 14.83612, -3.4128]"
44,sub10,supMAE,0,sub10-b1__0016__turnaround.npy,19,turnaround,19,0.99999166,1,"[-2.35162, 1.46633, 1.52953, -0.86369, -2.96454, -3.65292, 1.01484, -7.02578, 1.18197, 0.71724, 3.4303, -0.65144, 0.54334, -5.16596, -0.59471, 3.67654, -2.3146, -5.71603, 1.72566, 16.2812, 0.10226, -6.66724]"
44,sub10,supMAE,0,sub10-b1__0017__walk.npy,20,walk,20,0.9990213,1,"[4.24527, -5.56248, 3.28866, -2.30073, -2.03115, -4.33067, -4.9215, -11.13376, -0.89009, 1.53654, 5.69399, -2.05292, 4.32639, -2.23449, -4.78136, 4.28608, -8.57996, 0.0075, -4.13825, 6.50049, 14.03559, 1.93885]"
44,sub10,supMAE,0,sub10-b1__0018__turnaround.npy,19,turnaround,19,0.9999722,1,"[-2.24016, 1.74464, 2.06661, -0.4405, -2.38527, -3.81752, 0.31985, -6.80421, 0.63343, 0.56524, 4.7484, -2.21757, 0.90067, -3.07072, -0.87638, 3.93446, -4.23096, -5.53374, 1.92124, 15.77707, 0.42328, -7.13637]"
44,sub10,supMAE,0,sub10-b1__0019__walk.npy,20,walk,20,0.99956125,1,"[-0.98937, -6.32896, -1.09449, -0.92519, 0.58577, 0.02882, -1.14507, -7.14171, -5.20111, 4.3749, 4.52049, -3.06963, 3.72787, 3.72718, -2.05025, -2.19779, -3.87024, 4.38797, 2.0358, 7.51755, 15.42155, -3.94998]"
44,sub10,supMAE,0,sub10-b1__0020__turnaround.npy,19,turnaround,19,0.99998915,1,"[-2.84606, 1.45077, 1.36711, -0.5767, -3.02047, -3.61289, 1.02072, -7.15206, 1.19744, 1.19776, 3.42191, -0.73827, 0.50554, -5.15214, -0.79828, 3.59996, -1.92133, -6.02631, 1.78394, 15.98656, -0.28905, -6.20478]"
44,sub10,supMAE,0,sub10-b1__0021__walk.npy,20,walk,20,0.9988776,1,"[4.66379, -5.02349, 3.39705, -2.31417, -2.44763, -4.42403, -4.69724, -11.38942, -0.49192, 1.41597, 5.49753, -2.17491, 4.47966, -2.34116, -4.7169, 4.14895, -8.59498, -0.42463, -4.24416, 6.27387, 13.77228, 2.11084]"
44,sub10,supMAE,0,sub10-b1__0022__turnaround.npy,19,turnaround,19,0.99996495,1,"[-2.70721, 1.31413, 2.53467, -0.74328, -2.94127, -3.84394, 0.18889, -6.63402, 0.62054, 0.27306, 4.9565, -1.6109, 1.16913, -3.42018, -0.59875, 4.17139, -4.4239, -4.92008, 1.39133, 15.73377, 0.74481, -6.80697]"
44,sub10,supMAE,0,sub10-b1__0023__walk.npy,20,walk,20,0.9996395,1,"[-1.25843, -6.12514, -0.76222, -0.76376, 1.07994, -0.20746, -1.17372, -6.61583, -5.34819, 4.55998, 3.92018, -3.02369, 3.49049, 4.18542, -2.46272, -2.17345, -3.53804, 4.6707, 1.66688, 7.16478, 15.3394, -3.7282]"
44,sub10,supMAE,0,sub10-b1__0024__turnaround.npy,19,turnaround,19,0.9999887,1,"[-1.9848, 1.95399, 1.62658, -0.82912, -2.93764, -3.306, 1.05378, -6.91341, 1.0884, 0.41236, 3.51662, -0.14945, 0.36874, -5.39926, -0.44779, 3.426, -2.13991, -5.99075, 1.36258, 15.91761, -0.53688, -7.00071]"
44,sub10,supMAE,0,sub10-b1__0025__hop.npy,9,hop,0,0.9609074,0,"[14.16591, -0.0326, -7.07051, -2.43083, 10.95154, 1.54421, -5.33628, -4.93544, -3.93802, -4.67148, 1.99619, 0.32985, 6.32257, -0.71482, -0.14315, -1.27014, 1.88268, -6.19874, -3.28945, 3.29755, 4.6699, -6.41731]"
44,sub10,supMAE,0,sub10-b1__0026__hop.npy,9,hop,0,0.99518615,0,"[14.79686, -0.61525, -7.21608, -3.28248, 9.41172, 1.04261, -3.53268, -5.38148, -3.53107, -4.19462, 2.82178, 0.44116, 6.3308, -0.92124, 1.35265, -1.93065, 0.74487, -6.38445, -1.99343, 2.75961, 4.23206, -6.80626]"
44,sub10,supMAE,0,sub10-b1__0027__hop.npy,9,hop,0,0.99965084,0,"[15.62808, 0.34166, -7.19946, -2.69733, 7.4996, 1.47846, -3.68604, -5.21417, -2.29373, -5.4305, 3.37754, 1.57418, 5.04189, -2.36504, 4.81122, -2.62922, 1.18572, -6.74926, -2.56226, 2.0985, 1.24526, -7.15572]"
44,sub10,supMAE,0,sub10-b1__0028__hop.npy,9,hop,0,0.9880844,0,"[14.52007, -0.53071, -6.69669, -2.85101, 10.0695, 1.56399, -4.59701, -5.09234, -3.64719, -5.21249, 1.73396, 0.38121, 6.48157, -1.4455, 0.07104, -1.13625, 0.70846, -5.49283, -2.51102, 3.7337, 4.29031, -6.55936]"
44,sub10,supMAE,0,sub10-b1__0029__hop.npy,9,hop,0,0.99575907,0,"[14.66741, 0.34615, -6.24921, -2.21253, 9.118, 1.35899, -5.42356, -5.72483, -3.10316, -5.5685, 1.97851, 0.1321, 6.5567, -1.91437, 0.54117, -1.16902, 0.82109, -5.92537, -3.48283, 3.56837, 4.68201, -5.91545]"
44,sub10,supMAE,0,sub10-b1__0030__hop.npy,9,hop,0,0.97508395,0,"[14.32547, 0.38382, -6.4108, -1.74446, 10.63956, 2.09854, -6.15182, -6.06154, -4.2307, -4.64657, 2.60664, -0.14379, 6.28673, -0.50233, -0.44294, -1.03192, 1.8593, -6.36448, -4.56234, 3.85813, 5.18998, -6.33623]"
44,sub10,supMAE,0,sub10-b1__0031__jump.npy,10,jump,10,0.9731189,1,"[-1.50564, -0.17291, 4.81398, 3.56626, -2.26769, -5.14846, -3.59663, -11.87527, -2.33291, 3.88232, 10.16629, -3.91337, 2.27392, 4.06046, -5.53696, 3.23617, -4.90369, -6.38141, -6.74564, 4.90188, 5.6304, 1.27809]"
44,sub10,supMAE,0,sub10-b1__0032__jump.npy,10,jump,10,0.9997147,1,"[0.85285, -2.45348, 2.2683, 1.77303, -4.20112, -4.3688, -3.13282, -10.91518, -0.91615, 3.43791, 14.1726, -1.13248, 1.49092, 0.39821, -1.66167, 2.1914, -6.32683, -6.46196, -4.60347, 5.58121, 4.34734, -1.29061]"
44,sub10,supMAE,0,sub10-b1__0033__jump.npy,10,jump,10,0.9996538,1,"[1.33154, -2.30974, 2.45915, 2.24382, -5.04875, -3.8568, -4.80702, -11.19416, -0.2588, 3.16326, 13.6955, -0.77879, 0.40364, -0.42763, -2.39103, 3.31076, -6.93979, -4.51063, -5.51244, 4.72474, 4.73584, -0.13068]"
44,sub10,supMAE,0,sub10-b1__0034__jump.npy,10,jump,10,0.9994778,1,"[0.89372, -0.96737, 2.81074, 2.34169, -3.5396, -4.07373, -4.16255, -11.31863, -1.38467, 3.40414, 13.45103, -1.98298, 0.88233, 1.35248, -2.64631, 2.73406, -5.76408, -6.38582, -5.91684, 5.38521, 4.13031, -0.86398]"
44,sub10,supMAE,0,sub10-b1__0035__jump.npy,10,jump,10,0.9995757,1,"[1.44097, -1.65832, 2.49486, 2.20029, -4.41317, -3.95312, -4.42109, -11.18548, -0.6114, 3.14867, 13.63309, -1.25824, 0.8637, -0.00054, -2.01451, 2.74923, -6.28737, -5.84377, -5.57759, 5.35391, 4.29059, -0.70685]"
44,sub10,supMAE,0,sub10-b1__0036__jump.npy,10,jump,10,0.99922395,1,"[1.58717, -1.65448, 3.37821, 2.06176, -4.57994, -4.26607, -3.95295, -11.44733, -1.0289, 3.19869, 13.38048, -1.23707, 1.08474, 0.05056, -2.05834, 2.60761, -6.69075, -5.89749, -5.65357, 5.68638, 4.80645, -0.93134]"
44,sub10,supMAE,0,sub10-b1__0037__runonspot.npy,13,runonspot,13,0.99721473,1,"[-5.66015, 4.89136, 2.32021, 9.49768, 4.63389, -4.25214, -2.44093, -7.30739, -5.19546, 2.36676, -0.32299, -10.1588, 0.91902, 15.40198, -8.61388, 2.20692, 2.88751, -5.92911, -6.09896, -0.43616, 1.99801, 3.20662]"
44,sub10,supMAE,0,sub10-b1__0038__runonspot.npy,13,runonspot,13,0.99184,1,"[-0.59726, 5.96985, -1.3427, 7.64544, 9.99802, -1.98032, -5.09369, -6.9372, -6.52214, 0.13577, -1.49542, -9.41338, 1.70086, 14.9139, -8.04582, 0.95693, 5.16031, -6.34384, -6.26593, -0.11901, 3.14893, 0.59468]"
44,sub10,supMAE,0,sub10-b1__0039__runonspot.npy,13,runonspot,13,0.99933535,1,"[-3.50438, 4.82952, 0.5008, 8.64304, 7.95954, -2.84951, -3.49246, -6.60174, -6.75601, 1.3048, -1.49926, -10.30297, 1.77052, 16.39496, -9.35434, 1.7507, 3.81321, -5.22046, -6.08895, -0.5406, 3.77365, 2.13494]"
44,sub10,supMAE,0,sub10-b1__0040__runonspot.npy,13,runonspot,13,0.99896145,1,"[-5.17421, 4.30379, 1.08772, 8.40019, 6.03274, -4.8545, -3.38234, -7.64973, -5.0502, 3.51234, 0.81047, -10.32069, 0.49847, 15.39147, -8.79881, 2.09734, 2.5484, -5.75663, -5.29978, 0.29672, 2.39046, 2.66115]"
44,sub10,supMAE,0,sub10-b1__0041__runonspot.npy,13,runonspot,13,0.99915314,1,"[-3.6367, 4.96695, 0.77762, 8.67469, 7.26, -3.43153, -3.55188, -6.89997, -6.38577, 2.05444, -0.35622, -10.27776, 1.10674, 15.99575, -8.84478, 1.55822, 3.3496, -5.78811, -6.06211, -0.04437, 3.29282, 1.74408]"
44,sub10,supMAE,0,sub10-b1__0042__buttkicks.npy,4,buttkicks,4,0.9999865,1,"[3.0231, 3.02871, -7.44784, 0.8242, 20.81704, 2.498, -8.65919, -4.36414, -7.63219, 3.83967, -1.58344, -4.43399, 3.03253, 8.78368, -10.24208, 0.02297, 8.96026, -6.25602, -4.9064, 4.34037, 5.70294, -6.22298]"
44,sub10,supMAE,0,sub10-b1__0043__buttkicks.npy,4,buttkicks,4,0.9999472,1,"[3.60944, 3.97754, -7.44993, 1.78567, 19.85107, 2.27791, -8.43355, -4.8819, -7.17531, 3.58019, -1.68579, -4.72795, 1.96873, 8.88856, -8.97567, -0.07566, 9.58741, -7.32344, -5.26093, 3.80871, 4.51439, -6.11139]"
44,sub10,supMAE,0,sub10-b1__0044__buttkicks.npy,4,buttkicks,4,0.9999368,1,"[1.89224, 3.61125, -6.74266, 1.73004, 20.08279, 1.95023, -7.78765, -4.39357, -7.92005, 4.1824, -1.96586, -5.17685, 2.70629, 10.17296, -10.74485, 0.22327, 8.82542, -6.62593, -4.61387, 4.03934, 4.83604, -5.8849]"
44,sub10,supMAE,0,sub10-b1__0045__buttkicks.npy,4,buttkicks,4,0.9999641,1,"[3.36989, 3.44063, -7.09092, 1.29078, 19.55582, 1.2052, -7.89637, -4.75668, -6.81342, 3.12496, -2.45797, -5.35536, 3.4893, 8.80888, -9.97962, -0.14301, 8.31013, -6.81454, -4.2412, 4.20465, 5.37944, -5.18599]"
44,sub10,supMAE,0,sub10-b1__0046__buttkicks.npy,4,buttkicks,4,0.99994826,1,"[1.72526, 3.48879, -6.36826, 1.86546, 20.17801, 1.99549, -7.93365, -4.33624, -8.10685, 4.1292, -2.53972, -5.13071, 3.2674, 9.89848, -10.99036, 0.12352, 9.16768, -6.79641, -4.68333, 4.41004, 5.495, -5.86616]"
44,sub10,supMAE,0,sub10-b1__0047__airkick.npy,0,airkick,0,0.99999344,1,"[17.70843, 3.09514, -4.81277, 0.07615, 5.12752, 0.69006, -2.49903, -6.13636, -3.41708, -6.80902, 2.06722, -0.08779, 4.01482, -0.31227, 4.10766, -1.64729, 0.62303, -7.20766, -4.65681, 0.62488, -0.42841, -5.63205]"
44,sub10,supMAE,0,sub10-b1__0048__airkick.npy,0,airkick,9,0.9851621,0,"[-6.48769, -0.18775, 1.04086, 1.76258, -0.43259, -4.30087, -2.18623, -8.32063, -0.03025, 14.71424, 10.5159, -0.9527, -1.93385, 3.70479, -5.07618, 1.16599, -1.32812, -5.92111, -1.60001, 3.76578, -0.02769, -3.30826]"
44,sub10,supMAE,0,sub10-b1__0049__airkick.npy,0,airkick,9,0.99909246,0,"[-8.32137, -0.70245, 0.9619, 1.85667, 0.70125, -4.05445, -0.17438, -7.70772, -1.36468, 16.27572, 9.23579, -1.45785, -2.04172, 5.84035, -4.89842, 0.79203, 0.30909, -5.56511, -1.33981, 2.77101, -0.7596, -3.51486]"
44,sub10,supMAE,0,sub10-b1__0050__airkick.npy,0,airkick,9,0.9965312,0,"[-8.10249, -0.50561, 3.3741, 3.81947, -2.25042, -4.42642, -0.96448, -8.48561, -0.27307, 12.82926, 6.60156, -4.03872, -3.31748, 5.3605, -7.01681, 5.53062, -2.68157, -0.87614, -3.02421, 2.88423, -0.34328, 0.10108]"
44,sub10,supMAE,0,sub10-b1__0051__airkick.npy,0,airkick,9,0.98800266,0,"[-7.59898, -0.64901, 3.60894, 2.17131, -2.3204, -6.36642, -0.17791, -8.65712, 0.17306, 13.44499, 9.01195, -2.373, -1.1954, 4.44897, -5.57582, 1.97014, -3.40544, -4.399, -1.3351, 3.64578, 0.93484, -1.59962]"
44,sub10,supMAE,0,sub10-b1__0052__airkick.npy,0,airkick,9,0.9963201,0,"[-8.69922, -3.76344, 2.2259, 3.07332, -2.51007, -4.9199, 1.08532, -8.03994, -0.67125, 12.68252, 6.7926, -3.26991, -1.14908, 5.29107, -5.02797, 3.67365, -2.54814, -0.45251, -0.97233, 2.81239, 1.86249, 0.27154]"
44,sub10,supMAE,0,sub10-b1__0053__airkick.npy,0,airkick,9,0.99984,0,"[-9.04369, -3.24602, 1.50284, 1.64209, -0.16949, -4.65379, -0.67931, -8.26855, -0.63582, 15.73693, 6.73722, -2.79706, -0.39622, 4.80485, -7.06653, 2.42881, -1.50762, -2.00593, -0.69557, 3.6497, 4.14563, -0.77632]"
44,sub10,supMAE,0,sub10-b1__0054__sidekick.npy,14,sidekick,9,0.9766425,0,"[-8.46131, -1.68551, 4.61314, 4.48411, -2.29152, -4.4692, -1.3676, -10.35211, -0.77123, 10.92938, 6.9096, -1.92776, -0.90022, 4.14654, -5.48116, 2.77454, -0.59695, -4.57146, -4.55, 4.01051, 1.25359, 1.09869]"
44,sub10,supMAE,0,sub10-b1__0055__sidekick.npy,14,sidekick,9,0.979563,0,"[-9.1405, -0.43509, 3.91973, 5.24893, -0.18323, -3.2068, -3.06519, -10.10461, -0.6439, 10.43874, 4.75903, -2.60731, 1.1185, 2.98143, -6.81063, 1.82595, 1.9792, -5.69526, -4.8749, 5.73757, 1.55169, 0.60269]"
44,sub10,supMAE,0,sub10-b1__0056__sidekick.npy,14,sidekick,9,0.99133563,0,"[-8.33249, -0.60415, 4.58564, 3.88519, -0.68803, -5.15917, 0.10317, -8.79029, -1.45525, 12.40951, 7.45647, -1.62357, -2.11288, 5.21445, -4.9198, 1.79398, 0.22901, -5.8898, -3.72196, 4.24951, -0.84838, -1.76162]"
44,sub10,supMAE,0,sub10-b1__0057__sidekick.npy,14,sidekick,9,0.95297205,0,"[-7.79526, -1.29242, 6.37899, 4.18907, -2.42581, -4.62949, -1.9575, -10.86619, -1.06513, 10.369, 6.51345, -2.20831, -0.31553, 3.32166, -7.15151, 3.49079, -1.90439, -4.49483, -5.72726, 5.04999, 2.98862, 1.47923]"
44,sub10,supMAE,0,sub10-b1__0058__sidekick.npy,14,sidekick,9,0.9820952,0,"[-8.745, -0.97253, 5.20835, 4.80755, -0.96817, -4.95447, -1.69557, -10.35189, -0.64919, 10.61562, 5.03492, -3.66043, -0.31826, 4.44567, -7.46576, 3.22393, -0.18302, -4.82648, -5.05104, 5.05887, 1.88935, 1.92159]"
44,sub10,supMAE,0,sub10-b1__0059__crosstoe.npy,6,crosstoe,6,0.9999931,1,"[-2.5893, 1.38153, 3.29817, -2.74593, -6.56974, -3.42293, 17.62583, -6.70661, 1.36129, 0.68839, -0.47269, 4.47914, 4.7627, -2.01809, 3.33827, -3.84274, -1.368, -9.40752, 3.6495, 1.42868, -4.72609, -5.79729]"
44,sub10,supMAE,0,sub10-b1__0060__crosstoe.npy,6,crosstoe,6,0.9999243,1,"[-6.31786, 1.64858, 6.82108, 0.99033, -6.13635, -6.16678, 16.34842, -5.15987, 1.33536, 0.4218, -2.75958, -0.79184, 1.83673, 2.45442, 0.65456, -0.56135, -2.09215, -4.59916, 0.63508, -0.72927, -5.57042, -0.82279]"
44,sub10,supMAE,0,sub10-b1__0061__crosstoe.npy,6,crosstoe,6,0.9999989,1,"[-5.51986, 2.52687, 4.20902, -2.2849, -4.82717, -5.13003, 18.91311, -4.10426, 1.49654, 1.98937, -1.89714, 1.08382, 3.57141, 1.14328, 2.49975, -3.70766, -0.89658, -7.7271, 3.26519, -0.18442, -5.99684, -4.89782]"
44,sub10,supMAE,0,sub10-b1__0062__crosstoe.npy,6,crosstoe,6,0.99999845,1,"[-6.2498, 2.26694, 4.45533, -1.70746, -6.29195, -5.529, 18.88878, -3.36355, 3.0484, 0.93539, -2.39839, 2.15408, 3.08423, 0.40439, 4.14192, -4.54269, -1.11372, -7.02428, 3.93771, -1.54419, -6.65235, -3.4146]"
44,sub10,supMAE,0,sub10-b1__0063__crosstoe.npy,6,crosstoe,6,0.9999993,1,"[-7.22751, 1.98411, 4.4782, -3.41569, -5.81277, -6.72176, 20.02841, -3.58212, 2.85168, 3.31458, -2.089, 2.12225, 3.43151, 0.67843, 3.02778, -4.37759, -1.5091, -7.63733, 5.10033, -0.84183, -5.37931, -3.84772]"
44,sub10,supMAE,0,sub10-b1__0064__throw.npy,18,throw,18,0.5562079,1,"[-0.22687, 4.26544, -1.4029, -1.07979, 1.23853, -0.86335, 8.29675, 6.98125, -3.55695, -1.01751, -2.07529, 0.64303, -2.00141, 1.90075, -0.72338, -1.52177, -0.291, -4.10619, 8.78323, 3.43742, -4.92001, -9.42309]"
44,sub10,supMAE,0,sub10-b1__0065__throw.npy,18,throw,18,0.7064089,1,"[0.93769, 3.71861, -0.70181, -1.31112, -0.40208, -2.66385, 9.93548, 4.27049, -4.02509, -0.50261, -1.12318, 0.521, -2.41991, 1.69232, 2.89066, -2.82331, -1.4975, -4.26779, 10.82228, 3.66166, -5.05383, -9.94302]"
44,sub10,supMAE,0,sub10-b1__0066__throw.npy,18,throw,6,0.62698644,0,"[-0.28204, 6.41734, 0.6714, -3.70207, -0.90547, -3.77668, 8.68264, 2.05007, -0.25717, -0.39788, -2.29582, 0.69671, -1.65632, -1.53645, 2.50365, -2.17637, -0.69359, -5.69602, 7.75797, 6.2721, -5.24962, -8.97871]"
44,sub10,supMAE,0,sub10-b1__0067__throw.npy,18,throw,18,0.6567669,1,"[-0.63428, 5.81278, -0.43537, -3.26201, -0.28847, -3.49655, 9.74773, 3.50429, -1.14617, -0.0278, -2.6365, 0.03332, -1.5039, -0.91522, 1.24383, -2.97418, -0.66255, -5.53673, 10.43456, 5.65092, -5.19319, -8.9451]"
44,sub10,supMAE,0,sub10-b1__0068__throw.npy,18,throw,1,0.4532411,0,"[1.74559, 7.34351, 1.65105, -4.66395, -0.60295, -2.71817, 6.98205, 1.11252, -1.42224, 0.16918, -1.41512, 0.99811, -1.45494, -1.78995, 2.18984, -1.46609, -1.1541, -6.17279, 4.85427, 6.44706, -4.31069, -9.81906]"
44,sub10,supMAE,0,sub10-b1__0069__walk.npy,20,walk,20,0.9955149,1,"[0.44088, -3.34113, 5.92993, 0.04231, -1.04595, -5.73094, -5.07553, -12.03183, -0.76633, 3.57188, 3.73482, -5.06484, 3.69136, 0.75699, -8.35278, 5.70891, -7.26884, -1.00948, -6.30739, 7.61754, 13.36626, 3.69117]"
44,sub10,supMAE,0,sub10-b1__0070__turnaround.npy,19,turnaround,19,0.9999484,1,"[-1.75434, 1.5905, 2.58454, -0.17784, -2.10224, -4.32808, 1.41476, -7.00209, -0.4347, 0.39756, 4.70943, -3.18292, 1.08016, -1.67725, -1.87014, 4.95224, -5.12048, -5.47768, 1.89135, 15.54237, 0.98321, -7.11159]"
44,sub10,supMAE,0,sub10-b2__0001__walk.npy,20,walk,20,0.9995896,1,"[3.08518, -4.22717, 5.01732, -2.50508, -0.52964, -4.33058, -5.28861, -11.68605, -1.87951, 3.48337, 3.59522, -2.3993, 3.91573, -1.04427, -6.21602, 3.76514, -7.53181, 0.31473, -5.04073, 7.59128, 15.54793, 0.93427]"
44,sub10,supMAE,0,sub10-b2__0002__turnaround.npy,19,turnaround,19,0.9993598,1,"[-3.28308, -4.66522, -1.42121, -0.70764, 2.42081, -2.04134, -0.34649, -5.24515, -4.37461, 1.34056, 4.47624, -2.64569, 0.21327, 0.53683, 0.10555, 1.68338, -2.13158, 0.75977, 1.705, 15.20648, 7.80501, -6.54779]"
44,sub10,supMAE,0,sub10-b2__0003__walk.npy,20,walk,20,0.9992243,1,"[-1.51717, -6.32849, -0.64638, -0.48718, -0.82902, -0.23013, -1.37445, -8.39571, -4.06585, 4.6446, 4.86178, -3.02198, 3.89341, 2.70378, -2.02991, -1.93517, -4.21679, 3.8225, 2.26295, 7.98934, 15.26424, -3.38397]"
44,sub10,supMAE,0,sub10-b2__0004__turnaround.npy,19,turnaround,19,0.9999913,1,"[-2.22961, 1.89725, 2.40462, -0.28694, -2.23719, -3.7961, 0.13976, -8.06573, 0.40858, 1.64927, 3.23161, -1.51767, 0.22802, -4.41393, -2.06973, 4.21617, -2.11941, -6.03106, 0.47808, 16.50033, 0.93033, -6.25776]"
44,sub10,supMAE,0,sub10-b2__0005__walk.npy,20,walk,20,0.9995473,1,"[2.42418, -5.26811, 5.70905, -1.95163, -2.32374, -5.07181, -5.04121, -11.58808, -1.09444, 2.75832, 4.35781, -2.24917, 3.69642, -1.6051, -5.34519, 4.30847, -8.36561, 1.04797, -5.36171, 6.87732, 15.02152, 2.87459]"
44,sub10,supMAE,0,sub10-b2__0006__turnaround.npy,19,turnaround,19,0.99996567,1,"[-2.7122, 0.74777, 2.79391, -0.22787, -2.65021, -3.88827, -0.44026, -8.05453, 0.37609, 0.44813, 5.17939, -2.89521, 1.60628, -2.62967, -1.68352, 4.61801, -5.26759, -4.24522, 1.15076, 16.08244, 3.02457, -6.39302]"
44,sub10,supMAE,0,sub10-b2__0007__walk.npy,20,walk,20,0.99926907,1,"[-1.06993, -6.11908, -0.81137, -0.2927, 0.16811, 0.28201, -1.41272, -7.33307, -5.44979, 3.76149, 4.61484, -2.52087, 4.22248, 3.15519, -2.12954, -2.19231, -3.35221, 3.71474, 1.60309, 7.94467, 15.26184, -3.98092]"
44,sub10,supMAE,0,sub10-b2__0008__turnaround.npy,19,turnaround,19,0.9999906,1,"[-2.00951, 1.83807, 2.39348, 0.01889, -2.53634, -3.40994, 0.5872, -7.99517, 0.29193, 0.61482, 3.34862, -1.06413, 0.05228, -4.53101, -1.44328, 4.30994, -2.14603, -5.79794, 0.30364, 16.44621, 0.25343, -6.44433]"
44,sub10,supMAE,0,sub10-b2__0009__walk.npy,20,walk,20,0.9992487,1,"[2.07326, -4.42973, 5.57081, -0.7157, -1.34864, -4.9166, -6.08968, -12.02773, -1.27971, 3.37025, 3.44174, -3.40485, 3.87524, -0.92787, -7.65089, 5.11244, -7.4674, 0.45235, -5.95492, 7.31941, 14.8406, 3.6454]"
44,sub10,supMAE,0,sub10-b2__0010__turnaround.npy,19,turnaround,19,0.99994767,1,"[-2.32495, 1.00015, 2.32751, -0.4408, -2.6146, -3.34862, -0.87429, -7.89725, 0.2761, -0.33101, 5.39992, -3.07738, 2.20604, -2.7779, -1.75113, 4.56047, -5.41381, -4.09988, 1.17215, 15.79425, 3.48875, -6.5317]"
44,sub10,supMAE,0,sub10-b2__0011__walk.npy,20,walk,20,0.9989831,1,"[-0.64198, -5.95981, -1.05334, -0.56586, 1.17083, 0.17754, -1.26252, -6.83924, -5.81424, 3.1375, 4.00168, -2.78882, 4.49317, 3.11912, -2.77346, -1.97197, -3.17518, 3.64617, 1.57346, 8.79695, 15.72242, -4.39293]"
44,sub10,supMAE,0,sub10-b2__0012__turnaround.npy,19,turnaround,19,0.9999901,1,"[-1.58005, 2.2128, 2.6626, 0.31721, -1.89916, -2.93931, -0.4027, -7.90461, 0.11452, -0.04875, 3.11327, -1.14273, 0.48015, -4.44211, -1.80664, 4.55281, -1.96864, -5.70691, -0.663, 16.55293, 0.85411, -6.6153]"
44,sub10,supMAE,0,sub10-b2__0013__walk.npy,20,walk,20,0.99858725,1,"[2.06292, -3.56147, 5.43941, 0.63286, -0.76542, -5.0669, -6.56438, -11.50533, -1.20103, 1.65177, 2.1194, -3.61053, 4.49046, -1.03541, -8.30266, 5.43706, -6.52256, -0.24428, -6.33624, 7.70268, 14.51812, 4.2163]"
44,sub10,supMAE,0,sub10-b2__0014__turnaround.npy,19,turnaround,19,0.9999161,1,"[-2.95097, 0.59795, 2.28847, -0.19032, -2.32348, -3.45292, -0.83314, -7.77337, -0.19014, 0.35258, 5.79628, -3.33053, 1.91564, -2.14147, -2.59568, 4.96465, -5.60218, -3.99722, 1.41118, 15.68216, 3.79394, -6.49808]"
44,sub10,supMAE,0,sub10-b2__0015__walk.npy,20,walk,20,0.99903995,1,"[-0.97994, -6.28368, -0.72446, -0.2564, 1.1701, 0.23998, -1.34861, -5.97125, -6.17785, 3.56637, 3.87, -2.30597, 3.72677, 3.36122, -2.94974, -1.55016, -3.0971, 4.78967, 1.1921, 8.14735, 15.17409, -4.0356]"
44,sub10,supMAE,0,sub10-b2__0016__turnaround.npy,19,turnaround,19,0.9999896,1,"[-2.41996, 2.02427, 3.20297, 0.27184, -2.32208, -3.01871, -0.77557, -8.1182, 0.04228, 0.20831, 3.0605, -1.14929, 1.07303, -4.52256, -2.27133, 4.37566, -1.8776, -5.67742, -0.87288, 16.45016, 1.34964, -6.07627]"
44,sub10,supMAE,0,sub10-b2__0017__walk.npy,20,walk,20,0.99863404,1,"[-0.40949, -3.27666, 5.76451, 1.68395, -0.7526, -4.33464, -7.60991, -11.84918, -0.83517, 3.36344, 1.14446, -3.0268, 4.41262, -1.29645, -8.72879, 4.75184, -4.42129, -0.45588, -7.02229, 7.59078, 14.49156, 5.02517]"
44,sub10,supMAE,0,sub10-b2__0018__turnaround.npy,19,turnaround,19,0.9998567,1,"[-3.21806, 0.68713, 2.80408, -0.55307, -2.4332, -4.51988, 0.61485, -8.08813, 0.01942, 0.93349, 5.87727, -3.63523, 1.69459, -1.30359, -2.57075, 4.84415, -6.06203, -4.10789, 1.61141, 15.15587, 3.32916, -6.479]"
44,sub10,supMAE,0,sub10-b2__0019__walk.npy,20,walk,20,0.99950624,1,"[-0.55428, -6.04989, -0.89575, -0.63533, 3.25439, -0.02674, -1.21878, -4.63196, -6.9859, 3.74735, 2.72278, -2.54622, 3.33049, 4.31204, -4.32754, -1.34378, -2.82278, 5.52519, 0.86504, 7.89758, 15.66288, -4.39989]"
44,sub10,supMAE,0,sub10-b2__0020__turnaround.npy,19,turnaround,19,0.99999225,1,"[-2.3912, 1.8855, 3.03712, 0.24876, -1.94654, -3.05827, -0.40331, -7.96185, 0.104, 0.07462, 2.96739, -1.40382, 1.09823, -4.33701, -1.98407, 4.27153, -1.8508, -5.39101, -0.6918, 16.64882, 1.27631, -6.43878]"
44,sub10,supMAE,0,sub10-b2__0021__walk.npy,20,walk,20,0.98000264,1,"[-0.10385, -3.23816, 6.14393, 2.52112, 0.05176, -5.08327, -5.69718, -11.08816, -2.25573, 2.63742, 1.08386, -3.06926, 4.5067, -0.47892, -9.44327, 5.80809, -4.56704, -1.43208, -6.55892, 9.08836, 13.08216, 3.29985]"
44,sub10,supMAE,0,sub10-b2__0022__turnaround.npy,19,turnaround,19,0.9998722,1,"[-1.75742, -2.10461, 1.34232, -0.91812, 2.95116, -3.03249, 1.6343, -5.64248, -5.71009, 1.02449, 5.54314, -5.30704, -1.2392, 3.46461, -2.24813, 3.18306, -4.57395, -0.70149, -0.60171, 15.59395, 6.02065, -7.6506]"
44,sub10,supMAE,0,sub10-b2__0023__walk.npy,20,walk,20,0.99926966,1,"[-0.58441, -5.68961, -0.90413, -0.53604, 3.63296, -0.07779, -0.89566, -4.91103, -7.52369, 3.60826, 3.22853, -2.88021, 3.21879, 4.97763, -4.20949, -1.46909, -2.66626, 4.92222, 0.70284, 8.19029, 15.52002, -4.99296]"
44,sub10,supMAE,0,sub10-b2__0024__turnaround.npy,19,turnaround,19,0.99998665,1,"[-2.14657, 2.08287, 3.33986, 0.56037, -1.65653, -3.04755, -0.91114, -8.66949, -0.10359, 0.47447, 2.95717, -2.13358, 0.86588, -3.76792, -3.04625, 4.86751, -2.1324, -5.24181, -1.28831, 16.52557, 2.02439, -6.02455]"
44,sub10,supMAE,0,sub10-b2__0025__hop.npy,9,hop,0,0.83305746,0,"[12.23581, 1.64463, -3.12704, 0.0713, 10.11066, 0.80579, -8.59584, -8.9435, -4.44061, -3.59725, 0.82411, -0.83351, 6.17783, -0.76148, -1.85768, -0.59109, 3.05046, -6.51232, -7.79086, 5.64796, 9.6732, -4.34887]"
44,sub10,supMAE,0,sub10-b2__0026__hop.npy,9,hop,0,0.6989924,0,"[10.75968, 1.52791, -1.88427, 0.46808, 7.35967, -0.43078, -8.24021, -10.10314, -3.73023, -2.31645, 2.74034, -0.71286, 5.36429, -1.47311, -1.35068, -0.37296, 1.67962, -6.7864, -7.67973, 6.42922, 9.78927, -3.85986]"
44,sub10,supMAE,0,sub10-b2__0027__hop.npy,9,hop,0,0.8924406,0,"[12.08744, 2.35226, -3.47503, 0.64264, 9.81614, 1.02666, -8.9635, -8.86628, -4.54774, -3.14059, 2.3638, -0.75744, 5.02806, -0.47279, -1.47771, -0.40759, 2.95368, -7.18138, -7.91938, 5.53175, 7.87414, -5.02258]"
44,sub10,supMAE,0,sub10-b2__0028__hop.npy,9,hop,0,0.99741507,0,"[13.72495, 1.12817, -4.15401, -0.7814, 7.22899, 0.2463, -7.18298, -7.89751, -2.72054, -4.39532, 3.29233, 0.96079, 5.36502, -3.03488, 1.76855, -1.39762, 1.38192, -6.92986, -5.96205, 4.84699, 6.40121, -5.3407]"
44,sub10,supMAE,0,sub10-b2__0029__hop.npy,9,hop,0,0.9963152,0,"[13.23615, 1.72043, -4.15753, 0.14947, 7.50167, -0.01657, -6.6812, -7.18658, -2.96206, -4.58841, 3.43667, 0.86605, 4.4213, -1.78388, 1.88081, -0.89658, 1.93295, -7.10777, -6.14792, 4.06889, 4.15898, -5.6501]"
44,sub10,supMAE,0,sub10-b2__0030__hop.npy,9,hop,4,0.66861886,0,"[8.19576, 2.25701, -2.20215, 1.63736, 9.79258, 0.99449, -8.21825, -8.98025, -5.06806, -2.6948, 2.02518, -0.23684, 6.23603, -0.28354, -2.42918, -0.25289, 4.2887, -8.36999, -8.2528, 7.48015, 7.95945, -5.38303]"
44,sub10,supMAE,0,sub10-b2__0031__jump.npy,10,jump,19,0.50802773,0,"[-0.46608, 0.81, 5.22871, 4.27627, 0.06496, -3.3358, -6.05335, -11.92919, -2.70138, 2.98937, 6.06802, -1.89925, 3.40748, 0.86784, -6.78415, 3.32246, -1.69041, -7.19285, -8.46056, 8.07948, 7.76212, -0.25547]"
44,sub10,supMAE,0,sub10-b2__0032__jump.npy,10,jump,20,0.7717118,0,"[0.02968, 0.73807, 5.30546, 4.21797, 0.11522, -2.58486, -7.96417, -12.26797, -2.50226, 2.30897, 4.79756, -1.43418, 3.72239, -0.59009, -6.44257, 2.98381, -1.18365, -6.00069, -8.99009, 8.00785, 9.3709, 0.55484]"
44,sub10,supMAE,0,sub10-b2__0033__jump.npy,10,jump,20,0.49429026,0,"[-1.09308, 0.49416, 5.37099, 4.98305, -0.30092, -2.89165, -7.57027, -12.1322, -2.39687, 2.4361, 5.61583, -2.12077, 3.17103, 0.41307, -7.16799, 3.72343, -1.67343, -5.87077, -8.78682, 8.11722, 8.2889, 0.94982]"
44,sub10,supMAE,0,sub10-b2__0034__jump.npy,10,jump,3,0.9824201,0,"[-2.06261, 1.37699, 3.32437, 10.55486, 1.42065, -2.7351, -7.55903, -9.23933, -4.19532, 0.78182, 4.76456, -4.76633, 1.23967, 4.69694, -6.23312, 2.37081, 0.87861, -6.23348, -7.74193, 5.68259, 4.63794, 2.04274]"
44,sub10,supMAE,0,sub10-b2__0035__jump.npy,10,jump,20,0.385197,0,"[-0.41691, 0.8699, 5.82388, 4.99905, -1.44879, -3.31679, -7.49241, -12.28819, -1.90589, 2.34703, 6.32052, -2.07196, 1.81979, 0.28171, -6.46335, 4.19164, -2.7404, -5.23933, -9.05652, 7.29968, 7.4009, 1.25321]"
44,sub10,supMAE,0,sub10-b2__0036__jump.npy,10,jump,19,0.4739829,0,"[-0.90073, 0.11452, 4.98688, 4.8511, -1.86532, -2.92188, -6.88191, -12.01599, -1.38404, 2.80711, 7.10111, -1.32643, 1.82035, -0.37606, -5.96141, 4.01447, -2.43102, -5.65883, -8.38207, 7.62851, 6.56635, 0.73771]"
44,sub10,supMAE,0,sub10-b2__0037__runonspot.npy,13,runonspot,13,0.70944804,1,"[-3.9012, 4.85579, 3.90855, 9.76986, 6.01149, -3.57584, -5.6593, -8.27536, -5.59932, 1.48014, -0.62815, -8.42362, 2.62292, 10.71801, -9.34074, 2.00835, 3.79971, -7.17792, -8.27066, 4.44346, 5.53034, 1.07416]"
44,sub10,supMAE,0,sub10-b2__0038__runonspot.npy,13,runonspot,13,0.75985533,1,"[-3.51327, 5.20981, 2.52063, 10.20088, 6.77978, -2.99837, -6.38578, -7.938, -5.77095, 1.58847, -0.42311, -8.46559, 1.48797, 11.40312, -8.82, 1.79965, 4.6913, -7.07273, -8.08405, 3.59159, 5.01875, 0.94578]"
44,sub10,supMAE,0,sub10-b2__0039__runonspot.npy,13,runonspot,13,0.8759052,1,"[-4.05753, 4.99701, 1.43015, 9.33274, 9.59241, -1.71375, -7.06132, -7.53376, -7.27978, 2.75409, -1.72722, -8.64757, 2.67681, 12.20895, -10.44909, 1.17873, 6.30616, -6.70061, -7.90185, 3.88813, 7.42508, 0.25968]"
44,sub10,supMAE,0,sub10-b2__0040__runonspot.npy,13,runonspot,13,0.72499377,1,"[-1.75526, 5.40419, 1.21646, 9.39104, 10.45555, -0.45107, -8.05378, -7.25053, -7.59889, 0.0999, -1.28953, -8.19038, 3.2274, 11.75554, -9.44594, 1.2452, 6.41559, -7.12109, -9.05522, 4.00875, 6.56048, -0.9935]"
44,sub10,supMAE,0,sub10-b2__0041__runonspot.npy,13,runonspot,13,0.94264686,1,"[-3.93325, 5.64971, 2.30071, 8.37866, 8.36386, -1.99664, -6.14942, -8.43692, -6.58482, 2.938, -1.11552, -8.52029, 1.97246, 11.9729, -10.20543, 1.8168, 5.2422, -7.14045, -8.08276, 3.89968, 6.06126, 0.01232]"
44,sub10,supMAE,0,sub10-b2__0042__buttkicks.npy,4,buttkicks,4,0.9992192,1,"[-0.161, 2.29098, -4.29418, 2.67966, 17.52739, 1.5228, -9.69999, -6.68546, -6.55911, 6.78377, -2.53165, -3.65603, 4.10534, 4.94644, -11.40133, 0.02169, 9.92553, -7.74668, -5.8495, 7.94842, 8.93552, -4.87544]"
44,sub10,supMAE,0,sub10-b2__0043__buttkicks.npy,4,buttkicks,4,0.9999554,1,"[3.36277, 3.49947, -6.58815, 2.02789, 20.34701, 2.66634, -10.12187, -4.5469, -7.17131, 3.13124, -1.56799, -3.68071, 3.47158, 6.57977, -8.99496, -0.92237, 10.28206, -7.93615, -5.92238, 5.83606, 5.45767, -6.73638]"
44,sub10,supMAE,0,sub10-b2__0044__buttkicks.npy,4,buttkicks,4,0.9998129,1,"[0.77503, 3.41302, -4.96895, 2.28582, 18.63019, 1.54234, -10.00212, -6.56589, -6.67351, 5.03165, -2.45988, -4.47561, 3.87327, 6.56792, -11.48162, 0.10122, 9.67823, -7.76704, -6.4574, 7.39351, 8.41735, -4.98633]"
44,sub10,supMAE,0,sub10-b2__0045__buttkicks.npy,4,buttkicks,4,0.9999547,1,"[3.78917, 2.77735, -6.86653, 0.48956, 19.53061, 3.47282, -10.2487, -5.37989, -6.87152, 4.19009, -0.2665, -1.95567, 3.10411, 4.3874, -9.36951, -0.04985, 9.34486, -8.04774, -6.17131, 7.21262, 6.46905, -7.5572]"
44,sub10,supMAE,0,sub10-b2__0046__buttkicks.npy,4,buttkicks,4,0.999913,1,"[3.25239, 2.98314, -6.09573, 1.75712, 19.01769, 2.7491, -11.19814, -6.24501, -6.35058, 3.9714, -1.83329, -3.25794, 4.11398, 4.47934, -10.75683, -0.0802, 9.26761, -7.49634, -6.28613, 7.12368, 8.21714, -5.50064]"
44,sub10,supMAE,0,sub10-b2__0047__buttkicks.npy,4,buttkicks,4,0.9997216,1,"[1.7057, 3.20298, -5.50456, 1.80114, 18.09568, 2.44598, -10.31428, -6.7516, -6.25884, 5.00416, -1.82217, -3.59551, 4.61343, 4.95762, -11.02123, -0.31098, 9.45866, -8.39267, -6.39852, 7.73685, 8.42661, -5.43481]"
44,sub10,supMAE,0,sub10-b2__0048__airkick.npy,0,airkick,14,0.54435647,0,"[5.81051, 7.34194, 4.18688, -1.7095, -0.84745, -1.03557, 3.19438, -3.49629, -1.59649, -2.93937, -0.76934, 5.3396, -0.0932, -3.79658, 7.88867, -1.40616, 2.18311, -8.95703, -6.37577, 3.79248, -5.70309, -8.48764]"
44,sub10,supMAE,0,sub10-b2__0049__airkick.npy,0,airkick,1,0.637552,0,"[6.1887, 7.86528, 6.39128, -6.2283, -0.77819, -1.99844, 2.20344, -1.45392, 1.65193, -0.17304, -1.57065, 4.65727, -2.517, -4.70301, 5.34465, 1.74649, -0.62046, -4.73971, -7.86215, 4.0923, -5.93365, -8.37753]"
44,sub10,supMAE,0,sub10-b2__0050__airkick.npy,0,airkick,1,0.7567766,0,"[6.88863, 8.81979, 6.8398, -5.45226, -0.44194, -0.38251, 1.4718, -3.42405, 0.13427, -1.30439, -1.15219, 4.14623, -0.29027, -4.02175, 4.98136, 0.78466, 0.22695, -6.83585, -9.18185, 3.66149, -4.8949, -8.9239]"
44,sub10,supMAE,0,sub10-b2__0051__airkick.npy,0,airkick,1,0.962803,0,"[6.8278, 10.77928, 6.12578, -2.91996, 1.02602, -0.55089, -2.19016, -3.97192, -2.89264, -1.0567, -1.34811, 0.83335, -1.50306, -1.91319, 1.39495, 2.4915, -0.18388, -6.60106, -9.03497, 6.11024, -2.36381, -7.39217]"
44,sub10,supMAE,0,sub10-b2__0052__airkick.npy,0,airkick,1,0.95954204,0,"[6.49248, 10.43656, 6.24385, -2.8344, 0.91453, -0.03992, -0.71651, -4.08403, -2.08607, -2.22148, -0.945, 1.53289, -0.32244, -2.27102, 2.28863, 1.42091, 0.746, -7.97898, -9.55588, 5.46304, -2.79059, -8.84697]"
44,sub10,supMAE,0,sub10-b2__0053__airkick.npy,0,airkick,1,0.9257168,0,"[5.99217, 10.45502, 7.20139, -2.9478, 0.94483, -0.60654, -2.87255, -4.8435, -2.91928, -0.70981, -1.43958, 0.20832, -1.19619, -2.10464, -0.40579, 3.39694, -0.4395, -6.5965, -9.92389, 6.91478, -0.83341, -6.8171]"
44,sub10,supMAE,0,sub10-b2__0054__airkick.npy,0,airkick,1,0.71856225,0,"[6.28258, 7.86016, 4.0944, -6.36394, -1.37245, -1.15447, 5.42437, -0.19477, 1.97992, -0.1627, -1.12578, 4.8816, -1.30993, -3.96712, 3.68966, 0.0398, -0.41262, -6.61311, -4.29519, 2.24585, -7.05223, -10.0354]"
44,sub10,supMAE,0,sub10-b2__0055__sidekick.npy,14,sidekick,19,0.7546786,0,"[-6.483, -0.89523, 1.54695, 3.10934, 2.98909, 0.81553, -2.66216, -10.44442, -1.89873, 6.8911, 0.25613, -1.35578, 6.65133, -0.75901, -9.85305, 0.31223, 4.02259, -7.43602, -3.40624, 9.4046, 7.64059, -1.34032]"
44,sub10,supMAE,0,sub10-b2__0056__sidekick.npy,14,sidekick,19,0.6772135,0,"[-5.98016, -0.30664, 4.37009, 4.25932, -1.37502, -0.40384, -2.06273, -10.42943, -0.92103, 6.47966, 2.62069, 0.11922, 3.68806, -1.21368, -6.70033, 1.45469, 2.23924, -7.53986, -5.49877, 7.53007, 2.70415, -0.51476]"
44,sub10,supMAE,0,sub10-b2__0057__sidekick.npy,14,sidekick,19,0.7471344,0,"[-6.87561, 0.21126, 4.33982, 3.76924, -0.94955, 0.03532, -2.76853, -11.12386, -1.01661, 6.66872, 1.77299, -1.0707, 4.33001, -1.25111, -8.04001, 1.55973, 2.0201, -6.77911, -5.30865, 8.12782, 4.94351, -0.07675]"
44,sub10,supMAE,0,sub10-b2__0058__sidekick.npy,14,sidekick,19,0.86640716,0,"[-5.81259, -0.37745, -0.66043, 2.3846, 4.52648, 1.28495, -0.23247, -9.91362, -2.36744, 8.04568, -0.03528, -1.01755, 3.92197, -0.03382, -10.06891, 0.76608, 4.6518, -8.16774, -1.14225, 10.0716, 5.55693, -3.66633]"
44,sub10,supMAE,0,sub10-b2__0059__sidekick.npy,14,sidekick,19,0.7777121,0,"[-6.30447, -0.50571, 0.23544, 3.34146, 0.98899, 1.82463, -1.57222, -10.17387, -0.5384, 7.5358, 1.0938, 0.39802, 3.23972, -2.18543, -7.17824, 0.31205, 4.91381, -7.7263, -2.22412, 8.90807, 3.43531, -2.36095]"
44,sub10,supMAE,0,sub10-b2__0060__sidekick.npy,14,sidekick,9,0.58830523,0,"[-7.77671, -0.62917, 3.31299, 4.31092, -1.47576, 0.61944, -2.85168, -10.62333, -0.6475, 7.51886, 2.96547, -0.40693, 3.93944, -0.93441, -7.18476, 1.26709, 2.78406, -6.71514, -4.94218, 6.97078, 3.27647, 0.04394]"
44,sub10,supMAE,0,sub10-b2__0061__sidekick.npy,14,sidekick,9,0.7818849,0,"[-8.19905, -0.7392, 1.14527, 3.99726, 1.35745, 2.03655, -3.18344, -10.22211, -0.98711, 8.81302, 1.60444, 0.00306, 4.33189, -0.78702, -8.27425, 0.22636, 5.28458, -7.36074, -3.87856, 7.29533, 3.91411, -1.08195]"
44,sub10,supMAE,0,sub10-b2__0062__crosstoe.npy,6,crosstoe,6,0.9999664,1,"[-3.81512, 1.78812, 3.22644, -4.12577, -5.13136, -5.69114, 18.26941, -7.19916, 1.20908, 1.57786, -0.66738, 2.00075, 7.49718, -1.85885, 1.17757, -5.2804, -2.27189, -10.15736, 6.72199, 5.33461, -1.29213, -6.65871]"
44,sub10,supMAE,0,sub10-b2__0063__crosstoe.npy,6,crosstoe,6,0.9999956,1,"[-4.38306, 1.27518, 5.38703, -3.4661, -6.324, -6.33538, 19.76927, -6.80849, 0.21522, 0.51301, -1.46943, 2.45677, 7.12404, -0.35526, 3.28634, -4.84393, -2.46986, -8.84623, 5.09893, 2.90159, -2.22604, -5.58994]"
44,sub10,supMAE,0,sub10-b2__0064__crosstoe.npy,6,crosstoe,6,0.9999732,1,"[-4.44594, 0.00818, 3.21321, -3.23494, -4.94586, -6.64845, 19.18988, -5.94686, 0.23568, 1.47403, -1.14777, 1.84884, 6.88301, -0.10531, 0.02304, -4.28148, -2.90185, -8.36261, 8.44619, 4.66056, -0.66124, -6.06912]"
44,sub10,supMAE,0,sub10-b2__0065__crosstoe.npy,6,crosstoe,6,0.9999944,1,"[-4.21017, 1.13835, 3.0464, -4.77735, -5.07669, -5.51318, 19.87571, -6.24851, 0.53797, 2.05708, -0.53869, 3.50848, 6.53214, -1.31557, 2.20727, -5.71079, -1.93512, -9.65836, 7.39869, 4.40546, -1.95204, -7.53895]"
44,sub10,supMAE,0,sub10-b2__0066__crosstoe.npy,6,crosstoe,6,0.9999982,1,"[-3.59412, 0.59652, 5.23454, -4.85916, -5.75648, -7.34158, 20.7544, -4.65953, -0.28602, 0.28376, -0.38425, 3.15883, 6.89298, 0.09828, 4.4754, -4.66991, -3.63702, -8.21459, 6.19083, 3.25289, -2.80675, -7.47229]"
44,sub10,supMAE,0,sub10-b2__0067__crosstoe.npy,6,crosstoe,6,0.99999344,1,"[-5.13975, 1.73671, 3.39698, -4.05148, -5.59919, -7.35453, 20.45473, -4.33419, 1.39497, 1.01082, -2.07418, 2.15812, 7.17893, 0.13396, 3.39206, -6.12505, -1.68789, -9.31412, 8.22943, 1.75306, -3.04492, -5.40296]"
44,sub10,supMAE,0,sub10-b2__0068__crosstoe.npy,6,crosstoe,6,0.9999807,1,"[-4.14938, 1.54089, 3.62491, -1.63215, -5.49924, -3.75474, 18.62456, -6.40063, -0.13666, -0.68544, -2.89073, 2.58801, 7.71831, -0.11186, 2.76404, -4.99673, 0.65283, -9.58799, 3.44646, 1.40386, -2.54601, -4.35487]"
44,sub10,supMAE,0,sub10-b2__0069__throw.npy,18,throw,1,0.556078,0,"[0.45271, 6.98331, 1.38249, -1.45448, 1.41966, -0.2169, 4.16913, 3.13571, -2.4183, -1.34277, -1.77658, 1.15381, -1.68577, -1.73372, 1.27961, -2.14521, 1.35549, -5.98428, 2.73603, 6.60051, -3.74366, -10.10263]"
44,sub10,supMAE,0,sub10-b2__0070__throw.npy,18,throw,6,0.50826114,0,"[-1.11373, 6.58097, -0.1053, -1.09188, -0.36788, -2.54922, 8.02723, 6.12696, 0.47641, -2.14334, -3.97805, 0.34139, -2.46622, -0.84154, 0.65323, -1.84214, 0.31542, -4.45089, 7.43207, 4.44986, -6.56394, -8.04305]"
44,sub10,supMAE,0,sub10-b2__0071__throw.npy,18,throw,6,0.64808923,0,"[-1.13819, 5.50481, 0.55636, -3.45313, -0.95936, -4.24899, 8.2456, 6.16981, 3.85412, -1.76974, -5.22943, 0.11817, -2.84993, -2.99623, 0.63501, -0.79939, -0.97013, -2.21265, 7.10834, 4.23793, -6.02547, -6.26677]"
44,sub10,supMAE,0,sub10-b2__0072__throw.npy,18,throw,1,0.5445993,0,"[1.17603, 6.47345, 3.57703, -5.94825, -3.59341, -2.24417, 5.56598, 4.64617, 4.28574, -1.92622, -3.37684, 2.53812, -1.00347, -5.08584, 3.63255, -1.11836, -2.08611, -2.04379, 1.36902, 2.16588, -4.8715, -6.9047]"
44,sub10,supMAE,0,sub10-b2__0073__throw.npy,18,throw,19,0.3597399,0,"[-0.77147, 4.19034, -0.55137, -3.52554, -0.64564, -3.6676, 5.94907, 5.00915, 5.19424, -1.56368, -3.01606, 1.66616, -3.05816, -4.95482, 2.69661, -1.49174, -0.65376, -2.18276, 6.6137, 6.76797, -5.28708, -8.22193]"
44,sub10,supMAE,0,sub10-b2__0074__throw.npy,18,throw,19,0.5124205,0,"[0.40109, 6.16624, 0.26877, -1.5102, 0.17567, -0.71654, 3.89089, 4.63569, 0.77775, -2.98881, -2.09698, 2.18886, -2.36965, -3.58943, 3.36212, -1.93065, 1.06355, -4.33636, 3.08848, 6.59848, -5.17208, -9.56206]"
44,sub10,supMAE,0,sub10-b2__0075__throw.npy,18,throw,19,0.5101597,0,"[-0.65039, 5.46084, -0.88841, -3.01626, 2.48826, -2.21869, 4.88868, 5.66669, 1.61475, -0.56121, -3.26999, 1.15784, -3.4947, -2.27767, 0.26368, -1.2832, 1.09819, -3.55103, 5.93579, 7.00874, -4.04974, -9.63855]"
44,sub10,supMAE,0,sub10-b2__0076__walk.npy,20,walk,20,0.8935351,1,"[-2.56612, -1.48577, 7.87491, 3.80191, -0.93274, -4.85778, -5.65056, -11.35778, -1.7137, 2.81416, -0.53342, -3.30556, 3.63642, -0.25816, -9.67684, 5.63069, -3.27097, -1.80485, -7.22008, 9.12652, 11.54172, 4.0242]"
44,sub10,supMAE,0,sub10-b2__0077__turnaround.npy,19,turnaround,19,0.99973077,1,"[-3.58047, 0.77207, 3.05832, 0.15335, -2.75988, -3.95507, 0.44273, -7.69255, -0.22785, 0.86691, 5.85875, -3.30144, 1.14698, -1.17848, -2.15071, 5.13818, -5.49805, -4.16476, 1.08236, 14.55834, 2.20655, -6.19288]"
44,sub10,supMAE,0,sub10-b2__0078__walk.npy,20,walk,20,0.9995315,1,"[0.39445, -5.72971, -1.8848, -0.66659, 3.78551, 1.24207, -2.69606, -3.90524, -6.89633, 1.69971, 2.48223, -1.7184, 3.18459, 2.94604, -3.41261, -1.19149, -1.8039, 5.72801, -0.08088, 8.10022, 15.88559, -4.85281]"
44,sub10,supMAE,0,sub10-b2__0079__turnaround.npy,19,turnaround,19,0.9999889,1,"[-1.80901, 1.57758, 3.54042, -0.20081, -1.46812, -3.016, -0.40728, -8.2861, -0.64701, -0.13244, 3.30098, -1.91121, 1.51648, -3.71665, -2.92412, 5.11178, -2.93573, -4.82695, -1.3265, 16.95059, 2.56697, -6.85478]"
44,sub10,supMAE,0,sub10-b2__0080__walk.npy,20,walk,20,0.99595875,1,"[1.77623, -2.22835, 6.15562, 2.29678, -0.21201, -4.53772, -6.70262, -11.58553, -2.00652, 1.41614, 1.53216, -3.18529, 5.29493, -0.71362, -8.68791, 4.87114, -4.64606, -2.2717, -7.61725, 7.85276, 13.65093, 3.72859]"
44,sub10,supMAE,0,sub10-b2__0081__turnaround.npy,19,turnaround,19,0.99984086,1,"[-3.73373, 0.75736, 2.91373, -0.21078, -2.77069, -4.11024, 0.13566, -7.82471, 0.30735, 1.23673, 5.67974, -3.33529, 1.31648, -1.74335, -2.45709, 5.04865, -5.48919, -4.09444, 1.33475, 14.95425, 2.53984, -6.16805]"
44,sub10,supMAE,0,sub10-b2__0082__walk.npy,20,walk,20,0.99892515,1,"[-0.90897, -5.90951, -2.21239, -0.15108, 3.78953, 0.73207, -2.30135, -4.25816, -7.09503, 4.21389, 3.75342, -2.36688, 2.37982, 4.32847, -4.11969, -1.12357, -1.93536, 5.53232, 0.84128, 7.74823, 14.77823, -4.86743]"
44,sub10,supMAE,0,sub10-b2__0083__turnaround.npy,19,turnaround,19,0.9999918,1,"[-2.0755, 1.84566, 3.23274, 0.45987, -2.1464, -3.07493, -0.37999, -8.10293, -0.15915, -0.17897, 2.99476, -1.7285, 1.36581, -4.25255, -2.32087, 4.38618, -2.13716, -5.41725, -0.7384, 16.68834, 1.59091, -6.25689]"
44,sub10,supMAE,0,sub10-b2__0084__walk.npy,20,walk,20,0.9970432,1,"[0.81084, -2.76938, 5.69393, 2.67281, 0.22523, -4.04919, -7.26595, -11.55486, -2.14897, 1.60644, 0.71257, -3.02462, 5.44174, -0.77027, -8.74856, 4.72074, -3.62939, -1.54485, -7.42479, 8.09379, 14.11446, 4.07168]"
44,sub10,supMAE,0,sub10-b2__0085__turnaround.npy,19,turnaround,19,0.9940514,1,"[-4.73859, 1.02399, 2.03028, -0.72433, -4.05438, -3.54458, 0.51942, -8.31375, -0.77007, 2.62757, 8.15957, -3.00216, 2.29291, -0.27347, -1.3842, 1.41449, -4.91412, -4.86556, 2.07333, 13.3007, 3.38323, -6.6381]"
44,sub10,supMAE,0,sub10-b2__0086__walk.npy,20,walk,20,0.9991015,1,"[-0.56792, -6.12351, -1.89325, -0.41389, 3.15921, 0.97598, -2.46222, -4.26501, -6.63197, 2.81717, 3.59245, -2.10416, 3.06963, 3.51626, -3.48533, -1.07337, -2.22551, 5.65644, 0.44539, 8.00088, 15.14757, -4.71274]"
44,sub10,supMAE,0,sub10-b2__0087__turnaround.npy,19,turnaround,19,0.9999893,1,"[-2.33735, 1.54279, 3.66239, 0.06948, -1.31608, -3.1512, -0.37929, -8.05094, -0.39044, 0.2632, 2.50288, -2.11471, 1.12297, -3.76215, -3.28355, 5.47489, -2.60457, -4.2702, -0.91284, 17.1876, 2.22606, -6.51242]"
44,sub10,supMAE,0,sub10-b2__0088__walk.npy,20,walk,20,0.99738723,1,"[0.58095, -2.9645, 6.07254, 2.42786, -0.64303, -3.99368, -7.14431, -11.45933, -1.68772, 1.55509, 0.64739, -2.22495, 5.20418, -1.64606, -8.44273, 4.87367, -3.97369, -1.10862, -7.4138, 7.94085, 14.14544, 4.18834]"
44,sub10,supMAE,0,sub10-b2__0089__turnaround.npy,19,turnaround,19,0.9995148,1,"[-3.27454, 0.58523, 3.34249, -0.93714, -3.22761, -4.01138, 0.17894, -8.53457, -0.00781, 1.15967, 6.71288, -3.4657, 2.32895, -1.39783, -2.46256, 4.25773, -6.24882, -3.79198, 0.84097, 14.54763, 4.20279, -6.40823]"
44,sub10,supMAE,0,sub10-b2__0090__walk.npy,20,walk,20,0.99887437,1,"[-0.11029, -5.56293, -1.58339, -0.13694, 4.63868, 0.48589, -1.59876, -3.86872, -7.77079, 3.52446, 2.93832, -2.77845, 2.41095, 5.15175, -4.82042, -0.92366, -2.2349, 5.99167, 0.50913, 7.65142, 14.74339, -5.19468]"
44,sub10,supMAE,0,sub10-b2__0091__turnaround.npy,19,turnaround,19,0.99999225,1,"[-2.25342, 1.37178, 2.92632, 0.13581, -1.33561, -2.91343, -0.62999, -8.18434, -0.35753, 0.35101, 2.47065, -2.06956, 1.38016, -3.8633, -3.20928, 4.97451, -1.9947, -4.50013, -0.79358, 17.08846, 2.86789, -6.39451]"
44,sub10,supMAE,0,sub10-b2__0092__walk.npy,20,walk,20,0.99666303,1,"[1.33832, -3.29746, 5.93535, 1.88879, -0.83081, -4.27621, -6.79024, -11.73073, -1.56696, 1.3664, 1.49593, -2.40989, 4.95833, -1.68118, -8.08496, 5.17102, -4.90579, -0.98982, -7.3187, 8.23277, 14.11608, 3.75852]"
44,sub10,supMAE,0,sub10-b2__0093__turnaround.npy,19,turnaround,19,0.999706,1,"[-3.30655, 0.75624, 3.4443, -0.55179, -2.72972, -4.16216, 0.33514, -8.32299, -0.46747, 0.9535, 6.30911, -3.90859, 2.10346, -0.92585, -2.81988, 4.67868, -6.15866, -3.90986, 0.83764, 14.76348, 3.94792, -6.34356]"
44,sub10,supMAE,0,sub10-b2__0094__walk.npy,20,walk,20,0.9991787,1,"[-0.66139, -5.64889, -0.76086, -0.28996, 3.62713, -0.00609, -1.11909, -4.56023, -7.57416, 3.47926, 2.9194, -2.9713, 2.59493, 5.05353, -4.68491, -0.78898, -2.73694, 5.72537, 0.42248, 8.01112, 15.28825, -4.66571]"
44,sub10,supMAE,0,sub10-b2__0095__turnaround.npy,19,turnaround,19,0.9999932,1,"[-1.33132, 2.45221, 3.40264, -0.50842, -1.39275, -2.57634, 0.56619, -7.35782, -0.85154, -1.07987, 2.34114, -1.42551, 2.19813, -4.41142, -1.85028, 4.16253, -2.02856, -5.71758, -0.24008, 16.78733, 1.04486, -7.76286]"
44,sub10,supMAE,0,sub10-b2__0096__hop.npy,9,hop,20,0.92769647,0,"[8.70317, -0.41901, -1.49781, -0.97074, 9.4477, -2.50585, -4.64128, -9.5282, -4.91103, 0.33477, 0.74987, -2.47205, 7.30183, 0.84969, -4.8392, -0.18385, 1.36446, -6.76977, -5.5429, 7.00413, 12.51817, -3.23532]"
44,sub10,supMAE,0,sub10-b2__0097__hop.npy,9,hop,20,0.43702686,0,"[9.61669, 1.37974, -1.9382, 0.44876, 9.72519, 1.01264, -8.03775, -9.32105, -4.60868, -2.83055, 0.53409, -0.79186, 7.89909, -1.1723, -4.34644, -0.40969, 3.02578, -7.38439, -7.58464, 7.51106, 10.2464, -4.16258]"
44,sub10,supMAE,0,sub10-b2__0098__hop.npy,9,hop,4,0.62843317,0,"[8.91493, 0.64634, -3.99564, 1.09513, 11.86126, 1.36308, -9.13967, -8.9699, -4.76241, -2.53231, 0.3597, -2.29857, 7.48949, 0.98322, -4.61319, -0.26887, 4.5718, -6.76798, -7.48974, 6.41679, 11.20925, -3.26839]"
44,sub10,supMAE,0,sub10-b2__0099__hop.npy,9,hop,0,0.7710712,0,"[11.85231, 1.57186, -4.00614, 0.70202, 10.46253, 1.6914, -8.13859, -8.88421, -4.86658, -3.90736, 1.58557, -1.0348, 6.7234, 0.00466, -1.7617, -0.89666, 3.82338, -7.50115, -7.70924, 5.46759, 8.62578, -4.65249]"
44,sub10,supMAE,0,sub10-b2__0100__hop.npy,9,hop,4,0.80239767,0,"[10.97828, 0.5045, -4.82001, -1.01214, 12.6328, 1.03891, -7.00311, -7.18688, -5.15957, -2.67406, 1.00055, -0.07219, 7.47533, -0.06262, -3.09744, -1.47504, 3.85949, -7.26757, -5.58724, 6.36648, 9.58026, -6.43839]"
44,sub10,supMAE,0,sub10-b2__0101__hop.npy,9,hop,0,0.9753997,0,"[13.49886, 1.26181, -4.36979, -0.47466, 9.66111, 0.22764, -7.37834, -7.91875, -3.70074, -4.44219, 1.5728, -0.79439, 6.07189, -1.07575, -0.84336, -0.94966, 2.03433, -6.70775, -5.98252, 5.19228, 7.6243, -4.77423]"
44,sub10,supMAE,0,sub10-b2__0102__hop.npy,9,hop,4,0.5126137,0,"[11.11285, 1.26288, -5.12089, 0.07045, 11.18234, 0.19006, -6.44523, -7.26354, -4.26212, -3.77675, 1.77431, -0.6491, 5.07599, 0.25614, 0.1672, -1.18971, 4.09733, -6.9825, -6.27675, 5.16049, 6.77702, -5.6441]"
44,sub10,supMAE,0,sub10-b2__0103__hop.npy,9,hop,0,0.97692275,0,"[14.11775, 2.5945, -5.32979, 0.11436, 10.36264, 0.89675, -6.34015, -6.9723, -4.58819, -4.60996, 2.33798, -0.91717, 4.96521, 0.85261, -0.5445, -0.95087, 2.72561, -7.66554, -6.12121, 3.55099, 4.37154, -5.88929]"
44,sub10,supMAE,0,sub10-b2__0104__hop.npy,9,hop,0,0.5523361,0,"[12.21752, 1.37886, -4.3941, -0.17281, 11.9491, 0.12927, -8.16337, -7.36839, -4.72265, -3.33285, 1.03209, -1.34516, 6.24425, 0.37253, -4.0443, -0.29905, 2.30604, -6.60396, -6.0397, 5.34369, 9.05263, -4.7089]"
44,sub10,supMAE,0,sub10-b2__0105__jump.npy,10,jump,19,0.3841647,0,"[0.06568, 0.77142, 4.32173, 4.29627, 0.19675, -3.1395, -6.60348, -12.03803, -2.66936, 2.93378, 7.5494, -2.59989, 2.84112, 1.55763, -6.761, 3.37529, -2.27238, -6.82083, -8.43115, 7.69095, 7.23302, -0.20523]"
44,sub10,supMAE,0,sub10-b2__0106__jump.npy,10,jump,10,0.6940058,1,"[0.89612, 0.51248, 5.60691, 4.76011, -2.93667, -3.46915, -6.82909, -12.19948, -1.31987, 1.43738, 8.31829, -1.51534, 1.10399, -0.19994, -4.92167, 4.35481, -4.26459, -5.00829, -8.97371, 6.78124, 6.09443, 0.98897]"
44,sub10,supMAE,0,sub10-b2__0107__jump.npy,10,jump,10,0.65055454,1,"[0.74247, 0.25652, 5.18334, 4.31736, -2.38056, -2.97673, -6.41737, -12.2654, -1.59797, 2.0293, 8.15083, -1.10054, 2.22949, -0.42466, -5.36032, 3.57423, -3.57211, -5.83329, -8.64061, 6.88252, 6.35363, 0.48911]"
44,sub10,supMAE,0,sub10-b2__0108__jump.npy,10,jump,10,0.74317294,1,"[0.18552, 0.05932, 4.14502, 4.00261, -1.16979, -2.97075, -6.53559, -12.12941, -2.12634, 3.47605, 8.88783, -1.19352, 1.90929, 0.12748, -5.36111, 3.37498, -2.66766, -6.49314, -8.0287, 7.4705, 6.3219, -0.51969]"
44,sub10,supMAE,0,sub10-b2__0109__jump.npy,10,jump,10,0.7585,1,"[1.04164, 0.34876, 4.97963, 4.09904, -2.32866, -3.03844, -6.31746, -12.24125, -1.89113, 1.81098, 8.69196, -0.94541, 2.14152, -0.34647, -4.75305, 3.60636, -3.53214, -6.03816, -8.69079, 6.97191, 6.3385, -0.07411]"
44,sub10,supMAE,0,sub10-b2__0110__jump.npy,10,jump,20,0.40130624,0,"[0.44827, 0.03989, 4.65086, 4.19739, -1.31124, -2.75734, -7.72367, -12.5794, -1.99174, 2.44035, 7.69576, -1.95828, 2.38918, -0.02428, -6.22871, 3.71056, -3.21417, -5.14306, -8.68899, 7.23787, 7.85104, 1.06213]"
44,sub10,supMAE,0,sub10-b2__0111__runonspot.npy,13,runonspot,13,0.8923864,1,"[-5.39224, 4.44422, 3.83333, 8.92239, 5.9086, -3.54698, -4.00106, -7.73604, -5.88302, 3.46484, 0.76946, -8.034, 2.54713, 11.13913, -9.63057, 2.24251, 3.85481, -8.25953, -7.65205, 4.96317, 3.96898, -0.05324]"
44,sub10,supMAE,0,sub10-b2__0112__runonspot.npy,13,runonspot,13,0.92885804,1,"[-4.78745, 4.50433, 2.52443, 9.44143, 6.8578, -3.10043, -5.62759, -8.03779, -5.81758, 2.61565, 0.4351, -8.86859, 2.48683, 12.11359, -9.95903, 2.16853, 4.35242, -7.58001, -7.81991, 3.97768, 4.94895, 1.0581]"
44,sub10,supMAE,0,sub10-b2__0113__runonspot.npy,13,runonspot,13,0.91976315,1,"[-3.39849, 4.33454, 0.87347, 9.26773, 9.97412, -1.9407, -7.3627, -7.54362, -6.87495, 2.07044, -1.66882, -9.26241, 2.76192, 12.88085, -11.23072, 2.00798, 5.31161, -5.97036, -7.71437, 3.34134, 7.52869, 1.09483]"
44,sub10,supMAE,0,sub10-b2__0114__runonspot.npy,13,runonspot,13,0.9693217,1,"[-4.37507, 3.78115, 1.10197, 9.66212, 8.25592, -3.18369, -6.05917, -7.59725, -5.96224, 2.55976, -1.63933, -9.91265, 2.93603, 13.37914, -10.30596, 1.23234, 4.98678, -6.17574, -6.55012, 2.53126, 6.46697, 2.39583]"
44,sub10,supMAE,0,sub10-b2__0115__runonspot.npy,13,runonspot,13,0.97420007,1,"[-5.86592, 4.3869, 0.75292, 8.87642, 9.58727, -2.86241, -5.21767, -7.18751, -6.43806, 5.05698, -1.36361, -9.29938, 2.80053, 13.66834, -11.27448, 0.67118, 6.18326, -7.32778, -6.29364, 3.01841, 5.86796, 1.03437]"
44,sub10,supMAE,0,sub10-b2__0116__buttkicks.npy,4,buttkicks,4,0.9999664,1,"[5.48493, 2.55694, -8.07519, 0.12565, 19.94305, 3.64168, -10.56883, -5.42325, -6.5855, 3.69702, -0.65245, -1.86521, 3.64255, 4.26044, -8.6379, -0.90732, 9.54474, -7.43418, -5.59652, 5.46192, 6.66361, -6.76833]"
44,sub10,supMAE,0,sub10-b2__0117__buttkicks.npy,4,buttkicks,4,0.99989605,1,"[4.88431, 2.53163, -7.35352, 0.77085, 18.72498, 2.9146, -10.6241, -6.85281, -5.87084, 3.44327, -0.81317, -2.90295, 3.92144, 4.40484, -8.67855, -0.42147, 9.30367, -7.85519, -6.3222, 6.25443, 7.73186, -5.76433]"
44,sub10,supMAE,0,sub10-b2__0118__buttkicks.npy,4,buttkicks,4,0.9999336,1,"[6.38729, 2.12278, -8.32, -0.01784, 18.67962, 3.8625, -10.12071, -5.91971, -6.06384, 3.72202, 0.75875, -1.42415, 3.48403, 3.31995, -7.48117, -0.95036, 8.85466, -8.07879, -5.45748, 6.08995, 5.99457, -7.50806]"
44,sub10,supMAE,0,sub10-b2__0119__buttkicks.npy,4,buttkicks,4,0.99988055,1,"[3.43624, 2.59425, -8.23286, 0.24377, 19.7232, 4.03771, -10.88048, -5.58274, -6.40314, 6.02903, 0.11009, -1.53225, 2.90999, 4.33554, -8.99164, -1.42053, 10.64517, -8.04615, -5.47045, 6.44381, 6.59736, -7.31827]"
44,sub10,supMAE,0,sub10-b2__0120__buttkicks.npy,4,buttkicks,4,0.99997437,1,"[4.60193, 2.54693, -7.25714, 1.23679, 19.67465, 3.20183, -11.41913, -5.12874, -6.63418, 3.29147, -0.61095, -2.81831, 3.26302, 4.69135, -9.52922, -0.14101, 8.95468, -6.61264, -5.7207, 5.96277, 6.24605, -5.87651]"
44,sub10,supMAE,0,sub10-b2__0121__buttkicks.npy,4,buttkicks,4,0.99939,1,"[3.00149, 1.71149, -6.0586, 0.60667, 17.02692, 2.22928, -9.69012, -8.30319, -5.91561, 5.59315, -0.16265, -3.60942, 4.39646, 4.71234, -10.15883, 0.17097, 7.78499, -7.61972, -5.89712, 7.78424, 9.19408, -5.28601]"
44,sub10,supMAE,0,sub10-b2__0122__airkick.npy,0,airkick,0,0.9999666,1,"[15.68402, 4.05354, 1.25397, 2.31157, 0.52592, -1.58203, -3.45962, -9.93719, -2.9497, -7.2281, 2.22673, -0.89088, 4.5108, -1.46232, 2.29038, -0.01188, -2.16947, -7.06054, -8.08114, 2.63504, 2.8854, -2.3746]"
44,sub10,supMAE,0,sub10-b2__0123__airkick.npy,0,airkick,0,0.94867635,1,"[11.16786, 4.61457, 0.06612, -1.40644, -1.05258, -1.8853, 4.45555, -4.72582, -0.69291, -3.53113, 1.02909, 5.6004, 0.51743, -4.62424, 8.11764, -1.85314, 0.8808, -8.58926, -3.92259, 2.40971, -5.59313, -8.46074]"
44,sub10,supMAE,0,sub10-b2__0124__airkick.npy,0,airkick,19,0.6403304,0,"[5.59, 4.26765, 3.24816, 4.45128, 1.4269, -0.93538, -5.85334, -10.64654, -3.68628, -2.40219, 3.99741, -1.13093, 3.03032, -0.15348, -3.46087, 2.60981, -0.18746, -7.79763, -9.73202, 7.09177, 4.86029, -2.67165]"
44,sub10,supMAE,0,sub10-b2__0125__airkick.npy,0,airkick,0,0.9949575,1,"[11.56798, 4.80291, 2.53487, 3.83194, 0.95238, -1.27023, -5.44719, -10.6968, -3.75116, -5.26201, 2.19649, -1.32302, 4.15502, -0.92659, -1.97084, 1.58634, -1.49085, -7.53664, -9.17265, 5.02809, 4.79175, -1.9445]"
44,sub10,supMAE,0,sub10-b2__0126__airkick.npy,0,airkick,0,0.99971694,1,"[13.82328, 4.87422, 1.43378, 2.75324, 0.80092, -1.45657, -4.26523, -9.50164, -3.21393, -5.46164, 2.60839, 0.13667, 3.44062, -1.99607, 1.35322, 0.27311, -1.55539, -7.84394, -8.17671, 3.60663, 3.77929, -3.62047]"
44,sub10,supMAE,0,sub10-b2__0127__airkick.npy,0,airkick,14,0.40194523,0,"[7.04859, 6.63624, 2.57227, -6.41924, -1.83417, -1.54663, 6.03376, -0.18933, 2.99035, -1.27661, -2.02298, 5.59403, -1.53495, -4.84266, 7.48092, -1.11075, 0.00384, -5.65504, -3.30844, 1.27863, -6.76616, -9.39171]"
44,sub10,supMAE,0,sub10-b2__0128__sidekick.npy,14,sidekick,19,0.49411488,0,"[-7.33496, -1.33866, 1.30086, 3.67528, 3.26932, 0.35098, -3.2123, -10.23564, -1.58639, 8.34696, 0.32746, -1.43794, 5.38045, -0.06157, -10.10516, 0.59505, 4.58966, -7.03585, -3.66414, 8.58341, 6.7572, -0.41284]"
44,sub10,supMAE,0,sub10-b2__0129__sidekick.npy,14,sidekick,9,0.7928442,0,"[-7.14493, -1.13953, 3.9927, 4.30649, 0.11087, -1.3376, -3.03924, -10.88617, -1.37856, 8.86162, 3.13027, -1.60555, 2.52599, 0.93715, -8.12754, 2.46965, 1.98213, -6.34004, -5.80145, 7.36795, 4.24807, 0.48327]"
44,sub10,supMAE,0,sub10-b2__0130__sidekick.npy,14,sidekick,19,0.6467861,0,"[-6.72564, -0.97911, 3.56026, 4.31694, -1.29669, -0.0046, -3.87585, -10.74209, -0.0789, 7.1952, 3.00872, -0.20392, 3.03595, -1.82028, -7.64426, 1.9453, 1.91009, -6.20489, -5.16187, 7.95211, 3.88449, 0.46397]"
44,sub10,supMAE,0,sub10-b2__0131__sidekick.npy,14,sidekick,9,0.8204754,0,"[-8.24625, -1.3067, 4.30407, 3.87911, 0.53505, -1.71412, -1.89711, -10.17819, -0.87205, 9.16544, 1.52438, -0.6439, 2.83918, 0.34999, -9.27754, 2.42114, 2.23668, -6.14708, -4.91663, 7.52023, 4.32855, 0.58122]"
44,sub10,supMAE,0,sub10-b2__0132__sidekick.npy,14,sidekick,19,0.8192981,0,"[-6.69519, -0.51245, 3.18611, 3.71586, -1.10011, 0.32609, -1.60386, -10.88148, -0.43857, 6.28298, 1.05967, -1.02613, 3.88498, -1.51578, -8.05079, 1.85621, 1.88321, -6.04848, -4.06876, 8.18379, 4.78792, 0.11283]"
44,sub10,supMAE,0,sub10-b2__0133__crosstoe.npy,6,crosstoe,6,0.9999845,1,"[-4.26711, 0.32681, 3.45801, -3.87068, -6.00551, -6.31777, 19.20629, -6.87338, 1.0764, 1.81008, -0.9489, 2.07616, 6.55697, -1.25322, 0.79475, -4.31388, -3.21942, -8.56642, 7.83976, 4.6587, -1.16551, -5.65242]"
44,sub10,supMAE,0,sub10-b2__0134__crosstoe.npy,6,crosstoe,6,0.9999924,1,"[-3.30826, 0.68606, 4.3906, -2.92058, -5.79221, -4.44971, 18.71896, -7.70655, 0.49857, 0.07042, -2.19157, 1.91521, 6.73664, -1.2784, 2.00995, -3.8893, -2.08333, -7.5806, 4.06091, 3.38425, -1.16615, -4.65833]"
44,sub10,supMAE,0,sub10-b2__0135__crosstoe.npy,6,crosstoe,6,0.994165,1,"[-3.84273, -1.41713, 4.2056, -4.93073, -7.20115, -5.28058, 16.85542, -3.9009, 2.15775, -2.46066, 1.19186, 9.566, 6.15261, -4.20879, 11.58862, -6.14823, -0.25827, -4.5266, 0.94701, -0.46522, -4.18219, -6.26362]"
44,sub10,supMAE,0,sub10-b2__0136__crosstoe.npy,6,crosstoe,6,0.9998216,1,"[-5.46136, -0.27537, 6.97154, -3.84028, -7.2241, -7.15878, 16.93196, -7.2208, 0.66718, -1.13429, 1.39522, 4.35159, 7.87715, -1.86284, 5.36179, -4.47851, -2.15512, -6.05234, 0.76336, 3.14538, -0.93917, -4.07691]"
44,sub10,supMAE,0,sub10-b2__0137__crosstoe.npy,6,crosstoe,6,0.9993093,1,"[-6.54819, -0.36955, 8.42675, -2.97196, -8.69505, -8.34103, 15.99754, -7.62867, 1.03821, -0.32398, 0.84872, 4.07318, 7.25136, -1.79929, 4.21716, -3.56742, -2.90291, -4.95824, 0.47405, 2.64394, -1.00774, -1.68243]"
44,sub10,supMAE,0,sub10-b2__0138__crosstoe.npy,6,crosstoe,6,0.99960035,1,"[-4.59381, -0.2825, 4.72467, -4.4747, -7.05407, -5.21213, 16.22975, -6.46861, 1.90908, -2.45889, 1.32339, 6.28864, 7.67669, -3.62146, 7.3965, -4.98986, -0.66331, -6.64457, 1.15049, 2.78314, -2.30458, -5.16528]"
44,sub10,supMAE,0,sub10-b2__0139__throw.npy,18,throw,18,0.8470493,1,"[5.44123, 2.85162, -6.43094, 2.42282, -0.64257, 4.47498, 2.34644, 3.65172, 0.33767, -5.39676, 0.6069, 0.45714, -0.69264, -2.25312, 0.71703, -1.49344, -0.11126, -3.87159, 7.76427, 2.99499, -7.11041, -7.52086]"
44,sub10,supMAE,0,sub10-b2__0140__throw.npy,18,throw,18,0.99946076,1,"[2.55602, -0.03759, -7.01003, 2.17592, 0.57969, 1.61381, 5.90508, 4.19444, -1.11666, -1.25892, 0.21242, -1.67506, -3.17503, 1.41936, -2.78305, -0.30573, -2.22429, -1.59965, 13.73072, 3.24896, -4.28018, -7.0435]"
44,sub10,supMAE,0,sub10-b2__0141__throw.npy,18,throw,18,0.9976936,1,"[2.99516, 1.65345, -7.66218, 3.38612, 0.43793, 3.0088, 2.34759, 4.8214, 0.34685, -4.09515, -2.44493, -3.39523, -0.36354, 0.25382, -4.85588, -0.0589, -0.56127, -1.77325, 11.46923, 1.57241, -4.33939, -2.9646]"
44,sub10,supMAE,0,sub10-b2__0142__throw.npy,18,throw,19,0.98803884,0,"[-0.52177, 1.9402, -4.38441, 6.1462, 0.70399, 1.74081, -5.08831, -5.17807, 0.55425, -2.5324, -1.46717, -6.32777, 1.9245, -1.93788, -7.96726, 2.77199, 0.52864, -3.90251, 4.85318, 10.89347, 2.50336, 0.79649]"
44,sub10,supMAE,0,sub10-b2__0143__throw.npy,18,throw,18,0.9977914,1,"[4.04295, -0.55113, -6.06101, 3.15651, -1.16697, 1.19031, 4.67115, 2.84782, -0.44038, -3.22506, 1.90228, -0.44558, -3.35676, -0.20595, -0.31858, 0.29682, -3.27168, -1.39494, 11.78892, 4.27282, -4.82464, -7.1473]"
44,sub10,supMAE,0,sub10-b2__0144__throw.npy,18,throw,18,0.99391806,1,"[2.93187, 1.69815, -6.71403, 3.67484, -0.73141, 2.95237, 3.3802, 4.58025, 0.69203, -3.54017, 0.27574, -0.47667, -3.28556, -0.55666, -0.69573, -0.71473, -0.93288, -1.96263, 10.52968, 2.53331, -6.15521, -6.45812]"
44,sub10,supMAE,0,sub10-c__0001__sit.npy,15,sit,18,0.7030013,0,"[4.32723, -0.74362, -0.98153, -2.83411, -6.56594, 0.28011, -0.14548, 1.79264, 4.83179, -5.85712, -0.64249, -2.39895, 2.31148, -8.31795, -3.00506, 5.43659, -9.15415, 3.9561, 7.12017, 2.82243, 0.14191, 0.43223]"
44,sub10,supMAE,0,sub10-c__0002__stand.npy,17,stand,18,0.3545716,0,"[5.44692, -2.19471, 0.43796, -3.76296, -7.02159, 0.16805, -1.55254, 0.15953, 5.89704, -7.31895, -1.88103, -1.53591, 2.73958, -10.16982, -1.86652, 4.13077, -10.91659, 6.66951, 6.79995, 3.85876, 4.77818, 0.40265]"
44,sub10,supMAE,0,sub10-c__0003__turnaround.npy,19,turnaround,18,0.6195524,0,"[4.33366, 0.28119, -0.65863, -4.11292, -7.11445, -1.87675, 2.33277, 2.71868, 5.00489, -3.59919, 3.90882, 2.72411, 1.09771, -7.84014, 2.81475, 0.69698, -6.35272, -2.10549, 6.37631, 3.05047, -4.2774, -4.52767]"
44,sub10,supMAE,0,sub10-c__0004__sit.npy,15,sit,18,0.6884694,0,"[4.36406, -0.64204, -0.87721, -2.85849, -7.29782, 0.59575, 0.14339, 1.60373, 5.19189, -6.63566, -0.91324, -2.17801, 3.02552, -8.86943, -1.83348, 4.64458, -8.88823, 3.60871, 6.90116, 2.80815, 0.65782, 0.38714]"
44,sub10,supMAE,0,sub10-c__0005__stand.npy,17,stand,8,0.31800544,0,"[5.35493, -2.09173, 0.94689, -3.50725, -6.66781, -0.99108, -2.63866, -0.48597, 6.39396, -6.48673, -0.60047, -1.70701, 1.94423, -10.01332, -1.52314, 3.51851, -10.47704, 5.81481, 6.00357, 4.95067, 4.96447, 0.20986]"
44,sub10,supMAE,0,sub10-c__0006__turnaround.npy,19,turnaround,18,0.63077,0,"[4.21933, 0.31193, -0.54923, -3.87848, -7.23676, -2.2769, 2.40813, 2.20417, 5.15261, -3.82028, 3.92384, 2.26696, 1.22283, -7.92502, 2.83486, 0.73042, -6.43673, -2.2664, 6.4828, 3.60263, -4.20993, -4.26377]"
44,sub10,supMAE,0,sub10-c__0007__sit.npy,15,sit,18,0.81152475,0,"[4.55935, -0.48744, -0.77383, -2.99451, -7.04301, 0.33908, 0.46392, 1.58557, 5.09601, -6.06759, -1.09273, -1.96712, 2.3146, -9.05521, -2.15739, 4.85949, -9.2608, 3.74328, 7.6334, 3.32294, 0.4334, -0.27926]"
44,sub10,supMAE,0,sub10-c__0008__stand.npy,17,stand,18,0.25565013,0,"[6.06835, -1.87206, 0.77218, -3.94112, -6.10618, -0.51735, -2.13443, -0.37947, 5.4444, -6.6643, -0.88931, -1.53341, 2.32918, -10.06427, -2.47509, 3.90052, -10.74789, 5.63331, 6.17647, 5.09433, 5.43987, -0.42035]"
44,sub10,supMAE,0,sub10-c__0009__turnaround.npy,19,turnaround,18,0.44483912,0,"[4.86278, 0.45443, -0.44432, -4.09946, -7.38808, -2.07911, 2.51277, 2.32747, 5.26293, -4.05847, 3.80627, 2.11234, 0.94384, -8.08226, 2.97744, 0.98902, -6.76416, -1.93701, 5.88501, 3.13871, -4.47741, -4.10002]"
44,sub10,supMAE,0,sub10-c__0010__sit.npy,15,sit,18,0.75318414,0,"[4.82624, -0.60764, -0.86325, -3.07408, -7.04768, 0.15357, -0.04318, 1.51501, 5.4699, -6.27132, -1.38845, -2.21892, 2.4925, -9.31071, -2.16491, 4.9264, -9.3452, 3.94575, 7.51074, 3.1682, 0.47676, 0.3946]"
44,sub10,supMAE,0,sub10-c__0011__stand.npy,17,stand,17,0.23175685,1,"[5.65049, -1.51046, 1.19781, -3.51872, -6.46044, -0.44535, -2.53684, -0.2375, 5.87219, -7.28532, -1.74745, -1.86221, 2.68869, -10.16725, -2.47378, 4.2206, -10.60045, 6.02751, 5.76016, 4.82232, 5.31702, 0.37021]"
44,sub10,supMAE,0,sub10-c__0012__turnaround.npy,19,turnaround,18,0.5519453,0,"[4.72856, 0.54378, -0.68194, -3.79534, -6.74091, -1.59727, 1.62566, 2.63593, 4.94756, -4.16482, 3.69221, 2.01104, 1.40481, -7.73529, 2.05136, 0.88402, -6.50315, -2.01705, 6.10704, 3.29482, -3.85821, -4.25089]"
44,sub10,supMAE,0,sub10-c__0013__sit.npy,15,sit,18,0.6394818,0,"[3.9039, 0.12601, -0.59525, -3.06008, -7.49411, 1.07295, 0.17219, 1.21686, 5.63433, -6.82332, -1.67945, -1.89757, 3.49427, -9.41086, -1.38153, 4.21046, -8.30275, 2.86366, 6.7452, 2.97523, 0.27622, 0.14462]"
44,sub10,supMAE,0,sub10-c__0014__stand.npy,17,stand,8,0.23610508,0,"[5.57993, -1.84156, 1.14691, -3.74947, -6.8347, -0.18385, -2.4087, -0.43767, 5.96539, -7.40822, -1.41625, -1.44563, 3.0188, -10.39365, -1.56161, 3.73971, -10.46078, 5.84167, 5.7051, 4.72475, 5.12972, 0.21215]"
44,sub10,supMAE,0,sub10-c__0015__turnaround.npy,19,turnaround,18,0.8141207,0,"[4.25502, 0.32675, -1.47577, -4.0181, -6.91444, -2.18611, 3.27653, 2.74509, 5.35248, -3.2481, 4.01066, 2.33839, 0.79644, -7.06771, 2.78376, 0.39777, -6.49539, -2.42173, 7.51993, 2.31791, -4.86998, -4.78935]"
44,sub10,supMAE,0,sub10-c__0016__squat.npy,16,squat,11,0.7751802,0,"[-0.3123, 1.76836, -3.02579, -1.70467, 6.25311, -0.93072, 3.91589, 4.76296, -3.92966, 6.26746, 2.99287, 11.12518, 1.11406, 2.34586, 6.84936, -10.01556, 9.76873, -11.08909, 1.25887, -0.83695, -4.39519, -11.88599]"
44,sub10,supMAE,0,sub10-c__0017__squat.npy,16,squat,16,0.8683002,1,"[-1.1141, 2.49741, -4.83697, -1.32208, 9.29235, -0.29748, 1.85446, 4.56105, -4.09664, 7.77327, 1.90046, 9.35292, 0.89969, 3.00422, 4.5224, -9.88645, 12.01284, -11.23016, 1.34569, -0.46919, -3.3022, -11.24802]"
44,sub10,supMAE,0,sub10-c__0018__squat.npy,16,squat,11,0.9688182,0,"[0.38486, -1.62574, -4.3765, -3.84498, 4.85398, 3.35893, -1.20764, 2.82385, -2.86808, 8.45541, 5.85498, 12.79662, 1.08919, -1.82386, 4.40639, -7.17766, 8.74946, -7.79403, -0.3923, -1.29117, -1.96058, -10.29334]"
44,sub10,supMAE,0,sub10-c__0019__squat.npy,16,squat,11,0.99260724,0,"[1.33397, -1.76789, -3.46213, -3.60896, 0.85039, 2.09172, -0.17298, 1.57586, -0.69462, 7.07048, 7.73102, 13.43008, 0.12427, -3.64413, 7.08216, -7.02575, 5.98462, -7.56084, 0.17282, -1.30168, -3.86415, -9.99053]"
44,sub10,supMAE,0,sub10-c__0020__squat.npy,16,squat,11,0.98493594,0,"[0.47099, -1.11989, -3.35846, -4.45514, 4.41, 2.10124, -0.37293, 2.45976, -1.86216, 8.71741, 5.05705, 13.70699, 0.22223, -2.52197, 6.39654, -7.6887, 8.81718, -8.18395, -0.5382, -1.21973, -3.0505, -10.28652]"
44,sub10,supMAE,0,sub10-c__0021__squat.npy,16,squat,11,0.8798886,0,"[-0.31536, -1.14084, -4.50654, -4.50159, 7.00882, 3.73666, -1.75696, 2.65711, -3.16341, 9.50095, 4.21092, 12.9536, 1.32629, -1.754, 3.83133, -7.58343, 10.66894, -8.19803, -0.96948, -0.96459, -1.04968, -10.19909]"
44,sub10,supMAE,0,sub10-c__0022__pickup.npy,11,pickup,11,0.99239653,1,"[2.80919, -3.63077, 1.8471, -4.36754, -6.85042, -4.0167, 7.45952, 1.03775, 1.65342, 2.50978, 6.93336, 14.29122, 1.12201, -6.23814, 9.15989, -4.97064, -2.66322, -5.44758, 2.39041, 0.06164, -3.98032, -8.57337]"
44,sub10,supMAE,0,sub10-c__0023__pickup.npy,11,pickup,11,0.98885286,1,"[2.68654, -3.14073, 1.18553, -4.11487, -6.61872, -4.0482, 7.23978, 0.97451, 2.37143, 2.60616, 6.80081, 14.36149, 0.62012, -6.45746, 9.74689, -5.47569, -2.10683, -5.95493, 2.94234, 0.04415, -4.67473, -8.65907]"
44,sub10,supMAE,0,sub10-c__0024__pickup.npy,11,pickup,11,0.991109,1,"[2.75575, -2.88963, 0.7274, -3.78377, -5.83561, -3.58616, 6.61345, 1.23677, 1.83892, 2.7765, 6.99713, 14.45457, 0.47549, -6.21195, 9.6223, -5.6899, -1.2926, -6.293, 2.62122, 0.20051, -4.76463, -9.03309]"
44,sub10,supMAE,0,sub10-c__0025__pickup.npy,11,pickup,11,0.99782,1,"[3.25794, -3.88765, 1.87776, -4.61269, -6.86139, -3.73201, 6.50176, 0.89695, 1.94685, 2.37401, 5.90964, 15.02752, 1.7702, -7.54458, 8.7373, -4.99038, -2.37544, -5.20505, 2.72736, 0.08987, -3.33312, -7.85812]"
44,sub10,supMAE,0,sub10-c__0026__pickup.npy,11,pickup,11,0.98228526,1,"[2.94058, -3.29878, 1.71926, -3.69024, -7.60025, -4.37044, 7.62466, 0.41, 2.61931, 1.33752, 6.85885, 14.26098, 1.3535, -6.75603, 10.13026, -5.2238, -2.89246, -5.96806, 2.73194, 0.20683, -4.61723, -8.27162]"
44,sub10,supMAE,0,sub10-c__0027__pushchair.npy,12,pushchair,11,0.91193867,0,"[5.45813, -5.70393, 2.70444, -3.55151, -11.1037, -4.83448, 6.73021, 0.05308, 4.31674, -1.50305, 6.05707, 10.71456, 4.45496, -8.69539, 7.85139, -3.01661, -7.99792, -2.27725, 4.59886, -0.49901, -1.49589, -4.36976]"
44,sub10,supMAE,0,sub10-c__0028__pushchair.npy,12,pushchair,11,0.9487929,0,"[5.68089, -5.5835, 3.20378, -3.91692, -10.53396, -4.41834, 6.28783, -0.39566, 3.91133, -1.47206, 5.44918, 11.70893, 5.31735, -8.94485, 8.55189, -3.93928, -7.01836, -3.07194, 3.80166, -0.32741, -0.75903, -4.9235]"
44,sub10,supMAE,0,sub10-c__0029__pushchair.npy,12,pushchair,11,0.83747333,0,"[5.12042, -5.47676, 2.41336, -3.57304, -11.17056, -5.11, 6.64857, -0.17769, 5.08166, -1.78262, 5.89859, 10.03145, 4.533, -8.64856, 7.90464, -2.99421, -8.18184, -2.11923, 4.87253, -0.81008, -1.51251, -3.84534]"
44,sub10,supMAE,0,sub10-c__0030__pushchair.npy,12,pushchair,11,0.8651485,0,"[5.49073, -5.63886, 1.5914, -3.69521, -10.88673, -4.45965, 6.14772, -0.40194, 5.08914, -1.31269, 6.25745, 10.0506, 4.17171, -8.8422, 7.60231, -2.81822, -7.96244, -1.97793, 4.96136, -0.80291, -1.27239, -4.15845]"
44,sub10,supMAE,0,sub10-c__0031__pushchair.npy,12,pushchair,11,0.9365319,0,"[5.15118, -5.63165, 2.36454, -4.17592, -10.86798, -4.42144, 6.7636, -0.02083, 4.547, -1.31195, 5.82419, 11.16644, 4.52631, -9.0645, 8.04104, -3.22795, -7.64348, -2.2314, 4.70224, -0.676, -1.35272, -4.61822]"
44,sub10,supMAE,0,sub10-c__0032__sit.npy,15,sit,18,0.600489,0,"[4.58049, -0.80489, -0.47036, -2.79417, -7.66545, 0.84876, -0.12743, 0.84719, 5.136, -7.10555, -1.01925, -1.56826, 2.39417, -9.68684, -1.19426, 4.87525, -9.43871, 4.06801, 6.64607, 3.49204, 0.99675, 0.00181]"
44,sub10,supMAE,0,sub10-c__0033__stand.npy,17,stand,17,0.31918114,1,"[5.43569, -2.23078, 0.87671, -3.40363, -6.63952, -0.54424, -2.44397, -0.29641, 5.88552, -6.8824, -1.02734, -1.20333, 1.9577, -10.20403, -1.71787, 3.86464, -10.54898, 6.45533, 6.05342, 4.81307, 5.06402, 0.0713]"
44,sub10,supMAE,0,sub10-c__0034__turnaround.npy,19,turnaround,18,0.66205096,0,"[4.86718, -0.03021, -0.972, -3.83825, -6.75347, -1.75711, 2.33301, 2.47738, 4.72402, -4.12388, 4.02668, 2.25155, 1.22992, -7.57043, 2.31602, 1.00642, -6.80313, -1.71884, 6.59857, 3.26825, -3.83209, -4.58929]"
44,sub10,supMAE,0,sub10-c__0035__sit.npy,15,sit,18,0.6445162,0,"[4.17088, -1.01554, -0.49431, -3.15648, -7.45475, 0.31314, -0.06446, 0.98669, 5.47889, -6.70666, -1.32171, -2.35558, 2.75278, -9.22022, -1.67405, 4.75882, -9.44325, 4.24351, 6.89677, 3.25691, 1.47779, 0.84225]"
44,sub10,supMAE,0,sub10-c__0036__stand.npy,17,stand,17,0.31046286,1,"[5.14429, -2.18681, 0.83294, -3.2891, -6.59952, -0.45171, -2.84108, -0.32127, 6.07102, -6.95653, -1.06067, -1.45582, 2.19295, -10.14776, -1.86776, 3.76818, -10.48962, 6.43016, 5.93666, 4.81006, 5.36294, 0.35901]"
44,sub10,supMAE,0,sub10-c__0037__turnaround.npy,19,turnaround,18,0.5066297,0,"[4.81866, 0.89158, -0.72074, -3.97288, -6.99825, -1.82191, 2.32403, 2.3925, 4.97424, -3.73092, 4.2636, 2.92193, 0.70024, -7.97118, 3.29018, 0.45014, -6.30948, -2.76598, 6.12206, 3.43397, -4.92417, -5.26682]"
44,sub10,supMAE,0,sub10-c__0038__sit.npy,15,sit,18,0.6065864,0,"[4.77622, -0.32177, -0.37696, -2.86544, -7.23455, 0.42477, -0.40546, 0.99601, 5.33776, -6.70581, -1.07103, -2.05357, 1.89631, -9.56175, -1.53664, 4.87283, -9.53018, 3.90618, 6.79374, 3.99932, 0.94614, -0.32084]"
44,sub10,supMAE,0,sub10-c__0039__stand.npy,17,stand,17,0.299788,1,"[5.60916, -2.28068, 0.86473, -3.33399, -6.49422, -0.87523, -2.54032, -0.15138, 5.71424, -6.81686, -0.84933, -1.35485, 1.9024, -10.02974, -1.98276, 3.91784, -10.71168, 6.41581, 6.21866, 4.92972, 5.00335, 0.08334]"
44,sub10,supMAE,0,sub10-c__0040__turnaround.npy,19,turnaround,18,0.4123884,0,"[4.34981, 0.82229, -0.46737, -3.89442, -7.33643, -1.42386, 1.93981, 2.88453, 5.36414, -4.35138, 3.55611, 2.31662, 1.34902, -7.85405, 2.87139, 0.74287, -6.31151, -1.96357, 5.63991, 2.56231, -4.57579, -4.09467]"
44,sub10,supMAE,0,sub10-c__0041__sit.npy,15,sit,18,0.5613824,0,"[4.97247, -0.01001, -0.65066, -2.94588, -6.80319, 0.63049, -1.00875, 0.93063, 5.42402, -6.49589, -0.58308, -1.72588, 2.28894, -10.0023, -1.63317, 4.60024, -9.22438, 2.89151, 6.70181, 4.84557, 0.92294, -1.02859]"
44,sub10,supMAE,0,sub10-c__0042__stand.npy,17,stand,8,0.36760238,0,"[4.70457, -1.97054, 0.9356, -3.39698, -6.89899, -0.67401, -2.67002, -0.34161, 6.63839, -6.57564, -1.06891, -1.56734, 1.93338, -10.08554, -1.3385, 3.56629, -10.2635, 6.16859, 6.14783, 4.55935, 4.73715, 0.52004]"
44,sub10,supMAE,0,sub10-c__0043__turnaround.npy,19,turnaround,8,0.49485958,0,"[3.50093, 1.04778, -0.26945, -4.31466, -7.3536, -1.99583, 2.12479, 3.29688, 6.27651, -2.86809, 3.18218, 2.71951, 0.55174, -7.75594, 3.07557, 0.47634, -5.88079, -2.00797, 5.99066, 1.8704, -5.17171, -3.89888]"
44,sub10,supMAE,0,sub10-c__0044__sit.npy,15,sit,18,0.40167388,0,"[4.65734, -0.1252, 0.01566, -3.04886, -7.03016, 0.87396, -0.92616, 0.71322, 4.70138, -7.22858, -1.17247, -2.12808, 2.79802, -9.5488, -2.25188, 5.17693, -9.39441, 3.63708, 5.87863, 4.26807, 1.73656, -0.10815]"
44,sub10,supMAE,0,sub10-c__0045__stand.npy,17,stand,17,0.39224234,1,"[4.80218, -2.24627, 0.71978, -3.52546, -7.05701, 0.13334, -2.03725, -0.09371, 6.07981, -7.36944, -1.99228, -1.38972, 2.84321, -10.31093, -1.55952, 3.8913, -10.5628, 6.8856, 6.43964, 4.03274, 5.3036, 0.68972]"
44,sub10,supMAE,0,sub10-c__0046__turnaround.npy,19,turnaround,18,0.7793505,0,"[4.02754, 0.89537, -1.03651, -3.75821, -6.7729, -2.16279, 2.37295, 2.62516, 5.09276, -3.46241, 4.13298, 2.15972, 0.84267, -7.31451, 2.3382, 0.48873, -6.38559, -2.8166, 7.15128, 3.37723, -4.72318, -4.91898]"
44,sub10,supMAE,0,sub10-c__0047__squat.npy,16,squat,11,0.9879474,0,"[0.60077, -1.69064, -3.01855, -4.53122, 2.41231, 1.67093, -0.14119, 1.5703, -1.23704, 8.11053, 6.82337, 13.07458, 0.7201, -2.72042, 6.29401, -7.07107, 6.90547, -7.84421, -0.21988, -1.47106, -2.97165, -9.79616]"
44,sub10,supMAE,0,sub10-c__0048__squat.npy,16,squat,11,0.97940844,0,"[0.12764, -1.76954, -3.05078, -5.0987, 3.81552, 1.75077, -0.73622, 1.88182, -1.58885, 8.97211, 5.49267, 13.13665, 0.7571, -3.04083, 5.26999, -6.75572, 7.73314, -7.42731, -0.35604, -0.98289, -1.79102, -9.60435]"
44,sub10,supMAE,0,sub10-c__0049__squat.npy,16,squat,11,0.9742587,0,"[0.26986, -1.78563, -3.85951, -4.18253, 3.17636, 2.6143, -1.13179, 1.4358, -1.67688, 8.50459, 7.12877, 12.70996, 0.78334, -2.67201, 5.66491, -7.08097, 7.7078, -7.92762, -0.29339, -1.05531, -2.43781, -9.84231]"
44,sub10,supMAE,0,sub10-c__0050__squat.npy,16,squat,11,0.9961712,0,"[1.11579, -1.6228, -2.97403, -4.79562, 2.698, 2.71504, -0.07822, 1.95352, -1.76689, 7.64335, 6.04122, 14.24101, 1.64649, -3.35933, 6.96756, -7.79935, 7.72572, -8.26296, -0.62734, -1.51339, -3.0518, -10.33942]"
44,sub10,supMAE,0,sub10-c__0051__squat.npy,16,squat,11,0.9814688,0,"[0.34762, -1.68658, -3.63743, -4.53893, 3.45823, 2.2274, -0.71441, 2.12293, -1.56478, 8.38138, 6.21034, 12.9032, 0.79355, -2.76998, 5.88863, -7.0013, 7.74225, -7.69437, -0.28535, -1.2538, -2.52675, -9.88485]"
44,sub10,supMAE,0,sub10-c__0052__squat.npy,16,squat,11,0.9824004,0,"[0.50359, -1.62014, -4.10819, -4.0546, 3.39028, 2.68212, -1.46969, 2.04781, -1.33945, 8.23293, 6.36993, 12.88526, 0.98643, -3.25028, 5.47804, -7.11758, 7.79229, -7.91427, -0.08283, -0.98299, -2.25113, -9.81309]"
44,sub10,supMAE,0,sub10-c__0053__pickup.npy,11,pickup,11,0.986142,1,"[2.49958, -2.77715, 1.60134, -4.63139, -6.41903, -3.72558, 7.23673, 1.51605, 2.46728, 2.45289, 6.35359, 14.79617, 0.71579, -6.4077, 10.47568, -5.84552, -1.66678, -5.94988, 2.53943, -0.56982, -5.23881, -8.87371]"
44,sub10,supMAE,0,sub10-c__0054__pickup.npy,11,pickup,11,0.9935696,1,"[2.67649, -3.40267, 1.8701, -4.73384, -6.64303, -3.63564, 7.1463, 1.56377, 1.86507, 2.62156, 6.52443, 14.74105, 1.0783, -6.36776, 9.56915, -5.32275, -2.15412, -5.39866, 2.57311, -0.50582, -4.51575, -8.66449]"
44,sub10,supMAE,0,sub10-c__0055__pickup.npy,11,pickup,11,0.99171525,1,"[3.12432, -3.4891, 2.47113, -4.38493, -8.05203, -4.06098, 7.28916, 0.99456, 3.02216, 1.20029, 6.11871, 15.10024, 1.60078, -7.60269, 10.2466, -5.25774, -3.18362, -5.172, 2.81971, -0.46538, -4.77909, -7.88599]"
44,sub10,supMAE,0,sub10-c__0056__pickup.npy,11,pickup,11,0.9905376,1,"[2.79749, -3.60443, 2.4287, -4.60936, -7.60479, -4.03534, 7.90788, 1.30338, 2.16284, 1.71428, 6.49477, 14.86708, 1.61327, -6.74333, 10.08138, -5.37974, -3.09819, -5.41208, 2.77768, -0.2456, -4.52991, -8.54519]"
44,sub10,supMAE,0,sub10-c__0057__pickup.npy,11,pickup,11,0.98809296,1,"[3.01052, -3.59814, 1.56355, -3.92016, -7.65332, -4.3373, 6.98878, 0.49674, 2.8639, 1.70106, 7.00349, 14.1562, 1.09594, -7.15027, 9.59421, -5.0389, -3.22791, -5.46264, 3.16143, 0.21832, -4.2671, -7.87023]"
44,sub10,supMAE,0,sub10-c__0058__pickup.npy,11,pickup,11,0.9762566,1,"[2.92508, -3.02139, 1.42506, -4.27431, -7.27093, -3.60409, 7.20554, 1.34889, 2.8643, 1.13658, 6.88525, 14.24854, 1.18648, -6.55742, 10.46626, -5.4432, -2.6463, -5.61434, 2.64662, -0.53519, -5.39227, -8.66563]"
44,sub10,supMAE,0,sub10-c__0059__pushchair.npy,12,pushchair,11,0.819468,0,"[5.42093, -5.31787, 2.05403, -3.03576, -10.87376, -5.09292, 5.73328, -0.58054, 5.33514, -1.91174, 6.26056, 9.76044, 4.28447, -8.67492, 7.77762, -2.74558, -8.05003, -2.21454, 4.4304, -0.50047, -1.46083, -3.91271]"
44,sub10,supMAE,0,sub10-c__0060__pushchair.npy,12,pushchair,11,0.8482732,0,"[5.70234, -5.67192, 2.88517, -3.69038, -10.97118, -5.51817, 6.12621, -0.4961, 4.7602, -1.26906, 5.67125, 9.69472, 4.24502, -8.76184, 7.33641, -2.51927, -8.50473, -1.72932, 4.73322, -0.46768, -0.68374, -3.52436]"
44,sub10,supMAE,0,sub10-c__0061__pushchair.npy,12,pushchair,11,0.8265566,0,"[5.50145, -5.71989, 1.73969, -3.31394, -10.43397, -5.26723, 5.4403, -0.8751, 4.9561, -0.93701, 6.32031, 9.33743, 4.20755, -8.53367, 6.89437, -2.67526, -7.99691, -2.19529, 4.99298, -0.27522, -0.47509, -3.48856]"
44,sub10,supMAE,0,sub10-c__0062__pushchair.npy,12,pushchair,11,0.82042694,0,"[5.55462, -5.77893, 2.34664, -3.05186, -11.18201, -5.19177, 5.42181, -0.75152, 5.15209, -1.73689, 6.09234, 9.22001, 4.53797, -8.73959, 6.79113, -2.24781, -8.70583, -1.51321, 4.73572, -0.5655, -0.49916, -3.01104]"
44,sub10,supMAE,0,sub10-c__0063__pushchair.npy,12,pushchair,11,0.82853544,0,"[5.47292, -5.75208, 2.45779, -3.17293, -11.10144, -5.25276, 5.57689, -0.71274, 4.7882, -1.35911, 6.3127, 9.36293, 4.20367, -8.55554, 6.95982, -2.29919, -8.59692, -1.67445, 4.62837, -0.56216, -0.65346, -3.09217]"
44,sub10,supMAE,0,sub10-c__0064__sit.npy,15,sit,18,0.7364031,0,"[4.33205, -0.52006, -1.40194, -2.87646, -7.01751, 0.92909, -0.48792, 1.00299, 5.52481, -6.67083, -1.20686, -2.24493, 2.65221, -9.55246, -1.71184, 4.72676, -8.93404, 3.45882, 7.30203, 3.54334, 0.65428, 0.22955]"
44,sub10,supMAE,0,sub10-c__0065__stand.npy,17,stand,8,0.24728607,0,"[5.49421, -1.37594, 1.12044, -3.42973, -6.49702, -0.69263, -2.55338, -0.30991, 6.01049, -6.96906, -1.27894, -2.1147, 2.15672, -9.94041, -2.22891, 4.25892, -10.56981, 5.79108, 5.88576, 4.93006, 4.45755, 0.19512]"
44,sub10,supMAE,0,sub10-c__0066__turnaround.npy,19,turnaround,18,0.5016388,0,"[4.43636, 0.83167, -0.50219, -3.92376, -7.29217, -1.70147, 2.17709, 2.35986, 5.3238, -3.73572, 3.95691, 2.89541, 0.98787, -8.11511, 3.00744, 0.48151, -6.26791, -2.69442, 6.06858, 3.09385, -4.76652, -4.65348]"
44,sub10,supMAE,0,sub10-c__0067__sit.npy,15,sit,18,0.6812284,0,"[4.1878, -0.48634, -0.46938, -3.25419, -7.59358, 0.59025, 0.14737, 1.06326, 5.78398, -6.68937, -1.34602, -1.53426, 3.04982, -9.90394, -1.03734, 4.16492, -8.94922, 3.33751, 7.06498, 3.45928, 0.84593, -0.06664]"
44,sub10,supMAE,0,sub10-c__0068__stand.npy,17,stand,8,0.24080835,0,"[5.32376, -1.50152, 1.07204, -3.2682, -6.46032, -0.17691, -3.04001, -0.15505, 6.00829, -7.38131, -1.67089, -1.82041, 2.7774, -10.12712, -2.398, 4.00689, -10.3346, 6.00715, 5.63757, 4.84732, 5.2186, 0.5396]"
44,sub10,supMAE,0,sub10-c__0069__turnaround.npy,19,turnaround,18,0.6520257,0,"[4.19223, 0.85108, -1.35601, -3.35301, -6.63683, -1.56213, 1.88767, 1.86901, 4.79519, -3.66416, 4.43331, 2.7092, 1.06168, -7.65464, 2.66831, 0.44138, -5.75062, -3.29564, 6.52154, 3.72577, -4.57086, -5.01173]"
44,sub10,supMAE,0,sub10-c__0070__sit.npy,15,sit,17,0.39625272,0,"[5.98937, -1.88257, 0.21676, -1.86231, -6.2777, -1.2292, -2.1284, 0.14799, 4.75734, -6.94324, -1.59856, -2.78477, 1.44813, -9.20281, -4.03744, 5.6943, -11.31029, 7.16273, 6.87578, 4.24395, 4.62501, 1.70648]"
44,sub10,supMAE,0,sub10-c__0071__stand.npy,17,stand,18,0.23872532,0,"[6.04898, -1.50205, 0.8134, -3.38613, -6.55535, -0.29756, -2.149, -0.18909, 5.82159, -7.37619, -1.48435, -1.89192, 2.58478, -10.26053, -2.15589, 4.1003, -10.71949, 5.75261, 6.10492, 5.04452, 4.77304, -0.15167]"
44,sub10,supMAE,0,sub10-c__0072__turnaround.npy,19,turnaround,18,0.6271911,0,"[3.83469, 0.59918, -0.75252, -3.6291, -7.27345, -1.96032, 2.26905, 1.94957, 5.26339, -3.46343, 4.26495, 2.90405, 1.03068, -7.9677, 3.09998, 0.29191, -5.95634, -3.10762, 6.53132, 3.51248, -4.62553, -4.67342]"
44,sub10,supMAE,0,sub10-c__0073__sit.npy,15,sit,18,0.60511816,0,"[5.11981, -0.64884, -0.38956, -3.36863, -6.97288, 0.32755, 0.15215, 0.82592, 4.95456, -6.59725, -0.76752, -1.77191, 2.3186, -9.85189, -1.83181, 4.94007, -9.66236, 3.36766, 6.84247, 4.72553, 1.1619, -0.92886]"
44,sub10,supMAE,0,sub10-c__0074__stand.npy,17,stand,18,0.30438012,0,"[5.86913, -1.87309, 0.54366, -3.36853, -6.7674, -0.47718, -2.07578, -0.24113, 6.30571, -7.1146, -1.49792, -1.75701, 2.2358, -10.35993, -1.65269, 3.946, -10.6687, 6.1476, 6.58553, 4.83041, 4.55549, 0.07461]"
44,sub10,supMAE,0,sub10-c__0075__turnaround.npy,19,turnaround,18,0.41393304,0,"[4.67696, 1.15125, -0.41373, -3.70724, -7.11013, -1.58798, 1.67383, 2.35092, 5.02948, -4.20928, 3.85029, 2.7084, 1.51522, -8.24235, 2.37486, 0.68674, -6.18124, -3.11939, 5.64281, 3.69069, -4.492, -4.57458]"
44,sub10,supMAE,0,sub10-c__0076__sit.npy,15,sit,18,0.6577247,0,"[4.37099, -0.42628, -0.88538, -3.22124, -6.53225, 0.82788, -0.6213, 1.17776, 5.02757, -6.15201, -0.83831, -2.00079, 2.80799, -9.365, -2.17927, 4.83909, -8.72262, 3.10472, 6.80702, 4.13408, 0.95148, -0.32378]"
44,sub10,supMAE,0,sub10-c__0077__stand.npy,17,stand,8,0.33074677,0,"[5.58995, -0.95266, 0.9693, -3.50144, -6.4359, -0.31063, -2.55529, -0.32774, 6.25484, -7.33444, -1.61835, -2.25758, 2.69978, -10.03339, -1.95319, 3.94057, -10.15937, 5.28182, 5.58587, 4.84836, 4.80509, 0.15049]"
44,sub10,supMAE,0,sub10-c__0078__turnaround.npy,19,turnaround,18,0.6357162,0,"[4.28103, 1.18861, -0.9775, -3.73538, -7.01129, -2.05258, 2.432, 2.22161, 5.1145, -2.90795, 4.34052, 3.09352, 0.57142, -7.78664, 2.80853, 0.37056, -5.92314, -3.6542, 6.58739, 3.52934, -5.27745, -5.15797]"
44,sub10,supMAE,0,sub10-c__0079__sit.npy,15,sit,18,0.5138492,0,"[4.21358, 0.33505, 0.00416, -3.10158, -7.19557, 0.02673, -0.55554, 0.76092, 5.86988, -6.78054, -1.74855, -2.81071, 2.6558, -9.49699, -1.69589, 4.7023, -9.0211, 3.39316, 6.52515, 4.06104, 1.16172, 0.38786]"
44,sub10,supMAE,0,sub10-c__0080__stand.npy,17,stand,8,0.34668523,0,"[4.69444, -1.46926, 1.29361, -3.54016, -6.66548, -0.74436, -2.54281, -0.64796, 6.46701, -7.43456, -2.04836, -2.60725, 2.98163, -9.84044, -2.16763, 4.18288, -10.36195, 6.01859, 5.61227, 4.59344, 5.41925, 1.26258]"
44,sub10,supMAE,0,sub10-c__0081__turnaround.npy,19,turnaround,18,0.8135935,0,"[3.76871, 0.97245, -1.28116, -3.67811, -6.89169, -2.2856, 2.58043, 2.52479, 5.37574, -2.86833, 4.14978, 2.46061, 0.69043, -7.26531, 2.50246, 0.18781, -6.05904, -3.31128, 7.47214, 3.17997, -4.87121, -4.99144]"
44,sub10,supMAE,0,sub10-c__0082__squat.npy,16,squat,11,0.9765846,0,"[0.81494, -2.02339, -3.8553, -3.33223, 2.8471, 2.20956, -1.4471, 1.27362, -1.37422, 8.71191, 7.30582, 12.83487, -0.79669, -2.51741, 5.07021, -6.41013, 7.1192, -7.12769, -0.16334, -1.30187, -2.91393, -9.31301]"
44,sub10,supMAE,0,sub10-c__0083__squat.npy,16,squat,11,0.90316945,0,"[0.24432, -2.59458, -3.89192, -3.63536, 2.02003, 1.37456, -1.61405, 0.9243, -0.60576, 9.23425, 7.7926, 11.70907, -0.81684, -3.12908, 3.99624, -5.26226, 5.72528, -6.29294, 0.55237, -0.66507, -2.02646, -8.60749]"
44,sub10,supMAE,0,sub10-c__0084__squat.npy,16,squat,11,0.98807216,0,"[0.43367, -2.0869, -3.7617, -3.55827, 2.56288, 2.10088, -1.42447, 1.2749, -0.99839, 8.89148, 6.76073, 13.59628, -0.63086, -3.64889, 5.10325, -6.43878, 7.22156, -7.05009, 0.0928, -0.87736, -2.6747, -9.257]"
44,sub10,supMAE,0,sub10-c__0085__squat.npy,16,squat,11,0.95127326,0,"[0.35439, -2.13027, -3.86499, -3.69248, 3.81568, 2.40605, -2.04283, 1.48355, -1.78689, 9.46331, 6.75429, 12.62666, -0.71612, -2.60366, 3.97291, -6.00543, 7.4657, -6.68481, -0.36431, -0.88201, -1.91398, -9.25579]"
44,sub10,supMAE,0,sub10-c__0086__squat.npy,16,squat,11,0.9713868,0,"[0.40715, -2.15148, -3.22559, -3.48451, 1.97185, 1.11294, -1.02219, 1.38921, -0.54779, 9.25269, 6.97312, 12.94052, -1.63388, -3.1743, 5.47343, -6.11052, 6.2573, -6.43664, 0.39355, -1.17149, -2.96188, -8.93791]"
44,sub10,supMAE,0,sub10-c__0087__squat.npy,16,squat,11,0.9908014,0,"[0.43024, -2.42812, -2.45691, -3.75186, 1.5598, 0.90171, -0.39007, 1.78992, -0.8642, 8.68224, 6.57297, 13.56984, -0.66125, -3.33707, 5.4377, -6.13061, 5.99379, -6.40131, 0.24129, -1.27542, -2.87442, -8.97234]"
44,sub10,supMAE,0,sub10-c__0088__pickup.npy,11,pickup,11,0.99527186,1,"[2.35237, -3.75449, 1.34241, -4.0076, -6.63781, -3.66518, 5.79553, 1.46249, 2.17264, 3.48428, 7.20216, 14.2118, 0.03933, -6.18602, 8.57759, -4.69927, -2.13882, -4.55964, 2.82526, -0.8796, -4.45228, -7.86817]"
44,sub10,supMAE,0,sub10-c__0089__pickup.npy,11,pickup,11,0.99669206,1,"[2.79659, -3.64785, 0.59783, -3.47479, -6.21406, -3.24912, 4.92491, 1.11604, 1.84294, 3.16027, 7.44859, 14.27651, 0.4688, -6.69542, 8.11322, -4.93943, -1.59804, -5.2434, 2.72805, -0.1055, -3.91372, -7.87816]"
44,sub10,supMAE,0,sub10-c__0090__pickup.npy,11,pickup,11,0.9850336,1,"[3.55071, -3.86617, 0.67747, -2.79485, -7.47741, -3.79554, 5.27767, 0.91792, 2.52415, 1.7585, 7.94743, 13.10043, 0.99184, -6.84827, 8.3716, -4.64361, -3.18861, -4.90629, 3.16468, 0.14005, -3.82791, -7.42646]"
44,sub10,supMAE,0,sub10-c__0091__pickup.npy,11,pickup,11,0.99876994,1,"[2.78853, -4.30918, 1.21514, -4.55193, -6.52678, -3.03696, 5.51764, 1.12442, 1.7172, 3.28647, 6.57389, 14.85472, 0.8855, -7.07876, 7.80021, -4.41268, -2.08572, -4.30798, 2.81995, -0.46621, -3.34841, -7.74565]"
44,sub10,supMAE,0,sub10-c__0092__pickup.npy,11,pickup,11,0.9961545,1,"[2.89178, -3.89955, 1.25244, -4.06394, -7.27042, -3.56506, 5.76293, 0.83915, 2.54276, 2.83859, 6.88331, 14.49473, 0.6003, -7.33669, 8.73864, -4.68528, -2.58651, -4.74622, 3.17862, -0.2987, -3.96421, -7.59965]"
44,sub10,supMAE,0,sub10-c__0093__pushchair.npy,12,pushchair,11,0.832003,0,"[5.57609, -5.7591, 1.45061, -2.55454, -10.94103, -4.61316, 4.59627, -0.97709, 4.97972, -1.71591, 6.56495, 9.25314, 4.68697, -8.82442, 6.45188, -2.55299, -8.16045, -2.15062, 4.94309, -0.43768, -0.36831, -2.86432]"
44,sub10,supMAE,0,sub10-c__0094__pushchair.npy,12,pushchair,11,0.6510246,0,"[5.50267, -5.98261, 1.81706, -2.04261, -11.5569, -5.19163, 4.32704, -1.0692, 5.26506, -1.93118, 6.18449, 8.04012, 4.94566, -8.81056, 5.25483, -1.91212, -9.2348, -1.39332, 5.7744, -0.19179, 0.36017, -1.61053]"
44,sub10,supMAE,0,sub10-c__0095__pushchair.npy,12,pushchair,11,0.61104316,0,"[5.35937, -5.5917, 1.56591, -2.33826, -11.35016, -5.68126, 5.20077, -1.27199, 6.23449, -2.30299, 5.91904, 8.2241, 4.34687, -8.72961, 6.67724, -2.13642, -8.92927, -1.60769, 5.39209, -0.42563, -0.39067, -2.1302]"
44,sub10,supMAE,0,sub10-c__0096__pushchair.npy,12,pushchair,11,0.78730345,0,"[5.39232, -6.00859, 1.59349, -2.37019, -10.95569, -4.85941, 4.46224, -0.97276, 4.37859, -1.26653, 6.71177, 8.81347, 4.89947, -8.50431, 5.68275, -2.32965, -8.25837, -2.01159, 5.15064, -0.3545, 0.19787, -2.35699]"
44,sub10,supMAE,0,sub10-c__0097__pushchair.npy,12,pushchair,11,0.5896145,0,"[5.30512, -5.83662, 0.98121, -2.30978, -10.81272, -5.21462, 4.80944, -1.10651, 5.52676, -1.57614, 6.70403, 8.01267, 4.53003, -8.27716, 5.92826, -2.30299, -8.51242, -1.91708, 5.4667, -0.29989, -0.09762, -2.45508]"
44,sub10,supMAE,0,sub10-c__0098__pushchair.npy,12,pushchair,11,0.79180884,0,"[5.43695, -5.77132, 0.96686, -2.50891, -10.68602, -4.46665, 3.99096, -0.95236, 5.04984, -1.2651, 6.94715, 8.99495, 4.13653, -8.73153, 6.0589, -2.26514, -8.03965, -1.84885, 4.97007, -0.28676, -0.2116, -2.88401]"
44,sub10,supMAE,0,sub10-c__0099__sit.npy,15,sit,18,0.50125694,0,"[4.37657, -0.22028, -0.56873, -2.8649, -7.13743, 1.06683, -0.92647, 1.02432, 5.40625, -7.28396, -1.20316, -1.79173, 3.01647, -9.92304, -1.22541, 4.43791, -8.69717, 3.50164, 6.22567, 3.90752, 1.25938, -0.09846]"
44,sub10,supMAE,0,sub10-c__0100__stand.npy,17,stand,8,0.29711208,0,"[5.0378, -1.19515, 1.38728, -3.32545, -6.4488, -0.58159, -3.21544, -0.22144, 6.26564, -7.17318, -2.02394, -2.3331, 2.64501, -9.84382, -2.91387, 4.43138, -10.38796, 6.21039, 5.48239, 4.43643, 5.07612, 1.27155]"
44,sub10,supMAE,0,sub10-c__0101__turnaround.npy,19,turnaround,18,0.6823436,0,"[4.14041, 0.52242, -1.0315, -3.69287, -6.58106, -1.56215, 2.04917, 2.42459, 4.59422, -3.79293, 3.97554, 2.38439, 1.27189, -7.46145, 1.94314, 0.94382, -6.10086, -2.50058, 6.43595, 3.40044, -4.13968, -4.5825]"
44,sub10,supMAE,0,sub10-c__0102__sit.npy,15,sit,18,0.56016684,0,"[4.2655, -0.20916, -0.44269, -3.13735, -6.65963, 0.55826, -0.89237, 1.06778, 5.30483, -6.76924, -1.25762, -2.16654, 2.96725, -9.3715, -2.0734, 4.84681, -8.82618, 3.30406, 6.4717, 3.90567, 1.14296, 0.24372]"
44,sub10,supMAE,0,sub10-c__0103__stand.npy,17,stand,8,0.23824377,0,"[4.98857, -1.54693, 1.2285, -3.67794, -6.51166, -0.08433, -2.68587, -0.47704, 5.87561, -7.15632, -1.33909, -1.48626, 2.9837, -10.21872, -2.16614, 3.82077, -10.28456, 5.65904, 5.51841, 4.97296, 5.47803, 0.10227]"
44,sub10,supMAE,0,sub10-c__0104__turnaround.npy,19,turnaround,18,0.45509052,0,"[5.59465, 0.63999, -0.9247, -3.46614, -6.25196, -1.34438, 0.84906, 1.92179, 4.46337, -4.53178, 3.65983, 1.46074, 1.67564, -7.82566, 1.53788, 0.88053, -6.55378, -2.12338, 5.98402, 3.95291, -2.74058, -4.2242]"
44,sub10,supMAE,0,sub10-c__0105__sit.npy,15,sit,18,0.515771,0,"[3.47663, -0.44286, -0.92928, -2.60312, -6.49949, 0.05131, -1.50115, 1.85129, 5.80155, -5.81182, -0.97211, -2.80934, 2.1251, -8.73985, -2.48964, 5.10285, -8.40668, 4.4073, 6.56004, 3.4242, 0.94106, 0.91357]"
44,sub10,supMAE,0,sub10-c__0106__stand.npy,17,stand,8,0.35623425,0,"[4.12673, -1.38515, 1.59762, -3.67648, -6.72223, -0.718, -2.54462, -0.57815, 6.46743, -6.95807, -2.02057, -2.51366, 2.96802, -9.71463, -2.45141, 4.18094, -10.43323, 6.0429, 5.42362, 4.33389, 5.64113, 1.42352]"
44,sub10,supMAE,0,sub10-c__0107__turnaround.npy,19,turnaround,18,0.73300225,0,"[4.25574, 1.03191, -1.09356, -3.46076, -6.23856, -1.76893, 1.40919, 2.48005, 4.4755, -3.6362, 4.05759, 2.00566, 1.07323, -7.28422, 1.62367, 0.77215, -6.10366, -2.89973, 6.72769, 3.93114, -3.96729, -4.7667]"
44,sub10,supMAE,0,sub10-c__0108__sit.npy,15,sit,18,0.5174743,0,"[3.98785, -0.35801, -0.31318, -3.30334, -6.92452, 0.7796, -0.64427, 1.07789, 5.43166, -6.66241, -0.94174, -1.70875, 2.96804, -9.61831, -1.29077, 4.51116, -8.65741, 3.31992, 6.26543, 4.06795, 1.04029, -0.34893]"
44,sub10,supMAE,0,sub10-c__0109__stand.npy,17,stand,8,0.29795936,0,"[4.77926, -1.73605, 0.93761, -3.61453, -6.62242, -0.29622, -2.61324, -0.50906, 6.20537, -6.96319, -1.23546, -1.67595, 2.89872, -10.18458, -1.91977, 3.66671, -10.24115, 5.63245, 5.93606, 4.82432, 5.31046, 0.35619]"
44,sub10,supMAE,0,sub10-c__0110__turnaround.npy,19,turnaround,18,0.67757946,0,"[4.22225, 1.10419, -1.12566, -3.45, -7.08479, -1.89206, 2.03825, 2.00171, 5.28382, -3.34414, 4.48472, 2.9126, 0.51198, -7.74179, 3.36819, -0.0431, -5.95627, -3.42929, 6.86649, 3.52343, -4.92784, -5.35046]"
44,sub10,supMAE,0,sub10-c__0111__sit.npy,15,sit,18,0.6601322,0,"[4.19831, -0.38259, -0.65661, -2.98245, -6.41279, 0.9038, -0.84172, 1.67545, 5.01884, -6.71879, -0.91181, -1.62071, 2.69098, -9.01093, -1.80286, 4.58689, -8.67473, 3.73412, 6.69183, 3.37926, 0.67225, -0.35584]"
44,sub10,supMAE,0,sub10-c__0112__stand.npy,17,stand,17,0.35262087,1,"[5.31129, -1.25121, 1.41171, -3.19654, -6.27464, -0.31744, -3.39103, -0.26351, 5.81024, -7.17226, -1.82995, -2.0087, 2.32076, -9.89437, -2.93914, 4.62349, -10.34634, 6.39507, 5.18362, 4.60532, 5.09959, 0.93583]"
44,sub10,supMAE,0,sub10-c__0113__turnaround.npy,19,turnaround,18,0.7720411,0,"[4.63596, 1.06359, -1.28542, -3.6111, -6.88041, -2.40306, 2.87762, 2.17044, 4.84671, -3.05605, 4.72443, 2.74506, 0.47783, -7.30939, 3.11269, 0.05955, -6.37472, -3.64714, 7.33585, 3.67102, -5.1369, -5.75758]"
44,sub10,supMAE,0,sub10-c__0114__squat.npy,16,squat,11,0.9893197,0,"[1.4852, -2.42788, -3.25683, -3.21613, 1.32119, 2.12557, -1.13205, 1.00724, -1.31294, 7.9534, 7.88792, 13.25669, -0.49481, -3.02406, 5.52312, -6.33061, 5.96962, -6.97122, -0.09902, -1.38119, -2.95804, -9.14484]"
44,sub10,supMAE,0,sub10-c__0115__squat.npy,16,squat,11,0.98320895,0,"[1.48608, -2.75541, -3.33825, -3.35458, 0.1126, 1.42661, -0.87813, 0.72967, -0.34036, 7.58393, 8.38004, 12.86524, -0.54538, -4.04266, 5.09889, -5.48746, 4.58149, -6.33307, 0.61709, -1.05055, -3.00518, -8.6695]"
44,sub10,supMAE,0,sub10-c__0116__squat.npy,16,squat,11,0.9730858,0,"[1.47921, -2.8717, -3.70105, -3.53299, 2.60361, 2.71712, -1.87865, 1.37269, -2.44076, 8.1446, 7.72899, 12.30966, 0.95322, -2.9355, 3.19271, -5.50486, 5.86156, -6.74147, -0.09414, -0.46781, -1.24112, -9.30788]"
44,sub10,supMAE,0,sub10-c__0117__squat.npy,16,squat,11,0.94122654,0,"[0.65229, -2.41888, -2.746, -3.9903, 3.59213, 1.24874, -1.07366, 1.70941, -2.36647, 9.5323, 6.74254, 12.41696, -0.46217, -1.97584, 3.91151, -5.86458, 6.51397, -6.79224, -0.2299, -0.53576, -1.54902, -9.4051]"
44,sub10,supMAE,0,sub10-c__0118__squat.npy,16,squat,11,0.99201375,0,"[0.78099, -2.12458, -2.75739, -3.33292, 2.00897, 2.15019, -0.93703, 1.77487, -1.93575, 8.13015, 7.52712, 13.53012, -0.16258, -2.78085, 5.40521, -6.56038, 6.30847, -7.24739, -0.49584, -0.73955, -2.71988, -9.94386]"
44,sub10,supMAE,0,sub10-c__0119__pickup.npy,11,pickup,11,0.99165136,1,"[4.54022, -4.55436, 2.07611, -3.17203, -8.27971, -4.27569, 6.02567, 1.09776, 1.79687, 1.12594, 7.5379, 13.20251, 1.67143, -6.90941, 7.66284, -3.84575, -4.69311, -4.07432, 3.0389, -0.01272, -3.32569, -7.01937]"
44,sub10,supMAE,0,sub10-c__0120__pickup.npy,11,pickup,11,0.99534863,1,"[3.80687, -3.99464, 1.15323, -3.513, -7.02819, -3.83327, 5.60178, 0.69532, 1.89668, 2.52292, 7.53546, 13.93945, 0.84399, -6.96186, 8.02341, -4.45803, -3.01182, -4.99594, 3.04316, 0.21391, -3.71203, -7.71896]"
44,sub10,supMAE,0,sub10-c__0121__pickup.npy,11,pickup,11,0.99609107,1,"[4.17477, -3.87288, 1.69697, -3.23576, -7.33538, -3.97198, 5.99143, 0.8033, 1.74234, 1.48095, 7.09611, 14.25004, 1.57778, -7.17005, 8.37751, -4.67526, -3.19111, -5.32847, 2.71669, 0.50683, -3.68523, -7.80259]"
44,sub10,supMAE,0,sub10-c__0122__pickup.npy,11,pickup,11,0.99171185,1,"[4.01143, -3.99458, 0.90022, -3.54367, -7.45913, -3.60938, 5.76716, 0.73887, 2.22755, 1.91356, 7.80639, 13.5731, 1.21478, -6.96264, 8.20971, -4.53112, -3.39549, -5.00603, 3.24896, -0.05633, -3.96006, -7.69684]"
44,sub10,supMAE,0,sub10-c__0123__pickup.npy,11,pickup,11,0.9891453,1,"[4.20324, -4.18749, 1.58214, -2.85771, -8.68449, -4.64464, 5.4515, -0.32149, 3.28902, 0.91931, 7.38321, 12.89925, 1.78919, -7.98852, 7.78234, -4.01483, -4.75064, -4.76589, 3.67268, 0.95182, -2.88366, -6.48824]"
44,sub10,supMAE,0,sub10-c__0124__pickup.npy,11,pickup,11,0.9952107,1,"[4.32808, -4.02089, 0.98935, -3.19409, -7.42378, -3.62712, 4.64061, -0.03972, 2.42456, 2.1643, 7.37672, 13.60116, 1.27916, -7.70418, 7.62719, -4.28821, -3.30682, -5.06595, 3.15845, 0.6621, -2.8038, -7.11482]"
44,sub10,supMAE,0,sub10-c__0125__pushchair.npy,12,pushchair,11,0.5076779,0,"[6.47501, -5.41607, 1.56206, -1.88728, -11.28951, -5.36382, 4.29649, -1.50448, 5.39619, -2.72573, 6.54525, 7.76714, 4.68929, -8.75714, 5.88508, -1.68375, -9.43509, -1.96713, 5.16925, 0.054, -0.34364, -2.17569]"
44,sub10,supMAE,0,sub10-c__0126__pickup.npy,11,pickup,0,0.36419603,0,"[7.52546, -5.69796, 1.45123, -1.79068, -10.96276, -5.02678, 3.52534, -1.74265, 4.55251, -2.65222, 6.62446, 7.51222, 5.14583, -8.7283, 5.18306, -1.77523, -9.40725, -2.02563, 5.11831, 0.20295, 0.72366, -1.80928]"
44,sub10,supMAE,0,sub10-c__0127__pushchair.npy,12,pushchair,11,0.3135456,0,"[7.03502, -6.06077, 0.92924, -1.76848, -10.93815, -4.81956, 3.86977, -1.36394, 4.38771, -2.44461, 6.88048, 7.18273, 5.32622, -8.39402, 4.82682, -1.80509, -9.31866, -1.86888, 5.73103, -0.11107, 0.60521, -1.70438]"
44,sub10,supMAE,0,sub10-c__0128__pushchair.npy,12,pushchair,11,0.7510195,0,"[6.43663, -6.01121, 1.99975, -2.34732, -11.14871, -5.08138, 4.76887, -1.0398, 4.5089, -2.08673, 6.41959, 8.75341, 5.08993, -8.76778, 5.74066, -2.22276, -8.93672, -1.99797, 5.12705, 0.10192, 0.06351, -2.61993]"
44,sub10,supMAE,0,sub10-c__0129__pushchair.npy,12,pushchair,11,0.7916745,0,"[6.6775, -5.55202, 1.75024, -2.21985, -11.20279, -4.66927, 4.07454, -1.49183, 4.77233, -2.44599, 6.24971, 9.04162, 5.24703, -9.40099, 5.94289, -2.46376, -8.67101, -2.37664, 5.03572, 0.20735, 0.15966, -2.49218]"
44,sub10,supMAE,0,sub10-c__0130__pushchair.npy,12,pushchair,11,0.86452216,0,"[6.22707, -5.58388, 1.59722, -2.48983, -11.20975, -4.63272, 4.98053, -1.06157, 5.13433, -2.363, 6.04562, 9.61249, 5.14222, -9.39937, 6.60493, -2.89163, -8.24702, -2.49122, 5.20265, 0.11333, -0.40296, -3.19534]"
