seed,subject,method,k,file,true_id,true_label,pred_id,conf,correct,logits
44,sub7,scratch,1,sub7-a__0001__wave.npy,21,wave,21,0.96052766,1,"[-1.30178, -1.25673, -0.95271, 9.16878, -8.83349, -13.24892, -1.58035, 5.51842, 9.27076, -5.57816, -8.78067, -0.64128, 0.94626, 2.04104, 3.7862, -9.90393, -5.32553, 4.82696, 6.83955, -8.6383, 4.10851, 13.17422]"
44,sub7,scratch,1,sub7-a__0002__wave.npy,21,wave,21,0.9449121,1,"[-1.8478, -1.52014, -1.19269, 9.81873, -8.32778, -12.41498, -1.93982, 6.1544, 9.12362, -5.50517, -8.47195, -0.98928, 0.78525, 1.8108, 3.34251, -9.892, -4.78068, 4.8137, 6.75744, -8.67816, 4.50279, 13.12157]"
44,sub7,scratch,1,sub7-a__0003__wave.npy,21,wave,21,0.9310873,1,"[-1.78506, -1.0403, -1.06309, 10.51554, -8.41617, -11.64544, -2.4992, 6.96799, 8.95409, -5.86636, -8.09926, -1.31166, 0.60907, 1.88634, 3.111, -10.0981, -4.69211, 4.64018, 6.42332, -8.82837, 4.05802, 13.35062]"
44,sub7,scratch,1,sub7-a__0004__wave.npy,21,wave,21,0.9281822,1,"[-1.90879, -1.0108, -1.2339, 10.37126, -8.31847, -11.87725, -2.26336, 6.85751, 8.93336, -5.79677, -8.2866, -1.12191, 0.72427, 1.92865, 3.19939, -10.09351, -4.50585, 4.47595, 6.55665, -8.80724, 4.01599, 13.18874]"
44,sub7,scratch,1,sub7-a__0005__wave.npy,21,wave,21,0.9234998,1,"[-1.9338, -1.02514, -1.30407, 10.46158, -8.17092, -11.92559, -2.35157, 6.75947, 8.82352, -5.63476, -8.23083, -1.17116, 0.69318, 2.06314, 3.17317, -10.16729, -4.36437, 4.44826, 6.44966, -8.86273, 4.03864, 13.16934]"
44,sub7,scratch,1,sub7-a__0006__bow.npy,2,bow,2,0.9579955,1,"[3.48963, 5.15995, 10.88872, -1.37974, -16.84803, -3.98019, 0.8034, -0.0532, 3.51213, -10.65244, -6.087, 4.77661, 7.52995, -1.48115, 4.23718, -0.51055, -9.52696, 2.49318, -0.77108, -2.23423, -5.49299, 3.70039]"
44,sub7,scratch,1,sub7-a__0007__bow.npy,2,bow,2,0.9485087,1,"[2.92144, 4.98225, 10.75835, -0.89231, -16.28653, -4.25719, 1.40141, 0.44315, 3.1776, -11.11845, -7.16685, 5.22762, 7.62113, -1.04474, 3.96716, -0.17762, -9.08352, 3.24748, -0.76946, -2.62512, -5.85958, 3.92578]"
44,sub7,scratch,1,sub7-a__0008__bow.npy,2,bow,2,0.924432,1,"[2.50855, 5.11712, 10.80662, -0.92709, -16.20199, -4.13385, 1.39155, 0.27986, 2.66528, -10.67207, -6.8868, 5.69025, 8.1374, -0.87606, 4.16662, -0.6943, -8.37655, 2.85668, -1.26949, -2.91474, -6.06423, 3.56752]"
44,sub7,scratch,1,sub7-a__0009__bow.npy,2,bow,2,0.94330347,1,"[2.54003, 4.91356, 10.70039, -0.62303, -16.04813, -4.52878, 1.55181, 0.67179, 3.29407, -11.23948, -7.63124, 5.24905, 7.66531, -0.90206, 3.91494, -0.49785, -8.77579, 3.39568, -0.76554, -2.83319, -5.80716, 4.37023]"
44,sub7,scratch,1,sub7-a__0010__bow.npy,2,bow,2,0.9482617,1,"[3.02643, 5.60192, 10.74892, -0.60849, -15.55649, -3.89748, 0.80345, 0.04456, 2.15152, -10.64319, -6.82366, 5.13396, 7.58476, -0.16255, 3.95692, -0.3625, -8.21977, 2.97794, -1.38754, -2.89389, -6.37642, 3.25713]"
44,sub7,scratch,1,sub7-a__0011__crossarms.npy,5,crossarms,5,0.99997663,1,"[-6.50316, 8.38704, -0.56877, 3.99225, 2.85741, 23.37747, -5.52667, 12.69661, -6.12675, -2.68178, -0.32279, -3.528, -2.80844, -0.61735, -4.44798, -1.15241, 4.45748, -4.71795, 0.13882, 0.3302, -0.00824, -5.092]"
44,sub7,scratch,1,sub7-a__0012__crossarms.npy,5,crossarms,5,0.9999535,1,"[-6.60921, 7.78017, -0.1224, 3.58856, 2.14386, 22.88843, -5.5505, 12.90818, -5.21042, -3.11798, -0.67092, -3.02442, -2.26893, -1.68659, -4.56722, -1.18297, 3.68538, -4.16573, 0.45334, 0.17935, 0.38015, -3.95602]"
44,sub7,scratch,1,sub7-a__0013__crossarms.npy,5,crossarms,5,0.9999839,1,"[-6.63225, 7.1991, -0.41113, 3.21115, 2.57143, 23.32774, -5.05594, 12.28272, -6.26336, -2.38071, -0.11798, -2.64283, -2.27535, -1.30948, -4.33124, -0.67547, 4.30485, -4.17327, 0.13753, 0.59245, 0.57858, -5.40083]"
44,sub7,scratch,1,sub7-a__0014__crossarms.npy,5,crossarms,5,0.99997663,1,"[-6.43225, 7.5064, -0.25197, 2.35484, 1.95654, 23.03696, -4.91752, 12.36293, -5.93796, -2.52282, -0.03265, -2.12875, -1.73989, -1.66387, -4.02858, -0.94622, 4.11931, -4.69121, 0.359, 0.72965, 0.28475, -5.46418]"
44,sub7,scratch,1,sub7-a__0015__crossarms.npy,5,crossarms,5,0.9999747,1,"[-6.71211, 7.5248, -0.45403, 2.83791, 2.2196, 23.06463, -4.76802, 12.47404, -6.24306, -2.44238, -0.13319, -2.26705, -1.9196, -1.34785, -4.01489, -0.84261, 4.4387, -4.6148, 0.34999, 0.59034, 0.32108, -5.74327]"
44,sub7,scratch,1,sub7-a__0016__airpunch.npy,1,airpunch,1,0.9995167,1,"[-1.80982, 17.32028, -3.45333, 1.94437, 3.30797, -3.12123, -0.74179, 3.25683, -2.25491, 1.98955, -10.43666, -3.5458, -3.88601, 9.33482, 0.20593, -2.56229, 1.33643, -7.1242, 8.45318, -2.69699, -3.73552, -2.69525]"
44,sub7,scratch,1,sub7-a__0017__airpunch.npy,1,airpunch,1,0.99960715,1,"[-1.5567, 17.64758, -2.95003, 0.36957, 4.39593, -2.51216, -0.39948, 3.54755, -2.8417, 1.29566, -11.20788, -3.29608, -3.88347, 8.28399, -1.3343, -0.55195, 0.99544, -7.19739, 9.55032, -1.43752, -3.85944, -3.10767]"
44,sub7,scratch,1,sub7-a__0018__airpunch.npy,1,airpunch,1,0.996675,1,"[-3.80829, 14.42867, -2.91559, 3.45202, 0.34992, -4.76721, 0.0624, 4.32593, 0.32855, -0.18319, -11.7494, -2.18928, -1.75119, 7.87429, 1.17951, -2.76805, 0.12043, -4.30871, 8.13481, -4.57801, -2.99693, 0.84319]"
44,sub7,scratch,1,sub7-a__0019__airpunch.npy,1,airpunch,1,0.99386215,1,"[-4.28084, 13.94782, -3.31326, 4.48446, 0.37515, -5.11758, 1.06498, 4.84486, 0.55287, -0.59278, -12.3882, -1.89822, -2.13589, 8.02927, 1.57971, -3.43105, 0.51236, -4.06909, 8.22897, -4.76502, -2.66408, 0.94813]"
44,sub7,scratch,1,sub7-a__0020__airpunch.npy,1,airpunch,1,0.97797954,1,"[-3.90523, 13.03711, -2.90705, 4.3567, 1.04909, -5.85767, 1.32652, 4.69281, 1.57086, -1.42412, -13.64325, -2.67877, -2.77703, 7.76097, 0.99476, -2.5446, -0.64532, -2.66386, 8.95916, -4.27353, -1.85985, 2.26336]"
44,sub7,scratch,1,sub7-a__0021__drink.npy,7,drink,7,0.9045639,1,"[-4.50652, 4.334, -0.09408, 12.76059, -6.11883, -5.8104, -2.67413, 15.68347, 4.80503, -8.33733, -10.01065, -1.12468, -0.13418, 2.91353, -0.17755, -9.42806, -1.74898, 2.81606, 5.34572, -8.68796, 0.19962, 12.72034]"
44,sub7,scratch,1,sub7-a__0022__drink.npy,7,drink,7,0.99604106,1,"[-5.52264, 4.88792, -0.4215, 11.83077, -5.30466, -4.29408, -1.4534, 17.67444, 4.06371, -8.51834, -10.52887, -0.35344, -0.20201, 1.6597, -0.70347, -8.412, -0.94108, 1.84808, 6.49372, -7.73504, 0.09309, 10.82324]"
44,sub7,scratch,1,sub7-a__0023__drink.npy,7,drink,7,0.9976107,1,"[-5.64001, 5.0146, -0.50315, 11.98883, -4.85756, -3.72649, -1.51721, 18.19333, 3.65749, -8.59711, -10.4287, -0.5053, -0.51952, 1.64757, -0.9959, -8.06182, -0.69314, 1.85011, 6.5826, -7.51763, 0.07994, 10.27212]"
44,sub7,scratch,1,sub7-a__0024__drink.npy,7,drink,7,0.9952667,1,"[-5.9881, 4.44475, -1.44473, 12.32229, -4.47766, -4.30671, -0.93757, 17.70934, 3.38171, -7.72679, -10.07685, -0.4634, -0.63082, 1.94753, -0.63653, -8.11535, 0.04475, 1.47553, 7.17083, -7.48578, 0.68158, 8.91268]"
44,sub7,scratch,1,sub7-a__0026__brushteeth.npy,3,brushteeth,3,0.610061,1,"[-4.46219, 2.01423, -1.40969, 12.65351, -6.37079, -10.90322, -1.19737, 10.6377, 6.17497, -7.13964, -11.04071, -0.92086, 0.79207, 4.5665, 1.7342, -10.14732, -1.4969, 3.81681, 6.27384, -9.50562, 2.04318, 11.96477]"
44,sub7,scratch,1,sub7-a__0027__brushteeth.npy,3,brushteeth,21,0.5666482,0,"[-4.21909, 0.97948, -1.45441, 12.1976, -6.4652, -11.61059, -1.21394, 9.68004, 7.06777, -6.9365, -11.06181, -1.1316, 0.64746, 3.99048, 1.76532, -9.81672, -2.21366, 4.53386, 6.55099, -9.39647, 2.99156, 12.55289]"
44,sub7,scratch,1,sub7-a__0028__brushteeth.npy,3,brushteeth,21,0.5169282,0,"[-4.20324, 1.06762, -1.48698, 12.51322, -6.31305, -11.33347, -1.54802, 9.86057, 7.05262, -6.9579, -10.86796, -1.42595, 0.46879, 4.08173, 1.59421, -9.85605, -2.15446, 4.55682, 6.41428, -9.43042, 3.01032, 12.65574]"
44,sub7,scratch,1,sub7-a__0029__brushteeth.npy,3,brushteeth,21,0.644662,0,"[-4.15105, 0.76665, -1.46368, 11.94752, -6.5799, -11.66374, -1.19302, 9.53308, 7.21994, -6.75803, -10.92263, -1.0012, 0.71733, 3.71436, 1.84662, -9.87462, -2.33841, 4.48488, 6.58937, -9.33715, 3.15255, 12.64215]"
44,sub7,scratch,1,sub7-a__0030__brushteeth.npy,3,brushteeth,21,0.6865037,0,"[-4.09549, 0.77187, -1.46908, 11.9268, -6.63285, -11.58921, -1.32262, 9.55088, 7.36792, -6.7862, -10.84208, -1.01827, 0.7344, 3.59737, 1.88304, -9.96148, -2.36812, 4.46871, 6.53272, -9.33572, 3.16305, 12.81408]"
44,sub7,scratch,1,sub7-a__0031__highfive.npy,8,highfive,21,0.63197917,0,"[-3.24036, 1.50074, -2.1894, 5.81501, -8.08102, -13.90661, 2.09838, 6.55796, 8.01323, -4.75577, -11.30884, 2.5852, 2.22794, 1.59545, 5.1158, -9.2017, -3.29947, 1.58989, 8.92285, -7.54261, 2.47911, 9.91539]"
44,sub7,scratch,1,sub7-a__0032__highfive.npy,8,highfive,18,0.52165383,0,"[-3.19226, -0.59233, -2.04897, 3.6092, -9.36633, -14.1258, 3.81094, 5.64131, 9.29337, -4.73213, -11.20409, 3.98186, 3.15631, -1.33584, 5.89867, -7.96426, -4.61876, 1.73787, 10.17088, -6.56775, 3.80149, 9.41237]"
44,sub7,scratch,1,sub7-a__0033__highfive.npy,8,highfive,8,0.7381015,1,"[-1.01118, -0.07637, -1.34223, 2.1176, -12.27983, -14.26233, 3.06627, 4.03092, 11.53017, -5.16135, -9.32315, 3.93372, 3.58295, -3.05221, 7.71489, -8.3403, -6.70227, 0.88647, 9.72983, -5.90836, 3.23723, 9.73175]"
44,sub7,scratch,1,sub7-a__0035__highfive.npy,8,highfive,8,0.9704522,1,"[0.51364, -1.76615, -0.68946, 1.74065, -13.92427, -13.59192, 2.02229, 2.49557, 14.2938, -6.06701, -7.73993, 2.94021, 3.24374, -5.2918, 8.42513, -8.05118, -8.63558, 2.10191, 9.02981, -5.20037, 4.52426, 10.49239]"
44,sub7,scratch,1,sub7-a__0036__wave.npy,21,wave,21,0.943478,1,"[-3.47672, -0.66899, -1.38468, 9.45216, -8.23832, -11.89687, -0.33287, 8.406, 8.62403, -5.96393, -9.94827, 0.78586, 1.62611, 0.87623, 3.47963, -10.18174, -3.37655, 3.95606, 6.96136, -8.67175, 3.79732, 12.89945]"
44,sub7,scratch,1,sub7-a__0038__wave.npy,21,wave,21,0.9526011,1,"[-2.78404, -0.28341, -1.17924, 9.85341, -8.63308, -11.60183, -1.18463, 8.34964, 8.99158, -6.18522, -9.29258, 0.13223, 1.36783, 1.01204, 3.50319, -10.47765, -3.88435, 3.82143, 6.58832, -8.7793, 3.56366, 13.37836]"
44,sub7,scratch,1,sub7-a__0039__wave.npy,21,wave,21,0.9325927,1,"[-2.80736, 0.35303, -0.77894, 10.15777, -8.9841, -10.43878, -1.47723, 9.6204, 8.64396, -6.79096, -9.06954, 0.20939, 1.35844, 0.73146, 3.38213, -10.58171, -3.87568, 3.5753, 6.33689, -8.76708, 2.94984, 13.38924]"
44,sub7,scratch,1,sub7-a__0040__wave.npy,21,wave,21,0.9291387,1,"[-2.77385, 0.26995, -0.82695, 10.6456, -8.67694, -10.53732, -1.90574, 9.3866, 8.51272, -6.7566, -8.97712, -0.21475, 1.17718, 1.21329, 3.11629, -10.5094, -3.7487, 3.88656, 6.06452, -8.93969, 3.01491, 13.56633]"
44,sub7,scratch,1,sub7-a__0041__bow.npy,2,bow,2,0.9583869,1,"[2.84863, 5.59554, 10.67614, -0.88806, -14.9306, -3.42511, 1.18972, 0.83758, 2.06106, -11.09955, -7.63486, 5.44222, 7.1223, -0.46978, 3.69587, 0.27329, -8.13114, 3.57051, -1.02187, -2.43509, -6.18292, 3.45568]"
44,sub7,scratch,1,sub7-a__0042__bow.npy,2,bow,2,0.9595002,1,"[2.60525, 5.15753, 10.48585, -0.70282, -14.66655, -3.61215, 1.64734, 1.14275, 2.39685, -11.59275, -8.23818, 5.36637, 6.84798, -0.69312, 3.63367, 0.63977, -8.19962, 4.14027, -0.66713, -2.2699, -5.95536, 3.79443]"
44,sub7,scratch,1,sub7-a__0043__bow.npy,2,bow,2,0.97640103,1,"[3.23583, 4.89155, 10.57444, -0.70174, -14.34671, -3.51015, 1.28768, 0.91206, 2.57823, -11.77224, -8.18317, 4.74222, 6.15811, -0.82916, 3.48653, 1.01989, -8.67846, 4.55372, -0.40216, -1.88879, -5.60007, 3.8761]"
44,sub7,scratch,1,sub7-a__0044__bow.npy,2,bow,2,0.96653706,1,"[2.79687, 5.49186, 10.66352, -0.84201, -14.65413, -3.09044, 1.46625, 0.99886, 2.02347, -11.36124, -7.75392, 5.27031, 6.80862, -0.79792, 3.5406, 0.74463, -8.08501, 3.69291, -0.92541, -2.07336, -6.19116, 3.35467]"
44,sub7,scratch,1,sub7-a__0045__bow.npy,2,bow,2,0.94634485,1,"[2.0005, 4.70043, 10.55873, -1.02746, -14.92179, -3.55442, 2.50735, 1.27466, 2.51883, -11.58074, -8.41264, 5.90608, 7.33871, -1.41667, 3.73301, 0.65716, -8.06471, 3.83382, -0.58828, -2.14765, -5.84157, 3.70417]"
44,sub7,scratch,1,sub7-a__0046__crossarms.npy,5,crossarms,5,0.9999442,1,"[-7.13433, 6.99957, -0.60241, 4.89719, 3.29868, 22.87587, -5.25893, 13.08016, -6.50759, -2.87835, -0.95645, -2.88849, -2.80497, -0.91747, -4.50245, -0.81967, 4.92496, -3.20587, 0.13078, 0.0154, 0.87677, -4.43125]"
44,sub7,scratch,1,sub7-a__0047__crossarms.npy,5,crossarms,5,0.99957913,1,"[-7.26114, 7.9527, -0.27526, 3.81017, 2.2094, 21.79711, -4.91004, 14.02205, -4.85432, -3.6405, -2.00089, -2.43803, -1.99037, -1.90635, -4.27104, -1.61755, 4.10368, -4.0954, 1.19274, -0.10091, 0.51254, -3.22757]"
44,sub7,scratch,1,sub7-a__0048__crossarms.npy,5,crossarms,5,0.99991465,1,"[-7.21821, 7.04135, -0.59374, 3.84255, 2.99069, 22.71444, -4.32516, 13.34483, -6.19999, -3.09604, -1.57313, -2.26365, -2.39359, -1.26418, -4.33847, -0.56642, 4.65987, -3.66188, 0.74803, 0.368, 0.77584, -4.8781]"
44,sub7,scratch,1,sub7-a__0049__crossarms.npy,5,crossarms,5,0.9998895,1,"[-7.29405, 6.84289, -0.74381, 4.20952, 3.22852, 22.61263, -4.35603, 13.50076, -6.19443, -3.18713, -1.69464, -2.41675, -2.57115, -1.18759, -4.44526, -0.45363, 4.79084, -3.42088, 0.89621, 0.33637, 0.91912, -4.88229]"
44,sub7,scratch,1,sub7-a__0050__crossarms.npy,5,crossarms,5,0.99986994,1,"[-7.36048, 6.91023, -0.93808, 3.44177, 3.06451, 22.43458, -3.87494, 13.48477, -6.17758, -3.03454, -1.6976, -1.88568, -2.25156, -1.36542, -4.19795, -0.32777, 4.93605, -3.83581, 1.25293, 0.58334, 0.85195, -5.54793]"
44,sub7,scratch,1,sub7-a__0051__airpunch.npy,1,airpunch,1,0.97864956,1,"[-2.39128, 13.52366, -2.00818, 3.44226, 0.58428, -5.6013, 0.56682, 5.06479, 1.04389, -2.90859, -13.69637, -2.3342, -2.86852, 7.2198, -0.02497, -0.51358, -1.71487, -1.8823, 9.59701, -3.60656, -3.03283, 2.15563]"
44,sub7,scratch,1,sub7-a__0052__airpunch.npy,1,airpunch,1,0.9970673,1,"[-2.5061, 15.27499, -2.30556, 2.55353, 0.6891, -4.51758, -0.08284, 5.07234, -0.08812, -1.58055, -12.35021, -1.91018, -2.38692, 7.29104, -0.23024, -0.84159, -0.67866, -3.97753, 9.30673, -3.57139, -3.89959, 0.57876]"
44,sub7,scratch,1,sub7-a__0053__airpunch.npy,1,airpunch,1,0.9494586,1,"[-3.93475, 11.6971, -1.23727, 5.5244, -3.19133, -7.19542, 0.83392, 7.43436, 2.97964, -4.42783, -13.64508, -1.04208, -0.85537, 6.82493, 1.42588, -4.75053, -2.07215, -0.81631, 8.06908, -5.96734, -2.50227, 5.74668]"
44,sub7,scratch,1,sub7-a__0054__airpunch.npy,1,airpunch,18,0.55008686,0,"[-5.11684, 6.47982, -0.81856, 4.57825, -5.09064, -9.76203, 4.12057, 7.05133, 6.01604, -5.47184, -15.24227, 1.00077, 0.43455, 3.74192, 2.85329, -5.68834, -3.6604, 2.0934, 8.84499, -5.97671, 0.69988, 8.07909]"
44,sub7,scratch,1,sub7-a__0055__airpunch.npy,1,airpunch,1,0.72221625,1,"[-5.44401, 9.80891, -1.62226, 5.65457, -2.57897, -6.77642, 2.09246, 7.4452, 3.70243, -4.10939, -14.31153, -0.53954, -0.4626, 5.6634, 1.74821, -5.20913, -1.56663, -0.40736, 8.31541, -6.03661, -0.75056, 6.34455]"
44,sub7,scratch,1,sub7-a__0056__drink.npy,7,drink,7,0.9999037,1,"[-6.2096, 8.35876, -2.38668, 11.25935, -2.57568, 0.55442, -0.47501, 20.59279, -0.89264, -6.96232, -7.89216, -0.41713, -1.73026, 2.42636, -1.45068, -6.05157, 2.60652, -2.27577, 7.84626, -5.34232, -1.4393, 1.19324]"
44,sub7,scratch,1,sub7-a__0057__drink.npy,7,drink,7,0.9999536,1,"[-6.73028, 8.6937, -2.71892, 11.02577, -2.98538, 0.788, -0.15277, 21.12945, -0.66808, -6.76504, -7.54122, -0.06324, -1.35319, 1.98494, -1.2446, -6.4301, 3.12868, -2.94614, 7.77445, -5.28745, -1.40888, 0.49327]"
44,sub7,scratch,1,sub7-a__0058__drink.npy,7,drink,7,0.9999298,1,"[-6.75114, 8.18991, -2.95577, 11.18608, -3.19549, 0.13667, 0.02947, 20.84494, -0.05926, -6.61152, -7.55617, -0.16531, -1.34501, 1.75749, -1.16727, -6.55181, 2.93571, -2.83616, 8.14238, -5.37611, -0.97865, 0.67927]"
44,sub7,scratch,1,sub7-a__0059__drink.npy,7,drink,7,0.99993265,1,"[-6.77106, 8.48125, -2.9027, 11.22364, -2.99676, 0.38101, -0.06892, 20.92579, -0.45207, -6.55491, -7.52181, -0.18289, -1.37926, 2.06866, -1.19842, -6.58649, 3.15345, -2.95447, 7.90386, -5.39093, -1.17628, 0.5202]"
44,sub7,scratch,1,sub7-a__0060__drink.npy,7,drink,7,0.99793565,1,"[-6.3656, 6.58696, -3.42784, 12.82552, -2.91618, -1.96323, -0.63731, 19.01626, 0.28008, -5.93956, -7.54982, -0.81011, -1.59589, 3.15841, -0.65326, -7.54524, 2.97507, -1.55825, 7.97315, -6.38653, -0.11681, 2.13099]"
44,sub7,scratch,1,sub7-a__0061__drink.npy,7,drink,7,0.9999057,1,"[-6.75843, 7.88431, -3.24133, 10.8573, -2.98712, -0.46638, 0.41009, 20.27082, -0.12923, -6.03713, -7.66563, -0.05423, -1.39343, 1.95293, -0.92703, -6.51025, 3.01951, -2.90544, 8.59238, -5.28395, -0.63318, 0.28963]"
44,sub7,scratch,1,sub7-a__0062__brushteeth.npy,3,brushteeth,3,0.55699664,1,"[-3.53162, 2.0284, -1.49938, 12.61499, -6.46375, -11.56106, -1.92219, 9.70651, 6.5143, -6.66457, -10.44178, -1.68361, 0.45022, 5.10058, 1.56464, -10.30183, -2.17357, 3.76428, 6.4249, -9.56294, 2.14536, 12.30809]"
44,sub7,scratch,1,sub7-a__0063__brushteeth.npy,3,brushteeth,3,0.5227718,1,"[-3.35871, 1.98066, -1.41567, 12.82125, -6.46326, -11.10219, -2.42759, 9.91107, 6.63381, -6.7911, -10.06274, -1.92742, 0.2625, 4.91486, 1.4626, -10.31013, -2.31759, 3.91491, 6.21055, -9.53185, 2.17371, 12.66395]"
44,sub7,scratch,1,sub7-a__0064__brushteeth.npy,3,brushteeth,3,0.64216894,1,"[-3.4294, 1.81365, -1.59633, 12.90637, -6.18208, -11.16795, -2.35685, 9.77346, 6.32441, -6.50784, -9.98534, -1.93846, 0.17312, 5.10182, 1.46493, -10.29363, -2.05944, 3.86102, 6.26094, -9.50928, 2.35458, 12.23374]"
44,sub7,scratch,1,sub7-a__0065__brushteeth.npy,3,brushteeth,21,0.5512531,0,"[-3.27599, 1.77816, -1.41798, 12.48235, -6.52449, -11.4514, -2.29241, 9.52565, 6.74808, -6.56804, -10.13748, -1.75341, 0.37737, 4.84856, 1.59034, -10.37039, -2.42688, 3.92691, 6.26329, -9.51121, 2.30666, 12.74445]"
44,sub7,scratch,1,sub7-a__0066__brushteeth.npy,3,brushteeth,21,0.67968315,0,"[-3.1353, 1.68372, -1.30294, 12.10423, -6.75966, -11.80882, -2.13865, 9.16475, 6.93356, -6.45263, -10.24425, -1.57793, 0.5341, 4.74628, 1.71075, -10.39407, -2.69076, 3.95762, 6.29074, -9.52077, 2.35523, 12.91729]"
44,sub7,scratch,1,sub7-a__0067__highfive.npy,8,highfive,21,0.6918732,0,"[-1.35407, -1.49179, -1.32632, 4.27131, -10.35588, -14.846, 2.01402, 4.64394, 10.46517, -4.9346, -10.06063, 2.83914, 2.65422, -1.20922, 5.8299, -9.05237, -6.16096, 3.08762, 9.07926, -6.96559, 4.1811, 11.51184]"
44,sub7,scratch,1,sub7-a__0068__highfive.npy,8,highfive,21,0.8351993,0,"[-0.10788, 0.00791, -0.41184, 5.28415, -11.54577, -14.18895, 0.2788, 5.30906, 11.15636, -6.34529, -9.41969, 1.62159, 2.37468, -0.46242, 5.72108, -9.76469, -7.18713, 2.92941, 8.26728, -7.41421, 2.84711, 12.84367]"
44,sub7,scratch,1,sub7-a__0069__highfive.npy,8,highfive,8,0.79019415,1,"[1.25552, -1.16144, -0.25091, 2.82793, -12.93332, -14.09114, 0.65159, 3.00329, 13.37455, -6.20649, -8.22657, 1.78846, 2.43388, -3.18621, 7.19804, -8.76229, -8.96596, 2.88248, 8.82411, -5.91177, 4.06052, 11.99884]"
44,sub7,scratch,1,sub7-a__0070__highfive.npy,8,highfive,8,0.84527767,1,"[2.88315, 0.69085, 0.62249, 3.3483, -14.29306, -13.13543, -1.43172, 2.74991, 14.08723, -7.04092, -6.86405, 0.14845, 2.01772, -2.60617, 7.33268, -9.31337, -10.14173, 2.14293, 8.09804, -6.0502, 2.97984, 12.3685]"
44,sub7,scratch,1,sub7-a__0071__highfive.npy,8,highfive,8,0.5477232,1,"[1.56482, -0.83076, 0.05686, 3.67243, -12.37033, -13.8309, -0.51522, 3.00387, 12.85892, -6.11236, -7.99904, 0.80941, 1.91413, -2.05403, 6.56407, -9.03858, -8.97889, 3.26688, 8.28489, -6.29161, 4.07679, 12.65209]"
44,sub7,scratch,1,sub7-a__0072__wave.npy,21,wave,21,0.96476495,1,"[-2.5775, -0.69343, -1.24676, 9.09015, -8.09206, -13.19182, -0.72687, 6.91333, 8.74439, -5.76256, -10.10023, 0.25786, 1.43987, 1.97731, 3.34638, -10.08286, -4.06992, 4.41239, 7.14389, -8.74043, 3.78571, 13.08458]"
44,sub7,scratch,1,sub7-a__0073__wave.npy,21,wave,21,0.9475316,1,"[-2.44985, -0.52104, -1.25768, 9.62342, -7.96975, -12.87698, -1.15301, 7.02255, 8.42974, -5.75905, -9.71571, -0.13077, 1.21906, 2.45802, 3.22171, -10.15494, -3.95124, 4.38609, 6.95716, -8.83015, 3.69979, 12.89387]"
44,sub7,scratch,1,sub7-a__0074__wave.npy,21,wave,21,0.9578323,1,"[-2.2096, -0.32183, -1.12323, 9.49513, -7.97778, -12.99795, -1.25819, 6.80924, 8.47008, -5.80608, -9.80411, -0.23559, 1.18821, 2.68918, 3.21215, -10.19776, -4.11698, 4.40902, 6.92939, -8.81399, 3.59151, 13.03429]"
44,sub7,scratch,1,sub7-a__0075__wave.npy,21,wave,21,0.9669754,1,"[-2.30696, -0.75331, -1.25167, 8.85531, -8.07226, -13.51392, -0.84018, 6.25201, 8.96455, -5.57765, -10.02634, 0.0658, 1.38197, 2.18604, 3.39326, -10.04132, -4.32544, 4.4975, 7.17715, -8.68187, 3.98639, 13.10898]"
44,sub7,scratch,1,sub7-a__0076__wave.npy,21,wave,21,0.9557275,1,"[-2.13727, -0.31011, -1.16287, 9.61625, -7.93145, -13.07088, -1.41636, 6.62946, 8.39595, -5.65068, -9.66209, -0.34988, 1.13922, 2.88151, 3.21995, -10.30204, -4.06132, 4.37068, 6.77524, -8.89496, 3.60098, 13.0354]"
44,sub7,scratch,1,sub7-a__0077__bow.npy,2,bow,2,0.9527201,1,"[2.38164, 6.10933, 10.4484, -0.41809, -14.46019, -3.58002, 1.76437, 1.25085, 1.89279, -11.22273, -8.30208, 5.26299, 6.84856, -0.00521, 3.3592, 0.48426, -7.77191, 3.41153, -1.03475, -2.50478, -6.67704, 3.59281]"
44,sub7,scratch,1,sub7-a__0078__bow.npy,2,bow,2,0.94822973,1,"[2.25494, 5.54392, 10.41952, -0.61901, -14.627, -3.58668, 1.94622, 1.05083, 1.93517, -11.09959, -8.03672, 5.49446, 7.09028, -0.45405, 3.68409, 0.35706, -7.73583, 3.3689, -1.03621, -2.32672, -6.40171, 3.46146]"
44,sub7,scratch,1,sub7-a__0079__bow.npy,2,bow,2,0.9407823,1,"[2.16498, 5.57815, 10.43555, -0.48283, -14.49177, -3.61937, 2.05298, 1.01984, 1.72323, -11.15014, -8.25026, 5.72197, 7.27514, -0.18922, 3.68182, 0.33142, -7.51012, 3.4997, -1.16709, -2.60818, -6.65751, 3.34013]"
44,sub7,scratch,1,sub7-a__0080__bow.npy,2,bow,2,0.9599882,1,"[2.22371, 4.80984, 10.44095, -0.39923, -14.29489, -3.67828, 2.23695, 1.33638, 2.31092, -11.7767, -8.76574, 5.40085, 6.77725, -0.75213, 3.44911, 0.9253, -8.03633, 4.41399, -0.71823, -2.22696, -6.0924, 3.98902]"
44,sub7,scratch,1,sub7-a__0083__crossarms.npy,5,crossarms,5,0.9999664,1,"[-7.05467, 6.98432, -0.63247, 3.26883, 2.94613, 23.27899, -4.44322, 12.97536, -5.92243, -3.08184, -1.09729, -2.43005, -2.36002, -1.68994, -4.58184, 0.07785, 4.55545, -3.89278, 0.71521, 0.87896, 0.76582, -5.42019]"
44,sub7,scratch,1,sub7-a__0084__crossarms.npy,5,crossarms,5,0.9999418,1,"[-7.33759, 7.36911, -0.50395, 4.42935, 2.99146, 23.26287, -5.12052, 13.5092, -5.91494, -3.48788, -1.31376, -2.66814, -2.32417, -1.40748, -4.67269, -0.72877, 4.87681, -3.69086, 0.29636, 0.16047, 0.48348, -4.28189]"
44,sub7,scratch,1,sub7-a__0085__crossarms.npy,5,crossarms,5,0.9999076,1,"[-7.31232, 7.81791, -0.28427, 4.78546, 2.81403, 23.0003, -5.64399, 13.70785, -5.66451, -3.66252, -1.36226, -2.93203, -2.33054, -1.33997, -4.71477, -1.24635, 4.70364, -3.69508, 0.16689, -0.19807, 0.28855, -3.44153]"
44,sub7,scratch,1,sub7-a__0086__crossarms.npy,5,crossarms,5,0.99993324,1,"[-7.2362, 7.19038, -0.31182, 4.08557, 2.61115, 23.0011, -5.19362, 13.38509, -5.69641, -3.42253, -1.16592, -2.37594, -2.05752, -1.73059, -4.50996, -0.9809, 4.56615, -3.62503, 0.36798, 0.10116, 0.60415, -3.97539]"
44,sub7,scratch,1,sub7-a__0087__crossarms.npy,5,crossarms,5,0.99979514,1,"[-7.57008, 7.8123, -0.32211, 5.11282, 2.85993, 22.56877, -5.43253, 14.07411, -5.83284, -3.71053, -1.69155, -2.73362, -2.25657, -1.11021, -4.59882, -1.53238, 4.89007, -3.55889, 0.25762, -0.48896, 0.27155, -3.26352]"
44,sub7,scratch,1,sub7-a__0088__airpunch.npy,1,airpunch,1,0.94786745,1,"[-4.6846, 11.22762, -2.1991, 5.51938, -3.14463, -7.14927, 1.96085, 6.28767, 2.92669, -3.38966, -13.36893, -0.38495, -0.38549, 6.71804, 2.58403, -4.53942, -1.31007, -1.41655, 7.78079, -6.15463, -2.41513, 4.44118]"
44,sub7,scratch,1,sub7-a__0089__airpunch.npy,1,airpunch,1,0.99079645,1,"[-3.47639, 13.49284, -2.62309, 4.33877, -0.11605, -5.51979, 0.38088, 4.64464, 0.88405, -1.49213, -12.43411, -2.0249, -2.02225, 7.7574, 1.04458, -2.58254, -0.30361, -3.13224, 8.34105, -4.54711, -2.87623, 1.79723]"
44,sub7,scratch,1,sub7-a__0090__airpunch.npy,1,airpunch,1,0.9660189,1,"[-4.81858, 11.73927, -2.47057, 5.05749, -2.44631, -6.75534, 1.73323, 5.94476, 2.01762, -2.22637, -12.81645, -0.49981, -0.51336, 6.80258, 2.11303, -4.39994, -0.51505, -2.59258, 7.97622, -5.67971, -2.34223, 3.62112]"
44,sub7,scratch,1,sub7-a__0091__airpunch.npy,1,airpunch,1,0.96163064,1,"[-5.03322, 12.09397, -3.1728, 4.13242, -1.84529, -6.88258, 1.98136, 5.97197, 1.0257, -1.43141, -12.5069, 0.37272, 0.00047, 6.76156, 1.84745, -3.58973, 0.3359, -3.71761, 8.66307, -5.5235, -2.81863, 2.2151]"
44,sub7,scratch,1,sub7-a__0092__airpunch.npy,1,airpunch,1,0.8481383,1,"[-5.49344, 10.44019, -2.72586, 4.85626, -2.50624, -7.46566, 2.24584, 6.45166, 2.31097, -2.30133, -13.24328, 0.46803, 0.22517, 6.10554, 2.14189, -4.65358, -0.32982, -2.20307, 8.47808, -6.00796, -1.64189, 4.30189]"
44,sub7,scratch,1,sub7-a__0093__drink.npy,7,drink,7,0.99974114,1,"[-6.42892, 8.14911, -2.96462, 11.77164, -2.98103, -0.71795, -0.44112, 20.07141, -0.69191, -6.17689, -7.42231, -0.26739, -1.40635, 2.96404, -0.78225, -6.98088, 3.20763, -2.45593, 7.56233, -5.89768, -1.21037, 1.18632]"
44,sub7,scratch,1,sub7-a__0094__drink.npy,7,drink,7,0.9978607,1,"[-5.97232, 7.01483, -3.13723, 12.89167, -3.14917, -2.41652, -1.24686, 19.04398, 0.37211, -5.95587, -7.49648, -0.88821, -1.5579, 3.39332, -0.69062, -7.92867, 2.72881, -1.51725, 7.41054, -6.67496, -0.57415, 3.31075]"
44,sub7,scratch,1,sub7-a__0095__drink.npy,7,drink,7,0.99349135,1,"[-6.15615, 5.94882, -3.67578, 12.89569, -3.35129, -3.73139, -0.70713, 17.93305, 1.19897, -5.53057, -7.72678, -0.85418, -1.3037, 3.40216, -0.26329, -8.08931, 2.58799, -1.28279, 8.08583, -6.90032, 0.29384, 3.38492]"
44,sub7,scratch,1,sub7-a__0096__drink.npy,7,drink,7,0.99830925,1,"[-6.40312, 6.36028, -3.66225, 12.27596, -3.32719, -3.08329, -0.15711, 18.68074, 0.99915, -5.63729, -7.84947, -0.51029, -1.29708, 2.83874, -0.41438, -7.62763, 2.65952, -1.75811, 8.42432, -6.43747, 0.12806, 2.59648]"
44,sub7,scratch,1,sub7-a__0097__drink.npy,7,drink,7,0.99616647,1,"[-6.12537, 6.07817, -3.49191, 12.71898, -3.2402, -3.38095, -0.62296, 18.28917, 0.70026, -5.66191, -7.80495, -0.50622, -1.30604, 3.39077, -0.27552, -7.98184, 2.71737, -1.25514, 7.96103, -6.74928, 0.05158, 3.13128]"
44,sub7,scratch,1,sub7-a__0098__brushteeth.npy,3,brushteeth,21,0.6291301,0,"[-3.41812, 1.50201, -1.33134, 11.90996, -6.89268, -12.28909, -1.42133, 9.12089, 7.00585, -6.89549, -10.88386, -1.12922, 0.85982, 4.69685, 1.85978, -9.96781, -2.63936, 4.14478, 6.66045, -9.50205, 2.35251, 12.5112]"
44,sub7,scratch,1,sub7-a__0099__brushteeth.npy,3,brushteeth,3,0.7295185,1,"[-3.76546, 1.91934, -1.82089, 13.00309, -6.14023, -11.22046, -2.13122, 9.9127, 6.19467, -6.50733, -10.0475, -1.73006, 0.39792, 5.16562, 1.51222, -10.18902, -1.60129, 3.62721, 6.27281, -9.57338, 2.27085, 11.87129]"
44,sub7,scratch,1,sub7-a__0100__brushteeth.npy,3,brushteeth,21,0.5107323,0,"[-3.87507, 1.42145, -1.9446, 12.13315, -6.44369, -12.09211, -1.36652, 9.52864, 6.93538, -6.33634, -10.60848, -1.2093, 0.68004, 4.41851, 1.71156, -10.13085, -2.05015, 3.65602, 6.82132, -9.48317, 2.7058, 12.25786]"
44,sub7,scratch,1,sub7-a__0102__brushteeth.npy,3,brushteeth,21,0.5089937,0,"[-3.61018, 1.60852, -1.74218, 12.38791, -6.57458, -11.66707, -1.95719, 9.54231, 6.74733, -6.35366, -10.12657, -1.33569, 0.67252, 4.60835, 1.76197, -10.35236, -2.0164, 3.63934, 6.30509, -9.59883, 2.41153, 12.4865]"
44,sub7,scratch,1,sub7-a__0103__highfive.npy,8,highfive,18,0.77671766,0,"[0.88854, 0.45052, -3.09055, -1.95519, -11.60477, -13.04904, 4.15308, 1.04588, 10.46372, -2.51261, -6.35083, 4.75088, 2.91155, -5.26658, 9.39106, -5.57233, -6.43728, -2.28428, 12.01062, -2.43265, 3.6602, 3.69153]"
44,sub7,scratch,1,sub7-a__0104__highfive.npy,8,highfive,8,0.38446954,1,"[-2.18877, -2.33941, -1.97412, 3.11219, -10.19186, -14.75641, 3.9016, 4.81784, 10.2331, -4.89153, -10.54247, 4.42654, 3.1976, -2.60215, 6.41393, -7.89885, -5.59888, 2.79566, 10.13004, -6.15653, 4.65899, 9.82006]"
44,sub7,scratch,1,sub7-a__0105__highfive.npy,8,highfive,8,0.57786345,1,"[-0.25045, -1.39579, -2.65156, 0.46316, -11.6113, -14.43025, 3.95554, 2.23311, 11.5516, -3.87272, -8.1395, 4.37648, 3.07845, -4.50964, 8.41857, -6.70474, -6.73009, 0.3142, 11.15309, -4.26222, 4.5356, 7.21671]"
44,sub7,scratch,1,sub7-a__0106__highfive.npy,8,highfive,8,0.4244631,1,"[-2.03231, -2.11215, -2.07514, 3.61387, -9.8695, -14.90603, 3.21654, 4.50546, 10.36569, -4.86592, -10.3606, 3.78293, 2.893, -1.93169, 6.30291, -8.0335, -5.44993, 2.8601, 9.83803, -6.34726, 4.6067, 10.06222]"
44,sub7,scratch,1,sub7-a__0107__highfive.npy,8,highfive,8,0.78091735,1,"[-0.52041, -2.05817, -2.33318, 1.72936, -11.42827, -14.60053, 2.98226, 2.73537, 11.80671, -4.18983, -8.28588, 3.83753, 3.03456, -3.96264, 7.78327, -7.5009, -6.637, 1.4551, 10.20527, -5.17406, 4.76489, 8.98206]"
44,sub7,scratch,1,sub7-a__0108__highfive.npy,8,highfive,8,0.61707264,1,"[-1.52731, -2.35708, -1.96854, 1.88351, -10.85008, -14.97269, 3.7765, 3.42091, 10.99106, -4.51473, -9.71692, 4.47518, 3.34123, -3.32965, 7.31977, -7.5727, -6.17046, 2.59186, 10.07687, -5.57406, 4.94767, 9.32158]"
44,sub7,scratch,1,sub7-a__0109__wave.npy,21,wave,21,0.95747644,1,"[-3.05283, -0.95005, -1.5238, 8.57722, -8.31086, -13.52016, 0.07217, 6.95871, 9.01855, -5.74307, -10.44138, 0.96988, 1.92797, 1.34729, 3.61599, -9.85137, -3.87222, 4.21322, 7.51728, -8.67377, 3.98169, 12.83317]"
44,sub7,scratch,1,sub7-a__0110__wave.npy,21,wave,21,0.9595732,1,"[-2.75643, -0.38701, -1.50191, 9.04769, -8.06206, -13.18669, -0.55107, 7.04219, 8.76848, -5.58651, -10.07873, 0.41838, 1.64803, 1.95472, 3.42775, -10.20531, -3.7313, 3.84363, 7.20512, -8.7803, 3.70846, 12.93987]"
44,sub7,scratch,1,sub7-a__0111__wave.npy,21,wave,21,0.96586424,1,"[-2.49203, -0.39923, -1.3729, 9.12699, -8.11917, -13.06614, -0.92621, 6.92281, 8.825, -5.5594, -9.80485, 0.18091, 1.55103, 2.0146, 3.3705, -10.27351, -3.91953, 3.91968, 7.02301, -8.8078, 3.75682, 13.15608]"
44,sub7,scratch,1,sub7-a__0112__wave.npy,21,wave,21,0.9439872,1,"[-2.74945, -0.4089, -1.67866, 8.99423, -8.00388, -13.22882, -0.53334, 6.91717, 8.47717, -5.27957, -9.83388, 0.5524, 1.74529, 2.10882, 3.54842, -10.30577, -3.51546, 3.55032, 7.23699, -8.77891, 3.72682, 12.46588]"
44,sub7,scratch,1,sub7-a__0113__wave.npy,21,wave,21,0.9502636,1,"[-2.84575, -0.37789, -1.54814, 9.36795, -8.01536, -12.95574, -0.71504, 7.28702, 8.54682, -5.63551, -9.91315, 0.32904, 1.60369, 2.07054, 3.34794, -10.21802, -3.53449, 3.8246, 7.09626, -8.86103, 3.63266, 12.83604]"
44,sub7,scratch,1,sub7-a__0114__bow.npy,2,bow,2,0.93023455,1,"[2.09374, 6.0706, 10.12844, 0.39968, -14.86973, -4.67413, 2.13395, 1.79472, 2.65578, -11.72325, -9.09039, 5.40701, 6.92484, 0.16967, 3.4295, 0.22335, -7.80523, 3.73642, -0.78143, -3.2184, -6.93336, 4.51245]"
44,sub7,scratch,1,sub7-a__0115__bow.npy,2,bow,2,0.9401086,1,"[1.82138, 5.14621, 10.18966, 0.2238, -14.46213, -4.14489, 2.40065, 1.85138, 2.41614, -11.96097, -9.14515, 5.69898, 6.88075, -0.45653, 3.34966, 0.90245, -7.73478, 4.53106, -0.95142, -2.77579, -6.49941, 4.5179]"
44,sub7,scratch,1,sub7-a__0116__bow.npy,2,bow,2,0.9417724,1,"[2.07995, 4.25738, 10.22579, -0.21259, -14.9446, -4.17925, 2.87144, 1.53837, 2.79863, -11.98254, -8.7636, 5.95376, 6.88941, -1.39298, 3.70556, 1.20774, -8.28999, 4.65923, -0.72298, -2.33515, -6.0749, 4.26555]"
44,sub7,scratch,1,sub7-a__0117__bow.npy,2,bow,2,0.9191707,1,"[1.47893, 4.5021, 10.23439, -0.51355, -14.70649, -3.71506, 3.0078, 1.64345, 2.37565, -11.80789, -8.77076, 6.25892, 7.39763, -1.32948, 3.73044, 1.09192, -7.61997, 4.19939, -0.91314, -2.34424, -6.20674, 3.91831]"
44,sub7,scratch,1,sub7-a__0118__bow.npy,2,bow,2,0.8771331,1,"[1.2665, 3.80016, 10.32595, -0.83685, -15.54033, -4.27373, 3.37717, 1.43687, 2.99084, -11.67344, -8.60397, 6.81947, 8.02805, -2.0443, 4.14856, 0.6211, -7.92217, 4.11346, -0.78982, -2.45556, -5.78702, 4.15838]"
44,sub7,scratch,1,sub7-a__0119__crossarms.npy,5,crossarms,5,0.9991391,1,"[-7.48507, 8.62274, -0.74822, 6.29454, 2.16684, 21.90263, -5.97168, 14.84379, -5.34487, -3.92778, -1.3892, -3.04035, -2.27214, -0.71209, -4.34552, -2.61456, 5.19361, -4.03923, -0.03423, -1.10864, -0.2973, -2.43818]"
44,sub7,scratch,1,sub7-a__0120__crossarms.npy,5,crossarms,5,0.99967813,1,"[-7.78133, 7.78196, -0.72824, 6.06664, 2.7858, 22.28494, -5.67644, 14.2421, -5.23741, -3.62383, -1.66847, -3.32664, -2.52493, -1.04382, -4.72639, -1.85343, 4.97699, -3.55471, 0.1541, -0.83457, 0.46844, -2.56091]"
44,sub7,scratch,1,sub7-a__0121__crossarms.npy,5,crossarms,5,0.9995721,1,"[-7.8582, 7.332, -0.80649, 6.76741, 3.18192, 22.00266, -5.78015, 14.2449, -5.54356, -3.54829, -1.85858, -3.4357, -2.76471, -0.69346, -4.86375, -1.85341, 5.11737, -3.03591, 0.15358, -1.101, 0.71717, -2.33784]"
44,sub7,scratch,1,sub7-a__0122__crossarms.npy,5,crossarms,5,0.9989048,1,"[-7.8774, 7.11116, -0.82181, 6.35789, 2.58925, 21.20546, -5.4136, 14.38862, -4.9667, -3.49584, -2.0765, -3.03817, -2.473, -1.14388, -4.64385, -2.09077, 4.74631, -3.12638, 0.69111, -1.11994, 0.93659, -2.00229]"
44,sub7,scratch,1,sub7-a__0123__crossarms.npy,5,crossarms,5,0.9993699,1,"[-7.93332, 7.67209, -0.6751, 6.83444, 2.98704, 21.84946, -5.6991, 14.47865, -5.8457, -3.47554, -1.81697, -3.24557, -2.64703, -0.484, -4.68694, -2.1994, 5.2668, -3.18958, -0.09159, -1.24698, 0.43197, -2.33582]"
44,sub7,scratch,1,sub7-a__0124__airpunch.npy,1,airpunch,1,0.9984895,1,"[-3.40437, 14.91506, -3.34103, 2.21579, -0.88458, -5.30735, 0.25629, 3.64622, -0.3107, 1.04486, -10.33723, -0.66916, -0.71772, 7.43705, 1.87135, -2.95216, 0.70857, -6.17668, 7.93077, -4.37733, -3.88539, -0.44233]"
44,sub7,scratch,1,sub7-a__0125__airpunch.npy,1,airpunch,1,0.9986607,1,"[-3.86928, 15.16135, -3.48545, 2.68432, -0.42704, -5.2249, 0.31317, 4.36455, -0.82025, 1.05536, -10.61244, -0.63004, -0.72683, 7.94967, 1.71534, -3.70273, 1.48198, -6.38469, 7.69918, -4.70978, -3.97569, -0.35324]"
44,sub7,scratch,1,sub7-a__0126__airpunch.npy,1,airpunch,1,0.99938333,1,"[-3.21485, 15.66844, -2.87982, 2.54367, -0.49661, -4.22425, -0.0371, 4.15596, -0.44656, 0.46646, -10.62303, -1.20113, -1.34072, 7.7494, 1.61511, -3.19324, 0.62029, -5.84314, 7.33068, -4.15134, -4.08141, -0.15921]"
44,sub7,scratch,1,sub7-a__0128__airpunch.npy,1,airpunch,1,0.9996855,1,"[-2.47398, 16.37136, -2.82881, 0.93027, -0.20986, -4.05926, -0.06212, 3.51595, -0.89596, 1.03671, -10.16815, -1.02829, -1.19759, 7.35959, 1.59534, -2.59906, 0.4925, -6.84521, 7.79657, -3.38418, -4.47481, -1.3269]"
44,sub7,scratch,1,sub7-a__0129__airpunch.npy,1,airpunch,1,0.9998209,1,"[-2.37166, 17.54463, -3.23595, 1.09684, 2.66364, -2.33516, -0.4416, 3.70364, -2.28438, 1.57682, -10.36632, -2.29099, -2.77447, 8.11608, -0.21962, -1.40625, 1.41356, -7.4683, 8.30513, -2.51658, -4.39936, -2.81297]"
44,sub7,scratch,1,sub7-a__0130__drink.npy,7,drink,7,0.99985564,1,"[-6.84019, 8.20621, -3.18446, 11.41034, -2.99053, -0.37564, -0.22565, 20.31452, -0.52586, -6.10498, -7.43611, 0.03422, -1.33873, 2.49002, -0.73172, -6.95776, 3.56448, -2.63721, 7.61193, -5.69699, -1.06115, 0.8503]"
44,sub7,scratch,1,sub7-a__0131__drink.npy,7,drink,7,0.99974865,1,"[-6.65085, 7.29842, -3.35541, 11.41293, -2.93048, -1.09558, -0.15357, 19.75587, 0.14449, -5.84597, -7.57249, -0.16077, -1.46882, 2.21196, -0.78194, -6.94389, 3.07908, -2.23708, 8.17864, -5.66667, -0.32293, 1.45045]"
44,sub7,scratch,1,sub7-a__0132__drink.npy,7,drink,7,0.9997396,1,"[-6.72199, 6.89652, -3.47291, 10.87471, -3.57606, -2.13391, 0.65041, 19.26423, 0.94854, -5.6749, -7.96203, 0.22729, -1.03272, 1.80208, -0.38054, -7.14243, 2.65189, -2.45186, 8.80988, -5.70421, -0.0269, 1.69302]"
44,sub7,scratch,1,sub7-a__0133__drink.npy,7,drink,7,0.9999167,1,"[-6.75152, 7.64523, -3.20761, 10.47952, -3.71587, -1.36885, 0.5363, 20.07866, 0.99287, -6.10435, -7.96617, 0.22797, -1.06292, 1.27095, -0.72025, -6.85494, 2.51208, -2.83004, 8.70044, -5.43337, -0.52745, 1.60724]"
44,sub7,scratch,1,sub7-a__0134__drink.npy,7,drink,7,0.9883024,1,"[-6.55973, 5.07351, -4.32105, 12.32958, -3.21319, -4.68226, -0.14114, 16.79033, 1.82361, -4.60081, -7.87002, -0.50462, -1.00634, 3.17402, 0.14061, -8.40362, 2.89572, -1.35124, 8.57389, -6.89397, 1.2408, 3.21659]"
44,sub7,scratch,1,sub7-a__0135__drink.npy,7,drink,7,0.99843615,1,"[-6.74216, 5.64378, -3.78117, 11.55281, -3.44454, -3.76542, 0.48346, 18.08941, 1.71345, -5.36066, -8.33408, -0.04704, -0.93685, 2.28055, -0.17799, -7.72305, 2.51064, -1.61757, 8.99424, -6.3359, 0.81162, 2.87206]"
44,sub7,scratch,1,sub7-a__0136__brushteeth.npy,3,brushteeth,21,0.77606887,0,"[-3.44112, 1.20858, -1.51199, 11.41043, -6.91474, -12.61811, -1.26442, 8.707, 7.48628, -6.49487, -10.89462, -0.91923, 0.91868, 4.17795, 2.09014, -10.21607, -2.6983, 4.14876, 6.79182, -9.40628, 2.7945, 12.74717]"
44,sub7,scratch,1,sub7-a__0137__brushteeth.npy,3,brushteeth,21,0.8198445,0,"[-3.46311, 0.74161, -1.60246, 11.15211, -6.82598, -12.53329, -1.17196, 8.6266, 7.65279, -6.23835, -10.74932, -0.87658, 0.8198, 3.72425, 2.07795, -10.11163, -2.81962, 4.19539, 6.96304, -9.22301, 3.23689, 12.78741]"
44,sub7,scratch,1,sub7-a__0138__brushteeth.npy,3,brushteeth,21,0.8187163,0,"[-3.41148, 1.10823, -1.44173, 11.30232, -6.89708, -12.25556, -1.4615, 8.74466, 7.4991, -6.27496, -10.58871, -0.94374, 0.89256, 3.9458, 2.05676, -10.29793, -2.70829, 4.05859, 6.65089, -9.33051, 2.92444, 12.91534]"
44,sub7,scratch,1,sub7-a__0139__brushteeth.npy,3,brushteeth,21,0.73100364,0,"[-3.49101, 1.15894, -1.61735, 11.50516, -6.72538, -12.23028, -1.53581, 8.85508, 7.20062, -6.23402, -10.49381, -0.95056, 0.86285, 4.18859, 2.06555, -10.34619, -2.39778, 3.93455, 6.62814, -9.36975, 2.84187, 12.59405]"
44,sub7,scratch,1,sub7-a__0140__brushteeth.npy,3,brushteeth,21,0.76525927,0,"[-3.48536, 1.17501, -1.53728, 11.34042, -6.72039, -12.14219, -1.47123, 8.93592, 7.28884, -6.22223, -10.54796, -0.95541, 0.9153, 4.05443, 1.98634, -10.3075, -2.53315, 3.84158, 6.76206, -9.29884, 2.91582, 12.63513]"
44,sub7,scratch,1,sub7-a__0141__highfive.npy,8,highfive,18,0.67928934,0,"[-0.73189, -0.16456, -2.50565, 1.09244, -10.28352, -14.29532, 3.92696, 3.25966, 10.35432, -4.15887, -9.45003, 4.13644, 2.53008, -2.87972, 7.69417, -6.83864, -6.02004, 0.5281, 11.22368, -4.48655, 3.778, 7.35529]"
44,sub7,scratch,1,sub7-a__0142__highfive.npy,8,highfive,8,0.38202363,1,"[-1.90559, -1.03624, -2.24744, 3.58957, -9.87032, -14.46274, 3.09313, 5.08504, 10.19277, -4.80517, -10.13417, 3.70873, 2.74802, -1.76691, 6.33619, -8.31748, -5.25548, 1.84421, 10.15191, -6.25271, 3.99518, 9.72099]"
44,sub7,scratch,1,sub7-a__0143__highfive.npy,8,highfive,8,0.74283016,1,"[-0.42124, -0.19959, -1.50172, 1.87806, -12.16373, -14.27673, 3.07167, 4.03033, 11.84314, -5.52855, -9.19841, 3.65356, 3.07224, -3.34402, 7.51941, -7.72354, -7.28126, 1.11907, 10.34269, -5.3388, 3.41341, 9.62335]"
44,sub7,scratch,1,sub7-a__0144__highfive.npy,8,highfive,8,0.8147642,1,"[0.58675, 0.40632, -1.87196, 1.08439, -12.70849, -13.97046, 2.66049, 3.08605, 12.39625, -5.0725, -7.96217, 3.24726, 2.78297, -3.8445, 8.34102, -7.65193, -7.64551, -0.07864, 10.73943, -4.62423, 3.32298, 8.42264]"
44,sub7,scratch,1,sub7-a__0145__highfive.npy,8,highfive,8,0.54822475,1,"[-1.23677, -1.9831, -1.35798, 2.9615, -10.89142, -14.71483, 3.16133, 4.60649, 11.22844, -5.61574, -10.2037, 3.7596, 2.84285, -2.79857, 6.63784, -8.12787, -6.6372, 3.20327, 9.86608, -5.96489, 4.57694, 10.63702]"
44,sub7,scratch,1,sub7-a__0146__highfive.npy,8,highfive,8,0.7414715,1,"[-0.90085, -2.02221, -1.71188, 1.70281, -11.65395, -14.74148, 3.37086, 3.48761, 11.65809, -4.89753, -9.20224, 4.26111, 3.28793, -3.62368, 7.60779, -7.95487, -6.81754, 2.36231, 9.97969, -5.37289, 4.77733, 9.70636]"
44,sub7,scratch,1,sub7-b1__0001__walk.npy,20,walk,0,0.99905616,0,"[14.04283, 3.38867, 3.71997, -2.22599, -6.62408, -1.76055, -8.99668, -6.73681, 5.18244, -3.353, 2.73509, -6.16882, -6.59657, 0.62495, 2.32329, -0.12361, -13.57817, 4.05746, 4.84188, 3.56625, 6.53247, 0.0591]"
44,sub7,scratch,1,sub7-b1__0002__turnaround.npy,19,turnaround,19,0.9297031,1,"[7.3512, 5.90159, -2.88033, -5.03105, 1.14735, 1.83116, -0.30926, -7.14002, -4.53756, 4.58759, 6.02369, -5.48639, -7.66831, 1.45613, 0.15086, 8.2384, -3.52847, -7.78198, 7.28746, 11.5372, 3.93007, -14.47509]"
44,sub7,scratch,1,sub7-b1__0003__walk.npy,20,walk,20,0.99787426,1,"[3.3326, -9.77268, -5.44475, -1.48173, 0.33241, -7.82275, 1.93954, -7.3259, 3.30985, 5.049, -1.50681, -1.11197, -4.41775, 0.74359, 3.52325, 1.29407, -6.73471, 5.82954, 7.30612, 0.97272, 13.79759, -2.66301]"
44,sub7,scratch,1,sub7-b1__0004__turnaround.npy,19,turnaround,15,0.5567702,0,"[3.15466, -0.3619, -3.51734, -4.65416, -0.21427, -1.14611, 6.93034, -4.02886, -1.20846, 0.16853, -1.19266, -1.08083, -7.39926, -1.40274, 0.2627, 13.23507, -5.76684, -1.57973, 10.00221, 12.95171, 6.7321, -11.07479]"
44,sub7,scratch,1,sub7-b1__0005__walk.npy,20,walk,0,0.9955426,0,"[13.09997, 2.49796, 3.35151, -2.08226, -7.89889, -2.52724, -7.59925, -6.45541, 6.67405, -3.90129, 2.14687, -5.32914, -5.83192, -0.56402, 3.32927, -0.3044, -13.6284, 3.63151, 5.256, 3.44958, 6.96226, 0.591]"
44,sub7,scratch,1,sub7-b1__0006__turnaround.npy,19,turnaround,19,0.9374015,1,"[6.47012, 4.53634, -2.83015, -5.43821, -0.37377, 0.52093, 0.92094, -7.52197, -3.23716, 4.76219, 5.77903, -4.50603, -6.45009, 0.25692, 0.59537, 8.22635, -3.69628, -7.81978, 7.428, 11.51746, 4.6066, -14.64467]"
44,sub7,scratch,1,sub7-b1__0007__walk.npy,20,walk,20,0.98728603,1,"[4.43381, -9.43209, -5.53629, -0.83752, -3.15681, -9.41463, 4.20297, -5.99216, 3.24255, 3.06356, -1.69249, 0.6634, -3.95929, 1.04192, 5.0753, 1.19249, -7.83321, 5.55356, 7.50515, 1.07118, 12.15423, -3.03749]"
44,sub7,scratch,1,sub7-b1__0008__turnaround.npy,19,turnaround,15,0.6881961,0,"[2.94869, -0.23966, -3.58529, -4.69359, 3.02837, -2.20081, 7.39293, -3.69382, -1.601, -0.06573, -4.31268, -1.68056, -8.84956, -0.33463, -0.37153, 14.041, -5.34545, -0.33516, 10.7833, 13.15497, 7.106, -10.10776]"
44,sub7,scratch,1,sub7-b1__0009__walk.npy,20,walk,0,0.9989008,0,"[14.58209, 2.00635, 3.06927, -0.93984, -4.04648, -1.19877, -11.12529, -9.86982, 4.26404, -0.73254, 4.90248, -8.3977, -7.94068, 1.63328, 1.5289, 0.89963, -12.61871, 4.2943, 3.1527, 3.53143, 7.59544, -0.4081]"
44,sub7,scratch,1,sub7-b1__0010__turnaround.npy,19,turnaround,19,0.9388472,1,"[6.84643, 4.29724, -2.71578, -5.18715, -1.6711, 0.93207, 0.85102, -7.47935, -3.22072, 4.52638, 6.97345, -4.31425, -6.23198, 0.08042, 1.13742, 7.84129, -4.15083, -7.71687, 6.90564, 11.39732, 4.34883, -14.58063]"
44,sub7,scratch,1,sub7-b1__0011__walk.npy,20,walk,20,0.982105,1,"[5.0262, -9.40386, -5.1371, -0.14811, -1.57752, -8.97349, 4.61962, -5.48248, 2.21963, 1.98198, -2.90049, 0.06721, -5.87477, 2.24142, 3.5349, 3.1591, -8.4072, 7.17678, 7.50569, 2.16703, 12.15869, -3.07665]"
44,sub7,scratch,1,sub7-b1__0012__turnaround.npy,19,turnaround,15,0.5713796,0,"[2.9192, -0.82131, -3.4691, -4.6934, 3.15508, -2.72999, 7.75058, -4.13848, -1.70451, 0.3989, -4.45661, -1.51682, -9.08214, 0.11568, -0.129, 13.44617, -5.52661, 0.33718, 10.39459, 13.08418, 7.68599, -9.87191]"
44,sub7,scratch,1,sub7-b1__0013__walk.npy,20,walk,0,0.99944776,0,"[15.30061, 2.20238, 3.03393, 0.31337, -4.43776, -0.43252, -12.33231, -10.77669, 3.16759, 0.21462, 7.24612, -8.9987, -8.1978, 2.26644, 1.49971, 0.98284, -11.94747, 3.55026, 1.5129, 3.36452, 6.79698, -1.43938]"
44,sub7,scratch,1,sub7-b1__0014__turnaround.npy,19,turnaround,19,0.9543063,1,"[5.17665, 2.53368, -3.193, -5.53961, -2.00474, 0.13882, 2.64405, -7.3965, -1.61266, 4.0343, 5.74393, -3.09626, -5.01192, -1.35914, 1.03484, 8.79731, -3.19258, -7.795, 6.97119, 12.06952, 4.55228, -14.1397]"
44,sub7,scratch,1,sub7-b1__0015__walk.npy,20,walk,20,0.9723201,1,"[4.1995, -9.79808, -4.79307, -0.21497, -3.4833, -9.37938, 5.88509, -4.56552, 3.21895, 0.63443, -3.41525, 1.09719, -4.78116, 1.14668, 3.80683, 3.47212, -8.87699, 7.4788, 7.73458, 2.10318, 11.99319, -2.60814]"
44,sub7,scratch,1,sub7-b1__0016__turnaround.npy,19,turnaround,15,0.9315131,0,"[5.15705, 0.68699, -2.57156, -3.31809, 3.2005, -3.92126, 7.91517, -2.80914, -1.69426, -3.38668, -7.30959, -1.44897, -10.24158, 1.39639, -0.73571, 15.71487, -7.16979, 2.10564, 10.29001, 13.03613, 5.12254, -8.20244]"
44,sub7,scratch,1,sub7-b1__0017__walk.npy,20,walk,0,0.98462254,0,"[13.54441, -0.84049, 1.90176, -0.32477, -1.98555, -0.83698, -11.63751, -12.40802, 2.93149, 2.75869, 7.52846, -8.42514, -7.8608, 1.54175, 1.59399, 1.17449, -10.44578, 4.35963, 1.24691, 3.3231, 9.19861, -1.44659]"
44,sub7,scratch,1,sub7-b1__0018__turnaround.npy,19,turnaround,19,0.94677794,1,"[6.31507, 3.49338, -3.22076, -5.29325, -0.98038, 0.17909, 1.48716, -7.88436, -2.61916, 4.74569, 6.18179, -4.25374, -6.04382, -0.0017, 0.64125, 8.47093, -3.69697, -7.81062, 7.24571, 11.79425, 4.35611, -14.43132]"
44,sub7,scratch,1,sub7-b1__0020__turnaround.npy,19,turnaround,19,0.5558636,1,"[3.22806, -0.68987, -3.33241, -4.82793, 2.47687, -3.11058, 7.8603, -4.60002, -1.62915, 0.81186, -3.95632, -1.35562, -8.88738, 0.21556, 0.27503, 12.73515, -5.73208, -0.12002, 10.16617, 13.04563, 7.53798, -10.06212]"
44,sub7,scratch,1,sub7-b1__0021__hop.npy,9,hop,9,0.99992025,1,"[3.97132, -1.3865, -5.07086, -9.09594, 7.4478, -2.57387, -6.43893, -16.01217, -11.24563, 19.00773, 9.20708, 4.92244, 3.14192, 6.69131, 6.93573, -1.08988, 6.39387, -4.39087, -4.89694, -0.6535, 1.72887, -10.60528]"
44,sub7,scratch,1,sub7-b1__0023__hop.npy,9,hop,9,0.9932734,1,"[5.49715, 0.49067, -3.80037, -9.4908, 0.76438, -3.70875, -4.89099, -14.41735, -9.16006, 14.99906, 9.28786, 6.70061, 5.33837, 5.48071, 9.18657, -1.21775, 3.586, -5.64269, -4.04929, -0.81359, -1.21758, -10.92485]"
44,sub7,scratch,1,sub7-b1__0024__hop.npy,9,hop,9,0.99693274,1,"[5.41487, 0.32183, -4.04994, -9.00669, 4.93175, -4.54718, -3.94787, -14.38335, -9.63887, 14.3449, 4.88339, 5.91609, 3.2586, 6.93636, 8.0901, 0.68234, 3.57542, -3.53152, -2.79736, -0.3644, -0.87004, -10.2662]"
44,sub7,scratch,1,sub7-b1__0025__hop.npy,9,hop,9,0.99956256,1,"[5.92203, 1.88085, -4.25666, -9.18771, 4.02153, -3.51572, -6.02056, -14.34714, -10.61308, 16.83236, 8.57483, 5.1389, 3.51928, 7.29658, 7.26687, -1.24676, 4.55188, -5.98628, -3.79293, -0.72962, -1.03296, -10.88471]"
44,sub7,scratch,1,sub7-b1__0026__hop.npy,9,hop,9,0.9997911,1,"[4.83366, -1.13811, -4.71894, -9.81953, 5.65085, -2.56945, -6.21957, -16.01882, -11.34646, 18.99935, 10.44268, 5.59844, 3.89941, 6.06838, 7.26146, -1.04454, 5.98127, -5.17969, -5.21603, -0.35258, 1.0857, -11.3192]"
44,sub7,scratch,1,sub7-b1__0027__hop.npy,9,hop,9,0.99955946,1,"[4.9394, -0.02003, -5.13208, -9.10712, 9.44949, -3.34812, -4.34601, -15.10525, -12.16304, 17.51962, 5.14304, 5.04793, 1.47437, 8.25208, 6.34678, 1.11596, 5.75008, -3.88749, -3.34328, 0.38685, 0.19876, -11.25869]"
44,sub7,scratch,1,sub7-b1__0028__jump.npy,10,jump,10,0.9998919,1,"[5.16755, 0.86598, -1.39452, -7.15917, -10.89104, 2.64103, -9.87706, -12.12078, -5.12555, 13.12276, 22.28481, 4.53623, 8.4907, -0.80927, 9.20379, -5.78256, 1.96154, -8.53246, -7.40461, -1.33044, 0.61264, -10.54601]"
44,sub7,scratch,1,sub7-b1__0029__jump.npy,10,jump,10,0.99978477,1,"[4.19348, 1.0655, -1.49374, -6.67545, -10.42833, 2.68427, -9.47077, -12.06798, -6.09017, 13.65517, 22.11911, 5.09273, 8.93367, 0.00932, 9.19036, -6.11317, 3.48584, -8.84301, -8.62604, -1.78984, -0.10833, -10.79438]"
44,sub7,scratch,1,sub7-b1__0030__jump.npy,10,jump,10,0.99971884,1,"[4.31624, 0.29029, -2.33744, -6.94671, -9.04272, 3.22716, -10.00438, -12.17922, -6.308, 14.6579, 22.83933, 4.81117, 8.39856, -0.19165, 8.78201, -6.22672, 4.2476, -8.8475, -8.23753, -1.42376, 0.80274, -11.09136]"
44,sub7,scratch,1,sub7-b1__0031__jump.npy,10,jump,10,0.99970895,1,"[5.53868, -0.89374, -1.81866, -6.63667, -8.08532, 2.88761, -10.63861, -13.81683, -6.77149, 15.22003, 23.36314, 3.59702, 7.01032, 0.35501, 8.27958, -5.72302, 3.27926, -7.45608, -8.53045, -0.84592, 1.90727, -11.0846]"
44,sub7,scratch,1,sub7-b1__0032__jump.npy,10,jump,10,0.9993352,1,"[5.17329, -1.11533, -2.18948, -6.60267, -7.13624, 2.884, -10.61388, -13.94961, -7.31721, 16.0348, 23.35086, 3.66938, 6.76111, 0.67225, 8.08202, -5.78884, 4.08431, -7.46016, -8.79715, -0.874, 2.10766, -11.13148]"
44,sub7,scratch,1,sub7-b1__0033__jump.npy,10,jump,10,0.9996457,1,"[4.82319, -0.96825, -2.71291, -5.97535, -7.6745, 3.02465, -11.00592, -13.07487, -6.58835, 15.95828, 23.90387, 3.6684, 7.12039, 0.2427, 7.9362, -6.60318, 4.72176, -7.9296, -8.88499, -1.28621, 2.1094, -10.63103]"
44,sub7,scratch,1,sub7-b1__0034__runonspot.npy,13,runonspot,13,0.9998975,1,"[2.99765, 10.70905, -4.19109, 10.3005, 7.04703, -2.38957, -12.6491, -4.50445, -10.01463, 8.2524, 2.33973, -6.77456, -4.01265, 20.50329, -0.37539, -6.82925, 7.91735, -2.62726, -6.57468, -6.81497, -4.85815, -1.51232]"
44,sub7,scratch,1,sub7-b1__0035__runonspot.npy,13,runonspot,13,0.9999083,1,"[3.21016, 11.03384, -4.27479, 9.37136, 7.97469, -2.2582, -12.72896, -4.8226, -10.64455, 8.67725, 2.37942, -6.48668, -4.01424, 20.67885, -0.23592, -6.83721, 8.54776, -2.97752, -6.60548, -6.44167, -5.06351, -2.13668]"
44,sub7,scratch,1,sub7-b1__0036__runonspot.npy,13,runonspot,13,0.99992037,1,"[4.34838, 11.0534, -4.6875, 9.67615, 7.53123, -4.52552, -11.84482, -4.45214, -9.20465, 8.61336, 0.36359, -6.57773, -4.79711, 20.81996, -0.45057, -7.20864, 7.08809, -2.96319, -4.77232, -6.52994, -4.76385, -0.72036]"
44,sub7,scratch,1,sub7-b1__0037__runonspot.npy,13,runonspot,13,0.99991226,1,"[3.89509, 11.48825, -4.07318, 10.58879, 7.75423, -3.5639, -11.61771, -3.63227, -9.71201, 7.00179, -0.46185, -6.70541, -4.88802, 21.20524, -0.89466, -6.44463, 7.19953, -2.24461, -5.1837, -6.57129, -5.44075, -0.70823]"
44,sub7,scratch,1,sub7-b1__0038__runonspot.npy,13,runonspot,13,0.9999368,1,"[3.96116, 11.34589, -5.2578, 8.96179, 10.50472, -5.39638, -10.08368, -3.83827, -10.63583, 8.72424, -2.14577, -5.35604, -5.48345, 21.54597, -0.43473, -6.88463, 9.07256, -2.95173, -4.26096, -6.11193, -5.27569, -1.35698]"
44,sub7,scratch,1,sub7-b1__0039__airkick.npy,0,airkick,10,0.6907817,0,"[14.17239, -0.5944, 2.08621, 4.81484, -10.44752, 1.08703, -12.98955, -10.62703, 2.85667, 1.77884, 14.97633, -7.1488, -4.49679, 0.63422, 2.70481, -1.92847, -8.17423, 1.60016, -4.40612, 0.61347, 3.86152, -2.18391]"
44,sub7,scratch,1,sub7-b1__0040__buttkicks.npy,4,buttkicks,4,0.9999919,1,"[2.715, 2.30252, -7.25389, 1.46254, 32.39904, -1.64334, -9.01742, -12.30589, -17.09862, 17.93213, -4.22443, -5.35872, -10.74756, 20.61409, -4.08748, -0.05326, 14.82155, 1.42495, -4.26705, 0.04435, 3.47743, -6.20824]"
44,sub7,scratch,1,sub7-b1__0041__buttkicks.npy,4,buttkicks,4,0.99996316,1,"[3.79204, 3.39, -7.34266, 1.71061, 31.3958, -2.58286, -8.71068, -11.66545, -16.82511, 17.52688, -4.83964, -5.37525, -10.9847, 21.15959, -3.91862, -0.45503, 13.87475, 1.12003, -3.5301, -0.35231, 2.6331, -6.14591]"
44,sub7,scratch,1,sub7-b1__0042__buttkicks.npy,4,buttkicks,4,0.9997949,1,"[3.78184, 3.94563, -7.55164, -1.13542, 28.61136, -3.11003, -8.09821, -12.43863, -16.61983, 18.91414, -2.98828, -3.25793, -8.99462, 19.76141, -1.76231, -1.4075, 13.8425, -0.86395, -3.52454, 0.0915, 1.78153, -7.42466]"
44,sub7,scratch,1,sub7-b1__0043__buttkicks.npy,4,buttkicks,4,0.9996482,1,"[2.89906, 4.46063, -7.23841, 3.02277, 29.8895, -2.7192, -9.46759, -10.58119, -16.20499, 15.82647, -4.75795, -5.9419, -10.13911, 21.93462, -3.51969, -1.40468, 14.44479, 0.69475, -3.87341, -1.03144, 1.35759, -5.11966]"
44,sub7,scratch,1,sub7-b1__0044__buttkicks.npy,4,buttkicks,4,0.9999764,1,"[1.21518, 3.6153, -8.13803, 1.96798, 31.07231, -2.34528, -8.41436, -10.33537, -16.44295, 17.54595, -4.73494, -4.45116, -9.55736, 20.33544, -3.07543, -1.76965, 16.71377, -0.19911, -4.16225, -0.91699, 2.36227, -5.67409]"
44,sub7,scratch,1,sub7-b1__0045__airkick.npy,0,airkick,0,0.55336696,1,"[16.06942, 2.16555, 2.02642, 3.5949, -11.33148, 1.2956, -13.17599, -10.69826, 1.46615, 2.40982, 15.85512, -6.62974, -4.04457, 2.15729, 3.36173, -3.18054, -8.30901, -0.97223, -4.45758, 0.56039, 1.38078, -3.79431]"
44,sub7,scratch,1,sub7-b1__0046__airkick.npy,0,airkick,0,0.882475,1,"[15.40532, -0.57417, 1.19557, 4.44377, -9.92857, 0.0464, -11.80624, -10.06061, 3.80416, 1.24053, 13.38889, -6.99512, -5.77534, 0.71075, 3.13527, -2.07274, -9.02835, 1.71797, -2.76431, 1.26017, 4.02767, -1.89163]"
44,sub7,scratch,1,sub7-b1__0047__airkick.npy,0,airkick,0,0.9549191,1,"[16.62469, 0.57239, 1.63494, 3.51953, -8.59088, -0.21737, -12.47535, -11.34553, 1.94419, 2.83386, 13.57133, -7.40529, -6.24372, 2.67985, 2.9337, -2.65024, -9.05806, 0.88521, -3.21126, 1.35989, 3.62595, -2.53305]"
44,sub7,scratch,1,sub7-b1__0048__airkick.npy,0,airkick,0,0.98012674,1,"[16.3184, -1.29607, 1.38413, 4.80438, -3.32819, 0.78247, -13.25513, -11.83615, 0.13755, 3.37184, 12.41766, -9.12849, -9.37131, 4.16386, 0.31092, -0.36393, -8.40046, 4.06606, -3.18376, 2.48969, 5.71791, -2.2412]"
44,sub7,scratch,1,sub7-b1__0049__airkick.npy,0,airkick,0,0.928841,1,"[16.37096, -0.43849, 1.40692, 3.6101, -7.90555, 0.36787, -12.23245, -11.34827, 1.9171, 2.62016, 13.80177, -7.47322, -6.79541, 2.11612, 2.45068, -1.49057, -8.95954, 1.85565, -3.06401, 2.09095, 4.26368, -2.95389]"
44,sub7,scratch,1,sub7-b1__0050__sidekick.npy,14,sidekick,14,0.99443793,1,"[2.2313, -1.80304, -5.14091, -8.28613, -14.02367, -8.02897, 0.916, -10.00768, 2.63788, 11.19463, 10.24207, 10.77911, 10.0445, -3.51954, 17.24072, -9.67075, 1.90077, -8.00724, -2.5019, -2.892, 1.72091, -6.67317]"
44,sub7,scratch,1,sub7-b1__0051__sidekick.npy,14,sidekick,14,0.99808854,1,"[2.01112, -1.91066, -3.67521, -6.71969, -19.63766, -7.94262, 2.43595, -7.22495, 8.61876, 5.19183, 8.41133, 9.49801, 10.77856, -7.27257, 17.4363, -8.95711, -3.00364, -6.92995, -0.72793, -2.81037, 2.19951, -3.9745]"
44,sub7,scratch,1,sub7-b1__0052__sidekick.npy,14,sidekick,14,0.99566275,1,"[1.50292, -0.92901, -5.43304, -9.20745, -14.52177, -10.6507, 5.90352, -7.68103, 5.12467, 8.40422, 4.1575, 12.27434, 9.88457, -4.27647, 17.81968, -8.88163, 0.16644, -8.05603, 0.15579, -2.28207, 0.75468, -5.81919]"
44,sub7,scratch,1,sub7-b1__0053__sidekick.npy,14,sidekick,14,0.99494225,1,"[0.64553, -2.1405, -5.03848, -8.69208, -16.24266, -8.33142, 4.50825, -8.07978, 4.68396, 8.44835, 7.47808, 12.46135, 11.20487, -5.64195, 18.01343, -8.45334, 0.6856, -7.70964, -1.26469, -2.50513, 1.42786, -6.60007]"
44,sub7,scratch,1,sub7-b1__0054__sidekick.npy,14,sidekick,14,0.99085146,1,"[-0.76679, -2.67852, -4.81575, -9.16058, -15.24609, -7.24276, 3.98403, -7.48614, 4.46451, 8.17652, 7.29299, 12.63895, 11.54249, -6.36482, 17.62468, -8.30222, 1.32635, -7.00794, -0.92121, -2.13063, 2.82758, -6.29268]"
44,sub7,scratch,1,sub7-b1__0055__sidekick.npy,14,sidekick,14,0.99565035,1,"[1.70041, -1.54342, -4.37111, -8.29347, -17.251, -6.80916, 1.92508, -8.21742, 4.73316, 8.04569, 10.28898, 11.49766, 11.37223, -5.78449, 17.72565, -9.06745, 0.39402, -8.04164, -2.25752, -2.6139, 1.24341, -6.61848]"
44,sub7,scratch,1,sub7-b1__0056__crosstoe.npy,6,crosstoe,6,0.9986634,1,"[-7.98587, -0.12277, -0.49556, -7.29482, -13.44144, -8.71192, 21.44085, -0.69414, 1.66033, -0.81144, -8.65773, 14.79721, 11.13784, -5.27405, 8.57221, 2.54729, -1.79039, -6.64496, 3.82714, 0.78835, -2.15543, -6.75784]"
44,sub7,scratch,1,sub7-b1__0057__crosstoe.npy,6,crosstoe,6,0.99804735,1,"[-7.3449, -0.36186, 0.36324, -6.82813, -15.47233, -9.35188, 21.31707, -0.24655, 2.95859, -2.42697, -8.72188, 15.04499, 11.68193, -6.09783, 8.48944, 2.53806, -3.15083, -6.07822, 4.0255, 0.60164, -2.57489, -5.78318]"
44,sub7,scratch,1,sub7-b1__0058__crosstoe.npy,6,crosstoe,6,0.9986193,1,"[-7.50359, 0.14802, 0.42239, -7.07047, -15.59194, -8.97966, 21.44001, 0.29689, 3.13476, -2.51426, -8.84026, 14.815, 11.62211, -6.38646, 7.90551, 2.78499, -3.34284, -6.67282, 4.58374, 0.87308, -2.56957, -5.90633]"
44,sub7,scratch,1,sub7-b1__0059__crosstoe.npy,6,crosstoe,6,0.9988533,1,"[-7.07559, -0.87726, 1.54805, -6.2842, -16.94683, -9.63865, 21.42346, 0.04805, 4.42955, -3.78104, -9.14221, 14.59154, 11.82428, -6.89172, 7.84355, 2.52868, -4.83943, -5.14895, 3.94683, 0.48182, -2.6038, -4.28511]"
44,sub7,scratch,1,sub7-b1__0061__crosstoe.npy,6,crosstoe,6,0.9981686,1,"[-7.40487, -1.95124, 1.30221, -6.64124, -16.98635, -9.2312, 21.83213, 0.0143, 4.34088, -3.39768, -8.66674, 15.49728, 12.11474, -7.81843, 8.12902, 2.88993, -4.46302, -5.00622, 3.59502, 0.80239, -2.14446, -4.33726]"
44,sub7,scratch,1,sub7-b1__0062__throw.npy,18,throw,1,0.96148646,0,"[1.85696, 15.16859, -2.90313, -5.94959, 11.92693, 5.04538, -5.78953, -1.74788, -8.99402, 6.05722, -2.28869, -5.32025, -6.14715, 6.1339, -3.24501, 4.72394, 3.61805, -9.12309, 7.7566, 5.10427, -0.24234, -11.71784]"
44,sub7,scratch,1,sub7-b1__0063__throw.npy,18,throw,1,0.90430325,0,"[3.95903, 15.08165, -2.97134, -4.90982, 12.81393, 4.70899, -3.85815, -2.15697, -10.06505, 4.88423, -3.57223, -6.03241, -8.57211, 7.8364, -3.79775, 7.17573, 1.95612, -8.14964, 8.01034, 6.82351, -1.04435, -11.87422]"
44,sub7,scratch,1,sub7-b1__0064__throw.npy,18,throw,1,0.6440351,0,"[3.78536, 14.90271, -3.62785, -5.03128, 14.29746, 3.05911, -2.79294, -1.94586, -9.56121, 4.86289, -5.92126, -6.06894, -9.06223, 8.22264, -4.19302, 7.17048, 2.04073, -7.97953, 9.54781, 6.73772, -0.62611, -10.69602]"
44,sub7,scratch,1,sub7-b1__0065__throw.npy,18,throw,1,0.8979658,0,"[5.09314, 16.69605, -2.58222, -3.83618, 14.51372, 4.56985, -5.5057, -1.78441, -10.11356, 4.45716, -5.21836, -7.20491, -9.62848, 9.35921, -5.33415, 6.50003, 1.90997, -7.9237, 7.68891, 5.79096, -2.10066, -9.8985]"
44,sub7,scratch,1,sub7-b1__0066__throw.npy,18,throw,1,0.8765625,0,"[3.41806, 15.81975, -3.24899, -4.50847, 13.853, 4.7159, -4.84882, -2.23577, -9.86499, 5.74376, -4.29082, -6.25058, -8.3824, 8.03027, -4.61184, 6.19777, 2.92418, -8.89209, 7.77906, 5.76044, -1.04403, -10.69697]"
44,sub7,scratch,1,sub7-b1__0067__walk.npy,20,walk,0,0.9638262,0,"[13.7393, -2.54831, 0.68869, 2.26029, -0.02328, 0.05388, -12.90383, -13.06053, 1.08649, 4.58957, 10.22601, -9.10641, -9.00852, 2.61897, 0.42611, 1.51424, -8.02456, 4.92537, -0.99196, 2.99882, 8.83518, -1.96623]"
44,sub7,scratch,1,sub7-b1__0068__turnaround.npy,19,turnaround,19,0.8278394,1,"[4.36293, 2.13793, -4.44513, -5.67149, -2.93072, -1.76109, 4.91443, -5.87916, 1.13214, 2.83562, 3.3948, -2.90444, -4.56235, -2.44307, 1.36913, 9.1019, -4.39282, -8.42636, 9.74822, 11.75308, 4.21539, -13.37671]"
44,sub7,scratch,1,sub7-b1__0069__walk.npy,20,walk,20,0.9697075,1,"[3.45147, -9.60599, -4.21052, -0.45395, 0.54668, -8.53847, 6.28889, -4.86732, 1.08371, 1.31732, -5.76046, 0.57363, -6.6524, 3.06979, 2.12933, 4.77217, -8.09962, 9.14818, 7.38157, 2.95473, 12.83786, -2.86761]"
44,sub7,scratch,1,sub7-b1__0070__turnaround.npy,19,turnaround,19,0.85542846,1,"[7.01652, 0.01468, -2.69292, -5.57504, -0.78361, -5.60278, 6.21753, -6.45932, -0.44594, 0.43016, -2.54838, -0.27456, -8.12518, 0.43481, 3.67564, 9.10155, -8.3061, 0.21373, 9.57685, 11.93107, 6.42176, -8.69164]"
44,sub7,scratch,1,sub7-b1__0071__walk.npy,20,walk,0,0.9682049,0,"[13.80927, -2.48224, 1.02294, 2.36874, 1.02666, 0.60092, -13.33515, -13.36919, 0.07331, 4.86184, 10.14043, -9.40628, -9.41539, 3.16684, -0.10954, 1.98215, -7.83294, 5.35231, -1.37159, 3.05451, 8.8356, -2.21644]"
44,sub7,scratch,1,sub7-b1__0073__walk.npy,20,walk,20,0.9777459,1,"[3.22134, -10.00922, -4.48446, -0.33541, -0.90859, -8.77668, 6.52194, -4.6383, 1.64524, 1.23874, -4.91941, 1.16156, -5.78353, 2.36111, 2.7228, 4.347, -8.0351, 8.79819, 7.19939, 2.68356, 12.86484, -2.84181]"
44,sub7,scratch,1,sub7-b1__0074__turnaround.npy,19,turnaround,19,0.6660759,1,"[3.93774, -1.1182, -3.00044, -4.57348, 0.4559, -3.23161, 7.84299, -5.13527, -0.93488, 0.4031, -2.69101, -0.97918, -8.51918, -0.16305, 0.90901, 12.20687, -6.67155, 0.05517, 9.59799, 12.9868, 7.23227, -9.84364]"
44,sub7,scratch,1,sub7-b1__0075__walk.npy,20,walk,0,0.97288495,0,"[13.39884, -3.16994, 1.43242, 1.79895, 0.48709, 0.77985, -12.21809, -12.69035, 1.34764, 3.29896, 8.79627, -9.03042, -9.28678, 1.64665, -0.11565, 3.03992, -8.62604, 5.86814, -0.34792, 3.85808, 9.33168, -1.96343]"
44,sub7,scratch,1,sub7-b1__0076__turnaround.npy,19,turnaround,19,0.90564173,1,"[4.49949, 2.53216, -4.13103, -5.73551, -2.02396, -0.97027, 3.67547, -6.20128, 0.37161, 3.27974, 4.01691, -3.36458, -4.84377, -2.00219, 0.82268, 8.93677, -3.61244, -8.45028, 9.00687, 11.94695, 4.46533, -13.46476]"
44,sub7,scratch,1,sub7-b1__0077__walk.npy,20,walk,20,0.9861261,1,"[2.98976, -10.14385, -4.46697, -0.73049, -0.70422, -8.54875, 6.36884, -4.95647, 1.67291, 1.61986, -4.84955, 1.19756, -5.55569, 1.99849, 2.77053, 4.18627, -7.83384, 8.60627, 7.23571, 2.71458, 13.19654, -2.99716]"
44,sub7,scratch,1,sub7-b1__0078__turnaround.npy,19,turnaround,19,0.6494135,1,"[3.42077, -1.10793, -3.18493, -4.75896, 1.2556, -2.91969, 7.8073, -4.985, -1.49541, 0.87039, -3.11751, -0.88466, -8.47655, 0.06498, 0.77326, 11.99491, -6.15887, 0.23212, 9.70812, 12.73347, 7.63962, -9.97161]"
44,sub7,scratch,1,sub7-b1__0079__walk.npy,20,walk,0,0.9427738,0,"[13.13006, -3.08182, 1.32557, 2.37879, 0.36234, 1.15297, -12.62314, -13.00651, 0.71277, 4.29947, 9.97097, -9.15265, -9.03779, 1.95018, -0.06085, 2.45609, -7.78377, 5.46019, -1.51374, 3.42667, 9.08336, -2.2761]"
44,sub7,scratch,1,sub7-b1__0080__turnaround.npy,19,turnaround,19,0.88017637,1,"[4.11238, 2.03609, -4.38773, -5.76365, -0.91066, -1.30605, 4.31385, -6.58177, 0.26025, 3.3089, 2.96619, -3.33952, -5.16323, -1.75501, 0.66671, 9.60826, -3.37855, -8.0246, 9.30102, 12.16553, 4.74179, -13.48403]"
44,sub7,scratch,1,sub7-b1__0081__walk.npy,20,walk,20,0.98384696,1,"[3.04153, -10.06253, -4.54383, -0.44032, -0.73036, -8.28189, 6.50618, -4.75226, 1.4983, 1.37867, -4.73342, 1.12894, -5.7629, 2.17947, 2.46132, 4.69037, -7.89021, 8.54272, 7.28742, 2.93985, 13.0243, -3.17535]"
44,sub7,scratch,1,sub7-b1__0082__turnaround.npy,19,turnaround,19,0.6897547,1,"[3.75604, -0.97758, -3.3866, -5.09846, 1.39864, -3.27053, 7.46984, -5.47606, -0.8763, 1.16166, -2.82626, -1.14784, -8.51197, -0.43859, 1.03982, 12.11719, -6.29603, -0.35698, 9.75987, 13.02499, 7.55178, -9.75281]"
44,sub7,scratch,1,sub7-b1__0083__walk.npy,20,walk,0,0.8828366,0,"[12.93819, -3.30201, 0.61946, 2.05215, 2.65741, 1.34155, -12.9897, -14.16187, -1.04901, 6.54142, 10.66354, -9.24134, -9.43573, 3.07611, -0.3205, 2.37783, -6.45376, 5.07338, -2.01741, 3.41135, 9.34851, -3.26996]"
44,sub7,scratch,1,sub7-b1__0084__turnaround.npy,19,turnaround,19,0.88386184,1,"[3.95226, 1.1914, -4.47257, -5.98184, 2.02895, -1.26619, 3.92981, -7.50432, -1.39707, 4.90021, 2.33507, -3.34608, -5.99643, -1.09691, -0.29138, 10.31562, -2.13279, -7.2195, 8.67991, 12.53836, 5.68175, -13.47996]"
44,sub7,scratch,1,sub7-b1__0085__walk.npy,20,walk,20,0.98161995,1,"[3.08862, -10.06617, -4.31903, -0.54618, -0.77604, -8.75169, 6.41268, -5.08548, 1.67728, 1.49109, -4.98484, 1.33791, -5.55218, 2.2157, 3.01425, 3.95643, -7.88741, 8.87783, 6.99239, 2.55392, 13.08296, -2.77593]"
44,sub7,scratch,1,sub7-b1__0086__turnaround.npy,19,turnaround,19,0.7538774,1,"[4.30802, -0.39182, -3.53381, -5.1795, 1.50309, -3.62678, 7.00748, -6.49723, -1.14355, 2.19549, -1.88731, -1.66143, -8.71594, 0.09873, 1.33126, 11.65262, -6.41613, -1.03969, 9.49896, 12.90481, 7.48663, -10.32443]"
44,sub7,scratch,1,sub7-b1__0087__hop.npy,9,hop,9,0.99905545,1,"[1.19376, -4.62405, -4.89429, -9.19888, 4.64482, -2.27119, -4.10556, -16.21042, -10.18311, 17.43509, 9.7148, 8.08082, 6.34908, 3.77621, 9.41723, -1.05605, 7.80771, -3.78892, -6.33403, -0.77244, 2.25242, -10.96898]"
44,sub7,scratch,1,sub7-b1__0088__hop.npy,9,hop,9,0.99462456,1,"[3.09412, -3.26764, -4.61175, -9.33985, 2.83521, -1.88109, -5.46133, -15.95569, -10.01219, 17.07261, 11.75135, 7.54651, 6.35291, 3.79029, 9.21475, -1.28164, 6.7475, -4.68462, -6.32953, -0.74398, 1.2469, -11.25323]"
44,sub7,scratch,1,sub7-b1__0089__hop.npy,9,hop,9,0.9999336,1,"[1.70974, -4.51111, -6.07942, -9.48858, 8.83197, -1.68874, -5.34564, -16.72489, -11.98147, 20.36056, 10.18961, 6.6451, 4.48624, 5.20945, 7.28953, -0.88106, 9.23134, -4.17755, -6.16735, -0.31064, 3.10018, -11.3224]"
44,sub7,scratch,1,sub7-b1__0090__hop.npy,9,hop,9,0.99805474,1,"[3.3141, -1.41928, -4.75753, -9.37798, 3.96954, -2.03908, -5.83973, -15.3676, -10.94942, 17.5341, 11.16202, 6.9602, 5.81619, 5.45854, 8.73168, -2.01088, 7.60355, -5.64249, -6.35883, -1.00893, 0.07401, -11.39008]"
44,sub7,scratch,1,sub7-b1__0091__hop.npy,9,hop,9,0.9998981,1,"[3.0779, -2.46106, -5.11728, -9.44618, 6.92329, -2.2156, -5.55469, -16.26193, -11.88616, 19.42883, 9.9772, 6.55218, 4.63822, 6.04234, 7.23504, -1.15548, 7.92455, -4.86303, -6.15679, -0.59578, 1.46382, -11.32941]"
44,sub7,scratch,1,sub7-b1__0092__hop.npy,9,hop,9,0.9998505,1,"[2.64587, -4.25481, -5.45405, -9.11662, 8.69288, -1.73251, -5.78587, -17.20513, -12.10462, 19.59487, 10.38645, 6.32993, 3.99771, 5.55018, 7.62594, -0.75696, 8.85431, -3.48392, -6.83778, -0.15167, 2.60304, -11.23079]"
44,sub7,scratch,1,sub7-b1__0093__hop.npy,9,hop,9,0.9988003,1,"[3.22533, -2.83921, -5.39121, -9.14346, 5.65321, -1.33551, -5.89831, -16.24655, -11.5648, 18.71738, 11.93867, 6.5905, 4.84956, 5.20892, 8.21838, -1.46752, 8.15674, -5.17215, -6.48815, -0.38506, 1.27857, -11.88909]"
44,sub7,scratch,1,sub7-b1__0094__jump.npy,10,jump,10,0.99984825,1,"[5.81518, -2.01987, -1.83196, -5.6263, -7.3323, 3.51418, -11.70423, -14.06215, -6.33242, 15.08241, 23.8758, 2.78375, 6.22708, -0.12723, 7.23661, -5.55405, 3.5959, -6.42215, -9.00994, -0.51915, 2.90171, -10.1022]"
44,sub7,scratch,1,sub7-b1__0095__jump.npy,10,jump,10,0.99993896,1,"[5.76711, -1.02743, -2.27685, -5.08997, -7.28295, 4.71314, -12.376, -12.80203, -5.9808, 14.49039, 24.19357, 2.20572, 5.89113, -0.26518, 6.70856, -5.641, 3.95812, -6.93719, -8.69257, -0.48212, 2.54019, -10.10719]"
44,sub7,scratch,1,sub7-b1__0096__jump.npy,10,jump,10,0.9996786,1,"[4.56754, -2.41703, -2.8773, -6.09452, -6.61896, 3.47426, -10.83193, -13.68688, -7.00627, 15.78068, 23.82382, 4.2601, 7.24829, -0.13355, 7.88838, -5.85446, 5.61006, -7.03742, -9.20541, -0.73071, 2.51893, -10.82219]"
44,sub7,scratch,1,sub7-b1__0097__jump.npy,10,jump,10,0.99950135,1,"[3.9245, -2.39335, -3.31323, -4.68189, -5.15751, 3.78609, -11.87944, -13.43052, -7.63318, 16.68435, 24.28747, 3.23099, 6.45119, 0.88018, 6.99697, -6.65997, 7.23661, -6.70968, -10.25324, -1.24312, 2.89205, -10.27579]"
44,sub7,scratch,1,sub7-b1__0098__jump.npy,10,jump,10,0.99768674,1,"[3.87782, -3.19909, -3.92524, -5.47686, -4.65486, 3.4414, -11.06694, -13.53947, -7.05443, 17.77397, 23.84081, 3.61575, 6.14225, -0.04264, 6.89756, -6.52208, 6.99816, -6.89189, -9.32658, -0.80653, 3.93493, -10.31363]"
44,sub7,scratch,1,sub7-b1__0099__jump.npy,10,jump,10,0.99902105,1,"[3.80412, -3.19853, -3.16069, -5.63965, -5.82701, 3.26718, -10.57543, -13.93919, -7.52834, 16.97677, 23.90503, 4.37072, 7.07636, 0.21303, 7.60369, -6.26368, 6.74594, -6.68811, -10.13083, -0.96476, 3.0556, -10.75437]"
44,sub7,scratch,1,sub7-b1__0100__runonspot.npy,13,runonspot,13,0.99987674,1,"[4.11329, 10.84453, -4.97375, 7.88791, 8.32152, -4.57147, -11.24481, -5.21933, -10.90351, 9.93954, 1.30702, -4.27276, -3.73055, 20.46821, 0.69038, -7.76268, 9.72574, -3.95015, -6.04035, -6.22745, -5.57072, -2.42404]"
44,sub7,scratch,1,sub7-b1__0101__runonspot.npy,13,runonspot,13,0.9999162,1,"[4.28498, 10.61924, -5.30685, 8.53429, 10.89498, -3.1895, -12.03667, -5.58196, -11.5623, 10.04238, 1.09202, -5.90216, -5.14335, 21.29091, -0.37427, -6.85293, 10.11792, -3.31927, -6.03399, -5.52801, -4.98673, -2.66467]"
44,sub7,scratch,1,sub7-b1__0102__runonspot.npy,13,runonspot,13,0.9997776,1,"[4.45085, 11.14217, -5.58111, 8.31437, 13.27497, -2.79306, -11.8017, -5.03475, -12.15846, 10.1531, -0.36901, -6.61112, -6.33724, 21.87729, -1.13941, -5.91058, 10.08062, -3.11992, -5.09377, -4.99793, -4.77396, -2.9826]"
44,sub7,scratch,1,sub7-b1__0103__runonspot.npy,13,runonspot,13,0.99966013,1,"[3.12094, 10.96999, -5.9525, 8.06333, 12.1389, -3.1181, -10.23983, -4.65271, -12.23459, 10.37054, -0.58679, -4.27915, -4.95807, 20.92046, -0.13647, -6.56872, 11.80422, -3.93479, -5.65925, -5.37412, -5.34928, -3.38557]"
44,sub7,scratch,1,sub7-b1__0104__runonspot.npy,13,runonspot,13,0.99471396,1,"[2.87516, 9.47739, -7.08921, 8.6982, 16.06775, -3.68691, -10.45899, -4.90504, -12.17074, 11.77252, -1.72389, -5.93584, -6.8426, 21.34762, -1.46494, -6.33408, 12.48362, -3.18402, -4.50397, -5.08842, -3.29064, -2.52969]"
44,sub7,scratch,1,sub7-b1__0105__buttkicks.npy,4,buttkicks,4,0.9999832,1,"[4.17636, 2.49008, -7.72979, -0.48716, 31.30235, -1.39252, -10.79525, -13.1243, -17.15708, 19.53312, -0.83195, -4.92666, -9.72878, 19.67712, -3.02889, -1.8002, 15.58938, -0.33715, -4.87777, 0.26397, 2.95724, -7.11072]"
44,sub7,scratch,1,sub7-b1__0106__buttkicks.npy,4,buttkicks,4,0.99959403,1,"[3.68875, 4.93391, -6.6744, 4.12642, 30.1755, -0.71525, -12.11728, -10.00509, -16.09841, 15.64814, -3.20023, -7.98527, -11.09034, 22.36538, -5.57444, -1.76761, 13.48645, 1.14033, -4.19327, -1.29519, 1.97038, -4.40343]"
44,sub7,scratch,1,sub7-b1__0107__buttkicks.npy,4,buttkicks,4,0.9996649,1,"[2.85526, 4.64333, -7.07209, 3.83617, 30.01396, -2.35938, -11.28849, -9.36342, -15.36004, 15.11203, -4.55213, -7.17033, -10.33493, 22.01198, -4.676, -2.33829, 14.10967, 0.96283, -3.49465, -1.61255, 2.03141, -3.52093]"
44,sub7,scratch,1,sub7-b1__0108__buttkicks.npy,4,buttkicks,4,0.9993524,1,"[2.44808, 5.60011, -6.75831, 5.46466, 30.36539, -1.10017, -11.05276, -8.3226, -15.70572, 13.08762, -5.89912, -8.01413, -10.8884, 23.02352, -5.29269, -1.13373, 13.84436, 1.64298, -3.4685, -1.70986, 1.14816, -3.75236]"
44,sub7,scratch,1,sub7-b1__0109__buttkicks.npy,4,buttkicks,4,0.998767,1,"[3.30658, 5.79007, -6.82477, 3.90427, 29.32276, -1.40565, -10.88783, -9.30513, -16.37449, 14.47832, -4.21688, -6.96017, -10.23731, 22.62518, -4.09697, -1.72865, 14.25407, 0.36652, -4.00161, -1.27084, 0.61017, -5.08817]"
44,sub7,scratch,1,sub7-b1__0110__airkick.npy,0,airkick,0,0.93080056,1,"[15.78303, -0.1517, 1.70463, 4.42142, -11.44604, -0.01405, -11.40954, -9.87441, 4.06804, 0.51467, 13.18361, -6.37125, -4.65849, 0.57491, 3.09119, -2.19212, -9.2177, 1.01211, -3.20548, 0.96179, 2.61443, -2.01899]"
44,sub7,scratch,1,sub7-b1__0111__airkick.npy,0,airkick,0,0.99867046,1,"[17.2871, -2.0431, 0.23076, 3.13167, 1.62298, 0.56267, -12.79547, -12.43374, -1.63931, 4.75465, 10.64218, -8.54313, -10.80106, 5.40387, -1.0933, 0.86515, -7.1056, 4.52155, -2.10527, 3.82574, 6.16885, -2.85038]"
44,sub7,scratch,1,sub7-b1__0112__airkick.npy,0,airkick,0,0.9991528,1,"[17.35912, -1.85173, 1.52455, 3.64422, 0.48229, 0.58473, -12.74548, -12.6139, -1.68589, 3.43277, 10.25366, -8.76418, -10.61045, 5.4797, -1.09747, 1.44661, -8.28683, 5.2017, -2.35303, 3.80289, 5.98376, -2.5339]"
44,sub7,scratch,1,sub7-b1__0113__airkick.npy,0,airkick,0,0.9674585,1,"[15.82624, -1.3579, 1.12874, 4.5323, -7.79284, -0.39017, -12.18776, -10.64578, 3.27107, 1.73667, 12.43295, -7.37629, -6.73111, 1.79995, 2.16057, -1.7683, -8.99535, 2.72624, -2.64988, 1.52736, 4.78108, -1.14411]"
44,sub7,scratch,1,sub7-b1__0114__airkick.npy,0,airkick,0,0.9957955,1,"[17.02628, -1.83051, 0.52633, 3.74445, 0.46686, 1.08059, -12.88143, -12.13035, -1.59383, 4.7694, 11.55098, -8.88659, -10.57372, 5.23326, -1.05148, 0.46375, -7.07633, 4.248, -2.91762, 3.50131, 5.90395, -3.10725]"
44,sub7,scratch,1,sub7-b1__0115__sidekick.npy,14,sidekick,14,0.9842524,1,"[5.06072, -1.13873, -5.63305, -7.19785, -14.19793, -7.9213, -0.63201, -10.18281, 2.88828, 10.88383, 11.96106, 9.34661, 8.80472, -2.74628, 16.47298, -10.06248, 2.08382, -8.57878, -3.14654, -2.59031, 0.4845, -7.17303]"
44,sub7,scratch,1,sub7-b1__0116__sidekick.npy,14,sidekick,14,0.9004595,1,"[6.80409, -0.161, -5.13961, -5.6819, -15.21029, -6.46912, -3.57453, -9.50725, 4.55329, 8.97853, 13.3464, 6.72786, 7.56828, -2.9689, 15.56728, -10.18982, 0.18563, -7.94267, -2.86687, -2.84842, 0.55814, -5.60664]"
44,sub7,scratch,1,sub7-b1__0117__sidekick.npy,14,sidekick,14,0.96267277,1,"[3.00772, -3.38972, -6.23191, -8.0904, -11.51684, -7.50219, 0.28572, -10.36777, 3.11266, 12.16442, 10.25832, 9.72923, 8.43937, -3.8105, 15.64617, -9.18641, 2.48043, -7.16749, -2.03995, -1.89414, 3.5278, -6.42716]"
44,sub7,scratch,1,sub7-b1__0118__sidekick.npy,14,sidekick,14,0.9763673,1,"[5.30427, -2.87048, -4.7028, -7.69263, -15.77303, -5.40677, -0.10256, -9.59897, 5.75491, 7.95788, 12.20656, 8.0672, 8.02873, -6.31455, 15.97486, -7.38741, -1.25419, -6.81784, -1.37002, -0.4668, 2.77138, -7.32317]"
44,sub7,scratch,1,sub7-b1__0119__sidekick.npy,14,sidekick,14,0.99594045,1,"[1.18217, -0.51427, -5.779, -6.79432, -15.59677, -10.72692, 3.6965, -6.90212, 5.66176, 8.34464, 5.47396, 11.47716, 10.58898, -3.83677, 17.35888, -10.70296, 1.58669, -8.8022, -0.87192, -4.14281, 0.19944, -4.1756]"
44,sub7,scratch,1,sub7-b1__0120__crosstoe.npy,6,crosstoe,6,0.99826115,1,"[-7.6623, -0.96868, -0.29514, -7.39033, -14.55689, -9.11567, 21.45309, -0.93725, 2.49391, -1.22585, -8.30327, 15.06638, 11.65514, -6.15592, 8.57313, 2.78564, -2.55501, -6.63196, 4.03529, 1.03035, -1.88803, -6.20147]"
44,sub7,scratch,1,sub7-b1__0121__crosstoe.npy,6,crosstoe,6,0.9855833,1,"[-7.23113, -0.00159, -0.3648, -7.58178, -15.75518, -9.71787, 20.55896, -0.47683, 2.59379, -1.51454, -7.90164, 16.31083, 12.51377, -6.11753, 9.51165, 1.21746, -2.01219, -7.24723, 3.98767, 0.05869, -3.04224, -6.25646]"
44,sub7,scratch,1,sub7-b1__0122__crosstoe.npy,6,crosstoe,6,0.9982901,1,"[-7.32136, 0.51354, 0.89579, -6.28434, -15.64634, -9.38773, 20.80852, 0.15902, 3.21814, -3.13006, -9.41189, 14.37795, 11.58589, -5.6126, 7.78477, 2.6263, -3.70105, -6.03894, 4.19585, 0.03708, -3.12023, -5.01059]"
44,sub7,scratch,1,sub7-b1__0123__crosstoe.npy,6,crosstoe,6,0.9994367,1,"[-8.20193, 0.35631, -0.12994, -7.14311, -15.05024, -9.23346, 22.17086, 0.5053, 3.26597, -1.54649, -8.92199, 14.65451, 11.30035, -6.36852, 7.65201, 2.28817, -2.95479, -7.38115, 4.50667, 1.09237, -2.13131, -5.56213]"
44,sub7,scratch,1,sub7-b1__0124__crosstoe.npy,6,crosstoe,6,0.99841964,1,"[-7.80616, -1.18391, 0.54191, -6.98009, -16.65745, -9.93202, 22.24629, 0.23156, 4.23313, -2.57386, -8.94324, 15.76675, 12.2941, -7.22025, 8.15026, 2.10592, -3.86639, -6.11245, 4.15397, 0.60086, -2.14936, -4.66303]"
44,sub7,scratch,1,sub7-b1__0125__crosstoe.npy,6,crosstoe,1,0.9633181,0,"[4.7377, 16.8653, -2.68751, -4.76276, 13.57703, 4.34694, -5.74573, -2.29706, -10.60764, 6.19377, -3.79822, -6.19349, -8.48097, 9.56528, -3.94975, 4.25016, 2.78169, -8.60164, 6.79154, 4.9144, -1.98, -10.83103]"
44,sub7,scratch,1,sub7-b1__0126__throw.npy,18,throw,1,0.99928635,0,"[2.25232, 17.59525, -2.96422, -3.77729, 10.2288, 3.7538, -5.03854, -0.3072, -6.98138, 5.4365, -4.84313, -5.73016, -6.15409, 7.01875, -3.80973, 2.71038, 2.94947, -11.10867, 7.66622, 3.20154, -2.47927, -8.83102]"
44,sub7,scratch,1,sub7-b1__0128__throw.npy,18,throw,1,0.9982968,0,"[3.18454, 17.8671, -2.19243, -4.31781, 11.45551, 5.6755, -6.62644, -1.38739, -8.74389, 5.35675, -3.38811, -6.19671, -6.67393, 7.8249, -4.43949, 3.60087, 3.06372, -10.06121, 6.23531, 4.08081, -2.41337, -9.72103]"
44,sub7,scratch,1,sub7-b1__0129__throw.npy,18,throw,1,0.996678,0,"[2.86133, 17.12761, -2.88422, -4.90131, 11.37212, 3.96825, -4.78254, -0.63869, -7.81651, 4.89345, -4.77897, -5.4736, -7.10839, 6.63038, -4.13549, 4.12107, 2.63754, -9.99428, 8.14605, 4.73869, -1.83269, -9.45002]"
44,sub7,scratch,1,sub7-b1__0130__throw.npy,18,throw,1,0.9950235,0,"[2.47073, 17.24057, -2.41301, -3.99425, 11.91621, 7.63193, -7.0301, -1.25823, -8.56094, 5.13001, -2.70847, -6.25694, -6.84461, 7.12228, -5.05398, 4.56543, 3.35346, -9.80861, 5.75609, 4.23211, -2.05375, -10.34958]"
44,sub7,scratch,1,sub7-b1__0131__throw.npy,18,throw,1,0.99903107,0,"[0.31561, 17.05684, -2.59141, -6.09667, 10.05175, 4.46269, -5.80316, -0.52593, -6.70494, 6.22631, -3.97109, -3.55249, -4.19205, 5.02108, -2.80341, 1.24184, 4.54204, -10.6697, 6.60618, 2.7805, -1.31172, -8.55665]"
44,sub7,scratch,1,sub7-b2__0001__walk.npy,20,walk,20,0.55834275,1,"[8.22561, -0.98651, 3.3243, -2.67216, -5.50022, -2.65578, -3.4711, -2.69333, 6.07108, -5.68284, -2.97157, -2.56426, -5.19967, -2.20669, 3.13883, -0.4132, -11.80274, 8.95636, 6.74592, 3.35283, 9.69658, 1.81773]"
44,sub7,scratch,1,sub7-b2__0002__turnaround.npy,19,turnaround,19,0.7797471,1,"[6.24695, 5.21114, -3.65863, -5.38134, 5.1375, 0.98514, 1.80292, -6.02778, -4.73478, 3.79176, 1.40338, -5.49026, -9.47553, 1.64384, -0.62775, 10.68135, -3.50847, -6.03134, 10.04994, 12.38886, 5.29832, -13.70164]"
44,sub7,scratch,1,sub7-b2__0003__walk.npy,20,walk,20,0.98143196,1,"[1.02016, -8.63131, -5.00246, -5.56622, 9.35068, -4.11927, -2.69258, -12.8318, 2.62251, 12.25175, 0.16864, -4.77733, -4.22485, -1.9832, 1.56368, 0.12752, -2.38324, 2.33857, 6.68611, 1.27975, 16.27662, -3.12695]"
44,sub7,scratch,1,sub7-b2__0004__turnaround.npy,19,turnaround,15,0.64547694,0,"[1.64265, -1.77767, -4.01375, -5.20292, 2.56175, -1.50314, 8.30374, -3.7747, -2.01839, 0.62143, -3.85417, -0.95008, -7.63257, -1.05024, 0.18644, 13.66335, -4.64781, -0.45995, 10.42006, 12.97407, 8.0195, -10.398]"
44,sub7,scratch,1,sub7-b2__0005__walk.npy,20,walk,17,0.3952437,0,"[9.09942, -0.5147, 3.83203, -1.75253, -5.21029, -2.12301, -4.3173, -2.39352, 5.99586, -6.47962, -3.01616, -3.47764, -6.18409, -1.77971, 2.25715, 0.1241, -12.4015, 9.51244, 6.45374, 3.46769, 9.26953, 2.36115]"
44,sub7,scratch,1,sub7-b2__0006__turnaround.npy,19,turnaround,19,0.75746536,1,"[4.96185, 2.71831, -4.00632, -5.27364, 3.57511, 0.50531, 3.29863, -6.21755, -3.15324, 3.53489, 1.53943, -4.64649, -8.68413, -0.31393, 0.18565, 11.18177, -3.92667, -5.16519, 9.83858, 12.56424, 6.68995, -13.04327]"
44,sub7,scratch,1,sub7-b2__0007__walk.npy,20,walk,20,0.98767895,1,"[0.73034, -9.29446, -5.28189, -4.23041, 11.99197, -4.14661, -1.35259, -11.56485, 1.82417, 10.66399, -2.94133, -5.14319, -6.34391, -0.6018, -0.05364, 2.43446, -2.51705, 4.4225, 7.49344, 1.96545, 16.62039, -2.7006]"
44,sub7,scratch,1,sub7-b2__0008__turnaround.npy,19,turnaround,15,0.5999829,0,"[3.25579, 1.13704, -3.38047, -4.23505, 4.71487, 1.1748, 4.44593, -3.66004, -3.54536, 0.88989, -1.79162, -3.99422, -9.57774, 0.43207, -1.9691, 13.7129, -4.33839, -1.26197, 9.76861, 13.27562, 7.06439, -11.15993]"
44,sub7,scratch,1,sub7-b2__0009__walk.npy,20,walk,17,0.4163996,0,"[9.43446, -0.56659, 3.96663, -1.3903, -5.24487, -2.52237, -4.53487, -2.70423, 6.42582, -6.8131, -3.30381, -3.88763, -6.43827, -1.54664, 2.02647, 0.4946, -12.81983, 9.71605, 6.52364, 3.35446, 9.13999, 2.79418]"
44,sub7,scratch,1,sub7-b2__0010__turnaround.npy,19,turnaround,19,0.8549352,1,"[6.23209, 4.53676, -3.52336, -5.43977, 1.7197, 0.31064, 2.5453, -6.52763, -3.43078, 3.65617, 3.02255, -4.81021, -8.12817, 0.40698, 0.57627, 10.01559, -4.37954, -6.63414, 9.54478, 12.29827, 5.22007, -14.0736]"
44,sub7,scratch,1,sub7-b2__0011__walk.npy,20,walk,20,0.98220235,1,"[0.67132, -9.60212, -5.81392, -3.84245, 11.94187, -4.71733, -0.88455, -11.77558, 1.01828, 11.67673, -2.44603, -4.46598, -6.36114, 0.31744, 0.74161, 1.3876, -1.78778, 4.43434, 6.88441, 1.59641, 16.52591, -3.25278]"
44,sub7,scratch,1,sub7-b2__0012__turnaround.npy,19,turnaround,15,0.6695617,0,"[1.16294, -2.11738, -4.0301, -5.28819, 3.16034, -1.61995, 8.31132, -3.95622, -1.89381, 1.03879, -3.95296, -0.80443, -7.67658, -1.3814, 0.14533, 13.69205, -4.26448, -0.24788, 10.24588, 12.89759, 8.42965, -9.98738]"
44,sub7,scratch,1,sub7-b2__0013__walk.npy,20,walk,0,0.9135674,0,"[11.20583, 1.16692, 3.91523, -1.61332, -6.09442, -2.06254, -6.11567, -3.54019, 6.17515, -6.20238, -1.24221, -4.74, -6.62467, -0.89444, 2.27912, -0.04338, -13.2547, 7.72448, 6.2376, 3.55959, 8.18792, 1.85937]"
44,sub7,scratch,1,sub7-b2__0014__turnaround.npy,19,turnaround,19,0.85784304,1,"[6.20716, 4.15681, -3.98033, -5.36873, 1.6802, 0.00805, 2.64841, -6.95678, -3.14503, 4.36708, 3.63355, -4.80745, -8.13924, 0.41442, 0.80407, 9.56419, -4.26922, -6.93875, 9.58321, 12.09669, 5.4944, -14.22907]"
44,sub7,scratch,1,sub7-b2__0015__walk.npy,20,walk,20,0.99138135,1,"[1.06483, -9.47157, -6.23514, -3.33341, 7.0763, -5.88271, -0.11468, -10.79812, 2.0893, 10.8839, -0.96845, -3.17619, -4.90946, 0.23506, 2.66729, 0.14639, -3.06486, 3.60411, 7.08024, 0.79073, 15.67382, -3.66999]"
44,sub7,scratch,1,sub7-b2__0016__turnaround.npy,19,turnaround,19,0.4891958,1,"[5.0438, -0.09606, -2.58282, -3.2904, 1.14257, -0.41952, 5.52746, -2.80146, -1.31027, -1.73571, -1.98527, -2.53668, -9.85001, -0.00881, -1.42669, 13.22988, -7.12572, 0.6929, 10.22993, 13.23735, 6.70081, -9.57856]"
44,sub7,scratch,1,sub7-b2__0017__walk.npy,20,walk,0,0.95458645,0,"[11.78582, 0.94896, 3.58624, -2.11955, -5.96905, -2.07393, -6.52849, -4.3888, 5.93615, -5.33082, -0.21621, -4.71511, -6.52665, -0.91872, 2.3916, 0.03164, -13.20948, 7.04472, 6.1722, 3.7748, 8.32997, 1.2773]"
44,sub7,scratch,1,sub7-b2__0018__turnaround.npy,19,turnaround,19,0.8508931,1,"[6.59, 4.8068, -3.83447, -5.50973, 2.51526, 0.73709, 1.69388, -6.38733, -4.03376, 4.50468, 3.71554, -4.82943, -8.28652, 0.66629, 0.27867, 9.57993, -3.80901, -7.08478, 9.44301, 11.99089, 5.11212, -14.15971]"
44,sub7,scratch,1,sub7-b2__0019__walk.npy,20,walk,20,0.99716175,1,"[3.13175, -9.03213, -5.75173, -2.70643, 6.44798, -6.957, 0.20154, -10.59051, 2.23762, 8.88949, -1.84124, -3.51341, -6.2017, 1.10859, 2.86966, 0.76369, -4.91663, 4.75124, 7.48542, 1.11386, 15.05634, -3.16967]"
44,sub7,scratch,1,sub7-b2__0020__turnaround.npy,19,turnaround,15,0.5071969,0,"[3.20697, -0.52978, -3.80687, -4.79374, 2.69648, -1.54636, 6.84628, -4.2173, -2.30679, 0.85456, -2.82458, -1.92534, -8.61387, 0.07041, 0.08753, 12.97636, -5.197, -0.53298, 10.54278, 12.84541, 7.54101, -10.9988]"
44,sub7,scratch,1,sub7-b2__0021__walk.npy,20,walk,0,0.98387885,0,"[12.6179, 1.36708, 3.77549, -1.53836, -5.51328, -2.00639, -7.56939, -5.02365, 5.71177, -5.18608, 0.1826, -5.62219, -7.23332, -0.17903, 2.0607, 0.26976, -13.36693, 7.11976, 5.63693, 3.78443, 8.01324, 1.38862]"
44,sub7,scratch,1,sub7-b2__0022__turnaround.npy,19,turnaround,19,0.93322694,1,"[6.16236, 4.98422, -3.68941, -5.18367, 0.15151, 1.05199, 2.04229, -5.61697, -3.3353, 3.42503, 4.51242, -3.91871, -7.05743, -0.072, 0.65178, 9.17714, -3.43219, -8.01124, 8.52331, 12.28665, 3.90214, -14.08454]"
44,sub7,scratch,1,sub7-b2__0023__walk.npy,20,walk,20,0.9974177,1,"[3.14825, -9.42428, -5.90419, -2.10251, 2.82616, -7.88495, 1.92367, -9.12628, 3.36489, 6.81492, -2.08127, -2.00137, -5.09816, 0.36694, 3.7787, 0.87647, -6.03245, 4.64585, 8.18273, 0.96396, 14.41619, -3.06259]"
44,sub7,scratch,1,sub7-b2__0024__turnaround.npy,19,turnaround,15,0.49919596,0,"[3.03813, -0.34872, -3.635, -4.72637, 2.97593, -1.33999, 6.83801, -3.95316, -2.17338, 0.66262, -3.11721, -1.94635, -8.76836, -0.11454, -0.16023, 13.08736, -5.06436, -0.65666, 10.58196, 12.99921, 7.54891, -10.71621]"
44,sub7,scratch,1,sub7-b2__0025__hop.npy,9,hop,0,0.9999565,0,"[16.58132, 4.62724, 1.58434, -2.36406, -3.15421, -2.66114, -7.69027, -6.0871, -0.85099, -2.03713, 0.84516, -2.39306, -6.42729, 4.92909, 0.78013, 4.89539, -11.93366, 5.26086, 4.52337, 3.10984, -0.44535, -3.04274]"
44,sub7,scratch,1,sub7-b2__0026__hop.npy,9,hop,0,0.9966425,0,"[14.59179, 1.89444, 1.46102, -1.40696, -0.51679, -3.43007, -5.50885, -5.60406, -0.09261, -3.33458, -3.14115, -2.2707, -7.57441, 4.57135, -0.06637, 6.94104, -11.94413, 8.68082, 5.55104, 3.27836, 1.47668, -1.45708]"
44,sub7,scratch,1,sub7-b2__0027__hop.npy,9,hop,0,0.99847585,0,"[14.92626, 3.46062, 0.55947, -1.85512, 1.80416, -5.02701, -4.94, -6.01953, -2.84224, -1.20339, -4.57912, -1.31566, -7.05743, 7.561, 0.03953, 6.99654, -10.19707, 7.26116, 4.96008, 2.48516, -1.22783, -2.50776]"
44,sub7,scratch,1,sub7-b2__0028__hop.npy,9,hop,0,0.99911255,0,"[15.44582, 2.55033, 1.01427, -1.81086, 0.6686, -4.59397, -5.13512, -6.08005, -1.36013, -2.13804, -3.75314, -1.9114, -7.66497, 6.10232, -0.12146, 6.83339, -11.42146, 7.9602, 5.52002, 3.24194, 0.24079, -1.91097]"
44,sub7,scratch,1,sub7-b2__0029__hop.npy,9,hop,0,0.9988661,0,"[15.5458, 2.7196, 1.11207, -1.4197, 1.75583, -3.88324, -6.14569, -6.22142, -2.32341, -1.5109, -3.44198, -2.4998, -7.98212, 6.72618, -0.98633, 7.34689, -11.10385, 8.26015, 4.68855, 2.92559, -0.0137, -1.917]"
44,sub7,scratch,1,sub7-b2__0030__jump.npy,10,jump,10,0.91638905,1,"[11.50448, 4.87859, 1.52496, -6.32568, -12.98044, 1.63657, -9.41326, -8.09884, 0.99746, 2.37627, 13.91006, 0.34124, 2.10448, -1.46356, 6.85802, -2.00257, -8.60301, -3.68357, 0.45585, 2.03508, 1.21499, -6.87569]"
44,sub7,scratch,1,sub7-b2__0031__jump.npy,10,jump,10,0.9929028,1,"[10.89443, 4.35049, 0.10965, -6.97345, -11.70289, 1.4381, -9.93066, -9.02529, -0.06075, 5.48815, 15.86143, 0.7948, 2.67496, -1.0507, 6.97527, -3.0849, -6.66005, -4.93701, -0.15166, 1.66934, 1.63608, -7.63305]"
44,sub7,scratch,1,sub7-b2__0032__jump.npy,10,jump,10,0.9641984,1,"[11.08616, 5.06203, 0.51388, -6.92311, -11.77945, 1.33636, -9.26846, -8.38992, -0.51936, 4.32482, 14.40006, 1.34088, 2.85472, -0.46538, 6.99362, -2.02712, -6.88685, -4.58623, 0.01489, 1.55867, 0.34492, -7.9012]"
44,sub7,scratch,1,sub7-b2__0033__jump.npy,10,jump,10,0.90026945,1,"[12.03878, 6.09204, 0.97852, -6.9984, -12.15403, 0.77461, -9.79268, -8.80606, -0.14186, 3.93139, 14.24773, 0.5182, 2.55069, 0.25946, 6.86832, -2.40052, -7.60277, -5.16012, 0.24924, 1.58062, -0.32428, -7.65203]"
44,sub7,scratch,1,sub7-b2__0034__jump.npy,10,jump,10,0.9884758,1,"[11.3561, 4.16918, 0.12947, -7.08942, -11.53667, 1.35789, -9.71078, -9.33508, -0.88568, 5.4257, 15.82744, 1.12665, 2.7439, -0.5004, 7.22125, -2.45112, -6.53834, -4.83825, -0.26002, 1.7394, 1.01047, -8.51642]"
44,sub7,scratch,1,sub7-b2__0035__runonspot.npy,13,runonspot,13,0.9802915,1,"[3.66684, 6.91785, -1.57389, 4.5122, -0.48837, -12.8684, -0.79267, 1.05221, 2.24082, -3.50712, -13.38412, -0.98324, -3.12481, 11.89633, 1.90286, -2.89797, -5.09403, 4.52699, 6.64285, -5.0286, -1.79207, 6.83395]"
44,sub7,scratch,1,sub7-b2__0037__runonspot.npy,13,runonspot,13,0.9944811,1,"[5.73762, 8.67319, -1.44778, 4.66473, 1.49802, -11.92835, -2.56587, 0.43594, 0.25379, -2.61051, -12.84553, -2.48762, -4.74773, 14.05566, 1.10617, -2.59531, -4.74936, 4.15214, 5.99635, -4.36601, -2.98027, 5.76419]"
44,sub7,scratch,1,sub7-b2__0038__runonspot.npy,13,runonspot,13,0.9950448,1,"[3.95919, 8.22762, -1.78796, 5.17264, 1.81291, -12.73066, -0.79043, 1.44088, 0.42398, -3.26401, -14.5424, -1.69075, -4.08802, 13.85097, 1.15488, -2.77107, -3.77167, 4.02935, 6.56795, -5.13954, -2.93958, 6.00043]"
44,sub7,scratch,1,sub7-b2__0039__runonspot.npy,13,runonspot,13,0.99544084,1,"[4.38142, 7.67644, -2.35155, 4.377, 3.19004, -11.89451, -1.1615, 0.90823, -0.0406, -2.30029, -13.97636, -1.65808, -4.88868, 13.55477, 1.17584, -2.0953, -3.63408, 4.3306, 6.81115, -4.15787, -1.9571, 5.28059]"
44,sub7,scratch,1,sub7-b2__0040__runonspot.npy,13,runonspot,13,0.9971685,1,"[3.90041, 6.9571, -2.5354, 5.38177, 4.22845, -11.78964, -1.12272, 1.2415, 0.09473, -2.93768, -14.68591, -2.1774, -5.28076, 13.83698, 0.49324, -1.29194, -3.53296, 5.40819, 6.89441, -4.50796, -1.67358, 5.69695]"
44,sub7,scratch,1,sub7-b2__0041__buttkicks.npy,4,buttkicks,4,0.9809786,1,"[8.18055, 4.41187, -3.69856, 1.17719, 20.55571, -6.74224, -3.88003, -5.73055, -8.49612, 4.85281, -13.21215, -4.19766, -11.73026, 16.61243, -4.17137, 5.05947, -0.18606, 6.7328, 5.23679, 1.14692, 1.54233, -0.96454]"
44,sub7,scratch,1,sub7-b2__0042__buttkicks.npy,4,buttkicks,4,0.90817577,1,"[8.88045, 4.78766, -2.86861, 1.5441, 18.86973, -6.74812, -4.08258, -5.44523, -7.75337, 3.73744, -13.14335, -4.60299, -11.60859, 16.5776, -4.53374, 4.8864, -1.58389, 7.11505, 5.36017, 0.96342, 1.139, -0.41072]"
44,sub7,scratch,1,sub7-b2__0043__buttkicks.npy,4,buttkicks,4,0.9782376,1,"[7.41728, 3.71829, -3.59211, 0.76604, 19.98655, -7.34383, -3.29243, -5.75936, -7.84726, 4.96572, -13.56384, -3.47316, -10.99796, 16.18068, -3.68498, 4.17018, -0.09827, 6.97514, 5.35198, 0.76814, 2.21598, -0.54437]"
44,sub7,scratch,1,sub7-b2__0044__buttkicks.npy,4,buttkicks,4,0.82631403,1,"[6.43635, 4.08277, -3.24731, 2.45072, 17.63342, -7.96669, -3.18003, -4.37607, -5.8674, 3.13185, -14.37333, -3.99136, -10.49316, 16.0734, -3.68182, 3.418, -1.10314, 7.4834, 5.74678, -0.51267, 1.9226, 1.40748]"
44,sub7,scratch,1,sub7-b2__0045__buttkicks.npy,4,buttkicks,4,0.91069776,1,"[9.48617, 4.52194, -2.72048, 2.10777, 18.8079, -6.39104, -4.86447, -5.38449, -7.14815, 2.89968, -12.81371, -5.54646, -12.47199, 16.48452, -4.96754, 5.39149, -2.50144, 8.14436, 5.64039, 1.09587, 1.51954, -0.10195]"
44,sub7,scratch,1,sub7-b2__0046__airkick.npy,0,airkick,0,0.9945294,1,"[15.60904, 5.62949, 3.46714, -2.00702, -16.98268, -2.59399, -9.02539, -7.53629, 6.85711, -3.11502, 10.30214, -3.77352, -1.35589, -1.16059, 7.59524, -4.41909, -13.42301, -2.81863, 2.10933, 1.33493, 1.19999, -2.36252]"
44,sub7,scratch,1,sub7-b2__0047__airkick.npy,0,airkick,0,0.9999052,1,"[17.08935, 3.0186, 1.82847, -2.5677, -9.31091, -2.31252, -8.4169, -8.52517, 4.01609, -1.66504, 7.63811, -4.24001, -5.85731, 1.26821, 4.86619, -1.28063, -12.79429, 0.71262, 4.20337, 4.1531, 4.32784, -3.50693]"
44,sub7,scratch,1,sub7-b2__0048__airkick.npy,0,airkick,0,0.9994375,1,"[15.57834, 1.64894, 2.03642, -2.86348, -9.58436, -3.2318, -8.56484, -8.83693, 5.18894, -0.88122, 7.69841, -4.32247, -4.87742, 0.33544, 5.55861, -3.15185, -12.57513, 0.92117, 3.88741, 3.30429, 6.29746, -1.76246]"
44,sub7,scratch,1,sub7-b2__0049__airkick.npy,0,airkick,0,0.99997854,1,"[17.58506, 3.5571, 2.42645, -2.63538, -6.91759, -1.90692, -8.91856, -8.95337, 2.50304, -1.40959, 6.33093, -5.23167, -7.00414, 2.60544, 3.35444, -0.14492, -12.87643, 1.24087, 4.47945, 4.61321, 4.36986, -3.75853]"
44,sub7,scratch,1,sub7-b2__0051__sidekick.npy,14,sidekick,14,0.9900864,1,"[-0.16059, -3.36436, -1.61025, -8.61431, -13.42688, -4.78574, 2.28551, -5.49317, 7.12374, 2.83234, 3.95959, 8.07825, 7.56143, -7.6896, 13.74022, -6.07814, -4.25292, -1.62953, 3.02633, 0.50739, 7.93613, -3.19068]"
44,sub7,scratch,1,sub7-b2__0053__sidekick.npy,14,sidekick,14,0.9619981,1,"[0.43912, -3.14588, 0.20984, -7.15745, -17.91, -3.7708, 1.42335, -4.34713, 9.8896, -0.41783, 5.14899, 7.16264, 8.47546, -9.8679, 13.44706, -6.07029, -7.16858, -0.8305, 2.20752, -0.24029, 7.19116, -1.37099]"
44,sub7,scratch,1,sub7-b2__0054__sidekick.npy,14,sidekick,14,0.9848927,1,"[0.42124, -3.12187, -1.36924, -8.2611, -16.61364, -2.59241, 0.41856, -5.65526, 7.74471, 3.36492, 8.74809, 7.59516, 8.80471, -9.4194, 14.00423, -6.83759, -4.6487, -3.03932, 0.99179, -0.00867, 7.11228, -4.0319]"
44,sub7,scratch,1,sub7-b2__0055__sidekick.npy,14,sidekick,14,0.97013783,1,"[0.12514, -3.00744, 0.19039, -6.92661, -19.27953, -3.38853, 0.42088, -4.57803, 10.13457, 0.01066, 7.03256, 7.46967, 9.59189, -10.44917, 14.15801, -6.97956, -6.59067, -1.42124, 0.98978, -1.0826, 6.42021, -1.25648]"
44,sub7,scratch,1,sub7-b2__0056__sidekick.npy,14,sidekick,14,0.9792199,1,"[-0.98381, -3.2505, -1.45185, -8.48137, -17.15712, -3.50691, 1.66342, -5.33303, 7.86767, 3.05545, 7.25918, 9.21386, 10.29919, -9.49317, 14.55468, -6.82425, -4.21261, -2.96326, 1.05083, -0.76174, 6.45266, -3.64466]"
44,sub7,scratch,1,sub7-b2__0057__crosstoe.npy,6,crosstoe,6,0.9954379,1,"[-4.32126, 1.48749, 1.62518, -6.26026, -11.69431, -6.87196, 16.82379, -2.0946, 0.4129, -3.79276, -8.93391, 11.33577, 8.7597, -3.02308, 7.82213, 4.93752, -3.62703, -3.97437, 3.33311, 1.1706, -4.14934, -5.96269]"
44,sub7,scratch,1,sub7-b2__0058__crosstoe.npy,6,crosstoe,6,0.9965383,1,"[-4.65608, 2.14022, 2.53844, -5.42852, -11.58476, -6.61282, 15.95942, -1.65789, 1.21737, -4.61711, -9.96128, 10.03418, 8.66537, -2.84592, 6.73498, 4.9903, -4.3999, -3.31727, 3.5646, 0.60676, -4.0569, -4.84652]"
44,sub7,scratch,1,sub7-b2__0059__crosstoe.npy,6,crosstoe,6,0.9976701,1,"[-4.40629, 1.81219, 3.65504, -4.59665, -11.63161, -6.8584, 16.01831, -0.66721, 1.86773, -6.41045, -11.50342, 9.76561, 8.00498, -3.09779, 5.90612, 5.57032, -5.22933, -1.43495, 3.45634, 0.60572, -3.96185, -3.11027]"
44,sub7,scratch,1,sub7-b2__0060__crosstoe.npy,6,crosstoe,6,0.99921286,1,"[-5.91527, 0.94492, 2.11787, -5.51423, -12.10792, -7.40798, 18.07822, -0.48857, 2.4998, -4.96879, -10.91208, 10.80067, 8.66614, -4.54913, 6.6886, 4.96233, -4.47773, -3.10416, 4.58346, 1.0911, -2.79992, -4.08924]"
44,sub7,scratch,1,sub7-b2__0061__crosstoe.npy,6,crosstoe,6,0.99355066,1,"[-4.82892, 0.72532, 3.44395, -5.17379, -13.18404, -7.3752, 16.32441, -0.79407, 2.97275, -6.44924, -10.93773, 11.09829, 9.4512, -4.42921, 6.66198, 4.70226, -5.26985, -1.74116, 4.00729, 0.36793, -3.41865, -3.21434]"
44,sub7,scratch,1,sub7-b2__0062__throw.npy,18,throw,18,0.9281102,1,"[4.48239, 8.09217, -1.58281, -3.96258, -2.48471, 0.0046, 0.18321, -0.64016, 2.46488, -1.80743, -3.71732, -2.42728, -5.752, -2.18551, 3.21579, 3.45616, -6.06804, -2.62677, 10.87659, 6.45825, 3.47347, -5.74254]"
44,sub7,scratch,1,sub7-b2__0063__throw.npy,18,throw,18,0.9946852,1,"[3.2174, 5.93797, -0.57248, -2.89815, -1.82649, -3.65854, 2.04692, 0.88215, 5.09915, -5.01588, -9.07559, -1.97874, -5.54965, -1.79961, 1.96197, 3.77126, -7.51204, 1.61459, 11.98336, 5.02811, 4.20892, -0.76409]"
44,sub7,scratch,1,sub7-b2__0064__throw.npy,18,throw,18,0.9524156,1,"[6.91049, 6.57245, 0.78574, -0.14866, 1.32816, -2.61852, -0.31279, 0.13381, 3.44483, -7.00132, -10.02526, -5.45302, -9.99835, 1.36977, -1.38648, 6.9462, -9.84941, 5.44782, 11.10104, 5.50843, 3.33192, 0.09627]"
44,sub7,scratch,1,sub7-b2__0065__throw.npy,18,throw,18,0.97974604,1,"[2.01451, 3.08769, -0.33049, -1.97173, -1.78309, -2.00573, 3.83852, 0.58681, 4.57498, -5.51104, -9.28214, -0.83529, -5.90014, -3.27805, 2.04251, 5.95712, -7.47703, 4.11973, 10.87913, 5.49116, 5.40264, -1.52366]"
44,sub7,scratch,1,sub7-b2__0066__throw.npy,18,throw,18,0.987988,1,"[3.20013, 6.82218, 0.07964, -2.05242, 0.04823, -2.84015, 2.09063, 1.36563, 4.1307, -5.41465, -10.64998, -2.60836, -6.59917, -0.82118, 0.44989, 4.656, -7.54165, 2.09012, 11.56217, 4.71103, 3.3978, 0.50509]"
44,sub7,scratch,1,sub7-b2__0067__walk.npy,20,walk,0,0.99439394,0,"[13.38703, 1.64483, 3.06899, -1.41801, -7.7309, -2.86795, -8.03146, -6.31276, 7.47989, -4.93421, 1.99657, -5.69104, -6.30647, -0.89127, 3.19081, 0.03979, -13.99548, 5.15458, 5.62604, 3.275, 7.21488, 1.37364]"
44,sub7,scratch,1,sub7-b2__0068__turnaround.npy,19,turnaround,19,0.9465777,1,"[5.65855, 5.16063, -3.93034, -5.46687, 2.64936, 1.57837, 0.30713, -6.29806, -4.24114, 4.76621, 4.5756, -4.54313, -7.2381, 0.88406, -0.15663, 8.76249, -1.50666, -8.14171, 7.98733, 12.09574, 4.32317, -14.5126]"
44,sub7,scratch,1,sub7-b2__0069__walk.npy,20,walk,20,0.9968663,1,"[3.6144, -9.39031, -6.13347, -1.18442, 2.99163, -8.25427, 2.49241, -8.78681, 1.92807, 7.00038, -2.07651, -1.88021, -6.10827, 2.23835, 3.74782, 1.11146, -5.99638, 5.30188, 7.56543, 1.00537, 13.88274, -3.51926]"
44,sub7,scratch,1,sub7-b2__0070__turnaround.npy,19,turnaround,19,0.5717233,1,"[2.8568, -0.63501, -3.68855, -5.07513, 2.65623, -1.9368, 7.30221, -4.62667, -2.14722, 1.34119, -2.95236, -1.59257, -8.40638, -0.00488, 0.36042, 12.432, -5.1197, -0.86624, 10.48784, 12.86763, 7.7075, -10.85586]"
44,sub7,scratch,1,sub7-b2__0071__walk.npy,20,walk,0,0.9974617,0,"[14.05718, 1.42964, 2.85293, -1.55579, -4.97767, -2.19287, -8.74623, -7.14824, 5.41704, -3.17588, 2.21708, -6.29874, -7.70187, 0.42652, 2.21602, 0.50521, -13.25594, 5.60375, 5.21023, 3.9224, 7.80998, 0.4236]"
44,sub7,scratch,1,sub7-b2__0072__turnaround.npy,19,turnaround,19,0.93810046,1,"[6.25819, 4.33746, -3.21869, -5.0159, -1.15336, 1.35642, 1.69353, -6.04618, -2.70325, 2.79805, 5.27499, -4.07842, -6.55259, -0.66576, 0.77392, 9.31962, -4.0401, -7.52048, 8.1287, 12.36209, 4.03851, -14.03882]"
44,sub7,scratch,1,sub7-b2__0073__walk.npy,20,walk,20,0.9974625,1,"[3.36729, -9.38713, -5.92996, -1.29013, 2.67923, -8.0984, 2.09918, -8.8044, 2.88677, 6.55826, -2.13661, -2.15106, -5.7628, 1.50001, 3.57111, 1.02189, -6.21257, 5.17596, 8.03079, 0.97412, 14.2859, -3.21241]"
44,sub7,scratch,1,sub7-b2__0074__turnaround.npy,19,turnaround,19,0.5908291,1,"[3.0619, -0.69138, -3.75701, -4.94693, 1.72506, -2.02843, 7.17959, -4.56012, -1.82021, 1.04975, -2.40934, -1.47725, -8.12031, -0.30507, 0.752, 12.28703, -5.19948, -0.89429, 10.33632, 12.80067, 7.58761, -11.03957]"
44,sub7,scratch,1,sub7-b2__0075__walk.npy,20,walk,0,0.9940572,0,"[13.3853, 0.85355, 3.15564, -1.60764, -6.68684, -2.35195, -8.43139, -6.85889, 6.42444, -3.76291, 2.66546, -5.63938, -6.64272, -0.83374, 3.04159, 0.07391, -13.50346, 5.67849, 4.92363, 3.49713, 7.91675, 0.92787]"
44,sub7,scratch,1,sub7-b2__0076__turnaround.npy,19,turnaround,19,0.95606786,1,"[5.86009, 4.40477, -3.77493, -5.22628, 0.98087, 1.59336, 1.49014, -6.28025, -3.31418, 3.72826, 4.81742, -4.23889, -7.16919, -0.05802, 0.55538, 9.1848, -2.70104, -7.70613, 7.89386, 12.5613, 4.22721, -14.09918]"
44,sub7,scratch,1,sub7-b2__0077__walk.npy,20,walk,20,0.9951916,1,"[2.97009, -9.1389, -6.17297, -1.68842, 1.80632, -8.53868, 2.88265, -8.61436, 3.07136, 6.44334, -2.48924, -1.44803, -5.0275, 1.11184, 4.34963, 0.77471, -5.97206, 4.35443, 8.39571, 0.96364, 13.90523, -3.5788]"
44,sub7,scratch,1,sub7-b2__0078__turnaround.npy,19,turnaround,19,0.53142005,1,"[3.12944, -0.87513, -3.72923, -5.22616, 3.12694, -2.84334, 7.84252, -4.6402, -1.93566, 0.98175, -4.03779, -1.35594, -8.69851, -0.01373, 0.52686, 12.81095, -5.30499, -0.37104, 10.65464, 13.05776, 7.64903, -10.40375]"
44,sub7,scratch,1,sub7-b2__0079__walk.npy,20,walk,0,0.9989592,0,"[14.5066, 2.07504, 2.63767, -2.02555, -5.87127, -1.33429, -9.9252, -8.08496, 4.79825, -1.71053, 5.02995, -6.3031, -7.03006, 0.15161, 2.73636, -0.16935, -12.74392, 3.88684, 4.19518, 3.91102, 7.3776, -0.73827]"
44,sub7,scratch,1,sub7-b2__0080__turnaround.npy,19,turnaround,19,0.9484138,1,"[6.55626, 4.1896, -3.12487, -5.40028, -0.86873, 1.34976, 1.1795, -6.5654, -2.65824, 3.2562, 5.75701, -4.18875, -6.42248, -0.65608, 0.64446, 9.03837, -3.82489, -7.62796, 7.93489, 12.33696, 4.16676, -14.25077]"
44,sub7,scratch,1,sub7-b2__0081__walk.npy,20,walk,20,0.9965539,1,"[3.37557, -9.25097, -5.95572, -1.33739, 1.67116, -8.7306, 2.83247, -8.54773, 2.75244, 6.24839, -2.35004, -1.39914, -5.31404, 1.60641, 4.44631, 0.73114, -6.25311, 5.06287, 7.81131, 0.78749, 13.77058, -3.35133]"
44,sub7,scratch,1,sub7-b2__0082__turnaround.npy,19,turnaround,19,0.48645613,1,"[3.0533, -0.64745, -3.61034, -4.70079, 2.00306, -1.94926, 7.64585, -4.33611, -2.08137, 0.90915, -2.80609, -1.69585, -8.59639, -0.01088, 0.36414, 12.83246, -5.53906, -0.66832, 10.36852, 12.86975, 7.53652, -10.99554]"
44,sub7,scratch,1,sub7-b2__0083__walk.npy,20,walk,0,0.9984968,0,"[14.403, 1.52338, 2.3491, -1.91586, -4.91453, -1.5916, -9.68852, -8.41312, 4.66576, -1.34166, 4.45705, -6.35555, -7.34532, 0.44893, 2.41535, 0.37431, -12.62781, 4.15718, 4.43665, 3.96031, 7.73435, -0.72861]"
44,sub7,scratch,1,sub7-b2__0084__turnaround.npy,19,turnaround,19,0.95471823,1,"[4.50539, 1.55084, -3.89032, -5.6987, -1.68867, -0.22564, 3.76757, -7.44959, -1.21663, 3.60661, 4.87994, -2.32718, -5.04581, -1.88974, 1.80705, 9.55868, -2.86092, -7.28292, 7.46064, 12.75042, 4.85676, -14.14983]"
44,sub7,scratch,1,sub7-b2__0085__walk.npy,20,walk,20,0.99624026,1,"[3.6547, -9.35326, -5.79581, -0.97577, 1.30551, -8.5189, 3.21257, -8.08541, 2.69692, 5.42637, -2.53855, -1.21106, -5.62575, 1.77312, 4.18591, 1.1895, -6.73647, 5.69432, 7.8536, 1.04308, 13.66916, -3.34882]"
44,sub7,scratch,1,sub7-b2__0086__turnaround.npy,19,turnaround,19,0.5781119,1,"[3.86938, 0.5848, -3.55962, -4.9848, 2.38756, -2.3586, 7.11765, -4.43952, -2.28117, 0.60351, -3.26389, -1.6877, -8.7655, 0.58519, 0.73679, 12.49513, -5.47851, -1.20849, 10.6883, 12.9686, 6.56052, -11.01271]"
44,sub7,scratch,1,sub7-b2__0087__hop.npy,9,hop,0,0.9906509,0,"[14.88997, 5.66171, -1.44396, -3.48106, 5.38539, -3.76639, -6.8506, -9.00308, -6.76561, 5.45611, -0.91223, -1.96212, -6.94024, 10.18522, -0.03621, 5.82287, -6.81207, 2.42659, 3.20452, 2.48412, -2.251, -5.88951]"
44,sub7,scratch,1,sub7-b2__0088__hop.npy,9,hop,0,0.9997876,0,"[15.6795, 4.35705, -0.01242, -3.7578, 0.71978, -2.70605, -6.92494, -8.75085, -3.89804, 2.36164, 0.90407, -1.62601, -6.09382, 6.65811, 0.94402, 5.9879, -9.40652, 3.31319, 3.75994, 3.18388, -1.02058, -5.51162]"
44,sub7,scratch,1,sub7-b2__0089__hop.npy,9,hop,0,0.999587,0,"[15.71961, 4.65604, -0.88839, -3.34435, 2.26309, -3.61568, -7.4516, -8.66938, -4.41163, 3.84659, 0.84524, -2.04673, -6.65246, 7.71025, -0.04018, 5.67817, -8.67916, 3.08, 3.82756, 2.81622, -1.02205, -5.00061]"
44,sub7,scratch,1,sub7-b2__0090__hop.npy,9,hop,0,0.9988192,0,"[15.32683, 4.59991, 0.11061, -2.42102, 3.0172, -4.26441, -6.08084, -7.18211, -3.66144, 0.63315, -3.37915, -2.05329, -7.22557, 8.22752, -0.34549, 7.04528, -9.47513, 5.48511, 4.48746, 2.66233, -1.90496, -3.33246]"
44,sub7,scratch,1,sub7-b2__0091__hop.npy,9,hop,0,0.9329322,0,"[13.63491, 7.31845, -0.65311, -1.72303, 4.43115, -4.9506, -6.3368, -6.4166, -5.96965, 3.48706, -3.93047, -1.75526, -6.19704, 10.97159, -0.89634, 4.97339, -6.63933, 3.01242, 3.0116, 0.77798, -4.02747, -3.06042]"
44,sub7,scratch,1,sub7-b2__0092__jump.npy,10,jump,10,0.9994816,1,"[10.3373, 3.74647, 1.22602, -6.22592, -14.96937, 1.92077, -10.73836, -9.19114, 1.22846, 4.37289, 17.97642, 0.78001, 4.52095, -2.53586, 7.68265, -3.89639, -7.16741, -5.46677, -1.70995, 0.74763, 1.32023, -6.9191]"
44,sub7,scratch,1,sub7-b2__0093__jump.npy,10,jump,10,0.99976975,1,"[9.67537, 3.12433, -0.28556, -7.30457, -12.51089, 1.90389, -9.98973, -10.06724, -1.08959, 7.13539, 18.30154, 2.04156, 4.75734, -1.4985, 8.042, -3.53549, -4.88435, -6.10149, -1.8262, 0.95944, 1.19534, -8.8589]"
44,sub7,scratch,1,sub7-b2__0094__jump.npy,10,jump,10,0.9998161,1,"[9.9647, 2.94819, -0.09137, -7.0528, -12.76024, 2.1378, -10.27828, -10.03103, -0.62603, 6.89524, 18.72119, 1.33886, 4.3043, -1.83315, 7.81623, -3.5708, -5.37833, -5.9213, -1.78881, 1.15865, 1.74437, -8.65982]"
44,sub7,scratch,1,sub7-b2__0095__jump.npy,10,jump,10,0.99994755,1,"[7.44175, 3.33292, -1.04904, -7.7633, -13.16066, 2.63054, -9.35158, -9.26411, -1.78837, 8.5393, 19.53911, 3.47476, 6.82916, -2.16249, 9.01791, -4.66339, -2.47509, -8.04659, -2.91972, 0.11872, 0.55451, -9.69704]"
44,sub7,scratch,1,sub7-b2__0097__jump.npy,10,jump,10,0.9999722,1,"[8.70205, 3.37768, -1.07815, -7.17952, -12.0138, 2.43688, -10.8066, -10.21395, -2.39148, 9.11838, 20.37783, 2.20277, 5.71877, -0.88689, 8.32983, -4.76474, -2.55065, -7.8118, -3.23167, 0.06352, 0.56095, -9.55415]"
44,sub7,scratch,1,sub7-b2__0098__runonspot.npy,13,runonspot,13,0.99985766,1,"[5.76729, 10.17172, -2.88357, 6.43994, 9.14303, -8.39075, -6.22066, -1.06223, -5.09097, 1.09125, -10.94391, -5.26996, -7.12485, 19.36225, -1.28186, -2.08955, -0.26914, 2.99556, 3.16856, -4.23463, -3.60153, 2.59581]"
44,sub7,scratch,1,sub7-b2__0099__runonspot.npy,13,runonspot,13,0.99906915,1,"[5.15674, 11.1021, -4.07746, 4.67702, 12.18314, -7.70777, -5.68059, -1.48797, -7.10287, 3.77964, -11.1806, -4.30868, -7.36201, 19.45507, -1.22824, -2.09205, 2.36059, 1.16222, 3.03773, -3.44715, -3.78622, 0.67311]"
44,sub7,scratch,1,sub7-b2__0100__runonspot.npy,13,runonspot,13,0.99968815,1,"[4.245, 9.71971, -3.20663, 5.6686, 9.64311, -9.13851, -4.41303, -0.35787, -4.73905, 0.84656, -12.84832, -4.02369, -6.45027, 18.46161, -0.98168, -2.15075, 0.61932, 2.6343, 4.13944, -4.27778, -3.21114, 2.88957]"
44,sub7,scratch,1,sub7-b2__0101__runonspot.npy,13,runonspot,13,0.9972656,1,"[5.39292, 9.4262, -4.19139, 5.62269, 14.63236, -7.61555, -6.66413, -3.32835, -7.75781, 5.32888, -10.47039, -5.86887, -8.69339, 20.53728, -2.54214, -1.96228, 2.71683, 2.03351, 2.67049, -3.28716, -2.00208, 0.87958]"
44,sub7,scratch,1,sub7-b2__0102__runonspot.npy,13,runonspot,13,0.9994294,1,"[5.86899, 10.00911, -4.1872, 5.07399, 9.36359, -9.2849, -4.91025, -1.471, -5.4584, 3.47532, -10.68269, -3.6522, -7.13179, 17.91711, -0.4277, -2.90128, 0.81313, 0.96378, 4.0831, -3.57965, -3.18195, 2.00243]"
44,sub7,scratch,1,sub7-b2__0103__runonspot.npy,13,runonspot,13,0.9951214,1,"[3.68831, 9.74578, -3.81488, 6.04871, 14.16954, -7.43302, -4.20597, -0.53506, -6.91757, 1.84986, -13.85654, -4.69508, -8.00728, 19.49985, -2.42655, -0.64416, 2.48607, 2.93381, 3.76599, -3.52859, -3.10363, 1.59558]"
44,sub7,scratch,1,sub7-b2__0105__buttkicks.npy,4,buttkicks,4,0.9999521,1,"[7.61784, 2.99166, -5.18884, 0.25346, 28.16372, -4.25294, -6.02502, -9.5225, -12.31714, 10.54464, -10.32179, -5.67596, -13.40734, 18.21692, -5.47891, 4.8126, 4.09481, 5.45459, 3.2542, 2.22524, 3.57772, -3.71533]"
44,sub7,scratch,1,sub7-b2__0106__buttkicks.npy,4,buttkicks,4,0.9970688,1,"[8.31182, 4.37695, -5.04778, 0.37464, 24.10877, -5.92669, -5.21996, -8.55518, -11.16002, 9.8159, -10.4223, -4.72252, -12.15592, 18.27911, -4.1459, 3.26005, 2.88421, 4.29955, 3.50693, 1.43061, 1.91101, -3.10317]"
44,sub7,scratch,1,sub7-b2__0107__buttkicks.npy,4,buttkicks,4,0.999985,1,"[8.20885, 1.99865, -5.61382, -2.61034, 27.72789, -3.88277, -5.15636, -10.87131, -13.19261, 13.20852, -8.37206, -3.89091, -12.57548, 16.58854, -4.37648, 4.54804, 4.36773, 3.73703, 3.20531, 3.45389, 4.32968, -5.8554]"
44,sub7,scratch,1,sub7-b2__0108__buttkicks.npy,4,buttkicks,4,0.99955815,1,"[11.3999, 2.09508, -3.80962, -1.24683, 23.72766, -3.92413, -6.07701, -10.35271, -10.95784, 9.38157, -8.08498, -5.58542, -13.79288, 15.99214, -5.13272, 5.77401, -0.50387, 6.01888, 4.07256, 3.83613, 4.19511, -4.60588]"
44,sub7,scratch,1,sub7-b2__0109__buttkicks.npy,4,buttkicks,4,0.9999726,1,"[10.16465, 0.94141, -4.51313, -2.00633, 26.45141, -3.18884, -6.23863, -11.19202, -12.16046, 10.83825, -7.77227, -5.22931, -13.68871, 15.93757, -4.92292, 6.18326, 1.60182, 5.87539, 3.59255, 4.30001, 5.05003, -5.41869]"
44,sub7,scratch,1,sub7-b2__0110__airkick.npy,0,airkick,0,0.9996666,1,"[18.32696, 3.9229, 2.26906, -0.92905, -10.70975, -2.07453, -10.34949, -9.73393, 3.92798, -0.25267, 10.31107, -6.36628, -5.91827, 2.11427, 4.9676, -3.11896, -12.65879, -0.59602, 1.87801, 2.91144, 3.15761, -3.36433]"
44,sub7,scratch,1,sub7-b2__0111__airkick.npy,0,airkick,0,0.9979063,1,"[16.96601, 3.83691, 2.33911, -1.87581, -13.46874, -2.66724, -9.74865, -9.45985, 5.45556, -0.27645, 10.77595, -4.85953, -3.46032, 0.49167, 6.6864, -4.56497, -12.60995, -1.99022, 1.92523, 2.07524, 3.00982, -2.94179]"
44,sub7,scratch,1,sub7-b2__0112__airkick.npy,0,airkick,0,0.9999703,1,"[19.54224, 5.70932, 2.14334, -0.64316, -12.27549, -3.3201, -8.85948, -9.06113, 3.13556, -0.37712, 9.03897, -5.08291, -5.17914, 3.65574, 5.66495, -3.52956, -12.64224, -2.18802, 1.36035, 2.10785, -0.28642, -3.98546]"
44,sub7,scratch,1,sub7-b2__0113__airkick.npy,0,airkick,0,0.999987,1,"[19.95983, 6.55495, 2.5332, -1.4535, -10.1421, -2.84244, -9.48725, -9.34864, 1.26828, -0.08412, 8.52888, -5.39576, -5.83462, 4.96706, 4.70642, -2.73965, -12.36173, -2.25146, 1.90325, 2.80542, -0.34266, -4.82786]"
44,sub7,scratch,1,sub7-b2__0114__airkick.npy,0,airkick,0,0.99999344,1,"[20.07635, 3.92343, 2.01762, 0.6845, -4.92028, -1.76516, -11.31238, -10.34474, 1.17847, -0.27381, 8.01568, -8.5223, -10.01797, 5.51842, 1.80694, -0.20908, -12.6051, 2.10263, 2.45719, 4.21948, 3.26118, -3.52891]"
44,sub7,scratch,1,sub7-b2__0115__airkick.npy,0,airkick,0,0.9980234,1,"[16.74884, 4.72331, 2.89768, -0.9734, -14.76295, -1.80149, -9.53535, -8.35913, 5.21093, -2.34091, 10.4975, -4.32274, -3.10888, 0.33788, 6.48291, -3.472, -12.71259, -1.80097, 1.89497, 2.09816, 1.46183, -3.23235]"
44,sub7,scratch,1,sub7-b2__0116__sidekick.npy,14,sidekick,14,0.96707433,1,"[-2.68927, -1.04325, -2.4587, -9.8733, -17.7845, -5.20009, 4.69388, -4.80856, 5.39667, 4.73548, 6.2464, 12.94731, 12.95142, -7.95073, 17.0237, -8.22297, -0.72872, -6.34069, -0.02855, -1.93858, 2.81861, -5.80118]"
44,sub7,scratch,1,sub7-b2__0117__sidekick.npy,14,sidekick,14,0.97034633,1,"[-3.30071, -2.36027, -1.891, -8.80989, -18.69012, -5.70396, 5.50637, -4.23097, 6.95561, 2.69997, 4.64277, 12.75747, 12.76506, -8.84016, 16.94457, -7.6428, -2.09386, -4.1501, 0.52415, -2.10869, 3.72386, -4.37176]"
44,sub7,scratch,1,sub7-b2__0118__sidekick.npy,14,sidekick,14,0.98654765,1,"[-2.07503, -1.21843, -2.99865, -9.68247, -17.37072, -7.29623, 5.3782, -5.16044, 6.58657, 4.45681, 4.40319, 12.47601, 12.28575, -7.39699, 17.37598, -8.3245, -1.69635, -6.0531, 1.2934, -2.17918, 3.08048, -4.94303]"
44,sub7,scratch,1,sub7-b2__0119__sidekick.npy,14,sidekick,14,0.98867726,1,"[-1.05812, -2.49136, -1.49135, -8.72579, -16.068, -3.46865, 3.0009, -4.75059, 6.64568, 2.53152, 5.65331, 9.72845, 9.67154, -8.32682, 14.90653, -6.47338, -3.41039, -3.09691, 1.55621, -0.26017, 5.87347, -4.84998]"
44,sub7,scratch,1,sub7-b2__0120__sidekick.npy,14,sidekick,14,0.99434114,1,"[0.35569, -3.48204, -0.93212, -8.64045, -15.01622, -5.63412, 4.00076, -5.52868, 7.97133, 1.39224, 2.88955, 8.66538, 7.73728, -7.92082, 14.56344, -5.69243, -5.49133, -1.30994, 2.93845, 0.66347, 6.84123, -3.46987]"
44,sub7,scratch,1,sub7-b2__0121__crosstoe.npy,6,crosstoe,6,0.9933236,1,"[-5.73448, 1.60431, 0.77165, -6.94606, -11.7136, -6.68958, 17.2162, -2.41957, 0.16023, -2.0397, -8.17166, 12.08963, 9.89367, -3.2155, 8.1905, 4.27522, -2.35488, -5.63654, 3.31502, 1.05604, -3.72142, -7.09616]"
44,sub7,scratch,1,sub7-b2__0122__crosstoe.npy,6,crosstoe,6,0.99837494,1,"[-5.54978, 1.50988, 1.62905, -6.17472, -12.04214, -7.48863, 17.65288, -1.38709, 1.5205, -3.35169, -9.77304, 11.08458, 9.1117, -3.66132, 7.00585, 4.78298, -4.05777, -4.24302, 4.2973, 0.82909, -3.23627, -5.55047]"
44,sub7,scratch,1,sub7-b2__0123__crosstoe.npy,6,crosstoe,6,0.99858475,1,"[-6.0463, 1.00065, 1.21891, -6.75901, -13.10145, -7.47066, 18.55639, -1.24301, 2.03835, -2.80811, -8.92168, 11.87956, 9.70515, -4.86845, 7.23778, 4.77292, -4.04098, -5.10924, 4.64561, 1.27614, -2.78059, -6.03314]"
44,sub7,scratch,1,sub7-b2__0124__crosstoe.npy,6,crosstoe,6,0.9808704,1,"[-4.61173, 2.63532, 4.14228, -4.36695, -10.97372, -5.16165, 14.26789, -1.20779, -0.01968, -5.46563, -10.394, 10.06404, 8.78904, -2.11042, 6.08161, 4.52359, -3.68986, -2.04726, 1.51106, -0.05408, -4.79369, -3.51262]"
44,sub7,scratch,1,sub7-b2__0125__crosstoe.npy,6,crosstoe,6,0.9928034,1,"[-3.56803, 2.46889, 4.1142, -4.07499, -9.92934, -5.17394, 13.83181, -1.22558, 0.65448, -6.46318, -11.47226, 8.57857, 7.21314, -1.95509, 5.38212, 5.94776, -4.99472, -0.6395, 2.78324, 0.45281, -4.36034, -3.14067]"
44,sub7,scratch,1,sub7-b2__0126__throw.npy,18,throw,1,0.71507543,0,"[7.75891, 11.84545, -0.70392, -0.93214, 3.76697, 2.91544, -2.88522, -1.08458, -1.27948, -2.70832, -5.69131, -6.91826, -10.41809, 2.91977, -3.34897, 8.58866, -7.17636, -1.17073, 10.75419, 6.84729, 0.35809, -6.06943]"
44,sub7,scratch,1,sub7-b2__0128__throw.npy,18,throw,18,0.9920019,1,"[4.0765, 4.9109, -0.08785, -3.37321, -2.73961, -4.74082, 2.74867, -0.2068, 5.89877, -5.80982, -9.3638, -1.52708, -5.41148, -2.521, 2.79543, 4.8585, -8.83968, 2.63243, 11.67255, 5.05418, 3.95645, -0.36913]"
44,sub7,scratch,1,sub7-b2__0129__throw.npy,18,throw,18,0.985414,1,"[4.21521, 7.82421, 0.32724, -3.0678, -0.26405, -1.92895, 1.06213, 1.0718, 3.8077, -5.69376, -10.13953, -2.5651, -6.00978, -0.68877, -0.36341, 6.01486, -8.33778, 1.40133, 12.27936, 4.93372, 2.29592, -0.62667]"
44,sub7,scratch,1,sub7-b2__0130__throw.npy,18,throw,18,0.9670506,1,"[4.88253, 6.3822, 0.89758, -1.83947, -1.67224, -2.13666, 1.97982, 1.15149, 4.83689, -7.73246, -10.20203, -3.07595, -7.11927, -1.33286, -0.10831, 7.37589, -9.82744, 4.26298, 11.29398, 5.25853, 2.51484, -0.17562]"
44,sub7,scratch,1,sub7-c__0001__sit.npy,15,sit,19,0.597408,0,"[6.76182, 2.00461, -4.40403, -4.32004, 0.124, -1.41484, 3.44484, -6.4455, -2.23647, 2.52857, 3.59175, -3.95257, -8.19758, 0.34397, -0.45562, 11.83688, -5.44325, -5.15138, 9.30331, 12.31471, 4.06931, -12.8647]"
44,sub7,scratch,1,sub7-c__0002__stand.npy,17,stand,17,0.88024175,1,"[7.90812, -10.51277, -4.78696, 2.30852, -1.74443, -6.07496, 0.0191, -6.56909, -2.93963, 4.86533, 3.88596, 0.37041, -7.5379, 6.47406, 1.76136, 3.07891, -7.15336, 11.59434, 1.42823, 1.09831, 9.32061, -4.42975]"
44,sub7,scratch,1,sub7-c__0003__sit.npy,15,sit,19,0.6379332,0,"[6.02974, 0.7686, -4.67968, -4.67486, 1.30237, -1.92119, 3.46578, -8.24683, -2.39047, 4.21218, 3.69169, -4.00055, -7.81029, 0.32656, -0.05045, 11.43855, -4.93117, -5.13726, 8.94759, 12.09215, 5.32287, -13.15995]"
44,sub7,scratch,1,sub7-c__0004__stand.npy,17,stand,17,0.99092144,1,"[7.63453, -9.78945, -3.58889, 3.77681, 1.81924, -6.89804, 0.35496, -4.93859, -3.59812, 4.19431, 1.13341, -0.33926, -9.89941, 7.96495, -0.6827, 3.83522, -6.93461, 13.81432, 0.28168, 1.13839, 8.30182, -1.50466]"
44,sub7,scratch,1,sub7-c__0005__sit.npy,15,sit,19,0.6998097,0,"[5.86184, 0.62826, -4.60436, -5.54199, -0.22834, -2.04242, 3.78552, -7.90243, -2.16423, 4.28825, 4.36893, -2.61516, -6.53557, -0.77337, 0.36303, 10.82396, -4.59397, -5.75597, 8.69973, 11.79584, 5.07523, -13.01694]"
44,sub7,scratch,1,sub7-c__0006__stand.npy,17,stand,17,0.9544661,1,"[7.83038, -9.01402, -3.90969, 2.67731, -0.71944, -8.32667, 1.64436, -5.06754, -4.05821, 5.0639, 1.99424, 1.68951, -8.15864, 8.27866, 1.15094, 2.69537, -6.6889, 11.94539, -0.59031, 0.8227, 6.52919, -2.40513]"
44,sub7,scratch,1,sub7-c__0007__sit.npy,15,sit,19,0.5005507,0,"[7.00231, 1.84879, -4.10449, -4.24886, 2.37077, -1.8888, 3.05634, -7.46007, -2.78686, 3.13283, 2.22792, -4.88265, -9.06323, 1.17912, -1.39346, 12.40915, -5.62598, -4.60946, 9.55765, 12.4725, 4.81805, -12.73398]"
44,sub7,scratch,1,sub7-c__0008__stand.npy,17,stand,17,0.96422356,1,"[6.61975, -10.04594, -3.98915, 2.55914, 2.38814, -6.54307, 0.60264, -5.84485, -4.73366, 6.83612, 2.41447, 0.58744, -9.18354, 8.14049, -0.1644, 2.6719, -5.30736, 12.57455, -0.57997, 1.34988, 8.62286, -3.02308]"
44,sub7,scratch,1,sub7-c__0010__stand.npy,17,stand,17,0.99370545,1,"[8.79819, -9.40084, -3.0737, 3.7698, 0.2716, -6.17389, 0.68272, -4.13377, -4.08483, 2.87866, 1.26476, 0.1046, -9.97358, 8.12527, -0.73477, 4.73809, -8.00793, 14.41335, 0.23824, 1.65165, 7.18968, -2.53499]"
44,sub7,scratch,1,sub7-c__0011__sit.npy,15,sit,19,0.7049782,0,"[7.61815, 2.34464, -3.87717, -4.51728, -1.59741, -1.83016, 2.45817, -5.60127, -2.3017, 2.0866, 4.58494, -2.84433, -7.00092, 0.34851, -0.11996, 10.44445, -5.01749, -5.09463, 8.13696, 11.46657, 2.73883, -12.50272]"
44,sub7,scratch,1,sub7-c__0013__sit.npy,15,sit,15,0.68689144,1,"[4.75732, -2.37478, -4.7985, -4.00817, -0.06526, -2.41935, 5.6457, -7.00403, -0.82152, 2.73754, 2.75341, -2.37116, -7.64845, -1.57087, -0.17657, 13.04731, -5.43665, -2.50498, 8.41515, 12.23615, 5.94762, -11.19442]"
44,sub7,scratch,1,sub7-c__0014__stand.npy,17,stand,17,0.9705401,1,"[7.00658, -10.75977, -4.0511, 2.95113, 0.03404, -5.96944, 0.8116, -5.77012, -3.22087, 4.44458, 2.09209, 0.10036, -8.65803, 6.7224, 0.22527, 4.23624, -7.33561, 13.13545, 0.95404, 1.37742, 9.49164, -3.24141]"
44,sub7,scratch,1,sub7-c__0015__squat.npy,16,squat,16,0.99913186,1,"[-11.82051, 6.25111, -7.67757, 4.22788, 15.35173, 3.09625, 0.27933, -0.19197, -14.87567, 13.8958, -3.80537, 5.28813, 1.15738, 13.32415, 1.84627, -6.80674, 22.71113, -6.49925, -7.8007, -5.70202, -1.85136, -7.88403]"
44,sub7,scratch,1,sub7-c__0016__squat.npy,16,squat,16,0.9987931,1,"[-10.69127, 6.8149, -7.00328, 5.79987, 12.04457, 1.97512, -1.25792, -0.42844, -13.91984, 12.81117, -2.28343, 4.48767, 1.79521, 14.00302, 2.29131, -8.0132, 21.0902, -6.35764, -8.464, -6.75411, -2.7573, -6.69685]"
44,sub7,scratch,1,sub7-c__0017__squat.npy,16,squat,16,0.99919695,1,"[-11.84596, 5.90569, -7.17423, 5.05517, 13.74059, 3.72914, -0.46057, -0.06721, -14.57154, 13.31315, -2.91831, 4.63423, 1.55577, 13.01916, 1.55843, -7.15942, 21.62725, -6.34046, -7.88295, -6.00448, -1.64028, -7.14721]"
44,sub7,scratch,1,sub7-c__0018__squat.npy,16,squat,16,0.99922454,1,"[-12.24605, 5.75975, -7.54211, 4.6327, 15.24706, 5.31957, -0.33945, 0.21443, -15.22465, 13.78283, -2.77784, 4.5451, 1.00539, 12.56187, 1.26821, -6.68135, 22.67051, -6.56422, -7.93714, -5.40851, -1.19074, -7.98575]"
44,sub7,scratch,1,sub7-c__0019__squat.npy,16,squat,16,0.99939895,1,"[-11.88855, 6.08032, -6.98019, 5.24741, 13.66656, 4.41568, -0.70567, 0.27206, -14.78291, 12.72379, -2.72529, 4.51272, 1.57366, 12.91268, 1.61711, -7.00515, 21.70398, -6.303, -8.02075, -5.92518, -1.90723, -7.27373]"
44,sub7,scratch,1,sub7-c__0020__squat.npy,16,squat,16,0.99940217,1,"[-11.4267, 5.77578, -6.30914, 5.20069, 12.58698, 4.42634, -0.93204, -0.51891, -14.94835, 12.59443, -1.76891, 4.67044, 1.93264, 12.74796, 2.05442, -6.83968, 21.16682, -5.88168, -8.89345, -5.93178, -2.13839, -7.46093]"
44,sub7,scratch,1,sub7-c__0021__squat.npy,16,squat,16,0.9994387,1,"[-12.66662, 5.31998, -7.13641, 4.77069, 13.07228, 4.09578, 0.7811, 0.31787, -14.07839, 12.91428, -3.53281, 5.27498, 1.94911, 11.87412, 2.01236, -6.89438, 21.32571, -6.36304, -7.40895, -5.90814, -1.26116, -7.1558]"
44,sub7,scratch,1,sub7-c__0022__pickup.npy,11,pickup,12,0.5272928,0,"[-2.99518, -0.22116, 8.26229, -7.33823, -17.40324, -4.67538, 8.36401, -3.53384, -0.13105, -1.12039, -2.79305, 15.1746, 15.2863, -5.04833, 7.12522, -2.98764, -3.5307, -3.85271, -3.73906, -2.60682, -3.45821, -2.17659]"
44,sub7,scratch,1,sub7-c__0023__pickup.npy,11,pickup,11,0.5388629,1,"[-3.50883, 0.41773, 7.6771, -6.82446, -17.04221, -4.52589, 8.47205, -3.14723, -0.60589, -1.17228, -2.8262, 15.45083, 15.29309, -4.44676, 7.43719, -3.09904, -2.46052, -4.18518, -3.95781, -2.95734, -4.22605, -2.61055]"
44,sub7,scratch,1,sub7-c__0024__pickup.npy,11,pickup,11,0.64874244,1,"[-3.99502, 0.18305, 6.9207, -7.04535, -16.391, -4.89112, 9.0248, -3.39304, -0.93973, -0.44288, -2.97925, 15.98253, 15.36647, -4.19854, 7.89804, -3.16452, -1.64705, -4.39927, -3.86221, -2.98285, -4.09015, -3.13512]"
44,sub7,scratch,1,sub7-c__0025__pushchair.npy,12,pushchair,12,0.95424384,1,"[-1.4565, 1.54064, 8.90127, -6.42824, -17.16347, -3.03612, 3.99518, -4.68137, -0.22419, -0.43101, -0.0594, 10.94926, 14.12235, -3.38339, 6.75176, -4.19212, -4.33908, -4.93022, -4.0018, -3.04233, -3.22896, -2.41677]"
44,sub7,scratch,1,sub7-c__0026__pushchair.npy,12,pushchair,12,0.869025,1,"[-3.39666, 5.26154, 6.47302, -3.2776, -13.44432, -3.21018, 3.86497, -2.07928, -3.15868, -0.56485, -2.52693, 10.78161, 12.70317, 1.42376, 6.27546, -4.84321, 0.35416, -5.4707, -4.70591, -4.70686, -6.30569, -2.66288]"
44,sub7,scratch,1,sub7-c__0027__pushchair.npy,12,pushchair,11,0.5334642,0,"[-5.0897, 5.80374, 2.25972, -2.97821, -7.19182, -3.11599, 3.45952, -2.88225, -7.35793, 4.16768, -1.44288, 11.51971, 11.35047, 5.00736, 7.20779, -5.43827, 7.00961, -6.86344, -6.32909, -5.07719, -6.68886, -5.51982]"
44,sub7,scratch,1,sub7-c__0028__pushchair.npy,12,pushchair,11,0.51176006,0,"[-5.42687, 3.33518, 3.79492, -5.6856, -10.06011, -3.92449, 5.94806, -3.76694, -4.87154, 3.84681, -2.17535, 13.22305, 13.17102, 1.42167, 7.63506, -4.82566, 3.78175, -6.5712, -4.92815, -4.18023, -4.83783, -4.9982]"
44,sub7,scratch,1,sub7-c__0029__pushchair.npy,12,pushchair,12,0.5084702,1,"[-6.04312, 5.07119, 3.40227, -2.69142, -8.77307, -3.51748, 5.35239, -1.86666, -5.44088, 2.17186, -3.80085, 11.78527, 11.82928, 3.42648, 6.63018, -4.91253, 4.92737, -5.91405, -5.05606, -5.06652, -6.05304, -3.9671]"
44,sub7,scratch,1,sub7-c__0030__sit.npy,15,sit,15,0.6788913,1,"[12.506, 5.40085, -0.01675, -0.55309, 4.8651, -2.53758, -2.17673, -5.794, -2.82191, -3.98765, -3.79152, -7.25962, -14.18905, 6.54025, -2.76265, 13.44768, -9.98494, 5.31639, 7.64803, 10.89885, 2.09308, -6.28298]"
44,sub7,scratch,1,sub7-c__0031__stand.npy,17,stand,17,0.968312,1,"[8.15851, -10.10241, -3.50828, 1.86213, 0.96114, -6.96819, 1.10533, -5.84255, -2.34448, 2.47052, -1.04239, -0.7518, -9.60087, 6.7535, 0.11294, 4.98809, -8.96628, 13.89173, 3.62287, 2.28793, 10.33354, -3.11283]"
44,sub7,scratch,1,sub7-c__0032__sit.npy,15,sit,15,0.8631643,1,"[11.69834, 3.87887, 0.66583, -0.01292, 2.45091, -2.25746, -0.83477, -4.79711, -2.30203, -5.4432, -3.22776, -5.97847, -13.29435, 5.32521, -2.62605, 13.99004, -10.42008, 6.88424, 6.60582, 11.10336, 1.93862, -5.7136]"
44,sub7,scratch,1,sub7-c__0033__stand.npy,17,stand,17,0.9952095,1,"[8.15034, -9.89546, -2.09618, 2.22347, 3.85608, -6.02799, 1.32115, -5.36846, -2.40005, 0.85934, -3.97292, -2.71966, -11.70374, 6.96678, -2.29301, 7.40536, -10.32958, 16.33228, 4.54902, 3.1695, 10.88333, -2.1166]"
44,sub7,scratch,1,sub7-c__0034__sit.npy,15,sit,15,0.8981736,1,"[5.09505, 0.71541, -4.59286, -3.4494, 1.03863, -1.50048, 4.85928, -5.64213, -2.02162, 1.29193, 1.16294, -3.37893, -8.20157, 0.31263, -1.59207, 14.65969, -5.37712, -3.40079, 9.17564, 12.4439, 3.80069, -11.8253]"
44,sub7,scratch,1,sub7-c__0035__stand.npy,17,stand,17,0.9686253,1,"[7.7327, -10.4839, -3.84942, 2.14842, 2.0927, -6.40611, 0.33122, -6.33633, -3.03266, 3.73311, -0.1047, -1.1494, -9.9275, 7.20668, -0.19664, 4.77248, -7.99039, 14.07216, 2.845, 1.98571, 10.54623, -3.33701]"
44,sub7,scratch,1,sub7-c__0036__sit.npy,15,sit,15,0.7671792,1,"[0.41866, -6.01754, -5.05821, -4.48844, -0.1006, -3.02234, 10.19932, -6.48627, 0.21184, 2.52866, -0.8299, 0.60151, -5.56762, -3.56163, 1.32048, 13.78366, -3.85831, -0.84883, 7.96787, 12.47764, 7.47502, -10.29357]"
44,sub7,scratch,1,sub7-c__0037__stand.npy,17,stand,17,0.9942048,1,"[8.9518, -9.48355, -2.84563, 2.82249, 2.4412, -7.45576, 1.26667, -5.18464, -2.97365, 1.96573, -2.18431, -1.61091, -11.10631, 8.04756, -1.33934, 5.84435, -9.63932, 15.05683, 2.92529, 2.31306, 9.09468, -1.8011]"
44,sub7,scratch,1,sub7-c__0038__sit.npy,15,sit,19,0.5586109,0,"[5.44641, 0.09073, -4.63974, -4.5754, -0.60062, -1.45366, 3.77488, -7.05045, -1.82929, 3.49058, 4.32632, -2.86949, -6.88761, -0.83613, 0.33871, 11.68549, -4.75771, -4.90379, 8.30908, 11.95905, 5.06283, -12.89127]"
44,sub7,scratch,1,sub7-c__0039__stand.npy,17,stand,17,0.98541903,1,"[8.16625, -9.74336, -3.66384, 2.94565, 0.68982, -7.03719, 0.92566, -5.37453, -3.44796, 3.64561, 0.65226, 0.06241, -9.38921, 7.80642, 0.10611, 4.05308, -7.73285, 13.47926, 1.18432, 1.57571, 8.40363, -2.71115]"
44,sub7,scratch,1,sub7-c__0040__squat.npy,16,squat,16,0.99942446,1,"[-12.19123, 5.79632, -6.56331, 5.25142, 11.76524, 3.08288, 0.22667, 0.34998, -13.7009, 11.84467, -3.3674, 5.21349, 2.5422, 12.34651, 2.16801, -6.85555, 20.57963, -5.95372, -7.61876, -6.32731, -2.01018, -6.64481]"
44,sub7,scratch,1,sub7-c__0041__squat.npy,16,squat,16,0.99973744,1,"[-12.31809, 6.16099, -6.40679, 4.93152, 11.80158, 2.99417, 0.61579, 0.76392, -13.87398, 10.97756, -3.9394, 5.88321, 2.87987, 12.21976, 2.51981, -7.00021, 21.13308, -6.13754, -7.47773, -6.23358, -2.53229, -6.7967]"
44,sub7,scratch,1,sub7-c__0042__squat.npy,16,squat,16,0.9991738,1,"[-12.01177, 6.00892, -6.34515, 5.17799, 11.19095, 2.62754, 0.49841, 0.20796, -13.54754, 11.69561, -3.60466, 5.38739, 2.72925, 12.44401, 2.3198, -6.9999, 20.10837, -6.02724, -7.57581, -6.46756, -2.35048, -6.54565]"
44,sub7,scratch,1,sub7-c__0043__squat.npy,16,squat,16,0.99950325,1,"[-12.76826, 5.35983, -7.05917, 5.03584, 11.90939, 2.9242, 1.06095, 0.31556, -13.34129, 12.66371, -3.61641, 5.51715, 2.44291, 11.80953, 2.1951, -7.02838, 20.91148, -6.20559, -7.36325, -6.28987, -1.36546, -6.80914]"
44,sub7,scratch,1,sub7-c__0044__squat.npy,16,squat,16,0.9995314,1,"[-12.67706, 5.31649, -6.67859, 4.80364, 11.46499, 2.32176, 1.21816, 0.17935, -13.23682, 11.97374, -4.02127, 5.93863, 2.94323, 11.88054, 2.57124, -7.01367, 20.56212, -6.00637, -7.28027, -6.38057, -1.75959, -6.52482]"
44,sub7,scratch,1,sub7-c__0045__squat.npy,16,squat,16,0.999734,1,"[-12.39679, 5.90349, -5.85031, 3.91404, 11.00958, 3.67724, 1.0602, 0.16388, -14.13304, 11.68703, -3.18552, 6.46943, 3.40807, 11.55387, 2.65854, -6.77305, 20.79114, -6.40652, -8.19942, -5.87175, -2.48575, -7.48672]"
44,sub7,scratch,1,sub7-c__0046__pickup.npy,11,pickup,12,0.7358958,0,"[-0.97867, 1.75918, 9.1509, -5.63682, -18.98835, -3.84144, 6.2147, -3.10618, -0.16734, -2.56651, -1.5045, 13.4406, 14.4807, -3.84507, 6.56412, -3.50754, -4.64982, -4.14071, -4.456, -3.10054, -5.24979, -1.99919]"
44,sub7,scratch,1,sub7-c__0047__pickup.npy,11,pickup,12,0.70824337,0,"[-0.84372, 2.07026, 8.85345, -5.75314, -18.19206, -3.75699, 5.95773, -3.14983, -0.47627, -3.00481, -1.92786, 13.2842, 14.18531, -3.41641, 6.94372, -2.96001, -4.36371, -3.74265, -4.0939, -2.97658, -5.5359, -2.22765]"
44,sub7,scratch,1,sub7-c__0048__pickup.npy,11,pickup,12,0.5576211,0,"[-2.11826, 1.53828, 7.42485, -6.64919, -17.53603, -4.26171, 6.88485, -3.69162, -1.20336, -0.82651, -1.17166, 14.76566, 14.99927, -3.43887, 7.92526, -3.50204, -2.47828, -4.9813, -4.42191, -3.09049, -5.13183, -3.42701]"
44,sub7,scratch,1,sub7-c__0050__pickup.npy,11,pickup,12,0.7044899,0,"[-2.10751, 1.56107, 8.61937, -6.04428, -18.36097, -3.94375, 7.00135, -2.70498, -0.03817, -2.68625, -2.3084, 13.97201, 14.84726, -4.2515, 6.86896, -2.95411, -4.02973, -4.03491, -3.84138, -3.05306, -4.99149, -2.04653]"
44,sub7,scratch,1,sub7-c__0051__pushchair.npy,12,pushchair,12,0.8454446,1,"[-3.50104, 3.80864, 6.17535, -5.50781, -13.36031, -2.93681, 4.25971, -3.80941, -3.56156, 2.01499, -0.85555, 11.77165, 13.48322, 0.21434, 6.89801, -4.88745, 0.63525, -6.44138, -5.19198, -4.10317, -5.09724, -3.71467]"
44,sub7,scratch,1,sub7-c__0052__pushchair.npy,12,pushchair,12,0.87380344,1,"[-3.52156, 5.19908, 6.28541, -3.13035, -13.51365, -3.44895, 3.88822, -2.13964, -2.99362, -0.68946, -2.70502, 10.86437, 12.82536, 1.58472, 6.39982, -4.90337, 0.36581, -5.41611, -4.67723, -4.91884, -6.45955, -2.41246]"
44,sub7,scratch,1,sub7-c__0053__pushchair.npy,12,pushchair,12,0.71383566,1,"[-4.80301, 5.83394, 4.06783, -2.60395, -10.21659, -3.82726, 3.81212, -2.33417, -5.30674, 2.23744, -2.44388, 11.18334, 12.11345, 4.08172, 6.37394, -5.69408, 4.10701, -6.48117, -5.64316, -5.46877, -6.62733, -3.64253]"
44,sub7,scratch,1,sub7-c__0054__pushchair.npy,12,pushchair,12,0.62345296,1,"[-5.29837, 4.55623, 4.01052, -3.83269, -10.33222, -4.03019, 5.06909, -2.80064, -4.70611, 2.25032, -2.88363, 12.21556, 12.72719, 2.65477, 7.02732, -5.06456, 3.70368, -6.16973, -4.94533, -4.94358, -5.83596, -4.0143]"
44,sub7,scratch,1,sub7-c__0055__pushchair.npy,12,pushchair,12,0.62193793,1,"[-6.43087, 4.80705, 2.79042, -2.53414, -8.21655, -4.32433, 4.77132, -2.43205, -5.42152, 3.14545, -3.40743, 11.3924, 11.90781, 4.13477, 6.86594, -5.38269, 5.61824, -6.06678, -5.21236, -5.60002, -5.67791, -3.7406]"
44,sub7,scratch,1,sub7-c__0056__sit.npy,15,sit,15,0.54683924,1,"[6.16102, 1.85995, -4.42034, -4.08295, -1.67196, -1.4625, 4.19346, -4.73723, -1.89157, 1.12865, 3.42128, -2.69301, -7.24115, 0.05207, 0.05792, 12.09536, -5.23879, -4.60379, 8.7237, 11.86092, 2.78086, -12.33418]"
44,sub7,scratch,1,sub7-c__0057__stand.npy,17,stand,17,0.9752383,1,"[8.48136, -10.09928, -3.52967, 2.32222, -0.53913, -6.42045, 0.61912, -5.41237, -2.21079, 2.00204, 0.11202, -0.41014, -9.09949, 6.4789, 0.59226, 4.5231, -8.95053, 13.82701, 3.14981, 2.01766, 9.9066, -3.3661]"
44,sub7,scratch,1,sub7-c__0058__sit.npy,15,sit,15,0.6428028,1,"[6.35887, 2.58176, -4.07715, -3.76722, 1.25798, -0.4858, 2.51109, -5.27618, -3.23798, 1.97998, 2.83349, -4.12546, -8.30493, 1.36412, -1.75583, 12.67094, -4.50202, -4.36825, 8.49279, 12.0516, 3.08178, -12.64093]"
44,sub7,scratch,1,sub7-c__0059__stand.npy,17,stand,17,0.9934,1,"[7.64099, -10.21381, -2.90911, 2.88034, 3.12421, -5.47363, 1.23961, -5.2362, -2.85268, 1.49411, -2.42054, -2.02296, -11.12798, 7.01566, -1.71789, 7.26173, -9.3547, 15.60901, 3.74152, 2.80694, 10.46892, -2.76813]"
44,sub7,scratch,1,sub7-c__0060__sit.npy,15,sit,15,0.87800354,1,"[6.14829, 1.28782, -4.03497, -2.97844, 1.62904, -0.85337, 3.84771, -5.19227, -2.09176, 0.41091, 0.96692, -4.56647, -9.60277, 0.96796, -2.25921, 14.69503, -6.13738, -2.3105, 9.54969, 12.67672, 3.89855, -11.70976]"
44,sub7,scratch,1,sub7-c__0061__stand.npy,17,stand,17,0.9765613,1,"[7.38219, -10.69345, -3.2303, 2.36925, 3.54413, -5.16954, -0.26721, -6.28622, -2.94194, 3.25476, -0.88371, -2.36201, -10.81506, 7.01283, -1.25682, 5.60875, -8.25919, 15.25848, 3.33642, 2.40414, 11.49782, -3.30996]"
44,sub7,scratch,1,sub7-c__0062__sit.npy,15,sit,15,0.6921047,1,"[6.51291, 1.66579, -4.45018, -3.46513, 1.95268, -1.53538, 3.77904, -5.8806, -2.61688, 1.86512, 1.54332, -4.72794, -9.55665, 1.54284, -1.41046, 13.28066, -5.72297, -3.49214, 9.64153, 12.4065, 4.11423, -12.37762]"
44,sub7,scratch,1,sub7-c__0063__stand.npy,17,stand,17,0.96958274,1,"[7.20362, -10.91942, -3.65208, 2.15559, 3.64613, -5.81303, -0.00253, -6.47478, -2.98806, 3.72212, -0.873, -1.81969, -10.49955, 7.07814, -1.00745, 5.44681, -7.87772, 14.87092, 3.2744, 2.18236, 11.3765, -3.19279]"
44,sub7,scratch,1,sub7-c__0064__sit.npy,15,sit,15,0.7040693,1,"[4.66225, -1.75389, -4.59265, -4.56875, 2.18693, -1.89918, 4.8093, -8.3695, -1.90843, 3.95428, 2.18662, -3.17846, -7.66924, -0.85789, -0.73453, 13.23957, -5.09089, -3.33052, 9.02968, 12.33171, 6.76752, -12.17009]"
44,sub7,scratch,1,sub7-c__0065__stand.npy,17,stand,17,0.9711547,1,"[7.20702, -10.77877, -3.26883, 2.0841, 1.6952, -5.82766, 0.82414, -5.64294, -1.759, 1.61575, -1.65402, -1.28816, -9.79411, 5.64937, -0.29474, 6.09783, -8.82257, 14.88848, 4.13785, 2.51221, 11.34658, -2.91084]"
44,sub7,scratch,1,sub7-c__0066__squat.npy,16,squat,16,0.9994831,1,"[-11.69869, 4.72873, -6.43826, 4.41494, 13.41636, 4.37938, -0.3781, -1.4668, -15.37364, 13.42992, -1.60112, 5.41916, 2.17724, 12.55159, 2.14431, -6.60334, 21.87361, -5.82114, -9.27784, -5.57545, -1.66674, -8.09654]"
44,sub7,scratch,1,sub7-c__0067__squat.npy,16,squat,16,0.99921227,1,"[-11.80811, 4.36746, -6.78323, 4.932, 13.1315, 3.91884, -0.09654, -1.41762, -14.81037, 13.48742, -1.89705, 5.13333, 2.01379, 12.44152, 2.24066, -6.64343, 21.35206, -5.71245, -8.73741, -5.83797, -1.36381, -7.68231]"
44,sub7,scratch,1,sub7-c__0068__squat.npy,16,squat,16,0.99972135,1,"[-12.24277, 4.73464, -6.74111, 4.5714, 12.92461, 4.50902, 0.11186, -0.97268, -14.83411, 13.35929, -1.81135, 5.63475, 2.33451, 12.03885, 2.19823, -6.92266, 22.19439, -6.21527, -9.14486, -5.70184, -1.52102, -7.98499]"
44,sub7,scratch,1,sub7-c__0069__squat.npy,16,squat,16,0.99974865,1,"[-12.15687, 5.0572, -6.47224, 4.51975, 12.79898, 4.20891, 0.05602, -0.83219, -14.7925, 12.62568, -2.22237, 5.71473, 2.51566, 12.25104, 2.44556, -6.79831, 21.97146, -6.01576, -9.02601, -5.78899, -1.98245, -7.72765]"
44,sub7,scratch,1,sub7-c__0070__squat.npy,16,squat,16,0.9990125,1,"[-11.93403, 4.44038, -6.10505, 5.10662, 12.00251, 4.04537, 0.21908, -1.41102, -14.40783, 12.73057, -2.15377, 5.13927, 2.45743, 12.17969, 2.17964, -6.35032, 20.37291, -5.5175, -8.79912, -5.94138, -1.55111, -7.4427]"
44,sub7,scratch,1,sub7-c__0071__pickup.npy,11,pickup,12,0.84588504,0,"[-0.55462, 0.82728, 10.3226, -5.49415, -20.61039, -3.61113, 5.68576, -2.39998, 2.0531, -4.85648, -1.71042, 12.90045, 14.67815, -5.99984, 6.17007, -2.91889, -6.52833, -2.84693, -3.98079, -2.53264, -4.51854, -0.02369]"
44,sub7,scratch,1,sub7-c__0072__pickup.npy,11,pickup,12,0.76093614,0,"[-0.50248, 1.8525, 9.84491, -5.07546, -19.36184, -3.45572, 5.74494, -2.56818, 0.41353, -4.11667, -2.12433, 12.90927, 14.11455, -4.14155, 6.12261, -3.03147, -5.42874, -3.20332, -4.27048, -2.98906, -5.41132, -1.11958]"
44,sub7,scratch,1,sub7-c__0073__pickup.npy,11,pickup,11,0.51952344,1,"[-2.86082, -0.08181, 7.77598, -6.66081, -18.27661, -4.98706, 8.34516, -3.29663, 0.23504, -1.84981, -2.40263, 15.76672, 15.68718, -5.02798, 7.84817, -3.39749, -3.13409, -4.11869, -3.824, -2.94117, -4.24666, -2.3432]"
44,sub7,scratch,1,sub7-c__0074__pickup.npy,11,pickup,12,0.7351954,0,"[-1.14124, 0.70266, 9.60154, -5.65366, -19.86816, -4.28273, 6.72242, -2.82104, 1.17334, -3.65264, -2.16793, 13.76107, 14.79934, -5.21946, 6.59674, -3.18289, -5.57497, -3.21173, -3.92254, -2.90344, -4.55651, -0.92524]"
44,sub7,scratch,1,sub7-c__0075__pickup.npy,11,pickup,12,0.74510384,0,"[-1.32487, 1.23233, 9.59734, -5.38622, -19.45468, -3.90766, 6.57755, -2.40626, 0.93557, -4.18724, -2.57184, 13.57066, 14.66362, -4.91409, 6.39153, -2.86942, -5.21694, -3.11892, -3.89471, -2.95522, -4.98172, -0.91789]"
44,sub7,scratch,1,sub7-c__0076__pushchair.npy,12,pushchair,12,0.90228087,1,"[-2.30001, 2.21494, 6.08953, -4.44416, -13.55645, -1.94525, 2.19252, -5.4373, -3.87963, 1.91614, 2.5188, 11.39015, 13.63465, 0.09798, 7.28195, -5.02945, 1.26918, -6.14273, -6.98953, -3.98977, -5.12894, -4.08986]"
44,sub7,scratch,1,sub7-c__0077__pushchair.npy,12,pushchair,12,0.76485884,1,"[-3.97671, 4.55232, 5.24053, -2.47049, -12.2206, -3.75326, 4.15992, -2.84528, -4.37372, 1.05161, -1.80708, 11.45289, 12.64412, 2.60186, 6.59942, -5.57468, 2.4784, -5.8862, -5.93335, -5.23269, -6.40193, -3.29235]"
44,sub7,scratch,1,sub7-c__0078__pushchair.npy,12,pushchair,12,0.7648713,1,"[-3.75347, 4.60532, 5.93557, -2.70075, -13.05368, -3.72715, 4.57435, -2.5138, -3.69337, 0.06122, -2.46839, 11.68199, 12.87064, 1.98253, 6.19469, -5.17804, 1.52814, -5.70774, -5.654, -5.00812, -6.58161, -2.84655]"
44,sub7,scratch,1,sub7-c__0079__pushchair.npy,12,pushchair,12,0.81470984,1,"[-3.74763, 3.91926, 6.38485, -2.81002, -13.80563, -3.48451, 4.59125, -2.70519, -3.18601, -0.31118, -2.12052, 11.8096, 13.30002, 1.04697, 6.28725, -4.9355, 0.85385, -5.34982, -5.70601, -4.95014, -6.25599, -2.67841]"
44,sub7,scratch,1,sub7-c__0081__pushchair.npy,12,pushchair,12,0.83471936,1,"[-3.46041, 1.32311, 7.09521, -5.38135, -16.31431, -3.97918, 6.02112, -4.03406, -1.28691, 0.32154, -0.76617, 13.2327, 14.85781, -2.29076, 7.34243, -4.90335, -1.20474, -5.67169, -5.00093, -3.84964, -4.46494, -2.9702]"
44,sub7,scratch,1,sub7-c__0082__sit.npy,15,sit,15,0.5283486,1,"[9.44085, 1.73319, -1.43204, -1.75954, 2.13842, -1.76646, 0.68378, -6.38082, -2.81701, -1.61546, 0.2264, -4.74172, -12.27031, 3.98821, -1.53755, 13.01387, -8.04168, 3.78809, 6.90693, 12.86535, 4.2191, -9.14342]"
44,sub7,scratch,1,sub7-c__0083__stand.npy,17,stand,17,0.9397044,1,"[8.01734, -10.01729, -4.20213, 1.80888, 1.1913, -5.84617, -0.15021, -6.99101, -4.05567, 4.96017, 1.83507, -0.58505, -9.11541, 7.9223, 0.57827, 3.79067, -7.30849, 12.91583, 1.98781, 1.89509, 9.90771, -4.73732]"
44,sub7,scratch,1,sub7-c__0084__sit.npy,15,sit,15,0.9466755,1,"[5.04194, -0.17433, -4.12683, -3.32487, 0.36078, -1.48726, 5.55476, -3.89487, -1.61052, -0.28631, 0.29683, -2.65202, -8.59891, -0.22479, -1.51518, 15.15851, -5.88097, -1.35903, 9.10933, 12.23691, 3.80899, -10.92106]"
44,sub7,scratch,1,sub7-c__0085__stand.npy,17,stand,17,0.99200284,1,"[7.65436, -10.51066, -3.45518, 2.42634, 1.8614, -5.16453, 0.34869, -5.19612, -3.48778, 2.72294, -0.19323, -0.71393, -9.89224, 7.06338, -0.78038, 5.56365, -7.84914, 14.88699, 2.65378, 2.28256, 9.9004, -3.76247]"
44,sub7,scratch,1,sub7-c__0086__sit.npy,15,sit,15,0.72084254,1,"[6.19125, 0.6783, -4.40613, -3.40344, 0.19107, -1.77929, 4.88906, -5.92184, -1.57273, 1.34412, 2.06494, -3.70826, -8.78112, 0.3282, -0.74803, 13.36563, -6.17767, -3.3151, 9.30358, 12.36858, 3.97759, -12.1461]"
44,sub7,scratch,1,sub7-c__0087__stand.npy,17,stand,17,0.9765376,1,"[7.37472, -10.46802, -3.80661, 2.56031, 0.62982, -6.44765, 1.17823, -5.56482, -3.33298, 3.86161, 0.6251, -0.00815, -9.06668, 7.17247, 0.10676, 4.3312, -7.77746, 13.53117, 1.77469, 1.60291, 9.61748, -3.34151]"
44,sub7,scratch,1,sub7-c__0088__sit.npy,15,sit,15,0.9316022,1,"[4.97866, -0.06659, -4.15332, -3.18865, 1.89305, -1.66519, 6.1931, -4.9167, -1.75717, 0.40776, -0.6821, -3.72334, -9.80292, 0.2787, -1.75585, 15.36347, -6.35511, -1.24591, 9.64764, 12.70372, 4.69057, -10.97064]"
44,sub7,scratch,1,sub7-c__0089__stand.npy,17,stand,17,0.71716374,1,"[5.89413, -10.92452, -4.98355, 2.06208, -2.10273, -5.57359, 0.08774, -6.39871, -2.06627, 4.46, 3.72979, 0.90464, -6.47758, 5.09775, 2.23396, 3.16185, -6.21078, 11.35819, 1.86241, 1.05561, 10.40655, -4.5745]"
44,sub7,scratch,1,sub7-c__0090__sit.npy,15,sit,15,0.4789086,1,"[2.69166, -6.22816, -0.88349, -1.84961, 9.44823, 5.11368, -3.89142, -10.99327, -3.35298, 4.50938, 3.04605, -5.92496, -7.21921, -0.49491, -4.32713, 10.97931, 0.31812, 3.59654, -0.18758, 10.31207, 9.93797, -6.89272]"
44,sub7,scratch,1,sub7-c__0091__stand.npy,17,stand,17,0.9252357,1,"[-0.13678, -10.95549, 0.8314, 0.32868, 5.75358, 5.60578, -5.39924, -6.40514, -2.67938, 2.10475, 0.99211, -4.54704, -4.9339, -0.60455, -4.86986, 9.34127, -3.07289, 13.81176, -3.59277, 4.28144, 11.13353, -0.51525]"
44,sub7,scratch,1,sub7-c__0092__sit.npy,15,sit,15,0.7221906,1,"[5.06365, -6.41771, -2.84978, -4.14392, 0.29949, -0.63804, 4.67912, -10.61451, 1.52029, 0.93534, -0.33703, -1.38229, -4.70215, -2.2571, 1.75284, 11.9977, -6.7766, 1.06834, 5.92547, 11.02923, 5.04004, -6.52051]"
44,sub7,scratch,1,sub7-c__0093__stand.npy,17,stand,17,0.9906606,1,"[-0.14868, -10.06025, 1.81035, 0.95496, 6.79132, 5.35689, -4.90022, -4.85896, -2.29195, -0.63573, -2.45293, -5.31999, -6.03712, -0.14097, -5.65174, 10.86167, -4.22864, 16.02013, -2.73046, 4.05119, 10.3786, 1.06966]"
44,sub7,scratch,1,sub7-c__0094__sit.npy,15,sit,19,0.7227113,0,"[4.47285, -4.9337, -5.07842, -7.59953, 1.64549, -2.80434, 4.41049, -13.42223, 0.09877, 6.00914, 0.321, 0.40531, -1.69817, -1.3176, 6.06454, 7.00334, -3.5094, -4.79858, 7.20448, 9.1462, 4.90941, -9.57816]"
44,sub7,scratch,1,sub7-c__0095__stand.npy,17,stand,17,0.9110701,1,"[-0.17958, -11.41213, 0.3471, 0.61984, 5.52179, 5.27091, -5.08627, -6.14411, -2.2166, 1.91158, 0.99636, -4.37863, -5.06429, -0.88345, -4.70527, 9.61481, -3.03439, 13.75426, -3.14339, 4.33371, 11.2423, -0.46172]"
44,sub7,scratch,1,sub7-c__0096__sit.npy,15,sit,15,0.63699275,1,"[3.12425, -7.42194, -3.50335, -4.474, -1.4468, -2.32827, 6.97993, -10.05595, 3.70974, 0.90787, -1.40531, -0.4663, -3.43296, -4.04601, 3.15172, 11.34385, -6.67957, 0.51531, 6.98169, 10.7254, 5.94436, -6.32724]"
44,sub7,scratch,1,sub7-c__0097__stand.npy,17,stand,17,0.98127365,1,"[0.4589, -10.37944, 1.24311, 0.60281, 7.27165, 5.44609, -5.42189, -5.85481, -3.12671, 0.9413, -0.89179, -5.37939, -6.25904, 0.43631, -5.5484, 10.38262, -3.80444, 15.25849, -2.9234, 4.36095, 10.75219, -0.04165]"
44,sub7,scratch,1,sub7-c__0098__squat.npy,16,squat,16,0.99993646,1,"[-13.60627, 3.96582, -8.86539, 2.49875, 12.81456, 4.45613, 1.34749, 0.01006, -13.11665, 12.19819, 0.0085, 5.01213, 3.28348, 9.01977, 4.77796, -6.13814, 22.92472, -6.18141, -6.31166, -4.72959, 0.21288, -10.07059]"
44,sub7,scratch,1,sub7-c__0099__squat.npy,16,squat,16,0.99997663,1,"[-13.16431, 4.47665, -8.91665, 2.62888, 13.55399, 4.77283, 0.6377, 0.15532, -14.15754, 12.15706, 0.71246, 5.30689, 3.05976, 9.76326, 4.69846, -6.67724, 24.45719, -6.48309, -7.2208, -4.56861, -0.49634, -10.38542]"
44,sub7,scratch,1,sub7-c__0100__squat.npy,16,squat,16,0.9999747,1,"[-13.69223, 3.84964, -8.92377, 2.32342, 14.53788, 4.6516, 1.24205, -0.25478, -14.55944, 12.64731, 0.3196, 5.78798, 3.02307, 9.69866, 4.50213, -6.48076, 25.27015, -6.15636, -7.5846, -4.35197, -0.01478, -10.50141]"
44,sub7,scratch,1,sub7-c__0102__squat.npy,16,squat,16,0.9999654,1,"[-13.66195, 3.92684, -9.01386, 2.64333, 14.42475, 4.34969, 1.01502, -0.07491, -14.20868, 12.35892, 0.09252, 5.31405, 2.88611, 9.98961, 4.56225, -6.678, 24.82743, -6.09154, -7.09662, -4.5907, 0.01073, -10.28583]"
44,sub7,scratch,1,sub7-c__0103__pickup.npy,11,pickup,12,0.9919269,0,"[-3.03457, -4.85498, 6.65645, -7.11033, -23.24499, -5.25269, 8.24319, -2.74349, 6.08652, -4.06573, 3.13307, 13.38324, 18.22056, -12.53696, 9.40865, -1.79222, -6.42629, -0.95324, -3.94048, -2.33116, 0.44663, -0.86653]"
44,sub7,scratch,1,sub7-c__0104__pickup.npy,11,pickup,12,0.9939042,0,"[-4.83318, -5.15282, 6.49682, -7.81246, -22.33369, -5.2026, 8.88259, -2.58151, 5.64264, -2.91015, 2.58315, 14.15495, 19.26018, -12.93071, 8.94106, -1.89226, -5.10078, -1.42066, -4.34622, -2.57873, 1.15225, -0.58148]"
44,sub7,scratch,1,sub7-c__0105__pickup.npy,11,pickup,12,0.98947746,0,"[-3.92076, -5.10916, 6.20714, -7.94326, -22.62465, -5.8318, 8.99291, -3.16703, 5.46243, -2.872, 2.90081, 14.49923, 19.05609, -12.45695, 9.77224, -2.03402, -5.22449, -1.58265, -4.12539, -2.47538, 0.62427, -1.28153]"
44,sub7,scratch,1,sub7-c__0106__pickup.npy,11,pickup,12,0.99081904,0,"[-3.34073, -4.35528, 7.186, -7.52365, -22.63727, -5.6374, 8.66748, -2.99, 5.55496, -3.59137, 2.26247, 13.56036, 18.26366, -12.0713, 9.18597, -1.8693, -6.22701, -1.11855, -4.2052, -2.51115, 0.35409, -0.6969]"
44,sub7,scratch,1,sub7-c__0107__pickup.npy,11,pickup,12,0.9922482,0,"[-3.57337, -4.87589, 6.65775, -7.42226, -22.85681, -5.74819, 8.78581, -2.9098, 6.02281, -3.66583, 2.49172, 13.59319, 18.46901, -12.52028, 9.35245, -1.7514, -6.12694, -1.11782, -3.83887, -2.40604, 0.62106, -0.74396]"
44,sub7,scratch,1,sub7-c__0108__pushchair.npy,12,pushchair,12,0.94190806,1,"[-0.73597, -4.77492, 2.55211, -6.66226, -18.3785, -0.99733, 0.84952, -7.41397, 0.78197, 2.47656, 13.8439, 10.42669, 16.6876, -9.09626, 10.22024, -3.72365, 0.00083, -4.3323, -6.94761, -2.10949, 1.24796, -5.92861]"
44,sub7,scratch,1,sub7-c__0109__pushchair.npy,12,pushchair,12,0.9879534,1,"[-7.6699, -2.35579, 2.67634, -8.32722, -16.08018, -4.36767, 6.65609, -4.73749, -0.18514, 4.58399, 5.68774, 15.20322, 19.61838, -7.96974, 10.37689, -5.66854, 4.21902, -6.06324, -6.96125, -4.07993, 0.57265, -4.57444]"
44,sub7,scratch,1,sub7-c__0110__pushchair.npy,12,pushchair,12,0.9950783,1,"[-9.07583, 0.60614, 2.71841, -5.98032, -14.77386, -4.01237, 5.4109, -3.0034, -0.68991, 4.16398, 4.08476, 13.51893, 18.83609, -5.30467, 8.56697, -6.88645, 5.79323, -6.98703, -7.21266, -5.2565, -0.74751, -3.20509]"
44,sub7,scratch,1,sub7-c__0111__pushchair.npy,12,pushchair,12,0.98899883,1,"[-9.63181, 0.82839, 1.52357, -6.12823, -13.92125, -3.5183, 5.68054, -2.57298, -1.68738, 5.19845, 4.64028, 14.08158, 18.58835, -4.65964, 9.04342, -6.96322, 7.34001, -7.5888, -7.28545, -5.25563, -1.0775, -4.56738]"
44,sub7,scratch,1,sub7-c__0112__pushchair.npy,12,pushchair,12,0.9898156,1,"[-10.37983, 0.64097, 1.59335, -5.73291, -13.98864, -3.6035, 6.03129, -2.00713, -1.06798, 4.75345, 3.84243, 14.30622, 18.88751, -5.25652, 8.55255, -7.09886, 7.50479, -7.37771, -7.15079, -5.38786, -0.72886, -3.64696]"
44,sub7,scratch,1,sub7-c__0113__pushchair.npy,12,pushchair,12,0.93953216,1,"[-12.03033, -0.22127, -1.33028, -6.12996, -9.24131, -4.36156, 6.16818, -3.03375, -2.93602, 9.02219, 3.70273, 14.82143, 17.61676, -3.46384, 8.46056, -7.8448, 11.7951, -7.92406, -7.17702, -5.37666, 0.57651, -4.69757]"
44,sub7,scratch,1,sub7-c__0114__sit.npy,15,sit,19,0.61043835,0,"[4.00412, -5.71595, -4.1492, -7.00977, 2.8057, 0.54152, 0.88008, -13.18197, -0.1503, 7.28345, 2.80799, -1.44368, -2.04741, -2.50545, 2.42388, 7.35435, -3.4728, -3.95056, 6.32902, 9.1069, 7.63541, -8.48695]"
44,sub7,scratch,1,sub7-c__0115__stand.npy,17,stand,17,0.9433473,1,"[-0.17053, -10.86277, 0.87939, 0.68665, 4.71456, 5.88176, -4.98193, -5.02899, -2.09175, 0.73354, 0.64162, -4.18893, -4.71052, -1.40625, -4.84717, 10.05186, -3.37228, 13.92583, -3.23883, 4.28259, 10.67608, -0.17389]"
44,sub7,scratch,1,sub7-c__0116__sit.npy,15,sit,19,0.8155309,0,"[4.27233, -6.0015, -3.6593, -6.81587, -1.26278, -2.02649, 4.32245, -12.50726, 3.24554, 3.42429, 0.69001, -0.68857, -1.86464, -3.98032, 4.20774, 8.71823, -5.82706, -3.46596, 7.38008, 10.52519, 6.07093, -8.12687]"
44,sub7,scratch,1,sub7-c__0117__stand.npy,17,stand,17,0.9932029,1,"[1.59198, -9.79729, 1.86307, 1.60229, 6.64182, 5.67645, -6.09888, -4.94726, -2.527, -0.80342, -1.16059, -6.01687, -7.09208, 0.39154, -6.093, 10.88632, -4.84257, 16.17489, -2.67958, 4.28251, 9.78941, 0.76604]"
44,sub7,scratch,1,sub7-c__0118__sit.npy,15,sit,19,0.76443386,0,"[3.94571, -5.60768, -4.03255, -7.22564, -1.76087, -2.05746, 3.9501, -12.61466, 3.20644, 4.04833, 1.1588, -0.07011, -0.51615, -4.06505, 5.35364, 7.24054, -5.18718, -4.72683, 7.37822, 9.38999, 5.67106, -8.48826]"
44,sub7,scratch,1,sub7-c__0119__stand.npy,17,stand,17,0.97390306,1,"[0.80411, -10.27169, 1.20054, 0.39507, 8.33162, 5.74147, -5.97579, -6.25737, -3.5248, 1.52551, -0.71657, -5.68538, -6.61946, 0.68971, -5.89217, 10.11743, -3.40589, 14.9937, -2.94848, 4.55508, 10.96303, -0.0818]"
44,sub7,scratch,1,sub7-c__0120__sit.npy,15,sit,19,0.5853877,0,"[5.56242, -5.62096, -3.75727, -5.58969, -0.59064, -2.78227, 5.59805, -11.82757, 2.00501, 2.02574, -0.311, -0.67019, -3.63254, -2.20081, 4.22484, 10.30787, -6.53148, -1.55906, 7.2523, 10.7211, 4.51149, -8.01947]"
44,sub7,scratch,1,sub7-c__0121__stand.npy,17,stand,17,0.9913282,1,"[1.21605, -9.89306, 1.5966, 0.72162, 8.11444, 5.58122, -5.8425, -5.5808, -3.60274, 0.4829, -1.4191, -5.76248, -7.04795, 1.04005, -6.12731, 10.63329, -4.09218, 15.9643, -2.79985, 4.41568, 10.30243, 0.27921]"
44,sub7,scratch,1,sub7-c__0122__sit.npy,15,sit,19,0.7633221,0,"[4.32659, -6.19828, -3.78532, -6.31734, -0.61481, -3.03767, 6.17867, -12.2237, 2.45838, 3.3719, -0.07426, -0.49126, -2.77752, -3.0717, 3.8425, 9.5317, -6.11835, -2.51674, 7.14705, 10.84958, 5.57546, -8.03704]"
44,sub7,scratch,1,sub7-c__0123__stand.npy,17,stand,17,0.9878594,1,"[0.82256, -10.14978, 1.39291, 1.00181, 7.35899, 5.81021, -5.77074, -5.46294, -3.13087, 0.45901, -0.88989, -5.65094, -6.69657, 0.46971, -5.83346, 10.54758, -3.88336, 15.58957, -2.92309, 4.38204, 10.38475, 0.16807]"
44,sub7,scratch,1,sub7-c__0124__sit.npy,15,sit,15,0.5956733,1,"[4.07563, -6.02953, -3.41445, -5.11473, 0.45744, -0.22997, 3.17755, -10.95752, 2.18324, 2.7152, 0.23448, -1.37958, -3.14843, -3.22329, 2.31877, 10.18517, -5.8609, -1.38943, 6.98271, 9.69547, 6.30871, -6.87216]"
44,sub7,scratch,1,sub7-c__0125__stand.npy,17,stand,17,0.9845755,1,"[0.87135, -9.83988, 1.36495, 0.15379, 8.60133, 5.73163, -5.91898, -6.10077, -3.99915, 1.28659, -1.07058, -5.73782, -6.65659, 1.16837, -5.87409, 10.18745, -3.47933, 15.36572, -2.86266, 4.56127, 10.63105, -0.27766]"
44,sub7,scratch,1,sub7-c__0126__squat.npy,16,squat,16,0.999982,1,"[-13.7742, 4.71706, -8.47214, 2.1265, 12.43847, 3.58014, 1.83127, 0.26629, -13.48296, 11.90176, -0.36864, 6.17853, 3.89171, 9.18475, 4.95758, -6.47163, 23.85264, -6.46666, -7.11652, -4.73626, -0.68589, -9.93035]"
44,sub7,scratch,1,sub7-c__0127__squat.npy,16,squat,16,0.9999833,1,"[-13.41467, 4.32377, -8.4174, 2.13034, 12.54281, 4.44849, 1.05583, -0.2839, -14.14704, 12.37529, 1.13322, 5.9968, 3.80706, 9.3749, 5.02127, -6.7276, 24.18316, -6.49835, -7.74221, -4.59455, -0.51003, -10.55351]"
44,sub7,scratch,1,sub7-c__0128__squat.npy,16,squat,16,0.99997246,1,"[-13.82448, 3.36307, -9.00865, 2.09695, 12.01886, 2.19515, 2.34383, -0.6898, -12.54056, 12.24794, -0.60203, 6.45793, 4.26443, 9.0355, 5.64027, -6.84123, 23.36052, -6.31655, -6.36906, -5.03759, 0.03582, -9.68157]"
44,sub7,scratch,1,sub7-c__0129__squat.npy,16,squat,16,0.99997556,1,"[-14.05457, 3.29031, -8.85724, 1.83893, 13.18717, 2.53163, 2.1682, -0.51551, -13.13992, 12.52043, -0.75466, 6.47871, 3.92304, 9.11879, 5.19643, -6.74932, 24.22988, -5.91096, -6.8692, -4.85833, 0.2303, -9.52335]"
44,sub7,scratch,1,sub7-c__0130__squat.npy,16,squat,16,0.9999771,1,"[-13.84345, 3.40409, -8.68464, 1.34668, 12.59413, 2.97346, 2.14894, -0.79182, -13.36565, 12.78556, 0.04637, 6.79253, 4.3093, 8.67057, 5.404, -6.54739, 24.08562, -6.33393, -7.23507, -4.64216, 0.02032, -9.99889]"
44,sub7,scratch,1,sub7-c__0131__pickup.npy,11,pickup,12,0.9864203,0,"[-4.30792, -5.52699, 5.81031, -8.19675, -22.30919, -5.49705, 9.04573, -3.17901, 5.15422, -2.19165, 3.40726, 14.82276, 19.11891, -12.74006, 9.91768, -2.00211, -4.67065, -1.57493, -4.48379, -2.33459, 1.11413, -1.50092]"
44,sub7,scratch,1,sub7-c__0132__pickup.npy,11,pickup,12,0.988704,0,"[-3.22261, -5.15911, 6.23206, -7.39015, -22.92645, -5.76374, 8.57894, -2.96287, 6.14982, -3.87679, 2.78475, 13.84134, 18.33901, -12.6352, 9.92416, -1.9347, -5.97989, -0.90234, -3.70881, -2.28552, 0.7105, -0.93438]"
44,sub7,scratch,1,sub7-c__0133__pickup.npy,11,pickup,12,0.9830651,0,"[-5.60083, -5.54918, 5.14027, -8.33495, -21.32147, -5.34792, 9.59123, -3.02259, 4.48999, -1.3738, 2.97035, 15.49832, 19.56633, -12.3483, 9.96805, -2.01007, -3.08703, -2.02641, -4.66488, -2.50232, 1.16094, -1.98634]"
44,sub7,scratch,1,sub7-c__0134__pickup.npy,11,pickup,12,0.9767445,0,"[-5.02064, -5.46234, 5.17911, -8.63375, -22.09448, -6.52778, 10.1655, -3.21323, 5.09091, -1.81828, 2.51116, 16.1884, 19.93195, -12.51539, 10.51063, -2.58743, -3.68393, -2.31548, -4.10379, -2.55823, 0.70443, -1.82138]"
44,sub7,scratch,1,sub7-c__0135__pickup.npy,11,pickup,12,0.96502185,0,"[-5.70996, -5.00949, 5.19823, -8.93262, -20.73754, -6.19587, 10.27073, -3.56634, 3.45656, -0.49492, 2.51485, 16.48245, 19.8041, -11.53029, 10.36892, -2.3849, -2.2627, -2.57562, -5.1529, -2.71348, 0.57894, -2.36903]"
44,sub7,scratch,1,sub7-c__0136__pushchair.npy,12,pushchair,12,0.9463662,1,"[-9.35387, -0.82668, 1.37014, -7.19773, -14.84328, -5.33347, 8.38456, -3.19598, -0.88436, 4.38052, 3.08064, 16.1965, 19.07116, -5.73704, 10.60717, -6.21473, 6.48682, -7.03389, -6.39974, -4.63058, -1.08998, -4.82118]"
44,sub7,scratch,1,sub7-c__0137__pushchair.npy,12,pushchair,12,0.98662275,1,"[-11.0067, -0.7128, 1.09042, -5.6262, -14.31165, -5.74092, 7.48957, -2.29733, 0.59427, 4.83246, 2.31966, 14.76022, 19.06492, -5.92526, 8.89979, -7.03437, 6.87871, -6.80622, -6.44795, -5.56866, 0.24398, -2.16858]"
44,sub7,scratch,1,sub7-c__0138__pushchair.npy,12,pushchair,12,0.97489345,1,"[-11.31815, -1.08946, 0.66455, -6.33632, -13.40348, -4.60523, 7.55817, -2.08402, -0.66201, 5.23899, 2.99153, 15.73458, 19.39591, -6.05261, 9.00173, -6.70857, 8.3691, -7.15702, -6.81334, -5.13303, 0.13124, -3.48192]"
44,sub7,scratch,1,sub7-c__0139__pushchair.npy,12,pushchair,12,0.8874275,1,"[-11.99167, 0.4727, -1.01895, -4.97104, -10.62407, -3.97157, 6.852, -2.06338, -2.90853, 7.39965, 3.40998, 15.50641, 17.59584, -3.63141, 8.82789, -7.64538, 11.74612, -7.79174, -7.81998, -5.58231, -0.62035, -4.70559]"
44,sub7,scratch,1,sub7-c__0140__pushchair.npy,12,pushchair,12,0.5535639,1,"[-12.49616, 1.33933, -3.33952, -3.75498, -6.27297, -4.19087, 4.44817, -2.39885, -4.43536, 10.40075, 4.06163, 12.6957, 15.05625, -0.16887, 7.89475, -8.51648, 14.70211, -8.16414, -7.82197, -6.01693, 0.11422, -4.92265]"
