seed,subject,method,k,file,true_id,true_label,pred_id,conf,correct,logits
44,sub8,mae,1,sub8-a__0001__wave.npy,21,wave,21,0.58093363,1,"[1.83174, 5.48106, 0.54543, -4.01229, -8.33291, -0.47324, -4.129, 0.26966, 12.74293, 0.2211, -0.96088, -6.05261, 2.61162, -1.6844, -3.73715, -3.29688, -5.44062, -2.70965, -0.60912, -5.3613, -6.6997, 13.07031]"
44,sub8,mae,1,sub8-a__0002__wave.npy,21,wave,21,0.8924068,1,"[0.51774, 4.94122, -0.47913, -2.36594, -8.71068, -0.27369, -3.52691, 1.61826, 12.47808, -0.50024, -1.70702, -6.18672, 2.45944, -1.42166, -3.84113, -3.24918, -4.58614, -3.37757, -0.19609, -7.04255, -7.16865, 14.59426]"
44,sub8,mae,1,sub8-a__0003__wave.npy,21,wave,21,0.64055026,1,"[1.07654, 5.88403, 0.18653, -2.42796, -8.87816, -0.20828, -4.27377, 0.64487, 12.60583, -0.35552, -0.48891, -6.45483, 2.02509, -1.12137, -3.43069, -4.19003, -5.42524, -3.13398, -0.96895, -6.31546, -7.29202, 13.18484]"
44,sub8,mae,1,sub8-a__0004__wave.npy,21,wave,21,0.8040295,1,"[1.08742, 5.22436, -0.21642, -2.77591, -8.4815, -0.48009, -3.81019, 1.03363, 12.50826, -0.07473, -1.22359, -6.38829, 2.1401, -1.28003, -3.6058, -3.31006, -5.09641, -3.08683, -0.4128, -6.4502, -6.86206, 13.92068]"
44,sub8,mae,1,sub8-a__0005__wave.npy,21,wave,21,0.71741277,1,"[1.11872, 5.5557, -0.19132, -2.35381, -8.63692, -0.37654, -4.20426, 0.94402, 12.36344, 0.02543, -0.63595, -6.61716, 1.84555, -0.95225, -3.5213, -3.80401, -5.32036, -3.20761, -0.73007, -6.58804, -7.07688, 13.29628]"
44,sub8,mae,1,sub8-a__0006__wave.npy,21,wave,21,0.9532991,1,"[-0.19078, 5.23935, -0.85312, -0.79786, -8.42407, -0.47107, -3.87584, 1.64951, 11.79844, -0.91613, -1.04366, -6.57698, 1.55117, -0.16038, -3.29663, -3.93292, -4.48974, -3.24331, -0.15368, -7.57739, -7.42695, 14.81614]"
44,sub8,mae,1,sub8-a__0008__bow.npy,2,bow,2,0.8543238,1,"[8.30654, 3.89113, 10.49632, -4.38077, -15.10624, 0.42178, -4.01518, -4.91926, 3.8241, 1.49554, 2.07037, 6.61508, 6.95548, -6.46557, 5.3719, -12.70153, -1.45419, -13.08644, -5.55805, -6.13508, -9.81473, -5.30364]"
44,sub8,mae,1,sub8-a__0009__bow.npy,2,bow,2,0.8671778,1,"[8.13165, 3.61634, 10.66881, -4.22756, -15.26084, 0.50858, -3.98072, -4.79503, 3.75515, 1.65151, 1.95941, 6.72301, 7.66202, -6.53733, 4.89183, -12.49222, -1.34395, -13.20374, -5.89074, -6.21629, -9.75735, -5.222]"
44,sub8,mae,1,sub8-a__0010__bow.npy,2,bow,2,0.62618715,1,"[6.43003, 2.28883, 9.5595, -3.49317, -15.41938, 0.68403, -2.17872, -3.05043, 2.03253, 1.59421, 0.52036, 8.1925, 8.32613, -6.15019, 4.26931, -11.68247, 0.75783, -14.5792, -4.7128, -8.43906, -10.77144, -4.90321]"
44,sub8,mae,1,sub8-a__0011__bow.npy,2,bow,2,0.5709589,1,"[6.50736, 2.32075, 9.63049, -4.1386, -15.05695, 0.34682, -1.99002, -3.51165, 2.28168, 1.52774, 0.32115, 8.8725, 8.1463, -6.73381, 5.03262, -11.79666, 1.3029, -14.59718, -4.49485, -8.18243, -11.01124, -5.0208]"
44,sub8,mae,1,sub8-a__0012__crossarms.npy,5,crossarms,3,0.53121907,0,"[-2.93161, 1.11531, -3.05507, 5.10113, -8.39526, 3.9193, -1.12964, 3.931, -0.00524, -2.40436, 2.55495, -3.53287, 3.10624, 0.28335, -2.95963, -5.96212, -0.9823, -7.11046, -3.65977, -6.04118, -6.57322, 0.69392]"
44,sub8,mae,1,sub8-a__0013__crossarms.npy,5,crossarms,5,0.58346635,1,"[-2.44047, 0.16752, -3.83338, 2.78995, -9.12979, 6.0298, 0.59651, 5.49482, 0.85112, -1.70351, 0.30404, -3.45434, 3.35426, -2.53793, -4.39199, -3.52063, -0.89833, -7.46241, -1.59148, -6.377, -6.99518, -0.45974]"
44,sub8,mae,1,sub8-a__0014__crossarms.npy,5,crossarms,5,0.8393793,1,"[-3.13646, 1.04047, -4.3217, 2.99351, -8.67776, 6.81139, 0.38562, 4.89089, 1.17716, -3.17387, 1.35421, -3.03321, 2.068, -2.40176, -3.67818, -4.18193, -0.95618, -6.32867, -0.71529, -5.84472, -8.6045, -1.33106]"
44,sub8,mae,1,sub8-a__0015__crossarms.npy,5,crossarms,5,0.8340009,1,"[-3.44853, 1.32823, -4.57186, 3.14154, -8.62393, 7.13901, 0.07183, 5.3349, 1.18976, -3.16265, 1.45762, -3.17581, 1.82116, -2.02021, -4.04942, -4.20058, -0.71914, -6.48948, -0.78133, -6.51674, -8.97444, -0.95496]"
44,sub8,mae,1,sub8-a__0016__crossarms.npy,5,crossarms,5,0.88618606,1,"[-2.67489, 2.70022, -3.46298, 3.00815, -8.88895, 6.405, 0.14964, 2.91905, 2.05422, -4.96894, 2.4209, -2.68003, 0.83148, -2.13132, -2.13688, -5.79197, -1.91538, -5.32713, -0.44103, -4.32445, -9.09407, -1.2477]"
44,sub8,mae,1,sub8-a__0019__airpunch.npy,1,airpunch,1,0.9313686,1,"[6.32184, 10.88482, 4.33309, 0.66254, -10.81263, 0.96367, -6.6895, -5.10527, 7.81448, -1.90938, 6.67881, -5.93654, -1.477, 1.22884, 2.50683, -13.09268, -7.93352, -7.23396, -4.92244, -5.18291, -8.32874, 1.95548]"
44,sub8,mae,1,sub8-a__0021__airpunch.npy,1,airpunch,1,0.8935557,1,"[6.14008, 10.76705, 4.06784, 0.27316, -10.83013, 1.15178, -7.17535, -4.81403, 8.27427, -1.5438, 7.07855, -6.07162, -1.05378, 1.15533, 1.46489, -12.75099, -8.15306, -6.39016, -4.77732, -4.86222, -8.61527, 1.98951]"
44,sub8,mae,1,sub8-a__0022__airpunch.npy,1,airpunch,1,0.91365856,1,"[6.36106, 10.80525, 3.97911, 0.12736, -10.87438, 1.17485, -6.67788, -5.16697, 7.95697, -1.50781, 7.04887, -5.75388, -1.36986, 1.08224, 1.8264, -12.76305, -8.00352, -6.92242, -4.08919, -5.2181, -9.0893, 1.26601]"
44,sub8,mae,1,sub8-a__0023__drink.npy,7,drink,7,0.8896815,1,"[-5.85807, -0.40274, -4.63537, 7.77847, -10.28929, 3.60829, -0.44366, 10.11175, 1.51672, -1.44102, -1.36056, -4.88003, 2.49426, 0.4099, -5.24739, -3.12239, -0.21847, -7.23091, 0.38323, -12.20978, -8.38754, 6.40739]"
44,sub8,mae,1,sub8-a__0024__drink.npy,7,drink,7,0.97878873,1,"[-6.12795, -0.96318, -5.44859, 7.01476, -9.85969, 4.59443, 0.62215, 11.01832, 0.71629, -1.38932, -1.54867, -4.44341, 1.68346, -0.18336, -5.73235, -2.19301, -0.03318, -6.97529, 2.15792, -12.53182, -9.03224, 4.48789]"
44,sub8,mae,1,sub8-a__0026__drink.npy,7,drink,7,0.9778367,1,"[-6.88501, -0.63962, -5.834, 7.38637, -9.04412, 4.36, 0.53529, 11.31235, 0.55868, -1.74674, -1.39904, -4.47983, 0.66732, 0.64845, -5.48915, -2.21959, 0.34445, -6.34142, 2.80633, -13.00779, -9.57048, 4.91389]"
44,sub8,mae,1,sub8-a__0027__drink.npy,7,drink,7,0.9842986,1,"[-6.62095, -0.80946, -5.96801, 7.01979, -9.03544, 4.63614, 0.48968, 11.33516, 0.64113, -1.44508, -1.42048, -4.67881, 0.76397, 0.31213, -5.74776, -1.92842, 0.15301, -6.28866, 2.79697, -12.67477, -9.36048, 4.47725]"
44,sub8,mae,1,sub8-a__0028__brushteeth.npy,3,brushteeth,7,0.6750372,0,"[-6.46678, -1.09746, -4.70673, 9.62079, -9.84502, 3.77301, 0.18218, 10.35823, -1.23886, -1.4896, -0.20746, -4.41617, 1.51061, 1.92545, -4.87801, -3.41178, -0.08904, -7.06492, 1.94196, -12.55185, -8.34725, 3.42486]"
44,sub8,mae,1,sub8-a__0029__brushteeth.npy,3,brushteeth,3,0.79733956,1,"[-6.1087, -1.33469, -3.78094, 10.83568, -10.03666, 2.64681, -0.2079, 9.45052, -1.33656, -1.65478, -0.30505, -4.65127, 2.66647, 2.69947, -4.43093, -3.61318, -0.10143, -7.41011, 0.43259, -12.17874, -6.48031, 5.00638]"
44,sub8,mae,1,sub8-a__0030__brushteeth.npy,3,brushteeth,7,0.6424438,0,"[-6.10066, -1.09157, -4.21308, 9.46535, -10.04495, 4.03939, -0.03517, 10.05848, -0.90133, -1.58525, -0.28658, -4.48323, 1.62442, 1.18449, -4.88468, -2.96612, -0.67501, -6.66359, 1.90599, -11.47649, -7.77995, 2.84976]"
44,sub8,mae,1,sub8-a__0031__brushteeth.npy,3,brushteeth,3,0.8842054,1,"[-7.08627, 0.72781, -3.72656, 11.01678, -9.65842, 4.09813, -0.55743, 8.9704, -0.88377, -2.98941, 1.46778, -4.45232, -0.92139, 2.53517, -3.43605, -4.78785, -1.29839, -5.56536, 3.01088, -11.54307, -9.51231, 1.7281]"
44,sub8,mae,1,sub8-a__0032__brushteeth.npy,3,brushteeth,7,0.64487654,0,"[-6.19458, -1.01034, -4.23973, 9.41485, -10.25834, 4.3119, 0.39954, 10.01998, -0.78546, -1.81014, -0.24604, -4.22146, 1.18608, 0.7551, -4.63236, -3.0853, -0.78166, -6.69513, 2.44665, -11.6148, -8.24246, 2.28674]"
44,sub8,mae,1,sub8-a__0034__highfive.npy,8,highfive,8,0.93128383,1,"[0.33083, 7.81147, 1.41906, 1.56373, -11.28303, 0.62945, -5.10404, -1.45147, 10.64894, -1.42875, 3.28607, -6.44436, 1.38362, -0.14457, -0.98493, -9.59165, -6.03575, -5.20005, -2.20068, -5.41391, -8.99409, 6.39099]"
44,sub8,mae,1,sub8-a__0035__highfive.npy,8,highfive,8,0.8841859,1,"[1.37157, 8.68494, 2.01323, 0.73277, -11.32155, 0.26717, -4.95675, -2.72218, 10.76063, -1.07036, 4.02566, -6.1114, 0.52356, -0.17991, 0.44245, -10.42184, -6.57954, -5.45311, -2.28432, -5.26661, -9.44447, 5.21722]"
44,sub8,mae,1,sub8-a__0036__highfive.npy,8,highfive,8,0.78886896,1,"[1.37344, 8.84005, 2.43159, 1.25681, -11.69288, 0.22491, -4.42092, -3.44236, 10.18045, -1.70062, 4.37557, -5.47474, 0.38983, -0.31022, 1.4891, -11.33477, -6.43539, -5.98423, -1.94527, -5.03275, -9.98538, 3.89134]"
44,sub8,mae,1,sub8-a__0037__highfive.npy,8,highfive,8,0.8963813,1,"[0.03511, 7.72005, 1.47781, 2.31926, -11.86204, -0.14693, -3.6566, -1.98853, 10.27227, -2.19432, 3.01096, -5.72136, 0.83038, 0.23362, 0.60158, -10.43024, -5.83025, -6.09123, -0.75358, -6.5285, -9.75559, 6.95372]"
44,sub8,mae,1,sub8-a__0038__wave.npy,21,wave,21,0.7819332,1,"[0.34802, 6.44313, 0.70371, 0.89471, -10.12617, -0.48794, -4.59778, 0.07335, 11.51317, -2.06079, 0.71081, -6.33577, 1.73907, 0.17852, -0.81673, -7.33625, -5.17006, -4.38929, -2.13563, -7.18493, -7.93592, 12.79657]"
44,sub8,mae,1,sub8-a__0039__wave.npy,21,wave,21,0.8819112,1,"[-0.17173, 5.76274, -0.68839, 0.04022, -10.26195, 0.14328, -2.84117, 1.84334, 11.39903, -1.77879, -0.70286, -6.26449, 1.5585, -0.5656, -1.93503, -5.91845, -4.58479, -4.9855, -0.67678, -8.87849, -8.59632, 13.41343]"
44,sub8,mae,1,sub8-a__0040__wave.npy,21,wave,21,0.97121567,1,"[-2.37252, 5.53964, -1.46438, 3.49177, -10.21707, 0.28444, -3.08379, 3.07591, 9.90914, -2.51088, -0.29896, -6.57842, 0.83485, 0.94623, -1.96063, -6.43605, -3.71587, -5.10383, -0.8088, -9.96235, -8.81727, 13.4435]"
44,sub8,mae,1,sub8-a__0041__wave.npy,21,wave,21,0.9459336,1,"[-1.14842, 4.69736, -0.88149, 2.53682, -11.24946, -0.0148, -2.57448, 2.61842, 9.86398, -1.66948, -0.71699, -6.32211, 2.33677, -0.03789, -1.93684, -6.44259, -3.89433, -6.39618, -1.17044, -9.71696, -8.11244, 12.73373]"
44,sub8,mae,1,sub8-a__0043__bow.npy,2,bow,2,0.92892015,1,"[8.03013, 3.21961, 11.91707, -3.60152, -16.2306, 0.11174, -1.44703, -4.76767, 2.88069, -0.18231, 0.4705, 8.58171, 7.79753, -7.46931, 6.35571, -12.53062, -1.22393, -13.65288, -4.78092, -6.64712, -9.97003, -5.20341]"
44,sub8,mae,1,sub8-a__0044__bow.npy,2,bow,2,0.96199256,1,"[7.44328, 3.60263, 12.26735, -2.60444, -17.54943, 0.17569, -0.8535, -3.95581, 3.61248, -1.81944, 0.06496, 7.92549, 8.19731, -7.26236, 5.38389, -12.84693, -2.36591, -13.16344, -3.78099, -7.37249, -10.47602, -3.14713]"
44,sub8,mae,1,sub8-a__0045__bow.npy,2,bow,2,0.89750427,1,"[6.66566, 2.61169, 11.79934, -2.72887, -17.08166, -0.10181, -0.65575, -3.49484, 3.06187, -1.06875, -0.34948, 8.77218, 8.96483, -7.397, 4.69343, -12.14243, -1.09335, -13.2714, -3.70159, -7.45457, -10.32128, -3.17481]"
44,sub8,mae,1,sub8-a__0046__bow.npy,2,bow,2,0.72267914,1,"[6.86561, 2.57105, 10.55838, -4.02108, -17.57868, 0.60702, 0.19992, -2.44917, 4.01215, -0.53768, -1.26035, 8.22113, 9.20876, -8.40309, 3.6648, -11.40907, -1.22919, -13.5689, -3.15873, -8.57878, -11.02807, -2.57319]"
44,sub8,mae,1,sub8-a__0047__bow.npy,2,bow,2,0.8571018,1,"[7.49248, 2.44313, 11.84965, -3.73581, -17.57879, 0.19286, -0.53954, -3.46925, 4.23989, -0.62742, -0.79435, 8.01928, 9.81913, -8.44555, 3.8609, -11.46332, -2.06968, -12.85016, -4.15043, -6.97324, -9.74546, -2.60203]"
44,sub8,mae,1,sub8-a__0048__crossarms.npy,5,crossarms,5,0.95200205,1,"[-3.29481, 1.52767, -3.24491, 2.88737, -9.28059, 7.90771, 2.32452, 4.53175, 0.84547, -4.63723, 1.06505, -1.53619, 0.8513, -3.56179, -3.06441, -4.02567, -1.44449, -5.73984, 1.13147, -5.81662, -9.36766, -3.25457]"
44,sub8,mae,1,sub8-a__0049__crossarms.npy,5,crossarms,5,0.93304807,1,"[-3.17168, 3.56966, -2.20905, 3.21323, -8.50023, 7.26863, 0.52897, 2.90259, 1.40571, -5.42356, 2.7464, -1.67187, -0.67867, -2.52795, -1.73012, -5.84351, -2.23411, -4.47655, 0.54929, -4.79941, -9.96262, -3.7883]"
44,sub8,mae,1,sub8-a__0050__crossarms.npy,5,crossarms,5,0.9384506,1,"[-3.11017, 2.44535, -2.89184, 3.259, -9.02151, 7.24702, 2.05956, 3.28329, 1.0597, -5.94127, 1.97222, -1.55364, -0.55051, -3.00201, -1.78067, -4.98574, -2.28768, -4.68006, 2.16032, -4.82296, -9.64546, -3.41327]"
44,sub8,mae,1,sub8-a__0051__crossarms.npy,5,crossarms,5,0.9605936,1,"[-3.06079, 1.87201, -3.33382, 3.29653, -8.97025, 7.77743, 2.84921, 3.35145, 0.55141, -6.06748, 1.44983, -1.38011, -0.25507, -3.24301, -1.65057, -4.28413, -1.83866, -5.24084, 2.39747, -4.56906, -9.44785, -3.71916]"
44,sub8,mae,1,sub8-a__0053__airpunch.npy,1,airpunch,8,0.58243203,0,"[3.92807, 6.54746, 2.70643, 1.1559, -11.67444, -0.0795, -4.97961, -1.96898, 7.30952, -0.21607, 3.04028, -5.87518, 2.50326, 1.04148, 0.96398, -10.65351, -5.50551, -9.39045, -4.54844, -7.24168, -7.22899, 5.57793]"
44,sub8,mae,1,sub8-a__0054__airpunch.npy,1,airpunch,1,0.7627807,1,"[3.71024, 7.85645, 2.15011, 2.39034, -11.0104, 0.16713, -4.87588, -2.27844, 6.39947, -1.08845, 4.02634, -5.40118, 0.08697, 1.70508, 2.38151, -11.90289, -5.00452, -9.98498, -3.73941, -8.681, -8.563, 4.19052]"
44,sub8,mae,1,sub8-a__0055__airpunch.npy,1,airpunch,1,0.92988235,1,"[4.18411, 10.23954, 3.40813, 2.69365, -11.2179, 0.40295, -5.47812, -4.36516, 7.2384, -2.73867, 6.3257, -5.32692, -1.57585, 2.02044, 3.24342, -13.80332, -6.82043, -7.79223, -3.28275, -6.76063, -9.69004, 2.6542]"
44,sub8,mae,1,sub8-a__0056__airpunch.npy,1,airpunch,1,0.956403,1,"[4.11163, 10.37192, 3.32893, 3.06267, -10.91392, 0.73271, -5.7757, -4.06572, 6.6446, -3.00346, 6.25398, -5.30686, -1.84433, 2.38509, 3.4309, -13.83646, -6.53098, -8.18149, -3.60706, -7.20716, -9.80348, 2.58532]"
44,sub8,mae,1,sub8-a__0057__airpunch.npy,1,airpunch,1,0.95995677,1,"[6.00642, 11.22476, 3.85526, 1.34964, -10.19946, 0.89826, -6.57247, -5.05469, 6.85006, -2.3438, 7.43659, -5.97115, -2.54838, 2.26292, 2.60929, -13.59358, -8.00889, -6.80305, -4.26774, -5.42239, -8.8067, 1.13651]"
44,sub8,mae,1,sub8-a__0058__drink.npy,7,drink,7,0.5412602,1,"[-5.78835, 1.23216, -3.67895, 8.67142, -10.44929, 3.62733, -0.91262, 8.87099, 1.18063, -2.46334, 0.19953, -4.83825, 1.00237, 1.43359, -3.72456, -5.23218, -0.87056, -7.06776, 0.62843, -12.0448, -9.39715, 4.99288]"
44,sub8,mae,1,sub8-a__0059__drink.npy,7,drink,7,0.97783333,1,"[-6.73147, -0.14599, -5.61862, 7.422, -8.77674, 4.17881, 0.05866, 11.4259, 0.62893, -1.80538, -1.46713, -4.68078, 0.63905, 1.10429, -5.36863, -2.45128, 0.47609, -6.46765, 2.06095, -13.25339, -9.58449, 5.77345]"
44,sub8,mae,1,sub8-a__0060__drink.npy,7,drink,3,0.89307225,0,"[-6.79404, 2.11489, -3.33354, 10.36709, -9.84202, 3.83674, -0.9099, 8.21495, 0.7282, -3.69752, 1.51812, -4.66757, -1.39587, 2.22223, -3.11301, -5.61911, -1.73575, -5.38794, 2.95622, -11.48878, -10.18018, 3.01666]"
44,sub8,mae,1,sub8-a__0061__drink.npy,7,drink,3,0.75126505,0,"[-6.58023, 2.00604, -3.55667, 9.53807, -9.84109, 3.96653, -0.41161, 8.4031, 1.01332, -3.69966, 1.04135, -4.68092, -1.52969, 1.81612, -3.36223, -5.08773, -1.86384, -5.34486, 3.50674, -11.67008, -10.21916, 3.31563]"
44,sub8,mae,1,sub8-a__0062__drink.npy,7,drink,3,0.92793554,0,"[-6.37167, 2.64167, -3.00197, 10.11147, -10.23873, 3.44341, -1.06044, 7.49156, 1.65038, -3.79901, 1.54693, -4.99091, -1.3764, 1.99698, -2.80216, -6.10067, -2.25057, -5.50221, 2.64248, -11.12934, -10.0618, 3.73706]"
44,sub8,mae,1,sub8-a__0063__brushteeth.npy,3,brushteeth,3,0.52812684,1,"[-5.52567, -1.24476, -4.13284, 9.31307, -10.37815, 3.66195, 0.84108, 9.19405, -1.55474, -0.71457, 0.25706, -4.17058, 1.65545, 1.28932, -4.13984, -4.39704, -0.36916, -8.02517, 2.07161, -12.05472, -7.76673, 0.6814]"
44,sub8,mae,1,sub8-a__0064__brushteeth.npy,3,brushteeth,3,0.9860299,1,"[-6.09193, 2.01297, -2.34491, 11.27829, -10.34515, 3.99356, -1.26884, 6.92908, -0.40247, -3.32427, 2.74841, -4.43812, -1.02701, 2.43668, -2.11242, -6.74621, -2.18947, -5.7759, 2.02729, -10.03361, -9.45696, -0.14208]"
44,sub8,mae,1,sub8-a__0065__brushteeth.npy,3,brushteeth,7,0.85712105,0,"[-4.44905, -1.51614, -4.08941, 7.41349, -9.82298, 3.93708, -0.29376, 9.24706, -1.38828, 0.31885, 0.17103, -4.43429, 2.20214, 0.78671, -4.70655, -3.51384, -0.58712, -7.49325, 1.11367, -10.63111, -7.08002, 0.12893]"
44,sub8,mae,1,sub8-a__0066__brushteeth.npy,3,brushteeth,3,0.9823115,1,"[-6.15711, 2.02485, -2.41857, 11.04523, -10.52326, 3.9578, -0.55916, 6.93729, -0.13968, -3.71194, 2.37624, -4.3481, -1.32143, 2.09467, -2.06324, -6.48718, -2.39778, -5.69878, 2.75493, -10.33342, -9.56626, 0.38718]"
44,sub8,mae,1,sub8-a__0067__brushteeth.npy,3,brushteeth,3,0.9923591,1,"[-6.33834, 2.39515, -2.15203, 11.55965, -10.27956, 3.64275, -0.63586, 6.55569, -0.14851, -4.24779, 2.53749, -4.35412, -1.86022, 2.62555, -1.78422, -6.5532, -2.64493, -5.31574, 3.15602, -10.37557, -9.64093, 0.92845]"
44,sub8,mae,1,sub8-a__0068__highfive.npy,8,highfive,8,0.8531726,1,"[0.45479, 7.86916, 2.06299, 2.53093, -11.48777, -0.38234, -4.96458, -2.19868, 10.4848, -2.43925, 3.0768, -6.24205, 1.15297, 0.76022, 0.44387, -10.38107, -6.03719, -5.61653, -1.16103, -6.11216, -9.08885, 8.15718]"
44,sub8,mae,1,sub8-a__0069__highfive.npy,8,highfive,8,0.8291734,1,"[1.03486, 8.88745, 2.17448, 1.90044, -11.08853, 0.17024, -5.35411, -2.67164, 10.52626, -1.79287, 4.0948, -6.26704, 0.2249, 0.49467, 0.85108, -10.60038, -6.49662, -5.18759, -2.45981, -5.33342, -9.33538, 5.87273]"
44,sub8,mae,1,sub8-a__0070__highfive.npy,8,highfive,8,0.86318445,1,"[0.49567, 8.15142, 1.83896, 2.16238, -11.30359, -0.44076, -4.47328, -2.32983, 10.64101, -2.41227, 3.13542, -6.18926, 0.68539, 0.68922, 0.55201, -10.15238, -6.27006, -5.32356, -1.29484, -5.94697, -9.07298, 8.04332]"
44,sub8,mae,1,sub8-a__0071__highfive.npy,8,highfive,8,0.8052229,1,"[0.72244, 8.2981, 2.01823, 2.56046, -11.38849, -0.65381, -4.30295, -2.82767, 9.95356, -2.33028, 3.74439, -5.94901, 0.08424, 1.0814, 1.5112, -10.98731, -6.33779, -5.68027, -1.16541, -6.1387, -9.31596, 6.90339]"
44,sub8,mae,1,sub8-a__0072__highfive.npy,8,highfive,8,0.80762625,1,"[0.06816, 7.86709, 1.82145, 2.80199, -11.30427, -0.72366, -4.49313, -2.17934, 10.32692, -2.59739, 2.96905, -6.11986, 0.84747, 1.11844, 0.67497, -10.32738, -5.86516, -5.53636, -0.81122, -6.32108, -9.22514, 8.43681]"
44,sub8,mae,1,sub8-a__0073__wave.npy,21,wave,8,0.53960496,0,"[0.80836, 6.78376, 0.76838, -1.26376, -9.91964, -0.44049, -3.88982, -0.30791, 12.27901, -1.17516, 0.32503, -6.17482, 2.0124, -0.67423, -1.66877, -6.29749, -5.52146, -4.20955, -1.36685, -6.47823, -8.13439, 12.11535]"
44,sub8,mae,1,sub8-a__0074__wave.npy,21,wave,21,0.9377917,1,"[-0.98325, 5.96529, -0.79043, 1.11291, -9.60723, -0.4698, -2.82367, 1.19901, 11.13656, -2.13887, -0.35847, -6.34757, 0.91727, 0.43239, -1.68361, -5.85422, -4.611, -4.20719, -0.07596, -8.44425, -8.29754, 13.85546]"
44,sub8,mae,1,sub8-a__0075__wave.npy,21,wave,21,0.7741499,1,"[-1.26364, 6.59326, -0.52284, 2.3365, -10.40557, -0.07318, -3.43418, 0.81553, 11.00977, -2.35337, 0.56966, -6.54504, 0.81631, 0.55499, -1.21371, -7.17447, -4.66249, -4.94633, -0.59484, -8.3591, -8.91371, 12.25401]"
44,sub8,mae,1,sub8-a__0076__wave.npy,21,wave,21,0.73743266,1,"[-0.64102, 6.57835, -0.39027, 0.78734, -9.89593, -0.05063, -3.62935, 0.97415, 11.65821, -1.77653, 0.12779, -6.58889, 1.0809, 0.06971, -1.72545, -6.26809, -4.87036, -4.42695, -0.8352, -8.04265, -8.6526, 12.69719]"
44,sub8,mae,1,sub8-a__0077__wave.npy,21,wave,21,0.53985727,1,"[-0.23282, 6.97497, 0.11667, 0.92598, -10.28368, -0.08941, -4.04997, 0.35057, 11.68539, -1.54304, 0.60747, -6.72028, 1.11524, 0.14316, -1.21918, -7.13648, -5.12208, -4.85162, -1.23637, -7.74124, -8.69862, 11.85424]"
44,sub8,mae,1,sub8-a__0078__bow.npy,2,bow,2,0.96810293,1,"[8.95862, 3.4957, 13.23595, -3.82548, -17.98221, 0.47015, -1.35814, -4.37625, 5.67281, -0.82562, -0.08825, 6.99366, 9.12926, -9.644, 3.75964, -11.49796, -4.4939, -11.25692, -4.63887, -4.92993, -8.36713, -3.68323]"
44,sub8,mae,1,sub8-a__0079__bow.npy,2,bow,2,0.9139073,1,"[8.03203, 2.81403, 12.02414, -3.90126, -17.69506, 0.39765, -0.74294, -3.68213, 4.61485, -0.19237, -0.50512, 7.94906, 9.17198, -9.10032, 3.92695, -11.49665, -2.63343, -12.60318, -3.89717, -6.52926, -9.62592, -3.83653]"
44,sub8,mae,1,sub8-a__0080__bow.npy,2,bow,2,0.9576404,1,"[8.18939, 3.33381, 12.82491, -3.38829, -17.96436, 0.18988, -1.41626, -3.91598, 5.74479, -0.79115, -0.43997, 6.78506, 9.35474, -9.0238, 3.74657, -11.67931, -3.813, -11.77883, -4.33141, -5.83919, -8.93383, -2.48652]"
44,sub8,mae,1,sub8-a__0081__bow.npy,2,bow,2,0.8652392,1,"[7.90599, 2.8288, 11.33714, -4.4349, -17.95111, 0.57433, -0.18126, -3.01397, 5.26985, -0.10979, -1.09166, 7.54983, 9.01225, -9.5077, 3.46877, -11.11716, -2.82835, -12.60932, -3.15502, -7.2985, -10.15672, -3.24249]"
44,sub8,mae,1,sub8-a__0082__bow.npy,2,bow,2,0.9442872,1,"[8.00151, 2.67742, 12.71653, -3.87255, -17.83762, 0.21291, -0.67515, -3.64698, 5.05832, -0.45547, -1.02468, 7.81506, 9.54597, -9.381, 3.50453, -11.10687, -3.07077, -12.11619, -4.00516, -6.12446, -8.98577, -2.97672]"
44,sub8,mae,1,sub8-a__0083__crossarms.npy,5,crossarms,5,0.949433,1,"[-3.65503, 4.00649, -1.89446, 4.32125, -8.15635, 8.04784, 0.5235, 2.57307, 0.49815, -5.69531, 2.8755, -1.63627, -0.74104, -2.00672, -1.50015, -5.86792, -1.67479, -4.85552, -0.34808, -4.44105, -9.70294, -4.36506]"
44,sub8,mae,1,sub8-a__0084__crossarms.npy,5,crossarms,5,0.98486334,1,"[-3.56423, 2.40736, -3.44782, 3.30695, -8.42407, 8.82296, 1.9956, 3.80388, 0.49548, -5.4617, 1.68977, -1.49893, -0.43527, -2.80982, -2.53852, -4.02165, -1.22927, -5.31143, 1.65273, -5.40094, -9.81515, -3.96234]"
44,sub8,mae,1,sub8-a__0085__crossarms.npy,5,crossarms,5,0.981557,1,"[-3.47709, 2.68318, -3.13193, 3.52268, -8.47722, 8.57125, 2.53112, 3.10029, 0.41936, -6.25657, 1.63865, -1.24361, -0.77096, -2.86437, -1.8587, -4.23087, -1.44402, -5.20698, 2.0661, -4.8603, -9.71183, -3.898]"
44,sub8,mae,1,sub8-a__0086__crossarms.npy,5,crossarms,5,0.9853367,1,"[-3.43715, 3.66356, -3.08367, 3.13754, -8.29512, 8.88039, 1.42588, 3.24522, 1.04901, -5.81699, 2.07044, -1.51801, -0.90761, -2.36893, -2.48536, -4.71666, -1.29313, -5.24562, 1.13945, -5.70844, -10.1659, -3.35804]"
44,sub8,mae,1,sub8-a__0087__crossarms.npy,5,crossarms,5,0.9795289,1,"[-2.99974, 3.68735, -2.67817, 2.94869, -8.247, 8.39428, 1.76115, 2.33708, 1.19024, -6.3591, 2.09298, -1.48799, -1.15126, -2.64442, -1.69906, -4.72323, -1.97912, -4.65158, 1.54971, -4.50218, -9.7379, -3.5717]"
44,sub8,mae,1,sub8-a__0088__airpunch.npy,1,airpunch,12,0.6103134,0,"[3.47302, 1.12491, 1.31266, 0.1438, -12.31013, -0.03423, -1.20311, 1.03555, 5.49869, 2.41296, -0.85171, -4.39663, 6.66816, -2.44538, -2.71166, -6.06645, -3.79216, -10.93583, -3.58233, -7.37232, -3.77951, 5.30823]"
44,sub8,mae,1,sub8-a__0089__airpunch.npy,1,airpunch,1,0.95759654,1,"[4.89217, 10.85052, 3.85528, 1.92856, -10.62958, 0.39691, -5.86938, -4.9502, 7.26977, -2.4317, 6.36618, -5.40565, -2.00616, 1.9435, 4.06218, -14.05906, -6.87335, -8.18098, -4.31755, -6.55666, -9.27307, 2.39215]"
44,sub8,mae,1,sub8-a__0090__airpunch.npy,1,airpunch,1,0.9355832,1,"[3.63005, 9.829, 3.25276, 3.41479, -11.1604, -0.09425, -4.90819, -4.21427, 6.56131, -2.9955, 5.88986, -4.84182, -1.97678, 2.54783, 4.32972, -14.19211, -6.06667, -8.56372, -2.80323, -7.7973, -9.82883, 3.24903]"
44,sub8,mae,1,sub8-a__0091__airpunch.npy,1,airpunch,1,0.9502695,1,"[4.10982, 9.98544, 3.2697, 3.53015, -11.35362, 0.10222, -4.88963, -4.00829, 6.28829, -3.07962, 5.91616, -5.04599, -2.24324, 2.86759, 4.1256, -14.09134, -6.37756, -8.63671, -2.47334, -8.27933, -9.89039, 3.20223]"
44,sub8,mae,1,sub8-a__0092__airpunch.npy,1,airpunch,1,0.94627047,1,"[3.01293, 9.78024, 2.63352, 4.20556, -10.62615, 0.16293, -5.18162, -3.61371, 5.9772, -2.99651, 5.99047, -5.42987, -2.34455, 3.49925, 3.76559, -13.83772, -5.90032, -8.32814, -2.61925, -8.08478, -9.73678, 3.43217]"
44,sub8,mae,1,sub8-a__0093__drink.npy,7,drink,7,0.6620791,1,"[-7.77531, 0.87057, -4.49842, 9.88537, -9.13994, 3.13656, -0.77829, 10.69283, 1.22678, -3.25509, -1.08544, -4.91639, -0.38388, 2.09302, -4.36569, -3.24403, -0.14708, -5.6827, 2.62404, -12.99094, -9.42542, 7.93132]"
44,sub8,mae,1,sub8-a__0094__drink.npy,7,drink,3,0.747925,0,"[-6.92339, 2.19362, -3.60494, 9.61114, -10.07244, 3.27596, -1.25368, 8.4167, 2.50168, -3.51049, 0.43618, -5.21592, -0.86542, 1.77904, -3.34125, -5.21956, -1.54744, -5.56885, 2.48236, -11.65648, -9.9033, 6.09104]"
44,sub8,mae,1,sub8-a__0095__drink.npy,7,drink,3,0.5534332,0,"[-7.51725, 1.35588, -4.03681, 9.96895, -9.34295, 3.34671, -0.88796, 9.72558, 1.43881, -3.35341, -0.25688, -4.86978, -1.16074, 1.89349, -3.88253, -3.89334, -0.85677, -5.31613, 3.57217, -12.21636, -9.73969, 6.01307]"
44,sub8,mae,1,sub8-a__0096__drink.npy,7,drink,3,0.62899303,0,"[-7.2565, 1.56888, -3.77517, 9.69735, -9.6112, 3.47808, -0.4242, 9.14174, 1.21872, -3.6212, 0.18519, -4.55217, -1.35486, 1.92007, -3.51787, -4.43534, -1.1837, -5.43778, 4.01845, -12.2479, -10.1315, 5.05522]"
44,sub8,mae,1,sub8-a__0097__drink.npy,7,drink,3,0.9577508,0,"[-6.45024, 2.61278, -2.59744, 10.14712, -10.69892, 3.44401, -0.66247, 6.93181, 1.61081, -3.9157, 1.6161, -4.52142, -1.54981, 1.71135, -1.97752, -6.50686, -2.26984, -5.7381, 3.15466, -10.94775, -10.2055, 2.78788]"
44,sub8,mae,1,sub8-a__0098__brushteeth.npy,3,brushteeth,3,0.9969959,1,"[-5.04932, 4.12821, -0.19089, 10.98708, -11.08689, 2.84044, -2.08069, 3.64844, 1.72624, -4.33689, 3.58467, -4.50455, -1.21491, 2.48863, -0.07488, -8.84964, -3.53842, -5.41296, 0.84646, -8.25598, -9.15563, 0.79446]"
44,sub8,mae,1,sub8-a__0100__brushteeth.npy,3,brushteeth,3,0.99570686,1,"[-5.95915, 2.49167, -1.47114, 11.26777, -11.11591, 3.41388, -1.15686, 5.5797, 0.68588, -4.09007, 2.58915, -4.30225, -0.37101, 1.95603, -1.10211, -7.53808, -2.45223, -5.85517, 1.23094, -8.87263, -8.91636, 0.90851]"
44,sub8,mae,1,sub8-a__0102__brushteeth.npy,3,brushteeth,3,0.9970822,1,"[-5.43848, 3.81402, -0.64403, 11.01342, -11.00539, 3.06494, -1.89379, 4.13734, 1.7348, -4.52361, 3.22931, -4.50716, -1.07724, 2.26636, -0.36699, -8.3333, -3.25449, -5.29945, 0.92165, -8.29455, -9.17765, 1.19691]"
44,sub8,mae,1,sub8-a__0103__highfive.npy,8,highfive,8,0.9152498,1,"[0.03178, 7.9447, 1.79672, 2.28517, -11.2899, 0.09158, -5.09358, -2.18421, 10.60739, -1.83452, 3.25503, -6.32649, 1.0141, 0.22462, 0.39395, -10.26131, -5.86875, -5.45082, -1.71225, -5.31267, -9.03687, 6.77252]"
44,sub8,mae,1,sub8-a__0104__highfive.npy,8,highfive,8,0.8933994,1,"[-0.09032, 7.79993, 1.67555, 2.35178, -11.23326, -0.57933, -4.36874, -2.43121, 10.42482, -1.91315, 3.01511, -5.99781, 0.71315, 0.57394, 1.15511, -10.3377, -5.61382, -5.74545, -1.19766, -5.83302, -9.0852, 7.33541]"
44,sub8,mae,1,sub8-a__0105__highfive.npy,8,highfive,8,0.87141114,1,"[-0.65613, 7.31674, 1.26452, 2.81996, -11.48963, -0.11825, -4.31718, -1.49525, 10.33392, -2.24192, 2.51383, -6.15355, 1.34813, 0.48505, 0.30031, -9.9189, -5.25309, -5.91125, -1.14231, -6.27856, -9.18243, 8.00369]"
44,sub8,mae,1,sub8-a__0106__highfive.npy,8,highfive,8,0.8374133,1,"[-0.2927, 7.34972, 1.42476, 2.28892, -11.31649, -0.36043, -4.37318, -1.60038, 10.85882, -2.30083, 1.95996, -6.27626, 1.23539, 0.31274, 0.49749, -9.46518, -5.38528, -5.7906, -0.66288, -6.43038, -8.97905, 9.04883]"
44,sub8,mae,1,sub8-a__0107__highfive.npy,8,highfive,8,0.8681757,1,"[1.08822, 8.60811, 2.15754, 1.53271, -11.03153, -0.14315, -5.15842, -3.01052, 10.55861, -1.41779, 3.82333, -6.16396, 0.19578, 0.26613, 1.65484, -10.75434, -6.23747, -5.61488, -2.42511, -5.19183, -9.04117, 5.70396]"
44,sub8,mae,1,sub8-a__0108__wave.npy,21,wave,21,0.9953556,1,"[-2.06034, 5.37456, -0.12614, 4.88742, -10.25967, -0.42747, -4.43886, 2.28778, 9.36283, -3.31644, 0.23619, -6.84604, 1.38279, 2.11476, -1.63821, -6.95559, -4.19939, -4.59832, -1.43179, -8.90385, -7.56996, 14.76186]"
44,sub8,mae,1,sub8-a__0109__wave.npy,21,wave,21,0.9943051,1,"[-3.1058, 5.31309, -0.64207, 6.42318, -10.44267, 0.00513, -3.87734, 2.8643, 8.2493, -3.98902, 0.80517, -6.65655, 0.68219, 2.49583, -1.63047, -7.23475, -4.08397, -4.53794, -1.18253, -9.2815, -7.95767, 13.61351]"
44,sub8,mae,1,sub8-a__0110__wave.npy,21,wave,21,0.9623708,1,"[-2.46997, 5.83272, -0.71637, 5.27344, -10.89902, 0.55542, -3.85594, 2.60779, 8.98654, -3.39739, 0.99646, -6.75413, 0.66655, 1.63155, -1.64863, -7.71227, -4.30794, -5.10935, -1.22698, -9.26968, -8.61357, 12.29616]"
44,sub8,mae,1,sub8-a__0111__wave.npy,21,wave,21,0.99456584,1,"[-3.74327, 4.67938, -1.37001, 7.07914, -10.72137, 0.42046, -3.26149, 4.00941, 7.70183, -3.8023, 0.35004, -6.71867, 0.63659, 2.21046, -2.1466, -6.80347, -3.63492, -5.00627, -0.66287, -10.05784, -8.0497, 13.39191]"
44,sub8,mae,1,sub8-a__0112__wave.npy,21,wave,21,0.87849146,1,"[-3.07863, 6.11856, -0.82403, 6.50987, -10.90645, 1.1911, -4.12405, 2.82834, 8.15662, -3.70918, 1.84607, -6.85991, 0.08096, 2.02293, -1.6712, -8.07228, -4.36376, -4.90032, -1.21719, -9.05088, -9.02637, 10.42253]"
44,sub8,mae,1,sub8-a__0113__bow.npy,2,bow,2,0.99066705,1,"[9.42625, 4.57702, 14.42545, -3.79098, -18.03162, 0.85817, -1.93125, -4.58959, 6.51024, -1.44237, -0.0703, 6.0647, 8.21422, -9.8276, 3.44216, -11.43911, -5.96222, -10.25162, -4.7487, -3.99013, -7.69784, -3.57974]"
44,sub8,mae,1,sub8-a__0114__bow.npy,2,bow,2,0.9825927,1,"[8.35064, 3.71183, 13.32555, -3.45808, -17.87038, 0.47135, -1.50126, -4.15135, 5.30725, -0.80626, -0.1155, 7.05761, 8.55101, -8.98483, 3.71475, -11.79553, -4.11792, -11.67084, -4.16504, -5.50316, -8.85928, -3.65778]"
44,sub8,mae,1,sub8-a__0115__bow.npy,2,bow,2,0.97419965,1,"[8.15434, 3.47012, 12.92054, -3.17922, -17.61377, 0.3601, -1.57358, -4.02305, 4.69511, -0.41909, 0.02325, 7.1722, 8.67334, -8.4211, 3.92373, -11.90803, -3.50802, -12.272, -4.59056, -6.10782, -8.98631, -3.73139]"
44,sub8,mae,1,sub8-a__0116__bow.npy,2,bow,2,0.9764538,1,"[8.22332, 3.15301, 13.18944, -3.50179, -17.86588, 0.29066, -0.97819, -4.15184, 4.75571, -0.53581, -0.29788, 7.72844, 8.81015, -9.05664, 3.90916, -11.65668, -3.51054, -12.12345, -3.97687, -5.77712, -8.93041, -3.97944]"
44,sub8,mae,1,sub8-a__0117__bow.npy,2,bow,2,0.97989345,1,"[8.23693, 3.17915, 13.48601, -3.67196, -17.64074, 0.37469, -1.36334, -4.3767, 5.20794, -0.24536, -0.26361, 7.58495, 9.07904, -9.47432, 3.50311, -11.31053, -3.6615, -11.67411, -4.42506, -5.01243, -8.35712, -4.04058]"
44,sub8,mae,1,sub8-a__0119__crossarms.npy,5,crossarms,5,0.98249775,1,"[-3.0421, 3.06235, -2.57858, 3.02773, -8.48995, 8.41255, 1.90152, 2.75758, 0.93667, -6.03927, 1.98365, -1.45442, -0.68449, -3.03117, -1.96323, -4.5775, -2.04743, -4.5516, 1.5443, -4.2592, -9.53459, -4.29765]"
44,sub8,mae,1,sub8-a__0120__crossarms.npy,5,crossarms,5,0.9847957,1,"[-3.28686, 1.43726, -4.01255, 2.65632, -8.66731, 9.11923, 2.90479, 4.48369, 0.36436, -4.83592, 0.91115, -1.44526, 0.26872, -3.50622, -3.29184, -3.03955, -0.98604, -5.95122, 2.26436, -5.90362, -9.62181, -4.02463]"
44,sub8,mae,1,sub8-a__0121__crossarms.npy,5,crossarms,5,0.9774275,1,"[-3.34803, 1.72799, -3.88115, 2.8274, -8.62825, 8.69847, 2.16085, 4.55457, 0.63807, -4.73099, 1.22716, -1.77994, 0.27415, -3.25278, -3.25167, -3.53718, -1.14242, -5.6748, 1.57449, -5.82645, -9.57677, -3.52541]"
44,sub8,mae,1,sub8-a__0122__crossarms.npy,5,crossarms,5,0.99035674,1,"[-3.52377, 2.27886, -3.6383, 3.26457, -8.28143, 9.29621, 2.49895, 3.78092, 0.19469, -5.64597, 1.44788, -1.37176, -0.38787, -2.91754, -2.69617, -3.48751, -1.05011, -5.46635, 1.96768, -5.29678, -9.74632, -4.29268]"
44,sub8,mae,1,sub8-a__0123__crossarms.npy,5,crossarms,5,0.9886303,1,"[-3.35298, 2.942, -3.40207, 3.19394, -8.241, 9.02425, 1.83752, 3.49079, 0.63418, -5.72639, 1.79824, -1.66704, -0.59064, -2.63241, -2.50296, -4.11356, -1.30226, -5.31003, 1.34339, -5.21381, -9.78283, -3.83193]"
44,sub8,mae,1,sub8-a__0124__airpunch.npy,1,airpunch,1,0.940578,1,"[3.57375, 9.56513, 3.22041, 3.61638, -11.09208, -0.24192, -4.60344, -4.00253, 5.80299, -2.8851, 5.7335, -4.85788, -1.93183, 2.98532, 4.76775, -14.50231, -5.85698, -9.23373, -2.99709, -8.25286, -9.73873, 3.18084]"
44,sub8,mae,1,sub8-a__0125__airpunch.npy,1,airpunch,1,0.90771645,1,"[3.37836, 8.36242, 2.59256, 3.68622, -11.20631, 0.32358, -4.18933, -2.63253, 5.19956, -2.33187, 4.73239, -5.04977, -0.63549, 2.39467, 3.10189, -12.94289, -5.24085, -9.97335, -3.33115, -8.51969, -8.89309, 3.12464]"
44,sub8,mae,1,sub8-a__0126__airpunch.npy,1,airpunch,1,0.94531745,1,"[2.58957, 9.46671, 2.88598, 5.29782, -11.26821, 0.62474, -4.66194, -2.97941, 5.29464, -3.65127, 5.21589, -4.73263, -1.77849, 3.20084, 4.32868, -13.93476, -5.03305, -9.63912, -2.89742, -9.07408, -10.07335, 3.41193]"
44,sub8,mae,1,sub8-a__0127__airpunch.npy,1,airpunch,1,0.9542634,1,"[3.60404, 9.7163, 2.9287, 4.09711, -10.82969, 0.40907, -4.44508, -3.78608, 4.96877, -3.17626, 6.00772, -4.65654, -2.30229, 3.06022, 4.59674, -14.29841, -5.59458, -9.42089, -3.0321, -8.23079, -9.89156, 1.89812]"
44,sub8,mae,1,sub8-a__0128__airpunch.npy,1,airpunch,1,0.7978147,1,"[3.11167, 7.51092, 2.60286, 3.77732, -12.4219, 0.79575, -3.8612, -1.67533, 5.562, -1.98347, 3.65028, -4.77871, 1.03459, 1.58186, 2.25172, -12.50279, -4.5511, -11.24149, -3.73229, -9.48308, -8.89776, 4.17372]"
44,sub8,mae,1,sub8-a__0129__airpunch.npy,1,airpunch,1,0.9267488,1,"[4.39945, 8.9946, 3.28108, 3.20217, -12.26075, 1.08356, -4.20584, -2.70658, 5.76799, -2.62893, 4.95633, -5.07446, -0.48168, 1.57298, 2.57582, -13.41261, -6.06616, -10.1277, -3.84544, -8.70418, -8.91133, 3.03237]"
44,sub8,mae,1,sub8-a__0130__drink.npy,7,drink,3,0.888466,0,"[-6.89593, 2.97365, -2.83236, 10.67445, -9.81625, 2.24874, -2.0407, 7.50146, 2.86646, -4.26403, 0.82035, -5.41535, -0.62237, 2.88194, -3.03999, -5.84445, -1.73496, -5.16033, 1.48825, -11.50224, -9.54832, 8.17327]"
44,sub8,mae,1,sub8-a__0131__drink.npy,7,drink,7,0.5056196,1,"[-7.34031, 1.47281, -4.14184, 9.82961, -9.40912, 3.30428, -1.34939, 9.91946, 1.63408, -3.2114, -0.21517, -5.12026, -0.15235, 2.00587, -4.4838, -4.21486, -0.60154, -5.72903, 1.90586, -12.39999, -9.64946, 7.12383]"
44,sub8,mae,1,sub8-a__0132__drink.npy,7,drink,3,0.92915046,0,"[-7.30744, 2.15845, -3.47448, 10.95043, -9.76562, 3.00299, -0.79258, 8.2533, 1.02539, -4.54755, 0.92072, -5.0114, -1.18831, 3.04786, -3.09609, -5.35441, -1.53836, -5.31627, 2.98464, -11.92781, -9.8564, 6.06018]"
44,sub8,mae,1,sub8-a__0133__drink.npy,7,drink,3,0.94353074,0,"[-7.17827, 1.95149, -3.41602, 11.03112, -9.63507, 3.62187, -0.30206, 8.18116, -0.20744, -4.30968, 1.37465, -4.43097, -1.69328, 2.8517, -2.53056, -5.60257, -1.38834, -5.76037, 3.37515, -11.95036, -10.1549, 3.28009]"
44,sub8,mae,1,sub8-a__0134__drink.npy,7,drink,3,0.8527104,0,"[-7.30142, 1.80883, -3.60567, 10.68666, -9.533, 3.27474, -0.69568, 8.89343, 0.64517, -4.07789, 0.59221, -4.64033, -1.34526, 2.613, -3.20389, -4.94735, -1.11444, -5.61053, 3.43687, -12.35439, -10.08271, 5.26751]"
44,sub8,mae,1,sub8-a__0135__brushteeth.npy,3,brushteeth,3,0.98067194,1,"[-5.8893, 1.8904, -2.21122, 11.0818, -10.69709, 3.17941, -1.88512, 7.09676, 0.04472, -3.01691, 2.27162, -4.86682, 0.44, 2.91794, -2.46259, -6.95205, -1.73407, -6.52879, 0.46338, -10.2754, -8.75476, 2.19562]"
44,sub8,mae,1,sub8-a__0136__brushteeth.npy,3,brushteeth,3,0.927747,1,"[-5.09769, 0.83256, -2.03995, 10.08503, -10.8894, 3.56674, -1.4532, 7.49951, -0.18192, -2.15332, 1.35528, -4.54432, 1.7716, 1.65851, -3.28878, -5.74491, -1.66511, -6.90949, -0.11398, -9.80512, -7.571, 1.67586]"
44,sub8,mae,1,sub8-a__0137__brushteeth.npy,3,brushteeth,3,0.9139356,1,"[-5.68512, 0.4751, -2.8925, 10.19239, -10.59341, 3.86351, -0.70702, 7.80167, -0.61184, -2.38305, 1.36171, -4.35113, 1.35001, 1.6855, -3.26187, -5.45057, -1.2655, -6.86939, 0.81091, -10.16064, -8.16131, 1.22114]"
44,sub8,mae,1,sub8-a__0138__brushteeth.npy,3,brushteeth,3,0.99428326,1,"[-6.10328, 2.70928, -1.94539, 11.482, -10.28243, 3.44521, -2.17808, 6.13393, 0.33404, -3.61127, 3.03706, -4.79839, -0.57219, 3.04656, -1.84277, -7.3384, -2.21885, -5.61558, 0.6141, -9.41972, -9.10741, 1.27523]"
44,sub8,mae,1,sub8-a__0139__brushteeth.npy,3,brushteeth,3,0.9958026,1,"[-5.78688, 3.07, -1.60565, 11.2801, -10.58733, 3.46524, -1.90167, 5.45686, 0.71458, -3.93786, 3.14617, -4.75109, -0.67962, 2.66359, -1.6015, -7.70244, -2.64574, -5.64524, 0.76937, -8.94465, -9.12551, 1.13389]"
44,sub8,mae,1,sub8-a__0140__highfive.npy,8,highfive,8,0.72903377,1,"[-0.42369, 7.15454, 1.02722, 3.482, -11.29222, -0.72715, -3.9603, -1.76287, 9.26035, -2.23285, 3.12432, -6.10894, 0.85837, 1.55084, 0.71134, -10.62806, -5.24172, -6.2677, -0.78731, -6.75998, -9.07237, 7.84714]"
44,sub8,mae,1,sub8-a__0141__highfive.npy,8,highfive,8,0.76896566,1,"[-0.2659, 7.79546, 1.32141, 3.31803, -11.29714, -0.58821, -3.9256, -2.06604, 9.65278, -2.47405, 3.17532, -5.95383, 0.31009, 1.32116, 1.3123, -10.68327, -5.44428, -6.06998, -1.23859, -6.74563, -9.35, 7.68753]"
44,sub8,mae,1,sub8-a__0142__highfive.npy,8,highfive,8,0.8090466,1,"[-0.13433, 7.7615, 1.44012, 3.44774, -11.43498, -0.13767, -4.48692, -1.77438, 9.67655, -2.46811, 3.49196, -6.48256, 0.59193, 1.14595, 0.5094, -10.60042, -5.9535, -5.58261, -1.59968, -6.00359, -8.80693, 7.19765]"
44,sub8,mae,1,sub8-a__0143__highfive.npy,8,highfive,8,0.8406588,1,"[-0.14115, 7.53736, 1.40178, 3.00548, -11.40961, -0.25092, -4.56328, -1.74234, 10.0548, -2.38153, 3.14727, -6.48592, 0.94765, 1.0126, 0.04264, -10.34051, -5.89881, -5.52925, -0.92084, -6.05624, -8.98533, 7.81482]"
44,sub8,mae,1,sub8-a__0144__highfive.npy,8,highfive,8,0.87602943,1,"[1.18305, 8.34755, 2.23731, 1.78654, -11.53222, 0.09865, -5.19846, -2.84215, 10.38804, -1.72852, 4.03567, -6.38571, 0.97084, 0.22054, 0.31868, -10.80095, -6.58102, -5.5248, -1.92395, -4.78752, -8.98295, 5.68031]"
44,sub8,mae,1,sub8-b1__0001__walk.npy,20,walk,0,0.6772034,0,"[8.0277, -2.73017, -0.3574, -4.89935, -8.04456, -1.95183, 0.55706, -1.00129, 1.56419, 7.11576, 0.30745, -2.42842, 5.27695, -3.24283, -2.88877, -3.56253, -4.23565, -8.0367, -5.38197, -5.04377, 3.15366, -0.00395]"
44,sub8,mae,1,sub8-b1__0002__turnaround.npy,19,turnaround,19,0.9796067,1,"[8.71816, 9.16355, 3.20414, -7.07705, 1.08033, 0.25855, -0.74608, -6.67125, 0.85876, -1.98794, 5.06164, -5.47114, -8.86164, -0.33736, -1.34322, -6.07054, -11.35515, 6.63428, -3.17511, 13.59491, 4.49526, -9.40528]"
44,sub8,mae,1,sub8-b1__0003__walk.npy,20,walk,20,0.9901849,1,"[4.35988, 1.62859, 1.97599, -1.28613, -4.23278, -0.00565, 5.88587, 0.31969, -1.38978, 0.93217, -3.88949, -2.49344, -6.50106, -3.65726, -1.33597, -2.5071, -5.98699, -0.68244, 0.80158, -1.66573, 10.74379, -3.73372]"
44,sub8,mae,1,sub8-b1__0004__turnaround.npy,19,turnaround,19,0.9999888,1,"[5.74469, 4.66815, 3.4931, -7.49348, -4.51471, 0.28713, 2.67419, -7.40068, 4.67505, -0.2716, 0.90176, -3.19387, -3.82468, -7.0503, 2.27541, -3.70131, -9.01374, 2.04016, 0.83738, 17.79822, 1.88497, -10.79308]"
44,sub8,mae,1,sub8-b1__0005__walk.npy,20,walk,0,0.5948182,0,"[7.87708, -2.40767, -0.82373, -5.19254, -5.65286, -2.08879, 0.29511, -1.24634, 0.86749, 7.41687, 0.15935, -2.98352, 3.80914, -2.57108, -2.24479, -3.08055, -3.72018, -7.69463, -6.04559, -4.333, 4.38254, -0.52019]"
44,sub8,mae,1,sub8-b1__0006__turnaround.npy,19,turnaround,19,0.9997814,1,"[6.4726, 6.18225, 3.07872, -8.36443, -3.62983, 0.02219, 0.76477, -5.60553, 5.51058, -1.49483, 1.4534, -3.21061, -5.74244, -6.97397, 1.73758, -6.35785, -8.99884, 4.18091, -1.45003, 15.76194, 3.94272, -9.48358]"
44,sub8,mae,1,sub8-b1__0007__walk.npy,20,walk,20,0.98909587,1,"[5.68802, 1.92104, 2.54709, -1.76957, -4.81797, 0.14094, 5.88655, -0.09976, -1.31501, 0.58874, -3.60342, -2.45734, -6.60174, -4.04641, -1.62391, -2.93146, -6.54949, -1.32082, 0.90375, -1.95911, 11.03363, -3.83277]"
44,sub8,mae,1,sub8-b1__0009__walk.npy,20,walk,9,0.52266204,0,"[7.83932, -2.57041, -1.11503, -5.53356, -5.42348, -1.95475, -0.1735, -1.0792, 0.84183, 7.98894, 0.63871, -3.19074, 4.10465, -2.21906, -3.49837, -2.59533, -3.92706, -6.95748, -5.99454, -3.88835, 4.46057, -0.46357]"
44,sub8,mae,1,sub8-b1__0010__turnaround.npy,19,turnaround,19,0.98650765,1,"[9.91522, 9.15879, 4.34978, -8.26786, -1.33338, 0.63299, -0.10344, -6.87525, 2.70009, -2.89689, 3.94311, -4.77056, -7.91949, -3.54425, -0.16334, -6.93609, -11.39397, 4.68383, -3.25457, 14.60352, 4.45148, -9.88743]"
44,sub8,mae,1,sub8-b1__0011__walk.npy,20,walk,20,0.98032826,1,"[4.76536, 2.17291, 2.8678, -2.00407, -5.56487, -0.1984, 5.71531, -0.51724, -0.06768, 0.93483, -3.11968, -2.30733, -7.11633, -4.78564, -0.22358, -4.16355, -6.92693, -0.48141, 1.13474, -0.86552, 10.03424, -5.17387]"
44,sub8,mae,1,sub8-b1__0012__turnaround.npy,19,turnaround,19,0.9999869,1,"[6.37039, 5.12231, 3.63462, -7.56132, -3.99978, 0.45292, 2.15451, -7.64127, 4.29591, -0.25631, 1.5637, -3.68182, -4.47252, -6.49142, 1.65548, -3.50653, -9.65355, 2.3868, 0.90851, 18.05375, 2.07882, -11.25262]"
44,sub8,mae,1,sub8-b1__0013__walk.npy,20,walk,0,0.5364498,0,"[7.86067, -2.4645, -1.2501, -5.26274, -5.34966, -2.1367, 0.3697, -1.07175, 0.58413, 7.65953, 0.3493, -3.11868, 3.5601, -2.07049, -2.7507, -2.84305, -3.83865, -7.37221, -5.79526, -4.56639, 4.36271, -0.45629]"
44,sub8,mae,1,sub8-b1__0014__turnaround.npy,19,turnaround,19,0.9972421,1,"[8.94046, 8.25486, 4.29969, -8.3051, -2.02459, 0.66587, 0.5357, -6.29298, 3.53201, -2.82472, 2.53043, -4.06075, -7.50415, -5.08062, 0.32949, -6.59287, -10.55809, 4.62167, -2.75735, 15.27636, 5.34665, -9.77881]"
44,sub8,mae,1,sub8-b1__0015__walk.npy,20,walk,20,0.9838155,1,"[6.14374, 1.53813, 2.89046, -3.37406, -6.14756, -0.20734, 5.33828, -0.54121, 0.81337, 1.49618, -3.4623, -2.36583, -6.24999, -5.96911, -0.74111, -3.96844, -7.32899, -0.6531, 0.70279, -0.64917, 10.67047, -4.60507]"
44,sub8,mae,1,sub8-b1__0016__turnaround.npy,19,turnaround,19,0.99996984,1,"[7.18772, 4.69354, 3.07247, -8.0724, -4.70074, 0.48864, 2.56544, -7.86636, 4.59625, 0.29921, 1.45692, -3.56733, -3.59626, -7.12406, 1.60594, -3.53765, -9.43105, 0.79979, 0.80871, 17.77795, 1.71683, -11.32873]"
44,sub8,mae,1,sub8-b1__0017__walk.npy,20,walk,0,0.5706675,0,"[7.74418, -2.57071, -1.2378, -4.94802, -5.89563, -2.47888, 1.00743, -1.31125, 1.02793, 7.39896, 0.01277, -2.81722, 3.47753, -2.72378, -1.59114, -3.20003, -3.71308, -7.69535, -5.51532, -4.81173, 4.11607, -0.20903]"
44,sub8,mae,1,sub8-b1__0018__turnaround.npy,19,turnaround,19,0.991469,1,"[9.61353, 8.27343, 3.71205, -8.36469, -1.82296, -0.06994, 0.21404, -6.92056, 3.04876, -2.48212, 3.95383, -4.79321, -7.36399, -3.86807, 0.09217, -7.09473, -11.4056, 4.76522, -2.71149, 14.61846, 4.45973, -9.4234]"
44,sub8,mae,1,sub8-b1__0019__walk.npy,20,walk,20,0.9857389,1,"[6.58614, 1.96114, 2.33766, -2.30117, -4.98413, 0.12083, 5.34567, -0.26685, -0.84679, 1.10567, -3.43391, -2.70678, -6.30179, -4.4386, -1.6681, -3.14247, -6.70851, -1.8591, 0.32581, -2.05488, 11.10239, -3.78059]"
44,sub8,mae,1,sub8-b1__0020__turnaround.npy,19,turnaround,19,0.9999865,1,"[6.29615, 4.59948, 3.37089, -7.86289, -4.61701, 0.60464, 2.87587, -7.79563, 4.67735, 0.07323, 0.66568, -2.97849, -3.61051, -7.70036, 2.96912, -3.54167, -8.60819, 0.5627, 1.07184, 17.933, 0.9519, -12.07604]"
44,sub8,mae,1,sub8-b1__0021__walk.npy,20,walk,0,0.7832725,0,"[7.91836, -3.31249, -1.43385, -4.6165, -7.01845, -2.10178, 2.98428, -0.65916, 0.283, 6.50041, -1.52425, -1.63993, 3.83893, -3.63269, -0.27395, -3.26225, -2.85798, -9.98912, -5.12312, -6.65013, 3.19286, -0.5404]"
44,sub8,mae,1,sub8-b1__0022__turnaround.npy,19,turnaround,19,0.9887917,1,"[9.40267, 8.89257, 3.37097, -7.7808, 0.31386, 0.27007, -0.69863, -6.6519, 1.58361, -2.15975, 4.69574, -5.30025, -8.29488, -1.73853, -0.94959, -6.56464, -11.20364, 5.82902, -3.55458, 14.38561, 5.07663, -9.45088]"
44,sub8,mae,1,sub8-b1__0023__walk.npy,20,walk,20,0.9892596,1,"[6.28947, 1.45438, 2.59611, -3.2665, -6.04451, -0.31691, 5.02343, -0.4894, 0.69229, 1.69381, -3.28199, -2.63536, -6.03391, -5.5864, -1.35049, -4.05462, -7.1604, -0.95146, 0.61548, -1.15885, 11.10259, -3.72853]"
44,sub8,mae,1,sub8-b1__0024__turnaround.npy,19,turnaround,19,0.9999949,1,"[4.95436, 4.33164, 3.06489, -7.39356, -3.15016, -0.05753, 3.05668, -7.51766, 3.62137, 0.24357, 0.94726, -2.97184, -4.22855, -6.4186, 2.80546, -3.66319, -8.10174, 1.56107, 1.01251, 17.97689, 1.47477, -11.63783]"
44,sub8,mae,1,sub8-b1__0025__hop.npy,9,hop,9,0.99883705,1,"[4.589, -1.70451, -3.50503, -4.85782, 1.72649, -3.36421, -4.34606, -2.60123, -0.8902, 12.13859, 3.95409, -4.26309, -1.58412, 3.88455, -0.47116, -3.49555, -0.77682, -4.78288, -5.85872, -4.31712, 2.37158, -2.89943]"
44,sub8,mae,1,sub8-b1__0026__hop.npy,9,hop,9,0.99982315,1,"[2.92185, -2.15552, -4.93757, -5.84295, 4.11541, -3.1956, -5.62362, -2.47104, -1.16936, 14.14106, 3.96754, -4.5184, -1.39716, 4.65977, -1.20814, -3.26615, 1.10718, -5.0196, -5.37868, -3.37345, 0.85072, -3.69987]"
44,sub8,mae,1,sub8-b1__0027__hop.npy,9,hop,9,0.9997992,1,"[3.62464, -3.03595, -4.43656, -5.37363, 1.93992, -3.24595, -4.05453, -2.02607, -1.13782, 13.17389, 3.07994, -3.84872, 0.13376, 3.34414, -1.41836, -3.23011, 0.71895, -5.94776, -5.41435, -3.94222, 1.95135, -2.8894]"
44,sub8,mae,1,sub8-b1__0028__hop.npy,9,hop,9,0.99950147,1,"[3.69707, -3.48546, -4.15338, -5.0074, 0.61238, -3.02057, -2.63761, -1.31603, -1.04524, 12.03527, 2.03948, -3.72265, 1.11085, 2.39771, -2.12691, -2.70605, 0.07719, -6.09602, -5.14427, -4.19634, 2.88692, -1.93033]"
44,sub8,mae,1,sub8-b1__0029__hop.npy,9,hop,9,0.99971896,1,"[3.18154, -2.5494, -4.60727, -5.71198, 3.93443, -3.62335, -4.60088, -2.40802, -1.58793, 13.6195, 3.68827, -4.20205, -1.73542, 4.67375, -1.1208, -3.24573, 0.46485, -4.32262, -4.68664, -3.5068, 1.80182, -3.46257]"
44,sub8,mae,1,sub8-b1__0030__hop.npy,9,hop,9,0.99979573,1,"[2.07005, -2.54601, -4.77856, -5.90723, 5.37324, -3.66111, -4.97667, -2.71605, -1.44628, 14.41792, 3.59309, -4.04845, -2.29908, 4.64085, -0.5, -2.95776, 1.39071, -3.71133, -4.56393, -2.56997, 1.52734, -4.13958]"
44,sub8,mae,1,sub8-b1__0031__jump.npy,10,jump,9,0.99061054,0,"[2.58217, 0.02384, -2.5045, -3.52788, 1.10018, -2.23166, -6.10574, -3.39374, -2.12608, 10.97923, 5.39394, 0.07956, -3.2081, 4.70414, 5.11936, -7.49131, 3.67344, -7.15358, -5.18044, -6.13744, -5.27085, -7.02243]"
44,sub8,mae,1,sub8-b1__0032__jump.npy,10,jump,9,0.80651784,0,"[6.52143, -2.40209, -1.56502, -3.24672, -6.66203, -2.59654, -1.1141, -1.80451, -0.81111, 8.01298, 3.17937, -0.69958, 2.58418, 0.54899, 1.24725, -7.07911, -1.23981, -9.38287, -4.63952, -7.52815, -1.54375, -2.70279]"
44,sub8,mae,1,sub8-b1__0033__jump.npy,10,jump,10,0.41923106,1,"[4.40154, -1.15021, -1.04187, 0.50457, -7.8503, -1.99166, -1.90843, -0.79478, -2.90773, 4.3903, 5.05609, -0.00205, 2.37965, 3.48889, 1.94771, -10.45618, -0.74675, -10.11043, -5.05783, -9.25219, -4.3185, -3.02464]"
44,sub8,mae,1,sub8-b1__0034__jump.npy,10,jump,10,0.7589663,1,"[2.57951, 0.42129, -0.65939, 1.68388, -6.85627, -0.80644, -2.76226, -0.98478, -3.97576, 2.78284, 6.41764, 1.001, -0.05727, 4.83804, 3.22987, -11.85461, 0.50714, -9.46995, -3.95981, -8.86715, -6.8555, -5.1871]"
44,sub8,mae,1,sub8-b1__0035__jump.npy,10,jump,10,0.8032332,1,"[1.25957, 1.39389, -0.47072, 3.10189, -5.91684, -0.3846, -3.01219, -1.01753, -4.71569, 1.09427, 7.48975, 0.92305, -1.28779, 5.92528, 3.24344, -12.39119, 0.06122, -7.83343, -3.76047, -7.69285, -7.15481, -5.98422]"
44,sub8,mae,1,sub8-b1__0036__runonspot.npy,13,runonspot,13,0.918528,1,"[1.27077, 1.56489, -0.77621, 4.02069, -2.43258, -1.81858, -5.06563, -0.72779, -7.26724, 2.37556, 8.72528, -1.13019, -4.17731, 11.16437, 3.26226, -11.43201, -0.97668, -5.87199, -3.32738, -7.82407, -6.06193, -7.60373]"
44,sub8,mae,1,sub8-b1__0037__runonspot.npy,13,runonspot,13,0.80661726,1,"[1.10659, 0.06372, -1.24705, 3.84382, -4.03734, -1.78164, -4.08643, -0.18591, -6.99249, 3.06161, 8.18323, -0.75251, -2.46907, 9.63495, 2.36448, -11.25156, -0.66866, -7.27489, -2.60072, -8.4438, -6.04305, -7.77937]"
44,sub8,mae,1,sub8-b1__0038__runonspot.npy,13,runonspot,13,0.7371434,1,"[2.41189, 2.7081, 0.35369, 3.71843, -2.92087, -1.86508, -6.28999, -2.28298, -6.18482, 1.93618, 10.02322, -1.63973, -5.45632, 11.06032, 4.05627, -12.12177, -2.9774, -4.48711, -2.90003, -6.0589, -6.11321, -8.29373]"
44,sub8,mae,1,sub8-b1__0039__runonspot.npy,13,runonspot,13,0.682101,1,"[2.12498, 2.8594, 0.19533, 3.39222, -2.80424, -1.03946, -6.18078, -2.12422, -6.29067, 1.72905, 9.86437, -1.30946, -5.15761, 10.6333, 3.74661, -11.99697, -2.44126, -4.89174, -3.24842, -6.12124, -6.3446, -8.41836]"
44,sub8,mae,1,sub8-b1__0040__runonspot.npy,13,runonspot,13,0.88192195,1,"[1.1091, -0.5394, -2.57443, 2.78272, -2.40429, -1.29885, -4.3925, -0.31781, -6.86373, 4.62705, 7.52979, -1.5498, -2.6966, 9.60942, 2.11551, -9.62031, 0.01223, -7.10779, -2.95582, -7.98095, -5.04379, -7.5382]"
44,sub8,mae,1,sub8-b1__0041__runonspot.npy,13,runonspot,13,0.8901058,1,"[0.83946, 2.70784, -0.41922, 4.32857, -0.64845, -1.48946, -6.54366, -1.95357, -6.96156, 2.26741, 9.82099, -1.81594, -6.51056, 11.92191, 4.15014, -11.40046, -1.61482, -3.83959, -2.87602, -5.99438, -6.05442, -9.04259]"
44,sub8,mae,1,sub8-b1__0042__buttkicks.npy,4,buttkicks,4,0.9991611,1,"[-1.74724, 1.62489, -5.67773, -4.64975, 18.54032, -3.69677, -6.49027, -3.51588, -6.15176, 11.03461, 2.26698, -3.65091, -9.80528, 10.33709, 7.1274, -1.4151, 6.27403, -1.74548, -6.54953, -2.08516, -0.94798, -7.04505]"
44,sub8,mae,1,sub8-b1__0043__buttkicks.npy,4,buttkicks,4,0.99990857,1,"[-3.01213, 1.82576, -5.93437, -4.7165, 20.2058, -3.32169, -5.77859, -3.14359, -6.04729, 10.40787, 0.89123, -3.50076, -10.30274, 9.81454, 7.43724, 0.00503, 7.18357, -0.95303, -6.2364, -1.4556, -0.76782, -6.95029]"
44,sub8,mae,1,sub8-b1__0044__buttkicks.npy,4,buttkicks,4,0.99997413,1,"[-3.04009, 2.21135, -6.03561, -4.61018, 21.07046, -2.70529, -5.43801, -2.86051, -6.73633, 9.29436, 0.35014, -3.1786, -10.44464, 9.88293, 7.94488, 0.40568, 8.05517, -1.34813, -6.71889, -1.60902, -1.09126, -7.05058]"
44,sub8,mae,1,sub8-b1__0045__buttkicks.npy,4,buttkicks,4,0.9999627,1,"[-2.57466, 2.31807, -5.91295, -4.7951, 20.73173, -2.88153, -5.51923, -3.23639, -6.29909, 9.72866, 0.77988, -3.62619, -10.39691, 9.80392, 7.23421, 0.19274, 7.19025, -1.20371, -6.72974, -1.2621, -0.63655, -6.86754]"
44,sub8,mae,1,sub8-b1__0046__buttkicks.npy,4,buttkicks,4,0.9903026,1,"[-0.95048, 0.0133, -6.21487, -5.08099, 16.84235, -3.19607, -5.20539, -2.31011, -6.36096, 12.15786, 1.42152, -3.87842, -7.87551, 9.31314, 4.10639, 0.11201, 5.69733, -2.56546, -6.91196, -3.36885, 1.02822, -5.88585]"
44,sub8,mae,1,sub8-b1__0047__airkick.npy,0,airkick,0,0.56657934,1,"[5.53248, -1.1733, -0.79189, -0.44478, -8.94123, -0.9807, 0.98334, -0.57046, -0.41414, 5.0805, 2.19809, -1.61779, 2.68804, -0.89472, 0.81634, -6.91314, -2.94056, -9.974, -3.24401, -8.43963, -2.25795, -2.921]"
44,sub8,mae,1,sub8-b1__0048__airkick.npy,0,airkick,0,0.9749383,1,"[9.54427, 0.23011, 0.69944, -4.45452, -9.60812, -2.35237, -0.08508, -3.1464, 3.36542, 5.67613, 2.41907, -2.84623, 2.85561, -3.09735, 1.47791, -7.03737, -5.78151, -8.48104, -4.16835, -5.59157, -0.64439, -1.57175]"
44,sub8,mae,1,sub8-b1__0049__airkick.npy,0,airkick,0,0.9860874,1,"[12.26466, 6.76844, 3.50595, -5.38367, -8.04998, -1.72291, -5.38052, -6.76175, 5.36828, 4.05418, 7.44108, -4.95028, -2.8729, -0.74934, 4.71105, -10.9922, -9.82695, -4.75069, -5.17121, -2.62629, -3.33235, -4.63449]"
44,sub8,mae,1,sub8-b1__0050__airkick.npy,0,airkick,0,0.9600851,1,"[10.19474, 4.13018, 2.30358, -5.5285, -7.65743, -3.65199, -3.78059, -6.16091, 5.42967, 4.9944, 6.29089, -4.10553, -1.47016, -1.12343, 4.82249, -9.46417, -8.83328, -3.89597, -3.43573, -2.53051, -2.94572, -3.39858]"
44,sub8,mae,1,sub8-b1__0051__airkick.npy,0,airkick,0,0.9779652,1,"[10.0931, 2.1946, 1.89494, -5.26506, -10.07422, -3.22323, -2.33205, -5.13472, 5.2979, 5.0005, 5.03714, -3.09195, 1.71104, -2.75742, 3.0285, -9.24815, -7.69134, -6.15733, -3.2621, -3.37718, -2.95622, -2.83256]"
44,sub8,mae,1,sub8-b1__0052__sidekick.npy,14,sidekick,14,0.99985063,1,"[9.14333, 5.62474, 4.49711, -4.12515, -3.37281, -1.95912, -0.02955, -7.04816, 1.30444, 2.3149, 0.68509, 1.94107, -6.09597, -3.41788, 17.99323, -9.55655, -1.8517, -9.61998, -5.43934, -5.67466, -6.81069, -9.27847]"
44,sub8,mae,1,sub8-b1__0053__sidekick.npy,14,sidekick,14,0.9999311,1,"[9.33996, 5.99354, 6.05416, -3.52079, -5.21079, -1.36069, 0.74708, -7.0245, 1.5682, 0.44257, -0.61869, 3.3418, -4.93838, -4.79215, 18.99509, -9.99607, -1.25858, -11.09468, -5.96833, -6.29466, -7.24794, -8.53148]"
44,sub8,mae,1,sub8-b1__0054__sidekick.npy,14,sidekick,14,0.99981815,1,"[9.71099, 6.00632, 5.74279, -3.64999, -5.8248, -1.02792, 0.672, -6.51925, 1.65173, 0.69596, -0.59569, 3.36871, -4.79175, -4.87244, 18.36847, -9.87427, -1.39268, -11.45299, -5.81885, -7.05063, -7.76893, -8.60636]"
44,sub8,mae,1,sub8-b1__0055__sidekick.npy,14,sidekick,14,0.99730504,1,"[10.01988, 5.12713, 2.55545, -4.69196, -1.0335, -1.53302, -1.98631, -5.86454, -0.87839, 4.09414, 1.48263, 0.99636, -5.87056, -0.63635, 15.94463, -8.57998, -0.62321, -9.95914, -7.03243, -7.07699, -6.65784, -9.27535]"
44,sub8,mae,1,sub8-b1__0056__sidekick.npy,14,sidekick,14,0.99897194,1,"[8.73617, 5.41219, 2.78999, -4.48438, -1.59451, -2.33439, -0.97033, -6.10479, 0.84936, 3.9807, 0.98589, 0.49625, -6.16872, -1.03686, 15.66264, -8.39091, -1.59795, -8.47136, -6.0615, -6.84357, -6.40349, -7.6027]"
44,sub8,mae,1,sub8-b1__0057__crosstoe.npy,6,crosstoe,6,0.99061733,1,"[6.16313, -3.95235, 1.78354, -5.23482, -15.03124, 1.12229, 13.65665, 0.64353, 1.26048, 1.66395, -8.05428, 8.11918, 8.3326, -12.49467, 0.9541, -1.23552, 0.5419, -15.67624, 4.18069, -10.1328, -7.56897, -3.05684]"
44,sub8,mae,1,sub8-b1__0058__crosstoe.npy,6,crosstoe,6,0.98373276,1,"[5.03988, -4.64491, 0.84201, -5.43469, -13.69271, 2.67829, 14.37523, 3.55755, -1.04064, 2.29295, -9.33644, 10.16417, 7.69642, -12.3832, -1.99953, 1.43316, 2.62061, -15.11854, 6.30943, -12.37913, -7.63484, -4.2525]"
44,sub8,mae,1,sub8-b1__0059__crosstoe.npy,6,crosstoe,6,0.9856236,1,"[5.37232, -4.20489, 1.19748, -5.50107, -13.59104, 2.88323, 14.87039, 3.24458, -1.08755, 1.63289, -9.52804, 10.58546, 7.20767, -12.63372, -1.37526, 1.67229, 2.50154, -15.16583, 6.54391, -12.08008, -7.80796, -4.84193]"
44,sub8,mae,1,sub8-b1__0060__crosstoe.npy,6,crosstoe,6,0.98667175,1,"[5.81152, -4.36903, 1.42312, -5.97802, -13.31496, 2.76129, 15.71453, 2.91859, -1.80492, 1.59284, -9.5179, 11.38218, 6.53665, -13.06948, -0.49501, 1.94099, 2.53911, -15.24531, 7.23988, -11.99016, -7.90692, -6.74723]"
44,sub8,mae,1,sub8-b1__0061__crosstoe.npy,6,crosstoe,6,0.9878472,1,"[4.70372, -4.86933, 0.58246, -5.47392, -12.75438, 2.68967, 15.61482, 3.59578, -2.1638, 2.17625, -9.69747, 11.19135, 6.65157, -12.27641, -1.20743, 2.6126, 3.22872, -14.87639, 6.78872, -12.24713, -7.69874, -5.79447]"
44,sub8,mae,1,sub8-b1__0063__throw.npy,18,throw,21,0.45077208,0,"[0.63352, 1.10776, -2.50841, 0.14265, -8.68654, -2.45669, 0.04397, -1.6672, 5.43111, 2.27707, 1.22408, -3.52228, 3.25899, 1.06343, 0.81854, -8.2092, -1.5165, -8.22359, 0.86064, -6.83844, -7.56039, 5.44726]"
44,sub8,mae,1,sub8-b1__0064__throw.npy,18,throw,8,0.611419,0,"[-0.1775, 3.07703, -1.4447, 1.07417, -7.61759, -3.85529, -1.12912, -3.5532, 6.0183, 0.92344, 2.87208, -3.95721, 1.45029, 2.41228, 2.08256, -9.49933, -2.51185, -6.17147, 2.43747, -4.73392, -8.25883, 5.19221]"
44,sub8,mae,1,sub8-b1__0065__throw.npy,18,throw,8,0.43821895,0,"[0.72062, 1.72981, -2.508, -0.31315, -6.75406, -3.14532, -2.79389, -2.13717, 5.10765, 3.81576, 3.65854, -4.84538, 2.0871, 2.94749, -0.42029, -8.56218, -2.30473, -6.30555, 0.00196, -5.58028, -6.72359, 4.5003]"
44,sub8,mae,1,sub8-b1__0066__throw.npy,18,throw,9,0.26362497,0,"[3.19138, 0.02793, -1.95664, -1.12142, -8.26237, -2.41199, -1.03624, -1.68065, 3.1292, 3.87775, 3.33218, -4.22323, 3.8528, 0.92583, -1.86273, -7.76421, -3.69208, -6.97334, -0.71541, -5.17991, -3.99547, 1.98746]"
44,sub8,mae,1,sub8-b1__0067__throw.npy,18,throw,8,0.61807203,0,"[-0.11784, 2.41898, -2.41591, 0.41512, -7.04672, -3.36659, -2.24963, -2.41269, 5.88122, 2.61935, 3.5094, -4.41308, 1.32385, 2.49338, 0.90857, -9.27503, -2.11516, -6.08742, 0.62558, -5.5229, -7.90966, 4.941]"
44,sub8,mae,1,sub8-b1__0068__walk.npy,20,walk,0,0.52840155,0,"[7.35771, -2.71083, -1.19763, -4.55198, -8.66158, -1.2481, 1.50096, -0.33791, 1.29363, 6.7396, 0.06384, -1.71959, 6.29175, -3.67805, -2.90643, -4.48346, -2.75126, -10.18677, -4.95244, -6.93904, 0.86125, 0.05715]"
44,sub8,mae,1,sub8-b1__0069__turnaround.npy,19,turnaround,19,0.9970842,1,"[7.5884, 8.46661, 2.85357, -7.64364, 0.01347, 0.56481, -0.21896, -5.70293, 2.17478, -1.79594, 3.81471, -4.92109, -8.11346, -2.54863, -1.3616, -5.98179, -10.35714, 6.34581, -3.07544, 14.76177, 5.06754, -9.72704]"
44,sub8,mae,1,sub8-b1__0070__walk.npy,20,walk,20,0.99703825,1,"[5.55918, 1.58333, 2.11947, -3.0613, -5.11433, 0.10769, 4.38168, 0.0962, 1.36251, 1.7716, -3.94125, -3.53934, -6.46697, -5.20085, -2.53573, -2.28978, -7.44053, 0.63097, 0.29231, -0.88737, 11.72922, -2.63403]"
44,sub8,mae,1,sub8-b1__0071__walk.npy,20,walk,19,0.99997914,0,"[5.99608, 4.66529, 3.68242, -6.80494, -4.15815, -0.13748, 3.26272, -8.06841, 3.34234, -0.11763, 1.82964, -3.07466, -3.42693, -5.71904, 1.47789, -4.00807, -8.85184, 0.621, 0.62717, 17.2109, 1.26414, -11.08981]"
44,sub8,mae,1,sub8-b1__0072__walk.npy,20,walk,0,0.7643514,0,"[8.11111, -2.41311, -0.72305, -4.92664, -7.79978, -2.216, 1.58881, -1.37881, 1.17512, 6.76816, 0.00867, -1.54894, 4.93235, -3.52618, -0.70405, -4.81427, -3.08628, -9.74489, -5.90059, -6.52401, 1.94285, -0.29025]"
44,sub8,mae,1,sub8-b1__0073__turnaround.npy,19,turnaround,19,0.99348974,1,"[9.14758, 8.72312, 4.00126, -8.12854, -1.27609, 0.96447, 0.45449, -6.11689, 2.77387, -3.0689, 2.85231, -4.44072, -7.94817, -4.10293, -0.48352, -6.11661, -10.86932, 5.16765, -2.85011, 14.70697, 5.17531, -9.74734]"
44,sub8,mae,1,sub8-b1__0074__walk.npy,20,walk,20,0.99548423,1,"[4.83917, 1.91956, 2.05403, -2.37617, -5.07056, -0.18879, 4.46305, -0.11244, 1.10764, 1.67943, -3.62606, -3.36292, -6.53275, -4.74419, -1.6747, -2.71997, -7.13918, 0.41888, 0.17503, -0.90851, 10.88225, -2.99642]"
44,sub8,mae,1,sub8-b1__0075__turnaround.npy,19,turnaround,19,0.99998355,1,"[6.38102, 3.99921, 3.38782, -7.10259, -4.21809, -0.30722, 3.10027, -8.33692, 3.48987, 0.2763, 1.79386, -2.86671, -2.95184, -6.1853, 1.8226, -3.68065, -8.63614, 0.50695, 0.56175, 17.63762, 1.59533, -11.14515]"
44,sub8,mae,1,sub8-b1__0076__walk.npy,20,walk,9,0.51584965,0,"[7.32405, -2.7947, -1.63693, -5.0007, -6.32403, -2.14646, 1.78994, -0.71735, 0.39618, 7.46431, -0.2059, -2.09175, 4.52259, -2.61354, -2.42962, -3.61161, -2.85917, -9.0748, -5.53821, -6.33238, 2.92382, -0.11778]"
44,sub8,mae,1,sub8-b1__0077__turnaround.npy,19,turnaround,19,0.9963876,1,"[8.97748, 7.82408, 3.3734, -8.52478, -2.78539, 0.8052, 1.04726, -5.94108, 3.69409, -3.00794, 2.33809, -4.01267, -6.67463, -5.6253, 0.07343, -6.40998, -10.30562, 3.95131, -2.20736, 14.89254, 4.42696, -9.62666]"
44,sub8,mae,1,sub8-b1__0078__walk.npy,20,walk,20,0.9934801,1,"[3.97134, 1.8939, 2.21562, -1.41137, -5.20322, -0.21224, 5.03291, 0.10661, 0.54446, 1.28454, -3.77489, -2.778, -6.69227, -4.57068, -0.47414, -2.90156, -6.58652, 0.30005, 0.24501, -1.08259, 10.47963, -3.72243]"
44,sub8,mae,1,sub8-b1__0079__turnaround.npy,19,turnaround,19,0.99998283,1,"[6.22124, 5.64891, 3.32399, -7.53278, -3.73583, 0.42233, 2.65851, -7.74167, 4.1875, -0.29715, 1.65198, -3.86007, -4.1104, -6.02125, 1.48469, -3.75219, -9.35792, 1.27614, 0.22418, 17.79022, 1.02723, -10.92706]"
44,sub8,mae,1,sub8-b1__0080__walk.npy,20,walk,0,0.60378546,0,"[7.77337, -2.81885, -1.75955, -5.32326, -5.65851, -1.48029, 2.47478, -0.39983, -0.02088, 7.27975, -1.25913, -1.98221, 3.83903, -3.12707, -2.3904, -2.66999, -2.36679, -9.69706, -5.63402, -6.89121, 3.84541, -0.13064]"
44,sub8,mae,1,sub8-b1__0081__turnaround.npy,19,turnaround,19,0.99968374,1,"[5.49189, 7.22326, 2.77735, -7.52733, -2.53033, 0.62694, 0.95865, -4.79968, 5.0131, -2.05654, 1.09583, -3.96459, -6.52075, -6.07069, 0.65154, -5.74702, -8.7909, 4.73475, -1.86739, 15.64847, 4.30314, -9.2162]"
44,sub8,mae,1,sub8-b1__0082__walk.npy,20,walk,20,0.9947266,1,"[6.5249, 2.16217, 2.06475, -3.2375, -5.2521, 0.55754, 2.86447, 0.26709, 1.83951, 2.33417, -3.26421, -4.53641, -5.99058, -4.91314, -3.46815, -2.68797, -7.8568, 0.07565, -0.70682, -1.6682, 11.8434, -2.11455]"
44,sub8,mae,1,sub8-b1__0083__turnaround.npy,19,turnaround,19,0.99997926,1,"[5.98224, 5.11791, 2.46101, -7.96892, -3.48819, 0.44793, 2.73164, -7.23366, 4.11265, 0.63514, 1.45765, -3.86337, -3.84134, -6.07057, 1.07842, -3.59959, -8.67488, 0.66553, 0.44392, 17.29164, 0.76185, -11.01275]"
44,sub8,mae,1,sub8-b1__0084__walk.npy,20,walk,0,0.6084412,0,"[7.53263, -2.78613, -1.55386, -4.93373, -6.95502, -2.1973, 2.74424, -1.00896, 0.94654, 7.00082, -1.06334, -1.53202, 4.27604, -3.78418, -0.61426, -3.9813, -2.40231, -10.01666, -5.22336, -6.95171, 2.45335, -0.09833]"
44,sub8,mae,1,sub8-b1__0085__turnaround.npy,19,turnaround,19,0.999121,1,"[6.99915, 5.07546, 1.76437, -8.08011, -3.67626, 0.71991, 3.20079, -4.29722, 3.6994, -1.51452, -0.09033, -3.67735, -5.13084, -7.10327, -0.89111, -4.72477, -8.3943, 1.77446, -0.61213, 14.42536, 5.64298, -9.14634]"
44,sub8,mae,1,sub8-b1__0087__turnaround.npy,19,turnaround,19,0.999985,1,"[6.11772, 4.28395, 3.14823, -6.95067, -4.29578, -0.10971, 3.30361, -7.94921, 4.12998, 0.00624, 1.40231, -3.42675, -3.38998, -6.35163, 1.42103, -3.43275, -8.93842, 0.78341, 0.76432, 17.60533, 1.85928, -10.38181]"
44,sub8,mae,1,sub8-b1__0089__hop.npy,9,hop,9,0.9989392,1,"[1.07808, -2.06611, -4.5836, -5.28604, 6.036, -3.78215, -6.5257, -3.29607, -3.13287, 14.26129, 5.73032, -2.68714, -3.34277, 6.81264, 0.87265, -5.40384, 2.81911, -3.9398, -4.48962, -3.08731, -1.18599, -6.13468]"
44,sub8,mae,1,sub8-b1__0090__hop.npy,9,hop,9,0.99945086,1,"[0.78207, -2.11544, -5.11069, -5.18419, 6.23675, -3.5331, -5.72171, -2.85709, -2.88798, 14.55873, 4.62513, -3.04839, -2.92189, 6.23428, 0.50462, -4.53363, 3.31827, -4.89232, -4.79425, -3.83905, -0.74331, -5.47076]"
44,sub8,mae,1,sub8-b1__0091__hop.npy,9,hop,9,0.9979736,1,"[-0.47507, -1.43754, -4.8261, -4.82166, 8.27948, -3.72352, -6.58347, -3.54692, -3.3731, 14.91547, 5.26069, -2.49419, -5.16069, 7.54747, 2.04036, -4.88496, 4.09663, -3.09851, -3.99482, -3.19429, -1.93217, -6.8006]"
44,sub8,mae,1,sub8-b1__0092__hop.npy,9,hop,9,0.9997073,1,"[2.68705, -4.36299, -4.76751, -4.40449, 0.36775, -3.03103, -0.81763, -0.97267, -2.35623, 12.06599, 0.98919, -1.65105, 2.13106, 2.04932, -1.30092, -3.09194, 2.37314, -8.48014, -5.14955, -6.22313, 1.27055, -2.45083]"
44,sub8,mae,1,sub8-b1__0093__hop.npy,9,hop,9,0.9952441,1,"[-1.02494, -0.95006, -4.55673, -5.71732, 10.21536, -3.86711, -7.35258, -4.05989, -2.86204, 15.61823, 5.19075, -2.63709, -6.05567, 7.23742, 1.8277, -3.94257, 4.49443, -1.40962, -3.98926, -1.17488, -1.31419, -6.95614]"
44,sub8,mae,1,sub8-b1__0094__jump.npy,10,jump,9,0.84922826,0,"[7.02603, -1.06953, -0.36427, -4.73959, -5.6808, -3.14026, -2.35222, -3.76736, 0.32352, 8.83751, 3.73829, 0.49606, 2.17328, -0.46642, 3.69523, -8.42222, 0.23958, -10.17685, -5.8958, -7.21017, -2.61109, -3.60372]"
44,sub8,mae,1,sub8-b1__0095__jump.npy,10,jump,10,0.9445264,1,"[2.26291, 1.74506, 0.00359, 2.55927, -6.60169, 1.41375, -1.48496, -1.56392, -4.48402, -0.93523, 7.30055, 1.08704, -1.05162, 3.44271, 2.88851, -11.42808, -1.70303, -6.70022, -3.72286, -5.28322, -6.2655, -6.84383]"
44,sub8,mae,1,sub8-b1__0096__jump.npy,10,jump,0,0.9057324,0,"[8.57631, -1.68015, 0.26316, -4.43801, -9.9322, -2.21618, 0.57119, -2.66058, 1.80478, 5.94616, 2.26166, -1.34967, 4.99704, -3.2717, 0.32858, -7.48395, -4.17089, -9.71896, -4.75594, -5.46375, -0.18752, -1.84592]"
44,sub8,mae,1,sub8-b1__0097__jump.npy,10,jump,0,0.8699363,0,"[8.41204, 0.02202, 0.33227, -4.71698, -8.85199, -2.43887, -1.85858, -3.94188, 2.77911, 6.26943, 4.45971, -2.18723, 3.50097, -1.82304, 1.7629, -9.1518, -4.27043, -8.73424, -5.10975, -4.65698, -1.9664, -2.47932]"
44,sub8,mae,1,sub8-b1__0098__jump.npy,10,jump,0,0.63775223,0,"[9.17733, 3.94329, 1.78142, -5.11392, -7.07313, -2.4884, -5.89479, -6.77099, 3.70262, 5.86114, 8.49769, -2.55402, -0.44732, 0.31354, 4.94702, -12.41503, -5.588, -6.41016, -5.96058, -2.75917, -4.51334, -4.6291]"
44,sub8,mae,1,sub8-b1__0099__jump.npy,10,jump,0,0.70579505,0,"[9.28121, 3.81297, 2.05521, -5.772, -7.08554, -2.99002, -5.6876, -6.81514, 4.33677, 6.10346, 8.24656, -2.90643, -0.2724, -0.07292, 4.39645, -11.92263, -6.14171, -5.73466, -5.30275, -2.27791, -4.24266, -4.38206]"
44,sub8,mae,1,sub8-b1__0100__runonspot.npy,13,runonspot,13,0.9481606,1,"[2.11041, 0.08101, -2.19953, 3.04727, -2.34453, -1.57008, -4.74283, -0.26335, -7.394, 4.34215, 8.08139, -2.03781, -3.08268, 11.02217, 1.41882, -9.67551, -0.91102, -6.69068, -4.01689, -8.58924, -4.08262, -6.53448]"
44,sub8,mae,1,sub8-b1__0101__runonspot.npy,13,runonspot,13,0.947138,1,"[1.41264, -0.51495, -2.74991, 2.66776, -1.82161, -1.56375, -4.75072, 0.02468, -7.1736, 5.18698, 7.71273, -1.91654, -3.18121, 10.68562, 1.15695, -8.97702, -0.35688, -6.37673, -3.50165, -8.58387, -4.08739, -6.87164]"
44,sub8,mae,1,sub8-b1__0102__runonspot.npy,13,runonspot,13,0.93484384,1,"[1.89409, 0.01994, -2.71481, 2.11453, -1.26632, -1.5325, -4.87102, -0.42782, -6.90976, 5.04178, 7.59223, -1.93619, -3.21448, 10.34177, 1.59274, -9.13448, -0.13569, -6.5979, -4.28946, -8.38669, -3.95874, -6.46598]"
44,sub8,mae,1,sub8-b1__0103__runonspot.npy,13,runonspot,13,0.95268667,1,"[1.26571, 2.01101, -1.59615, 2.3536, 1.22674, -1.49199, -6.53981, -1.56295, -7.59146, 3.94364, 9.09425, -1.56278, -5.8135, 12.10865, 3.35217, -10.15342, -0.30954, -4.46763, -4.59127, -6.47495, -4.97776, -8.376]"
44,sub8,mae,1,sub8-b1__0104__runonspot.npy,13,runonspot,13,0.8924979,1,"[2.01564, -0.0032, -2.29002, 2.16207, -2.04073, -1.91933, -4.86683, -0.57204, -6.33833, 5.0523, 7.57586, -1.89253, -2.54103, 9.78162, 1.88493, -9.52437, -0.33881, -7.15702, -4.27323, -8.49734, -4.49431, -6.53672]"
44,sub8,mae,1,sub8-b1__0105__buttkicks.npy,4,buttkicks,4,0.9997787,1,"[-2.82512, 2.26811, -5.45037, -3.50984, 19.05252, -2.93305, -5.41276, -2.93358, -6.52221, 9.56246, 1.12714, -3.13793, -10.49684, 10.03398, 8.09112, -0.80074, 7.20126, -1.54549, -6.43987, -2.58574, -1.51107, -7.33088]"
44,sub8,mae,1,sub8-b1__0106__buttkicks.npy,4,buttkicks,4,0.99280554,1,"[-1.67035, 0.35319, -6.2889, -5.04731, 17.33681, -3.40857, -5.74773, -2.81356, -5.85742, 12.36178, 1.70599, -3.74139, -8.28754, 9.26252, 5.41357, -0.5047, 6.5198, -2.53774, -6.74102, -2.83411, -0.00049, -6.41799]"
44,sub8,mae,1,sub8-b1__0108__buttkicks.npy,4,buttkicks,4,0.99994075,1,"[-3.09262, 2.40294, -6.09458, -4.43179, 20.48233, -2.57175, -5.79467, -2.98028, -6.21029, 9.99341, 0.65467, -3.40203, -10.52354, 9.85142, 7.80446, 0.021, 8.08743, -1.62999, -6.57887, -2.21916, -1.53315, -7.01557]"
44,sub8,mae,1,sub8-b1__0109__buttkicks.npy,4,buttkicks,9,0.9522603,0,"[1.06977, -1.03436, -6.00726, -5.30996, 10.72328, -3.41443, -5.03947, -2.48592, -4.61783, 13.78359, 3.2336, -4.20347, -5.32666, 8.03727, 1.77578, -2.12206, 3.28874, -4.32399, -5.98312, -4.79159, 0.5764, -5.50202]"
44,sub8,mae,1,sub8-b1__0110__airkick.npy,0,airkick,0,0.8930401,1,"[8.56874, 0.87559, 0.37866, -4.57185, -9.56209, -3.16679, -0.86831, -4.47309, 4.05683, 6.13353, 3.99579, -2.51715, 1.59857, -2.42559, 3.86495, -9.27747, -5.45885, -8.31037, -2.51452, -5.19975, -3.62261, -3.40644]"
44,sub8,mae,1,sub8-b1__0111__airkick.npy,0,airkick,0,0.9633491,1,"[10.62604, 4.87855, 2.33248, -5.71307, -7.08537, -3.02429, -4.43285, -6.55979, 4.96455, 5.24286, 6.69207, -3.99522, -1.9821, -0.64302, 5.65661, -10.27026, -8.1717, -4.94908, -4.55738, -3.15228, -3.38394, -4.1469]"
44,sub8,mae,1,sub8-b1__0113__airkick.npy,0,airkick,0,0.8581552,1,"[10.05756, 4.41749, 2.55411, -5.42949, -6.19982, -3.41649, -2.73001, -6.623, 4.33785, 4.89317, 4.73883, -3.10388, -2.39173, -1.43141, 8.14204, -9.77774, -6.87862, -6.1699, -4.72874, -3.90298, -2.88261, -4.19474]"
44,sub8,mae,1,sub8-b1__0114__airkick.npy,0,airkick,0,0.9356406,1,"[10.12936, 4.21934, 2.5955, -5.95139, -7.87477, -3.84436, -3.38157, -6.70384, 5.68664, 4.86358, 6.02483, -3.04896, -1.47525, -1.9917, 6.69009, -10.3727, -8.15195, -4.58046, -3.31801, -2.71634, -4.02649, -4.25068]"
44,sub8,mae,1,sub8-b1__0115__sidekick.npy,14,sidekick,14,0.5362729,1,"[9.3125, 0.67906, 1.79821, -4.97806, -9.26721, -2.11185, 0.60351, -4.70791, 2.68496, 5.1623, 0.91279, 1.06083, 1.87299, -4.92515, 9.47674, -8.71159, -2.17963, -11.53089, -4.28716, -6.75526, -5.53864, -5.32733]"
44,sub8,mae,1,sub8-b1__0116__sidekick.npy,14,sidekick,14,0.99962485,1,"[9.5713, 6.3889, 6.06168, -3.57011, -7.81426, -0.5854, 1.85151, -6.25629, 3.56475, -0.16122, -1.65933, 3.0579, -4.12117, -6.26589, 17.53238, -9.69492, -2.39125, -11.3962, -4.87084, -7.41554, -8.17003, -6.60396]"
44,sub8,mae,1,sub8-b1__0117__sidekick.npy,14,sidekick,14,0.99993885,1,"[8.46401, 4.75393, 4.4756, -2.64928, -6.88415, -0.24565, 0.90223, -5.37493, 0.7145, 1.26932, -0.78957, 4.24347, -2.99571, -4.92817, 18.22248, -10.15961, 0.97904, -13.848, -6.00828, -8.77285, -9.0368, -8.80708]"
44,sub8,mae,1,sub8-b1__0118__sidekick.npy,14,sidekick,14,0.999127,1,"[10.16214, 6.48054, 6.2252, -2.51845, -7.24491, 0.58112, 0.86784, -6.07904, 1.07853, -0.43303, -0.15988, 3.69262, -4.91577, -5.04726, 17.25037, -10.35749, -1.6292, -12.04375, -5.51767, -7.58554, -8.10959, -9.43914]"
44,sub8,mae,1,sub8-b1__0119__sidekick.npy,14,sidekick,14,0.99992514,1,"[8.648, 5.216, 4.62896, -2.63973, -6.09775, -0.15021, 1.22933, -5.50816, 0.37051, 0.97369, -0.80881, 4.14595, -4.23335, -4.49838, 18.20869, -9.63299, 0.45104, -12.93994, -5.42625, -8.63502, -8.91715, -9.52484]"
44,sub8,mae,1,sub8-b1__0120__crosstoe.npy,6,crosstoe,6,0.9452311,1,"[4.41106, -4.56695, 1.14004, -5.2682, -12.82271, 2.58489, 14.7887, 3.05409, -2.32257, 2.29104, -9.12302, 11.9311, 6.8877, -11.83438, -0.22212, 1.84428, 3.86644, -15.20092, 5.53228, -12.55908, -8.19913, -6.27221]"
44,sub8,mae,1,sub8-b1__0121__crosstoe.npy,6,crosstoe,6,0.97400284,1,"[4.89511, -4.03017, 2.19518, -5.08654, -14.45448, 1.44648, 14.41687, 0.45362, -0.35418, 1.30129, -7.87584, 10.75122, 7.4429, -12.22611, 2.04183, -1.00991, 1.96107, -15.05681, 4.9284, -9.98236, -8.55838, -5.93764]"
44,sub8,mae,1,sub8-b1__0122__crosstoe.npy,6,crosstoe,6,0.97940093,1,"[4.31502, -4.84833, 1.2076, -4.7949, -13.73563, 2.05254, 15.067, 2.84741, -1.7669, 2.15289, -9.02347, 11.16304, 7.90613, -11.87875, -0.47034, 1.17417, 3.04187, -15.32487, 5.25686, -12.20578, -7.96401, -5.02837]"
44,sub8,mae,1,sub8-b1__0123__crosstoe.npy,6,crosstoe,6,0.99267006,1,"[4.27403, -4.57968, 0.63731, -4.8139, -13.55906, 2.08927, 15.31894, 1.8492, -1.09593, 1.81617, -8.60335, 10.36085, 7.12351, -11.84367, 0.67588, 0.99038, 2.42834, -14.9563, 5.54973, -10.64768, -8.31087, -5.85544]"
44,sub8,mae,1,sub8-b1__0124__crosstoe.npy,6,crosstoe,6,0.99482524,1,"[4.17067, -4.4391, 0.70453, -4.74909, -13.61498, 1.84836, 15.39562, 1.54765, -0.72709, 1.61192, -8.6004, 10.08252, 6.83037, -11.80909, 1.17464, 0.76155, 2.2206, -14.80008, 5.74211, -10.36466, -8.31378, -5.6012]"
44,sub8,mae,1,sub8-b1__0125__throw.npy,18,throw,8,0.6088678,0,"[3.13903, 0.52794, -1.49206, -2.33546, -10.11379, -2.18698, 1.03013, -2.7358, 6.03151, 3.39798, 0.78539, -2.47891, 5.12128, -1.96063, 1.29032, -8.15236, -2.15622, -9.39064, -0.73211, -6.11946, -6.64409, 3.56315]"
44,sub8,mae,1,sub8-b1__0126__throw.npy,18,throw,18,0.65348387,1,"[-1.28149, 1.1685, -1.39828, 3.6385, -9.57371, -2.58734, 1.79477, -1.16267, 3.03393, -1.01837, 1.98163, -3.01218, 1.56374, 2.20316, 0.76301, -8.33898, -3.04886, -6.62112, 5.59448, -6.7633, -8.19688, 3.91114]"
44,sub8,mae,1,sub8-b1__0127__throw.npy,18,throw,8,0.41244146,0,"[1.4898, 0.66973, -2.17619, 0.02119, -9.04248, -2.52781, 0.62431, -1.82857, 3.84822, 2.2214, 2.81749, -3.68828, 2.51261, 0.84364, 0.11838, -8.47208, -3.51753, -7.00469, 1.53329, -5.78135, -6.23205, 2.37561]"
44,sub8,mae,1,sub8-b1__0128__throw.npy,18,throw,8,0.45740533,0,"[0.47646, 0.98294, -2.40053, 0.60373, -8.87188, -2.43763, 0.72283, -1.03424, 4.35997, 1.62073, 2.25331, -3.55496, 2.61572, 0.85084, -0.16865, -8.06612, -3.10837, -6.94406, 0.84808, -6.2392, -6.6808, 3.91744]"
44,sub8,mae,1,sub8-b1__0129__throw.npy,18,throw,18,0.89278746,1,"[-1.61648, 1.32956, -1.54558, 2.5197, -7.84557, -2.77296, 1.59417, -1.09494, 2.97625, -0.82957, 2.16255, -3.3314, 0.46113, 2.60387, -0.16821, -6.82887, -3.68141, -4.42622, 6.7081, -5.28103, -7.69507, 3.4546]"
44,sub8,mae,1,sub8-b1__0130__throw.npy,18,throw,18,0.9965887,1,"[-2.93127, 0.15861, -0.98594, 5.56568, -8.48609, -1.59695, 4.3408, 0.09095, -0.33703, -2.71978, 1.39932, -2.2895, -1.35793, 2.32575, 0.14983, -5.5119, -3.9227, -4.2669, 11.55996, -5.93317, -8.174, 0.17044]"
44,sub8,mae,1,sub8-b2__0001__walk.npy,20,walk,12,0.7066904,0,"[6.1936, -1.88256, 1.74994, -4.34185, -8.81528, -1.1136, -2.56534, -1.05848, 2.7082, 6.65846, 1.48484, -1.64358, 8.04794, -3.90845, -3.66067, -4.13058, -3.28748, -7.9035, -7.10448, -2.3625, 0.75763, -0.84308]"
44,sub8,mae,1,sub8-b2__0002__turnaround.npy,19,turnaround,19,0.7259095,1,"[9.56536, 9.05756, 3.13082, -7.27291, 0.2611, -0.11847, -1.62371, -7.04673, 0.59903, -1.13337, 6.66107, -4.9735, -8.42982, 0.47941, -0.21017, -7.40172, -11.29955, 5.18187, -3.63665, 11.05317, 2.0171, -9.90694]"
44,sub8,mae,1,sub8-b2__0003__walk.npy,20,walk,20,0.99733526,1,"[2.30522, 1.37904, 1.20165, -2.58825, -2.28324, 0.32443, 4.49227, 1.35007, -0.40575, 1.04772, -3.08289, -2.82373, -7.95509, -3.42458, -3.0268, -2.00637, -6.58057, 5.41093, 1.09738, 1.987, 11.7831, -5.17986]"
44,sub8,mae,1,sub8-b2__0004__turnaround.npy,19,turnaround,19,0.9999541,1,"[5.78521, 5.35463, 4.00903, -6.44354, -2.49295, 0.05988, 2.76188, -7.23346, 3.56583, -0.60889, 0.22711, -3.32284, -5.77644, -5.9733, 2.40677, -3.44132, -8.90008, 3.63924, 0.083, 16.63919, 4.32896, -9.79889]"
44,sub8,mae,1,sub8-b2__0005__walk.npy,20,walk,0,0.8398507,0,"[8.63571, -0.0165, 3.0673, -5.056, -7.41465, -0.84309, -4.49376, -1.8932, 2.59074, 6.423, 2.20594, -3.06897, 5.97909, -3.16279, -3.32196, -4.05133, -5.13812, -7.08029, -8.5699, -1.5351, 2.79392, -1.24617]"
44,sub8,mae,1,sub8-b2__0006__turnaround.npy,19,turnaround,0,0.38100594,0,"[9.95483, 9.54847, 3.13122, -6.99383, 0.60944, -0.08513, -2.14354, -7.00128, 0.56809, -1.34499, 6.82758, -5.46802, -8.65293, 1.17635, -0.42594, -7.33347, -11.53614, 5.15667, -3.82271, 9.85463, 1.89807, -9.16761]"
44,sub8,mae,1,sub8-b2__0007__walk.npy,20,walk,20,0.9980829,1,"[2.63111, 1.28249, 1.46467, -2.59607, -3.01854, 0.32646, 4.52295, 1.29529, -0.11933, 1.05014, -3.19471, -2.81201, -7.77052, -3.79412, -2.88079, -2.46933, -6.64414, 4.7833, 1.19762, 1.54797, 11.77895, -4.89964]"
44,sub8,mae,1,sub8-b2__0008__turnaround.npy,19,turnaround,19,0.9999896,1,"[5.13058, 4.4497, 4.23057, -6.30681, -2.79035, 0.06874, 2.52207, -7.13337, 3.24775, -0.55391, 0.38976, -3.34694, -4.78481, -5.73562, 1.55715, -2.34408, -9.26694, 4.11628, 0.75428, 17.63298, 3.66554, -10.38433]"
44,sub8,mae,1,sub8-b2__0009__walk.npy,20,walk,0,0.9002703,0,"[9.08413, 0.39581, 2.95357, -5.44572, -7.1396, -0.83087, -4.09926, -2.15201, 2.32355, 6.44425, 2.16648, -2.89513, 5.69694, -3.30512, -2.30377, -4.79731, -4.85475, -8.06986, -9.01663, -2.34707, 2.16948, -1.80355]"
44,sub8,mae,1,sub8-b2__0010__turnaround.npy,19,turnaround,19,0.9972133,1,"[7.75131, 6.87449, 2.68981, -8.25084, -1.32124, -0.56007, 0.77472, -7.07482, 1.82567, -0.53723, 4.18956, -3.56237, -6.34904, -3.33154, 1.52251, -7.05302, -9.53642, 3.11316, -2.45984, 14.01665, 2.01752, -11.34737]"
44,sub8,mae,1,sub8-b2__0011__walk.npy,20,walk,20,0.9985569,1,"[3.05396, 1.06829, 1.71915, -2.7224, -3.32155, 0.51561, 4.55412, 1.27936, -0.09558, 1.24223, -3.29812, -2.93592, -7.46356, -3.92725, -3.51811, -2.15069, -6.89497, 4.6695, 1.39717, 1.31529, 12.05757, -4.73339]"
44,sub8,mae,1,sub8-b2__0012__turnaround.npy,19,turnaround,19,0.99997556,1,"[6.11885, 4.88468, 4.55109, -7.21636, -3.81517, 0.33822, 2.74835, -7.35375, 3.87264, -0.7164, 0.22814, -2.71048, -4.49323, -6.92796, 2.58362, -3.35974, -9.03263, 2.75931, 0.85641, 17.29827, 2.71885, -11.23156]"
44,sub8,mae,1,sub8-b2__0013__walk.npy,20,walk,0,0.79862154,0,"[8.55832, -0.39742, 2.1861, -5.26643, -8.09943, -0.63116, -3.1862, -1.34891, 2.55211, 6.45662, 1.78238, -3.06781, 6.46, -3.35348, -3.91874, -4.0187, -5.07322, -7.77254, -7.95794, -2.93761, 2.0616, -0.64992]"
44,sub8,mae,1,sub8-b2__0014__turnaround.npy,19,turnaround,19,0.52226275,1,"[9.80994, 9.31827, 3.32138, -7.1987, -0.29975, -0.09426, -2.04535, -7.05569, 1.16524, -1.44598, 6.64078, -5.23775, -8.08632, 0.36434, -0.12401, -7.68798, -11.41658, 4.68552, -3.85895, 10.40697, 1.74978, -9.2108]"
44,sub8,mae,1,sub8-b2__0015__walk.npy,20,walk,20,0.99846053,1,"[3.18598, 1.30387, 1.61249, -2.6534, -3.56056, 0.50761, 4.40303, 1.31955, 0.14103, 1.26628, -3.26826, -3.10715, -7.28662, -4.03764, -3.33359, -2.37589, -6.8605, 4.0951, 1.05455, 1.05395, 11.72611, -4.56088]"
44,sub8,mae,1,sub8-b2__0016__turnaround.npy,19,turnaround,19,0.9998172,1,"[6.97509, 5.51578, 3.86878, -6.93897, -2.74198, 0.04549, 2.73436, -7.69653, 3.54216, -0.49651, 0.51424, -3.42873, -5.96056, -6.17641, 3.11564, -3.61393, -9.18919, 2.67619, 0.31155, 15.92912, 4.02557, -9.99614]"
44,sub8,mae,1,sub8-b2__0017__walk.npy,20,walk,9,0.37528944,0,"[6.96366, -1.81376, 1.38991, -5.05621, -8.3246, -1.37988, -3.14783, -1.69446, 2.65971, 7.2843, 2.60694, -2.03085, 7.19396, -3.17477, -3.89458, -4.61022, -3.79085, -7.10956, -6.89765, -2.35788, 1.29425, -0.92514]"
44,sub8,mae,1,sub8-b2__0018__turnaround.npy,19,turnaround,19,0.9646166,1,"[8.55157, 8.39235, 2.32721, -7.54709, -0.29036, -0.31417, -1.10061, -6.78531, 1.77676, -1.06197, 5.79339, -5.13835, -7.70385, -0.75478, -0.03188, -6.81475, -10.94047, 5.08996, -3.21595, 12.52633, 1.96677, -9.55024]"
44,sub8,mae,1,sub8-b2__0019__walk.npy,20,walk,20,0.9980421,1,"[3.06207, 1.56525, 1.71527, -2.53274, -3.33829, 0.42553, 4.52157, 1.17172, -0.03131, 0.84938, -3.15089, -2.96544, -7.48802, -3.96148, -3.00006, -2.6156, -6.85745, 4.33854, 0.97782, 1.44502, 11.60748, -4.89065]"
44,sub8,mae,1,sub8-b2__0020__turnaround.npy,19,turnaround,19,0.9999895,1,"[4.42668, 3.80026, 3.51231, -6.28638, -2.77626, -0.1214, 4.07765, -7.01997, 2.71535, -0.73723, 0.06187, -2.71823, -4.80155, -6.021, 2.20046, -2.60852, -8.47871, 3.46453, 1.26193, 17.20553, 3.3255, -10.43513]"
44,sub8,mae,1,sub8-b2__0021__hop.npy,9,hop,9,0.99881315,1,"[2.60329, 0.13988, -3.44571, -6.82141, 5.6565, -3.2158, -10.14533, -5.66301, -1.03603, 14.87972, 7.92523, -3.12031, -2.05066, 5.83403, 1.41309, -6.99676, 3.40545, -5.86789, -7.28664, -0.63279, -2.85038, -6.90528]"
44,sub8,mae,1,sub8-b2__0022__hop.npy,9,hop,9,0.9996124,1,"[1.41936, -0.80138, -4.69207, -7.03789, 6.92991, -3.16314, -9.17356, -5.05249, -1.65366, 15.67187, 6.91048, -2.78603, -2.0853, 5.72064, 1.27287, -5.89651, 4.95737, -6.12442, -6.80064, -0.9093, -2.8621, -7.18772]"
44,sub8,mae,1,sub8-b2__0023__hop.npy,9,hop,9,0.9998198,1,"[2.93012, -0.93344, -4.44288, -7.11844, 4.77695, -2.44799, -8.55155, -3.94607, -1.21857, 15.11336, 5.87364, -3.68022, -0.36355, 4.88737, -0.23059, -5.24755, 3.46121, -7.6002, -7.41019, -2.65365, -2.11764, -5.55572]"
44,sub8,mae,1,sub8-b2__0024__hop.npy,9,hop,9,0.9996352,1,"[2.97052, -3.45674, -4.6529, -5.25628, -0.28066, -1.87463, -3.978, -0.83776, -1.01871, 12.69316, 2.18461, -3.10726, 4.20006, 1.88501, -2.65241, -3.39189, 2.66915, -9.98363, -7.18381, -5.12946, -0.40314, -2.24001]"
44,sub8,mae,1,sub8-b2__0025__hop.npy,9,hop,9,0.9993868,1,"[0.93749, -1.12337, -5.39167, -6.01573, 6.67198, -2.67979, -8.82967, -3.85891, -2.63766, 15.25376, 6.38196, -3.25742, -1.66623, 6.9094, 0.74656, -5.87248, 5.28315, -7.37739, -6.99817, -2.91435, -3.18338, -6.3483]"
44,sub8,mae,1,sub8-b2__0026__hop.npy,9,hop,9,0.99979013,1,"[2.31086, -1.80044, -4.70384, -6.05278, 4.00105, -2.63354, -7.68126, -2.72982, -1.54816, 14.51758, 5.0703, -3.84939, 0.07625, 5.15933, -0.81188, -4.81402, 3.13226, -7.50138, -7.05484, -3.60893, -1.50439, -4.61956]"
44,sub8,mae,1,sub8-b2__0027__hop.npy,9,hop,9,0.9995516,1,"[-0.08846, -0.98369, -5.06911, -6.47708, 8.0385, -3.10356, -8.81398, -4.72055, -2.43979, 16.21523, 6.29521, -2.14172, -2.54525, 6.27602, 1.51536, -5.6393, 6.64039, -6.63855, -6.41732, -1.85843, -3.52048, -7.58998]"
44,sub8,mae,1,sub8-b2__0028__jump.npy,10,jump,9,0.5378245,0,"[5.9452, 5.14546, 1.66035, -5.61073, -1.37573, -2.05293, -9.94009, -6.61426, 2.41174, 8.95213, 8.69676, -2.75719, -1.8411, 2.73693, 4.21777, -11.34771, -1.20254, -6.863, -7.87549, -1.86014, -5.71546, -6.11214]"
44,sub8,mae,1,sub8-b2__0029__jump.npy,10,jump,10,0.8606356,1,"[8.15503, 6.61785, 3.06324, -5.5297, -4.14647, -1.65122, -9.79199, -6.72377, 3.54942, 5.99313, 10.27816, -4.24057, -0.99536, 2.46476, 2.43408, -12.14946, -5.77359, -4.53724, -8.5861, -0.20895, -4.56058, -5.00988]"
44,sub8,mae,1,sub8-b2__0030__jump.npy,10,jump,9,0.5467979,0,"[7.69305, 1.28716, 0.98303, -5.58924, -6.41191, -1.649, -5.82074, -3.78043, 3.03885, 8.00606, 5.31407, -3.41617, 4.10271, -0.85389, -0.24973, -7.97056, -3.2654, -8.30892, -7.95393, -2.50355, -1.65808, -2.84599]"
44,sub8,mae,1,sub8-b2__0031__jump.npy,10,jump,9,0.75713325,0,"[3.86975, -0.25699, -1.1605, -1.11807, -6.95701, -0.4348, -3.34958, -0.71785, 0.49944, 6.19385, 3.9984, -3.25672, 3.86045, 0.76015, -0.90182, -7.45992, -1.7036, -9.46206, -5.63746, -5.87981, -3.2371, -2.12608]"
44,sub8,mae,1,sub8-b2__0032__jump.npy,10,jump,10,0.7344015,1,"[6.96047, 5.85193, 1.51109, -6.43956, -1.38743, -1.85633, -10.08036, -6.75077, 3.31055, 8.36902, 9.67827, -4.74018, -1.7879, 2.74696, 2.42609, -10.8271, -4.05995, -4.38132, -8.08612, 0.44902, -4.39611, -5.9237]"
44,sub8,mae,1,sub8-b2__0033__runonspot.npy,13,runonspot,13,0.97630775,1,"[0.35003, 6.47139, 0.02045, 4.48177, -0.46844, -0.31811, -9.16567, -1.99465, -5.14404, 0.55435, 9.46973, -3.68869, -4.53478, 13.24606, 3.35731, -12.32191, -0.4629, -6.42168, -6.53131, -7.27095, -8.11913, -4.35523]"
44,sub8,mae,1,sub8-b2__0034__runonspot.npy,13,runonspot,13,0.95895606,1,"[0.32898, 3.4938, -1.41427, 3.86527, -1.74958, -0.41896, -8.21996, -0.51743, -5.5391, 2.80486, 9.11911, -3.84855, -2.33082, 12.28161, 0.96877, -10.89114, -0.29355, -7.24107, -6.24914, -7.80137, -6.7764, -4.64032]"
44,sub8,mae,1,sub8-b2__0035__runonspot.npy,13,runonspot,13,0.9460887,1,"[0.29735, 3.50791, -1.4546, 4.18491, -3.38894, 0.52656, -7.00097, 0.00731, -5.06704, 2.16408, 8.10692, -3.68289, -1.28522, 11.00619, 0.87027, -10.71567, -0.17535, -8.82424, -6.48469, -8.92308, -7.15532, -4.13265]"
44,sub8,mae,1,sub8-b2__0036__runonspot.npy,13,runonspot,13,0.90561855,1,"[1.27254, 3.12355, -1.59091, 2.96505, -3.63264, 0.59882, -6.60525, 0.14342, -4.60947, 2.8291, 7.55323, -3.92522, -0.6809, 9.8496, 0.17658, -10.08014, -0.63348, -9.07095, -6.76728, -8.8014, -6.33126, -3.81757]"
44,sub8,mae,1,sub8-b2__0037__runonspot.npy,13,runonspot,13,0.96116567,1,"[0.17298, 3.3459, -2.25039, 3.24582, -2.0105, 0.69865, -7.03171, 0.14375, -5.18747, 2.82572, 7.67153, -4.04239, -1.32314, 10.91648, 0.48573, -9.81904, 0.36339, -8.78606, -6.79349, -8.50202, -6.74359, -4.0625]"
44,sub8,mae,1,sub8-b2__0038__buttkicks.npy,4,buttkicks,13,0.9625444,0,"[-0.05517, 4.98682, -1.53832, 3.44499, -0.19425, 0.462, -8.86465, -1.13928, -5.33713, 2.50213, 9.36865, -4.13068, -3.88017, 12.63208, 1.80511, -10.95124, -0.15189, -6.77401, -6.51409, -7.27102, -7.69772, -5.412]"
44,sub8,mae,1,sub8-b2__0039__buttkicks.npy,4,buttkicks,9,0.81271684,0,"[2.81688, 1.33593, -5.81624, -5.71449, 10.59561, -1.78917, -8.12149, -3.22223, -4.8208, 12.22308, 4.98566, -5.3161, -3.96087, 8.80796, 2.6196, -4.08997, 3.93795, -7.66324, -9.29251, -4.31115, -1.95551, -5.92379]"
44,sub8,mae,1,sub8-b2__0040__buttkicks.npy,4,buttkicks,9,0.7071898,0,"[1.22473, 0.83286, -6.7072, -5.45734, 12.41277, -2.03491, -8.33581, -3.00985, -5.05189, 13.34113, 4.8448, -5.28296, -4.59793, 9.3394, 2.41357, -3.28139, 5.32639, -6.9182, -8.72643, -3.95464, -2.14236, -6.48111]"
44,sub8,mae,1,sub8-b2__0041__buttkicks.npy,4,buttkicks,9,0.93157136,0,"[2.14037, 0.73834, -5.98506, -5.6355, 10.21266, -1.72862, -7.92875, -2.73445, -4.51542, 13.01569, 4.88612, -5.27754, -3.46867, 8.62323, 1.38682, -3.44806, 4.0726, -7.18188, -8.94267, -4.61833, -1.74486, -5.80137]"
44,sub8,mae,1,sub8-b2__0042__buttkicks.npy,4,buttkicks,4,0.9927498,1,"[0.19449, 3.34681, -5.68844, -5.45475, 16.58639, -2.00472, -8.98642, -4.43881, -5.64473, 11.3509, 4.33291, -4.41822, -7.98226, 10.3051, 6.75584, -3.57071, 6.63053, -5.63757, -8.40088, -2.82502, -4.13339, -8.21094]"
44,sub8,mae,1,sub8-b2__0043__buttkicks.npy,4,buttkicks,9,0.9273854,0,"[2.82446, 2.76063, -4.79201, -6.47459, 11.01616, -1.88838, -11.31746, -4.65177, -3.78913, 13.85977, 7.9379, -5.6442, -4.95945, 9.80544, 1.36341, -5.39605, 3.15463, -5.598, -9.19058, -2.24193, -3.12704, -7.67126]"
44,sub8,mae,1,sub8-b2__0044__airkick.npy,0,airkick,0,0.6065254,1,"[8.40723, 5.29504, 1.47176, -5.646, -4.30962, -2.983, -6.85545, -5.78274, 4.46891, 6.91944, 6.99715, -4.43422, -2.96353, 0.72918, 6.22929, -9.60565, -6.34365, -5.13523, -4.82212, -2.87193, -5.47927, -5.94202]"
44,sub8,mae,1,sub8-b2__0045__airkick.npy,0,airkick,0,0.7688294,1,"[9.17208, 6.30356, 3.37501, -5.76306, -6.99235, -1.98098, -7.62323, -5.92788, 6.4008, 5.61046, 7.22201, -4.89234, -0.76458, -0.86335, 4.27753, -10.27623, -7.98453, -4.81244, -5.98538, -1.47681, -5.09357, -4.43604]"
44,sub8,mae,1,sub8-b2__0046__airkick.npy,0,airkick,0,0.8206553,1,"[9.19292, 6.26968, 3.20796, -5.50244, -5.85105, -2.37806, -7.1208, -5.97297, 5.53519, 5.49667, 6.47485, -4.427, -1.55034, -0.3421, 6.10371, -9.93411, -7.23461, -5.45633, -6.38989, -2.52585, -5.09041, -4.3629]"
44,sub8,mae,1,sub8-b2__0047__airkick.npy,0,airkick,0,0.70117563,1,"[9.6305, 7.08827, 3.4582, -5.1009, -6.81006, -1.44893, -8.16623, -5.74019, 5.00057, 5.51357, 8.48533, -5.33474, -1.63033, 0.96924, 2.68936, -11.04625, -8.34444, -5.16218, -6.2492, -2.23962, -5.11447, -4.71014]"
44,sub8,mae,1,sub8-b2__0048__airkick.npy,0,airkick,0,0.5096603,1,"[8.762, 7.34147, 1.18369, -5.53019, 1.30985, -1.94563, -7.7999, -5.9122, 1.36878, 6.51296, 6.72198, -4.91498, -6.73424, 3.52495, 8.0237, -8.60846, -5.2775, -4.64122, -6.97705, -3.1229, -4.65802, -7.39814]"
44,sub8,mae,1,sub8-b2__0049__airkick.npy,0,airkick,0,0.7080165,1,"[8.5836, 6.02917, 2.12063, -6.03721, -4.24422, -2.09276, -7.39756, -5.64786, 4.12448, 6.36266, 6.69113, -4.02859, -1.94526, 0.50382, 5.802, -9.73312, -5.76645, -5.93394, -6.31628, -2.67021, -5.80144, -5.81447]"
44,sub8,mae,1,sub8-b2__0050__airkick.npy,0,airkick,0,0.7751186,1,"[9.62341, 7.27528, 3.40875, -5.52167, -5.36004, -1.70928, -8.13659, -6.10682, 4.72203, 5.44703, 7.80954, -4.81216, -2.12103, 0.86228, 4.59962, -10.53221, -7.53572, -5.18276, -6.76658, -2.23574, -5.25306, -4.8547]"
44,sub8,mae,1,sub8-b2__0052__sidekick.npy,14,sidekick,14,0.9999566,1,"[5.3555, 6.45936, 3.90024, -0.73224, -4.38087, 1.08437, -1.87925, -3.23312, -0.56078, -0.17314, -0.65925, 3.20436, -3.25447, -2.20408, 16.90032, -9.88322, 2.97228, -13.67488, -7.20703, -9.23557, -10.91853, -8.15713]"
44,sub8,mae,1,sub8-b2__0053__sidekick.npy,14,sidekick,14,0.99997723,1,"[3.36792, 6.55058, 3.62921, 0.99741, -3.48598, 0.35836, -1.99828, -3.20073, -0.93542, -1.01489, -0.50632, 2.71387, -3.54499, -0.48319, 17.39552, -9.95552, 3.46491, -12.92584, -7.01779, -9.12268, -10.8204, -6.8229]"
44,sub8,mae,1,sub8-b2__0054__sidekick.npy,14,sidekick,14,0.9997205,1,"[4.72072, 6.16816, 3.00372, -0.08954, -3.38637, 1.24954, -3.04478, -2.50791, -1.5678, 0.87197, 0.33889, 1.98898, -3.0714, 0.09906, 14.66747, -9.56018, 3.35572, -13.20273, -8.09299, -9.71361, -10.35371, -7.56567]"
44,sub8,mae,1,sub8-b2__0055__crosstoe.npy,6,crosstoe,6,0.89093393,1,"[4.66028, -3.04489, 4.77792, -4.50687, -15.64086, 2.51498, 15.04857, 0.08508, -1.67521, -0.32898, -8.1847, 12.94151, 7.63994, -13.46403, 2.61809, -2.94957, 3.07, -17.40053, 6.15189, -10.63127, -9.89008, -8.11662]"
44,sub8,mae,1,sub8-b2__0056__crosstoe.npy,6,crosstoe,6,0.9719096,1,"[4.70098, -2.93738, 4.90965, -4.97147, -16.23498, 2.21993, 15.42113, -0.72662, -0.51827, -0.56387, -8.0408, 11.8535, 7.91806, -13.99928, 2.87019, -3.35258, 1.82464, -16.7977, 5.88249, -8.80486, -9.85406, -7.93647]"
44,sub8,mae,1,sub8-b2__0057__crosstoe.npy,6,crosstoe,6,0.9870884,1,"[4.49607, -3.47731, 3.86667, -4.40748, -15.74803, 2.61671, 16.09024, 0.1638, -1.36702, -0.26039, -8.52377, 11.7264, 7.89859, -13.67347, 1.9537, -2.46421, 2.47981, -17.54283, 6.30649, -9.84587, -9.43331, -7.4474]"
44,sub8,mae,1,sub8-b2__0058__crosstoe.npy,6,crosstoe,6,0.97157574,1,"[4.2897, -3.05006, 4.23644, -4.87763, -15.96878, 2.21829, 15.34863, -0.69038, -0.41556, -0.42369, -7.92844, 11.79456, 7.80378, -13.64104, 2.99667, -3.16969, 2.18033, -16.70626, 5.91364, -8.90878, -10.0939, -7.59739]"
44,sub8,mae,1,sub8-b2__0059__crosstoe.npy,6,crosstoe,6,0.9550674,1,"[3.98332, -3.46825, 4.07014, -4.67126, -15.23251, 2.34816, 15.61188, -0.06802, -1.6024, -0.0041, -8.40391, 12.54493, 7.83961, -13.44665, 2.84142, -2.50594, 3.31511, -17.24164, 5.32619, -9.78639, -9.72161, -7.99492]"
44,sub8,mae,1,sub8-b2__0060__throw.npy,18,throw,12,0.38983244,0,"[2.78634, 1.63851, 0.62237, -1.80002, -7.9235, -1.96112, -3.59464, -3.26241, 4.56873, 2.39595, 3.79198, -3.79519, 4.99054, 1.38816, -1.16831, -7.48156, -3.70937, -5.40414, -2.71729, -2.22253, -4.42475, 3.9161]"
44,sub8,mae,1,sub8-b2__0061__throw.npy,18,throw,12,0.43586287,0,"[2.46151, 0.89877, -0.47938, -2.12527, -8.63999, -1.08266, -2.03084, -0.91471, 4.33759, 3.06665, 2.68138, -4.51617, 4.75393, 0.35531, -3.6341, -6.03783, -4.53815, -5.50103, -0.39884, -4.08001, -4.78156, 2.97686]"
44,sub8,mae,1,sub8-b2__0062__throw.npy,18,throw,8,0.46854648,0,"[2.02504, 1.65713, -0.26279, -1.77841, -9.09007, -1.00394, -1.6455, -0.98793, 4.82131, 1.72796, 2.58783, -4.33333, 3.832, 0.81523, -2.77203, -6.66319, -4.72542, -5.67108, 1.08621, -4.99885, -6.22449, 4.01994]"
44,sub8,mae,1,sub8-b2__0063__throw.npy,18,throw,18,0.9617229,1,"[-2.20705, 0.99418, -3.23255, 0.31409, -9.09608, 1.01425, 2.68197, 4.13293, 4.61025, -0.74975, -2.04123, -4.31616, 1.44046, -0.86982, -4.46203, -3.42151, -2.39595, -6.73596, 9.56795, -9.32974, -10.03408, 5.9382]"
44,sub8,mae,1,sub8-b2__0064__throw.npy,18,throw,21,0.76877767,0,"[-0.70348, -0.49023, -2.46174, 1.12271, -8.95968, 0.03889, -0.08171, 2.981, 2.97285, 1.27767, 0.29535, -4.54442, 3.89272, 1.12493, -4.99658, -4.44019, -2.86414, -6.57803, 2.85351, -8.05614, -6.00269, 5.98873]"
44,sub8,mae,1,sub8-b2__0065__walk.npy,20,walk,9,0.49349004,0,"[7.06727, -0.71001, 0.70802, -5.03992, -7.42097, -0.98537, -3.93565, -1.46702, 2.72149, 7.43936, 3.40371, -3.52973, 6.25873, -1.91213, -4.19837, -4.8722, -4.35539, -6.76417, -7.35258, -2.80516, 0.66264, -0.87528]"
44,sub8,mae,1,sub8-b2__0066__turnaround.npy,19,turnaround,19,0.93691087,1,"[9.07853, 8.50763, 2.74385, -7.96433, -0.90498, -0.14883, -0.7602, -6.79353, 1.65258, -1.21198, 5.78418, -4.86701, -7.51816, -1.18903, 0.10598, -7.33784, -11.16599, 4.51237, -3.3024, 12.25652, 1.82916, -10.11519]"
44,sub8,mae,1,sub8-b2__0067__walk.npy,20,walk,20,0.9985917,1,"[3.19315, 1.68806, 2.14757, -2.73238, -2.88243, 0.69812, 4.48869, 1.17978, -0.09846, 0.73641, -3.40642, -3.06594, -7.80636, -3.7505, -3.58645, -1.98628, -7.09033, 4.9939, 0.8147, 1.62309, 12.2367, -4.66607]"
44,sub8,mae,1,sub8-b2__0068__turnaround.npy,19,turnaround,19,0.9999746,1,"[5.12046, 4.81878, 3.50157, -6.09764, -2.53674, -0.08046, 3.48991, -7.16881, 3.02106, -0.81659, 0.3489, -3.20184, -5.74304, -5.83295, 2.62268, -3.17711, -8.84031, 3.45359, 0.4788, 16.73186, 3.75189, -9.92635]"
44,sub8,mae,1,sub8-b2__0069__walk.npy,20,walk,0,0.7023911,0,"[8.19518, -0.2329, 1.2669, -5.1311, -8.15373, -0.92645, -2.57496, -0.99556, 2.73601, 6.7554, 1.49415, -3.26658, 6.47442, -3.1778, -2.94098, -5.06866, -4.32971, -9.11264, -7.92058, -4.93065, 0.7072, -0.00984]"
44,sub8,mae,1,sub8-b2__0070__turnaround.npy,19,turnaround,19,0.9934836,1,"[7.84524, 7.09053, 1.93717, -8.02364, -0.92639, -0.43996, 0.52555, -6.2354, 1.71431, -0.78763, 4.17824, -4.26225, -6.6372, -2.56331, 0.39628, -6.64552, -9.85137, 3.96908, -2.50207, 13.29666, 2.66466, -10.18027]"
44,sub8,mae,1,sub8-b2__0071__walk.npy,20,walk,20,0.9889732,1,"[2.24473, 0.86829, 1.16744, -3.56428, -2.84493, -0.263, 3.98869, 1.39167, 1.83227, 0.41984, -4.30792, -3.3006, -6.76912, -4.57765, -3.47487, -0.93346, -7.03434, 7.08146, 1.84907, 2.49939, 11.65918, -1.60205]"
44,sub8,mae,1,sub8-b2__0072__turnaround.npy,19,turnaround,19,0.9999919,1,"[5.9324, 5.93293, 4.33924, -7.51046, -3.54054, 1.11766, 2.35273, -7.66796, 4.24537, -1.30937, 0.53754, -3.09036, -4.17932, -7.05734, 2.69372, -3.1431, -9.08753, 2.49442, 0.53427, 18.57199, 1.011, -12.15563]"
44,sub8,mae,1,sub8-b2__0073__walk.npy,20,walk,0,0.4900587,0,"[7.46855, -1.02428, 0.97303, -5.22806, -8.07388, -0.87329, -2.94714, -1.64547, 2.57503, 6.92451, 2.59691, -2.76756, 6.65062, -2.83249, -3.67898, -4.80119, -4.24377, -7.36815, -7.11256, -2.80037, 0.78145, -1.08093]"
44,sub8,mae,1,sub8-b2__0074__turnaround.npy,19,turnaround,19,0.9667019,1,"[8.69448, 8.89916, 3.13484, -7.43911, 0.62137, 0.15368, -1.06953, -6.52892, 0.99478, -1.55056, 5.52761, -5.13052, -8.33655, -0.44547, -0.84788, -6.56464, -11.09182, 6.19339, -3.65354, 12.92216, 3.42045, -9.6181]"
44,sub8,mae,1,sub8-b2__0075__walk.npy,20,walk,20,0.99801135,1,"[3.29452, 1.81073, 1.67623, -2.68307, -3.04296, 0.60605, 4.52213, 1.01811, -0.0902, 0.9039, -3.14668, -3.15317, -7.79478, -3.82224, -2.91216, -2.26709, -7.04103, 4.30684, 0.74599, 1.49359, 11.61014, -4.99551]"
44,sub8,mae,1,sub8-b2__0076__turnaround.npy,19,turnaround,19,0.9999938,1,"[3.73548, 3.56152, 2.83747, -6.12272, -3.19076, -0.043, 4.23086, -6.97514, 3.38754, -0.83635, 0.07398, -3.12035, -4.55292, -6.22636, 2.66241, -2.69503, -8.34164, 3.28887, 1.75236, 17.53935, 2.57445, -10.16186]"
44,sub8,mae,1,sub8-b2__0077__walk.npy,20,walk,0,0.8261892,0,"[8.8038, -0.02951, 0.83496, -5.74759, -6.79035, 0.04017, -2.93098, -0.81921, 1.95069, 6.88309, 1.51988, -3.87071, 5.99676, -2.85387, -4.25575, -3.986, -4.21476, -9.19762, -8.37654, -4.37167, 1.79584, -0.4061]"
44,sub8,mae,1,sub8-b2__0078__turnaround.npy,19,turnaround,19,0.9964474,1,"[8.05417, 7.59552, 2.62927, -8.24004, -1.33639, -0.05881, 0.97804, -6.48466, 2.00195, -1.48311, 4.1019, -4.13025, -6.82664, -3.15712, 0.44503, -6.64724, -10.32379, 4.2136, -2.63522, 14.21237, 2.38451, -10.68905]"
44,sub8,mae,1,sub8-b2__0079__walk.npy,20,walk,20,0.98999095,1,"[2.90389, 1.06313, 1.81301, -2.06169, -4.42725, 0.70101, 6.1444, 1.41408, -0.42477, 0.80088, -4.20606, -2.24854, -7.21713, -4.75495, -1.78902, -2.39911, -6.41079, 2.50308, 1.7807, 0.16497, 10.85234, -5.16889]"
44,sub8,mae,1,sub8-b2__0080__turnaround.npy,19,turnaround,19,0.9999957,1,"[4.41899, 4.69616, 3.14333, -7.22585, -3.52649, 0.59931, 3.08933, -6.72751, 4.61166, -0.57877, 0.07405, -3.48658, -3.99436, -6.91945, 1.93594, -2.52414, -8.80428, 3.07566, 1.05532, 18.29449, 1.50384, -10.79741]"
44,sub8,mae,1,sub8-b2__0081__walk.npy,20,walk,9,0.47295734,0,"[7.58441, -1.24179, -0.3291, -5.41768, -7.55321, -0.67121, -1.78734, -0.34509, 2.23798, 7.75902, 0.97389, -3.31985, 6.43858, -3.06443, -3.63228, -4.10581, -3.37258, -9.4819, -7.31316, -5.51929, 0.80415, -0.12859]"
44,sub8,mae,1,sub8-b2__0082__turnaround.npy,19,turnaround,19,0.79525113,1,"[9.68521, 9.36101, 2.91859, -7.51119, 1.04721, 0.27441, -1.57556, -6.61816, 0.77292, -1.52886, 5.85891, -5.53658, -8.91793, 0.10665, -0.88028, -6.63809, -11.18112, 5.57551, -3.79395, 11.6101, 3.3587, -9.46994]"
44,sub8,mae,1,sub8-b2__0083__walk.npy,20,walk,20,0.9987373,1,"[2.68008, 1.14657, 1.40202, -1.42756, -3.08444, 0.0943, 4.5224, 1.11628, -1.00412, 1.09766, -2.75448, -3.01923, -7.3553, -2.81019, -2.74957, -2.19664, -6.50261, 3.66043, 0.9814, 0.56608, 11.78111, -4.12967]"
44,sub8,mae,1,sub8-b2__0084__turnaround.npy,19,turnaround,19,0.99999726,1,"[4.68204, 3.36903, 2.63902, -8.01299, -3.05779, 0.6206, 3.29819, -6.54889, 4.13796, 0.63735, -0.77081, -2.50908, -2.82848, -7.99154, 2.14561, -1.71562, -7.28274, 1.61229, 0.59365, 18.37519, 1.80345, -11.95357]"
44,sub8,mae,1,sub8-b2__0085__walk.npy,20,walk,0,0.5981054,0,"[8.16613, -1.21626, -0.0987, -5.89239, -6.1407, -1.29896, -1.48805, -1.02369, 1.54762, 7.61694, 0.54086, -2.72449, 5.75948, -3.31112, -2.01179, -4.18679, -2.84292, -9.89067, -8.18435, -5.1128, 1.83778, -0.77668]"
44,sub8,mae,1,sub8-b2__0086__turnaround.npy,19,turnaround,19,0.96261996,1,"[8.59188, 8.82429, 2.35495, -7.27114, 0.54507, 0.15361, -0.45588, -6.26273, 0.84332, -1.68221, 5.13699, -5.37348, -8.1881, -0.38967, -1.00196, -6.23783, -10.91017, 5.51097, -3.20035, 12.69318, 2.99969, -9.52572]"
44,sub8,mae,1,sub8-b2__0087__walk.npy,20,walk,20,0.9985495,1,"[3.57714, 1.49996, 1.68011, -2.10043, -3.6707, 0.90197, 4.74871, 1.40979, -0.45791, 1.12521, -3.62348, -3.17132, -6.95471, -3.73732, -3.47662, -1.74585, -6.64699, 2.75539, 0.71237, -0.09612, 11.78396, -4.01842]"
44,sub8,mae,1,sub8-b2__0088__turnaround.npy,19,turnaround,19,0.99999034,1,"[3.833, 3.33693, 4.20526, -6.39721, -4.36622, 0.29805, 4.93357, -6.30458, 4.15091, -1.0932, -1.88682, -1.85416, -3.06883, -8.04495, 2.16332, -1.71984, -7.89774, 2.69003, 1.04418, 17.52248, 3.0129, -10.18917]"
44,sub8,mae,1,sub8-b2__0089__hop.npy,9,hop,9,0.9995585,1,"[2.12133, -1.23125, -4.36865, -6.05439, 4.16624, -2.72154, -7.80005, -3.82222, -1.49903, 14.24424, 5.96309, -3.06026, -0.61186, 5.13659, 0.53742, -6.08145, 3.76559, -7.2315, -6.7404, -2.98205, -2.5304, -5.72885]"
44,sub8,mae,1,sub8-b2__0090__hop.npy,9,hop,9,0.999869,1,"[1.6661, -1.93025, -5.58407, -6.29484, 5.13437, -2.27891, -7.09698, -2.5446, -1.94136, 15.20553, 4.51837, -3.65965, -0.1894, 5.12882, -0.75571, -4.28884, 4.48597, -8.00099, -6.84162, -4.17899, -2.06674, -5.16461]"
44,sub8,mae,1,sub8-b2__0091__hop.npy,9,hop,9,0.9975126,1,"[-0.54206, -1.11314, -5.01159, -5.52775, 8.21455, -3.36354, -8.90943, -4.36903, -3.49917, 14.94021, 6.83895, -1.97085, -3.63746, 7.84084, 2.38885, -6.58159, 6.20642, -5.40758, -5.82573, -2.04894, -3.9454, -7.80718]"
44,sub8,mae,1,sub8-b2__0092__hop.npy,9,hop,9,0.9994149,1,"[0.04147, -1.62821, -6.332, -6.17175, 7.92938, -2.43361, -7.24959, -3.28566, -3.3075, 15.83726, 4.98287, -2.85634, -2.04607, 6.5607, 0.84428, -4.72301, 6.66836, -7.8002, -6.4607, -3.82015, -3.20797, -6.75305]"
44,sub8,mae,1,sub8-b2__0093__hop.npy,9,hop,9,0.99969363,1,"[0.55834, -2.18121, -6.0545, -6.42977, 6.1752, -2.17712, -6.48443, -2.77857, -2.90372, 15.38513, 4.23488, -2.35201, -0.12935, 5.12316, 0.08087, -4.51027, 6.62165, -8.92669, -6.72742, -4.20072, -3.20021, -6.1976]"
44,sub8,mae,1,sub8-b2__0094__jump.npy,10,jump,9,0.94836414,0,"[4.7397, -0.44192, -1.17403, -3.44698, -5.87548, -0.69649, -4.47446, -1.76368, -0.41671, 8.53664, 4.14401, -0.70998, 4.43433, 1.84431, 0.41889, -8.47025, 1.62304, -11.81196, -7.82575, -8.72808, -5.09509, -2.36695]"
44,sub8,mae,1,sub8-b2__0095__jump.npy,10,jump,10,0.85176736,1,"[2.92309, 4.63469, 1.04329, 2.17669, -7.09954, 0.14173, -6.54878, -1.70625, -0.94928, 0.63382, 8.69104, -3.38119, -0.94675, 6.79599, 1.31276, -12.60163, -4.08001, -6.37222, -5.45656, -6.2218, -7.08936, -2.40973]"
44,sub8,mae,1,sub8-b2__0096__jump.npy,10,jump,10,0.88266873,1,"[2.64526, 6.27543, 1.94511, 2.55657, -5.99131, 0.38452, -7.72224, -2.70193, -1.13951, 0.12641, 9.86286, -3.36168, -2.48336, 7.58817, 2.25297, -13.60689, -4.43859, -5.39374, -5.98721, -5.0476, -7.65803, -3.89753]"
44,sub8,mae,1,sub8-b2__0097__jump.npy,10,jump,10,0.9155362,1,"[1.53258, 6.02753, 1.85768, 3.79872, -6.33795, 1.04277, -6.69132, -2.40539, -1.65835, -1.25852, 9.69221, -2.68169, -2.27334, 6.91667, 2.37689, -13.48256, -4.11726, -5.1868, -5.66466, -4.57071, -7.79913, -4.52713]"
44,sub8,mae,1,sub8-b2__0098__jump.npy,10,jump,10,0.92018795,1,"[1.43803, 6.0974, 1.57666, 3.40887, -5.58934, 1.13904, -6.99566, -2.62065, -1.75062, -0.58888, 9.66954, -2.36015, -2.5018, 6.76791, 2.7202, -13.54452, -3.01981, -5.79303, -6.08608, -4.82023, -8.11279, -4.8506]"
44,sub8,mae,1,sub8-b2__0100__runonspot.npy,13,runonspot,13,0.9328139,1,"[0.98964, 4.44009, -0.56339, 3.59107, -1.85635, -0.31853, -8.32432, -1.15869, -5.29377, 2.27382, 9.49729, -3.41938, -3.6853, 12.13874, 2.05269, -11.62772, -1.17179, -6.42726, -6.06063, -7.52039, -7.07289, -5.42653]"
44,sub8,mae,1,sub8-b2__0102__runonspot.npy,13,runonspot,13,0.95510393,1,"[0.03254, 2.89883, -1.68743, 3.97845, -2.08207, -0.2135, -7.35887, 0.01963, -5.94325, 3.26148, 8.51327, -2.91671, -2.34662, 11.59201, 1.42048, -10.75859, 0.66335, -8.231, -5.96926, -9.1541, -7.19649, -5.58842]"
44,sub8,mae,1,sub8-b2__0103__runonspot.npy,13,runonspot,13,0.91523606,1,"[0.5633, 3.47232, -1.42191, 3.42672, -2.76205, 0.25764, -7.1807, -0.31341, -5.33201, 2.62134, 8.59273, -3.18038, -2.05, 10.9877, 1.20897, -11.00243, -0.30629, -8.15183, -6.05081, -8.45716, -7.42957, -5.45448]"
44,sub8,mae,1,sub8-b2__0104__runonspot.npy,13,runonspot,13,0.915699,1,"[0.2287, 3.70525, -1.33356, 3.89956, -2.51303, 0.24391, -7.33291, -0.52722, -5.53109, 2.36441, 8.86978, -3.10962, -2.50187, 11.27055, 1.74782, -11.29952, -0.102, -8.03052, -5.87838, -8.29498, -7.68391, -5.96784]"
44,sub8,mae,1,sub8-b2__0105__runonspot.npy,13,runonspot,13,0.90708303,1,"[0.62328, 4.43952, -0.53444, 3.80359, -2.27501, -0.02936, -7.99245, -0.99923, -5.27446, 2.01326, 9.39301, -3.17768, -3.48398, 11.68373, 1.76725, -11.46586, -1.18597, -6.70631, -5.60378, -7.57546, -7.68346, -5.97465]"
44,sub8,mae,1,sub8-b2__0106__buttkicks.npy,4,buttkicks,9,0.9957638,0,"[2.15846, -0.64225, -6.51419, -5.93361, 8.26459, -2.11348, -7.23769, -2.42708, -3.8477, 14.13422, 4.49389, -5.01703, -2.31216, 7.48767, 0.81509, -3.71909, 4.38163, -8.38573, -7.95696, -5.07474, -1.8081, -5.65799]"
44,sub8,mae,1,sub8-b2__0107__buttkicks.npy,4,buttkicks,4,0.6321724,1,"[0.76547, 0.61293, -6.80112, -6.47103, 14.32467, -2.76311, -7.82022, -3.36019, -5.05044, 13.77486, 3.72573, -4.47783, -5.89849, 8.89326, 4.47928, -2.71265, 6.30217, -6.35484, -8.04256, -3.9977, -2.16865, -7.01072]"
44,sub8,mae,1,sub8-b2__0108__buttkicks.npy,4,buttkicks,9,0.83022785,0,"[2.09543, 0.92255, -6.18489, -6.84891, 12.20119, -2.8936, -8.28691, -3.821, -4.14698, 13.80966, 4.73883, -4.57321, -4.97969, 8.27358, 3.82513, -4.08626, 5.18625, -6.84484, -8.36884, -4.2047, -2.38443, -6.72953]"
44,sub8,mae,1,sub8-b2__0109__buttkicks.npy,4,buttkicks,4,0.8933613,1,"[0.61544, 2.65585, -6.17306, -6.18106, 14.91593, -2.44461, -8.67577, -4.11369, -4.51006, 12.75834, 4.34266, -4.33156, -7.4244, 9.19618, 6.48186, -4.07584, 6.56401, -6.21344, -7.95193, -3.7705, -4.28469, -7.89942]"
44,sub8,mae,1,sub8-b2__0110__buttkicks.npy,4,buttkicks,4,0.9973442,1,"[-0.58097, 2.37965, -7.09318, -6.18854, 17.92362, -2.19151, -7.81468, -3.49315, -5.98195, 11.8434, 2.93276, -4.0523, -8.01177, 9.78319, 7.28172, -2.35404, 8.19122, -5.88097, -7.9315, -3.52104, -4.21082, -8.14366]"
44,sub8,mae,1,sub8-b2__0111__airkick.npy,0,airkick,0,0.4662864,1,"[8.26179, 5.84519, 1.32753, -5.95454, -2.54705, -3.24934, -5.93231, -5.60374, 4.06139, 6.39758, 5.78106, -4.04061, -4.43314, 0.83701, 8.03873, -8.69864, -5.98215, -4.39643, -4.68318, -3.46157, -5.5068, -5.83087]"
44,sub8,mae,1,sub8-b2__0112__airkick.npy,0,airkick,14,0.47419327,0,"[8.87667, 6.72302, 2.3554, -6.25994, -2.24773, -2.82539, -6.44589, -6.38081, 4.16772, 5.81947, 5.73355, -3.97191, -4.44297, 0.40971, 8.96971, -9.09522, -6.06759, -4.7697, -5.87884, -2.66913, -5.44586, -6.16722]"
44,sub8,mae,1,sub8-b2__0113__airkick.npy,0,airkick,0,0.7162922,1,"[8.56439, 6.39213, 2.13137, -5.54752, -4.95015, -2.20653, -6.40244, -5.21059, 4.89825, 5.82562, 6.21479, -4.20649, -3.04332, 0.08918, 6.20697, -9.63036, -6.63829, -5.39812, -5.01564, -3.75397, -5.98967, -5.41627]"
44,sub8,mae,1,sub8-b2__0114__airkick.npy,0,airkick,0,0.56035894,1,"[8.36197, 4.41566, 1.05335, -6.52147, -3.3818, -3.51886, -4.84272, -4.82514, 3.99206, 6.35839, 4.51565, -3.1117, -2.93376, -0.48575, 7.84364, -7.86418, -5.40288, -5.0333, -4.36069, -3.78087, -5.19062, -5.52554]"
44,sub8,mae,1,sub8-b2__0115__airkick.npy,0,airkick,0,0.8151984,1,"[9.12956, 6.25817, 2.94097, -6.50079, -6.5984, -2.22048, -6.47421, -5.57083, 6.49226, 5.732, 6.04683, -4.14296, -1.18632, -1.50347, 5.06078, -9.68571, -7.33251, -5.30471, -5.09765, -2.83821, -5.95809, -4.39034]"
44,sub8,mae,1,sub8-b2__0116__airkick.npy,0,airkick,0,0.90565443,1,"[9.88059, 6.01981, 2.23755, -6.05788, -5.39092, -1.98275, -7.25506, -5.28902, 4.83793, 5.8872, 6.98554, -5.148, -1.62743, 0.32584, 3.83171, -9.30102, -7.41058, -5.16982, -6.13628, -3.10877, -4.11888, -4.23485]"
44,sub8,mae,1,sub8-b2__0117__airkick.npy,0,airkick,0,0.5435608,1,"[8.47497, 6.78992, 1.64637, -6.56035, -1.15462, -2.63547, -7.11771, -5.68576, 4.32396, 6.44061, 5.64351, -4.43465, -4.53273, 0.75217, 7.67025, -8.21699, -5.72727, -4.21534, -6.21683, -2.96151, -5.14916, -5.47944]"
44,sub8,mae,1,sub8-b2__0118__sidekick.npy,14,sidekick,14,0.9998708,1,"[6.18975, 6.02062, 2.39596, -3.21252, -1.65802, -0.22061, -2.86972, -4.02169, -0.095, 2.96848, 0.1841, 1.88309, -4.2816, -0.90771, 15.81826, -8.94253, 2.82786, -12.1297, -7.49118, -8.88847, -9.88541, -7.89512]"
44,sub8,mae,1,sub8-b2__0119__sidekick.npy,14,sidekick,14,0.9997758,1,"[6.45318, 5.95148, 3.36302, -2.84014, -5.04938, 0.52529, -2.35487, -3.58563, 1.2992, 2.2712, -0.4445, 2.52239, -2.21818, -3.11657, 15.39243, -9.64237, 2.18101, -13.56063, -6.8251, -9.47773, -11.05321, -7.79013]"
44,sub8,mae,1,sub8-b2__0120__sidekick.npy,14,sidekick,14,0.9999038,1,"[7.02667, 6.8376, 3.58902, -3.53185, -2.86012, 0.19984, -1.18213, -4.29319, 1.40898, 1.30355, -1.45249, 2.39999, -4.6879, -3.42798, 16.90822, -8.2876, 1.28199, -11.73375, -6.36324, -8.32282, -10.01287, -7.89292]"
44,sub8,mae,1,sub8-b2__0121__sidekick.npy,14,sidekick,14,0.9999219,1,"[5.52364, 5.83263, 1.72164, -3.2322, -1.33424, -0.0047, -1.243, -2.82451, 0.24711, 2.13199, -2.20797, 2.28178, -4.29082, -1.8695, 15.94471, -7.09761, 3.63862, -12.2016, -7.04868, -9.96377, -10.01303, -5.87882]"
44,sub8,mae,1,sub8-b2__0122__sidekick.npy,14,sidekick,14,0.99952114,1,"[7.05938, 6.28109, 2.87052, -4.78902, -3.71641, -0.97829, -2.44662, -4.19095, 3.70159, 3.24891, -1.12425, 1.19274, -3.10822, -3.47995, 15.13227, -8.10342, 0.56872, -11.25421, -6.16528, -8.31873, -10.13949, -5.39553]"
44,sub8,mae,1,sub8-b2__0123__sidekick.npy,14,sidekick,14,0.9999498,1,"[5.85127, 6.66342, 3.68896, -1.99711, -3.64867, 0.11052, -1.4983, -3.65856, 1.37857, 0.69033, -1.64569, 2.63755, -4.1547, -2.89195, 16.98806, -8.55128, 2.04957, -12.11857, -6.68775, -9.0782, -10.26387, -6.62491]"
44,sub8,mae,1,sub8-b2__0124__crosstoe.npy,6,crosstoe,6,0.94283694,1,"[4.46288, -3.77794, 3.55801, -4.87191, -14.87359, 2.7619, 15.3342, 0.8561, -1.92136, 0.72108, -8.72155, 12.52261, 7.45146, -13.50576, 1.89384, -1.81804, 3.7437, -17.65016, 6.12909, -11.07432, -9.31763, -8.02825]"
44,sub8,mae,1,sub8-b2__0125__crosstoe.npy,6,crosstoe,6,0.9647486,1,"[4.69532, -3.34161, 3.95025, -4.73036, -15.42574, 2.36696, 15.65757, -0.08704, -1.46467, -0.21379, -8.41922, 12.3382, 7.4926, -13.69307, 3.2787, -2.50646, 2.823, -17.26284, 5.64689, -9.76605, -9.68516, -8.24999]"
44,sub8,mae,1,sub8-b2__0126__crosstoe.npy,6,crosstoe,6,0.96584696,1,"[4.57803, -3.10304, 3.88213, -4.64831, -15.55564, 2.625, 15.61353, 0.03053, -1.73359, -0.05075, -8.05811, 12.26037, 7.46695, -13.36669, 2.74887, -2.82598, 2.81741, -17.43836, 5.96907, -10.13974, -10.03946, -8.59634]"
44,sub8,mae,1,sub8-b2__0127__sidekick.npy,14,sidekick,6,0.9817214,0,"[4.78247, -3.13505, 3.33694, -4.62339, -15.04021, 2.71546, 16.15247, -0.46795, -2.04169, -0.34074, -8.06341, 12.16083, 6.6638, -13.4894, 3.75711, -2.74956, 2.959, -17.67611, 6.28281, -9.60734, -9.94837, -9.30451]"
44,sub8,mae,1,sub8-b2__0128__crosstoe.npy,6,crosstoe,6,0.98800534,1,"[4.37867, -3.76163, 3.03064, -4.24124, -15.137, 3.09883, 16.17685, 1.30615, -2.23395, 0.30172, -8.88533, 11.746, 7.51251, -13.16052, 1.2105, -1.30575, 3.10193, -17.65014, 6.24705, -11.38929, -9.21252, -7.21689]"
44,sub8,mae,1,sub8-b2__0129__crosstoe.npy,6,crosstoe,6,0.99377453,1,"[4.54193, -3.90863, 2.84049, -4.65249, -15.22504, 3.01773, 16.59452, 0.77271, -1.61181, 0.11366, -9.07581, 11.49444, 7.51846, -13.79701, 1.62508, -1.22431, 2.75989, -17.60956, 6.56384, -10.23777, -9.11607, -7.4261]"
44,sub8,mae,1,sub8-b2__0130__throw.npy,18,throw,8,0.59160864,0,"[1.62154, 1.52566, -0.89598, -2.67242, -8.58546, -0.95563, -1.68778, -1.68167, 5.58687, 2.78764, 2.26672, -3.36772, 4.73033, -0.22456, -1.68951, -6.82478, -2.9421, -6.17592, -0.34965, -4.15795, -7.02311, 3.47607]"
44,sub8,mae,1,sub8-b2__0131__throw.npy,18,throw,18,0.85840786,1,"[0.24459, -0.33649, -1.25916, -0.05106, -7.99036, -0.57768, 0.28653, 0.73643, 1.85461, 1.78039, 1.57882, -3.93287, 2.69192, 0.72537, -3.85187, -4.46321, -4.01302, -4.81538, 5.56087, -5.06726, -5.76855, 0.47181]"
44,sub8,mae,1,sub8-b2__0132__throw.npy,18,throw,18,0.8116703,1,"[-2.63094, 0.5413, -1.9964, 3.00132, -8.98042, -0.33204, 1.6352, 2.01489, 2.78409, -1.21042, 0.3974, -3.54992, 1.21029, 1.40895, -2.10745, -5.25095, -2.75387, -5.67103, 6.87189, -7.87897, -8.58485, 5.09269]"
44,sub8,mae,1,sub8-b2__0134__throw.npy,18,throw,18,0.99970275,1,"[-7.79407, -3.0575, -2.6785, 9.3601, -5.175, 0.12548, 4.62988, 6.17347, -5.90895, -2.88758, -0.14838, -1.35456, -1.66558, 4.88411, -3.8844, 0.10467, -0.793, -3.33038, 17.54082, -8.44106, -8.67494, -2.07826]"
44,sub8,mae,1,sub8-b2__0135__throw.npy,18,throw,18,0.9999838,1,"[-4.22927, -2.2487, -0.98254, 4.94604, -7.76756, 0.62788, 5.74861, 3.44439, -3.36262, -2.1359, -0.22254, -0.93788, -0.60473, 1.9963, -3.14821, -1.04174, -2.95608, -4.5455, 17.23139, -6.84557, -8.99563, -2.67283]"
44,sub8,mae,1,sub8-c__0001__sit.npy,15,sit,15,0.99994767,1,"[-2.47831, -1.06587, -3.34592, -1.58978, 6.60922, 5.27694, 6.58673, 6.63523, -1.37002, 0.57437, -9.99227, -4.37507, -6.35512, -1.85638, -8.81298, 20.96345, -4.64608, 11.04572, 1.98991, 1.96861, 7.25069, -2.90146]"
44,sub8,mae,1,sub8-c__0002__stand.npy,17,stand,17,0.99624,1,"[0.29767, 2.48908, 0.75647, -2.02969, 3.3998, 1.9278, 3.08882, 2.29178, 0.00284, -1.01394, -3.34718, -5.23686, -8.16409, -1.24002, -8.47778, 7.63956, -9.55218, 16.48478, 1.84542, 8.36882, 10.77852, -4.24936]"
44,sub8,mae,1,sub8-c__0003__sit.npy,15,sit,15,0.9999726,1,"[-3.36642, -1.81712, -3.17537, -0.97668, 5.14427, 4.75916, 7.40909, 6.8403, -1.29466, 0.57625, -10.50212, -3.78046, -5.76458, -2.20019, -8.03853, 20.75367, -4.19106, 10.10811, 3.41842, 1.29204, 6.51628, -2.49575]"
44,sub8,mae,1,sub8-c__0004__stand.npy,17,stand,17,0.9997336,1,"[-0.75974, 3.69761, -0.29973, -2.08423, 7.40249, 3.05857, 1.76263, 3.20862, -0.28958, -1.77816, -4.049, -6.01921, -9.48398, 1.61576, -8.11107, 12.35865, -9.55169, 20.61096, 1.19193, 6.38061, 7.97961, -3.04956]"
44,sub8,mae,1,sub8-c__0005__walk.npy,20,walk,17,0.85993195,0,"[7.98768, 8.79318, 4.07524, -5.79745, 3.55398, 0.2716, -2.76873, -4.50124, -0.84653, -1.7132, 4.5486, -5.61292, -11.34017, 1.78121, -3.79502, -5.42005, -11.80677, 12.5691, -3.56319, 9.46898, 10.09216, -7.50488]"
44,sub8,mae,1,sub8-c__0006__turnaround.npy,19,turnaround,19,0.9991134,1,"[8.12154, 6.57113, 6.02857, -6.84726, -2.44794, 0.57582, 2.66951, -7.73654, 2.36155, -1.97265, 0.81612, -3.35085, -6.84735, -5.41064, 1.58206, -4.3145, -10.57155, 4.23278, 0.00578, 15.49846, 5.16719, -10.55876]"
44,sub8,mae,1,sub8-c__0007__sit.npy,15,sit,15,0.9999827,1,"[-2.36138, -1.06392, -3.46991, -1.66493, 5.17066, 5.038, 8.25984, 6.45841, -1.16599, 0.46512, -10.73392, -3.81499, -5.61704, -2.83517, -7.87664, 20.28581, -4.1953, 8.68452, 2.8078, 1.26038, 5.97196, -3.10249]"
44,sub8,mae,1,sub8-c__0008__stand.npy,17,stand,17,0.9988219,1,"[0.50302, 2.1571, 0.19174, -2.88902, 4.65884, 2.00627, 2.65576, 2.94354, -0.99652, -0.24785, -3.32768, -5.23205, -9.23201, 0.15746, -8.43213, 7.77401, -9.47851, 17.98962, 1.55794, 5.38534, 11.21026, -3.80376]"
44,sub8,mae,1,sub8-c__0009__turnaround.npy,19,turnaround,19,0.9400985,1,"[2.30318, 1.0554, 3.40463, -4.00037, -5.4297, 0.39361, 8.24365, -2.53431, 2.92904, 0.12916, -5.83514, -0.51044, -0.46511, -8.82327, 0.47055, 2.38325, -5.10257, -2.11116, 0.56615, 11.02129, 2.62403, -8.72291]"
44,sub8,mae,1,sub8-c__0010__sit.npy,15,sit,15,0.99994946,1,"[-2.69718, -1.02617, -2.91726, -1.25105, 4.78633, 4.76876, 7.44653, 6.36297, -0.9032, 0.1662, -10.47613, -3.8249, -5.60689, -2.34404, -8.25874, 19.69875, -4.51991, 9.58924, 2.90355, 1.36018, 6.8815, -2.04402]"
44,sub8,mae,1,sub8-c__0011__stand.npy,17,stand,17,0.9999347,1,"[-0.6757, 3.61158, 0.27888, -2.2176, 6.43375, 2.25829, 1.389, 2.78838, -0.33275, -1.60834, -3.54434, -5.66582, -9.17865, 1.43332, -7.80615, 9.79674, -9.43864, 19.89144, 0.86028, 6.88879, 9.07627, -2.89044]"
44,sub8,mae,1,sub8-c__0012__turnaround.npy,19,turnaround,19,0.9999347,1,"[6.59304, 4.98251, 6.26439, -5.74843, -3.21424, -0.20994, 1.74813, -7.88312, 3.34327, -1.16639, 0.47598, -2.87788, -5.10013, -5.75805, 1.56716, -2.88246, -10.1274, 4.49774, -0.13024, 17.11678, 5.47924, -9.58304]"
44,sub8,mae,1,sub8-c__0014__stand.npy,17,stand,17,0.9979576,1,"[-0.07621, 2.02298, 0.46431, -2.36345, 4.5361, 1.35513, 2.70969, 2.9692, -1.19267, -0.45293, -3.58745, -4.74965, -8.77724, 0.36236, -7.74805, 7.30954, -8.88465, 17.43388, 1.23721, 5.34977, 11.21774, -3.26265]"
44,sub8,mae,1,sub8-c__0015__turnaround.npy,19,turnaround,19,0.9997665,1,"[6.64079, 5.14249, 6.41383, -5.76355, -3.14003, 0.12257, 2.76683, -7.38262, 3.03303, -1.61713, -0.16272, -2.81402, -5.90928, -5.98977, 1.44505, -2.97585, -10.16973, 5.05288, -0.00416, 16.08059, 6.218, -9.54249]"
44,sub8,mae,1,sub8-c__0016__sit.npy,15,sit,15,0.9999796,1,"[-2.56008, -0.78351, -3.35052, -1.67628, 6.1049, 4.64661, 7.05876, 6.40067, -1.01041, 0.42186, -10.51862, -4.42725, -5.40309, -1.78433, -8.77878, 20.72855, -4.39078, 9.76458, 2.28309, 1.58584, 6.66112, -1.54498]"
44,sub8,mae,1,sub8-c__0017__stand.npy,17,stand,17,0.992753,1,"[-0.00221, 2.10817, 0.2604, -2.33128, 4.4214, 1.55212, 2.89544, 3.26578, -1.23956, -0.20366, -3.74608, -5.02828, -8.90719, 0.27184, -7.93459, 7.08742, -8.7136, 16.49784, 1.10249, 4.69129, 11.56425, -3.31974]"
44,sub8,mae,1,sub8-c__0018__turnaround.npy,19,turnaround,19,0.9992237,1,"[6.94561, 4.2464, 7.07256, -5.09891, -3.51694, -0.44398, 2.19714, -7.71894, 2.57406, -1.55397, -0.07814, -2.22552, -5.51652, -5.81357, 1.8138, -2.57938, -10.14789, 4.98697, 0.26705, 15.31159, 6.91029, -9.03613]"
44,sub8,mae,1,sub8-c__0019__squat.npy,16,squat,16,0.9988066,1,"[-3.89065, -2.29029, -4.00548, -2.59017, 1.50239, -0.1875, -3.81669, -1.43336, -4.59112, 9.20428, 0.05813, 6.33538, 5.93149, 0.76151, 5.63477, -6.77409, 16.05066, -18.14912, -8.09758, -9.09298, -11.78841, -6.3835]"
44,sub8,mae,1,sub8-c__0020__squat.npy,16,squat,16,0.99977475,1,"[-4.04665, -1.45081, -4.55562, -3.33968, 2.81709, 0.4956, -2.93672, -1.59202, -5.728, 8.4354, 0.32507, 7.71894, 4.38338, 0.83918, 6.10744, -6.57979, 17.30857, -18.2688, -7.58879, -9.87695, -12.80673, -8.06577]"
44,sub8,mae,1,sub8-c__0021__squat.npy,16,squat,16,0.9995627,1,"[-3.4499, -1.36411, -4.63386, -4.33224, 2.74951, 0.19901, -2.8492, -2.03514, -4.80282, 8.73033, 0.19403, 7.61713, 4.30289, -0.13012, 6.41489, -6.57705, 16.83115, -18.13876, -7.25116, -9.17696, -12.93169, -8.25444]"
44,sub8,mae,1,sub8-c__0022__squat.npy,16,squat,16,0.9997869,1,"[-4.04842, -0.4815, -5.63256, -3.62833, 2.58867, 1.16979, -1.78394, -1.59129, -4.826, 6.43228, 0.2982, 7.01734, 3.12976, 0.35687, 6.56536, -6.78048, 16.27403, -17.80178, -6.38826, -9.50555, -13.66205, -7.55108]"
44,sub8,mae,1,sub8-c__0023__squat.npy,16,squat,16,0.9997682,1,"[-3.96985, -0.38072, -5.58388, -3.88606, 2.92273, 1.07275, -1.77317, -1.80361, -4.74012, 6.44611, 0.24353, 7.08821, 2.90533, 0.28848, 6.81269, -6.64744, 16.30001, -17.58684, -6.29565, -9.34596, -13.69724, -7.77147]"
44,sub8,mae,1,sub8-c__0024__pickup.npy,11,pickup,11,0.97345257,1,"[1.77556, -3.08099, 6.10863, -4.04826, -9.52042, 0.35173, 3.7388, -3.2856, -1.82447, 4.56197, -4.43308, 14.03659, 9.83173, -9.12731, 5.73707, -4.83363, 9.5818, -17.31622, -3.7514, -8.12795, -9.77412, -8.51027]"
44,sub8,mae,1,sub8-c__0025__pickup.npy,11,pickup,11,0.9690763,1,"[1.73089, -3.48, 5.35706, -4.48144, -8.55619, 0.12999, 3.59406, -3.56198, -2.30211, 5.1808, -4.38246, 14.17243, 9.50847, -8.7888, 6.40515, -4.6349, 10.34451, -17.59459, -3.75001, -7.83387, -9.89776, -9.1716]"
44,sub8,mae,1,sub8-c__0026__pickup.npy,11,pickup,11,0.9911255,1,"[2.45436, -2.82987, 7.50829, -4.05594, -10.28641, 0.13088, 4.27738, -4.02841, -1.40459, 3.70972, -4.70252, 14.66501, 9.50521, -9.89852, 6.53983, -4.95222, 8.4904, -16.7975, -3.27511, -7.21575, -9.33304, -8.87399]"
44,sub8,mae,1,sub8-c__0027__pickup.npy,11,pickup,11,0.9380816,1,"[1.24657, -3.32063, 4.67183, -4.61156, -7.00734, -0.09675, 2.73793, -3.72124, -3.20833, 5.86592, -3.71364, 14.40338, 8.53695, -7.80748, 6.96028, -4.93151, 11.62792, -17.62786, -4.03475, -7.82362, -10.20327, -10.11925]"
44,sub8,mae,1,sub8-c__0028__pickup.npy,11,pickup,11,0.9960634,1,"[2.11207, -2.24151, 8.72742, -3.19153, -10.85897, 0.25303, 4.95405, -4.14009, -1.49923, 2.29322, -4.95871, 15.3397, 8.91273, -10.07429, 6.85156, -5.21612, 8.1441, -16.51569, -2.65031, -7.34552, -9.39274, -8.6705]"
44,sub8,mae,1,sub8-c__0029__pushchair.npy,12,pushchair,2,0.4419883,0,"[3.33899, 0.8824, 11.42563, -1.97865, -15.38848, 0.04414, 2.29946, -3.8328, 3.45665, -0.73236, -2.69887, 10.83327, 11.0803, -10.01905, 4.05212, -8.8454, 1.63216, -13.49628, -4.59477, -6.26929, -8.88957, -3.47443]"
44,sub8,mae,1,sub8-c__0030__pushchair.npy,12,pushchair,11,0.5688723,0,"[2.94577, 1.94368, 11.7172, -1.80162, -15.36849, 0.0201, 2.18221, -4.46589, 2.82337, -1.71169, -1.8879, 12.10293, 9.52518, -9.56694, 5.66869, -10.43426, 2.44319, -13.90398, -3.76572, -6.6594, -10.53093, -4.40474]"
44,sub8,mae,1,sub8-c__0031__pushchair.npy,12,pushchair,12,0.44049823,1,"[3.89604, 0.55166, 11.34526, -2.49806, -15.87336, -0.04349, 2.26914, -3.72028, 3.67571, -0.54927, -2.65281, 10.67197, 11.51938, -10.34053, 3.67884, -8.85025, 1.21588, -13.46982, -4.49891, -6.20702, -8.68539, -3.16065]"
44,sub8,mae,1,sub8-c__0032__pushchair.npy,12,pushchair,12,0.97860134,1,"[3.78187, -1.29125, 8.80299, -2.65814, -14.79574, -0.04713, 2.12582, -1.84673, 3.71657, 1.55276, -3.21018, 7.80215, 12.95015, -9.6714, 0.68678, -6.34362, 0.56606, -12.78637, -5.78468, -6.06061, -5.98209, -1.33036]"
44,sub8,mae,1,sub8-c__0033__pushchair.npy,12,pushchair,12,0.83769065,1,"[3.76057, -0.5141, 9.8004, -2.71021, -15.40719, 0.20296, 2.65539, -2.81043, 3.12728, 0.65163, -3.20458, 10.15347, 12.32913, -10.13275, 2.61509, -7.65508, 1.98586, -14.25631, -4.89924, -7.00503, -8.19771, -2.92607]"
44,sub8,mae,1,sub8-c__0035__sit.npy,15,sit,15,0.9999423,1,"[-2.66569, -0.85286, -3.13497, -1.45882, 4.72903, 5.15648, 7.60892, 6.36537, -0.96185, -0.05053, -10.36987, -3.84175, -5.51467, -2.65464, -8.27488, 19.45057, -4.51376, 9.44165, 2.64924, 1.70431, 6.47965, -2.46742]"
44,sub8,mae,1,sub8-c__0036__stand.npy,17,stand,17,0.99766904,1,"[-0.80039, 1.45134, 0.14136, -2.15983, 4.05099, 1.6642, 2.96917, 3.72295, -0.91113, -0.1281, -4.10059, -4.65405, -8.67756, -0.02511, -8.02739, 7.73574, -8.47033, 17.48749, 1.48274, 4.52762, 11.40059, -2.91986]"
44,sub8,mae,1,sub8-c__0037__turnaround.npy,19,turnaround,19,0.9999573,1,"[5.46947, 5.01258, 5.15313, -6.0698, -2.58485, 0.23621, 2.78057, -7.05718, 2.82852, -1.91854, 0.15753, -2.98622, -5.76871, -5.65213, 1.5122, -2.94892, -9.63761, 5.51151, 0.63108, 16.96335, 4.96848, -9.84908]"
44,sub8,mae,1,sub8-c__0038__sit.npy,15,sit,15,0.9999492,1,"[-1.99655, -0.73806, -3.61195, -2.12614, 6.0338, 4.97928, 7.43875, 6.19228, -1.29372, 0.28333, -9.99766, -4.43703, -5.90475, -2.09915, -8.81586, 20.03876, -4.87949, 9.99637, 2.43925, 2.20777, 6.82478, -2.53907]"
44,sub8,mae,1,sub8-c__0039__stand.npy,17,stand,17,0.9581473,1,"[1.15445, 2.13884, 0.50629, -2.79977, 3.71822, 1.51199, 3.11765, 2.76412, -1.50073, -0.25879, -3.26831, -4.766, -9.02059, -0.14875, -7.48328, 5.48224, -8.85376, 15.23735, 0.71286, 4.77137, 12.10396, -3.98632]"
44,sub8,mae,1,sub8-c__0040__turnaround.npy,19,turnaround,19,0.99981946,1,"[7.69242, 5.20321, 7.20535, -5.63991, -2.46706, 0.03314, 0.82779, -8.03237, 2.40521, -1.78074, 0.78063, -2.47458, -5.68168, -5.66784, 2.0013, -2.74164, -10.18359, 5.36084, -0.18765, 16.99583, 5.95589, -11.18313]"
44,sub8,mae,1,sub8-c__0041__sit.npy,15,sit,15,0.99993575,1,"[-2.76249, -0.4998, -3.00041, -1.30052, 5.5761, 4.90606, 7.05212, 6.23984, -0.8385, -0.04679, -10.22567, -4.27038, -5.84742, -2.0318, -8.31387, 19.89159, -4.60568, 10.12698, 2.06031, 2.21713, 6.77435, -2.04193]"
44,sub8,mae,1,sub8-c__0042__stand.npy,17,stand,17,0.99982065,1,"[-0.13892, 2.8422, 0.18678, -2.53588, 5.57201, 1.70023, 1.72638, 2.8563, -0.63837, -0.82903, -3.07242, -5.6189, -9.3374, 1.10683, -8.12353, 8.15843, -9.57583, 19.32159, 1.09465, 6.06837, 10.59509, -2.84235]"
44,sub8,mae,1,sub8-c__0043__turnaround.npy,19,turnaround,19,0.9998197,1,"[5.18459, 7.74582, 4.89931, -5.6932, -0.67539, 1.35556, 3.26597, -6.00702, 1.40058, -2.83025, 0.43406, -3.62538, -7.0624, -4.20061, -0.45868, -3.12188, -9.71781, 5.13283, -0.62717, 16.6072, 4.70331, -11.31634]"
44,sub8,mae,1,sub8-c__0044__stand.npy,17,stand,15,0.99993956,0,"[-3.64757, -0.69969, -2.66921, -0.46156, 3.91464, 4.90733, 7.22511, 6.49187, -0.22135, -0.13769, -10.64504, -3.67636, -5.29361, -2.52683, -7.54448, 19.22371, -4.12021, 9.29295, 2.65937, 1.23723, 5.99911, -1.73257]"
44,sub8,mae,1,sub8-c__0045__stand.npy,17,stand,17,0.9999188,1,"[-0.16824, 3.09132, 0.29178, -2.6687, 5.73895, 1.95168, 1.61449, 2.82079, -0.41203, -1.11202, -3.29652, -5.49744, -9.2468, 1.00468, -7.86744, 8.62954, -9.55792, 19.63693, 1.05076, 6.44861, 9.94252, -3.05482]"
44,sub8,mae,1,sub8-c__0046__turnaround.npy,19,turnaround,19,0.99996936,1,"[6.35941, 4.72828, 5.86797, -5.86065, -3.22612, 0.02251, 2.02028, -7.74374, 3.3781, -0.9242, 0.48664, -2.31088, -4.42075, -6.62071, 1.45559, -2.74437, -9.47583, 3.76159, -0.6012, 17.61501, 5.46134, -10.11904]"
44,sub8,mae,1,sub8-c__0047__sit.npy,15,sit,19,0.6777454,0,"[2.23117, 5.23932, 6.04799, -2.47457, -4.08681, 2.60363, 6.81695, -1.3992, 2.42145, -3.53704, -7.03392, -2.43485, -4.08237, -6.54085, -0.49889, 3.14105, -7.47827, 1.92762, -0.8157, 8.16598, 4.41484, -5.11759]"
44,sub8,mae,1,sub8-c__0048__stand.npy,17,stand,17,0.99957234,1,"[-0.00412, 2.90225, 0.486, -2.57074, 5.34581, 1.8121, 1.73584, 2.76363, -0.80969, -0.80027, -3.18365, -5.35862, -9.16326, 0.89505, -7.93667, 7.63219, -9.30889, 18.40971, 0.77746, 6.42608, 10.58064, -3.36111]"
44,sub8,mae,1,sub8-c__0049__turnaround.npy,19,turnaround,19,0.99997103,1,"[4.58219, 3.93967, 5.05284, -5.98551, -3.01119, -0.1675, 2.62478, -6.7883, 2.7961, -1.18768, 0.0771, -2.31035, -5.07291, -5.91009, 2.23289, -2.59597, -9.00932, 5.59222, 1.35413, 16.97629, 4.14771, -10.45744]"
44,sub8,mae,1,sub8-c__0050__sit.npy,15,sit,15,0.99997354,1,"[-2.89308, -0.46274, -3.06814, -1.30093, 5.78633, 4.99915, 7.1213, 6.33062, -0.68413, 0.10018, -10.59412, -4.27965, -5.6689, -1.9665, -8.31083, 20.4209, -4.29759, 9.7098, 2.05146, 1.7341, 6.65972, -1.80258]"
44,sub8,mae,1,sub8-c__0051__stand.npy,17,stand,17,0.9999342,1,"[-1.00069, 3.21682, 0.14168, -2.36923, 6.17782, 2.42618, 1.47092, 3.2331, 0.13411, -1.46268, -3.99, -5.54656, -9.0247, 1.00305, -7.8727, 10.44522, -9.36954, 20.33406, 1.00323, 6.85521, 9.07247, -2.64642]"
44,sub8,mae,1,sub8-c__0052__turnaround.npy,19,turnaround,19,0.9999521,1,"[5.65109, 4.69584, 4.8708, -6.46939, -2.68712, 0.32441, 2.80191, -6.8397, 2.88455, -1.36568, -0.09241, -2.89136, -5.63909, -6.02537, 1.54196, -2.74522, -9.36978, 4.99278, 0.88933, 16.70096, 4.9589, -10.27014]"
44,sub8,mae,1,sub8-c__0053__squat.npy,16,squat,16,0.9982835,1,"[-3.71833, -2.87393, -4.94384, -3.44388, -0.21318, 0.63059, -1.27752, -0.37281, -3.66292, 8.37597, -0.94634, 6.26776, 6.83421, -1.59941, 4.64269, -6.02966, 15.04944, -18.12835, -6.53968, -8.9059, -12.06992, -6.53777]"
44,sub8,mae,1,sub8-c__0054__squat.npy,16,squat,16,0.99935645,1,"[-3.84643, -1.43575, -4.75165, -3.73902, 0.76473, 0.73931, -0.50261, -1.50506, -4.69423, 6.4351, -0.31796, 8.60626, 4.45429, -1.34083, 6.83002, -6.83835, 16.21667, -18.03982, -5.67818, -9.39051, -13.64112, -8.24927]"
44,sub8,mae,1,sub8-c__0055__squat.npy,16,squat,16,0.99970657,1,"[-4.43021, -0.79827, -4.51646, -2.89847, 1.55102, 0.78962, -1.82475, -1.45657, -5.07447, 6.54928, 0.17631, 8.12015, 3.99398, 0.02127, 6.84735, -7.25768, 16.66429, -18.07193, -6.56045, -9.87266, -13.81939, -7.98116]"
44,sub8,mae,1,sub8-c__0056__squat.npy,16,squat,16,0.99935526,1,"[-4.01216, -1.32318, -4.17144, -2.89175, -0.34169, 0.86095, -1.04214, -1.04904, -4.44022, 6.27204, -0.24103, 8.13231, 5.21837, -0.93562, 6.14987, -7.33907, 15.77785, -18.32347, -6.20614, -9.99078, -13.61869, -7.26897]"
44,sub8,mae,1,sub8-c__0057__squat.npy,16,squat,16,0.99964917,1,"[-4.53502, -0.29056, -4.60714, -2.7247, 1.05486, 1.48299, -1.36139, -1.22972, -4.80533, 5.60682, 0.19361, 7.86947, 3.52508, -0.08972, 6.71649, -7.32086, 16.18677, -17.75348, -6.28245, -10.00883, -13.95495, -7.80433]"
44,sub8,mae,1,sub8-c__0058__pickup.npy,11,pickup,11,0.66597545,1,"[0.57569, -3.47326, 3.17128, -4.73196, -6.13965, 0.20622, 2.29118, -3.08172, -2.91967, 6.82851, -4.00018, 13.43304, 8.58822, -7.52964, 6.96993, -4.84801, 12.72116, -18.40141, -4.55973, -8.66157, -10.72623, -9.49188]"
44,sub8,mae,1,sub8-c__0059__pickup.npy,11,pickup,11,0.97935337,1,"[1.33848, -2.90334, 6.07503, -3.96375, -10.09792, 0.76133, 5.09423, -3.16409, -0.81206, 3.66299, -5.57634, 14.06654, 9.56204, -10.12525, 6.64622, -4.64659, 9.34743, -17.36968, -3.35608, -8.16494, -10.1597, -8.06127]"
44,sub8,mae,1,sub8-c__0060__pickup.npy,11,pickup,11,0.98078775,1,"[1.39749, -2.69465, 6.32838, -3.83995, -10.64841, 0.88123, 5.1915, -2.97834, -0.57375, 3.247, -5.59226, 14.08978, 9.6694, -10.25658, 6.44937, -4.87805, 9.05241, -17.2462, -3.23238, -8.46337, -10.28006, -7.70929]"
44,sub8,mae,1,sub8-c__0061__pickup.npy,11,pickup,11,0.98009413,1,"[1.6333, -2.25777, 7.21332, -3.67157, -11.80711, 1.0193, 5.85743, -2.96667, 0.31502, 2.13853, -5.9027, 13.96987, 9.8551, -10.92802, 6.20773, -5.06177, 7.79279, -16.72262, -3.01681, -8.35256, -10.12977, -6.92221]"
44,sub8,mae,1,sub8-c__0062__pickup.npy,11,pickup,11,0.97990817,1,"[1.52459, -2.08284, 7.39293, -3.25983, -12.19968, 1.16697, 5.89066, -2.55388, 0.16857, 1.84122, -5.83718, 13.99064, 9.90349, -10.77086, 5.61189, -5.14213, 7.67453, -16.63925, -2.96079, -8.83256, -10.04255, -6.59066]"
44,sub8,mae,1,sub8-c__0063__pushchair.npy,12,pushchair,2,0.9808406,0,"[4.1614, 2.04629, 14.47554, -1.82244, -16.28559, -0.42608, 2.60618, -4.36934, 5.88337, -2.9481, -3.50784, 9.91367, 9.7447, -11.83269, 4.39438, -8.04472, -2.04583, -9.60837, -3.74908, -3.24932, -6.65736, -2.40736]"
44,sub8,mae,1,sub8-c__0064__pushchair.npy,12,pushchair,2,0.9875222,0,"[4.51768, 2.29949, 14.80883, -1.76989, -16.3426, -0.15455, 1.65748, -4.22866, 6.10179, -2.68692, -3.28239, 9.39037, 9.97779, -11.59097, 3.87092, -8.19293, -2.39528, -9.58754, -4.42185, -3.27115, -6.30089, -2.11739]"
44,sub8,mae,1,sub8-c__0065__pushchair.npy,12,pushchair,2,0.9713298,0,"[4.34402, 1.94185, 14.21666, -2.15337, -16.44261, -0.25395, 2.1522, -4.18048, 6.05628, -2.37464, -3.30204, 9.67382, 10.22637, -11.9491, 3.81169, -8.28108, -1.99314, -9.88666, -3.91883, -3.32509, -6.79392, -2.47023]"
44,sub8,mae,1,sub8-c__0066__pushchair.npy,12,pushchair,2,0.9618494,0,"[3.94361, 2.10564, 13.9917, -1.70873, -16.73121, -0.14322, 2.45613, -4.01762, 5.74608, -2.87071, -3.25929, 9.87932, 10.21609, -11.54141, 4.0592, -8.70572, -1.6475, -10.42304, -3.80481, -4.1168, -7.49942, -2.1583]"
44,sub8,mae,1,sub8-c__0067__pushchair.npy,12,pushchair,2,0.996774,0,"[4.59866, 2.58548, 15.88398, -1.59622, -16.12721, -0.07491, 1.83964, -4.67291, 5.89573, -2.88116, -3.50573, 9.72794, 9.0223, -11.88016, 4.07126, -7.91424, -2.75571, -9.14511, -3.66525, -2.39459, -5.75646, -2.96549]"
44,sub8,mae,1,sub8-c__0068__pushchair.npy,12,pushchair,12,0.67271405,1,"[4.70924, 0.62657, 10.8296, -3.01973, -15.45814, 0.09654, 0.78866, -2.57137, 6.04732, 0.20084, -2.59126, 6.03687, 11.56897, -10.14824, 1.00605, -6.92413, -2.57432, -9.67924, -5.82819, -3.46699, -5.16159, -1.08823]"
44,sub8,mae,1,sub8-c__0069__sit.npy,15,sit,15,0.9999597,1,"[-3.22449, -1.01273, -3.06944, -1.1773, 4.38901, 5.05643, 7.36658, 6.59945, -0.37366, -0.05949, -10.80756, -3.71882, -5.07245, -2.83822, -7.91031, 19.64172, -4.03926, 9.25763, 2.51606, 1.53979, 6.42218, -1.6338]"
44,sub8,mae,1,sub8-c__0070__stand.npy,17,stand,17,0.9999565,1,"[-1.2596, 3.32358, 0.44114, -2.14438, 5.41186, 2.17904, 1.22197, 3.11016, 0.16368, -1.48135, -3.59994, -5.30722, -8.92178, 0.93412, -7.4947, 8.79567, -9.18071, 19.84544, 1.06172, 6.47732, 9.26142, -2.72172]"
44,sub8,mae,1,sub8-c__0071__turnaround.npy,19,turnaround,19,0.99996316,1,"[5.43469, 5.72823, 4.78289, -6.41357, -2.18712, 0.3511, 2.24077, -7.23256, 3.08172, -1.68803, 0.46609, -3.13381, -5.76225, -5.41701, 1.84856, -3.39182, -9.36321, 4.91491, -0.23921, 17.02992, 4.42021, -9.92219]"
44,sub8,mae,1,sub8-c__0072__sit.npy,15,sit,15,0.99992716,1,"[-2.52561, -0.10537, -3.14555, -1.44752, 5.30057, 4.73804, 6.9568, 6.02283, -0.73883, -0.16889, -9.99618, -4.41868, -5.60205, -1.79219, -8.2974, 19.04515, -4.56272, 9.33036, 2.05339, 1.97693, 6.26764, -1.82554]"
44,sub8,mae,1,sub8-c__0073__stand.npy,17,stand,17,0.99988914,1,"[-0.76185, 2.96934, 0.31497, -2.34657, 5.38088, 1.87438, 1.5858, 3.08729, -0.31374, -0.98128, -3.45253, -5.41848, -9.09891, 0.97138, -7.9112, 8.45384, -9.28108, 19.33716, 1.23628, 6.08351, 10.01282, -2.86658]"
44,sub8,mae,1,sub8-c__0074__turnaround.npy,19,turnaround,19,0.99993587,1,"[2.68112, 3.29462, 2.37365, -5.81741, -2.98542, 0.47349, 6.3723, -4.56625, 2.49471, 0.09269, -2.52854, -2.17694, -2.84735, -6.82425, 0.16612, 0.16626, -6.70505, 1.60192, 0.77286, 16.16796, 2.40988, -10.81961]"
44,sub8,mae,1,sub8-c__0075__sit.npy,15,sit,15,0.9999695,1,"[-3.36171, -0.66581, -3.29314, -1.09472, 4.92658, 4.69774, 7.2985, 6.34259, -0.53993, 0.12527, -10.62752, -3.94707, -5.00721, -2.21513, -7.83037, 19.40096, -3.74966, 8.6097, 2.31102, 1.48455, 5.86821, -1.55713]"
44,sub8,mae,1,sub8-c__0076__stand.npy,17,stand,17,0.99922824,1,"[-0.46672, 2.1416, 0.27872, -2.49583, 4.17468, 1.59569, 2.22718, 3.26748, -0.15845, -0.53166, -3.66963, -5.19567, -8.7808, 0.14901, -8.17472, 7.37804, -9.08572, 18.28116, 1.66745, 5.14003, 11.08649, -2.34191]"
44,sub8,mae,1,sub8-c__0077__turnaround.npy,19,turnaround,19,0.9999485,1,"[5.51984, 4.96272, 5.32166, -5.95598, -2.96007, -0.12228, 3.59212, -7.22501, 3.09392, -1.13715, -0.09218, -2.48998, -5.45603, -6.13396, 1.69549, -2.90217, -9.42292, 4.6777, 0.55411, 16.6649, 4.77128, -10.04214]"
44,sub8,mae,1,sub8-c__0078__sit.npy,15,sit,15,0.99995494,1,"[-2.82551, -0.61656, -3.12073, -1.2952, 4.73246, 5.03286, 7.55346, 6.31443, -0.65703, -0.03419, -10.60373, -4.04705, -5.4369, -2.55064, -8.11527, 19.28024, -4.21814, 8.90021, 2.64925, 1.57164, 6.31397, -1.9642]"
44,sub8,mae,1,sub8-c__0079__stand.npy,17,stand,17,0.9996636,1,"[-0.68343, 2.36174, 0.21594, -2.3489, 4.96604, 1.61017, 2.0892, 3.23114, -0.56934, -0.58379, -3.61389, -5.21859, -8.92932, 0.65952, -7.98735, 8.10635, -9.07989, 18.75662, 1.35457, 5.46016, 10.67689, -2.6649]"
44,sub8,mae,1,sub8-c__0080__turnaround.npy,19,turnaround,19,0.99996805,1,"[5.58997, 4.50189, 5.13456, -6.05528, -2.25544, 0.19806, 2.42607, -7.17808, 2.72284, -1.08217, 0.04834, -2.95401, -5.28221, -5.78034, 1.49427, -2.22138, -9.35291, 4.9318, 0.24159, 17.16198, 5.33309, -10.37055]"
44,sub8,mae,1,sub8-c__0081__sit.npy,15,sit,15,0.9999051,1,"[-2.9182, -0.60063, -2.69588, -1.01285, 4.46263, 4.90453, 7.52461, 6.29059, -0.55127, -0.445, -10.53006, -3.84443, -5.66915, -2.36853, -8.1663, 19.27628, -4.55445, 9.84748, 3.05312, 1.32266, 6.6596, -1.48082]"
44,sub8,mae,1,sub8-c__0082__stand.npy,17,stand,17,0.99993515,1,"[-0.7893, 3.1662, 0.31532, -2.35753, 5.63097, 1.71911, 1.58137, 2.90131, -0.09691, -1.29293, -3.5353, -5.3835, -9.05679, 1.00429, -7.61741, 8.67988, -9.28302, 19.64453, 1.15541, 6.45979, 9.62738, -2.50209]"
44,sub8,mae,1,sub8-c__0083__turnaround.npy,19,turnaround,19,0.9999567,1,"[5.17942, 3.81118, 4.47437, -5.7964, -2.94858, 0.11172, 3.54856, -6.8387, 2.71785, -0.57344, -0.49649, -2.58467, -4.84922, -6.07534, 1.49913, -2.04006, -8.78235, 3.88164, 0.73187, 16.32621, 4.74529, -10.00757]"
44,sub8,mae,1,sub8-c__0084__sit.npy,15,sit,15,0.9999503,1,"[-1.91574, 0.14669, -3.09212, -1.48394, 6.35178, 4.83242, 7.37345, 5.91444, -1.21329, -0.6579, -10.23329, -4.68532, -5.84196, -1.49121, -8.91026, 19.79231, -4.71834, 9.68344, 2.17043, 1.87204, 6.79739, -1.38882]"
44,sub8,mae,1,sub8-c__0085__stand.npy,17,stand,17,0.9996489,1,"[-0.63444, 2.47651, 0.37836, -2.2615, 4.69379, 1.31303, 2.11392, 3.03252, -0.17576, -0.79371, -3.63455, -5.32102, -8.893, 0.48866, -8.04496, 7.58267, -9.20788, 18.88156, 1.51339, 5.4747, 10.88398, -1.97465]"
44,sub8,mae,1,sub8-c__0086__turnaround.npy,19,turnaround,19,0.9999964,1,"[3.54795, 6.42226, 3.19508, -6.45461, 1.32796, 0.8894, 1.88811, -6.80923, 1.30876, -1.53852, 1.37549, -3.57586, -5.7638, -3.6199, 0.48718, -2.01469, -8.31905, 5.5564, -0.50895, 19.42537, 2.05769, -12.44]"
44,sub8,mae,1,sub8-c__0087__squat.npy,16,squat,16,0.9997316,1,"[-4.49968, -0.54711, -4.32148, -2.74548, 1.94186, 0.70131, -2.67249, -1.71978, -4.69737, 6.92247, 0.49122, 7.76266, 3.37536, 0.24542, 7.45435, -7.55166, 16.76663, -17.51684, -6.87307, -9.53176, -13.3642, -7.90525]"
44,sub8,mae,1,sub8-c__0088__squat.npy,16,squat,16,0.9997507,1,"[-4.79949, -0.28277, -4.22702, -2.18235, 1.62552, 0.9793, -2.3753, -1.45758, -5.17471, 6.11486, 0.47955, 8.04778, 3.25754, 0.66051, 7.38414, -7.7538, 16.85777, -17.8746, -6.65897, -10.21389, -13.85594, -7.83615]"
44,sub8,mae,1,sub8-c__0090__squat.npy,16,squat,16,0.9995142,1,"[-4.16586, -0.97497, -4.58521, -3.00163, 0.64777, 0.92714, -1.22592, -1.49593, -4.66435, 6.17757, 0.30287, 8.03002, 4.24623, -0.48818, 6.69056, -7.58355, 16.02654, -17.91628, -5.82851, -9.67551, -13.85217, -7.81952]"
44,sub8,mae,1,sub8-c__0091__squat.npy,16,squat,16,0.9994622,1,"[-4.18829, -0.74684, -4.69755, -2.809, 0.39989, 1.25464, -0.73055, -1.24082, -4.68388, 5.71835, 0.122, 7.76571, 4.11441, -0.52685, 6.58889, -7.54249, 15.67623, -17.96203, -5.7706, -9.75776, -13.94057, -7.7384]"
44,sub8,mae,1,sub8-c__0092__squat.npy,16,squat,16,0.9988906,1,"[-4.14753, -0.34071, -4.19128, -2.59834, -0.32847, 1.30123, -0.28921, -1.2967, -4.46268, 4.85029, -0.00548, 8.27624, 3.87077, -0.93651, 7.01231, -7.79541, 15.36366, -17.79507, -5.42347, -9.90545, -14.19795, -7.75829]"
44,sub8,mae,1,sub8-c__0093__pickup.npy,11,pickup,11,0.994356,1,"[1.59535, -1.18409, 7.53635, -3.61923, -11.07946, 1.07192, 4.8632, -3.15503, -0.6656, 2.03968, -4.86413, 14.61681, 8.39634, -10.05452, 6.60198, -6.24169, 8.60531, -16.76546, -2.70814, -8.8125, -10.86052, -8.11062]"
44,sub8,mae,1,sub8-c__0094__pickup.npy,11,pickup,12,0.60114086,0,"[2.70343, -2.03567, 7.6784, -3.86058, -13.52965, 0.77281, 5.96681, -2.46017, 2.35865, 1.98729, -5.44308, 10.94969, 11.40578, -11.41366, 3.53322, -5.21055, 3.93832, -14.90621, -3.29657, -7.2207, -8.70425, -4.90294]"
44,sub8,mae,1,sub8-c__0095__pickup.npy,11,pickup,12,0.7688974,0,"[2.67691, -2.4242, 7.39903, -3.9393, -13.76515, 0.88432, 5.70435, -1.93209, 2.14362, 2.47149, -5.45248, 10.81671, 12.05902, -11.30966, 2.65166, -5.11476, 4.07781, -15.31192, -3.39504, -7.79853, -8.69881, -4.734]"
44,sub8,mae,1,sub8-c__0096__pickup.npy,11,pickup,11,0.8305352,1,"[2.40317, -0.81538, 8.9173, -3.14506, -14.22999, 1.43935, 6.27211, -2.44732, 2.13938, 0.38846, -5.6412, 12.24741, 10.44489, -11.45413, 4.28317, -6.00818, 4.31066, -15.3689, -2.89099, -8.40355, -9.81817, -5.25165]"
44,sub8,mae,1,sub8-c__0097__pickup.npy,11,pickup,12,0.9613553,0,"[2.78249, -3.03099, 6.37268, -4.26201, -14.14796, 0.81633, 5.51644, -1.22224, 2.42891, 3.09663, -5.16073, 9.61117, 12.88494, -11.13845, 1.40399, -5.07991, 3.40021, -14.9721, -3.54238, -7.85479, -8.34741, -3.85384]"
44,sub8,mae,1,sub8-c__0098__pushchair.npy,12,pushchair,2,0.9845388,0,"[4.51784, 3.35564, 14.19944, -2.16451, -16.66656, 0.33702, 2.54778, -4.55967, 5.89706, -3.53591, -2.20377, 9.44827, 9.1918, -11.51037, 3.9707, -9.4401, -2.79879, -9.5039, -3.52334, -3.46595, -8.10994, -3.34064]"
44,sub8,mae,1,sub8-c__0099__pushchair.npy,12,pushchair,2,0.98840135,0,"[4.95514, 3.85242, 14.03691, -2.19336, -16.427, 0.53235, 0.60386, -4.37643, 6.50321, -2.79714, -1.42368, 7.75272, 9.34381, -10.82874, 3.2827, -9.7269, -3.4442, -9.26698, -4.72005, -2.99998, -7.60563, -2.80314]"
44,sub8,mae,1,sub8-c__0100__pushchair.npy,12,pushchair,2,0.96847856,0,"[4.33228, 3.12351, 13.62796, -2.06884, -16.82967, 0.58646, 2.16413, -3.90863, 6.02892, -3.1042, -2.34155, 8.86041, 9.87234, -11.31309, 3.10551, -9.3452, -2.51358, -10.07221, -3.96706, -4.03741, -8.06148, -2.63148]"
44,sub8,mae,1,sub8-c__0101__pushchair.npy,12,pushchair,2,0.6821345,0,"[5.3898, 2.64631, 11.31017, -3.51827, -15.14631, 0.70126, -0.85819, -3.55125, 6.9362, -0.15172, -0.95795, 5.16175, 10.50788, -9.82588, 1.26521, -8.26501, -3.56183, -8.91247, -6.37203, -2.62268, -6.23778, -2.06836]"
44,sub8,mae,1,sub8-c__0102__pushchair.npy,12,pushchair,2,0.9740505,0,"[3.97927, 2.82693, 13.99372, -1.83249, -16.73618, 0.2038, 2.6806, -4.09008, 5.79162, -3.31513, -2.71591, 9.47309, 9.81936, -11.40146, 3.48002, -9.04678, -2.26156, -9.95604, -3.58149, -3.95615, -7.82568, -2.4901]"
44,sub8,mae,1,sub8-c__0103__pushchair.npy,12,pushchair,12,0.6214343,1,"[5.01322, 1.01802, 10.71051, -3.4688, -14.94878, 0.37545, 0.30559, -2.43229, 6.3818, 0.67303, -2.34016, 5.1905, 11.22669, -10.11327, 0.09945, -6.47081, -3.14685, -9.02657, -6.03054, -3.19626, -4.68356, -1.33266]"
44,sub8,mae,1,sub8-c__0104__sit.npy,15,sit,15,0.9998306,1,"[-3.01371, -0.92707, -2.74314, -1.4461, 3.69235, 4.79927, 6.91207, 6.09908, 0.07699, 0.09077, -10.15067, -3.61953, -5.29988, -3.14886, -7.36358, 18.2421, -4.32921, 9.39593, 2.61325, 2.45701, 6.19104, -2.43354]"
44,sub8,mae,1,sub8-c__0105__stand.npy,17,stand,17,0.99995756,1,"[-1.20674, 3.45073, 0.51005, -2.01916, 5.57913, 2.01546, 1.1285, 3.01642, 0.15366, -1.60504, -3.5354, -5.43572, -8.97995, 1.05597, -7.43874, 8.49736, -9.16855, 19.93208, 0.76228, 6.5304, 9.4954, -2.40569]"
44,sub8,mae,1,sub8-c__0106__turnaround.npy,19,turnaround,19,0.99999,1,"[6.05781, 5.33496, 5.31953, -7.09696, -2.96927, 0.85314, 2.18454, -7.27098, 3.52847, -1.43864, 0.13889, -2.67198, -4.69224, -6.91185, 1.94343, -2.49898, -9.43137, 4.66598, 0.56664, 18.4447, 3.00357, -12.10584]"
44,sub8,mae,1,sub8-c__0107__sit.npy,15,sit,15,0.99988484,1,"[-2.27214, 0.32196, -3.13752, -1.30763, 6.51421, 5.0478, 7.08616, 6.0292, -1.27607, -0.62262, -9.95665, -4.85626, -6.06796, -1.35664, -9.06376, 19.3702, -4.81385, 10.16908, 1.78436, 2.05058, 7.10807, -1.54162]"
44,sub8,mae,1,sub8-c__0109__turnaround.npy,19,turnaround,19,0.99998224,1,"[5.48894, 4.49229, 4.32953, -6.43124, -2.34078, 0.67154, 2.89127, -6.52167, 3.21293, -1.08626, -0.78946, -3.40401, -5.01749, -6.51089, 0.20445, -1.38806, -9.0286, 3.91075, 0.46479, 17.48177, 5.24928, -9.96905]"
44,sub8,mae,1,sub8-c__0110__sit.npy,15,sit,15,0.999951,1,"[-3.06201, -0.61405, -3.09916, -1.20484, 5.14728, 5.08817, 7.43278, 6.5879, -0.65799, -0.21189, -10.66578, -4.00662, -5.54124, -2.35699, -8.39881, 19.76828, -4.20638, 9.6396, 2.52633, 1.37323, 6.58664, -1.58593]"
44,sub8,mae,1,sub8-c__0111__stand.npy,17,stand,17,0.9981002,1,"[0.72908, 3.11511, 1.19705, -2.28008, 3.84821, 1.3705, 2.98789, 1.53663, -0.16109, -1.60159, -2.99514, -5.36156, -8.03862, -0.39464, -8.2959, 7.23406, -9.97598, 16.95783, 1.90365, 7.90216, 10.59358, -3.22088]"
44,sub8,mae,1,sub8-c__0112__turnaround.npy,19,turnaround,19,0.99981815,1,"[6.54606, 7.75666, 3.87391, -6.44887, 1.09112, 0.9304, 1.63567, -6.69475, 0.79649, -1.94883, 2.33689, -4.65298, -7.15448, -2.29443, -1.80812, -3.01179, -10.49224, 6.42599, -1.94332, 16.88597, 5.28097, -10.46218]"
44,sub8,mae,1,sub8-c__0113__sit.npy,15,sit,15,0.99993384,1,"[-3.07039, -0.69144, -2.95006, -1.15853, 4.79047, 4.81641, 7.38855, 6.35262, -0.53855, -0.20874, -10.57325, -3.86041, -5.35479, -2.44685, -8.15374, 19.21976, -4.22165, 9.3539, 2.57055, 1.56474, 6.57554, -1.45078]"
44,sub8,mae,1,sub8-c__0114__stand.npy,17,stand,17,0.99994624,1,"[-0.86533, 3.51921, 0.31781, -2.25378, 6.06822, 1.75898, 1.31661, 2.82479, -0.21594, -1.50173, -3.36532, -5.61792, -9.07522, 1.45365, -7.74891, 8.60503, -9.2665, 19.82063, 0.8961, 6.42245, 9.63112, -2.23264]"
44,sub8,mae,1,sub8-c__0115__turnaround.npy,19,turnaround,19,0.99999225,1,"[4.91568, 4.83441, 4.39104, -7.01222, -2.69938, 0.89619, 2.45252, -6.77902, 3.04463, -0.74479, 0.26459, -2.70997, -4.43337, -6.29265, 1.55017, -2.5857, -8.74111, 4.14009, 0.84913, 17.89795, 2.40425, -12.06503]"
44,sub8,mae,1,sub8-c__0116__sit.npy,15,sit,15,0.9999498,1,"[-1.80603, -0.19512, -3.11028, -1.78176, 5.71615, 4.99018, 7.59336, 5.90978, -1.12421, -0.39208, -10.24532, -4.32896, -5.75029, -2.15441, -8.60347, 19.33025, -4.67431, 9.08601, 2.31361, 1.99019, 6.7206, -1.94789]"
44,sub8,mae,1,sub8-c__0117__stand.npy,17,stand,17,0.99814165,1,"[-0.07818, 2.1433, 0.13519, -2.63915, 4.7208, 1.19446, 2.3456, 2.97301, -0.74695, -0.37103, -3.46469, -5.08763, -8.89801, 0.48572, -7.93596, 7.10377, -8.89015, 17.7803, 1.22233, 5.26946, 11.47795, -2.50686]"
44,sub8,mae,1,sub8-c__0118__turnaround.npy,19,turnaround,19,0.99999,1,"[5.17323, 6.33137, 5.26165, -6.32693, -0.85093, 0.88471, 2.38801, -7.28027, 1.81825, -1.6626, 0.73169, -3.28801, -5.58343, -4.65249, 0.82089, -2.25631, -9.49324, 4.91522, -0.091, 18.5304, 2.7154, -12.37318]"
44,sub8,mae,1,sub8-c__0119__sit.npy,15,sit,15,0.99992764,1,"[-2.52924, -0.06249, -3.31572, -1.43228, 6.33984, 4.68253, 6.97839, 6.1927, -0.98666, -0.50477, -10.17135, -4.69623, -5.66511, -1.45162, -8.92093, 19.60543, -4.47092, 9.92262, 2.12268, 1.9106, 6.90679, -0.96272]"
44,sub8,mae,1,sub8-c__0120__stand.npy,17,stand,17,0.99988663,1,"[-0.62222, 2.83957, 0.17848, -2.582, 5.68005, 1.46038, 1.46227, 2.87063, -0.21436, -1.01344, -3.4071, -5.41935, -8.90287, 1.04498, -7.91989, 8.17839, -9.17353, 19.59902, 0.98729, 6.35248, 10.385, -2.12333]"
44,sub8,mae,1,sub8-c__0121__turnaround.npy,19,turnaround,19,0.999985,1,"[3.05643, 3.01429, 3.54984, -5.59571, -2.7062, 0.24925, 3.86917, -5.67932, 2.95279, -0.78323, -1.23195, -2.49082, -4.39226, -6.27436, 1.12668, -0.70491, -8.15422, 5.33255, 1.28626, 17.15611, 4.18858, -9.73573]"
44,sub8,mae,1,sub8-c__0122__squat.npy,16,squat,16,0.99951446,1,"[-4.45035, 0.24836, -3.47971, -1.99965, 1.33667, 0.91631, -2.20974, -1.68981, -5.50139, 5.77768, 0.92003, 8.07056, 3.16727, 1.02934, 7.0997, -8.20901, 16.10017, -17.72252, -6.70761, -10.32216, -13.92689, -8.13915]"
44,sub8,mae,1,sub8-c__0123__squat.npy,16,squat,16,0.99889284,1,"[-4.23826, -0.41288, -3.62065, -2.381, 0.32735, 0.60692, -0.73167, -1.91456, -4.73482, 5.14655, 0.05576, 8.62849, 3.97584, -0.53992, 7.80825, -7.94901, 15.8265, -17.87108, -5.91658, -9.66174, -14.08167, -7.88274]"
44,sub8,mae,1,sub8-c__0124__squat.npy,16,squat,16,0.9942346,1,"[-3.51174, 0.24563, -1.82945, -2.03741, -1.95522, 0.85244, -0.4998, -1.96228, -4.30315, 4.38242, 0.13195, 9.44729, 4.43553, -1.29387, 7.5018, -8.80524, 14.74269, -18.069, -5.79452, -10.31383, -14.22102, -7.94183]"
44,sub8,mae,1,sub8-c__0125__squat.npy,16,squat,16,0.9970072,1,"[-3.9113, 0.13826, -2.83945, -2.02582, -1.21333, 0.90111, -0.38138, -1.71655, -4.5149, 4.42547, 0.19868, 9.07711, 4.07214, -0.93942, 7.51414, -8.56469, 15.08979, -17.89318, -5.8403, -10.19781, -14.31488, -7.88101]"
44,sub8,mae,1,sub8-c__0126__squat.npy,16,squat,16,0.980265,1,"[-3.51607, 1.22416, -1.59355, -1.03896, -3.4082, 1.10087, 0.3867, -1.93733, -3.80027, 2.30441, 0.7004, 8.72937, 4.06584, -1.15386, 7.38344, -9.74975, 12.87628, -17.28089, -5.24448, -9.97884, -14.53317, -7.12767]"
44,sub8,mae,1,sub8-c__0127__squat.npy,16,squat,16,0.9924193,1,"[-3.44173, 0.45249, -2.71499, -2.21073, -2.16979, 0.98745, 0.39196, -1.86066, -3.8561, 3.65395, 0.31382, 8.31416, 4.24906, -1.38692, 7.09544, -8.86877, 13.46948, -17.55597, -5.08254, -9.57457, -14.49067, -7.64751]"
44,sub8,mae,1,sub8-c__0128__pickup.npy,11,pickup,11,0.6052257,1,"[2.95674, -1.55141, 7.58908, -3.91931, -13.54904, 1.03551, 5.09911, -2.72932, 1.64961, 2.06041, -4.52521, 11.52598, 11.06271, -10.78531, 3.91997, -6.34357, 4.6935, -15.67809, -3.45183, -7.89794, -9.6664, -5.66805]"
44,sub8,mae,1,sub8-c__0130__pickup.npy,11,pickup,11,0.9129778,1,"[2.65375, -1.14805, 8.03161, -3.70578, -13.70639, 1.32293, 6.302, -2.82134, 1.54095, 0.929, -5.38895, 12.67908, 10.1901, -11.19769, 4.91967, -6.12121, 5.13643, -15.9953, -2.66268, -8.55841, -10.28809, -5.72531]"
44,sub8,mae,1,sub8-c__0131__pickup.npy,11,pickup,11,0.9347157,1,"[2.6922, -0.95714, 8.62486, -3.67632, -13.95047, 1.25406, 5.83429, -2.79958, 1.43923, 0.91111, -5.10051, 13.16169, 10.31231, -11.22302, 4.67308, -6.41687, 5.18864, -15.83566, -2.54194, -8.64309, -10.47961, -6.07583]"
44,sub8,mae,1,sub8-c__0132__pickup.npy,11,pickup,12,0.55610156,0,"[2.64559, -1.85829, 7.19135, -3.96798, -13.83072, 1.09377, 5.98856, -2.23356, 2.25036, 1.88593, -5.32247, 11.214, 11.46431, -11.12099, 3.44422, -5.70808, 4.41088, -15.64068, -3.20132, -8.31959, -9.70668, -4.76355]"
44,sub8,mae,1,sub8-c__0133__pickup.npy,11,pickup,11,0.7731724,1,"[2.26238, -1.63029, 7.26577, -3.79168, -13.66941, 1.43014, 6.36926, -2.22232, 1.7242, 1.50945, -5.59106, 12.24681, 10.98161, -11.21947, 4.09175, -5.8484, 5.44914, -16.37645, -2.87082, -9.17264, -10.51867, -5.3882]"
44,sub8,mae,1,sub8-c__0134__pushchair.npy,12,pushchair,2,0.87570506,0,"[4.38433, 2.9921, 13.15744, -2.41248, -16.04623, 0.34242, 1.5691, -4.65886, 4.39394, -1.84186, -1.97952, 11.09821, 8.86239, -10.73165, 5.29309, -10.4257, 0.28404, -12.65253, -3.48797, -5.60418, -9.87222, -4.71922]"
44,sub8,mae,1,sub8-c__0135__pushchair.npy,12,pushchair,2,0.7145563,0,"[4.2715, 2.43213, 11.72807, -2.99829, -15.70894, 0.49623, 1.08727, -4.33104, 4.49902, -0.81018, -1.4394, 10.11077, 10.11393, -10.13866, 4.16999, -10.22025, 0.50654, -12.76644, -4.46723, -5.70017, -9.97387, -4.28401]"
44,sub8,mae,1,sub8-c__0136__pushchair.npy,12,pushchair,2,0.7433971,0,"[4.21519, 2.6116, 11.87296, -2.91877, -15.95721, 0.46133, 1.04253, -4.16538, 4.88467, -1.08684, -1.60469, 10.12233, 10.09815, -10.35413, 4.18732, -10.36646, 0.43987, -12.6822, -4.40135, -5.89706, -10.08297, -3.8988]"
44,sub8,mae,1,sub8-c__0137__pushchair.npy,12,pushchair,2,0.92839944,0,"[4.53491, 3.28181, 12.90502, -2.49049, -16.73042, 0.37888, 1.83938, -4.5803, 5.57753, -2.84414, -1.37965, 9.59825, 9.6687, -10.9226, 4.40943, -10.56993, -1.53668, -11.14053, -3.91667, -4.61623, -9.50856, -3.42898]"
44,sub8,mae,1,sub8-c__0138__pushchair.npy,12,pushchair,2,0.98112315,0,"[5.15324, 3.59079, 14.01288, -2.46264, -16.97312, 0.66771, 1.30725, -4.45281, 6.16473, -2.90651, -1.77629, 8.98092, 9.59927, -11.20184, 3.76268, -9.94905, -2.74693, -10.33631, -4.34358, -4.21912, -8.52164, -3.00535]"
