seed,subject,method,k,file,true_id,true_label,pred_id,conf,correct,logits
44,sub8,supLP120,3,sub8-a__0001__wave.npy,21,wave,21,0.99851483,1,"[4.82577, -3.78804, 6.22853, -2.68093, -9.33795, -6.74978, -8.43614, 1.27651, 9.56747, -0.04043, 6.09142, -5.75338, 2.28616, -7.04057, -2.2702, -5.54659, -5.64691, -4.47887, -0.73632, -0.94122, -7.9883, 16.15165]"
44,sub8,supLP120,3,sub8-a__0002__wave.npy,21,wave,21,0.9991928,1,"[4.04551, -3.44516, 3.90034, -1.93403, -9.18814, -6.76858, -8.32449, 3.29367, 9.85669, -0.72842, 4.63342, -5.28142, 2.80787, -6.44067, -4.14643, -6.59784, -4.80645, -6.32686, -0.28774, -2.99924, -8.10877, 16.99107]"
44,sub8,supLP120,3,sub8-a__0004__wave.npy,21,wave,21,0.9995715,1,"[4.31559, -3.75325, 4.17083, -1.92471, -8.92705, -6.6536, -7.90669, 2.31222, 9.13988, -0.50731, 4.99712, -5.43631, 2.57873, -6.1471, -3.40222, -6.47831, -5.12822, -5.71266, -0.41802, -2.76151, -7.75783, 16.92759]"
44,sub8,supLP120,3,sub8-a__0005__wave.npy,21,wave,21,0.9995927,1,"[3.56805, -3.27698, 2.91042, -1.54522, -8.5146, -6.40679, -7.75862, 2.55683, 9.03693, -0.32322, 4.36981, -5.61234, 2.53421, -5.8771, -3.39399, -6.75132, -4.79531, -6.16903, -0.1625, -3.87331, -8.40263, 16.86108]"
44,sub8,supLP120,3,sub8-a__0006__wave.npy,21,wave,21,0.9995486,1,"[3.63194, -2.93244, 1.79511, -1.94641, -8.43394, -6.36181, -7.9533, 3.06451, 9.41796, -0.12828, 4.14211, -5.96875, 1.91466, -5.84516, -3.59098, -6.7961, -4.15695, -6.98973, -0.24794, -4.34678, -8.62154, 17.13192]"
44,sub8,supLP120,3,sub8-a__0008__bow.npy,2,bow,2,0.82504654,1,"[1.14317, 5.29592, 9.36606, -8.44977, -10.68838, -0.64775, 0.52497, -0.26908, 3.47691, -4.58639, -0.65171, 7.26114, 4.48545, -8.33441, 6.07319, -5.19736, -0.31352, -0.31223, 3.29154, 5.57698, -8.26921, -3.61768]"
44,sub8,supLP120,3,sub8-a__0009__bow.npy,2,bow,2,0.9871755,1,"[0.95544, 3.4001, 12.09512, -7.78894, -11.02851, -1.72768, 0.27539, -0.64236, 3.50046, -3.26939, -0.52989, 6.85294, 6.14523, -9.17913, 6.40671, -5.45205, -1.7527, 0.53279, 1.93471, 5.43397, -9.31062, -2.29321]"
44,sub8,supLP120,3,sub8-a__0010__bow.npy,2,bow,11,0.4636785,0,"[2.69289, 1.59927, 7.4006, -6.60203, -7.72523, -3.52697, 1.59667, -0.08191, 1.73536, -3.88475, -1.15575, 7.72772, 6.85247, -5.87067, 0.65884, -4.07793, -1.50494, -2.29141, 1.60449, 1.28103, -5.40212, -0.77523]"
44,sub8,supLP120,3,sub8-a__0011__bow.npy,2,bow,2,0.6172436,1,"[0.88289, 3.6965, 9.44292, -8.04202, -9.7185, -2.07893, 2.09401, 0.13357, 2.3691, -4.8328, -0.8555, 8.8897, 6.00184, -7.59331, 3.01846, -5.02502, -0.7701, -0.80988, 2.16073, 4.25419, -7.35974, -1.93856]"
44,sub8,supLP120,3,sub8-a__0012__crossarms.npy,5,crossarms,3,0.5827188,0,"[1.58963, -0.10171, -6.99745, 5.41553, -1.29228, 4.96565, -6.2225, 0.96379, -0.52789, -3.63459, 0.33679, -0.40857, 1.10592, -0.10707, -1.04655, -3.70676, -3.41506, -7.50912, -3.92849, -9.99382, 0.40969, -0.95038]"
44,sub8,supLP120,3,sub8-a__0013__crossarms.npy,5,crossarms,5,0.9290356,1,"[1.29395, 1.23815, -5.62818, 5.24187, -2.36065, 7.98868, -6.32873, 3.20813, -1.50373, -4.76452, 0.16052, -1.55619, -0.651, -1.30969, 0.18645, -3.9946, -2.3806, -5.7927, -1.85306, -7.75317, -1.32415, -3.36837]"
44,sub8,supLP120,3,sub8-a__0015__crossarms.npy,5,crossarms,5,0.9847237,1,"[2.37373, 1.68874, -5.54776, 4.22843, -2.46811, 8.95859, -6.81409, 3.38303, -1.71268, -5.67988, -0.26618, -1.45812, -0.45254, -2.02974, 1.24049, -4.28995, -1.399, -6.13475, -0.93356, -7.94943, -1.51949, -4.23684]"
44,sub8,supLP120,3,sub8-a__0016__crossarms.npy,5,crossarms,5,0.9894503,1,"[2.42107, 3.53179, -4.76342, 3.49277, -3.5317, 9.12919, -5.7595, 1.84858, -0.82354, -5.5662, 0.26603, -1.10508, -0.49879, -3.43848, 2.28375, -5.32037, -1.81334, -4.98761, -0.24937, -5.45464, -2.31053, -4.52389]"
44,sub8,supLP120,3,sub8-a__0019__airpunch.npy,1,airpunch,1,0.9589499,1,"[5.34429, 12.6012, -4.1805, 1.25429, -7.44325, -0.99568, -5.57885, -1.56307, 9.42957, -3.21532, 1.01771, -3.21553, 2.2699, -6.06637, 3.42668, -6.67529, -4.21231, -8.96511, 0.36625, -4.74164, -7.96077, -0.44023]"
44,sub8,supLP120,3,sub8-a__0020__airpunch.npy,1,airpunch,1,0.972359,1,"[5.52003, 12.89764, -4.44223, 1.30429, -7.67793, -0.56439, -5.83036, -1.67613, 9.30905, -3.08121, 1.84764, -3.0105, 2.24773, -6.48693, 3.78545, -7.09416, -4.08049, -9.02611, -0.17414, -5.41744, -8.19939, -0.93533]"
44,sub8,supLP120,3,sub8-a__0022__airpunch.npy,1,airpunch,1,0.8048782,1,"[5.54737, 11.05267, -4.62134, 1.20744, -7.07662, -1.97881, -6.2036, -1.46181, 9.61425, -2.8907, 1.25168, -3.31946, 3.40362, -6.33064, 3.28892, -6.62774, -3.89775, -9.17004, -0.61262, -6.43026, -8.57885, 0.64982]"
44,sub8,supLP120,3,sub8-a__0023__drink.npy,7,drink,7,0.7823737,1,"[-0.81972, -2.56738, -6.76301, 9.3483, -5.22404, -0.1098, -9.42339, 10.63498, 1.79688, -0.00075, 3.70802, -2.80676, -1.06904, -2.44314, -6.3211, -7.13753, -4.07409, -9.38449, -3.40283, -11.0752, -4.9949, 3.47362]"
44,sub8,supLP120,3,sub8-a__0024__drink.npy,7,drink,7,0.95667464,1,"[-1.15395, -1.39727, -5.78085, 8.78954, -5.50808, 2.25966, -8.80517, 11.89035, 1.16187, -0.86405, 3.10842, -3.34011, -2.57849, -3.03313, -5.7434, -6.73392, -3.21018, -7.93158, -2.16635, -10.06245, -5.08178, 1.28349]"
44,sub8,supLP120,3,sub8-a__0025__drink.npy,7,drink,7,0.9907356,1,"[-1.26132, -1.09613, -5.39522, 7.54127, -5.95278, 2.16015, -8.4655, 12.24447, 2.01526, -0.89357, 3.45046, -3.68963, -2.78387, -4.0808, -6.19332, -5.98147, -2.40086, -7.60226, -3.32322, -9.2432, -6.6531, 2.32493]"
44,sub8,supLP120,3,sub8-a__0027__drink.npy,7,drink,7,0.98546994,1,"[-1.1585, -2.24556, -5.48118, 8.30058, -5.5018, 2.48611, -8.80874, 12.52895, 1.10344, -1.07544, 3.10503, -3.64895, -2.60754, -3.35071, -5.98706, -6.28877, -2.8159, -7.63072, -2.99818, -10.10986, -5.41058, 2.09234]"
44,sub8,supLP120,3,sub8-a__0028__brushteeth.npy,3,brushteeth,3,0.93128747,1,"[-2.36881, -3.41866, -5.54041, 11.70229, -3.97383, 1.3847, -8.9176, 9.08779, -0.42788, 0.20758, 4.1003, -3.20288, -1.13135, -1.37367, -5.32007, -5.84665, -4.96524, -7.16938, -3.51258, -9.57742, -3.8018, 1.04788]"
44,sub8,supLP120,3,sub8-a__0029__brushteeth.npy,3,brushteeth,7,0.82284015,0,"[-0.65507, -3.71277, -3.86693, 8.65445, -2.64293, 3.13095, -7.13395, 10.19545, -1.85694, -0.51767, -0.1256, -1.39192, -0.86553, 0.28085, -2.5571, -4.16143, -4.55163, -7.07364, -1.00236, -9.23413, 0.96464, -1.98255]"
44,sub8,supLP120,3,sub8-a__0030__brushteeth.npy,3,brushteeth,3,0.88423955,1,"[-2.351, -2.39893, -5.29437, 11.33939, -3.9415, 2.78861, -8.58923, 9.30161, -0.96661, -0.21125, 3.43916, -3.32123, -1.7631, -0.8653, -4.34689, -6.64102, -4.51338, -7.26181, -1.58052, -9.42068, -3.06448, -0.58561]"
44,sub8,supLP120,3,sub8-a__0031__brushteeth.npy,3,brushteeth,3,0.8542897,1,"[-2.17112, -2.30224, -5.68451, 11.92764, -5.42487, 1.67757, -9.78486, 10.15471, 0.77832, 0.17562, 4.58552, -3.47794, -1.91461, -3.5261, -5.39502, -6.06166, -4.08451, -7.34985, -4.24415, -9.70785, -6.46388, 1.04074]"
44,sub8,supLP120,3,sub8-a__0033__highfive.npy,8,highfive,8,0.95934606,1,"[3.18525, 7.71495, -3.88753, 1.00348, -8.32267, -2.14041, -8.1678, 0.48766, 10.95021, -1.1448, 3.24161, -4.64475, 3.09995, -7.67133, 1.24309, -7.5304, -4.24504, -9.10188, -1.24617, -6.83595, -10.95483, 4.52043]"
44,sub8,supLP120,3,sub8-a__0034__highfive.npy,8,highfive,8,0.9152439,1,"[2.50371, 4.14251, -4.3259, 3.01396, -6.4749, -3.94137, -8.86114, 1.29377, 9.85159, -1.73055, 2.92762, -4.374, 5.00113, -5.88476, -1.60561, -7.69465, -5.44684, -9.19308, -1.75646, -8.32549, -10.09779, 7.30745]"
44,sub8,supLP120,3,sub8-a__0035__highfive.npy,8,highfive,8,0.929932,1,"[3.37832, 4.74089, -4.34419, 2.09192, -7.12403, -4.68856, -8.36369, 1.24629, 10.41094, -1.60165, 3.24968, -4.51903, 4.38655, -6.47841, -1.22929, -7.12765, -5.43556, -9.46014, -1.90416, -7.99331, -10.22006, 7.71461]"
44,sub8,supLP120,3,sub8-a__0036__highfive.npy,8,highfive,8,0.9614672,1,"[3.68338, 7.67945, -5.12441, 1.57866, -7.58586, -3.32319, -7.49931, 0.19191, 11.01801, -1.96841, 2.83007, -3.79261, 4.58739, -7.10669, 0.63283, -7.20019, -4.63927, -9.70516, -1.96814, -7.73891, -9.91173, 4.75775]"
44,sub8,supLP120,3,sub8-a__0037__highfive.npy,8,highfive,8,0.92618585,1,"[3.02414, 4.73389, -4.20428, 1.96828, -7.05113, -5.02751, -8.14786, 0.97157, 10.8181, -1.18609, 3.43034, -4.57562, 4.19247, -6.47382, -1.81472, -6.9729, -5.44393, -9.44287, -1.69179, -7.60969, -10.05876, 8.22584]"
44,sub8,supLP120,3,sub8-a__0038__wave.npy,21,wave,21,0.9524214,1,"[4.11014, 0.07984, 0.24849, -2.98481, -8.8435, -4.23245, -7.66571, 2.99158, 10.04698, -0.23276, 3.02238, -5.41469, 1.60095, -6.60302, -1.22843, -7.46292, -3.65745, -7.8386, 0.85827, -4.62254, -9.44809, 13.04846]"
44,sub8,supLP120,3,sub8-a__0039__wave.npy,21,wave,21,0.99779737,1,"[2.97667, -1.08136, -1.04744, -1.83078, -8.11209, -5.66149, -7.22394, 4.46186, 9.00736, -0.47431, 2.85878, -5.24837, 2.0945, -5.93543, -4.04816, -7.3254, -3.46167, -8.20932, 0.08555, -6.30731, -9.46621, 15.13956]"
44,sub8,supLP120,3,sub8-a__0040__wave.npy,21,wave,21,0.99772257,1,"[2.60239, -1.4665, -4.53624, 1.11731, -6.65703, -6.42905, -8.06406, 5.4298, 7.99186, 0.28272, 2.95782, -4.71418, 1.8207, -4.4836, -5.29429, -7.48122, -3.57029, -10.73754, -1.86945, -8.98808, -9.14607, 14.16222]"
44,sub8,supLP120,3,sub8-a__0041__wave.npy,21,wave,21,0.99392784,1,"[2.06775, -0.11672, -4.64112, 1.15011, -6.99386, -6.45965, -7.39844, 5.12473, 8.18689, 0.33181, 2.86391, -4.76651, 1.65206, -4.46748, -5.45652, -7.84233, -3.38202, -10.66746, -1.05355, -9.1037, -9.0122, 13.34023]"
44,sub8,supLP120,3,sub8-a__0042__wave.npy,21,wave,21,0.9850332,1,"[2.46759, -0.65472, -5.75952, 1.36939, -6.83805, -5.98007, -8.15649, 5.90267, 7.9376, 0.78612, 3.23907, -4.26659, 1.4202, -4.86889, -5.06617, -7.83156, -3.16175, -11.42172, -2.01217, -9.74932, -9.46051, 12.26241]"
44,sub8,supLP120,3,sub8-a__0043__bow.npy,2,bow,2,0.9648945,1,"[0.62398, 2.95086, 11.86295, -7.49319, -10.20567, -2.63262, 1.26076, -0.46774, 2.9255, -4.07143, -0.67655, 8.00801, 7.56599, -8.01607, 3.95951, -4.49512, -2.08656, 0.59654, 1.44385, 4.81682, -8.29817, -1.49715]"
44,sub8,supLP120,3,sub8-a__0044__bow.npy,2,bow,2,0.98954284,1,"[1.8618, 1.6143, 12.82315, -7.08437, -10.07739, -3.12589, 0.418, -0.3491, 2.56386, -4.01831, -0.52342, 6.9127, 7.90919, -8.16735, 3.67705, -4.24763, -3.77557, 0.8462, 0.77239, 4.77044, -8.18115, -0.02719]"
44,sub8,supLP120,3,sub8-a__0046__bow.npy,2,bow,2,0.9419852,1,"[2.43323, 1.22743, 10.4361, -7.11733, -8.18452, -2.78411, 1.92015, -0.01492, 1.22701, -3.92805, -1.11525, 7.05693, 6.73826, -6.39674, 1.35914, -3.90033, -3.19995, -0.45284, 1.32796, 4.04634, -5.93825, 0.17799]"
44,sub8,supLP120,3,sub8-a__0047__bow.npy,2,bow,2,0.9914603,1,"[2.09665, -1.71349, 13.6218, -5.15687, -8.78337, -3.60625, 0.14871, -0.58381, 1.24934, -2.61342, -0.20262, 5.93314, 8.80515, -7.88693, 1.7557, -4.4047, -5.19383, 1.33285, -0.71112, 2.95387, -7.06982, 1.91348]"
44,sub8,supLP120,3,sub8-a__0048__crossarms.npy,5,crossarms,5,0.9982564,1,"[1.07936, 2.50885, -3.19577, 3.38953, -3.44716, 11.3334, -5.3925, 4.5441, -2.26692, -5.83813, -0.49614, -0.7335, -1.44305, -3.53017, 1.35895, -4.43986, -1.66103, -3.67857, 0.16797, -5.54775, -1.87244, -5.43658]"
44,sub8,supLP120,3,sub8-a__0050__crossarms.npy,5,crossarms,5,0.9970381,1,"[1.35506, 3.16211, -3.4809, 3.36581, -4.11946, 10.60523, -5.56542, 3.95748, -1.78423, -5.46245, 0.43792, -0.77158, -1.96827, -4.02532, 1.94941, -5.08332, -1.50329, -4.15364, 0.29474, -5.08487, -2.80693, -5.42523]"
44,sub8,supLP120,3,sub8-a__0051__crossarms.npy,5,crossarms,5,0.9974788,1,"[1.4913, 2.5384, -3.66456, 3.62346, -3.48901, 10.68118, -5.5913, 3.8257, -2.08855, -5.33229, 0.18336, -1.25428, -2.29624, -3.42592, 1.86938, -4.35194, -1.45368, -4.10668, -0.08418, -4.89164, -2.2648, -5.68528]"
44,sub8,supLP120,3,sub8-a__0052__crossarms.npy,5,crossarms,5,0.9988944,1,"[1.39768, 3.09246, -3.68654, 3.31478, -3.42223, 11.34821, -5.60392, 3.46524, -1.90002, -5.45268, 0.0379, -1.26053, -2.39769, -3.76589, 1.73636, -4.64033, -1.30734, -3.97197, -0.54829, -4.6909, -2.40184, -5.33597]"
44,sub8,supLP120,3,sub8-a__0053__airpunch.npy,1,airpunch,1,0.51384085,1,"[6.06971, 7.74961, -7.8904, 1.4877, -5.16599, -2.81477, -6.23593, 1.09026, 7.45926, -2.69733, -0.20757, -2.58024, 2.16538, -4.12684, 0.83763, -6.88857, -2.32379, -11.26557, 0.09722, -9.89113, -5.68048, 1.87826]"
44,sub8,supLP120,3,sub8-a__0054__airpunch.npy,1,airpunch,1,0.7102381,1,"[3.90865, 10.00472, -6.95359, 2.09167, -5.81795, -2.66336, -6.22968, 0.04086, 9.09888, -2.40177, 1.08469, -3.77203, 2.51504, -5.30401, 1.16159, -5.95511, -3.43638, -10.08899, -0.8225, -8.08541, -8.70559, 1.68028]"
44,sub8,supLP120,3,sub8-a__0055__airpunch.npy,1,airpunch,1,0.9381635,1,"[4.9668, 12.1687, -6.3452, 1.41436, -7.50949, -1.42836, -5.85238, -0.73102, 9.43472, -2.95906, 1.66703, -3.36792, 2.11771, -6.43773, 2.97493, -6.64068, -3.42485, -9.8974, -0.79116, -7.0756, -9.13629, 0.15681]"
44,sub8,supLP120,3,sub8-a__0056__airpunch.npy,1,airpunch,1,0.93903154,1,"[5.11405, 11.51309, -6.79211, 1.42518, -6.6932, -1.3383, -5.82038, -0.91186, 8.74413, -2.872, 1.16466, -3.42511, 2.44291, -6.08479, 3.48806, -6.27753, -3.21214, -9.66863, -0.89996, -7.68129, -8.66298, -0.13729]"
44,sub8,supLP120,3,sub8-a__0057__airpunch.npy,1,airpunch,1,0.9325443,1,"[5.90657, 11.54989, -6.31406, 1.58026, -6.99986, -1.136, -5.99982, -1.28365, 8.86351, -3.02003, 1.16986, -3.52732, 2.40963, -5.85682, 3.87487, -6.46563, -3.37824, -9.64507, -0.9971, -7.33182, -8.30327, -0.37731]"
44,sub8,supLP120,3,sub8-a__0058__drink.npy,7,drink,7,0.9860389,1,"[0.18024, -1.53459, -6.65656, 7.38423, -6.13012, 1.32302, -9.1143, 11.65858, 1.18038, -0.89927, 2.54911, -2.3981, -2.13321, -3.24586, -4.69552, -7.0207, -1.92636, -9.75888, -2.07211, -11.38696, -5.50193, 1.67294]"
44,sub8,supLP120,3,sub8-a__0059__drink.npy,7,drink,7,0.99453425,1,"[-0.90973, -3.14062, -5.59439, 7.44539, -5.55205, 0.98181, -8.31851, 12.71674, 1.63419, -0.57164, 3.13277, -3.62477, -2.21904, -2.79478, -6.83813, -6.29647, -2.63345, -8.54336, -3.34071, -10.24761, -5.46887, 4.47346]"
44,sub8,supLP120,3,sub8-a__0060__drink.npy,7,drink,7,0.7598422,1,"[-1.25438, -0.52114, -6.42313, 9.82995, -6.08788, 2.95873, -9.42228, 10.98859, 1.05305, -0.56206, 4.63161, -3.12915, -2.91804, -4.48171, -4.70556, -6.82269, -3.31872, -7.82436, -3.04097, -10.24006, -6.67514, -0.19897]"
44,sub8,supLP120,3,sub8-a__0061__drink.npy,7,drink,7,0.9609221,1,"[-1.39225, -0.37341, -5.86067, 9.08092, -6.07873, 3.70183, -8.91792, 12.29471, 1.02172, -1.11269, 4.01845, -3.60497, -3.81235, -4.47848, -4.87997, -6.55322, -2.80642, -7.04659, -2.16524, -9.96396, -6.27064, -0.21307]"
44,sub8,supLP120,3,sub8-a__0063__brushteeth.npy,3,brushteeth,3,0.98034096,1,"[-2.27072, -1.09603, -5.33207, 10.27182, -2.29303, 3.00693, -7.59402, 6.31144, -0.62071, -0.5559, 1.46428, -1.63078, -0.24017, -0.02561, -2.6657, -4.96829, -4.85007, -7.21501, -2.2081, -9.133, -0.87355, -2.7645]"
44,sub8,supLP120,3,sub8-a__0065__brushteeth.npy,3,brushteeth,3,0.82191676,1,"[-0.98238, -2.29366, -5.66358, 9.541, -2.6285, 3.36121, -8.32913, 7.99951, -1.59383, -1.4596, 1.29417, -2.17691, -0.92614, -0.05757, -1.52956, -5.74538, -4.24038, -7.83584, -0.26313, -9.88214, -1.17311, -2.86125]"
44,sub8,supLP120,3,sub8-a__0066__brushteeth.npy,3,brushteeth,3,0.8047549,1,"[-1.4131, -0.06067, -6.05616, 10.47982, -5.55211, 3.5631, -9.10376, 9.05087, -0.36432, -0.60525, 4.25537, -2.86524, -2.64209, -3.71346, -2.78844, -7.04895, -3.31209, -7.32693, -1.80089, -9.45277, -5.65511, -2.47935]"
44,sub8,supLP120,3,sub8-a__0067__brushteeth.npy,3,brushteeth,3,0.8016822,1,"[-2.00701, -0.05533, -6.18438, 11.03901, -6.21547, 3.1746, -9.22072, 9.62148, 0.70549, -0.22699, 5.65934, -3.20559, -2.76611, -4.61721, -4.13739, -7.27985, -3.8271, -7.02904, -2.89529, -9.79351, -6.95732, -1.03122]"
44,sub8,supLP120,3,sub8-a__0068__highfive.npy,8,highfive,8,0.94728816,1,"[3.779, 8.13559, -4.15531, 0.97147, -8.1761, -2.92257, -7.75434, 0.19199, 11.08578, -1.34298, 3.20578, -4.83089, 2.99067, -7.22197, 1.12286, -7.33216, -4.75107, -9.32012, -0.64334, -6.93115, -10.52043, 4.78839]"
44,sub8,supLP120,3,sub8-a__0070__highfive.npy,8,highfive,8,0.9440415,1,"[3.18648, 5.01565, -3.30151, 1.35441, -7.51426, -4.19368, -8.14979, 0.97403, 10.63051, -1.43235, 3.22545, -5.15968, 3.58304, -6.36834, -0.7981, -7.0591, -5.34103, -8.95336, -0.91566, -6.86841, -10.73304, 7.70026]"
44,sub8,supLP120,3,sub8-a__0071__highfive.npy,8,highfive,8,0.96740884,1,"[3.78155, 7.38419, -3.94221, 0.6362, -8.0037, -3.56038, -7.42722, 0.18674, 11.03766, -1.02638, 3.35922, -5.09836, 2.8119, -7.05596, 1.00287, -6.7168, -4.82124, -9.05943, -1.04136, -6.70916, -10.68347, 5.96182]"
44,sub8,supLP120,3,sub8-a__0072__highfive.npy,8,highfive,8,0.96418476,1,"[3.35309, 6.29646, -4.36419, 1.76318, -7.4768, -3.64514, -8.07557, 0.90804, 10.30603, -1.67576, 2.94187, -4.85126, 3.41434, -6.46039, -0.0909, -7.15345, -5.03003, -9.37607, -1.11067, -7.713, -10.63175, 6.17531]"
44,sub8,supLP120,3,sub8-a__0073__wave.npy,21,wave,21,0.9932111,1,"[4.36844, -1.11281, -0.26184, -1.2263, -8.15354, -6.32834, -7.8018, 3.60675, 9.35693, -1.27898, 2.83403, -4.97671, 2.90984, -5.74291, -3.91241, -7.38797, -4.65118, -8.32006, 0.44643, -5.70586, -8.77371, 14.35583]"
44,sub8,supLP120,3,sub8-a__0074__wave.npy,21,wave,21,0.99833727,1,"[3.11848, -1.31996, -1.54926, -0.38388, -7.47991, -6.53492, -7.92988, 4.05683, 8.93382, -0.65514, 3.03308, -5.25519, 2.46351, -5.3429, -4.53118, -7.19237, -4.12088, -8.81735, -0.59152, -7.01823, -9.65437, 15.34649]"
44,sub8,supLP120,3,sub8-a__0075__wave.npy,21,wave,21,0.9466113,1,"[2.7647, 0.77669, -4.60362, 1.51913, -6.99242, -5.65265, -8.49708, 4.42405, 9.0499, -0.50011, 2.57885, -4.86715, 2.50562, -5.27284, -4.14141, -7.86725, -3.82689, -10.39076, -1.39565, -8.8013, -10.13011, 11.94061]"
44,sub8,supLP120,3,sub8-a__0076__wave.npy,21,wave,21,0.99037373,1,"[3.36266, -0.40537, -2.89822, -0.19445, -7.75342, -6.57758, -7.999, 4.70406, 9.47821, -0.19315, 3.0394, -4.99446, 2.13475, -5.58379, -4.85566, -7.64963, -3.88627, -9.98299, -0.54064, -7.83188, -9.68834, 14.12484]"
44,sub8,supLP120,3,sub8-a__0080__bow.npy,2,bow,2,0.99380434,1,"[2.2547, -1.51315, 14.16002, -3.81534, -9.9185, -3.30847, -2.42922, 0.55077, 2.40779, -2.73424, 0.15039, 4.88762, 9.05857, -8.96941, 3.24152, -5.26176, -5.75271, 1.37901, -0.87215, 2.36526, -9.13366, 2.23345]"
44,sub8,supLP120,3,sub8-a__0081__bow.npy,2,bow,2,0.9926178,1,"[0.9972, 1.01441, 13.1716, -6.2603, -9.48755, -2.27521, 0.80355, 0.41036, 1.8463, -3.82563, -0.34405, 6.80812, 7.97955, -7.8052, 2.66697, -4.19872, -4.13687, 1.6306, 0.34979, 3.73438, -8.43978, 0.23195]"
44,sub8,supLP120,3,sub8-a__0082__bow.npy,2,bow,2,0.9962069,1,"[0.99206, -1.44808, 14.48329, -3.72741, -9.0247, -3.24652, -0.81185, 0.2114, 1.21935, -2.56839, -0.22201, 5.92799, 8.85466, -8.0739, 1.89354, -4.66579, -5.17152, 2.10008, -1.06096, 2.48904, -7.93526, 1.82713]"
44,sub8,supLP120,3,sub8-a__0083__crossarms.npy,5,crossarms,5,0.9982993,1,"[0.98135, 4.1765, -4.65243, 3.54226, -4.15977, 11.27351, -5.93699, 3.18859, -1.28994, -4.82704, 0.94532, -1.2171, -2.15114, -4.27336, 1.22394, -5.45018, -0.84593, -4.92164, -1.18348, -5.56384, -3.86363, -4.64976]"
44,sub8,supLP120,3,sub8-a__0084__crossarms.npy,5,crossarms,5,0.9993717,1,"[0.62265, 3.41507, -3.49178, 3.59644, -3.76449, 12.46162, -5.69594, 4.48275, -1.9708, -4.91068, 0.70724, -1.62325, -3.54444, -3.88077, 0.57, -4.59508, -1.36778, -4.06471, -0.65931, -4.35109, -2.83701, -5.50268]"
44,sub8,supLP120,3,sub8-a__0085__crossarms.npy,5,crossarms,5,0.99915004,1,"[0.38917, 3.80542, -3.246, 3.65907, -3.77847, 12.0539, -5.38917, 3.99409, -1.79825, -4.66321, 0.83186, -1.45296, -3.47576, -3.84738, 1.01842, -4.78717, -1.49129, -3.63364, -0.44346, -3.82264, -2.67641, -5.87065]"
44,sub8,supLP120,3,sub8-a__0086__crossarms.npy,5,crossarms,5,0.9996656,1,"[0.68282, 4.61218, -3.14523, 2.9449, -4.1369, 13.37893, -5.62265, 4.49204, -1.5869, -4.62967, 0.96842, -1.46943, -4.25558, -4.34816, 0.20256, -5.07609, -1.20685, -4.03159, -0.96911, -3.60374, -3.32134, -5.4079]"
44,sub8,supLP120,3,sub8-a__0087__crossarms.npy,5,crossarms,5,0.9992685,1,"[0.56845, 4.74983, -2.96742, 2.88127, -3.9329, 12.41486, -5.19507, 3.60997, -1.63841, -4.34895, 1.23611, -1.26559, -3.96068, -4.17746, 1.12829, -4.93104, -1.58559, -3.14043, -0.26997, -3.09172, -2.97642, -5.9942]"
44,sub8,supLP120,3,sub8-a__0088__airpunch.npy,1,airpunch,8,0.7897575,0,"[4.66232, 5.93296, -6.64665, 2.23475, -5.26702, -4.19946, -5.57051, 1.4443, 7.64016, -0.7701, 0.27603, -2.91519, 1.58824, -3.53349, -0.89514, -7.20553, -3.57595, -11.25551, 1.71872, -9.59416, -4.37804, 3.78852]"
44,sub8,supLP120,3,sub8-a__0090__airpunch.npy,1,airpunch,1,0.96994287,1,"[5.4919, 12.28003, -6.23217, 0.16892, -7.32288, -1.43671, -5.17269, -1.24154, 8.75043, -1.7627, 1.57746, -3.9063, 0.40362, -6.38914, 4.673, -5.95446, -3.02104, -9.59591, 0.07408, -6.28243, -8.90288, -0.0583]"
44,sub8,supLP120,3,sub8-a__0091__airpunch.npy,1,airpunch,1,0.97863024,1,"[6.06721, 12.45227, -5.9702, -0.03666, -7.2551, -1.96867, -4.85684, -1.48825, 8.52644, -1.72476, 1.44779, -3.83237, -0.0067, -6.20263, 4.59002, -5.65693, -2.98212, -9.51427, 0.70808, -5.94937, -8.51295, 0.06258]"
44,sub8,supLP120,3,sub8-a__0093__drink.npy,7,drink,7,0.9922913,1,"[-2.44688, -3.32543, -4.77326, 7.96701, -6.16997, -0.37587, -7.75189, 13.33926, 2.78148, 0.6119, 3.94079, -4.30309, -2.67448, -2.67491, -8.5784, -6.56099, -2.74939, -8.19797, -2.11381, -9.6971, -6.3353, 7.53389]"
44,sub8,supLP120,3,sub8-a__0094__drink.npy,7,drink,7,0.9565773,1,"[-1.06189, -0.59259, -6.76879, 8.33857, -6.4946, 1.51182, -9.12169, 11.47033, 2.24059, -0.2068, 4.90812, -3.63312, -3.03334, -4.19549, -6.16428, -7.10621, -3.04549, -8.72748, -2.78471, -10.90439, -7.05782, 2.81838]"
44,sub8,supLP120,3,sub8-a__0095__drink.npy,7,drink,7,0.99042785,1,"[-1.82687, -2.21304, -5.43381, 8.71995, -6.06224, 2.26388, -8.45264, 13.37288, 1.53051, -0.41165, 3.64532, -4.16448, -3.37037, -3.47858, -6.44286, -6.89071, -2.48986, -7.67232, -1.61361, -10.32391, -6.04332, 3.41073]"
44,sub8,supLP120,3,sub8-a__0096__drink.npy,7,drink,7,0.9916136,1,"[-1.57546, -1.36543, -5.18681, 8.52456, -6.41943, 2.75178, -8.43231, 13.31714, 1.9265, -0.78618, 4.05139, -4.33627, -3.60071, -4.14874, -6.32312, -6.60984, -2.6629, -7.11763, -1.66408, -10.08823, -6.51108, 2.9857]"
44,sub8,supLP120,3,sub8-a__0097__drink.npy,7,drink,7,0.89271957,1,"[-1.25007, 0.18949, -6.47878, 9.37342, -6.15777, 3.97801, -9.0373, 11.50465, 0.78377, -1.09353, 4.48599, -3.41591, -3.74978, -4.68669, -4.07914, -7.04853, -3.06804, -7.28135, -1.64813, -10.58967, -6.23898, -1.05155]"
44,sub8,supLP120,3,sub8-a__0098__brushteeth.npy,3,brushteeth,3,0.8201645,1,"[-1.12269, 1.60243, -5.78136, 9.80849, -6.77325, 3.13332, -8.56168, 6.88055, 1.04848, -0.10725, 8.00038, -2.82606, -1.63125, -4.35468, -3.25327, -8.75013, -5.15119, -7.09516, -1.90364, -9.84858, -6.74107, -1.60903]"
44,sub8,supLP120,3,sub8-a__0100__brushteeth.npy,3,brushteeth,3,0.958457,1,"[-0.09709, -0.37649, -6.36188, 10.2151, -5.38679, 2.3588, -9.01266, 6.66418, 0.20727, -0.52031, 5.95332, -2.56428, -1.02753, -2.77465, -2.6702, -7.62336, -5.18898, -7.83542, -1.91607, -9.87716, -5.4804, -1.41536]"
44,sub8,supLP120,3,sub8-a__0101__brushteeth.npy,3,brushteeth,3,0.82875544,1,"[-1.48179, -0.89492, -6.02791, 10.94429, -5.44541, 3.33573, -9.10625, 9.35955, -0.19312, -0.98948, 4.11856, -2.59795, -1.53907, -3.30199, -2.97282, -7.25548, -4.23063, -7.29129, -1.59612, -10.27021, -5.18596, -1.83348]"
44,sub8,supLP120,3,sub8-a__0102__brushteeth.npy,3,brushteeth,3,0.89504224,1,"[-0.73185, 0.88685, -6.47819, 10.08691, -6.61178, 3.14893, -8.99971, 7.5036, 1.1396, -0.46851, 6.87963, -2.63896, -1.51646, -4.47893, -2.94819, -8.29573, -4.8225, -7.57301, -2.24666, -10.26025, -6.63299, -1.53933]"
44,sub8,supLP120,3,sub8-a__0103__highfive.npy,8,highfive,8,0.9308503,1,"[3.44963, 7.91597, -4.64067, 1.83248, -7.66956, -2.3752, -8.10028, -0.00977, 10.57045, -1.41391, 3.11578, -5.06036, 3.44595, -7.08424, 1.23549, -7.24732, -4.86462, -9.13413, -1.1889, -7.48772, -10.417, 4.04637]"
44,sub8,supLP120,3,sub8-a__0104__highfive.npy,8,highfive,8,0.9709843,1,"[3.59911, 5.8138, -4.56054, 1.84591, -7.47355, -4.12777, -8.32983, 0.90501, 10.6661, -1.18719, 3.02817, -4.93777, 3.74939, -6.68994, -0.41879, -7.39453, -5.06998, -9.62403, -1.40239, -7.98155, -10.473, 6.72938]"
44,sub8,supLP120,3,sub8-a__0107__highfive.npy,8,highfive,8,0.8884339,1,"[3.10418, 8.92107, -3.50789, 0.40581, -7.94726, -2.14797, -7.53363, -0.25733, 11.01274, -0.81441, 3.21894, -5.16907, 2.19115, -7.18947, 1.75758, -6.9964, -4.41005, -8.75476, -0.66987, -6.04534, -10.51167, 4.12206]"
44,sub8,supLP120,3,sub8-a__0108__wave.npy,21,wave,21,0.99226534,1,"[3.55312, -1.41806, -2.87673, -0.22504, -8.67509, -5.76208, -8.28854, 6.09632, 9.5585, 1.16702, 4.40864, -5.47364, 0.40267, -5.28982, -5.64277, -8.33939, -3.42064, -10.54003, 0.87492, -7.85773, -8.37459, 14.45219]"
44,sub8,supLP120,3,sub8-a__0109__wave.npy,21,wave,21,0.9858781,1,"[2.74317, -0.90922, -4.46918, 2.00555, -8.17219, -5.24587, -8.97796, 6.55028, 8.56639, 1.29291, 5.04437, -5.35379, 0.11176, -4.93565, -6.16674, -8.32668, -3.72291, -11.11757, -1.04705, -8.96209, -9.13795, 12.96761]"
44,sub8,supLP120,3,sub8-a__0110__wave.npy,21,wave,21,0.8568676,1,"[3.02108, 1.06564, -5.88463, 2.08735, -8.27809, -4.19232, -8.66886, 6.55222, 8.32088, 0.96159, 4.6372, -4.69498, -0.15443, -5.41263, -5.2667, -8.65179, -3.25735, -11.63768, -1.40002, -9.6813, -9.20671, 10.29628]"
44,sub8,supLP120,3,sub8-a__0112__wave.npy,21,wave,8,0.5228534,0,"[2.8537, 3.14363, -7.25331, 3.60745, -8.27133, -2.28051, -9.14093, 6.25097, 7.41754, 0.90076, 5.45686, -4.28511, -1.09263, -5.88168, -4.33114, -8.60636, -3.12767, -11.72844, -2.57934, -10.13484, -9.43178, 6.53095]"
44,sub8,supLP120,3,sub8-a__0113__bow.npy,2,bow,2,0.99836427,1,"[1.52754, -0.08218, 15.26052, -4.56097, -10.32703, -2.9884, -2.4544, 0.15311, 3.22214, -2.81875, 0.1598, 4.84195, 8.81113, -8.68093, 3.89244, -4.8481, -5.23517, 2.07255, -0.51184, 3.08392, -9.71547, 0.91729]"
44,sub8,supLP120,3,sub8-a__0114__bow.npy,2,bow,2,0.9987595,1,"[1.02486, 0.25785, 15.11752, -4.93852, -10.27382, -3.07809, -1.5102, 0.32221, 2.90591, -2.84536, -0.07313, 5.40792, 8.35256, -8.57904, 3.60833, -4.65789, -4.83443, 2.03297, -0.39018, 3.37196, -9.36253, 1.06264]"
44,sub8,supLP120,3,sub8-a__0115__bow.npy,2,bow,2,0.9977533,1,"[1.20748, -0.53286, 14.65715, -3.8511, -9.36244, -3.36988, -1.88822, 0.23415, 2.12634, -2.5229, 0.01735, 5.47824, 8.50406, -8.13064, 2.44045, -4.5888, -4.97233, 1.56175, -1.08753, 2.69365, -8.69092, 1.38903]"
44,sub8,supLP120,3,sub8-a__0116__bow.npy,2,bow,2,0.9972867,1,"[1.33959, -1.03948, 14.83003, -4.14132, -9.47477, -3.4991, -1.25282, 0.2614, 1.84872, -2.5918, -0.0461, 5.66153, 8.87738, -8.33582, 2.62679, -4.56415, -5.19474, 1.84755, -0.85867, 2.31959, -8.66819, 1.49767]"
44,sub8,supLP120,3,sub8-a__0117__bow.npy,2,bow,2,0.9950722,1,"[1.10587, -1.69683, 14.73141, -2.89423, -9.2986, -3.45865, -2.77412, 0.22829, 2.01783, -2.10948, 0.28142, 5.07582, 9.40695, -8.50366, 2.5775, -5.05837, -5.39921, 1.82662, -1.6676, 1.65627, -9.02818, 1.54053]"
44,sub8,supLP120,3,sub8-a__0118__bow.npy,2,bow,2,0.9923941,1,"[0.57066, 1.67583, 13.27342, -6.70819, -9.55757, -2.75116, 1.6511, 0.05392, 2.05182, -3.80263, -0.46263, 7.53854, 7.81422, -7.52711, 2.17119, -3.85685, -3.64843, 1.43946, 0.48343, 4.17195, -7.98965, -0.05141]"
44,sub8,supLP120,3,sub8-a__0120__crossarms.npy,5,crossarms,5,0.999342,1,"[1.09602, 2.2544, -3.60433, 3.92347, -3.30125, 12.48908, -6.00913, 4.67146, -2.3394, -5.1404, 0.06563, -1.73057, -3.1972, -3.67199, 0.94451, -4.10286, -1.05642, -3.98352, -1.39609, -4.99744, -2.28717, -5.38626]"
44,sub8,supLP120,3,sub8-a__0121__crossarms.npy,5,crossarms,5,0.9991505,1,"[1.12797, 2.25583, -3.6661, 3.69388, -3.42836, 12.21366, -5.91242, 4.72879, -2.21419, -5.54562, -0.24278, -1.62765, -2.53867, -3.6728, 1.13142, -4.38771, -1.0455, -4.08963, -0.72439, -5.46301, -2.31001, -5.0671]"
44,sub8,supLP120,3,sub8-a__0122__crossarms.npy,5,crossarms,5,0.99932456,1,"[0.99945, 3.32833, -3.90453, 3.81095, -3.13633, 12.09742, -5.82917, 3.6706, -2.20684, -4.61124, 1.0711, -1.80931, -3.98378, -3.38106, 0.78768, -4.29577, -1.35471, -3.99205, -1.24198, -4.33, -2.56932, -5.84309]"
44,sub8,supLP120,3,sub8-a__0123__crossarms.npy,5,crossarms,5,0.9994037,1,"[1.44509, 3.60726, -3.91496, 3.32446, -3.2559, 12.14359, -5.72552, 3.62019, -2.2032, -4.75922, 0.84919, -1.64543, -3.91417, -3.32594, 0.82849, -4.63623, -1.24822, -4.27134, -0.90031, -4.52011, -2.6182, -5.59114]"
44,sub8,supLP120,3,sub8-a__0124__airpunch.npy,1,airpunch,1,0.8913348,1,"[6.1525, 10.12782, -6.14456, 1.02812, -6.51492, -2.53557, -5.35195, -1.20785, 7.83962, -0.75583, 1.84593, -4.32685, 0.66988, -5.32976, 3.23714, -6.18045, -3.86272, -9.78755, 0.14888, -7.70725, -7.48524, 1.31328]"
44,sub8,supLP120,3,sub8-a__0125__airpunch.npy,1,airpunch,1,0.7963961,1,"[4.67171, 9.60294, -7.13499, 2.93173, -5.95109, -2.23145, -6.33267, -0.3314, 8.19913, -2.12505, 1.63949, -3.95431, 1.98948, -5.14078, 1.53511, -6.37134, -4.0059, -9.9538, -1.35195, -8.26444, -8.22712, 1.39388]"
44,sub8,supLP120,3,sub8-a__0126__airpunch.npy,1,airpunch,1,0.9833694,1,"[5.65853, 12.22918, -7.13432, 1.62558, -7.30673, -1.61067, -5.60931, 0.07169, 8.05579, -2.32992, 0.98718, -3.87813, -0.224, -5.72245, 2.25615, -6.54044, -2.74403, -10.80179, 0.62764, -7.56027, -8.51714, 0.25499]"
44,sub8,supLP120,3,sub8-a__0127__airpunch.npy,1,airpunch,1,0.96199304,1,"[5.96812, 11.42914, -7.32769, 1.72212, -6.43487, -1.50413, -5.44025, -0.62903, 8.07307, -2.5539, 0.4063, -3.81261, 1.00692, -5.38584, 3.11924, -6.47173, -2.89994, -10.19058, -0.16411, -7.74377, -7.77669, 0.32844]"
44,sub8,supLP120,3,sub8-a__0128__airpunch.npy,1,airpunch,1,0.7919618,1,"[4.75949, 10.12995, -6.92018, 2.50093, -7.17756, -2.40028, -6.3797, 1.39055, 8.76978, -2.06892, 0.82935, -4.06289, 0.56115, -5.51484, -0.13735, -6.79584, -2.95148, -11.06327, 0.04995, -8.12293, -8.66354, 2.57336]"
44,sub8,supLP120,3,sub8-a__0129__airpunch.npy,1,airpunch,1,0.9377103,1,"[6.0939, 10.60844, -7.10188, 1.72334, -6.60993, -1.65773, -6.05067, -0.35519, 7.70066, -1.48568, 0.74306, -4.26715, 0.13713, -5.40509, 3.12887, -6.59838, -3.27573, -10.51314, -0.04859, -7.79903, -7.75575, 0.62186]"
44,sub8,supLP120,3,sub8-a__0131__drink.npy,7,drink,7,0.9348282,1,"[-1.92358, -1.84688, -6.03235, 9.27682, -5.68059, 1.20646, -8.91264, 11.94923, 1.49435, -0.07862, 3.92368, -3.57777, -2.43908, -2.73938, -6.78666, -7.08604, -3.06439, -8.70737, -2.85575, -10.39365, -6.16155, 3.62436]"
44,sub8,supLP120,3,sub8-a__0132__drink.npy,7,drink,7,0.96287906,1,"[-1.52733, -1.16081, -5.80964, 9.19036, -6.21361, 2.11809, -8.75691, 12.45671, 1.90272, -0.36079, 4.1935, -4.14097, -3.66405, -3.88855, -6.59317, -6.93836, -2.74145, -7.78135, -2.22374, -10.15028, -6.41204, 3.08057]"
44,sub8,supLP120,3,sub8-a__0133__drink.npy,7,drink,7,0.8907242,1,"[-1.72317, -0.7803, -5.64092, 9.9386, -5.8109, 3.12829, -8.72773, 12.04091, 1.08791, -0.57122, 4.03268, -3.92148, -3.77517, -4.03465, -5.567, -6.80699, -2.90986, -7.08624, -1.97816, -9.89349, -6.05621, 0.89664]"
44,sub8,supLP120,3,sub8-a__0134__drink.npy,7,drink,7,0.9851827,1,"[-1.52711, -1.48278, -5.53508, 8.96354, -6.11573, 2.65474, -8.59812, 13.16891, 1.50413, -0.63073, 3.53493, -3.89376, -3.55382, -3.83841, -6.14725, -6.95962, -2.3959, -7.70659, -1.73294, -10.31075, -6.02662, 2.40332]"
44,sub8,supLP120,3,sub8-a__0135__brushteeth.npy,3,brushteeth,3,0.9731154,1,"[-1.20239, -1.14923, -6.15889, 11.05047, -4.88107, 1.54466, -9.01831, 7.26219, 0.04067, -0.25937, 5.72297, -2.85266, -0.93468, -1.82971, -3.88721, -7.30168, -5.23737, -8.03134, -2.24608, -10.19086, -5.02163, -0.30028]"
44,sub8,supLP120,3,sub8-a__0136__brushteeth.npy,3,brushteeth,3,0.9894047,1,"[-0.93456, -1.75828, -6.00147, 10.91693, -3.58562, 1.56809, -8.68503, 6.23593, -0.3944, -0.33978, 4.24892, -2.41814, -0.02271, -0.25804, -2.76656, -6.82116, -5.37381, -8.09047, -1.84766, -9.91792, -3.29386, -0.95321]"
44,sub8,supLP120,3,sub8-a__0138__brushteeth.npy,3,brushteeth,3,0.9813229,1,"[-0.01956, -1.63031, -7.09386, 10.80805, -4.67647, 1.62015, -9.65814, 6.71863, -0.01529, 0.11702, 4.63843, -2.28619, -0.8223, -2.19323, -2.22212, -6.94929, -4.45591, -8.94977, -2.80557, -10.57641, -5.11791, -1.25834]"
44,sub8,supLP120,3,sub8-a__0139__brushteeth.npy,3,brushteeth,3,0.9698901,1,"[-0.14683, -0.50928, -6.92802, 10.55369, -5.4652, 1.72422, -9.30097, 6.72625, 0.52829, -0.33814, 5.8433, -2.20177, -0.56156, -2.90656, -2.7628, -7.69778, -4.98005, -8.49595, -2.58339, -10.52625, -5.92885, -1.25101]"
44,sub8,supLP120,3,sub8-a__0140__highfive.npy,8,highfive,8,0.96356446,1,"[4.03382, 6.12984, -5.42043, 2.43756, -6.79835, -3.84208, -7.91196, 1.16524, 10.4451, -1.88201, 2.42445, -5.10938, 3.16946, -5.93911, -0.9913, -6.98762, -5.08448, -9.89263, -0.93518, -7.85008, -9.57409, 6.59756]"
44,sub8,supLP120,3,sub8-a__0141__highfive.npy,8,highfive,8,0.9648237,1,"[3.97227, 6.13118, -5.30556, 1.89737, -7.77888, -4.2317, -8.02954, 1.90442, 10.72603, -0.98392, 2.98421, -4.7298, 2.45685, -6.58726, -1.13839, -7.41285, -4.66101, -10.49618, -1.35663, -8.08982, -10.23451, 7.00389]"
44,sub8,supLP120,3,sub8-a__0142__highfive.npy,8,highfive,8,0.9534995,1,"[3.84552, 7.78301, -5.06937, 2.44248, -8.16737, -3.25839, -8.12206, 1.2263, 10.90909, -1.36403, 3.4713, -4.62497, 2.69882, -6.82812, -0.74975, -7.52321, -4.95943, -10.18798, -1.3839, -7.70275, -10.05727, 5.05606]"
44,sub8,supLP120,3,sub8-a__0143__highfive.npy,8,highfive,8,0.9599084,1,"[3.65575, 8.14515, -4.14087, 1.64595, -8.1847, -3.40794, -7.94492, 0.56522, 11.41134, -1.55507, 3.39658, -5.04193, 2.95709, -6.9784, -0.50412, -7.1766, -5.08134, -9.5944, -0.42839, -6.90381, -10.33602, 5.43916]"
44,sub8,supLP120,3,sub8-a__0144__highfive.npy,8,highfive,8,0.93236977,1,"[3.72428, 8.30918, -4.6883, 1.97408, -7.68569, -2.95772, -7.85612, 0.08911, 10.9746, -1.77996, 2.91684, -4.83183, 3.66725, -6.70596, 0.4772, -7.1137, -4.90952, -9.57774, -0.96865, -7.36979, -10.11088, 4.15188]"
44,sub8,supLP120,3,sub8-b1__0001__walk.npy,20,walk,20,0.9978265,1,"[5.87883, -3.5758, -4.28201, 1.49649, 3.80987, -2.05973, -2.87264, -1.73721, -1.90871, -2.7534, -4.16182, -2.16853, 0.44899, 2.36497, 1.26792, -3.6047, -7.34192, -8.31022, 1.80769, -8.94772, 12.19407, -0.2123]"
44,sub8,supLP120,3,sub8-b1__0002__turnaround.npy,19,turnaround,19,0.9998733,1,"[-0.05075, 5.08482, 6.97196, -1.84192, -3.32751, -0.05642, -0.04294, -4.65151, 1.9968, -1.00286, 1.44154, 1.02392, -2.61374, -1.97602, -1.63205, 2.4944, -2.69886, 4.01084, -3.29583, 16.15622, 0.80205, 0.05819]"
44,sub8,supLP120,3,sub8-b1__0003__walk.npy,20,walk,20,0.99999857,1,"[3.67081, -1.69928, -0.06014, 0.53003, 1.05403, 0.8398, 2.85958, -2.12314, -2.73995, -2.20298, -2.85074, 0.41022, -3.07919, 2.38095, -3.09606, -2.24437, -2.92685, -6.09884, 0.62621, -2.75666, 17.75193, 0.8036]"
44,sub8,supLP120,3,sub8-b1__0004__turnaround.npy,19,turnaround,19,0.9999989,1,"[7.53632, 5.08846, 5.67024, -1.89594, -2.06003, -0.0903, 3.47825, -4.37762, -1.21739, -0.46596, -6.47587, -1.93314, -5.85894, -0.67407, 4.28433, 4.71595, -2.17626, 2.52841, 3.04967, 21.67362, 4.11752, -6.75999]"
44,sub8,supLP120,3,sub8-b1__0005__walk.npy,20,walk,20,0.99557793,1,"[5.95353, -2.98738, -4.69015, 1.29453, 3.85391, -1.74325, -3.11098, -1.68059, -2.00504, -2.92912, -4.95075, -2.01698, 0.63238, 2.06967, 2.08806, -3.10154, -6.35886, -8.41727, 1.31579, -9.46078, 11.54574, -0.51551]"
44,sub8,supLP120,3,sub8-b1__0006__turnaround.npy,19,turnaround,19,0.9999361,1,"[0.33754, 4.48811, 4.78891, -3.28546, -1.36462, 1.83115, 1.69737, -3.54985, -0.62343, -2.23644, -1.73144, 2.14114, -2.24184, -2.2403, -1.49744, 3.85196, -1.25672, 4.33034, -0.83442, 15.57118, 2.62486, -0.55665]"
44,sub8,supLP120,3,sub8-b1__0007__walk.npy,20,walk,20,0.9999925,1,"[5.0743, -1.90305, -0.64585, 0.73692, 1.36604, 0.30041, 1.58666, -1.98269, -3.06383, -1.58186, -3.21884, 0.39315, -3.3494, 2.76275, -2.5917, -1.38804, -3.08043, -6.688, 0.45321, -4.11866, 17.06657, 0.53424]"
44,sub8,supLP120,3,sub8-b1__0008__turnaround.npy,19,turnaround,19,0.9999932,1,"[8.52287, 6.54578, 5.35091, -1.96782, -3.15518, 0.12793, 3.34327, -3.39653, -0.95289, -0.89457, -7.09124, -1.95603, -5.63346, -0.93898, 4.17315, 3.74662, -1.85264, 1.86041, 3.7209, 20.62315, 3.32682, -6.74299]"
44,sub8,supLP120,3,sub8-b1__0009__walk.npy,20,walk,20,0.97144395,1,"[6.73688, -1.91955, -3.92647, 1.25109, 3.68929, -1.08561, -3.22131, -2.70368, -1.61123, -4.54687, -5.95847, -1.61959, 2.25973, 1.49953, 2.80277, -3.11081, -5.75688, -7.79957, 1.36635, -9.23467, 10.35361, -1.88276]"
44,sub8,supLP120,3,sub8-b1__0010__turnaround.npy,19,turnaround,19,0.9999523,1,"[0.36561, 6.31772, 5.48475, -2.53162, -2.10948, 1.70839, 0.72286, -3.91117, 0.30554, -1.60433, -0.45052, 1.1145, -3.11171, -1.64745, -2.17622, 2.63956, -1.7598, 4.21458, -2.05413, 16.75236, 1.86931, -0.06844]"
44,sub8,supLP120,3,sub8-b1__0011__walk.npy,20,walk,20,0.99999225,1,"[-1.23123, -2.71979, 2.27636, 1.48953, -1.57502, 3.3917, 2.56549, -1.3657, -1.13045, -0.02981, -3.44355, 0.70599, -3.27263, 1.26105, -3.75908, -6.57227, -0.75694, -4.08313, -0.29682, -1.72299, 16.02143, 1.47426]"
44,sub8,supLP120,3,sub8-b1__0012__turnaround.npy,19,turnaround,19,0.99998546,1,"[8.52401, 6.04627, 4.48809, -2.25696, -2.91514, -0.35722, 3.69308, -3.38538, -1.09284, -0.56566, -6.51089, -1.65995, -5.25758, -0.72414, 4.27222, 4.27217, -1.64504, 1.96559, 3.2762, 19.80667, 2.94101, -6.34413]"
44,sub8,supLP120,3,sub8-b1__0013__walk.npy,20,walk,20,0.9795852,1,"[6.73991, -2.27685, -3.95744, 0.98752, 3.7462, -1.64601, -2.84621, -2.4608, -1.8182, -4.35619, -5.29874, -1.62785, 1.93629, 1.6831, 2.51312, -2.84322, -6.50073, -7.98787, 1.5021, -8.78425, 10.6961, -1.5178]"
44,sub8,supLP120,3,sub8-b1__0014__turnaround.npy,19,turnaround,19,0.9999453,1,"[0.29649, 6.70127, 5.66791, -1.63823, -2.16481, 1.44167, 0.57889, -3.93307, 0.62924, -1.79733, -1.462, 0.00845, -3.17657, -1.81424, -1.3848, 2.85278, -2.25327, 4.53889, -1.59189, 16.92575, 1.1275, -0.72005]"
44,sub8,supLP120,3,sub8-b1__0015__walk.npy,20,walk,20,0.9999993,1,"[1.46613, -1.6219, 0.33558, 0.25593, 0.31973, 3.24193, 3.09659, -2.26181, -2.25247, -1.17531, -5.56675, 1.0182, -3.92694, 1.89166, -2.15083, -3.66307, -1.08832, -5.15684, 0.22871, -1.67625, 18.29853, 0.48423]"
44,sub8,supLP120,3,sub8-b1__0017__walk.npy,20,walk,20,0.99438876,1,"[5.45586, -2.64184, -5.70371, 1.42733, 4.19591, -1.68106, -3.3098, -1.62068, -1.59252, -2.63444, -4.52153, -1.30486, 1.3176, 2.03058, 2.05924, -3.27693, -5.69055, -8.75316, 0.67147, -11.38544, 10.96892, -0.54264]"
44,sub8,supLP120,3,sub8-b1__0018__turnaround.npy,19,turnaround,19,0.99991083,1,"[1.37007, 4.80727, 4.71195, -2.3923, -1.29875, 0.80627, 1.00128, -3.46508, -0.92554, -2.21961, 0.09617, 1.0905, -3.25811, -0.44742, -2.9483, 3.09676, -2.06998, 3.2723, -1.88878, 15.12851, 3.49937, -0.03281]"
44,sub8,supLP120,3,sub8-b1__0019__walk.npy,20,walk,20,0.9999949,1,"[5.33747, -2.38093, -1.61924, 1.02021, 1.46575, -0.09406, 1.55151, -1.67076, -2.8458, -1.66407, -3.87108, 0.13939, -3.43684, 3.02374, -2.53481, -0.68775, -3.78042, -7.1852, 1.11328, -4.11178, 17.69066, 0.76333]"
44,sub8,supLP120,3,sub8-b1__0020__turnaround.npy,19,turnaround,19,0.99999285,1,"[8.31178, 5.679, 5.04618, -1.89943, -2.85109, -0.30654, 3.75925, -3.46588, -1.32997, -0.3111, -6.69634, -1.566, -5.32037, -1.11147, 4.30477, 4.47745, -1.74629, 1.95819, 3.16932, 20.31215, 2.74638, -6.95966]"
44,sub8,supLP120,3,sub8-b1__0021__walk.npy,20,walk,20,0.99944013,1,"[3.21534, -6.21854, -3.36832, 1.30716, 3.2359, -3.173, -2.04126, -0.6432, -3.80786, -0.42592, -0.42813, -2.38186, -1.67525, 4.46188, -1.54321, -4.45204, -5.84662, -7.71609, 2.06026, -6.8569, 12.55853, 2.11191]"
44,sub8,supLP120,3,sub8-b1__0022__turnaround.npy,19,turnaround,19,0.9999013,1,"[0.65836, 6.71319, 6.16303, -1.5848, -2.75045, -0.17894, -0.04265, -5.08447, 1.66411, -1.51546, -0.04664, 0.3983, -2.7197, -2.01965, -0.70888, 2.59036, -2.43624, 5.03696, -2.18485, 16.52305, -0.01442, -0.58022]"
44,sub8,supLP120,3,sub8-b1__0023__walk.npy,20,walk,20,0.99999523,1,"[-0.74378, -2.24434, 0.89857, 1.72091, -0.10131, 3.60767, 2.42692, -1.61683, -2.11124, -0.05681, -4.66013, 0.86359, -4.2385, 2.41027, -3.08679, -6.32383, -0.64329, -4.44484, -0.04012, -1.39238, 16.61148, 1.11205]"
44,sub8,supLP120,3,sub8-b1__0024__turnaround.npy,19,turnaround,19,0.9999937,1,"[7.89504, 6.34356, 3.98372, -1.6035, -2.39715, -0.08154, 3.61582, -3.10739, -1.64901, -0.88238, -6.64849, -1.93224, -5.65786, -0.41449, 3.6137, 4.35846, -1.56684, 1.61418, 3.98643, 20.15421, 3.42656, -6.73778]"
44,sub8,supLP120,3,sub8-b1__0025__hop.npy,9,hop,20,0.9957645,0,"[1.43873, -6.78821, -6.06593, 2.54109, 6.01539, -5.00593, -3.21198, -1.26959, -3.92261, 3.11597, 0.16644, -0.3204, -0.42059, 3.46919, -1.30726, -4.67757, -5.54245, -9.09604, -1.39122, -11.13894, 11.64888, 0.95459]"
44,sub8,supLP120,3,sub8-b1__0026__hop.npy,9,hop,9,0.6000485,1,"[1.55861, -5.12345, -7.83719, 3.59045, 6.48201, -4.44936, -10.12695, -5.14449, -2.84857, 7.27162, 5.23477, -3.13026, -1.4538, -1.41367, 4.28053, -7.53864, -3.53083, -8.38306, -1.30977, -9.41591, 1.31208, -1.65787]"
44,sub8,supLP120,3,sub8-b1__0027__hop.npy,9,hop,9,0.6868091,1,"[1.5825, -6.06205, -6.80228, 3.17971, 6.10039, -4.95495, -9.65312, -5.22387, -2.64001, 7.46244, 5.64516, -2.15339, -0.74965, -1.95933, 3.22411, -7.9572, -3.92229, -8.16139, -1.7755, -9.0269, 2.26565, -0.78]"
44,sub8,supLP120,3,sub8-b1__0028__hop.npy,9,hop,9,0.88170755,1,"[0.44758, -6.92652, -2.88927, 3.83163, 5.18876, -3.45015, -8.07207, -5.1261, -2.91456, 8.19285, 5.39753, -2.15765, -0.34452, -1.79937, 2.07686, -8.72228, -5.11341, -6.4005, -1.88008, -7.36096, 3.31215, -0.75692]"
44,sub8,supLP120,3,sub8-b1__0029__hop.npy,9,hop,9,0.8498309,1,"[-0.53434, -6.50978, -5.15506, 3.5574, 6.50752, -4.48531, -8.74201, -5.55589, -3.27917, 8.83859, 6.19942, -2.03607, -0.70471, -1.49708, 2.50804, -7.81447, -3.82491, -6.98928, -2.13199, -7.8895, 1.85485, -0.85738]"
44,sub8,supLP120,3,sub8-b1__0030__hop.npy,9,hop,9,0.98776895,1,"[-3.48907, -4.89543, -2.52097, 3.95217, 4.63129, -2.49924, -8.17039, -5.29586, -3.0414, 10.96217, 6.29147, -1.52557, -1.10837, -3.65896, 2.8661, -7.84667, -2.18439, -5.53705, -2.10257, -5.60918, -0.67736, -2.50904]"
44,sub8,supLP120,3,sub8-b1__0032__jump.npy,10,jump,10,0.8327516,1,"[-6.2446, 0.00389, -3.25558, 0.033, 5.61303, -3.11074, -3.2263, -1.39457, -2.63029, 0.7521, 7.2765, 1.8596, 0.58384, -0.00272, -3.50261, 0.36877, -4.82662, -1.81869, -0.33253, -5.51097, -2.09105, -2.1403]"
44,sub8,supLP120,3,sub8-b1__0033__jump.npy,10,jump,10,0.93122655,1,"[-2.58587, -0.61848, -4.01497, 1.95468, 2.80233, -0.84521, -4.09271, -2.96542, -2.23403, -2.8402, 6.66694, 1.11211, 1.09036, 3.09823, -2.33678, -2.3406, -3.39535, -4.06571, 1.44746, -6.13654, -1.28513, -1.35592]"
44,sub8,supLP120,3,sub8-b1__0034__jump.npy,10,jump,10,0.9591771,1,"[-2.04361, -0.24473, -4.8489, 1.94458, 0.76058, 1.65023, -3.84735, -3.15295, -2.02654, -4.23722, 6.75201, 2.34807, 1.49721, 1.28728, -1.82076, -4.74645, -1.03209, -4.92346, 0.33543, -6.26057, -2.07832, -1.09119]"
44,sub8,supLP120,3,sub8-b1__0036__runonspot.npy,13,runonspot,13,0.97723037,1,"[1.81409, -0.99273, -3.87029, 0.94218, 2.67524, -1.78637, -2.70638, -4.58366, -3.27485, -4.01022, 2.65984, -0.86307, -1.15155, 7.72912, -0.56587, -3.65095, -1.40681, -7.36452, 1.0601, -3.34288, 2.25545, -0.3094]"
44,sub8,supLP120,3,sub8-b1__0037__runonspot.npy,13,runonspot,13,0.98098993,1,"[-0.82264, -0.34023, -4.677, 3.24975, 2.38384, -0.23514, -2.2738, -3.2245, -3.01863, -4.54304, 1.02174, -1.7793, -2.11124, 8.36674, -2.17009, -3.09478, -1.90956, -8.30614, 1.39275, -3.01292, 3.59903, -0.57767]"
44,sub8,supLP120,3,sub8-b1__0038__runonspot.npy,13,runonspot,13,0.8470358,1,"[2.78359, -1.20952, -4.29312, 0.78964, 2.15394, -1.20989, -3.58719, -4.07222, -3.3312, -2.47497, 5.87493, -1.26553, -1.26884, 7.67031, -0.83564, -4.98601, -2.09195, -7.02331, 0.10691, -4.86888, -0.55115, -0.62488]"
44,sub8,supLP120,3,sub8-b1__0039__runonspot.npy,13,runonspot,13,0.955433,1,"[2.73256, -1.08009, -5.21622, 0.57378, 2.44584, -0.97779, -2.55363, -4.59217, -3.8161, -2.91262, 4.80921, -1.69522, -1.85112, 8.1415, -0.75962, -4.33063, -1.63982, -7.41002, 1.53173, -4.65454, 0.38565, -0.15565]"
44,sub8,supLP120,3,sub8-b1__0041__runonspot.npy,13,runonspot,13,0.9712015,1,"[3.36391, -0.42737, -4.46157, 0.64021, 2.55606, -0.41356, -2.98801, -3.97027, -3.44829, -3.60997, 4.37604, -1.50131, -2.02436, 8.39355, -1.31812, -4.11539, -1.79673, -6.73296, 1.42991, -3.47856, -0.24926, -0.57145]"
44,sub8,supLP120,3,sub8-b1__0042__buttkicks.npy,4,buttkicks,4,0.99966073,1,"[-6.00922, -2.08104, -8.40648, 2.35835, 13.25324, -3.61475, -8.0056, -5.71076, -4.86249, 3.70896, 4.66044, -0.59756, -1.29195, 1.18266, 3.4219, -1.79831, -1.69789, -2.84247, -0.22396, -5.99231, -1.31231, -4.60862]"
44,sub8,supLP120,3,sub8-b1__0045__buttkicks.npy,4,buttkicks,4,0.99994504,1,"[-7.91492, -1.44737, -8.01277, 2.53016, 14.88056, -1.43239, -6.75742, -6.03448, -5.54493, 3.07376, 2.37245, -0.24644, -2.07937, 1.34504, 4.66135, -1.52794, 0.44961, -1.33056, -0.83153, -4.54502, -0.07355, -5.0901]"
44,sub8,supLP120,3,sub8-b1__0046__buttkicks.npy,4,buttkicks,4,0.9996542,1,"[-6.37551, -1.13747, -8.90807, 2.28271, 14.12949, -2.12471, -7.39598, -6.36651, -4.89181, 4.34429, 1.03829, 1.3618, -1.22712, -0.018, 5.92002, -2.3577, 0.99807, -3.59154, -1.58478, -7.38454, 0.93933, -5.33905]"
44,sub8,supLP120,3,sub8-b1__0047__airkick.npy,0,airkick,0,0.7348215,1,"[5.41721, -1.16392, -5.38297, 3.52471, 1.17121, 1.68071, -6.64189, -0.45914, -1.67983, -4.34903, -1.63416, -1.51815, 0.72331, 1.90825, 1.11904, -1.81091, -2.92723, -6.92116, 0.86821, -11.20969, 3.12082, -2.92349]"
44,sub8,supLP120,3,sub8-b1__0048__airkick.npy,0,airkick,0,0.69709367,1,"[6.35774, -5.40571, 0.03739, 2.92212, -0.6898, -3.09546, -4.95372, -1.21575, -0.33799, -0.08865, 1.27618, -3.19211, 2.77211, -2.07479, 0.29734, -7.76138, -9.04592, -5.17936, -0.15736, -6.81068, 4.35032, 4.86091]"
44,sub8,supLP120,3,sub8-b1__0049__airkick.npy,0,airkick,0,0.99768126,1,"[11.41051, 0.2922, -2.92691, 1.93269, -1.28479, -2.22038, -6.99247, -3.55088, 0.10313, -0.60678, 0.70154, -3.25802, 2.42999, -3.88047, 5.21675, -6.13525, -6.41591, -5.89638, -1.89966, -6.85112, -1.36392, 0.2168]"
44,sub8,supLP120,3,sub8-b1__0050__airkick.npy,0,airkick,0,0.99814415,1,"[11.40352, -2.92785, -0.29284, 0.88926, -2.36508, -4.76154, -6.17601, -1.33602, 0.0438, 0.25853, 4.82537, -2.69466, 2.04663, -4.69021, 2.18541, -5.27562, -9.18007, -5.01786, -0.91044, -5.02254, -1.05966, 2.92319]"
44,sub8,supLP120,3,sub8-b1__0051__airkick.npy,0,airkick,0,0.9998029,1,"[13.09211, -1.92245, -1.10455, 0.0875, -1.45894, -3.79776, -5.37986, -2.80047, -0.82663, -0.54742, 3.45759, -1.31716, 2.44477, -4.16977, 3.86139, -4.92104, -8.57351, -4.69334, -1.11627, -5.16085, -0.03412, -1.00156]"
44,sub8,supLP120,3,sub8-b1__0054__sidekick.npy,14,sidekick,14,0.9994783,1,"[4.49539, 0.00523, -5.8981, -0.3714, 3.19405, -1.74541, -5.96012, -3.3718, -2.95263, 0.84834, 0.02167, -0.65462, 3.43613, -2.39514, 12.58344, -2.43886, -2.99722, -2.79004, 0.04632, -7.00943, -4.12845, -5.05907]"
44,sub8,supLP120,3,sub8-b1__0055__sidekick.npy,14,sidekick,14,0.9196932,1,"[3.98072, 0.72371, -6.18763, -2.47398, 4.74119, -3.16224, -4.03961, -4.09292, -2.85383, -3.09508, -0.5602, 0.6876, 3.73359, -0.60745, 7.83183, 0.11925, -1.68476, -2.81821, 1.12441, -5.71029, -2.14426, -3.0783]"
44,sub8,supLP120,3,sub8-b1__0056__sidekick.npy,14,sidekick,14,0.8517391,1,"[5.29232, -1.31343, -6.1746, -0.75905, 5.35722, -4.01882, -5.84806, -3.97708, -2.39073, -0.60647, 1.24499, -0.21258, 3.0486, -1.60002, 7.83498, 0.1544, -5.2123, -3.31795, -0.55062, -7.15944, -1.57921, -3.24853]"
44,sub8,supLP120,3,sub8-b1__0057__crosstoe.npy,6,crosstoe,6,0.997804,1,"[-5.03609, 2.84676, 7.27824, -7.22453, -6.66752, -0.53339, 18.41401, -1.07339, -3.3904, -4.66171, -0.71644, 12.28727, 4.61496, -5.63462, -4.10743, 0.771, -2.2014, 4.68628, 1.36951, 1.50686, -2.80933, -0.48241]"
44,sub8,supLP120,3,sub8-b1__0058__crosstoe.npy,6,crosstoe,6,0.99816895,1,"[-6.02505, 2.57836, 6.74949, -6.42776, -6.04701, 0.17024, 18.34243, -0.3289, -3.02369, -5.41994, -0.91435, 12.03434, 4.67337, -5.65719, -4.05523, 0.98948, -2.03534, 5.31397, 1.35913, 1.43933, -2.97273, -0.82438]"
44,sub8,supLP120,3,sub8-b1__0059__crosstoe.npy,6,crosstoe,6,0.999524,1,"[-5.62619, 3.23299, 6.93841, -6.81617, -6.56406, -0.20658, 19.49803, -0.75231, -2.7629, -5.09461, -1.8746, 11.83824, 3.96493, -5.37369, -3.36945, 0.92271, -1.51238, 5.59201, 2.1898, 1.99722, -2.79799, -1.41792]"
44,sub8,supLP120,3,sub8-b1__0060__crosstoe.npy,6,crosstoe,6,0.9998652,1,"[-7.0756, 3.26803, 5.63526, -6.5716, -6.12388, -0.03173, 20.79699, -0.07167, -2.96716, -5.3036, -2.05784, 11.88205, 3.00451, -5.37508, -5.00098, 2.30753, -1.71626, 5.40251, 2.55586, 1.24532, -2.26128, -1.61089]"
44,sub8,supLP120,3,sub8-b1__0061__crosstoe.npy,6,crosstoe,6,0.9999716,1,"[-6.37375, 3.03141, 4.95868, -6.64574, -5.61088, -0.44063, 21.08469, -0.14029, -3.40069, -4.81895, -2.38602, 10.60929, 2.27174, -4.5982, -5.96803, 2.65866, -2.61122, 3.79445, 2.52047, 0.49981, -0.89502, -1.04473]"
44,sub8,supLP120,3,sub8-b1__0062__crosstoe.npy,6,crosstoe,6,0.99996567,1,"[-6.18266, 3.49418, 6.20463, -7.50332, -6.7416, -0.91343, 21.70207, -0.61643, -2.76484, -4.53374, -2.88277, 11.41508, 2.4741, -5.09407, -5.27205, 2.29993, -2.04697, 4.46749, 3.52072, 1.65722, -1.21894, -1.25461]"
44,sub8,supLP120,3,sub8-b1__0063__throw.npy,18,throw,18,0.7478483,1,"[3.96102, 5.2411, -5.43919, 4.55052, -3.58211, 0.33171, -2.37645, 1.45189, 1.18502, -2.80251, -2.12621, -1.05986, -0.36072, -0.07772, 1.15131, -6.82255, -2.81022, -10.05094, 6.95856, -7.46385, 1.43541, -3.27093]"
44,sub8,supLP120,3,sub8-b1__0064__throw.npy,18,throw,1,0.37499252,0,"[4.79048, 5.40238, -6.65009, 4.80893, -4.37064, -0.45181, -4.00301, -0.43464, 2.67142, -0.82621, 1.02395, -1.87928, 0.27748, -1.40377, 1.80633, -8.03167, -3.66009, -10.2218, 4.60186, -9.10815, -1.15268, -2.07199]"
44,sub8,supLP120,3,sub8-b1__0065__throw.npy,18,throw,3,0.46023715,0,"[3.84849, 4.04744, -6.7636, 5.69566, -3.80781, 0.49211, -4.3666, 1.59315, 1.8221, -2.07765, -0.79008, -1.49142, 0.06244, -0.65854, 1.53204, -7.97293, -2.25144, -10.04072, 5.41098, -9.46138, 0.00235, -2.67134]"
44,sub8,supLP120,3,sub8-b1__0066__throw.npy,18,throw,18,0.44051588,1,"[4.28742, 2.08008, -5.11841, 5.36642, -2.84205, 0.32167, -3.37923, 2.98685, 0.09656, -2.50803, -2.92432, -0.57426, 0.05801, 1.2971, 0.83561, -6.65914, -2.75445, -10.24654, 5.675, -7.85447, 3.80801, -2.52964]"
44,sub8,supLP120,3,sub8-b1__0067__throw.npy,18,throw,3,0.6690151,0,"[4.75877, 3.99125, -7.31982, 6.09497, -4.23701, 0.47494, -5.8969, 0.64177, 3.29224, -1.39826, 1.09764, -2.78521, 0.66564, -1.41469, 0.88449, -8.55889, -3.94271, -10.50853, 2.26191, -10.38812, -1.97047, -0.44103]"
44,sub8,supLP120,3,sub8-b1__0068__walk.npy,20,walk,20,0.9995883,1,"[3.13699, -3.78636, -4.37332, 2.4183, 3.04082, -1.03449, -2.67744, -1.43963, -1.98869, -1.84893, -2.82184, -0.80825, 1.97154, 1.49251, 0.86233, -6.3832, -6.35928, -7.94696, -0.11128, -9.0691, 12.08049, 0.08635]"
44,sub8,supLP120,3,sub8-b1__0069__turnaround.npy,19,turnaround,19,0.999757,1,"[-1.20015, 5.41376, 6.13526, -0.94391, -1.74528, 0.47232, 0.57389, -4.42527, 1.42221, -1.45989, -0.25152, 0.26074, -2.39652, -1.45506, -1.23774, 2.95924, -2.31496, 7.22413, -1.40621, 15.96755, -0.0147, -0.73632]"
44,sub8,supLP120,3,sub8-b1__0070__walk.npy,20,walk,20,0.9999994,1,"[3.04277, -2.35485, -0.03825, 0.88559, 0.73641, 2.1644, 1.88004, -1.8392, -2.41405, -1.27431, -4.29157, 0.11394, -3.62279, 1.96785, -2.8148, -3.02936, -2.57507, -5.59233, 0.90052, -2.90424, 18.52161, 0.85294]"
44,sub8,supLP120,3,sub8-b1__0071__walk.npy,20,walk,19,0.9999999,0,"[4.63376, 5.64198, 5.92279, -1.27228, -2.5057, 0.84892, 3.19648, -3.74887, -0.1051, -0.96167, -6.3253, -1.58004, -6.05238, -0.59505, 3.49576, 4.89649, -1.93517, 1.89158, 3.3719, 22.76737, 3.71671, -7.86866]"
44,sub8,supLP120,3,sub8-b1__0072__walk.npy,20,walk,20,0.9969796,1,"[4.3764, -2.49363, -5.94914, 1.2201, 4.09179, -1.27686, -2.84603, -1.26557, -1.51348, -2.98429, -4.23218, 0.12606, 1.83449, 1.64332, 1.40474, -2.98237, -5.3278, -8.92874, -0.12947, -11.61514, 10.88755, -0.28393]"
44,sub8,supLP120,3,sub8-b1__0073__turnaround.npy,19,turnaround,19,0.99982953,1,"[0.12514, 5.84999, 4.66729, -0.58935, -1.25938, 1.32921, 0.51732, -3.28639, 0.28133, -2.10279, -0.56098, -0.27397, -3.52899, -0.97042, -2.61974, 3.0996, -2.28538, 5.27627, -2.10573, 15.20926, 1.32691, -0.20326]"
44,sub8,supLP120,3,sub8-b1__0074__walk.npy,20,walk,20,0.9999945,1,"[-0.37392, -2.48163, 1.82362, 2.00779, -1.32692, 3.08202, 1.77761, -1.0565, -1.01892, -0.578, -4.13569, -0.21286, -3.55152, 1.31949, -3.65378, -5.89511, -0.80462, -4.32658, -0.60568, -1.66022, 16.13272, 1.99076]"
44,sub8,supLP120,3,sub8-b1__0075__turnaround.npy,19,turnaround,19,0.9999994,1,"[5.37368, 5.77196, 4.61899, -1.23598, -2.24539, 0.10657, 2.93488, -4.27723, -0.22719, -0.38923, -5.95831, -1.64382, -5.54141, -0.54193, 3.97265, 5.09676, -1.84215, 1.20218, 2.64137, 21.19989, 2.58881, -7.49225]"
44,sub8,supLP120,3,sub8-b1__0076__walk.npy,20,walk,20,0.99400383,1,"[5.29565, -1.94762, -5.59473, 1.98165, 3.64735, -0.7569, -3.41454, -1.91308, -1.30652, -4.57872, -5.08329, -1.10633, 2.13424, 1.62363, 1.90129, -3.02797, -5.89384, -8.87699, 1.07666, -10.71319, 10.70869, -1.63983]"
44,sub8,supLP120,3,sub8-b1__0077__turnaround.npy,19,turnaround,19,0.99974424,1,"[1.98272, 4.60533, 2.96398, -2.13137, -0.4549, 0.64758, 1.28351, -2.96276, -0.86082, -2.58642, -1.12793, 1.58483, -3.05759, -0.45777, -2.59576, 4.29722, -1.8075, 3.29694, -1.30938, 13.86599, 3.33482, -0.68538]"
44,sub8,supLP120,3,sub8-b1__0078__walk.npy,20,walk,20,0.99999785,1,"[0.62881, -2.41223, 0.92877, 1.50829, -0.68786, 2.52016, 2.2815, -0.1814, -1.45737, -1.89035, -6.4702, -0.79548, -3.15205, 2.12523, -3.05433, -3.04169, -1.6791, -4.76534, 1.14222, -2.1674, 17.02892, 2.10601]"
44,sub8,supLP120,3,sub8-b1__0079__turnaround.npy,19,turnaround,19,0.9999862,1,"[7.01617, 4.06826, 2.82955, -1.02188, -0.98988, -0.14797, 2.71977, -3.65615, -1.57011, -0.98048, -6.18255, -1.53465, -5.21472, 0.77068, 3.26385, 4.62186, -1.59334, 0.08302, 2.45445, 18.47641, 4.71895, -5.89218]"
44,sub8,supLP120,3,sub8-b1__0080__walk.npy,20,walk,20,0.9993382,1,"[2.33846, -2.25464, -5.82222, 1.41289, 4.14158, -1.20028, -1.28994, -0.31549, -1.93209, -3.04187, -4.99093, 0.10945, 1.6185, 2.26408, 0.95196, -1.74487, -4.97954, -8.64062, 0.9761, -10.21867, 11.93125, -0.87306]"
44,sub8,supLP120,3,sub8-b1__0081__turnaround.npy,19,turnaround,19,0.99979776,1,"[0.25082, 4.60202, 3.36577, -1.13348, -0.57871, 1.72438, 0.79241, -2.49576, -0.02333, -3.27148, -1.31115, 0.38198, -3.26179, -0.58842, -2.66372, 4.95609, -1.83282, 4.43751, -1.70114, 14.45974, 2.75733, -0.6622]"
44,sub8,supLP120,3,sub8-b1__0082__walk.npy,20,walk,20,0.9999964,1,"[2.33867, -1.25265, -1.23701, 0.98818, 0.65237, 2.70032, 1.20439, -1.31443, -1.80806, -0.94303, -6.88455, -1.08095, -5.51959, 2.32084, -2.1118, -3.74892, -0.62282, -5.23956, 1.71868, -1.65696, 16.64662, 2.12804]"
44,sub8,supLP120,3,sub8-b1__0083__turnaround.npy,19,turnaround,19,0.9999993,1,"[4.77152, 5.59877, 5.57298, -1.47218, -2.46021, 0.64467, 3.32525, -3.41476, -0.31613, -1.16365, -5.48837, -0.97865, -5.41199, -0.74842, 2.64133, 4.21325, -1.99862, 1.24703, 3.51923, 20.94421, 4.41561, -7.05664]"
44,sub8,supLP120,3,sub8-b1__0085__turnaround.npy,19,turnaround,19,0.9643639,1,"[0.07227, 3.82309, 0.91153, -0.4133, 0.96603, 2.25731, 2.32753, -0.39337, -2.2872, -4.439, -2.05875, -0.69665, -4.73667, 1.31892, -4.93623, 7.59148, -1.64905, 1.62365, -1.39915, 11.29215, 6.80064, -0.71573]"
44,sub8,supLP120,3,sub8-b1__0086__walk.npy,20,walk,20,0.9999988,1,"[1.78958, -3.58746, 0.61978, 1.30737, 0.49242, 1.5895, 1.05224, -2.05958, -1.03151, -0.10948, -4.85896, -0.18466, -3.43814, 1.25633, -2.58978, -5.2329, -1.42577, -4.71563, 0.92104, -2.96373, 17.3553, 2.30966]"
44,sub8,supLP120,3,sub8-b1__0087__turnaround.npy,19,turnaround,19,0.99999976,1,"[5.13532, 5.40078, 5.62481, -0.94064, -2.11263, 0.51117, 3.2926, -4.17094, -0.50413, -0.58857, -6.62171, -1.83056, -5.98738, -0.53679, 3.95751, 5.28035, -1.95886, 1.84372, 2.5143, 21.99894, 3.63879, -7.77621]"
44,sub8,supLP120,3,sub8-b1__0088__hop.npy,9,hop,20,0.4664559,0,"[-0.62661, -4.8343, -5.12262, 3.57971, 6.44303, -2.74624, -6.12566, -3.94837, -2.88464, 5.03234, 2.76786, 0.59997, 0.85113, -0.42873, 1.15027, -8.92407, -4.37002, -7.35523, -2.1983, -10.70095, 6.60188, -1.47857]"
44,sub8,supLP120,3,sub8-b1__0089__hop.npy,9,hop,9,0.8993019,1,"[-3.94578, -2.8864, -2.79334, 2.98752, 3.99382, -1.12455, -6.65716, -5.11252, -3.50241, 8.88562, 6.56256, -0.51423, -0.96732, -2.43311, 3.20744, -6.02434, -1.13644, -3.74928, -1.11692, -3.94578, -2.28238, -4.23849]"
44,sub8,supLP120,3,sub8-b1__0091__hop.npy,9,hop,9,0.9451462,1,"[-6.14149, -2.78424, -5.00915, 3.25664, 7.10329, -1.3972, -7.12565, -4.53564, -4.11531, 10.06242, 4.24546, -0.07609, -0.97583, -2.27716, 3.7992, -4.14124, 0.76653, -3.41524, -1.45136, -5.20527, -2.21402, -4.35944]"
44,sub8,supLP120,3,sub8-b1__0092__hop.npy,9,hop,4,0.8681554,0,"[0.58956, -3.4519, -7.71719, 2.5795, 7.32323, -3.43499, -8.22586, -5.32651, -2.50613, 4.48223, 1.73539, 1.08876, 1.82519, -1.62876, 4.47467, -7.39598, -1.87733, -8.04608, -2.18187, -9.64353, 3.151, -2.49604]"
44,sub8,supLP120,3,sub8-b1__0093__hop.npy,9,hop,9,0.98794377,1,"[-3.54822, -2.68001, -4.46932, 4.24651, 3.43074, -1.03844, -8.15955, -5.19392, -3.14895, 12.8396, 8.37381, -3.49053, -3.97924, -4.15593, 5.10288, -7.28405, -0.67361, -4.67638, -1.11224, -5.25223, -4.1723, -4.53266]"
44,sub8,supLP120,3,sub8-b1__0094__jump.npy,10,jump,4,0.7042902,0,"[-0.03235, -2.82012, -8.87539, 0.99426, 5.3192, -5.27645, -4.84092, -1.62106, -2.68529, 3.57017, 3.01375, 2.11445, 2.19501, -0.35582, 1.2555, -2.64281, -4.31017, -7.3029, -2.19867, -11.33452, 1.35744, -1.23044]"
44,sub8,supLP120,3,sub8-b1__0095__jump.npy,10,jump,5,0.57612735,0,"[-3.08414, 1.83538, -3.29523, 2.06384, -0.78427, 5.71937, -3.33143, -0.96586, -2.39098, -5.6629, 5.13061, 3.53693, 0.70338, -1.05432, -2.59842, -4.90911, 0.29802, -1.50298, 0.22572, -5.35755, -2.31513, -2.01417]"
44,sub8,supLP120,3,sub8-b1__0096__jump.npy,10,jump,0,0.3658456,0,"[4.78318, -4.9165, -2.66267, 3.54345, 1.17607, -2.95533, -7.08894, -2.79616, -0.88168, 2.19121, 4.25746, -0.94449, 3.15167, -2.17448, 2.33019, -9.81302, -7.76231, -7.77548, -1.33834, -10.22236, 3.94502, 1.10031]"
44,sub8,supLP120,3,sub8-b1__0097__jump.npy,10,jump,10,0.9747312,1,"[3.62548, -4.58825, -2.49154, 4.26056, -1.12428, -3.88776, -9.41318, -2.33835, 0.46132, 4.78774, 9.16618, -2.31918, 1.64143, -5.0734, 2.18719, -9.64139, -8.51108, -7.24509, -1.03261, -8.22275, -1.63796, 1.01758]"
44,sub8,supLP120,3,sub8-b1__0098__jump.npy,10,jump,10,0.9294134,1,"[3.9409, -2.28929, -3.34647, 4.01778, -2.54986, -3.31803, -10.41435, -2.32879, 1.39654, 6.40086, 9.23608, -3.91698, 0.80168, -7.09013, 4.13042, -8.07162, -7.06038, -7.02221, -1.10829, -8.28314, -5.81243, -0.36569]"
44,sub8,supLP120,3,sub8-b1__0099__jump.npy,10,jump,10,0.97151405,1,"[2.84253, -4.05499, -1.74999, 3.5676, -1.2154, -4.77482, -9.21408, -2.57139, -0.39097, 7.40439, 10.97056, -1.59946, 0.75349, -6.03065, 1.31049, -7.90669, -8.01759, -6.64408, -1.01901, -8.0324, -4.06991, 0.20312]"
44,sub8,supLP120,3,sub8-b1__0100__runonspot.npy,13,runonspot,13,0.9667078,1,"[1.08316, -2.93245, -5.00424, 1.87772, 4.96854, -2.41846, -3.26461, -4.70203, -3.92088, -2.58509, 2.79378, -2.23281, -1.56957, 8.77142, -1.16185, -2.86852, -2.45423, -6.85966, 1.42105, -5.34024, 3.8388, -0.34738]"
44,sub8,supLP120,3,sub8-b1__0101__runonspot.npy,13,runonspot,13,0.9432013,1,"[0.40983, -1.96044, -4.63326, 1.82429, 4.4026, -2.30474, -3.47325, -5.4189, -3.25316, -3.34669, 3.57763, -0.80429, -0.95912, 7.7369, -0.88185, -3.90301, -1.39527, -6.57043, 1.0701, -4.66612, 2.02761, -0.83694]"
44,sub8,supLP120,3,sub8-b1__0102__runonspot.npy,13,runonspot,13,0.9251544,1,"[1.19851, -1.6739, -3.32989, 1.87657, 3.46669, -2.2071, -2.86813, -4.77514, -3.50018, -2.1906, 3.75728, -1.37443, -1.26883, 7.14399, -0.8119, -4.37221, -2.42832, -6.18095, 1.4446, -3.72376, 2.45226, -1.38791]"
44,sub8,supLP120,3,sub8-b1__0103__runonspot.npy,13,runonspot,13,0.92223305,1,"[1.90288, -1.42307, -4.58377, -0.47995, 4.21277, -2.30385, -2.7989, -5.39413, -3.14014, -3.69261, 3.08736, 0.132, -0.2681, 7.18549, 0.0838, -3.05836, -0.67434, -5.3834, 2.04154, -3.70802, 0.82231, -0.71094]"
44,sub8,supLP120,3,sub8-b1__0104__runonspot.npy,13,runonspot,13,0.86369383,1,"[1.60536, -1.81945, -3.67692, 1.80479, 2.96722, -2.33471, -3.09396, -4.35736, -3.17129, -3.16368, 2.66044, -0.56918, -0.69932, 7.01758, -1.52279, -4.89021, -2.6594, -7.63334, 0.79657, -5.20765, 4.84406, -1.06055]"
44,sub8,supLP120,3,sub8-b1__0105__buttkicks.npy,4,buttkicks,4,0.99990296,1,"[-6.21066, -1.33478, -8.96625, 1.9358, 13.66538, -4.03454, -7.05022, -5.31485, -4.49336, 2.10544, 3.39542, 0.12323, -0.92271, 1.90828, 3.31278, -0.5953, -1.10687, -3.17219, 0.1074, -6.8257, -0.77069, -4.58293]"
44,sub8,supLP120,3,sub8-b1__0106__buttkicks.npy,4,buttkicks,4,0.9998574,1,"[-7.10622, -0.51902, -9.40633, 2.17991, 14.4466, -2.60633, -7.36086, -6.40525, -4.53833, 3.83752, 1.51119, 1.45874, -1.18468, 0.35187, 5.27968, -1.61765, 1.09263, -3.59669, -1.57911, -6.93871, 0.73094, -5.20205]"
44,sub8,supLP120,3,sub8-b1__0107__buttkicks.npy,4,buttkicks,4,0.9999329,1,"[-6.32706, -1.98277, -9.95719, 3.00271, 14.71333, -3.83485, -7.25401, -6.1652, -4.966, 4.00349, 0.97004, 0.27785, -1.58192, 2.37786, 4.08944, -1.85342, 0.19253, -5.17402, -0.9457, -8.57774, 2.56742, -3.77343]"
44,sub8,supLP120,3,sub8-b1__0108__buttkicks.npy,4,buttkicks,4,0.9999112,1,"[-7.83136, -1.1072, -9.25149, 3.34404, 14.42249, -2.94464, -7.89481, -5.94195, -4.7854, 4.22874, 2.713, -0.07491, -1.92886, 0.71351, 3.77926, -1.824, 0.7384, -3.5638, -1.03351, -6.12615, -0.39363, -4.99064]"
44,sub8,supLP120,3,sub8-b1__0109__buttkicks.npy,4,buttkicks,4,0.9996321,1,"[-5.5644, -2.33123, -9.2079, 3.70684, 13.42296, -2.99967, -7.85838, -6.2268, -4.62918, 4.78755, 1.50575, 1.07655, -0.86761, 1.34194, 4.14184, -3.68822, 0.78756, -5.45883, -2.04367, -8.73297, 2.3674, -4.41977]"
44,sub8,supLP120,3,sub8-b1__0110__airkick.npy,0,airkick,0,0.999706,1,"[12.90352, 1.37241, -3.99251, -1.19895, -0.21358, -3.89241, -2.98801, -3.50302, -1.97041, -1.32449, 1.20772, -1.7421, 0.62003, -2.09973, 4.53215, -3.82964, -6.01317, -6.51903, 0.22106, -4.23806, 2.53867, -1.70904]"
44,sub8,supLP120,3,sub8-b1__0111__airkick.npy,0,airkick,0,0.9991246,1,"[12.23087, -0.53605, -1.30803, 1.15761, -1.83578, -3.44659, -7.27933, -2.78018, 0.44665, 0.03086, 2.10832, -2.86406, 2.18013, -5.18105, 5.02661, -6.11776, -7.64598, -5.75334, -1.2714, -5.21167, -1.57426, 0.98688]"
44,sub8,supLP120,3,sub8-b1__0113__airkick.npy,0,airkick,0,0.9959133,1,"[10.58903, -1.30306, -2.38228, 1.44695, -0.36046, -3.63763, -6.99009, -3.04662, -0.43852, 0.85856, 2.07021, -2.45846, 2.06306, -4.45884, 4.91557, -5.67862, -7.60794, -5.70637, -1.39652, -6.01272, -1.05864, 0.47402]"
44,sub8,supLP120,3,sub8-b1__0114__airkick.npy,0,airkick,0,0.99885213,1,"[12.10184, -2.10882, -0.7705, 0.81014, -1.99152, -3.68538, -6.33143, -2.9684, -0.26068, -0.44019, 4.45763, -1.18837, 3.6793, -5.1948, 4.31951, -5.48135, -8.97203, -5.04804, -2.13885, -5.29743, -1.1807, -0.20012]"
44,sub8,supLP120,3,sub8-b1__0115__sidekick.npy,14,sidekick,14,0.9068117,1,"[3.10433, 0.15724, -5.33262, -0.12828, 4.19729, -4.08206, -4.10834, -3.33741, -1.49507, 0.82164, 0.34712, -0.26336, 3.70781, -2.27236, 7.20909, -1.36016, -5.48246, -4.50741, 0.51265, -9.15168, -0.86568, -2.69817]"
44,sub8,supLP120,3,sub8-b1__0116__sidekick.npy,14,sidekick,14,0.9982344,1,"[4.19727, -1.59804, -5.98241, 1.11518, 3.84864, -1.90559, -6.44912, -2.91497, -2.04698, 1.39364, -0.36452, -1.45286, 3.22977, -2.65093, 11.33552, -1.84922, -5.50668, -2.58168, -0.65571, -7.2675, -3.69035, -4.29261]"
44,sub8,supLP120,3,sub8-b1__0117__sidekick.npy,14,sidekick,14,0.99430215,1,"[4.32983, -0.82685, -8.29962, 0.39259, 5.82909, -1.11902, -6.77962, -3.72279, -2.30033, -0.47648, -2.2483, -1.59068, 2.83655, -1.10382, 11.24607, -1.43922, -2.88916, -3.06423, 0.38952, -7.7224, -1.09786, -4.19666]"
44,sub8,supLP120,3,sub8-b1__0118__sidekick.npy,14,sidekick,14,0.99975556,1,"[5.12206, 2.54314, -5.42324, -2.5764, 1.38497, -0.04947, -3.48124, -3.63853, -3.91383, -1.06386, -0.58268, 0.23135, 2.38244, -2.60251, 13.62068, -1.82171, 0.06061, -2.81005, 0.31656, -5.52267, -4.71243, -5.55043]"
44,sub8,supLP120,3,sub8-b1__0119__sidekick.npy,14,sidekick,14,0.9997986,1,"[3.78863, 1.97264, -6.46993, -1.62, 2.35512, -0.85991, -4.63343, -3.24548, -3.21104, -0.72718, -0.23317, 0.20595, 3.12893, -2.9531, 13.01816, -1.65451, -0.38282, -2.08124, 0.53778, -6.13523, -4.716, -5.35102]"
44,sub8,supLP120,3,sub8-b1__0122__crosstoe.npy,6,crosstoe,6,0.9998779,1,"[-6.2079, 2.57189, 5.03423, -6.15974, -6.08337, -0.73438, 19.67198, -0.02872, -3.29728, -4.79615, -1.37895, 10.65507, 2.82123, -4.53445, -6.17756, 2.16109, -2.99168, 3.81117, 2.01895, -0.42752, -1.20035, -0.28051]"
44,sub8,supLP120,3,sub8-b1__0123__crosstoe.npy,6,crosstoe,6,0.99988294,1,"[-6.16961, 2.38409, 5.20162, -5.91382, -6.02725, -0.42482, 19.40476, -0.133, -3.48702, -5.21246, -1.85321, 10.34216, 2.86828, -4.52627, -5.29102, 2.13696, -3.13621, 4.15359, 2.22647, -0.27063, -1.17486, -1.13202]"
44,sub8,supLP120,3,sub8-b1__0124__crosstoe.npy,6,crosstoe,6,0.9999342,1,"[-6.17601, 2.28295, 6.27672, -6.67261, -6.43562, -0.63628, 20.1129, -0.58918, -3.17948, -4.88443, -2.29946, 10.46445, 2.72287, -4.90181, -4.91898, 1.9061, -3.04268, 5.10386, 2.3848, 0.89634, -0.98886, -1.12714]"
44,sub8,supLP120,3,sub8-b1__0125__throw.npy,18,throw,18,0.7142833,1,"[4.35121, 3.60714, -5.19089, 4.53352, -2.96776, 0.3787, -2.82236, 1.14727, 0.74817, -2.75319, -2.08071, -0.36162, 0.04111, -0.06585, 2.00315, -6.435, -3.45133, -9.949, 6.42041, -7.62545, 3.04432, -3.18425]"
44,sub8,supLP120,3,sub8-b1__0126__throw.npy,18,throw,18,0.6961949,1,"[3.73014, 4.16566, -5.52241, 5.25184, -4.14737, 0.78467, -3.25941, 2.52668, 0.9944, -2.3984, -1.80856, -1.45947, -1.05314, -0.01073, 0.80103, -7.50644, -2.0747, -10.15557, 6.60258, -7.63288, 1.05226, -2.75125]"
44,sub8,supLP120,3,sub8-b1__0127__throw.npy,18,throw,18,0.8441588,1,"[3.82548, 3.67985, -4.65221, 4.58083, -3.56881, 0.76333, -2.74512, 2.91651, 0.4925, -2.64054, -2.48957, -0.46584, -0.90017, 0.22643, 1.2561, -6.59128, -2.07448, -9.69908, 7.10605, -6.44285, 2.60587, -3.73775]"
44,sub8,supLP120,3,sub8-b1__0128__throw.npy,18,throw,18,0.4278517,1,"[4.39824, 3.61039, -5.91681, 5.09167, -3.49391, 1.14327, -4.04278, 2.33841, 1.0381, -3.27425, -2.01721, -1.00541, -0.01519, 0.01283, 1.58247, -7.05319, -2.55377, -10.35795, 5.43951, -8.26085, 1.15158, -3.1998]"
44,sub8,supLP120,3,sub8-b1__0129__throw.npy,18,throw,18,0.99757236,1,"[1.43287, 5.58615, -2.98047, 4.07925, -5.28665, -0.1308, -1.6352, 3.02855, 0.53131, -1.00379, -0.35967, -1.7818, -3.26762, 0.121, -0.95748, -9.46155, -0.47819, -8.40755, 11.89902, -3.8713, 0.05111, -2.90578]"
44,sub8,supLP120,3,sub8-b2__0001__walk.npy,20,walk,20,0.9008281,1,"[1.92106, -6.5854, 1.60208, 2.73276, 0.76037, -2.51642, -4.34976, -1.09188, -1.55356, 0.49029, -0.5412, -0.27261, 4.15635, -0.58985, -1.48671, -7.76885, -6.18988, -5.18977, -1.86236, -7.40966, 7.00067, 3.13993]"
44,sub8,supLP120,3,sub8-b2__0002__turnaround.npy,19,turnaround,19,0.99812096,1,"[0.09624, 3.96293, 6.62677, -2.17189, -2.39469, 0.3294, -0.41576, -4.06665, 1.08912, -1.43169, 0.64003, 1.99374, 0.1234, -2.34076, -0.57186, 0.0712, -2.24391, 5.12025, -2.19197, 13.17929, -0.07578, 0.44829]"
44,sub8,supLP120,3,sub8-b2__0003__walk.npy,20,walk,20,0.99998426,1,"[-1.83866, -2.50557, -0.13327, 0.87182, 2.55075, 3.23976, 2.21976, -1.68354, -2.6296, -1.31684, -3.93752, 1.27404, -2.45955, 3.00126, -2.43752, -4.5122, -1.16651, -3.14222, -0.98171, -4.02582, 15.41429, 0.54093]"
44,sub8,supLP120,3,sub8-b2__0004__turnaround.npy,19,turnaround,19,0.99998677,1,"[4.59248, 5.48727, 9.80069, -4.5061, -4.97496, 0.0275, 1.78012, -5.11281, 3.39955, -0.65661, -3.21005, -1.65593, -4.95746, -4.32164, 4.74617, 4.17277, -3.76111, 4.66048, 3.23592, 21.06728, 0.97497, -4.99891]"
44,sub8,supLP120,3,sub8-b2__0005__walk.npy,20,walk,20,0.9008321,1,"[4.82394, -4.32938, -1.18479, 2.29385, 2.52586, -2.44251, -4.37583, -1.59491, -1.72799, -1.51237, -3.15547, -0.55945, 3.13602, 1.01117, 1.12209, -4.17657, -6.37243, -6.32156, -0.4576, -7.22441, 7.39339, -0.08054]"
44,sub8,supLP120,3,sub8-b2__0006__turnaround.npy,19,turnaround,19,0.9970356,1,"[0.56784, 4.77844, 6.0552, -2.90537, -2.38667, 0.32068, -0.18328, -3.66216, 0.86332, -1.74586, 0.37709, 2.29755, 0.41281, -2.59002, -0.19035, 0.61383, -1.86194, 5.3019, -1.90409, 12.46559, -0.51807, 0.45677]"
44,sub8,supLP120,3,sub8-b2__0007__walk.npy,20,walk,20,0.99999213,1,"[-0.83711, -2.19767, 0.0143, 0.61048, 1.16011, 3.52674, 2.71543, -1.58309, -2.32382, -1.51132, -4.03033, 1.44757, -2.90208, 2.31396, -2.68506, -4.36982, -0.74656, -3.42974, -1.4461, -2.75375, 16.05706, 0.80423]"
44,sub8,supLP120,3,sub8-b2__0008__turnaround.npy,19,turnaround,19,0.9999963,1,"[5.94409, 6.91767, 7.41842, -4.69717, -4.28948, 0.06908, 3.094, -4.55181, 1.65004, -0.7879, -4.10833, -1.2056, -5.05836, -2.88629, 4.32836, 3.58989, -2.65154, 3.61468, 3.99054, 20.59721, 1.29181, -6.35991]"
44,sub8,supLP120,3,sub8-b2__0009__walk.npy,20,walk,20,0.91382974,1,"[4.03711, -3.13627, -2.38583, 2.09496, 3.46703, -2.03992, -4.0326, -1.45458, -1.62499, -1.72818, -4.14713, -0.21173, 3.11438, 1.29922, 1.43437, -2.87215, -5.74145, -6.47192, -0.32362, -8.3285, 7.22981, -0.88822]"
44,sub8,supLP120,3,sub8-b2__0010__turnaround.npy,19,turnaround,19,0.97909766,1,"[2.54756, 2.51133, 2.06911, -3.61076, -0.7899, -0.27497, 2.19601, -2.31593, -1.02025, -3.04495, -0.10959, 2.40678, -0.68, 0.09863, -2.96735, 4.1862, -1.6066, 0.07062, -2.61903, 8.87692, 3.27652, 0.66628]"
44,sub8,supLP120,3,sub8-b2__0011__walk.npy,20,walk,20,0.9999509,1,"[-0.33935, -0.61214, -0.08986, 0.58386, 1.77412, 4.33621, 1.22674, -2.05358, -1.99505, -1.97397, -5.42354, 1.09253, -3.32996, 2.18676, -0.75791, -5.01361, -0.4709, -2.93564, -0.54143, -1.74475, 14.57158, -0.17287]"
44,sub8,supLP120,3,sub8-b2__0012__turnaround.npy,19,turnaround,19,0.9999969,1,"[5.72441, 6.56905, 8.50719, -4.65889, -4.60399, 0.03646, 3.40212, -4.4162, 2.04285, -0.72866, -5.21249, -0.7564, -4.85353, -3.41548, 4.492, 3.27038, -2.63711, 3.64317, 3.98577, 21.39058, 1.69885, -6.52303]"
44,sub8,supLP120,3,sub8-b2__0013__walk.npy,20,walk,20,0.9110107,1,"[5.19012, -3.54881, -1.38831, 1.90451, 2.77313, -1.93748, -4.11961, -2.27326, -1.6203, -2.31451, -3.37452, -0.90209, 3.11656, 0.66396, 1.5305, -4.3441, -6.86703, -6.39358, 0.1753, -7.52186, 7.78389, -0.27197]"
44,sub8,supLP120,3,sub8-b2__0014__turnaround.npy,19,turnaround,19,0.99880517,1,"[0.79304, 4.47883, 5.91729, -2.91831, -1.62637, 1.13166, 0.51794, -3.54967, -0.4013, -1.81053, 0.78886, 2.11094, -1.23135, -1.35367, -1.89822, 1.6295, -2.04782, 4.48537, -2.37353, 13.08757, 1.17074, 0.51313]"
44,sub8,supLP120,3,sub8-b2__0015__walk.npy,20,walk,20,0.9990451,1,"[-1.38025, -0.0254, 0.25499, 1.04679, 0.57611, 4.90655, 0.2798, -2.87189, -1.15005, -2.08264, -2.84493, 1.17612, -3.01782, 1.63018, -1.76829, -5.28013, 0.50007, -1.79767, -2.14013, 0.02837, 12.00454, -0.63254]"
44,sub8,supLP120,3,sub8-b2__0016__turnaround.npy,19,turnaround,19,0.9999807,1,"[3.7484, 4.65072, 9.68848, -5.06041, -4.614, -0.2701, 2.40025, -4.96917, 3.34813, -0.38294, -3.23531, -0.86831, -4.24144, -4.09752, 4.21786, 3.64314, -3.52769, 4.92196, 3.56852, 20.56754, 1.33408, -4.85892]"
44,sub8,supLP120,3,sub8-b2__0017__walk.npy,20,walk,20,0.9709679,1,"[2.76195, -5.16754, -0.51677, 2.55933, 2.34979, -1.21335, -4.42713, -1.85004, -1.34164, 0.0785, -2.70691, -0.82172, 3.37925, -0.50923, 0.95665, -7.20391, -5.84991, -5.49272, -1.30409, -7.7981, 7.86701, 1.11198]"
44,sub8,supLP120,3,sub8-b2__0018__turnaround.npy,19,turnaround,19,0.99928194,1,"[1.1925, 3.62883, 4.56788, -2.53383, -0.93529, 0.92177, 0.40325, -3.1913, -0.42934, -2.60634, 0.41501, 1.77944, -1.82848, -0.36712, -2.38248, 2.31075, -1.76743, 3.26747, -2.40849, 12.54774, 2.53214, 0.7556]"
44,sub8,supLP120,3,sub8-b2__0019__walk.npy,20,walk,20,0.9997818,1,"[-1.24768, -0.55608, -0.07247, 1.23492, 1.38151, 3.49674, 0.55003, -2.92154, -1.32702, -1.66117, -2.83458, 3.20618, -1.47357, 1.16918, -0.73254, -6.42099, 0.23903, -2.39443, -2.37729, -2.57168, 12.74654, -1.45029]"
44,sub8,supLP120,3,sub8-b2__0020__turnaround.npy,19,turnaround,19,0.99999785,1,"[4.74456, 6.82517, 7.82199, -4.85877, -4.27701, -0.06337, 2.78495, -4.62413, 1.82446, -0.95639, -4.31027, -2.00576, -5.05529, -2.92741, 4.87053, 4.09909, -2.47687, 4.58821, 4.18676, 21.32341, 1.13453, -5.66496]"
44,sub8,supLP120,3,sub8-b2__0021__hop.npy,9,hop,9,0.859639,1,"[0.83805, -2.52363, -1.04127, 3.73556, -1.02959, -3.065, -9.56297, -5.48086, 0.09529, 9.71826, 7.86416, -3.74702, -1.95235, -5.45535, 4.16044, -7.8078, -3.7326, -7.70906, -0.67156, -4.27521, -4.22209, -2.12831]"
44,sub8,supLP120,3,sub8-b2__0023__hop.npy,9,hop,9,0.93394125,1,"[1.36898, -5.2339, -5.12381, 3.74328, 4.87264, -3.89499, -9.53125, -5.22872, -3.03844, 8.35291, 3.71109, -3.39004, -2.10435, -1.4564, 4.36873, -6.57467, -2.36538, -7.85364, 0.32375, -7.88124, 0.25909, -1.86506]"
44,sub8,supLP120,3,sub8-b2__0024__hop.npy,9,hop,9,0.6589463,1,"[2.20372, -4.35122, -5.20747, 3.42613, 5.24199, -2.78578, -8.68894, -5.19899, -2.7369, 6.41207, 1.84947, -2.12507, -1.13561, -0.82417, 4.09014, -7.68568, -2.36402, -7.97087, -0.74339, -8.28755, 2.91964, -1.72127]"
44,sub8,supLP120,3,sub8-b2__0025__hop.npy,9,hop,9,0.98451114,1,"[0.33318, -5.1163, -4.88213, 4.38388, 3.75772, -3.02824, -8.51883, -5.85948, -2.92776, 10.06166, 5.26592, -3.6535, -2.20621, -1.76676, 3.88056, -8.43485, -1.74615, -7.62518, -0.19062, -7.61162, -0.71527, -1.68291]"
44,sub8,supLP120,3,sub8-b2__0026__hop.npy,9,hop,9,0.9215905,1,"[1.0591, -6.19018, -3.80002, 4.32279, 4.07172, -3.39896, -8.35196, -5.65878, -3.12161, 8.46083, 5.50703, -3.45878, -1.45881, -0.7395, 2.58342, -8.96997, -3.34247, -7.95309, -0.61641, -7.91918, 1.2628, -0.63656]"
44,sub8,supLP120,3,sub8-b2__0027__hop.npy,9,hop,9,0.99246275,1,"[-1.9108, -3.01777, -3.49448, 4.51174, 2.08095, -3.56181, -9.79812, -5.70996, -1.40908, 11.80647, 6.74772, -3.10514, -2.27403, -4.59273, 4.18793, -7.72709, -1.1317, -7.26239, -0.94801, -6.32669, -4.31435, -2.915]"
44,sub8,supLP120,3,sub8-b2__0028__jump.npy,10,jump,10,0.5401202,1,"[2.23323, -2.16064, -3.56232, 3.23945, -1.31501, -3.5169, -11.06017, -3.27904, 0.39285, 8.06646, 8.3131, -3.66914, 0.07808, -7.01897, 5.51049, -7.93305, -4.26072, -7.30014, -1.79688, -7.38875, -7.57524, -2.29646]"
44,sub8,supLP120,3,sub8-b2__0029__jump.npy,10,jump,10,0.90491664,1,"[4.99162, -0.27404, -1.89619, 2.55881, -4.6049, -2.50411, -10.86371, -2.76835, 2.05885, 5.52059, 8.94982, -4.02614, 0.5606, -7.83469, 5.96319, -8.33875, -6.06795, -7.52712, -1.38314, -6.22608, -8.22561, -2.27229]"
44,sub8,supLP120,3,sub8-b2__0030__jump.npy,10,jump,0,0.51480144,0,"[5.18969, -5.50903, -0.20759, 3.60725, -0.37594, -1.88342, -8.70818, -2.69844, 0.44913, 1.61344, 4.3046, -3.01095, 3.32843, -3.13241, 2.10499, -9.43734, -8.17816, -6.66709, -1.22495, -7.47494, 1.26032, 2.289]"
44,sub8,supLP120,3,sub8-b2__0031__jump.npy,10,jump,3,0.42680925,0,"[4.68778, -1.33414, -6.76281, 4.68832, 0.63884, 1.02896, -7.2784, 1.19794, -2.1688, -1.68594, -0.41452, -1.71294, -0.22698, 2.27697, 1.21129, -3.39318, -3.39269, -8.62776, 0.12659, -12.15181, 2.54745, -3.25475]"
44,sub8,supLP120,3,sub8-b2__0032__jump.npy,10,jump,10,0.92432886,1,"[3.25551, -3.95029, -1.75703, 3.31296, -1.35697, -3.94555, -10.5176, -3.42125, -0.47012, 8.19326, 10.71752, -3.74605, -0.84037, -6.73259, 3.1423, -8.06424, -6.5298, -6.53165, -0.774, -6.5782, -5.60057, -1.07588]"
44,sub8,supLP120,3,sub8-b2__0033__runonspot.npy,13,runonspot,13,0.89679366,1,"[2.24517, -0.51363, -5.0764, 1.54835, 1.65586, -3.1591, -3.6768, -2.80141, -2.95261, -0.70311, 6.10461, -4.07343, -3.64996, 8.32345, -1.9745, -3.60054, -3.1672, -8.41056, 0.5963, -3.78747, -0.17572, 0.94029]"
44,sub8,supLP120,3,sub8-b2__0034__runonspot.npy,13,runonspot,13,0.9930062,1,"[0.60972, -0.92964, -5.51429, 3.80367, 2.4672, -2.06744, -3.43891, -3.15481, -3.27319, -2.83788, 4.19492, -3.45566, -2.94263, 9.89233, -3.09613, -3.77084, -3.54183, -9.16334, -0.28003, -4.28456, 2.43708, 0.31224]"
44,sub8,supLP120,3,sub8-b2__0035__runonspot.npy,13,runonspot,13,0.99698585,1,"[1.63363, -0.13695, -6.85976, 3.47586, 2.68011, -1.08196, -2.43234, -2.22567, -4.0928, -3.31018, 2.8472, -4.13057, -3.90219, 10.34661, -3.31565, -2.11046, -3.50636, -9.42298, 1.6004, -4.59187, 2.84783, 0.00093]"
44,sub8,supLP120,3,sub8-b2__0036__runonspot.npy,13,runonspot,13,0.99767727,1,"[1.54106, -0.21965, -5.05043, 3.10581, 3.24848, -0.86652, -2.38791, -3.06931, -4.77409, -3.1461, 3.21507, -4.33782, -4.61084, 10.84804, -3.49615, -3.39681, -3.38918, -8.64929, 2.45242, -2.66863, 3.32499, 0.06637]"
44,sub8,supLP120,3,sub8-b2__0037__runonspot.npy,13,runonspot,13,0.99792236,1,"[1.32821, 0.68489, -5.03085, 3.39611, 3.45234, -0.35903, -1.77681, -2.39242, -5.08333, -3.81959, 2.07437, -4.32669, -4.57896, 10.88217, -3.28742, -1.99499, -3.29616, -8.23703, 2.84591, -1.91342, 2.81279, -0.89021]"
44,sub8,supLP120,3,sub8-b2__0038__buttkicks.npy,4,buttkicks,13,0.9818824,0,"[0.75421, 0.84513, -5.39008, 3.24684, 2.97157, -1.41851, -2.51099, -2.81349, -4.47087, -1.72327, 4.94794, -4.28179, -4.75446, 9.31664, -2.53854, -2.75425, -2.99238, -7.95154, 2.53436, -2.72718, -0.12405, -1.22444]"
44,sub8,supLP120,3,sub8-b2__0039__buttkicks.npy,4,buttkicks,4,0.99914,1,"[-3.87353, -4.07016, -7.30975, 2.60622, 12.95747, -4.72742, -6.76222, -5.3927, -5.40227, 5.30423, 1.14635, -0.48027, -2.30056, 3.18473, 2.28005, -2.28457, -2.06844, -5.28146, 0.16363, -8.18802, 4.7084, -3.41343]"
44,sub8,supLP120,3,sub8-b2__0041__buttkicks.npy,4,buttkicks,4,0.9673342,1,"[-2.52734, -3.22113, -7.04316, 3.50312, 11.45232, -3.4115, -9.06165, -6.26816, -4.83992, 7.90918, 1.59123, -1.35457, -1.88504, -0.22199, 6.02562, -4.25718, -1.27097, -4.89202, -1.37836, -8.51947, 0.77035, -4.91314]"
44,sub8,supLP120,3,sub8-b2__0042__buttkicks.npy,4,buttkicks,4,0.9145228,1,"[-5.39842, -3.16771, -6.86744, 3.26569, 11.04657, -4.14386, -8.50506, -6.20709, -5.23377, 8.62046, 5.23584, -1.57011, -2.43707, -0.43788, 4.62945, -4.29283, -0.55387, -4.46398, -0.31583, -6.01649, -1.88868, -5.09763]"
44,sub8,supLP120,3,sub8-b2__0043__buttkicks.npy,4,buttkicks,4,0.70653605,1,"[-2.83797, -4.26885, -7.67812, 4.39615, 9.58048, -4.70477, -9.60584, -5.79923, -4.35211, 8.66786, 4.19971, -1.77791, -2.98524, -0.8269, 3.93488, -4.86395, -0.69993, -6.25525, -0.85913, -7.97063, -1.00848, -3.7664]"
44,sub8,supLP120,3,sub8-b2__0044__airkick.npy,0,airkick,0,0.744142,1,"[6.99091, -5.56071, 3.46956, -0.33401, -1.49825, -3.4876, -4.37591, -1.65226, -1.1574, 2.97436, 5.64471, -2.40685, 2.63707, -5.52356, 2.59426, -4.71358, -8.88588, -2.21216, -0.02378, -3.73281, -3.47043, 2.20354]"
44,sub8,supLP120,3,sub8-b2__0045__airkick.npy,0,airkick,0,0.9298949,1,"[8.88087, -4.23389, 3.68726, -0.0164, -2.76951, -2.97809, -6.48864, -2.60704, -0.53625, 2.52355, 5.70036, -2.13648, 3.15714, -6.6548, 5.10081, -5.50862, -8.87848, -2.88631, -0.84123, -3.10879, -4.49508, -0.20962]"
44,sub8,supLP120,3,sub8-b2__0046__airkick.npy,0,airkick,0,0.8997701,1,"[7.54463, -6.17081, 1.44323, 0.11412, -0.91966, -4.4269, -5.81688, -1.30288, -0.51207, 1.60812, 4.31132, -2.7901, 2.69223, -4.56417, 2.5746, -5.57912, -9.28647, -4.11782, 0.64531, -4.78878, -1.35139, 4.54615]"
44,sub8,supLP120,3,sub8-b2__0047__airkick.npy,0,airkick,0,0.99805945,1,"[13.14923, -1.34714, 3.25324, -2.62711, -2.81801, -3.77756, -5.02647, -3.12716, -0.5462, 1.92925, 3.26211, -2.17394, 1.303, -6.35964, 6.83887, -4.08559, -6.89019, -3.02119, -0.20474, -1.67273, -4.18362, -0.79053]"
44,sub8,supLP120,3,sub8-b2__0048__airkick.npy,0,airkick,0,0.5634218,1,"[10.80742, 0.69223, -0.51283, -5.25987, 0.13043, -2.52189, -3.37022, -3.91179, -2.6794, 2.47318, 0.95461, -1.5484, -0.91214, -5.41808, 10.55182, -2.06861, -3.32491, -2.49358, -0.34144, -0.8546, -4.95753, -2.29409]"
44,sub8,supLP120,3,sub8-b2__0049__airkick.npy,0,airkick,0,0.90964395,1,"[9.3239, -2.19474, -0.05483, -2.90665, 1.63578, -4.4045, -4.22744, -3.40777, -2.36481, 1.37511, 0.50766, -0.26168, 2.18919, -4.6286, 6.99346, -2.1802, -5.51168, -3.01863, -0.05349, -3.37034, -2.26797, -1.18516]"
44,sub8,supLP120,3,sub8-b2__0050__airkick.npy,0,airkick,0,0.9795902,1,"[11.76075, -0.52742, 1.58947, -3.66308, -1.15538, -3.91293, -4.05598, -3.30953, -1.25288, 0.87055, 0.46349, -0.41082, 2.24471, -5.74122, 7.88146, -3.30312, -5.27133, -2.67794, -0.14813, -1.87546, -3.68146, -1.25738]"
44,sub8,supLP120,3,sub8-b2__0051__sidekick.npy,14,sidekick,14,0.985544,1,"[3.91792, 3.03311, -3.89028, -4.63361, 1.936, -2.22999, -2.46583, -3.19349, -2.56338, -3.85634, 0.03407, 2.90764, 2.54575, -3.43582, 8.96365, -1.3482, 0.30565, -2.16842, 0.81872, -2.36841, -5.01666, -3.50312]"
44,sub8,supLP120,3,sub8-b2__0053__sidekick.npy,14,sidekick,14,0.9999021,1,"[3.54071, 2.26704, -5.24285, -4.32815, 0.6046, 0.15013, -2.51052, -2.26607, -2.94358, -0.48736, -1.36199, -0.97992, -0.34309, -2.78673, 13.2998, -3.28316, 1.00573, -2.82133, 1.77894, -1.54338, -4.87098, -3.26978]"
44,sub8,supLP120,3,sub8-b2__0054__sidekick.npy,14,sidekick,14,0.9986248,1,"[3.02945, 1.81013, -5.32967, -3.55625, 2.59635, -1.64351, -2.99018, -3.28133, -3.3927, -0.6105, 0.01596, 0.2817, 1.35908, -2.05245, 10.51202, -2.50296, -0.44763, -3.34305, 0.85411, -4.45795, -4.80941, -3.72653]"
44,sub8,supLP120,3,sub8-b2__0055__crosstoe.npy,6,crosstoe,6,0.9751433,1,"[-5.4822, 4.93243, 7.67082, -8.90305, -8.09671, -0.8924, 17.63864, -0.21573, -2.62155, -4.04133, -2.61035, 13.96702, 3.17021, -6.40324, -3.46016, 0.28395, -0.35846, 3.22225, 2.90194, 5.04077, -2.57488, -1.44063]"
44,sub8,supLP120,3,sub8-b2__0056__crosstoe.npy,6,crosstoe,6,0.9927891,1,"[-4.20877, 4.57359, 8.45291, -8.77334, -7.56631, -1.46692, 17.25308, -1.13316, -2.42853, -3.3945, -3.76697, 12.30499, 3.17713, -6.21104, -2.2885, 0.38358, -1.37503, 3.01798, 3.04139, 5.76949, -1.75262, -2.13117]"
44,sub8,supLP120,3,sub8-b2__0057__crosstoe.npy,6,crosstoe,6,0.9947219,1,"[-4.37102, 5.00536, 7.96087, -9.09265, -7.92423, -1.52786, 17.77207, -0.61872, -2.44698, -3.77312, -2.90889, 12.52097, 2.7935, -5.94761, -3.58513, 0.24991, -1.33714, 2.67132, 3.86699, 5.58345, -2.17085, -1.3459]"
44,sub8,supLP120,3,sub8-b2__0058__crosstoe.npy,6,crosstoe,6,0.99672556,1,"[-4.71346, 4.43171, 8.40187, -8.78666, -7.64901, -1.35327, 18.2983, -1.06092, -2.67563, -4.00526, -2.94296, 12.56321, 3.24552, -6.19302, -2.92722, 0.24647, -1.69038, 3.53433, 3.4132, 5.31838, -2.38077, -1.57241]"
44,sub8,supLP120,3,sub8-b2__0059__crosstoe.npy,6,crosstoe,6,0.9955889,1,"[-4.95496, 4.72868, 8.07959, -8.97789, -8.09174, -1.44667, 18.44034, -0.82885, -2.52206, -4.21484, -2.86826, 13.01327, 3.19951, -6.414, -3.20212, 0.30892, -1.09086, 3.2663, 3.33953, 4.76112, -2.76811, -1.33096]"
44,sub8,supLP120,3,sub8-b2__0060__throw.npy,18,throw,18,0.39109308,1,"[4.98676, 3.49641, -4.51688, 3.53248, -5.51532, -2.25143, -4.38495, 2.12752, 2.35464, -0.16272, 2.14838, -0.65051, -0.43248, -2.15575, -0.1031, -9.03077, -2.84694, -9.61986, 5.0585, -7.35215, -1.58086, -0.94788]"
44,sub8,supLP120,3,sub8-b2__0061__throw.npy,18,throw,18,0.9832849,1,"[1.39667, 3.71325, -1.582, 5.02263, -4.40343, -1.57395, -3.20983, 1.97521, -0.34026, 0.75292, 3.03817, -3.49039, -3.51937, 0.39893, -1.56515, -8.87172, -1.96712, -6.08457, 9.5161, -5.00453, -0.69176, -1.77921]"
44,sub8,supLP120,3,sub8-b2__0062__throw.npy,18,throw,18,0.9836263,1,"[1.58225, 3.08494, -1.06609, 5.10932, -4.53467, -1.81488, -3.41091, 2.16923, 0.37207, 1.41504, 3.68957, -4.3836, -4.48798, 0.33883, -2.59776, -8.73797, -2.50359, -5.77591, 9.61645, -3.60424, -0.4195, -0.92439]"
44,sub8,supLP120,3,sub8-b2__0063__throw.npy,18,throw,18,0.9431199,1,"[-0.04353, 6.03832, -2.21379, 3.47216, -5.10035, 0.1555, -3.27992, 2.58374, 0.86058, 1.01865, 2.97904, -3.99053, -6.33928, -1.42699, -3.02625, -8.78324, -0.59272, -7.18081, 9.00847, -2.17203, -2.58438, -2.49545]"
44,sub8,supLP120,3,sub8-b2__0064__throw.npy,18,throw,18,0.971752,1,"[0.64605, 2.62599, -1.71819, 6.52425, -4.82252, -0.72048, -4.3744, 3.31882, -0.24813, 1.83395, 3.50689, -4.77194, -5.34721, 0.40062, -3.14515, -9.79288, -1.43606, -6.92695, 10.18233, -4.98346, -1.13013, -1.07106]"
44,sub8,supLP120,3,sub8-b2__0065__walk.npy,20,walk,20,0.94936854,1,"[4.43486, -5.84586, 0.73229, 2.865, 1.52974, -1.2427, -5.00488, -1.8708, -1.46856, -0.60446, -1.88651, -1.85731, 2.87276, -0.84726, 0.99528, -7.34266, -7.42737, -4.81963, -0.68668, -6.59824, 7.85778, 1.86382]"
44,sub8,supLP120,3,sub8-b2__0066__turnaround.npy,19,turnaround,19,0.99805105,1,"[1.16569, 3.36744, 3.70404, -3.65629, -1.15506, 0.03958, 0.9447, -3.53403, -0.5755, -2.67926, 0.69767, 2.69593, -0.71363, -0.29795, -2.10652, 2.22614, -1.59269, 2.59345, -2.40778, 11.10467, 2.06279, 1.22366]"
44,sub8,supLP120,3,sub8-b2__0067__walk.npy,20,walk,20,0.99999726,1,"[0.89442, -1.51823, -1.06334, 0.49843, 2.51133, 3.409, 1.75478, -2.19408, -2.53146, -1.89745, -5.55392, 0.739, -4.02028, 2.62494, -1.08789, -2.86997, -1.24718, -3.88974, -0.15292, -3.1089, 17.09988, 0.29964]"
44,sub8,supLP120,3,sub8-b2__0068__turnaround.npy,19,turnaround,19,0.9999949,1,"[4.81194, 5.10984, 9.05276, -4.79664, -4.8275, -0.22874, 1.85914, -4.89953, 3.00602, -0.72912, -3.05402, -1.57534, -4.87108, -3.78565, 4.66906, 4.02734, -3.18311, 4.75724, 3.92213, 21.30455, 1.38661, -4.78523]"
44,sub8,supLP120,3,sub8-b2__0069__walk.npy,20,walk,20,0.9465066,1,"[5.7084, -2.61762, -3.02633, 1.77754, 3.02768, -1.95113, -3.60661, -1.56155, -1.63231, -2.68651, -4.68913, -1.2442, 1.73088, 1.59758, 1.79846, -2.94854, -6.43778, -7.28787, 1.46746, -8.11872, 8.73275, -0.64203]"
44,sub8,supLP120,3,sub8-b2__0070__turnaround.npy,19,turnaround,19,0.9617674,1,"[1.75441, 1.89739, 2.64926, -3.16579, -0.60457, -0.41443, 1.69443, -2.83293, -1.41529, -3.14927, 1.26854, 2.69142, -0.29847, 0.7986, -3.099, 1.52923, -1.95205, 0.85617, -2.29269, 7.74734, 3.2758, 1.22971]"
44,sub8,supLP120,3,sub8-b2__0072__turnaround.npy,19,turnaround,19,0.9999974,1,"[5.78485, 6.40418, 8.81584, -4.0867, -5.1937, 0.15218, 2.11056, -5.00207, 2.79801, -0.60237, -4.69444, -1.52712, -5.37001, -3.47012, 4.92775, 3.36203, -2.68818, 3.86864, 3.65725, 21.85875, 0.67267, -6.57495]"
44,sub8,supLP120,3,sub8-b2__0073__walk.npy,20,walk,20,0.9783292,1,"[4.17335, -6.34667, 0.62357, 2.93651, 1.26168, -1.74239, -4.81564, -1.61428, -1.6432, -0.29351, -1.39457, -2.03839, 2.39783, -0.54251, 0.00204, -7.81913, -7.26925, -5.54556, -0.52822, -6.8081, 8.61866, 2.91904]"
44,sub8,supLP120,3,sub8-b2__0074__turnaround.npy,19,turnaround,19,0.99921405,1,"[-1.27714, 4.39771, 7.0657, -1.59485, -1.7839, 1.06659, 0.4395, -3.70456, 0.2553, -1.84788, 0.04517, 1.79387, -1.7259, -1.26513, -2.30812, 2.40011, -2.37275, 6.49337, -2.28243, 14.71976, 1.23064, -0.07327]"
44,sub8,supLP120,3,sub8-b2__0075__walk.npy,20,walk,20,0.9999409,1,"[-0.84216, -1.83321, 0.87104, 1.43283, 1.9348, 4.56966, 0.68086, -2.92634, -2.0855, -1.17109, -3.59103, 1.54318, -2.98211, 1.05551, -1.53654, -4.74997, -0.09417, -1.38162, -1.6109, -3.00192, 14.54465, -0.66808]"
44,sub8,supLP120,3,sub8-b2__0076__turnaround.npy,19,turnaround,19,0.99999964,1,"[5.50049, 6.08316, 7.09403, -3.82221, -3.27523, -0.13284, 3.35026, -4.80941, 0.52305, -0.38332, -4.5962, -1.57288, -5.93004, -2.02785, 4.14035, 4.69231, -2.56423, 3.66986, 3.62193, 22.56859, 2.51709, -6.63559]"
44,sub8,supLP120,3,sub8-b2__0078__turnaround.npy,19,turnaround,19,0.99672866,1,"[1.73469, 2.08764, 3.49301, -3.6296, -1.19617, 0.07415, 1.76894, -2.7382, -0.84491, -3.2184, 0.51882, 2.53611, -0.97867, -0.2957, -2.9546, 4.07098, -2.12922, 2.0016, -2.48348, 10.85152, 3.42746, 0.9073]"
44,sub8,supLP120,3,sub8-b2__0079__walk.npy,20,walk,20,0.9999658,1,"[-1.52138, -1.9177, -0.70043, 1.32377, 0.87445, 5.17265, 2.02036, -0.52358, -2.96886, -1.25764, -4.10553, 0.91971, -4.60655, 2.97054, -4.25938, -3.30038, 0.2213, -3.70559, -1.27375, -3.04254, 15.67184, 1.25997]"
44,sub8,supLP120,3,sub8-b2__0080__turnaround.npy,19,turnaround,19,0.99999857,1,"[7.26986, 5.35498, 5.97977, -2.85859, -3.05984, -0.24829, 3.15124, -4.63443, -0.2303, 0.17956, -5.14702, -1.68601, -5.80834, -1.76173, 4.53019, 4.46278, -2.33879, 2.63183, 3.0998, 21.16626, 2.53668, -6.53836]"
44,sub8,supLP120,3,sub8-b2__0081__walk.npy,20,walk,20,0.94787943,1,"[4.87529, -2.34796, -3.63691, 2.07114, 3.40446, -0.99763, -4.25307, -1.95186, -1.12533, -2.78529, -4.35811, -1.15481, 2.79311, 0.83231, 2.15022, -4.17408, -6.75257, -7.50424, 0.6592, -9.69776, 8.19866, -1.01637]"
44,sub8,supLP120,3,sub8-b2__0082__turnaround.npy,19,turnaround,19,0.9991854,1,"[0.02079, 4.72513, 5.61109, -2.41479, -2.04337, 0.43276, 0.07931, -3.99145, 0.84134, -1.96041, 0.28169, 2.16222, -0.62758, -2.02353, -1.14099, 2.13095, -1.84346, 5.67723, -2.68661, 13.67347, 0.31943, 0.45023]"
44,sub8,supLP120,3,sub8-b2__0083__walk.npy,20,walk,20,0.99982053,1,"[1.9963, -0.31004, -0.33382, -1.11705, 1.26848, 1.48113, 1.41903, -2.52724, -1.75157, -3.60853, -2.11802, 2.81651, -0.23478, 1.10191, -2.12067, -0.27873, -1.8289, -4.83804, -1.90888, -4.18026, 12.40972, -0.4041]"
44,sub8,supLP120,3,sub8-b2__0084__turnaround.npy,19,turnaround,19,0.9999974,1,"[6.80092, 4.98845, 3.40042, -1.44252, -1.89817, 0.39953, 4.62718, -3.59344, -1.97233, -0.97741, -7.32547, -1.33466, -5.27074, -0.73175, 2.93957, 5.65677, -1.83568, 0.28024, 2.96801, 20.21769, 4.74296, -6.61775]"
44,sub8,supLP120,3,sub8-b2__0085__walk.npy,20,walk,20,0.95990753,1,"[5.60157, -2.05741, -4.52954, 1.84888, 3.76395, -1.66676, -3.93873, -1.7172, -1.62637, -2.71343, -5.59897, -1.12341, 1.4966, 1.88479, 2.43018, -2.21024, -5.27346, -8.02778, 1.04986, -9.91164, 9.0251, -1.53226]"
44,sub8,supLP120,3,sub8-b2__0086__turnaround.npy,19,turnaround,19,0.99927634,1,"[-0.41642, 4.62655, 4.38379, -1.52618, -1.45837, 1.03138, 0.15715, -3.59046, 0.14343, -2.69368, 0.81895, 1.8415, -2.12018, -0.11977, -2.73436, 2.15273, -1.80905, 3.14337, -3.37625, 12.71974, 2.26723, 0.74864]"
44,sub8,supLP120,3,sub8-b2__0087__walk.npy,20,walk,20,0.99999404,1,"[0.69772, -1.71811, -1.12222, -0.18009, 0.48923, 3.17341, 2.54491, -1.06561, -3.10265, -2.20468, -4.43415, 0.66922, -2.75062, 2.62587, -2.83672, -4.02645, -0.24253, -5.05091, -1.22856, -3.69828, 16.17772, 1.5105]"
44,sub8,supLP120,3,sub8-b2__0088__turnaround.npy,19,turnaround,19,0.9999981,1,"[6.65881, 5.38692, 4.1521, -1.84765, -1.79076, 0.20587, 4.23729, -3.72134, -1.99215, -1.18606, -6.74799, -1.52827, -5.34389, -0.76816, 3.26902, 4.99838, -1.73585, 0.89204, 3.16569, 20.43766, 4.38403, -6.87003]"
44,sub8,supLP120,3,sub8-b2__0089__hop.npy,9,hop,9,0.8852174,1,"[0.24216, -4.95157, -3.14015, 3.88666, 1.77577, -3.43214, -9.44428, -5.78228, -1.88025, 10.08478, 7.99771, -2.6874, -0.98382, -4.62533, 4.34996, -8.95449, -3.6132, -7.36735, -1.11862, -7.02305, -2.77332, -2.14107]"
44,sub8,supLP120,3,sub8-b2__0090__hop.npy,9,hop,9,0.93530196,1,"[0.25861, -5.37828, -6.95468, 4.32995, 5.98926, -4.04834, -10.00433, -5.41248, -3.31751, 9.18938, 4.78828, -3.17431, -1.85846, -1.01194, 4.36054, -7.98656, -1.69042, -8.16711, -0.25272, -9.47458, -0.10266, -1.90169]"
44,sub8,supLP120,3,sub8-b2__0091__hop.npy,9,hop,9,0.88824594,1,"[-2.83604, -2.5677, -1.39127, 3.48026, 1.29907, -1.98193, -7.32424, -6.5256, -2.25105, 10.15547, 8.05848, -2.23056, -2.01689, -3.54147, 3.66132, -7.14714, -1.69601, -5.20947, -0.36329, -4.25436, -3.46728, -3.67433]"
44,sub8,supLP120,3,sub8-b2__0092__hop.npy,9,hop,9,0.99145234,1,"[-1.36966, -3.55675, -6.73746, 4.55112, 5.5131, -3.12208, -9.03622, -6.02542, -3.47627, 11.19924, 4.34049, -2.82103, -2.70782, -2.1306, 5.32849, -8.18732, 0.92061, -7.23191, 0.13503, -8.73562, -1.71528, -3.32133]"
44,sub8,supLP120,3,sub8-b2__0094__jump.npy,10,jump,20,0.5777888,0,"[3.36262, -3.365, -3.89158, 0.86139, 2.21273, -3.47927, -4.48714, -3.60764, -3.04988, 0.43979, 3.23205, 1.00965, 1.84063, 1.58757, -0.32794, -7.22581, -4.32287, -7.47104, -0.52037, -9.39891, 4.75516, 0.79063]"
44,sub8,supLP120,3,sub8-b2__0095__jump.npy,10,jump,10,0.9993832,1,"[-1.06774, 2.92463, -0.98965, 3.91174, -2.13474, 0.0529, -5.70678, -1.41564, -0.41642, 0.83415, 11.81979, -4.02527, -4.66175, 2.02967, -4.44065, -5.64075, -5.18471, -4.98691, 0.07691, -1.43491, -4.42808, 0.15184]"
44,sub8,supLP120,3,sub8-b2__0097__jump.npy,10,jump,10,0.9984408,1,"[-1.14912, 1.63918, -3.51394, 3.66577, -0.37393, -0.59196, -4.80131, -3.39716, -1.72843, -0.91795, 10.94722, -2.06763, -1.94254, 3.70664, -3.05996, -5.51767, -4.44614, -6.19663, -0.90265, -3.90743, -4.14442, -0.27289]"
44,sub8,supLP120,3,sub8-b2__0098__jump.npy,10,jump,10,0.9981658,1,"[0.24398, 1.72366, -4.06841, 2.73204, -0.40251, 0.19782, -4.72485, -3.82989, -1.66065, -1.97608, 9.98988, -0.87778, -1.07644, 2.6302, -1.87588, -6.08116, -3.77548, -6.04996, -1.29591, -4.63566, -4.0526, -0.80994]"
44,sub8,supLP120,3,sub8-b2__0099__jump.npy,10,jump,10,0.64189893,1,"[1.99519, 0.08761, -6.835, 2.40054, 1.93428, 0.44574, -4.97379, -3.72671, -2.96472, -4.49374, 6.27351, -0.2638, -0.65989, 5.57924, -2.43827, -5.69732, -1.79992, -8.22176, -0.48293, -8.09143, -1.20399, -0.72788]"
44,sub8,supLP120,3,sub8-b2__0100__runonspot.npy,13,runonspot,13,0.98890334,1,"[2.0064, -0.90811, -5.41346, 1.547, 3.27999, -2.37194, -2.73644, -4.17827, -4.10528, -2.00379, 4.30133, -2.36585, -2.73619, 9.28836, -1.46831, -3.74944, -1.89116, -8.39798, 0.85702, -4.73265, 1.39701, 0.10065]"
44,sub8,supLP120,3,sub8-b2__0102__runonspot.npy,13,runonspot,13,0.9964437,1,"[0.24308, -1.38013, -5.38928, 2.59734, 3.80529, -2.03906, -2.28707, -2.98956, -4.14912, -3.28601, 2.26534, -2.92971, -2.68058, 10.55273, -2.77493, -2.06163, -2.83628, -8.15145, 1.48151, -4.16904, 4.11418, -0.25584]"
44,sub8,supLP120,3,sub8-b2__0103__runonspot.npy,13,runonspot,13,0.9971059,1,"[1.76401, -1.18041, -5.55223, 2.52531, 3.93093, -2.30487, -3.10201, -4.11034, -4.22171, -3.60063, 2.64274, -2.50539, -2.53354, 10.49467, -2.38289, -3.3185, -2.03987, -8.87892, 0.98403, -4.69381, 2.81128, 0.2304]"
44,sub8,supLP120,3,sub8-b2__0104__runonspot.npy,13,runonspot,13,0.9886873,1,"[2.53539, -0.7117, -6.36053, 1.95091, 3.3604, -2.67846, -3.35028, -4.53552, -3.74625, -2.92846, 4.3351, -1.94735, -1.75816, 9.34916, -2.01492, -3.79134, -2.50347, -9.12654, 0.02393, -6.31058, 1.33754, -0.51085]"
44,sub8,supLP120,3,sub8-b2__0106__buttkicks.npy,4,buttkicks,4,0.9971616,1,"[-3.45756, -3.73166, -8.26927, 3.84254, 12.78023, -3.96788, -8.82305, -6.20988, -5.18106, 6.73838, 2.084, -1.56336, -2.40687, 1.3062, 4.58643, -3.96772, -1.28409, -5.60445, 0.03503, -9.18656, 2.13199, -4.35834]"
44,sub8,supLP120,3,sub8-b2__0107__buttkicks.npy,4,buttkicks,4,0.99960524,1,"[-4.32136, -2.63595, -7.41587, 2.45897, 13.9509, -3.65997, -7.47605, -6.80724, -5.46761, 4.50132, 0.50885, 0.03356, -0.95052, 0.71501, 5.81555, -2.85464, -1.09769, -4.23022, -0.19769, -8.15921, 2.11343, -4.89714]"
44,sub8,supLP120,3,sub8-b2__0108__buttkicks.npy,4,buttkicks,4,0.99824667,1,"[-2.87007, -2.6249, -8.35466, 2.74352, 12.97984, -3.49737, -7.96726, -6.61573, -4.92349, 4.62179, -0.18538, -0.73076, -1.18826, 0.39744, 6.43284, -3.3899, -1.14439, -5.14023, -0.41897, -9.23815, 2.89543, -4.56543]"
44,sub8,supLP120,3,sub8-b2__0109__buttkicks.npy,4,buttkicks,4,0.99363106,1,"[-3.68087, -4.06743, -8.88256, 3.53173, 12.00743, -5.77143, -8.35456, -5.16697, -5.3623, 6.84372, 3.81147, -1.43355, -2.42404, 1.86963, 3.14744, -3.21152, -1.33405, -5.85054, 0.40892, -8.4725, 0.49489, -4.02191]"
44,sub8,supLP120,3,sub8-b2__0110__buttkicks.npy,4,buttkicks,4,0.99949074,1,"[-3.77559, -2.90348, -9.14509, 2.05907, 13.20541, -4.71495, -7.41766, -5.58625, -5.58666, 4.21656, 0.9895, -0.29454, -1.32456, 1.10235, 5.2445, -1.61078, -0.17231, -4.77031, 0.44661, -8.19316, 0.83038, -4.8832]"
44,sub8,supLP120,3,sub8-b2__0111__airkick.npy,0,airkick,0,0.9827466,1,"[10.04204, -2.27857, 3.12502, -4.27462, -2.45922, -3.77978, -1.85323, -2.61524, -1.77765, 1.63182, 2.58961, 0.10459, 2.47637, -6.23611, 5.84538, -3.28042, -6.37393, -1.66007, -0.39996, -1.6311, -3.97973, 0.54521]"
44,sub8,supLP120,3,sub8-b2__0112__airkick.npy,0,airkick,0,0.8941963,1,"[9.50554, -1.55127, 1.01775, -3.59711, -0.83673, -3.75588, -3.94296, -3.0606, -1.82084, 2.28293, 2.36617, -0.45268, 2.05644, -5.93667, 7.34969, -2.92216, -6.11073, -2.61293, -0.62642, -2.42023, -4.79312, -0.81343]"
44,sub8,supLP120,3,sub8-b2__0113__airkick.npy,0,airkick,0,0.98433787,1,"[11.78955, -0.50974, 1.26054, -3.39613, -2.13046, -3.45248, -3.51212, -3.09777, -1.74165, 1.3091, 2.01491, -0.04485, 2.08217, -6.02959, 7.63655, -3.58782, -5.91809, -2.90986, -0.82914, -2.78032, -4.14878, -1.37736]"
44,sub8,supLP120,3,sub8-b2__0114__airkick.npy,0,airkick,0,0.99703157,1,"[10.81437, -1.13809, 2.11008, -4.68265, -1.61233, -3.92642, -1.13855, -2.29969, -1.06138, -1.02637, 0.87485, 1.34989, 2.44952, -4.95558, 4.76439, -2.26929, -5.1076, -1.93053, 0.5844, -0.784, -2.30763, -0.83441]"
44,sub8,supLP120,3,sub8-b2__0115__airkick.npy,0,airkick,0,0.98493135,1,"[10.61776, -1.91135, 2.12048, -3.0012, -1.76382, -3.29504, -3.69858, -2.49817, -0.84378, -0.4046, 0.96242, 0.07561, 3.68517, -6.01866, 6.346, -3.24146, -6.69617, -2.29594, -0.68359, -2.5869, -3.66073, -0.53637]"
44,sub8,supLP120,3,sub8-b2__0118__sidekick.npy,14,sidekick,14,0.9992987,1,"[2.11614, 3.33278, -4.96855, -3.71438, 2.00141, -1.08618, -3.44609, -2.34999, -3.31208, -1.56308, 0.20964, 1.71726, 1.31856, -3.90476, 11.351, -1.50071, 1.14435, -1.39081, -0.00537, -2.97543, -6.0976, -4.73529]"
44,sub8,supLP120,3,sub8-b2__0119__sidekick.npy,14,sidekick,14,0.9860269,1,"[4.46827, 1.79233, -4.40458, -3.28192, 0.09642, -1.29766, -2.56266, -1.28786, -2.98702, -2.61555, -0.52742, 1.77537, 2.07272, -3.62242, 8.97802, -2.23087, -0.31008, -2.87377, 0.58713, -3.74425, -5.07276, -3.4751]"
44,sub8,supLP120,3,sub8-b2__0120__sidekick.npy,14,sidekick,14,0.99829155,1,"[0.97295, 1.67502, -3.01056, -2.57375, 1.12779, -0.65798, -2.90122, -1.52837, -2.75005, -1.57531, 0.20957, 1.54125, 2.28059, -4.03409, 9.78455, -1.04039, -0.78351, -0.14427, -0.52462, -1.9376, -6.20819, -4.23466]"
44,sub8,supLP120,3,sub8-b2__0121__sidekick.npy,14,sidekick,14,0.9973694,1,"[2.24183, 2.23279, -4.34577, -4.14424, 1.93363, -1.65354, -2.71925, -2.02179, -2.52276, -2.23752, -0.33799, 2.36326, 1.38378, -4.48885, 9.73076, -0.95659, 0.14017, -0.88698, -0.39452, -2.13111, -5.6055, -3.19197]"
44,sub8,supLP120,3,sub8-b2__0122__sidekick.npy,14,sidekick,14,0.7743299,1,"[5.42854, -1.61533, -0.37563, -3.25622, -1.44137, -2.74954, -2.3875, -0.79332, -2.10934, -1.15417, 1.85943, 0.74197, 2.32705, -5.11549, 6.75899, -2.10976, -4.62588, -1.42155, -0.64092, -1.26465, -5.48846, 0.15848]"
44,sub8,supLP120,3,sub8-b2__0123__sidekick.npy,14,sidekick,14,0.9993507,1,"[2.74391, 0.80776, -4.70251, -2.46381, 1.52319, -1.35971, -4.27957, -1.31227, -2.57123, -0.72414, -0.25491, 0.70509, 1.8028, -3.65419, 10.85962, -1.77094, -0.80212, -2.04108, -0.66845, -3.62823, -6.17529, -2.95352]"
44,sub8,supLP120,3,sub8-b2__0124__crosstoe.npy,6,crosstoe,6,0.9895349,1,"[-5.40276, 4.53242, 7.42897, -8.73625, -7.65541, -1.11942, 18.01023, -0.30005, -2.72615, -3.91223, -2.74321, 13.45827, 3.34694, -6.08554, -4.0443, 0.46162, -0.87181, 2.93548, 3.17607, 4.48319, -2.13541, -1.52266]"
44,sub8,supLP120,3,sub8-b2__0125__crosstoe.npy,6,crosstoe,6,0.99750924,1,"[-5.06714, 4.77735, 7.77945, -8.81406, -7.8947, -1.21388, 18.70825, -0.80479, -2.40074, -4.21247, -3.0783, 12.70721, 2.95007, -6.19513, -3.23034, 0.66186, -1.34938, 3.50085, 3.94018, 5.0102, -2.21824, -1.68343]"
44,sub8,supLP120,3,sub8-b2__0127__sidekick.npy,14,sidekick,6,0.99839646,0,"[-5.03648, 4.65901, 6.47817, -8.4887, -7.3583, -1.13215, 18.84655, -0.57167, -2.79116, -4.29471, -2.79471, 12.40873, 2.52997, -5.96437, -3.78893, 0.95543, -1.23552, 3.24995, 4.05278, 4.53916, -1.89587, -1.63882]"
44,sub8,supLP120,3,sub8-b2__0128__crosstoe.npy,6,crosstoe,6,0.999471,1,"[-5.0877, 4.33984, 6.41915, -8.44128, -7.31895, -1.36826, 19.81087, -0.36363, -3.02481, -4.45926, -3.02563, 12.26282, 2.46172, -5.64314, -4.70012, 1.75718, -1.88991, 2.62963, 4.49542, 3.68821, -1.46943, -1.5463]"
44,sub8,supLP120,3,sub8-b2__0129__crosstoe.npy,6,crosstoe,6,0.9987747,1,"[-4.66594, 4.43202, 6.82465, -8.19208, -7.40837, -1.4392, 18.35553, -0.60879, -2.65108, -3.72076, -2.92391, 11.64206, 2.7815, -5.89897, -4.2873, 0.90218, -1.85996, 2.58971, 4.11307, 4.08237, -1.78522, -1.57514]"
44,sub8,supLP120,3,sub8-b2__0132__throw.npy,18,throw,18,0.9791403,1,"[-0.05182, 2.08665, -3.76785, 5.69112, -4.97162, -0.69471, -4.89827, 4.40504, -0.06333, 1.61384, 3.95288, -4.03979, -4.98899, -0.66366, -2.43705, -9.94418, -0.59016, -7.86391, 9.95158, -7.4571, -2.92479, -1.82689]"
44,sub8,supLP120,3,sub8-b2__0133__throw.npy,18,throw,7,0.91268754,0,"[4.52833, -5.67171, -1.32905, 7.74355, -3.29386, 3.19223, -5.24864, 10.14253, -2.35517, -1.67367, -0.93415, -4.54214, -3.44264, -0.65849, -2.49997, -4.24559, 0.73813, -3.20742, 0.54517, -7.5554, -0.66406, -1.06786]"
44,sub8,supLP120,3,sub8-b2__0134__throw.npy,18,throw,7,0.92890835,0,"[3.49892, -6.09412, 0.68054, 6.78625, -2.94608, 2.28923, -4.11283, 9.41695, -2.82143, -1.2253, 0.41106, -5.56616, -2.02948, 0.46704, -3.65343, -3.49854, -0.18592, -1.20394, 1.34011, -6.51606, -0.34266, 0.07221]"
44,sub8,supLP120,3,sub8-b2__0135__throw.npy,18,throw,18,0.9958105,1,"[2.31522, 3.55421, -0.46684, 4.43031, -5.49054, -2.31895, -2.80298, 3.65809, 0.96128, 0.1786, 2.39203, -4.46346, -3.71658, -0.07721, -2.91, -8.66508, -1.99773, -5.87944, 10.70064, -3.70273, -0.73835, 0.53388]"
44,sub8,supLP120,3,sub8-c__0001__sit.npy,15,sit,15,0.99999845,1,"[-1.53443, 1.55445, -2.52147, -1.93704, 4.25925, -0.69496, 5.41485, 0.99071, -2.5973, -4.32907, -4.04144, 0.24406, -3.16185, 2.01023, -5.13891, 20.16008, -2.95792, 2.12, -2.80102, -1.86963, 6.35426, -1.03602]"
44,sub8,supLP120,3,sub8-c__0002__stand.npy,17,stand,17,0.9998727,1,"[-2.76511, -0.17099, 2.00358, 0.57732, -0.33763, 2.6553, 2.96286, -0.12096, -2.32523, -1.61398, -1.20778, 1.38026, -2.31933, -0.28668, -1.66285, 5.50182, -0.70298, 15.01442, 0.18145, 4.44009, 3.67632, -5.86852]"
44,sub8,supLP120,3,sub8-c__0003__sit.npy,15,sit,15,0.99999297,1,"[-3.36923, 1.63097, -2.46328, -2.88531, 4.0325, -0.26214, 7.77983, 0.62599, -2.85545, -3.28229, -4.42373, 1.47448, -2.47604, 1.3091, -5.10629, 19.82205, -2.7675, 3.01459, -3.27825, -2.11425, 5.8741, -1.53277]"
44,sub8,supLP120,3,sub8-c__0004__stand.npy,17,stand,17,0.99999547,1,"[-2.57538, 0.60771, 1.36746, 1.675, 0.30552, 2.01952, 2.35202, -2.09436, -1.95691, -2.75072, -0.64737, 0.27322, -1.5266, -0.8132, 1.46061, 4.31055, 0.51596, 17.56046, -0.12492, 4.06397, 2.72444, -4.45848]"
44,sub8,supLP120,3,sub8-c__0005__walk.npy,20,walk,0,0.5981384,0,"[6.46415, 2.90151, 0.65186, -2.18911, -3.09237, 0.39679, -1.63547, -5.45372, 0.00917, -0.97102, 1.53548, 2.13894, 1.23358, -2.75223, 5.80315, -2.70515, -1.17291, 3.18233, -3.69652, 3.55387, -1.06996, -3.92056]"
44,sub8,supLP120,3,sub8-c__0006__turnaround.npy,19,turnaround,19,0.9999021,1,"[9.83861, 8.70525, 7.11883, -4.49973, -5.21063, -0.23468, 3.07657, -4.34634, 0.60826, -1.31886, -5.32462, -1.08133, -4.92829, -3.12032, 5.0635, 2.23013, -2.49222, 2.05803, 3.0146, 19.40667, 1.61714, -5.74805]"
44,sub8,supLP120,3,sub8-c__0007__sit.npy,15,sit,15,0.99999917,1,"[-1.10752, 1.69366, -2.77496, -2.57597, 5.04828, -0.07641, 6.31024, 0.93541, -3.24468, -3.69723, -5.28021, 0.26443, -3.81311, 2.52811, -5.03442, 21.23839, -2.7865, 2.15629, -2.59455, -2.28909, 6.59964, -1.78633]"
44,sub8,supLP120,3,sub8-c__0008__stand.npy,17,stand,17,0.99995065,1,"[-3.07707, -0.24635, 3.24564, 1.93956, -0.00064, 3.85443, 2.06925, -0.23787, -2.68601, -1.22965, -1.69156, 1.15838, -2.3073, -0.59024, -0.78887, 3.10186, 0.07521, 15.44826, -0.38153, 3.41222, 4.63293, -5.49121]"
44,sub8,supLP120,3,sub8-c__0009__turnaround.npy,19,turnaround,19,0.9998016,1,"[5.25907, 6.91229, 5.4135, -3.87548, -4.38068, 0.3673, 8.7311, -1.6501, -0.18201, -1.78901, -8.53009, -0.38948, -4.6504, -1.91705, 1.27501, 3.84047, -2.43682, -0.02764, 6.88395, 17.67149, 6.60209, -5.46438]"
44,sub8,supLP120,3,sub8-c__0010__sit.npy,15,sit,15,0.9999924,1,"[-1.09165, 1.44009, -1.78293, -2.94429, 4.41763, -0.12063, 7.20487, -0.28274, -3.51792, -3.68806, -5.45955, 1.19982, -3.36136, 1.96554, -4.38054, 19.53327, -2.7436, 2.84835, -2.7561, -1.05524, 6.77115, -2.20454]"
44,sub8,supLP120,3,sub8-c__0011__stand.npy,17,stand,17,0.9999753,1,"[-2.25127, 0.15682, 4.00943, 2.23394, -0.43361, 3.61525, 1.10288, -1.4958, -1.61443, -1.87953, -1.34831, 0.29661, -2.94134, -0.09218, 0.23416, 4.30955, -0.3196, 16.56714, 0.06584, 5.07165, 3.71809, -6.56057]"
44,sub8,supLP120,3,sub8-c__0012__turnaround.npy,19,turnaround,19,0.99980956,1,"[5.31491, 9.67479, 6.91758, -5.43537, -5.24091, 1.54935, 2.36698, -3.1127, 1.99062, -2.65117, -4.03432, -0.02492, -5.25584, -3.0389, 2.93451, 2.37962, -2.4617, 2.56192, 4.75435, 18.32493, 0.7521, -6.24319]"
44,sub8,supLP120,3,sub8-c__0013__sit.npy,15,sit,15,0.9999927,1,"[-0.96346, 1.51868, -2.03731, -2.42134, 4.52038, 0.09328, 5.57667, 0.13037, -3.48586, -3.59339, -5.09789, 0.78297, -3.349, 2.16209, -3.98835, 18.80486, -2.10129, 3.41997, -3.13001, -1.40512, 6.49752, -2.2542]"
44,sub8,supLP120,3,sub8-c__0014__stand.npy,17,stand,17,0.9999677,1,"[-2.41737, -0.57878, 3.43754, 3.09759, -0.19961, 3.49435, 1.11411, -1.04761, -2.20481, -2.34048, -1.92797, 0.69727, -2.75524, 0.43137, -0.22609, 3.22693, 0.29958, 15.89167, -0.10957, 2.83371, 4.76268, -6.11685]"
44,sub8,supLP120,3,sub8-c__0015__turnaround.npy,19,turnaround,19,0.99986696,1,"[7.31543, 9.26015, 6.513, -4.2539, -4.37342, 1.18158, 2.84781, -3.79325, 0.89993, -1.60942, -3.92884, -1.26702, -5.61747, -2.13098, 3.3877, 3.08363, -2.59337, 2.81625, 2.50195, 18.38176, 1.41794, -6.16712]"
44,sub8,supLP120,3,sub8-c__0016__sit.npy,15,sit,15,0.9999975,1,"[-0.9317, 1.60536, -2.38974, -2.83076, 4.94535, -0.17069, 6.1405, 0.38739, -3.28871, -3.88161, -4.97496, 0.48179, -3.55933, 2.32519, -4.73568, 20.10642, -2.43963, 2.62318, -3.00763, -1.85792, 6.63586, -1.44724]"
44,sub8,supLP120,3,sub8-c__0017__stand.npy,17,stand,17,0.9996172,1,"[-2.01001, -1.21154, 2.38722, 2.73623, 0.51786, 3.77825, 1.08871, 0.26952, -2.82207, -1.24403, -1.91853, 0.74228, -3.06647, 0.46202, -1.57293, 2.77673, -0.03329, 14.06392, -0.99504, 1.4252, 5.96156, -5.34985]"
44,sub8,supLP120,3,sub8-c__0018__turnaround.npy,19,turnaround,19,0.9993082,1,"[6.56898, 9.86678, 6.59097, -4.50147, -5.09615, 1.38561, 3.23376, -3.4647, 1.00406, -1.61801, -4.13578, -0.32943, -5.21374, -2.08296, 3.43467, 2.06732, -2.13107, 2.04702, 3.35639, 17.21976, 0.80473, -6.24234]"
44,sub8,supLP120,3,sub8-c__0019__squat.npy,16,squat,16,0.9856065,1,"[-5.21573, 6.37834, -8.09668, 1.56222, -1.55996, -2.52976, -4.62016, -1.35253, 2.33595, 0.52755, -0.38291, 5.52845, 2.73346, -4.3837, 2.3861, -6.35741, 11.0132, -6.10352, -0.08949, -4.97238, -6.71214, -2.88108]"
44,sub8,supLP120,3,sub8-c__0020__squat.npy,16,squat,16,0.99962246,1,"[0.05468, 4.71541, -9.1708, -0.28371, -2.89714, -0.62427, -5.425, 1.07056, 0.06149, -2.29211, -3.18887, 6.15872, 1.92365, -4.25893, 2.62338, -6.33244, 14.29934, -8.49392, -0.19669, -7.57357, -5.5939, -1.99085]"
44,sub8,supLP120,3,sub8-c__0021__squat.npy,16,squat,16,0.9997851,1,"[0.89335, 4.50156, -9.54967, -1.19369, -2.65748, -0.05758, -5.58092, 1.01458, -0.08624, -2.1916, -3.60441, 5.24785, 1.32132, -4.56348, 3.36494, -5.93769, 14.21793, -8.42942, -0.24595, -7.3497, -5.54166, -2.18587]"
44,sub8,supLP120,3,sub8-c__0022__squat.npy,16,squat,16,0.99983966,1,"[3.14493, 4.97674, -9.82119, -2.77414, -3.07979, 0.84816, -5.24499, 0.66187, -0.32986, -3.26534, -4.52239, 4.19827, 0.32755, -4.6116, 3.01605, -4.62664, 14.30938, -9.16435, -0.13932, -6.7158, -5.28522, -2.17943]"
44,sub8,supLP120,3,sub8-c__0024__pickup.npy,11,pickup,11,0.99522805,1,"[-5.90926, 5.07791, 3.84539, -2.55223, -6.54479, -2.61235, 1.29607, -1.19708, 2.25003, -1.12627, -1.46477, 12.56791, 6.88168, -7.23854, 2.34226, -3.99804, 5.13018, -1.5439, -1.50527, 0.30896, -6.55371, -1.71102]"
44,sub8,supLP120,3,sub8-c__0025__pickup.npy,11,pickup,11,0.9963637,1,"[-5.0235, 4.43038, 3.13496, -1.52728, -5.45381, -2.54526, 0.71171, -1.66824, 1.47954, -0.53847, -2.28649, 12.56907, 6.61742, -6.42484, 2.75199, -3.75863, 5.13312, -1.59111, -1.42564, 0.02479, -5.36856, -2.66928]"
44,sub8,supLP120,3,sub8-c__0026__pickup.npy,11,pickup,11,0.98809355,1,"[-3.28279, 3.30701, 4.71665, -1.68803, -4.80015, -2.74704, 0.47159, -2.37894, 0.9751, -0.42517, -3.03992, 11.57714, 7.00178, -5.54039, 3.01233, -3.61294, 2.94192, -1.32934, -1.37426, 0.69097, -4.48463, -3.43438]"
44,sub8,supLP120,3,sub8-c__0027__pickup.npy,11,pickup,11,0.99458647,1,"[-5.80608, 5.15042, 2.71218, -1.92218, -5.97201, -2.5446, 0.62396, -1.62822, 2.14417, -0.4776, -2.07009, 12.28226, 6.06192, -6.95343, 3.53758, -3.92443, 6.23425, -1.46389, -0.90963, 0.33842, -6.17744, -2.6748]"
44,sub8,supLP120,3,sub8-c__0029__pushchair.npy,12,pushchair,12,0.99129593,1,"[-1.4214, 3.02559, 0.17713, -0.22563, -5.72793, -2.56035, -4.15056, -0.02513, 4.41387, -4.94169, -0.29391, 7.86678, 12.64715, -7.55084, 2.44301, -6.60475, -1.35833, -3.56514, -4.27133, -5.10606, -7.74604, 0.35996]"
44,sub8,supLP120,3,sub8-c__0030__pushchair.npy,12,pushchair,12,0.9750778,1,"[-2.11193, 3.87906, 2.16265, -2.51856, -7.72631, -2.40585, -2.92245, 0.087, 4.93124, -5.28245, -0.65995, 8.56811, 12.27811, -8.69251, 3.43539, -6.41797, -0.16547, -3.12165, -3.21741, -3.09571, -8.7135, 1.04887]"
44,sub8,supLP120,3,sub8-c__0031__pushchair.npy,12,pushchair,12,0.9971795,1,"[-0.77548, 1.99902, 1.36186, -0.31146, -5.99802, -2.67483, -4.48321, -0.12511, 4.53485, -4.99255, -0.451, 7.1627, 13.12971, -7.48741, 3.22928, -6.64928, -2.15772, -3.29087, -3.87863, -5.11917, -7.74317, 0.43464]"
44,sub8,supLP120,3,sub8-c__0032__pushchair.npy,12,pushchair,12,0.998708,1,"[0.13475, 0.12506, 1.24234, 1.25566, -3.93329, -2.90292, -5.24838, -0.36878, 3.68762, -3.27792, -0.03367, 5.59844, 12.45853, -5.99512, 2.40236, -6.6482, -4.51317, -3.53723, -4.26387, -6.63635, -6.16736, -0.04903]"
44,sub8,supLP120,3,sub8-c__0033__pushchair.npy,12,pushchair,12,0.9975442,1,"[-0.72817, 1.59142, 1.76214, -0.27886, -5.40497, -2.57266, -4.31592, -0.6233, 3.78319, -4.39017, -0.45428, 7.09849, 13.17417, -7.20857, 3.33114, -6.31357, -2.23743, -2.93693, -4.28776, -5.27514, -7.773, -0.16023]"
44,sub8,supLP120,3,sub8-c__0034__pushchair.npy,12,pushchair,12,0.9977325,1,"[-0.0749, 1.18129, 0.60764, 1.16677, -4.18277, -2.39679, -5.26012, -0.05614, 3.8099, -4.28567, -0.55928, 6.46108, 12.65015, -6.17, 2.49219, -6.53978, -3.05875, -3.58496, -4.15157, -6.63854, -6.48912, -0.44657]"
44,sub8,supLP120,3,sub8-c__0035__sit.npy,15,sit,15,0.99999726,1,"[-1.35552, 1.39788, -2.63943, -2.90982, 5.62295, -0.18193, 6.43587, -0.36342, -4.03423, -3.89285, -5.88052, 0.70184, -4.30924, 2.87507, -4.26048, 20.56728, -2.38821, 2.47895, -2.40826, -1.59503, 7.25326, -2.25313]"
44,sub8,supLP120,3,sub8-c__0036__stand.npy,17,stand,17,0.9999292,1,"[-2.90912, -0.95124, 3.09128, 2.7589, 0.16849, 4.24964, 1.76391, -0.19088, -2.81792, -1.23727, -2.31603, 1.43737, -3.01278, -0.08382, -0.81831, 4.28933, 0.11063, 15.72611, -0.49412, 2.28924, 5.60233, -6.38638]"
44,sub8,supLP120,3,sub8-c__0037__turnaround.npy,19,turnaround,19,0.9999261,1,"[9.30784, 9.45707, 5.9762, -3.5523, -4.22789, 1.42966, 2.20192, -3.67072, 0.21503, -1.68364, -4.27889, -1.99694, -6.53553, -1.29088, 3.80641, 2.72052, -2.13459, 2.38358, 2.65092, 19.61058, 2.28717, -6.43418]"
44,sub8,supLP120,3,sub8-c__0039__stand.npy,17,stand,17,0.9953987,1,"[-2.30097, -1.13941, 3.2546, 3.0148, 0.79492, 4.73124, 0.78995, 0.26514, -2.44721, -1.10576, -2.62525, 0.72429, -4.09322, 1.1042, -2.52106, 2.92374, -0.52329, 12.91208, -1.26189, 2.27682, 7.42191, -6.16799]"
44,sub8,supLP120,3,sub8-c__0040__turnaround.npy,19,turnaround,19,0.9996679,1,"[8.5056, 9.48204, 5.65928, -3.98544, -6.03245, 2.63197, 2.6817, -2.38218, 0.88439, -1.94221, -5.77303, -0.00462, -5.77676, -2.19408, 3.76229, 1.05392, -1.19173, 0.68895, 3.49052, 17.83315, 0.98437, -6.16088]"
44,sub8,supLP120,3,sub8-c__0041__sit.npy,15,sit,15,0.99999785,1,"[-0.55775, 1.56531, -2.69009, -2.63157, 5.22062, 0.02604, 5.79304, 0.35608, -3.52482, -3.57889, -5.35029, 0.38267, -3.89006, 2.49014, -4.31283, 20.31544, -2.2663, 2.4115, -2.87294, -1.31319, 6.83848, -1.87345]"
44,sub8,supLP120,3,sub8-c__0042__stand.npy,17,stand,17,0.9999696,1,"[-1.80414, 0.03937, 3.2113, 2.46675, 0.15405, 3.2679, 1.14777, -1.5968, -2.28461, -2.29757, -1.87707, 0.6369, -2.27268, 0.14774, 0.46951, 3.0197, 0.6058, 15.75674, -0.04308, 3.72565, 4.30559, -5.73556]"
44,sub8,supLP120,3,sub8-c__0043__turnaround.npy,19,turnaround,19,0.9992812,1,"[9.88491, 9.62446, 4.86977, -4.3922, -3.80652, 0.10066, 4.06172, -2.96739, -0.89708, -0.91342, -4.5101, -2.05202, -5.98517, -0.28681, 2.11744, 2.33542, -1.1645, 1.41395, 3.04651, 17.70077, 3.02979, -4.58196]"
44,sub8,supLP120,3,sub8-c__0044__stand.npy,17,stand,15,0.99999034,0,"[-1.35846, 1.82451, -1.90138, -3.48451, 4.19678, 0.14786, 7.65362, -0.33951, -3.36433, -3.78977, -5.63982, 1.50392, -3.32852, 1.54967, -3.8739, 19.47289, -2.1853, 3.10072, -2.74262, -1.38456, 6.32509, -2.03559]"
44,sub8,supLP120,3,sub8-c__0045__stand.npy,17,stand,17,0.99998033,1,"[-2.19306, 0.03917, 3.69271, 1.88896, -0.38416, 2.80606, 1.44496, -1.97877, -1.61343, -2.04126, -1.0349, 0.55195, -1.99856, -0.66678, 0.96442, 3.64927, -0.12442, 16.30734, 0.38794, 4.53055, 3.36706, -5.65605]"
44,sub8,supLP120,3,sub8-c__0046__turnaround.npy,19,turnaround,19,0.99992144,1,"[3.75957, 9.47215, 8.04818, -4.82376, -5.56935, 1.06663, 1.6733, -3.64562, 3.98539, -2.33076, -3.30812, -0.636, -4.47201, -4.10462, 2.74747, 2.99787, -2.88702, 3.46494, 3.31301, 19.15148, -0.10349, -6.08713]"
44,sub8,supLP120,3,sub8-c__0048__stand.npy,17,stand,17,0.9999186,1,"[-2.26473, -0.27815, 4.36646, 2.85506, -0.03368, 4.07948, 0.39231, -1.53053, -1.44551, -2.0694, -1.81574, 0.39689, -3.07617, 0.42772, -0.43606, 3.55682, -0.52486, 15.57915, -0.46217, 5.08686, 4.73417, -6.93876]"
44,sub8,supLP120,3,sub8-c__0049__turnaround.npy,19,turnaround,19,0.9999751,1,"[4.38244, 8.62865, 7.47968, -5.32499, -5.14535, 1.42127, 2.40964, -3.39587, 2.46001, -2.05316, -3.91661, -0.37441, -5.10132, -3.40047, 3.44624, 3.29136, -2.78847, 3.7352, 4.85577, 19.55188, 0.55529, -6.34644]"
44,sub8,supLP120,3,sub8-c__0050__sit.npy,15,sit,15,0.99999857,1,"[-0.58314, 2.27674, -2.3916, -2.97908, 4.24674, 0.00765, 5.8776, -0.00035, -3.18921, -4.36692, -4.58855, 1.22423, -3.14458, 1.83245, -4.54407, 20.37476, -2.16433, 2.48761, -3.64277, -1.57292, 6.34449, -1.64507]"
44,sub8,supLP120,3,sub8-c__0051__stand.npy,17,stand,17,0.9999682,1,"[-2.54884, 0.25333, 4.23063, 2.65949, -0.24374, 2.91419, 1.02293, -2.23097, -1.27786, -1.8952, -0.06718, -0.84175, -3.00416, 0.25474, 0.05525, 3.05922, -0.59729, 16.07156, -0.15965, 5.0124, 3.02067, -5.52644]"
44,sub8,supLP120,3,sub8-c__0052__turnaround.npy,19,turnaround,19,0.99998355,1,"[8.01384, 9.12701, 6.43321, -4.29999, -4.44097, 0.86329, 2.11222, -4.10196, 1.29987, -1.33593, -4.40753, -2.26772, -6.22049, -2.35565, 4.23964, 3.50369, -2.46194, 3.0057, 3.47402, 20.48903, 1.35881, -6.08432]"
44,sub8,supLP120,3,sub8-c__0053__squat.npy,16,squat,16,0.9978877,1,"[-2.32817, 6.02323, -9.80163, -0.80158, -0.92635, -0.50131, -4.78436, -1.23878, 1.08144, -0.64, -3.20639, 4.90506, 1.69424, -4.79153, 3.54298, -5.67665, 12.54448, -8.4173, -0.70391, -6.57287, -5.16603, -2.61814]"
44,sub8,supLP120,3,sub8-c__0054__squat.npy,16,squat,16,0.9999033,1,"[2.41763, 4.48832, -9.92807, -3.11128, -2.48459, 0.3195, -4.95008, 0.19977, -0.83311, -2.83657, -4.07932, 4.78971, 0.68862, -4.30936, 3.59147, -4.95191, 14.81656, -8.69139, -0.10521, -7.0917, -5.1198, -1.82926]"
44,sub8,supLP120,3,sub8-c__0055__squat.npy,16,squat,16,0.99987864,1,"[1.56383, 4.81212, -9.88328, -2.56732, -2.74996, -0.16476, -5.02044, 0.4542, -0.50554, -2.7498, -3.32592, 5.11881, 0.98574, -4.42639, 3.35583, -5.75342, 14.81825, -8.69, 0.06206, -7.25226, -5.73585, -1.58011]"
44,sub8,supLP120,3,sub8-c__0056__squat.npy,16,squat,16,0.9996197,1,"[1.11952, 4.77914, -9.67075, -1.93378, -2.65663, -0.59898, -4.64476, 0.51417, -0.27776, -2.50044, -3.4931, 5.67075, 1.21905, -4.30521, 2.65519, -5.45717, 13.948, -9.00783, -0.20012, -7.35326, -5.04402, -1.69021]"
44,sub8,supLP120,3,sub8-c__0058__pickup.npy,11,pickup,11,0.9959971,1,"[-5.27789, 5.01315, 2.03234, -2.04765, -5.23999, -2.42028, 0.73474, -1.38009, 1.33201, -0.64292, -2.5891, 12.28618, 5.21526, -6.43684, 3.56541, -3.55364, 6.18244, -2.29621, 0.05558, 0.06563, -5.19035, -3.31797]"
44,sub8,supLP120,3,sub8-c__0059__pickup.npy,11,pickup,11,0.9983633,1,"[-2.68148, 3.54213, 2.76383, -0.99513, -3.97735, -2.18432, 0.85776, -0.9963, 0.06223, -0.70253, -4.41559, 12.1593, 5.382, -4.87761, 1.5941, -2.38741, 3.52529, -3.05243, -1.29038, -0.25838, -2.69475, -3.68289]"
44,sub8,supLP120,3,sub8-c__0060__pickup.npy,11,pickup,11,0.9985215,1,"[-2.6537, 3.64002, 3.13958, -1.62835, -4.77031, -2.30046, 0.96844, -0.68939, 0.36705, -1.21809, -3.91917, 12.55464, 5.78047, -5.51546, 1.65404, -2.40779, 3.11726, -2.79067, -1.34305, -0.04611, -3.3395, -3.20815]"
44,sub8,supLP120,3,sub8-c__0061__pickup.npy,11,pickup,11,0.9983365,1,"[-1.85977, 2.96976, 3.63627, -2.03932, -4.61726, -2.34733, 1.68095, -0.70774, -0.175, -1.33257, -4.4468, 12.30059, 5.64868, -5.10237, 1.58139, -2.27485, 2.36154, -3.05322, -1.11816, 0.40165, -2.44879, -3.35935]"
44,sub8,supLP120,3,sub8-c__0062__pickup.npy,11,pickup,11,0.99765503,1,"[-2.08864, 2.9815, 3.7658, -2.41789, -5.23638, -2.57726, 1.47087, -0.23323, 0.19824, -1.74859, -3.53398, 12.46977, 6.27167, -5.68813, 1.61934, -3.04222, 1.85891, -2.87993, -1.13808, -0.2202, -3.50874, -2.7305]"
44,sub8,supLP120,3,sub8-c__0063__pushchair.npy,12,pushchair,12,0.99640024,1,"[0.36635, -0.51293, 6.18647, -0.82535, -6.74312, -3.32278, -5.26183, -0.986, 3.62562, -3.22329, 0.14888, 5.48419, 12.33389, -7.29738, 3.9297, -6.03044, -4.18676, -1.40627, -3.79337, -2.31622, -8.34353, 0.16451]"
44,sub8,supLP120,3,sub8-c__0065__pushchair.npy,12,pushchair,12,0.9987913,1,"[0.0622, 0.52769, 4.76476, -0.68964, -6.32672, -2.59214, -5.05548, -0.46872, 3.58081, -4.15372, -0.55432, 5.56011, 12.84231, -7.41226, 3.64303, -6.11889, -3.96448, -1.82867, -3.76044, -2.9814, -8.13639, 0.20709]"
44,sub8,supLP120,3,sub8-c__0066__pushchair.npy,12,pushchair,12,0.99795616,1,"[-0.12608, 0.44738, 5.75583, -1.35847, -7.05411, -2.88845, -4.96423, -0.78237, 3.88455, -3.83659, -0.28051, 5.48014, 12.69654, -7.7437, 4.06493, -6.17163, -3.85381, -1.49448, -3.59501, -2.235, -8.69743, 0.53254]"
44,sub8,supLP120,3,sub8-c__0067__pushchair.npy,12,pushchair,12,0.90821266,1,"[-0.41328, 0.48076, 8.59071, -1.0546, -7.27981, -3.30003, -5.06497, -1.43621, 3.64237, -2.41087, -0.16022, 5.20341, 10.92904, -7.14855, 3.34582, -5.27753, -3.78467, -0.49437, -3.81569, 0.05086, -8.36518, 0.09057]"
44,sub8,supLP120,3,sub8-c__0068__pushchair.npy,12,pushchair,12,0.9990225,1,"[1.35668, -0.85396, 4.69156, -0.16289, -5.66939, -2.56558, -5.54828, -0.58578, 3.19519, -4.02929, 0.15141, 4.83504, 12.6091, -6.73631, 3.22969, -6.42634, -5.39563, -2.08822, -3.49855, -3.52633, -7.09929, 0.10972]"
44,sub8,supLP120,3,sub8-c__0069__sit.npy,15,sit,15,0.9999945,1,"[-2.09037, 1.48996, -2.4182, -3.57834, 4.80802, -0.11086, 7.59703, -0.2188, -3.56598, -4.09321, -5.26048, 0.93291, -3.41127, 2.03839, -4.43931, 20.19052, -2.72379, 2.73797, -2.37959, -1.57952, 7.0095, -1.50914]"
44,sub8,supLP120,3,sub8-c__0071__turnaround.npy,19,turnaround,19,0.99984324,1,"[10.32192, 8.29123, 4.28899, -3.7219, -2.69563, 0.82084, 2.08488, -3.78919, -0.86511, -2.18273, -3.77174, -2.96399, -7.03246, -0.60632, 3.53181, 2.92986, -2.11751, 1.50949, 3.54951, 19.21269, 3.44414, -5.50986]"
44,sub8,supLP120,3,sub8-c__0072__sit.npy,15,sit,15,0.9999887,1,"[-1.0487, 1.62619, -0.75127, -3.18164, 4.71334, -0.1654, 6.51103, -0.80778, -3.33129, -3.69771, -5.45346, 1.76197, -3.60638, 1.98069, -3.84116, 18.74519, -2.15185, 3.03873, -2.64753, -0.19513, 6.61292, -2.36145]"
44,sub8,supLP120,3,sub8-c__0073__stand.npy,17,stand,17,0.99998844,1,"[-2.24703, -0.54641, 3.65982, 2.10931, -0.44825, 2.59401, 1.83367, -1.94061, -1.6802, -2.15012, -1.1633, 0.51984, -1.72723, -0.40422, 0.94686, 3.51307, 0.0833, 16.5689, 0.18871, 3.74644, 3.3621, -5.47951]"
44,sub8,supLP120,3,sub8-c__0075__sit.npy,15,sit,15,0.9999871,1,"[-1.24912, 1.83714, -1.89166, -3.1047, 4.78286, -0.52245, 6.48009, -0.32155, -3.28741, -3.75606, -4.64147, 0.61535, -3.34996, 2.65943, -4.46082, 18.63225, -2.786, 2.16066, -2.25851, -0.50798, 6.67219, -1.87997]"
44,sub8,supLP120,3,sub8-c__0076__stand.npy,17,stand,17,0.99987686,1,"[-1.99413, 0.41166, 3.89021, 1.7761, -0.41381, 3.25501, 0.84283, -0.69524, -2.06004, -1.29422, -0.82469, 0.61426, -2.27746, -0.01717, -0.69359, 2.16532, -0.34458, 14.2335, -0.3049, 3.84002, 3.68876, -5.24327]"
44,sub8,supLP120,3,sub8-c__0078__sit.npy,15,sit,15,0.999998,1,"[-1.19306, 2.42726, -2.25535, -3.473, 4.34341, 0.25676, 6.7955, -0.24555, -3.01518, -4.30979, -4.91852, 1.12606, -2.98735, 1.72442, -4.59831, 20.32841, -2.44068, 1.94802, -2.40549, -1.35797, 5.91728, -1.73996]"
44,sub8,supLP120,3,sub8-c__0079__stand.npy,17,stand,17,0.99995315,1,"[-2.26627, -0.05453, 3.47485, 2.57399, -0.24167, 3.56775, 1.12532, -0.94283, -2.15182, -1.66256, -1.5996, 0.62571, -2.80948, -0.19151, -0.3233, 2.57218, 0.37994, 15.31856, -0.03459, 3.03077, 4.43302, -5.58952]"
44,sub8,supLP120,3,sub8-c__0080__turnaround.npy,19,turnaround,19,0.99992716,1,"[9.34826, 8.28973, 4.01844, -3.15178, -3.13768, 0.55811, 3.22493, -3.66739, -0.87947, -1.24729, -5.53035, -2.56332, -6.91161, -1.03298, 4.07849, 3.085, -1.62626, 0.84888, 3.81381, 19.18761, 2.95704, -5.96916]"
44,sub8,supLP120,3,sub8-c__0081__sit.npy,15,sit,15,0.9999596,1,"[-1.58331, 1.80825, -1.36232, -3.38443, 3.47113, -0.02183, 8.67213, -0.37882, -3.30812, -3.76185, -5.40835, 1.93191, -3.14016, 1.1921, -4.22793, 18.93196, -2.18203, 3.02429, -2.73527, -0.70305, 6.72106, -1.79964]"
44,sub8,supLP120,3,sub8-c__0082__stand.npy,17,stand,17,0.999987,1,"[-2.42891, 0.0874, 4.10379, 1.83617, -0.8389, 2.66657, 1.46832, -1.89883, -1.20233, -2.38111, -0.69691, 0.60854, -1.78652, -0.34889, 0.72313, 3.71642, -0.13816, 16.74863, -0.0113, 4.5136, 2.64649, -5.78454]"
44,sub8,supLP120,3,sub8-c__0083__turnaround.npy,19,turnaround,19,0.9999807,1,"[6.90089, 8.52407, 5.72689, -4.75137, -4.23178, 0.34172, 4.48737, -3.44067, 0.5439, -1.45124, -4.7298, -0.65116, -5.54664, -2.55699, 3.06414, 3.45409, -2.5235, 1.45745, 4.29246, 19.65097, 2.56255, -6.38069]"
44,sub8,supLP120,3,sub8-c__0084__sit.npy,15,sit,15,0.99999547,1,"[-1.45243, 1.86439, -2.02342, -2.90094, 4.64697, 0.29179, 7.0072, -0.02638, -3.49779, -3.85655, -5.45518, 1.03814, -3.50769, 2.09088, -4.53622, 19.86909, -2.01301, 2.51472, -2.97386, -1.00919, 6.46988, -1.75403]"
44,sub8,supLP120,3,sub8-c__0085__stand.npy,17,stand,17,0.99995065,1,"[-2.84487, -0.59458, 4.22133, 2.45377, -0.64399, 3.90754, 1.87568, -0.43233, -2.29868, -1.58693, -1.48886, 1.54173, -2.20853, -0.41905, -1.13267, 2.52203, 0.04496, 15.43511, -0.73231, 2.1354, 4.4133, -5.72699]"
44,sub8,supLP120,3,sub8-c__0086__turnaround.npy,19,turnaround,19,0.9999764,1,"[3.90439, 9.26588, 8.13087, -4.6492, -5.8822, 1.16494, -0.10145, -4.0917, 4.1703, -1.67782, -2.69439, -2.39701, -5.38661, -3.71919, 4.73932, 2.31253, -3.29938, 3.61366, 4.2078, 20.2228, -1.85301, -5.44252]"
44,sub8,supLP120,3,sub8-c__0087__squat.npy,16,squat,16,0.9994305,1,"[-0.72098, 6.98503, -9.97424, -3.01956, -2.33538, 0.25058, -4.79421, -0.91026, 0.61794, -2.18318, -2.13252, 4.29209, 0.4711, -5.73885, 4.60103, -6.21259, 14.60931, -8.25938, 0.30158, -5.7766, -6.8182, -2.58337]"
44,sub8,supLP120,3,sub8-c__0088__squat.npy,16,squat,16,0.9990227,1,"[-1.30489, 7.34168, -9.68816, -3.26101, -2.45761, -0.28391, -4.16279, -1.23553, 0.74677, -1.75178, -1.94851, 4.76553, 0.39531, -5.89654, 4.56513, -6.23613, 14.4051, -8.16528, 0.52375, -5.24749, -6.90439, -2.78722]"
44,sub8,supLP120,3,sub8-c__0089__squat.npy,16,squat,16,0.9997552,1,"[0.95, 5.734, -10.1162, -2.70549, -2.68508, -0.0595, -4.87464, -0.43165, 0.10243, -2.54867, -3.02956, 4.88669, 0.69672, -4.84542, 3.92292, -5.878, 14.53205, -8.83752, 0.02131, -6.81971, -5.75039, -2.09182]"
44,sub8,supLP120,3,sub8-c__0090__squat.npy,16,squat,16,0.9997664,1,"[0.72482, 5.43907, -9.93556, -2.41949, -2.47496, 0.10957, -4.85378, -0.34217, -0.04775, -2.4637, -3.42167, 5.38489, 0.87373, -4.96282, 3.94878, -5.89841, 14.59431, -9.02745, 0.02075, -7.01501, -5.3137, -2.19135]"
44,sub8,supLP120,3,sub8-c__0091__squat.npy,16,squat,16,0.99986887,1,"[1.83666, 4.52247, -9.99663, -2.16938, -2.73494, -0.33006, -4.65151, 0.37579, -0.83433, -2.8423, -3.70776, 5.53904, 0.72828, -4.01268, 3.23702, -5.50967, 14.8912, -9.07023, -0.00515, -7.55991, -4.81071, -1.66077]"
44,sub8,supLP120,3,sub8-c__0092__squat.npy,16,squat,16,0.99972874,1,"[1.55292, 5.61653, -9.79294, -3.03387, -2.97646, -0.08003, -4.22478, -0.24405, -0.48208, -2.75888, -3.41605, 5.54232, 0.29685, -4.6566, 3.84078, -5.57946, 14.58684, -9.13406, 0.2857, -6.85143, -5.17358, -2.22421]"
44,sub8,supLP120,3,sub8-c__0093__pickup.npy,11,pickup,11,0.9883384,1,"[-3.21203, 3.13445, 4.73711, -2.60021, -5.04967, -1.75099, 0.71914, -2.33307, 0.13704, -1.11758, -2.31789, 11.68709, 7.1122, -6.24559, 3.20594, -3.51078, 2.2605, -1.327, -2.0881, 0.55232, -4.71663, -3.40359]"
44,sub8,supLP120,3,sub8-c__0094__pickup.npy,11,pickup,11,0.9859984,1,"[-1.2193, 1.7156, 2.21288, -0.98787, -3.62415, -2.25282, 0.29537, -0.594, -0.20013, -2.18561, -2.98697, 11.62586, 7.3565, -4.99159, 1.19876, -2.82997, 0.27501, -3.38386, -2.93806, -2.08687, -1.98966, -3.04299]"
44,sub8,supLP120,3,sub8-c__0095__pickup.npy,11,pickup,11,0.9820467,1,"[-1.57258, 2.02072, 2.91417, -0.99936, -3.91566, -2.36381, -0.18262, -0.80498, 0.1292, -2.35243, -2.38817, 11.80118, 7.78503, -5.09682, 1.17307, -3.34337, 0.51562, -2.85638, -3.05634, -2.08804, -2.78318, -2.84488]"
44,sub8,supLP120,3,sub8-c__0096__pickup.npy,11,pickup,11,0.991602,1,"[-1.12165, 1.89088, 3.94793, -2.54754, -4.80891, -2.05293, 1.6764, -0.26203, -0.76683, -2.92417, -2.71588, 12.24745, 7.43508, -5.54018, 1.16635, -3.39464, 0.16749, -2.77494, -1.9062, -0.69832, -2.60907, -2.57634]"
44,sub8,supLP120,3,sub8-c__0097__pickup.npy,11,pickup,11,0.98705405,1,"[-1.11527, 1.78344, 2.11951, -0.87014, -3.55156, -2.32441, 0.35879, -0.37613, -0.227, -2.62384, -3.00178, 11.67968, 7.33126, -4.68729, 0.71733, -2.79285, 0.40999, -3.27632, -2.65989, -2.19737, -1.69429, -3.01104]"
44,sub8,supLP120,3,sub8-c__0099__pushchair.npy,12,pushchair,12,0.9992817,1,"[0.71111, 0.59197, 4.59738, -0.97129, -7.17784, -2.21681, -5.35128, -0.97542, 4.16602, -4.46026, 0.56669, 4.80692, 13.19689, -8.08409, 4.53622, -6.74765, -4.30251, -1.71561, -3.59944, -3.48875, -8.79989, 0.07896]"
44,sub8,supLP120,3,sub8-c__0100__pushchair.npy,12,pushchair,12,0.99934226,1,"[0.87492, 0.6207, 3.35183, -1.29492, -6.53755, -2.17623, -4.84939, -0.81533, 3.62584, -4.91224, -0.03063, 5.50645, 13.3429, -7.77471, 4.50332, -6.76401, -3.67798, -2.36608, -3.65382, -4.20077, -8.37311, 0.286]"
44,sub8,supLP120,3,sub8-c__0101__pushchair.npy,12,pushchair,12,0.99940145,1,"[1.994, -0.67566, 2.48955, 0.74706, -5.19652, -2.43335, -6.07299, -0.42154, 3.37433, -4.17984, 0.41376, 4.5418, 12.69516, -6.43618, 3.85382, -7.05071, -5.1231, -3.03015, -3.44454, -5.36177, -7.3063, -0.31983]"
44,sub8,supLP120,3,sub8-c__0102__pushchair.npy,12,pushchair,12,0.99922764,1,"[0.0189, 0.64824, 4.12284, -1.40036, -6.80716, -2.20504, -4.60269, -0.47679, 3.76605, -4.97867, -0.17493, 5.91732, 13.46093, -8.0344, 4.07972, -6.32106, -3.73475, -1.70692, -3.80391, -3.50294, -8.48363, 0.52115]"
44,sub8,supLP120,3,sub8-c__0104__sit.npy,15,sit,15,0.9999896,1,"[0.06884, 1.29819, -1.11132, -2.84757, 4.09921, 0.53877, 4.88001, -1.14492, -3.59548, -3.99114, -5.88609, 1.77804, -2.86034, 1.79405, -4.23474, 18.01233, -0.66747, 3.09242, -2.99602, -0.07915, 6.12097, -2.43881]"
44,sub8,supLP120,3,sub8-c__0106__turnaround.npy,19,turnaround,19,0.99998,1,"[7.56303, 7.73609, 7.021, -5.06, -6.02886, 0.86134, 1.98347, -3.67966, 2.16606, -1.84726, -5.15456, -0.08467, -4.52303, -4.13153, 5.03476, 1.61872, -2.30062, 2.01564, 4.43691, 19.4536, 0.52501, -5.88003]"
44,sub8,supLP120,3,sub8-c__0107__sit.npy,15,sit,15,0.9999974,1,"[-1.78026, 1.88877, -2.5326, -2.8252, 5.70625, 0.36876, 5.75823, -0.07688, -3.70357, -4.4727, -5.20339, 0.71554, -3.1011, 2.89543, -4.57319, 20.09912, -2.15323, 2.21836, -3.1318, -1.79968, 6.54385, -2.01239]"
44,sub8,supLP120,3,sub8-c__0109__turnaround.npy,19,turnaround,19,0.9999672,1,"[8.67491, 8.01202, 5.28352, -2.79684, -3.60031, 0.11629, 2.45279, -4.63837, -0.03521, -0.76342, -4.6934, -2.72023, -5.89019, -1.54574, 4.23473, 3.20684, -2.15151, 1.34938, 2.18631, 19.4526, 2.19343, -5.70684]"
44,sub8,supLP120,3,sub8-c__0110__sit.npy,15,sit,15,0.9999945,1,"[-1.9661, 1.89276, -1.96685, -3.50669, 5.07374, -0.09625, 7.61222, -0.4306, -3.44304, -4.04841, -5.39682, 1.02935, -3.4779, 2.34333, -4.52819, 20.16578, -2.64738, 2.45103, -2.49898, -0.887, 6.87731, -1.71025]"
44,sub8,supLP120,3,sub8-c__0111__stand.npy,17,stand,17,0.9975503,1,"[-2.28251, -0.3943, 3.03387, 0.99599, -0.1564, 2.88358, 2.24458, 0.05154, -2.56291, -1.14405, -1.48338, 0.8596, -3.91543, 0.99896, -2.58632, 4.00544, -0.26833, 12.04789, -1.2, 2.83846, 5.65925, -4.69661]"
44,sub8,supLP120,3,sub8-c__0112__turnaround.npy,19,turnaround,19,0.99986136,1,"[8.70779, 7.7537, 5.23068, -4.79642, -3.2294, -0.26007, 2.93318, -3.5111, 0.22728, -1.01262, -3.08537, -1.85696, -5.29811, -1.74695, 2.40467, 3.20897, -2.3787, 1.93733, 3.53269, 17.95201, 2.92004, -4.52473]"
44,sub8,supLP120,3,sub8-c__0114__stand.npy,17,stand,17,0.99997723,1,"[-2.19593, 0.67687, 3.24296, 1.31737, -0.54625, 2.43514, 2.05215, -2.12646, -1.83029, -2.14064, -0.90725, 0.79361, -1.96031, -0.47891, 1.25221, 4.20711, 0.18472, 16.38131, 0.23046, 4.99582, 3.08825, -5.76066]"
44,sub8,supLP120,3,sub8-c__0115__turnaround.npy,19,turnaround,19,0.99998283,1,"[4.85872, 7.88524, 7.28155, -5.15465, -5.19929, 0.7972, 2.69989, -3.31393, 2.47552, -2.03823, -4.05377, -0.47461, -4.70354, -3.84089, 3.37981, 2.86698, -3.06053, 2.94803, 5.27597, 19.39725, 0.93713, -6.18596]"
44,sub8,supLP120,3,sub8-c__0116__sit.npy,15,sit,15,0.9999924,1,"[-1.33933, 2.19811, -1.49764, -3.27181, 4.72968, -0.21134, 6.85275, -0.341, -3.32657, -3.94837, -4.83923, 0.92252, -3.35213, 2.49628, -4.48437, 19.22607, -2.28461, 1.85064, -2.45625, -0.10732, 6.43336, -1.87414]"
44,sub8,supLP120,3,sub8-c__0117__stand.npy,17,stand,17,0.99993587,1,"[-2.61263, -0.42335, 3.32903, 3.17971, -0.44351, 4.06841, 1.78536, -0.53911, -2.59846, -1.63132, -2.31474, 1.59771, -2.86028, 0.03472, -0.78493, 3.42787, 0.81527, 15.42621, -0.69901, 2.71057, 4.99513, -6.44498]"
44,sub8,supLP120,3,sub8-c__0118__turnaround.npy,19,turnaround,19,0.9999877,1,"[6.30617, 8.95546, 7.97391, -5.04712, -5.89814, 0.88956, 1.93702, -3.72004, 3.05922, -2.45971, -4.81209, -1.23023, -4.85901, -3.65994, 4.05541, 2.27281, -2.77334, 2.82842, 4.86671, 20.64792, 0.484, -5.94618]"
44,sub8,supLP120,3,sub8-c__0119__sit.npy,15,sit,15,0.99998343,1,"[-1.61673, 1.32971, -1.28271, -2.73313, 4.80146, 0.10165, 6.34121, -0.09786, -3.65308, -3.66512, -5.07941, 1.31603, -3.40475, 2.35336, -4.54634, 18.62352, -2.09511, 2.75916, -3.05805, -0.80808, 7.17807, -1.88742]"
44,sub8,supLP120,3,sub8-c__0120__stand.npy,17,stand,17,0.9999776,1,"[-2.38032, -0.17564, 3.03707, 2.04227, -0.41728, 2.92582, 1.95711, -1.60353, -1.776, -2.22651, -1.33706, 1.54878, -1.55601, -0.31962, 0.25798, 3.71958, 0.5674, 15.97342, -0.213, 3.81517, 3.71936, -5.97007]"
44,sub8,supLP120,3,sub8-c__0121__turnaround.npy,19,turnaround,19,0.9999949,1,"[4.08481, 7.60051, 6.56498, -4.30449, -4.62786, 0.79668, 3.93864, -3.00614, 2.10354, -1.69286, -3.79239, -1.18976, -5.57007, -3.38225, 2.08171, 3.85562, -3.20535, 2.76839, 5.68519, 20.26026, 2.32503, -6.3818]"
44,sub8,supLP120,3,sub8-c__0122__squat.npy,16,squat,16,0.99790776,1,"[-1.23362, 7.53562, -9.36626, -2.96982, -3.18597, -0.29525, -4.08672, -1.05725, 1.16881, -2.31301, -1.66781, 5.24269, 1.05272, -5.98097, 4.18729, -6.44056, 13.83502, -7.74658, 0.26231, -5.1422, -7.13596, -2.56553]"
44,sub8,supLP120,3,sub8-c__0123__squat.npy,16,squat,16,0.99936837,1,"[0.13894, 6.00911, -9.26327, -2.56956, -3.47903, -0.36425, -4.14236, -0.28074, 0.59315, -2.37426, -2.78367, 6.03641, 1.3419, -5.33256, 3.86306, -6.45171, 14.1499, -8.53817, 0.26633, -6.23821, -5.92357, -2.11212]"
44,sub8,supLP120,3,sub8-c__0124__squat.npy,16,squat,16,0.98775893,1,"[-1.63332, 7.73802, -7.98496, -2.78336, -4.41055, 0.09862, -3.15903, -0.38768, 2.28992, -2.62907, -2.48448, 6.75821, 2.02681, -6.67469, 4.07916, -6.7435, 12.47254, -8.10751, 0.32305, -5.03534, -6.73168, -2.28198]"
44,sub8,supLP120,3,sub8-c__0126__squat.npy,16,squat,16,0.98469985,1,"[0.44101, 7.70411, -8.77973, -3.34122, -4.89699, 0.24087, -3.55488, -0.32021, 1.81778, -3.72005, -2.18603, 6.17511, 1.85116, -6.25489, 3.40977, -6.52895, 12.08223, -8.76922, -0.16216, -6.07909, -6.69593, -1.97358]"
44,sub8,supLP120,3,sub8-c__0127__squat.npy,16,squat,16,0.9946077,1,"[0.18581, 7.16265, -8.9717, -2.95163, -3.75419, 0.0055, -3.62958, -0.87004, 1.29012, -2.49502, -2.88758, 5.94412, 1.37385, -5.82771, 3.8979, -6.31243, 12.6747, -8.87356, -0.17064, -5.95949, -5.87061, -2.33783]"
44,sub8,supLP120,3,sub8-c__0128__pickup.npy,11,pickup,11,0.9682539,1,"[-0.95538, 1.58788, 2.40786, -1.34039, -4.12456, -2.13392, -0.37664, -1.07132, -0.05038, -2.56346, -2.04362, 11.68036, 8.25546, -5.38037, 1.88058, -3.9606, 0.62056, -3.20093, -3.02196, -2.5634, -3.2744, -2.60346]"
44,sub8,supLP120,3,sub8-c__0129__pickup.npy,11,pickup,11,0.9900371,1,"[-1.23965, 1.92924, 3.18794, -2.2833, -4.69067, -1.93645, 1.22804, -0.54792, -0.48059, -2.75239, -2.63974, 12.18127, 7.5604, -5.64394, 1.46973, -3.24234, 0.30182, -3.15855, -2.54677, -1.17406, -2.82735, -2.45572]"
44,sub8,supLP120,3,sub8-c__0130__pickup.npy,11,pickup,11,0.9938065,1,"[-0.91284, 1.51028, 3.11491, -2.38896, -4.55608, -2.00579, 1.60445, -0.51533, -0.61639, -2.83317, -2.86289, 12.1129, 6.99889, -5.522, 1.45623, -3.21614, 0.08824, -3.53811, -1.92109, -0.8969, -2.06763, -2.65543]"
44,sub8,supLP120,3,sub8-c__0131__pickup.npy,11,pickup,11,0.9698583,1,"[-1.24885, 1.43039, 4.6559, -2.48837, -4.80631, -1.90347, 0.8089, -1.22196, -0.7424, -2.94252, -1.52978, 12.007, 8.51159, -6.06668, 1.9362, -3.79313, -0.36157, -1.89447, -2.48765, -0.81009, -3.79566, -2.65947]"
44,sub8,supLP120,3,sub8-c__0134__pushchair.npy,12,pushchair,12,0.99380314,1,"[0.37359, 1.8407, 3.49788, -1.71946, -7.247, -2.3856, -4.29935, -1.49656, 3.59613, -3.76819, 0.68261, 6.47915, 11.88114, -7.82812, 5.13087, -6.94366, -2.18632, -2.42786, -3.47987, -3.3518, -8.82679, -0.67592]"
44,sub8,supLP120,3,sub8-c__0135__pushchair.npy,12,pushchair,12,0.99785787,1,"[0.84764, 1.01908, 2.62982, -0.89623, -6.63681, -2.44645, -5.20536, -1.42259, 3.75895, -3.60075, 1.06231, 5.84196, 12.5093, -7.72563, 5.13936, -7.30492, -2.71023, -2.72575, -3.62387, -4.14073, -8.82321, -0.41278]"
44,sub8,supLP120,3,sub8-c__0136__pushchair.npy,12,pushchair,12,0.9979272,1,"[1.42722, 0.14299, 2.72068, -0.53776, -6.38214, -2.32315, -5.47303, -1.18191, 3.4401, -3.66673, 0.73611, 5.7376, 12.48214, -7.5587, 5.20062, -7.32584, -3.06113, -2.7401, -3.71989, -4.37793, -8.61551, -0.19198]"
44,sub8,supLP120,3,sub8-c__0137__pushchair.npy,12,pushchair,12,0.99908674,1,"[1.51235, 0.18597, 2.64056, -1.55904, -7.13284, -1.67813, -5.04562, -1.03821, 3.89291, -4.75774, 0.49251, 5.3271, 13.34932, -8.74144, 5.68813, -7.06595, -3.62953, -2.3225, -3.45973, -4.181, -8.7973, -0.13538]"
44,sub8,supLP120,3,sub8-c__0138__pushchair.npy,12,pushchair,12,0.9985184,1,"[1.7234, -0.49114, 4.80049, -1.3578, -6.83091, -2.44082, -5.38223, -1.1244, 3.68904, -4.04612, 0.03959, 4.97277, 12.76671, -7.71983, 5.3215, -6.61344, -4.19255, -1.77193, -3.44444, -3.19644, -8.56061, 0.001]"
